fecha,semana_iso,corpus,diario,provincia,region,ciudad_origen,url_medio,titular
2026-06-19,2026-W25,provincial,EL DÍA,Buenos Aires,AMBA,La Plata,https://www.eldia.com,Sigue el recorte de GNC: más estaciones de La Plata limitaron su venta y se profundiza la crisis
2026-06-19,2026-W25,provincial,EL DÍA,Buenos Aires,AMBA,La Plata,https://www.eldia.com,"EL DÍA EN DALLAS. ""Empezamos bien y ojalá terminemos mejor"": Pato Fillol, en la previa de Argentina - Austria"
2026-06-19,2026-W25,provincial,EL DÍA,Buenos Aires,AMBA,La Plata,https://www.eldia.com,"En La Plata, más de mil estudiantes participaron del acto de Promesa de Lealtad a la Bandera"
2026-06-19,2026-W25,provincial,EL DÍA,Buenos Aires,AMBA,La Plata,https://www.eldia.com,"EL DÍA EN EE.UU. Mimar a Messi, la gran consigna para el banderazo que se acerca en Dallas"
2026-06-19,2026-W25,provincial,EL DÍA,Buenos Aires,AMBA,La Plata,https://www.eldia.com,Recrudece el conflicto entre IOMA y médicos platenses: fuertes acusaciones e intimación judicial
2026-06-19,2026-W25,provincial,EL DÍA,Buenos Aires,AMBA,La Plata,https://www.eldia.com,La polémica por la falsa muerte del padre de Messi llegó al Concejo de La Plata
2026-06-19,2026-W25,provincial,EL DÍA,Buenos Aires,AMBA,La Plata,https://www.eldia.com,Milei supo destrozar a Ravier en las redes sociales y ahora lo eligió como su nuevo vocero
2026-06-19,2026-W25,provincial,EL DÍA,Buenos Aires,AMBA,La Plata,https://www.eldia.com,"Paritarias de estatales bonaerenses: gremios pidieron formalmente reabrir ""urgente"" las negociaciones"
2026-06-19,2026-W25,provincial,EL DÍA,Buenos Aires,AMBA,La Plata,https://www.eldia.com,"Por el Grupo D, Estados Unidos venció a Australia por 2 a 0 y se clasificó a los 16avos de final"
2026-06-19,2026-W25,provincial,EL DÍA,Buenos Aires,AMBA,La Plata,https://www.eldia.com,"EL DÍA EN DALLAS. ""Me cayó la ficha que es lo último de Messi en mundiales cuando terminó el partido"""
2026-06-19,2026-W25,provincial,EL DÍA,Buenos Aires,AMBA,La Plata,https://www.eldia.com,"La mamá de Messi habló de Florencia Peña tras anunciar la falsa muerte: “Espero..."""
2026-06-19,2026-W25,provincial,EL DÍA,Buenos Aires,AMBA,La Plata,https://www.eldia.com,"La remera del Mundial de Raiders Jeans, a $20.000 y $15.000 para suscriptores de EL DIA"
2026-06-19,2026-W25,provincial,EL DÍA,Buenos Aires,AMBA,La Plata,https://www.eldia.com,"Póster de EL DIA | Messi leyenda eterna, el mundo a sus pies"
2026-06-19,2026-W25,provincial,EL DÍA,Buenos Aires,AMBA,La Plata,https://www.eldia.com,El color y la pasión en el comienzo de la Fecha 2
2026-06-19,2026-W25,provincial,EL DÍA,Buenos Aires,AMBA,La Plata,https://www.eldia.com,"Divididos, Cordera, tributos y más en La Plata: la agenda para el fin de semana"
2026-06-19,2026-W25,provincial,EL DÍA,Buenos Aires,AMBA,La Plata,https://www.eldia.com,"El plan ""antifisuras"" en La Plata encendió la polémica y desde Berazategui y Varela salieron al cruce"
2026-06-19,2026-W25,provincial,EL DÍA,Buenos Aires,AMBA,La Plata,https://www.eldia.com,IOMA: la causa por corrupción en la era Scioli entra en una etapa clave
2026-06-19,2026-W25,provincial,EL DÍA,Buenos Aires,AMBA,La Plata,https://www.eldia.com,Quedó detenido Pablo Torres Lacal luego de que quedara firme la condena por la muerte del hijo de Storani
2026-06-19,2026-W25,provincial,EL DÍA,Buenos Aires,AMBA,La Plata,https://www.eldia.com,Liquidaciones por el Día del Padre: los mejores regalos en Raiders y Vinería City Bell
2026-06-19,2026-W25,provincial,EL DÍA,Buenos Aires,AMBA,La Plata,https://www.eldia.com,"La Plata: engañaron a una jubilada, la ""llevaron al cajero"" y le sacaron varios millones"
2026-06-19,2026-W25,provincial,EL DÍA,Buenos Aires,AMBA,La Plata,https://www.eldia.com,La Provincia autorizó a que countries y barrios cerrados paguen el agua más cara: cómo afecta a La Plata
2026-06-19,2026-W25,provincial,EL DÍA,Buenos Aires,AMBA,La Plata,https://www.eldia.com,Taxistas de La Plata preparan una demanda por la falta de GNC en las estaciones de servicio
2026-06-19,2026-W25,provincial,EL DÍA,Buenos Aires,AMBA,La Plata,https://www.eldia.com,Oportunidades inmobiliarias en La Plata
2026-06-19,2026-W25,provincial,EL DÍA,Buenos Aires,AMBA,La Plata,https://www.eldia.com,EN VIVO - El streaming de La Redonda
2026-06-19,2026-W25,provincial,EL DÍA,Buenos Aires,AMBA,La Plata,https://www.eldia.com,Investigan una sospechosa muerte en una clínica de La Plata
2026-06-19,2026-W25,provincial,EL DÍA,Buenos Aires,AMBA,La Plata,https://www.eldia.com,Tensión en City Bell por un incendio en un tablero eléctrico: trabajaron los bomberos
2026-06-19,2026-W25,provincial,EL DÍA,Buenos Aires,AMBA,La Plata,https://www.eldia.com,"La ""Inversioneta"", el novedoso modo para aprender a invertir que ofrece el Banco Provincia"
2026-06-19,2026-W25,provincial,EL DÍA,Buenos Aires,AMBA,La Plata,https://www.eldia.com,"Otras dos estafas millonarias de “Pescadores digitales”: en el delito virtual, “siempre hay buen pique”"
2026-06-19,2026-W25,provincial,EL DÍA,Buenos Aires,AMBA,La Plata,https://www.eldia.com,"Tras las lluvias en La Plata, se viene un fin de semana con bajas temperaturas"
2026-06-19,2026-W25,provincial,EL DÍA,Buenos Aires,AMBA,La Plata,https://www.eldia.com,Se posterga la reunión clave para la firma del acuerdo entre Estados Unidos e Irán
2026-06-19,2026-W25,provincial,EL DÍA,Buenos Aires,AMBA,La Plata,https://www.eldia.com,Gran Concurso de EL DIA: nueva ganadora del álbum y las figus del Mundial 2026
2026-06-19,2026-W25,provincial,EL DÍA,Buenos Aires,AMBA,La Plata,https://www.eldia.com,"En La Plata, la construcción sigue en negativo y se suma la actividad inmobiliaria"
2026-06-19,2026-W25,provincial,EL DÍA,Buenos Aires,AMBA,La Plata,https://www.eldia.com,Por qué Argentina podría dejar de ser un mercado aislado y qué beneficios tendría
2026-06-19,2026-W25,provincial,EL DÍA,Buenos Aires,AMBA,La Plata,https://www.eldia.com,Milei y su mayor privatización: el Gobierno adjudicó la Hidrovía a la belga Jan de Nul
2026-06-19,2026-W25,provincial,EL DÍA,Buenos Aires,AMBA,La Plata,https://www.eldia.com,Reloj epigenético: la edad biológica le gana terreno a la que marca el DNI
2026-06-19,2026-W25,provincial,EL DÍA,Buenos Aires,AMBA,La Plata,https://www.eldia.com,Flor Peña volvió al escenario después de anunciar por error la muerte del padre de Messi: cómo la recibieron
2026-06-19,2026-W25,provincial,EL DÍA,Buenos Aires,AMBA,La Plata,https://www.eldia.com,"Occhiato dijo que ""es un error que puede pasar"" y que los atacaron porque ""todos envidian la comunidad"" de Luzu"
2026-06-19,2026-W25,provincial,EL DÍA,Buenos Aires,AMBA,La Plata,https://www.eldia.com,"Con la platense Mora Bianchi como protagonista, Margarita anunció el lanzamiento de su tercera temporada"
2026-06-19,2026-W25,provincial,EL DÍA,Buenos Aires,AMBA,La Plata,https://www.eldia.com,Del matrimonio a las citas compulsivas: las confesiones sexuales de Emily Ratajkowski
2026-06-19,2026-W25,provincial,EL DÍA,Buenos Aires,AMBA,La Plata,https://www.eldia.com,Luis Miguel: ¿Qué se sabe de la salud del cantante tras la supuesta cirugía del corazón?
2026-06-19,2026-W25,provincial,EL DÍA,Buenos Aires,AMBA,La Plata,https://www.eldia.com,Rumbo a Uruguay: cómo será la pretemporada de Estudiantes de cara al exigente segundo semestre
2026-06-19,2026-W25,provincial,EL DÍA,Buenos Aires,AMBA,La Plata,https://www.eldia.com,La hoja de ruta de Gimnasia para su gira en Rusia
2026-06-19,2026-W25,provincial,EL DÍA,Buenos Aires,AMBA,La Plata,https://www.eldia.com,Toco y me voy: quiénes son los dos jugadores de Estudiantes que vuelven para irse
2026-06-19,2026-W25,provincial,EL DÍA,Buenos Aires,AMBA,La Plata,https://www.eldia.com,"Steimbach, entre una salida consumada con Gimnasia y una negociación sin acuerdo"
2026-06-19,2026-W25,provincial,EL DÍA,Buenos Aires,AMBA,La Plata,https://www.eldia.com,Fernando Gago fue operado de urgencia por un problema cardiovascular: cómo se encuentra tras la intervención
2026-06-19,2026-W25,provincial,EL DÍA,Buenos Aires,AMBA,La Plata,https://www.eldia.com,Atravesar la crisis de los 30: entre seguir creciendo y no saber para qué
2026-06-19,2026-W25,provincial,EL DÍA,Buenos Aires,AMBA,La Plata,https://www.eldia.com,En City Bell un perro mordió a una mujer y no sería su primer ataque
2026-06-19,2026-W25,provincial,EL DÍA,Buenos Aires,AMBA,La Plata,https://www.eldia.com,Hacia una nueva praxis judicial
2026-06-19,2026-W25,provincial,EL DÍA,Buenos Aires,AMBA,La Plata,https://www.eldia.com,Limpiaba el patio de la casa y encontró un proyectil
2026-06-19,2026-W25,provincial,EL DÍA,Buenos Aires,AMBA,La Plata,https://www.eldia.com,Se viene el eclipse solar más largo del siglo: ¿cuándo será y cuánto durará?
2026-06-19,2026-W25,provincial,EN ORSAI,Buenos Aires,AMBA,Morón,https://www.enorsai.com.ar,"En Orsai • Noticias, Política y Economía Argentina • Conurbano Bonaerense"
2026-06-19,2026-W25,provincial,EN ORSAI,Buenos Aires,AMBA,Morón,https://www.enorsai.com.ar,"Alfredo Zaiat desnudó la letra chica del FMI: ""¿Quién pagará la deuda y qué hay detrás de las 'medidas pendientes'?"""
2026-06-19,2026-W25,provincial,EN ORSAI,Buenos Aires,AMBA,Morón,https://www.enorsai.com.ar,"Álvarez Agis desarmó el modelo oficial: ""Los ganadores que eligió el Gobierno no generan empleo"""
2026-06-19,2026-W25,provincial,EN ORSAI,Buenos Aires,AMBA,Morón,https://www.enorsai.com.ar,"Adrián Paenza alertó sobre el desembarco cripto-libertario: ""No me extrañaría que Peter Thiel venga a la Argentina para evadir"""
2026-06-19,2026-W25,provincial,EN ORSAI,Buenos Aires,AMBA,Morón,https://www.enorsai.com.ar,"La paranoia del Gobierno: ataques a la prensa, el aislamiento de Milei y el colapso de Adorni"
2026-06-19,2026-W25,provincial,EN ORSAI,Buenos Aires,AMBA,Morón,https://www.enorsai.com.ar,De la Casa Rosada a la estafa $Libra: Los oscuros vínculos que esconde la DDJJ de Adorni
2026-06-19,2026-W25,provincial,EN ORSAI,Buenos Aires,AMBA,Morón,https://www.enorsai.com.ar,Investigador del CONICET advierte que Milei destruye la industria más rápido que Menem y la dictadura
2026-06-19,2026-W25,provincial,EN ORSAI,Buenos Aires,AMBA,Morón,https://www.enorsai.com.ar,"Bercovich destapó la mentira de los ""18 meses espectaculares"" y alertó por una bomba de 6 millones de morosos"
2026-06-19,2026-W25,provincial,EN ORSAI,Buenos Aires,AMBA,Morón,https://www.enorsai.com.ar,"CAME exige frenar los embargos de ARCA y denuncia que la ""Inocencia Fiscal"" solo beneficia a los funcionarios"
2026-06-19,2026-W25,provincial,EN ORSAI,Buenos Aires,AMBA,Morón,https://www.enorsai.com.ar,"El fantasma de la reponderación: La inflación de mayo fue del 2,1% pero el INDEC oculta un impacto mayor en los servicios"
2026-06-19,2026-W25,provincial,EN ORSAI,Buenos Aires,AMBA,Morón,https://www.enorsai.com.ar,Alquilar sin intermediarios en CABA: ventajas y cuidados
2026-06-19,2026-W25,provincial,EN ORSAI,Buenos Aires,AMBA,Morón,https://www.enorsai.com.ar,Remate estratégico: El plan oficial para privatizar Nucleoeléctrica por USD 12 mil millones menos de su valor real
2026-06-19,2026-W25,provincial,EN ORSAI,Buenos Aires,AMBA,Morón,https://www.enorsai.com.ar,"Diego Genoud desnudó la trama de los funcionarios beneficiados por la ""Inocencia Fiscal"" y el despertar de una fuerza plebeya"
2026-06-19,2026-W25,provincial,EN ORSAI,Buenos Aires,AMBA,Morón,https://www.enorsai.com.ar,"Hugo Alconada Mon reveló que la esposa de Manuel Adorni entró a la ""Inocencia Fiscal"" para no explicar sus gastos millonarios"
2026-06-19,2026-W25,provincial,EN ORSAI,Buenos Aires,AMBA,Morón,https://www.enorsai.com.ar,El camino después del Veraz: ¿Dónde conseguir financiamiento cuando los números no ayudan?
2026-06-19,2026-W25,provincial,EN ORSAI,Buenos Aires,AMBA,Morón,https://www.enorsai.com.ar,"Gustavo Córdoba desnudó el quiebre del humor social: ""El Gobierno perdió el control de la agenda y el relato ya no tapa el ajuste"""
2026-06-19,2026-W25,provincial,EN ORSAI,Buenos Aires,AMBA,Morón,https://www.enorsai.com.ar,"Martín Redrado demolió la ""teoría del derrame"" de Milei y alertó que la morosidad bancaria se cuadruplicó por la crisis"
2026-06-19,2026-W25,provincial,EN ORSAI,Buenos Aires,AMBA,Morón,https://www.enorsai.com.ar,El relato libertario choca contra la realidad: Juan Courel desnudó el verdadero impacto del ajuste en la opinión pública
2026-06-19,2026-W25,provincial,EN ORSAI,Buenos Aires,AMBA,Morón,https://www.enorsai.com.ar,Monotributo 2026: Ya rigen las nuevas escalas obligatorias de AFIP y así quedan los topes de facturación por categoría
2026-06-19,2026-W25,provincial,EN ORSAI,Buenos Aires,AMBA,Morón,https://www.enorsai.com.ar,"Qué es la ""inocencia fiscal"": La trampa oculta en el blanqueo de Milei para garantizar la impunidad de los grandes empresarios"
2026-06-19,2026-W25,provincial,EN ORSAI,Buenos Aires,AMBA,Morón,https://www.enorsai.com.ar,Colegios privados 2026: Cómo detectar aumentos ilegales en las cuotas y dónde denunciar abusos
2026-06-19,2026-W25,provincial,EN ORSAI,Buenos Aires,AMBA,Morón,https://www.enorsai.com.ar,Aumentos en prepagas 2026: Cómo frenar los copagos indebidos y defender tus prestaciones de salud
2026-06-19,2026-W25,provincial,EN ORSAI,Buenos Aires,AMBA,Morón,https://www.enorsai.com.ar,Alerta Monotributo y Pymes: Cómo evitar las nuevas multas de AFIP y los cargos fantasmas en la cuenta corriente
2026-06-19,2026-W25,provincial,EN ORSAI,Buenos Aires,AMBA,Morón,https://www.enorsai.com.ar,"Raúl Timerman anticipó el límite social del modelo libertario y advirtió sobre la sustentabilidad de Milei: ""No llega"""
2026-06-19,2026-W25,provincial,EN ORSAI,Buenos Aires,AMBA,Morón,https://www.enorsai.com.ar,"""Esto es una tragedia macroeconómica"": El demoledor diagnóstico de Emmanuel Álvarez Agis sobre el plan de Milei y Caputo"
2026-06-19,2026-W25,provincial,EN ORSAI,Buenos Aires,AMBA,Morón,https://www.enorsai.com.ar,El laberinto de Milei y Caputo: Alfredo Zaiat y Pablo Ibáñez desnudaron la encerrona del modelo libertario
2026-06-19,2026-W25,provincial,EN ORSAI,Buenos Aires,AMBA,Morón,https://www.enorsai.com.ar,Jorge Asís desnudó la trastienda de La Libertad Avanza: “La interna actual es por las cajas”
2026-06-19,2026-W25,provincial,EN ORSAI,Buenos Aires,AMBA,Morón,https://www.enorsai.com.ar,El gobierno de Milei ya es otro gobierno: los ejes del contundente editorial de Carlos Pagni
2026-06-19,2026-W25,provincial,EN ORSAI,Buenos Aires,AMBA,Morón,https://www.enorsai.com.ar,Alfredo Zaiat desnudó el documento del FMI: El Fondo advierte por la recesión y le baja el pulgar al plan de Milei
2026-06-19,2026-W25,provincial,EN ORSAI,Buenos Aires,AMBA,Morón,https://www.enorsai.com.ar,La trampa del RIGI: Alejandro Bercovich desnudó el esquema de megaganancias corporativas y más impuestos para el pueblo
2026-06-19,2026-W25,provincial,EN ORSAI,Buenos Aires,AMBA,Morón,https://www.enorsai.com.ar,"El ""Cuento de las tías"": Adorni acorralado por su patrimonio y el trasfondo de la política de Estado en YPF"
2026-06-19,2026-W25,provincial,EN ORSAI,Buenos Aires,AMBA,Morón,https://www.enorsai.com.ar,"El desafío de Villarruel, el blindaje de Milei a Adorni y la crisis de la basura en CABA"
2026-06-19,2026-W25,provincial,EN ORSAI,Buenos Aires,AMBA,Morón,https://www.enorsai.com.ar,"Melconian fulminó el esquema económico de Milei: ""Es un plan de supervivencia, no de estabilidad"""
2026-06-19,2026-W25,provincial,EN ORSAI,Buenos Aires,AMBA,Morón,https://www.enorsai.com.ar,Mayra Mendoza: “Si Evita estuviera entre nosotras militaría por la libertad de Cristina”
2026-06-19,2026-W25,provincial,EN ORSAI,Buenos Aires,AMBA,Morón,https://www.enorsai.com.ar,Declaración Jurada de Manuel Adorni: La investigación de Alconada Mon sobre bienes omitidos
2026-06-19,2026-W25,provincial,EN ORSAI,Buenos Aires,AMBA,Morón,https://www.enorsai.com.ar,El fin de la luna de miel: Tenembaum revela encuestas con más del 60% de imagen negativa para Milei
2026-06-19,2026-W25,provincial,EN ORSAI,Buenos Aires,AMBA,Morón,https://www.enorsai.com.ar,Plataformas digitales que ofrecen cuotas para deportes emergentes como las artes marciales mixtas
2026-06-19,2026-W25,provincial,EN ORSAI,Buenos Aires,AMBA,Morón,https://www.enorsai.com.ar,El fracaso del modelo Milei: Hasta Cavallo advierte que Caputo no tiene plan y el riesgo país no baja
2026-06-19,2026-W25,provincial,EN ORSAI,Buenos Aires,AMBA,Morón,https://www.enorsai.com.ar,"Álvarez Agis advierte sobre el plan de Milei para YPF: ""Es un retiro del Estado que pagarán las provincias"""
2026-06-19,2026-W25,provincial,EN ORSAI,Buenos Aires,AMBA,Morón,https://www.enorsai.com.ar,"Alfredo Zaiat explica por qué el modelo de Milei entró en un tobogán: el atraso cambiario destruye la industria, los dólares se van ""por la canaleta"" del ahorro y el FMI le soltó la mano."
2026-06-19,2026-W25,provincial,EN ORSAI,Buenos Aires,AMBA,Morón,https://www.enorsai.com.ar,DESTACADOS ANÁLISIS ECONÓMICO El laberinto de Milei y Caputo: Alfredo Zaiat y Pablo Ibáñez desnudaron la encerrona del modelo libertario
2026-06-19,2026-W25,provincial,EN ORSAI,Buenos Aires,AMBA,Morón,https://www.enorsai.com.ar,RADIOGRAFÍA DEL PODER Jorge Asís desnudó la trastienda de La Libertad Avanza: “La interna actual es por las cajas” ANÁLISIS POLÍTICO El gobierno de Milei ya es otro gobierno: los ejes del contundente editorial de Carlos Pagni
2026-06-19,2026-W25,provincial,EN ORSAI,Buenos Aires,AMBA,Morón,https://www.enorsai.com.ar,INFORME Alfredo Zaiat desnudó el documento del FMI: El Fondo advierte por la recesión y le baja el pulgar al plan de Milei ECONOMÍA La trampa del RIGI: Alejandro Bercovich desnudó el esquema de megaganancias corporativas y más impuestos para el pueblo
2026-06-19,2026-W25,provincial,EN ORSAI,Buenos Aires,AMBA,Morón,https://www.enorsai.com.ar,"CORRUPCIÓN ARGENTINA El ""Cuento de las tías"": Adorni acorralado por su patrimonio y el trasfondo de la política de Estado en YPF INTERNAS Y CAUSAS JUDICIALES El desafío de Villarruel, el blindaje de Milei a Adorni y la crisis de la basura en CABA"
2026-06-19,2026-W25,provincial,EN ORSAI,Buenos Aires,AMBA,Morón,https://www.enorsai.com.ar,"ECONOMÍA Melconian fulminó el esquema económico de Milei: ""Es un plan de supervivencia, no de estabilidad"" HOMENAJE A EVA PERÓN Mayra Mendoza: “Si Evita estuviera entre nosotras militaría por la libertad de Cristina”"
2026-06-19,2026-W25,provincial,EN ORSAI,Buenos Aires,AMBA,Morón,https://www.enorsai.com.ar,DATOS DUROS Declaración Jurada de Manuel Adorni: La investigación de Alconada Mon sobre bienes omitidos DATOS DUROS El fin de la luna de miel: Tenembaum revela encuestas con más del 60% de imagen negativa para Milei
2026-06-19,2026-W25,provincial,EN ORSAI,Buenos Aires,AMBA,Morón,https://www.enorsai.com.ar,DATOS Plataformas digitales que ofrecen cuotas para deportes emergentes como las artes marciales mixtas ECONOMÍA ARGENTINA El fracaso del modelo Milei: Hasta Cavallo advierte que Caputo no tiene plan y el riesgo país no baja
2026-06-19,2026-W25,provincial,5 DÍAS,Buenos Aires,AMBA,Quilmes,https://www.diario5dias.com.ar,Grooming en Quilmes: advierten sobre el aumento de los riesgos para chicos y adolescentes en redes sociales
2026-06-19,2026-W25,provincial,5 DÍAS,Buenos Aires,AMBA,Quilmes,https://www.diario5dias.com.ar,ACTUALIDAD Leer +
2026-06-19,2026-W25,provincial,5 DÍAS,Buenos Aires,AMBA,Quilmes,https://www.diario5dias.com.ar,"Claudio Denovitzer, presidente del paseo Comercial: ""Quilmes está cerca de un récord de locales vacíos en el centro"""
2026-06-19,2026-W25,provincial,5 DÍAS,Buenos Aires,AMBA,Quilmes,https://www.diario5dias.com.ar,A 400 metros de la cancha de Quilmes: abren consulta pública para avalar a una empresa que recicla tambores industriales
2026-06-19,2026-W25,provincial,5 DÍAS,Buenos Aires,AMBA,Quilmes,https://www.diario5dias.com.ar,La crisis económica en Quilmes: crece la cantidad de locales vacíos y en alquiler en pleno centro comercial
2026-06-19,2026-W25,provincial,5 DÍAS,Buenos Aires,AMBA,Quilmes,https://www.diario5dias.com.ar,Avanza la última etapa de obras para completar la pavimentación total del barrio Kolynos de Quilmes Oeste
2026-06-19,2026-W25,provincial,5 DÍAS,Buenos Aires,AMBA,Quilmes,https://www.diario5dias.com.ar,Justicia de Quilmes: Lo condenaron a 8 años de prisión y lo detuvieron por abusar de una chica de 13 años
2026-06-19,2026-W25,provincial,5 DÍAS,Buenos Aires,AMBA,Quilmes,https://www.diario5dias.com.ar,Bernal Oeste: un hombre sufrió graves quemaduras tras el incendio total de una vivienda precaria
2026-06-19,2026-W25,provincial,5 DÍAS,Buenos Aires,AMBA,Quilmes,https://www.diario5dias.com.ar,BERAZATEGUI leer +
2026-06-19,2026-W25,provincial,5 DÍAS,Buenos Aires,AMBA,Quilmes,https://www.diario5dias.com.ar,"La Sociedad de Fomento Plátanos cumple 70 años y celebra una historia de lucha, solidaridad y conquistas vecinales"
2026-06-19,2026-W25,provincial,5 DÍAS,Buenos Aires,AMBA,Quilmes,https://www.diario5dias.com.ar,Berazategui: Balor y Flavia Terigi recorrieron la futura Técnica 7
2026-06-19,2026-W25,provincial,5 DÍAS,Buenos Aires,AMBA,Quilmes,https://www.diario5dias.com.ar,Pescadores desparecidos: Familiares piden extender la búsqueda hacia la zona de Mar del Plata
2026-06-19,2026-W25,provincial,5 DÍAS,Buenos Aires,AMBA,Quilmes,https://www.diario5dias.com.ar,El documental “La maldición del Sauce” se estrena en el Club Mitre de Quilmes
2026-06-19,2026-W25,provincial,5 DÍAS,Buenos Aires,AMBA,Quilmes,https://www.diario5dias.com.ar,Quilmes: 15 años de cárcel para padrastro que embarazó a una nena de 12 años
2026-06-19,2026-W25,provincial,5 DÍAS,Buenos Aires,AMBA,Quilmes,https://www.diario5dias.com.ar,Rotary Club Ezpeleta entregó ropa y zapatillas nuevas a instituciones que ayudan a personas vulnerables
2026-06-19,2026-W25,provincial,5 DÍAS,Buenos Aires,AMBA,Quilmes,https://www.diario5dias.com.ar,PROVINCIA leer +
2026-06-19,2026-W25,provincial,5 DÍAS,Buenos Aires,AMBA,Quilmes,https://www.diario5dias.com.ar,Avanza el cuarto carril en la Autopista Buenos Aires-La Plata: cómo impactará en Quilmes y Berazategui
2026-06-19,2026-W25,provincial,5 DÍAS,Buenos Aires,AMBA,Quilmes,https://www.diario5dias.com.ar,La Provincia destinará $150 millones a la UNQ para la producción y distribución del programa “Súper Sopa” en barrios populares
2026-06-19,2026-W25,provincial,5 DÍAS,Buenos Aires,AMBA,Quilmes,https://www.diario5dias.com.ar,Álbumes del Mundial de contrabando desde Brasil y allanamientos en Lanús: Una causa millonaria
2026-06-19,2026-W25,provincial,5 DÍAS,Buenos Aires,AMBA,Quilmes,https://www.diario5dias.com.ar,Quilmes Oeste: organizan un locro solidario por el 20 de junio para colaborar con los Bomberos Voluntarios
2026-06-19,2026-W25,provincial,5 DÍAS,Buenos Aires,AMBA,Quilmes,https://www.diario5dias.com.ar,Primera B: Julián Beligoy será el árbitro del partido entre Brown y Argentino de Quilmes
2026-06-19,2026-W25,provincial,5 DÍAS,Buenos Aires,AMBA,Quilmes,https://www.diario5dias.com.ar,Primera Nacional: designaron a los árbitros y Quilmes ya conoce quién dirigirá ante Colegiales
2026-06-19,2026-W25,provincial,5 DÍAS,Buenos Aires,AMBA,Quilmes,https://www.diario5dias.com.ar,"Tras un llamado fallido, el Hospital de Quilmes relanza una licitación por casi $264 millones para una nueva red informática"
2026-06-19,2026-W25,provincial,5 DÍAS,Buenos Aires,AMBA,Quilmes,https://www.diario5dias.com.ar,Barrios privados: ahora la Provincia podrá cobrar por el agua aunque no haya datos declarados
2026-06-19,2026-W25,provincial,5 DÍAS,Buenos Aires,AMBA,Quilmes,https://www.diario5dias.com.ar,Localizaron el auto de una banda y detuvieron a un hombre que lo había descartado en Quilmes Oeste
2026-06-19,2026-W25,provincial,5 DÍAS,Buenos Aires,AMBA,Quilmes,https://www.diario5dias.com.ar,La crisis económica en Quilmes: crece la cantidad de locales vacíos y en alquiler en pleno centro comercial La crisis económica y la fuerte caída del consumo comienzan a reflejarse cada vez con mayor claridad en el paisaje urbano del centro de Quilmes. Leer más
2026-06-19,2026-W25,provincial,5 DÍAS,Buenos Aires,AMBA,Quilmes,https://www.diario5dias.com.ar,Bernal Oeste: un hombre sufrió graves quemaduras tras el incendio total de una vivienda precaria Un hombre mayor de edad resultó gravemente herido este miércoles luego de que se desatara un incendio que consumió por completo una vivienda de construcción precaria en Bernal Oeste. Leer más
2026-06-19,2026-W25,provincial,5 DÍAS,Buenos Aires,AMBA,Quilmes,https://www.diario5dias.com.ar,Berazategui: Balor y Flavia Terigi recorrieron la futura Técnica 7 La obra educativa beneficiará a jóvenes de Hudson y zonas aledañas Leer más
2026-06-19,2026-W25,provincial,5 DÍAS,Buenos Aires,AMBA,Quilmes,https://www.diario5dias.com.ar,"Pescadores desparecidos: Familiares piden extender la búsqueda hacia la zona de Mar del Plata Este miércoles por la tarde-noche, los familiares de las víctimas solicitaron ampliar el rastreo hacia la zona de Mar del Plata. Leer más"
2026-06-19,2026-W25,provincial,5 DÍAS,Buenos Aires,AMBA,Quilmes,https://www.diario5dias.com.ar,El documental “La maldición del Sauce” se estrena en el Club Mitre de Quilmes El mal del sauce es un mito popular entre ribereños. Cuenta la leyenda que quienes sufren esta maldición no pueden despegarse de su territorio porque el río los hipnotiza y no los deja ir. Leer más
2026-06-19,2026-W25,provincial,5 DÍAS,Buenos Aires,AMBA,Quilmes,https://www.diario5dias.com.ar,"Quilmes: 15 años de cárcel para padrastro que embarazó a una nena de 12 años Un hombre que abusó de su hijastra y la dejó embarazada cuando la niña tenía 12 años, fue condenado por la Justicia de Quilmes a 15 años de prisión. Leer más"
2026-06-19,2026-W25,provincial,5 DÍAS,Buenos Aires,AMBA,Quilmes,https://www.diario5dias.com.ar,"Álbumes del Mundial de contrabando desde Brasil y allanamientos en Lanús: Una causa millonaria La investigación se inició a fines de mayo, en medio de una creciente demanda por los productos vinculados al Mundial 2026. Leer más"
2026-06-19,2026-W25,provincial,LA VOZ DEL INTERIOR,Córdoba,Centro,Córdoba,https://www.lavoz.com.ar,"El Pulso de Mundial. Kansas City ya extraña a los argentinos, pero sueña con recibirlos de nuevo"
2026-06-19,2026-W25,provincial,LA VOZ DEL INTERIOR,Córdoba,Centro,Córdoba,https://www.lavoz.com.ar,🔴 EN JUEGO | Mundial 2026: Esocia y Marruecos se enfrentan en un partido decisivo por el Grupo C
2026-06-19,2026-W25,provincial,LA VOZ DEL INTERIOR,Córdoba,Centro,Córdoba,https://www.lavoz.com.ar,Grupo D. Estados Unidos le ganó 2-0 a Australia y se clasificó a los 16avos de final del Mundial
2026-06-19,2026-W25,provincial,LA VOZ DEL INTERIOR,Córdoba,Centro,Córdoba,https://www.lavoz.com.ar,La Voz en EE.UU. Selección Argentina: los cambios que analiza Scaloni para enfrentar a Austria en el Mundial 2026
2026-06-19,2026-W25,provincial,LA VOZ DEL INTERIOR,Córdoba,Centro,Córdoba,https://www.lavoz.com.ar,Reflexión. Aimar palpitó el duelo de Argentina ante Austria y destacó la virtud del DT campeón del mundo
2026-06-19,2026-W25,provincial,LA VOZ DEL INTERIOR,Córdoba,Centro,Córdoba,https://www.lavoz.com.ar,Ciudad de Córdoba. Negociaciones abiertas para evitar el paro en el transporte urbano el lunes
2026-06-19,2026-W25,provincial,LA VOZ DEL INTERIOR,Córdoba,Centro,Córdoba,https://www.lavoz.com.ar,Cambios. Milei reemplaza a Adorni como vocero para destrabar la comunicación del Gobierno
2026-06-19,2026-W25,provincial,LA VOZ DEL INTERIOR,Córdoba,Centro,Córdoba,https://www.lavoz.com.ar,"Gabinete. Quién es Adrián Ravier, el nuevo vocero presidencial de Javier Milei"
2026-06-19,2026-W25,provincial,LA VOZ DEL INTERIOR,Córdoba,Centro,Córdoba,https://www.lavoz.com.ar,"Juego ""online"". El lado B del Mundial: la adicción a las apuestas en su peor momento"
2026-06-19,2026-W25,provincial,LA VOZ DEL INTERIOR,Córdoba,Centro,Córdoba,https://www.lavoz.com.ar,"Caso Agostina. Soledad Andreani escuchó la acusación, negó los hechos, se abstuvo de declarar y volvió a la cárcel"
2026-06-19,2026-W25,provincial,LA VOZ DEL INTERIOR,Córdoba,Centro,Córdoba,https://www.lavoz.com.ar,Contundente. La familia Messi le reclamó a Feinmann más que a Flor Peña por revelar la salud de Jorge
2026-06-19,2026-W25,provincial,LA VOZ DEL INTERIOR,Córdoba,Centro,Córdoba,https://www.lavoz.com.ar,Argentina. Inflación: ¿junio puede traer una buena noticia?
2026-06-19,2026-W25,provincial,LA VOZ DEL INTERIOR,Córdoba,Centro,Córdoba,https://www.lavoz.com.ar,"Carnes y embutidos. Confirman 23 casos de triquinosis en Córdoba: investigan tres brotes, uno por el consumo de carne de jabalí"
2026-06-19,2026-W25,provincial,LA VOZ DEL INTERIOR,Córdoba,Centro,Córdoba,https://www.lavoz.com.ar,La trastienda. Milei reescribe los manuales de la política tradicional
2026-06-19,2026-W25,provincial,LA VOZ DEL INTERIOR,Córdoba,Centro,Córdoba,https://www.lavoz.com.ar,Más y menos. La economía espera por las palabras de Adorni y de Caputo
2026-06-19,2026-W25,provincial,LA VOZ DEL INTERIOR,Córdoba,Centro,Córdoba,https://www.lavoz.com.ar,¡Salud! Día del Padre: vinos para brindar en familia
2026-06-19,2026-W25,provincial,LA VOZ DEL INTERIOR,Córdoba,Centro,Córdoba,https://www.lavoz.com.ar,"Polémica. Diego Maradona, promotor de apuestas: ¿qué hacer con los restos digitales?"
2026-06-19,2026-W25,provincial,LA VOZ DEL INTERIOR,Córdoba,Centro,Córdoba,https://www.lavoz.com.ar,Cuentas claras Un salario cada vez más mínimo y menos vital
2026-06-19,2026-W25,provincial,LA VOZ DEL INTERIOR,Córdoba,Centro,Córdoba,https://www.lavoz.com.ar,Crisis política. Caso Adorni: el ultimátum silencioso de Patricia Bullrich a Milei
2026-06-19,2026-W25,provincial,LA VOZ DEL INTERIOR,Córdoba,Centro,Córdoba,https://www.lavoz.com.ar,La Voz En Vivo. China elimina 12.000 carreras universitarias por la inteligencia artificial: cuál es el pronóstico para Argentina
2026-06-19,2026-W25,provincial,LA VOZ DEL INTERIOR,Córdoba,Centro,Córdoba,https://www.lavoz.com.ar,Desde 25 mil pesos. Cuánto cuesta salir a celebrar en bares y restaurantes el Día del Padre
2026-06-19,2026-W25,provincial,LA VOZ DEL INTERIOR,Córdoba,Centro,Córdoba,https://www.lavoz.com.ar,Infraestructura. Se reanudaron los operativos nocturnos de colocación de vigas en el altonivel de avenida Vélez Sarsfield
2026-06-19,2026-W25,provincial,LA VOZ DEL INTERIOR,Córdoba,Centro,Córdoba,https://www.lavoz.com.ar,Ciencia. La articulación científico-asistencial gana terreno con la apertura de un nuevo espacio de investigación médica en Córdoba
2026-06-19,2026-W25,provincial,LA VOZ DEL INTERIOR,Córdoba,Centro,Córdoba,https://www.lavoz.com.ar,Finanzas. Cada vez más familias tienen problemas para pagar sus deudas
2026-06-19,2026-W25,provincial,LA VOZ DEL INTERIOR,Córdoba,Centro,Córdoba,https://www.lavoz.com.ar,"Niños ""tecno"". Del pelotero a la pantalla: ¿nuevas formas de festejar los cumpleaños infantiles?"
2026-06-19,2026-W25,provincial,LA VOZ DEL INTERIOR,Córdoba,Centro,Córdoba,https://www.lavoz.com.ar,"Medio Oriente. EE.UU. anunció una tregua entre Israel y Hezbollah, aunque se reportan nuevos bombardeos"
2026-06-19,2026-W25,provincial,LA VOZ DEL INTERIOR,Córdoba,Centro,Córdoba,https://www.lavoz.com.ar,"Videojuegos. Todo lo que hay que saber sobre GTA VI: cuándo sale, cuánto costará y qué novedades traerá"
2026-06-19,2026-W25,provincial,LA VOZ DEL INTERIOR,Córdoba,Centro,Córdoba,https://www.lavoz.com.ar,"Atención. Corte total en la ciudad de Córdoba: qué calles estarán afectadas, por cuánto tiempo y los desvíos"
2026-06-19,2026-W25,provincial,LA VOZ DEL INTERIOR,Córdoba,Centro,Córdoba,https://www.lavoz.com.ar,Narcomenudeo. Detuvieron a un joven en Córdoba por una causa vinculada a la venta de drogas
2026-06-19,2026-W25,provincial,LA VOZ DEL INTERIOR,Córdoba,Centro,Córdoba,https://www.lavoz.com.ar,"Más presión. Marra le reclamó a Milei la salida de Adorni: ""Este cambio es más grande que cualquiera de nosotros"""
2026-06-19,2026-W25,provincial,LA VOZ DEL INTERIOR,Córdoba,Centro,Córdoba,https://www.lavoz.com.ar,Dólar El dólar se desliza y los minoristas ya pagan $ 1.485
2026-06-19,2026-W25,provincial,LA VOZ DEL INTERIOR,Córdoba,Centro,Córdoba,https://www.lavoz.com.ar,Festejos en familia. Día del Hincha en Instituto Atlético Central Córdoba
2026-06-19,2026-W25,provincial,LA VOZ DEL INTERIOR,Córdoba,Centro,Córdoba,https://www.lavoz.com.ar,"La Voz En Vivo. Manuel Belgrano, el prócer que llegó rico y murió pobre en la función pública, según Felipe Pigna"
2026-06-19,2026-W25,provincial,LA VOZ DEL INTERIOR,Córdoba,Centro,Córdoba,https://www.lavoz.com.ar,"Justicia. Otro conductor enviado a juicio por dolo eventual en Córdoba: iba ebrio, fuerte, cruzó en rojo, chocó y mató"
2026-06-19,2026-W25,provincial,LA VOZ DEL INTERIOR,Córdoba,Centro,Córdoba,https://www.lavoz.com.ar,La Voz En Vivo. “El Gobierno llega dividido”: el análisis de Sergio Berensztein sobre el clima político del acto en Rosario
2026-06-19,2026-W25,provincial,LA VOZ DEL INTERIOR,Córdoba,Centro,Córdoba,https://www.lavoz.com.ar,"Anticipos. ""Súper El Niño"" en la mira: qué clima podría esperar Córdoba en los próximos meses"
2026-06-19,2026-W25,provincial,LA VOZ DEL INTERIOR,Córdoba,Centro,Córdoba,https://www.lavoz.com.ar,"Córdoba. ""Viudas negras"": condena pactada para dos chicas y un joven tras el crimen de un hombre en un asalto"
2026-06-19,2026-W25,provincial,LA VOZ DEL INTERIOR,Córdoba,Centro,Córdoba,https://www.lavoz.com.ar,Obras públicas. La bulevarización de San Juan paralizada: cruce entre la empresa que la ejecuta y el municipio
2026-06-19,2026-W25,provincial,LA VOZ DEL INTERIOR,Córdoba,Centro,Córdoba,https://www.lavoz.com.ar,"Medidas. Clausuraron ""Malibú Bar"" y ""Luzbelito"" por graves fallas de seguridad y reincidencia en infracciones"
2026-06-19,2026-W25,provincial,LA VOZ DEL INTERIOR,Córdoba,Centro,Córdoba,https://www.lavoz.com.ar,"Prevención. Operativo policial en Córdoba: 26 detenidos, armas secuestradas y 18 vehículos incautados"
2026-06-19,2026-W25,provincial,LA VOZ DEL INTERIOR,Córdoba,Centro,Córdoba,https://www.lavoz.com.ar,Material nuclear. Qué es el Cesio-137 robado en Rosario y por qué los expertos cordobeses descartan un peligro grave
2026-06-19,2026-W25,provincial,LA VOZ DEL INTERIOR,Córdoba,Centro,Córdoba,https://www.lavoz.com.ar,Buenos Aires. Piden enviar a juicio a la banda que extorsionaba a hombres e instigó el suicidio del soldado de la Quinta de Olivos
2026-06-19,2026-W25,provincial,LA VOZ DEL INTERIOR,Córdoba,Centro,Córdoba,https://www.lavoz.com.ar,Conflcito. Carlos Tevez le inició juicio a Independiente: qué reclama el exentrenador
2026-06-19,2026-W25,provincial,LA VOZ DEL INTERIOR,Córdoba,Centro,Córdoba,https://www.lavoz.com.ar,"""Ruso"". Cómo están las tratativas en Belgrano para renovar con Zielinski"
2026-06-19,2026-W25,provincial,LA VOZ DEL INTERIOR,Córdoba,Centro,Córdoba,https://www.lavoz.com.ar,Ex-Talleres. Matías Galarza Fonda rompió el silencio ante los rumores sobre su bajón emocional: Una barbaridad
2026-06-19,2026-W25,provincial,LA VOZ DEL INTERIOR,Córdoba,Centro,Córdoba,https://www.lavoz.com.ar,"Alta definición. Dogos XV frente a Pampas, la gran final del SRA: cómo llegan y cómo se define en caso de empate"
2026-06-19,2026-W25,provincial,LA VOZ DEL INTERIOR,Córdoba,Centro,Córdoba,https://www.lavoz.com.ar,El encuentro de La Mona Jiménez con Leo Messi: Sos un fenómeno
2026-06-19,2026-W25,provincial,LA VOZ DEL INTERIOR,Córdoba,Centro,Córdoba,https://www.lavoz.com.ar,Video. Tartu y una dura crítica: El streaming vive orgulloso de su ignorancia
2026-06-19,2026-W25,provincial,LA VOZ DEL INTERIOR,Córdoba,Centro,Córdoba,https://www.lavoz.com.ar,"Estreno. Comentario de Ojos extraños, una muy buena película de Singapur"
2026-06-19,2026-W25,provincial,LA VOZ DEL INTERIOR,Córdoba,Centro,Córdoba,https://www.lavoz.com.ar,Disculpas aceptadas. Yanina Latorre contó que Celia Messi perdonó a Flor Peña y reveló que Lionel y el plantel están golpeados
2026-06-19,2026-W25,provincial,EL DIARIO,Córdoba,Centro,Villa Carlos Paz,https://www.eldiariodecarlospaz.com.ar,Brutal agresión en Carlos Paz: Acorralaron y atacaron a golpes a dos inspectoras
2026-06-19,2026-W25,provincial,EL DIARIO,Córdoba,Centro,Villa Carlos Paz,https://www.eldiariodecarlospaz.com.ar,Detuvieron a dos mecheras tras un robo en un local del centro
2026-06-19,2026-W25,provincial,EL DIARIO,Córdoba,Centro,Villa Carlos Paz,https://www.eldiariodecarlospaz.com.ar,Se conoció qué originó la violenta agresión a inspectoras municipales
2026-06-19,2026-W25,provincial,EL DIARIO,Córdoba,Centro,Villa Carlos Paz,https://www.eldiariodecarlospaz.com.ar,Orgullo argentino: la Selección de básquet adaptado se consagró campeona del mundo
2026-06-19,2026-W25,provincial,EL DIARIO,Córdoba,Centro,Villa Carlos Paz,https://www.eldiariodecarlospaz.com.ar,Desapareció de un hospital y fue encontrado tras un operativo policial
2026-06-19,2026-W25,provincial,EL DIARIO,Córdoba,Centro,Villa Carlos Paz,https://www.eldiariodecarlospaz.com.ar,Hallan media tonelada de carne de faena clandestina en un establecimiento de Córdoba
2026-06-19,2026-W25,provincial,EL DIARIO,Córdoba,Centro,Villa Carlos Paz,https://www.eldiariodecarlospaz.com.ar,Designaron al reemplazante de Manuel Adorni como portavoz presidencial
2026-06-19,2026-W25,provincial,EL DIARIO,Córdoba,Centro,Villa Carlos Paz,https://www.eldiariodecarlospaz.com.ar,Más de mil canarios compitieron en Carlos Paz
2026-06-19,2026-W25,provincial,EL DIARIO,Córdoba,Centro,Villa Carlos Paz,https://www.eldiariodecarlospaz.com.ar,"Con emoción, 80 cadetes de la FPA juraron fidelidad a la Bandera"
2026-06-19,2026-W25,provincial,EL DIARIO,Córdoba,Centro,Villa Carlos Paz,https://www.eldiariodecarlospaz.com.ar,Córdoba promocionó su gastronomía en un importante festival internacional de Bogotá
2026-06-19,2026-W25,provincial,EL DIARIO,Córdoba,Centro,Villa Carlos Paz,https://www.eldiariodecarlospaz.com.ar,Destacan el trabajo de conservación de Ansenuza en un foro nacional de humedales
2026-06-19,2026-W25,provincial,EL DIARIO,Córdoba,Centro,Villa Carlos Paz,https://www.eldiariodecarlospaz.com.ar,Más de 500 jóvenes participan del Festival Mundial de Teatro Adolescente en Córdoba
2026-06-19,2026-W25,provincial,EL DIARIO,Córdoba,Centro,Villa Carlos Paz,https://www.eldiariodecarlospaz.com.ar,Cruz del Eje fue sede de una nueva capacitación para fortalecer Concejos Deliberantes
2026-06-19,2026-W25,provincial,EL DIARIO,Córdoba,Centro,Villa Carlos Paz,https://www.eldiariodecarlospaz.com.ar,La Legislatura homenajeó al maestro Hugo de la Vega por su trayectoria en la música coral
2026-06-19,2026-W25,provincial,EL DIARIO,Córdoba,Centro,Villa Carlos Paz,https://www.eldiariodecarlospaz.com.ar,Legislatura: analizan iniciativas para promover el aporte privado a la cultura
2026-06-19,2026-W25,provincial,EL DIARIO,Córdoba,Centro,Villa Carlos Paz,https://www.eldiariodecarlospaz.com.ar,Reconocieron a atletas destacados de Carlos Paz por sus logros deportivos
2026-06-19,2026-W25,provincial,EL DIARIO,Córdoba,Centro,Villa Carlos Paz,https://www.eldiariodecarlospaz.com.ar,Carlos Paz realizará el acto central y la promesa de lealtad de alumnos de cuarto grado
2026-06-19,2026-W25,provincial,EL DIARIO,Córdoba,Centro,Villa Carlos Paz,https://www.eldiariodecarlospaz.com.ar,Tanti se prepara para vivir la Feria de Emprendedores en Los Chañares
2026-06-19,2026-W25,provincial,EL DIARIO,Córdoba,Centro,Villa Carlos Paz,https://www.eldiariodecarlospaz.com.ar,"Juraron la bandera los cadetes de la Policía, el Servicio Penitenciario y la FPA"
2026-06-19,2026-W25,provincial,EL DIARIO,Córdoba,Centro,Villa Carlos Paz,https://www.eldiariodecarlospaz.com.ar,Milagro: Explotó un departamento y rescataron a un perro que quedó atrapado
2026-06-19,2026-W25,provincial,EL DIARIO,Córdoba,Centro,Villa Carlos Paz,https://www.eldiariodecarlospaz.com.ar,Soledad Andreani no quiso declarar en la causa por el crimen de Agostina Vega
2026-06-19,2026-W25,provincial,EL DIARIO,Córdoba,Centro,Villa Carlos Paz,https://www.eldiariodecarlospaz.com.ar,Punilla: murieron dos perros en un incendio que destruyó parte de una vivienda
2026-06-19,2026-W25,provincial,EL DIARIO,Córdoba,Centro,Villa Carlos Paz,https://www.eldiariodecarlospaz.com.ar,El mensaje de la mamá de Messi a Florencia Peña
2026-06-19,2026-W25,provincial,EL DIARIO,Córdoba,Centro,Villa Carlos Paz,https://www.eldiariodecarlospaz.com.ar,Córdoba presentó el modelo de conservación de Ansenuza en el Foro Nacional de Humedales
2026-06-19,2026-W25,provincial,EL DIARIO,Córdoba,Centro,Villa Carlos Paz,https://www.eldiariodecarlospaz.com.ar,Cronograma de pagos: quienes cobran este viernes
2026-06-19,2026-W25,provincial,EL DIARIO,Córdoba,Centro,Villa Carlos Paz,https://www.eldiariodecarlospaz.com.ar,"Dólar hoy: a cuánto cotizan el oficial, el blue y los financieros este viernes"
2026-06-19,2026-W25,provincial,EL DIARIO,Córdoba,Centro,Villa Carlos Paz,https://www.eldiariodecarlospaz.com.ar,Llega una jornada de ajedrez de alto nivel en Punilla
2026-06-19,2026-W25,provincial,EL DIARIO,Córdoba,Centro,Villa Carlos Paz,https://www.eldiariodecarlospaz.com.ar,Occhiato rompió el silencio tras el escándalo por la «fake news» de Jorge Messi
2026-06-19,2026-W25,provincial,EL DIARIO,Córdoba,Centro,Villa Carlos Paz,https://www.eldiariodecarlospaz.com.ar,Matadero clandestino: decomisaron más de 150 kilos de carne en Villa San Nicolás
2026-06-19,2026-W25,provincial,EL DIARIO,Córdoba,Centro,Villa Carlos Paz,https://www.eldiariodecarlospaz.com.ar,Carlos Paz: La familia de Diego Pérez vinculó al policía imputado con Ricardo Moreno
2026-06-19,2026-W25,provincial,EL DIARIO,Córdoba,Centro,Villa Carlos Paz,https://www.eldiariodecarlospaz.com.ar,UTHGRA logró la regularización salarial de trabajadores del Hotel Viña de Italia
2026-06-19,2026-W25,provincial,EL DIARIO,Córdoba,Centro,Villa Carlos Paz,https://www.eldiariodecarlospaz.com.ar,Confirmaron 23 casos de triquinosis en Córdoba y Malvinas Argentinas
2026-06-19,2026-W25,provincial,EL DIARIO,Córdoba,Centro,Villa Carlos Paz,https://www.eldiariodecarlospaz.com.ar,Policías reanimaron a una bebé de 6 meses que no tenía signos vitales
2026-06-19,2026-W25,provincial,EL DIARIO,Córdoba,Centro,Villa Carlos Paz,https://www.eldiariodecarlospaz.com.ar,Estudiantes de Valle Hermoso participaron de una jornada de siembra de árboles
2026-06-19,2026-W25,provincial,EL DIARIO,Córdoba,Centro,Villa Carlos Paz,https://www.eldiariodecarlospaz.com.ar,"Tragedia: Intentó esquivar un lomo de burro, cayó de su moto y murió"
2026-06-19,2026-W25,provincial,EL DIARIO,Córdoba,Centro,Villa Carlos Paz,https://www.eldiariodecarlospaz.com.ar,Capilla del Monte espera un intenso movimiento turístico con reservas cercanas al 75%
2026-06-19,2026-W25,provincial,EL DIARIO,Córdoba,Centro,Villa Carlos Paz,https://www.eldiariodecarlospaz.com.ar,Vecinos de Carlos Paz dijeron presente en una nueva acción solidaria de Fundación Luz
2026-06-19,2026-W25,provincial,EL DIARIO,Córdoba,Centro,Villa Carlos Paz,https://www.eldiariodecarlospaz.com.ar,Carlos Paz: dos calles pasarán a tener sentido único de circulación
2026-06-19,2026-W25,provincial,EL DIARIO,Córdoba,Centro,Villa Carlos Paz,https://www.eldiariodecarlospaz.com.ar,"Bialet Massé celebrará el 20 de Junio con un festival solidario, música y comidas típicas"
2026-06-19,2026-W25,provincial,EL DIARIO,Córdoba,Centro,Villa Carlos Paz,https://www.eldiariodecarlospaz.com.ar,Villa María: intensa búsqueda de una adolescente de 17 años desaparecida
2026-06-19,2026-W25,provincial,EL DIARIO,Córdoba,Centro,Villa Carlos Paz,https://www.eldiariodecarlospaz.com.ar,Córdoba crea un cuerpo de peritos médicos oficiales para juicios laborales
2026-06-19,2026-W25,provincial,EL DIARIO,Córdoba,Centro,Villa Carlos Paz,https://www.eldiariodecarlospaz.com.ar,Once penitenciarias irán a juicio acusadas de golpear y maltratar a dos internas en Bouwer
2026-06-19,2026-W25,provincial,EL DIARIO,Córdoba,Centro,Villa Carlos Paz,https://www.eldiariodecarlospaz.com.ar,La FPA realizó patrullajes preventivos en 11 ciudades de Córdoba
2026-06-19,2026-W25,provincial,EL DIARIO,Córdoba,Centro,Villa Carlos Paz,https://www.eldiariodecarlospaz.com.ar,Femicidio de Agostina Vega: indagan a la tercera detenida por encubrimiento
2026-06-19,2026-W25,provincial,EL DIARIO,Córdoba,Centro,Villa Carlos Paz,https://www.eldiariodecarlospaz.com.ar,"Cosquín lanzó la recta final para participar del concurso “El Buen Trato, Nuestro Derecho”"
2026-06-19,2026-W25,provincial,EL DIARIO,Córdoba,Centro,Villa Carlos Paz,https://www.eldiariodecarlospaz.com.ar,"Números de la suerte para hoy, 19 de junio de 2026"
2026-06-19,2026-W25,provincial,EL DIARIO,Córdoba,Centro,Villa Carlos Paz,https://www.eldiariodecarlospaz.com.ar,"Amor, dinero y trabajo según la astrología china"
2026-06-19,2026-W25,provincial,EL DIARIO,Córdoba,Centro,Villa Carlos Paz,https://www.eldiariodecarlospaz.com.ar,Horóscopo de hoy: las predicciones signo por signo para este viernes
2026-06-19,2026-W25,provincial,EL DIARIO,Córdoba,Centro,Villa Carlos Paz,https://www.eldiariodecarlospaz.com.ar,Misterio en Bialet Massé: hallaron un auto abandonado con pedido de secuestro
2026-06-19,2026-W25,provincial,EL DIARIO,Córdoba,Centro,Villa Carlos Paz,https://www.eldiariodecarlospaz.com.ar,Adiós al otoño: cuándo llega el frío extremo a Carlos Paz y Punilla
2026-06-19,2026-W25,provincial,EL DIARIO DEL CENTRO DEL PAÍS,Córdoba,Centro,Villa María,https://www.eldiariocba.com.ar,Una joven de 18 años fue ubicada tras una búsqueda iniciada en Villa María
2026-06-19,2026-W25,provincial,EL DIARIO DEL CENTRO DEL PAÍS,Córdoba,Centro,Villa María,https://www.eldiariocba.com.ar,Emotiva promesa a la Bandera reunió a más de 1.500 alumnos en Villa María
2026-06-19,2026-W25,provincial,EL DIARIO DEL CENTRO DEL PAÍS,Córdoba,Centro,Villa María,https://www.eldiariocba.com.ar,La emoción de niños de Villa Nueva al prometer lealtad a la Bandera Argentina
2026-06-19,2026-W25,provincial,EL DIARIO DEL CENTRO DEL PAÍS,Córdoba,Centro,Villa María,https://www.eldiariocba.com.ar,Alem y Alumni perdieron y la vuelta será sin público
2026-06-19,2026-W25,provincial,EL DIARIO DEL CENTRO DEL PAÍS,Córdoba,Centro,Villa María,https://www.eldiariocba.com.ar,"Lionel Messi y La Mona Jiménez, otra vez juntos"
2026-06-19,2026-W25,provincial,EL DIARIO DEL CENTRO DEL PAÍS,Córdoba,Centro,Villa María,https://www.eldiariocba.com.ar,Policías le salvaron la vida a una niña de 2 años durante un traslado de urgencia
2026-06-19,2026-W25,provincial,EL DIARIO DEL CENTRO DEL PAÍS,Córdoba,Centro,Villa María,https://www.eldiariocba.com.ar,Suiza ganó y se mete
2026-06-19,2026-W25,provincial,EL DIARIO DEL CENTRO DEL PAÍS,Córdoba,Centro,Villa María,https://www.eldiariocba.com.ar,Cantó y no lloró
2026-06-19,2026-W25,provincial,EL DIARIO DEL CENTRO DEL PAÍS,Córdoba,Centro,Villa María,https://www.eldiariocba.com.ar,Primera CLE con estudiantes
2026-06-19,2026-W25,provincial,EL DIARIO DEL CENTRO DEL PAÍS,Córdoba,Centro,Villa María,https://www.eldiariocba.com.ar,Una serie de apuntes sobre la salud mental
2026-06-19,2026-W25,provincial,EL DIARIO DEL CENTRO DEL PAÍS,Córdoba,Centro,Villa María,https://www.eldiariocba.com.ar,Murió por graves quemaduras al explotar el celular en el auto
2026-06-19,2026-W25,provincial,EL DIARIO DEL CENTRO DEL PAÍS,Córdoba,Centro,Villa María,https://www.eldiariocba.com.ar,"Agostina: al igual que Barrelier, Fassetta se abstuvo de declarar"
2026-06-19,2026-W25,provincial,EL DIARIO DEL CENTRO DEL PAÍS,Córdoba,Centro,Villa María,https://www.eldiariocba.com.ar,Alexis Elsener seguirá en La Unión
2026-06-19,2026-W25,provincial,EL DIARIO DEL CENTRO DEL PAÍS,Córdoba,Centro,Villa María,https://www.eldiariocba.com.ar,Delfina Juárez tuvo una buena experiencia
2026-06-19,2026-W25,provincial,EL DIARIO DEL CENTRO DEL PAÍS,Córdoba,Centro,Villa María,https://www.eldiariocba.com.ar,Sobresalieron en Córdoba
2026-06-19,2026-W25,provincial,EL DIARIO DEL CENTRO DEL PAÍS,Córdoba,Centro,Villa María,https://www.eldiariocba.com.ar,Con tres posibles cambios
2026-06-19,2026-W25,provincial,EL DIARIO DEL CENTRO DEL PAÍS,Córdoba,Centro,Villa María,https://www.eldiariocba.com.ar,Preocupa la salud del padre de Lionel Messi
2026-06-19,2026-W25,provincial,EL DIARIO DEL CENTRO DEL PAÍS,Córdoba,Centro,Villa María,https://www.eldiariocba.com.ar,Música para todo el “finde”
2026-06-19,2026-W25,provincial,EL DIARIO DEL CENTRO DEL PAÍS,Córdoba,Centro,Villa María,https://www.eldiariocba.com.ar,Chocobingo patrio
2026-06-19,2026-W25,provincial,EL DIARIO DEL CENTRO DEL PAÍS,Córdoba,Centro,Villa María,https://www.eldiariocba.com.ar,Las puestas en escena
2026-06-19,2026-W25,provincial,EL DIARIO DEL CENTRO DEL PAÍS,Córdoba,Centro,Villa María,https://www.eldiariocba.com.ar,En pantalla grande
2026-06-19,2026-W25,provincial,EL DIARIO DEL CENTRO DEL PAÍS,Córdoba,Centro,Villa María,https://www.eldiariocba.com.ar,Asfaltan dos tramos más
2026-06-19,2026-W25,provincial,EL DIARIO DEL CENTRO DEL PAÍS,Córdoba,Centro,Villa María,https://www.eldiariocba.com.ar,Viernes de teatro con talentos locales
2026-06-19,2026-W25,provincial,EL DIARIO DEL CENTRO DEL PAÍS,Córdoba,Centro,Villa María,https://www.eldiariocba.com.ar,Construirán un acueducto para fortalecer el desarrollo territorial
2026-06-19,2026-W25,provincial,EL DIARIO DEL CENTRO DEL PAÍS,Córdoba,Centro,Villa María,https://www.eldiariocba.com.ar,El fiscal Marijuan va por Francisco Adorni
2026-06-19,2026-W25,provincial,EL DIARIO DEL CENTRO DEL PAÍS,Córdoba,Centro,Villa María,https://www.eldiariocba.com.ar,La producción tuvo una caída interanual del 5%
2026-06-19,2026-W25,provincial,EL DIARIO DEL CENTRO DEL PAÍS,Córdoba,Centro,Villa María,https://www.eldiariocba.com.ar,Netanyahu no se resigna
2026-06-19,2026-W25,provincial,EL DIARIO DEL CENTRO DEL PAÍS,Córdoba,Centro,Villa María,https://www.eldiariocba.com.ar,Avisos Fúnebres 19/06/2026
2026-06-19,2026-W25,provincial,EL DIARIO DEL CENTRO DEL PAÍS,Córdoba,Centro,Villa María,https://www.eldiariocba.com.ar,Humor 19/06/2026
2026-06-19,2026-W25,provincial,EL DIARIO DEL CENTRO DEL PAÍS,Córdoba,Centro,Villa María,https://www.eldiariocba.com.ar,Una nena fracturada y otras cinco personas con lesiones
2026-06-19,2026-W25,provincial,EL DIARIO DEL CENTRO DEL PAÍS,Córdoba,Centro,Villa María,https://www.eldiariocba.com.ar,Cambios en el consumidor local
2026-06-19,2026-W25,provincial,EL DIARIO DEL CENTRO DEL PAÍS,Córdoba,Centro,Villa María,https://www.eldiariocba.com.ar,Mundial: los resultados de este jueves
2026-06-19,2026-W25,provincial,EL DIARIO DEL CENTRO DEL PAÍS,Córdoba,Centro,Villa María,https://www.eldiariocba.com.ar,La Tecnoteca celebró sus 15 años con una jornada especial para toda la familia
2026-06-19,2026-W25,provincial,EL DIARIO DEL CENTRO DEL PAÍS,Córdoba,Centro,Villa María,https://www.eldiariocba.com.ar,Habrá cortes de tránsito por el acto del Día de la Bandera
2026-06-19,2026-W25,provincial,EL DIARIO DEL CENTRO DEL PAÍS,Córdoba,Centro,Villa María,https://www.eldiariocba.com.ar,Estudiantes secundarios conformaron un espacio de participación para debatir problemáticas educativa
2026-06-19,2026-W25,provincial,EL DIARIO DEL CENTRO DEL PAÍS,Córdoba,Centro,Villa María,https://www.eldiariocba.com.ar,"Ramonda Motors presenta el SUV que ""no te vas a poder sacar de la cabeza"""
2026-06-19,2026-W25,provincial,EL DIARIO DEL CENTRO DEL PAÍS,Córdoba,Centro,Villa María,https://www.eldiariocba.com.ar,Realizaron mejoras en la señalización vial frente a la Escuela Dalmacio Vélez Sarsfield
2026-06-19,2026-W25,provincial,EL DIARIO DEL CENTRO DEL PAÍS,Córdoba,Centro,Villa María,https://www.eldiariocba.com.ar,La familia Messi informó que Jorge Messi atraviesa un problema de salud y pidió respeto por su privacidad
2026-06-19,2026-W25,provincial,EL DIARIO DEL CENTRO DEL PAÍS,Córdoba,Centro,Villa María,https://www.eldiariocba.com.ar,Un auto terminó sobre el cantero central en un choque por alcance
2026-06-19,2026-W25,provincial,EL DIARIO DEL CENTRO DEL PAÍS,Córdoba,Centro,Villa María,https://www.eldiariocba.com.ar,Un choque provocó lesiones en una chica que iba en bici
2026-06-19,2026-W25,provincial,EL DIARIO DEL CENTRO DEL PAÍS,Córdoba,Centro,Villa María,https://www.eldiariocba.com.ar,Madre agradece al personal del Pasteur por lo brindado a su hijo Nahuel
2026-06-19,2026-W25,provincial,EL DIARIO DEL CENTRO DEL PAÍS,Córdoba,Centro,Villa María,https://www.eldiariocba.com.ar,Cortan las cintas del nuevo predio deportivo de Las Playas
2026-06-19,2026-W25,provincial,EL DIARIO DEL CENTRO DEL PAÍS,Córdoba,Centro,Villa María,https://www.eldiariocba.com.ar,Avanzan tareas en el nuevo edificio policial y en la construcción del cuartel de Bomberos
2026-06-19,2026-W25,provincial,EL DIARIO DEL CENTRO DEL PAÍS,Córdoba,Centro,Villa María,https://www.eldiariocba.com.ar,Y llegaron los campeones en las zonas Centro y Sur
2026-06-19,2026-W25,provincial,EL DIARIO DEL CENTRO DEL PAÍS,Córdoba,Centro,Villa María,https://www.eldiariocba.com.ar,Todos los Vera en el podio
2026-06-19,2026-W25,provincial,EL DIARIO DEL CENTRO DEL PAÍS,Córdoba,Centro,Villa María,https://www.eldiariocba.com.ar,Reflexión sobre la violencia infantil
2026-06-19,2026-W25,provincial,EL DIARIO DEL CENTRO DEL PAÍS,Córdoba,Centro,Villa María,https://www.eldiariocba.com.ar,El abuelo de Lucio Dupuy habló de su lucha por las infancias
2026-06-19,2026-W25,provincial,EL DIARIO DEL CENTRO DEL PAÍS,Córdoba,Centro,Villa María,https://www.eldiariocba.com.ar,Se habilitó un contacto con IA para atender reclamos de servicios
2026-06-19,2026-W25,provincial,EL DIARIO DEL CENTRO DEL PAÍS,Córdoba,Centro,Villa María,https://www.eldiariocba.com.ar,Acompañamiento estatal
2026-06-19,2026-W25,provincial,EL DIARIO DEL CENTRO DEL PAÍS,Córdoba,Centro,Villa María,https://www.eldiariocba.com.ar,Judiciales van a una mesa de conciliación
2026-06-19,2026-W25,provincial,EL DIARIO,Entre Ríos,Centro,Entre rios,https://www.eldiario.com.ar,Últimas noticias
2026-06-19,2026-W25,provincial,EL DIARIO,Entre Ríos,Centro,Entre rios,https://www.eldiario.com.ar,Frigerio firmó un convenio con Nación que reconoce deudas a favor de Entre Ríos y transfiere inmuebles
2026-06-19,2026-W25,provincial,EL DIARIO,Entre Ríos,Centro,Entre rios,https://www.eldiario.com.ar,Paraná tendrá este fin de semana propuestas de ferias y mercados con motivo del Día de la Bandera
2026-06-19,2026-W25,provincial,EL DIARIO,Entre Ríos,Centro,Entre rios,https://www.eldiario.com.ar,Entre Ríos se destacó en convocatoria nacional para incorporar sistemas de almacenamiento de energía
2026-06-19,2026-W25,provincial,EL DIARIO,Entre Ríos,Centro,Entre rios,https://www.eldiario.com.ar,Entre Ríos recibirá un nuevo adelanto de coparticipación por 150.000 millones de pesos
2026-06-19,2026-W25,provincial,EL DIARIO,Entre Ríos,Centro,Entre rios,https://www.eldiario.com.ar,Frigerio anunció medidas de alivio energético e impositivo para el comercio entrerriano
2026-06-19,2026-W25,provincial,EL DIARIO,Entre Ríos,Centro,Entre rios,https://www.eldiario.com.ar,El Ejecutivo Municipal confirmó la fecha de pago del medio aguinaldo
2026-06-19,2026-W25,provincial,EL DIARIO,Entre Ríos,Centro,Entre rios,https://www.eldiario.com.ar,La denuncia que pone en jaque la contratación de 250 millones en Concordia
2026-06-19,2026-W25,provincial,EL DIARIO,Entre Ríos,Centro,Entre rios,https://www.eldiario.com.ar,Allanaron coto de caza en Gualeguaychu por trafico de ciervos colorados
2026-06-19,2026-W25,provincial,EL DIARIO,Entre Ríos,Centro,Entre rios,https://www.eldiario.com.ar,El temor que crece en Fadea: ¿se viene el cierre de la fábrica de aviones?
2026-06-19,2026-W25,provincial,EL DIARIO,Entre Ríos,Centro,Entre rios,https://www.eldiario.com.ar,Condenaron a 4 años al docente que abusó de nueve alumnos en Entre Ríos
2026-06-19,2026-W25,provincial,EL DIARIO,Entre Ríos,Centro,Entre rios,https://www.eldiario.com.ar,"Angustia en Concordia: buscan a Tatiana, la adolescente que desaparecio sin medicacion"
2026-06-19,2026-W25,provincial,EL DIARIO,Entre Ríos,Centro,Entre rios,https://www.eldiario.com.ar,Identificaron al joven hallado muerto en el arroyo Antoñico: preparan imputación
2026-06-19,2026-W25,provincial,EL DIARIO,Entre Ríos,Centro,Entre rios,https://www.eldiario.com.ar,Nuevo golpe al bolsillo: suben otra vez los peajes de la Ruta 14
2026-06-19,2026-W25,provincial,EL DIARIO,Entre Ríos,Centro,Entre rios,https://www.eldiario.com.ar,Pavimentacion de $2.664 millones: usan articulo de urgencia sin explicar por que
2026-06-19,2026-W25,provincial,EL DIARIO,Entre Ríos,Centro,Entre rios,https://www.eldiario.com.ar,Tragedia en La Paz: murió un adolescente tras chocar en moto contra camión
2026-06-19,2026-W25,provincial,EL DIARIO,Entre Ríos,Centro,Entre rios,https://www.eldiario.com.ar,"IAPSER pagó $29 millones por la camioneta de Walser, pero la bronca sigue"
2026-06-19,2026-W25,provincial,EL DIARIO,Entre Ríos,Centro,Entre rios,https://www.eldiario.com.ar,La feria que convierte a Paraná en el centro de los sabores del país
2026-06-19,2026-W25,provincial,EL DIARIO,Entre Ríos,Centro,Entre rios,https://www.eldiario.com.ar,El botín oculto del cardiólogo: 300 ampollas de fentanilo en plena estafa al PAMI
2026-06-19,2026-W25,provincial,EL DIARIO,Entre Ríos,Centro,Entre rios,https://www.eldiario.com.ar,Ciclista apuesta fuerte al recambio: los pibes que ilusionan en Parana
2026-06-19,2026-W25,provincial,EL DIARIO,Entre Ríos,Centro,Entre rios,https://www.eldiario.com.ar,"El dato que duele: Salto y Concordia, dos ciudades hermanas hundidas en la pobreza"
2026-06-19,2026-W25,provincial,EL DIARIO,Entre Ríos,Centro,Entre rios,https://www.eldiario.com.ar,Tragedia en La Paz: adolescente de 16 años murió sin casco en brutal choque
2026-06-19,2026-W25,provincial,EL DIARIO,Entre Ríos,Centro,Entre rios,https://www.eldiario.com.ar,Concordia renovó el Consejo de Patrimonio: los nombres que definirán el futuro
2026-06-19,2026-W25,provincial,EL DIARIO,Entre Ríos,Centro,Entre rios,https://www.eldiario.com.ar,La Lista Naranja se quedó con SOEVER: Colominas promete nueva etapa
2026-06-19,2026-W25,provincial,EL DIARIO,Entre Ríos,Centro,Entre rios,https://www.eldiario.com.ar,El rescate de las esculturas emblematicas de Parana que ya nadie miraba
2026-06-19,2026-W25,provincial,EL DIARIO,Entre Ríos,Centro,Entre rios,https://www.eldiario.com.ar,“Me quería matar”: la versión del acusado por el crimen del adolescente
2026-06-19,2026-W25,provincial,EL DIARIO,Entre Ríos,Centro,Entre rios,https://www.eldiario.com.ar,Otamendi revelo la formula para que Argentina repita en el Mundial 2026
2026-06-19,2026-W25,provincial,EL DIARIO,Entre Ríos,Centro,Entre rios,https://www.eldiario.com.ar,Concejal de Urdinarrain renunció por incompatibilidad con cargo en Escuelas
2026-06-19,2026-W25,provincial,EL DIARIO,Entre Ríos,Centro,Entre rios,https://www.eldiario.com.ar,El senador entrerriano que desnuda la verdad sobre el ajuste a jubilados
2026-06-19,2026-W25,provincial,EL DIARIO,Entre Ríos,Centro,Entre rios,https://www.eldiario.com.ar,Últimas noticias Todas
2026-06-19,2026-W25,provincial,ELONCE,Entre Ríos,Centro,Entre rios,https://www.elonce.com,Actos por el Día de la Bandera y promesa de lealtad: fotos de emotiva jornada en escuelas de Paraná
2026-06-19,2026-W25,provincial,ELONCE,Entre Ríos,Centro,Entre rios,https://www.elonce.com,Alumnos de la escuela República de Chile honraron la bandera argentina y destacaron su valor patrio
2026-06-19,2026-W25,provincial,ELONCE,Entre Ríos,Centro,Entre rios,https://www.elonce.com,El Niño podría asentarse en primavera y aumentar el riesgo de lluvias e inundaciones en Entre Ríos
2026-06-19,2026-W25,provincial,ELONCE,Entre Ríos,Centro,Entre rios,https://www.elonce.com,"Actos y conmemoración a la Bandera en escuelas Normal, Belgrano, Centenario, Reula, Gelabert y Benavento: Fotos"
2026-06-19,2026-W25,provincial,ELONCE,Entre Ríos,Centro,Entre rios,https://www.elonce.com,Confirmaron al árbitro para el partido entre Argentina y Austria
2026-06-19,2026-W25,provincial,ELONCE,Entre Ríos,Centro,Entre rios,https://www.elonce.com,Fotos de los actos de promesa de lealtad a la Bandera: emoción y sonrisas en escuelas de Paraná
2026-06-19,2026-W25,provincial,ELONCE,Entre Ríos,Centro,Entre rios,https://www.elonce.com,La Escuela Pérez Colman celebró el Día de la Bandera de Entre Ríos con alumnos y familias
2026-06-19,2026-W25,provincial,ELONCE,Entre Ríos,Centro,Entre rios,https://www.elonce.com,"Termas, naturaleza y gastronomía: Entre Ríos lanzó su oferta turística de invierno en Buenos Aires"
2026-06-19,2026-W25,provincial,ELONCE,Entre Ríos,Centro,Entre rios,https://www.elonce.com,Alumnos de la Escuela Zubiaur realizaron la promesa de lealtad a la bandera y homenajearon a veteranos de Malvinas
2026-06-19,2026-W25,provincial,ELONCE,Entre Ríos,Centro,Entre rios,https://www.elonce.com,Histórico: 2027 tendrá una semana de solo dos días hábiles y un descanso de cinco días
2026-06-19,2026-W25,provincial,ELONCE,Entre Ríos,Centro,Entre rios,https://www.elonce.com,"Con emoción, alumnos de escuela 25 de Mayo se preparan para la promesa de lealtad a la bandera"
2026-06-19,2026-W25,provincial,ELONCE,Entre Ríos,Centro,Entre rios,https://www.elonce.com,Entre Ríos promociona sus destinos turísticos para vacaciones de invierno en Capital Federal
2026-06-19,2026-W25,provincial,ELONCE,Entre Ríos,Centro,Entre rios,https://www.elonce.com,Extienden recorridos de la línea metropolitana 22 hasta Escuela Almafuerte para suplir la interrupción del tren
2026-06-19,2026-W25,provincial,ELONCE,Entre Ríos,Centro,Entre rios,https://www.elonce.com,Alumnos prometieron lealtad a la bandera en Escuela Normal de Paraná
2026-06-19,2026-W25,provincial,ELONCE,Entre Ríos,Centro,Entre rios,https://www.elonce.com,AUE de ANSES: confirmaron los montos de julio con aumento y el pago del Complemento Leche
2026-06-19,2026-W25,provincial,ELONCE,Entre Ríos,Centro,Entre rios,https://www.elonce.com,UPCN insistió con los cambios al proyecto de Reforma Previsional y alertó por la incertidumbre de trabajadores
2026-06-19,2026-W25,provincial,ELONCE,Entre Ríos,Centro,Entre rios,https://www.elonce.com,Alumnos de Escuela Casiano Calderón prometieron lealtad a la bandera en emotivo acto patrio
2026-06-19,2026-W25,provincial,ELONCE,Entre Ríos,Centro,Entre rios,https://www.elonce.com,Más de 2000 alumnos de Paraná prometerán lealtad a la bandera en plaza Mansilla
2026-06-19,2026-W25,provincial,ELONCE,Entre Ríos,Centro,Entre rios,https://www.elonce.com,"Paraná tendrá este fin de semana propuestas de ferias, mercados y gastronomía"
2026-06-19,2026-W25,provincial,ELONCE,Entre Ríos,Centro,Entre rios,https://www.elonce.com,"Prefectura frustró contrabando de jarabe y bebidas alcohólicas en el río Uruguay por más de $6,4 millones"
2026-06-19,2026-W25,provincial,ELONCE,Entre Ríos,Centro,Entre rios,https://www.elonce.com,Dos niños fueron atendidos en el Hospital Centenario tras intoxicarse en un cumpleaños con brownie de marihuana
2026-06-19,2026-W25,provincial,ELONCE,Entre Ríos,Centro,Entre rios,https://www.elonce.com,Operaron de urgencia a Fernando Gago por un problema cardiovascular
2026-06-19,2026-W25,provincial,ELONCE,Entre Ríos,Centro,Entre rios,https://www.elonce.com,Pensar Paraná: la historia de la Escuela Normal fue protagonista de una nueva jornada de reflexión ciudadana
2026-06-19,2026-W25,provincial,ELONCE,Entre Ríos,Centro,Entre rios,https://www.elonce.com,Alumnos de cuarto grado realizaron la Promesa de Lealtad a la Bandera en escuela de Paraná
2026-06-19,2026-W25,provincial,ELONCE,Entre Ríos,Centro,Entre rios,https://www.elonce.com,Adrián Ravier será el nuevo Vocero Presidencial
2026-06-19,2026-W25,provincial,ELONCE,Entre Ríos,Centro,Entre rios,https://www.elonce.com,El transporte urbano será gratuito para alumnos que prometan lealtad a la Bandera en Paraná
2026-06-19,2026-W25,provincial,ELONCE,Entre Ríos,Centro,Entre rios,https://www.elonce.com,Central hidroeléctrica construye un “ascensor” para peces en el río Paraná
2026-06-19,2026-W25,provincial,ELONCE,Entre Ríos,Centro,Entre rios,https://www.elonce.com,Flavio Valdéz destacó el crecimiento de la Licenciatura en Canto Popular durante una actividad en la Escuela Normal
2026-06-19,2026-W25,provincial,ELONCE,Entre Ríos,Centro,Entre rios,https://www.elonce.com,Día de la Bandera de Entre Ríos: por qué se celebra el 19 de junio
2026-06-19,2026-W25,provincial,ELONCE,Entre Ríos,Centro,Entre rios,https://www.elonce.com,Rogelio Frigerio selló con Caputo un acuerdo que incluye deudas e inmuebles del ex Procrear
2026-06-19,2026-W25,provincial,ELONCE,Entre Ríos,Centro,Entre rios,https://www.elonce.com,ARCA advirtió qué productos y dinero deben declararse al viajar al exterior
2026-06-19,2026-W25,provincial,ELONCE,Entre Ríos,Centro,Entre rios,https://www.elonce.com,Secuestraron más de 31.000 dólares y dos millones de pesos en un control vial en Santa Fe
2026-06-19,2026-W25,provincial,ELONCE,Entre Ríos,Centro,Entre rios,https://www.elonce.com,Messi entrenó en Kansas City tras los rumores sobre la salud de su padre
2026-06-19,2026-W25,provincial,ELONCE,Entre Ríos,Centro,Entre rios,https://www.elonce.com,El Mundial 2026 tuvo una fuerte imagen: la grave lesión de Ismael Koné
2026-06-19,2026-W25,provincial,ELONCE,Entre Ríos,Centro,Entre rios,https://www.elonce.com,"Boca acordó la llegada de Leandro Lozano, el primer refuerzo para Arruabarrena"
2026-06-19,2026-W25,provincial,ELONCE,Entre Ríos,Centro,Entre rios,https://www.elonce.com,Haciendo comunidad
2026-06-19,2026-W25,provincial,ELONCE,Entre Ríos,Centro,Entre rios,https://www.elonce.com,Fibrosis pulmonar: brindaron herramientas para acompañar a pacientes
2026-06-19,2026-W25,provincial,ELONCE,Entre Ríos,Centro,Entre rios,https://www.elonce.com,Concepción del Uruguay: invertirán $38 millones en una obra para una escuela integral
2026-06-19,2026-W25,provincial,ELONCE,Entre Ríos,Centro,Entre rios,https://www.elonce.com,UPCN amplía su oferta de capacitación con más de 14 propuestas vigentes
2026-06-19,2026-W25,provincial,ELONCE,Entre Ríos,Centro,Entre rios,https://www.elonce.com,Este sábado se realiza una nueva edición de la Feria Circular en el Juan L. Ortíz
2026-06-19,2026-W25,provincial,ELONCE,Entre Ríos,Centro,Entre rios,https://www.elonce.com,Promesa de Lealtad a la Bandera en la Escuela Normal de Paraná
2026-06-19,2026-W25,provincial,ELONCE,Entre Ríos,Centro,Entre rios,https://www.elonce.com,"“El ojo por ojo vale”, la reflexión de Sabrina Rojas sobre las infidelidades"
2026-06-19,2026-W25,provincial,ELONCE,Entre Ríos,Centro,Entre rios,https://www.elonce.com,Julieta Poggio encendió Miami con fotos en la playa y un guiño a la Selección
2026-06-19,2026-W25,provincial,ELONCE,Entre Ríos,Centro,Entre rios,https://www.elonce.com,Hakimi afrontará un juicio por violación mientras disputa el Mundial con Marruecos
2026-06-19,2026-W25,provincial,ELONCE,Entre Ríos,Centro,Entre rios,https://www.elonce.com,Juanita Tinelli negó la denuncia por violencia de género y apuntó contra la madre de su ex
2026-06-19,2026-W25,provincial,ELONCE,Entre Ríos,Centro,Entre rios,https://www.elonce.com,Panorama municipal
2026-06-19,2026-W25,provincial,ELONCE,Entre Ríos,Centro,Entre rios,https://www.elonce.com,La innovación al servicio de los vecinos: así transforma Paraná su gestión municipal
2026-06-19,2026-W25,provincial,ELONCE,Entre Ríos,Centro,Entre rios,https://www.elonce.com,Plan Calle a calle: la Municipalidad intervino con mejoras viales en barrio Santa Lucía
2026-06-19,2026-W25,provincial,ELONCE,Entre Ríos,Centro,Entre rios,https://www.elonce.com,El Gabinete Municipal analizó la puesta en marcha de TDI y los principales proyectos para el segundo semestre
2026-06-19,2026-W25,provincial,ELONCE,Entre Ríos,Centro,Entre rios,https://www.elonce.com,El Municipio invita a vivir una jornada especial en la renovada Plaza Primera Junta
2026-06-19,2026-W25,provincial,UNO ENTRE RÍOS,Entre Ríos,Centro,Entre rios,https://www.unoentrerios.com.ar,El Gobierno oficializó a Adrián Ravier como nuevo vocero presidencial
2026-06-19,2026-W25,provincial,UNO ENTRE RÍOS,Entre Ríos,Centro,Entre rios,https://www.unoentrerios.com.ar,Escándalo en Pueblo Brugo: acusaciones cruzadas entre el intendente agredido y el concejal
2026-06-19,2026-W25,provincial,UNO ENTRE RÍOS,Entre Ríos,Centro,Entre rios,https://www.unoentrerios.com.ar,La campaña Entre Ríos sede oficial del invierno copó Buenos Aires
2026-06-19,2026-W25,provincial,UNO ENTRE RÍOS,Entre Ríos,Centro,Entre rios,https://www.unoentrerios.com.ar,Línea 22: autorizan la extensión hasta la escuela Almafuerte
2026-06-19,2026-W25,provincial,UNO ENTRE RÍOS,Entre Ríos,Centro,Entre rios,https://www.unoentrerios.com.ar,El dólar sigue subiendo: cuánto fue la cotización este viernes
2026-06-19,2026-W25,provincial,UNO ENTRE RÍOS,Entre Ríos,Centro,Entre rios,https://www.unoentrerios.com.ar,Estados Unidos le ganó a Australia y está en 16avos de final del Mundial 2026
2026-06-19,2026-W25,provincial,UNO ENTRE RÍOS,Entre Ríos,Centro,Entre rios,https://www.unoentrerios.com.ar,Scaloni recupera soldados y define cambios para un duelo clave
2026-06-19,2026-W25,provincial,UNO ENTRE RÍOS,Entre Ríos,Centro,Entre rios,https://www.unoentrerios.com.ar,Boleto gratuito para estudiantes que participen de la promesa de lealtad a la bandera
2026-06-19,2026-W25,provincial,UNO ENTRE RÍOS,Entre Ríos,Centro,Entre rios,https://www.unoentrerios.com.ar,Clausuran planta láctea por contaminación de un arroyo
2026-06-19,2026-W25,provincial,UNO ENTRE RÍOS,Entre Ríos,Centro,Entre rios,https://www.unoentrerios.com.ar,La mujer que chocó y mató a Lautaro Meglio deberá cumplir prisión efectiva
2026-06-19,2026-W25,provincial,UNO ENTRE RÍOS,Entre Ríos,Centro,Entre rios,https://www.unoentrerios.com.ar,"Economía de Entre Ríos: crecimiento moderado en 2025, desaceleración en 2026"
2026-06-19,2026-W25,provincial,UNO ENTRE RÍOS,Entre Ríos,Centro,Entre rios,https://www.unoentrerios.com.ar,Un adolescente murió en Gualeguaychú tras caer de un edificio
2026-06-19,2026-W25,provincial,UNO ENTRE RÍOS,Entre Ríos,Centro,Entre rios,https://www.unoentrerios.com.ar,Cocinera cesanteada por faltas injustificadas deberá devolver más de $10 millones
2026-06-19,2026-W25,provincial,UNO ENTRE RÍOS,Entre Ríos,Centro,Entre rios,https://www.unoentrerios.com.ar,Colonia Avellaneda afectada por la paralización del Acueducto Metropolitano
2026-06-19,2026-W25,provincial,UNO ENTRE RÍOS,Entre Ríos,Centro,Entre rios,https://www.unoentrerios.com.ar,"Discapacidad: aumentan 2,1% las prestaciones"
2026-06-19,2026-W25,provincial,UNO ENTRE RÍOS,Entre Ríos,Centro,Entre rios,https://www.unoentrerios.com.ar,Agredieron al intendente de Pueblo Brugo
2026-06-19,2026-W25,provincial,UNO ENTRE RÍOS,Entre Ríos,Centro,Entre rios,https://www.unoentrerios.com.ar,Federación: incidentes y detenidos en pedido de Justicia por Thiago Ocampo
2026-06-19,2026-W25,provincial,UNO ENTRE RÍOS,Entre Ríos,Centro,Entre rios,https://www.unoentrerios.com.ar,Grave lesión sufrió un menor tras un choque en la ex Ruta Nacional 18
2026-06-19,2026-W25,provincial,UNO ENTRE RÍOS,Entre Ríos,Centro,Entre rios,https://www.unoentrerios.com.ar,Maciá: grave accidente entre dos camiones sobre la ruta 6
2026-06-19,2026-W25,provincial,UNO ENTRE RÍOS,Entre Ríos,Centro,Entre rios,https://www.unoentrerios.com.ar,Muerte de un expolicía en Concordia: explicaron cómo sustrajo un arma de la Comisaría
2026-06-19,2026-W25,provincial,UNO ENTRE RÍOS,Entre Ríos,Centro,Entre rios,https://www.unoentrerios.com.ar,Gasnea difundió sus nuevos cuadros tarifarios
2026-06-19,2026-W25,provincial,UNO ENTRE RÍOS,Entre Ríos,Centro,Entre rios,https://www.unoentrerios.com.ar,ARCA pone la lupa sobre el Monotributo: los errores que pueden costar una recategorización o exclusión
2026-06-19,2026-W25,provincial,UNO ENTRE RÍOS,Entre Ríos,Centro,Entre rios,https://www.unoentrerios.com.ar,Canasta de crianza: el costo de mantener a un hijo es de $665.950 en mayo
2026-06-19,2026-W25,provincial,UNO ENTRE RÍOS,Entre Ríos,Centro,Entre rios,https://www.unoentrerios.com.ar,Comercios entrerrianos buscan cobrar más rápido en un consumo que exige agilidad
2026-06-19,2026-W25,provincial,UNO ENTRE RÍOS,Entre Ríos,Centro,Entre rios,https://www.unoentrerios.com.ar,El utilitario deportivo que eligen las familias entrerrianas
2026-06-19,2026-W25,provincial,UNO ENTRE RÍOS,Entre Ríos,Centro,Entre rios,https://www.unoentrerios.com.ar,Entre Ríos: cerraron 437 empresas en el último año
2026-06-19,2026-W25,provincial,UNO ENTRE RÍOS,Entre Ríos,Centro,Entre rios,https://www.unoentrerios.com.ar,Brasil juega con Haití ambos obligados a sumar
2026-06-19,2026-W25,provincial,UNO ENTRE RÍOS,Entre Ríos,Centro,Entre rios,https://www.unoentrerios.com.ar,Canadá aplastó a Qatar y logró un triunfo histórico en el Mundial 2026
2026-06-19,2026-W25,provincial,UNO ENTRE RÍOS,Entre Ríos,Centro,Entre rios,https://www.unoentrerios.com.ar,Los argentinos son los más intensos del planeta
2026-06-19,2026-W25,provincial,UNO ENTRE RÍOS,Entre Ríos,Centro,Entre rios,https://www.unoentrerios.com.ar,México le ganó a Corea del Sur y se clasificó primero en el Grupo A
2026-06-19,2026-W25,provincial,UNO ENTRE RÍOS,Entre Ríos,Centro,Entre rios,https://www.unoentrerios.com.ar,Mundial 2026: Está el árbitro para el partido de la Selección Argentina ante Austria
2026-06-19,2026-W25,provincial,UNO ENTRE RÍOS,Entre Ríos,Centro,Entre rios,https://www.unoentrerios.com.ar,Mundial 2026: México y Corea del Sur van por la clasificación a los 16avos de final
2026-06-19,2026-W25,provincial,UNO ENTRE RÍOS,Entre Ríos,Centro,Entre rios,https://www.unoentrerios.com.ar,La 10ª fecha de la Liga Paranaense se jugará de manera parcial
2026-06-19,2026-W25,provincial,UNO ENTRE RÍOS,Entre Ríos,Centro,Entre rios,https://www.unoentrerios.com.ar,Nicolás Bonelli apuesta a revertir el inicio de temporada
2026-06-19,2026-W25,provincial,UNO ENTRE RÍOS,Entre Ríos,Centro,Entre rios,https://www.unoentrerios.com.ar,El gimnasio de Ministerio está listo para una nueva velada amateur
2026-06-19,2026-W25,provincial,UNO ENTRE RÍOS,Entre Ríos,Centro,Entre rios,https://www.unoentrerios.com.ar,Liga Federal: derrotas de Quique y Sionista en el inicio de los playoffs interzonales
2026-06-19,2026-W25,provincial,UNO ENTRE RÍOS,Entre Ríos,Centro,Entre rios,https://www.unoentrerios.com.ar,Operaron de urgencia a Fernando Gago
2026-06-19,2026-W25,provincial,UNO ENTRE RÍOS,Entre Ríos,Centro,Entre rios,https://www.unoentrerios.com.ar,Atletismo: con fuerte aporte entrerriana Argentina debuta en el Iberoamericano U20
2026-06-19,2026-W25,provincial,UNO ENTRE RÍOS,Entre Ríos,Centro,Entre rios,https://www.unoentrerios.com.ar,Atleta de Concordia estudiará y competirá para Universidad de Estados Unidos
2026-06-19,2026-W25,provincial,UNO ENTRE RÍOS,Entre Ríos,Centro,Entre rios,https://www.unoentrerios.com.ar,APB: Ciclista completó el cuadro de semifinales
2026-06-19,2026-W25,provincial,UNO ENTRE RÍOS,Entre Ríos,Centro,Entre rios,https://www.unoentrerios.com.ar,La Escuela Omar A. Boeri de Estudiantes vivió una experiencia inolvidable en Mendoza
2026-06-19,2026-W25,provincial,UNO ENTRE RÍOS,Entre Ríos,Centro,Entre rios,https://www.unoentrerios.com.ar,"Ante Midland, Patronato tendrá como árbitro a Benítez, con un antecedente negativo"
2026-06-19,2026-W25,provincial,UNO ENTRE RÍOS,Entre Ríos,Centro,Entre rios,https://www.unoentrerios.com.ar,Patronato celebra 18 años del ascenso que marcó el inicio de una etapa histórica
2026-06-19,2026-W25,provincial,UNO ENTRE RÍOS,Entre Ríos,Centro,Entre rios,https://www.unoentrerios.com.ar,Patronato mantiene la tendencia y prepara nuevas variantes para recibir a Midland
2026-06-19,2026-W25,provincial,UNO ENTRE RÍOS,Entre Ríos,Centro,Entre rios,https://www.unoentrerios.com.ar,Patronato puso la mira en Unión de Santa Fe
2026-06-19,2026-W25,provincial,UNO ENTRE RÍOS,Entre Ríos,Centro,Entre rios,https://www.unoentrerios.com.ar,El exceso de humedad prolonga la cosecha y complica el cierre de la campaña gruesa en el centro-norte de Santa Fe
2026-06-19,2026-W25,provincial,UNO ENTRE RÍOS,Entre Ríos,Centro,Entre rios,https://www.unoentrerios.com.ar,"El trigo mejora por precio y menor presión tributaria, pero los costos siguen complicando al productor"
2026-06-19,2026-W25,provincial,UNO ENTRE RÍOS,Entre Ríos,Centro,Entre rios,https://www.unoentrerios.com.ar,"Gálvez, la nueva parada de BCR en Territorio"
2026-06-19,2026-W25,provincial,UNO ENTRE RÍOS,Entre Ríos,Centro,Entre rios,https://www.unoentrerios.com.ar,La nutrición impacta en el rendimiento y en la calidad del grano
2026-06-19,2026-W25,provincial,UNO ENTRE RÍOS,Entre Ríos,Centro,Entre rios,https://www.unoentrerios.com.ar,Celebrarán el Día Internacional del Yoga con una jornada holística abierta a toda la comunidad
2026-06-19,2026-W25,provincial,LA CAPITAL,Santa Fe,Centro,Rosario,https://www.lacapital.com.ar,Condenaron a un hombre que mató a un jubilado para robarle una batería de un taller mecánico
2026-06-19,2026-W25,provincial,LA CAPITAL,Santa Fe,Centro,Rosario,https://www.lacapital.com.ar,Parque acuático: las contradicciones que dejan expuesta a la política doméstica
2026-06-19,2026-W25,provincial,LA CAPITAL,Santa Fe,Centro,Rosario,https://www.lacapital.com.ar,La gastronomía apuesta al centro: las aperturas que llegan y las que están por venir
2026-06-19,2026-W25,provincial,LA CAPITAL,Santa Fe,Centro,Rosario,https://www.lacapital.com.ar,Tres anillos para Milei en Rosario: cómo será el operativo del Día de la Bandera
2026-06-19,2026-W25,provincial,LA CAPITAL,Santa Fe,Centro,Rosario,https://www.lacapital.com.ar,Reforma electoral: el peronismo pide a la Casa Gris reglas claras y diálogo
2026-06-19,2026-W25,provincial,LA CAPITAL,Santa Fe,Centro,Rosario,https://www.lacapital.com.ar,Emily obtuvo su certificado de discapacidad luego del impacto mediático
2026-06-19,2026-W25,provincial,LA CAPITAL,Santa Fe,Centro,Rosario,https://www.lacapital.com.ar,Día de la Bandera: cuáles serán los cortes de tránsito este sábado en la zona del Monumento
2026-06-19,2026-W25,provincial,LA CAPITAL,Santa Fe,Centro,Rosario,https://www.lacapital.com.ar,"Mundial 2026: rumbo a Dallas, un viaje al corazón cowboy, siguiendo a la Scaloneta"
2026-06-19,2026-W25,provincial,LA CAPITAL,Santa Fe,Centro,Rosario,https://www.lacapital.com.ar,Argentina pone la mira en Austria: Scaloni cuida a un futbolista y recupera a un soldado
2026-06-19,2026-W25,provincial,LA CAPITAL,Santa Fe,Centro,Rosario,https://www.lacapital.com.ar,"""¿Messi? Soy más del team Cristiano Ronaldo"": la picante frase del arquero de Austria"
2026-06-19,2026-W25,provincial,LA CAPITAL,Santa Fe,Centro,Rosario,https://www.lacapital.com.ar,Argelia se queja ante la Fifa porque el árbitro del partido ante Argentina no expulsó a Messi
2026-06-19,2026-W25,provincial,LA CAPITAL,Santa Fe,Centro,Rosario,https://www.lacapital.com.ar,Qué necesita Argentina para ser primero de su grupo y los posibles cruces del Mundial
2026-06-19,2026-W25,provincial,LA CAPITAL,Santa Fe,Centro,Rosario,https://www.lacapital.com.ar,Mundial 2026: un egipcio será el árbitro el partido entre Argentina y Austria
2026-06-19,2026-W25,provincial,LA CAPITAL,Santa Fe,Centro,Rosario,https://www.lacapital.com.ar,Leo Messi juega el Mundial en nombre del padre y con el abrazo de todos los argentinos
2026-06-19,2026-W25,provincial,LA CAPITAL,Santa Fe,Centro,Rosario,https://www.lacapital.com.ar,Mundial 2026: la horrible lesión que sufrió un jugador de Canadá y conmovió a todos
2026-06-19,2026-W25,provincial,LA CAPITAL,Santa Fe,Centro,Rosario,https://www.lacapital.com.ar,"México impuso su peso ante su gente, le ganó a Corea del Sur y aseguró la clasificación"
2026-06-19,2026-W25,provincial,LA CAPITAL,Santa Fe,Centro,Rosario,https://www.lacapital.com.ar,Argentina: el elenco estable y los tres puestos que aún no tienen dueño en la Scaloneta
2026-06-19,2026-W25,provincial,LA CAPITAL,Santa Fe,Centro,Rosario,https://www.lacapital.com.ar,"Con Neymar descartado, Brasil quiere revertir su imagen ante Haití"
2026-06-19,2026-W25,provincial,LA CAPITAL,Santa Fe,Centro,Rosario,https://www.lacapital.com.ar,"Francia, primera: la BBC hizo un ranking de la primera ronda del Mundial 2026 y Argentina aparece tercera"
2026-06-19,2026-W25,provincial,LA CAPITAL,Santa Fe,Centro,Rosario,https://www.lacapital.com.ar,Imputan a la cuidadora de una jubilada por un millonario robo
2026-06-19,2026-W25,provincial,LA CAPITAL,Santa Fe,Centro,Rosario,https://www.lacapital.com.ar,Derriban tres búnkeres: huellas de narcomenudeo donde mataron al policía federal
2026-06-19,2026-W25,provincial,LA CAPITAL,Santa Fe,Centro,Rosario,https://www.lacapital.com.ar,Monteoliva subrayó los resultados obtenidos con el Plan Bandera en Rosario
2026-06-19,2026-W25,provincial,LA CAPITAL,Santa Fe,Centro,Rosario,https://www.lacapital.com.ar,El gobierno nacional reorganiza su comunicación: entra Adrián Ravier
2026-06-19,2026-W25,provincial,LA CAPITAL,Santa Fe,Centro,Rosario,https://www.lacapital.com.ar,Efecto Mundial: negocios de calle San Luis abren en el feriado del Día de la Bandera
2026-06-19,2026-W25,provincial,LA CAPITAL,Santa Fe,Centro,Rosario,https://www.lacapital.com.ar,Nico Occhiato habló tras el escándalo con Flor Peña y reveló que se comunicó con Lionel Messi
2026-06-19,2026-W25,provincial,LA CAPITAL,Santa Fe,Centro,Rosario,https://www.lacapital.com.ar,Un crimen ruidoso y un plan que no frena
2026-06-19,2026-W25,provincial,LA CAPITAL,Santa Fe,Centro,Rosario,https://www.lacapital.com.ar,Pullaro va a la Corte Suprema por el conflicto previsional con el máximo tribunal local
2026-06-19,2026-W25,provincial,LA CAPITAL,Santa Fe,Centro,Rosario,https://www.lacapital.com.ar,"El milagro de Manu Pérez Bustamante: la nena que ""volvió a vivir"""
2026-06-19,2026-W25,provincial,LA CAPITAL,Santa Fe,Centro,Rosario,https://www.lacapital.com.ar,Liga Federal de Básquet: muy buenas victorias de Central y Temperley en cuartos
2026-06-19,2026-W25,provincial,LA CAPITAL,Santa Fe,Centro,Rosario,https://www.lacapital.com.ar,Central: Enzo Giménez tiene posibilidades de emigrar al fútbol de México
2026-06-19,2026-W25,provincial,LA CAPITAL,Santa Fe,Centro,Rosario,https://www.lacapital.com.ar,"Los pibes de Newell's sufrieron, empataron agónicamente en Caballito y sacaron pasaje"
2026-06-19,2026-W25,provincial,LA CAPITAL,Santa Fe,Centro,Rosario,https://www.lacapital.com.ar,"Franco Colapinto, Carlos Reutemann y Ricardo Zunino, el karma de ser el piloto número dos en Fórmula 1"
2026-06-19,2026-W25,provincial,LA CAPITAL,Santa Fe,Centro,Rosario,https://www.lacapital.com.ar,Saúl Salcedo fue trasladado a Rosario tras el violento choque que protagonizó en Chaco
2026-06-19,2026-W25,provincial,LA CAPITAL,Santa Fe,Centro,Rosario,https://www.lacapital.com.ar,Santa Fe extiende el régimen de ficha limpia para incluir a contratistas del Estado
2026-06-19,2026-W25,provincial,LA CAPITAL,Santa Fe,Centro,Rosario,https://www.lacapital.com.ar,"La nueva concesión de la Hidrovía: transformación ""sideral"" y ""moderna"""
2026-06-19,2026-W25,provincial,LA CAPITAL,Santa Fe,Centro,Rosario,https://www.lacapital.com.ar,Assal prohíbe una yerba mate en Santa Fe por irregularidades en el rotulado
2026-06-19,2026-W25,provincial,LA CAPITAL,Santa Fe,Centro,Rosario,https://www.lacapital.com.ar,"Bronquiolitis: por primera vez en mucho tiempo, no hay internaciones en hospitales"
2026-06-19,2026-W25,provincial,LA CAPITAL,Santa Fe,Centro,Rosario,https://www.lacapital.com.ar,Javkin adjudicó la transformación más grande de Empalme Graneros
2026-06-19,2026-W25,provincial,LA CAPITAL,Santa Fe,Centro,Rosario,https://www.lacapital.com.ar,Santa Fe analiza el adelanto de coparticipación que le ofrece el gobierno de Milei
2026-06-19,2026-W25,provincial,LA CAPITAL,Santa Fe,Centro,Rosario,https://www.lacapital.com.ar,Dónde ver a la selección argentina si se trabaja en el microcentro de Rosario
2026-06-19,2026-W25,provincial,LA CAPITAL,Santa Fe,Centro,Rosario,https://www.lacapital.com.ar,Santa Fe: detienen a una mujer porque su hijo de 10 años llevaba en la calle un revólver cargado
2026-06-19,2026-W25,provincial,LA CAPITAL,Santa Fe,Centro,Rosario,https://www.lacapital.com.ar,"La larga sombra de Adorni y el cara a cara entre Javkin, Pullaro y Milei"
2026-06-19,2026-W25,provincial,LA CAPITAL,Santa Fe,Centro,Rosario,https://www.lacapital.com.ar,"En la previa del 20 de Junio, niños de todo el país llegaron para prometerle lealtad a la bandera"
2026-06-19,2026-W25,provincial,LA CAPITAL,Santa Fe,Centro,Rosario,https://www.lacapital.com.ar,El Concejo debate la simplificación de tasas municipales
2026-06-19,2026-W25,provincial,LA CAPITAL,Santa Fe,Centro,Rosario,https://www.lacapital.com.ar,Fin de la discusión: Messi superó a Maradona en la noche soñada de Kansas
2026-06-19,2026-W25,provincial,LA CAPITAL,Santa Fe,Centro,Rosario,https://www.lacapital.com.ar,Unidos mira el modelo de la Constituyente para discutir la nueva ley electoral
2026-06-19,2026-W25,provincial,LA CAPITAL,Santa Fe,Centro,Rosario,https://www.lacapital.com.ar,"Sin reproches ni leña al fuego, Pullaro espera a Milei en el Monumento"
2026-06-19,2026-W25,provincial,LA CAPITAL,Santa Fe,Centro,Rosario,https://www.lacapital.com.ar,Un llamativo olor inunda parte de Rosario y la respuesta se esconde en un árbol
2026-06-19,2026-W25,provincial,LA CAPITAL,Santa Fe,Centro,Rosario,https://www.lacapital.com.ar,"La cápsula radiactiva desaparecida en Rosario tiene ""bajo riesgo biológico"""
2026-06-19,2026-W25,provincial,LA CAPITAL,Santa Fe,Centro,Rosario,https://www.lacapital.com.ar,Rosario espera a Milei el 20 de Junio y la Casa Rosada excluyó a Villarruel
2026-06-19,2026-W25,provincial,AIRE DIGITAL,Santa Fe,Centro,Santa Fe,https://www.airedesantafe.com.ar,Así operaba el grupo narco que mató al agente de la Federal: crueldad y salvajismo contra los vecinos
2026-06-19,2026-W25,provincial,AIRE DIGITAL,Santa Fe,Centro,Santa Fe,https://www.airedesantafe.com.ar,Reforma electoral: el PJ reclama la continuidad de las PASO y la boleta única para cargos electivos
2026-06-19,2026-W25,provincial,AIRE DIGITAL,Santa Fe,Centro,Santa Fe,https://www.airedesantafe.com.ar,La Selección Argentina completó su último entrenamiento abierto antes de viajar a Dallas
2026-06-19,2026-W25,provincial,AIRE DIGITAL,Santa Fe,Centro,Santa Fe,https://www.airedesantafe.com.ar,Últimas Noticias
2026-06-19,2026-W25,provincial,AIRE DIGITAL,Santa Fe,Centro,Santa Fe,https://www.airedesantafe.com.ar,Provincia impulsa el trabajo entre contratistas rurales y fabricantes de maquinaria agrícola
2026-06-19,2026-W25,provincial,AIRE DIGITAL,Santa Fe,Centro,Santa Fe,https://www.airedesantafe.com.ar,Peligroso derrame de gasoil en Parque del Sur: dos personas heridas tras varios motoderrapes
2026-06-19,2026-W25,provincial,AIRE DIGITAL,Santa Fe,Centro,Santa Fe,https://www.airedesantafe.com.ar,"Con el debut del handball, la Copa Santa Fe vive otro fin de semana de intensa actividad"
2026-06-19,2026-W25,provincial,AIRE DIGITAL,Santa Fe,Centro,Santa Fe,https://www.airedesantafe.com.ar,El motociclista fallecido en barrio Alfonso era jugador de Sportivo del Norte de Esperanza: sentida despedida
2026-06-19,2026-W25,provincial,AIRE DIGITAL,Santa Fe,Centro,Santa Fe,https://www.airedesantafe.com.ar,"Según el INDEC, las ventas en supermercados cayeron 3,7% interanual en abril de 2026 y subieron 0,8% respecto del mes previo"
2026-06-19,2026-W25,provincial,AIRE DIGITAL,Santa Fe,Centro,Santa Fe,https://www.airedesantafe.com.ar,La crisis del transporte interurbano al límite: advierten por recortes de servicios y aguinaldo en cuotas
2026-06-19,2026-W25,provincial,AIRE DIGITAL,Santa Fe,Centro,Santa Fe,https://www.airedesantafe.com.ar,Manuel Adorni confirmó a Adrián Ravier como nuevo vocero presidencial
2026-06-19,2026-W25,provincial,AIRE DIGITAL,Santa Fe,Centro,Santa Fe,https://www.airedesantafe.com.ar,"Buscan a ""Pistolón"": robó un televisor en Rincón, lo detuvieron y se escapó de la comisaría"
2026-06-19,2026-W25,provincial,AIRE DIGITAL,Santa Fe,Centro,Santa Fe,https://www.airedesantafe.com.ar,La PDI detuvo a un adolescente vinculado a un robo calificado en Santa Fe y secuestró un arma de fuego.
2026-06-19,2026-W25,provincial,AIRE DIGITAL,Santa Fe,Centro,Santa Fe,https://www.airedesantafe.com.ar,Copa mundial 2026
2026-06-19,2026-W25,provincial,AIRE DIGITAL,Santa Fe,Centro,Santa Fe,https://www.airedesantafe.com.ar,La contundente decisión que habrían tomado Tapia y Scaloni para proteger a Lionel Messi
2026-06-19,2026-W25,provincial,AIRE DIGITAL,Santa Fe,Centro,Santa Fe,https://www.airedesantafe.com.ar,Argentina en Bangladesh: el embajador reveló por qué millones de personas alientan a la Scaloneta como si fuera su selección
2026-06-19,2026-W25,provincial,AIRE DIGITAL,Santa Fe,Centro,Santa Fe,https://www.airedesantafe.com.ar,Brasil busca su primera victoria en el Mundial: ¿qué partidos se juegan este viernes?
2026-06-19,2026-W25,provincial,AIRE DIGITAL,Santa Fe,Centro,Santa Fe,https://www.airedesantafe.com.ar,"Gonzalo Bonadeo no le quita protagonismo a Brasil: ""Si se endereza, te puede hacer lío en cualquier partido"""
2026-06-19,2026-W25,provincial,AIRE DIGITAL,Santa Fe,Centro,Santa Fe,https://www.airedesantafe.com.ar,México venció a Corea del Sur y se convirtió en el primer clasificado a 16avos de final del Mundial
2026-06-19,2026-W25,provincial,AIRE DIGITAL,Santa Fe,Centro,Santa Fe,https://www.airedesantafe.com.ar,"Canadá hace pesar su localía, goleó 6 a 0 a Qatar y lidera su grupo en el Mundial 2026"
2026-06-19,2026-W25,provincial,AIRE DIGITAL,Santa Fe,Centro,Santa Fe,https://www.airedesantafe.com.ar,Suiza goleó con autoridad a Bosnia y se acerca a los 16avos del Mundial 2026
2026-06-19,2026-W25,provincial,AIRE DIGITAL,Santa Fe,Centro,Santa Fe,https://www.airedesantafe.com.ar,"La radiografía del microtráfico en Santa Fe: miles de denuncias, allanamientos y condenas en dos años"
2026-06-19,2026-W25,provincial,AIRE DIGITAL,Santa Fe,Centro,Santa Fe,https://www.airedesantafe.com.ar,"Santa Fe valoró el anticipo de fondos de Nación, pero aseguró que no prevé utilizarlo por ahora"
2026-06-19,2026-W25,provincial,AIRE DIGITAL,Santa Fe,Centro,Santa Fe,https://www.airedesantafe.com.ar,Un niño de 10 años caminaba por la calle con un revólver cargado y su madre fue aprehendida
2026-06-19,2026-W25,provincial,AIRE DIGITAL,Santa Fe,Centro,Santa Fe,https://www.airedesantafe.com.ar,Choque en pleno centro de Santa Fe: dos hombres resultaron heridos tras un accidente frente a la Municipalidad
2026-06-19,2026-W25,provincial,AIRE DIGITAL,Santa Fe,Centro,Santa Fe,https://www.airedesantafe.com.ar,Qué servicios municipales habrá en Santa Fe este sábado 20 de junio
2026-06-19,2026-W25,provincial,AIRE DIGITAL,Santa Fe,Centro,Santa Fe,https://www.airedesantafe.com.ar,Obras de ASSA en 25 de Mayo y Bulevar: hay cortes y restricciones de tránsito hasta el domingo
2026-06-19,2026-W25,provincial,AIRE DIGITAL,Santa Fe,Centro,Santa Fe,https://www.airedesantafe.com.ar,Fuerte incendio consumió un depósito de autopartes en Santo Tomé
2026-06-19,2026-W25,provincial,AIRE DIGITAL,Santa Fe,Centro,Santa Fe,https://www.airedesantafe.com.ar,Seguridad Alimentaria: Assal emitió un alerta por la comercialización de la yerba mate Antonia
2026-06-19,2026-W25,provincial,AIRE DIGITAL,Santa Fe,Centro,Santa Fe,https://www.airedesantafe.com.ar,Falleció el motociclista que chocó contra un árbol en barrio Alfonso de Santa Fe
2026-06-19,2026-W25,provincial,AIRE DIGITAL,Santa Fe,Centro,Santa Fe,https://www.airedesantafe.com.ar,El papá de Lionel Messi rompió el silencio tras el escándalo de Florencia Peña
2026-06-19,2026-W25,provincial,AIRE DIGITAL,Santa Fe,Centro,Santa Fe,https://www.airedesantafe.com.ar,Colón visita a Chaco For Ever con un objetivo claro: seguir por el camino de la victoria
2026-06-19,2026-W25,provincial,AIRE DIGITAL,Santa Fe,Centro,Santa Fe,https://www.airedesantafe.com.ar,Diego Armando Díaz dejará Unión y saldrá a préstamo: su destino está en la Primera Nacional
2026-06-19,2026-W25,provincial,AIRE DIGITAL,Santa Fe,Centro,Santa Fe,https://www.airedesantafe.com.ar,Policiales y locales
2026-06-19,2026-W25,provincial,AIRE DIGITAL,Santa Fe,Centro,Santa Fe,https://www.airedesantafe.com.ar,Santa Fe tiene Ficha Limpia: los que tengan antecedentes penales no podrán tener contratos con el Estado
2026-06-19,2026-W25,provincial,AIRE DIGITAL,Santa Fe,Centro,Santa Fe,https://www.airedesantafe.com.ar,Asociaciones Italianas y Vecinal Sur sumaron sus aportes para poner en valor la Plaza frente a Legislatura
2026-06-19,2026-W25,provincial,AIRE DIGITAL,Santa Fe,Centro,Santa Fe,https://www.airedesantafe.com.ar,La cocina de la reforma electoral: los acuerdos que ya alcanzó Unidos en Santa Fe
2026-06-19,2026-W25,provincial,AIRE DIGITAL,Santa Fe,Centro,Santa Fe,https://www.airedesantafe.com.ar,Cuánto cuesta construir en Santa Fe y por qué los precios suben menos que la inflación
2026-06-19,2026-W25,provincial,AIRE DIGITAL,Santa Fe,Centro,Santa Fe,https://www.airedesantafe.com.ar,Volvió a aumentar la nafta en Santa Fe: cuánto cuesta cargar en las estaciones YPF
2026-06-19,2026-W25,provincial,AIRE DIGITAL,Santa Fe,Centro,Santa Fe,https://www.airedesantafe.com.ar,"La agroindustria celebra la adjudicación de la Hidrovía, pero reclama avanzar rápido hacia los 40 pies"
2026-06-19,2026-W25,provincial,AIRE DIGITAL,Santa Fe,Centro,Santa Fe,https://www.airedesantafe.com.ar,"El frío empezó a frenar a la chicharrita, pero el norte todavía mantiene alta la presión del vector del achaparramiento"
2026-06-19,2026-W25,provincial,AIRE DIGITAL,Santa Fe,Centro,Santa Fe,https://www.airedesantafe.com.ar,La urea volvió a precios más normales y reaviva la apuesta por el maíz y la fertilización del trigo
2026-06-19,2026-W25,provincial,AIRE DIGITAL,Santa Fe,Centro,Santa Fe,https://www.airedesantafe.com.ar,Paritaria aceitera: siguen sin acuerdo y crece la incertidumbre sobre un nuevo conflicto en los puertos
2026-06-19,2026-W25,provincial,AIRE DIGITAL,Santa Fe,Centro,Santa Fe,https://www.airedesantafe.com.ar,La causa de La Joya Agro quedó archivada y ahora Coscia prepara una demanda contra Riboldi
2026-06-19,2026-W25,provincial,AIRE DIGITAL,Santa Fe,Centro,Santa Fe,https://www.airedesantafe.com.ar,Mas notas de Agro
2026-06-19,2026-W25,provincial,AIRE DIGITAL,Santa Fe,Centro,Santa Fe,https://www.airedesantafe.com.ar,AIRE en Rosario
2026-06-19,2026-W25,provincial,AIRE DIGITAL,Santa Fe,Centro,Santa Fe,https://www.airedesantafe.com.ar,Día de la Bandera: Abel Pintos cerrará la fiesta enfrente del recuperado Monumento
2026-06-19,2026-W25,provincial,AIRE DIGITAL,Santa Fe,Centro,Santa Fe,https://www.airedesantafe.com.ar,Rosario: la Corte Suprema ratificó la condena por un homicidio cometido por error
2026-06-19,2026-W25,provincial,AIRE DIGITAL,Santa Fe,Centro,Santa Fe,https://www.airedesantafe.com.ar,Robo radiactivo en Rosario: qué peligro tiene el material y por qué se lo robaron
2026-06-19,2026-W25,provincial,AIRE DIGITAL,Santa Fe,Centro,Santa Fe,https://www.airedesantafe.com.ar,Empanadas de roast beef: la receta de Sofi Martínez que brilló en MasterChef Celebrity
2026-06-19,2026-W25,provincial,DIARIO UNO,Mendoza,Cuyo,Mendoza,https://www.diariouno.com.ar,El juez Sebastián Sarmiento volvió a trabajar en casos penitenciarios y se demora su traslado
2026-06-19,2026-W25,provincial,DIARIO UNO,Mendoza,Cuyo,Mendoza,https://www.diariouno.com.ar,Mundial DE FÚTBOL 2026
2026-06-19,2026-W25,provincial,DIARIO UNO,Mendoza,Cuyo,Mendoza,https://www.diariouno.com.ar,"Mientras en Argentina se desviven por Messi, un compañero de CR7 lanzó una polémica declaración sobre él"
2026-06-19,2026-W25,provincial,DIARIO UNO,Mendoza,Cuyo,Mendoza,https://www.diariouno.com.ar,VIDEOS DESTACADOS
2026-06-19,2026-W25,provincial,DIARIO UNO,Mendoza,Cuyo,Mendoza,https://www.diariouno.com.ar,ÚLTIMAS NOTICIAS
2026-06-19,2026-W25,provincial,DIARIO UNO,Mendoza,Cuyo,Mendoza,https://www.diariouno.com.ar,"Murió Adriana Schmutz, la mujer que abrió caminos a la minería en la cordillera mendocina"
2026-06-19,2026-W25,provincial,DIARIO UNO,Mendoza,Cuyo,Mendoza,https://www.diariouno.com.ar,Ravier le agradeció a Milei su cargo de vocero presidencial en reemplazo de Adorni
2026-06-19,2026-W25,provincial,DIARIO UNO,Mendoza,Cuyo,Mendoza,https://www.diariouno.com.ar,"Para mitigar la caída del consumo, el comercio de Mendoza abrirá sus puertas el sábado feriado"
2026-06-19,2026-W25,provincial,DIARIO UNO,Mendoza,Cuyo,Mendoza,https://www.diariouno.com.ar,"Gabriel Canci palpita el primer casting infantil de ""Luz Talento Acción Kids"" en el Teatro Independencia"
2026-06-19,2026-W25,provincial,DIARIO UNO,Mendoza,Cuyo,Mendoza,https://www.diariouno.com.ar,"El duro descargo de Nico Occhiato tras el escándalo por la noticia falsa de Jorge Messi: ""No merece respeto"""
2026-06-19,2026-W25,provincial,DIARIO UNO,Mendoza,Cuyo,Mendoza,https://www.diariouno.com.ar,Fuera de agenda
2026-06-19,2026-W25,provincial,DIARIO UNO,Mendoza,Cuyo,Mendoza,https://www.diariouno.com.ar,Agenda y Resultados de Partidos
2026-06-19,2026-W25,provincial,DIARIO UNO,Mendoza,Cuyo,Mendoza,https://www.diariouno.com.ar,POLICIALES Y JUDICIALES
2026-06-19,2026-W25,provincial,DIARIO UNO,Mendoza,Cuyo,Mendoza,https://www.diariouno.com.ar,Series y Películas
2026-06-19,2026-W25,provincial,DIARIO UNO,Mendoza,Cuyo,Mendoza,https://www.diariouno.com.ar,Análisis y Opinión
2026-06-19,2026-W25,provincial,DIARIO UNO,Mendoza,Cuyo,Mendoza,https://www.diariouno.com.ar,libros y cultura
2026-06-19,2026-W25,provincial,DIARIO UNO,Mendoza,Cuyo,Mendoza,https://www.diariouno.com.ar,"Juntar figuritas del Mundial y estampillas, dos rituales que conviven en Mendoza"
2026-06-19,2026-W25,provincial,DIARIO UNO,Mendoza,Cuyo,Mendoza,https://www.diariouno.com.ar,Un nuevo libro sobre Tejada Gómez conecta su obra con los artistas del siglo XXI
2026-06-19,2026-W25,provincial,DIARIO UNO,Mendoza,Cuyo,Mendoza,https://www.diariouno.com.ar,"Mendocina descubrió el oficio de zapatera por casualidad, creó su marca y hoy representa al país en Brasil"
2026-06-19,2026-W25,provincial,DIARIO UNO,Mendoza,Cuyo,Mendoza,https://www.diariouno.com.ar,"La conexión de un Spinetta con Mendoza: amor, arte y cruzada solidaria por caballos maltratados"
2026-06-19,2026-W25,provincial,DIARIO UNO,Mendoza,Cuyo,Mendoza,https://www.diariouno.com.ar,El enólogo mendocino que vivió mil vidas y creó la primera bebida alcohólica a base de flores
2026-06-19,2026-W25,provincial,DIARIO UNO,Mendoza,Cuyo,Mendoza,https://www.diariouno.com.ar,El abogado Alejandro Poquet traslada al teatro el juicio a Cristina y lo hace en clave de sátira
2026-06-19,2026-W25,provincial,DIARIO UNO,Mendoza,Cuyo,Mendoza,https://www.diariouno.com.ar,De Mendoza a la Scaloneta: diseñaron botines para los jugadores y quieren dárselos antes del Mundial
2026-06-19,2026-W25,provincial,DIARIO UNO,Mendoza,Cuyo,Mendoza,https://www.diariouno.com.ar,Dos perras custodian el ADN del vino: un viaje al interior del olfato más preciso de la industria
2026-06-19,2026-W25,provincial,DIARIO UNO,Mendoza,Cuyo,Mendoza,https://www.diariouno.com.ar,Investigan si hubo mala praxis en la muerte de una joven madre ocurrida en Tunuyán
2026-06-19,2026-W25,provincial,DIARIO UNO,Mendoza,Cuyo,Mendoza,https://www.diariouno.com.ar,El dólar minorista aumentó $30 en la semana y tocó su valor máximo en cinco meses
2026-06-19,2026-W25,provincial,DIARIO UNO,Mendoza,Cuyo,Mendoza,https://www.diariouno.com.ar,Alarma en Mendoza: uno de cada dos vecinos reconoció haber sido víctima de una estafa virtual
2026-06-19,2026-W25,provincial,DIARIO UNO,Mendoza,Cuyo,Mendoza,https://www.diariouno.com.ar,Estados Unidos aprovechó un gran primer tiempo para vencer a Australia y asegurar el pasaje a 16avos. de final
2026-06-19,2026-W25,provincial,DIARIO UNO,Mendoza,Cuyo,Mendoza,https://www.diariouno.com.ar,Las novedades de la Selección argentina: el probable once de Scaloni para el partido ante Austria
2026-06-19,2026-W25,provincial,DIARIO UNO,Mendoza,Cuyo,Mendoza,https://www.diariouno.com.ar,La Selección argentina ya conoce al árbitro que dirigirá el partido ante Austria
2026-06-19,2026-W25,provincial,DIARIO UNO,Mendoza,Cuyo,Mendoza,https://www.diariouno.com.ar,"Ni el pecho, ni el brazo: el inesperado lugar donde las mujeres sienten un infarto"
2026-06-19,2026-W25,provincial,DIARIO UNO,Mendoza,Cuyo,Mendoza,https://www.diariouno.com.ar,"Cómo usar el maquillaje en los ojos para conseguir una mirada sensual, imponente y cautivadora"
2026-06-19,2026-W25,provincial,DIARIO UNO,Mendoza,Cuyo,Mendoza,https://www.diariouno.com.ar,Arquitectura del futuro: casas hechas con hormigón y residuos plásticos 3D
2026-06-19,2026-W25,provincial,DIARIO UNO,Mendoza,Cuyo,Mendoza,https://www.diariouno.com.ar,"En Singapur, la mayoría de la población vive en viviendas públicas, pero lejos de ser precarias, son un lujo"
2026-06-19,2026-W25,provincial,DIARIO UNO,Mendoza,Cuyo,Mendoza,https://www.diariouno.com.ar,Quemar cáscaras de ajo: por qué recomiendan hacerlo y cuáles son los beneficios
2026-06-19,2026-W25,provincial,DIARIO UNO,Mendoza,Cuyo,Mendoza,https://www.diariouno.com.ar,"Ahorró para comprarle un auto a su esposa, pero una infidelidad cambió todos sus planes"
2026-06-19,2026-W25,provincial,DIARIO UNO,Mendoza,Cuyo,Mendoza,https://www.diariouno.com.ar,Cornejo denunció una presunta red de desinformación y apuntó contra un medio digital
2026-06-19,2026-W25,provincial,DIARIO UNO,Mendoza,Cuyo,Mendoza,https://www.diariouno.com.ar,La elección de la UNCuyo se polariza: el kirchnerismo respaldó a García y el radical Farrando se sumó a Fidel
2026-06-19,2026-W25,provincial,DIARIO UNO,Mendoza,Cuyo,Mendoza,https://www.diariouno.com.ar,"Coordinó el Paso Cristo Redentor durante 10 años y se hartó: ""Me saqué de encima una mochila pesada"""
2026-06-19,2026-W25,provincial,DIARIO UNO,Mendoza,Cuyo,Mendoza,https://www.diariouno.com.ar,Cerraron los retiros voluntarios en el INTA y su personal en Mendoza se achicó en 31 cargos
2026-06-19,2026-W25,provincial,DIARIO UNO,Mendoza,Cuyo,Mendoza,https://www.diariouno.com.ar,Profesionales de salud mental reclamaron a Cornejo por la desigualdad salarial en el sistema público
2026-06-19,2026-W25,provincial,DIARIO UNO,Mendoza,Cuyo,Mendoza,https://www.diariouno.com.ar,La Justicia admitió el amparo de COVIAR y la habilitó a cobrar aportes para el Plan Vitivinícola
2026-06-19,2026-W25,provincial,DIARIO UNO,Mendoza,Cuyo,Mendoza,https://www.diariouno.com.ar,Gran preocupación por Fernando Gago: fue operado de urgencia en Chile
2026-06-19,2026-W25,provincial,DIARIO UNO,Mendoza,Cuyo,Mendoza,https://www.diariouno.com.ar,"Es policía de Miami, nació en Uruguay y protagonizó un video viral en el debut Celeste en el Mundial 2026"
2026-06-19,2026-W25,provincial,DIARIO UNO,Mendoza,Cuyo,Mendoza,https://www.diariouno.com.ar,Francisco Cerúndolo: una insólita y una buena noticia en Queen's
2026-06-19,2026-W25,provincial,DIARIO UNO,Mendoza,Cuyo,Mendoza,https://www.diariouno.com.ar,Con tres mendocinos: fue definida la lista de la Selección argentina de hockey sobre patines para el Mundial
2026-06-19,2026-W25,provincial,DIARIO UNO,Mendoza,Cuyo,Mendoza,https://www.diariouno.com.ar,Pablo Aimar reveló los secretos del inicio de la era Scaloni en la Selección argentina
2026-06-19,2026-W25,provincial,DIARIO UNO,Mendoza,Cuyo,Mendoza,https://www.diariouno.com.ar,Pablo De Muner realizará al menos una variante en Godoy Cruz para enfrentar a Central Norte
2026-06-19,2026-W25,provincial,DIARIO UNO,Mendoza,Cuyo,Mendoza,https://www.diariouno.com.ar,"Por los cambios en la población, preparan unidades geriátricas especializadas en hospitales cabecera de Mendoza"
2026-06-19,2026-W25,provincial,DIARIO UNO,Mendoza,Cuyo,Mendoza,https://www.diariouno.com.ar,La obra de Armando Tejada Gómez se expande al universo digital
2026-06-19,2026-W25,provincial,LOS ANDES,Mendoza,Cuyo,Mendoza,https://www.losandes.com.ar,Nuevo conflicto en la atención de Pami: por qué suspendieron los turnos en hospitales
2026-06-19,2026-W25,provincial,LOS ANDES,Mendoza,Cuyo,Mendoza,https://www.losandes.com.ar,"Los Andes en Vaca Muerta: polos gastronómicos, centros comerciales y parques industriales crecen en una ciudad corporativa"
2026-06-19,2026-W25,provincial,LOS ANDES,Mendoza,Cuyo,Mendoza,https://www.losandes.com.ar,Escándalo en el Mundial 2026: Argelia denunció a la Selección Argentina ante la FIFA por el arbitraje
2026-06-19,2026-W25,provincial,LOS ANDES,Mendoza,Cuyo,Mendoza,https://www.losandes.com.ar,"Quién es Adrián Ravier, el nuevo vocero presidencial"
2026-06-19,2026-W25,provincial,LOS ANDES,Mendoza,Cuyo,Mendoza,https://www.losandes.com.ar,Práctica clave de la Selección Argentina: Scaloni recupera soldados y analiza tres cambios ante Austria
2026-06-19,2026-W25,provincial,LOS ANDES,Mendoza,Cuyo,Mendoza,https://www.losandes.com.ar,"El rol clave de Jorge Messi: El motor detrás del éxito de Lionel, el mejor jugador de fútbol de la historia"
2026-06-19,2026-W25,provincial,LOS ANDES,Mendoza,Cuyo,Mendoza,https://www.losandes.com.ar,Estados Unidos superó a Australia y clasificó a la siguiente instancia del Mundial 2026
2026-06-19,2026-W25,provincial,LOS ANDES,Mendoza,Cuyo,Mendoza,https://www.losandes.com.ar,Los botines de Lionel Messi en el Mundial 2026: ¿Por qué esquivó la moda rosa?
2026-06-19,2026-W25,provincial,LOS ANDES,Mendoza,Cuyo,Mendoza,https://www.losandes.com.ar,Récord de tarjetas rojas en el Mundial 2026: ¿Por qué hay tantas expulsiones y cómo afecta el Fair Play?
2026-06-19,2026-W25,provincial,LOS ANDES,Mendoza,Cuyo,Mendoza,https://www.losandes.com.ar,Balotaje UNCuyo: Gabriel Fidel acordó con Ismael Farrando y apuntala su candidatura para la segunda vuelta
2026-06-19,2026-W25,provincial,LOS ANDES,Mendoza,Cuyo,Mendoza,https://www.losandes.com.ar,Caso Agostina Vega: Soledad Andreani negó los cargos en su contra y se abstuvo a declarar
2026-06-19,2026-W25,provincial,LOS ANDES,Mendoza,Cuyo,Mendoza,https://www.losandes.com.ar,Avanza la causa contra Manuel Adorni: investigan la herencia de su padre y el patrimonio de su hermano
2026-06-19,2026-W25,provincial,LOS ANDES,Mendoza,Cuyo,Mendoza,https://www.losandes.com.ar,"Reapareció Nicolás Occhiato y habló de Florencia Peña: ""Le puede pasar a cualquiera"""
2026-06-19,2026-W25,provincial,LOS ANDES,Mendoza,Cuyo,Mendoza,https://www.losandes.com.ar,Un policía hirió a dos mujeres y a una bebé con balas de goma y ahora el Estado las indemnizará con $80 millones
2026-06-19,2026-W25,provincial,LOS ANDES,Mendoza,Cuyo,Mendoza,https://www.losandes.com.ar,"Frente al escándalo, Milei respalda a Adorni: desayunaron en Olivos y reaparecerán juntos en Rosario"
2026-06-19,2026-W25,provincial,LOS ANDES,Mendoza,Cuyo,Mendoza,https://www.losandes.com.ar,"Cómo funciona ""el Refugio de los Libros"", un espacio de intercambio gratis y que es furor en pleno centro"
2026-06-19,2026-W25,provincial,LOS ANDES,Mendoza,Cuyo,Mendoza,https://www.losandes.com.ar,Ciclo Pilares IA: quiénes son los expertos que disertarán en Logística e Industria 4.0
2026-06-19,2026-W25,provincial,LOS ANDES,Mendoza,Cuyo,Mendoza,https://www.losandes.com.ar,Ciclo Pilares IA: quiénes son los expertos que disertarán en Health Tech
2026-06-19,2026-W25,provincial,LOS ANDES,Mendoza,Cuyo,Mendoza,https://www.losandes.com.ar,Ciclo Pilares IA: quiénes son los expertos confirmados que disertarán en Agrifood Tech
2026-06-19,2026-W25,provincial,LOS ANDES,Mendoza,Cuyo,Mendoza,https://www.losandes.com.ar,"Fredi Vivas, a fondo: ""La Inteligencia artificial se convirtió en una decisión de negocio"""
2026-06-19,2026-W25,provincial,LOS ANDES,Mendoza,Cuyo,Mendoza,https://www.losandes.com.ar,"Los Andes en Vaca Muerta: cómo la fiebre del petróleo redefine la ciudad, el empleo y la dinámica social"
2026-06-19,2026-W25,provincial,LOS ANDES,Mendoza,Cuyo,Mendoza,https://www.losandes.com.ar,Seguridad: uno de cada dos vecinos de Capital fue víctima de ciberdelito durante el último año
2026-06-19,2026-W25,provincial,LOS ANDES,Mendoza,Cuyo,Mendoza,https://www.losandes.com.ar,Profesionales de la salud mental de Mendoza denuncian salarios desiguales y alertan por el impacto en la asistencia
2026-06-19,2026-W25,provincial,LOS ANDES,Mendoza,Cuyo,Mendoza,https://www.losandes.com.ar,"Caputo llamó ""boluda"" a Florencia Peña por la noticia falsa sobre el papá de Messi"
2026-06-19,2026-W25,provincial,LOS ANDES,Mendoza,Cuyo,Mendoza,https://www.losandes.com.ar,Celulares en las escuelas: el Gobierno marcó su diferencia con el proyecto de Petri
2026-06-19,2026-W25,provincial,LOS ANDES,Mendoza,Cuyo,Mendoza,https://www.losandes.com.ar,"Alfredo Cornejo denunció una red digital por difundir ""fake news"" contra su gestión"
2026-06-19,2026-W25,provincial,LOS ANDES,Mendoza,Cuyo,Mendoza,https://www.losandes.com.ar,El Gobierno modificó los desvíos en el Acceso Este tras detectar congestionamientos en Maipú
2026-06-19,2026-W25,provincial,LOS ANDES,Mendoza,Cuyo,Mendoza,https://www.losandes.com.ar,Encontraron con vida a un joven que pasó 19 días perdido en el monte de Chaco
2026-06-19,2026-W25,provincial,LOS ANDES,Mendoza,Cuyo,Mendoza,https://www.losandes.com.ar,Conductor ebrio chocó a otro auto en el rulo del Cóndor y su acompañante de 15 años terminó hospitalizado
2026-06-19,2026-W25,provincial,LOS ANDES,Mendoza,Cuyo,Mendoza,https://www.losandes.com.ar,"""Qué quilombo que armé"": la reacción de Jorge Messi desde su internación"
2026-06-19,2026-W25,provincial,LOS ANDES,Mendoza,Cuyo,Mendoza,https://www.losandes.com.ar,Descargá aquí la edición impresa
2026-06-19,2026-W25,provincial,LOS ANDES,Mendoza,Cuyo,Mendoza,https://www.losandes.com.ar,Selección Argentina en el Mundial 2026: ¿Qué necesita para clasificar primera frente a Austria?
2026-06-19,2026-W25,provincial,LOS ANDES,Mendoza,Cuyo,Mendoza,https://www.losandes.com.ar,"Francisco Cerúndolo ganó y le dedicó el triunfo a Messi: ""Infinito"""
2026-06-19,2026-W25,provincial,LOS ANDES,Mendoza,Cuyo,Mendoza,https://www.losandes.com.ar,¿Vuelve Leandro Paredes? La gran noticia que espera Scaloni en la Selección Argentina para el Mundial 2026
2026-06-19,2026-W25,provincial,LOS ANDES,Mendoza,Cuyo,Mendoza,https://www.losandes.com.ar,Mundial 2026: La impactante lesión de Ismael Koné en el partido de Canadá ante Qatar
2026-06-19,2026-W25,provincial,LOS ANDES,Mendoza,Cuyo,Mendoza,https://www.losandes.com.ar,"Olimpia incorporó a Tim Payne, la revelación viral del Mundial 2026"
2026-06-19,2026-W25,provincial,LOS ANDES,Mendoza,Cuyo,Mendoza,https://www.losandes.com.ar,La mina Hualilán garantiza su continuidad operativa en San Juan y retomará el transporte de mineral
2026-06-19,2026-W25,provincial,LOS ANDES,Mendoza,Cuyo,Mendoza,https://www.losandes.com.ar,Inspección en PSJ Cobre Mendocino: vecinos y organismos públicos controlan la campaña de perforación
2026-06-19,2026-W25,provincial,LOS ANDES,Mendoza,Cuyo,Mendoza,https://www.losandes.com.ar,Litio en Mendoza: Diputados analiza el proyecto de exploración minera Don Luis
2026-06-19,2026-W25,provincial,LOS ANDES,Mendoza,Cuyo,Mendoza,https://www.losandes.com.ar,Vicuña obtiene el RIGI y despeja un paso clave para la decisión final de inversión
2026-06-19,2026-W25,provincial,LOS ANDES,Mendoza,Cuyo,Mendoza,https://www.losandes.com.ar,"El costo de la construcción registró una suba de 2,7% en mayo, según el Indec"
2026-06-19,2026-W25,provincial,LOS ANDES,Mendoza,Cuyo,Mendoza,https://www.losandes.com.ar,Pabellón DR: profundidad visual y conexión natural
2026-06-19,2026-W25,provincial,LOS ANDES,Mendoza,Cuyo,Mendoza,https://www.losandes.com.ar,Desarrollo inmobiliario: Chacras de Coria suma un nuevo espacio comercial con propuesta gastronómica y de encuentro
2026-06-19,2026-W25,provincial,LOS ANDES,Mendoza,Cuyo,Mendoza,https://www.losandes.com.ar,Repensar el espacio de trabajo: una propuesta mendocina que apuesta a la identidad y la calidez
2026-06-19,2026-W25,provincial,LOS ANDES,Mendoza,Cuyo,Mendoza,https://www.losandes.com.ar,¿La IA nos hará más humanos?
2026-06-19,2026-W25,provincial,LOS ANDES,Mendoza,Cuyo,Mendoza,https://www.losandes.com.ar,Tokenización en Argentina: por qué 77% de los jóvenes busca invertir en activos reales digitales
2026-06-19,2026-W25,provincial,LOS ANDES,Mendoza,Cuyo,Mendoza,https://www.losandes.com.ar,Trabajo en la era de los agentes de IA: qué es el perfil T-shaped que buscan ahora las empresas
2026-06-19,2026-W25,provincial,LOS ANDES,Mendoza,Cuyo,Mendoza,https://www.losandes.com.ar,Transformación digital en Mendoza: más de 100 comerciantes se capacitaron en Luján de Cuyo
2026-06-19,2026-W25,provincial,LOS ANDES,Mendoza,Cuyo,Mendoza,https://www.losandes.com.ar,El cáncer que ya anticipan que aumentará 50% en 20 años en Argentina: ¿por qué avanza en silencio?
2026-06-19,2026-W25,provincial,LOS ANDES,Mendoza,Cuyo,Mendoza,https://www.losandes.com.ar,Lácteos enteros: el descubrimiento que desafía el mito de su riesgo cardiovascular
2026-06-19,2026-W25,provincial,MDZ ONLINE,Mendoza,Cuyo,Mendoza,https://www.mdzol.com,El nuevo vocero de Milei rompió el silencio y fijó sus objetivos tras reemplazar a Adorni
2026-06-19,2026-W25,provincial,MDZ ONLINE,Mendoza,Cuyo,Mendoza,https://www.mdzol.com,"La durísima definición de Adrián Ravier contra Adorni: ""Hay contradicciones que tendrá que explicar"""
2026-06-19,2026-W25,provincial,MDZ ONLINE,Mendoza,Cuyo,Mendoza,https://www.mdzol.com,Aseguran que Gago fue operado y hay preocupación por su salud: el comunicado de la U de Chile
2026-06-19,2026-W25,provincial,MDZ ONLINE,Mendoza,Cuyo,Mendoza,https://www.mdzol.com,Preocupación en el Mundial: un futbolista de Países Bajos sufrió una conmoción cerebral
2026-06-19,2026-W25,provincial,MDZ ONLINE,Mendoza,Cuyo,Mendoza,https://www.mdzol.com,La fake news de Florencia Peña se publicó en un destacado diario estadounidense: qué dice la nota
2026-06-19,2026-W25,provincial,MDZ ONLINE,Mendoza,Cuyo,Mendoza,https://www.mdzol.com,En vivo: Marruecos vence 1-0 a Escocia desde el arranque en Massachusetts
2026-06-19,2026-W25,provincial,MDZ ONLINE,Mendoza,Cuyo,Mendoza,https://www.mdzol.com,Las paradojas de Javier Milei: su vocero lo condenó a seis meses de parálisis comunicacional
2026-06-19,2026-W25,provincial,MDZ ONLINE,Mendoza,Cuyo,Mendoza,https://www.mdzol.com,Últimas Noticias
2026-06-19,2026-W25,provincial,MDZ ONLINE,Mendoza,Cuyo,Mendoza,https://www.mdzol.com,"La vieron desnuda en el trabajo, pidió ayuda y nadie hizo nada: condenaron a Carrefour a pagar $4,7 millones"
2026-06-19,2026-W25,provincial,MDZ ONLINE,Mendoza,Cuyo,Mendoza,https://www.mdzol.com,"La peculiar sentencia de Ancelotti: ""Va ser un Mundial de mucha intensidad y Argentina no la tiene"""
2026-06-19,2026-W25,provincial,MDZ ONLINE,Mendoza,Cuyo,Mendoza,https://www.mdzol.com,"El abogado de Pequeño J denunció que el acusado por el triple crimen sufre ""torturas y violencia"""
2026-06-19,2026-W25,provincial,MDZ ONLINE,Mendoza,Cuyo,Mendoza,https://www.mdzol.com,Video: revelaron cómo está la habitación de Loan Peña a 2 años de su desaparición
2026-06-19,2026-W25,provincial,MDZ ONLINE,Mendoza,Cuyo,Mendoza,https://www.mdzol.com,"Habló la mamá de Villarruel y no tuvo filtro: dijo que Milei le tiene ""celos"" y que ""gobierna la hermana"""
2026-06-19,2026-W25,provincial,MDZ ONLINE,Mendoza,Cuyo,Mendoza,https://www.mdzol.com,"Boniato relleno con jamón y mozzarella, explosión de sabor"
2026-06-19,2026-W25,provincial,MDZ ONLINE,Mendoza,Cuyo,Mendoza,https://www.mdzol.com,La Estados Unidos de Pochettino volvió a pisar fuerte y se impuso 2-0 sobre Australia
2026-06-19,2026-W25,provincial,MDZ ONLINE,Mendoza,Cuyo,Mendoza,https://www.mdzol.com,Brutal choque entre dos trenes en Inglaterra: hay al menos un muerto y 89 heridos
2026-06-19,2026-W25,provincial,MDZ ONLINE,Mendoza,Cuyo,Mendoza,https://www.mdzol.com,Washington apura el diálogo entre Israel y Líbano para sostener el acuerdo de paz con Irán
2026-06-19,2026-W25,provincial,MDZ ONLINE,Mendoza,Cuyo,Mendoza,https://www.mdzol.com,Nicolás Occhiato rompió el silencio en vivo tras el error de Florencia Peña
2026-06-19,2026-W25,provincial,MDZ ONLINE,Mendoza,Cuyo,Mendoza,https://www.mdzol.com,La postura de Renault sobre el futuro de Franco Colapinto en Alpine: cuándo se conocería la decisión
2026-06-19,2026-W25,provincial,MDZ ONLINE,Mendoza,Cuyo,Mendoza,https://www.mdzol.com,Queja formal de Argelia a la FIFA por el arbitraje ante Argentina: las 2 jugadas que protestaron
2026-06-19,2026-W25,provincial,MDZ ONLINE,Mendoza,Cuyo,Mendoza,https://www.mdzol.com,"Insólito video: un hincha brasileño intentó ""mufar"" a la Selección argentina con la estatua de Rocky Balboa"
2026-06-19,2026-W25,provincial,MDZ ONLINE,Mendoza,Cuyo,Mendoza,https://www.mdzol.com,Cómo impactó en la Selección argentina la fake news sobre el papá de Messi y el planteo del plantel a Lionel
2026-06-19,2026-W25,provincial,MDZ ONLINE,Mendoza,Cuyo,Mendoza,https://www.mdzol.com,"Insólita ""remada vikinga"" en el parlamento noruego para apoyar a la selección en el Mundial 2026"
2026-06-19,2026-W25,provincial,MDZ ONLINE,Mendoza,Cuyo,Mendoza,https://www.mdzol.com,"Desde ""flojito conceptualmente"" a ""imbécil total"": los ásperos tuits entre Ravier y Milei en el pasado"
2026-06-19,2026-W25,provincial,MDZ ONLINE,Mendoza,Cuyo,Mendoza,https://www.mdzol.com,Volvieron a allanar la casa de Claudio Barrelier: secuestraron cuchillos y otros elementos
2026-06-19,2026-W25,provincial,MDZ ONLINE,Mendoza,Cuyo,Mendoza,https://www.mdzol.com,Qué ver este fin de semana: 5 estrenos imperdibles que acaban de llegar al streaming
2026-06-19,2026-W25,provincial,MDZ ONLINE,Mendoza,Cuyo,Mendoza,https://www.mdzol.com,Tiroteo y suicidio en pleno centro de Tucumán: los videos del hecho y la declaración de un testigo clave
2026-06-19,2026-W25,provincial,MDZ ONLINE,Mendoza,Cuyo,Mendoza,https://www.mdzol.com,Condenan a una cantante iraní a recibir 74 latigazos por actuar sin velo
2026-06-19,2026-W25,provincial,MDZ ONLINE,Mendoza,Cuyo,Mendoza,https://www.mdzol.com,Manuel Adorni informó que abandona la vocería presidencial y anunció a su sucesor
2026-06-19,2026-W25,provincial,MDZ ONLINE,Mendoza,Cuyo,Mendoza,https://www.mdzol.com,"Tras la intimación de ARCA, el contratista Matías Tabar rompió el silencio y contradijo a Adorni"
2026-06-19,2026-W25,provincial,MDZ ONLINE,Mendoza,Cuyo,Mendoza,https://www.mdzol.com,De Carlos Menem a Javier Milei: la historia de Telefónica en la Argentina llega a su final
2026-06-19,2026-W25,provincial,MDZ ONLINE,Mendoza,Cuyo,Mendoza,https://www.mdzol.com,"Estos son los ganadores y los perdedores del modelo Milei, según un informe de la Fundación Pensar"
2026-06-19,2026-W25,provincial,MDZ ONLINE,Mendoza,Cuyo,Mendoza,https://www.mdzol.com,Comodoro Py se quedó con la causa por supuesto amedrentamiento en el country donde vive Manuel Adorni
2026-06-19,2026-W25,provincial,MDZ ONLINE,Mendoza,Cuyo,Mendoza,https://www.mdzol.com,Pidieron juicio oral para la banda de extorsionadores que llevó a un soldado al suicidio en Olivos
2026-06-19,2026-W25,provincial,MDZ ONLINE,Mendoza,Cuyo,Mendoza,https://www.mdzol.com,Atropellaron a un vendedor ambulante en silla de ruedas y el conductor se dio a la fuga
2026-06-19,2026-W25,provincial,MDZ ONLINE,Mendoza,Cuyo,Mendoza,https://www.mdzol.com,"Sam Reid habló del estreno de The Vampire Lestat: ""Es un refugio para escapar de tiempos oscuros"""
2026-06-19,2026-W25,provincial,MDZ ONLINE,Mendoza,Cuyo,Mendoza,https://www.mdzol.com,Concurso MDZ: más de 7 mil personas ya participan por un Smart TV
2026-06-19,2026-W25,provincial,MDZ ONLINE,Mendoza,Cuyo,Mendoza,https://www.mdzol.com,"Al final, Victoria Villarruel tendrá un lugar preferencial en Rosario y el Gobierno dispone un operativo para que no se cruce con Milei"
2026-06-19,2026-W25,provincial,MDZ ONLINE,Mendoza,Cuyo,Mendoza,https://www.mdzol.com,Hidrovía: el Gobierno confirmó que Jan de Nul se quedó con la vía navegable
2026-06-19,2026-W25,provincial,MDZ ONLINE,Mendoza,Cuyo,Mendoza,https://www.mdzol.com,La actitud que tomó Antonela Roccuzzo con Nico Occhiato tras la falsa noticia en Luzu
2026-06-19,2026-W25,provincial,MDZ ONLINE,Mendoza,Cuyo,Mendoza,https://www.mdzol.com,Se terminó la espera por GTA 6: Rockstar Games confirmó la portada oficial y la fecha de preventa
2026-06-19,2026-W25,provincial,MDZ ONLINE,Mendoza,Cuyo,Mendoza,https://www.mdzol.com,De cuánto es el aumento en los valores de las prestaciones para personas con discapacidad
2026-06-19,2026-W25,provincial,MDZ ONLINE,Mendoza,Cuyo,Mendoza,https://www.mdzol.com,¡Dame dos! Cómo es el avión privado que cuesta 5.000 dólares
2026-06-19,2026-W25,provincial,MDZ ONLINE,Mendoza,Cuyo,Mendoza,https://www.mdzol.com,Fin de semana frío en Buenos Aires: qué anticipa el SMN para el inicio del invierno
2026-06-19,2026-W25,provincial,MDZ ONLINE,Mendoza,Cuyo,Mendoza,https://www.mdzol.com,"Dólar blue: piden que las dos causas por el ""rulo financiero"" tramiten por separado"
2026-06-19,2026-W25,provincial,MDZ ONLINE,Mendoza,Cuyo,Mendoza,https://www.mdzol.com,Feriado en Buenos Aires: quiénes tendrán un fin de semana largo antes de que termine junio
2026-06-19,2026-W25,provincial,MDZ ONLINE,Mendoza,Cuyo,Mendoza,https://www.mdzol.com,El próximo iPhone 18 Pro cambiará su módulo de cámaras trasero
2026-06-19,2026-W25,provincial,MDZ ONLINE,Mendoza,Cuyo,Mendoza,https://www.mdzol.com,Ley Anti trapitos: Jorge Macri endurece las penas y podrán ir presos hasta 60 días
2026-06-19,2026-W25,provincial,MDZ ONLINE,Mendoza,Cuyo,Mendoza,https://www.mdzol.com,"El club que sueña con la vuelta de Cavani tras rescindir su contrato con Boca: ""Las puertas están abiertas"""
2026-06-19,2026-W25,provincial,MDZ ONLINE,Mendoza,Cuyo,Mendoza,https://www.mdzol.com,La pésima noticia que recibió el capitán de Marruecos a horas del choque frente a Escocia
2026-06-19,2026-W25,provincial,DIARIO DE CUYO,San Juan,Cuyo,San Juan,https://www.diariodecuyo.com.ar,"Inauguraron Hola Tulum, el primer Open Mall de San Juan con 22 locales y más de 500 empleos directos"
2026-06-19,2026-W25,provincial,DIARIO DE CUYO,San Juan,Cuyo,San Juan,https://www.diariodecuyo.com.ar,Los aliados al Gobierno salen a apoyar la defensa de los límites con La Rioja y el PJ tiene los que bancan y los que se corren
2026-06-19,2026-W25,provincial,DIARIO DE CUYO,San Juan,Cuyo,San Juan,https://www.diariodecuyo.com.ar,Hualilán confirmó que reanudará el transporte de mineral a Casposo en el cuarto trimestre del año
2026-06-19,2026-W25,provincial,DIARIO DE CUYO,San Juan,Cuyo,San Juan,https://www.diariodecuyo.com.ar,Condenaron a los integrantes de la banda que asaltó a un barbero y tenía un búnker secreto: los mandaron a trabajar
2026-06-19,2026-W25,provincial,DIARIO DE CUYO,San Juan,Cuyo,San Juan,https://www.diariodecuyo.com.ar,"Baigorrí tildó de ""absurda"" la acusación de censura a fiscales, habló de la relación con el CONFIAS y pidió a la Corte más cargos"
2026-06-19,2026-W25,provincial,DIARIO DE CUYO,San Juan,Cuyo,San Juan,https://www.diariodecuyo.com.ar,Buscan intensamente a un adolescente que desapareció en San Juan
2026-06-19,2026-W25,provincial,DIARIO DE CUYO,San Juan,Cuyo,San Juan,https://www.diariodecuyo.com.ar,Liga Sanjuanina: Torneo Clausura en marcha con anticipo y fin de semana full
2026-06-19,2026-W25,provincial,DIARIO DE CUYO,San Juan,Cuyo,San Juan,https://www.diariodecuyo.com.ar,Santa Lucía en movimiento: lanzan el taller gratuito para prevenir el Alzheimer en personas mayores
2026-06-19,2026-W25,provincial,DIARIO DE CUYO,San Juan,Cuyo,San Juan,https://www.diariodecuyo.com.ar,Los detalles de la ley que aprobó La Rioja con la que pretende quitarle territorio a San Juan
2026-06-19,2026-W25,provincial,DIARIO DE CUYO,San Juan,Cuyo,San Juan,https://www.diariodecuyo.com.ar,Día del Padre: beneficios y descuentos especiales con PASS Club de Beneficios en San Juan
2026-06-19,2026-W25,provincial,DIARIO DE CUYO,San Juan,Cuyo,San Juan,https://www.diariodecuyo.com.ar,Marruecos vence a Escocia desde el arranque 1-0 en el Mundial 2026
2026-06-19,2026-W25,provincial,DIARIO DE CUYO,San Juan,Cuyo,San Juan,https://www.diariodecuyo.com.ar,"En la danza de los príncipes a la corona, Argentina aún es el rey"
2026-06-19,2026-W25,provincial,DIARIO DE CUYO,San Juan,Cuyo,San Juan,https://www.diariodecuyo.com.ar,La Selección argentina se entrenó en Kansas: Nahuel Molina gana terreno para ser titular ante Austria
2026-06-19,2026-W25,provincial,DIARIO DE CUYO,San Juan,Cuyo,San Juan,https://www.diariodecuyo.com.ar,"Estados Unidos venció 2-0 a Australia, terminó primero en su grupo y avanzó con autoridad en el Mundial 2026"
2026-06-19,2026-W25,provincial,DIARIO DE CUYO,San Juan,Cuyo,San Juan,https://www.diariodecuyo.com.ar,Agenda del Mundial 2026: partidos de este viernes 19 de junio
2026-06-19,2026-W25,provincial,DIARIO DE CUYO,San Juan,Cuyo,San Juan,https://www.diariodecuyo.com.ar,"Convocan a un ""bocinazo"" en Valle Fértil para defender los límites de San Juan en medio del conflicto con La Rioja"
2026-06-19,2026-W25,provincial,DIARIO DE CUYO,San Juan,Cuyo,San Juan,https://www.diariodecuyo.com.ar,San Martín vs Agropecuario: refuerzan la seguridad tras los incidentes con Nueva Chicago
2026-06-19,2026-W25,provincial,DIARIO DE CUYO,San Juan,Cuyo,San Juan,https://www.diariodecuyo.com.ar,Solidaridad en Angaco: donaron materiales didácticos a la Escuela de Educación Especial Teresa de Asencio
2026-06-19,2026-W25,provincial,DIARIO DE CUYO,San Juan,Cuyo,San Juan,https://www.diariodecuyo.com.ar,Chimbas honra a la Bandera Argentina: más de 3.500 personas participarán del desfile cívico militar
2026-06-19,2026-W25,provincial,DIARIO DE CUYO,San Juan,Cuyo,San Juan,https://www.diariodecuyo.com.ar,"Crucigrama, un clásico que desafía la mente"
2026-06-19,2026-W25,provincial,DIARIO DE CUYO,San Juan,Cuyo,San Juan,https://www.diariodecuyo.com.ar,"Conexia, el juego de palabras que entretiene a millones"
2026-06-19,2026-W25,provincial,DIARIO DE CUYO,San Juan,Cuyo,San Juan,https://www.diariodecuyo.com.ar,Jugá y activá tu mente con Geo-Puzzle
2026-06-19,2026-W25,provincial,DIARIO DE CUYO,San Juan,Cuyo,San Juan,https://www.diariodecuyo.com.ar,"CazaPalabras, toda una prueba para tu memoria"
2026-06-19,2026-W25,provincial,DIARIO DE CUYO,San Juan,Cuyo,San Juan,https://www.diariodecuyo.com.ar,Drogaba a su esposa y la obligaba a tener sexo con desconocidos para ganar casi 100 mil euros: fue condenado
2026-06-19,2026-W25,provincial,DIARIO DE CUYO,San Juan,Cuyo,San Juan,https://www.diariodecuyo.com.ar,Conmoción por la muerte de un recién nacido
2026-06-19,2026-W25,provincial,DIARIO DE CUYO,San Juan,Cuyo,San Juan,https://www.diariodecuyo.com.ar,Cayó un policía investigado por presuntos abusos contra 7 sobrinos durante 20 años
2026-06-19,2026-W25,provincial,DIARIO DE CUYO,San Juan,Cuyo,San Juan,https://www.diariodecuyo.com.ar,Una enfermera se descompensó mientras trabajaba y murió dentro del hospital
2026-06-19,2026-W25,provincial,DIARIO DE CUYO,San Juan,Cuyo,San Juan,https://www.diariodecuyo.com.ar,Crimen en San Cristóbal: apuñalaron a un joven de 29 años en plena vía pública
2026-06-19,2026-W25,provincial,DIARIO DE CUYO,San Juan,Cuyo,San Juan,https://www.diariodecuyo.com.ar,Tragedia en la ruta: dos muertos tras un brutal choque entre un auto y un camión
2026-06-19,2026-W25,provincial,DIARIO DE CUYO,San Juan,Cuyo,San Juan,https://www.diariodecuyo.com.ar,¡Argentina alienta y celebra!
2026-06-19,2026-W25,provincial,DIARIO DE CUYO,San Juan,Cuyo,San Juan,https://www.diariodecuyo.com.ar,¡Jugar nos une!
2026-06-19,2026-W25,provincial,DIARIO DE CUYO,San Juan,Cuyo,San Juan,https://www.diariodecuyo.com.ar,¡Jugar también es aprender!
2026-06-19,2026-W25,provincial,DIARIO DE CUYO,San Juan,Cuyo,San Juan,https://www.diariodecuyo.com.ar,Freno de mano: la industria nacional volvió a caer en mayo y algunos sectores operan hasta 30%
2026-06-19,2026-W25,provincial,DIARIO DE CUYO,San Juan,Cuyo,San Juan,https://www.diariodecuyo.com.ar,El ministro de Economía de San Juan participó de una reunión del Consejo Federal de Responsabilidad Fiscal encabezada por Luis Caputo
2026-06-19,2026-W25,provincial,DIARIO DE CUYO,San Juan,Cuyo,San Juan,https://www.diariodecuyo.com.ar,"Con el desembarco de Jetsmart, San Juan asegura la continuidad de los vuelos low cost"
2026-06-19,2026-W25,provincial,DIARIO DE CUYO,San Juan,Cuyo,San Juan,https://www.diariodecuyo.com.ar,"La actividad industrial no encuentra piso: según la UIA, la producción volvió a caer en mayo 5%"
2026-06-19,2026-W25,provincial,DIARIO DE CUYO,San Juan,Cuyo,San Juan,https://www.diariodecuyo.com.ar,Confirmaron la fecha de pago del medio aguinaldo para los estatales sanjuaninos
2026-06-19,2026-W25,provincial,DIARIO DE CUYO,San Juan,Cuyo,San Juan,https://www.diariodecuyo.com.ar,El porqué de la pausa en contratos locales: Hualilán redefine su perfil productivo tras el ingreso de nuevas autoridades
2026-06-19,2026-W25,provincial,DIARIO DE CUYO,San Juan,Cuyo,San Juan,https://www.diariodecuyo.com.ar,Huertas hidropónicas para escuelas de Calingasta
2026-06-19,2026-W25,provincial,DIARIO DE CUYO,San Juan,Cuyo,San Juan,https://www.diariodecuyo.com.ar,Minería en San Juan: suspendieron el transporte de mineral entre Hualilán y Casposo y crece la incertidumbre
2026-06-19,2026-W25,provincial,DIARIO DE CUYO,San Juan,Cuyo,San Juan,https://www.diariodecuyo.com.ar,"José Morea de Vicuña: ""Si se aprueba la inversión vamos a superar las metas que pide el RIGI"""
2026-06-19,2026-W25,provincial,DIARIO DE CUYO,San Juan,Cuyo,San Juan,https://www.diariodecuyo.com.ar,Vicuña tiene RIGI para convencer a sus accionistas y queda más cerca de iniciar la construcción
2026-06-19,2026-W25,provincial,DIARIO DE CUYO,San Juan,Cuyo,San Juan,https://www.diariodecuyo.com.ar,Caputo confirmó el ingreso de Vicuña al RIGI: será la mayor inversión minera de la historia argentina
2026-06-19,2026-W25,provincial,DIARIO DE CUYO,San Juan,Cuyo,San Juan,https://www.diariodecuyo.com.ar,"La construcción y la industria cayeron 2,8% en abril y vuelven a encender las alarmas económicas."
2026-06-19,2026-W25,provincial,DIARIO DE CUYO,San Juan,Cuyo,San Juan,https://www.diariodecuyo.com.ar,"Paritarias de la UOCRA: los nuevos sueldos de la construcción para junio, julio y agosto"
2026-06-19,2026-W25,provincial,DIARIO DE CUYO,San Juan,Cuyo,San Juan,https://www.diariodecuyo.com.ar,"Revestimientos en piedra: una tendencia que transforma, jerarquiza y conecta con la naturaleza"
2026-06-19,2026-W25,provincial,DIARIO DE CUYO,San Juan,Cuyo,San Juan,https://www.diariodecuyo.com.ar,Créditos hipotecarios en San Juan y Mendoza: crecen las consultas para comprar viviendas pese al freno de la construcción
2026-06-19,2026-W25,provincial,DIARIO DE CUYO,San Juan,Cuyo,San Juan,https://www.diariodecuyo.com.ar,Espacio de Marca
2026-06-19,2026-W25,provincial,DIARIO DE CUYO,San Juan,Cuyo,San Juan,https://www.diariodecuyo.com.ar,Día del Padre: Sporting sortea 20 camisetas oficiales de la Selección Argentina
2026-06-19,2026-W25,provincial,DIARIO DE CUYO,San Juan,Cuyo,San Juan,https://www.diariodecuyo.com.ar,"Te presentamos la novedosa ""tabla calienta pies"", un regalo ideal para el Día del Padre"
2026-06-19,2026-W25,provincial,EL ZONDA,San Juan,Cuyo,San Juan,https://www.diarioelzondasj.com.ar,Reconocimiento en San Juan. San Juan recordó a Alberto Mugnos y su aporte al rugby inclusivo
2026-06-19,2026-W25,provincial,EL ZONDA,San Juan,Cuyo,San Juan,https://www.diarioelzondasj.com.ar,Alerta provincial. Buscan a un joven de 17 años desaparecido en San Juan
2026-06-19,2026-W25,provincial,EL ZONDA,San Juan,Cuyo,San Juan,https://www.diarioelzondasj.com.ar,Causa por presunto comercio clandestino. Allanan viviendas en Caucete por una presunta maniobra ilegal con pasas de uva
2026-06-19,2026-W25,provincial,EL ZONDA,San Juan,Cuyo,San Juan,https://www.diarioelzondasj.com.ar,Siniestro vial. Un motociclista chocó con un camión municipal en una transitada esquina de Rivadavia
2026-06-19,2026-W25,provincial,EL ZONDA,San Juan,Cuyo,San Juan,https://www.diarioelzondasj.com.ar,"Día de la Bandera. En medio de las tensiones libertarias, Milei respalda a Adorni y Villarruel se desmarca"
2026-06-19,2026-W25,provincial,EL ZONDA,San Juan,Cuyo,San Juan,https://www.diarioelzondasj.com.ar,Cambio en la conducción. Boca confirmó el regreso de Rodolfo Arruabarrena como nuevo técnico
2026-06-19,2026-W25,provincial,EL ZONDA,San Juan,Cuyo,San Juan,https://www.diarioelzondasj.com.ar,"Inclusión y bienestar. Jáchal lanzó ""Encuentros que Cuidan"", un espacio dedicado a las personas mayores"
2026-06-19,2026-W25,provincial,EL ZONDA,San Juan,Cuyo,San Juan,https://www.diarioelzondasj.com.ar,Señales de alerta. Bancos reordenan deudas ante la suba de la mora y crece el debate por las refinanciaciones
2026-06-19,2026-W25,provincial,EL ZONDA,San Juan,Cuyo,San Juan,https://www.diarioelzondasj.com.ar,Desarrollo comercial. Autoridades provinciales y municipales acompañaron la apertura de un nuevo shopping en Capital
2026-06-19,2026-W25,provincial,EL ZONDA,San Juan,Cuyo,San Juan,https://www.diarioelzondasj.com.ar,Agenda salarial. Aguinaldo de junio 2026: cuándo vence el pago y qué plazos rigen para cada sector
2026-06-19,2026-W25,provincial,EL ZONDA,San Juan,Cuyo,San Juan,https://www.diarioelzondasj.com.ar,Nueva definición. San Juan avanza con una nueva licitación para concesionar el Hotel Provincial
2026-06-19,2026-W25,provincial,EL ZONDA,San Juan,Cuyo,San Juan,https://www.diarioelzondasj.com.ar,Reclamo internacional. Argelia elevó una queja ante la FIFA por el arbitraje frente a Argentina
2026-06-19,2026-W25,provincial,EL ZONDA,San Juan,Cuyo,San Juan,https://www.diarioelzondasj.com.ar,Mercado cambiario. El Central desacelera la compra de dólares pese al fuerte ingreso de divisas
2026-06-19,2026-W25,provincial,EL ZONDA,San Juan,Cuyo,San Juan,https://www.diarioelzondasj.com.ar,"Comercio en contraste. Abril dejó caídas en supermercados y mayoristas, con repunte en shoppings"
2026-06-19,2026-W25,provincial,EL ZONDA,San Juan,Cuyo,San Juan,https://www.diarioelzondasj.com.ar,Revisión judicial. La Cámara federal puso en duda la validez del DNU migratorio de Milei
2026-06-19,2026-W25,provincial,EL ZONDA,San Juan,Cuyo,San Juan,https://www.diarioelzondasj.com.ar,Movimiento en el Gobierno. Bullrich respaldó el nombramiento de Ravier y reabrió el debate sobre Adorni
2026-06-19,2026-W25,provincial,EL ZONDA,San Juan,Cuyo,San Juan,https://www.diarioelzondasj.com.ar,"Tenis internacional. Cerúndolo superó a Fery y accedió a semifinales en Queen""s"
2026-06-19,2026-W25,provincial,EL ZONDA,San Juan,Cuyo,San Juan,https://www.diarioelzondasj.com.ar,A través de un escrito. ADEPA cuestionó las restricciones a la información en el Ministerio Público de San Juan
2026-06-19,2026-W25,provincial,EL ZONDA,San Juan,Cuyo,San Juan,https://www.diarioelzondasj.com.ar,Industria en retroceso. La UIA proyecta otra merma de la actividad fabril en mayo
2026-06-19,2026-W25,provincial,EL ZONDA,San Juan,Cuyo,San Juan,https://www.diarioelzondasj.com.ar,Alivio fiscal. Carambia propone bajar a la mitad la presión impositiva sobre los combustibles
2026-06-19,2026-W25,provincial,EL ZONDA,San Juan,Cuyo,San Juan,https://www.diarioelzondasj.com.ar,Salud y fútbol. Fernando Gago quedó bajo observación médica en Santiago tras una intervención de urgencia
2026-06-19,2026-W25,provincial,EL ZONDA,San Juan,Cuyo,San Juan,https://www.diarioelzondasj.com.ar,Relevo en Comunicación Oficial. Adrián Ravier asumirá como nuevo vocero de la Presidencia
2026-06-19,2026-W25,provincial,EL ZONDA,San Juan,Cuyo,San Juan,https://www.diarioelzondasj.com.ar,Servicios locales. La Municipalidad de la Ciudad de San Juan detalló el esquema de atención por el feriado del 20 de junio
2026-06-19,2026-W25,provincial,EL ZONDA,San Juan,Cuyo,San Juan,https://www.diarioelzondasj.com.ar,Mundial 2026. Pablo Aimar destacó la solidez de Austria y la calma que aporta Scaloni
2026-06-19,2026-W25,provincial,EL ZONDA,San Juan,Cuyo,San Juan,https://www.diarioelzondasj.com.ar,Capacitación y comercio exterior. San Juan reunirá a empresas y organismos para fortalecer su perfil exportador
2026-06-19,2026-W25,provincial,EL ZONDA,San Juan,Cuyo,San Juan,https://www.diarioelzondasj.com.ar,Mesa interinstitucional. San Juan definió una agenda conjunta para reforzar la prevención de la trata de personas
2026-06-19,2026-W25,provincial,EL ZONDA,San Juan,Cuyo,San Juan,https://www.diarioelzondasj.com.ar,"Agenda cultural provincial. San Juan concentrará teatro, música y feria de arte durante tres jornadas"
2026-06-19,2026-W25,provincial,EL ZONDA,San Juan,Cuyo,San Juan,https://www.diarioelzondasj.com.ar,"Declaraciones. Fabián Martín aseguró que el reclamo de Quintela ""no tiene sustento jurídico"""
2026-06-19,2026-W25,provincial,EL ZONDA,San Juan,Cuyo,San Juan,https://www.diarioelzondasj.com.ar,Conflicto limítrofe. Rueda apoyó a Orrego y dijo que Diputados volverá a fijar posición por el reclamo de La Rioja
2026-06-19,2026-W25,provincial,EL ZONDA,San Juan,Cuyo,San Juan,https://www.diarioelzondasj.com.ar,Judicial. Condenaron a un hombre por violencia intrafamiliar en un caso que sienta precedente en San Juan
2026-06-19,2026-W25,provincial,EL ZONDA,San Juan,Cuyo,San Juan,https://www.diarioelzondasj.com.ar,Comunicado de FOPEA. FOPEA cuestionó la difusión de una noticia falsa en el programa de Florencia Peña
2026-06-19,2026-W25,provincial,EL ZONDA,San Juan,Cuyo,San Juan,https://www.diarioelzondasj.com.ar,Arte y memoria sanjuanina. Una muestra en el Carrascal revisita la obra de Jorge Leonidas Escudero
2026-06-19,2026-W25,provincial,EL ZONDA,San Juan,Cuyo,San Juan,https://www.diarioelzondasj.com.ar,"Cultura asiática. La llegada de Gino Drag, el sorteo de Stray Kids y concursos con dinero en efectivo: todo listo para ""Tokyo No Yoru"""
2026-06-19,2026-W25,provincial,EL ZONDA,San Juan,Cuyo,San Juan,https://www.diarioelzondasj.com.ar,Importante. Convocan a bailarines sanjuaninos para integrar la Gala Patria del 9 de Julio
2026-06-19,2026-W25,provincial,EL ZONDA,San Juan,Cuyo,San Juan,https://www.diarioelzondasj.com.ar,"Este sabado. ""Devotion"", la propuesta musical de Kapai Duo llega al Teatro del Bicentenario"
2026-06-19,2026-W25,provincial,EL ZONDA,San Juan,Cuyo,San Juan,https://www.diarioelzondasj.com.ar,Interesante. Sonido Real Reggae Fest celebra la historia y el presente del reggae sanjuanino
2026-06-19,2026-W25,provincial,EL ZONDA,San Juan,Cuyo,San Juan,https://www.diarioelzondasj.com.ar,Música fusión. Piel de Jarilla: El latido electrónico de la raíz cuyana
2026-06-19,2026-W25,provincial,EL ZONDA,San Juan,Cuyo,San Juan,https://www.diarioelzondasj.com.ar,Visita educativa. Cultura vincula a estudiantes de arte con los oficios tradicionales
2026-06-19,2026-W25,provincial,EL ZONDA,San Juan,Cuyo,San Juan,https://www.diarioelzondasj.com.ar,Atención territorial. Operativo sanitario móvil atenderá en Pedernal durante una semana
2026-06-19,2026-W25,provincial,EL ZONDA,San Juan,Cuyo,San Juan,https://www.diarioelzondasj.com.ar,Festejos fundacionales. La Capital admite fallas en la entrega de entradas para la gala de la Fundación de San Juan
2026-06-19,2026-W25,provincial,EL ZONDA,San Juan,Cuyo,San Juan,https://www.diarioelzondasj.com.ar,Agenda productiva y cultural. La segunda edición de S.A.B.O.R. Sanjuanino reunirá a actores clave de la gastronomía provincial
2026-06-19,2026-W25,provincial,EL ZONDA,San Juan,Cuyo,San Juan,https://www.diarioelzondasj.com.ar,Alerta sanitaria. ¿Por qué hay tantas personas enfermas? La explicación de un experto que genera preocupación
2026-06-19,2026-W25,provincial,EL ZONDA,San Juan,Cuyo,San Juan,https://www.diarioelzondasj.com.ar,Firma y personalidad. Qué interpreta la grafología cuando una persona firma solo con la inicial
2026-06-19,2026-W25,provincial,EL ZONDA,San Juan,Cuyo,San Juan,https://www.diarioelzondasj.com.ar,Vida práctica. Cómo darles un nuevo uso a los imanes viejos que hay en casa
2026-06-19,2026-W25,provincial,EL ZONDA,San Juan,Cuyo,San Juan,https://www.diarioelzondasj.com.ar,Tecnología. WhatsApp suma funciones especiales por el Mundial 2026
2026-06-19,2026-W25,provincial,EL ZONDA,San Juan,Cuyo,San Juan,https://www.diarioelzondasj.com.ar,Seguridad digital. WhatsApp incorpora una función beta para advertir sobre posibles estafas
2026-06-19,2026-W25,provincial,HUARPE,San Juan,Cuyo,San Juan,https://www.diariohuarpe.com,"Diario Huarpe: Últimas noticias de San Juan, Argentina y el mundo"
2026-06-19,2026-W25,provincial,HUARPE,San Juan,Cuyo,San Juan,https://www.diariohuarpe.com,"Abrió sus puertas el shopping Tulum, el nuevo centro comercial de Capital"
2026-06-19,2026-W25,provincial,HUARPE,San Juan,Cuyo,San Juan,https://www.diariohuarpe.com,Hualilán pausó el transporte de mineral y reprograma su operación
2026-06-19,2026-W25,provincial,HUARPE,San Juan,Cuyo,San Juan,https://www.diariohuarpe.com,Comenzó el primer tiempo entre Escocia y Marruecos por el Grupo C
2026-06-19,2026-W25,provincial,HUARPE,San Juan,Cuyo,San Juan,https://www.diariohuarpe.com,De Kansas a Dallas: la travesía de GRUPO HUARPE por la histórica Ruta 66
2026-06-19,2026-W25,provincial,HUARPE,San Juan,Cuyo,San Juan,https://www.diariohuarpe.com,"Lucy y Zequi, los niños que caminaron junto a la Scaloneta"
2026-06-19,2026-W25,provincial,HUARPE,San Juan,Cuyo,San Juan,https://www.diariohuarpe.com,HUARPE vive desde adentro la previa del debut de Argentina en el Mundial
2026-06-19,2026-W25,provincial,HUARPE,San Juan,Cuyo,San Juan,https://www.diariohuarpe.com,Entre semitas y banderas: los sanjuaninos que se cruzó Grupo Huarpe en la Copa del Mundo
2026-06-19,2026-W25,provincial,HUARPE,San Juan,Cuyo,San Juan,https://www.diariohuarpe.com,Estados Unidos venció 2 a 0 a Australia y lidera el Grupo D
2026-06-19,2026-W25,provincial,HUARPE,San Juan,Cuyo,San Juan,https://www.diariohuarpe.com,La segunda fecha del Mundial continúa este viernes con tres grandes partidos
2026-06-19,2026-W25,provincial,HUARPE,San Juan,Cuyo,San Juan,https://www.diariohuarpe.com,Brasil y Haití están necesitados de victoria para seguir vivos en el Mundial
2026-06-19,2026-W25,provincial,HUARPE,San Juan,Cuyo,San Juan,https://www.diariohuarpe.com,La Copa del Mundo 2026 rompe una marca que preocupa a la FIFA
2026-06-19,2026-W25,provincial,HUARPE,San Juan,Cuyo,San Juan,https://www.diariohuarpe.com,FIFA confirmó al árbitro egipcio Amin Mohamed para Argentina-Austria
2026-06-19,2026-W25,provincial,HUARPE,San Juan,Cuyo,San Juan,https://www.diariohuarpe.com,Grupos y resultados
2026-06-19,2026-W25,provincial,HUARPE,San Juan,Cuyo,San Juan,https://www.diariohuarpe.com,Fixture: resultados y posiciones en vivo
2026-06-19,2026-W25,provincial,HUARPE,San Juan,Cuyo,San Juan,https://www.diariohuarpe.com,"Con 90 peleas, el Aldo Cantoni recibe un gran torneo de kickboxing interprovincial"
2026-06-19,2026-W25,provincial,HUARPE,San Juan,Cuyo,San Juan,https://www.diariohuarpe.com,Adepa expresó su preocupación por restricciones a la información pública
2026-06-19,2026-W25,provincial,HUARPE,San Juan,Cuyo,San Juan,https://www.diariohuarpe.com,Cabello confirmó que buscará otro mandato en la CGT
2026-06-19,2026-W25,provincial,HUARPE,San Juan,Cuyo,San Juan,https://www.diariohuarpe.com,"Uno de los detenidos pidió ser liberado, pero el juez ratifició que siga en el Penal"
2026-06-19,2026-W25,provincial,HUARPE,San Juan,Cuyo,San Juan,https://www.diariohuarpe.com,Cáncer de endometrio: la importancia de consultar ante sangrados anormales
2026-06-19,2026-W25,provincial,HUARPE,San Juan,Cuyo,San Juan,https://www.diariohuarpe.com,"Aprender, Trabajar y Producir ya cuenta con más de 6.000 inscriptos y suma nuevas ofertas"
2026-06-19,2026-W25,provincial,HUARPE,San Juan,Cuyo,San Juan,https://www.diariohuarpe.com,"Tras perder con Argentina, Argelia denunció en la FIFA fallos arbitrales"
2026-06-19,2026-W25,provincial,HUARPE,San Juan,Cuyo,San Juan,https://www.diariohuarpe.com,Pablo Aimar reveló las claves de la convivencia y analizó el escenario mundialista
2026-06-19,2026-W25,provincial,HUARPE,San Juan,Cuyo,San Juan,https://www.diariohuarpe.com,Ravier tras su designación: “Trataré de aportar para comunicar los logros del Gobierno”
2026-06-19,2026-W25,provincial,HUARPE,San Juan,Cuyo,San Juan,https://www.diariohuarpe.com,Últimas noticias
2026-06-19,2026-W25,provincial,HUARPE,San Juan,Cuyo,San Juan,https://www.diariohuarpe.com,La Rioja declaró nula una ley nacional y crece la disputa limítrofe con San Juan
2026-06-19,2026-W25,provincial,HUARPE,San Juan,Cuyo,San Juan,https://www.diariohuarpe.com,Gremio de la construcción se sumó a la defensa de San Juan
2026-06-19,2026-W25,provincial,HUARPE,San Juan,Cuyo,San Juan,https://www.diariohuarpe.com,Actuar apoyó a Orrego ante el avance de La Rioja
2026-06-19,2026-W25,provincial,HUARPE,San Juan,Cuyo,San Juan,https://www.diariohuarpe.com,"Quién es Adrián Ravier, el economista elegido por Milei como vocero"
2026-06-19,2026-W25,provincial,HUARPE,San Juan,Cuyo,San Juan,https://www.diariohuarpe.com,UPD 2026 en San Juan: Escuela Laprida y Desamparados fueron protagonistas
2026-06-19,2026-W25,provincial,HUARPE,San Juan,Cuyo,San Juan,https://www.diariohuarpe.com,La secretaria de Educación habló sobre el cupo de jardínes de 4
2026-06-19,2026-W25,provincial,HUARPE,San Juan,Cuyo,San Juan,https://www.diariohuarpe.com,Santa Lucía vivió una emotiva promesa de lealtad con 1.600 estudiantes
2026-06-19,2026-W25,provincial,HUARPE,San Juan,Cuyo,San Juan,https://www.diariohuarpe.com,Los alumnos de Rawson prometieron lealtad a la Bandera Argentina
2026-06-19,2026-W25,provincial,HUARPE,San Juan,Cuyo,San Juan,https://www.diariohuarpe.com,San Juan acelera la Zona Franca de Jáchal con un perfil marcado por la minería
2026-06-19,2026-W25,provincial,HUARPE,San Juan,Cuyo,San Juan,https://www.diariohuarpe.com,"Achem sobre Vicuña y las firmas chinas: ""Cerrar el país a la tecnología tuvo consecuencias"""
2026-06-19,2026-W25,provincial,HUARPE,San Juan,Cuyo,San Juan,https://www.diariohuarpe.com,Orrego salió al cruce de Quintela y defendió los límites de San Juan
2026-06-19,2026-W25,provincial,HUARPE,San Juan,Cuyo,San Juan,https://www.diariohuarpe.com,Cómo preparar pizza a la barbacoa con carne y toque crujiente
2026-06-19,2026-W25,provincial,HUARPE,San Juan,Cuyo,San Juan,https://www.diariohuarpe.com,Revelaron qué le dolió más a Jorge Messi tras las fake news de su muerte
2026-06-19,2026-W25,provincial,HUARPE,San Juan,Cuyo,San Juan,https://www.diariohuarpe.com,La bronca de las mamás de la Selección tras la fake news del papá de Messi
2026-06-19,2026-W25,provincial,HUARPE,San Juan,Cuyo,San Juan,https://www.diariohuarpe.com,River le busca salida a un jugador de la gestión de Gallardo
2026-06-19,2026-W25,provincial,HUARPE,San Juan,Cuyo,San Juan,https://www.diariohuarpe.com,Martín pidió unidad política para defender los límites de San Juan
2026-06-19,2026-W25,provincial,HUARPE,San Juan,Cuyo,San Juan,https://www.diariohuarpe.com,Cuál es la fecha límite para que te paguen el aguinaldo y cómo calcularlo
2026-06-19,2026-W25,provincial,HUARPE,San Juan,Cuyo,San Juan,https://www.diariohuarpe.com,Soledad Andreani se negó a declarar por el crimen de Agostina Vega
2026-06-19,2026-W25,provincial,HUARPE,San Juan,Cuyo,San Juan,https://www.diariohuarpe.com,Una escuela junta firmas para crear un CENS y sumar más orientación ambiental
2026-06-19,2026-W25,provincial,HUARPE,San Juan,Cuyo,San Juan,https://www.diariohuarpe.com,Dante Alighieri y Néstor Kirchner se enfrentaron en UPD
2026-06-19,2026-W25,provincial,HUARPE,San Juan,Cuyo,San Juan,https://www.diariohuarpe.com,"UPD: amistad, anécdotas y emoción en el duelo entre Caucete y Capital"
2026-06-19,2026-W25,provincial,HUARPE,San Juan,Cuyo,San Juan,https://www.diariohuarpe.com,María Auxiliadora y Provincia de Tucumán dieron batalla en UPD
2026-06-19,2026-W25,provincial,HUARPE,San Juan,Cuyo,San Juan,https://www.diariohuarpe.com,"UPD: hubo cumpleaños, apareció el comodín y el duelo parejo"
2026-06-19,2026-W25,provincial,HUARPE,San Juan,Cuyo,San Juan,https://www.diariohuarpe.com,El Bloquismo pidió unidad política para defender los límites de San Juan
2026-06-19,2026-W25,provincial,HUARPE,San Juan,Cuyo,San Juan,https://www.diariohuarpe.com,"El consumo sigue débil: subieron supermercados, pero no alcanza"
2026-06-19,2026-W25,provincial,DIARIO DE LA REPÚBLICA,San Luis,Cuyo,San Luis,https://www.eldiariodelarepublica.com,El Diario de la República
2026-06-19,2026-W25,provincial,DIARIO DE LA REPÚBLICA,San Luis,Cuyo,San Luis,https://www.eldiariodelarepublica.com,"Quién es Adrián Ravier, el economista que asume la vocería presidencial"
2026-06-19,2026-W25,provincial,DIARIO DE LA REPÚBLICA,San Luis,Cuyo,San Luis,https://www.eldiariodelarepublica.com,Cinismo: Poggi festejó que hay más presos mientras los robos no paran
2026-06-19,2026-W25,provincial,DIARIO DE LA REPÚBLICA,San Luis,Cuyo,San Luis,https://www.eldiariodelarepublica.com,Estados Unidos le ganó a Australia y está en dieciseisavos de final
2026-06-19,2026-W25,provincial,DIARIO DE LA REPÚBLICA,San Luis,Cuyo,San Luis,https://www.eldiariodelarepublica.com,Qué resultados necesita la Selección argentina para clasificar a los 16avos de final
2026-06-19,2026-W25,provincial,DIARIO DE LA REPÚBLICA,San Luis,Cuyo,San Luis,https://www.eldiariodelarepublica.com,Se viene el debut del árbitro argentino Darío Herrera
2026-06-19,2026-W25,provincial,DIARIO DE LA REPÚBLICA,San Luis,Cuyo,San Luis,https://www.eldiariodelarepublica.com,El consumo sigue estancado y no muestra señales de recuperación
2026-06-19,2026-W25,provincial,DIARIO DE LA REPÚBLICA,San Luis,Cuyo,San Luis,https://www.eldiariodelarepublica.com,"“En Potrero de los Funes el turismo está muy cortito y la ocupación no supera el 30%'"""
2026-06-19,2026-W25,provincial,DIARIO DE LA REPÚBLICA,San Luis,Cuyo,San Luis,https://www.eldiariodelarepublica.com,Fattori será el tercer refuerzo de River
2026-06-19,2026-W25,provincial,DIARIO DE LA REPÚBLICA,San Luis,Cuyo,San Luis,https://www.eldiariodelarepublica.com,"El ""Año de la Educación"" de Poggi: parches para un sistema en ruinas"
2026-06-19,2026-W25,provincial,DIARIO DE LA REPÚBLICA,San Luis,Cuyo,San Luis,https://www.eldiariodelarepublica.com,Tenía 164 mil imágenes de abuso sexual infantil y pasará cuatro años de prisión en su casa
2026-06-19,2026-W25,provincial,DIARIO DE LA REPÚBLICA,San Luis,Cuyo,San Luis,https://www.eldiariodelarepublica.com,"Camino a Terrazas de Portezuelo, un hombre duerme sin abrigo, adentro de un canal"
2026-06-19,2026-W25,provincial,DIARIO DE LA REPÚBLICA,San Luis,Cuyo,San Luis,https://www.eldiariodelarepublica.com,"Viernes de chamamé, teatro local y música para todos los gustos"
2026-06-19,2026-W25,provincial,DIARIO DE LA REPÚBLICA,San Luis,Cuyo,San Luis,https://www.eldiariodelarepublica.com,La urgencia y la nobleza de un mensaje natural
2026-06-19,2026-W25,provincial,DIARIO DE LA REPÚBLICA,San Luis,Cuyo,San Luis,https://www.eldiariodelarepublica.com,Vecinos piden más actos oficiales para que el Municipio haga arreglos en las plazas
2026-06-19,2026-W25,provincial,DIARIO DE LA REPÚBLICA,San Luis,Cuyo,San Luis,https://www.eldiariodelarepublica.com,Indicador en rojo: San Luis perdió 344 empresas desde fines del 2023
2026-06-19,2026-W25,provincial,DIARIO DE LA REPÚBLICA,San Luis,Cuyo,San Luis,https://www.eldiariodelarepublica.com,Trombotto le ganó la pulseada a Ordoñez por Ambiente y los radicales preparan su regreso
2026-06-19,2026-W25,provincial,DIARIO DE LA REPÚBLICA,San Luis,Cuyo,San Luis,https://www.eldiariodelarepublica.com,Picardía costosa: el Gobierno relanza obras que frenó y a precios exorbitantes
2026-06-19,2026-W25,provincial,DIARIO DE LA REPÚBLICA,San Luis,Cuyo,San Luis,https://www.eldiariodelarepublica.com,"Con un presente en rojo, la crisis del turismo golpea con fuerza en Merlo"
2026-06-19,2026-W25,provincial,DIARIO DE LA REPÚBLICA,San Luis,Cuyo,San Luis,https://www.eldiariodelarepublica.com,ATE San Luis visibilizó el drama salarial en hospitales y edificios públicos
2026-06-19,2026-W25,provincial,DIARIO DE LA REPÚBLICA,San Luis,Cuyo,San Luis,https://www.eldiariodelarepublica.com,"¿La pobreza bajó tanto como dice el INDEC? Un estudio advierte por ""espejismos"" técnicos"
2026-06-19,2026-W25,provincial,DIARIO DE LA REPÚBLICA,San Luis,Cuyo,San Luis,https://www.eldiariodelarepublica.com,"El otoño se despide con heladas, mañanas frescas y cielos despejados"
2026-06-19,2026-W25,provincial,DIARIO DE LA REPÚBLICA,San Luis,Cuyo,San Luis,https://www.eldiariodelarepublica.com,"En medio de un escándalo, denuncian atropello institucional"
2026-06-19,2026-W25,provincial,DIARIO DE LA REPÚBLICA,San Luis,Cuyo,San Luis,https://www.eldiariodelarepublica.com,El SiJuPu rechazó la nueva ley de actividades privadas para judiciales
2026-06-19,2026-W25,provincial,DIARIO DE LA REPÚBLICA,San Luis,Cuyo,San Luis,https://www.eldiariodelarepublica.com,El consumo de carne vacuna tocó su piso más bajo en 20 años
2026-06-19,2026-W25,provincial,DIARIO DE LA REPÚBLICA,San Luis,Cuyo,San Luis,https://www.eldiariodelarepublica.com,El BNA San Luis aseguró que no hay directiva para congelar cuentas sueldo
2026-06-19,2026-W25,provincial,DIARIO DE LA REPÚBLICA,San Luis,Cuyo,San Luis,https://www.eldiariodelarepublica.com,Día del Padre: Sporting sortea 20 camisetas oficiales de la Selección Argentina
2026-06-19,2026-W25,provincial,DIARIO DE LA REPÚBLICA,San Luis,Cuyo,San Luis,https://www.eldiariodelarepublica.com,El padre de Gaspi cree que su hijo murió en un atentado
2026-06-19,2026-W25,provincial,DIARIO DE LA REPÚBLICA,San Luis,Cuyo,San Luis,https://www.eldiariodelarepublica.com,Lo acusan de nueve violaciones y podría pasar 20 años en la cárcel
2026-06-19,2026-W25,provincial,DIARIO DE LA REPÚBLICA,San Luis,Cuyo,San Luis,https://www.eldiariodelarepublica.com,Hace 3 meses que sufrió un accidente laboral y no consigue que la operen
2026-06-19,2026-W25,provincial,DIARIO DE LA REPÚBLICA,San Luis,Cuyo,San Luis,https://www.eldiariodelarepublica.com,"El ""Vasco"" Arruabarrena ya está al frente del ""nuevo Boca"""
2026-06-19,2026-W25,provincial,DIARIO DE LA REPÚBLICA,San Luis,Cuyo,San Luis,https://www.eldiariodelarepublica.com,Gabriel Rojas deja Racing y se muda a Brasil
2026-06-19,2026-W25,provincial,DIARIO DE LA REPÚBLICA,San Luis,Cuyo,San Luis,https://www.eldiariodelarepublica.com,Pía Claveles suma experiencia y buenas actuaciones en Europa
2026-06-19,2026-W25,provincial,DIARIO DE LA REPÚBLICA,San Luis,Cuyo,San Luis,https://www.eldiariodelarepublica.com,"La música de Ramón Ayala, reinterpretada con la misma exquisitez"
2026-06-19,2026-W25,provincial,DIARIO DE LA REPÚBLICA,San Luis,Cuyo,San Luis,https://www.eldiariodelarepublica.com,Los Herrera llegan a San Luis para celebrar el Día del Padre con un gran baile
2026-06-19,2026-W25,provincial,DIARIO DE LA REPÚBLICA,San Luis,Cuyo,San Luis,https://www.eldiariodelarepublica.com,"Presentan ""Rotos de Amor"" en la sala del TIM"
2026-06-19,2026-W25,provincial,DIARIO DE LA REPÚBLICA,San Luis,Cuyo,San Luis,https://www.eldiariodelarepublica.com,"Taty, la mujer que convirtió el dolor en memoria"
2026-06-19,2026-W25,provincial,DIARIO DE LA REPÚBLICA,San Luis,Cuyo,San Luis,https://www.eldiariodelarepublica.com,"Axel: ""Soy de los que creen que siempre se sale adelante"""
2026-06-19,2026-W25,provincial,DIARIO DE LA REPÚBLICA,San Luis,Cuyo,San Luis,https://www.eldiariodelarepublica.com,"Ángel sin alas y demonio sin cuernos, el rostro gustoso de un artista sinigual"
2026-06-19,2026-W25,provincial,DIARIO DE LA REPÚBLICA,San Luis,Cuyo,San Luis,https://www.eldiariodelarepublica.com,El PJ se anticipó a Poggi y presentó un proyecto de orden de mérito vinculante para jueces
2026-06-19,2026-W25,provincial,DIARIO DE LA REPÚBLICA,San Luis,Cuyo,San Luis,https://www.eldiariodelarepublica.com,La justicia confirmó fallas graves en la planta potabilizadora de El Volcán
2026-06-19,2026-W25,provincial,DIARIO DE LA REPÚBLICA,San Luis,Cuyo,San Luis,https://www.eldiariodelarepublica.com,"Sindicatos docentes cruzan el eslogan oficial: ""Salarios en la pobreza"""
2026-06-19,2026-W25,provincial,DIARIO DE LA REPÚBLICA,San Luis,Cuyo,San Luis,https://www.eldiariodelarepublica.com,Tilisarao vibró con la Feria de Colectividades del Colegio Nuestra Señora Inmaculada
2026-06-19,2026-W25,provincial,DIARIO DE LA REPÚBLICA,San Luis,Cuyo,San Luis,https://www.eldiariodelarepublica.com,"Guadalupe, un rostro infantil que lleva cinco años de silencio"
2026-06-19,2026-W25,provincial,DIARIO DE LA REPÚBLICA,San Luis,Cuyo,San Luis,https://www.eldiariodelarepublica.com,Chicos de una escuela de Tilisarao tiñieron de celeste y blanco todo el edificio
2026-06-19,2026-W25,provincial,DIARIO DE LA REPÚBLICA,San Luis,Cuyo,San Luis,https://www.eldiariodelarepublica.com,"Ahora, se podrán pagar las apuestas por medio de un alias"
2026-06-19,2026-W25,provincial,DIARIO DE LA REPÚBLICA,San Luis,Cuyo,San Luis,https://www.eldiariodelarepublica.com,Familia Parra y BYD llegan con un test drive masivo de vehículos híbridos y eléctricos
2026-06-19,2026-W25,provincial,DIARIO DE LA REPÚBLICA,San Luis,Cuyo,San Luis,https://www.eldiariodelarepublica.com,Comercios y pagos digitales: Cómo vender más en un contexto de consumo medido
2026-06-19,2026-W25,provincial,DIARIO DE LA REPÚBLICA,San Luis,Cuyo,San Luis,https://www.eldiariodelarepublica.com,El PJ de Villa Mercedes se planta en defensa del INTI y contra el ajuste nacional
2026-06-19,2026-W25,provincial,DIARIO DE LA REPÚBLICA,San Luis,Cuyo,San Luis,https://www.eldiariodelarepublica.com,"Con una venta histórica, homenajes y emociones, ""Alfredo S. Mondino"" festejó sus 44 años"
2026-06-19,2026-W25,provincial,EL CHORRILLERO,San Luis,Cuyo,San Luis,https://www.elchorrillero.com,"Con la visita de Poggi. San Gerónimo sumó nuevas veredas, bicicletas TuBi y una biblioteca para los estudiantes"
2026-06-19,2026-W25,provincial,EL CHORRILLERO,San Luis,Cuyo,San Luis,https://www.elchorrillero.com,Qué resultados necesita la Selección argentina para clasificar a los 16avos de final
2026-06-19,2026-W25,provincial,EL CHORRILLERO,San Luis,Cuyo,San Luis,https://www.elchorrillero.com,El intendente Hissa supervisó la obra de la plaza del barrio AMEP
2026-06-19,2026-W25,provincial,EL CHORRILLERO,San Luis,Cuyo,San Luis,https://www.elchorrillero.com,Qué opciones ofrece el Banco Nación para refinanciar deudas
2026-06-19,2026-W25,provincial,EL CHORRILLERO,San Luis,Cuyo,San Luis,https://www.elchorrillero.com,Mundial 2026. Estados Unidos venció a Australia y quedó como líder del Grupo D
2026-06-19,2026-W25,provincial,EL CHORRILLERO,San Luis,Cuyo,San Luis,https://www.elchorrillero.com,"Asistió Poggi. Con el compromiso de servir a la comunidad, 150 aspirantes del ISSP juraron lealtad a la Bandera"
2026-06-19,2026-W25,provincial,EL CHORRILLERO,San Luis,Cuyo,San Luis,https://www.elchorrillero.com,Un frente frío provocará un descenso de temperatura en San Luis: heladas y posibles nevadas
2026-06-19,2026-W25,provincial,EL CHORRILLERO,San Luis,Cuyo,San Luis,https://www.elchorrillero.com,Le encontraron 164 mil archivos de abuso sexual infantil y propusieron una condena con domiciliaria
2026-06-19,2026-W25,provincial,EL CHORRILLERO,San Luis,Cuyo,San Luis,https://www.elchorrillero.com,Los barberos de Villa Mercedes se unieron y lanzaron una promoción especial por el Día del Padre
2026-06-19,2026-W25,provincial,EL CHORRILLERO,San Luis,Cuyo,San Luis,https://www.elchorrillero.com,Identificaron a una nueva presunta víctima y ampliaron los cargos contra un ex penitenciario acusado de abuso sexual infantil
2026-06-19,2026-W25,provincial,EL CHORRILLERO,San Luis,Cuyo,San Luis,https://www.elchorrillero.com,San Luis. Provocó un accidente que dejó tres muertos: piden cinco años de cárcel
2026-06-19,2026-W25,provincial,EL CHORRILLERO,San Luis,Cuyo,San Luis,https://www.elchorrillero.com,"“Si sos trapito, te meto preso”: la advertencia de Jorge Macri tras la sanción de la nueva ley"
2026-06-19,2026-W25,provincial,EL CHORRILLERO,San Luis,Cuyo,San Luis,https://www.elchorrillero.com,"Folclore, rock, cuarteto y teatro para disfrutar del fin de semana en Villa Mercedes"
2026-06-19,2026-W25,provincial,EL CHORRILLERO,San Luis,Cuyo,San Luis,https://www.elchorrillero.com,El dólar reafirmó su tendencia alcista en junio por una mayor demanda
2026-06-19,2026-W25,provincial,EL CHORRILLERO,San Luis,Cuyo,San Luis,https://www.elchorrillero.com,"San Luis. Descuentos, cuotas y regalos para todos los bolsillos: las opciones para el Día del Padre"
2026-06-19,2026-W25,provincial,EL CHORRILLERO,San Luis,Cuyo,San Luis,https://www.elchorrillero.com,El invierno llegará con frío intenso y heladas en gran parte de San Luis
2026-06-19,2026-W25,provincial,EL CHORRILLERO,San Luis,Cuyo,San Luis,https://www.elchorrillero.com,"La proteína, mucho más que un nutriente clave para el mantenimiento de la masa muscular"
2026-06-19,2026-W25,provincial,EL CHORRILLERO,San Luis,Cuyo,San Luis,https://www.elchorrillero.com,Villa Mercedes: desarticularon un punto de venta de drogas y detuvieron a dos personas
2026-06-19,2026-W25,provincial,EL CHORRILLERO,San Luis,Cuyo,San Luis,https://www.elchorrillero.com,Flor Peña cuestionó a Nico Occhiato tras su salida de Luzu: “Yo hubiese hecho otra cosa”
2026-06-19,2026-W25,provincial,EL CHORRILLERO,San Luis,Cuyo,San Luis,https://www.elchorrillero.com,"Brasil, Estados Unidos y Marruecos salen a escena este viernes en una fecha decisiva del Mundial"
2026-06-19,2026-W25,provincial,EL CHORRILLERO,San Luis,Cuyo,San Luis,https://www.elchorrillero.com,Más de 300 emprendedores y artesanos de Villa Mercedes ofrecerán sus productos en ferias por el Día del Padre
2026-06-19,2026-W25,provincial,EL CHORRILLERO,San Luis,Cuyo,San Luis,https://www.elchorrillero.com,Argelia presentó un reclamo a la FIFA por el arbitraje contra Argentina en el Mundial
2026-06-19,2026-W25,provincial,EL CHORRILLERO,San Luis,Cuyo,San Luis,https://www.elchorrillero.com,Desde una tabla para el asado hasta camisetas de la Selección: qué regalar para el Día del Padre en Villa Mercedes
2026-06-19,2026-W25,provincial,EL CHORRILLERO,San Luis,Cuyo,San Luis,https://www.elchorrillero.com,Ciudad de San Luis. La Muni Más Cerca atendió en el barrio Maximiliano Toro y avanzará en soluciones para los efluentes cloacales
2026-06-19,2026-W25,provincial,EL CHORRILLERO,San Luis,Cuyo,San Luis,https://www.elchorrillero.com,El plan desestabilizador de Alberto Rodríguez Saá
2026-06-19,2026-W25,provincial,EL CHORRILLERO,San Luis,Cuyo,San Luis,https://www.elchorrillero.com,"“Gracias Alberto, el dinero está ´robado´”"
2026-06-19,2026-W25,provincial,EL CHORRILLERO,San Luis,Cuyo,San Luis,https://www.elchorrillero.com,La FIFA designó al árbitro para el partido de la Selección Argentina ante Austria
2026-06-19,2026-W25,provincial,EL CHORRILLERO,San Luis,Cuyo,San Luis,https://www.elchorrillero.com,"Con la presencia de Messi, Argentina se entrenó con la mirada puesta en Austria"
2026-06-19,2026-W25,provincial,EL CHORRILLERO,San Luis,Cuyo,San Luis,https://www.elchorrillero.com,"El historial de la Selección argentina con Austria, su próximo rival en el Mundial 2026"
2026-06-19,2026-W25,provincial,EL CHORRILLERO,San Luis,Cuyo,San Luis,https://www.elchorrillero.com,Un jugador de Austria se fracturó la mandíbula en la previa del partido con la Selección argentina en el Mundial
2026-06-19,2026-W25,provincial,EL CHORRILLERO,San Luis,Cuyo,San Luis,https://www.elchorrillero.com,Mundial 2026: las tres sorpresas que dejó la primera fecha de la fase de grupos
2026-06-19,2026-W25,provincial,EL CHORRILLERO,San Luis,Cuyo,San Luis,https://www.elchorrillero.com,“El último fiumba”: cómo será el homenaje a Gaspi
2026-06-19,2026-W25,provincial,EL CHORRILLERO,San Luis,Cuyo,San Luis,https://www.elchorrillero.com,Poggi y el intendente Frontera en los barrios. Las obras de pavimento siguen cubriendo la zona este de Villa Mercedes
2026-06-19,2026-W25,provincial,EL CHORRILLERO,San Luis,Cuyo,San Luis,https://www.elchorrillero.com,Israel y Hezbollah acordaron renovar el alto el fuego
2026-06-19,2026-W25,provincial,EL CHORRILLERO,San Luis,Cuyo,San Luis,https://www.elchorrillero.com,"Gira institucional. Viviendas, bicicletas TuBi y obras: la agenda que desplegará Poggi este viernes en el interior provincial"
2026-06-19,2026-W25,provincial,EL CHORRILLERO,San Luis,Cuyo,San Luis,https://www.elchorrillero.com,Empleados públicos. El Banco Nación informó que no existe una política orientada a retener haberes ni a condicionar su disponibilidad
2026-06-19,2026-W25,provincial,EL CHORRILLERO,San Luis,Cuyo,San Luis,https://www.elchorrillero.com,Adrián Ravier será el nuevo vocero presidencial
2026-06-19,2026-W25,provincial,EL CHORRILLERO,San Luis,Cuyo,San Luis,https://www.elchorrillero.com,Operaron de urgencia a Fernando Gago
2026-06-19,2026-W25,provincial,EL CHORRILLERO,San Luis,Cuyo,San Luis,https://www.elchorrillero.com,Flor Peña se mostró devastada en vivo y trató de explicar por qué lanzó la fake news: “Solo disculpas”
2026-06-19,2026-W25,provincial,EL CHORRILLERO,San Luis,Cuyo,San Luis,https://www.elchorrillero.com,"Más asfalto para los barrios, 25 mil familias cubiertas con la Alarma Ciudadana y apoyo a los emprendedores, otro jueves de Poggi en Villa Mercedes"
2026-06-19,2026-W25,provincial,EL CHORRILLERO,San Luis,Cuyo,San Luis,https://www.elchorrillero.com,Una policía le practicó RCP a una bebé de 7 meses y logró salvarle la vida en La Punta
2026-06-19,2026-W25,provincial,EL CHORRILLERO,San Luis,Cuyo,San Luis,https://www.elchorrillero.com,Giorgia Meloni acusó a Trump de “inventarse” que le rogó una foto
2026-06-19,2026-W25,provincial,EL CHORRILLERO,San Luis,Cuyo,San Luis,https://www.elchorrillero.com,Femicidio de Agostina Vega: Andreani negó los hechos y se abstuvo de declarar
2026-06-19,2026-W25,provincial,EL CHORRILLERO,San Luis,Cuyo,San Luis,https://www.elchorrillero.com,Eclipse solar más largo del siglo: ¿cuándo será y cuánto durará?
2026-06-19,2026-W25,provincial,EL CHORRILLERO,San Luis,Cuyo,San Luis,https://www.elchorrillero.com,El invierno traerá a San Luis el día con menos horas de luz solar en todo el año
2026-06-19,2026-W25,provincial,EL CHORRILLERO,San Luis,Cuyo,San Luis,https://www.elchorrillero.com,Qué dijo el papá de Messi al conocer la fake news sobre su muerte
2026-06-19,2026-W25,provincial,EL CHORRILLERO,San Luis,Cuyo,San Luis,https://www.elchorrillero.com,Antonela tomó una decisión sobre Occhiato y Flor Peña tras la noticia falsa sobre el papá de Messi
2026-06-19,2026-W25,provincial,EL CHORRILLERO,San Luis,Cuyo,San Luis,https://www.elchorrillero.com,“No se merece mi respeto”: Nico Occhiato habló sobre la polémica por la fake news de Flor Peña
2026-06-19,2026-W25,provincial,EL CHORRILLERO,San Luis,Cuyo,San Luis,https://www.elchorrillero.com,La Justicia confirmó la imputación por asociación ilícita y administración fraudulenta contra Sergio Freixes
2026-06-19,2026-W25,provincial,EL CHORRILLERO,San Luis,Cuyo,San Luis,https://www.elchorrillero.com,Marketing judicial. El abogado Juárez se promociona con el caso de la ex secretaria de Deportes Cintia Ramírez condenada por corrupción
2026-06-19,2026-W25,provincial,VILLA MERCEDES INFO,San Luis,Cuyo,Villa Mercedes,https://www.villamercedes.info,La Diffusione di PayPal nelle Scommesse secondo Betzoid Italia
2026-06-19,2026-W25,provincial,VILLA MERCEDES INFO,San Luis,Cuyo,Villa Mercedes,https://www.villamercedes.info,Alerta nacional por el robo de una cápsula radiactiva en Rosario: activan protocolos de emergencia en todo el país
2026-06-19,2026-W25,provincial,VILLA MERCEDES INFO,San Luis,Cuyo,Villa Mercedes,https://www.villamercedes.info,Caso Loan: la fiscalía reafirmó que el niño fue secuestrado en un plan organizado
2026-06-19,2026-W25,provincial,VILLA MERCEDES INFO,San Luis,Cuyo,Villa Mercedes,https://www.villamercedes.info,"Mundial 2026: qué derechos tienen las intendencias, los bares y los cines para proyectar los partidos de la Selección Argentina"
2026-06-19,2026-W25,provincial,VILLA MERCEDES INFO,San Luis,Cuyo,Villa Mercedes,https://www.villamercedes.info,Milei recibió a Adorni en la Quinta de Olivos en medio de la tensión por la causa por presunto enriquecimiento ilícito
2026-06-19,2026-W25,provincial,VILLA MERCEDES INFO,San Luis,Cuyo,Villa Mercedes,https://www.villamercedes.info,Villa Mercedes: inauguraron ocho nuevas cuadras de pavimento y avanzan con un plan de repavimentación de 62 cuadras
2026-06-19,2026-W25,provincial,VILLA MERCEDES INFO,San Luis,Cuyo,Villa Mercedes,https://www.villamercedes.info,Conciliación obligatoria en Cameron: se abre una instancia de negociación por 15 días
2026-06-19,2026-W25,provincial,VILLA MERCEDES INFO,San Luis,Cuyo,Villa Mercedes,https://www.villamercedes.info,Villa Mercedes: ordenan prisión preventiva para dos acusados de asaltar violentamente a una niña de 12 años
2026-06-19,2026-W25,provincial,VILLA MERCEDES INFO,San Luis,Cuyo,Villa Mercedes,https://www.villamercedes.info,San Luis: invertirán más de $970 millones para refaccionar el Instituto Superior de Seguridad Pública
2026-06-19,2026-W25,provincial,VILLA MERCEDES INFO,San Luis,Cuyo,Villa Mercedes,https://www.villamercedes.info,Policías reanimaron a una bebé de 7 meses que no respiraba en el ingreso a La Punta
2026-06-19,2026-W25,provincial,VILLA MERCEDES INFO,San Luis,Cuyo,Villa Mercedes,https://www.villamercedes.info,Villa Mercedes: habilitaron 17 nuevas Alarmas Ciudadanas y la ciudad ya cuenta con 259 dispositivos activos
2026-06-19,2026-W25,provincial,VILLA MERCEDES INFO,San Luis,Cuyo,Villa Mercedes,https://www.villamercedes.info,Mes de la Leche: Mastellone Hnos. entrega más de 250.000 vasos durante junio
2026-06-19,2026-W25,provincial,VILLA MERCEDES INFO,San Luis,Cuyo,Villa Mercedes,https://www.villamercedes.info,La familia Messi aclaró el estado de salud de Jorge Messi y pidió responsabilidad ante los rumores
2026-06-19,2026-W25,provincial,VILLA MERCEDES INFO,San Luis,Cuyo,Villa Mercedes,https://www.villamercedes.info,Argentina goleó a Argelia en su debut mundialista: Messi brilló y la Scaloneta arrancó con autoridad en el Mundial 2026
2026-06-19,2026-W25,provincial,VILLA MERCEDES INFO,San Luis,Cuyo,Villa Mercedes,https://www.villamercedes.info,Villa Mercedes: detuvieron a dos hombres acusados de resistirse a la autoridad tras un conflicto con una inspectora municipal
2026-06-19,2026-W25,provincial,VILLA MERCEDES INFO,San Luis,Cuyo,Villa Mercedes,https://www.villamercedes.info,Newcom en San Luis: Diputados dio media sanción al proyecto que lo reconoce como deporte de interés provincial
2026-06-19,2026-W25,provincial,VILLA MERCEDES INFO,San Luis,Cuyo,Villa Mercedes,https://www.villamercedes.info,Bullrich respaldó a Milei y aseguró que “no hay motivos para echar a Adorni”
2026-06-19,2026-W25,provincial,VILLA MERCEDES INFO,San Luis,Cuyo,Villa Mercedes,https://www.villamercedes.info,Ucrania lanzó el mayor ataque sobre Moscú en dos años y volvió a bombardear una refinería clave
2026-06-19,2026-W25,provincial,VILLA MERCEDES INFO,San Luis,Cuyo,Villa Mercedes,https://www.villamercedes.info,Villa Mercedes: demoraron a dos hombres y secuestraron un arma tras allanamientos por abuso de armas
2026-06-19,2026-W25,provincial,VILLA MERCEDES INFO,San Luis,Cuyo,Villa Mercedes,https://www.villamercedes.info,"Baja el petróleo tras el acuerdo entre Estados Unidos e Irán, pero las naftas siguen sin cambios en Argentina"
2026-06-19,2026-W25,provincial,VILLA MERCEDES INFO,San Luis,Cuyo,Villa Mercedes,https://www.villamercedes.info,Milei modificó por decreto el sistema de selección de jueces de la Corte Suprema y eliminó criterios de paridad y representación regional
2026-06-19,2026-W25,provincial,VILLA MERCEDES INFO,San Luis,Cuyo,Villa Mercedes,https://www.villamercedes.info,Familia Parra y BYD llegan a San Luis con un test drive masivo de vehículos híbridos y eléctricos
2026-06-19,2026-W25,provincial,VILLA MERCEDES INFO,San Luis,Cuyo,Villa Mercedes,https://www.villamercedes.info,Fiebre mundialista: los principales casinos de San Luis lanzan premios exclusivos para los fanáticos de la Selección
2026-06-19,2026-W25,provincial,VILLA MERCEDES INFO,San Luis,Cuyo,Villa Mercedes,https://www.villamercedes.info,"A 56 años de su muerte, Antonio Esteban Agüero sigue siendo la voz poética de San Luis"
2026-06-19,2026-W25,provincial,VILLA MERCEDES INFO,San Luis,Cuyo,Villa Mercedes,https://www.villamercedes.info,San Luis oficializó el Día del Maestro Rural Sanluiseño: cuándo se conmemorará
2026-06-19,2026-W25,provincial,VILLA MERCEDES INFO,San Luis,Cuyo,Villa Mercedes,https://www.villamercedes.info,Cinco años sin respuestas: el caso Guadalupe Lucero sigue siendo una herida abierta en San Luis
2026-06-19,2026-W25,provincial,VILLA MERCEDES INFO,San Luis,Cuyo,Villa Mercedes,https://www.villamercedes.info,Jorge Messi rompió el silencio desde la clínica y reaccionó con humor a la fake news sobre su salud
2026-06-19,2026-W25,provincial,VILLA MERCEDES INFO,San Luis,Cuyo,Villa Mercedes,https://www.villamercedes.info,Luzu TV desvinculó responsables tras la falsa noticia sobre la muerte de Jorge Messi
2026-06-19,2026-W25,provincial,VILLA MERCEDES INFO,San Luis,Cuyo,Villa Mercedes,https://www.villamercedes.info,Lionel Messi reveló una difícil situación familiar tras su triplete en el Mundial 2026: preocupa la salud de su padre
2026-06-19,2026-W25,provincial,VILLA MERCEDES INFO,San Luis,Cuyo,Villa Mercedes,https://www.villamercedes.info,"Murió Pocho Sosa, una de las voces más emblemáticas de la música cuyana"
2026-06-19,2026-W25,provincial,VILLA MERCEDES INFO,San Luis,Cuyo,Villa Mercedes,https://www.villamercedes.info,Villamercedinos viajaron a Avellaneda para despedir al Indio Solari
2026-06-19,2026-W25,provincial,VILLA MERCEDES INFO,San Luis,Cuyo,Villa Mercedes,https://www.villamercedes.info,Villa Mercedes: demoraron a un joven tras intentar agredir a su familia con un cuchillo
2026-06-19,2026-W25,provincial,VILLA MERCEDES INFO,San Luis,Cuyo,Villa Mercedes,https://www.villamercedes.info,Argentina goleó a Argelia en su debut mundialista con un triplete histórico de Messi
2026-06-19,2026-W25,provincial,VILLA MERCEDES INFO,San Luis,Cuyo,Villa Mercedes,https://www.villamercedes.info,"Torneo Calle Angosta 2026: Villa Mercedes reunió a atletas de San Luis, Córdoba y La Pampa en una destacada jornada deportiva"
2026-06-19,2026-W25,provincial,VILLA MERCEDES INFO,San Luis,Cuyo,Villa Mercedes,https://www.villamercedes.info,Mundial 2026: Argentina debuta ante Argelia y Messi hará historia en su sexta Copa del Mundo
2026-06-19,2026-W25,provincial,VILLA MERCEDES INFO,San Luis,Cuyo,Villa Mercedes,https://www.villamercedes.info,La Selección argentina respaldó a Leonardo Balerdi con un emotivo mensaje antes del debut en el Mundial 2026
2026-06-19,2026-W25,provincial,VILLA MERCEDES INFO,San Luis,Cuyo,Villa Mercedes,https://www.villamercedes.info,Benicio Fernández hizo historia: el atleta de Villa Mercedes se consagró subcampeón mundial en Bulgaria
2026-06-19,2026-W25,provincial,VILLA MERCEDES INFO,San Luis,Cuyo,Villa Mercedes,https://www.villamercedes.info,L’Evoluzione di PayPal nel Mercato Italiano delle Scommesse
2026-06-19,2026-W25,provincial,VILLA MERCEDES INFO,San Luis,Cuyo,Villa Mercedes,https://www.villamercedes.info,I Vantaggi dell’Utilizzo di PayPal per le Scommesse Online
2026-06-19,2026-W25,provincial,VILLA MERCEDES INFO,San Luis,Cuyo,Villa Mercedes,https://www.villamercedes.info,Le Sfide e i Limiti della Diffusione di PayPal
2026-06-19,2026-W25,provincial,VILLA MERCEDES INFO,San Luis,Cuyo,Villa Mercedes,https://www.villamercedes.info,Prospettive Future e Tendenze di Mercato
2026-06-19,2026-W25,provincial,VILLA MERCEDES INFO,San Luis,Cuyo,Villa Mercedes,https://www.villamercedes.info,"Calendario de pagos ANSES: quiénes cobran desde el 16 de junio, con aumento, bono y aguinaldo"
2026-06-19,2026-W25,provincial,VILLA MERCEDES INFO,San Luis,Cuyo,Villa Mercedes,https://www.villamercedes.info,Tarjetas de Presidencia: el Fondo Rotatorio de Karina Milei creció a $1.135 millones y genera interrogantes por la falta de información sobre gastos
2026-06-19,2026-W25,provincial,VILLA MERCEDES INFO,San Luis,Cuyo,Villa Mercedes,https://www.villamercedes.info,Trump anunció la reapertura del estrecho de Ormuz tras un acuerdo de paz con Irán
2026-06-19,2026-W25,provincial,VILLA MERCEDES INFO,San Luis,Cuyo,Villa Mercedes,https://www.villamercedes.info,Fatal negligencia en Brasil: una joven de 21 años murió tras ser lanzada sin cuerdas en un salto de bungee jumping
2026-06-19,2026-W25,provincial,VILLA MERCEDES INFO,San Luis,Cuyo,Villa Mercedes,https://www.villamercedes.info,Villa Mercedes Info
2026-06-19,2026-W25,provincial,EL ANCASTI,Catamarca,NOA,Catamarca,https://www.elancasti.com.ar,Declararon culpable a un hombre por abusar de la hija de su pareja
2026-06-19,2026-W25,provincial,EL ANCASTI,Catamarca,NOA,Catamarca,https://www.elancasti.com.ar,"Con un gol en contra, Estados Unidos derrotó 2-0 a Australia"
2026-06-19,2026-W25,provincial,EL ANCASTI,Catamarca,NOA,Catamarca,https://www.elancasti.com.ar,Tapso celebró su bicentenario con un colorido desfile institucional
2026-06-19,2026-W25,provincial,EL ANCASTI,Catamarca,NOA,Catamarca,https://www.elancasti.com.ar,El consumo no arranca: las ventas en supermercados y shoppings siguen en caída
2026-06-19,2026-W25,provincial,EL ANCASTI,Catamarca,NOA,Catamarca,https://www.elancasti.com.ar,Avanza la causa contra Adorni: la Justicia ahora investiga a su entorno familiar
2026-06-19,2026-W25,provincial,EL ANCASTI,Catamarca,NOA,Catamarca,https://www.elancasti.com.ar,Familiares de las víctimas del incendio fatal en Valle Viejo denunciaron falta de asistencia estatal
2026-06-19,2026-W25,provincial,EL ANCASTI,Catamarca,NOA,Catamarca,https://www.elancasti.com.ar,"""La conducta violenta es aprendida y se puede desaprender"""
2026-06-19,2026-W25,provincial,EL ANCASTI,Catamarca,NOA,Catamarca,https://www.elancasti.com.ar,El Rally de Icaño se pone en marcha
2026-06-19,2026-W25,provincial,EL ANCASTI,Catamarca,NOA,Catamarca,https://www.elancasti.com.ar,La ilusión de la libre elección
2026-06-19,2026-W25,provincial,EL ANCASTI,Catamarca,NOA,Catamarca,https://www.elancasti.com.ar,Bullrich celebró la designación de Ravier como vocero
2026-06-19,2026-W25,provincial,EL ANCASTI,Catamarca,NOA,Catamarca,https://www.elancasti.com.ar,"El dólar volvió a subir y acumula un incremento del 2,8% en lo que va de junio"
2026-06-19,2026-W25,provincial,EL ANCASTI,Catamarca,NOA,Catamarca,https://www.elancasti.com.ar,Final del femenino en Maxibasquet
2026-06-19,2026-W25,provincial,EL ANCASTI,Catamarca,NOA,Catamarca,https://www.elancasti.com.ar,"Lucas Salas dio nombres del ""acomodo"" en Valle Viejo y cargó contra ""el despotismo feudal"""
2026-06-19,2026-W25,provincial,EL ANCASTI,Catamarca,NOA,Catamarca,https://www.elancasti.com.ar,El Gobierno confirmó que Adrián Ravier será el nuevo vocero presidencial
2026-06-19,2026-W25,provincial,EL ANCASTI,Catamarca,NOA,Catamarca,https://www.elancasti.com.ar,La justicia no es una sola voz
2026-06-19,2026-W25,provincial,EL ANCASTI,Catamarca,NOA,Catamarca,https://www.elancasti.com.ar,"""Si sos trapito, te meto preso"": la advertencia de Jorge Macri tras la sanción de la nueva ley"
2026-06-19,2026-W25,provincial,EL ANCASTI,Catamarca,NOA,Catamarca,https://www.elancasti.com.ar,Denuncian a Lilia Lemoine por omitir bienes y usar recursos del Congreso
2026-06-19,2026-W25,provincial,EL ANCASTI,Catamarca,NOA,Catamarca,https://www.elancasti.com.ar,La UTA advirtió que definirá medidas de fuerza si no hay respuestas en la audiencia del jueves
2026-06-19,2026-W25,provincial,EL ANCASTI,Catamarca,NOA,Catamarca,https://www.elancasti.com.ar,"""Milei o su hermana le tienen celos a mi hija"": la madre de Victoria Villarruel criticó al Presidente"
2026-06-19,2026-W25,provincial,EL ANCASTI,Catamarca,NOA,Catamarca,https://www.elancasti.com.ar,Femicidio de Agostina Vega: Soledad Andreani se negó a declarar
2026-06-19,2026-W25,provincial,EL ANCASTI,Catamarca,NOA,Catamarca,https://www.elancasti.com.ar,El brote de ébola en el Congo se convierte en el más mortal de la historia
2026-06-19,2026-W25,provincial,EL ANCASTI,Catamarca,NOA,Catamarca,https://www.elancasti.com.ar,La visita de Javier Milei a Rosario genera rechazo y anticipan manifestaciones en su contra
2026-06-19,2026-W25,provincial,EL ANCASTI,Catamarca,NOA,Catamarca,https://www.elancasti.com.ar,"A días de una instancia clave, crecen las tensiones dentro del entorno familiar de Loan Peña"
2026-06-19,2026-W25,provincial,EL ANCASTI,Catamarca,NOA,Catamarca,https://www.elancasti.com.ar,"La palabra de los hinchas tras la victoria de la ""Scaloneta"""
2026-06-19,2026-W25,provincial,EL ANCASTI,Catamarca,NOA,Catamarca,https://www.elancasti.com.ar,"Alquileres: mucha oferta, poca demanda"
2026-06-19,2026-W25,provincial,EL ANCASTI,Catamarca,NOA,Catamarca,https://www.elancasti.com.ar,El Mundial disparó las ventas de televisores
2026-06-19,2026-W25,provincial,EL ANCASTI,Catamarca,NOA,Catamarca,https://www.elancasti.com.ar,El parche no duró un mes
2026-06-19,2026-W25,provincial,EL ANCASTI,Catamarca,NOA,Catamarca,https://www.elancasti.com.ar,"Tras ser apartado de su cargo, el exdirector del Cine Teatro de Valle Viejo denunció acomodos familiares y falencias edilicias"
2026-06-19,2026-W25,provincial,EL ANCASTI,Catamarca,NOA,Catamarca,https://www.elancasti.com.ar,Fiscalía de Estado logró que se le permita revisar el sobreseimiento de Ibáñez
2026-06-19,2026-W25,provincial,EL ANCASTI,Catamarca,NOA,Catamarca,https://www.elancasti.com.ar,"""Chimentera de poca monta"": Milei apuntó contra Flor Peña tras sus dichos sobre el papá de Messi"
2026-06-19,2026-W25,provincial,EL ANCASTI,Catamarca,NOA,Catamarca,https://www.elancasti.com.ar,Choque entre motocicletas sobre ruta provincial N°46
2026-06-19,2026-W25,provincial,EL ANCASTI,Catamarca,NOA,Catamarca,https://www.elancasti.com.ar,El cura Rasgido no pudo usar otra casa del Obispado y fue enviado de regreso al penal
2026-06-19,2026-W25,provincial,EL ANCASTI,Catamarca,NOA,Catamarca,https://www.elancasti.com.ar,"Quién es Adrián Ravier, el nuevo vocero presidencial"
2026-06-19,2026-W25,provincial,EL ANCASTI,Catamarca,NOA,Catamarca,https://www.elancasti.com.ar,Se viene la 5ta edición del Ciclo Poncho Audiovisual
2026-06-19,2026-W25,provincial,EL ANCASTI,Catamarca,NOA,Catamarca,https://www.elancasti.com.ar,La FIFA designó al árbitro para el partido de la Selección Argentina ante Austria
2026-06-19,2026-W25,provincial,EL ANCASTI,Catamarca,NOA,Catamarca,https://www.elancasti.com.ar,"La familia Messi emitió un comunicado por la salud de Jorge y aseguró que está ""evolucionando favorablemente"""
2026-06-19,2026-W25,provincial,EL ANCASTI,Catamarca,NOA,Catamarca,https://www.elancasti.com.ar,"Ganó San Martín, por el torneo Anual de la Liga Chacarera"
2026-06-19,2026-W25,provincial,EL ANCASTI,Catamarca,NOA,Catamarca,https://www.elancasti.com.ar,México venció por la mínima a Corea del Sur
2026-06-19,2026-W25,provincial,EL ANCASTI,Catamarca,NOA,Catamarca,https://www.elancasti.com.ar,"""Caudillas""en Casa de la Puna"
2026-06-19,2026-W25,provincial,EL ANCASTI,Catamarca,NOA,Catamarca,https://www.elancasti.com.ar,"Natalia Brizuela César anuncia el lanzamiento de su primer álbum ""Nada es casual"""
2026-06-19,2026-W25,provincial,EL ANCASTI,Catamarca,NOA,Catamarca,https://www.elancasti.com.ar,"""Negro Retumbar. Poéticas del Sur"": Fede Peludero presenta un recorrido por las raíces musicales de Latinoamérica"
2026-06-19,2026-W25,provincial,EL ANCASTI,Catamarca,NOA,Catamarca,https://www.elancasti.com.ar,Juanita Tinelli desmintió la denuncia por violencia de género y apuntó a la madre de Bautista Cuiña
2026-06-19,2026-W25,provincial,EL ANCASTI,Catamarca,NOA,Catamarca,https://www.elancasti.com.ar,Nico Occhiato echó a la producción y Flor Peña se va de Luzu TV tras la fake news sobre el padre de Messi
2026-06-19,2026-W25,provincial,EL ANCASTI,Catamarca,NOA,Catamarca,https://www.elancasti.com.ar,Flor Peña y Luzu TV pidieron disculpas tras informar erróneamente la muerte del padre de Messi
2026-06-19,2026-W25,provincial,EL ANCASTI,Catamarca,NOA,Catamarca,https://www.elancasti.com.ar,Perú confirmó la visita de León XIV y crecen las expectativas por Argentina
2026-06-19,2026-W25,provincial,EL ANCASTI,Catamarca,NOA,Catamarca,https://www.elancasti.com.ar,Donald Trump afirmó que el bombardeo a la escuela en Irán fue un error
2026-06-19,2026-W25,provincial,EL ANCASTI,Catamarca,NOA,Catamarca,https://www.elancasti.com.ar,Desde Catamarca al Mundial: el video de una academia de baile que emociona en redes
2026-06-19,2026-W25,provincial,EL ANCASTI,Catamarca,NOA,Catamarca,https://www.elancasti.com.ar,Messi revolucionó las redes con un video musicalizado con un tema del Indio Solari
2026-06-19,2026-W25,provincial,EL ANCASTI,Catamarca,NOA,Catamarca,https://www.elancasti.com.ar,"Un spot publicitario de ""La Llama que Llama"" sorprendió con burlas a Manuel Adorni"
2026-06-19,2026-W25,provincial,EL ANCASTI,Catamarca,NOA,Catamarca,https://www.elancasti.com.ar,El profesor que enseña química a miles de estudiantes
2026-06-19,2026-W25,provincial,EL ESQUIÚ,Catamarca,NOA,Catamarca,https://www.elesquiu.com,Edición impresa
2026-06-19,2026-W25,provincial,EL ESQUIÚ,Catamarca,NOA,Catamarca,https://www.elesquiu.com,Reporte Ciudadano (3834901025)
2026-06-19,2026-W25,provincial,EL ESQUIÚ,Catamarca,NOA,Catamarca,https://www.elesquiu.com,Raúl se reunió con intendentes del Este para analizar la situación económica y coordinar obras
2026-06-19,2026-W25,provincial,EL ESQUIÚ,Catamarca,NOA,Catamarca,https://www.elesquiu.com,En Belén realizaron una charla de prevención sobre ciberdelitos en el marco de la campaña “No te creas el cuento”
2026-06-19,2026-W25,provincial,EL ESQUIÚ,Catamarca,NOA,Catamarca,https://www.elesquiu.com,Argentina se consagró campeón del mundo en básquet adaptado en Hungría
2026-06-19,2026-W25,provincial,EL ESQUIÚ,Catamarca,NOA,Catamarca,https://www.elesquiu.com,Tapso celebró su Bicentenario con un acto y colorido desfile institucional
2026-06-19,2026-W25,provincial,EL ESQUIÚ,Catamarca,NOA,Catamarca,https://www.elesquiu.com,La militancia kirchnerista realizará un banderazo en Parque Lezama para reclamar por Cristina Kirchner
2026-06-19,2026-W25,provincial,EL ESQUIÚ,Catamarca,NOA,Catamarca,https://www.elesquiu.com,Estados Unidos venció por 2 a 0 a Australia y se afianza en el Grupo B
2026-06-19,2026-W25,provincial,EL ESQUIÚ,Catamarca,NOA,Catamarca,https://www.elesquiu.com,Andreani negó su participación en el femicidio de Agostina Vega y se abstuvo de declarar
2026-06-19,2026-W25,provincial,EL ESQUIÚ,Catamarca,NOA,Catamarca,https://www.elesquiu.com,"A río revuelto, renace Villarruel"
2026-06-19,2026-W25,provincial,EL ESQUIÚ,Catamarca,NOA,Catamarca,https://www.elesquiu.com,Agenda deportiva
2026-06-19,2026-W25,provincial,EL ESQUIÚ,Catamarca,NOA,Catamarca,https://www.elesquiu.com,Atención gratuita para mascotas: el Quirófano Móvil estará en el barrio Loteo Parque Sur
2026-06-19,2026-W25,provincial,EL ESQUIÚ,Catamarca,NOA,Catamarca,https://www.elesquiu.com,Marruecos gana 1 a 0 al término del primer tiempo
2026-06-19,2026-W25,provincial,EL ESQUIÚ,Catamarca,NOA,Catamarca,https://www.elesquiu.com,"Debaten sobre soberanía, trabajo y comunicación en Catamarca"
2026-06-19,2026-W25,provincial,EL ESQUIÚ,Catamarca,NOA,Catamarca,https://www.elesquiu.com,Habrá cortes de luz este sábado en la Capital: barrios afectados
2026-06-19,2026-W25,provincial,EL ESQUIÚ,Catamarca,NOA,Catamarca,https://www.elesquiu.com,Tapso celebró sus 200 años con un emotivo acto patrio y multitudinario desfile
2026-06-19,2026-W25,provincial,EL ESQUIÚ,Catamarca,NOA,Catamarca,https://www.elesquiu.com,Así será el recorrido del Rally del Poncho
2026-06-19,2026-W25,provincial,EL ESQUIÚ,Catamarca,NOA,Catamarca,https://www.elesquiu.com,Motociclismo: presencia catamarqueña con Ignacio “Pepe” Lemos en el Argentino de Velocidad
2026-06-19,2026-W25,provincial,EL ESQUIÚ,Catamarca,NOA,Catamarca,https://www.elesquiu.com,Esperando ansiosos el Rally Argentino en Catamarca
2026-06-19,2026-W25,provincial,EL ESQUIÚ,Catamarca,NOA,Catamarca,https://www.elesquiu.com,El ACA y la ACTC proyectan la temporada 2027
2026-06-19,2026-W25,provincial,EL ESQUIÚ,Catamarca,NOA,Catamarca,https://www.elesquiu.com,Patricia Bullrich respaldó la llegada de Adrián Ravier y habló de “destrabar” la comunicación del Gobierno
2026-06-19,2026-W25,provincial,EL ESQUIÚ,Catamarca,NOA,Catamarca,https://www.elesquiu.com,La Justicia profundiza la investigación patrimonial sobre Manuel Adorni y analiza la herencia familiar
2026-06-19,2026-W25,provincial,EL ESQUIÚ,Catamarca,NOA,Catamarca,https://www.elesquiu.com,Adrián Ravier será el nuevo vocero presidencial de Javier Milei
2026-06-19,2026-W25,provincial,EL ESQUIÚ,Catamarca,NOA,Catamarca,https://www.elesquiu.com,Declararon culpable al padrastro acusado de abusar sexualmente de su hijastra
2026-06-19,2026-W25,provincial,EL ESQUIÚ,Catamarca,NOA,Catamarca,https://www.elesquiu.com,Tres detenidos y un policía lesionado en distintos procedimientos realizados durante la semana
2026-06-19,2026-W25,provincial,EL ESQUIÚ,Catamarca,NOA,Catamarca,https://www.elesquiu.com,Ladrones confesos: el adulto fue condenado y el adolescente realizará trabajos comunitarios
2026-06-19,2026-W25,provincial,EL ESQUIÚ,Catamarca,NOA,Catamarca,https://www.elesquiu.com,"Denuncian irregularidades en la adjudicación de viviendas en Valle Chico: ""Hay gente sin vivienda y otros tienen dos"""
2026-06-19,2026-W25,provincial,EL ESQUIÚ,Catamarca,NOA,Catamarca,https://www.elesquiu.com,"""Ahora son dos tanques"": vecinos alertan por el desperdicio de miles de litros de agua en La Loma"
2026-06-19,2026-W25,provincial,EL ESQUIÚ,Catamarca,NOA,Catamarca,https://www.elesquiu.com,"""No podemos seguir permitiendo estas situaciones"": malestar por la frecuencia de la línea 207 y la falta de garitas"
2026-06-19,2026-W25,provincial,EL ESQUIÚ,Catamarca,NOA,Catamarca,https://www.elesquiu.com,Canadá aplastó a Qatar y logró un triunfo histórico en el Mundial 2026
2026-06-19,2026-W25,provincial,EL ESQUIÚ,Catamarca,NOA,Catamarca,https://www.elesquiu.com,Fernando Gago fue operado de urgencia por un problema cardiovascular en Chile
2026-06-19,2026-W25,provincial,EL ESQUIÚ,Catamarca,NOA,Catamarca,https://www.elesquiu.com,Lemos puso primera en San Nicolás y comenzó su actividad en la tercera fecha del Argentino de Velocidad
2026-06-19,2026-W25,provincial,EL ESQUIÚ,Catamarca,NOA,Catamarca,https://www.elesquiu.com,La madre de Vozinha obtuvo la visa y viajará al Mundial 2026
2026-06-19,2026-W25,provincial,EL ESQUIÚ,Catamarca,NOA,Catamarca,https://www.elesquiu.com,Detectan 23 casos de triquinosis en Córdoba
2026-06-19,2026-W25,provincial,EL ESQUIÚ,Catamarca,NOA,Catamarca,https://www.elesquiu.com,"Falleció James Burrows, leyenda de la comedia televisiva"
2026-06-19,2026-W25,provincial,EL ESQUIÚ,Catamarca,NOA,Catamarca,https://www.elesquiu.com,Qué ver en Netflix: la nueva serie española ideal para el fin de semana
2026-06-19,2026-W25,provincial,EL ESQUIÚ,Catamarca,NOA,Catamarca,https://www.elesquiu.com,El dólar mantuvo su tendencia alcista en junio impulsado por mayor demanda de empresas y ahorristas
2026-06-19,2026-W25,provincial,EL ESQUIÚ,Catamarca,NOA,Catamarca,https://www.elesquiu.com,"Nico Occhiato hizo un polémico descargo luego que Luzu diera por muerto al papá de Messi: ""Mala leche"""
2026-06-19,2026-W25,provincial,EL ESQUIÚ,Catamarca,NOA,Catamarca,https://www.elesquiu.com,Rodolfo Barili se va de Telefé Noticias: qué canal se lo lleva
2026-06-19,2026-W25,provincial,EL ESQUIÚ,Catamarca,NOA,Catamarca,https://www.elesquiu.com,"La noche de terror que pasó Flor Peña llena de miedo, angustia y con policía"
2026-06-19,2026-W25,provincial,EL ESQUIÚ,Catamarca,NOA,Catamarca,https://www.elesquiu.com,Mauro Icardi dejó sola a su hija Francesca y se pudrió todo con Wanda Nara
2026-06-19,2026-W25,provincial,EL ESQUIÚ,Catamarca,NOA,Catamarca,https://www.elesquiu.com,Flor Peña habló con la mamá de Messi luego de afirmar que Jorge Messi murió: qué pasó entre ellas
2026-06-19,2026-W25,provincial,EL ESQUIÚ,Catamarca,NOA,Catamarca,https://www.elesquiu.com,"Nico Occhiato tuvo una llamada con Flor Peña y terminó en un escándalo: ""La llamó a los gritos"""
2026-06-19,2026-W25,provincial,EL ESQUIÚ,Catamarca,NOA,Catamarca,https://www.elesquiu.com,Francia activa un consejo de crisis ante una ola de calor extrema que podría alcanzar los 40 grados
2026-06-19,2026-W25,provincial,EL ESQUIÚ,Catamarca,NOA,Catamarca,https://www.elesquiu.com,"El consumo continúa estancado: caen supermercados, mayoristas y shoppings en abril"
2026-06-19,2026-W25,provincial,EL ESQUIÚ,Catamarca,NOA,Catamarca,https://www.elesquiu.com,ADEPA cuestionó un protocolo del Ministerio Público de San Juan por limitar el acceso a la información
2026-06-19,2026-W25,provincial,EL ESQUIÚ,Catamarca,NOA,Catamarca,https://www.elesquiu.com,Once agentes penitenciarias irán a juicio acusadas de golpear y maltratar a dos internas en Córdoba
2026-06-19,2026-W25,provincial,EL ESQUIÚ,Catamarca,NOA,Catamarca,https://www.elesquiu.com,SOEM amenaza con levantarse de la conciliación si participan ATE y UPCN
2026-06-19,2026-W25,provincial,EL ESQUIÚ,Catamarca,NOA,Catamarca,https://www.elesquiu.com,El Partido Obrero anticipó protestas contra Milei en Rosario y apuntó contra Adorni
2026-06-19,2026-W25,provincial,EL ESQUIÚ,Catamarca,NOA,Catamarca,https://www.elesquiu.com,"Alumnos del Centro de Día ""El Taller"" repartieron banderitas en la víspera del Día de la Bandera"
2026-06-19,2026-W25,provincial,LA UNIÓN,Catamarca,NOA,Catamarca,https://www.launion.digital,Jalil reunió a intendentes del Este y coordinó asistencia financiera a los municipios
2026-06-19,2026-W25,provincial,LA UNIÓN,Catamarca,NOA,Catamarca,https://www.launion.digital,Declararon culpable al padre acusado de abuso sexual gravemente ultrajante
2026-06-19,2026-W25,provincial,LA UNIÓN,Catamarca,NOA,Catamarca,https://www.launion.digital,EE.UU. le ganó 2-0 a Australia y quedó primero en el Grupo D del Mundial
2026-06-19,2026-W25,provincial,LA UNIÓN,Catamarca,NOA,Catamarca,https://www.launion.digital,"Tapso celebró sus 200 años con un acto, entrega de bicicletas y un gran desfile"
2026-06-19,2026-W25,provincial,LA UNIÓN,Catamarca,NOA,Catamarca,https://www.launion.digital,Gago fue operado de urgencia en Chile tras presentar un problema cardiovascular
2026-06-19,2026-W25,provincial,LA UNIÓN,Catamarca,NOA,Catamarca,https://www.launion.digital,Bullrich respaldó la designación de Adrián Ravier: ¿qué dijo?
2026-06-19,2026-W25,provincial,LA UNIÓN,Catamarca,NOA,Catamarca,https://www.launion.digital,"¿Para el finde?: mató dos porcinos, lo detuvieron y le secuestraron la carabina"
2026-06-19,2026-W25,provincial,LA UNIÓN,Catamarca,NOA,Catamarca,https://www.launion.digital,Agredió a un policía con un nunchaku tras robo y lo detuvieron
2026-06-19,2026-W25,provincial,LA UNIÓN,Catamarca,NOA,Catamarca,https://www.launion.digital,El Poncho Audiovisual celebra su quinta edición con una programación para todos
2026-06-19,2026-W25,provincial,LA UNIÓN,Catamarca,NOA,Catamarca,https://www.launion.digital,Resultado del sorteo matutino de la quiniela de Catamarca
2026-06-19,2026-W25,provincial,LA UNIÓN,Catamarca,NOA,Catamarca,https://www.launion.digital,Robo de mascotas: recuperan un cachorro que había sido sustraído
2026-06-19,2026-W25,provincial,LA UNIÓN,Catamarca,NOA,Catamarca,https://www.launion.digital,El Quirófano Móvil llega con atención gratuita para perros y gatos: barrios y horarios
2026-06-19,2026-W25,provincial,LA UNIÓN,Catamarca,NOA,Catamarca,https://www.launion.digital,Resultado del sorteo de La Primera de la quiniela de Catamarca
2026-06-19,2026-W25,provincial,LA UNIÓN,Catamarca,NOA,Catamarca,https://www.launion.digital,Temporal de nevada afecta el oeste: sigue cerrado el Paso de San Francisco
2026-06-19,2026-W25,provincial,LA UNIÓN,Catamarca,NOA,Catamarca,https://www.launion.digital,Depravado: realizó tocamientos impúdicos a una mujer en un comercio
2026-06-19,2026-W25,provincial,LA UNIÓN,Catamarca,NOA,Catamarca,https://www.launion.digital,Celia Messi le contestó a Florencia Peña tras el escándalo por la fake news
2026-06-19,2026-W25,provincial,LA UNIÓN,Catamarca,NOA,Catamarca,https://www.launion.digital,"Estados Unidos, Brasil y Marruecos salen a escena en una jornada clave de la fase de grupos"
2026-06-19,2026-W25,provincial,LA UNIÓN,Catamarca,NOA,Catamarca,https://www.launion.digital,Murió un nene de 2 años tras una brutal golpiza y detuvieron a su madre y a su padrastro
2026-06-19,2026-W25,provincial,LA UNIÓN,Catamarca,NOA,Catamarca,https://www.launion.digital,Condenaron a 74 latigazos a una cantante iraní por no usar el velo durante la grabación de un video
2026-06-19,2026-W25,provincial,LA UNIÓN,Catamarca,NOA,Catamarca,https://www.launion.digital,La Secretaría de Transporte ratificó que las personas con discapacidad seguirán viajando sin abonar el pasaje
2026-06-19,2026-W25,provincial,LA UNIÓN,Catamarca,NOA,Catamarca,https://www.launion.digital,Santiago Beltrán permanece con la Selección: por qué sigue en Estados Unidos
2026-06-19,2026-W25,provincial,LA UNIÓN,Catamarca,NOA,Catamarca,https://www.launion.digital,Cuál es el club campeón de la Libertadores que hizo oficial la llegada de Tim Payne
2026-06-19,2026-W25,provincial,LA UNIÓN,Catamarca,NOA,Catamarca,https://www.launion.digital,Resultado del sorteo nocturno de la quiniela de Catamarca
2026-06-19,2026-W25,provincial,LA UNIÓN,Catamarca,NOA,Catamarca,https://www.launion.digital,Resultado del sorteo de la tarde de la quiniela de Catamarca
2026-06-19,2026-W25,provincial,LA UNIÓN,Catamarca,NOA,Catamarca,https://www.launion.digital,Resultado del sorteo vespertino de la quiniela de Catamarca
2026-06-19,2026-W25,provincial,LA UNIÓN,Catamarca,NOA,Catamarca,https://www.launion.digital,"La inesperada reacción del padre de Messi tras la fake news sobre su muerte: ""Que quilombo..."""
2026-06-19,2026-W25,provincial,LA UNIÓN,Catamarca,NOA,Catamarca,https://www.launion.digital,Catamarca: tres delincuentes le robaron la moto y la abandonan a pocas cuadras
2026-06-19,2026-W25,provincial,LA UNIÓN,Catamarca,NOA,Catamarca,https://www.launion.digital,"Flor Peña habló tras difundir la fake news de la muerte de Jorge Messi: ""Nunca quise lastimar a nadie"""
2026-06-19,2026-W25,provincial,LA UNIÓN,Catamarca,NOA,Catamarca,https://www.launion.digital,"Persecución en Catamarca: intentaron escapar, abandonaron la moto y fueron detenidos"
2026-06-19,2026-W25,provincial,LA UNIÓN,Catamarca,NOA,Catamarca,https://www.launion.digital,Buscan eliminar gradualmente el Impuesto sobre los Ingresos Brutos en Catamarca
2026-06-19,2026-W25,provincial,LA UNIÓN,Catamarca,NOA,Catamarca,https://www.launion.digital,IMPACTANTE VIDEO: la terrorífica lesión de un jugador canadiense en el Mundial
2026-06-19,2026-W25,provincial,LA UNIÓN,Catamarca,NOA,Catamarca,https://www.launion.digital,"Ramiro Marra le pidió a Milei que eche a Adorni: ""El proyecto se muere"""
2026-06-19,2026-W25,provincial,LA UNIÓN,Catamarca,NOA,Catamarca,https://www.launion.digital,Suiza goleó a Bosnia y quedó a un paso de los 16avos de final
2026-06-19,2026-W25,provincial,LA UNIÓN,Catamarca,NOA,Catamarca,https://www.launion.digital,Antonela le declaró la guerra a Luzu y a Flor Peña: la drástica decisión que tomó tras la noticia falsa sobre el papá de Messi
2026-06-19,2026-W25,provincial,LA UNIÓN,Catamarca,NOA,Catamarca,https://www.launion.digital,Caso Loan: qué hizo la familia con las donaciones y por qué se quedaron solos
2026-06-19,2026-W25,provincial,LA UNIÓN,Catamarca,NOA,Catamarca,https://www.launion.digital,"Estaba festejando con amigos, se cayó y golpeó contra una piedra"
2026-06-19,2026-W25,provincial,LA UNIÓN,Catamarca,NOA,Catamarca,https://www.launion.digital,Plan Canje por el Mundial: cómo entregar tu televisor usado y recibir un Smart TV nuevo
2026-06-19,2026-W25,provincial,LA UNIÓN,Catamarca,NOA,Catamarca,https://www.launion.digital,"""Sanción contundente"": Occhiato luego de que Flor Peña brindó información falsa al aire"
2026-06-19,2026-W25,provincial,LA UNIÓN,Catamarca,NOA,Catamarca,https://www.launion.digital,Emprendedores de Catamarca recibieron sus certificados tras un ciclo de formación y mentoría colaborativa
2026-06-19,2026-W25,provincial,LA UNIÓN,Catamarca,NOA,Catamarca,https://www.launion.digital,Iniciaron los trabajos de urbanización en el barrio 140 Viviendas de Valle Viejo
2026-06-19,2026-W25,provincial,LA UNIÓN,Catamarca,NOA,Catamarca,https://www.launion.digital,Jurado popular define el futuro de un padrastro acusado de abuso sexual en Catamarca
2026-06-19,2026-W25,provincial,LA UNIÓN,Catamarca,NOA,Catamarca,https://www.launion.digital,SEO para universidades en 2026: cómo las instituciones compiten por la atención de una generación digital
2026-06-19,2026-W25,provincial,LA UNIÓN,Catamarca,NOA,Catamarca,https://www.launion.digital,"Milei cargó contra Flor Peña por la fake news sobre Jorge Messi: ""Chimentera de poca monta"""
2026-06-19,2026-W25,provincial,LA UNIÓN,Catamarca,NOA,Catamarca,https://www.launion.digital,Modificarán la traza de la Ruta Provincial 43 para incluir a Los Nacimientos
2026-06-19,2026-W25,provincial,LA UNIÓN,Catamarca,NOA,Catamarca,https://www.launion.digital,Continúan abiertas las inscripciones para los talleres culturales temporarios
2026-06-19,2026-W25,provincial,LA UNIÓN,Catamarca,NOA,Catamarca,https://www.launion.digital,República Checa y Sudáfrica empataron 1-1 en un duelo de necesitados
2026-06-19,2026-W25,provincial,LA UNIÓN,Catamarca,NOA,Catamarca,https://www.launion.digital,Cumbre en Tapso
2026-06-19,2026-W25,provincial,LA UNIÓN,Catamarca,NOA,Catamarca,https://www.launion.digital,Argelia denunció el arbitraje de la derrota con Argentina y reclamó la expulsión de Messi
2026-06-19,2026-W25,provincial,LA UNIÓN,Catamarca,NOA,Catamarca,https://www.launion.digital,El consumo sigue estancado y no muestra señales de recuperación: los datos del INDEC
2026-06-19,2026-W25,provincial,LA UNIÓN,Catamarca,NOA,Catamarca,https://www.launion.digital,Aguinaldo de junio: cuál es la fecha límite y hasta cuándo rige el plazo de gracia
2026-06-19,2026-W25,provincial,EL TRIBUNO,Jujuy,NOA,San Salvador de Jujuy,https://www.eltribunodejujuy.com,Noticias de interés general actualizadas 24HS
2026-06-19,2026-W25,provincial,EL TRIBUNO,Jujuy,NOA,San Salvador de Jujuy,https://www.eltribunodejujuy.com,"Los alumnos de 4° dieron el Sí, prometo ante la Bandera"
2026-06-19,2026-W25,provincial,EL TRIBUNO,Jujuy,NOA,San Salvador de Jujuy,https://www.eltribunodejujuy.com,Piden llevar a juicio oral al acusado de envenenar a sus hijas recién nacidas
2026-06-19,2026-W25,provincial,EL TRIBUNO,Jujuy,NOA,San Salvador de Jujuy,https://www.eltribunodejujuy.com,Promueven el buen trato y la inclusión de las personas mayores
2026-06-19,2026-W25,provincial,EL TRIBUNO,Jujuy,NOA,San Salvador de Jujuy,https://www.eltribunodejujuy.com,Jujuy pidió un adelanto de 150 mil millones para salarios y obra pública
2026-06-19,2026-W25,provincial,EL TRIBUNO,Jujuy,NOA,San Salvador de Jujuy,https://www.eltribunodejujuy.com,Se lanzó la temporada invernal de Jujuy en la Ciudad de Buenos Aires
2026-06-19,2026-W25,provincial,EL TRIBUNO,Jujuy,NOA,San Salvador de Jujuy,https://www.eltribunodejujuy.com,"Partidos de hoy viernes 19 de junio, horarios y dónde ver en vivo"
2026-06-19,2026-W25,provincial,EL TRIBUNO,Jujuy,NOA,San Salvador de Jujuy,https://www.eltribunodejujuy.com,México le ganó a Corea del Sur y se aseguró el primer puesto del grupo
2026-06-19,2026-W25,provincial,EL TRIBUNO,Jujuy,NOA,San Salvador de Jujuy,https://www.eltribunodejujuy.com,Canadá vs. Qatar: goleada 6-0 de los locales
2026-06-19,2026-W25,provincial,EL TRIBUNO,Jujuy,NOA,San Salvador de Jujuy,https://www.eltribunodejujuy.com,Suiza le ganó a Bosnia 4 a 1 por la fase de grupos del Mundial 2026
2026-06-19,2026-W25,provincial,EL TRIBUNO,Jujuy,NOA,San Salvador de Jujuy,https://www.eltribunodejujuy.com,República Checa empató con Sudáfrica 1 a 1
2026-06-19,2026-W25,provincial,EL TRIBUNO,Jujuy,NOA,San Salvador de Jujuy,https://www.eltribunodejujuy.com,Colombia debutó con un triunfo de 3-1 sobre Uzbekistán
2026-06-19,2026-W25,provincial,EL TRIBUNO,Jujuy,NOA,San Salvador de Jujuy,https://www.eltribunodejujuy.com,Inglaterra vence a Croacia en un partido con seis goles
2026-06-19,2026-W25,provincial,EL TRIBUNO,Jujuy,NOA,San Salvador de Jujuy,https://www.eltribunodejujuy.com,Messi entrenó con baja intensidad y ya piensa en Austria
2026-06-19,2026-W25,provincial,EL TRIBUNO,Jujuy,NOA,San Salvador de Jujuy,https://www.eltribunodejujuy.com,Ghana encontró el gol sobre el final y venció a Panamá en Toronto
2026-06-19,2026-W25,provincial,EL TRIBUNO,Jujuy,NOA,San Salvador de Jujuy,https://www.eltribunodejujuy.com,Onda Estudiantil 2026
2026-06-19,2026-W25,provincial,EL TRIBUNO,Jujuy,NOA,San Salvador de Jujuy,https://www.eltribunodejujuy.com,Los mapaches ya tienen representante para la FNE 2026
2026-06-19,2026-W25,provincial,EL TRIBUNO,Jujuy,NOA,San Salvador de Jujuy,https://www.eltribunodejujuy.com,Hoy eligen 4 representantes
2026-06-19,2026-W25,provincial,EL TRIBUNO,Jujuy,NOA,San Salvador de Jujuy,https://www.eltribunodejujuy.com,Este fin de semana se suman cinco nombres para la FNE 2026
2026-06-19,2026-W25,provincial,EL TRIBUNO,Jujuy,NOA,San Salvador de Jujuy,https://www.eltribunodejujuy.com,"Luisana Cabrera es la nueva representante de ""los mineros"""
2026-06-19,2026-W25,provincial,EL TRIBUNO,Jujuy,NOA,San Salvador de Jujuy,https://www.eltribunodejujuy.com,"Erika, por el Colegio 1"
2026-06-19,2026-W25,provincial,EL TRIBUNO,Jujuy,NOA,San Salvador de Jujuy,https://www.eltribunodejujuy.com,"""Los Titanes"" eligieron a su representante"
2026-06-19,2026-W25,provincial,EL TRIBUNO,Jujuy,NOA,San Salvador de Jujuy,https://www.eltribunodejujuy.com,El Colegio Mayor Jujuy coronó a Sofía Sánchez como su nueva representante 2026
2026-06-19,2026-W25,provincial,EL TRIBUNO,Jujuy,NOA,San Salvador de Jujuy,https://www.eltribunodejujuy.com,Morena Paz es la nueva representante del Secundario N° 6
2026-06-19,2026-W25,provincial,EL TRIBUNO,Jujuy,NOA,San Salvador de Jujuy,https://www.eltribunodejujuy.com,Últimas noticias
2026-06-19,2026-W25,provincial,EL TRIBUNO,Jujuy,NOA,San Salvador de Jujuy,https://www.eltribunodejujuy.com,"""Invierno Seguro"", la campaña para alertar sobre la letalidad del monóxido de carbono"
2026-06-19,2026-W25,provincial,EL TRIBUNO,Jujuy,NOA,San Salvador de Jujuy,https://www.eltribunodejujuy.com,Palpalá: maestras conmemoraron el Día del Orgullo Autista con una jornada de bienestar
2026-06-19,2026-W25,provincial,EL TRIBUNO,Jujuy,NOA,San Salvador de Jujuy,https://www.eltribunodejujuy.com,Identifican garrapatas en ganado y formas de control
2026-06-19,2026-W25,provincial,EL TRIBUNO,Jujuy,NOA,San Salvador de Jujuy,https://www.eltribunodejujuy.com,Adultos mayores de Palpalá grabaron un video de apoyo a la Scaloneta
2026-06-19,2026-W25,provincial,EL TRIBUNO,Jujuy,NOA,San Salvador de Jujuy,https://www.eltribunodejujuy.com,Policías reanimaron con RCP a un hombre descompensado en plena vía pública
2026-06-19,2026-W25,provincial,EL TRIBUNO,Jujuy,NOA,San Salvador de Jujuy,https://www.eltribunodejujuy.com,El dólar sigue subiendo y ya se ubica en $1.480
2026-06-19,2026-W25,provincial,EL TRIBUNO,Jujuy,NOA,San Salvador de Jujuy,https://www.eltribunodejujuy.com,San Pedro: el Cuerpo de Infantería conmemoró su 38° aniversario
2026-06-19,2026-W25,provincial,EL TRIBUNO,Jujuy,NOA,San Salvador de Jujuy,https://www.eltribunodejujuy.com,Buscan a Wanda Santa María
2026-06-19,2026-W25,provincial,EL TRIBUNO,Jujuy,NOA,San Salvador de Jujuy,https://www.eltribunodejujuy.com,Mundial 2026: cómo funcionarán las escuelas durante el partido de Argentina
2026-06-19,2026-W25,provincial,EL TRIBUNO,Jujuy,NOA,San Salvador de Jujuy,https://www.eltribunodejujuy.com,"Capital presentó sistema digital georreferenciado ""MuniMap"""
2026-06-19,2026-W25,provincial,EL TRIBUNO,Jujuy,NOA,San Salvador de Jujuy,https://www.eltribunodejujuy.com,El Centro de Formación Profesional 1 de Palpalá celebró sus 57 años
2026-06-19,2026-W25,provincial,EL TRIBUNO,Jujuy,NOA,San Salvador de Jujuy,https://www.eltribunodejujuy.com,La Promo '26 vivirá un gran banderazo para alentar a la Selección Argentina en Ciudad Cultural
2026-06-19,2026-W25,provincial,EL TRIBUNO,Jujuy,NOA,San Salvador de Jujuy,https://www.eltribunodejujuy.com,El costo de criar a 1 niño es igual a la canasta alimentaria familiar
2026-06-19,2026-W25,provincial,EL TRIBUNO,Jujuy,NOA,San Salvador de Jujuy,https://www.eltribunodejujuy.com,"""Manos unidas, aulas vivas"" en Abra Pampa"
2026-06-19,2026-W25,provincial,EL TRIBUNO,Jujuy,NOA,San Salvador de Jujuy,https://www.eltribunodejujuy.com,Jorge Portillo es el nuevo director de Tránsito
2026-06-19,2026-W25,provincial,EL TRIBUNO,Jujuy,NOA,San Salvador de Jujuy,https://www.eltribunodejujuy.com,Intercambio con alumnos palpaleños
2026-06-19,2026-W25,provincial,EL TRIBUNO,Jujuy,NOA,San Salvador de Jujuy,https://www.eltribunodejujuy.com,Festejarán mañana el Día de la Bandera en Huacalera
2026-06-19,2026-W25,provincial,EL TRIBUNO,Jujuy,NOA,San Salvador de Jujuy,https://www.eltribunodejujuy.com,Quintana gestiona recursos para el desarrollo de El Talar
2026-06-19,2026-W25,provincial,EL TRIBUNO,Jujuy,NOA,San Salvador de Jujuy,https://www.eltribunodejujuy.com,Municipio de Santa Clara cumple 41 años de creación
2026-06-19,2026-W25,provincial,EL TRIBUNO,Jujuy,NOA,San Salvador de Jujuy,https://www.eltribunodejujuy.com,Destinos de la Quebrada planean el inicio de sus temporadas de invierno
2026-06-19,2026-W25,provincial,EL TRIBUNO,Jujuy,NOA,San Salvador de Jujuy,https://www.eltribunodejujuy.com,Con un simulador de vuelo se podrá sobrevolar por Jujuy
2026-06-19,2026-W25,provincial,EL TRIBUNO,Jujuy,NOA,San Salvador de Jujuy,https://www.eltribunodejujuy.com,Calilegua inicia su temporada turística invernal
2026-06-19,2026-W25,provincial,EL TRIBUNO,Jujuy,NOA,San Salvador de Jujuy,https://www.eltribunodejujuy.com,Tumbaya con visitantes el finde
2026-06-19,2026-W25,provincial,EL TRIBUNO,Jujuy,NOA,San Salvador de Jujuy,https://www.eltribunodejujuy.com,El chef Escalada impartirá Taller de fuegos vivos para los papás
2026-06-19,2026-W25,provincial,EL TRIBUNO,Jujuy,NOA,San Salvador de Jujuy,https://www.eltribunodejujuy.com,Continúa grave el interno que sufrió quemaduras en su celda
2026-06-19,2026-W25,provincial,LEA,Jujuy,NOA,San Salvador de Jujuy,https://www.periodicolea.com.ar,JUJUY ACTUALIDAD
2026-06-19,2026-W25,provincial,LEA,Jujuy,NOA,San Salvador de Jujuy,https://www.periodicolea.com.ar,Para atender a Jujuy y a la Región
2026-06-19,2026-W25,provincial,LEA,Jujuy,NOA,San Salvador de Jujuy,https://www.periodicolea.com.ar,DEPORTE NACIONAL
2026-06-19,2026-W25,provincial,LEA,Jujuy,NOA,San Salvador de Jujuy,https://www.periodicolea.com.ar,CULTURA & ESPECTÁCULOS
2026-06-19,2026-W25,provincial,LEA,Jujuy,NOA,San Salvador de Jujuy,https://www.periodicolea.com.ar,INTERNACIONALES
2026-06-19,2026-W25,provincial,LEA,Jujuy,NOA,San Salvador de Jujuy,https://www.periodicolea.com.ar,LEA LO MÁS VISTO
2026-06-19,2026-W25,provincial,LEA,Jujuy,NOA,San Salvador de Jujuy,https://www.periodicolea.com.ar,LEA NUESTRA PORTADA
2026-06-19,2026-W25,provincial,LEA,Jujuy,NOA,San Salvador de Jujuy,https://www.periodicolea.com.ar,Alto Comedero: el Plan de Acción Territorial de Salud reforzará al hospital Snopek y ocho CAPS
2026-06-19,2026-W25,provincial,LEA,Jujuy,NOA,San Salvador de Jujuy,https://www.periodicolea.com.ar,El Registro Civil recuerda la obligatoriedad de renovar los DNI formato «libreta celeste»
2026-06-19,2026-W25,provincial,LEA,Jujuy,NOA,San Salvador de Jujuy,https://www.periodicolea.com.ar,El Mercado 6 de Agosto celebrará el Día del Padre con música y gastronomía para la familia
2026-06-19,2026-W25,provincial,LEA,Jujuy,NOA,San Salvador de Jujuy,https://www.periodicolea.com.ar,El Gobierno de Jujuy realizó entrega de guardapolvos escolares para El Talar
2026-06-19,2026-W25,provincial,LEA,Jujuy,NOA,San Salvador de Jujuy,https://www.periodicolea.com.ar,Jorge encabezó la entrega de certificados a los agentes municipales formados en emergencias
2026-06-19,2026-W25,provincial,LEA,Jujuy,NOA,San Salvador de Jujuy,https://www.periodicolea.com.ar,“Pará de mentir y háganse cargo del tarifazo de Milei”
2026-06-19,2026-W25,provincial,LEA,Jujuy,NOA,San Salvador de Jujuy,https://www.periodicolea.com.ar,Sáenz en los homenajes a Güemes: “Debemos tomar su ejemplo y defender los intereses de la Patria y de los salteños»
2026-06-19,2026-W25,provincial,LEA,Jujuy,NOA,San Salvador de Jujuy,https://www.periodicolea.com.ar,Impacto de El Niño en el verano: Rossana Chahla reunió a expertos para proyectar medidas preventivas
2026-06-19,2026-W25,provincial,LEA,Jujuy,NOA,San Salvador de Jujuy,https://www.periodicolea.com.ar,Furor en Catamarca tras el debut de la Selección: «Tenemos una carta mágica»
2026-06-19,2026-W25,provincial,LEA,Jujuy,NOA,San Salvador de Jujuy,https://www.periodicolea.com.ar,El Gobierno otorgó anticipos financieros por hasta $400.000 millones a 3 gobernadores
2026-06-19,2026-W25,provincial,LEA,Jujuy,NOA,San Salvador de Jujuy,https://www.periodicolea.com.ar,Ni el AMBA ni el conurbano: la crisis de empleo y cierre de empresas golpea con más fuerza a las «provincias promesa» del modelo
2026-06-19,2026-W25,provincial,LEA,Jujuy,NOA,San Salvador de Jujuy,https://www.periodicolea.com.ar,Nuevo recibo de sueldo: cuáles son los cambios más significativos impulsados por el Gobierno Nacional
2026-06-19,2026-W25,provincial,LEA,Jujuy,NOA,San Salvador de Jujuy,https://www.periodicolea.com.ar,Se agrava la pérdida de empleo en Argentina: “El 68% de los trabajadores echados son de empresas grandes”
2026-06-19,2026-W25,provincial,LEA,Jujuy,NOA,San Salvador de Jujuy,https://www.periodicolea.com.ar,Igual cantidad de empleados y con menos producción: la radiografía de los empresarios para lo que queda de 2026
2026-06-19,2026-W25,provincial,LEA,Jujuy,NOA,San Salvador de Jujuy,https://www.periodicolea.com.ar,"Milei, el dilema de Adorni y las enseñanzas de George Kennan"
2026-06-19,2026-W25,provincial,LEA,Jujuy,NOA,San Salvador de Jujuy,https://www.periodicolea.com.ar,Ya se pueden adquirir las entradas para el partido del “Lobo” en Santiago del Estero
2026-06-19,2026-W25,provincial,LEA,Jujuy,NOA,San Salvador de Jujuy,https://www.periodicolea.com.ar,Gimnasia dejó atrás la goleada y ahora piensa en el partido del domingo en Santiago del Estero
2026-06-19,2026-W25,provincial,LEA,Jujuy,NOA,San Salvador de Jujuy,https://www.periodicolea.com.ar,En el Concejo Deliberante aprobaron ayer la creación del Programa Integral de Coordinación Deportiva por Distritos
2026-06-19,2026-W25,provincial,LEA,Jujuy,NOA,San Salvador de Jujuy,https://www.periodicolea.com.ar,"Brasil se enfrenta con Haití, en busca de la recuperación tras su flojo debut"
2026-06-19,2026-W25,provincial,LEA,Jujuy,NOA,San Salvador de Jujuy,https://www.periodicolea.com.ar,River inició una renovación histórica Arambarri pasó la revisión y el plantel “Millonario” viaja a España con 17 bajas
2026-06-19,2026-W25,provincial,LEA,Jujuy,NOA,San Salvador de Jujuy,https://www.periodicolea.com.ar,Arruabarrena borró a cuatro jugadores de Boca en el primer día de pretemporada
2026-06-19,2026-W25,provincial,LEA,Jujuy,NOA,San Salvador de Jujuy,https://www.periodicolea.com.ar,Cómo aprovechar la IA de Google para convertir documentos en podcast
2026-06-19,2026-W25,provincial,LEA,Jujuy,NOA,San Salvador de Jujuy,https://www.periodicolea.com.ar,Qué hacer cuando tu Google Chrome funciona de manera lenta
2026-06-19,2026-W25,provincial,LEA,Jujuy,NOA,San Salvador de Jujuy,https://www.periodicolea.com.ar,"Lanzan o1, la inteligencia artificial que «piensa» antes de responder"
2026-06-19,2026-W25,provincial,LEA,Jujuy,NOA,San Salvador de Jujuy,https://www.periodicolea.com.ar,"Así es el negocio de María Sol Messi, la hermana de Lionel Messi: el rol clave de Antonela Roccuzzo"
2026-06-19,2026-W25,provincial,LEA,Jujuy,NOA,San Salvador de Jujuy,https://www.periodicolea.com.ar,Florencia Peña anunció en vivo la muerte del papá de Messi y luego pidió disculpas: “Me comí la curva”
2026-06-19,2026-W25,provincial,LEA,Jujuy,NOA,San Salvador de Jujuy,https://www.periodicolea.com.ar,Quiénes son y a qué se dedican los tres hermanos de Lionel Messi
2026-06-19,2026-W25,provincial,LEA,Jujuy,NOA,San Salvador de Jujuy,https://www.periodicolea.com.ar,Los 100 días de Kast en Chile: el foco en la economía desplaza la lucha contra el delito
2026-06-19,2026-W25,provincial,LEA,Jujuy,NOA,San Salvador de Jujuy,https://www.periodicolea.com.ar,Denuncias por ingresos irregulares aumentan casi 70% en la Región de Antofagasta
2026-06-19,2026-W25,provincial,LEA,Jujuy,NOA,San Salvador de Jujuy,https://www.periodicolea.com.ar,"Puerto de Iquique, en el norte de Chile, acumula más de mil contenedores por bloqueos de carreteras en Bolivia"
2026-06-19,2026-W25,provincial,LEA,Jujuy,NOA,San Salvador de Jujuy,https://www.periodicolea.com.ar,Acuerdo con la COB se lleva adelante “de buena manera” dice Paz en un acto con los mineros
2026-06-19,2026-W25,provincial,LEA,Jujuy,NOA,San Salvador de Jujuy,https://www.periodicolea.com.ar,“Hay intención de cogobernar”: Gobierno cuestiona “condiciones absurdas” de la COB
2026-06-19,2026-W25,provincial,LEA,Jujuy,NOA,San Salvador de Jujuy,https://www.periodicolea.com.ar,El frío y la competencia reducen la pesca en el Pilcomayo
2026-06-19,2026-W25,provincial,LEA,Jujuy,NOA,San Salvador de Jujuy,https://www.periodicolea.com.ar,La metamorfosis demográfica de América Latina: la población mayor duplicará a la infantil en 2037
2026-06-19,2026-W25,provincial,LEA,Jujuy,NOA,San Salvador de Jujuy,https://www.periodicolea.com.ar,Lula le pide a Trump que no se meta en las elecciones en Brasil
2026-06-19,2026-W25,provincial,LEA,Jujuy,NOA,San Salvador de Jujuy,https://www.periodicolea.com.ar,Cómo van las elecciones de Colombia 2026 en el exterior y cuándo saldrán los resultados
2026-06-19,2026-W25,provincial,LEA,Jujuy,NOA,San Salvador de Jujuy,https://www.periodicolea.com.ar,El G7 aumenta la presión sobre Rusia para poner fin a la guerra en Ucrania
2026-06-19,2026-W25,provincial,LEA,Jujuy,NOA,San Salvador de Jujuy,https://www.periodicolea.com.ar,Entra en vigor el 1 de julio en Florida: la nueva ley que afecta a migrantes con visa de estudiante
2026-06-19,2026-W25,provincial,LEA,Jujuy,NOA,San Salvador de Jujuy,https://www.periodicolea.com.ar,Cuáles son los 14 puntos del acuerdo que firmaron Estados Unidos e Irán para lograr la paz en Medio Oriente
2026-06-19,2026-W25,provincial,PREGÓN,Jujuy,NOA,San Salvador de Jujuy,https://www.pregon.com.ar,Autorizaron un anticipo de coparticipación para Jujuy
2026-06-19,2026-W25,provincial,PREGÓN,Jujuy,NOA,San Salvador de Jujuy,https://www.pregon.com.ar,Celebran dos años de la puesta en marcha del Tren Solar de la Quebrada
2026-06-19,2026-W25,provincial,PREGÓN,Jujuy,NOA,San Salvador de Jujuy,https://www.pregon.com.ar,La segunda plaza al Regional tendrá una definición apasionante
2026-06-19,2026-W25,provincial,PREGÓN,Jujuy,NOA,San Salvador de Jujuy,https://www.pregon.com.ar,"Kruspzky, de raíces jujeñas y presente de campeón en Emiratos Árabes"
2026-06-19,2026-W25,provincial,PREGÓN,Jujuy,NOA,San Salvador de Jujuy,https://www.pregon.com.ar,"Recuerdan la obligatoriedad de renovar los DNI con el formato ""Libreta Celeste"""
2026-06-19,2026-W25,provincial,PREGÓN,Jujuy,NOA,San Salvador de Jujuy,https://www.pregon.com.ar,Comercios deciden abrir en el feriado del 20
2026-06-19,2026-W25,provincial,PREGÓN,Jujuy,NOA,San Salvador de Jujuy,https://www.pregon.com.ar,Nueva diplomatura en Metodología de la Investigación en Ciencias Médicas
2026-06-19,2026-W25,provincial,PREGÓN,Jujuy,NOA,San Salvador de Jujuy,https://www.pregon.com.ar,"Quién es Adrián Ravier, el economista que será el nuevo vocero presidencial"
2026-06-19,2026-W25,provincial,PREGÓN,Jujuy,NOA,San Salvador de Jujuy,https://www.pregon.com.ar,Crearán el Digesto Jurídico Municipal y un programa de coordinación deportiva distrital
2026-06-19,2026-W25,provincial,PREGÓN,Jujuy,NOA,San Salvador de Jujuy,https://www.pregon.com.ar,Prácticas profesionales para futuros odontólogos
2026-06-19,2026-W25,provincial,PREGÓN,Jujuy,NOA,San Salvador de Jujuy,https://www.pregon.com.ar,Capacitación para incorporar la perspectiva de género en el ejercicio de la función pública
2026-06-19,2026-W25,provincial,PREGÓN,Jujuy,NOA,San Salvador de Jujuy,https://www.pregon.com.ar,Detuvieron en Caimancito a un joven acusado de agredir a su novia embarazada
2026-06-19,2026-W25,provincial,PREGÓN,Jujuy,NOA,San Salvador de Jujuy,https://www.pregon.com.ar,Se presentó en su casa para amenazarla de muerte
2026-06-19,2026-W25,provincial,PREGÓN,Jujuy,NOA,San Salvador de Jujuy,https://www.pregon.com.ar,Hallaron un presunto artefacto explosivo
2026-06-19,2026-W25,provincial,PREGÓN,Jujuy,NOA,San Salvador de Jujuy,https://www.pregon.com.ar,Sadir llevó planteos a Santilli y también hablaron de la agenda legislativa
2026-06-19,2026-W25,provincial,PREGÓN,Jujuy,NOA,San Salvador de Jujuy,https://www.pregon.com.ar,Régimen de alivio fiscal para los pequeños contribuyentes
2026-06-19,2026-W25,provincial,PREGÓN,Jujuy,NOA,San Salvador de Jujuy,https://www.pregon.com.ar,Beneficiarios de becas de Medicina destacaron el apoyo del Gobierno
2026-06-19,2026-W25,provincial,PREGÓN,Jujuy,NOA,San Salvador de Jujuy,https://www.pregon.com.ar,El club uruguayo que sueña con Cavani tras su salida de Boca
2026-06-19,2026-W25,provincial,PREGÓN,Jujuy,NOA,San Salvador de Jujuy,https://www.pregon.com.ar,La 10 de Boca busca dueño: el heredero que asoma para heredar una camiseta que nunca pesa poco
2026-06-19,2026-W25,provincial,PREGÓN,Jujuy,NOA,San Salvador de Jujuy,https://www.pregon.com.ar,Qué resultados necesita la Selección argentina para clasificar a los 16avos de final
2026-06-19,2026-W25,provincial,PREGÓN,Jujuy,NOA,San Salvador de Jujuy,https://www.pregon.com.ar,El posteo de la hermana de Cristiano Ronaldo que encendió el clima en Portugal
2026-06-19,2026-W25,provincial,PREGÓN,Jujuy,NOA,San Salvador de Jujuy,https://www.pregon.com.ar,Paraguay y Ecuador van por la recuperación en el Mundial 2026
2026-06-19,2026-W25,provincial,PREGÓN,Jujuy,NOA,San Salvador de Jujuy,https://www.pregon.com.ar,La FIFA designó al árbitro para el partido de la Selección Argentina ante Austria
2026-06-19,2026-W25,provincial,PREGÓN,Jujuy,NOA,San Salvador de Jujuy,https://www.pregon.com.ar,Adrián Ravier será el nuevo Vocero Presidencial
2026-06-19,2026-W25,provincial,PREGÓN,Jujuy,NOA,San Salvador de Jujuy,https://www.pregon.com.ar,Multas de tránsito en CABA: precios actualizados y cómo saber si son válidas
2026-06-19,2026-W25,provincial,PREGÓN,Jujuy,NOA,San Salvador de Jujuy,https://www.pregon.com.ar,El dólar abrió con leve suba
2026-06-19,2026-W25,provincial,PREGÓN,Jujuy,NOA,San Salvador de Jujuy,https://www.pregon.com.ar,Castigan a una cantante iraní con 74 latigazos por cantar sin hiyab
2026-06-19,2026-W25,provincial,PREGÓN,Jujuy,NOA,San Salvador de Jujuy,https://www.pregon.com.ar,Italia canceló una visita oficial a Estados Unidos tras declaraciones “ofensivas” de Donald Trump contra Giorgia Meloni
2026-06-19,2026-W25,provincial,PREGÓN,Jujuy,NOA,San Salvador de Jujuy,https://www.pregon.com.ar,Estados Unidos piensa en un plazo de 60 días para negociar un acuerdo permanente con Irán pero aparecen dificultades
2026-06-19,2026-W25,provincial,PREGÓN,Jujuy,NOA,San Salvador de Jujuy,https://www.pregon.com.ar,“Irresponsabilidad impresionante”: Feinmann sobre la fake news en el streaming de Nico Occhiato
2026-06-19,2026-W25,provincial,PREGÓN,Jujuy,NOA,San Salvador de Jujuy,https://www.pregon.com.ar,“No se merece mi respeto”: Nico Occhiato habló sobre la polémica por la fake news de Flor Peña
2026-06-19,2026-W25,provincial,PREGÓN,Jujuy,NOA,San Salvador de Jujuy,https://www.pregon.com.ar,El editorial de Jonatan Viale contra los “Anti Messi”: “Déjenlo tranquilo”
2026-06-19,2026-W25,provincial,PREGÓN,Jujuy,NOA,San Salvador de Jujuy,https://www.pregon.com.ar,l Estado reducido a Vigilante
2026-06-19,2026-W25,provincial,PREGÓN,Jujuy,NOA,San Salvador de Jujuy,https://www.pregon.com.ar,¿Y dónde están los Rectores?
2026-06-19,2026-W25,provincial,PREGÓN,Jujuy,NOA,San Salvador de Jujuy,https://www.pregon.com.ar,JUJUY Celebran dos años de la puesta en marcha del Tren Solar de la Quebrada 18-06-2026
2026-06-19,2026-W25,provincial,PREGÓN,Jujuy,NOA,San Salvador de Jujuy,https://www.pregon.com.ar,DEPORTES La segunda plaza al Regional tendrá una definición apasionante 18-06-2026
2026-06-19,2026-W25,provincial,PREGÓN,Jujuy,NOA,San Salvador de Jujuy,https://www.pregon.com.ar,"DEPORTES Kruspzky, de raíces jujeñas y presente de campeón en Emiratos Árabes 18-06-2026"
2026-06-19,2026-W25,provincial,PREGÓN,Jujuy,NOA,San Salvador de Jujuy,https://www.pregon.com.ar,"JUJUY Recuerdan la obligatoriedad de renovar los DNI con el formato ""Libreta Celeste"" 18-06-2026"
2026-06-19,2026-W25,provincial,PREGÓN,Jujuy,NOA,San Salvador de Jujuy,https://www.pregon.com.ar,JUJUY Comercios deciden abrir en el feriado del 20 17-06-2026
2026-06-19,2026-W25,provincial,PREGÓN,Jujuy,NOA,San Salvador de Jujuy,https://www.pregon.com.ar,JUJUY Nueva diplomatura en Metodología de la Investigación en Ciencias Médicas 17-06-2026
2026-06-19,2026-W25,provincial,PREGÓN,Jujuy,NOA,San Salvador de Jujuy,https://www.pregon.com.ar,"NACIONAL Quién es Adrián Ravier, el economista que será el nuevo vocero presidencial 1:35 PM"
2026-06-19,2026-W25,provincial,PREGÓN,Jujuy,NOA,San Salvador de Jujuy,https://www.pregon.com.ar,JUJUY Crearán el Digesto Jurídico Municipal y un programa de coordinación deportiva distrital 18-06-2026
2026-06-19,2026-W25,provincial,PREGÓN,Jujuy,NOA,San Salvador de Jujuy,https://www.pregon.com.ar,JUJUY Prácticas profesionales para futuros odontólogos 18-06-2026
2026-06-19,2026-W25,provincial,PREGÓN,Jujuy,NOA,San Salvador de Jujuy,https://www.pregon.com.ar,JUJUY Capacitación para incorporar la perspectiva de género en el ejercicio de la función pública 18-06-2026
2026-06-19,2026-W25,provincial,PREGÓN,Jujuy,NOA,San Salvador de Jujuy,https://www.pregon.com.ar,POLICIAL Detuvieron en Caimancito a un joven acusado de agredir a su novia embarazada 18-06-2026
2026-06-19,2026-W25,provincial,PREGÓN,Jujuy,NOA,San Salvador de Jujuy,https://www.pregon.com.ar,POLICIAL Se presentó en su casa para amenazarla de muerte 18-06-2026
2026-06-19,2026-W25,provincial,PREGÓN,Jujuy,NOA,San Salvador de Jujuy,https://www.pregon.com.ar,POLICIAL Hallaron un presunto artefacto explosivo 18-06-2026
2026-06-19,2026-W25,provincial,PREGÓN,Jujuy,NOA,San Salvador de Jujuy,https://www.pregon.com.ar,POLITICA Sadir llevó planteos a Santilli y también hablaron de la agenda legislativa 18-06-2026
2026-06-19,2026-W25,provincial,PREGÓN,Jujuy,NOA,San Salvador de Jujuy,https://www.pregon.com.ar,POLITICA Régimen de alivio fiscal para los pequeños contribuyentes 18-06-2026
2026-06-19,2026-W25,provincial,PREGÓN,Jujuy,NOA,San Salvador de Jujuy,https://www.pregon.com.ar,POLITICA Beneficiarios de becas de Medicina destacaron el apoyo del Gobierno 18-06-2026
2026-06-19,2026-W25,provincial,EL INDEPENDIENTE,La Rioja,NOA,La Rioja,https://www.elindependiente.com.ar,El lunes no habrá clases en el turno tarde por el partido de la Selección
2026-06-19,2026-W25,provincial,EL INDEPENDIENTE,La Rioja,NOA,La Rioja,https://www.elindependiente.com.ar,Milei busca una foto de respaldo a Adorni mientras sigue la interna con Villarruel
2026-06-19,2026-W25,provincial,EL INDEPENDIENTE,La Rioja,NOA,La Rioja,https://www.elindependiente.com.ar,Alerta en Córdoba por la confirmación de 23 casos de triquinosi
2026-06-19,2026-W25,provincial,EL INDEPENDIENTE,La Rioja,NOA,La Rioja,https://www.elindependiente.com.ar,UTN La Rioja fortalece vinculación con instituciones del sector tecnológico y docente
2026-06-19,2026-W25,provincial,EL INDEPENDIENTE,La Rioja,NOA,La Rioja,https://www.elindependiente.com.ar,Más de 6.000 estudiantes realizarán la Promesa de Lealtad a la Bandera
2026-06-19,2026-W25,provincial,EL INDEPENDIENTE,La Rioja,NOA,La Rioja,https://www.elindependiente.com.ar,Escoliosis: el deporte y los chequeos como pilares del desarrollo saludable de niños
2026-06-19,2026-W25,provincial,EL INDEPENDIENTE,La Rioja,NOA,La Rioja,https://www.elindependiente.com.ar,Qué resultados necesita la Selección argentina para clasificar a los 16avos de final
2026-06-19,2026-W25,provincial,EL INDEPENDIENTE,La Rioja,NOA,La Rioja,https://www.elindependiente.com.ar,La FIFA designó al árbitro para el partido de la Selección Argentina ante Austria
2026-06-19,2026-W25,provincial,EL INDEPENDIENTE,La Rioja,NOA,La Rioja,https://www.elindependiente.com.ar,"Con la presencia de Messi, Argentina se entrenó con la mirada puesta en Austria"
2026-06-19,2026-W25,provincial,EL INDEPENDIENTE,La Rioja,NOA,La Rioja,https://www.elindependiente.com.ar,México le ganó a Corea del Sur y aseguró la clasificación a 16avos de final del Mundial
2026-06-19,2026-W25,provincial,EL INDEPENDIENTE,La Rioja,NOA,La Rioja,https://www.elindependiente.com.ar,Canadá goleó a Qatar y se acercó a los dieciseisavos de final del Mundial 2026
2026-06-19,2026-W25,provincial,EL INDEPENDIENTE,La Rioja,NOA,La Rioja,https://www.elindependiente.com.ar,Suiza goleó a Bosnia y se acerca a los 16avos del Mundial 2026
2026-06-19,2026-W25,provincial,EL INDEPENDIENTE,La Rioja,NOA,La Rioja,https://www.elindependiente.com.ar,República Checa y Sudáfrica empataron 1 a 1
2026-06-19,2026-W25,provincial,EL INDEPENDIENTE,La Rioja,NOA,La Rioja,https://www.elindependiente.com.ar,El récord histórico que puede alcanzar Dibu Martínez con la Selección argentina
2026-06-19,2026-W25,provincial,EL INDEPENDIENTE,La Rioja,NOA,La Rioja,https://www.elindependiente.com.ar,Crece el conflicto limítrofe entre La Rioja y San Juan por recursos turísticos y minero
2026-06-19,2026-W25,provincial,EL INDEPENDIENTE,La Rioja,NOA,La Rioja,https://www.elindependiente.com.ar,El mensaje de Patricia Bullrich sobre el nuevo vocero
2026-06-19,2026-W25,provincial,EL INDEPENDIENTE,La Rioja,NOA,La Rioja,https://www.elindependiente.com.ar,Incendio en una vivienda: se prendió fuego un caloventor y parte de un dormitorio
2026-06-19,2026-W25,provincial,EL INDEPENDIENTE,La Rioja,NOA,La Rioja,https://www.elindependiente.com.ar,Estudiantes se sumaron a una jornada para derribar prejuicios sobre la vejez
2026-06-19,2026-W25,provincial,EL INDEPENDIENTE,La Rioja,NOA,La Rioja,https://www.elindependiente.com.ar,Suspenderán las clases del turno tarde por el partido de la Selección Argentina
2026-06-19,2026-W25,provincial,EL INDEPENDIENTE,La Rioja,NOA,La Rioja,https://www.elindependiente.com.ar,"""Salvando con Amor La Rioja"" busca socios para rescatar a animales de las calles"
2026-06-19,2026-W25,provincial,EL INDEPENDIENTE,La Rioja,NOA,La Rioja,https://www.elindependiente.com.ar,Eclipse solar más largo del siglo: ¿Cuándo será y cuánto durará?
2026-06-19,2026-W25,provincial,EL INDEPENDIENTE,La Rioja,NOA,La Rioja,https://www.elindependiente.com.ar,"""La violencia está naturalizada y debemos desaprenderla desde la educación"""
2026-06-19,2026-W25,provincial,EL INDEPENDIENTE,La Rioja,NOA,La Rioja,https://www.elindependiente.com.ar,Radio Independiente realizará un programa especial por el Día del Padre
2026-06-19,2026-W25,provincial,EL INDEPENDIENTE,La Rioja,NOA,La Rioja,https://www.elindependiente.com.ar,Castigan a una cantante iraní con 74 latigazos por cantar sin hiyab
2026-06-19,2026-W25,provincial,EL INDEPENDIENTE,La Rioja,NOA,La Rioja,https://www.elindependiente.com.ar,Santos inocentes
2026-06-19,2026-W25,provincial,EL INDEPENDIENTE,La Rioja,NOA,La Rioja,https://www.elindependiente.com.ar,Adrián Ravier será el nuevo Vocero Presidencial
2026-06-19,2026-W25,provincial,EL INDEPENDIENTE,La Rioja,NOA,La Rioja,https://www.elindependiente.com.ar,Efemérides del 19 de junio: ¿Qué pasó un día como hoy?
2026-06-19,2026-W25,provincial,EL INDEPENDIENTE,La Rioja,NOA,La Rioja,https://www.elindependiente.com.ar,Se espera un viernes agradable con una máxima de 18 grados
2026-06-19,2026-W25,provincial,EL INDEPENDIENTE,La Rioja,NOA,La Rioja,https://www.elindependiente.com.ar,Estafaron a un riojano por $ 11.000.000 y los sospechosos estaban en Santa Fe
2026-06-19,2026-W25,provincial,EL INDEPENDIENTE,La Rioja,NOA,La Rioja,https://www.elindependiente.com.ar,Anne Hathaway está embarazada de su tercer hijo a los 43 años
2026-06-19,2026-W25,provincial,EL INDEPENDIENTE,La Rioja,NOA,La Rioja,https://www.elindependiente.com.ar,Conductor de Luzu TV cuestionó a quienes difundieron noticias falsas sobre su canal
2026-06-19,2026-W25,provincial,EL INDEPENDIENTE,La Rioja,NOA,La Rioja,https://www.elindependiente.com.ar,Juanita Tinelli desmintió la denuncia por violencia de género
2026-06-19,2026-W25,provincial,EL INDEPENDIENTE,La Rioja,NOA,La Rioja,https://www.elindependiente.com.ar,"""Chimentera de poca monta"": Javier Milei se refirió a la noticia dada por Flor Peña"
2026-06-19,2026-W25,provincial,EL INDEPENDIENTE,La Rioja,NOA,La Rioja,https://www.elindependiente.com.ar,"Florencia Peña pensaba ""seguir en el streaming"" y finalmente renunció"
2026-06-19,2026-W25,provincial,EL INDEPENDIENTE,La Rioja,NOA,La Rioja,https://www.elindependiente.com.ar,Estados Unidos le ganó a Australia y quedó a un paso de los 16avos del Mundial
2026-06-19,2026-W25,provincial,EL INDEPENDIENTE,La Rioja,NOA,La Rioja,https://www.elindependiente.com.ar,El Municipio de Capital completó el descacharreo en barrio Evita
2026-06-19,2026-W25,provincial,EL INDEPENDIENTE,La Rioja,NOA,La Rioja,https://www.elindependiente.com.ar,La Rioja será sede de jornada nacional para acercar financiamiento y garantías a PyMEs
2026-06-19,2026-W25,provincial,EL INDEPENDIENTE,La Rioja,NOA,La Rioja,https://www.elindependiente.com.ar,Rifa Mi Promo 2026 completó su recorrido por Capital y comienza su gira por el interior
2026-06-19,2026-W25,provincial,EL INDEPENDIENTE,La Rioja,NOA,La Rioja,https://www.elindependiente.com.ar,Crean la Unión de Cámaras de La Rioja para fortalecer la representación del sector priv
2026-06-19,2026-W25,provincial,EL INDEPENDIENTE,La Rioja,NOA,La Rioja,https://www.elindependiente.com.ar,Andreani negó los hechos y se abstuvo de declarar en el caso Agostina Vega
2026-06-19,2026-W25,provincial,EL INDEPENDIENTE,La Rioja,NOA,La Rioja,https://www.elindependiente.com.ar,"Senado: están los votos para interpelar a Adorni, pero no para removerlo de su cargo"
2026-06-19,2026-W25,provincial,EL INDEPENDIENTE,La Rioja,NOA,La Rioja,https://www.elindependiente.com.ar,"Chilecito: detuvieron a un hombre y secuestraron droga, un arma y vehículos"
2026-06-19,2026-W25,provincial,EL INDEPENDIENTE,La Rioja,NOA,La Rioja,https://www.elindependiente.com.ar,La Dirección de Investigaciones prepara un día especial para celebrar sus 50°
2026-06-19,2026-W25,provincial,EL INDEPENDIENTE,La Rioja,NOA,La Rioja,https://www.elindependiente.com.ar,Operaron de urgencia a Fernando Gago
2026-06-19,2026-W25,provincial,EL INDEPENDIENTE,La Rioja,NOA,La Rioja,https://www.elindependiente.com.ar,La Rioja será sede del Torneo Nacional de Selecciones de Newcom Femenino
2026-06-19,2026-W25,provincial,EL INDEPENDIENTE,La Rioja,NOA,La Rioja,https://www.elindependiente.com.ar,Boca inicia la era Arruabarrena con una pretemporada a doble turno
2026-06-19,2026-W25,provincial,EL INDEPENDIENTE,La Rioja,NOA,La Rioja,https://www.elindependiente.com.ar,Justicia avaló el traslado de la AFA a Pilar y anuló designación de veedores de la IGJ
2026-06-19,2026-W25,provincial,EL INDEPENDIENTE,La Rioja,NOA,La Rioja,https://www.elindependiente.com.ar,Colombia: al menos 99 disidentes de las FARC se desmovilizaron
2026-06-19,2026-W25,provincial,EL INDEPENDIENTE,La Rioja,NOA,La Rioja,https://www.elindependiente.com.ar,"EE. UU. busca un acuerdo permanente con Irán, pero surgen obstáculos"
2026-06-19,2026-W25,provincial,EL INDEPENDIENTE,La Rioja,NOA,La Rioja,https://www.elindependiente.com.ar,"Obama criticó las políticas de Trump, aunque sin nombrarlo"
2026-06-19,2026-W25,provincial,NUEVA RIOJA,La Rioja,NOA,La Rioja,https://www.nuevarioja.com.ar,El lunes 22 no habrá clases en el turno tarde por el partido de la Selección Argentina
2026-06-19,2026-W25,provincial,NUEVA RIOJA,La Rioja,NOA,La Rioja,https://www.nuevarioja.com.ar,Aumento salarial: Una parte sería abonada con Chachos
2026-06-19,2026-W25,provincial,NUEVA RIOJA,La Rioja,NOA,La Rioja,https://www.nuevarioja.com.ar,La Legislatura reactivó el reclamo territorial y rechazó los límites con San Juan
2026-06-19,2026-W25,provincial,NUEVA RIOJA,La Rioja,NOA,La Rioja,https://www.nuevarioja.com.ar,La diputada Rodríguez analizó el reclamo por los límites provinciales y la discusión sobre recursos naturales
2026-06-19,2026-W25,provincial,NUEVA RIOJA,La Rioja,NOA,La Rioja,https://www.nuevarioja.com.ar,La Rioja sigue sin recibir el adelanto de coparticipación
2026-06-19,2026-W25,provincial,NUEVA RIOJA,La Rioja,NOA,La Rioja,https://www.nuevarioja.com.ar,La Universidad Nacional de La Rioja lanzó su Escuela de Oficios con aval nacional
2026-06-19,2026-W25,provincial,NUEVA RIOJA,La Rioja,NOA,La Rioja,https://www.nuevarioja.com.ar,"Un vecino sorprendió a un ladrón en el interior de su casa, lo atrapó y lo entregó a la Policía"
2026-06-19,2026-W25,provincial,NUEVA RIOJA,La Rioja,NOA,La Rioja,https://www.nuevarioja.com.ar,Actualizan los aranceles del Sistema de Prestaciones Básicas para Personas con Discapacidad
2026-06-19,2026-W25,provincial,NUEVA RIOJA,La Rioja,NOA,La Rioja,https://www.nuevarioja.com.ar,La Policía recuperó elementos de construcción robados en el barrio Joya del Velazco
2026-06-19,2026-W25,provincial,NUEVA RIOJA,La Rioja,NOA,La Rioja,https://www.nuevarioja.com.ar,Paso a paso para sumarse al Prode del Mundial con grandes premios oficiales de la selección Argentina
2026-06-19,2026-W25,provincial,NUEVA RIOJA,La Rioja,NOA,La Rioja,https://www.nuevarioja.com.ar,"Con la presencia de Messi, Argentina se entrenó con la mirada puesta en Austria"
2026-06-19,2026-W25,provincial,NUEVA RIOJA,La Rioja,NOA,La Rioja,https://www.nuevarioja.com.ar,Colombia venció a Uzbekistán y debutó con el pie derecho en el Mundial 2026
2026-06-19,2026-W25,provincial,NUEVA RIOJA,La Rioja,NOA,La Rioja,https://www.nuevarioja.com.ar,Tagliafico evoluciona bien y apunta a estar disponible frente a Austria
2026-06-19,2026-W25,provincial,NUEVA RIOJA,La Rioja,NOA,La Rioja,https://www.nuevarioja.com.ar,México le ganó con lo justo a Corea del Sur y clasificó a los 16avos de final del Mundial
2026-06-19,2026-W25,provincial,NUEVA RIOJA,La Rioja,NOA,La Rioja,https://www.nuevarioja.com.ar,Leandro Paredes podría volver a sumar minutos en la Selección Argentina ante Austria
2026-06-19,2026-W25,provincial,NUEVA RIOJA,La Rioja,NOA,La Rioja,https://www.nuevarioja.com.ar,Canadá aplastó a Qatar y logró un triunfo histórico
2026-06-19,2026-W25,provincial,NUEVA RIOJA,La Rioja,NOA,La Rioja,https://www.nuevarioja.com.ar,El elogio que sorprendió al mundo: el DT de Argelia se rindió ante Messi tras su exhibición mundialista
2026-06-19,2026-W25,provincial,NUEVA RIOJA,La Rioja,NOA,La Rioja,https://www.nuevarioja.com.ar,Últimas noticias
2026-06-19,2026-W25,provincial,NUEVA RIOJA,La Rioja,NOA,La Rioja,https://www.nuevarioja.com.ar,"Detuvieron a Pablo Torres Lacal, el hombre que mató al hijo de Federico Storani en un choque de lanchas"
2026-06-19,2026-W25,provincial,NUEVA RIOJA,La Rioja,NOA,La Rioja,https://www.nuevarioja.com.ar,Detienen a un hombre tras un hecho de robo
2026-06-19,2026-W25,provincial,NUEVA RIOJA,La Rioja,NOA,La Rioja,https://www.nuevarioja.com.ar,Recuperan iPhone 16 Pro robado de un automóvil en el Barrio Yacampis
2026-06-19,2026-W25,provincial,NUEVA RIOJA,La Rioja,NOA,La Rioja,https://www.nuevarioja.com.ar,"Atacó a su ex pareja, escapó y produjo daños en un auto"
2026-06-19,2026-W25,provincial,NUEVA RIOJA,La Rioja,NOA,La Rioja,https://www.nuevarioja.com.ar,San Francisco y Estudiantes buscarán llegar a la cima
2026-06-19,2026-W25,provincial,NUEVA RIOJA,La Rioja,NOA,La Rioja,https://www.nuevarioja.com.ar,Llega la IV maratón teatral Edgardo Gordillo
2026-06-19,2026-W25,provincial,NUEVA RIOJA,La Rioja,NOA,La Rioja,https://www.nuevarioja.com.ar,El karting vuelve a rugir en Chamical con la cuarta fecha del campeonato local
2026-06-19,2026-W25,provincial,NUEVA RIOJA,La Rioja,NOA,La Rioja,https://www.nuevarioja.com.ar,Elevan a juicio una causa por presuntos abusos cometidos en el ámbito familiar
2026-06-19,2026-W25,provincial,NUEVA RIOJA,La Rioja,NOA,La Rioja,https://www.nuevarioja.com.ar,Illari volvió a volar: liberaron a una cóndor andina rescatada en La Rioja
2026-06-19,2026-W25,provincial,NUEVA RIOJA,La Rioja,NOA,La Rioja,https://www.nuevarioja.com.ar,La educación riojana llegó a India de la mano de dos jóvenes directivas
2026-06-19,2026-W25,provincial,NUEVA RIOJA,La Rioja,NOA,La Rioja,https://www.nuevarioja.com.ar,Banco Rioja lanzó promociones por el Día del Padre con descuentos del 30% y hasta seis cuotas sin interés
2026-06-19,2026-W25,provincial,NUEVA RIOJA,La Rioja,NOA,La Rioja,https://www.nuevarioja.com.ar,UNdeC integra Red Iberoamericana de Medio Ambiente (REIMA A.C.)
2026-06-19,2026-W25,provincial,NUEVA RIOJA,La Rioja,NOA,La Rioja,https://www.nuevarioja.com.ar,"Franco Goyochea, el joven que conmovió a la sociedad riojana"
2026-06-19,2026-W25,provincial,NUEVA RIOJA,La Rioja,NOA,La Rioja,https://www.nuevarioja.com.ar,"Básquetbol: Banco Rioja ante Facundo, por el último pasaporte a semifinales"
2026-06-19,2026-W25,provincial,NUEVA RIOJA,La Rioja,NOA,La Rioja,https://www.nuevarioja.com.ar,Podio riojano en el Mundial de Atletismo con Síndrome de Down
2026-06-19,2026-W25,provincial,NUEVA RIOJA,La Rioja,NOA,La Rioja,https://www.nuevarioja.com.ar,Procesaron a la hermana del niño asesinado en Vichigasta y la investigación apunta a un conflicto familiar
2026-06-19,2026-W25,provincial,NUEVA RIOJA,La Rioja,NOA,La Rioja,https://www.nuevarioja.com.ar,Fútbol: San Francisco lo dio vuelta y se trepó a la cima
2026-06-19,2026-W25,provincial,NUEVA RIOJA,La Rioja,NOA,La Rioja,https://www.nuevarioja.com.ar,Estados Unidos le ganó a Australia y está en dieciseisavos de final del Mundial 2026
2026-06-19,2026-W25,provincial,NUEVA RIOJA,La Rioja,NOA,La Rioja,https://www.nuevarioja.com.ar,"El día que nacieron ""Los Pumas"" y cambiaron la historia del rugby argentino"
2026-06-19,2026-W25,provincial,NUEVA RIOJA,La Rioja,NOA,La Rioja,https://www.nuevarioja.com.ar,La razón por la que Santiago Beltrán se quedó en la Selección argentina y cuándo regresa al país
2026-06-19,2026-W25,provincial,NUEVA RIOJA,La Rioja,NOA,La Rioja,https://www.nuevarioja.com.ar,Adrián Ravier será el nuevo Vocero Presidencial
2026-06-19,2026-W25,provincial,NUEVA RIOJA,La Rioja,NOA,La Rioja,https://www.nuevarioja.com.ar,Victoria Villarruel desafía a Javier Milei y estará en el acto por el Día de la Bandera
2026-06-19,2026-W25,provincial,NUEVA RIOJA,La Rioja,NOA,La Rioja,https://www.nuevarioja.com.ar,Marra le exigió por carta a Milei la renuncia de Manuel Adorni
2026-06-19,2026-W25,provincial,NUEVA RIOJA,La Rioja,NOA,La Rioja,https://www.nuevarioja.com.ar,“Chimentera de poca monta”: Javier Milei se refirió a la noticia falsa comunicada por Florencia Peña
2026-06-19,2026-W25,provincial,NUEVA RIOJA,La Rioja,NOA,La Rioja,https://www.nuevarioja.com.ar,Criticoma y el riesgo de exposición a pantallas
2026-06-19,2026-W25,provincial,NUEVA RIOJA,La Rioja,NOA,La Rioja,https://www.nuevarioja.com.ar,"Pekín, Kiev y Ormuz: Un mundo que cambia"
2026-06-19,2026-W25,provincial,NUEVA RIOJA,La Rioja,NOA,La Rioja,https://www.nuevarioja.com.ar,Devenir complicado del peronismo de cara a las presidenciales de 2027
2026-06-19,2026-W25,provincial,NUEVA RIOJA,La Rioja,NOA,La Rioja,https://www.nuevarioja.com.ar,Cayó un árbol en Sanagasta y derribó un poste de media tensión en el barrio Santa Lucía
2026-06-19,2026-W25,provincial,NUEVA RIOJA,La Rioja,NOA,La Rioja,https://www.nuevarioja.com.ar,"Dictan taller sobre ESI, trayecto escolar y función policial"
2026-06-19,2026-W25,provincial,NUEVA RIOJA,La Rioja,NOA,La Rioja,https://www.nuevarioja.com.ar,1591 Cultura+Espectáculos
2026-06-19,2026-W25,provincial,NUEVA RIOJA,La Rioja,NOA,La Rioja,https://www.nuevarioja.com.ar,El periodismo que respira
2026-06-19,2026-W25,provincial,NUEVA RIOJA,La Rioja,NOA,La Rioja,https://www.nuevarioja.com.ar,"23 años, 23 historias"
2026-06-19,2026-W25,provincial,RIOJA VIRTUAL,La Rioja,NOA,La Rioja,https://www.riojavirtual.com.ar,EL ROL CLAVE DEL TEMA MINERO EN LA DISPUTA LIMÍTROFE CON SAN JUAN
2026-06-19,2026-W25,provincial,RIOJA VIRTUAL,La Rioja,NOA,La Rioja,https://www.riojavirtual.com.ar,PAREDES URQUIZA INDICÓ QUE ES VIABLE LEY DE LEMAS EN 2027 SI ES «RACIONAL»
2026-06-19,2026-W25,provincial,RIOJA VIRTUAL,La Rioja,NOA,La Rioja,https://www.riojavirtual.com.ar,EMPLEO DOMÉSTICO. CUÁNTO SE COBRARÁ CON EL AUMENTO ACORDADO DE JULIO
2026-06-19,2026-W25,provincial,RIOJA VIRTUAL,La Rioja,NOA,La Rioja,https://www.riojavirtual.com.ar,"SE VIENE LA FERIA DEL LIBRO. FIGURAS CONFIRMADAS, ACTIVIDADES, ESPACIOS Y MUCHO MÁS"
2026-06-19,2026-W25,provincial,RIOJA VIRTUAL,La Rioja,NOA,La Rioja,https://www.riojavirtual.com.ar,BOMBA EN EL MERCADO DE PASES EN PLENO MUNDIAL. ENZO FERNÁNDEZ TENDRÍA ACUERDO CON REAL MADRID
2026-06-19,2026-W25,provincial,RIOJA VIRTUAL,La Rioja,NOA,La Rioja,https://www.riojavirtual.com.ar,EL FISCAL MARIJUAN PIDIÓ LA INDAGATORIA DE FRANCISCO ADORNI POR PRESENTAR DECLARACIONES JURADAS FALSAS
2026-06-19,2026-W25,provincial,RIOJA VIRTUAL,La Rioja,NOA,La Rioja,https://www.riojavirtual.com.ar,SE CONFIRMÓ VISITA DEL PAPA A PERÚ Y CRECE LA EXPECTATIVA DE UNA GIRA QUE INCLUIRÍA A ARGENTINA
2026-06-19,2026-W25,provincial,RIOJA VIRTUAL,La Rioja,NOA,La Rioja,https://www.riojavirtual.com.ar,¡Cargando por favor esperar!
2026-06-19,2026-W25,provincial,EL TRIBUNO,Salta,NOA,Salta,https://www.eltribuno.com,Noticias de interés general actualizadas 24HS
2026-06-19,2026-W25,provincial,EL TRIBUNO,Salta,NOA,Salta,https://www.eltribuno.com,Fixture del Mundial 2026
2026-06-19,2026-W25,provincial,EL TRIBUNO,Salta,NOA,Salta,https://www.eltribuno.com,VIDEO. Defensa Civil confirmó que el incendio en Cafayate ya arrasó cerca de 200 hectáreas
2026-06-19,2026-W25,provincial,EL TRIBUNO,Salta,NOA,Salta,https://www.eltribuno.com,Juramento a la bandera: cómo y dónde se realizarán los actos
2026-06-19,2026-W25,provincial,EL TRIBUNO,Salta,NOA,Salta,https://www.eltribuno.com,VIDEO. Combaten los incendios en Cafayate: Bomberos Voluntarios advierten que “el daño ambiental es cuantioso para los cafayateños”
2026-06-19,2026-W25,provincial,EL TRIBUNO,Salta,NOA,Salta,https://www.eltribuno.com,VIDEO. Filas interminables y alivio al bolsillo: masiva convocatoria en la primera Feria de la Carne en Salta
2026-06-19,2026-W25,provincial,EL TRIBUNO,Salta,NOA,Salta,https://www.eltribuno.com,"Marruecos vs. Escocia EN VIVO, minuto a minuto: el seleccionado marroquí gana desde el arranque"
2026-06-19,2026-W25,provincial,EL TRIBUNO,Salta,NOA,Salta,https://www.eltribuno.com,"Mariana Aranda, la mujer que caminó desde Mosconi clamando justicia, fue recibida por el Ignacio Jarsún"
2026-06-19,2026-W25,provincial,EL TRIBUNO,Salta,NOA,Salta,https://www.eltribuno.com,"“Dejemos de hablar de la boluda esta”, dijo Caputo al referirse a Florencia Peña por la fake news de Jorge Messi"
2026-06-19,2026-W25,provincial,EL TRIBUNO,Salta,NOA,Salta,https://www.eltribuno.com,"Quién es Adrián Ravier, el economista que será el nuevo vocero presidencial"
2026-06-19,2026-W25,provincial,EL TRIBUNO,Salta,NOA,Salta,https://www.eltribuno.com,"Mercado Pago, en la mira: lo acusan de operar como casa de apuestas sin habilitación"
2026-06-19,2026-W25,provincial,EL TRIBUNO,Salta,NOA,Salta,https://www.eltribuno.com,Estados Unidos le ganó a Australia y clasificó a los 16º de final del Mundial
2026-06-19,2026-W25,provincial,EL TRIBUNO,Salta,NOA,Salta,https://www.eltribuno.com,Argelia presentó una queja ante la FIFA por el arbitraje en la derrota frente a Argentina
2026-06-19,2026-W25,provincial,EL TRIBUNO,Salta,NOA,Salta,https://www.eltribuno.com,Lamine Yamal se rindió ante Messi tras su hat-trick: “Es el mejor jugador de la historia”
2026-06-19,2026-W25,provincial,EL TRIBUNO,Salta,NOA,Salta,https://www.eltribuno.com,La FIFA designó al árbitro para el partido de la Selección Argentina ante Austria
2026-06-19,2026-W25,provincial,EL TRIBUNO,Salta,NOA,Salta,https://www.eltribuno.com,VIDEO. Castigan a una cantante iraní con 74 latigazos por cantar sin hiyab
2026-06-19,2026-W25,provincial,EL TRIBUNO,Salta,NOA,Salta,https://www.eltribuno.com,Más de 40 motos secuestradas en un megaoperativo de tránsito
2026-06-19,2026-W25,provincial,EL TRIBUNO,Salta,NOA,Salta,https://www.eltribuno.com,El Gobierno designó a Adrián Ravier como el nuevo Vocero Presidencial
2026-06-19,2026-W25,provincial,EL TRIBUNO,Salta,NOA,Salta,https://www.eltribuno.com,Salta recibió el «Autorretrato Mediático» de Marta Minujín
2026-06-19,2026-W25,provincial,EL TRIBUNO,Salta,NOA,Salta,https://www.eltribuno.com,La Cámara de Comercio cuestionó la Feria de la Carne: “El carnicero de barrio no puede competir”
2026-06-19,2026-W25,provincial,EL TRIBUNO,Salta,NOA,Salta,https://www.eltribuno.com,"Joaquín V. González: ampliarán la imputación contra un conductor que atropelló, mató a una nena y huyó"
2026-06-19,2026-W25,provincial,EL TRIBUNO,Salta,NOA,Salta,https://www.eltribuno.com,La mamá de Messi perdonó a Florencia Peña tras la fake news: “Espero que tomemos un café juntas”
2026-06-19,2026-W25,provincial,EL TRIBUNO,Salta,NOA,Salta,https://www.eltribuno.com,"Nico Occhiato habló tras el escándalo con Florencia Peña: ""El responsable del canal soy yo. Hablamos con quienes teníamos que hablar"""
2026-06-19,2026-W25,provincial,EL TRIBUNO,Salta,NOA,Salta,https://www.eltribuno.com,¡Suscribite al Club y jugá al Prode Mundial!
2026-06-19,2026-W25,provincial,EL TRIBUNO,Salta,NOA,Salta,https://www.eltribuno.com,Cómo registrarte y cargar tus pronósticos
2026-06-19,2026-W25,provincial,EL TRIBUNO,Salta,NOA,Salta,https://www.eltribuno.com,Los premios que podés ganar en el Prode
2026-06-19,2026-W25,provincial,EL TRIBUNO,Salta,NOA,Salta,https://www.eltribuno.com,UCASAL y la energía del futuro: cuando la sustentabilidad deja de ser un discurso y se convierte en acción
2026-06-19,2026-W25,provincial,EL TRIBUNO,Salta,NOA,Salta,https://www.eltribuno.com,Dycar Chevrolet presenta en Salta el nuevo Chevrolet Sonic
2026-06-19,2026-W25,provincial,EL TRIBUNO,Salta,NOA,Salta,https://www.eltribuno.com,Prevención Salud advirtió sobre la importancia del cuidado de la piel y la detección temprana
2026-06-19,2026-W25,provincial,EL TRIBUNO,Salta,NOA,Salta,https://www.eltribuno.com,VIDEO. El incendio en Cafayate sigue activo y la ruta 68 permanece bajo vigilancia por el humo
2026-06-19,2026-W25,provincial,EL TRIBUNO,Salta,NOA,Salta,https://www.eltribuno.com,“Me rogó que me sacara una foto con ella”: Trump se burla de Meloni y estalla un escándalo con Italia
2026-06-19,2026-W25,provincial,EL TRIBUNO,Salta,NOA,Salta,https://www.eltribuno.com,"En medio de los rumores de salida, Manuel Adorni está reunido con Milei en Olivos"
2026-06-19,2026-W25,provincial,EL TRIBUNO,Salta,NOA,Salta,https://www.eltribuno.com,"Desde la clínica, Jorge Messi reaccionó con humor a la fake news sobre su salud: ""Qué quilombo que armé"""
2026-06-19,2026-W25,provincial,EL TRIBUNO,Salta,NOA,Salta,https://www.eltribuno.com,Más de 50 familias fueron asistidas tras las fuertes ráfagas que azotaron San Antonio de los Cobres
2026-06-19,2026-W25,provincial,EL TRIBUNO,Salta,NOA,Salta,https://www.eltribuno.com,"Fuerte choque entre una moto, un auto y un camión en la Ruta 68: un motociclista resultó herido"
2026-06-19,2026-W25,provincial,EL TRIBUNO,Salta,NOA,Salta,https://www.eltribuno.com,El Tribuno Campo
2026-06-19,2026-W25,provincial,EL TRIBUNO,Salta,NOA,Salta,https://www.eltribuno.com,El Gran Rosario recuperó el liderazgo a nivel mundial como nodo portuario
2026-06-19,2026-W25,provincial,EL TRIBUNO,Salta,NOA,Salta,https://www.eltribuno.com,La proyección agrícola y la sustentabilidad hacia el año 2035
2026-06-19,2026-W25,provincial,EL TRIBUNO,Salta,NOA,Salta,https://www.eltribuno.com,La potencia del campo en Armstrong
2026-06-19,2026-W25,provincial,EL TRIBUNO,Salta,NOA,Salta,https://www.eltribuno.com,Drones para las economías regionales
2026-06-19,2026-W25,provincial,EL TRIBUNO,Salta,NOA,Salta,https://www.eltribuno.com,Novedades en siembra neumática para el maíz
2026-06-19,2026-W25,provincial,EL TRIBUNO,Salta,NOA,Salta,https://www.eltribuno.com,¿Y si la solución a las malezas resistentes no es usar más herbicidas?
2026-06-19,2026-W25,provincial,EL TRIBUNO,Salta,NOA,Salta,https://www.eltribuno.com,Patologías lagrimales: señales que no deben ignorarse
2026-06-19,2026-W25,provincial,EL TRIBUNO,Salta,NOA,Salta,https://www.eltribuno.com,Comienza la segunda campaña de vacunación
2026-06-19,2026-W25,provincial,EL TRIBUNO,Salta,NOA,Salta,https://www.eltribuno.com,Una nueva etapa para el cultivo en el país
2026-06-19,2026-W25,provincial,EL TRIBUNO,Salta,NOA,Salta,https://www.eltribuno.com,Convenio de cooperación para fortalecer la registración
2026-06-19,2026-W25,provincial,EL TRIBUNO,Salta,NOA,Salta,https://www.eltribuno.com,La decisión que tomó Antonella Rocuzzo con Luzu y todos los involucrados en la fake news
2026-06-19,2026-W25,provincial,EL TRIBUNO,Salta,NOA,Salta,https://www.eltribuno.com,"Conductor mató a una adolescente, huyó tras el choque y fue detenido en Joaquín V. González"
2026-06-19,2026-W25,provincial,EL TRIBUNO,Salta,NOA,Salta,https://www.eltribuno.com,Luzu pierde sponsors tras los dichos de Florencia Peña por el padre de Messi y crecen las críticas
2026-06-19,2026-W25,provincial,EL TRIBUNO,Salta,NOA,Salta,https://www.eltribuno.com,"La Bitácora, este jueves en La Florida 97"
2026-06-19,2026-W25,provincial,NUEVO DIARIO,Salta,NOA,Salta,https://www.nuevodiariodesalta.com.ar,Nuevo Diario de Salta | El diario chiquito | Salta y Argentina
2026-06-19,2026-W25,provincial,NUEVO DIARIO,Salta,NOA,Salta,https://www.nuevodiariodesalta.com.ar,Villa San Antonio celebrará sus 76 años con una fiesta abierta a toda la comunidad
2026-06-19,2026-W25,provincial,NUEVO DIARIO,Salta,NOA,Salta,https://www.nuevodiariodesalta.com.ar,Vientos extremos afectaron viviendas y bomberos asistieron a más de 50 familias en San Antonio
2026-06-19,2026-W25,provincial,NUEVO DIARIO,Salta,NOA,Salta,https://www.nuevodiariodesalta.com.ar,Llevan tranquilidad sobre la salud del intendente Carlos Funes
2026-06-19,2026-W25,provincial,NUEVO DIARIO,Salta,NOA,Salta,https://www.nuevodiariodesalta.com.ar,El Círculo Médico de Salta abonará el 80% de las prácticas facturadas ante débitos del IPS
2026-06-19,2026-W25,provincial,NUEVO DIARIO,Salta,NOA,Salta,https://www.nuevodiariodesalta.com.ar,Textil Orán continúa su producción local y entregó delantales quirúrgicos al hospital San Vicente de Paúl
2026-06-19,2026-W25,provincial,NUEVO DIARIO,Salta,NOA,Salta,https://www.nuevodiariodesalta.com.ar,La COPAUPS paralizó trabajos de la Municipalidad en el Monumento Güemes
2026-06-19,2026-W25,provincial,NUEVO DIARIO,Salta,NOA,Salta,https://www.nuevodiariodesalta.com.ar,Cafayate declaró la Emergencia Ambiental por los incendios forestales
2026-06-19,2026-W25,provincial,NUEVO DIARIO,Salta,NOA,Salta,https://www.nuevodiariodesalta.com.ar,De la fake news a la polémica mundial: el caso Jorge Messi abre un nuevo debate
2026-06-19,2026-W25,provincial,NUEVO DIARIO,Salta,NOA,Salta,https://www.nuevodiariodesalta.com.ar,La Justicia avaló el cambio de domicilio de la AFA y anuló la intervención con veedores
2026-06-19,2026-W25,provincial,NUEVO DIARIO,Salta,NOA,Salta,https://www.nuevodiariodesalta.com.ar,En el PJ reclaman unidad mientras crecen las tensiones entre el kirchnerismo y Kicillof
2026-06-19,2026-W25,provincial,NUEVO DIARIO,Salta,NOA,Salta,https://www.nuevodiariodesalta.com.ar,Juicio por Loan: suspendieron la audiencia y se retomará la próxima semana
2026-06-19,2026-W25,provincial,NUEVO DIARIO,Salta,NOA,Salta,https://www.nuevodiariodesalta.com.ar,Una práctica llena de buenas noticias para el seleccionado argentino
2026-06-19,2026-W25,provincial,NUEVO DIARIO,Salta,NOA,Salta,https://www.nuevodiariodesalta.com.ar,México venció a Corea y es el primer clasificado a los 16avos
2026-06-19,2026-W25,provincial,NUEVO DIARIO,Salta,NOA,Salta,https://www.nuevodiariodesalta.com.ar,Canadá hizo historia al lograr su primer triunfo en un Mundial
2026-06-19,2026-W25,provincial,NUEVO DIARIO,Salta,NOA,Salta,https://www.nuevodiariodesalta.com.ar,EE.UU. y Australia se enfrentan por el liderazgo del Grupo D desde las 16
2026-06-19,2026-W25,provincial,NUEVO DIARIO,Salta,NOA,Salta,https://www.nuevodiariodesalta.com.ar,La SADE Salta repudió las burlas en TN sobre el General Martín Miguel de Güemes
2026-06-19,2026-W25,provincial,NUEVO DIARIO,Salta,NOA,Salta,https://www.nuevodiariodesalta.com.ar,La Provincia informó a los intendentes sobre la situación económica y financiera de la provincia
2026-06-19,2026-W25,provincial,NUEVO DIARIO,Salta,NOA,Salta,https://www.nuevodiariodesalta.com.ar,Acampe y vigilia para comprar entradas para Tini
2026-06-19,2026-W25,provincial,NUEVO DIARIO,Salta,NOA,Salta,https://www.nuevodiariodesalta.com.ar,El Senado salteño homenajeó a las Voces de Oran por sus 50 años
2026-06-19,2026-W25,provincial,NUEVO DIARIO,Salta,NOA,Salta,https://www.nuevodiariodesalta.com.ar,Accidente Hinchas de Central
2026-06-19,2026-W25,provincial,NUEVO DIARIO,Salta,NOA,Salta,https://www.nuevodiariodesalta.com.ar,Nuevo Diario de Salta festejó sus 20 años en familia.
2026-06-19,2026-W25,provincial,NUEVO DIARIO,Salta,NOA,Salta,https://www.nuevodiariodesalta.com.ar,Incidentes en la Popular Norte de la parcialidad de Central Norte
2026-06-19,2026-W25,provincial,NUEVO DIARIO,Salta,NOA,Salta,https://www.nuevodiariodesalta.com.ar,El Pilcomayo está a punto de llevarse una casa en Santa Victoria Este
2026-06-19,2026-W25,provincial,NUEVO DIARIO,Salta,NOA,Salta,https://www.nuevodiariodesalta.com.ar,Crecida del Rio Pilcomayo en Santa Victoria Este
2026-06-19,2026-W25,provincial,NUEVO DIARIO,Salta,NOA,Salta,https://www.nuevodiariodesalta.com.ar,"Así agredían al periodista de Pichanal, Gustavo Mendieta"
2026-06-19,2026-W25,provincial,NUEVO DIARIO,Salta,NOA,Salta,https://www.nuevodiariodesalta.com.ar,Interés general
2026-06-19,2026-W25,provincial,NUEVO DIARIO,Salta,NOA,Salta,https://www.nuevodiariodesalta.com.ar,Últimas noticias
2026-06-19,2026-W25,provincial,NUEVO DIARIO,Salta,NOA,Salta,https://www.nuevodiariodesalta.com.ar,Deporte Ver más
2026-06-19,2026-W25,provincial,NUEVO DIARIO,Salta,NOA,Salta,https://www.nuevodiariodesalta.com.ar,Interés general Ver más
2026-06-19,2026-W25,provincial,NUEVO DIARIO,Salta,NOA,Salta,https://www.nuevodiariodesalta.com.ar,"Por declaraciones libertarias, advierten que los niños deben estudiar y no trabajar"
2026-06-19,2026-W25,provincial,NUEVO DIARIO,Salta,NOA,Salta,https://www.nuevodiariodesalta.com.ar,Desfinanciamiento: Nación frenó obras de energía solar en escuelas del interior
2026-06-19,2026-W25,provincial,NUEVO DIARIO,Salta,NOA,Salta,https://www.nuevodiariodesalta.com.ar,El 85% del personal docente está con el esquema completo de la vacuna
2026-06-19,2026-W25,provincial,NUEVO DIARIO,Salta,NOA,Salta,https://www.nuevodiariodesalta.com.ar,Argentinos ganó y alcanzó en la punta a Newell´s y Atlético
2026-06-19,2026-W25,provincial,NUEVO DIARIO,Salta,NOA,Salta,https://www.nuevodiariodesalta.com.ar,El Ente Regulador interviene ante las boletas impagables de luz en la comunidad de El Cruce
2026-06-19,2026-W25,provincial,NUEVO DIARIO,Salta,NOA,Salta,https://www.nuevodiariodesalta.com.ar,Multimedia 1 / 8 Videos
2026-06-19,2026-W25,provincial,NUEVO DIARIO,Salta,NOA,Salta,https://www.nuevodiariodesalta.com.ar,Horario de atención
2026-06-19,2026-W25,provincial,NUEVO DIARIO,Salta,NOA,Salta,https://www.nuevodiariodesalta.com.ar,Más noticias Salta País Mundo Deporte Interés general Licitaciones Obituario Clasificados
2026-06-19,2026-W25,provincial,NUEVO DIARIO,Salta,NOA,Salta,https://www.nuevodiariodesalta.com.ar,Salta País Mundo Deporte Interés general Licitaciones Obituario Clasificados
2026-06-19,2026-W25,provincial,NUEVO DIARIO,Salta,NOA,Salta,https://www.nuevodiariodesalta.com.ar,Cerca de 60 empleados desvinculados por denuncias de coimas durante la gestión de Durand
2026-06-19,2026-W25,provincial,NUEVO DIARIO,Salta,NOA,Salta,https://www.nuevodiariodesalta.com.ar,Municipales de Metán y sus hijos accederán a descuentos para estudiar en UCASAL
2026-06-19,2026-W25,provincial,NUEVO DIARIO,Salta,NOA,Salta,https://www.nuevodiariodesalta.com.ar,El Gobierno llevará la vacunación obligatoria a las escuelas de toda la provincia
2026-06-19,2026-W25,provincial,EL LIBERAL,Santiago del Estero,NOA,Santiago del Estero,https://www.elliberal.com.ar,El Liberal - Diario de Santiago del Estero
2026-06-19,2026-W25,provincial,EL LIBERAL,Santiago del Estero,NOA,Santiago del Estero,https://www.elliberal.com.ar,Detectan 23 casos de triquinosis en Córdoba: nueve están vinculados al consumo de jabalí
2026-06-19,2026-W25,provincial,EL LIBERAL,Santiago del Estero,NOA,Santiago del Estero,https://www.elliberal.com.ar,"EN VIVO: Al minuto de iniciado el partido, Marruecos convierte y le gana a Escocia"
2026-06-19,2026-W25,provincial,EL LIBERAL,Santiago del Estero,NOA,Santiago del Estero,https://www.elliberal.com.ar,SEGUI NUESTRAS REDES
2026-06-19,2026-W25,provincial,EL LIBERAL,Santiago del Estero,NOA,Santiago del Estero,https://www.elliberal.com.ar,"Un móvil policial protagonizó una tragedia que dejó dos muertos, heridos y vehículos chocados"
2026-06-19,2026-W25,provincial,EL LIBERAL,Santiago del Estero,NOA,Santiago del Estero,https://www.elliberal.com.ar,Cuatro sujetos en automóvil atacaron a otro y lo acuchillaron
2026-06-19,2026-W25,provincial,EL LIBERAL,Santiago del Estero,NOA,Santiago del Estero,https://www.elliberal.com.ar,JetSmart cubrirá la ruta aérea a Santiago del Estero
2026-06-19,2026-W25,provincial,EL LIBERAL,Santiago del Estero,NOA,Santiago del Estero,https://www.elliberal.com.ar,Inscriben para taller de Fotoproducto y Edición con Teléfono Celular
2026-06-19,2026-W25,provincial,EL LIBERAL,Santiago del Estero,NOA,Santiago del Estero,https://www.elliberal.com.ar,Viví el camino al Mundial 2026 con EL LIBERAL y sus fichas digitales gratuitas
2026-06-19,2026-W25,provincial,EL LIBERAL,Santiago del Estero,NOA,Santiago del Estero,https://www.elliberal.com.ar,El MPF investiga un siniestro vial en la ciudad Capital en el que se encuentra involucrado un móvil policial
2026-06-19,2026-W25,provincial,EL LIBERAL,Santiago del Estero,NOA,Santiago del Estero,https://www.elliberal.com.ar,"Sarmiento, una máquina de hacer goles"
2026-06-19,2026-W25,provincial,EL LIBERAL,Santiago del Estero,NOA,Santiago del Estero,https://www.elliberal.com.ar,"Maxihogar y Maximoto lanzan una nueva edición de ""La Gran Barata"" con ofertas especiales para el Día del Padre"
2026-06-19,2026-W25,provincial,EL LIBERAL,Santiago del Estero,NOA,Santiago del Estero,https://www.elliberal.com.ar,"El consumo no logra despegar: supermercados, mayoristas y shoppings volvieron a registrar caídas en abril"
2026-06-19,2026-W25,provincial,EL LIBERAL,Santiago del Estero,NOA,Santiago del Estero,https://www.elliberal.com.ar,Qué resultados necesita Argentina para terminar primera en su grupo
2026-06-19,2026-W25,provincial,EL LIBERAL,Santiago del Estero,NOA,Santiago del Estero,https://www.elliberal.com.ar,Estados Unidos volvió a ganar y se aseguró su lugar a la siguiente ronda
2026-06-19,2026-W25,provincial,EL LIBERAL,Santiago del Estero,NOA,Santiago del Estero,https://www.elliberal.com.ar,"Familiares aclararon que la mujer fallecida en el choque con un móvil policial estaba embazada, pero no esperaba mellizos"
2026-06-19,2026-W25,provincial,EL LIBERAL,Santiago del Estero,NOA,Santiago del Estero,https://www.elliberal.com.ar,Piden que fuerzas federales investiguen la tragedia del móvil policial que dejó dos muertos
2026-06-19,2026-W25,provincial,EL LIBERAL,Santiago del Estero,NOA,Santiago del Estero,https://www.elliberal.com.ar,Identifican a los dos policías que iban en el móvil
2026-06-19,2026-W25,provincial,EL LIBERAL,Santiago del Estero,NOA,Santiago del Estero,https://www.elliberal.com.ar,Noche de terror en Bº Belén: lo acuchillaron en el pecho para robarle el celular; pelea por su vida
2026-06-19,2026-W25,provincial,EL LIBERAL,Santiago del Estero,NOA,Santiago del Estero,https://www.elliberal.com.ar,Alertan por riesgos invisibles que amenazan la salud cardiovascular de las personas mayores
2026-06-19,2026-W25,provincial,EL LIBERAL,Santiago del Estero,NOA,Santiago del Estero,https://www.elliberal.com.ar,"Federico Braun, presidente de La Anónima: ""El problema de la baja del consumo es coyuntural"""
2026-06-19,2026-W25,provincial,EL LIBERAL,Santiago del Estero,NOA,Santiago del Estero,https://www.elliberal.com.ar,"Nunzia Locatelli: ""El Papa León XIV sólo sonrió cuando le hablaron de venir a la Argentina"""
2026-06-19,2026-W25,provincial,EL LIBERAL,Santiago del Estero,NOA,Santiago del Estero,https://www.elliberal.com.ar,Magistral charla del cineasta Carlos Sorín en el inicio del Santiago del Estero Film Fest 2026
2026-06-19,2026-W25,provincial,EL LIBERAL,Santiago del Estero,NOA,Santiago del Estero,https://www.elliberal.com.ar,Dolor de crecimiento en las piernas del niño: cuándo se convierten en una señal de alarma
2026-06-19,2026-W25,provincial,EL LIBERAL,Santiago del Estero,NOA,Santiago del Estero,https://www.elliberal.com.ar,"ASICANA y el CEI Nº 50 San Pablo II realizaron una ""Merienda a Ciegas"" para promover la inclusión"
2026-06-19,2026-W25,provincial,EL LIBERAL,Santiago del Estero,NOA,Santiago del Estero,https://www.elliberal.com.ar,"Reflotan durísimos tuits de Milei contra el nuevo vocero presidencial: ""Ravier carece de velocidad mental"""
2026-06-19,2026-W25,provincial,EL LIBERAL,Santiago del Estero,NOA,Santiago del Estero,https://www.elliberal.com.ar,Patricia Bullrich envió un mensaje al nuevo vocero y lanzó un dardo político a Manuel Adorni
2026-06-19,2026-W25,provincial,EL LIBERAL,Santiago del Estero,NOA,Santiago del Estero,https://www.elliberal.com.ar,Convocan a docentes a ratificar preinscripciones para el concurso de oposición de cargos directivos
2026-06-19,2026-W25,provincial,EL LIBERAL,Santiago del Estero,NOA,Santiago del Estero,https://www.elliberal.com.ar,Comienza el pago de los Planes de Emergencia provinciales: cronograma para beneficiarios sin tarjeta
2026-06-19,2026-W25,provincial,EL LIBERAL,Santiago del Estero,NOA,Santiago del Estero,https://www.elliberal.com.ar,"Quién es Adrián Ravier, el nuevo vocero presidencial designado por Milei"
2026-06-19,2026-W25,provincial,EL LIBERAL,Santiago del Estero,NOA,Santiago del Estero,https://www.elliberal.com.ar,El Frente Cívico presentó su alianza para competir en las elecciones municipales
2026-06-19,2026-W25,provincial,EL LIBERAL,Santiago del Estero,NOA,Santiago del Estero,https://www.elliberal.com.ar,Adorni da un paso al costado: Adrián Ravier es el nuevo Vocero Presidencial
2026-06-19,2026-W25,provincial,EL LIBERAL,Santiago del Estero,NOA,Santiago del Estero,https://www.elliberal.com.ar,La ilusión del anfitrión Estados Unidos se pone a prueba ante la selección australiana
2026-06-19,2026-W25,provincial,EL LIBERAL,Santiago del Estero,NOA,Santiago del Estero,https://www.elliberal.com.ar,Leo Costa será el entrenador de Olímpico para la próxima temporada de la Liga Nacional
2026-06-19,2026-W25,provincial,EL LIBERAL,Santiago del Estero,NOA,Santiago del Estero,https://www.elliberal.com.ar,Scaloni comienza a definir el equipo y prepara la posible inclusión de Paredes
2026-06-19,2026-W25,provincial,EL LIBERAL,Santiago del Estero,NOA,Santiago del Estero,https://www.elliberal.com.ar,Brasil va por su primera victoria frente a Haití
2026-06-19,2026-W25,provincial,EL LIBERAL,Santiago del Estero,NOA,Santiago del Estero,https://www.elliberal.com.ar,Paraguay se juega hoy una verdadera final ante Turquía
2026-06-19,2026-W25,provincial,EL LIBERAL,Santiago del Estero,NOA,Santiago del Estero,https://www.elliberal.com.ar,Javier Milei resiste la presión opositora sobre Manuel Adorni y busca evitar que el Congreso lo eche
2026-06-19,2026-W25,provincial,EL LIBERAL,Santiago del Estero,NOA,Santiago del Estero,https://www.elliberal.com.ar,"Pymes en rojo: ""No alcanza con sobrevivir"""
2026-06-19,2026-W25,provincial,EL LIBERAL,Santiago del Estero,NOA,Santiago del Estero,https://www.elliberal.com.ar,La inteligencia artificial no tiene inconsciente
2026-06-19,2026-W25,provincial,EL LIBERAL,Santiago del Estero,NOA,Santiago del Estero,https://www.elliberal.com.ar,El peligro de los libros: enseñan a pensar
2026-06-19,2026-W25,provincial,EL LIBERAL,Santiago del Estero,NOA,Santiago del Estero,https://www.elliberal.com.ar,El ITSE firmó un convenio para que sus alumnos realicen prácticas profesionales en el Instituto San Martín de Porres
2026-06-19,2026-W25,provincial,EL LIBERAL,Santiago del Estero,NOA,Santiago del Estero,https://www.elliberal.com.ar,VIDEO | Conmoción en el Barrio Belén: El reclamo de los familiares de Johana y Sergio tras el trágico siniestro
2026-06-19,2026-W25,provincial,EL LIBERAL,Santiago del Estero,NOA,Santiago del Estero,https://www.elliberal.com.ar,La intendente Fuentes y Benavente supervisaron la demarcación de carriles en la avenida Belgrano
2026-06-19,2026-W25,provincial,EL LIBERAL,Santiago del Estero,NOA,Santiago del Estero,https://www.elliberal.com.ar,PolĂ­tica La Iglesia fijó postura por la ley sobre propiedad privada
2026-06-19,2026-W25,provincial,EL LIBERAL,Santiago del Estero,NOA,Santiago del Estero,https://www.elliberal.com.ar,"""Chimentera de poca monta"": Milei apuntó contra Florencia Peña por la falsa noticia sobre Jorge Messi"
2026-06-19,2026-W25,provincial,EL LIBERAL,Santiago del Estero,NOA,Santiago del Estero,https://www.elliberal.com.ar,"EconomĂ­a La inflación mayorista se desaceleró a 2,5% en mayo y acumuló 34,5% en 12 meses"
2026-06-19,2026-W25,provincial,EL LIBERAL,Santiago del Estero,NOA,Santiago del Estero,https://www.elliberal.com.ar,La industria volvió a caer en mayo y algunos sectores operan hasta 30% abajo de 2022
2026-06-19,2026-W25,provincial,EL LIBERAL,Santiago del Estero,NOA,Santiago del Estero,https://www.elliberal.com.ar,El consumo cayó por sexto mes consecutivo: la carne vacuna acumula 10 meses a la baja
2026-06-19,2026-W25,provincial,EL LIBERAL,Santiago del Estero,NOA,Santiago del Estero,https://www.elliberal.com.ar,"Intentó robar una moto, fue perseguido y terminó detenido"
2026-06-19,2026-W25,provincial,NUEVO DIARIO,Santiago del Estero,NOA,Santiago del Estero,https://www.nuevodiarioweb.com.ar,Hoy en Santiago del Estero ver clima
2026-06-19,2026-W25,provincial,NUEVO DIARIO,Santiago del Estero,NOA,Santiago del Estero,https://www.nuevodiarioweb.com.ar,Entre periodistas y replicantes: un debate sin anestesia sobre la crisis de la información
2026-06-19,2026-W25,provincial,NUEVO DIARIO,Santiago del Estero,NOA,Santiago del Estero,https://www.nuevodiarioweb.com.ar,El MPF investiga el siniestro vial en el que se encuentra involucrado un móvil policial
2026-06-19,2026-W25,provincial,NUEVO DIARIO,Santiago del Estero,NOA,Santiago del Estero,https://www.nuevodiarioweb.com.ar,Qué penas podrían enfrentar los policías detenidos por el choque fatal
2026-06-19,2026-W25,provincial,NUEVO DIARIO,Santiago del Estero,NOA,Santiago del Estero,https://www.nuevodiarioweb.com.ar,"Después del frío matinal, el tiempo ofrece una tregua en Santiago"
2026-06-19,2026-W25,provincial,NUEVO DIARIO,Santiago del Estero,NOA,Santiago del Estero,https://www.nuevodiarioweb.com.ar,Comienza el pago de los Planes de Emergencia: cómo será el cronograma
2026-06-19,2026-W25,provincial,NUEVO DIARIO,Santiago del Estero,NOA,Santiago del Estero,https://www.nuevodiarioweb.com.ar,El obrador del abandono: una postal de la actual gestión de Roger Nediani
2026-06-19,2026-W25,provincial,NUEVO DIARIO,Santiago del Estero,NOA,Santiago del Estero,https://www.nuevodiarioweb.com.ar,Edición impresa
2026-06-19,2026-W25,provincial,NUEVO DIARIO,Santiago del Estero,NOA,Santiago del Estero,https://www.nuevodiarioweb.com.ar,La abogada Jimena Storniolo detalló las claves y requisitos esenciales del régimen de jubilación docente en la provincia
2026-06-19,2026-W25,provincial,NUEVO DIARIO,Santiago del Estero,NOA,Santiago del Estero,https://www.nuevodiarioweb.com.ar,La Fundación SI convoca a nuevos voluntarios en la provincia para fortalecer el acompañamiento en sus residencias universitarias
2026-06-19,2026-W25,provincial,NUEVO DIARIO,Santiago del Estero,NOA,Santiago del Estero,https://www.nuevodiarioweb.com.ar,El Concejo Deliberante de la ciudad capital exhibe una emotiva muestra fotográfica sobre el presente de las Islas Malvinas
2026-06-19,2026-W25,provincial,NUEVO DIARIO,Santiago del Estero,NOA,Santiago del Estero,https://www.nuevodiarioweb.com.ar,Piden justicia por Agostina Vega | La familia marchó en Córdoba y reclamó avances en la causa
2026-06-19,2026-W25,provincial,NUEVO DIARIO,Santiago del Estero,NOA,Santiago del Estero,https://www.nuevodiarioweb.com.ar,Ni bien llegó y ya es leyenda | El homenaje que recibió Messi en Estados Unidos
2026-06-19,2026-W25,provincial,NUEVO DIARIO,Santiago del Estero,NOA,Santiago del Estero,https://www.nuevodiarioweb.com.ar,¿Y si la IA supera a toda la humanidad? La respuesta de un experto sorprendió a todos
2026-06-19,2026-W25,provincial,NUEVO DIARIO,Santiago del Estero,NOA,Santiago del Estero,https://www.nuevodiarioweb.com.ar,"""Siempre ayudaban a los demás"", el conmovedor recuerdo de la pareja fallecida en redes sociales"
2026-06-19,2026-W25,provincial,NUEVO DIARIO,Santiago del Estero,NOA,Santiago del Estero,https://www.nuevodiarioweb.com.ar,Alumnos de 4° grado de la Escuela Normal de La Banda realizaron la promesa a la Bandera
2026-06-19,2026-W25,provincial,NUEVO DIARIO,Santiago del Estero,NOA,Santiago del Estero,https://www.nuevodiarioweb.com.ar,"Se olvidó de llevar a su beba a la guardería, quedó encerrada dentro del auto por horas y murió"
2026-06-19,2026-W25,provincial,NUEVO DIARIO,Santiago del Estero,NOA,Santiago del Estero,https://www.nuevodiarioweb.com.ar,Alarma en Brasil | Neymar sigue sin recuperarse y crece la preocupación en el Mundial
2026-06-19,2026-W25,provincial,NUEVO DIARIO,Santiago del Estero,NOA,Santiago del Estero,https://www.nuevodiarioweb.com.ar,Cuándo el dolor de piernas en los niños es normal y cuándo es una señal de alerta
2026-06-19,2026-W25,provincial,NUEVO DIARIO,Santiago del Estero,NOA,Santiago del Estero,https://www.nuevodiarioweb.com.ar,Confirman 23 casos de triquinosis y advierten por consumo de jabalí
2026-06-19,2026-W25,provincial,NUEVO DIARIO,Santiago del Estero,NOA,Santiago del Estero,https://www.nuevodiarioweb.com.ar,Viaje al desastre| Un muerto y 89 heridos tras el choque de dos trenes
2026-06-19,2026-W25,provincial,NUEVO DIARIO,Santiago del Estero,NOA,Santiago del Estero,https://www.nuevodiarioweb.com.ar,Tragedia | Un joven murió electrocutado al intentar calentar agua para bañarse
2026-06-19,2026-W25,provincial,NUEVO DIARIO,Santiago del Estero,NOA,Santiago del Estero,https://www.nuevodiarioweb.com.ar,"“Yo hice la bandera, no Manuel Belgrano”| Furor en redes por la frase de una nena sobre la creación de la bandera"
2026-06-19,2026-W25,provincial,NUEVO DIARIO,Santiago del Estero,NOA,Santiago del Estero,https://www.nuevodiarioweb.com.ar,Envenenó a sus mellizas recién nacidas: una de ellas murió
2026-06-19,2026-W25,provincial,NUEVO DIARIO,Santiago del Estero,NOA,Santiago del Estero,https://www.nuevodiarioweb.com.ar,Hallaron a un bebé recién nacido dentro de una maleta abandonada
2026-06-19,2026-W25,provincial,NUEVO DIARIO,Santiago del Estero,NOA,Santiago del Estero,https://www.nuevodiarioweb.com.ar,Una nena llegó llorando a la escuela y dejó una nota que activó un operativo urgente
2026-06-19,2026-W25,provincial,NUEVO DIARIO,Santiago del Estero,NOA,Santiago del Estero,https://www.nuevodiarioweb.com.ar,Estas son las canciones que eligió Argentina para festejar sus goles en la Copa del Mundo
2026-06-19,2026-W25,provincial,NUEVO DIARIO,Santiago del Estero,NOA,Santiago del Estero,https://www.nuevodiarioweb.com.ar,Nace un cachorro verde en Argentina y causa sorpresa en redes
2026-06-19,2026-W25,provincial,NUEVO DIARIO,Santiago del Estero,NOA,Santiago del Estero,https://www.nuevodiarioweb.com.ar,Conocida influencer perdió la vida en un accidente de motocicleta por manejar sin anteojos
2026-06-19,2026-W25,provincial,NUEVO DIARIO,Santiago del Estero,NOA,Santiago del Estero,https://www.nuevodiarioweb.com.ar,Argelia presentó una queja ante la FIFA por una jugada polémica de Messi ante Argentina
2026-06-19,2026-W25,provincial,NUEVO DIARIO,Santiago del Estero,NOA,Santiago del Estero,https://www.nuevodiarioweb.com.ar,Fernando Gago fue internado y operado de urgencia por un problema cardiovascular
2026-06-19,2026-W25,provincial,NUEVO DIARIO,Santiago del Estero,NOA,Santiago del Estero,https://www.nuevodiarioweb.com.ar,La idea de juego y liderazgo que trae Leonardo Costa a Olímpico
2026-06-19,2026-W25,provincial,NUEVO DIARIO,Santiago del Estero,NOA,Santiago del Estero,https://www.nuevodiarioweb.com.ar,Olímpico sorprendió y confirmó a Leonardo Costa como nuevo entrenador
2026-06-19,2026-W25,provincial,NUEVO DIARIO,Santiago del Estero,NOA,Santiago del Estero,https://www.nuevodiarioweb.com.ar,"Tras el escándalo, la familia Messi habría perdonado a Florencia Peña"
2026-06-19,2026-W25,provincial,NUEVO DIARIO,Santiago del Estero,NOA,Santiago del Estero,https://www.nuevodiarioweb.com.ar,"Vecinos golpearon a un presunto ladrón, lo tiraron a un arroyo y le dispararon"
2026-06-19,2026-W25,provincial,NUEVO DIARIO,Santiago del Estero,NOA,Santiago del Estero,https://www.nuevodiarioweb.com.ar,"Por primera vez, la Selección Argentina entrenó con sus 26 jugadores a disposición"
2026-06-19,2026-W25,provincial,NUEVO DIARIO,Santiago del Estero,NOA,Santiago del Estero,https://www.nuevodiarioweb.com.ar,Estados Unidos venció a Australia y selló su pase a 16avos del Mundial 2026
2026-06-19,2026-W25,provincial,NUEVO DIARIO,Santiago del Estero,NOA,Santiago del Estero,https://www.nuevodiarioweb.com.ar,Recuperaron bicicletas robadas e investigan participación de menores en Campo Gallo
2026-06-19,2026-W25,provincial,NUEVO DIARIO,Santiago del Estero,NOA,Santiago del Estero,https://www.nuevodiarioweb.com.ar,"Las ventas en supermercados cayeron 3,7% interanual en abril, según el INDEC"
2026-06-19,2026-W25,provincial,NUEVO DIARIO,Santiago del Estero,NOA,Santiago del Estero,https://www.nuevodiarioweb.com.ar,Se presentaron los primeros frentes y alianzas para las elecciones municipales de La Banda
2026-06-19,2026-W25,provincial,NUEVO DIARIO,Santiago del Estero,NOA,Santiago del Estero,https://www.nuevodiarioweb.com.ar,"“Si sos trapito, te meto preso”| La dura advertencia de Jorge Macri tras la sanción de la nueva ley"
2026-06-19,2026-W25,provincial,NUEVO DIARIO,Santiago del Estero,NOA,Santiago del Estero,https://www.nuevodiarioweb.com.ar,Aguinaldo 2026 | Cómo se calcula y cuándo es la fecha límite de pago
2026-06-19,2026-W25,provincial,NUEVO DIARIO,Santiago del Estero,NOA,Santiago del Estero,https://www.nuevodiarioweb.com.ar,Amenazó de muerte a una mujer porque no quiso abrirle la puerta y terminó detenido
2026-06-19,2026-W25,provincial,NUEVO DIARIO,Santiago del Estero,NOA,Santiago del Estero,https://www.nuevodiarioweb.com.ar,Javier Milei había criticado duramente a su flamante vocero
2026-06-19,2026-W25,provincial,NUEVO DIARIO,Santiago del Estero,NOA,Santiago del Estero,https://www.nuevodiarioweb.com.ar,Video | Intentaron robarle la moto y terminó activando un sistema que derribó al ladrón
2026-06-19,2026-W25,provincial,NUEVO DIARIO,Santiago del Estero,NOA,Santiago del Estero,https://www.nuevodiarioweb.com.ar,Juicio por Loan | Una imputada generó polémica por su actitud en tribunales
2026-06-19,2026-W25,provincial,NUEVO DIARIO,Santiago del Estero,NOA,Santiago del Estero,https://www.nuevodiarioweb.com.ar,Tragedia | Dos hermanos de 19 y 22 años murieron tras un brutal choque entre un auto y un camión
2026-06-19,2026-W25,provincial,NUEVO DIARIO,Santiago del Estero,NOA,Santiago del Estero,https://www.nuevodiarioweb.com.ar,"La defensa de ""Pequeño J"" pidió su libertad y denunció un régimen de aislamiento extremo"
2026-06-19,2026-W25,provincial,NUEVO DIARIO,Santiago del Estero,NOA,Santiago del Estero,https://www.nuevodiarioweb.com.ar,Quién era la profesional que murió tras la explosión de su celular
2026-06-19,2026-W25,provincial,NUEVO DIARIO,Santiago del Estero,NOA,Santiago del Estero,https://www.nuevodiarioweb.com.ar,Motochorros atacaron a una policía y uno de ellos terminó muerto a balazos
2026-06-19,2026-W25,provincial,PANORAMA,Santiago del Estero,NOA,Santiago del Estero,https://www.diariopanorama.com,Sumate a nuestra comunidad
2026-06-19,2026-W25,provincial,PANORAMA,Santiago del Estero,NOA,Santiago del Estero,https://www.diariopanorama.com,OPI NIÓN Y ACTUALIDAD
2026-06-19,2026-W25,provincial,PANORAMA,Santiago del Estero,NOA,Santiago del Estero,https://www.diariopanorama.com,LAS + LEÍDAS AHORA EN SANTIAGO DEL ESTERO
2026-06-19,2026-W25,provincial,PANORAMA,Santiago del Estero,NOA,Santiago del Estero,https://www.diariopanorama.com,SANTIAGO DEL ESTERO
2026-06-19,2026-W25,provincial,PANORAMA,Santiago del Estero,NOA,Santiago del Estero,https://www.diariopanorama.com,ALQUILO DEPARTAMENTO DOS DORMITORIO RIOJA Y MORENO
2026-06-19,2026-W25,provincial,PANORAMA,Santiago del Estero,NOA,Santiago del Estero,https://www.diariopanorama.com,Vendo finca en el Puestito de San Antonio
2026-06-19,2026-W25,provincial,PANORAMA,Santiago del Estero,NOA,Santiago del Estero,https://www.diariopanorama.com,Tagliavini Inmobiliaria
2026-06-19,2026-W25,provincial,PANORAMA,Santiago del Estero,NOA,Santiago del Estero,https://www.diariopanorama.com,Volkswagen Suran Track 2018
2026-06-19,2026-W25,provincial,PANORAMA,Santiago del Estero,NOA,Santiago del Estero,https://www.diariopanorama.com,VENDO Citroën C4 Lounge
2026-06-19,2026-W25,provincial,PANORAMA,Santiago del Estero,NOA,Santiago del Estero,https://www.diariopanorama.com,EVENTOS & SALIDAS
2026-06-19,2026-W25,provincial,PANORAMA,Santiago del Estero,NOA,Santiago del Estero,https://www.diariopanorama.com,Marcelo Barbur confirmó que impulsarán una moción…
2026-06-19,2026-W25,provincial,PANORAMA,Santiago del Estero,NOA,Santiago del Estero,https://www.diariopanorama.com,Facundo Londero en Radio Panorama: “La violencia…
2026-06-19,2026-W25,provincial,PANORAMA,Santiago del Estero,NOA,Santiago del Estero,https://www.diariopanorama.com,“Era un compromiso de la Nación”: Aldo Hid denunció…
2026-06-19,2026-W25,provincial,PANORAMA,Santiago del Estero,NOA,Santiago del Estero,https://www.diariopanorama.com,NOT ICIAS DE LA GENTE
2026-06-19,2026-W25,provincial,PANORAMA,Santiago del Estero,NOA,Santiago del Estero,https://www.diariopanorama.com,LAS TAPAS DEL DÍA
2026-06-19,2026-W25,provincial,PANORAMA,Santiago del Estero,NOA,Santiago del Estero,https://www.diariopanorama.com,"Fuerte choque entre dos motocicletas dejó tres heridos, entre ellos una menor de 13 años"
2026-06-19,2026-W25,provincial,PANORAMA,Santiago del Estero,NOA,Santiago del Estero,https://www.diariopanorama.com,"Adrián Ravier habló tras su designación como vocero presidencial: ""Comunicaré los logros del Gobierno"""
2026-06-19,2026-W25,provincial,PANORAMA,Santiago del Estero,NOA,Santiago del Estero,https://www.diariopanorama.com,"EN VIVO: pasá la tarde junto a ""Qué, no me has visto?"" en Panorama Play"
2026-06-19,2026-W25,provincial,PANORAMA,Santiago del Estero,NOA,Santiago del Estero,https://www.diariopanorama.com,El MPF emitió un comunicado sobre el choque fatal con un patrullero: qué medidas dispuso
2026-06-19,2026-W25,provincial,PANORAMA,Santiago del Estero,NOA,Santiago del Estero,https://www.diariopanorama.com,En vivo: desde el inicio de juego Marruecos ya vence a Escocia por el Mundial 2026
2026-06-19,2026-W25,provincial,PANORAMA,Santiago del Estero,NOA,Santiago del Estero,https://www.diariopanorama.com,Bullrich celebró los cambios en el Gobierno tras la designación de Adrián Ravier como vocero presidencial
2026-06-19,2026-W25,provincial,PANORAMA,Santiago del Estero,NOA,Santiago del Estero,https://www.diariopanorama.com,Vuelve “La Gran Barata” de Maxihogar y Maximoto con promociones por el Día del Padre
2026-06-19,2026-W25,provincial,PANORAMA,Santiago del Estero,NOA,Santiago del Estero,https://www.diariopanorama.com,"En medio del dolor, la familia de Yohana y Sergio clama justicia y revela que ella estaba embarazada de mellizos"
2026-06-19,2026-W25,provincial,PANORAMA,Santiago del Estero,NOA,Santiago del Estero,https://www.diariopanorama.com,Demoraron a un hombre con pedido de aprehensión y recuperaron elementos robados en el barrio Tabla Redonda
2026-06-19,2026-W25,provincial,PANORAMA,Santiago del Estero,NOA,Santiago del Estero,https://www.diariopanorama.com,Estados Unidos venció a Australia y aseguró su clasificación en el Mundial 2026
2026-06-19,2026-W25,provincial,PANORAMA,Santiago del Estero,NOA,Santiago del Estero,https://www.diariopanorama.com,Florencia Peña canceló su viaje al Mundial tras la polémica por la falsa noticia sobre Jorge Messi
2026-06-19,2026-W25,provincial,PANORAMA,Santiago del Estero,NOA,Santiago del Estero,https://www.diariopanorama.com,Piden justicia por Agostina Vega: la familia marchó en Córdoba y reclamó avances en la causa
2026-06-19,2026-W25,provincial,PANORAMA,Santiago del Estero,NOA,Santiago del Estero,https://www.diariopanorama.com,"Trump lanzó una dura advertencia a Irán: ""En 60 días tenemos que llegar a un acuerdo"""
2026-06-19,2026-W25,provincial,PANORAMA,Santiago del Estero,NOA,Santiago del Estero,https://www.diariopanorama.com,Comienza el pago de los planes de emergencia provinciales: así será el cronograma para Capital y La Banda
2026-06-19,2026-W25,provincial,PANORAMA,Santiago del Estero,NOA,Santiago del Estero,https://www.diariopanorama.com,Adorni informó que Adrián Ravier será el nuevo vocero presidencial
2026-06-19,2026-W25,provincial,PANORAMA,Santiago del Estero,NOA,Santiago del Estero,https://www.diariopanorama.com,Día del Padre: ¿cuáles son los regalos más buscados por los santiagueños?
2026-06-19,2026-W25,provincial,PANORAMA,Santiago del Estero,NOA,Santiago del Estero,https://www.diariopanorama.com,"Trump, el hombre que quiere rebobinar el mundo"
2026-06-19,2026-W25,provincial,PANORAMA,Santiago del Estero,NOA,Santiago del Estero,https://www.diariopanorama.com,"Crítica de ""Toy Story 5"""
2026-06-19,2026-W25,provincial,PANORAMA,Santiago del Estero,NOA,Santiago del Estero,https://www.diariopanorama.com,Dos excesos que despertaron a la oposición
2026-06-19,2026-W25,provincial,PANORAMA,Santiago del Estero,NOA,Santiago del Estero,https://www.diariopanorama.com,Los peligros del falso periodismo
2026-06-19,2026-W25,provincial,PANORAMA,Santiago del Estero,NOA,Santiago del Estero,https://www.diariopanorama.com,Dolor en las redes por la muerte de Yohana Ibañez y Sergio Gordillo: cómo era el matrimonio atropellado por un móvil policial
2026-06-19,2026-W25,provincial,PANORAMA,Santiago del Estero,NOA,Santiago del Estero,https://www.diariopanorama.com,"Por el Día del Padre, el cementerio Parque de la Paz abrirá de corrido y realizará una ceremonia religiosa"
2026-06-19,2026-W25,provincial,PANORAMA,Santiago del Estero,NOA,Santiago del Estero,https://www.diariopanorama.com,"Florencia Peña habló tras su salida de Luzu TV y cuestionó la decisión de Nico Occhiato: ""Yo hubiera hecho otra cosa"""
2026-06-19,2026-W25,provincial,PANORAMA,Santiago del Estero,NOA,Santiago del Estero,https://www.diariopanorama.com,Demoraron a un hombre y recuperaron herramientas robadas en el barrio Menéndez
2026-06-19,2026-W25,provincial,PANORAMA,Santiago del Estero,NOA,Santiago del Estero,https://www.diariopanorama.com,Trump afirmó que Meloni le pidió una foto y la premier italiana respondió con dureza
2026-06-19,2026-W25,provincial,PANORAMA,Santiago del Estero,NOA,Santiago del Estero,https://www.diariopanorama.com,Argelia presentó una queja ante la FIFA por el arbitraje del partido ante Argentina
2026-06-19,2026-W25,provincial,PANORAMA,Santiago del Estero,NOA,Santiago del Estero,https://www.diariopanorama.com,“Falta de profesionalismo total”: Caputo criticó la fake news del padre de Messi
2026-06-19,2026-W25,provincial,PANORAMA,Santiago del Estero,NOA,Santiago del Estero,https://www.diariopanorama.com,Caso Agostina Vega: la mujer acusada de encubrimiento prestará declaración este viernes
2026-06-19,2026-W25,provincial,PANORAMA,Santiago del Estero,NOA,Santiago del Estero,https://www.diariopanorama.com,"Leo Costa es el nuevo entrenador de Olímpico para la Liga Nacional: ""Llego con mucha ilusión"""
2026-06-19,2026-W25,provincial,PANORAMA,Santiago del Estero,NOA,Santiago del Estero,https://www.diariopanorama.com,Un joven resultó gravemente herido tras ser aplastado por un tractor en Los Quiroga
2026-06-19,2026-W25,provincial,PANORAMA,Santiago del Estero,NOA,Santiago del Estero,https://www.diariopanorama.com,Sarmiento aplastó a Banfield con una goleada y da pelea en el Anual
2026-06-19,2026-W25,provincial,PANORAMA,Santiago del Estero,NOA,Santiago del Estero,https://www.diariopanorama.com,River acelera por Nelson Deossa y le hizo una nueva oferta al Betis
2026-06-19,2026-W25,provincial,PANORAMA,Santiago del Estero,NOA,Santiago del Estero,https://www.diariopanorama.com,"Con dos partidos este viernes, se pone en marcha la décima fecha de la Liga Santiagueña"
2026-06-19,2026-W25,provincial,PANORAMA,Santiago del Estero,NOA,Santiago del Estero,https://www.diariopanorama.com,"Con la obligación de ganar, Brasil choca ante Haití por el Mundial 2026"
2026-06-19,2026-W25,provincial,PANORAMA,Santiago del Estero,NOA,Santiago del Estero,https://www.diariopanorama.com,El santiagueño Pedro Delgado fue confirmado para jugar con Barbarians ante Sudáfrica
2026-06-19,2026-W25,provincial,EL TUCUMANO,Tucumán,NOA,Tucumán,https://www.eltucumano.com,Papelón en la Justicia Federal: se perdieron 58 pastillas y colapsó un juicio por drogas contra un policía
2026-06-19,2026-W25,provincial,EL TUCUMANO,Tucumán,NOA,Tucumán,https://www.eltucumano.com,tribuna abierta
2026-06-19,2026-W25,provincial,EL TUCUMANO,Tucumán,NOA,Tucumán,https://www.eltucumano.com,El poder de Carlos Cisneros en Tucumán y el caso Vélez
2026-06-19,2026-W25,provincial,EL TUCUMANO,Tucumán,NOA,Tucumán,https://www.eltucumano.com,Interés General
2026-06-19,2026-W25,provincial,EL TUCUMANO,Tucumán,NOA,Tucumán,https://www.eltucumano.com,"Jaldo sobre el violento ataque en Barrio Sur: ""Es difícil prevenir un hecho de esas características"""
2026-06-19,2026-W25,provincial,EL TUCUMANO,Tucumán,NOA,Tucumán,https://www.eltucumano.com,¿El nuevo Adorni? Javier Milei designó a Adrián Ravier como vocero presidencial
2026-06-19,2026-W25,provincial,EL TUCUMANO,Tucumán,NOA,Tucumán,https://www.eltucumano.com,"""Profundo dolor"": la noticia que no queríamos dar y el adiós a Lorenzo, el cantante callejero de Tucumán"
2026-06-19,2026-W25,provincial,EL TUCUMANO,Tucumán,NOA,Tucumán,https://www.eltucumano.com,"""Es un tema delicado"": urgente, la difícil decisión que ya habría tomado el DT Orfila en San Martín"
2026-06-19,2026-W25,provincial,EL TUCUMANO,Tucumán,NOA,Tucumán,https://www.eltucumano.com,Jaldo tomó la promesa a la Bandera a más de 3.000 escolares y cadetes
2026-06-19,2026-W25,provincial,EL TUCUMANO,Tucumán,NOA,Tucumán,https://www.eltucumano.com,"Chahla, en la Promesa de Lealtad a la Bandera: ""Tenemos que transmitirles el amor por la Patria"""
2026-06-19,2026-W25,provincial,EL TUCUMANO,Tucumán,NOA,Tucumán,https://www.eltucumano.com,"La Scaloneta, en las escuelas: en Tucumán habrá actividad educativa normal durante Argentina-Austria"
2026-06-19,2026-W25,provincial,EL TUCUMANO,Tucumán,NOA,Tucumán,https://www.eltucumano.com,"Ariel Scher en La Tucumana Mundial: ""El fútbol es una pertenencia popular que las corporaciones se disputan"""
2026-06-19,2026-W25,provincial,EL TUCUMANO,Tucumán,NOA,Tucumán,https://www.eltucumano.com,"""Es todo o nada"": Alejandro Orfila, el DT de San Martín habló de todo con El Show de la Filial en latucumana"
2026-06-19,2026-W25,provincial,EL TUCUMANO,Tucumán,NOA,Tucumán,https://www.eltucumano.com,Sorteos y horario corrido: Polo Pizzería celebra el Día del Padre con un menú imperdible
2026-06-19,2026-W25,provincial,EL TUCUMANO,Tucumán,NOA,Tucumán,https://www.eltucumano.com,Convocan a empresas tucumanas a participar en la EXPOCON 2026
2026-06-19,2026-W25,provincial,EL TUCUMANO,Tucumán,NOA,Tucumán,https://www.eltucumano.com,"La SAT impulsa el operativo ""Ciudad Seca"" para mejorar la red cloacal en los barrios Victoria y Ciudadela Sur"
2026-06-19,2026-W25,provincial,EL TUCUMANO,Tucumán,NOA,Tucumán,https://www.eltucumano.com,Renovaron 17 cuadras de iluminación en el barrio ATSA de San Miguel de Tucumán
2026-06-19,2026-W25,provincial,EL TUCUMANO,Tucumán,NOA,Tucumán,https://www.eltucumano.com,"Tras cuatro años prófugo, extraditan a Tucumán a Ricky Puenzo desde Buenos Aires"
2026-06-19,2026-W25,provincial,EL TUCUMANO,Tucumán,NOA,Tucumán,https://www.eltucumano.com,Estos son los cortes de tránsito por el acto de Promesa a la Bandera en San Miguel de Tucumán
2026-06-19,2026-W25,provincial,EL TUCUMANO,Tucumán,NOA,Tucumán,https://www.eltucumano.com,Inteligencia Artificial urgente | La ley más restrictiva del mundo se pone en pausa: ganó el lobby y la geopolítica
2026-06-19,2026-W25,provincial,EL TUCUMANO,Tucumán,NOA,Tucumán,https://www.eltucumano.com,"Adorni, el Mundial y la Argentina del Crecimiento"
2026-06-19,2026-W25,provincial,EL TUCUMANO,Tucumán,NOA,Tucumán,https://www.eltucumano.com,Las bombas del 55
2026-06-19,2026-W25,provincial,EL TUCUMANO,Tucumán,NOA,Tucumán,https://www.eltucumano.com,"Adorni, el Monguito de la corrupción, y el triunfo de la boludez criolla"
2026-06-19,2026-W25,provincial,EL TUCUMANO,Tucumán,NOA,Tucumán,https://www.eltucumano.com,Mundial 2026 en vivo: estos son los partidos de este viernes 19 de junio
2026-06-19,2026-W25,provincial,EL TUCUMANO,Tucumán,NOA,Tucumán,https://www.eltucumano.com,"La familia Messi publicó un comunicado sobre la salud de Jorge, luego de que Flor Peña anunció su muerte en vivo en Luzu"
2026-06-19,2026-W25,provincial,EL TUCUMANO,Tucumán,NOA,Tucumán,https://www.eltucumano.com,Mundial 2026 en vivo: estos son los partidos de este jueves 18 de junio
2026-06-19,2026-W25,provincial,EL TUCUMANO,Tucumán,NOA,Tucumán,https://www.eltucumano.com,"""¡Eh, paren! ¡Somos todos Argentina!"": se picó en el Mundial después de la imagen entre hinchas de Atlético y San Martín"
2026-06-19,2026-W25,provincial,EL TUCUMANO,Tucumán,NOA,Tucumán,https://www.eltucumano.com,Mundial 2026 en vivo: estos son los partidos de este miércoles 17 de junio
2026-06-19,2026-W25,provincial,EL TUCUMANO,Tucumán,NOA,Tucumán,https://www.eltucumano.com,¿Reaparece el sol? Así estará el tiempo este viernes en Tucumán
2026-06-19,2026-W25,provincial,EL TUCUMANO,Tucumán,NOA,Tucumán,https://www.eltucumano.com,"""Son bebés mellizos"": en un auto, qué pasó recién en Yerba Buena y qué revelaron los Bomberos"
2026-06-19,2026-W25,provincial,EL TUCUMANO,Tucumán,NOA,Tucumán,https://www.eltucumano.com,"""¡¡¡Ay, Dios!!!"": video, imágenes, muerte y conmoción total en la zona de Tribunales en Tucumán"
2026-06-19,2026-W25,provincial,EL TUCUMANO,Tucumán,NOA,Tucumán,https://www.eltucumano.com,Qué hay para hacer en San Miguel de Tucumán desde el viernes 19 al domingo 21 de junio
2026-06-19,2026-W25,provincial,EL TUCUMANO,Tucumán,NOA,Tucumán,https://www.eltucumano.com,"""Cristina Libre"" llega a Tucumán: convocatoria abierta para artistas que quieran participar de la experiencia federal"
2026-06-19,2026-W25,provincial,EL TUCUMANO,Tucumán,NOA,Tucumán,https://www.eltucumano.com,"MAFIA PARAESTATAL. La Justicia confirmó que la denuncia por ""violación en manada"" contra los exjugadores de Vélez fue falsa y extorsiva, dejó firme la derivación por trata y anticipan pedidos de detención contra Cisneros y sus operadores"
2026-06-19,2026-W25,provincial,EL TUCUMANO,Tucumán,NOA,Tucumán,https://www.eltucumano.com,"MAFIA PARAESTATAL. Federico Petraglia, el joven empleado bancario y testaferro de Carlos Cisneros que acumula ocho inmuebles millonarios a su nombre"
2026-06-19,2026-W25,provincial,EL TUCUMANO,Tucumán,NOA,Tucumán,https://www.eltucumano.com,"MAFIA PARAESTATAL. Confirman el sobreseimiento de los exjugadores de Vélez: “Fue un daño irreversible; no hay estadio al que vaya donde no me griten ‘violador’"""
2026-06-19,2026-W25,provincial,EL TUCUMANO,Tucumán,NOA,Tucumán,https://www.eltucumano.com,MAFIA PARAESTATAL. Causa Vélez: Milagros Castellote entró al Banco Macro el día que declaró y luego le otorgaron un crédito para comprar un departamento de $85 millones
2026-06-19,2026-W25,provincial,EL TUCUMANO,Tucumán,NOA,Tucumán,https://www.eltucumano.com,"MAFIA PARAESTATAL. El Cisnerismo ""arruga"" judicialmente con eltucumano: Petraglia, el ""hijo de cariño"" de Carlos Cisneros desistió de las dos demandas millonarias que impulsó contra este diario"
2026-06-19,2026-W25,provincial,EL TUCUMANO,Tucumán,NOA,Tucumán,https://www.eltucumano.com,"ANSES: cuánto aumentarán las jubilaciones, la AUH y otras asignaciones en julio de 2026"
2026-06-19,2026-W25,provincial,EL TUCUMANO,Tucumán,NOA,Tucumán,https://www.eltucumano.com,ANSES confirmó el calendario de julio 2026 para jubilados y pensionados
2026-06-19,2026-W25,provincial,EL TUCUMANO,Tucumán,NOA,Tucumán,https://www.eltucumano.com,Cielo claro y jornada fresca: así será este viernes en Amaicha
2026-06-19,2026-W25,provincial,EL TUCUMANO,Tucumán,NOA,Tucumán,https://www.eltucumano.com,Temperaturas entre 3°C y 12°C este viernes en Tafí del Valle
2026-06-19,2026-W25,provincial,EL TUCUMANO,Tucumán,NOA,Tucumán,https://www.eltucumano.com,El Cadillal: mañana fresca y tarde más amable este viernes
2026-06-19,2026-W25,provincial,EL TUCUMANO,Tucumán,NOA,Tucumán,https://www.eltucumano.com,¡Llega la revancha a Banda del Río Salí! Yuhmak liquida todo al costo: Motos y Hogar en 24 cuotas
2026-06-19,2026-W25,provincial,EL TUCUMANO,Tucumán,NOA,Tucumán,https://www.eltucumano.com,El Ingenio Famaillá cumple diez años impulsando el desarrollo productivo de Tucumán
2026-06-19,2026-W25,provincial,EL TUCUMANO,Tucumán,NOA,Tucumán,https://www.eltucumano.com,"De una carnicería de barrio en Tucumán a una distribuidora en expansión: Los Paisanitos, 15 años ofreciendo calidad"
2026-06-19,2026-W25,provincial,EL TUCUMANO,Tucumán,NOA,Tucumán,https://www.eltucumano.com,"""Esta noche"": el accidente que movilizó a los Bomberos en pleno centro tucumano"
2026-06-19,2026-W25,provincial,EL TUCUMANO,Tucumán,NOA,Tucumán,https://www.eltucumano.com,Motos 0 km y todo para el hogar: Gran Feria de Liquidación “al costo” en Yuhmak de Banda del Río Salí
2026-06-19,2026-W25,provincial,EL TUCUMANO,Tucumán,NOA,Tucumán,https://www.eltucumano.com,Vuelve la Retrofiesta a Tucumán y Sucrédito reafirma su lugar como la tarjeta de los espectáculos
2026-06-19,2026-W25,provincial,EL TUCUMANO,Tucumán,NOA,Tucumán,https://www.eltucumano.com,¡Oportunidad única! Llega la Gran Feria de Motos de Yuhmak con un outlet de motos 0 km
2026-06-19,2026-W25,provincial,LA GACETA,Tucumán,NOA,Tucumán,https://www.lagaceta.com.ar,Escándalo y gritos en el tribunal: el juicio a la amiga de Paulina Lebbos se postergó nuevamente
2026-06-19,2026-W25,provincial,LA GACETA,Tucumán,NOA,Tucumán,https://www.lagaceta.com.ar,Investigan más compras para la casa de Adorni y analizan chats de su secretaria con un contratista
2026-06-19,2026-W25,provincial,LA GACETA,Tucumán,NOA,Tucumán,https://www.lagaceta.com.ar,Tres campeones del mundo comieron un asado preparado por una familia tucumana en Kansas
2026-06-19,2026-W25,provincial,LA GACETA,Tucumán,NOA,Tucumán,https://www.lagaceta.com.ar,"Transporte público: el aumento del boleto regirá desde el lunes, confirmó Chahla"
2026-06-19,2026-W25,provincial,LA GACETA,Tucumán,NOA,Tucumán,https://www.lagaceta.com.ar,"El debut de Orfila en San Martín llega con bajas, un plantel en transición y una salida dirigencial"
2026-06-19,2026-W25,provincial,LA GACETA,Tucumán,NOA,Tucumán,https://www.lagaceta.com.ar,"Messi sonríe, el grupo disfruta y Scaloni espera: así vive la selección argentina la previa del duelo con Austria"
2026-06-19,2026-W25,provincial,LA GACETA,Tucumán,NOA,Tucumán,https://www.lagaceta.com.ar,Qué dijo Jaldo sobre las posibles visitas de Milei y de Villarruel a Tucumán por el 9 de Julio
2026-06-19,2026-W25,provincial,LA GACETA,Tucumán,NOA,Tucumán,https://www.lagaceta.com.ar,Escándalo en la Justicia Federal: se cayó un juicio por drogas contra un policía porque el TOF había destruido la prueba en el operativo de limpieza
2026-06-19,2026-W25,provincial,LA GACETA,Tucumán,NOA,Tucumán,https://www.lagaceta.com.ar,"Falleció Lorenzo Alderete, el músico que le ponía alma a las peatonales"
2026-06-19,2026-W25,provincial,LA GACETA,Tucumán,NOA,Tucumán,https://www.lagaceta.com.ar,Jaldo sostuvo que el violento ataque protagonizado por un ex militar en Barrio Sur fue un hecho aislado
2026-06-19,2026-W25,provincial,LA GACETA,Tucumán,NOA,Tucumán,https://www.lagaceta.com.ar,La Municipalidad habilitará dos Puntos Mundialistas para alentar a la Selección Argentina frente a Austria
2026-06-19,2026-W25,provincial,LA GACETA,Tucumán,NOA,Tucumán,https://www.lagaceta.com.ar,Liga Tucumana: Experimental y Ateneo igualaron en un arranque vibrante de la fecha 13
2026-06-19,2026-W25,provincial,LA GACETA,Tucumán,NOA,Tucumán,https://www.lagaceta.com.ar,Liga Tucumana: Experimental y Ateneo abrieron la fecha 13 con un empate
2026-06-19,2026-W25,provincial,LA GACETA,Tucumán,NOA,Tucumán,https://www.lagaceta.com.ar,Japón busca dar otro gran paso ante un Túnez en crisis
2026-06-19,2026-W25,provincial,LA GACETA,Tucumán,NOA,Tucumán,https://www.lagaceta.com.ar,La mora bancaria de las familias alcanzó un récord: es la más alta en 20 años
2026-06-19,2026-W25,provincial,LA GACETA,Tucumán,NOA,Tucumán,https://www.lagaceta.com.ar,"El consumo no levanta cabeza: cayeron las ventas en supermercados, autoservicios y shoppings en abril"
2026-06-19,2026-W25,provincial,LA GACETA,Tucumán,NOA,Tucumán,https://www.lagaceta.com.ar,Aulas de 25 alumnos y acompañamiento personalizado: la fórmula de un colegio tucumano para potenciar el talento
2026-06-19,2026-W25,provincial,LA GACETA,Tucumán,NOA,Tucumán,https://www.lagaceta.com.ar,Experiencia Innovación Sostenible: Zuchovicki y Bulat plantearon los desafíos para la Argentina en un mundo con cambios estructurales
2026-06-19,2026-W25,provincial,LA GACETA,Tucumán,NOA,Tucumán,https://www.lagaceta.com.ar,Experiencia Innovación Sostenible: lecciones para la vida cotidiana que brinda el alto rendimiento
2026-06-19,2026-W25,provincial,LA GACETA,Tucumán,NOA,Tucumán,https://www.lagaceta.com.ar,Experiencia Innovación Sostenible: Flow y la tecnología al servicio de las personas
2026-06-19,2026-W25,provincial,LA GACETA,Tucumán,NOA,Tucumán,https://www.lagaceta.com.ar,"“Cuando una ciudad se anima a innovar, el código postal pesa un poco menos”"
2026-06-19,2026-W25,provincial,LA GACETA,Tucumán,NOA,Tucumán,https://www.lagaceta.com.ar,“El suicidio es un síntoma de una crisis profunda”: el llamado de una joven que conmovió al foro de Innovación Sostenible
2026-06-19,2026-W25,provincial,LA GACETA,Tucumán,NOA,Tucumán,https://www.lagaceta.com.ar,Atención Tucumán y Santiago: En Sportsman llevate el regalo ideal para papá y participá por una moto 0 km
2026-06-19,2026-W25,provincial,LA GACETA,Tucumán,NOA,Tucumán,https://www.lagaceta.com.ar,"""Es una vergüenza"": los cruces por la desafectación de una calle estallaron fuera de la Legislatura"
2026-06-19,2026-W25,provincial,LA GACETA,Tucumán,NOA,Tucumán,https://www.lagaceta.com.ar,"Limpieza en el TOF: “Si hubo errores, que se investigue”"
2026-06-19,2026-W25,provincial,LA GACETA,Tucumán,NOA,Tucumán,https://www.lagaceta.com.ar,Un secretario del TOF denunció a los jueces por la destrucción de secuestros judiciales y desató una crisis en la Justicia Federal tucumana
2026-06-19,2026-W25,provincial,LA GACETA,Tucumán,NOA,Tucumán,https://www.lagaceta.com.ar,"Entre quejas y críticas, se aprobó la suba del boleto a $1.700"
2026-06-19,2026-W25,provincial,LA GACETA,Tucumán,NOA,Tucumán,https://www.lagaceta.com.ar,La obsesión de Scaloni no es Austria: el plan para que la selección argentina llegue viva hasta el final del Mundial
2026-06-19,2026-W25,provincial,LA GACETA,Tucumán,NOA,Tucumán,https://www.lagaceta.com.ar,El pasajero de la tobillera electrónica y una escena que parecía salida de una serie
2026-06-19,2026-W25,provincial,LA GACETA,Tucumán,NOA,Tucumán,https://www.lagaceta.com.ar,"Mejores terceros: cómo funciona, cuántos clasifican y las combinaciones posibles"
2026-06-19,2026-W25,provincial,LA GACETA,Tucumán,NOA,Tucumán,https://www.lagaceta.com.ar,La confesión de Aimar sobre el cuerpo técnico de la selección
2026-06-19,2026-W25,provincial,LA GACETA,Tucumán,NOA,Tucumán,https://www.lagaceta.com.ar,Un jugador de Austria sufrió una fractura de mandíbula
2026-06-19,2026-W25,provincial,LA GACETA,Tucumán,NOA,Tucumán,https://www.lagaceta.com.ar,"Quién es Amin Mohamed Omar, el árbitro designado para Argentina-Austria"
2026-06-19,2026-W25,provincial,LA GACETA,Tucumán,NOA,Tucumán,https://www.lagaceta.com.ar,"Disparos en Barrio Sur: “Si entraba al bar, hubiese sido una tragedia”"
2026-06-19,2026-W25,provincial,LA GACETA,Tucumán,NOA,Tucumán,https://www.lagaceta.com.ar,¿Qué dijo Jorge Messi tras la falsa noticia sobre su muerte que compartió Florencia Peña?
2026-06-19,2026-W25,provincial,LA GACETA,Tucumán,NOA,Tucumán,https://www.lagaceta.com.ar,"El ""Mundial en el aula"": habrá clases normales el lunes, pero se podrá ver el partido en las escuelas"
2026-06-19,2026-W25,provincial,LA GACETA,Tucumán,NOA,Tucumán,https://www.lagaceta.com.ar,"Tucumán, los próceres postergados y los garantes de la pobreza"
2026-06-19,2026-W25,provincial,LA GACETA,Tucumán,NOA,Tucumán,https://www.lagaceta.com.ar,"Dejó el periodismo, se recibió de sommelier y ahora defiende el carácter del vino tucumano"
2026-06-19,2026-W25,provincial,LA GACETA,Tucumán,NOA,Tucumán,https://www.lagaceta.com.ar,Solicitada: a los beneficiarios de OSDE
2026-06-19,2026-W25,provincial,LA GACETA,Tucumán,NOA,Tucumán,https://www.lagaceta.com.ar,GEMSA lanzó el nuevo Chevrolet Sonic en Tucumán: tasa 0% y adjudicación en cuota 3 y cuota 5
2026-06-19,2026-W25,provincial,LA GACETA,Tucumán,NOA,Tucumán,https://www.lagaceta.com.ar,Nutrición de vanguardia para el Norte Grande: La Cabaña inauguró su nuevo centro logístico pensado por y para el bienestar de las mascotas
2026-06-19,2026-W25,provincial,LA GACETA,Tucumán,NOA,Tucumán,https://www.lagaceta.com.ar,"Extraditaron a ""Ricky"" Puenzo, el prófugo más buscado por el crimen de Alejandra Benites"
2026-06-19,2026-W25,provincial,LA GACETA,Tucumán,NOA,Tucumán,https://www.lagaceta.com.ar,"Tras la polémica con Florencia Peña, Nico Occhiato respondió a quienes anunciaban ""el fin de Luzu"""
2026-06-19,2026-W25,provincial,LA GACETA,Tucumán,NOA,Tucumán,https://www.lagaceta.com.ar,"Quién es Adrián Ravier, el nuevo vocero del Gobierno que coescribió un libro con Javier Milei"
2026-06-19,2026-W25,provincial,LA GACETA,Tucumán,NOA,Tucumán,https://www.lagaceta.com.ar,Pronóstico para el fin de semana Tucumán: el cielo se despejará en la cuenta regresiva para la llegada del invierno
2026-06-19,2026-W25,provincial,LA GACETA,Tucumán,NOA,Tucumán,https://www.lagaceta.com.ar,"Previo al secuestro de la droga, durante una hora dejaron los 470 kilos de cocaína sin custodia"
2026-06-19,2026-W25,provincial,LA GACETA,Tucumán,NOA,Tucumán,https://www.lagaceta.com.ar,La fuerte reacción de Migue Granados tras el escándalo en Luzu que involucra a Nicolás Occhiato y Florencia Peña
2026-06-19,2026-W25,provincial,LA GACETA,Tucumán,NOA,Tucumán,https://www.lagaceta.com.ar,Fusión de folclore y rock: “No hay nada mejor que unir lo genuino de cada género”
2026-06-19,2026-W25,provincial,LA GACETA,Tucumán,NOA,Tucumán,https://www.lagaceta.com.ar,Las monjas que desafiaron a las dictaduras: una historia de fe y derechos humanos
2026-06-19,2026-W25,provincial,LA GACETA,Tucumán,NOA,Tucumán,https://www.lagaceta.com.ar,Florencia Peña le escribió a la mamá de Lionel Messi tras el escándalo: ¿qué respuesta recibió?
2026-06-19,2026-W25,provincial,DIARIO CHACO,Chaco,NEA,Resistencia,https://www.diariochaco.com,"Las ventas en supermercados, mayoristas y shoppings volvieron a caer en abril"
2026-06-19,2026-W25,provincial,DIARIO CHACO,Chaco,NEA,Resistencia,https://www.diariochaco.com,Día del Padre: comercios chaqueños esperan mayor movimiento durante el sábado
2026-06-19,2026-W25,provincial,DIARIO CHACO,Chaco,NEA,Resistencia,https://www.diariochaco.com,Una beba de siete meses murió por bronquiolitis tras ser llevada de urgencia al Pediátrico
2026-06-19,2026-W25,provincial,DIARIO CHACO,Chaco,NEA,Resistencia,https://www.diariochaco.com,"Tras su traslado al Perrando, la jueza Fernández pidió informes médicos sobre César Sena"
2026-06-19,2026-W25,provincial,DIARIO CHACO,Chaco,NEA,Resistencia,https://www.diariochaco.com,"""Trataré de aportar un granito de arena"": Ravier habló tras su designación como vocero presidencial"
2026-06-19,2026-W25,provincial,DIARIO CHACO,Chaco,NEA,Resistencia,https://www.diariochaco.com,La Provincia adjudicó la compra de insumos médicos por más de $ 1.126 millones
2026-06-19,2026-W25,provincial,DIARIO CHACO,Chaco,NEA,Resistencia,https://www.diariochaco.com,Sáenz Peña fue sede del Plenario Provincial de la CGT
2026-06-19,2026-W25,provincial,DIARIO CHACO,Chaco,NEA,Resistencia,https://www.diariochaco.com,"La mora de créditos familiares alcanzó el 12,1% en mayo y marcó un récord en 22 años"
2026-06-19,2026-W25,provincial,DIARIO CHACO,Chaco,NEA,Resistencia,https://www.diariochaco.com,"Con un 2-0 ante Australia, Estados Unidos selló su clasificación a dieciseisavos de final"
2026-06-19,2026-W25,provincial,DIARIO CHACO,Chaco,NEA,Resistencia,https://www.diariochaco.com,Confirmaron quién será el árbitro del partido entre Argentina y Austria en el Mundial
2026-06-19,2026-W25,provincial,DIARIO CHACO,Chaco,NEA,Resistencia,https://www.diariochaco.com,Diputados noruegos pausaron una sesión para alentar a su selección con una remada vikinga
2026-06-19,2026-W25,provincial,DIARIO CHACO,Chaco,NEA,Resistencia,https://www.diariochaco.com,Argelia reclamó ante FIFA por supuestas faltas en el partido contra Argentina
2026-06-19,2026-W25,provincial,DIARIO CHACO,Chaco,NEA,Resistencia,https://www.diariochaco.com,Chaco representa al país en un encuentro latinoamericano sobre IA y Educación de Google
2026-06-19,2026-W25,provincial,DIARIO CHACO,Chaco,NEA,Resistencia,https://www.diariochaco.com,Cuba busca abrir su economía con un paquete de reformas para atraer inversiones
2026-06-19,2026-W25,provincial,DIARIO CHACO,Chaco,NEA,Resistencia,https://www.diariochaco.com,Finalizó la atención del Tren 25 de Mayo en Sáenz Peña con múltiples atenciones
2026-06-19,2026-W25,provincial,DIARIO CHACO,Chaco,NEA,Resistencia,https://www.diariochaco.com,Edición 18/06/26
2026-06-19,2026-W25,provincial,DIARIO CHACO,Chaco,NEA,Resistencia,https://www.diariochaco.com,Zdero lanzó créditos de hasta $ 800 millones para ayudar a productores chaqueños
2026-06-19,2026-W25,provincial,DIARIO CHACO,Chaco,NEA,Resistencia,https://www.diariochaco.com,Detectaron tuberculosis en un colegio secundario: las autoridades dijeron que la situación está controlada
2026-06-19,2026-W25,provincial,DIARIO CHACO,Chaco,NEA,Resistencia,https://www.diariochaco.com,For Ever recibe a Colón con técnico interino y el regreso de hinchas visitantes
2026-06-19,2026-W25,provincial,DIARIO CHACO,Chaco,NEA,Resistencia,https://www.diariochaco.com,Pérez Pons respaldó a Lineras y cuestionó la decisión del Consejo de la Magistratura
2026-06-19,2026-W25,provincial,DIARIO CHACO,Chaco,NEA,Resistencia,https://www.diariochaco.com,La Junta Federal de Cortes y Superiores Tribunales rechazó cambios en la selección de jueces
2026-06-19,2026-W25,provincial,DIARIO CHACO,Chaco,NEA,Resistencia,https://www.diariochaco.com,El Consejo de la Magistratura suspendió al juez Lineras y al fiscal Collado
2026-06-19,2026-W25,provincial,DIARIO CHACO,Chaco,NEA,Resistencia,https://www.diariochaco.com,El Gobierno confirmó a Adrián Ravier como nuevo vocero presidencial
2026-06-19,2026-W25,provincial,DIARIO CHACO,Chaco,NEA,Resistencia,https://www.diariochaco.com,"¿Qué pasó con Jonathan Blanco?: pérdida, supervivencia y un rescate al límite"
2026-06-19,2026-W25,provincial,DIARIO CHACO,Chaco,NEA,Resistencia,https://www.diariochaco.com,Doce calles de un barrio de Sáenz Peña tendrán nombres vinculados a la historia local
2026-06-19,2026-W25,provincial,DIARIO CHACO,Chaco,NEA,Resistencia,https://www.diariochaco.com,"Tras la fake news de Florencia Peña, Occhiato pidió disculpas y negó bajas de marcas"
2026-06-19,2026-W25,provincial,DIARIO CHACO,Chaco,NEA,Resistencia,https://www.diariochaco.com,Se descartó la participación policial en la muerte de Gusak y la causa volvió a Fiscalía n° 3
2026-06-19,2026-W25,provincial,DIARIO CHACO,Chaco,NEA,Resistencia,https://www.diariochaco.com,"Jonathan Blanco: el parte médico indica un ""trastorno sensorial"" y deshidratación severa"
2026-06-19,2026-W25,provincial,DIARIO CHACO,Chaco,NEA,Resistencia,https://www.diariochaco.com,Capitán Solari: Samuel Vargas se reunió con vecinos para impulsar el turismo
2026-06-19,2026-W25,provincial,DIARIO CHACO,Chaco,NEA,Resistencia,https://www.diariochaco.com,Chaco se prepara para un invierno con altibajos térmicos y lluvias aisladas
2026-06-19,2026-W25,provincial,DIARIO CHACO,Chaco,NEA,Resistencia,https://www.diariochaco.com,Ricardo Mayol asumió como nuevo ministro de Salud de la provincia
2026-06-19,2026-W25,provincial,DIARIO CHACO,Chaco,NEA,Resistencia,https://www.diariochaco.com,SAMEEP recibió $ 1.100 millones del Gobierno provincial para pagar el aguinaldo
2026-06-19,2026-W25,provincial,DIARIO CHACO,Chaco,NEA,Resistencia,https://www.diariochaco.com,Cuándo comienzan las vacaciones de invierno para los empleados públicos del Chaco
2026-06-19,2026-W25,provincial,DIARIO CHACO,Chaco,NEA,Resistencia,https://www.diariochaco.com,"Seis años sin Miguel Duré, el médico que murió de Covid tras contagiarse trabajando"
2026-06-19,2026-W25,provincial,DIARIO CHACO,Chaco,NEA,Resistencia,https://www.diariochaco.com,"""No fue un error"": la falsa noticia que derivó en una dura crítica al streaming y los medios"
2026-06-19,2026-W25,provincial,DIARIO CHACO,Chaco,NEA,Resistencia,https://www.diariochaco.com,Cuándo cobrarán el Refrigerio los empleados públicos chaqueños
2026-06-19,2026-W25,provincial,DIARIO CHACO,Chaco,NEA,Resistencia,https://www.diariochaco.com,Continúa la suspensión de las líneas 2 y 106: UTA aseguró que ERSA no se comunicó con el gremio
2026-06-19,2026-W25,provincial,DIARIO CHACO,Chaco,NEA,Resistencia,https://www.diariochaco.com,"Canadá goleó a Qatar, pero la grave fractura de Koné dejó a todos sin aliento"
2026-06-19,2026-W25,provincial,DIARIO CHACO,Chaco,NEA,Resistencia,https://www.diariochaco.com,El futuro de Adorni vuelve a quedar en manos de los aliados de Milei en Diputados
2026-06-19,2026-W25,provincial,DIARIO CHACO,Chaco,NEA,Resistencia,https://www.diariochaco.com,Gago fue operado de urgencia en Chile por un problema cardíaco
2026-06-19,2026-W25,provincial,DIARIO CHACO,Chaco,NEA,Resistencia,https://www.diariochaco.com,Las importaciones por courier crecieron 113% interanual y ya superan los US$ 500 millones
2026-06-19,2026-W25,provincial,DIARIO CHACO,Chaco,NEA,Resistencia,https://www.diariochaco.com,Magistrados demandaron la inconstitucionalidad de artículos de la nueva ley de honorarios
2026-06-19,2026-W25,provincial,DIARIO CHACO,Chaco,NEA,Resistencia,https://www.diariochaco.com,Celia Messi se comunicó con Florencia Peña tras el escándalo de la fake news
2026-06-19,2026-W25,provincial,DIARIO CHACO,Chaco,NEA,Resistencia,https://www.diariochaco.com,La Poceada quedó vacante y el pozo subió a $ 177 millones para el sorteo del sábado
2026-06-19,2026-W25,provincial,DIARIO CHACO,Chaco,NEA,Resistencia,https://www.diariochaco.com,Israel y el grupo terrorista Hezbollah pactaron un alto el fuego en el Líbano
2026-06-19,2026-W25,provincial,DIARIO CHACO,Chaco,NEA,Resistencia,https://www.diariochaco.com,"""Qué quilombo que armé"": la reacción de Jorge Messi tras la falsa noticia sobre su muerte"
2026-06-19,2026-W25,provincial,DIARIO CHACO,Chaco,NEA,Resistencia,https://www.diariochaco.com,Milei se reunió con Adorni en Olivos y analizan una convocatoria a la mesa política
2026-06-19,2026-W25,provincial,DIARIO CHACO,Chaco,NEA,Resistencia,https://www.diariochaco.com,"Buscan a Dilan Milton Blanco, un adolescente de 16 años desaparecido en La Leonesa"
2026-06-19,2026-W25,provincial,DIARIO CHACO,Chaco,NEA,Resistencia,https://www.diariochaco.com,"Descubren más de 3,6 kilos de marihuana ocultos en una encomienda en Machagai"
2026-06-19,2026-W25,provincial,DIARIO CHACO,Chaco,NEA,Resistencia,https://www.diariochaco.com,Sáenz Peña: recuperaron una moto robada que era ofrecida a la venta por Facebook
2026-06-19,2026-W25,provincial,LA VOZ DEL CHACO,Chaco,NEA,Resistencia,https://www.diariolavozdelchaco.com,Diario La Voz / Noticias de Chaco
2026-06-19,2026-W25,provincial,LA VOZ DEL CHACO,Chaco,NEA,Resistencia,https://www.diariolavozdelchaco.com,"Tras 50 años, el hombre vuelve a la luna en la Misión Artemis II"
2026-06-19,2026-W25,provincial,LA VOZ DEL CHACO,Chaco,NEA,Resistencia,https://www.diariolavozdelchaco.com,Salud advirtió sobre medicamentos inyectables adelgazantes sin autorización sanitaria
2026-06-19,2026-W25,provincial,LA VOZ DEL CHACO,Chaco,NEA,Resistencia,https://www.diariolavozdelchaco.com,La Rubita: allanaron una vivienda que funcionaba como centro de venta de drogas
2026-06-19,2026-W25,provincial,LA VOZ DEL CHACO,Chaco,NEA,Resistencia,https://www.diariolavozdelchaco.com,El consumo se desploma: en abril cayeron las ventas en supermercados
2026-06-19,2026-W25,provincial,LA VOZ DEL CHACO,Chaco,NEA,Resistencia,https://www.diariolavozdelchaco.com,"Con la ilusión del regreso del «Chango» Cravero como DT, For Ever recibe a Colón de Santa Fe"
2026-06-19,2026-W25,provincial,LA VOZ DEL CHACO,Chaco,NEA,Resistencia,https://www.diariolavozdelchaco.com,Federal A: Defensores de Vilelas recibe a Sol de América y Sarmiento viaja a Formosa
2026-06-19,2026-W25,provincial,LA VOZ DEL CHACO,Chaco,NEA,Resistencia,https://www.diariolavozdelchaco.com,"«Se perdió buscando su celular»: la fiscal descarta, por ahora, la participación de terceros en el caso Jonathan Blanco"
2026-06-19,2026-W25,provincial,LA VOZ DEL CHACO,Chaco,NEA,Resistencia,https://www.diariolavozdelchaco.com,Mayol llega a Salud con el desafío de recuperar confianza tras una gestión marcada por las crisis y la «falsa médica»
2026-06-19,2026-W25,provincial,LA VOZ DEL CHACO,Chaco,NEA,Resistencia,https://www.diariolavozdelchaco.com,Escándalo y despidos en Luzu tras la fake news de la muerte de Jorge Messi
2026-06-19,2026-W25,provincial,LA VOZ DEL CHACO,Chaco,NEA,Resistencia,https://www.diariolavozdelchaco.com,En Charata ejecutan obras de drenaje para prevenir anegamientos ante posibles intensas lluvias
2026-06-19,2026-W25,provincial,LA VOZ DEL CHACO,Chaco,NEA,Resistencia,https://www.diariolavozdelchaco.com,La Comisión Estratégica de Emergencia Municipal de Barranqueras intensifica trabajos sobre el canal Mosconi
2026-06-19,2026-W25,provincial,LA VOZ DEL CHACO,Chaco,NEA,Resistencia,https://www.diariolavozdelchaco.com,Fontana: detuvieron a sujeto que amenazó a su pareja
2026-06-19,2026-W25,provincial,LA VOZ DEL CHACO,Chaco,NEA,Resistencia,https://www.diariolavozdelchaco.com,Chaco For Ever confirmó el regreso de Daniel Cravero como entrenador del plantel profesional
2026-06-19,2026-W25,provincial,LA VOZ DEL CHACO,Chaco,NEA,Resistencia,https://www.diariolavozdelchaco.com,Hospital Perrando: familiares denuncian trabas burocráticas para conseguir turnos de donación de sangre
2026-06-19,2026-W25,provincial,LA VOZ DEL CHACO,Chaco,NEA,Resistencia,https://www.diariolavozdelchaco.com,El Cecual llega a la laguna Seitor con juegos y música
2026-06-19,2026-W25,provincial,LA VOZ DEL CHACO,Chaco,NEA,Resistencia,https://www.diariolavozdelchaco.com,ERSA suspendió la Línea 2 y la 106 BC: miles de usuarios quedaron sin colectivos y crece la incertidumbre laboral
2026-06-19,2026-W25,provincial,LA VOZ DEL CHACO,Chaco,NEA,Resistencia,https://www.diariolavozdelchaco.com,Preocupación por la salud del papá de Lionel Messi: «Tiene un problema bastante grave»
2026-06-19,2026-W25,provincial,LA VOZ DEL CHACO,Chaco,NEA,Resistencia,https://www.diariolavozdelchaco.com,Justicia por Nelson Gusak y los jóvenes desaparecidos: convocan a una movilización provincial este domingo en Resistencia
2026-06-19,2026-W25,provincial,LA VOZ DEL CHACO,Chaco,NEA,Resistencia,https://www.diariolavozdelchaco.com,El lunes 22 recién se acredita el refrigerio
2026-06-19,2026-W25,provincial,LA VOZ DEL CHACO,Chaco,NEA,Resistencia,https://www.diariolavozdelchaco.com,La Uncaus amplía su agenda internacional
2026-06-19,2026-W25,provincial,LA VOZ DEL CHACO,Chaco,NEA,Resistencia,https://www.diariolavozdelchaco.com,"Ante El Niño, el Gobierno pide acciones preventivas en cada municipio"
2026-06-19,2026-W25,provincial,LA VOZ DEL CHACO,Chaco,NEA,Resistencia,https://www.diariolavozdelchaco.com,UNCAUS participó del XI Congreso Nacional de Extensión Universitaria
2026-06-19,2026-W25,provincial,LA VOZ DEL CHACO,Chaco,NEA,Resistencia,https://www.diariolavozdelchaco.com,La Uncaus lanzó su Escuela de Práctica Jurídica para abogados
2026-06-19,2026-W25,provincial,LA VOZ DEL CHACO,Chaco,NEA,Resistencia,https://www.diariolavozdelchaco.com,Encuesta nacional sacude el tablero político: en Chaco el peronismo vuelve a imponerse y preocupa a La Libertad Avanza
2026-06-19,2026-W25,provincial,LA VOZ DEL CHACO,Chaco,NEA,Resistencia,https://www.diariolavozdelchaco.com,Contrató un electricista para que relizara arreglos en la casa y abusó de su hija menor de edad
2026-06-19,2026-W25,provincial,LA VOZ DEL CHACO,Chaco,NEA,Resistencia,https://www.diariolavozdelchaco.com,VIDEO| Así rescataron a Jonathan Blanco: estaba en un monte cercano al basural de Puerto Tirol
2026-06-19,2026-W25,provincial,LA VOZ DEL CHACO,Chaco,NEA,Resistencia,https://www.diariolavozdelchaco.com,Salud en crisis: renunció Sergio Rodríguez y Zdero cambia al ministro tras meses de polémicas en Chaco
2026-06-19,2026-W25,provincial,LA VOZ DEL CHACO,Chaco,NEA,Resistencia,https://www.diariolavozdelchaco.com,Había casi 4 kilos de marihuana oculta en una encomienda
2026-06-19,2026-W25,provincial,LA VOZ DEL CHACO,Chaco,NEA,Resistencia,https://www.diariolavozdelchaco.com,El mejor final: apareció vivo Jonathan Blanco
2026-06-19,2026-W25,provincial,LA VOZ DEL CHACO,Chaco,NEA,Resistencia,https://www.diariolavozdelchaco.com,Peligroso sujeto del Güiraldes fue detenido
2026-06-19,2026-W25,provincial,LA VOZ DEL CHACO,Chaco,NEA,Resistencia,https://www.diariolavozdelchaco.com,Santiago Masdeu: «Queremos seguir creciendo como equipo»
2026-06-19,2026-W25,provincial,LA VOZ DEL CHACO,Chaco,NEA,Resistencia,https://www.diariolavozdelchaco.com,Municipales apuesta al crecimiento del fútbol femenino
2026-06-19,2026-W25,provincial,LA VOZ DEL CHACO,Chaco,NEA,Resistencia,https://www.diariolavozdelchaco.com,"Tras versiones de muerte, la familia Messi habló: «Jorge atraviesa un cuadro de salud complejo pero evoluciona bien»"
2026-06-19,2026-W25,provincial,LA VOZ DEL CHACO,Chaco,NEA,Resistencia,https://www.diariolavozdelchaco.com,For Ever no se entrega y confirmó el regreso de Daniel Cravero
2026-06-19,2026-W25,provincial,LA VOZ DEL CHACO,Chaco,NEA,Resistencia,https://www.diariolavozdelchaco.com,Villa San Martín fue imparable en casa y gritó campeón provincial
2026-06-19,2026-W25,provincial,LA VOZ DEL CHACO,Chaco,NEA,Resistencia,https://www.diariolavozdelchaco.com,Caso Axel González: por qué la Justicia mantuvo detenido a Ramón “Cuno” Gómez
2026-06-19,2026-W25,provincial,LA VOZ DEL CHACO,Chaco,NEA,Resistencia,https://www.diariolavozdelchaco.com,Caso Axel González: trasladaron a Íñiguez y Silva a la U7 y la defensa presentó un hábeas corpus
2026-06-19,2026-W25,provincial,LA VOZ DEL CHACO,Chaco,NEA,Resistencia,https://www.diariolavozdelchaco.com,"20 años y fue detenido por narcomenudeo: secuestran cocaína, una Jeep Renegade y documentación sospechosa"
2026-06-19,2026-W25,provincial,LA VOZ DEL CHACO,Chaco,NEA,Resistencia,https://www.diariolavozdelchaco.com,Caso Milagros Machuca: elevan la causa a juicio oral y la familia pedirá la pena máxima para las imputadas
2026-06-19,2026-W25,provincial,LA VOZ DEL CHACO,Chaco,NEA,Resistencia,https://www.diariolavozdelchaco.com,"Goyo Pomar: «La gente apoyaba, pretendía, quería y pedía el golpe de Estado en 1976»"
2026-06-19,2026-W25,provincial,LA VOZ DEL CHACO,Chaco,NEA,Resistencia,https://www.diariolavozdelchaco.com,Julio Barrios Cima: «El nivel de morosidad está en los niveles máximos en la historia»
2026-06-19,2026-W25,provincial,LA VOZ DEL CHACO,Chaco,NEA,Resistencia,https://www.diariolavozdelchaco.com,"Horacio Silvestri: «Hagamos arte con lo que nos hace raros, monstruosos y peligrosos»"
2026-06-19,2026-W25,provincial,LA VOZ DEL CHACO,Chaco,NEA,Resistencia,https://www.diariolavozdelchaco.com,"Policiales «Se perdió buscando su celular»: la fiscal descarta, por ahora, la participación de terceros en el caso Jonathan Blanco"
2026-06-19,2026-W25,provincial,LA VOZ DEL CHACO,Chaco,NEA,Resistencia,https://www.diariolavozdelchaco.com,Política Mayol llega a Salud con el desafío de recuperar confianza tras una gestión marcada por las crisis y la «falsa médica»
2026-06-19,2026-W25,provincial,LA VOZ DEL CHACO,Chaco,NEA,Resistencia,https://www.diariolavozdelchaco.com,Nacionales Escándalo y despidos en Luzu tras la fake news de la muerte de Jorge Messi
2026-06-19,2026-W25,provincial,NORTE,Chaco,NEA,Resistencia,https://www.diarionorte.com,Resistencia. Una bebé de siete meses falleció por complicaciones respiratorias
2026-06-19,2026-W25,provincial,NORTE,Chaco,NEA,Resistencia,https://www.diarionorte.com,El Chaco cuenta con una línea de financiamiento especial destinada a ganaderos
2026-06-19,2026-W25,provincial,NORTE,Chaco,NEA,Resistencia,https://www.diarionorte.com,"Carmen Delgado. ""Es fundamental seguir consolidando el desarrollo de las economías regionales"""
2026-06-19,2026-W25,provincial,NORTE,Chaco,NEA,Resistencia,https://www.diarionorte.com,El juez Lineras y el fiscal Collado fueron suspendidos
2026-06-19,2026-W25,provincial,NORTE,Chaco,NEA,Resistencia,https://www.diarionorte.com,"El Frente Chaqueño denuncia ""persecución"" contra el juez Lineras"
2026-06-19,2026-W25,provincial,NORTE,Chaco,NEA,Resistencia,https://www.diarionorte.com,"Un hito que trasciende el fútbol. Jenny y Tyler, primera madre e hijo mundialistas"
2026-06-19,2026-W25,provincial,NORTE,Chaco,NEA,Resistencia,https://www.diarionorte.com,Confirmaron al árbitro que dirigirá el partido entre la Selección argentina y Austria
2026-06-19,2026-W25,provincial,NORTE,Chaco,NEA,Resistencia,https://www.diarionorte.com,"Dos generaciones, misma selección. El posteo de Nico Paz junto a su padre en pleno Mundial"
2026-06-19,2026-W25,provincial,NORTE,Chaco,NEA,Resistencia,https://www.diarionorte.com,Mundial 2026. Selección argentina: Scaloni prepara la vuelta de Paredes
2026-06-19,2026-W25,provincial,NORTE,Chaco,NEA,Resistencia,https://www.diarionorte.com,Tras vencer a Corea de Sur. México es el primero en pasar a la siguiente fase
2026-06-19,2026-W25,provincial,NORTE,Chaco,NEA,Resistencia,https://www.diarionorte.com,Olimpia confirmó llegada de Tim Payne
2026-06-19,2026-W25,provincial,NORTE,Chaco,NEA,Resistencia,https://www.diarionorte.com,"Sin gluten y fácil de hacer. Ñoquis de polenta: una receta económica, rendidora y perfecta para los días fríos"
2026-06-19,2026-W25,provincial,NORTE,Chaco,NEA,Resistencia,https://www.diarionorte.com,Receta sencilla. Polenta con queso: el clásico que nunca falla en los días frescos
2026-06-19,2026-W25,provincial,NORTE,Chaco,NEA,Resistencia,https://www.diarionorte.com,"Receta infaltable. Sopa de espinaca y papa: la receta fácil, económica y perfecta para los días de frío"
2026-06-19,2026-W25,provincial,NORTE,Chaco,NEA,Resistencia,https://www.diarionorte.com,Edición del 19-06-2026
2026-06-19,2026-W25,provincial,NORTE,Chaco,NEA,Resistencia,https://www.diarionorte.com,Búsqueda de persona. Intensa búsqueda de un adolescente de 16 años desaparecido en La Leonesa
2026-06-19,2026-W25,provincial,NORTE,Chaco,NEA,Resistencia,https://www.diarionorte.com,Seis meses de caída en el consumo y un costo récord para la crianza. El doble desafío económico de las familias argentinas
2026-06-19,2026-W25,provincial,NORTE,Chaco,NEA,Resistencia,https://www.diarionorte.com,Memoria de Resistencia. Un día como hoy de 1942 se fundaba la Filial Chaco de La SADE
2026-06-19,2026-W25,provincial,NORTE,Chaco,NEA,Resistencia,https://www.diarionorte.com,Carta de lectores. Deseos que son leyes
2026-06-19,2026-W25,provincial,NORTE,Chaco,NEA,Resistencia,https://www.diarionorte.com,El aula en tiempos de IA
2026-06-19,2026-W25,provincial,NORTE,Chaco,NEA,Resistencia,https://www.diarionorte.com,Resistencia 2026. La Bienal Internacional suma una Ronda de Negocios para potenciar las industrias creativas de todo el país
2026-06-19,2026-W25,provincial,NORTE,Chaco,NEA,Resistencia,https://www.diarionorte.com,Feriado al aire libre. El Cecual invita a disfrutar la laguna Seitor
2026-06-19,2026-W25,provincial,NORTE,Chaco,NEA,Resistencia,https://www.diarionorte.com,En Sáenz Peña se realizará el acto provincial por el Día de la Bandera
2026-06-19,2026-W25,provincial,NORTE,Chaco,NEA,Resistencia,https://www.diarionorte.com,Bronca para quienes se movilizan en micros. ERSA dejó de operar dos ramales y la crisis del transporte suma otro capítulo
2026-06-19,2026-W25,provincial,NORTE,Chaco,NEA,Resistencia,https://www.diarionorte.com,"Desbaratan un búnker de drogas en La Rubita. Detienen a una joven y secuestran cocaína, marihuana y más de medio millón de pesos"
2026-06-19,2026-W25,provincial,NORTE,Chaco,NEA,Resistencia,https://www.diarionorte.com,Camino al título de propiedad. En el asentamiento Lestani 37 familias recibieron el plano de su terreno
2026-06-19,2026-W25,provincial,NORTE,Chaco,NEA,Resistencia,https://www.diarionorte.com,Formosa. La producción petrolera de Palmar Largo se elevó de 19 a 290 barriles diarios
2026-06-19,2026-W25,provincial,NORTE,Chaco,NEA,Resistencia,https://www.diarionorte.com,"Según el INDEC. Ventas en supermercados, mayoristas y shoppings volvieron a caer en abril"
2026-06-19,2026-W25,provincial,NORTE,Chaco,NEA,Resistencia,https://www.diarionorte.com,"Solidaridad juvenil en Resistencia. Noches de luz: jóvenes llevaron abrigo, comida y esperanza a personas en situación de calle"
2026-06-19,2026-W25,provincial,NORTE,Chaco,NEA,Resistencia,https://www.diarionorte.com,Margarita Belén presentará el Festival del Chipá Cuerito y la Torta Parrilla
2026-06-19,2026-W25,provincial,NORTE,Chaco,NEA,Resistencia,https://www.diarionorte.com,Presentan un curso audiovisual para aprender sobre biodiversidad desde la infancia
2026-06-19,2026-W25,provincial,NORTE,Chaco,NEA,Resistencia,https://www.diarionorte.com,En el período acumulado enero-mayo de 2026. Exportaciones chaqueñas crecen más del 50% y alcanzan el mejor desempeño en cuatro años
2026-06-19,2026-W25,provincial,NORTE,Chaco,NEA,Resistencia,https://www.diarionorte.com,"Fernando Facal: ""La gente no perdió la fe, perdió la confianza en las instituciones"""
2026-06-19,2026-W25,provincial,NORTE,Chaco,NEA,Resistencia,https://www.diarionorte.com,"""Entre el cielo y la tierra"". El Museo de Ciencias Naturales inaugura una muestra sobre Campo del Cielo y la cosmovisión mocoví"
2026-06-19,2026-W25,provincial,NORTE,Chaco,NEA,Resistencia,https://www.diarionorte.com,"Preocupante baja de la vacunación infantil. Doctor Sergio Antunez: ""Las vacunas no enferman: salvan vidas"""
2026-06-19,2026-W25,provincial,NORTE,Chaco,NEA,Resistencia,https://www.diarionorte.com,"Fiscal Ingrid Wenner sobre Jonathan Blanco. ""Él estaba en shock y necesita estabilizarse"""
2026-06-19,2026-W25,provincial,NORTE,Chaco,NEA,Resistencia,https://www.diarionorte.com,Jonathan Blanco fue encontrado a través de imágenes térmicas de un dron
2026-06-19,2026-W25,provincial,NORTE,Chaco,NEA,Resistencia,https://www.diarionorte.com,"La UNLP señala al INDEC. ""El descenso de la pobreza sería mucho menor que el informado"""
2026-06-19,2026-W25,provincial,NORTE,Chaco,NEA,Resistencia,https://www.diarionorte.com,Superintendencia de Riesgos de Trabajo. La Realidad del Trabajo Formal en la Argentina
2026-06-19,2026-W25,provincial,NORTE,Chaco,NEA,Resistencia,https://www.diarionorte.com,Presentaron el bono Bienal 2026 con un auto 0 km y cuatro motos entre otros premios
2026-06-19,2026-W25,provincial,NORTE,Chaco,NEA,Resistencia,https://www.diarionorte.com,"Marcha por Axel López, a casi un mes de su desaparición"
2026-06-19,2026-W25,provincial,NORTE,Chaco,NEA,Resistencia,https://www.diarionorte.com,"El grito de ""Ni Una Menos"" volvió a llenar las calles del país"
2026-06-19,2026-W25,provincial,NORTE,Chaco,NEA,Resistencia,https://www.diarionorte.com,Santa Rita en imágenes: la fe y la esperanza volvieron a colmar las calles de Puerto Tirol
2026-06-19,2026-W25,provincial,NORTE,Chaco,NEA,Resistencia,https://www.diarionorte.com,"Quién es Adrián Ravier, el nuevo vocero presidencial"
2026-06-19,2026-W25,provincial,NORTE,Chaco,NEA,Resistencia,https://www.diarionorte.com,"Centro de salud La Nueva Formosa. Cerró el ciclo del Programa Provincial ""Fortaleciendo Sonrisas"""
2026-06-19,2026-W25,provincial,NORTE,Chaco,NEA,Resistencia,https://www.diarionorte.com,El artista Marcos Benítez inaugura este viernes La fiera entre las fieras
2026-06-19,2026-W25,provincial,NORTE,Chaco,NEA,Resistencia,https://www.diarionorte.com,A pesar de la lluvia. Con éxito se comercializaron los chivitos del oeste formoseño
2026-06-19,2026-W25,provincial,NORTE,Chaco,NEA,Resistencia,https://www.diarionorte.com,Firman acuerdo de articulación institucional entre Educación Superior y el IPF
2026-06-19,2026-W25,provincial,NORTE,Chaco,NEA,Resistencia,https://www.diarionorte.com,"El Gobierno de Formosa concretó la jornada ""Eficiencia Financiera con Banca Local"""
2026-06-19,2026-W25,provincial,NORTE,Chaco,NEA,Resistencia,https://www.diarionorte.com,"Ni tibios ni vagos: sangre caliente sin burocracia, o la decadencia"
2026-06-19,2026-W25,provincial,EL LIBERTADOR,Corrientes,NEA,Corrientes,https://www.diarioellibertador.com.ar,Diario El Libertador / Noticias de Corrientes
2026-06-19,2026-W25,provincial,EL LIBERTADOR,Corrientes,NEA,Corrientes,https://www.diarioellibertador.com.ar,"Valdés va por la energía, la reactivación de obras y recursos coparticipables"
2026-06-19,2026-W25,provincial,EL LIBERTADOR,Corrientes,NEA,Corrientes,https://www.diarioellibertador.com.ar,La Dpec descentraliza atención con nuevas oficinas para el 30% de la Capital y más móviles
2026-06-19,2026-W25,provincial,EL LIBERTADOR,Corrientes,NEA,Corrientes,https://www.diarioellibertador.com.ar,Lanzan una ronda de negocios para potenciar a las industrias creativas en la Bienal del Chaco
2026-06-19,2026-W25,provincial,EL LIBERTADOR,Corrientes,NEA,Corrientes,https://www.diarioellibertador.com.ar,La salud del papá de Messi expuso la crisis de los nuevos medios
2026-06-19,2026-W25,provincial,EL LIBERTADOR,Corrientes,NEA,Corrientes,https://www.diarioellibertador.com.ar,Promo del Capitán: el BanCo lanzó grandes descuentos y cuotas para agasajar a papá
2026-06-19,2026-W25,provincial,EL LIBERTADOR,Corrientes,NEA,Corrientes,https://www.diarioellibertador.com.ar,Buscan a un auto que se fugó tras chocar a una moto con dos ocupantes
2026-06-19,2026-W25,provincial,EL LIBERTADOR,Corrientes,NEA,Corrientes,https://www.diarioellibertador.com.ar,"Sabor, herencia y multitud en el cierre de la 7ª Fiesta Provincial del Estofado"
2026-06-19,2026-W25,provincial,EL LIBERTADOR,Corrientes,NEA,Corrientes,https://www.diarioellibertador.com.ar,Monte Caseros: el río Uruguay es una fiesta en el Torneo de la Triple Frontera
2026-06-19,2026-W25,provincial,EL LIBERTADOR,Corrientes,NEA,Corrientes,https://www.diarioellibertador.com.ar,Boca Unidos con variantes rumbo a Tucumán
2026-06-19,2026-W25,provincial,EL LIBERTADOR,Corrientes,NEA,Corrientes,https://www.diarioellibertador.com.ar,Regional de Rugby: Choque de extremos en Taraguy
2026-06-19,2026-W25,provincial,EL LIBERTADOR,Corrientes,NEA,Corrientes,https://www.diarioellibertador.com.ar,La Bienal Internacional de Arquitectura llega al MACC
2026-06-19,2026-W25,provincial,EL LIBERTADOR,Corrientes,NEA,Corrientes,https://www.diarioellibertador.com.ar,El Gobierno nacional confirmó al nuevo vocero presidencial
2026-06-19,2026-W25,provincial,EL LIBERTADOR,Corrientes,NEA,Corrientes,https://www.diarioellibertador.com.ar,Córdoba y Regatas con el primer chico
2026-06-19,2026-W25,provincial,EL LIBERTADOR,Corrientes,NEA,Corrientes,https://www.diarioellibertador.com.ar,Cooperación para impulsar el desarrollo productivo y la economía social en Bella Vista
2026-06-19,2026-W25,provincial,EL LIBERTADOR,Corrientes,NEA,Corrientes,https://www.diarioellibertador.com.ar,La odisea de un canchero santotomeño
2026-06-19,2026-W25,provincial,EL LIBERTADOR,Corrientes,NEA,Corrientes,https://www.diarioellibertador.com.ar,Se pone en marcha el cronograma de pago del plus especial a municipales
2026-06-19,2026-W25,provincial,EL LIBERTADOR,Corrientes,NEA,Corrientes,https://www.diarioellibertador.com.ar,Corrientes fortalece la integración regional con Paraguay a través de una alianza estratégica
2026-06-19,2026-W25,provincial,EL LIBERTADOR,Corrientes,NEA,Corrientes,https://www.diarioellibertador.com.ar,San Lorenzo enfrenta a Belgrano de Tucumán
2026-06-19,2026-W25,provincial,EL LIBERTADOR,Corrientes,NEA,Corrientes,https://www.diarioellibertador.com.ar,Conmoción por dos feroces ataques de perros: una niña fue mordida en el rostro
2026-06-19,2026-W25,provincial,EL LIBERTADOR,Corrientes,NEA,Corrientes,https://www.diarioellibertador.com.ar,Goya: insisten en que los motociclistas usen casco
2026-06-19,2026-W25,provincial,EL LIBERTADOR,Corrientes,NEA,Corrientes,https://www.diarioellibertador.com.ar,Ex combatientes con abrazo mburucuyano
2026-06-19,2026-W25,provincial,EL LIBERTADOR,Corrientes,NEA,Corrientes,https://www.diarioellibertador.com.ar,Tumores cerebrales: enfatizan la importancia de la detección a tiempo
2026-06-19,2026-W25,provincial,EL LIBERTADOR,Corrientes,NEA,Corrientes,https://www.diarioellibertador.com.ar,Madrugada dramática en el puente Corrientes-Chaco: se descompensó al volante y un policía evitó una tragedia
2026-06-19,2026-W25,provincial,EL LIBERTADOR,Corrientes,NEA,Corrientes,https://www.diarioellibertador.com.ar,Despido masivo en Luzu TV por el escándalo Messi
2026-06-19,2026-W25,provincial,EL LIBERTADOR,Corrientes,NEA,Corrientes,https://www.diarioellibertador.com.ar,El semanario francés que mostró a Corrientes durante la Guerra Guasú
2026-06-19,2026-W25,provincial,EL LIBERTADOR,Corrientes,NEA,Corrientes,https://www.diarioellibertador.com.ar,"Ramón Beaudot, el fraile combativo que fundó el primer diario correntino"
2026-06-19,2026-W25,provincial,EL LIBERTADOR,Corrientes,NEA,Corrientes,https://www.diarioellibertador.com.ar,¿Por qué da tanto miedo La Pora? Una leyenda viva en todo el Litoral
2026-06-19,2026-W25,provincial,EL LIBERTADOR,Corrientes,NEA,Corrientes,https://www.diarioellibertador.com.ar,Decomisaron más de 200 kilos de carne con restos de tierra y pasto
2026-06-19,2026-W25,provincial,EL LIBERTADOR,Corrientes,NEA,Corrientes,https://www.diarioellibertador.com.ar,Caso Loan: la Justicia unifica las causas y todos los imputados irán a un solo juicio
2026-06-19,2026-W25,provincial,EL LIBERTADOR,Corrientes,NEA,Corrientes,https://www.diarioellibertador.com.ar,Dos motos chocaron frente a una ambulancia en un barrio capitalino
2026-06-19,2026-W25,provincial,EL LIBERTADOR,Corrientes,NEA,Corrientes,https://www.diarioellibertador.com.ar,Corrientes será sede de un espectáculo de motonáutica de nivel internacional
2026-06-19,2026-W25,provincial,EL LIBERTADOR,Corrientes,NEA,Corrientes,https://www.diarioellibertador.com.ar,Corrientes recibirá el Raid Náutico de las Américas
2026-06-19,2026-W25,provincial,EL LIBERTADOR,Corrientes,NEA,Corrientes,https://www.diarioellibertador.com.ar,Furia en la noche correntina: brutal «ring» femenino a la salida de un boliche
2026-06-19,2026-W25,provincial,EL LIBERTADOR,Corrientes,NEA,Corrientes,https://www.diarioellibertador.com.ar,Pánico en una playa correntina: bañistas tuvieron que huir de un convoy de barcazas a la deriva
2026-06-19,2026-W25,provincial,EL LIBERTADOR,Corrientes,NEA,Corrientes,https://www.diarioellibertador.com.ar,"La Pilarcita, Ariel Báez y Valdés opinaron sobre los dichos del «Bocha» Sheridan"
2026-06-19,2026-W25,provincial,EL LIBERTADOR,Corrientes,NEA,Corrientes,https://www.diarioellibertador.com.ar,Los Vecinos “la rompieron” en el Cocomarola: del pop de Miranda al “sapucay” de la gente
2026-06-19,2026-W25,provincial,EL LIBERTADOR,Corrientes,NEA,Corrientes,https://www.diarioellibertador.com.ar,«Hay que establecer prioridades para que los recursos alcancen»
2026-06-19,2026-W25,provincial,EL LIBERTADOR,Corrientes,NEA,Corrientes,https://www.diarioellibertador.com.ar,"Goyo Pomar: «En el ’76, la gente pedía el golpe»"
2026-06-19,2026-W25,provincial,EL LIBERTADOR,Corrientes,NEA,Corrientes,https://www.diarioellibertador.com.ar,"Peteco, contundente: «Adorni debería dar un paso al costado»"
2026-06-19,2026-W25,provincial,EL LIBERTADOR,Corrientes,NEA,Corrientes,https://www.diarioellibertador.com.ar,Policiales Buscan a un auto que se fugó tras chocar a una moto con dos ocupantes
2026-06-19,2026-W25,provincial,EL LIBERTADOR,Corrientes,NEA,Corrientes,https://www.diarioellibertador.com.ar,"Interior Sabor, herencia y multitud en el cierre de la 7ª Fiesta Provincial del Estofado"
2026-06-19,2026-W25,provincial,EL LIBERTADOR,Corrientes,NEA,Corrientes,https://www.diarioellibertador.com.ar,Interior Monte Caseros: el río Uruguay es una fiesta en el Torneo de la Triple Frontera
2026-06-19,2026-W25,provincial,EL LITORAL,Corrientes,NEA,Corrientes,https://www.ellitoral.com.ar,El Litoral | Novedades de Corrientes
2026-06-19,2026-W25,provincial,EL LITORAL,Corrientes,NEA,Corrientes,https://www.ellitoral.com.ar,"Juan Pablo Valdés adelantó el desembarco de una ""industria importante"" en Corrientes"
2026-06-19,2026-W25,provincial,EL LITORAL,Corrientes,NEA,Corrientes,https://www.ellitoral.com.ar,El ginecólogo Gerardo Dahse enfrentará un nuevo juicio por abuso sexual
2026-06-19,2026-W25,provincial,EL LITORAL,Corrientes,NEA,Corrientes,https://www.ellitoral.com.ar,El Ejército demolió un tanque en Corrientes
2026-06-19,2026-W25,provincial,EL LITORAL,Corrientes,NEA,Corrientes,https://www.ellitoral.com.ar,🔴EN VIVO AHORA🔴
2026-06-19,2026-W25,provincial,EL LITORAL,Corrientes,NEA,Corrientes,https://www.ellitoral.com.ar,Últimas noticias
2026-06-19,2026-W25,provincial,EL LITORAL,Corrientes,NEA,Corrientes,https://www.ellitoral.com.ar,Lipton y Victoria juegan la revancha por la gloria en el Provincial
2026-06-19,2026-W25,provincial,EL LITORAL,Corrientes,NEA,Corrientes,https://www.ellitoral.com.ar,Impulsan un registro para impedir que maltratadores vuelvan a tener animales en Corrientes
2026-06-19,2026-W25,provincial,EL LITORAL,Corrientes,NEA,Corrientes,https://www.ellitoral.com.ar,Día y horario exactos del comienzo del invierno en Argentina
2026-06-19,2026-W25,provincial,EL LITORAL,Corrientes,NEA,Corrientes,https://www.ellitoral.com.ar,Un gesto saludable que no despeja las dudas
2026-06-19,2026-W25,provincial,EL LITORAL,Corrientes,NEA,Corrientes,https://www.ellitoral.com.ar,Estados Unidos le ganó a Australia y está en dieciseisavos de final del Mundial 2026
2026-06-19,2026-W25,provincial,EL LITORAL,Corrientes,NEA,Corrientes,https://www.ellitoral.com.ar,Partidos con distintos grados de dificultad para los equipos correntinos
2026-06-19,2026-W25,provincial,EL LITORAL,Corrientes,NEA,Corrientes,https://www.ellitoral.com.ar,"Mundial 2026: fixture, resultados y todos los partidos"
2026-06-19,2026-W25,provincial,EL LITORAL,Corrientes,NEA,Corrientes,https://www.ellitoral.com.ar,Nicolás Tagliafico entrenó a la par de sus compañeros
2026-06-19,2026-W25,provincial,EL LITORAL,Corrientes,NEA,Corrientes,https://www.ellitoral.com.ar,"Un emprendimiento correntino denunció una estafa: ""Juegan con el laburo de la gente"""
2026-06-19,2026-W25,provincial,EL LITORAL,Corrientes,NEA,Corrientes,https://www.ellitoral.com.ar,Generación Zoe: la Corte ratificó la competencia de Corrientes y la condena a Cositorto
2026-06-19,2026-W25,provincial,EL LITORAL,Corrientes,NEA,Corrientes,https://www.ellitoral.com.ar,“Estamos teniendo muy buenos resultados”: usuarios ya se suman a la moratoria de Dpec
2026-06-19,2026-W25,provincial,EL LITORAL,Corrientes,NEA,Corrientes,https://www.ellitoral.com.ar,Plus especial en Corrientes: cronograma de pago para trabajadores municipales
2026-06-19,2026-W25,provincial,EL LITORAL,Corrientes,NEA,Corrientes,https://www.ellitoral.com.ar,Fenómeno Ovni en Corrientes: cómo será el encuentro ufológico de Caá Catí
2026-06-19,2026-W25,provincial,EL LITORAL,Corrientes,NEA,Corrientes,https://www.ellitoral.com.ar,Descentralización de la Dpec: Juan Pablo Valdés habilitó oficinas y entregó vehículos
2026-06-19,2026-W25,provincial,EL LITORAL,Corrientes,NEA,Corrientes,https://www.ellitoral.com.ar,Corrientes: desbarataron un kiosco de drogas y detuvieron a una pareja
2026-06-19,2026-W25,provincial,EL LITORAL,Corrientes,NEA,Corrientes,https://www.ellitoral.com.ar,Corrientes: la Policía Rural incorporó conectividad satelital para combatir la inseguridad
2026-06-19,2026-W25,provincial,EL LITORAL,Corrientes,NEA,Corrientes,https://www.ellitoral.com.ar,Corrientes: desarticularon una red de caza ilegal y secuestraron un arsenal
2026-06-19,2026-W25,provincial,EL LITORAL,Corrientes,NEA,Corrientes,https://www.ellitoral.com.ar,La lluvia de dólares y el país que no se construye solo
2026-06-19,2026-W25,provincial,EL LITORAL,Corrientes,NEA,Corrientes,https://www.ellitoral.com.ar,Se canceló una audiencia y no se sabe cuándo podrán hablar los padres de Loan en el juicio
2026-06-19,2026-W25,provincial,EL LITORAL,Corrientes,NEA,Corrientes,https://www.ellitoral.com.ar,Así continúa hoy el juicio por Loan en Corrientes
2026-06-19,2026-W25,provincial,EL LITORAL,Corrientes,NEA,Corrientes,https://www.ellitoral.com.ar,¿Hacia dónde vamos?
2026-06-19,2026-W25,provincial,EL LITORAL,Corrientes,NEA,Corrientes,https://www.ellitoral.com.ar,"Loan, el juicio: dos años después, con un rebelde perdonado y varios caos por resolver"
2026-06-19,2026-W25,provincial,EL LITORAL,Corrientes,NEA,Corrientes,https://www.ellitoral.com.ar,"La honestidad no se blanquea, se demuestra"
2026-06-19,2026-W25,provincial,EL LITORAL,Corrientes,NEA,Corrientes,https://www.ellitoral.com.ar,Por adorar al demonio se ocasionó la muerte
2026-06-19,2026-W25,provincial,EL LITORAL,Corrientes,NEA,Corrientes,https://www.ellitoral.com.ar,El riesgo de exigir milagros y no reconocer progresos
2026-06-19,2026-W25,provincial,EL LITORAL,Corrientes,NEA,Corrientes,https://www.ellitoral.com.ar,Historias inmortales
2026-06-19,2026-W25,provincial,EL LITORAL,Corrientes,NEA,Corrientes,https://www.ellitoral.com.ar,El Baile en lo de la Tere
2026-06-19,2026-W25,provincial,EL LITORAL,Corrientes,NEA,Corrientes,https://www.ellitoral.com.ar,"Pascual Pérez, el primer campeón mundial"
2026-06-19,2026-W25,provincial,EL LITORAL,Corrientes,NEA,Corrientes,https://www.ellitoral.com.ar,Curiosidades mundialistas
2026-06-19,2026-W25,provincial,EL LITORAL,Corrientes,NEA,Corrientes,https://www.ellitoral.com.ar,Caso Loan: a dos años del almuerzo familiar donde desapareció el niño sin dejar rastros
2026-06-19,2026-W25,provincial,EL LITORAL,Corrientes,NEA,Corrientes,https://www.ellitoral.com.ar,Los padres de Loan serán los primeros en declarar en el juicio
2026-06-19,2026-W25,provincial,EL LITORAL,Corrientes,NEA,Corrientes,https://www.ellitoral.com.ar,IA sin normativa y el regreso de los privilegios pre republicanos
2026-06-19,2026-W25,provincial,EL LITORAL,Corrientes,NEA,Corrientes,https://www.ellitoral.com.ar,La impactante depredación de dorados y un negocio ilegal y millonario
2026-06-19,2026-W25,provincial,EL LITORAL,Corrientes,NEA,Corrientes,https://www.ellitoral.com.ar,La política sigue buscando a Maradona cuando el mundo ya eligió a Scaloni
2026-06-19,2026-W25,provincial,EL LITORAL,Corrientes,NEA,Corrientes,https://www.ellitoral.com.ar,Los jueces no aceptan que haya más de dos fiscales y el juicio por Loan suma reclamos
2026-06-19,2026-W25,provincial,EL LITORAL,Corrientes,NEA,Corrientes,https://www.ellitoral.com.ar,Más de 150 testigos para el juicio por Loan: quiénes estarán y quiénes no fueron citados
2026-06-19,2026-W25,provincial,EL LITORAL,Corrientes,NEA,Corrientes,https://www.ellitoral.com.ar,Indio Solari: el último ritual
2026-06-19,2026-W25,provincial,EL LITORAL,Corrientes,NEA,Corrientes,https://www.ellitoral.com.ar,Córdoba sorprendió a San Martín en las semifinales de la Copa Palacio
2026-06-19,2026-W25,provincial,EL LITORAL,Corrientes,NEA,Corrientes,https://www.ellitoral.com.ar,Quién es la productora de Luzu TV que hablaba con Florencia Peña
2026-06-19,2026-W25,provincial,EL LITORAL,Corrientes,NEA,Corrientes,https://www.ellitoral.com.ar,Hallaron un cuerpo sin vida al costado de la Ruta 12 en Corrientes
2026-06-19,2026-W25,provincial,EL LITORAL,Corrientes,NEA,Corrientes,https://www.ellitoral.com.ar,Cómo estará el tiempo para el Día del Padre en Corrientes
2026-06-19,2026-W25,provincial,EL LITORAL,Corrientes,NEA,Corrientes,https://www.ellitoral.com.ar,Boca llegó a un acuerdo con Argentinos por el primer refuerzo de Rodolfo Arruabarrena
2026-06-19,2026-W25,provincial,EL LITORAL,Corrientes,NEA,Corrientes,https://www.ellitoral.com.ar,El club Córdoba recibe a la primera fase del Argentino de Federaciones
2026-06-19,2026-W25,provincial,EL LITORAL,Corrientes,NEA,Corrientes,https://www.ellitoral.com.ar,San Martín será parte del “Torneo de la Bandera”
2026-06-19,2026-W25,provincial,ÉPOCA,Corrientes,NEA,Corrientes,https://www.diarioepoca.com,Responsabilidad Fiscal: Corrientes participó de la reunión encabezada por el ministro Caputo
2026-06-19,2026-W25,provincial,ÉPOCA,Corrientes,NEA,Corrientes,https://www.diarioepoca.com,Valdés inauguró oficinas de la DPEC y entregó nuevos vehículos para optimizar la atención
2026-06-19,2026-W25,provincial,ÉPOCA,Corrientes,NEA,Corrientes,https://www.diarioepoca.com,"Quién es y cómo piensa Adrián Ravier, el economista que eligió Milei para ser su nuevo vocero presidencial"
2026-06-19,2026-W25,provincial,ÉPOCA,Corrientes,NEA,Corrientes,https://www.diarioepoca.com,Importante incendio en una vivienda: solo se registraron daños materiales
2026-06-19,2026-W25,provincial,ÉPOCA,Corrientes,NEA,Corrientes,https://www.diarioepoca.com,Bullrich celebró los cambios en el Gobierno con otra indirecta a Adorni
2026-06-19,2026-W25,provincial,ÉPOCA,Corrientes,NEA,Corrientes,https://www.diarioepoca.com,Estados Unidos venció a Australia en Seattle y está en dieciseisavos de final
2026-06-19,2026-W25,provincial,ÉPOCA,Corrientes,NEA,Corrientes,https://www.diarioepoca.com,Brasil va por sus primeros tres puntos ante Haití
2026-06-19,2026-W25,provincial,ÉPOCA,Corrientes,NEA,Corrientes,https://www.diarioepoca.com,Confirmaron al árbitro que dirigirá el partido entre la Selección argentina y Austria
2026-06-19,2026-W25,provincial,ÉPOCA,Corrientes,NEA,Corrientes,https://www.diarioepoca.com,Paraguay se enfrenta a Turquía en busca de su primer triunfo
2026-06-19,2026-W25,provincial,ÉPOCA,Corrientes,NEA,Corrientes,https://www.diarioepoca.com,"Madre de Loan: ""No vamos a sacar su cama hasta que aparezca"""
2026-06-19,2026-W25,provincial,ÉPOCA,Corrientes,NEA,Corrientes,https://www.diarioepoca.com,"""Nuestra bandera nos une"": el CDI Mitai Roga XI realizó un emotivo banderazo"
2026-06-19,2026-W25,provincial,ÉPOCA,Corrientes,NEA,Corrientes,https://www.diarioepoca.com,Dólar oficial hoy y dólar blue: a cuánto cotizan este viernes 19 de junio
2026-06-19,2026-W25,provincial,ÉPOCA,Corrientes,NEA,Corrientes,https://www.diarioepoca.com,Un alumno terminó herido tras ser agredido por un compañero
2026-06-19,2026-W25,provincial,ÉPOCA,Corrientes,NEA,Corrientes,https://www.diarioepoca.com,Detectaron más de 3 kilos de marihuana en un paquete de encomienda
2026-06-19,2026-W25,provincial,ÉPOCA,Corrientes,NEA,Corrientes,https://www.diarioepoca.com,El río Paraná y la Ciudad serán protagonistas de un fin de semana de turismo y motonáutica
2026-06-19,2026-W25,provincial,ÉPOCA,Corrientes,NEA,Corrientes,https://www.diarioepoca.com,Edición del 19/06/2026
2026-06-19,2026-W25,provincial,ÉPOCA,Corrientes,NEA,Corrientes,https://www.diarioepoca.com,El Gobierno designó a Adrián Ravier como nuevo vocero presidencial
2026-06-19,2026-W25,provincial,ÉPOCA,Corrientes,NEA,Corrientes,https://www.diarioepoca.com,Hidrovía: el Gobierno oficializó la adjudicación de la concesión al consorcio de Jan De Nul y Servimagnus
2026-06-19,2026-W25,provincial,ÉPOCA,Corrientes,NEA,Corrientes,https://www.diarioepoca.com,De un disparo en la cabeza mató a un hombre: fue extraditado
2026-06-19,2026-W25,provincial,ÉPOCA,Corrientes,NEA,Corrientes,https://www.diarioepoca.com,Autovía 12 y las PASO: una reunión que reordenó el vínculo con Nación
2026-06-19,2026-W25,provincial,ÉPOCA,Corrientes,NEA,Corrientes,https://www.diarioepoca.com,Eclipse solar más largo del siglo: ¿cuándo será y cuánto durará?
2026-06-19,2026-W25,provincial,ÉPOCA,Corrientes,NEA,Corrientes,https://www.diarioepoca.com,Un anciano murió al quedar atrapado en el incendio de su casa
2026-06-19,2026-W25,provincial,ÉPOCA,Corrientes,NEA,Corrientes,https://www.diarioepoca.com,"Atraparon a cazadores furtivos, armas y carne de animales silvestres"
2026-06-19,2026-W25,provincial,ÉPOCA,Corrientes,NEA,Corrientes,https://www.diarioepoca.com,Se entregó otra sospechosa de estafas
2026-06-19,2026-W25,provincial,ÉPOCA,Corrientes,NEA,Corrientes,https://www.diarioepoca.com,Corte Suprema ratificó la condena a 12 años de cárcel para Leonardo Cositorto por estafa
2026-06-19,2026-W25,provincial,ÉPOCA,Corrientes,NEA,Corrientes,https://www.diarioepoca.com,FATAP alerta que el transporte del interior está al borde del colapso
2026-06-19,2026-W25,provincial,ÉPOCA,Corrientes,NEA,Corrientes,https://www.diarioepoca.com,Corrientes apuesta a la IA para cambiar la administración pública
2026-06-19,2026-W25,provincial,ÉPOCA,Corrientes,NEA,Corrientes,https://www.diarioepoca.com,Identifican patrones de distribución y potencial de cerdos asilvestrados
2026-06-19,2026-W25,provincial,ÉPOCA,Corrientes,NEA,Corrientes,https://www.diarioepoca.com,"La antología internacional ""Hispanoamérica escribe a India"" fue presentada en la Biblioteca"
2026-06-19,2026-W25,provincial,ÉPOCA,Corrientes,NEA,Corrientes,https://www.diarioepoca.com,"""Hay un trabajo de confianza que tenemos que volver a hacer"""
2026-06-19,2026-W25,provincial,ÉPOCA,Corrientes,NEA,Corrientes,https://www.diarioepoca.com,Policía herida al arrestar a maleante
2026-06-19,2026-W25,provincial,ÉPOCA,Corrientes,NEA,Corrientes,https://www.diarioepoca.com,San Martín dirá presente en Rosario
2026-06-19,2026-W25,provincial,ÉPOCA,Corrientes,NEA,Corrientes,https://www.diarioepoca.com,El renovado gimnasio de Regatas
2026-06-19,2026-W25,provincial,ÉPOCA,Corrientes,NEA,Corrientes,https://www.diarioepoca.com,Podios correntinos en el Torneo Nacional U14 de Tandil
2026-06-19,2026-W25,provincial,ÉPOCA,Corrientes,NEA,Corrientes,https://www.diarioepoca.com,Gustavo Puerta se ganó los elogios tras el debut triunfal de Colombia en el Mundial 2026
2026-06-19,2026-W25,provincial,ÉPOCA,Corrientes,NEA,Corrientes,https://www.diarioepoca.com,Mandiyú y la salida de Mendoza
2026-06-19,2026-W25,provincial,ÉPOCA,Corrientes,NEA,Corrientes,https://www.diarioepoca.com,Edu Aguirre salió al rescate de Cristiano Ronaldo tras el debut de Portugal
2026-06-19,2026-W25,provincial,ÉPOCA,Corrientes,NEA,Corrientes,https://www.diarioepoca.com,Corrientes: Motociclista se estrelló contra un bache señalizado y resultó herido
2026-06-19,2026-W25,provincial,ÉPOCA,Corrientes,NEA,Corrientes,https://www.diarioepoca.com,Demolieron el histórico tanque de agua del ex Batallón Logístico 3 de Curuzú Cuatiá
2026-06-19,2026-W25,provincial,ÉPOCA,Corrientes,NEA,Corrientes,https://www.diarioepoca.com,Productores recibieron capacitación en inseminación artificial
2026-06-19,2026-W25,provincial,ÉPOCA,Corrientes,NEA,Corrientes,https://www.diarioepoca.com,Violento choque de motos en barrio Concepción: la imprudencia quedó registrada en cámaras
2026-06-19,2026-W25,provincial,ÉPOCA,Corrientes,NEA,Corrientes,https://www.diarioepoca.com,"Tres hermanitas, un mismo sueño: encontrar una familia que las reciba juntas"
2026-06-19,2026-W25,provincial,ÉPOCA,Corrientes,NEA,Corrientes,https://www.diarioepoca.com,"Aumentaron los casos de pagos de ""rescate"" por motos robadas"
2026-06-19,2026-W25,provincial,ÉPOCA,Corrientes,NEA,Corrientes,https://www.diarioepoca.com,El Gobierno de Corrientes lanza programa de formación en Inteligencia Artificial Generativa
2026-06-19,2026-W25,provincial,ÉPOCA,Corrientes,NEA,Corrientes,https://www.diarioepoca.com,Juli Savioli reaccionó con incredulidad tras la muerte de Gaspi
2026-06-19,2026-W25,provincial,ÉPOCA,Corrientes,NEA,Corrientes,https://www.diarioepoca.com,El padre de Gaspi cree que hubo un atentado
2026-06-19,2026-W25,provincial,ÉPOCA,Corrientes,NEA,Corrientes,https://www.diarioepoca.com,Andrea del Boca acusó a los gritos a Solange Abraham de querer pegarle
2026-06-19,2026-W25,provincial,ÉPOCA,Corrientes,NEA,Corrientes,https://www.diarioepoca.com,Pergolini: confundieron a Curuzú Cuatiá con Curazao en vivo
2026-06-19,2026-W25,provincial,ÉPOCA,Corrientes,NEA,Corrientes,https://www.diarioepoca.com,Desde Monti hasta Messi: los 95 años mundialistas que vivió Mirtha Legrand junto a la Selección
2026-06-19,2026-W25,provincial,ÉPOCA,Corrientes,NEA,Corrientes,https://www.diarioepoca.com,"CRISTOBAL CAFE CORRIENTES - Show en Vivo: ""PALOMA ACQUARONE"" - San Juan esq. Plácido Martínez"
2026-06-19,2026-W25,provincial,EL COMERCIAL,Formosa,NEA,Formosa,https://www.elcomercial.com.ar,"Las ventas en supermercados, mayoristas y shoppings volvieron a caer en abril, según el INDEC"
2026-06-19,2026-W25,provincial,EL COMERCIAL,Formosa,NEA,Formosa,https://www.elcomercial.com.ar,El fiscal Pollicita pidió el expediente del hermano de Manuel Adorni y pone la lupa sobre la herencia familiar
2026-06-19,2026-W25,provincial,EL COMERCIAL,Formosa,NEA,Formosa,https://www.elcomercial.com.ar,Corrientes avanza en un plan integral de acción ante el posible impacto de El Niño
2026-06-19,2026-W25,provincial,EL COMERCIAL,Formosa,NEA,Formosa,https://www.elcomercial.com.ar,"Parmetler y la disputa por la UNAF: ""Hace sospechar que hay una cuestión política en el medio"""
2026-06-19,2026-W25,provincial,EL COMERCIAL,Formosa,NEA,Formosa,https://www.elcomercial.com.ar,El Gobierno confirmó que Adrián Ravier será el nuevo vocero presidencial
2026-06-19,2026-W25,provincial,EL COMERCIAL,Formosa,NEA,Formosa,https://www.elcomercial.com.ar,"Villaggi y el ""trabajo"" legislativo de la Cámara de Diputados de Formosa: ""Se declaró de interés legislativo la Fiesta del Mbejú y nada más"""
2026-06-19,2026-W25,provincial,EL COMERCIAL,Formosa,NEA,Formosa,https://www.elcomercial.com.ar,El Municipio trabajó en barrios de la ciudad para mitigar efectos de la lluvia
2026-06-19,2026-W25,provincial,EL COMERCIAL,Formosa,NEA,Formosa,https://www.elcomercial.com.ar,"El Gobierno cerró la paritaria estatal, que impacta en los sueldos de los funcionarios: UPCN aceptó y ATE no"
2026-06-19,2026-W25,provincial,EL COMERCIAL,Formosa,NEA,Formosa,https://www.elcomercial.com.ar,El 20% de las empresas industriales anticipa que su producción seguirá bajando en los próximos meses
2026-06-19,2026-W25,provincial,EL COMERCIAL,Formosa,NEA,Formosa,https://www.elcomercial.com.ar,Un sondeo reveló que el 79% cree que Manuel Adorni debe dejar el Gobierno (pero la economía preocupa más)
2026-06-19,2026-W25,provincial,EL COMERCIAL,Formosa,NEA,Formosa,https://www.elcomercial.com.ar,El Gobierno aprobó un nuevo aumento en las prestaciones básicas para personas con discapacidad
2026-06-19,2026-W25,provincial,EL COMERCIAL,Formosa,NEA,Formosa,https://www.elcomercial.com.ar,Piden que vayan a juicio la banda extorsionó a hombres e instigó al suicidio a un soldado en la Quinta de Olivos
2026-06-19,2026-W25,provincial,EL COMERCIAL,Formosa,NEA,Formosa,https://www.elcomercial.com.ar,"Desde la clínica, Jorge Messi reaccionó con humor a la fake news sobre su salud: ""Qué quilombo que armé"""
2026-06-19,2026-W25,provincial,EL COMERCIAL,Formosa,NEA,Formosa,https://www.elcomercial.com.ar,Río Negro: ganó $22 millones y todavía no los pasó a cobrar
2026-06-19,2026-W25,provincial,EL COMERCIAL,Formosa,NEA,Formosa,https://www.elcomercial.com.ar,El Gobierno nacional lanzó un programa para reforzar los controles migratorios y la lucha contra delitos en las fronteras
2026-06-19,2026-W25,provincial,EL COMERCIAL,Formosa,NEA,Formosa,https://www.elcomercial.com.ar,Cuánto hay que ganar en Argentina: el ránking de los sueldos que se piden en junio 2026
2026-06-19,2026-W25,provincial,EL COMERCIAL,Formosa,NEA,Formosa,https://www.elcomercial.com.ar,"Con una baja del 13,5% en los costos logísticos, el Gobierno adjudicó la Vía Navegable Troncal"
2026-06-19,2026-W25,provincial,EL COMERCIAL,Formosa,NEA,Formosa,https://www.elcomercial.com.ar,Estados Unidos venció a Australia y aseguró su clasificación en el Mundial 2026
2026-06-19,2026-W25,provincial,EL COMERCIAL,Formosa,NEA,Formosa,https://www.elcomercial.com.ar,Sebastián Acevedo renovó con La Unión de Formosa para la próxima Liga Nacional
2026-06-19,2026-W25,provincial,EL COMERCIAL,Formosa,NEA,Formosa,https://www.elcomercial.com.ar,Operaron de urgencia a Fernando Gago
2026-06-19,2026-W25,provincial,EL COMERCIAL,Formosa,NEA,Formosa,https://www.elcomercial.com.ar,La FIFA designó al árbitro para el partido de la Selección Argentina ante Austria
2026-06-19,2026-W25,provincial,EL COMERCIAL,Formosa,NEA,Formosa,https://www.elcomercial.com.ar,Las tres dudas que tiene Scaloni para armar el once titular de Argentina para el partido contra Austria por el Mundial 2026
2026-06-19,2026-W25,provincial,EL COMERCIAL,Formosa,NEA,Formosa,https://www.elcomercial.com.ar,"Cerúndolo avanzó en Queen’s y le dedicó la victoria a Messi: ""Infinito"""
2026-06-19,2026-W25,provincial,EL COMERCIAL,Formosa,NEA,Formosa,https://www.elcomercial.com.ar,"Brasil vs Haití, EN VIVO, por el Mundial 2026: hora, TV, formaciones y todo lo que hay que saber"
2026-06-19,2026-W25,provincial,EL COMERCIAL,Formosa,NEA,Formosa,https://www.elcomercial.com.ar,Alumnos de Talleres Superarte realizaron una visita al serpentario del Regimiento de Infantería de Monte 29
2026-06-19,2026-W25,provincial,EL COMERCIAL,Formosa,NEA,Formosa,https://www.elcomercial.com.ar,El intendente Jofré firmó convenio de cooperación y desarrollo con el municipio de Villa Hayes
2026-06-19,2026-W25,provincial,EL COMERCIAL,Formosa,NEA,Formosa,https://www.elcomercial.com.ar,Se realizó un nuevo operativo de castración y vacunación gratuita para animales de compañía
2026-06-19,2026-W25,provincial,EL COMERCIAL,Formosa,NEA,Formosa,https://www.elcomercial.com.ar,La comuna capitalina accionó en distintos frentes para la puesta a punto de servicios
2026-06-19,2026-W25,provincial,EL COMERCIAL,Formosa,NEA,Formosa,https://www.elcomercial.com.ar,La Cámara de Comercio de Formosa reclama frenar embargos y multas de ARCA sobre las pymes
2026-06-19,2026-W25,provincial,EL COMERCIAL,Formosa,NEA,Formosa,https://www.elcomercial.com.ar,"El procurador municipal acusó a un concejal de ""usurpar atribuciones"" al inaugurar una plaza que aún estaba en obra"
2026-06-19,2026-W25,provincial,EL COMERCIAL,Formosa,NEA,Formosa,https://www.elcomercial.com.ar,"""Pequeño J"" denunció ""torturas psicológicas"" en la cárcel de Marcos Paz y pidió hacer videollamadas con su mamá y con su hermana"
2026-06-19,2026-W25,provincial,EL COMERCIAL,Formosa,NEA,Formosa,https://www.elcomercial.com.ar,La Corte Suprema dejó firme la condena a 9 años de prisión para el conductor de la lancha que mató al hijo de Federico Storani
2026-06-19,2026-W25,provincial,EL COMERCIAL,Formosa,NEA,Formosa,https://www.elcomercial.com.ar,La Policía refuerza las tareas de prevención en las calles y avenidas
2026-06-19,2026-W25,provincial,EL COMERCIAL,Formosa,NEA,Formosa,https://www.elcomercial.com.ar,Lo detuvieron por atacar a un vecino con un machete
2026-06-19,2026-W25,provincial,EL COMERCIAL,Formosa,NEA,Formosa,https://www.elcomercial.com.ar,Gendarmería secuestró piezas de marfil en Formosa
2026-06-19,2026-W25,provincial,EL COMERCIAL,Formosa,NEA,Formosa,https://www.elcomercial.com.ar,"Mendoza: peleaba con su novia policía, le sacó el arma reglamentaria y se suicidó de un disparo"
2026-06-19,2026-W25,provincial,EL COMERCIAL,Formosa,NEA,Formosa,https://www.elcomercial.com.ar,Estados Unidos levantó el bloqueo sobre los puertos iraníes tras la entrada en vigor del pacto con Teherán
2026-06-19,2026-W25,provincial,EL COMERCIAL,Formosa,NEA,Formosa,https://www.elcomercial.com.ar,Interna en el régimen iraní: el líder supremo no apoyaba el acuerdo con Estados Unidos impulsado por el presidente Pezeshkian
2026-06-19,2026-W25,provincial,EL COMERCIAL,Formosa,NEA,Formosa,https://www.elcomercial.com.ar,Tiros y caos en Nueva York tras los festejos por el título de los Knicks
2026-06-19,2026-W25,provincial,EL COMERCIAL,Formosa,NEA,Formosa,https://www.elcomercial.com.ar,Se confirmó la visita del papa León XIV a Perú y crece la expectativa de una gira que incluiría a la Argentina
2026-06-19,2026-W25,provincial,EL COMERCIAL,Formosa,NEA,Formosa,https://www.elcomercial.com.ar,Los precios del petróleo se desploman tras la firma del acuerdo de paz entre Estados Unidos e Irán
2026-06-19,2026-W25,provincial,EL COMERCIAL,Formosa,NEA,Formosa,https://www.elcomercial.com.ar,"El papa León XIV elogió el acuerdo entre EEUU e Irán y reclamó ""caminos de diálogo"" para Ucrania"
2026-06-19,2026-W25,provincial,EL COMERCIAL,Formosa,NEA,Formosa,https://www.elcomercial.com.ar,Agenda de partidos
2026-06-19,2026-W25,provincial,EL COMERCIAL,Formosa,NEA,Formosa,https://www.elcomercial.com.ar,Calendario + Grupos:
2026-06-19,2026-W25,provincial,EL COMERCIAL,Formosa,NEA,Formosa,https://www.elcomercial.com.ar,ULTIMAS NOTICIAS
2026-06-19,2026-W25,provincial,EL COMERCIAL,Formosa,NEA,Formosa,https://www.elcomercial.com.ar,ULTIMAS 24 HORAS
2026-06-19,2026-W25,provincial,FORMOSA,Formosa,NEA,Formosa,https://www.diarioformosa.net,"YPF lanzó ""Argentina llena de energía"", su plataforma mundialista con Messi como figura central"
2026-06-19,2026-W25,provincial,FORMOSA,Formosa,NEA,Formosa,https://www.diarioformosa.net,Incautaron camioneta robada y un millonario cargamento de contrabando
2026-06-19,2026-W25,provincial,FORMOSA,Formosa,NEA,Formosa,https://www.diarioformosa.net,Más de 11 mil alumnos prometerán lealtad a la Bandera
2026-06-19,2026-W25,provincial,FORMOSA,Formosa,NEA,Formosa,https://www.diarioformosa.net,El pozo Palmar-18 multiplica por quince su rendimiento de crudo
2026-06-19,2026-W25,provincial,FORMOSA,Formosa,NEA,Formosa,https://www.diarioformosa.net,Importante convocatoria en el taller Creá tu tienda online en un día
2026-06-19,2026-W25,provincial,FORMOSA,Formosa,NEA,Formosa,https://www.diarioformosa.net,Unidades policiales dañadas tras los dos allanamientos contra el contrabando
2026-06-19,2026-W25,provincial,FORMOSA,Formosa,NEA,Formosa,https://www.diarioformosa.net,Allanamientos contra el contrabando: un hombre muerto y tres policías heridos
2026-06-19,2026-W25,provincial,FORMOSA,Formosa,NEA,Formosa,https://www.diarioformosa.net,Messi confirmó su último partido de Eliminatorias en Argentina
2026-06-19,2026-W25,provincial,FORMOSA,Formosa,NEA,Formosa,https://www.diarioformosa.net,Félix Sánchez hizo podio en la Media Maratón La Plata
2026-06-19,2026-W25,provincial,FORMOSA,Formosa,NEA,Formosa,https://www.diarioformosa.net,¡La historia continúa! Quimsa ganó en Santiago y forzó un sexto partido
2026-06-19,2026-W25,provincial,FORMOSA,Formosa,NEA,Formosa,https://www.diarioformosa.net,Cuando el arte cambia de manos: una propuesta de trueque que llevó a Formosa a ARTECO 2026
2026-06-19,2026-W25,provincial,FORMOSA,Formosa,NEA,Formosa,https://www.diarioformosa.net,"Teatro, danza, música y emprendedoras en La Mandinga"
2026-06-19,2026-W25,provincial,FORMOSA,Formosa,NEA,Formosa,https://www.diarioformosa.net,La bandera que nació prohibida: el lado B que no entra en los actos escolares
2026-06-19,2026-W25,provincial,FORMOSA,Formosa,NEA,Formosa,https://www.diarioformosa.net,Recibí las noticias en tu email
2026-06-19,2026-W25,provincial,FORMOSA,Formosa,NEA,Formosa,https://www.diarioformosa.net,El Colorado: fuerte operativo de la Uear ante un masivo remate de 1.500 vacunos
2026-06-19,2026-W25,provincial,FORMOSA,Formosa,NEA,Formosa,https://www.diarioformosa.net,Ibarreta: destacan compromiso con la salud pública a pesar de los ajustes nacionales
2026-06-19,2026-W25,provincial,FORMOSA,Formosa,NEA,Formosa,https://www.diarioformosa.net,Paisajes de mi tierra y Guardianes de Formosa llegaron a la EPEE N.o 14 de Las Lomitas
2026-06-19,2026-W25,provincial,FORMOSA,Formosa,NEA,Formosa,https://www.diarioformosa.net,Sonia Mosmann: educación y superación en Ingeniero Juárez
2026-06-19,2026-W25,provincial,FORMOSA,Formosa,NEA,Formosa,https://www.diarioformosa.net,El Municipio de Ingeniero Juárez ejecuta diariamente compromiso de servir a la comunidad
2026-06-19,2026-W25,provincial,FORMOSA,Formosa,NEA,Formosa,https://www.diarioformosa.net,Mariana Mobilio disputará la Copa Panamericana de Buenos Aires
2026-06-19,2026-W25,provincial,FORMOSA,Formosa,NEA,Formosa,https://www.diarioformosa.net,La fecha 14 tiene su programación
2026-06-19,2026-W25,provincial,FORMOSA,Formosa,NEA,Formosa,https://www.diarioformosa.net,Messi eterno: un debut a puro gol en el Mundial 2026
2026-06-19,2026-W25,provincial,FORMOSA,Formosa,NEA,Formosa,https://www.diarioformosa.net,ABRE LA PUERTA AL FINANCIAMIENTO EXTERNO PARA OBRAS
2026-06-19,2026-W25,provincial,FORMOSA,Formosa,NEA,Formosa,https://www.diarioformosa.net,Expo motor: más de 200 operaciones comerciales
2026-06-19,2026-W25,provincial,FORMOSA,Formosa,NEA,Formosa,https://www.diarioformosa.net,El Gobierno de Formosa realizará una jornada de eficiencia financiera
2026-06-19,2026-W25,provincial,FORMOSA,Formosa,NEA,Formosa,https://www.diarioformosa.net,“Formosa sigue invirtiendo en obras públicas aún en el contexto de ajustes y recortes”
2026-06-19,2026-W25,provincial,FORMOSA,Formosa,NEA,Formosa,https://www.diarioformosa.net,Refsa anunció cortes programados para este sábado
2026-06-19,2026-W25,provincial,FORMOSA,Formosa,NEA,Formosa,https://www.diarioformosa.net,Día del Padre: Dónde y cuándo conseguir el mejor chivito formoseño
2026-06-19,2026-W25,provincial,FORMOSA,Formosa,NEA,Formosa,https://www.diarioformosa.net,Formosa sostiene la inversión en obra pública con fondos propios
2026-06-19,2026-W25,provincial,FORMOSA,Formosa,NEA,Formosa,https://www.diarioformosa.net,Lanzaron la diplomatura ejecutiva para emprendedores
2026-06-19,2026-W25,provincial,FORMOSA,Formosa,NEA,Formosa,https://www.diarioformosa.net,"YPF lanzó ""Argentina llena de energía"", su plataforma mundialista con Messi como figura central Nacionales"
2026-06-19,2026-W25,provincial,FORMOSA,Formosa,NEA,Formosa,https://www.diarioformosa.net,VIDEO GALERÍA + NOTAS
2026-06-19,2026-W25,provincial,FORMOSA,Formosa,NEA,Formosa,https://www.diarioformosa.net,Interior + NOTAS
2026-06-19,2026-W25,provincial,FORMOSA,Formosa,NEA,Formosa,https://www.diarioformosa.net,El Colorado: fuerte operativo de la Uear ante un masivo remate de 1.500 vacunos Interior
2026-06-19,2026-W25,provincial,FORMOSA,Formosa,NEA,Formosa,https://www.diarioformosa.net,Deportes + NOTAS
2026-06-19,2026-W25,provincial,FORMOSA,Formosa,NEA,Formosa,https://www.diarioformosa.net,Recibir newsletter
2026-06-19,2026-W25,provincial,FORMOSA AHORA,Formosa,NEA,Formosa,https://www.formosaahora.com.ar,El intendente Jofré firmó convenio de cooperación y desarrollo con el municipio de Villa Hayes
2026-06-19,2026-W25,provincial,FORMOSA AHORA,Formosa,NEA,Formosa,https://www.formosaahora.com.ar,SOLICITAN AL SENADO NACIONAL RECHACE EL PROYECTO DE LEY QUE PERDONA DEUDAS MILLONARIAS A UN GRUPO PRIVILEGIADO DE DISTRIBUIDORAS
2026-06-19,2026-W25,provincial,FORMOSA AHORA,Formosa,NEA,Formosa,https://www.formosaahora.com.ar,Categórico rechazo de JuFeJus al decreto que modifica mecanismos de selección de jueces
2026-06-19,2026-W25,provincial,FORMOSA AHORA,Formosa,NEA,Formosa,https://www.formosaahora.com.ar,Parmetler nuevamente en funciones como rector de la UNAF
2026-06-19,2026-W25,provincial,FORMOSA AHORA,Formosa,NEA,Formosa,https://www.formosaahora.com.ar,Organizaron charla sobre ansiedad en la UNaF
2026-06-19,2026-W25,provincial,FORMOSA AHORA,Formosa,NEA,Formosa,https://www.formosaahora.com.ar,ACTUALMENTE EN EL NEA LOS CORTES DE CARNE DE BUFALO SE OFRECEN ENTRE UN 15 Y 40% MAS ECONOMICO QUE LOS TRADICIONALES DE VACA
2026-06-19,2026-W25,provincial,FORMOSA AHORA,Formosa,NEA,Formosa,https://www.formosaahora.com.ar,"Paula Cattaneo: una mujer que inspira con su trayectoria, liderazgo y compromiso con la comunidad"
2026-06-19,2026-W25,provincial,FORMOSA AHORA,Formosa,NEA,Formosa,https://www.formosaahora.com.ar,Más de 2300 personas pasaron el fin de semana por el stand del Municipio consultando y pagando tasas municipales
2026-06-19,2026-W25,provincial,FORMOSA AHORA,Formosa,NEA,Formosa,https://www.formosaahora.com.ar,Malena Gamarra cuestionó la utilización política de obras todavía en ejecución vulnerando la seguridad de los vecinos
2026-06-19,2026-W25,provincial,FORMOSA AHORA,Formosa,NEA,Formosa,https://www.formosaahora.com.ar,Enrique Zanin respaldó las declaraciones del ministro Jorge Ibáñez y destacó el acompañamiento permanente del Gobierno provincial a las pymes formoseñas
2026-06-19,2026-W25,provincial,FORMOSA AHORA,Formosa,NEA,Formosa,https://www.formosaahora.com.ar,El Municipio de Ingeniero Juárez y el Instituto Politécnico Formosa capacitaron a 28 juarenses en oficio con inmediata salida laboral
2026-06-19,2026-W25,provincial,FORMOSA AHORA,Formosa,NEA,Formosa,https://www.formosaahora.com.ar,Actualización de conocimientos: Realizan IV Jornada de Ingeniería en la UNaF
2026-06-19,2026-W25,provincial,FORMOSA AHORA,Formosa,NEA,Formosa,https://www.formosaahora.com.ar,JOREIC IX: Se realizaron talleres y charlas en los laboratorios de la UNaF
2026-06-19,2026-W25,provincial,FORMOSA AHORA,Formosa,NEA,Formosa,https://www.formosaahora.com.ar,DEFENSORIAS DEL PUEBLO SE REUNIERON CON EL SINDICATO DE TRABAJADORES VIALES DE LA REPUBLICA ARGENTINA
2026-06-19,2026-W25,provincial,FORMOSA AHORA,Formosa,NEA,Formosa,https://www.formosaahora.com.ar,Se vivió la segunda jornada de Expo Motor con alta participación en el Paseo Ferroviario
2026-06-19,2026-W25,provincial,FORMOSA AHORA,Formosa,NEA,Formosa,https://www.formosaahora.com.ar,EL CONSUMO DE CARNE VACUNA CAYÓ AL NIVEL MÁS BAJO DE LOS ÚLTIMOS 20 AÑOS
2026-06-19,2026-W25,provincial,FORMOSA AHORA,Formosa,NEA,Formosa,https://www.formosaahora.com.ar,Rechazan habeas corpus en favor de un niño al comprobarse que no existe ninguna irregularidad ni privación de libertad
2026-06-19,2026-W25,provincial,FORMOSA AHORA,Formosa,NEA,Formosa,https://www.formosaahora.com.ar,Compensación económica a una mujer que tras su separación quedó en evidente estado de desprotección y vulnerabilidad
2026-06-19,2026-W25,provincial,FORMOSA AHORA,Formosa,NEA,Formosa,https://www.formosaahora.com.ar,Sonia Mosmann; una historia de superacion que demuestra el impacto de la educación universitaria en Ingeniero Juárez
2026-06-19,2026-W25,provincial,EL TERRITORIO,Misiones,NEA,Posadas,https://www.elterritorio.com.ar,Tras ataque de pitbulls en Itambé Miní especialistas remarcan la importancia de la tenencia responsable
2026-06-19,2026-W25,provincial,EL TERRITORIO,Misiones,NEA,Posadas,https://www.elterritorio.com.ar,Buscan a una adolescente con esquizofrenia y a su novio mayor de edad: desaparecieron el martes en Oberá
2026-06-19,2026-W25,provincial,EL TERRITORIO,Misiones,NEA,Posadas,https://www.elterritorio.com.ar,De Iguazú al gran salto a la Selección Argentina de Patín
2026-06-19,2026-W25,provincial,EL TERRITORIO,Misiones,NEA,Posadas,https://www.elterritorio.com.ar,Estados Unidos le ganó a Australia y está en dieciseisavos de final del Mundial 2026
2026-06-19,2026-W25,provincial,EL TERRITORIO,Misiones,NEA,Posadas,https://www.elterritorio.com.ar,Argelia presentó una queja ante la FIFA contra el arbitraje del partido ante Argentina
2026-06-19,2026-W25,provincial,EL TERRITORIO,Misiones,NEA,Posadas,https://www.elterritorio.com.ar,La FIFA anunció el árbitro para el partido entre Argentina y Austria por el Mundial 2026
2026-06-19,2026-W25,provincial,EL TERRITORIO,Misiones,NEA,Posadas,https://www.elterritorio.com.ar,Insólito momento en el Mundial: la seguridad no reconoció a un jugador de España y le impidió ingresar al hotel
2026-06-19,2026-W25,provincial,EL TERRITORIO,Misiones,NEA,Posadas,https://www.elterritorio.com.ar,Paredes está listo para volver y podría tener minutos ante Austria en el Mundial 2026
2026-06-19,2026-W25,provincial,EL TERRITORIO,Misiones,NEA,Posadas,https://www.elterritorio.com.ar,Montiel encendió una señal de alerta en la Selección y Molina gana terreno para enfrentar a Austria
2026-06-19,2026-W25,provincial,EL TERRITORIO,Misiones,NEA,Posadas,https://www.elterritorio.com.ar,La CAMEM invita a participar de un nuevo ciclo de charlas en el marco de la Fericcop
2026-06-19,2026-W25,provincial,EL TERRITORIO,Misiones,NEA,Posadas,https://www.elterritorio.com.ar,Violento arrebato en el barrio Krause de Oberá: detuvieron al sospechoso y recuperaron elementos
2026-06-19,2026-W25,provincial,EL TERRITORIO,Misiones,NEA,Posadas,https://www.elterritorio.com.ar,Choque en cadena dejó tres lesionados en Posadas
2026-06-19,2026-W25,provincial,EL TERRITORIO,Misiones,NEA,Posadas,https://www.elterritorio.com.ar,"Colegio Notarial por 70 años, desplegó diversas actividades"
2026-06-19,2026-W25,provincial,EL TERRITORIO,Misiones,NEA,Posadas,https://www.elterritorio.com.ar,Fueron 60 los técnicos del Inta desvinculados en Misiones
2026-06-19,2026-W25,provincial,EL TERRITORIO,Misiones,NEA,Posadas,https://www.elterritorio.com.ar,Anne Hathaway confirmó que está embarazada: espera a su tercer hijo junto a su esposo Adam Shulman
2026-06-19,2026-W25,provincial,EL TERRITORIO,Misiones,NEA,Posadas,https://www.elterritorio.com.ar,Adorni deja la vocería envuelto en el escándalo y Ravier toma su lugar
2026-06-19,2026-W25,provincial,EL TERRITORIO,Misiones,NEA,Posadas,https://www.elterritorio.com.ar,Música en vivo y donaciones solidarias en la plaza 9 de Julio por el Día de la Bandera
2026-06-19,2026-W25,provincial,EL TERRITORIO,Misiones,NEA,Posadas,https://www.elterritorio.com.ar,El Hospital Favaloro registró picos históricos de consultas en el primer cuatrimestre del año
2026-06-19,2026-W25,provincial,EL TERRITORIO,Misiones,NEA,Posadas,https://www.elterritorio.com.ar,Proponen que el Congreso declare la emergencia salarial educativa nacional
2026-06-19,2026-W25,provincial,EL TERRITORIO,Misiones,NEA,Posadas,https://www.elterritorio.com.ar,Prorrogaron el programa Ahora Pan y el kilo seguirá costando hasta $2.800 en Misiones
2026-06-19,2026-W25,provincial,EL TERRITORIO,Misiones,NEA,Posadas,https://www.elterritorio.com.ar,Posadas: abren inscripciones para sumarse a una nueva edición de los Juegos Deportivos Municipales
2026-06-19,2026-W25,provincial,EL TERRITORIO,Misiones,NEA,Posadas,https://www.elterritorio.com.ar,Operaron de urgencia a Fernando Gago en Chile tras sufrir un problema cardiovascular
2026-06-19,2026-W25,provincial,EL TERRITORIO,Misiones,NEA,Posadas,https://www.elterritorio.com.ar,"""No se merece mi respeto"": Occhiato apuntó contra quienes generaron más fake news tras el escándalo de Flor Peña"
2026-06-19,2026-W25,provincial,EL TERRITORIO,Misiones,NEA,Posadas,https://www.elterritorio.com.ar,Detienen en Santo Tomé a una mujer acusada de integrar una red de estafas
2026-06-19,2026-W25,provincial,EL TERRITORIO,Misiones,NEA,Posadas,https://www.elterritorio.com.ar,Se suspendieron las negociaciones entre Estados Unidos e Irán en medio de una nueva escalada del conflicto en Líbano
2026-06-19,2026-W25,provincial,EL TERRITORIO,Misiones,NEA,Posadas,https://www.elterritorio.com.ar,Trump dijo que Meloni le rogó por una foto y ella lo desmintió con dureza
2026-06-19,2026-W25,provincial,EL TERRITORIO,Misiones,NEA,Posadas,https://www.elterritorio.com.ar,La 4° fecha del Misionero de Karting y Superkart fue reprogramada
2026-06-19,2026-W25,provincial,EL TERRITORIO,Misiones,NEA,Posadas,https://www.elterritorio.com.ar,Chaco: un dron policial localizó a un joven que llevaba casi veinte días perdido en el monte
2026-06-19,2026-W25,provincial,EL TERRITORIO,Misiones,NEA,Posadas,https://www.elterritorio.com.ar,Detuvieron a tres hombres por incumplir restricciones judiciales en casos de violencia familiar en Iguazú
2026-06-19,2026-W25,provincial,EL TERRITORIO,Misiones,NEA,Posadas,https://www.elterritorio.com.ar,"Lluvias, tormentas y posible granizo marcarán el inicio de un fin de semana que terminará con frío y heladas en Misiones"
2026-06-19,2026-W25,provincial,EL TERRITORIO,Misiones,NEA,Posadas,https://www.elterritorio.com.ar,"Tras la muerte de Gaspi, su familia publicó un comunicado con una dura denuncia"
2026-06-19,2026-W25,provincial,EL TERRITORIO,Misiones,NEA,Posadas,https://www.elterritorio.com.ar,Jardín América celebrará el Día del Padre con una edición especial de los Domingos Culturales
2026-06-19,2026-W25,provincial,EL TERRITORIO,Misiones,NEA,Posadas,https://www.elterritorio.com.ar,"Toy Story 5 en el Imax, la épica de los juguetes y una campaña solidaria"
2026-06-19,2026-W25,provincial,EL TERRITORIO,Misiones,NEA,Posadas,https://www.elterritorio.com.ar,Aguará recibirá a Capri en Jardín América por una nueva fecha del rugby femenino provincial
2026-06-19,2026-W25,provincial,EL TERRITORIO,Misiones,NEA,Posadas,https://www.elterritorio.com.ar,"Genessini y Gluge, los primeros semifinalistas de la Copa El Territorio de golf"
2026-06-19,2026-W25,provincial,EL TERRITORIO,Misiones,NEA,Posadas,https://www.elterritorio.com.ar,De no creer: Guaraní anunció a su nuevo DT y en 24 horas confirmó que finalmente no asumirá
2026-06-19,2026-W25,provincial,EL TERRITORIO,Misiones,NEA,Posadas,https://www.elterritorio.com.ar,Irán condenó a 74 latigazos a una cantante por actuar sin hiyab
2026-06-19,2026-W25,provincial,EL TERRITORIO,Misiones,NEA,Posadas,https://www.elterritorio.com.ar,"A dos años de la desaparición de Loan, su familia mantiene intacta su habitación y la esperanza de encontrarlo"
2026-06-19,2026-W25,provincial,EL TERRITORIO,Misiones,NEA,Posadas,https://www.elterritorio.com.ar,"Cáncer de riñón, una enfermedad silenciosa que causa más de 2.300 muertes al año en Argentina"
2026-06-19,2026-W25,provincial,EL TERRITORIO,Misiones,NEA,Posadas,https://www.elterritorio.com.ar,La Paraguay de Alfaro necesita recuperarse ante Turquía
2026-06-19,2026-W25,provincial,EL TERRITORIO,Misiones,NEA,Posadas,https://www.elterritorio.com.ar,Brasil enfrenta a Haití con la obligación de ganar
2026-06-19,2026-W25,provincial,EL TERRITORIO,Misiones,NEA,Posadas,https://www.elterritorio.com.ar,Escocia choca con Marruecos en un duelo clave por el Grupo C
2026-06-19,2026-W25,provincial,EL TERRITORIO,Misiones,NEA,Posadas,https://www.elterritorio.com.ar,El Fixture de El Territorio para seguir los resultados y los posibles cruces en tiempo real
2026-06-19,2026-W25,provincial,EL TERRITORIO,Misiones,NEA,Posadas,https://www.elterritorio.com.ar,"Docencia y defensa, caminos de una larga trayectoria en el derecho"
2026-06-19,2026-W25,provincial,EL TERRITORIO,Misiones,NEA,Posadas,https://www.elterritorio.com.ar,“Dirigir bien una orquesta es lograr que cada músico logre la mejor versión de su partitura”
2026-06-19,2026-W25,provincial,EL TERRITORIO,Misiones,NEA,Posadas,https://www.elterritorio.com.ar,“La función social de los clubes es clave y el valor no es solamente si se gana o no”
2026-06-19,2026-W25,provincial,EL TERRITORIO,Misiones,NEA,Posadas,https://www.elterritorio.com.ar,"“A la persona que sufre no le importa si escribiste artículos, quiere que estés ahí”"
2026-06-19,2026-W25,provincial,EL TERRITORIO,Misiones,NEA,Posadas,https://www.elterritorio.com.ar,"Desafíos para la convivencia vial motos en ascenso, el fenómeno que crece en Misiones"
2026-06-19,2026-W25,provincial,EL TERRITORIO,Misiones,NEA,Posadas,https://www.elterritorio.com.ar,"""Evidentemente no estamos llegando con el mensaje"""
2026-06-19,2026-W25,provincial,EL TERRITORIO,Misiones,NEA,Posadas,https://www.elterritorio.com.ar,Accidentes de moto incrementan la demanda en el Banco de Prótesis
2026-06-19,2026-W25,provincial,MISIONES ON LINE,Misiones,NEA,Posadas,https://www.misionesonline.net,🔴 En vivo | Así está la Costanera de Posadas ahora
2026-06-19,2026-W25,provincial,MISIONES ON LINE,Misiones,NEA,Posadas,https://www.misionesonline.net,Adrián Ravier agradeció a Milei por su designación como vocero y anticipó que trabajará en la comunicación de “los logros del Gobierno”
2026-06-19,2026-W25,provincial,MISIONES ON LINE,Misiones,NEA,Posadas,https://www.misionesonline.net,El Gobierno confirmó a Adrián Ravier como nuevo vocero presidencial y Adorni le deseó “éxitos” en la nueva etapa
2026-06-19,2026-W25,provincial,MISIONES ON LINE,Misiones,NEA,Posadas,https://www.misionesonline.net,Adorni se reunió con Milei en Olivos mientras el Congreso busca interpelarlo por presunto enriquecimiento ilícito
2026-06-19,2026-W25,provincial,MISIONES ON LINE,Misiones,NEA,Posadas,https://www.misionesonline.net,La Agencia Tributaria Misiones reglamentó la eliminación del pago a cuenta de Ingresos Brutos
2026-06-19,2026-W25,provincial,MISIONES ON LINE,Misiones,NEA,Posadas,https://www.misionesonline.net,"El consumo sigue sin recuperarse en el país: en abril repuntaron las ventas en supermercados, pero cayeron en mayoristas"
2026-06-19,2026-W25,provincial,MISIONES ON LINE,Misiones,NEA,Posadas,https://www.misionesonline.net,El gobernador Hugo Passalacqua encabezará este sábado en Candelaria el acto central de Misiones por el Día de la Bandera
2026-06-19,2026-W25,provincial,MISIONES ON LINE,Misiones,NEA,Posadas,https://www.misionesonline.net,El acto central por el Día de la Bandera convocará este sábado a la comunidad de Posadas en la Escuela Normal Superior
2026-06-19,2026-W25,provincial,MISIONES ON LINE,Misiones,NEA,Posadas,https://www.misionesonline.net,Alumnos de cuarto grado prometieron lealtad a la Bandera en el acto central de Eldorado
2026-06-19,2026-W25,provincial,MISIONES ON LINE,Misiones,NEA,Posadas,https://www.misionesonline.net,"La Cámara de Comercio de Posadas cuestionó el futuro Duty Free Shop: “Queremos competir, pero en igualdad de condiciones”"
2026-06-19,2026-W25,provincial,MISIONES ON LINE,Misiones,NEA,Posadas,https://www.misionesonline.net,Misiones participó de la reunión de la Junta Federal de Cortes que cuestionó cambios en la selección de magistrados
2026-06-19,2026-W25,provincial,MISIONES ON LINE,Misiones,NEA,Posadas,https://www.misionesonline.net,Misiones | Está en vigencia el programa Ahora Papá para impulsar las compras por el Día del Padre
2026-06-19,2026-W25,provincial,MISIONES ON LINE,Misiones,NEA,Posadas,https://www.misionesonline.net,Posadas | Comerciantes de indumentaria y calzado esperan repuntar ventas con el Ahora Papá y el aguinaldo
2026-06-19,2026-W25,provincial,MISIONES ON LINE,Misiones,NEA,Posadas,https://www.misionesonline.net,Terre Rouge celebra el Día del Padre con un menú especial de tres pasos pensado para compartir en familia
2026-06-19,2026-W25,provincial,MISIONES ON LINE,Misiones,NEA,Posadas,https://www.misionesonline.net,Día del Padre: por qué se celebra este domingo y cómo nació una de las fechas más importantes para las familias
2026-06-19,2026-W25,provincial,MISIONES ON LINE,Misiones,NEA,Posadas,https://www.misionesonline.net,"Día del Padre bien argento: entre mates, cuchillos y parrillas, regalos para los amantes del asado y la vida al aire libre"
2026-06-19,2026-W25,provincial,MISIONES ON LINE,Misiones,NEA,Posadas,https://www.misionesonline.net,"Día del Padre: camisas, sweaters, conjuntos de abrigo y combos especiales, entre las propuestas para regalar en Posadas"
2026-06-19,2026-W25,provincial,MISIONES ON LINE,Misiones,NEA,Posadas,https://www.misionesonline.net,Billeteras y relojes: los regalos tradicionales ganan terreno en la previa del Día del Padre con atractivos descuentos en comercios de Posadas
2026-06-19,2026-W25,provincial,MISIONES ON LINE,Misiones,NEA,Posadas,https://www.misionesonline.net,"Para el Día del Padre, un clásico que no pasa de moda: cuánto cuestan los vinos para regalar en Posadas"
2026-06-19,2026-W25,provincial,MISIONES ON LINE,Misiones,NEA,Posadas,https://www.misionesonline.net,"Día del Padre: chocolates, combos personalizados y promociones, entre las opciones más buscadas para regalar en Posadas"
2026-06-19,2026-W25,provincial,MISIONES ON LINE,Misiones,NEA,Posadas,https://www.misionesonline.net,"Misiones Maravilla EVT en vacaciones de invierno: escapadas para disfrutar con la naturaleza, la historia y los paisajes de la región"
2026-06-19,2026-W25,provincial,MISIONES ON LINE,Misiones,NEA,Posadas,https://www.misionesonline.net,"Ticket Misiones | Federal A: Mitre recibe este sábado a Juventud Antoniana en Posadas, con la mira puesta en mantener la punta del grupo"
2026-06-19,2026-W25,provincial,MISIONES ON LINE,Misiones,NEA,Posadas,https://www.misionesonline.net,Mundial 2026 | Confirmaron el árbitro que dirigirá el partido clave entre Argentina y Austria
2026-06-19,2026-W25,provincial,MISIONES ON LINE,Misiones,NEA,Posadas,https://www.misionesonline.net,"El fixture del Mundial 2026: partidos, sedes, horarios y dónde ver en vivo"
2026-06-19,2026-W25,provincial,MISIONES ON LINE,Misiones,NEA,Posadas,https://www.misionesonline.net,La Biblioteca Popular Posadas invita a ver el partido de Argentina ante Austria
2026-06-19,2026-W25,provincial,MISIONES ON LINE,Misiones,NEA,Posadas,https://www.misionesonline.net,"Mundial 2026: cuatro partidos animan la jornada de hoy con Brasil, Paraguay y el local Estados Unidos"
2026-06-19,2026-W25,provincial,MISIONES ON LINE,Misiones,NEA,Posadas,https://www.misionesonline.net,Intimaron a Mercado Pago por el “Fixture 2026” y tuvo que modificar una función del juego del Mundial
2026-06-19,2026-W25,provincial,MISIONES ON LINE,Misiones,NEA,Posadas,https://www.misionesonline.net,"Tras retomar operaciones en Posadas, JetSMART proyecta fortalecer la conectividad de Misiones con el resto del país y la región"
2026-06-19,2026-W25,provincial,MISIONES ON LINE,Misiones,NEA,Posadas,https://www.misionesonline.net,“La conducta se aprende”: especialista señaló que los perros agresivos pueden atravesar procesos de resocialización
2026-06-19,2026-W25,provincial,MISIONES ON LINE,Misiones,NEA,Posadas,https://www.misionesonline.net,"Con identidad digital única y expediente electrónico, impulsan una reforma para despapelizar y digitalizar al Poder Ejecutivo"
2026-06-19,2026-W25,provincial,MISIONES ON LINE,Misiones,NEA,Posadas,https://www.misionesonline.net,"Ticket Misiones | Negocios, Arte y Vinos: Alejandra Ciganda expondrá su nueva serie «Sombras nada más»"
2026-06-19,2026-W25,provincial,MISIONES ON LINE,Misiones,NEA,Posadas,https://www.misionesonline.net,Femicidio de Agostina Vega: una extrabajadora sexual complicó a la dueña del Ford Ka y a la expareja del principal acusado
2026-06-19,2026-W25,provincial,MISIONES ON LINE,Misiones,NEA,Posadas,https://www.misionesonline.net,Detuvieron a un hombre tras el robo de varios elementos en Oberá
2026-06-19,2026-W25,provincial,MISIONES ON LINE,Misiones,NEA,Posadas,https://www.misionesonline.net,"Corrientes perderá más de 22.000 alumnos de primaria en 2030, por la caída de la natalidad"
2026-06-19,2026-W25,provincial,MISIONES ON LINE,Misiones,NEA,Posadas,https://www.misionesonline.net,Estados Unidos venció a Australia y aseguró su clasificación a los dieciseisavos de final del Mundial 2026
2026-06-19,2026-W25,provincial,MISIONES ON LINE,Misiones,NEA,Posadas,https://www.misionesonline.net,Posadas | Una mujer y dos menores fueron hospitalizados tras una colisión múltiple en las avenidas Andresito y Lavalle
2026-06-19,2026-W25,provincial,MISIONES ON LINE,Misiones,NEA,Posadas,https://www.misionesonline.net,"¿Seguirán las lluvias, hará más frío? Cómo va a estar el tiempo en Misiones este sábado, Día de la Bandera, y el domingo, Día..."
2026-06-19,2026-W25,provincial,MISIONES ON LINE,Misiones,NEA,Posadas,https://www.misionesonline.net,ADEPA expresó su preocupación por restricciones a la información pública en el Ministerio Público de San Juan
2026-06-19,2026-W25,provincial,MISIONES ON LINE,Misiones,NEA,Posadas,https://www.misionesonline.net,Detuvieron a un joven por el robo de cables en la Cooperativa Eléctrica de Montecarlo
2026-06-19,2026-W25,provincial,MISIONES ON LINE,Misiones,NEA,Posadas,https://www.misionesonline.net,El Soberbio | Una camioneta despistó sobre la Ruta Provincial 2
2026-06-19,2026-W25,provincial,MISIONES ON LINE,Misiones,NEA,Posadas,https://www.misionesonline.net,"Plantaciones forestales, conservación y certificación: aportes del FSC Argentina para una discusión basada en evidencia y mejora continua"
2026-06-19,2026-W25,provincial,MISIONES ON LINE,Misiones,NEA,Posadas,https://www.misionesonline.net,La Rioja aprobó una ley en reclamo de territorios estratégicos a San Juan y crece la tensión entre ambas provincias
2026-06-19,2026-W25,provincial,MISIONES ON LINE,Misiones,NEA,Posadas,https://www.misionesonline.net,La familia de Messi confirmó que el padre de Lionel atraviesa un problema de salud y pidió respeto por su privacidad
2026-06-19,2026-W25,provincial,MISIONES ON LINE,Misiones,NEA,Posadas,https://www.misionesonline.net,Emiratos Árabes Unidos prohibirá el uso de redes sociales a menores de 15 años
2026-06-19,2026-W25,provincial,MISIONES ON LINE,Misiones,NEA,Posadas,https://www.misionesonline.net,"La inclusión digital debería estar en el centro de las agendas de desarrollo social inclusivo de la región ante la acelerada transformación tecnológica, advierte..."
2026-06-19,2026-W25,provincial,MISIONES ON LINE,Misiones,NEA,Posadas,https://www.misionesonline.net,Reino Unido prohibirá redes sociales a menores: ¿Es viable una medida similar en Argentina?
2026-06-19,2026-W25,provincial,MISIONES ON LINE,Misiones,NEA,Posadas,https://www.misionesonline.net,El Banco Mundial aprobó garantías para que Argentina acceda a un crédito comercial de hasta US$2000 millones
2026-06-19,2026-W25,provincial,MISIONES ON LINE,Misiones,NEA,Posadas,https://www.misionesonline.net,"Más de mil millones de niños enfrentan múltiples riesgos climáticos, según un informe de UNICEF"
2026-06-19,2026-W25,provincial,MISIONES ON LINE,Misiones,NEA,Posadas,https://www.misionesonline.net,El Estado que audita cenizas: cuando el control llega después del escándalo
2026-06-19,2026-W25,provincial,MISIONES ON LINE,Misiones,NEA,Posadas,https://www.misionesonline.net,"Pese a todo, seguimos siendo inocentes"
2026-06-19,2026-W25,provincial,PRIMERA EDICIÓN,Misiones,NEA,Posadas,https://www.primeraedicion.com.ar,Primera Edición
2026-06-19,2026-W25,provincial,PRIMERA EDICIÓN,Misiones,NEA,Posadas,https://www.primeraedicion.com.ar,Nicolás Occhiato rompió el silencio tras la polémica en Luzu: “No merecen mi respeto”
2026-06-19,2026-W25,provincial,PRIMERA EDICIÓN,Misiones,NEA,Posadas,https://www.primeraedicion.com.ar,"Emoción, nostalgia y expectativa de chicos y grandes en el pre-estreno de “Toy Story 5” en Posadas"
2026-06-19,2026-W25,provincial,PRIMERA EDICIÓN,Misiones,NEA,Posadas,https://www.primeraedicion.com.ar,El cielo que volvió con ella
2026-06-19,2026-W25,provincial,PRIMERA EDICIÓN,Misiones,NEA,Posadas,https://www.primeraedicion.com.ar,La respiración profunda
2026-06-19,2026-W25,provincial,PRIMERA EDICIÓN,Misiones,NEA,Posadas,https://www.primeraedicion.com.ar,Armonía y metas familiares para la libertad financiera
2026-06-19,2026-W25,provincial,PRIMERA EDICIÓN,Misiones,NEA,Posadas,https://www.primeraedicion.com.ar,Aseguran que los jubilados cobran casi $100 mil menos por el cambio en la fórmula de movilidad
2026-06-19,2026-W25,provincial,PRIMERA EDICIÓN,Misiones,NEA,Posadas,https://www.primeraedicion.com.ar,Arjona hace historia en Argentina: agotó nuevas funciones y alcanzará los 18 Movistar Arena
2026-06-19,2026-W25,provincial,PRIMERA EDICIÓN,Misiones,NEA,Posadas,https://www.primeraedicion.com.ar,Premios Gardel 2026: Milo J se quedó con el Oro
2026-06-19,2026-W25,provincial,PRIMERA EDICIÓN,Misiones,NEA,Posadas,https://www.primeraedicion.com.ar,ANSES confirmó el aumento para jubilados en junio 2026: cuánto cobrarán con aguinaldo y nuevos haberes
2026-06-19,2026-W25,provincial,PRIMERA EDICIÓN,Misiones,NEA,Posadas,https://www.primeraedicion.com.ar,ANSeS oficializó los nuevos haberes de junio: cuánto cobrarán jubilados y pensionados
2026-06-19,2026-W25,provincial,PRIMERA EDICIÓN,Misiones,NEA,Posadas,https://www.primeraedicion.com.ar,“El de la foto del Che”
2026-06-19,2026-W25,provincial,PRIMERA EDICIÓN,Misiones,NEA,Posadas,https://www.primeraedicion.com.ar,Capacitan a agricultores para desarrollar semillas adaptadas
2026-06-19,2026-W25,provincial,PRIMERA EDICIÓN,Misiones,NEA,Posadas,https://www.primeraedicion.com.ar,El regreso de El Niño obliga a las chacras a proteger cultivos y ganado
2026-06-19,2026-W25,provincial,PRIMERA EDICIÓN,Misiones,NEA,Posadas,https://www.primeraedicion.com.ar,Técnicas para producir tomate cherry en pequeñas macetas
2026-06-19,2026-W25,provincial,PRIMERA EDICIÓN,Misiones,NEA,Posadas,https://www.primeraedicion.com.ar,El mercado inmobiliario y el derecho del consumidor: una protección que muchos aún desconocen
2026-06-19,2026-W25,provincial,PRIMERA EDICIÓN,Misiones,NEA,Posadas,https://www.primeraedicion.com.ar,"¿Loteo, barrio privado o club de campo? La elección que va más allá del precio del terreno"
2026-06-19,2026-W25,provincial,PRIMERA EDICIÓN,Misiones,NEA,Posadas,https://www.primeraedicion.com.ar,Derecho de superficie: la herramienta legal para generar valor sin vender la propiedad
2026-06-19,2026-W25,provincial,PRIMERA EDICIÓN,Misiones,NEA,Posadas,https://www.primeraedicion.com.ar,Quién financiará la naturaleza: el gran dilema económico del siglo XXI
2026-06-19,2026-W25,provincial,PRIMERA EDICIÓN,Misiones,NEA,Posadas,https://www.primeraedicion.com.ar,Generación del Grado Cero: la educación bajo presión extrema
2026-06-19,2026-W25,provincial,PRIMERA EDICIÓN,Misiones,NEA,Posadas,https://www.primeraedicion.com.ar,El laboratorio climático del planeta
2026-06-19,2026-W25,provincial,PRIMERA EDICIÓN,Misiones,NEA,Posadas,https://www.primeraedicion.com.ar,"Pollo General Tso: el bocado crujiente, picante y adictivo que podés hacer en casa"
2026-06-19,2026-W25,provincial,PRIMERA EDICIÓN,Misiones,NEA,Posadas,https://www.primeraedicion.com.ar,"Feijoada con todo, para cocinar sin apuro y disfrutar con amigos"
2026-06-19,2026-W25,provincial,PRIMERA EDICIÓN,Misiones,NEA,Posadas,https://www.primeraedicion.com.ar,Patamuslo cuatro quesos: el plato bomba para combatir el frío
2026-06-19,2026-W25,provincial,PRIMERA EDICIÓN,Misiones,NEA,Posadas,https://www.primeraedicion.com.ar,"El guiso carrero que pide el frío: cuchara, olla y sobremesa larga"
2026-06-19,2026-W25,provincial,PRIMERA EDICIÓN,Misiones,NEA,Posadas,https://www.primeraedicion.com.ar,Empanadas salteñas: el secreto está en el relleno (y en el jugo que no perdona)
2026-06-19,2026-W25,provincial,PRIMERA EDICIÓN,Misiones,NEA,Posadas,https://www.primeraedicion.com.ar,"Tres heridos, entre ellos dos niños, en un choque en cadena sobre avenidas de Posadas"
2026-06-19,2026-W25,provincial,PRIMERA EDICIÓN,Misiones,NEA,Posadas,https://www.primeraedicion.com.ar,Apóstoles: Reserva TupaMbae invita a descubrir el alma de la yerba mate en una experiencia sensorial
2026-06-19,2026-W25,provincial,PRIMERA EDICIÓN,Misiones,NEA,Posadas,https://www.primeraedicion.com.ar,Adrián Álvarez dejó de ser el entrenador de Crucero del Norte
2026-06-19,2026-W25,provincial,PRIMERA EDICIÓN,Misiones,NEA,Posadas,https://www.primeraedicion.com.ar,La educación privada creció en Misiones y descartan una caída de matrícula
2026-06-19,2026-W25,provincial,PRIMERA EDICIÓN,Misiones,NEA,Posadas,https://www.primeraedicion.com.ar,Mundial 2026: Canadá aplastó 6-0 a Qatar y quedó a un paso de clasificar
2026-06-19,2026-W25,provincial,PRIMERA EDICIÓN,Misiones,NEA,Posadas,https://www.primeraedicion.com.ar,El Gobierno adjudicó la Hidrovía por 25 años y asegura que bajarán los costos logísticos
2026-06-19,2026-W25,provincial,PRIMERA EDICIÓN,Misiones,NEA,Posadas,https://www.primeraedicion.com.ar,La mora de las familias alcanzó un récord en más de 20 años y ya afecta a más de 5 millones de personas
2026-06-19,2026-W25,provincial,PRIMERA EDICIÓN,Misiones,NEA,Posadas,https://www.primeraedicion.com.ar,Arranca el Argentino de karting con tres misioneros presentes en Córdoba
2026-06-19,2026-W25,provincial,PRIMERA EDICIÓN,Misiones,NEA,Posadas,https://www.primeraedicion.com.ar,“Cada vez es mayor la demanda de chicos en espacios de Primera Infancia”
2026-06-19,2026-W25,provincial,PRIMERA EDICIÓN,Misiones,NEA,Posadas,https://www.primeraedicion.com.ar,Estados Unidos venció a Australia y sigue a paso firme en el Mundial 2026
2026-06-19,2026-W25,provincial,PRIMERA EDICIÓN,Misiones,NEA,Posadas,https://www.primeraedicion.com.ar,Organizan una jornada de intercambio de figuritas del Mundial 2026 en Apóstoles
2026-06-19,2026-W25,provincial,PRIMERA EDICIÓN,Misiones,NEA,Posadas,https://www.primeraedicion.com.ar,Robó rollos de cable de la Cooperativa Eléctrica de Montecarlo y quedó registrado por las cámaras
2026-06-19,2026-W25,provincial,PRIMERA EDICIÓN,Misiones,NEA,Posadas,https://www.primeraedicion.com.ar,Murió la mujer que sufrió graves quemaduras tras la explosión de un celular mientras viajaba en auto
2026-06-19,2026-W25,provincial,PRIMERA EDICIÓN,Misiones,NEA,Posadas,https://www.primeraedicion.com.ar,Adorni anunció que dejará de ser el vocero presidencial y lo reemplaza Adrián Ravier
2026-06-19,2026-W25,provincial,PRIMERA EDICIÓN,Misiones,NEA,Posadas,https://www.primeraedicion.com.ar,Mundial 2026: qué resultados necesita la Selección argentina para clasificar a los 16avos
2026-06-19,2026-W25,provincial,PRIMERA EDICIÓN,Misiones,NEA,Posadas,https://www.primeraedicion.com.ar,Fernando Gago fue operado de urgencia en Chile tras sufrir un problema cardiovascular
2026-06-19,2026-W25,provincial,PRIMERA EDICIÓN,Misiones,NEA,Posadas,https://www.primeraedicion.com.ar,Básquet: la Liga Provincial busca a sus finalistas
2026-06-19,2026-W25,provincial,PRIMERA EDICIÓN,Misiones,NEA,Posadas,https://www.primeraedicion.com.ar,Torneo Provincial: Deportivo Mandiyú es cosa seria
2026-06-19,2026-W25,provincial,PRIMERA EDICIÓN,Misiones,NEA,Posadas,https://www.primeraedicion.com.ar,Operativos en cinco localidades permitieron esclarecer robos y recuperar elementos sustraídos
2026-06-19,2026-W25,provincial,PRIMERA EDICIÓN,Misiones,NEA,Posadas,https://www.primeraedicion.com.ar,Policías asistieron a una embarazada con contracciones y la trasladaron al SAMIC de Oberá
2026-06-19,2026-W25,provincial,PRIMERA EDICIÓN,Misiones,NEA,Posadas,https://www.primeraedicion.com.ar,Misiones explora vínculos con Israel para potenciar la innovación tecnológica y la producción
2026-06-19,2026-W25,provincial,PRIMERA EDICIÓN,Misiones,NEA,Posadas,https://www.primeraedicion.com.ar,Detienen a cinco hombres por presunta caza furtiva en una forestal
2026-06-19,2026-W25,provincial,PRIMERA EDICIÓN,Misiones,NEA,Posadas,https://www.primeraedicion.com.ar,Postergaron la cuarta fecha del Misionero de Karting sobre Tierra en Campo Grande
2026-06-19,2026-W25,provincial,PRIMERA EDICIÓN,Misiones,NEA,Posadas,https://www.primeraedicion.com.ar,¿En cuánto quedan las prestaciones por discapacidad tras el aumento de junio?
2026-06-19,2026-W25,provincial,ADN SUR,Chubut,Patagonia,Comodoro Rivadavia,https://www.adnsur.com.ar,Farmacias de turno
2026-06-19,2026-W25,provincial,ADN SUR,Chubut,Patagonia,Comodoro Rivadavia,https://www.adnsur.com.ar,Lo buscaban por delitos cometidos hace un año y cayó en una casa del barrio San Martín
2026-06-19,2026-W25,provincial,ADN SUR,Chubut,Patagonia,Comodoro Rivadavia,https://www.adnsur.com.ar,“No existen fundamentos”: la fiscalía cuestionó el último pedido del padrastro de Ángel
2026-06-19,2026-W25,provincial,ADN SUR,Chubut,Patagonia,Comodoro Rivadavia,https://www.adnsur.com.ar,Todo Chubut está bajo alerta amarilla por ráfagas fuertes que podrían superar los 90 km/h
2026-06-19,2026-W25,provincial,ADN SUR,Chubut,Patagonia,Comodoro Rivadavia,https://www.adnsur.com.ar,Tragedia en Chubut: dejó encendida la estufa y murió al incendiarse su casa mientras dormía
2026-06-19,2026-W25,provincial,ADN SUR,Chubut,Patagonia,Comodoro Rivadavia,https://www.adnsur.com.ar,"Esperaba el colectivo, lo atacaron a tiros y se salvó de milagro: el video del violento ataque en Comodoro"
2026-06-19,2026-W25,provincial,ADN SUR,Chubut,Patagonia,Comodoro Rivadavia,https://www.adnsur.com.ar,Cerro Hermitte: avanzan con la estabilización y suman maquinaria pesada para asegurar el terreno
2026-06-19,2026-W25,provincial,ADN SUR,Chubut,Patagonia,Comodoro Rivadavia,https://www.adnsur.com.ar,"Junto al presidente de la Rural, Torres reunió al sector ganadero para reforzar la lucha contra la sarna ovina"
2026-06-19,2026-W25,provincial,ADN SUR,Chubut,Patagonia,Comodoro Rivadavia,https://www.adnsur.com.ar,La Escuela Municipal vivió un momento histórico con la primera Promesa de Lealtad a la Bandera de sus alumnos
2026-06-19,2026-W25,provincial,ADN SUR,Chubut,Patagonia,Comodoro Rivadavia,https://www.adnsur.com.ar,Milei definió quién reemplazará a Manuel Adorni y será el nuevo vocero presidencial
2026-06-19,2026-W25,provincial,ADN SUR,Chubut,Patagonia,Comodoro Rivadavia,https://www.adnsur.com.ar,"Defiende a Adorni, escribió con Milei y habla de “milagro económico”: quién es el nuevo vocero presidencial"
2026-06-19,2026-W25,provincial,ADN SUR,Chubut,Patagonia,Comodoro Rivadavia,https://www.adnsur.com.ar,Locura por Gimnasia de Comodoro: largas filas por una entrada para el decisivo choque ante Quimsa
2026-06-19,2026-W25,provincial,ADN SUR,Chubut,Patagonia,Comodoro Rivadavia,https://www.adnsur.com.ar,Caso Ángel López: la defensa pidió una nueva pericia del Cuerpo Médico Forense de la Corte Suprema
2026-06-19,2026-W25,provincial,ADN SUR,Chubut,Patagonia,Comodoro Rivadavia,https://www.adnsur.com.ar,Los empleados municipales podrán retirarse antes del trabajo para ver el partido de la Selección contra Austria
2026-06-19,2026-W25,provincial,ADN SUR,Chubut,Patagonia,Comodoro Rivadavia,https://www.adnsur.com.ar,“Hay comisarios mayores haciendo Uber”: la crisis salarial que desató la protesta policial en Santa Cruz
2026-06-19,2026-W25,provincial,ADN SUR,Chubut,Patagonia,Comodoro Rivadavia,https://www.adnsur.com.ar,Perdió todo por una chispa de un asado: el fuego consumió su casa en pocos minutos
2026-06-19,2026-W25,provincial,ADN SUR,Chubut,Patagonia,Comodoro Rivadavia,https://www.adnsur.com.ar,19:40 Daniela Celis confirmó que su separación de Nick Sicaro con un crudo mensaje: “Con Nico somos...”
2026-06-19,2026-W25,provincial,ADN SUR,Chubut,Patagonia,Comodoro Rivadavia,https://www.adnsur.com.ar,19:25 El Hospital Regional ya realiza resonancias con sedación: en qué tipo de pacientes está indicado
2026-06-19,2026-W25,provincial,ADN SUR,Chubut,Patagonia,Comodoro Rivadavia,https://www.adnsur.com.ar,18:48 Tragedia en Chubut: dejó encendida la estufa y murió al incendiarse su casa mientras dormía
2026-06-19,2026-W25,provincial,ADN SUR,Chubut,Patagonia,Comodoro Rivadavia,https://www.adnsur.com.ar,"18:42 DS 7 E-Tense: el SUV híbrido francés que combina lujo, potencia y bajo consumo"
2026-06-19,2026-W25,provincial,ADN SUR,Chubut,Patagonia,Comodoro Rivadavia,https://www.adnsur.com.ar,18:27 Florencia Peña criticó a Ochiatto tras el escándalo en Luzu: “Yo abrazo a mi gente”
2026-06-19,2026-W25,provincial,ADN SUR,Chubut,Patagonia,Comodoro Rivadavia,https://www.adnsur.com.ar,¿Llega la “ola polar” a Comodoro?: la contundente respuesta del Servicio Meteorológico Nacional
2026-06-19,2026-W25,provincial,ADN SUR,Chubut,Patagonia,Comodoro Rivadavia,https://www.adnsur.com.ar,"Tomó alcohol, manejó sin seguro ni carnet, chocó y su auto no fue secuestrado por un insólito detalle"
2026-06-19,2026-W25,provincial,ADN SUR,Chubut,Patagonia,Comodoro Rivadavia,https://www.adnsur.com.ar,“Un imbécil total”: los lapidarios tuits de Milei sobre su nuevo vocero
2026-06-19,2026-W25,provincial,ADN SUR,Chubut,Patagonia,Comodoro Rivadavia,https://www.adnsur.com.ar,Usó una molotov para prender fuego una casa en Chubut y amenazó: “Ya estuve en cana y no me importa volver”
2026-06-19,2026-W25,provincial,ADN SUR,Chubut,Patagonia,Comodoro Rivadavia,https://www.adnsur.com.ar,Un chofer sufrió el robo de su billetera rumbo a Comodoro y descubrió que usaban su tarjeta para hacer compras
2026-06-19,2026-W25,provincial,ADN SUR,Chubut,Patagonia,Comodoro Rivadavia,https://www.adnsur.com.ar,Uber desembarca en Rawson: el Municipio admite que su avance es “imparable” y los taxistas piden regulaciones
2026-06-19,2026-W25,provincial,ADN SUR,Chubut,Patagonia,Comodoro Rivadavia,https://www.adnsur.com.ar,Escándalo en un jardín: recaudaron dinero para las camperas de egresados y la tesorera desapareció
2026-06-19,2026-W25,provincial,ADN SUR,Chubut,Patagonia,Comodoro Rivadavia,https://www.adnsur.com.ar,Buscaban a un abuelo por toda la provincia y lo encontraron cenando en un restaurante céntrico
2026-06-19,2026-W25,provincial,ADN SUR,Chubut,Patagonia,Comodoro Rivadavia,https://www.adnsur.com.ar,El intendente de Rawson denunció a un vecino que tuvo una violenta reacción en su despacho
2026-06-19,2026-W25,provincial,ADN SUR,Chubut,Patagonia,Comodoro Rivadavia,https://www.adnsur.com.ar,Un proyecto propone bajar de 25 a 18 años la edad mínima para ser concejal
2026-06-19,2026-W25,provincial,ADN SUR,Chubut,Patagonia,Comodoro Rivadavia,https://www.adnsur.com.ar,YPF Black en la Patagonia: la estación más grande del país se instalará en la intersección de la Ruta 67 y la Autovía Norte
2026-06-19,2026-W25,provincial,ADN SUR,Chubut,Patagonia,Comodoro Rivadavia,https://www.adnsur.com.ar,El crudo de Vaca Muerta superó a la soja y lideró las exportaciones argentinas: US$1.172 millones en un mes
2026-06-19,2026-W25,provincial,ADN SUR,Chubut,Patagonia,Comodoro Rivadavia,https://www.adnsur.com.ar,Charco del Palenque en marcha: TanGo arranca en agosto su primer pozo no convencional en Río Negro
2026-06-19,2026-W25,provincial,ADN SUR,Chubut,Patagonia,Comodoro Rivadavia,https://www.adnsur.com.ar,Calcatreu ya aporta 429 empleos en Río Negro: así se reparte el trabajo entre Jacobacci y la provincia
2026-06-19,2026-W25,provincial,ADN SUR,Chubut,Patagonia,Comodoro Rivadavia,https://www.adnsur.com.ar,Combustibles: por qué podrían bajar los precios en los surtidores argentinos
2026-06-19,2026-W25,provincial,ADN SUR,Chubut,Patagonia,Comodoro Rivadavia,https://www.adnsur.com.ar,VMOS recibió 721 caños de acero en San Antonio Oeste para el tramo submarino del proyecto que exportará el crudo de Vaca Muerta
2026-06-19,2026-W25,provincial,ADN SUR,Chubut,Patagonia,Comodoro Rivadavia,https://www.adnsur.com.ar,Vaca Muerta: el intendente de Añelo pidió no llegar con familias sin trabajo seguro
2026-06-19,2026-W25,provincial,ADN SUR,Chubut,Patagonia,Comodoro Rivadavia,https://www.adnsur.com.ar,"Chenque Bot, la herramienta que avisa qué productos aumentaron antes de ir al súper en Comodoro"
2026-06-19,2026-W25,provincial,ADN SUR,Chubut,Patagonia,Comodoro Rivadavia,https://www.adnsur.com.ar,"DS 7 E-Tense: el SUV híbrido francés que combina lujo, potencia y bajo consumo"
2026-06-19,2026-W25,provincial,ADN SUR,Chubut,Patagonia,Comodoro Rivadavia,https://www.adnsur.com.ar,Viajes gratis para personas con discapacidad: qué cambia ahora con la SUBE asociada al CUD
2026-06-19,2026-W25,provincial,ADN SUR,Chubut,Patagonia,Comodoro Rivadavia,https://www.adnsur.com.ar,Estacionamiento gratis en Comodoro: cómo funcionará el SEM en la previa del Día del Padre
2026-06-19,2026-W25,provincial,ADN SUR,Chubut,Patagonia,Comodoro Rivadavia,https://www.adnsur.com.ar,Cierra otra famosa parrilla de Comodoro tras 20 años de actividad y crece la preocupación por la crisis comercial
2026-06-19,2026-W25,provincial,ADN SUR,Chubut,Patagonia,Comodoro Rivadavia,https://www.adnsur.com.ar,Cuáles son los 10 vehículos más vendidos de Argentina en junio y cuánto cuesta cada uno
2026-06-19,2026-W25,provincial,ADN SUR,Chubut,Patagonia,Comodoro Rivadavia,https://www.adnsur.com.ar,"Reabrió el Patio Food Hall en Comodoro: renovado, con más oferta gastronómica y apuesta al empleo local"
2026-06-19,2026-W25,provincial,ADN SUR,Chubut,Patagonia,Comodoro Rivadavia,https://www.adnsur.com.ar,¿A cuánto cotizó el dólar oficial en Argentina este viernes?
2026-06-19,2026-W25,provincial,ADN SUR,Chubut,Patagonia,Comodoro Rivadavia,https://www.adnsur.com.ar,Operaron de urgencia a Fernando Gago: qué se sabe sobre su estado de salud
2026-06-19,2026-W25,provincial,ADN SUR,Chubut,Patagonia,Comodoro Rivadavia,https://www.adnsur.com.ar,Jorge Messi rompió el silencio desde la clínica con una sorpresiva frase tras el escándalo con Luzu TV
2026-06-19,2026-W25,provincial,ADN SUR,Chubut,Patagonia,Comodoro Rivadavia,https://www.adnsur.com.ar,El sorpresivo gesto de Lionel Messi en el entrenamiento de Argentina tras una falsa noticia sobre su papá
2026-06-19,2026-W25,provincial,ADN SUR,Chubut,Patagonia,Comodoro Rivadavia,https://www.adnsur.com.ar,"Mundial, cábalas, apuestas y PRODE: por qué cada vez más jóvenes terminan festejando goles de equipos que en realidad quieren que pierdan"
2026-06-19,2026-W25,provincial,CRÓNICA,Chubut,Patagonia,Comodoro Rivadavia,https://www.diariocronica.com.ar,Comodoro: detuvieron a un joven que tenía pedidos de captura por robo y portación de armas
2026-06-19,2026-W25,provincial,CRÓNICA,Chubut,Patagonia,Comodoro Rivadavia,https://www.diariocronica.com.ar,Viernes 19 de junio de 2026
2026-06-19,2026-W25,provincial,CRÓNICA,Chubut,Patagonia,Comodoro Rivadavia,https://www.diariocronica.com.ar,Nueva audiencia por el caso Ángel: la defensa solicita peritos de la Corte Suprema
2026-06-19,2026-W25,provincial,CRÓNICA,Chubut,Patagonia,Comodoro Rivadavia,https://www.diariocronica.com.ar,Sarna ovina: buscan frenar el avance de una amenaza para la producción de Chubut
2026-06-19,2026-W25,provincial,CRÓNICA,Chubut,Patagonia,Comodoro Rivadavia,https://www.diariocronica.com.ar,Las escuelas de Chubut iniciaron los actos de Promesa de Lealtad a las Banderas Nacional y Provincial
2026-06-19,2026-W25,provincial,CRÓNICA,Chubut,Patagonia,Comodoro Rivadavia,https://www.diariocronica.com.ar,Apuñalan a un proveedor de Comodoro Rivadavia y lo derivan a Caleta Olivia
2026-06-19,2026-W25,provincial,CRÓNICA,Chubut,Patagonia,Comodoro Rivadavia,https://www.diariocronica.com.ar,La primera promoción de estudiantes de la Escuela Municipal de Comodoro realizó su Promesa a la Bandera
2026-06-19,2026-W25,provincial,CRÓNICA,Chubut,Patagonia,Comodoro Rivadavia,https://www.diariocronica.com.ar,Más de 30 instituciones recibieron materiales deportivos
2026-06-19,2026-W25,provincial,CRÓNICA,Chubut,Patagonia,Comodoro Rivadavia,https://www.diariocronica.com.ar,Pilotos de Comodoro corren la 1° fecha del Argentino de Karting
2026-06-19,2026-W25,provincial,CRÓNICA,Chubut,Patagonia,Comodoro Rivadavia,https://www.diariocronica.com.ar,Arreglan las calles de diversos barrios para asegurar la circulación antes del invierno y las lluvias
2026-06-19,2026-W25,provincial,CRÓNICA,Chubut,Patagonia,Comodoro Rivadavia,https://www.diariocronica.com.ar,Adorni deja la vocería presidencial y será reemplazado por el diputado Adrián Ravier
2026-06-19,2026-W25,provincial,CRÓNICA,Chubut,Patagonia,Comodoro Rivadavia,https://www.diariocronica.com.ar,Una banda patagónica grabó el Himno Nacional arriba del Glaciar Perito Moreno para alentar a la Selección Argentina
2026-06-19,2026-W25,provincial,CRÓNICA,Chubut,Patagonia,Comodoro Rivadavia,https://www.diariocronica.com.ar,"Cine, barbería gratis y shows: La agenda de actividades para este fin de semana en Comodoro por el Día del Padre"
2026-06-19,2026-W25,provincial,CRÓNICA,Chubut,Patagonia,Comodoro Rivadavia,https://www.diariocronica.com.ar,"Entraron a robar a una chacra, los descubrieron por las cámaras y huyeron"
2026-06-19,2026-W25,provincial,CRÓNICA,Chubut,Patagonia,Comodoro Rivadavia,https://www.diariocronica.com.ar,Milei eligió a Adrián Ravier como nuevo vocero presidencial
2026-06-19,2026-W25,provincial,CRÓNICA,Chubut,Patagonia,Comodoro Rivadavia,https://www.diariocronica.com.ar,Rawson: un hombre salvó su vida al escapar de un incendio que destruyó su casa mientras dormía
2026-06-19,2026-W25,provincial,CRÓNICA,Chubut,Patagonia,Comodoro Rivadavia,https://www.diariocronica.com.ar,Buscan a un adolescente de 15 años desaparecido desde el jueves
2026-06-19,2026-W25,provincial,CRÓNICA,Chubut,Patagonia,Comodoro Rivadavia,https://www.diariocronica.com.ar,El ganador del TC en Rafaela se llevará 15 millones
2026-06-19,2026-W25,provincial,CRÓNICA,Chubut,Patagonia,Comodoro Rivadavia,https://www.diariocronica.com.ar,Brindarán asesoría gratuita y personalizada para impulsar a emprendedores y profesionales de Comodoro
2026-06-19,2026-W25,provincial,CRÓNICA,Chubut,Patagonia,Comodoro Rivadavia,https://www.diariocronica.com.ar,Detuvieron a un hombre acusado de apuñalar a su hermano durante una discusión
2026-06-19,2026-W25,provincial,CRÓNICA,Chubut,Patagonia,Comodoro Rivadavia,https://www.diariocronica.com.ar,El MX Patagonia Zona Norte corre en Trelew
2026-06-19,2026-W25,provincial,CRÓNICA,Chubut,Patagonia,Comodoro Rivadavia,https://www.diariocronica.com.ar,Trevelin: decomisaron 11 ovinos faenados que eran transportados sin documentación
2026-06-19,2026-W25,provincial,CRÓNICA,Chubut,Patagonia,Comodoro Rivadavia,https://www.diariocronica.com.ar,Gaiman: llevaban carne de guanaco en una camioneta y les secuestraron armas de fuego
2026-06-19,2026-W25,provincial,CRÓNICA,Chubut,Patagonia,Comodoro Rivadavia,https://www.diariocronica.com.ar,Detuvieron a una mujer que intentó llevarse chocolates sin pagar de un supermercado de Trelew
2026-06-19,2026-W25,provincial,CRÓNICA,Chubut,Patagonia,Comodoro Rivadavia,https://www.diariocronica.com.ar,Cambios en el gabinete de Merino: Facundo Carrasco asumirá al frente de Cultura
2026-06-19,2026-W25,provincial,CRÓNICA,Chubut,Patagonia,Comodoro Rivadavia,https://www.diariocronica.com.ar,El SEM devolverá el dinero a quienes estacionen hasta tres horas
2026-06-19,2026-W25,provincial,CRÓNICA,Chubut,Patagonia,Comodoro Rivadavia,https://www.diariocronica.com.ar,El CPB Stella Maris celebró 30 años de labor en el barrio
2026-06-19,2026-W25,provincial,CRÓNICA,Chubut,Patagonia,Comodoro Rivadavia,https://www.diariocronica.com.ar,"Caputo se sumó a las críticas contra Flor Peña por la fake news sobre el padre de Messi: ""Falta de profesionalismo total"""
2026-06-19,2026-W25,provincial,CRÓNICA,Chubut,Patagonia,Comodoro Rivadavia,https://www.diariocronica.com.ar,Violento incendio consumió una vivienda en Rawson
2026-06-19,2026-W25,provincial,CRÓNICA,Chubut,Patagonia,Comodoro Rivadavia,https://www.diariocronica.com.ar,Alumnos realizaron la promesa de lealtad a la Bandera
2026-06-19,2026-W25,provincial,CRÓNICA,Chubut,Patagonia,Comodoro Rivadavia,https://www.diariocronica.com.ar,Conciencia Activa lanzó una colecta de abrigos y cuchas para perros del dispensario
2026-06-19,2026-W25,provincial,CRÓNICA,Chubut,Patagonia,Comodoro Rivadavia,https://www.diariocronica.com.ar,Perdió el control del auto y chocó sobre el puente de Km 4
2026-06-19,2026-W25,provincial,CRÓNICA,Chubut,Patagonia,Comodoro Rivadavia,https://www.diariocronica.com.ar,Abrirían una causa penal por el video de la recaptura del preso que escapó de una comisaría de Trelew
2026-06-19,2026-W25,provincial,CRÓNICA,Chubut,Patagonia,Comodoro Rivadavia,https://www.diariocronica.com.ar,Caso Ángel: la defensa vincula las lesiones del niño a maniobras médicas
2026-06-19,2026-W25,provincial,CRÓNICA,Chubut,Patagonia,Comodoro Rivadavia,https://www.diariocronica.com.ar,Córdoba: liberaron 20 aves silvestres tras un proceso de rehabilitación
2026-06-19,2026-W25,provincial,CRÓNICA,Chubut,Patagonia,Comodoro Rivadavia,https://www.diariocronica.com.ar,Biss denunció a un hombre tras una agresión verbal
2026-06-19,2026-W25,provincial,CRÓNICA,Chubut,Patagonia,Comodoro Rivadavia,https://www.diariocronica.com.ar,Infancias y virtualidad: Lucía Fainbom capacitó a equipos técnicos en el CIP
2026-06-19,2026-W25,provincial,CRÓNICA,Chubut,Patagonia,Comodoro Rivadavia,https://www.diariocronica.com.ar,El gobierno italiano canceló encuentros en Estados Unidos tras dichos de Trump
2026-06-19,2026-W25,provincial,CRÓNICA,Chubut,Patagonia,Comodoro Rivadavia,https://www.diariocronica.com.ar,"Prestadores de discapacidad tendrán un incremento del 2,1% en sus aranceles"
2026-06-19,2026-W25,provincial,CRÓNICA,Chubut,Patagonia,Comodoro Rivadavia,https://www.diariocronica.com.ar,Bonificación del SEM por el Día del Padre: Cómo activar el beneficio
2026-06-19,2026-W25,provincial,CRÓNICA,Chubut,Patagonia,Comodoro Rivadavia,https://www.diariocronica.com.ar,Balearon a un hombre en el barrio Moure y se negó a denunciar
2026-06-19,2026-W25,provincial,CRÓNICA,Chubut,Patagonia,Comodoro Rivadavia,https://www.diariocronica.com.ar,Clausuran un predio clandestino dedicado a la crianza y venta de carne de cerdo en zona de Quintas
2026-06-19,2026-W25,provincial,CRÓNICA,Chubut,Patagonia,Comodoro Rivadavia,https://www.diariocronica.com.ar,Trelew: prisión preventiva para un hombre acusado de provocar un incendio intencional
2026-06-19,2026-W25,provincial,CRÓNICA,Chubut,Patagonia,Comodoro Rivadavia,https://www.diariocronica.com.ar,Los hinchas de Gimnasia hicieron fila desde la madrugada por una entrada
2026-06-19,2026-W25,provincial,CRÓNICA,Chubut,Patagonia,Comodoro Rivadavia,https://www.diariocronica.com.ar,"La tenencia responsable de animales, una situación que cobra relevancia en el valle"
2026-06-19,2026-W25,provincial,CRÓNICA,Chubut,Patagonia,Comodoro Rivadavia,https://www.diariocronica.com.ar,Presentaron una aplicación para agilizar los reclamos urbanos en Comodoro
2026-06-19,2026-W25,provincial,CRÓNICA,Chubut,Patagonia,Comodoro Rivadavia,https://www.diariocronica.com.ar,Hallan en París un manuscrito inédito de Mozart con siete obras jamás interpretadas
2026-06-19,2026-W25,provincial,CRÓNICA,Chubut,Patagonia,Comodoro Rivadavia,https://www.diariocronica.com.ar,El CEC alerta que continúan los despidos y el cierre de comercios en Comodoro
2026-06-19,2026-W25,provincial,CRÓNICA,Chubut,Patagonia,Comodoro Rivadavia,https://www.diariocronica.com.ar,Chaco: localizan con un dron a un joven desaparecido hace 20 días
2026-06-19,2026-W25,provincial,CRÓNICA,Chubut,Patagonia,Comodoro Rivadavia,https://www.diariocronica.com.ar,"El rompehielos ""Almirante Irízar"" volvió a Chubut para conmemorar el 44° aniversario del “Día que Madryn se quedó sin pan”"
2026-06-19,2026-W25,provincial,EL PATAGÓNICO,Chubut,Patagonia,Comodoro Rivadavia,https://www.elpatagonico.com,Todas las secciones
2026-06-19,2026-W25,provincial,EL PATAGÓNICO,Chubut,Patagonia,Comodoro Rivadavia,https://www.elpatagonico.com,De que se habla
2026-06-19,2026-W25,provincial,EL PATAGÓNICO,Chubut,Patagonia,Comodoro Rivadavia,https://www.elpatagonico.com,Detuvieron a un hombre que permanecía oculto desde 2025
2026-06-19,2026-W25,provincial,EL PATAGÓNICO,Chubut,Patagonia,Comodoro Rivadavia,https://www.elpatagonico.com,"Desde la clínica, Jorge Messi: ""Qué quilombo que armé"""
2026-06-19,2026-W25,provincial,EL PATAGÓNICO,Chubut,Patagonia,Comodoro Rivadavia,https://www.elpatagonico.com,"Polémica por los ""torneos de amigos"" de Mercado Pago para apostar por el Mundial"
2026-06-19,2026-W25,provincial,EL PATAGÓNICO,Chubut,Patagonia,Comodoro Rivadavia,https://www.elpatagonico.com,Salarios: docentes también rechazaron ofrecimiento
2026-06-19,2026-W25,provincial,EL PATAGÓNICO,Chubut,Patagonia,Comodoro Rivadavia,https://www.elpatagonico.com,El Municipio desmintió que Comodoro tenga la tasa impositiva más alta del país en la compra de vehículos
2026-06-19,2026-W25,provincial,EL PATAGÓNICO,Chubut,Patagonia,Comodoro Rivadavia,https://www.elpatagonico.com,Gimnasia va por la gloria de la Liga Nacional de Básquet
2026-06-19,2026-W25,provincial,EL PATAGÓNICO,Chubut,Patagonia,Comodoro Rivadavia,https://www.elpatagonico.com,Las Más Leídas de El Patagónico
2026-06-19,2026-W25,provincial,EL PATAGÓNICO,Chubut,Patagonia,Comodoro Rivadavia,https://www.elpatagonico.com,Del desarraigo a la exposición: una convocatoria que busca reunir miradas sobre Chubut
2026-06-19,2026-W25,provincial,EL PATAGÓNICO,Chubut,Patagonia,Comodoro Rivadavia,https://www.elpatagonico.com,Noticias Insólitas
2026-06-19,2026-W25,provincial,EL PATAGÓNICO,Chubut,Patagonia,Comodoro Rivadavia,https://www.elpatagonico.com,El 95 % del personal subalterno policial está autoacuartelado
2026-06-19,2026-W25,provincial,EL PATAGÓNICO,Chubut,Patagonia,Comodoro Rivadavia,https://www.elpatagonico.com,Estudiantes de la escuela municipal prometieron a la bandera
2026-06-19,2026-W25,provincial,EL PATAGÓNICO,Chubut,Patagonia,Comodoro Rivadavia,https://www.elpatagonico.com,Trabajos para garantizar la transitabilidad durante el invierno
2026-06-19,2026-W25,provincial,EL PATAGÓNICO,Chubut,Patagonia,Comodoro Rivadavia,https://www.elpatagonico.com,Piden reforzar la seguridad en Los Tilos y El Marquesado
2026-06-19,2026-W25,provincial,EL PATAGÓNICO,Chubut,Patagonia,Comodoro Rivadavia,https://www.elpatagonico.com,Un fin de semana nutrido de propuestas culturales
2026-06-19,2026-W25,provincial,EL PATAGÓNICO,Chubut,Patagonia,Comodoro Rivadavia,https://www.elpatagonico.com,Conductor ebrio choca guardarrail en el puente de Km 4
2026-06-19,2026-W25,provincial,EL PATAGÓNICO,Chubut,Patagonia,Comodoro Rivadavia,https://www.elpatagonico.com,Revocaron el fallo que obligaba a los tíos a pagar la cuota alimentaria de sus sobrinas
2026-06-19,2026-W25,provincial,EL PATAGÓNICO,Chubut,Patagonia,Comodoro Rivadavia,https://www.elpatagonico.com,Estados Unidos ganó y también se metió en los 16vos. de final
2026-06-19,2026-W25,provincial,EL PATAGÓNICO,Chubut,Patagonia,Comodoro Rivadavia,https://www.elpatagonico.com,Canadá aplastó a Qatar y se acerca a la clasificación
2026-06-19,2026-W25,provincial,EL PATAGÓNICO,Chubut,Patagonia,Comodoro Rivadavia,https://www.elpatagonico.com,México volvió a ganar y es el primer clasificado
2026-06-19,2026-W25,provincial,EL PATAGÓNICO,Chubut,Patagonia,Comodoro Rivadavia,https://www.elpatagonico.com,Suiza ganó y sueña con los 16avos. de final
2026-06-19,2026-W25,provincial,EL PATAGÓNICO,Chubut,Patagonia,Comodoro Rivadavia,https://www.elpatagonico.com,Un profesor de Cushamen renunció a su trabajo para ir a EEUU a ver el Mundial
2026-06-19,2026-W25,provincial,EL PATAGÓNICO,Chubut,Patagonia,Comodoro Rivadavia,https://www.elpatagonico.com,República Checa y Sudáfrica lograron su primer punto en la Copa del Mundo
2026-06-19,2026-W25,provincial,EL PATAGÓNICO,Chubut,Patagonia,Comodoro Rivadavia,https://www.elpatagonico.com,"De ""Matador"" a Los Palmeras: las canciones que eligió la Selección para festejar sus goles"
2026-06-19,2026-W25,provincial,EL PATAGÓNICO,Chubut,Patagonia,Comodoro Rivadavia,https://www.elpatagonico.com,Ghana derrotó a Panamá en la última jugada
2026-06-19,2026-W25,provincial,EL PATAGÓNICO,Chubut,Patagonia,Comodoro Rivadavia,https://www.elpatagonico.com,El CPB Stella Maris cumplió 30 años
2026-06-19,2026-W25,provincial,EL PATAGÓNICO,Chubut,Patagonia,Comodoro Rivadavia,https://www.elpatagonico.com,Comodoro Conocimiento asesora a emprendedores
2026-06-19,2026-W25,provincial,EL PATAGÓNICO,Chubut,Patagonia,Comodoro Rivadavia,https://www.elpatagonico.com,Comodoro pierde otro comercio histórico tras 20 años de actividad
2026-06-19,2026-W25,provincial,EL PATAGÓNICO,Chubut,Patagonia,Comodoro Rivadavia,https://www.elpatagonico.com,La mamá de Messi a Flor Peña: le aceptó las disculpas y la invitó a un café
2026-06-19,2026-W25,provincial,EL PATAGÓNICO,Chubut,Patagonia,Comodoro Rivadavia,https://www.elpatagonico.com,Causa Adorni: ARCA intimó al contratista que reformó su casa
2026-06-19,2026-W25,provincial,EL PATAGÓNICO,Chubut,Patagonia,Comodoro Rivadavia,https://www.elpatagonico.com,Prendió fuego una vivienda tras amenazar a sus ocupantes y seguirá detenido
2026-06-19,2026-W25,provincial,EL PATAGÓNICO,Chubut,Patagonia,Comodoro Rivadavia,https://www.elpatagonico.com,Alto riesgo de seguridad pública al agravarse el conflicto policial
2026-06-19,2026-W25,provincial,EL PATAGÓNICO,Chubut,Patagonia,Comodoro Rivadavia,https://www.elpatagonico.com,Inauguran red de gas en el barrio René Favaloro
2026-06-19,2026-W25,provincial,EL PATAGÓNICO,Chubut,Patagonia,Comodoro Rivadavia,https://www.elpatagonico.com,Villarruel y Gadano recibieron a estudiantes de Caleta Olivia
2026-06-19,2026-W25,provincial,EL PATAGÓNICO,Chubut,Patagonia,Comodoro Rivadavia,https://www.elpatagonico.com,Los peritajes avanzan en El Marquesado y se trasladan a Los Tilos
2026-06-19,2026-W25,provincial,EL PATAGÓNICO,Chubut,Patagonia,Comodoro Rivadavia,https://www.elpatagonico.com,Empleado de super quiso llevarse mercadería por más de $240 mil
2026-06-19,2026-W25,provincial,EL PATAGÓNICO,Chubut,Patagonia,Comodoro Rivadavia,https://www.elpatagonico.com,La familia Messi rompió el silencio sobre la salud de Jorge Messi
2026-06-19,2026-W25,provincial,EL PATAGÓNICO,Chubut,Patagonia,Comodoro Rivadavia,https://www.elpatagonico.com,Intentaron incendiar un automóvil en Km 8 y fueron detenidos
2026-06-19,2026-W25,provincial,EL PATAGÓNICO,Chubut,Patagonia,Comodoro Rivadavia,https://www.elpatagonico.com,"Capacitación, innovación y crecimiento en Rada Tilly"
2026-06-19,2026-W25,provincial,EL PATAGÓNICO,Chubut,Patagonia,Comodoro Rivadavia,https://www.elpatagonico.com,Irregularidades en un sitio donde crían y venden carne de cerdo
2026-06-19,2026-W25,provincial,EL PATAGÓNICO,Chubut,Patagonia,Comodoro Rivadavia,https://www.elpatagonico.com,El geólogo de Añelo que expuso el lado oculto de Vaca Muerta
2026-06-19,2026-W25,provincial,EL PATAGÓNICO,Chubut,Patagonia,Comodoro Rivadavia,https://www.elpatagonico.com,Consiguió los datos de los abuelos de su novio y pidió dos préstamos
2026-06-19,2026-W25,provincial,EL PATAGÓNICO,Chubut,Patagonia,Comodoro Rivadavia,https://www.elpatagonico.com,Rechazó una fortuna: cuánto le ofrecieron a la pareja de Mac Allister
2026-06-19,2026-W25,provincial,EL PATAGÓNICO,Chubut,Patagonia,Comodoro Rivadavia,https://www.elpatagonico.com,Escándalo en Luzu TV: despidos y salida de Flor Peña tras la falsa noticia sobre Jorge Messi
2026-06-19,2026-W25,provincial,EL PATAGÓNICO,Chubut,Patagonia,Comodoro Rivadavia,https://www.elpatagonico.com,Pampita compró figuritas y le mandaron tomates
2026-06-19,2026-W25,provincial,EL PATAGÓNICO,Chubut,Patagonia,Comodoro Rivadavia,https://www.elpatagonico.com,Valentina Cervantes ventiló la intimidad del chat de las mujeres de la Selección
2026-06-19,2026-W25,provincial,EL PATAGÓNICO,Chubut,Patagonia,Comodoro Rivadavia,https://www.elpatagonico.com,Treinta y tres instituciones de los Juegos Comunitarios recibieron material deportivo
2026-06-19,2026-W25,provincial,EL PATAGÓNICO,Chubut,Patagonia,Comodoro Rivadavia,https://www.elpatagonico.com,Ferro y Camioneros animan un duelo de líderes en el Ascenso
2026-06-19,2026-W25,provincial,EL PATAGÓNICO,Chubut,Patagonia,Comodoro Rivadavia,https://www.elpatagonico.com,El Apertura de futsal promocional tendrá acción solo este sábado
2026-06-19,2026-W25,provincial,EL DIARIO DE LA PAMPA,La Pampa,Patagonia,Santa Rosa,https://www.eldiariodelapampa.com.ar,Radio El Diario
2026-06-19,2026-W25,provincial,EL DIARIO DE LA PAMPA,La Pampa,Patagonia,Santa Rosa,https://www.eldiariodelapampa.com.ar,Eleg├Ł una secci├│n
2026-06-19,2026-W25,provincial,EL DIARIO DE LA PAMPA,La Pampa,Patagonia,Santa Rosa,https://www.eldiariodelapampa.com.ar,LA TAPA INTELIGENTE
2026-06-19,2026-W25,provincial,EL DIARIO DE LA PAMPA,La Pampa,Patagonia,Santa Rosa,https://www.eldiariodelapampa.com.ar,Estados Unidos le ganó a Australia y clasificó
2026-06-19,2026-W25,provincial,EL DIARIO DE LA PAMPA,La Pampa,Patagonia,Santa Rosa,https://www.eldiariodelapampa.com.ar,Goleada con historia y angustia para Canadá
2026-06-19,2026-W25,provincial,EL DIARIO DE LA PAMPA,La Pampa,Patagonia,Santa Rosa,https://www.eldiariodelapampa.com.ar,México ganó por la mínima a Corea
2026-06-19,2026-W25,provincial,EL DIARIO DE LA PAMPA,La Pampa,Patagonia,Santa Rosa,https://www.eldiariodelapampa.com.ar,"Jorge Messi: ""Qué quilombo que armé"""
2026-06-19,2026-W25,provincial,EL DIARIO DE LA PAMPA,La Pampa,Patagonia,Santa Rosa,https://www.eldiariodelapampa.com.ar,Volvieron a internar a Chiche Gelblung a días de recibir el alta
2026-06-19,2026-W25,provincial,EL DIARIO DE LA PAMPA,La Pampa,Patagonia,Santa Rosa,https://www.eldiariodelapampa.com.ar,Disney on Ice regresa al país estas vacaciones de invierno
2026-06-19,2026-W25,provincial,EL DIARIO DE LA PAMPA,La Pampa,Patagonia,Santa Rosa,https://www.eldiariodelapampa.com.ar,Maná vuelve a la Argentina y presentará su show en River
2026-06-19,2026-W25,provincial,EL DIARIO DE LA PAMPA,La Pampa,Patagonia,Santa Rosa,https://www.eldiariodelapampa.com.ar,"""El día de la revelación"": el regreso de Spielberg a los extraterrestres"
2026-06-19,2026-W25,provincial,EL DIARIO DE LA PAMPA,La Pampa,Patagonia,Santa Rosa,https://www.eldiariodelapampa.com.ar,El turismo de nieve impulsa la temporada invernal
2026-06-19,2026-W25,provincial,EL DIARIO DE LA PAMPA,La Pampa,Patagonia,Santa Rosa,https://www.eldiariodelapampa.com.ar,Estados Unidos ofrecerá un servicio premium y exprés para visas de turismo
2026-06-19,2026-W25,provincial,EL DIARIO DE LA PAMPA,La Pampa,Patagonia,Santa Rosa,https://www.eldiariodelapampa.com.ar,"Sports tripping, la tendencia del viaje que gana fuerza"
2026-06-19,2026-W25,provincial,EL DIARIO DE LA PAMPA,La Pampa,Patagonia,Santa Rosa,https://www.eldiariodelapampa.com.ar,"""Furor por Argentina"": entusiasmo de cara a la temporada invernal argentina"
2026-06-19,2026-W25,provincial,EL DIARIO DE LA PAMPA,La Pampa,Patagonia,Santa Rosa,https://www.eldiariodelapampa.com.ar,Polémica por el loteo de Santa Rosa Rugby: otro pedido de postergar audiencia
2026-06-19,2026-W25,provincial,EL DIARIO DE LA PAMPA,La Pampa,Patagonia,Santa Rosa,https://www.eldiariodelapampa.com.ar,"El misterio del hornero: revelan por qué tienen la ""puerta"" a la derecha o a la izquierda"
2026-06-19,2026-W25,provincial,EL DIARIO DE LA PAMPA,La Pampa,Patagonia,Santa Rosa,https://www.eldiariodelapampa.com.ar,"Ley de Glaciares: Dillon desmontó los argumentos de Ravier, uno por uno"
2026-06-19,2026-W25,provincial,EL DIARIO DE LA PAMPA,La Pampa,Patagonia,Santa Rosa,https://www.eldiariodelapampa.com.ar,Ravier y Ardohain votaron a favor de cambios que pueden afectar al Colorado
2026-06-19,2026-W25,provincial,EL DIARIO DE LA PAMPA,La Pampa,Patagonia,Santa Rosa,https://www.eldiariodelapampa.com.ar,Desarrollan una nariz electrónica que detecta alimentos en mal estado
2026-06-19,2026-W25,provincial,EL DIARIO DE LA PAMPA,La Pampa,Patagonia,Santa Rosa,https://www.eldiariodelapampa.com.ar,Especialista del Conicet advirtió sobre los riesgos de las baterías de litio tras un caso fatal
2026-06-19,2026-W25,provincial,EL DIARIO DE LA PAMPA,La Pampa,Patagonia,Santa Rosa,https://www.eldiariodelapampa.com.ar,Artemis III: cuándo anunciará la NASA la nueva tripulación que busca acercarnos a la Luna
2026-06-19,2026-W25,provincial,EL DIARIO DE LA PAMPA,La Pampa,Patagonia,Santa Rosa,https://www.eldiariodelapampa.com.ar,"""Super Niño"": hay un 90% de probabilidad de un evento extremo en el segundo semestre"
2026-06-19,2026-W25,provincial,EL DIARIO DE LA PAMPA,La Pampa,Patagonia,Santa Rosa,https://www.eldiariodelapampa.com.ar,Milei designó a Ravier como vocero y asume Matzkin como diputado
2026-06-19,2026-W25,provincial,EL DIARIO DE LA PAMPA,La Pampa,Patagonia,Santa Rosa,https://www.eldiariodelapampa.com.ar,Los viejos tuits donde Milei y Ravier se cruzaban fuerte
2026-06-19,2026-W25,provincial,EL DIARIO DE LA PAMPA,La Pampa,Patagonia,Santa Rosa,https://www.eldiariodelapampa.com.ar,Brasil enfrenta a Haití en busca de la recuperación
2026-06-19,2026-W25,provincial,EL DIARIO DE LA PAMPA,La Pampa,Patagonia,Santa Rosa,https://www.eldiariodelapampa.com.ar,Siguen los cruces entre el Gobierno y gremios por los despidos en áreas clave
2026-06-19,2026-W25,provincial,EL DIARIO DE LA PAMPA,La Pampa,Patagonia,Santa Rosa,https://www.eldiariodelapampa.com.ar,Profundizan la investigación sobre Adorni y ponen la lupa en la herencia familiar
2026-06-19,2026-W25,provincial,EL DIARIO DE LA PAMPA,La Pampa,Patagonia,Santa Rosa,https://www.eldiariodelapampa.com.ar,El megaproyecto inmobiliario de la Ruta 35 pasó a reserva y se postergó su tratamiento
2026-06-19,2026-W25,provincial,EL DIARIO DE LA PAMPA,La Pampa,Patagonia,Santa Rosa,https://www.eldiariodelapampa.com.ar,La mora bancaria de las familias marcó un récord en más de 20 años
2026-06-19,2026-W25,provincial,EL DIARIO DE LA PAMPA,La Pampa,Patagonia,Santa Rosa,https://www.eldiariodelapampa.com.ar,Dos detenidos con drogas en allanamientos en Guatraché
2026-06-19,2026-W25,provincial,EL DIARIO DE LA PAMPA,La Pampa,Patagonia,Santa Rosa,https://www.eldiariodelapampa.com.ar,Dos viviendas más ya están listas para entregar en Loventuel
2026-06-19,2026-W25,provincial,EL DIARIO DE LA PAMPA,La Pampa,Patagonia,Santa Rosa,https://www.eldiariodelapampa.com.ar,Casamientos del viernes 19 de junio por la mañana en Santa Rosa
2026-06-19,2026-W25,provincial,EL DIARIO DE LA PAMPA,La Pampa,Patagonia,Santa Rosa,https://www.eldiariodelapampa.com.ar,"Di Napoli advierte que no permitirá que ""sigan creciendo las ocupaciones de tierras"""
2026-06-19,2026-W25,provincial,EL DIARIO DE LA PAMPA,La Pampa,Patagonia,Santa Rosa,https://www.eldiariodelapampa.com.ar,Comenzó la obra de asfalto y mejoras en Villa Parque
2026-06-19,2026-W25,provincial,EL DIARIO DE LA PAMPA,La Pampa,Patagonia,Santa Rosa,https://www.eldiariodelapampa.com.ar,"El rechazo de la Fundación Chadileuvú: ""Están creando un barrio cerrado"""
2026-06-19,2026-W25,provincial,EL DIARIO DE LA PAMPA,La Pampa,Patagonia,Santa Rosa,https://www.eldiariodelapampa.com.ar,Prestadores del PAMI suspendieron nuevos turnos por atrasos en pagos
2026-06-19,2026-W25,provincial,EL DIARIO DE LA PAMPA,La Pampa,Patagonia,Santa Rosa,https://www.eldiariodelapampa.com.ar,Cuánto hay que ganar en Argentina: el ránking de los sueldos que se piden en junio 2026
2026-06-19,2026-W25,provincial,EL DIARIO DE LA PAMPA,La Pampa,Patagonia,Santa Rosa,https://www.eldiariodelapampa.com.ar,Dólar: el Banco Nación registró su cuarta suba consecutiva
2026-06-19,2026-W25,provincial,EL DIARIO DE LA PAMPA,La Pampa,Patagonia,Santa Rosa,https://www.eldiariodelapampa.com.ar,UTELPa lanzó relevamiento
2026-06-19,2026-W25,provincial,EL DIARIO DE LA PAMPA,La Pampa,Patagonia,Santa Rosa,https://www.eldiariodelapampa.com.ar,El Tribunal de Cuentas se sumó a la campaña de donación de sangre
2026-06-19,2026-W25,provincial,EL DIARIO DE LA PAMPA,La Pampa,Patagonia,Santa Rosa,https://www.eldiariodelapampa.com.ar,Buscan a un hombre que salió a caminar en Pico y no regresó
2026-06-19,2026-W25,provincial,EL DIARIO DE LA PAMPA,La Pampa,Patagonia,Santa Rosa,https://www.eldiariodelapampa.com.ar,"Para Noelia Viara, ""es anticipado hablar de candidaturas"" en el PRO"
2026-06-19,2026-W25,provincial,EL DIARIO DE LA PAMPA,La Pampa,Patagonia,Santa Rosa,https://www.eldiariodelapampa.com.ar,Audiencia por el loteo: cuestionamientos por el agua y el impacto urbano
2026-06-19,2026-W25,provincial,EL DIARIO DE LA PAMPA,La Pampa,Patagonia,Santa Rosa,https://www.eldiariodelapampa.com.ar,"Ravier defendió a Adorni: ""Subimos la vara"""
2026-06-19,2026-W25,provincial,EL DIARIO DE LA PAMPA,La Pampa,Patagonia,Santa Rosa,https://www.eldiariodelapampa.com.ar,Encontraron a un adulto mayor de Toay que se había perdido cuando buscaba caballos
2026-06-19,2026-W25,provincial,EL DIARIO DE LA PAMPA,La Pampa,Patagonia,Santa Rosa,https://www.eldiariodelapampa.com.ar,El Concejo Deliberante de Pico aprobó una moratoria municipal
2026-06-19,2026-W25,provincial,EL DIARIO DE LA PAMPA,La Pampa,Patagonia,Santa Rosa,https://www.eldiariodelapampa.com.ar,"Escuelas ""i"": desarrollaron una jornada con participación de las familias en Pico"
2026-06-19,2026-W25,provincial,EL DIARIO DE LA PAMPA,La Pampa,Patagonia,Santa Rosa,https://www.eldiariodelapampa.com.ar,Policías pampeanos en una jornada de intercambio investigativo en Neuquén
2026-06-19,2026-W25,provincial,EL DIARIO DE LA PAMPA,La Pampa,Patagonia,Santa Rosa,https://www.eldiariodelapampa.com.ar,Ribeiro se hace cargo de Medanito
2026-06-19,2026-W25,provincial,LA ARENA,La Pampa,Patagonia,Santa Rosa,https://www.laarena.com.ar,"Riglos: Ziliotto entregó 35 viviendas, anunció otras 10 y una inversión de $180 millones para desagües pluviales"
2026-06-19,2026-W25,provincial,LA ARENA,La Pampa,Patagonia,Santa Rosa,https://www.laarena.com.ar,Una promesa de lealtad a orillas del Atuel
2026-06-19,2026-W25,provincial,LA ARENA,La Pampa,Patagonia,Santa Rosa,https://www.laarena.com.ar,Adrián Ravier: de “imbécil total” a vocero presidencial de Milei
2026-06-19,2026-W25,provincial,LA ARENA,La Pampa,Patagonia,Santa Rosa,https://www.laarena.com.ar,Emotiva promesa a la bandera en Pico: participaron cerca de mil estudiantes
2026-06-19,2026-W25,provincial,LA ARENA,La Pampa,Patagonia,Santa Rosa,https://www.laarena.com.ar,Detectaron tres brotes de triquinosis y 23 personas infectadas
2026-06-19,2026-W25,provincial,LA ARENA,La Pampa,Patagonia,Santa Rosa,https://www.laarena.com.ar,Transporte y recolección de residuos: así funcionarán los servicios por el feriado
2026-06-19,2026-W25,provincial,LA ARENA,La Pampa,Patagonia,Santa Rosa,https://www.laarena.com.ar,Dos detenidos por robar un medidor de gas
2026-06-19,2026-W25,provincial,LA ARENA,La Pampa,Patagonia,Santa Rosa,https://www.laarena.com.ar,"Celebran el año nuevo Ranquel en Santa Rosa, Emilio Mitre y Victorica"
2026-06-19,2026-W25,provincial,LA ARENA,La Pampa,Patagonia,Santa Rosa,https://www.laarena.com.ar,"Este sábado, combos y nuevas promociones en el Mercado Municipal"
2026-06-19,2026-W25,provincial,LA ARENA,La Pampa,Patagonia,Santa Rosa,https://www.laarena.com.ar,Joven chocó contra el arco de ingreso a Catriló
2026-06-19,2026-W25,provincial,LA ARENA,La Pampa,Patagonia,Santa Rosa,https://www.laarena.com.ar,Leonardo Santesteban en El Aire de la Mañana del 19/06
2026-06-19,2026-W25,provincial,LA ARENA,La Pampa,Patagonia,Santa Rosa,https://www.laarena.com.ar,Otorgaron 3 mil permisos a cazadores extranjeros y habilitarán la caza de liebre
2026-06-19,2026-W25,provincial,LA ARENA,La Pampa,Patagonia,Santa Rosa,https://www.laarena.com.ar,Tributo al solsticio de invierno: llega la 23 Fiesta del Sol
2026-06-19,2026-W25,provincial,LA ARENA,La Pampa,Patagonia,Santa Rosa,https://www.laarena.com.ar,"Traspaso del Procrear, desde el gobierno confirman avances"
2026-06-19,2026-W25,provincial,LA ARENA,La Pampa,Patagonia,Santa Rosa,https://www.laarena.com.ar,Una victoria popular: Clarín dejó de cablear de manera ilegal
2026-06-19,2026-W25,provincial,LA ARENA,La Pampa,Patagonia,Santa Rosa,https://www.laarena.com.ar,Una mujer herida por un choque en González y Alsina
2026-06-19,2026-W25,provincial,LA ARENA,La Pampa,Patagonia,Santa Rosa,https://www.laarena.com.ar,Echaron a una decena de municipales de Santa Isabel
2026-06-19,2026-W25,provincial,LA ARENA,La Pampa,Patagonia,Santa Rosa,https://www.laarena.com.ar,Cuándo arranca el invierno: día y horario exacto en la Argentina
2026-06-19,2026-W25,provincial,LA ARENA,La Pampa,Patagonia,Santa Rosa,https://www.laarena.com.ar,La Cámara de Comercio lanza un curso con salida laboral directa
2026-06-19,2026-W25,provincial,LA ARENA,La Pampa,Patagonia,Santa Rosa,https://www.laarena.com.ar,Una sola donación de órganos logró salvar cinco vidas
2026-06-19,2026-W25,provincial,LA ARENA,La Pampa,Patagonia,Santa Rosa,https://www.laarena.com.ar,Una jubilada y su hijo murieron por inhalación de monóxido de carbono
2026-06-19,2026-W25,provincial,LA ARENA,La Pampa,Patagonia,Santa Rosa,https://www.laarena.com.ar,Rehabilitaron aves silvestres y las devolvieron a su habitat natural
2026-06-19,2026-W25,provincial,LA ARENA,La Pampa,Patagonia,Santa Rosa,https://www.laarena.com.ar,"ANSES: jubilados, pensionados y AUH ¿quiénes cobran hoy viernes 19 de junio?"
2026-06-19,2026-W25,provincial,LA ARENA,La Pampa,Patagonia,Santa Rosa,https://www.laarena.com.ar,Confirman que abrirán el Paso Internacional Cristo Redentor ¿cuándo?
2026-06-19,2026-W25,provincial,LA ARENA,La Pampa,Patagonia,Santa Rosa,https://www.laarena.com.ar,Alerta meteorológica por tormentas severas
2026-06-19,2026-W25,provincial,LA ARENA,La Pampa,Patagonia,Santa Rosa,https://www.laarena.com.ar,Menor habló con un australiano y ahora lo investigan por terrorismo
2026-06-19,2026-W25,provincial,LA ARENA,La Pampa,Patagonia,Santa Rosa,https://www.laarena.com.ar,Investigan la profanación de dos tumbas en Macachín
2026-06-19,2026-W25,provincial,LA ARENA,La Pampa,Patagonia,Santa Rosa,https://www.laarena.com.ar,Toay: la Policía encontró a un hombre perdido
2026-06-19,2026-W25,provincial,LA ARENA,La Pampa,Patagonia,Santa Rosa,https://www.laarena.com.ar,Boicot del vernismo a la sesión dejó en minoría al PJ
2026-06-19,2026-W25,provincial,LA ARENA,La Pampa,Patagonia,Santa Rosa,https://www.laarena.com.ar,Colgó una gigantografía de Messi y se volvió un atractivo para todos los que pasan
2026-06-19,2026-W25,provincial,LA ARENA,La Pampa,Patagonia,Santa Rosa,https://www.laarena.com.ar,General Pico: buscan a un hombre desaparecido
2026-06-19,2026-W25,provincial,LA ARENA,La Pampa,Patagonia,Santa Rosa,https://www.laarena.com.ar,Profanaron dos tumbas en Macachín
2026-06-19,2026-W25,provincial,LA ARENA,La Pampa,Patagonia,Santa Rosa,https://www.laarena.com.ar,Condenaron a un camionero por la muerte de un piquense
2026-06-19,2026-W25,provincial,LA ARENA,La Pampa,Patagonia,Santa Rosa,https://www.laarena.com.ar,"Misterio por el paradero de Salinas: ""En plena búsqueda"""
2026-06-19,2026-W25,provincial,LA ARENA,La Pampa,Patagonia,Santa Rosa,https://www.laarena.com.ar,Incorporan seguridad privada para el Procrear
2026-06-19,2026-W25,provincial,LA ARENA,La Pampa,Patagonia,Santa Rosa,https://www.laarena.com.ar,“El loteo no resuelve ningún problema”
2026-06-19,2026-W25,provincial,LA ARENA,La Pampa,Patagonia,Santa Rosa,https://www.laarena.com.ar,El pronóstico del tiempo para hoy en Santa Rosa
2026-06-19,2026-W25,provincial,LA ARENA,La Pampa,Patagonia,Santa Rosa,https://www.laarena.com.ar,El Medanito: la Provincia no aprobó el informe final ambiental
2026-06-19,2026-W25,provincial,LA ARENA,La Pampa,Patagonia,Santa Rosa,https://www.laarena.com.ar,Buscan excluir a funcionarios del régimen de inocencia fiscal
2026-06-19,2026-W25,provincial,LA ARENA,La Pampa,Patagonia,Santa Rosa,https://www.laarena.com.ar,Aprobaron la fusión de Clarín pero con condiciones
2026-06-19,2026-W25,provincial,LA ARENA,La Pampa,Patagonia,Santa Rosa,https://www.laarena.com.ar,Cacip pide reducción de costos financieros
2026-06-19,2026-W25,provincial,LA ARENA,La Pampa,Patagonia,Santa Rosa,https://www.laarena.com.ar,El consumo de Internet subió 35% en La Pampa
2026-06-19,2026-W25,provincial,LA ARENA,La Pampa,Patagonia,Santa Rosa,https://www.laarena.com.ar,La derrota de Trump en Irán
2026-06-19,2026-W25,provincial,LA ARENA,La Pampa,Patagonia,Santa Rosa,https://www.laarena.com.ar,Pampeanos al nacional
2026-06-19,2026-W25,provincial,LA ARENA,La Pampa,Patagonia,Santa Rosa,https://www.laarena.com.ar,All Boys está a un paso
2026-06-19,2026-W25,provincial,LA ARENA,La Pampa,Patagonia,Santa Rosa,https://www.laarena.com.ar,Piquense resistió asalto en Nueva Córdoba
2026-06-19,2026-W25,provincial,LA ARENA,La Pampa,Patagonia,Santa Rosa,https://www.laarena.com.ar,Condenan a camionero por la muerte de un piquense
2026-06-19,2026-W25,provincial,LA ARENA,La Pampa,Patagonia,Santa Rosa,https://www.laarena.com.ar,Detuvieron a un hombre y secuestraron drogas
2026-06-19,2026-W25,provincial,LA ARENA,La Pampa,Patagonia,Santa Rosa,https://www.laarena.com.ar,Se profundiza crisis en el sindicato de gráficos
2026-06-19,2026-W25,provincial,LA ARENA,La Pampa,Patagonia,Santa Rosa,https://www.laarena.com.ar,River jugará amistoso
2026-06-19,2026-W25,provincial,PLAN B NOTICIAS,La Pampa,Patagonia,Santa Rosa,https://www.planbnoticias.com.ar,Karina Milei maneja 1.100 millones para gastos en tarjetas de crédito
2026-06-19,2026-W25,provincial,PLAN B NOTICIAS,La Pampa,Patagonia,Santa Rosa,https://www.planbnoticias.com.ar,Adrián Ravier fue designado vocero de Milei
2026-06-19,2026-W25,provincial,PLAN B NOTICIAS,La Pampa,Patagonia,Santa Rosa,https://www.planbnoticias.com.ar,"Guatraché: Dos allanamientos, dos detenidos y secuestro de cocaína"
2026-06-19,2026-W25,provincial,PLAN B NOTICIAS,La Pampa,Patagonia,Santa Rosa,https://www.planbnoticias.com.ar,Di Nápoli recorrió la obra para pavimentar 36 cuadras de Villa Parque
2026-06-19,2026-W25,provincial,PLAN B NOTICIAS,La Pampa,Patagonia,Santa Rosa,https://www.planbnoticias.com.ar,Riglos sumó 35 nuevas casas: Se financiarán más viviendas y obras de infraestructura
2026-06-19,2026-W25,provincial,PLAN B NOTICIAS,La Pampa,Patagonia,Santa Rosa,https://www.planbnoticias.com.ar,Estados Unidos le ganó a Australia
2026-06-19,2026-W25,provincial,PLAN B NOTICIAS,La Pampa,Patagonia,Santa Rosa,https://www.planbnoticias.com.ar,Educación + Justicia: Charla en Eduardo Castex y un taller en General Pico
2026-06-19,2026-W25,provincial,PLAN B NOTICIAS,La Pampa,Patagonia,Santa Rosa,https://www.planbnoticias.com.ar,El despectivo comentario de Caputo sobre Florencia Peña: “Dejemos de hablar de la boluda esta”
2026-06-19,2026-W25,provincial,PLAN B NOTICIAS,La Pampa,Patagonia,Santa Rosa,https://www.planbnoticias.com.ar,UTELPa lanzó un relevamiento destinado a docentes de especialidades
2026-06-19,2026-W25,provincial,PLAN B NOTICIAS,La Pampa,Patagonia,Santa Rosa,https://www.planbnoticias.com.ar,Dos viviendas listas para entregar en Loventuel
2026-06-19,2026-W25,provincial,PLAN B NOTICIAS,La Pampa,Patagonia,Santa Rosa,https://www.planbnoticias.com.ar,Patricia Bullrich se refirió a la designación de Ravier
2026-06-19,2026-W25,provincial,PLAN B NOTICIAS,La Pampa,Patagonia,Santa Rosa,https://www.planbnoticias.com.ar,Este sábado combo y nuevas promociones en el Mercado Municipal
2026-06-19,2026-W25,provincial,PLAN B NOTICIAS,La Pampa,Patagonia,Santa Rosa,https://www.planbnoticias.com.ar,"Abren inscripción a “ActivaMente”, un taller gratuito para ejercitar la memoria y fortalecer los vínculos sociales"
2026-06-19,2026-W25,provincial,PLAN B NOTICIAS,La Pampa,Patagonia,Santa Rosa,https://www.planbnoticias.com.ar,UTELPa realiza una encuesta entre docentes de especialidades
2026-06-19,2026-W25,provincial,PLAN B NOTICIAS,La Pampa,Patagonia,Santa Rosa,https://www.planbnoticias.com.ar,"Santa Isabel: Tras la remoción de Farana, despiden a 12 trabajadores"
2026-06-19,2026-W25,provincial,PLAN B NOTICIAS,La Pampa,Patagonia,Santa Rosa,https://www.planbnoticias.com.ar,Turismo Rural en La Pampa: los lugares que tenés que visitar
2026-06-19,2026-W25,provincial,PLAN B NOTICIAS,La Pampa,Patagonia,Santa Rosa,https://www.planbnoticias.com.ar,"Audiencia Pública por desarrollo urbano: “Hubo expositores y expositoras de gran nivel, el debate va a seguir”"
2026-06-19,2026-W25,provincial,PLAN B NOTICIAS,La Pampa,Patagonia,Santa Rosa,https://www.planbnoticias.com.ar,¿Cómo funcionarán los servicios municipales este fin de semana?
2026-06-19,2026-W25,provincial,PLAN B NOTICIAS,La Pampa,Patagonia,Santa Rosa,https://www.planbnoticias.com.ar,Proponen aumentar porcentajes de tierras municipales en loteos privados y crear Empresa Pública para construir viviendas
2026-06-19,2026-W25,provincial,PLAN B NOTICIAS,La Pampa,Patagonia,Santa Rosa,https://www.planbnoticias.com.ar,El Tribunal de Cuentas de La Pampa se sumó a la campaña de donación de sangre
2026-06-19,2026-W25,provincial,PLAN B NOTICIAS,La Pampa,Patagonia,Santa Rosa,https://www.planbnoticias.com.ar,Nación ratificó que las personas con discapacidad seguirán viajando sin abonar el pasaje
2026-06-19,2026-W25,provincial,PLAN B NOTICIAS,La Pampa,Patagonia,Santa Rosa,https://www.planbnoticias.com.ar,En el Salón Los Pioneros: Talleres de la CPE se suman con sus actividades al Día Internacional del Yoga
2026-06-19,2026-W25,provincial,PLAN B NOTICIAS,La Pampa,Patagonia,Santa Rosa,https://www.planbnoticias.com.ar,Contratan personal de Seguridad para los predios del Procrear abandonados por Nación
2026-06-19,2026-W25,provincial,PLAN B NOTICIAS,La Pampa,Patagonia,Santa Rosa,https://www.planbnoticias.com.ar,La Libertad Avanza impulsa una reforma para que los jóvenes puedan ser concejales desde los 18 años
2026-06-19,2026-W25,provincial,PLAN B NOTICIAS,La Pampa,Patagonia,Santa Rosa,https://www.planbnoticias.com.ar,México le ganó a Corea del Sur y aseguró la clasificación a 16avos de final del Mundial
2026-06-19,2026-W25,provincial,PLAN B NOTICIAS,La Pampa,Patagonia,Santa Rosa,https://www.planbnoticias.com.ar,El Credicoop donó una “zorra hidráulica” a la cooperativa que se encarga del reciclado en Santa Rosa
2026-06-19,2026-W25,provincial,PLAN B NOTICIAS,La Pampa,Patagonia,Santa Rosa,https://www.planbnoticias.com.ar,No a Macri: adjudicaron la hidrovía por 25 años
2026-06-19,2026-W25,provincial,PLAN B NOTICIAS,La Pampa,Patagonia,Santa Rosa,https://www.planbnoticias.com.ar,"Con fuertes críticas y avales, terminó la audiencia pública por el loteo de Santa Rosa Rugby"
2026-06-19,2026-W25,provincial,PLAN B NOTICIAS,La Pampa,Patagonia,Santa Rosa,https://www.planbnoticias.com.ar,Canadá goleó 6-0 a Qatar
2026-06-19,2026-W25,provincial,PLAN B NOTICIAS,La Pampa,Patagonia,Santa Rosa,https://www.planbnoticias.com.ar,Avanza obra que ampliará la superficie productiva bajo riego de Casa de Piedra
2026-06-19,2026-W25,provincial,PLAN B NOTICIAS,La Pampa,Patagonia,Santa Rosa,https://www.planbnoticias.com.ar,Arruabarrena será el nuevo entrenador de Boca
2026-06-19,2026-W25,provincial,PLAN B NOTICIAS,La Pampa,Patagonia,Santa Rosa,https://www.planbnoticias.com.ar,Campaña de DNI gratuito: realizaron 135 trámites y anunciaron nuevos operativos
2026-06-19,2026-W25,provincial,PLAN B NOTICIAS,La Pampa,Patagonia,Santa Rosa,https://www.planbnoticias.com.ar,Comunidad Organizada afirmó que competirá en toda La Pampa
2026-06-19,2026-W25,provincial,PLAN B NOTICIAS,La Pampa,Patagonia,Santa Rosa,https://www.planbnoticias.com.ar,Este fin de semana se festeja el We Tripantu Rankül
2026-06-19,2026-W25,provincial,PLAN B NOTICIAS,La Pampa,Patagonia,Santa Rosa,https://www.planbnoticias.com.ar,Milei se refirió a la noticia falsa comunicada por Florencia Peña: “Chimentera de poca monta”
2026-06-19,2026-W25,provincial,PLAN B NOTICIAS,La Pampa,Patagonia,Santa Rosa,https://www.planbnoticias.com.ar,Di Nápoli supervisó obra en el barrio Portal del Sur: Se trata de 1496 metros de cañería nueva
2026-06-19,2026-W25,provincial,PLAN B NOTICIAS,La Pampa,Patagonia,Santa Rosa,https://www.planbnoticias.com.ar,El Medanito: Comunidad Organizada insistió con una nueva audiencia
2026-06-19,2026-W25,provincial,PLAN B NOTICIAS,La Pampa,Patagonia,Santa Rosa,https://www.planbnoticias.com.ar,"Ante los rumores, la familia de Lionel Messi llevó tranquilidad por el estado de salud de su padre"
2026-06-19,2026-W25,provincial,PLAN B NOTICIAS,La Pampa,Patagonia,Santa Rosa,https://www.planbnoticias.com.ar,"Allanamiento, secuestro de cocaína fraccionada y un detenido"
2026-06-19,2026-W25,provincial,PLAN B NOTICIAS,La Pampa,Patagonia,Santa Rosa,https://www.planbnoticias.com.ar,La Provincia no aprueba el Informe Ambiental de Medanito y vuelve a la Legislatura
2026-06-19,2026-W25,provincial,PLAN B NOTICIAS,La Pampa,Patagonia,Santa Rosa,https://www.planbnoticias.com.ar,Tarjetas de Presidencia: la caja de $1.135 millones que depende de Karina Milei
2026-06-19,2026-W25,provincial,PLAN B NOTICIAS,La Pampa,Patagonia,Santa Rosa,https://www.planbnoticias.com.ar,Buscan a un cachorro Ovejero Alemán
2026-06-19,2026-W25,provincial,PLAN B NOTICIAS,La Pampa,Patagonia,Santa Rosa,https://www.planbnoticias.com.ar,"Buscan recaudar dinero para la cirugía de “Negrita”, una perrita rescatada"
2026-06-19,2026-W25,provincial,PLAN B NOTICIAS,La Pampa,Patagonia,Santa Rosa,https://www.planbnoticias.com.ar,LIBERTAD DE EXPRESION Sale o Sale Webe@ando
2026-06-19,2026-W25,provincial,CUTRAL CO AL INSTANTE,Neuquén,Patagonia,Cutral Có,https://www.cutralcoalinstante.com,Últimas noticias
2026-06-19,2026-W25,provincial,CUTRAL CO AL INSTANTE,Neuquén,Patagonia,Cutral Có,https://www.cutralcoalinstante.com,Noticias locales
2026-06-19,2026-W25,provincial,CUTRAL CO AL INSTANTE,Neuquén,Patagonia,Cutral Có,https://www.cutralcoalinstante.com,Realizaron encuentro de vóley formativo en Plaza Huincul
2026-06-19,2026-W25,provincial,CUTRAL CO AL INSTANTE,Neuquén,Patagonia,Cutral Có,https://www.cutralcoalinstante.com,Derecho a réplica por denuncia
2026-06-19,2026-W25,provincial,CUTRAL CO AL INSTANTE,Neuquén,Patagonia,Cutral Có,https://www.cutralcoalinstante.com,Plaza Huincul: invitan a una jornada gratuita para toda la familia
2026-06-19,2026-W25,provincial,CUTRAL CO AL INSTANTE,Neuquén,Patagonia,Cutral Có,https://www.cutralcoalinstante.com,Figueroa y la baja de regalías al GNL: “sin un precio competitivo no vendemos el gas al mundo”
2026-06-19,2026-W25,provincial,CUTRAL CO AL INSTANTE,Neuquén,Patagonia,Cutral Có,https://www.cutralcoalinstante.com,MARIO JOSE SUESCUN
2026-06-19,2026-W25,provincial,CUTRAL CO AL INSTANTE,Neuquén,Patagonia,Cutral Có,https://www.cutralcoalinstante.com,Comunidad mapuche asegura que las tierras donde están “las canteras” les pertenece
2026-06-19,2026-W25,provincial,CUTRAL CO AL INSTANTE,Neuquén,Patagonia,Cutral Có,https://www.cutralcoalinstante.com,"Por la sequía, hacen obras en el sistema de riego de Picún Leufú"
2026-06-19,2026-W25,provincial,CUTRAL CO AL INSTANTE,Neuquén,Patagonia,Cutral Có,https://www.cutralcoalinstante.com,"Tecpetrol reunió a más de 100 voluntarios para realizar mejoras en la EPET N°3, de Neuquén"
2026-06-19,2026-W25,provincial,CUTRAL CO AL INSTANTE,Neuquén,Patagonia,Cutral Có,https://www.cutralcoalinstante.com,RIQUELME FERNÁNDEZ SEGUNDO GASTÓN
2026-06-19,2026-W25,provincial,CUTRAL CO AL INSTANTE,Neuquén,Patagonia,Cutral Có,https://www.cutralcoalinstante.com,CARLOS ALBERTO ARROYO
2026-06-19,2026-W25,provincial,CUTRAL CO AL INSTANTE,Neuquén,Patagonia,Cutral Có,https://www.cutralcoalinstante.com,Familiares agradecen la atención en el hospital de Cutral Co y Plaza Huincul
2026-06-19,2026-W25,provincial,CUTRAL CO AL INSTANTE,Neuquén,Patagonia,Cutral Có,https://www.cutralcoalinstante.com,Piden cadena de oración para Elías Muñoz
2026-06-19,2026-W25,provincial,CUTRAL CO AL INSTANTE,Neuquén,Patagonia,Cutral Có,https://www.cutralcoalinstante.com,¡Saludos de cumple!
2026-06-19,2026-W25,provincial,CUTRAL CO AL INSTANTE,Neuquén,Patagonia,Cutral Có,https://www.cutralcoalinstante.com,Personería Jurídica rechaza la impugnación y convalida las elecciones en el Club Alianza
2026-06-19,2026-W25,provincial,CUTRAL CO AL INSTANTE,Neuquén,Patagonia,Cutral Có,https://www.cutralcoalinstante.com,LIFUNE emite duras sanciones tras los incidentes entre Patagonia y San Patricio
2026-06-19,2026-W25,provincial,CUTRAL CO AL INSTANTE,Neuquén,Patagonia,Cutral Có,https://www.cutralcoalinstante.com,Seguinos en Facebook
2026-06-19,2026-W25,provincial,CUTRAL CO AL INSTANTE,Neuquén,Patagonia,Cutral Có,https://www.cutralcoalinstante.com,Seguinos en Youtube
2026-06-19,2026-W25,provincial,CUTRAL CO AL INSTANTE,Neuquén,Patagonia,Cutral Có,https://www.cutralcoalinstante.com,"Plaza Huincul: invitan a una jornada gratuita para toda la familia 19 junio, 2026 No hay comentarios Los asistentes podrán participar de diversas propuestas pensadas para todas las edades Leer más"
2026-06-19,2026-W25,provincial,CUTRAL CO AL INSTANTE,Neuquén,Patagonia,Cutral Có,https://www.cutralcoalinstante.com,"Figueroa y la baja de regalías al GNL: “sin un precio competitivo no vendemos el gas al mundo” 19 junio, 2026 No hay comentarios Aseguró que “hay que adecuarse para poder ser exitosos”. Rioseco apoyó el desarrollo del GNL “para pensar una nueva comarca para el futuro” Leer más"
2026-06-19,2026-W25,provincial,CUTRAL CO AL INSTANTE,Neuquén,Patagonia,Cutral Có,https://www.cutralcoalinstante.com,"Comunidad mapuche asegura que las tierras donde están “las canteras” les pertenece 19 junio, 2026 No hay comentarios Aseguran que Escalona no tiene nada que ver y que pronto se hará un relevamiento Leer más"
2026-06-19,2026-W25,provincial,CUTRAL CO AL INSTANTE,Neuquén,Patagonia,Cutral Có,https://www.cutralcoalinstante.com,"De la región Figueroa y la baja de regalías al GNL: “sin un precio competitivo no vendemos el gas al mundo” Aseguró que “hay que adecuarse para poder ser exitosos”. Rioseco apoyó el desarrollo del GNL “para pensar una nueva comarca para el futuro” Leer más» 19 junio, 2026 No hay comentarios"
2026-06-19,2026-W25,provincial,CUTRAL CO AL INSTANTE,Neuquén,Patagonia,Cutral Có,https://www.cutralcoalinstante.com,"Noticias locales Plaza Huincul: invitan a una jornada gratuita para toda la familia Los asistentes podrán participar de diversas propuestas pensadas para todas las edades leer más» 19 junio, 2026 No hay comentarios"
2026-06-19,2026-W25,provincial,CUTRAL CO AL INSTANTE,Neuquén,Patagonia,Cutral Có,https://www.cutralcoalinstante.com,"De la región Figueroa y la baja de regalías al GNL: “sin un precio competitivo no vendemos el gas al mundo” Aseguró que “hay que adecuarse para poder ser exitosos”. Rioseco apoyó el desarrollo del GNL “para pensar una nueva comarca para el futuro” leer más» 19 junio, 2026 No hay comentarios"
2026-06-19,2026-W25,provincial,CUTRAL CO AL INSTANTE,Neuquén,Patagonia,Cutral Có,https://www.cutralcoalinstante.com,"Noticias locales Comunidad mapuche asegura que las tierras donde están “las canteras” les pertenece Aseguran que Escalona no tiene nada que ver y que pronto se hará un relevamiento leer más» 19 junio, 2026 No hay comentarios"
2026-06-19,2026-W25,provincial,LM NEUQUÉN,Neuquén,Patagonia,Neuquén,https://www.lmneuquen.com,La postura de Alberto Weretilneck sobre el acuerdo Neuquén-YPF por el GNL
2026-06-19,2026-W25,provincial,LM NEUQUÉN,Neuquén,Patagonia,Neuquén,https://www.lmneuquen.com,Conmoción: Se investiga la muerte de una nena en Cipolletti
2026-06-19,2026-W25,provincial,LM NEUQUÉN,Neuquén,Patagonia,Neuquén,https://www.lmneuquen.com,Varvarco suspendió las pialadas de yeguas ariscas tras el reclamo de proteccionistas
2026-06-19,2026-W25,provincial,LM NEUQUÉN,Neuquén,Patagonia,Neuquén,https://www.lmneuquen.com,Patricia Bullrich habló del nuevo vocero: el palo para Manuel Adorni
2026-06-19,2026-W25,provincial,LM NEUQUÉN,Neuquén,Patagonia,Neuquén,https://www.lmneuquen.com,Terraza Norte: cómo será el Polo Gastronómico y Estacionamiento que promete revolucionar el acceso a Neuquén
2026-06-19,2026-W25,provincial,LM NEUQUÉN,Neuquén,Patagonia,Neuquén,https://www.lmneuquen.com,Explosivas declaraciones: Flor Peña reveló cómo fue la charla que mantuvo con Nico Occhiato
2026-06-19,2026-W25,provincial,LM NEUQUÉN,Neuquén,Patagonia,Neuquén,https://www.lmneuquen.com,"Mundial 2026, en VIVO: Marruecos le gana a Escocia desde el primer minuto"
2026-06-19,2026-W25,provincial,LM NEUQUÉN,Neuquén,Patagonia,Neuquén,https://www.lmneuquen.com,Qué fue lo que más le dolió a Jorge Messi de la fake news sobre él
2026-06-19,2026-W25,provincial,LM NEUQUÉN,Neuquén,Patagonia,Neuquén,https://www.lmneuquen.com,Sigue el escándalo con Neymar y Brasil: ahora lo criticó el presidente Lula
2026-06-19,2026-W25,provincial,LM NEUQUÉN,Neuquén,Patagonia,Neuquén,https://www.lmneuquen.com,Caso Ángel López: contundente respuesta de la fiscalía al pedido de la defensa de revisar pericias en la Corte
2026-06-19,2026-W25,provincial,LM NEUQUÉN,Neuquén,Patagonia,Neuquén,https://www.lmneuquen.com,Condenaron a una cantante a 74 latigazos por publicar un concierto sin velo en YouTube
2026-06-19,2026-W25,provincial,LM NEUQUÉN,Neuquén,Patagonia,Neuquén,https://www.lmneuquen.com,Dramático rescate nocturno de una mujer herida mientras realizaba trekking en la montaña
2026-06-19,2026-W25,provincial,LM NEUQUÉN,Neuquén,Patagonia,Neuquén,https://www.lmneuquen.com,La insólita manera en la que una estrella de la NFL rindió homenaje a Messi
2026-06-19,2026-W25,provincial,LM NEUQUÉN,Neuquén,Patagonia,Neuquén,https://www.lmneuquen.com,Llegó una perra experta en restos humanos para buscar a Manlio Hernández en el basural
2026-06-19,2026-W25,provincial,LM NEUQUÉN,Neuquén,Patagonia,Neuquén,https://www.lmneuquen.com,El gesto del jugador de Qatar que lesionó de gravedad al futbolista de Canadá
2026-06-19,2026-W25,provincial,LM NEUQUÉN,Neuquén,Patagonia,Neuquén,https://www.lmneuquen.com,"Femicidio de Agostina Vega: declaró Soledad Andreani, la dueña del Ford Ka Negro"
2026-06-19,2026-W25,provincial,LM NEUQUÉN,Neuquén,Patagonia,Neuquén,https://www.lmneuquen.com,"Casino Magic Neuquén se renovó de punta a punta: salas modernas, eSports y hotel sustentable"
2026-06-19,2026-W25,provincial,LM NEUQUÉN,Neuquén,Patagonia,Neuquén,https://www.lmneuquen.com,Día Mundial del Cáncer de Piel: Prevención Salud promueve el cuidado y la detección temprana
2026-06-19,2026-W25,provincial,LM NEUQUÉN,Neuquén,Patagonia,Neuquén,https://www.lmneuquen.com,La concesionaria Comahue Trucks inauguró su nuevo edificio en el corazón de la Ruta 22
2026-06-19,2026-W25,provincial,LM NEUQUÉN,Neuquén,Patagonia,Neuquén,https://www.lmneuquen.com,"Google activó ""Fuentes Preferidas"": cómo hacer para que LM Neuquén aparezca en tus búsquedas"
2026-06-19,2026-W25,provincial,LM NEUQUÉN,Neuquén,Patagonia,Neuquén,https://www.lmneuquen.com,"Pese al desfinanciamiento: la resiliencia de la UNCo, según un ranking internacional"
2026-06-19,2026-W25,provincial,LM NEUQUÉN,Neuquén,Patagonia,Neuquén,https://www.lmneuquen.com,"Mientras Messi y Antonela están en el Mundial, la familia Roccuzzo impulsa una ambiciosa inversión"
2026-06-19,2026-W25,provincial,LM NEUQUÉN,Neuquén,Patagonia,Neuquén,https://www.lmneuquen.com,Aguinaldo: la manera en que el empleador liquida el Impuesto a las Ganancias puede afectar al bolsillo
2026-06-19,2026-W25,provincial,LM NEUQUÉN,Neuquén,Patagonia,Neuquén,https://www.lmneuquen.com,El eclipse más largo del siglo: ¿Cuánto durará y cuándo será?
2026-06-19,2026-W25,provincial,LM NEUQUÉN,Neuquén,Patagonia,Neuquén,https://www.lmneuquen.com,"Figueroa en las jornadas CFI: ""La Ley de GNL nos va a permitir llenar los ductos"""
2026-06-19,2026-W25,provincial,LM NEUQUÉN,Neuquén,Patagonia,Neuquén,https://www.lmneuquen.com,La crisis invisible de Añelo: por qué el intendente pide frenar la inmigración masiva
2026-06-19,2026-W25,provincial,LM NEUQUÉN,Neuquén,Patagonia,Neuquén,https://www.lmneuquen.com,El jurado de la nueva edición de MasterChef Celebrity comienza a tomar forma
2026-06-19,2026-W25,provincial,LM NEUQUÉN,Neuquén,Patagonia,Neuquén,https://www.lmneuquen.com,"""La situación es gravísima"": comerciantes denuncian robos a diario y falta de respuesta policial"
2026-06-19,2026-W25,provincial,LM NEUQUÉN,Neuquén,Patagonia,Neuquén,https://www.lmneuquen.com,Secuestraron más de media tonelada de carne en mal estado en carnicerías
2026-06-19,2026-W25,provincial,LM NEUQUÉN,Neuquén,Patagonia,Neuquén,https://www.lmneuquen.com,Sacudón en el Parque Nacional Lanín: le pidieron la renuncia a la intendenta y ya hay reemplazo
2026-06-19,2026-W25,provincial,LM NEUQUÉN,Neuquén,Patagonia,Neuquén,https://www.lmneuquen.com,Horror: el marido obligó a su esposa a prostituirse con 280 hombres
2026-06-19,2026-W25,provincial,LM NEUQUÉN,Neuquén,Patagonia,Neuquén,https://www.lmneuquen.com,"Quién es Adrián Ravier, el nuevo vocero presidencial que reemplaza a Manuel Adorni"
2026-06-19,2026-W25,provincial,LM NEUQUÉN,Neuquén,Patagonia,Neuquén,https://www.lmneuquen.com,"Se desconocieron: por una pelea, dos hermanos se apuñalaron al mismo tiempo y murieron"
2026-06-19,2026-W25,provincial,LM NEUQUÉN,Neuquén,Patagonia,Neuquén,https://www.lmneuquen.com,Migue Granados habló tras el escándalo por la fake news de Florencia Peña sobre Jorge Messi en Luzu TV
2026-06-19,2026-W25,provincial,LM NEUQUÉN,Neuquén,Patagonia,Neuquén,https://www.lmneuquen.com,"""Nos arruinó la vida"": el DT investigado por abusos en un club sumó 5 denuncias por estafas que alcanzan los $430 millones"
2026-06-19,2026-W25,provincial,LM NEUQUÉN,Neuquén,Patagonia,Neuquén,https://www.lmneuquen.com,¿El fin de Luzu?: qué dijo Nico Occhiato tras el escándalo
2026-06-19,2026-W25,provincial,LM NEUQUÉN,Neuquén,Patagonia,Neuquén,https://www.lmneuquen.com,COPA DEL MUNDO 2026
2026-06-19,2026-W25,provincial,LM NEUQUÉN,Neuquén,Patagonia,Neuquén,https://www.lmneuquen.com,Villarruel desafía a Milei: irá al acto del Día de la Bandera sin ser invitada por la Casa Rosada
2026-06-19,2026-W25,provincial,LM NEUQUÉN,Neuquén,Patagonia,Neuquén,https://www.lmneuquen.com,El presidente Javier Milei prepara una muestra de respaldo tras nueva evidencia contra Manuel Adorni
2026-06-19,2026-W25,provincial,LM NEUQUÉN,Neuquén,Patagonia,Neuquén,https://www.lmneuquen.com,"Aprobaron la ley antitrapitos y Jorge Macri ya advirtió: ""Si sos trapito, te meto preso"""
2026-06-19,2026-W25,provincial,LM NEUQUÉN,Neuquén,Patagonia,Neuquén,https://www.lmneuquen.com,Juicio por la muerte de Maradona: la cocinera desconcertó al tribunal con una respuesta
2026-06-19,2026-W25,provincial,LM NEUQUÉN,Neuquén,Patagonia,Neuquén,https://www.lmneuquen.com,Mercado de capitales y Vaca Muerta: proponen nuevas vías de financiamiento para empresas energéticas
2026-06-19,2026-W25,provincial,LM NEUQUÉN,Neuquén,Patagonia,Neuquén,https://www.lmneuquen.com,Nuevo récord: las exportaciones de petróleo se multiplican por cuatro por la guerra
2026-06-19,2026-W25,provincial,LM NEUQUÉN,Neuquén,Patagonia,Neuquén,https://www.lmneuquen.com,Otro paso para el VMOS: desembarcaron los tubos para el oleoducto marino en Río Negro
2026-06-19,2026-W25,provincial,LM NEUQUÉN,Neuquén,Patagonia,Neuquén,https://www.lmneuquen.com,Salarios en Vaca Muerta y Minería 2026: ¿Cuánto exigen hoy los profesionales del sector?
2026-06-19,2026-W25,provincial,LM NEUQUÉN,Neuquén,Patagonia,Neuquén,https://www.lmneuquen.com,Vermut patagónico: la nueva frontera del aperitivo argentino que conquista el mundo
2026-06-19,2026-W25,provincial,LM NEUQUÉN,Neuquén,Patagonia,Neuquén,https://www.lmneuquen.com,La señal que preocupa al sector: cae la superficie bajo control sanitario en la Patagonia
2026-06-19,2026-W25,provincial,LM NEUQUÉN,Neuquén,Patagonia,Neuquén,https://www.lmneuquen.com,La paradoja de la carne: Argentina duplicó las compras a Brasil en lo que va del año
2026-06-19,2026-W25,provincial,LM NEUQUÉN,Neuquén,Patagonia,Neuquén,https://www.lmneuquen.com,Eliminan el uso de caballos en Fiesta campera del norte neuquino
2026-06-19,2026-W25,provincial,LM NEUQUÉN,Neuquén,Patagonia,Neuquén,https://www.lmneuquen.com,Fernando Gago fue operado de urgencia en Chile: las razones
2026-06-19,2026-W25,provincial,LIMAY NOTICIAS,Neuquén,Patagonia,Plottier,https://www.limaynoticias.com.ar,Últimas noticias
2026-06-19,2026-W25,provincial,LIMAY NOTICIAS,Neuquén,Patagonia,Plottier,https://www.limaynoticias.com.ar,Mundial 2026: Exitosa jornada organizada por el EDEP y habrá nueva edición el sábado 20
2026-06-19,2026-W25,provincial,LIMAY NOTICIAS,Neuquén,Patagonia,Plottier,https://www.limaynoticias.com.ar,"Alerta meteorológic por un frente frío con lluvias, posibles nevadas y fuertes vientos"
2026-06-19,2026-W25,provincial,LIMAY NOTICIAS,Neuquén,Patagonia,Plottier,https://www.limaynoticias.com.ar,Loteos en Plottier: lo que tenés que saber antes de adquirir un lote
2026-06-19,2026-W25,provincial,LIMAY NOTICIAS,Neuquén,Patagonia,Plottier,https://www.limaynoticias.com.ar,Más de mil jóvenes recibieron apoyo para impulsar sus emprendimientos
2026-06-19,2026-W25,provincial,LIMAY NOTICIAS,Neuquén,Patagonia,Plottier,https://www.limaynoticias.com.ar,Neuquén incorporó la totalidad del Trabun Mapu al himno
2026-06-19,2026-W25,provincial,LIMAY NOTICIAS,Neuquén,Patagonia,Plottier,https://www.limaynoticias.com.ar,Con ayuda de perros secuestraron droga en la ciudad
2026-06-19,2026-W25,provincial,LIMAY NOTICIAS,Neuquén,Patagonia,Plottier,https://www.limaynoticias.com.ar,Escuchá una nueva edición de Vaca Muerta News Radio
2026-06-19,2026-W25,provincial,LIMAY NOTICIAS,Neuquén,Patagonia,Plottier,https://www.limaynoticias.com.ar,Los hospitales Heller y Plottier habilitan consultorios externos con turnos por Andes
2026-06-19,2026-W25,provincial,LIMAY NOTICIAS,Neuquén,Patagonia,Plottier,https://www.limaynoticias.com.ar,Plottier cuenta con más de 25 ecopuntos y un mapa interactivo para facilitar el reciclaje
2026-06-19,2026-W25,provincial,LIMAY NOTICIAS,Neuquén,Patagonia,Plottier,https://www.limaynoticias.com.ar,Plottier: la obra de ampliación de la EPET 9 ya supera el 55 por ciento de avance
2026-06-19,2026-W25,provincial,LIMAY NOTICIAS,Neuquén,Patagonia,Plottier,https://www.limaynoticias.com.ar,Llega el primer programa de junio de Vaca Muerta News Radio
2026-06-19,2026-W25,provincial,LIMAY NOTICIAS,Neuquén,Patagonia,Plottier,https://www.limaynoticias.com.ar,"El Registro Civil estará en distintos sectores de Neuquén capital, Plottier y Rincón de los Sauces"
2026-06-19,2026-W25,provincial,LIMAY NOTICIAS,Neuquén,Patagonia,Plottier,https://www.limaynoticias.com.ar,Cruces entre la municipalidad y ATE ante los reclamos por mejoras salariales
2026-06-19,2026-W25,provincial,LIMAY NOTICIAS,Neuquén,Patagonia,Plottier,https://www.limaynoticias.com.ar,Sindicatos protestaron frente al municipio por reclamos salariales e indumentaria
2026-06-19,2026-W25,provincial,LIMAY NOTICIAS,Neuquén,Patagonia,Plottier,https://www.limaynoticias.com.ar,El Gobierno habilitó a talleres mecánicos particulares para realizar la RTO
2026-06-19,2026-W25,provincial,LIMAY NOTICIAS,Neuquén,Patagonia,Plottier,https://www.limaynoticias.com.ar,Asaltaron a la jefa comunal Malena Resa
2026-06-19,2026-W25,provincial,LIMAY NOTICIAS,Neuquén,Patagonia,Plottier,https://www.limaynoticias.com.ar,Abren las inscripciones a las Becas Gregorio Álvarez para la terminalidad secundaria
2026-06-19,2026-W25,provincial,LIMAY NOTICIAS,Neuquén,Patagonia,Plottier,https://www.limaynoticias.com.ar,Este domingo corte de energía en Plottier
2026-06-19,2026-W25,provincial,LIMAY NOTICIAS,Neuquén,Patagonia,Plottier,https://www.limaynoticias.com.ar,Nueva edición de Vaca Muerta News Radio
2026-06-19,2026-W25,provincial,LIMAY NOTICIAS,Neuquén,Patagonia,Plottier,https://www.limaynoticias.com.ar,Provincia construirá un nuevo SUM para la EPET Nº19 de Plottier | Neuquen Informa
2026-06-19,2026-W25,provincial,LIMAY NOTICIAS,Neuquén,Patagonia,Plottier,https://www.limaynoticias.com.ar,El barrio 120 Viviendas celebró su 24° aniversario
2026-06-19,2026-W25,provincial,LIMAY NOTICIAS,Neuquén,Patagonia,Plottier,https://www.limaynoticias.com.ar,Lanzan capacitaciones gratuitas para potenciar habilidades digitales
2026-06-19,2026-W25,provincial,LIMAY NOTICIAS,Neuquén,Patagonia,Plottier,https://www.limaynoticias.com.ar,La Municipalidad lanzó un nuevo plan de regularización fiscal con quitas de hasta el 80%
2026-06-19,2026-W25,provincial,LIMAY NOTICIAS,Neuquén,Patagonia,Plottier,https://www.limaynoticias.com.ar,¿Cuándo juega Argentina en el Mundial 2026 y cuáles podrían ser sus próximas fechas?
2026-06-19,2026-W25,provincial,LIMAY NOTICIAS,Neuquén,Patagonia,Plottier,https://www.limaynoticias.com.ar,La Municipalidad de Plottier abrió una convocatoria para cubrir cargos en Obras Públicas y Hábitat
2026-06-19,2026-W25,provincial,LIMAY NOTICIAS,Neuquén,Patagonia,Plottier,https://www.limaynoticias.com.ar,Detectaron 16 alcoholemias positivas y secuestraron 19 vehículos en operativos de tránsito
2026-06-19,2026-W25,provincial,LIMAY NOTICIAS,Neuquén,Patagonia,Plottier,https://www.limaynoticias.com.ar,Escuchá el nuevo programa de Vaca Muerta News Radio
2026-06-19,2026-W25,provincial,LIMAY NOTICIAS,Neuquén,Patagonia,Plottier,https://www.limaynoticias.com.ar,La población de Neuquén roza los 800 mil habitantes
2026-06-19,2026-W25,provincial,LIMAY NOTICIAS,Neuquén,Patagonia,Plottier,https://www.limaynoticias.com.ar,Provincia invertirá más de 580 millones de pesos en equipamiento para Bomberos
2026-06-19,2026-W25,provincial,LIMAY NOTICIAS,Neuquén,Patagonia,Plottier,https://www.limaynoticias.com.ar,YPF aumentó los combustibles 1% y extendió el congelamiento por otros 45 días
2026-06-19,2026-W25,provincial,LIMAY NOTICIAS,Neuquén,Patagonia,Plottier,https://www.limaynoticias.com.ar,Ingresá al simulador y conocé los montos necesarios para acceder a los créditos hipotecarios
2026-06-19,2026-W25,provincial,LIMAY NOTICIAS,Neuquén,Patagonia,Plottier,https://www.limaynoticias.com.ar,"La pobreza trepó al 44,7% en el país y ya afecta a 17,5 millones de personas"
2026-06-19,2026-W25,provincial,LIMAY NOTICIAS,Neuquén,Patagonia,Plottier,https://www.limaynoticias.com.ar,Aprueban el proyecto de tolerancia cero para el consumo de alcohol a conductores de vehículos
2026-06-19,2026-W25,provincial,LIMAY NOTICIAS,Neuquén,Patagonia,Plottier,https://www.limaynoticias.com.ar,"El 61,7% de la población ocupada registró un ingreso promedio de $83.755"
2026-06-19,2026-W25,provincial,LIMAY NOTICIAS,Neuquén,Patagonia,Plottier,https://www.limaynoticias.com.ar,"Según informe de CAME, la producción de pymes industriales creció en septiembre 1,3% interanual"
2026-06-19,2026-W25,provincial,LIMAY NOTICIAS,Neuquén,Patagonia,Plottier,https://www.limaynoticias.com.ar,"Murió Carlitos Balá, el ícono del humor argentino que con sus chistes y su ingenio marcó a generaciones"
2026-06-19,2026-W25,provincial,LIMAY NOTICIAS,Neuquén,Patagonia,Plottier,https://www.limaynoticias.com.ar,Secuestraron más de dos kilos de cocaína en la capital neuquina
2026-06-19,2026-W25,provincial,LIMAY NOTICIAS,Neuquén,Patagonia,Plottier,https://www.limaynoticias.com.ar,Un hombre murió tras un enfrentamiento con armas blancas en el barrio Antena de Zapala
2026-06-19,2026-W25,provincial,LIMAY NOTICIAS,Neuquén,Patagonia,Plottier,https://www.limaynoticias.com.ar,"San Martín de los Andes: secuestraron 9,7 kilos de drogas"
2026-06-19,2026-W25,provincial,LIMAY NOTICIAS,Neuquén,Patagonia,Plottier,https://www.limaynoticias.com.ar,Hallaron a una mujer que se encontraba perdida desde el jueves
2026-06-19,2026-W25,provincial,LIMAY NOTICIAS,Neuquén,Patagonia,Plottier,https://www.limaynoticias.com.ar,La Península Hiroki tiene un nuevo destacamento policial
2026-06-19,2026-W25,provincial,LIMAY NOTICIAS,Neuquén,Patagonia,Plottier,https://www.limaynoticias.com.ar,"La lista para el Mundial 2026: Messi, la base de Qatar y nuevas promesas"
2026-06-19,2026-W25,provincial,LIMAY NOTICIAS,Neuquén,Patagonia,Plottier,https://www.limaynoticias.com.ar,Gran convocatoria en el Duatlón por Malvinas
2026-06-19,2026-W25,provincial,LIMAY NOTICIAS,Neuquén,Patagonia,Plottier,https://www.limaynoticias.com.ar,Deportivo Rincón perdió 3 a 1 con Atenas en Córdoba
2026-06-19,2026-W25,provincial,LIMAY NOTICIAS,Neuquén,Patagonia,Plottier,https://www.limaynoticias.com.ar,Neuquén sumó 7 medallas de oro en los Juegos Patagónicos Unificados
2026-06-19,2026-W25,provincial,LIMAY NOTICIAS,Neuquén,Patagonia,Plottier,https://www.limaynoticias.com.ar,Deportivo Rincón le ganó a Sport Club Pacífico en Mendoza
2026-06-19,2026-W25,provincial,LIMAY NOTICIAS,Neuquén,Patagonia,Plottier,https://www.limaynoticias.com.ar,Plottier lanza descuentos por pago anticipado de tasas municipales para 2026
2026-06-19,2026-W25,provincial,LIMAY NOTICIAS,Neuquén,Patagonia,Plottier,https://www.limaynoticias.com.ar,Plottier abre la convocatoria para los “Domingos Culturales 2026”
2026-06-19,2026-W25,provincial,LIMAY NOTICIAS,Neuquén,Patagonia,Plottier,https://www.limaynoticias.com.ar,Se lanza la 50° Regata Internacional de Río Negro
2026-06-19,2026-W25,provincial,EL CORDILLERANO,Río Negro,Patagonia,Bariloche / Rio negro,https://www.elcordillerano.com.ar,Sobresueldos: ordenan la detención de los condenados y un ex ministro ya se presentó ante la Policía
2026-06-19,2026-W25,provincial,EL CORDILLERANO,Río Negro,Patagonia,Bariloche / Rio negro,https://www.elcordillerano.com.ar,Avanzan las obras en Playa Centenario: cómo será el natatorio con pileta olímpica de Bariloche
2026-06-19,2026-W25,provincial,EL CORDILLERANO,Río Negro,Patagonia,Bariloche / Rio negro,https://www.elcordillerano.com.ar,Temporada de nieve 2026: Bariloche y El Bolsón impulsan el invierno con inversiones récord en infraestructura
2026-06-19,2026-W25,provincial,EL CORDILLERANO,Río Negro,Patagonia,Bariloche / Rio negro,https://www.elcordillerano.com.ar,"Cómo será la Guardia Urbana de Bariloche: ""Va a dar buenos resultados"""
2026-06-19,2026-W25,provincial,EL CORDILLERANO,Río Negro,Patagonia,Bariloche / Rio negro,https://www.elcordillerano.com.ar,"El rector de la UNRN: ""Exigimos que la ley de financiamiento universitario se cumpla de una vez por todas"""
2026-06-19,2026-W25,provincial,EL CORDILLERANO,Río Negro,Patagonia,Bariloche / Rio negro,https://www.elcordillerano.com.ar,La etapa local de los Juegos Rionegrinos 2026 vibró en el Municipal 3
2026-06-19,2026-W25,provincial,EL CORDILLERANO,Río Negro,Patagonia,Bariloche / Rio negro,https://www.elcordillerano.com.ar,Estudiantes de la UNRN realizaron su primera práctica con un simulador obstétrico
2026-06-19,2026-W25,provincial,EL CORDILLERANO,Río Negro,Patagonia,Bariloche / Rio negro,https://www.elcordillerano.com.ar,Bariloche a la Carta 2026: mostrar lo que se hace en la región con una visión federal e incluso internacional
2026-06-19,2026-W25,provincial,EL CORDILLERANO,Río Negro,Patagonia,Bariloche / Rio negro,https://www.elcordillerano.com.ar,Estrenan digitalmente documental de una vecina de Dina Huapi
2026-06-19,2026-W25,provincial,EL CORDILLERANO,Río Negro,Patagonia,Bariloche / Rio negro,https://www.elcordillerano.com.ar,Escándalo: el capitán de la Selección de Marruecos será juzgado por violación
2026-06-19,2026-W25,provincial,EL CORDILLERANO,Río Negro,Patagonia,Bariloche / Rio negro,https://www.elcordillerano.com.ar,La Corte Suprema dejó firmes las condenas a siete ex ministros radicales por la causa de los sobresueldos
2026-06-19,2026-W25,provincial,EL CORDILLERANO,Río Negro,Patagonia,Bariloche / Rio negro,https://www.elcordillerano.com.ar,La charla privada que Flor Peña tuvo con la mamá de Messi tras el tremendo escándalo de la fake news
2026-06-19,2026-W25,provincial,EL CORDILLERANO,Río Negro,Patagonia,Bariloche / Rio negro,https://www.elcordillerano.com.ar,Fue confirmado el árbitro que dirigirá el partido entre la Selección Argentina y Austria
2026-06-19,2026-W25,provincial,EL CORDILLERANO,Río Negro,Patagonia,Bariloche / Rio negro,https://www.elcordillerano.com.ar,Recordando los primeros viajes de egresados a Bariloche
2026-06-19,2026-W25,provincial,EL CORDILLERANO,Río Negro,Patagonia,Bariloche / Rio negro,https://www.elcordillerano.com.ar,"“Más crisis, más estudiantes vienen”, aseguró el presidente de la Cámara de Turismo de Bariloche"
2026-06-19,2026-W25,provincial,EL CORDILLERANO,Río Negro,Patagonia,Bariloche / Rio negro,https://www.elcordillerano.com.ar,"Proveedores rionegrinos, ante la oportunidad de Vaca Muerta"
2026-06-19,2026-W25,provincial,EL CORDILLERANO,Río Negro,Patagonia,Bariloche / Rio negro,https://www.elcordillerano.com.ar,Salió a la luz qué fue lo que más le dolió al papá de Messi tras la fake news y Flor Peña no tiene nada que ver
2026-06-19,2026-W25,provincial,EL CORDILLERANO,Río Negro,Patagonia,Bariloche / Rio negro,https://www.elcordillerano.com.ar,Video: preocupación por un encapuchado que intentó ingresar a la casa de un jubilado que vive solo
2026-06-19,2026-W25,provincial,EL CORDILLERANO,Río Negro,Patagonia,Bariloche / Rio negro,https://www.elcordillerano.com.ar,Río Negro logró el financiamiento definitivo para las Rutas 6 y 8
2026-06-19,2026-W25,provincial,EL CORDILLERANO,Río Negro,Patagonia,Bariloche / Rio negro,https://www.elcordillerano.com.ar,Nico Occhiato rompió el silencio tras la noticia falsa de Flor Peña sobre el papá de Messi y habló sin filtros sobre la crisis de Luzu
2026-06-19,2026-W25,provincial,EL CORDILLERANO,Río Negro,Patagonia,Bariloche / Rio negro,https://www.elcordillerano.com.ar,"En vísperas del Día del Padre, el Registro de Deudores Alimentarios volvió a crecer en Bariloche"
2026-06-19,2026-W25,provincial,EL CORDILLERANO,Río Negro,Patagonia,Bariloche / Rio negro,https://www.elcordillerano.com.ar,Adorni anunció que Adrián Ravier será el nuevo vocero presidencial
2026-06-19,2026-W25,provincial,EL CORDILLERANO,Río Negro,Patagonia,Bariloche / Rio negro,https://www.elcordillerano.com.ar,Las fotos más hot de Julieta Poggio en las playas de Miami apoyando a la Selección Argentina
2026-06-19,2026-W25,provincial,EL CORDILLERANO,Río Negro,Patagonia,Bariloche / Rio negro,https://www.elcordillerano.com.ar,"Financiamiento, pymes y economía: Banco Patagonia reunió al sector productivo en Choele Choel"
2026-06-19,2026-W25,provincial,EL CORDILLERANO,Río Negro,Patagonia,Bariloche / Rio negro,https://www.elcordillerano.com.ar,Emergencia silenciosa: la paradoja climática que golpea y divide a la Región Sur
2026-06-19,2026-W25,provincial,EL CORDILLERANO,Río Negro,Patagonia,Bariloche / Rio negro,https://www.elcordillerano.com.ar,Peligro bajo nailon: por qué el clima actual amenaza con destruir la producción hortícola regional
2026-06-19,2026-W25,provincial,EL CORDILLERANO,Río Negro,Patagonia,Bariloche / Rio negro,https://www.elcordillerano.com.ar,Prorrogan el vencimiento de la Tasa de Seguridad e Higiene tras fallas en la plataforma
2026-06-19,2026-W25,provincial,EL CORDILLERANO,Río Negro,Patagonia,Bariloche / Rio negro,https://www.elcordillerano.com.ar,Cortés participó del acto por el Día de la Bandera en la Escuela Militar de Montaña
2026-06-19,2026-W25,provincial,EL CORDILLERANO,Río Negro,Patagonia,Bariloche / Rio negro,https://www.elcordillerano.com.ar,Cómo está la salud de Chiche Gelblung luego de su repentina internación: “No está en…”
2026-06-19,2026-W25,provincial,EL CORDILLERANO,Río Negro,Patagonia,Bariloche / Rio negro,https://www.elcordillerano.com.ar,Secuestraron más de 15.800 dólares y municiones en el paso Cardenal Samoré
2026-06-19,2026-W25,provincial,EL CORDILLERANO,Río Negro,Patagonia,Bariloche / Rio negro,https://www.elcordillerano.com.ar,"Bariloche amaneció con una postal única, pero rige un alerta meteorológico"
2026-06-19,2026-W25,provincial,EL CORDILLERANO,Río Negro,Patagonia,Bariloche / Rio negro,https://www.elcordillerano.com.ar,Cómo reaccionó la gente con Flor Peña en su obra de teatro tras la polémica con Messi
2026-06-19,2026-W25,provincial,EL CORDILLERANO,Río Negro,Patagonia,Bariloche / Rio negro,https://www.elcordillerano.com.ar,Especialistas piden aprovechar la remodelación del muelle de la Isla Huemul para corregir un error histórico
2026-06-19,2026-W25,provincial,EL CORDILLERANO,Río Negro,Patagonia,Bariloche / Rio negro,https://www.elcordillerano.com.ar,El empleo privado sigue creciendo en Río Negro
2026-06-19,2026-W25,provincial,EL CORDILLERANO,Río Negro,Patagonia,Bariloche / Rio negro,https://www.elcordillerano.com.ar,Qué dijo el padre de Lionel Messi tras la polémica por la falsa noticia sobre su muerte
2026-06-19,2026-W25,provincial,EL CORDILLERANO,Río Negro,Patagonia,Bariloche / Rio negro,https://www.elcordillerano.com.ar,"Un militar retirado golpeó a su expareja, baleó a un cuidacoches y luego se suicidó"
2026-06-19,2026-W25,provincial,EL CORDILLERANO,Río Negro,Patagonia,Bariloche / Rio negro,https://www.elcordillerano.com.ar,Concurso gastronómico en Bariloche: la excelencia de los chefs hizo que eligieran más equipos de los previstos
2026-06-19,2026-W25,provincial,EL CORDILLERANO,Río Negro,Patagonia,Bariloche / Rio negro,https://www.elcordillerano.com.ar,Jimena La Torre lanzó sus predicciones para el fin de semana: del viernes 19 al sábado 21
2026-06-19,2026-W25,provincial,EL CORDILLERANO,Río Negro,Patagonia,Bariloche / Rio negro,https://www.elcordillerano.com.ar,Muerte de un joven en avenida Bustillo: formularon cargos al único acusado
2026-06-19,2026-W25,provincial,EL CORDILLERANO,Río Negro,Patagonia,Bariloche / Rio negro,https://www.elcordillerano.com.ar,¿Se imagina Bariloche sin temporada de invierno?
2026-06-19,2026-W25,provincial,EL CORDILLERANO,Río Negro,Patagonia,Bariloche / Rio negro,https://www.elcordillerano.com.ar,Emilia Attias se lució con una microbikini albiceleste durante sus vacaciones: las mejores fotos
2026-06-19,2026-W25,provincial,EL CORDILLERANO,Río Negro,Patagonia,Bariloche / Rio negro,https://www.elcordillerano.com.ar,Escándalo internacional: Trump afirmó que Meloni le suplicó una foto y desató una crisis diplomática
2026-06-19,2026-W25,provincial,EL CORDILLERANO,Río Negro,Patagonia,Bariloche / Rio negro,https://www.elcordillerano.com.ar,De la tierra al mundo: el “ladrillo” de oro y plata que salió de Río Negro
2026-06-19,2026-W25,provincial,EL CORDILLERANO,Río Negro,Patagonia,Bariloche / Rio negro,https://www.elcordillerano.com.ar,Nico Occhiato confirmó la consecuencia que sufrirá Flor Peña por dar la noticia falsa sobre Messi
2026-06-19,2026-W25,provincial,EL CORDILLERANO,Río Negro,Patagonia,Bariloche / Rio negro,https://www.elcordillerano.com.ar,La Peña Cannábica lanzó un nuevo desafío: ¿es posible tener dispensarios legales de cannabis?
2026-06-19,2026-W25,provincial,EL CORDILLERANO,Río Negro,Patagonia,Bariloche / Rio negro,https://www.elcordillerano.com.ar,El Gobierno creó un nuevo programa de seguridad para reforzar los controles migratorios
2026-06-19,2026-W25,provincial,EL CORDILLERANO,Río Negro,Patagonia,Bariloche / Rio negro,https://www.elcordillerano.com.ar,Flor Peña reveló quién fue el culpable de empujarla a dar la noticia falsa sobre el papá de Messi
2026-06-19,2026-W25,provincial,EL CORDILLERANO,Río Negro,Patagonia,Bariloche / Rio negro,https://www.elcordillerano.com.ar,Acusado de liderar una secta en Bariloche asegura ahora que lo encarcelan por enfrentarse a Putin
2026-06-19,2026-W25,provincial,EL CORDILLERANO,Río Negro,Patagonia,Bariloche / Rio negro,https://www.elcordillerano.com.ar,Cortés propone destinar el 40% del presupuesto a obras por Carta Orgánica: los antecedentes en otros municipios
2026-06-19,2026-W25,provincial,EL CORDILLERANO,Río Negro,Patagonia,Bariloche / Rio negro,https://www.elcordillerano.com.ar,Kilómetro 0: una red de 14 invernaderos para producir en todo Río Negro
2026-06-19,2026-W25,provincial,RÍO NEGRO,Río Negro,Patagonia,General Roca / Rio negro,https://www.rionegro.com.ar,Cada vez más familias tienen problemas para pagar deudas y la morosidad sigue en alza
2026-06-19,2026-W25,provincial,RÍO NEGRO,Río Negro,Patagonia,General Roca / Rio negro,https://www.rionegro.com.ar,"La morosidad de los créditos familiares alcanzó el 12,1% en abril y casi cuadruplica el nivel de un año atrás. El dato refleja un deterioro del consumo y creciente tensión en las finanzas de los hogares."
2026-06-19,2026-W25,provincial,RÍO NEGRO,Río Negro,Patagonia,General Roca / Rio negro,https://www.rionegro.com.ar,Mercado cambiario en la tercera semana de junio 2026: cierre del dólar y previsiones para el fin de semana
2026-06-19,2026-W25,provincial,RÍO NEGRO,Río Negro,Patagonia,General Roca / Rio negro,https://www.rionegro.com.ar,El relevo de Manuel Adorni expone el intento oficial de ordenar la comunicación y aliviar la interna
2026-06-19,2026-W25,provincial,RÍO NEGRO,Río Negro,Patagonia,General Roca / Rio negro,https://www.rionegro.com.ar,"Koopmann respaldó la ley de GNL y lanzó una advertencia: “Si no, el gas seguirá quedando en la roca”"
2026-06-19,2026-W25,provincial,RÍO NEGRO,Río Negro,Patagonia,General Roca / Rio negro,https://www.rionegro.com.ar,Figueroa y Weretilneck presentaron herramientas financieras para PyMEs de Vaca Muerta
2026-06-19,2026-W25,provincial,RÍO NEGRO,Río Negro,Patagonia,General Roca / Rio negro,https://www.rionegro.com.ar,Las ganadoras de los Toyota Yaris 0KM por el aniversario 114 de Diario RIO NEGRO recibieron sus autos en Neuquén
2026-06-19,2026-W25,provincial,RÍO NEGRO,Río Negro,Patagonia,General Roca / Rio negro,https://www.rionegro.com.ar,Neuquén y el Fixture de Mercado Pago: «Podía interpretarse como captación de apuestas sin autorización»
2026-06-19,2026-W25,provincial,RÍO NEGRO,Río Negro,Patagonia,General Roca / Rio negro,https://www.rionegro.com.ar,Nuevo sorteo de Diario RÍO NEGRO: llegan dos Toyota Yaris 0KM para el Día de la Madre
2026-06-19,2026-W25,provincial,RÍO NEGRO,Río Negro,Patagonia,General Roca / Rio negro,https://www.rionegro.com.ar,Estados Unidos le ganó a Australia y se metió en los dieciseisavos de final del Mundial 2026
2026-06-19,2026-W25,provincial,RÍO NEGRO,Río Negro,Patagonia,General Roca / Rio negro,https://www.rionegro.com.ar,"Tiene 105 años, vio todos los Mundiales y sueña con conocer a Messi: “Lo admiro porque es un buen hombre”"
2026-06-19,2026-W25,provincial,RÍO NEGRO,Río Negro,Patagonia,General Roca / Rio negro,https://www.rionegro.com.ar,"Mundial 2026. Un futbolista de España volvía a la concentración, quiso ingresar y no lo reconocieron"
2026-06-19,2026-W25,provincial,RÍO NEGRO,Río Negro,Patagonia,General Roca / Rio negro,https://www.rionegro.com.ar,Argentina entrenó sin lesionados y se perfila el equipo para enfrentar a Austria
2026-06-19,2026-W25,provincial,RÍO NEGRO,Río Negro,Patagonia,General Roca / Rio negro,https://www.rionegro.com.ar,"Lula, presidente de Brasil, estalló contra Neymar por su ausencia en el Mundial: «Es el primer convocado que hace home office»"
2026-06-19,2026-W25,provincial,RÍO NEGRO,Río Negro,Patagonia,General Roca / Rio negro,https://www.rionegro.com.ar,"La autocrítica de Alfaro antes del partido con Turquía: «Si tienen que criticar, péguenme a mí»"
2026-06-19,2026-W25,provincial,RÍO NEGRO,Río Negro,Patagonia,General Roca / Rio negro,https://www.rionegro.com.ar,Aimar habló del buen momento de Argentina y destacó las cualidades de Austria: “Durísimo”
2026-06-19,2026-W25,provincial,RÍO NEGRO,Río Negro,Patagonia,General Roca / Rio negro,https://www.rionegro.com.ar,«Ojalá»: Lamine Yamal habló de un posible cruce con Argentina en el Mundial y se deshizo en elogios hacia Messi
2026-06-19,2026-W25,provincial,RÍO NEGRO,Río Negro,Patagonia,General Roca / Rio negro,https://www.rionegro.com.ar,"Yolanda nació en 1920, atravesó más de un siglo de historia y encontró en Lionel Messi una razón inesperada para enamorarse del fútbol. A sus 105 años sigue alentando a la Selección argentina y mantiene intacto un sueño: recibir un saludo del capitán campeón del mundo."
2026-06-19,2026-W25,provincial,RÍO NEGRO,Río Negro,Patagonia,General Roca / Rio negro,https://www.rionegro.com.ar,Descubren en Río Negro una nueva especie de cocodrilo terrestre que vivió hace más de 100 millones de años
2026-06-19,2026-W25,provincial,RÍO NEGRO,Río Negro,Patagonia,General Roca / Rio negro,https://www.rionegro.com.ar,"Empanadas, cabalgatas y folclore: celebran el Día de la Bandera en una emblemática feria de Plottier"
2026-06-19,2026-W25,provincial,RÍO NEGRO,Río Negro,Patagonia,General Roca / Rio negro,https://www.rionegro.com.ar,Mirá como está la avenida Mosconi
2026-06-19,2026-W25,provincial,RÍO NEGRO,Río Negro,Patagonia,General Roca / Rio negro,https://www.rionegro.com.ar,"Pizza de garbanzos con dos ingredientes, ideal para una comida liviana"
2026-06-19,2026-W25,provincial,RÍO NEGRO,Río Negro,Patagonia,General Roca / Rio negro,https://www.rionegro.com.ar,Tercer mandato para Marcelo Alonso al frente del Centro Regional Universitario Bariloche
2026-06-19,2026-W25,provincial,RÍO NEGRO,Río Negro,Patagonia,General Roca / Rio negro,https://www.rionegro.com.ar,"Con una indirecta hacia el Gobierno, Patricia Bullrich celebró la llegada de un nuevo vocero"
2026-06-19,2026-W25,provincial,RÍO NEGRO,Río Negro,Patagonia,General Roca / Rio negro,https://www.rionegro.com.ar,"Adrián Ravier, nuevo vocero, agradeció el apoyo de Javier Milei y anticipó cuándo entra en funciones"
2026-06-19,2026-W25,provincial,RÍO NEGRO,Río Negro,Patagonia,General Roca / Rio negro,https://www.rionegro.com.ar,Causa sobresueldos: qué había opinado la Justicia rionegrina en su condena a los siete exministros
2026-06-19,2026-W25,provincial,RÍO NEGRO,Río Negro,Patagonia,General Roca / Rio negro,https://www.rionegro.com.ar,Declaran culpable al chofer del minibús por el accidente fatal en la Ruta 40 cerca de Zapala
2026-06-19,2026-W25,provincial,RÍO NEGRO,Río Negro,Patagonia,General Roca / Rio negro,https://www.rionegro.com.ar,Prorrogaron la prisión preventiva del docente acusado de abusar de 11 alumnas en San Antonio Oeste
2026-06-19,2026-W25,provincial,RÍO NEGRO,Río Negro,Patagonia,General Roca / Rio negro,https://www.rionegro.com.ar,Rutas 6 y 8: Río Negro aseguró el financiamiento definitivo y avanza la obra clave entre el Alto Valle y la Línea Sur
2026-06-19,2026-W25,provincial,RÍO NEGRO,Río Negro,Patagonia,General Roca / Rio negro,https://www.rionegro.com.ar,"Balnearios, plazas y parques: los nuevos espacios donde estará prohibido fumar en Neuquén"
2026-06-19,2026-W25,provincial,RÍO NEGRO,Río Negro,Patagonia,General Roca / Rio negro,https://www.rionegro.com.ar,Comercios de Roca lanzan cupones de descuento con Diario RÍO NEGRO para comprar en 155 locales
2026-06-19,2026-W25,provincial,RÍO NEGRO,Río Negro,Patagonia,General Roca / Rio negro,https://www.rionegro.com.ar,Viernes 19/06/26
2026-06-19,2026-W25,provincial,RÍO NEGRO,Río Negro,Patagonia,General Roca / Rio negro,https://www.rionegro.com.ar,El premio de Diario RÍO NEGRO y Decker Camiones ya tiene ganadora
2026-06-19,2026-W25,provincial,RÍO NEGRO,Río Negro,Patagonia,General Roca / Rio negro,https://www.rionegro.com.ar,Más sorteos de Diario RÍO NEGRO: llegan dos motos eléctricas 0KM para el Día del Amigo
2026-06-19,2026-W25,provincial,RÍO NEGRO,Río Negro,Patagonia,General Roca / Rio negro,https://www.rionegro.com.ar,"Más sorteos de Diario RÍO NEGRO: un horno pizzero, un fogonero móvil y un horno ahumador para el Día del Amigo"
2026-06-19,2026-W25,provincial,RÍO NEGRO,Río Negro,Patagonia,General Roca / Rio negro,https://www.rionegro.com.ar,¡Atención! Nuevo sorteo de Diario RÍO NEGRO: llegan dos Toyota Yaris 0KM para el Día de la Madre
2026-06-19,2026-W25,provincial,RÍO NEGRO,Río Negro,Patagonia,General Roca / Rio negro,https://www.rionegro.com.ar,"Una jueza, las adopciones y la pregunta que incomoda"
2026-06-19,2026-W25,provincial,RÍO NEGRO,Río Negro,Patagonia,General Roca / Rio negro,https://www.rionegro.com.ar,La opinión del Mono Navarro Montoya sobre el debut de Argentina en el Mundial: «Todo comienza y termina con Messi»
2026-06-19,2026-W25,provincial,RÍO NEGRO,Río Negro,Patagonia,General Roca / Rio negro,https://www.rionegro.com.ar,Farmatips ¿Se pueden tomar medicamentos con café? Los riesgos ocultos detrás del hábito más común de las mañanas
2026-06-19,2026-W25,provincial,RÍO NEGRO,Río Negro,Patagonia,General Roca / Rio negro,https://www.rionegro.com.ar,"Todo hombre, si se lo propone, puede ser escultor de su propio cerebro"
2026-06-19,2026-W25,provincial,RÍO NEGRO,Río Negro,Patagonia,General Roca / Rio negro,https://www.rionegro.com.ar,La principal plaza inmobiliaria de la Patagonia se transforma: una obra de 70.000 m² llega al oeste de Neuquén capital
2026-06-19,2026-W25,provincial,RÍO NEGRO,Río Negro,Patagonia,General Roca / Rio negro,https://www.rionegro.com.ar,Kimi Antonelli/Ferrari: el dilema de una Italia sin Mundial
2026-06-19,2026-W25,provincial,RÍO NEGRO,Río Negro,Patagonia,General Roca / Rio negro,https://www.rionegro.com.ar,De la Patagonia al mundo: el paleontólogo que viajará a Sudáfrica para exponer sobre dinosaurios exóticos
2026-06-19,2026-W25,provincial,RÍO NEGRO,Río Negro,Patagonia,General Roca / Rio negro,https://www.rionegro.com.ar,ATE apuntó contra Federico Sturzenegger: el gremio denuncia nuevos recortes en Capital Humano
2026-06-19,2026-W25,provincial,RÍO NEGRO,Río Negro,Patagonia,General Roca / Rio negro,https://www.rionegro.com.ar,Nuevas medidas de prueba amplían el alcance de la investigación sobre Manuel Adorni
2026-06-19,2026-W25,provincial,RÍO NEGRO,Río Negro,Patagonia,General Roca / Rio negro,https://www.rionegro.com.ar,¿Viajás en motorhome? Qué licencia necesitás para salir a la ruta sin inconvenientes
2026-06-19,2026-W25,provincial,RÍO NEGRO,Río Negro,Patagonia,General Roca / Rio negro,https://www.rionegro.com.ar,Fernando Gago fue operado de urgencia en Chile tras sufrir un problema cardiovascular
2026-06-19,2026-W25,provincial,RÍO NEGRO,Río Negro,Patagonia,General Roca / Rio negro,https://www.rionegro.com.ar,Dos funcionarios de ARCA fueron citados para ampliar la investigación sobre el SIRA: quiénes son
2026-06-19,2026-W25,provincial,RÍO NEGRO,Río Negro,Patagonia,General Roca / Rio negro,https://www.rionegro.com.ar,Cipolletti abre inscripciones para dos cursos de cocina con salida laboral
2026-06-19,2026-W25,provincial,RÍO NEGRO,Río Negro,Patagonia,General Roca / Rio negro,https://www.rionegro.com.ar,Femicidio de Agostina Vega: Soledad Andreani negó las acusaciones y se abstuvo de declarar
2026-06-19,2026-W25,provincial,NOTICIASNET,Río Negro,Patagonia,Viedma / Rio negro,https://www.noticiasnet.com.ar,Violento choque en el barrio Zatti: dos autos colisionaron y hubo heridos asistidos
2026-06-19,2026-W25,provincial,NOTICIASNET,Río Negro,Patagonia,Viedma / Rio negro,https://www.noticiasnet.com.ar,Juicio contra un maestro acusado de abusos: seguirá en prisión hasta el veredicto
2026-06-19,2026-W25,provincial,NOTICIASNET,Río Negro,Patagonia,Viedma / Rio negro,https://www.noticiasnet.com.ar,Investigan la muerte de una nena de cuatro años en Cipolletti
2026-06-19,2026-W25,provincial,NOTICIASNET,Río Negro,Patagonia,Viedma / Rio negro,https://www.noticiasnet.com.ar,Un sueño celeste y blanco: desplegarán una bandera gigante sobre el puente nuevo
2026-06-19,2026-W25,provincial,NOTICIASNET,Río Negro,Patagonia,Viedma / Rio negro,https://www.noticiasnet.com.ar,Obra en marcha: el nuevo módulo del Penal 1 de Viedma ya registra sus primeros avances
2026-06-19,2026-W25,provincial,NOTICIASNET,Río Negro,Patagonia,Viedma / Rio negro,https://www.noticiasnet.com.ar,Mucho más que un cumpleaños: conocé la histórica grilla con la que San Javier planea su 244° aniversario
2026-06-19,2026-W25,provincial,NOTICIASNET,Río Negro,Patagonia,Viedma / Rio negro,https://www.noticiasnet.com.ar,Sobresueldos: ordenan la detención de los condenados y un ex ministro ya se presentó ante la Policía
2026-06-19,2026-W25,provincial,NOTICIASNET,Río Negro,Patagonia,Viedma / Rio negro,https://www.noticiasnet.com.ar,La UNRN graduó casi 300 profesionales y redobló su reclamo por el financiamiento universitario
2026-06-19,2026-W25,provincial,NOTICIASNET,Río Negro,Patagonia,Viedma / Rio negro,https://www.noticiasnet.com.ar,Incumplió una restricción de acercamiento hacia sus padres y fue a juicio
2026-06-19,2026-W25,provincial,NOTICIASNET,Río Negro,Patagonia,Viedma / Rio negro,https://www.noticiasnet.com.ar,"La carne de búfalo gana terreno en el país: ""Aporta una mejor nutrición"""
2026-06-19,2026-W25,provincial,NOTICIASNET,Río Negro,Patagonia,Viedma / Rio negro,https://www.noticiasnet.com.ar,"Proveedores rionegrinos, ante la oportunidad de Vaca Muerta"
2026-06-19,2026-W25,provincial,NOTICIASNET,Río Negro,Patagonia,Viedma / Rio negro,https://www.noticiasnet.com.ar,Escándalo: el capitán de la Selección de Marruecos será juzgado por violación
2026-06-19,2026-W25,provincial,NOTICIASNET,Río Negro,Patagonia,Viedma / Rio negro,https://www.noticiasnet.com.ar,La Corte Suprema dejó firmes las condenas a siete ex ministros radicales por la causa de los sobresueldos
2026-06-19,2026-W25,provincial,NOTICIASNET,Río Negro,Patagonia,Viedma / Rio negro,https://www.noticiasnet.com.ar,Tragedia en la Ruta 2: qué dispuso la Justicia en la investigación
2026-06-19,2026-W25,provincial,NOTICIASNET,Río Negro,Patagonia,Viedma / Rio negro,https://www.noticiasnet.com.ar,Fue confirmado el árbitro que dirigirá el partido entre la Selección Argentina y Austria
2026-06-19,2026-W25,provincial,NOTICIASNET,Río Negro,Patagonia,Viedma / Rio negro,https://www.noticiasnet.com.ar,Más complicado: Adorni gastó casi medio millón de dólares en Indio Cua
2026-06-19,2026-W25,provincial,NOTICIASNET,Río Negro,Patagonia,Viedma / Rio negro,https://www.noticiasnet.com.ar,Indignación por el robo de una bicicleta a un adolescente que la usa para ir a la facultad
2026-06-19,2026-W25,provincial,NOTICIASNET,Río Negro,Patagonia,Viedma / Rio negro,https://www.noticiasnet.com.ar,Adorni anunció que Adrián Ravier será el nuevo vocero presidencial
2026-06-19,2026-W25,provincial,NOTICIASNET,Río Negro,Patagonia,Viedma / Rio negro,https://www.noticiasnet.com.ar,Río Negro logró el financiamiento definitivo para las Rutas 6 y 8
2026-06-19,2026-W25,provincial,NOTICIASNET,Río Negro,Patagonia,Viedma / Rio negro,https://www.noticiasnet.com.ar,Triquinosis en temporada de faena: la importancia de consumir carne segura
2026-06-19,2026-W25,provincial,NOTICIASNET,Río Negro,Patagonia,Viedma / Rio negro,https://www.noticiasnet.com.ar,Kilómetro 0: una red de 14 invernaderos para producir en todo Río Negro
2026-06-19,2026-W25,provincial,NOTICIASNET,Río Negro,Patagonia,Viedma / Rio negro,https://www.noticiasnet.com.ar,Los avellanos se hacen notar en el Valle Inferior del río Negro
2026-06-19,2026-W25,provincial,NOTICIASNET,Río Negro,Patagonia,Viedma / Rio negro,https://www.noticiasnet.com.ar,"Financiamiento, pymes y economía: Banco Patagonia reunió al sector productivo en Choele Choel"
2026-06-19,2026-W25,provincial,NOTICIASNET,Río Negro,Patagonia,Viedma / Rio negro,https://www.noticiasnet.com.ar,"El Colegio María Auxiliadora recibe “Bach y tango”, un concierto con espíritu solidario"
2026-06-19,2026-W25,provincial,NOTICIASNET,Río Negro,Patagonia,Viedma / Rio negro,https://www.noticiasnet.com.ar,La Universidad del Comahue abrió un nuevo período de inscripción para carreras en Viedma
2026-06-19,2026-W25,provincial,NOTICIASNET,Río Negro,Patagonia,Viedma / Rio negro,https://www.noticiasnet.com.ar,¿Qué anticipan los pronósticos para el viernes y el fin de semana?
2026-06-19,2026-W25,provincial,NOTICIASNET,Río Negro,Patagonia,Viedma / Rio negro,https://www.noticiasnet.com.ar,Atención usuarios: hay un cambio en el valor del pasaje para ir a El Cóndor
2026-06-19,2026-W25,provincial,NOTICIASNET,Río Negro,Patagonia,Viedma / Rio negro,https://www.noticiasnet.com.ar,"Un militar retirado golpeó a su expareja, baleó a un cuidacoches y luego se suicidó"
2026-06-19,2026-W25,provincial,NOTICIASNET,Río Negro,Patagonia,Viedma / Rio negro,https://www.noticiasnet.com.ar,Milagros y Santiago Bologniessi representarán a la comarca en la Copa Panamericana Junior de Judo
2026-06-19,2026-W25,provincial,NOTICIASNET,Río Negro,Patagonia,Viedma / Rio negro,https://www.noticiasnet.com.ar,"Qué hacemos: hoja de ruta durante el ""finde"" en Viedma y Patagones"
2026-06-19,2026-W25,provincial,NOTICIASNET,Río Negro,Patagonia,Viedma / Rio negro,https://www.noticiasnet.com.ar,El empleo privado sigue creciendo en Río Negro
2026-06-19,2026-W25,provincial,NOTICIASNET,Río Negro,Patagonia,Viedma / Rio negro,https://www.noticiasnet.com.ar,Vacaciones de invierno en Las Grutas: alternativas para disfrutar y precios tentativos
2026-06-19,2026-W25,provincial,NOTICIASNET,Río Negro,Patagonia,Viedma / Rio negro,https://www.noticiasnet.com.ar,Escándalo internacional: Trump afirmó que Meloni le suplicó una foto y desató una crisis diplomática
2026-06-19,2026-W25,provincial,NOTICIASNET,Río Negro,Patagonia,Viedma / Rio negro,https://www.noticiasnet.com.ar,De la tierra al mundo: el “ladrillo” de oro y plata que salió de Río Negro
2026-06-19,2026-W25,provincial,NOTICIASNET,Río Negro,Patagonia,Viedma / Rio negro,https://www.noticiasnet.com.ar,Tragedia en la Ruta 2: identificaron a las víctimas del fatal accidente
2026-06-19,2026-W25,provincial,NOTICIASNET,Río Negro,Patagonia,Viedma / Rio negro,https://www.noticiasnet.com.ar,El Gobierno creó un nuevo programa de seguridad para reforzar los controles migratorios
2026-06-19,2026-W25,provincial,NOTICIASNET,Río Negro,Patagonia,Viedma / Rio negro,https://www.noticiasnet.com.ar,"Violencia, asimetría y control: extendieron la prisión preventiva para un hombre que intentó secuestrar a una adolescente"
2026-06-19,2026-W25,provincial,NOTICIASNET,Río Negro,Patagonia,Viedma / Rio negro,https://www.noticiasnet.com.ar,Campaña solidaria por una cirugía de urgencia: la lucha de Elías Vega ya cruzó la mitad del camino y sueña con el milagro
2026-06-19,2026-W25,provincial,NOTICIASNET,Río Negro,Patagonia,Viedma / Rio negro,https://www.noticiasnet.com.ar,El río Negro se prepara para un despliegue histórico: ¿qué pasará este 20 de junio?
2026-06-19,2026-W25,provincial,NOTICIASNET,Río Negro,Patagonia,Viedma / Rio negro,https://www.noticiasnet.com.ar,Jubilados impulsan proyectos para mejorar la calidad de vida de las personas mayores en Viedma
2026-06-19,2026-W25,provincial,NOTICIASNET,Río Negro,Patagonia,Viedma / Rio negro,https://www.noticiasnet.com.ar,Las exportaciones crecieron un 24% en cinco meses y consolidan un millonario superávit comercial
2026-06-19,2026-W25,provincial,NOTICIASNET,Río Negro,Patagonia,Viedma / Rio negro,https://www.noticiasnet.com.ar,Un techo para el futuro: avanza a ritmo sostenido la nueva residencia universitaria del Curzas
2026-06-19,2026-W25,provincial,NOTICIASNET,Río Negro,Patagonia,Viedma / Rio negro,https://www.noticiasnet.com.ar,Milei respalda a Adorni y compartirán el acto del Día de la Bandera
2026-06-19,2026-W25,provincial,NOTICIASNET,Río Negro,Patagonia,Viedma / Rio negro,https://www.noticiasnet.com.ar,Avanza la inclusión en Viedma: destacan el impacto de la Lengua de Señas en las escuelas
2026-06-19,2026-W25,provincial,NOTICIASNET,Río Negro,Patagonia,Viedma / Rio negro,https://www.noticiasnet.com.ar,Femicidio de Agostina Vega: declaró el amigo de Claudio Barrelier
2026-06-19,2026-W25,provincial,NOTICIASNET,Río Negro,Patagonia,Viedma / Rio negro,https://www.noticiasnet.com.ar,El laboratorio Profarse recibe alivio impositivo para potenciar su producción de medicamentos en Río Negro
2026-06-19,2026-W25,provincial,NOTICIASNET,Río Negro,Patagonia,Viedma / Rio negro,https://www.noticiasnet.com.ar,El Gobierno aseguró que las personas con discapacidad pueden seguir viajando gratis
2026-06-19,2026-W25,provincial,NOTICIASNET,Río Negro,Patagonia,Viedma / Rio negro,https://www.noticiasnet.com.ar,Educación consolida el trabajo territorial y suma nuevo equipamiento
2026-06-19,2026-W25,provincial,NOTICIASNET,Río Negro,Patagonia,Viedma / Rio negro,https://www.noticiasnet.com.ar,"Villarruel desafió a Milei y confirmó su asistencia en Rosario: ""Tengo más verdades para decir"""
2026-06-19,2026-W25,provincial,NOTICIASNET,Río Negro,Patagonia,Viedma / Rio negro,https://www.noticiasnet.com.ar,Pequeños grandes gestos: Viedma envió por primera vez leche humana al Banco de General Roca
2026-06-19,2026-W25,provincial,LA OPINIÓN AUSTRAL,Santa Cruz,Patagonia,Santa Cruz,https://www.laopinionaustral.com.ar,Clima en Río Gallegos: pronóstico del tiempo para este sábado 20 de junio de 2026
2026-06-19,2026-W25,provincial,LA OPINIÓN AUSTRAL,Santa Cruz,Patagonia,Santa Cruz,https://www.laopinionaustral.com.ar,Ornella Reinoso fue finalista en una nueva fecha del Circuito Profesional AJPP Damas
2026-06-19,2026-W25,provincial,LA OPINIÓN AUSTRAL,Santa Cruz,Patagonia,Santa Cruz,https://www.laopinionaustral.com.ar,El Frente Sindical marchó en Río Gallegos y endureció críticas a la oferta salarial del Gobierno
2026-06-19,2026-W25,provincial,LA OPINIÓN AUSTRAL,Santa Cruz,Patagonia,Santa Cruz,https://www.laopinionaustral.com.ar,Santacruceños campeones sudamericanos: la emoción de representar a Argentina a través del Newcom
2026-06-19,2026-W25,provincial,LA OPINIÓN AUSTRAL,Santa Cruz,Patagonia,Santa Cruz,https://www.laopinionaustral.com.ar,“Me siento muy feliz”: Alfredo Tarcaya le tomó la promesa de lealtad a la bandera a su bisnieto Gael Casal
2026-06-19,2026-W25,provincial,LA OPINIÓN AUSTRAL,Santa Cruz,Patagonia,Santa Cruz,https://www.laopinionaustral.com.ar,Dolor en Santa Cruz por la muerte del piloto Eduardo Javier Borel
2026-06-19,2026-W25,provincial,LA OPINIÓN AUSTRAL,Santa Cruz,Patagonia,Santa Cruz,https://www.laopinionaustral.com.ar,Continúan los peritajes técnicos en El Marquesado en Comodoro Rivadavia
2026-06-19,2026-W25,provincial,LA OPINIÓN AUSTRAL,Santa Cruz,Patagonia,Santa Cruz,https://www.laopinionaustral.com.ar,El INTA Santa Cruz cumplió 41 años y aporta su conocimiento en tiempos difíciles
2026-06-19,2026-W25,provincial,LA OPINIÓN AUSTRAL,Santa Cruz,Patagonia,Santa Cruz,https://www.laopinionaustral.com.ar,El mensaje de Adrián Ravier tras ser anunciado como nuevo vocero presidencial: “Estaré asumiendo la semana próxima”
2026-06-19,2026-W25,provincial,LA OPINIÓN AUSTRAL,Santa Cruz,Patagonia,Santa Cruz,https://www.laopinionaustral.com.ar,La Oposición pidió una sesión extraordinaria para interpelar al ministro de Seguridad por la crisis policial
2026-06-19,2026-W25,provincial,LA OPINIÓN AUSTRAL,Santa Cruz,Patagonia,Santa Cruz,https://www.laopinionaustral.com.ar,Últimas noticias
2026-06-19,2026-W25,provincial,LA OPINIÓN AUSTRAL,Santa Cruz,Patagonia,Santa Cruz,https://www.laopinionaustral.com.ar,Política y Economía
2026-06-19,2026-W25,provincial,LA OPINIÓN AUSTRAL,Santa Cruz,Patagonia,Santa Cruz,https://www.laopinionaustral.com.ar,Santa Cruz implementó un nuevo régimen de cuotificación de merluza: más trabajo y producción
2026-06-19,2026-W25,provincial,LA OPINIÓN AUSTRAL,Santa Cruz,Patagonia,Santa Cruz,https://www.laopinionaustral.com.ar,Dura sanción en camino tras la agresión de un jugador al árbitro en El Calafate: el fallo se conocería la próxima semana
2026-06-19,2026-W25,provincial,LA OPINIÓN AUSTRAL,Santa Cruz,Patagonia,Santa Cruz,https://www.laopinionaustral.com.ar,"“Fue algo increíble”, dijo Joaquín Sturzenbaum sobre grabar el Himno Nacional en el glaciar Perito Moreno"
2026-06-19,2026-W25,provincial,LA OPINIÓN AUSTRAL,Santa Cruz,Patagonia,Santa Cruz,https://www.laopinionaustral.com.ar,Río Gallegos: actualización en reproducción ovina con inseminación artificial
2026-06-19,2026-W25,provincial,LA OPINIÓN AUSTRAL,Santa Cruz,Patagonia,Santa Cruz,https://www.laopinionaustral.com.ar,"Con la presencia del ministro Luis “Toto” Caputo, Santa Cruz participó en el Consejo Federal de Responsabilidad Fiscal"
2026-06-19,2026-W25,provincial,LA OPINIÓN AUSTRAL,Santa Cruz,Patagonia,Santa Cruz,https://www.laopinionaustral.com.ar,"Adrián Ravier, economista y diputado nacional de La Pampa, es el nuevo vocero presidencial de Milei"
2026-06-19,2026-W25,provincial,LA OPINIÓN AUSTRAL,Santa Cruz,Patagonia,Santa Cruz,https://www.laopinionaustral.com.ar,Hidrovía Paraná-Paraguay: el Gobierno nacional adjudicó la concesión a Jan De Nul por 25 años
2026-06-19,2026-W25,provincial,LA OPINIÓN AUSTRAL,Santa Cruz,Patagonia,Santa Cruz,https://www.laopinionaustral.com.ar,Milei criticó a Florencia Peña por anunciar la falsa muerte del padre de Messi: “Chimentera de poca monta”
2026-06-19,2026-W25,provincial,LA OPINIÓN AUSTRAL,Santa Cruz,Patagonia,Santa Cruz,https://www.laopinionaustral.com.ar,El PJ decidió ir con lista de unidad y la UCR va a internas este domingo
2026-06-19,2026-W25,provincial,LA OPINIÓN AUSTRAL,Santa Cruz,Patagonia,Santa Cruz,https://www.laopinionaustral.com.ar,La Federación Económica informó que en Santa Cruz cierra una empresa cada tres días
2026-06-19,2026-W25,provincial,LA OPINIÓN AUSTRAL,Santa Cruz,Patagonia,Santa Cruz,https://www.laopinionaustral.com.ar,Juicio YCRT: la fiscal pide que el exinterventor Pérez Osuna deje la domiciliaria y vaya a la cárcel
2026-06-19,2026-W25,provincial,LA OPINIÓN AUSTRAL,Santa Cruz,Patagonia,Santa Cruz,https://www.laopinionaustral.com.ar,El Concejo Deliberante de Río Gallegos respaldó la Ley de Financiamiento impulsada por Claudio Vidal
2026-06-19,2026-W25,provincial,LA OPINIÓN AUSTRAL,Santa Cruz,Patagonia,Santa Cruz,https://www.laopinionaustral.com.ar,Una riogalleguense vivió en Kansas el debut de Argentina y cumplió el sueño de ver a Messi en un Mundial
2026-06-19,2026-W25,provincial,LA OPINIÓN AUSTRAL,Santa Cruz,Patagonia,Santa Cruz,https://www.laopinionaustral.com.ar,Thiago Díaz inicia el Campeonato Argentino de Karting con la mira puesta en otro gran desafío
2026-06-19,2026-W25,provincial,LA OPINIÓN AUSTRAL,Santa Cruz,Patagonia,Santa Cruz,https://www.laopinionaustral.com.ar,"Con apenas 5 años, Ciro López ya fue fichado por Argentinos Juniors"
2026-06-19,2026-W25,provincial,LA OPINIÓN AUSTRAL,Santa Cruz,Patagonia,Santa Cruz,https://www.laopinionaustral.com.ar,Anne Hathaway anunció que espera a su tercer hijo
2026-06-19,2026-W25,provincial,LA OPINIÓN AUSTRAL,Santa Cruz,Patagonia,Santa Cruz,https://www.laopinionaustral.com.ar,Migue Granados opinó sobre el escándalo de Luzu TV: “No me agrada”
2026-06-19,2026-W25,provincial,LA OPINIÓN AUSTRAL,Santa Cruz,Patagonia,Santa Cruz,https://www.laopinionaustral.com.ar,Nico Occhiato rompió el silencio tras la fake news de Jorge Messi: “No merece mis respetos”
2026-06-19,2026-W25,provincial,LA OPINIÓN AUSTRAL,Santa Cruz,Patagonia,Santa Cruz,https://www.laopinionaustral.com.ar,FINAL DEL MUNDIAL 1978 REMASTERIZADA EN 4K
2026-06-19,2026-W25,provincial,LA OPINIÓN AUSTRAL,Santa Cruz,Patagonia,Santa Cruz,https://www.laopinionaustral.com.ar,PROMESA A LA BANDERA JUNTO A SU BISABUELO VETERANO
2026-06-19,2026-W25,provincial,LA OPINIÓN AUSTRAL,Santa Cruz,Patagonia,Santa Cruz,https://www.laopinionaustral.com.ar,La drástica decisión que tomó Antonela Roccuzzo con Nico Occhiato y Florencia Peña: “No me contestó”
2026-06-19,2026-W25,provincial,LA OPINIÓN AUSTRAL,Santa Cruz,Patagonia,Santa Cruz,https://www.laopinionaustral.com.ar,Las historias ocultas detrás de las camisetas del Mundial 2026 – La Caja de Victoria
2026-06-19,2026-W25,provincial,LA OPINIÓN AUSTRAL,Santa Cruz,Patagonia,Santa Cruz,https://www.laopinionaustral.com.ar,La Estación Experimental Agropecuaria de Santa Cruz celebra 41 años
2026-06-19,2026-W25,provincial,LA OPINIÓN AUSTRAL,Santa Cruz,Patagonia,Santa Cruz,https://www.laopinionaustral.com.ar,"Desde Messi a Djokovic, la nueva era de los campeones: más años, más nivel y más historia"
2026-06-19,2026-W25,provincial,LA OPINIÓN AUSTRAL,Santa Cruz,Patagonia,Santa Cruz,https://www.laopinionaustral.com.ar,"Sebastián Riquez, un riogalleguense testigo privilegiado del Hat-Trick de Messi en el Mundial"
2026-06-19,2026-W25,provincial,LA OPINIÓN AUSTRAL,Santa Cruz,Patagonia,Santa Cruz,https://www.laopinionaustral.com.ar,“Voy a luchar para que no quede impune”: fuerte reclamo de la familia de “huesito” Carabajal a cuatro años del hecho
2026-06-19,2026-W25,provincial,LA OPINIÓN AUSTRAL,Santa Cruz,Patagonia,Santa Cruz,https://www.laopinionaustral.com.ar,Polémica en un jardín de Pico Truncado: denuncian falta de rendición de fondos para camperas de egresados
2026-06-19,2026-W25,provincial,LA OPINIÓN AUSTRAL,Santa Cruz,Patagonia,Santa Cruz,https://www.laopinionaustral.com.ar,Juicio por la muerte de Jonathan “Huesito” Carabajal: comienza el debate oral contra el sobrino del “Roña” Castro
2026-06-19,2026-W25,provincial,LA OPINIÓN AUSTRAL,Santa Cruz,Patagonia,Santa Cruz,https://www.laopinionaustral.com.ar,Corte de agua en Caleta Olivia: interrumpirán el suministro durante 18 horas por reparaciones en el acueducto
2026-06-19,2026-W25,provincial,LA OPINIÓN AUSTRAL,Santa Cruz,Patagonia,Santa Cruz,https://www.laopinionaustral.com.ar,Conmoción en Caleta Olivia: hallaron muerto a un hombre en su domicilio
2026-06-19,2026-W25,provincial,LA OPINIÓN AUSTRAL,Santa Cruz,Patagonia,Santa Cruz,https://www.laopinionaustral.com.ar,Caleta Olivia se vistió de celeste y blanco tras el triunfo de Argentina en el Mundial 2026
2026-06-19,2026-W25,provincial,LA OPINIÓN AUSTRAL,Santa Cruz,Patagonia,Santa Cruz,https://www.laopinionaustral.com.ar,Puerto Deseado suma actividad y espera el arribo de nuevos buques en los próximos días
2026-06-19,2026-W25,provincial,LA OPINIÓN AUSTRAL,Santa Cruz,Patagonia,Santa Cruz,https://www.laopinionaustral.com.ar,Lo detuvieron tras atacar con un destornillador a su expareja y al novio de ella mientras dormían en Pico Truncado
2026-06-19,2026-W25,provincial,LA OPINIÓN AUSTRAL,Santa Cruz,Patagonia,Santa Cruz,https://www.laopinionaustral.com.ar,"Iba en por una ruta de Santa Cruz con 2,28 de alcohol en sangre, sin carné ni seguro cruzándose de carril: “No fue tragedia de milagro”"
2026-06-19,2026-W25,provincial,LA OPINIÓN AUSTRAL,Santa Cruz,Patagonia,Santa Cruz,https://www.laopinionaustral.com.ar,"Después de 20 años, Caleta Olivia vuelve a tener una sede Pre Cosquín: “Nos llena de orgullo”"
2026-06-19,2026-W25,provincial,LA OPINIÓN AUSTRAL,Santa Cruz,Patagonia,Santa Cruz,https://www.laopinionaustral.com.ar,Reforma Laboral y Ley de Glaciares: qué busca la minería argentina antes del nuevo evento de PDAC
2026-06-19,2026-W25,provincial,LA OPINIÓN AUSTRAL,Santa Cruz,Patagonia,Santa Cruz,https://www.laopinionaustral.com.ar,¿Patagonia “maicera”?: ensayos buscan encontrar el híbrido que mejor se adapte
2026-06-19,2026-W25,provincial,LA OPINIÓN AUSTRAL,Santa Cruz,Patagonia,Santa Cruz,https://www.laopinionaustral.com.ar,Argentina fortalece su competitividad y afronta los desafíos mineros de 2026
2026-06-19,2026-W25,provincial,NUEVO DÍA,Santa Cruz,Patagonia,Santa Cruz,https://www.eldiarionuevodia.com.ar,El jefe de Policía de Santa Cruz advirtió que podrían retirar las armas a efectivos autoconvocados: los motivos
2026-06-19,2026-W25,provincial,NUEVO DÍA,Santa Cruz,Patagonia,Santa Cruz,https://www.eldiarionuevodia.com.ar,"Por un conflicto en Santa Cruz, diputados de la oposición pidieron una sesión extraordinaria"
2026-06-19,2026-W25,provincial,NUEVO DÍA,Santa Cruz,Patagonia,Santa Cruz,https://www.eldiarionuevodia.com.ar,Paritaria central: cuál fue la oferta del Gobierno de Santa Cruz y qué respondieron los sindicatos
2026-06-19,2026-W25,provincial,NUEVO DÍA,Santa Cruz,Patagonia,Santa Cruz,https://www.eldiarionuevodia.com.ar,Un municipio de Santa Cruz informó que algunos trabajadores pedían cobrar el aguinaldo en efectivo
2026-06-19,2026-W25,provincial,NUEVO DÍA,Santa Cruz,Patagonia,Santa Cruz,https://www.eldiarionuevodia.com.ar,Paritaria central: qué informó el Gobierno sobre la propuesta y las gestiones con Nación
2026-06-19,2026-W25,provincial,NUEVO DÍA,Santa Cruz,Patagonia,Santa Cruz,https://www.eldiarionuevodia.com.ar,Este sábado: sorteo con 70 premios por Radio Nuevo Día
2026-06-19,2026-W25,provincial,NUEVO DÍA,Santa Cruz,Patagonia,Santa Cruz,https://www.eldiarionuevodia.com.ar,"Con amplia participación, Río Turbio vivió el tercer abrazo simbólico a la Plaza Centenario del Carbón"
2026-06-19,2026-W25,provincial,NUEVO DÍA,Santa Cruz,Patagonia,Santa Cruz,https://www.eldiarionuevodia.com.ar,Pollicita profundiza la investigación sobre el patrimonio de Adorni
2026-06-19,2026-W25,provincial,NUEVO DÍA,Santa Cruz,Patagonia,Santa Cruz,https://www.eldiarionuevodia.com.ar,"Proponen que el sector de Señalizaciones del Municipio de Río Gallegos lleve el nombre de ""Oscarcito"" Álvarez"
2026-06-19,2026-W25,provincial,NUEVO DÍA,Santa Cruz,Patagonia,Santa Cruz,https://www.eldiarionuevodia.com.ar,Dos intervenciones de Bomberos en pocas horas: controlaron un incendio menor y un desperfecto eléctrico
2026-06-19,2026-W25,provincial,NUEVO DÍA,Santa Cruz,Patagonia,Santa Cruz,https://www.eldiarionuevodia.com.ar,La FIFA designó al árbitro para el partido de la Selección Argentina ante Austria
2026-06-19,2026-W25,provincial,NUEVO DÍA,Santa Cruz,Patagonia,Santa Cruz,https://www.eldiarionuevodia.com.ar,Brasil está obligado a ganar: así llega al duelo con Haití en el Mundial
2026-06-19,2026-W25,provincial,NUEVO DÍA,Santa Cruz,Patagonia,Santa Cruz,https://www.eldiarionuevodia.com.ar,¿Puede Marruecos dar el golpe ante Escocia en el Mundial 2026?
2026-06-19,2026-W25,provincial,NUEVO DÍA,Santa Cruz,Patagonia,Santa Cruz,https://www.eldiarionuevodia.com.ar,El ganador quedará a un paso de octavos: duelo clave entre EE.UU. y Australia
2026-06-19,2026-W25,provincial,NUEVO DÍA,Santa Cruz,Patagonia,Santa Cruz,https://www.eldiarionuevodia.com.ar,Duelo de líderes: México y Corea del Sur ponen en juego la cima del Grupo A
2026-06-19,2026-W25,provincial,NUEVO DÍA,Santa Cruz,Patagonia,Santa Cruz,https://www.eldiarionuevodia.com.ar,Canadá y Qatar van por una victoria que puede cambiar la tabla
2026-06-19,2026-W25,provincial,NUEVO DÍA,Santa Cruz,Patagonia,Santa Cruz,https://www.eldiarionuevodia.com.ar,El Gobierno confirmó a Adrián Ravier como nuevo vocero presidencial
2026-06-19,2026-W25,provincial,NUEVO DÍA,Santa Cruz,Patagonia,Santa Cruz,https://www.eldiarionuevodia.com.ar,Adidas liquidó stock y ofrece descuentos de hasta 50%
2026-06-19,2026-W25,provincial,NUEVO DÍA,Santa Cruz,Patagonia,Santa Cruz,https://www.eldiarionuevodia.com.ar,"Madre de Loan: ""No vamos a sacar su cama hasta que aparezca"""
2026-06-19,2026-W25,provincial,NUEVO DÍA,Santa Cruz,Patagonia,Santa Cruz,https://www.eldiarionuevodia.com.ar,"""La respeta y la admira"": la inesperada respuesta de Celia Messi a Florencia Peña y una curiosa invitación"
2026-06-19,2026-W25,provincial,NUEVO DÍA,Santa Cruz,Patagonia,Santa Cruz,https://www.eldiarionuevodia.com.ar,"Tras la intimación de ARCA, el contratista Matías Tabar rompió el silencio y contradijo a Manuel Adorni"
2026-06-19,2026-W25,provincial,NUEVO DÍA,Santa Cruz,Patagonia,Santa Cruz,https://www.eldiarionuevodia.com.ar,Paritaria de salud: la oferta salarial del Gobierno de Santa Cruz para el sector Salud quedó sobre la mesa y ahora los gremios definirán sus próximos pasos
2026-06-19,2026-W25,provincial,NUEVO DÍA,Santa Cruz,Patagonia,Santa Cruz,https://www.eldiarionuevodia.com.ar,Robles y Chalub acompañaron a los jóvenes que realizan el curso de formación como mozos y mozas
2026-06-19,2026-W25,provincial,NUEVO DÍA,Santa Cruz,Patagonia,Santa Cruz,https://www.eldiarionuevodia.com.ar,Refuerzan los controles en rutas de Santa Cruz en el marco del Plan Invernal 2026
2026-06-19,2026-W25,provincial,NUEVO DÍA,Santa Cruz,Patagonia,Santa Cruz,https://www.eldiarionuevodia.com.ar,Denuncian una presunta estafa a egresados de un jardín en Santa Cruz: desapareció la tesorera y temen haber perdido millones de pesos
2026-06-19,2026-W25,provincial,NUEVO DÍA,Santa Cruz,Patagonia,Santa Cruz,https://www.eldiarionuevodia.com.ar,La CSS simplifica la atención: ahora alcanza el DNI
2026-06-19,2026-W25,provincial,NUEVO DÍA,Santa Cruz,Patagonia,Santa Cruz,https://www.eldiarionuevodia.com.ar,"Paritaria de Salud: el Gobierno propuso un 16,8% de incremento y pasan a cuarto intermedio hasta el viernes"
2026-06-19,2026-W25,provincial,NUEVO DÍA,Santa Cruz,Patagonia,Santa Cruz,https://www.eldiarionuevodia.com.ar,Intervinieron por un conflicto de pareja y encontraron un cultivo de marihuana en una vivienda de Río Gallegos
2026-06-19,2026-W25,provincial,NUEVO DÍA,Santa Cruz,Patagonia,Santa Cruz,https://www.eldiarionuevodia.com.ar,Jubilados y pensionados tendrán rebajas en frutas y verduras en el Mercado Concentrador Patagónico
2026-06-19,2026-W25,provincial,NUEVO DÍA,Santa Cruz,Patagonia,Santa Cruz,https://www.eldiarionuevodia.com.ar,Cómo quedarían los sueldos de los policías en cada jerarquía tras la paritaria: la tabla que publicó Jefatura de Policía de Santa Cruz
2026-06-19,2026-W25,provincial,NUEVO DÍA,Santa Cruz,Patagonia,Santa Cruz,https://www.eldiarionuevodia.com.ar,El municipio de Río Gallegos pagó este viernes el aguinaldo
2026-06-19,2026-W25,provincial,NUEVO DÍA,Santa Cruz,Patagonia,Santa Cruz,https://www.eldiarionuevodia.com.ar,Seis municipios de Santa Cruz ya confirmaron el pago del aguinaldo y la Provincia lo abonará este sábado 20 de junio
2026-06-19,2026-W25,provincial,NUEVO DÍA,Santa Cruz,Patagonia,Santa Cruz,https://www.eldiarionuevodia.com.ar,Puerto Deseado: apuñalaron a un proveedor comercial de Comodoro Rivadavia y fue derivado a Caleta Olivia
2026-06-19,2026-W25,provincial,NUEVO DÍA,Santa Cruz,Patagonia,Santa Cruz,https://www.eldiarionuevodia.com.ar,"Otro municipio de Santa Cruz confirmó fecha de aguinaldo, sueldos de junio y cuestionó apoyo de provincia"
2026-06-19,2026-W25,provincial,NUEVO DÍA,Santa Cruz,Patagonia,Santa Cruz,https://www.eldiarionuevodia.com.ar,Fin de semana con temperaturas bajo cero en Santa Cruz: las localidades más frías y qué sucederá en Río Gallegos
2026-06-19,2026-W25,provincial,NUEVO DÍA,Santa Cruz,Patagonia,Santa Cruz,https://www.eldiarionuevodia.com.ar,Escándalo en Santa Cruz: dos jugadoras del mismo equipo se pelearon antes de un partido y el caso llegó a AFA
2026-06-19,2026-W25,provincial,NUEVO DÍA,Santa Cruz,Patagonia,Santa Cruz,https://www.eldiarionuevodia.com.ar,"Escuela La Trinchera de Río Gallegos: ""Hay chicos que encuentran en la danza una pasión muy bonita"""
2026-06-19,2026-W25,provincial,NUEVO DÍA,Santa Cruz,Patagonia,Santa Cruz,https://www.eldiarionuevodia.com.ar,"Arte, merienda y creatividad: taller de collage en Río Gallegos"
2026-06-19,2026-W25,provincial,NUEVO DÍA,Santa Cruz,Patagonia,Santa Cruz,https://www.eldiarionuevodia.com.ar,La Justicia le saca el apellido Maillo a integrantes condenados por el crimen del comerciante de Río Gallegos
2026-06-19,2026-W25,provincial,NUEVO DÍA,Santa Cruz,Patagonia,Santa Cruz,https://www.eldiarionuevodia.com.ar,De Río Gallegos al Mundial: la patagónica que musicalizará la Copa del Mundo
2026-06-19,2026-W25,provincial,NUEVO DÍA,Santa Cruz,Patagonia,Santa Cruz,https://www.eldiarionuevodia.com.ar,Ya se pueden consultar los padrones definitivos para la elección de vocales del Consejo Provincial de Educación de Santa Cruz
2026-06-19,2026-W25,provincial,NUEVO DÍA,Santa Cruz,Patagonia,Santa Cruz,https://www.eldiarionuevodia.com.ar,Santa Cruz implementará un nuevo Régimen de Cuotificación de Merluza Común
2026-06-19,2026-W25,provincial,NUEVO DÍA,Santa Cruz,Patagonia,Santa Cruz,https://www.eldiarionuevodia.com.ar,¿Cómo operaba el profesor acusado de vender droga en Punta Arenas?
2026-06-19,2026-W25,provincial,NUEVO DÍA,Santa Cruz,Patagonia,Santa Cruz,https://www.eldiarionuevodia.com.ar,Caso Ángel López: audiencia clave este viernes por pericias
2026-06-19,2026-W25,provincial,NUEVO DÍA,Santa Cruz,Patagonia,Santa Cruz,https://www.eldiarionuevodia.com.ar,Roblox lanza nueva guía para padres y actualiza cuentas para menores de 16 años
2026-06-19,2026-W25,provincial,NUEVO DÍA,Santa Cruz,Patagonia,Santa Cruz,https://www.eldiarionuevodia.com.ar,Fácil y gratis: cómo crear tu propia figurita del Mundial 2026 personalizada con inteligencia artificial
2026-06-19,2026-W25,provincial,NUEVO DÍA,Santa Cruz,Patagonia,Santa Cruz,https://www.eldiarionuevodia.com.ar,Construcción 3D en Argentina: una impresora levanta una casa de 120 m² en solo 48 horas
2026-06-19,2026-W25,provincial,NUEVO DÍA,Santa Cruz,Patagonia,Santa Cruz,https://www.eldiarionuevodia.com.ar,Pocos lo hacen: cada cuánto conviene reiniciar el celular para que funcione mejor
2026-06-19,2026-W25,provincial,NUEVO DÍA,Santa Cruz,Patagonia,Santa Cruz,https://www.eldiarionuevodia.com.ar,Construir casas impresas en 3D ya es una realidad: cuánto cuestan y por qué esta tecnología avanza en todo el mundo
2026-06-19,2026-W25,provincial,NUEVO DÍA,Santa Cruz,Patagonia,Santa Cruz,https://www.eldiarionuevodia.com.ar,Transferencias sin alias: así funcionará el sistema NFC
2026-06-19,2026-W25,provincial,TIEMPO SUR,Santa Cruz,Patagonia,Santa Cruz,https://www.tiemposur.com.ar,"""30 Pueblos"" La Sole sorprendió a los grupos de Folklore en El Calafate"
2026-06-19,2026-W25,provincial,TIEMPO SUR,Santa Cruz,Patagonia,Santa Cruz,https://www.tiemposur.com.ar,Compromiso ambiental Río Gallegos se sumó a la Red Argentina de Municipios frente al Cambio Climático
2026-06-19,2026-W25,provincial,TIEMPO SUR,Santa Cruz,Patagonia,Santa Cruz,https://www.tiemposur.com.ar,Historia de vida De operario minero a magíster: Gastón y su apuesta por la formación
2026-06-19,2026-W25,provincial,TIEMPO SUR,Santa Cruz,Patagonia,Santa Cruz,https://www.tiemposur.com.ar,Trabajo preventivo Analizan el riesgo geológico que podría tener El Chaltén ante un evento GLOF
2026-06-19,2026-W25,provincial,TIEMPO SUR,Santa Cruz,Patagonia,Santa Cruz,https://www.tiemposur.com.ar,El deporte local de fiesta El Gimnasio Nicolai y el Estadio Ferro ya tienen su césped sintético
2026-06-19,2026-W25,provincial,TIEMPO SUR,Santa Cruz,Patagonia,Santa Cruz,https://www.tiemposur.com.ar,Santa Cruz Nueva reunión del Consejo Federal de Responsabilidad Fiscal
2026-06-19,2026-W25,provincial,TIEMPO SUR,Santa Cruz,Patagonia,Santa Cruz,https://www.tiemposur.com.ar,Capacitación con Salida Laboral Río Gallegos: Más de 40 jóvenes se forman como mozos
2026-06-19,2026-W25,provincial,TIEMPO SUR,Santa Cruz,Patagonia,Santa Cruz,https://www.tiemposur.com.ar,"Unidad en el PJ Bjerring: ""El peronismo priorizó lo colectivo"""
2026-06-19,2026-W25,provincial,TIEMPO SUR,Santa Cruz,Patagonia,Santa Cruz,https://www.tiemposur.com.ar,Vóley Acción también para los chicos de Sub12 en Puerto Santa Cruz
2026-06-19,2026-W25,provincial,TIEMPO SUR,Santa Cruz,Patagonia,Santa Cruz,https://www.tiemposur.com.ar,Reclamo salarial Policías autoconvocados de El Calafate convocan a un bocinazo
2026-06-19,2026-W25,provincial,TIEMPO SUR,Santa Cruz,Patagonia,Santa Cruz,https://www.tiemposur.com.ar,Comisaría Séptima Policías con medida de fuerza denunciaron aprietes a oficiales
2026-06-19,2026-W25,provincial,TIEMPO SUR,Santa Cruz,Patagonia,Santa Cruz,https://www.tiemposur.com.ar,Mundial 2026 Brasil enfrenta a Haití con la obligación de ganar
2026-06-19,2026-W25,provincial,TIEMPO SUR,Santa Cruz,Patagonia,Santa Cruz,https://www.tiemposur.com.ar,Chubut Comenzaron los actos de Promesa de Lealtad a las Banderas Nacional y Provincial
2026-06-19,2026-W25,provincial,TIEMPO SUR,Santa Cruz,Patagonia,Santa Cruz,https://www.tiemposur.com.ar,El Calafate Nueva Jornada de Cocina y Carne de Guanaco
2026-06-19,2026-W25,provincial,TIEMPO SUR,Santa Cruz,Patagonia,Santa Cruz,https://www.tiemposur.com.ar,"Ravier, nuevo vocero presidencial Las claves de un giro en las formas y el fondo de la comunicación del Gobierno"
2026-06-19,2026-W25,provincial,TIEMPO SUR,Santa Cruz,Patagonia,Santa Cruz,https://www.tiemposur.com.ar,"Conflicto salarial Agüero: ""El reclamo es justo, pero les pedimos que vuelvan a trabajar"""
2026-06-19,2026-W25,provincial,TIEMPO SUR,Santa Cruz,Patagonia,Santa Cruz,https://www.tiemposur.com.ar,"Elecciones PJ Eloy Echazú: “Tenemos gestión, experiencia y cuadros formados”"
2026-06-19,2026-W25,provincial,TIEMPO SUR,Santa Cruz,Patagonia,Santa Cruz,https://www.tiemposur.com.ar,"Reclamo Salarial Del Pla: ""Si firmáramos, estaríamos convalidando que la caída del salario permanezca"""
2026-06-19,2026-W25,provincial,TIEMPO SUR,Santa Cruz,Patagonia,Santa Cruz,https://www.tiemposur.com.ar,redes sociales Los mejores memes tras la ceremonia de inauguración del Mundial 2026
2026-06-19,2026-W25,provincial,TIEMPO SUR,Santa Cruz,Patagonia,Santa Cruz,https://www.tiemposur.com.ar,Río Gallegos Nueva campaña de recolección chatarra para la remediación ambiental
2026-06-19,2026-W25,provincial,TIEMPO SUR,Santa Cruz,Patagonia,Santa Cruz,https://www.tiemposur.com.ar,Educación Nahir Castillo: “Es urgente unirnos padres y docentes”
2026-06-19,2026-W25,provincial,TIEMPO SUR,Santa Cruz,Patagonia,Santa Cruz,https://www.tiemposur.com.ar,En Paraná Santa Cruz participó de la reunión del Consejo Federal de Responsabilidad Fiscal
2026-06-19,2026-W25,provincial,TIEMPO SUR,Santa Cruz,Patagonia,Santa Cruz,https://www.tiemposur.com.ar,"Liga Centro Las chicas definen el título del Torneo Apertura ""Víctor Delfín Tabares"" en Puerto Santa Cruz"
2026-06-19,2026-W25,provincial,TIEMPO SUR,Santa Cruz,Patagonia,Santa Cruz,https://www.tiemposur.com.ar,Acuerdos pendientes Judiciales paran y reclaman frente al Tribunal Superior de Justicia
2026-06-19,2026-W25,provincial,TIEMPO SUR,Santa Cruz,Patagonia,Santa Cruz,https://www.tiemposur.com.ar,Ciudad Municipales de Río Gallegos ya tienen acreditado el aguinaldo
2026-06-19,2026-W25,provincial,TIEMPO SUR,Santa Cruz,Patagonia,Santa Cruz,https://www.tiemposur.com.ar,"Básquet Con un gran Laprovíttola, Barcelona le ganó a Valencia y puso primera en la serie final"
2026-06-19,2026-W25,provincial,TIEMPO SUR,Santa Cruz,Patagonia,Santa Cruz,https://www.tiemposur.com.ar,"Jefatura de Policía Policías, bomberos y penitenciarios se acuartelaron"
2026-06-19,2026-W25,provincial,TIEMPO SUR,Santa Cruz,Patagonia,Santa Cruz,https://www.tiemposur.com.ar,Mundial 2026 Escocia choca con Marruecos en un duelo clave por el Grupo C
2026-06-19,2026-W25,provincial,TIEMPO SUR,Santa Cruz,Patagonia,Santa Cruz,https://www.tiemposur.com.ar,Comodoro Rivadavia El Municipio desarrollará una nutrida agenda cultural durante el fin de semana
2026-06-19,2026-W25,provincial,TIEMPO SUR,Santa Cruz,Patagonia,Santa Cruz,https://www.tiemposur.com.ar,Seguridad Vial en Santa Cruz Plan Invernal 2026: Transporte refuerza los controles y la fiscalización en las rutas provinciales
2026-06-19,2026-W25,provincial,TIEMPO SUR,Santa Cruz,Patagonia,Santa Cruz,https://www.tiemposur.com.ar,"Salud Publica en Chubut ""Mejor en Casa"": El programa que lleva atención médica integral a los adultos mayores de Camarones"
2026-06-19,2026-W25,provincial,TIEMPO SUR,Santa Cruz,Patagonia,Santa Cruz,https://www.tiemposur.com.ar,Ética profesional Alejandro Suárez analiza la responsabilidad de los medios de streaming
2026-06-19,2026-W25,provincial,TIEMPO SUR,Santa Cruz,Patagonia,Santa Cruz,https://www.tiemposur.com.ar,Astronomía Eclipse solar más largo del siglo: ¿cuándo será y cuánto durará?
2026-06-19,2026-W25,provincial,TIEMPO SUR,Santa Cruz,Patagonia,Santa Cruz,https://www.tiemposur.com.ar,ADOSAC Juan Valentín: “La oferta salarial es insuficiente e inaceptable”
2026-06-19,2026-W25,provincial,TIEMPO SUR,Santa Cruz,Patagonia,Santa Cruz,https://www.tiemposur.com.ar,"El ""Mundialito de Olga"" Los Antiguos calienta motores de cara al cruce con San Julián"
2026-06-19,2026-W25,provincial,TIEMPO SUR,Santa Cruz,Patagonia,Santa Cruz,https://www.tiemposur.com.ar,Río Gallegos Corte de luz: esperan activar la reserva fría
2026-06-19,2026-W25,provincial,TIEMPO SUR,Santa Cruz,Patagonia,Santa Cruz,https://www.tiemposur.com.ar,Río Gallegos Bomberos intervinieron de manera preventiva tras una colisión vehicular
2026-06-19,2026-W25,provincial,TIEMPO SUR,Santa Cruz,Patagonia,Santa Cruz,https://www.tiemposur.com.ar,Tras e corte de luz Suspenden las clases del turno mañana
2026-06-19,2026-W25,provincial,TIEMPO SUR,Santa Cruz,Patagonia,Santa Cruz,https://www.tiemposur.com.ar,Inocencia Fiscal La CAME pidió al Senado suspender embargos y reducir multas a las pymes
2026-06-19,2026-W25,provincial,TIEMPO SUR,Santa Cruz,Patagonia,Santa Cruz,https://www.tiemposur.com.ar,Servicios Básicos en Santa Cruz Caleta Olivia: Concluyó la obra de gas en el barrio Favaloro y habilitarán las conexiones domiciliarias
2026-06-19,2026-W25,provincial,TIEMPO SUR,Santa Cruz,Patagonia,Santa Cruz,https://www.tiemposur.com.ar,Política Pesquera en Santa Cruz Pesca sustentable: Provincia implementará un nuevo Régimen de Cuotificación de Merluza Común
2026-06-19,2026-W25,provincial,TIEMPO SUR,Santa Cruz,Patagonia,Santa Cruz,https://www.tiemposur.com.ar,Reordenamiento Implementación de un nuevo Régimen de Cuotificación de Merluza Común
2026-06-19,2026-W25,provincial,TIEMPO SUR,Santa Cruz,Patagonia,Santa Cruz,https://www.tiemposur.com.ar,Áreas clave Siguen los cruces entre el Gobierno y gremios por los despidos
2026-06-19,2026-W25,provincial,TIEMPO SUR,Santa Cruz,Patagonia,Santa Cruz,https://www.tiemposur.com.ar,Invierno Lago Rosario y Sierra Colorada abrirán la temporada con propuestas turísticas
2026-06-19,2026-W25,provincial,TIEMPO SUR,Santa Cruz,Patagonia,Santa Cruz,https://www.tiemposur.com.ar,Santa Cruz El PJ logró lista de unidad y Pablo Grasso conducirá el partido
2026-06-19,2026-W25,provincial,TIEMPO SUR,Santa Cruz,Patagonia,Santa Cruz,https://www.tiemposur.com.ar,Operación protección de las infancias VII La Federal desarticuló una organización dedicada a distribuir MASI
2026-06-19,2026-W25,provincial,TIEMPO SUR,Santa Cruz,Patagonia,Santa Cruz,https://www.tiemposur.com.ar,Córdoba Femicidio de Agostina Vega: indagan a Soledad Andreani
2026-06-19,2026-W25,provincial,TIEMPO SUR,Santa Cruz,Patagonia,Santa Cruz,https://www.tiemposur.com.ar,Conflicto policial Agüero ordenó el regreso inmediato de toda la fuerza a las comisarías
2026-06-19,2026-W25,provincial,TIEMPO SUR,Santa Cruz,Patagonia,Santa Cruz,https://www.tiemposur.com.ar,Histórico fallo judicial Despojan del apellido Maillo a los condenados por el brutal crimen del comerciante
2026-06-19,2026-W25,provincial,TIEMPO SUR,Santa Cruz,Patagonia,Santa Cruz,https://www.tiemposur.com.ar,Chubut Detectan irregularidades en un predio dedicado a la crianza y venta de carne de cerdo
2026-06-19,2026-W25,provincial,EL SUREÑO,Tierra del Fuego,Patagonia,Río Grande,https://www.surenio.com.ar,Diario El Sureño
2026-06-19,2026-W25,provincial,EL SUREÑO,Tierra del Fuego,Patagonia,Río Grande,https://www.surenio.com.ar,Momento histórico con la inauguración de la nueva aerosilla cuádruple en el Cerro Martial
2026-06-19,2026-W25,provincial,EL SUREÑO,Tierra del Fuego,Patagonia,Río Grande,https://www.surenio.com.ar,“La Bandera Nos Une”: Una multitud participó de la jornada patriótica
2026-06-19,2026-W25,provincial,EL SUREÑO,Tierra del Fuego,Patagonia,Río Grande,https://www.surenio.com.ar,La Municipalidad y Banco Macro presentaron planes de pago para pavimentación
2026-06-19,2026-W25,provincial,EL SUREÑO,Tierra del Fuego,Patagonia,Río Grande,https://www.surenio.com.ar,El Tribunal consideró la “gravedad institucional” que tuvo la estructura delictual en ATE
2026-06-19,2026-W25,provincial,EL SUREÑO,Tierra del Fuego,Patagonia,Río Grande,https://www.surenio.com.ar,"“Mientras Adorni cuenta sus dólares, las familias fueguinas no llegan a fin de mes”"
2026-06-19,2026-W25,provincial,EL SUREÑO,Tierra del Fuego,Patagonia,Río Grande,https://www.surenio.com.ar,Condena de 12 años de prisión por abuso sexual
2026-06-19,2026-W25,provincial,EL SUREÑO,Tierra del Fuego,Patagonia,Río Grande,https://www.surenio.com.ar,"Acusan a Ariel y David Ciares por fraude, encubrimiento y malversación en la Penitenciaría"
2026-06-19,2026-W25,provincial,EL SUREÑO,Tierra del Fuego,Patagonia,Río Grande,https://www.surenio.com.ar,Castillo: “Hablar de colapso tiene una intencionalidad”
2026-06-19,2026-W25,provincial,EL SUREÑO,Tierra del Fuego,Patagonia,Río Grande,https://www.surenio.com.ar,“La gobernabilidad se alcanza a través del diálogo”
2026-06-19,2026-W25,provincial,EL SUREÑO,Tierra del Fuego,Patagonia,Río Grande,https://www.surenio.com.ar,AGENDA CULTURAL
2026-06-19,2026-W25,provincial,EL SUREÑO,Tierra del Fuego,Patagonia,Río Grande,https://www.surenio.com.ar,INTERNACIONALES
2026-06-19,2026-W25,provincial,EL SUREÑO,Tierra del Fuego,Patagonia,Río Grande,https://www.surenio.com.ar,"21° fecha de la AVRG, Oficial y Grand Prix de la FVF"
2026-06-19,2026-W25,provincial,EL SUREÑO,Tierra del Fuego,Patagonia,Río Grande,https://www.surenio.com.ar,Exámenes con el Sensei Daniel Maehamasaki
2026-06-19,2026-W25,provincial,EL SUREÑO,Tierra del Fuego,Patagonia,Río Grande,https://www.surenio.com.ar,"El Provincial de Cross, victoria de Isorna"
2026-06-19,2026-W25,provincial,EL SUREÑO,Tierra del Fuego,Patagonia,Río Grande,https://www.surenio.com.ar,La Primera de voley femenino entra en etapa decisiva
2026-06-19,2026-W25,provincial,EL SUREÑO,Tierra del Fuego,Patagonia,Río Grande,https://www.surenio.com.ar,Causa Malvinas en la currícula educativa provincial
2026-06-19,2026-W25,provincial,EL SUREÑO,Tierra del Fuego,Patagonia,Río Grande,https://www.surenio.com.ar,El BIM 5 conmemoró el Día de la «Máxima Resistencia» junto a sus héroes
2026-06-19,2026-W25,provincial,EL SUREÑO,Tierra del Fuego,Patagonia,Río Grande,https://www.surenio.com.ar,Taller de Evacuación y Matafuegos en Ushuaia
2026-06-19,2026-W25,provincial,EL SUREÑO,Tierra del Fuego,Patagonia,Río Grande,https://www.surenio.com.ar,"Don Bosco Por Los Jóvenes, una campaña por los misioneros en la Patagonia"
2026-06-19,2026-W25,provincial,EL SUREÑO,Tierra del Fuego,Patagonia,Río Grande,https://www.surenio.com.ar,El Municipio celebró el Día del Libro junto a infancias y familias
2026-06-19,2026-W25,provincial,EL SUREÑO,Tierra del Fuego,Patagonia,Río Grande,https://www.surenio.com.ar,Con una cena show recaudarán fondos para LUCCAU
2026-06-19,2026-W25,provincial,EL SUREÑO,Tierra del Fuego,Patagonia,Río Grande,https://www.surenio.com.ar,Jornada abierta y gratuita de yoga
2026-06-19,2026-W25,provincial,EL SUREÑO,Tierra del Fuego,Patagonia,Río Grande,https://www.surenio.com.ar,Cine debate y talleres sobre ESI en colegios secundarios
2026-06-19,2026-W25,provincial,EL SUREÑO,Tierra del Fuego,Patagonia,Río Grande,https://www.surenio.com.ar,La UBA se mantiene entre las cien mejores universidades del mundo
2026-06-19,2026-W25,provincial,EL SUREÑO,Tierra del Fuego,Patagonia,Río Grande,https://www.surenio.com.ar,Programa de becas UMET para el segundo cuatrimestre
2026-06-19,2026-W25,provincial,EL SUREÑO,Tierra del Fuego,Patagonia,Río Grande,https://www.surenio.com.ar,UNTDF: Prórroga para inscribirse a la Licenciatura en Seguridad Pública
2026-06-19,2026-W25,provincial,EL SUREÑO,Tierra del Fuego,Patagonia,Río Grande,https://www.surenio.com.ar,Impulso Egreso: Requisitos para el retiro de talonarios
2026-06-19,2026-W25,provincial,EL SUREÑO,Tierra del Fuego,Patagonia,Río Grande,https://www.surenio.com.ar,Fundación Mirgor y Fundación OSDE invitan una charla abierta sobre donación de sangre
2026-06-19,2026-W25,provincial,EL SUREÑO,Tierra del Fuego,Patagonia,Río Grande,https://www.surenio.com.ar,Estrategia de prevención y diagnóstico del ACV
2026-06-19,2026-W25,provincial,EL SUREÑO,Tierra del Fuego,Patagonia,Río Grande,https://www.surenio.com.ar,Importante capacitación en RCP y uso del DEA
2026-06-19,2026-W25,provincial,EL SUREÑO,Tierra del Fuego,Patagonia,Río Grande,https://www.surenio.com.ar,Así será la atención de los CAPS durante el fin de semana
2026-06-19,2026-W25,provincial,EL SUREÑO,Tierra del Fuego,Patagonia,Río Grande,https://www.surenio.com.ar,Los prospectos de medicamentos pasarán a ser digitales
2026-06-19,2026-W25,provincial,EL SUREÑO,Tierra del Fuego,Patagonia,Río Grande,https://www.surenio.com.ar,Retoman los paros en las universidades
2026-06-19,2026-W25,provincial,EL SUREÑO,Tierra del Fuego,Patagonia,Río Grande,https://www.surenio.com.ar,Paro docente el jueves: SUTEF se suma a la medida de fuerza nacional
2026-06-19,2026-W25,provincial,EL SUREÑO,Tierra del Fuego,Patagonia,Río Grande,https://www.surenio.com.ar,"Fiesta de la Noche más larga: Velada de Indie, Reggae y Ska"
2026-06-19,2026-W25,provincial,EL SUREÑO,Tierra del Fuego,Patagonia,Río Grande,https://www.surenio.com.ar,"“Sabotaje”, match de improvisación teatral en el C.C. Alem"
2026-06-19,2026-W25,provincial,EL SUREÑO,Tierra del Fuego,Patagonia,Río Grande,https://www.surenio.com.ar,"Matiné “Argentina Mundial”, en el Paseo del Muelle “Mingo Gutiérrez”"
2026-06-19,2026-W25,provincial,EL SUREÑO,Tierra del Fuego,Patagonia,Río Grande,https://www.surenio.com.ar,Agenda “Fiesta Nacional de la Noche Más Larga 2026”
2026-06-19,2026-W25,provincial,EL SUREÑO,Tierra del Fuego,Patagonia,Río Grande,https://www.surenio.com.ar,“Biblioteca en Comunidad: Palabras que circulan”
2026-06-19,2026-W25,provincial,EL SUREÑO,Tierra del Fuego,Patagonia,Río Grande,https://www.surenio.com.ar,Temporada de invierno 2026: El Infuetur junto a Cerro Castor anunciaron las novedades
2026-06-19,2026-W25,provincial,EL SUREÑO,Tierra del Fuego,Patagonia,Río Grande,https://www.surenio.com.ar,Crece en Argentina la inversión en hotelería turística
2026-06-19,2026-W25,provincial,EL SUREÑO,Tierra del Fuego,Patagonia,Río Grande,https://www.surenio.com.ar,Gira por los pueblos de Argentina que compiten este año para ser los mejores del mundo
2026-06-19,2026-W25,provincial,EL SUREÑO,Tierra del Fuego,Patagonia,Río Grande,https://www.surenio.com.ar,Kansas City y Dallas disparan las búsquedas de hospedajes de los argentinos
2026-06-19,2026-W25,provincial,EL SUREÑO,Tierra del Fuego,Patagonia,Río Grande,https://www.surenio.com.ar,¿Cómo y en qué ahorra el argentino cuando decide viajar para ver un partido de fútbol?
2026-06-19,2026-W25,provincial,EL SUREÑO,Tierra del Fuego,Patagonia,Río Grande,https://www.surenio.com.ar,Tristeza en el mundo del espectáculo: murió actriz y vedette que trabajó con Tato Bores y Mirtha Legrand
2026-06-19,2026-W25,provincial,EL SUREÑO,Tierra del Fuego,Patagonia,Río Grande,https://www.surenio.com.ar,Los Premios Gardel serán conducidos por Diego Leuco y contarán con público general por primera vez
2026-06-19,2026-W25,provincial,EL SUREÑO,Tierra del Fuego,Patagonia,Río Grande,https://www.surenio.com.ar,La V Jornada Federal de Vinculación Tecnológica en la UNDAV redefine el futuro de la IA y la inclusión social en Argentina
2026-06-19,2026-W25,provincial,EL SUREÑO,Tierra del Fuego,Patagonia,Río Grande,https://www.surenio.com.ar,China envía ocho satélites al espacio con cohete portador Lijian-1 Y14
2026-06-19,2026-W25,provincial,EL SUREÑO,Tierra del Fuego,Patagonia,Río Grande,https://www.surenio.com.ar,Mi único héroe en este lío: adiós Indio Solari
2026-06-19,2026-W25,provincial,RED 23 NOTICIAS,Tierra del Fuego,Patagonia,Río Grande,https://www.red23noticias.com.ar,El presidente de la UIF pidió un giro urgente: “La provincia debe reinventarse”
2026-06-19,2026-W25,provincial,RED 23 NOTICIAS,Tierra del Fuego,Patagonia,Río Grande,https://www.red23noticias.com.ar,Atención: corte programado de agua y baja presión por trabajos de emergencia en la red
2026-06-19,2026-W25,provincial,RED 23 NOTICIAS,Tierra del Fuego,Patagonia,Río Grande,https://www.red23noticias.com.ar,Suspenden las clases del turno mañana por los trabajos de reparación en la red de agua
2026-06-19,2026-W25,provincial,RED 23 NOTICIAS,Tierra del Fuego,Patagonia,Río Grande,https://www.red23noticias.com.ar,La UOM salió al choque y rechazó de plano el Banco de Horas
2026-06-19,2026-W25,provincial,RED 23 NOTICIAS,Tierra del Fuego,Patagonia,Río Grande,https://www.red23noticias.com.ar,La actividad maderera atraviesa un momento crítico y crece la preocupación por el empleo en Tolhuin
2026-06-19,2026-W25,provincial,RED 23 NOTICIAS,Tierra del Fuego,Patagonia,Río Grande,https://www.red23noticias.com.ar,Quedó oficialmente derogada la ley que impulsaba la reforma parcial de la Constitución fueguina
2026-06-19,2026-W25,provincial,RED 23 NOTICIAS,Tierra del Fuego,Patagonia,Río Grande,https://www.red23noticias.com.ar,Quedaron suspendidos los cambios en el régimen de asistencia al gas para hogares sin red
2026-06-19,2026-W25,provincial,RED 23 NOTICIAS,Tierra del Fuego,Patagonia,Río Grande,https://www.red23noticias.com.ar,Lapadula pidió investigar responsabilidades políticas por el radar de Leo Labs
2026-06-19,2026-W25,provincial,RED 23 NOTICIAS,Tierra del Fuego,Patagonia,Río Grande,https://www.red23noticias.com.ar,Ybars cuestionó años de discusión por la reforma: “Fue un desperdicio de tiempo”
2026-06-19,2026-W25,provincial,RED 23 NOTICIAS,Tierra del Fuego,Patagonia,Río Grande,https://www.red23noticias.com.ar,Gamarra puso el foco en los imprudentes: “La seguridad no es opcional”
2026-06-19,2026-W25,provincial,RED 23 NOTICIAS,Tierra del Fuego,Patagonia,Río Grande,https://www.red23noticias.com.ar,"Dora Sánchez liquidó la paritaria: “El aumento da vergüenza, son apenas 5 mil pesos más”"
2026-06-19,2026-W25,provincial,RED 23 NOTICIAS,Tierra del Fuego,Patagonia,Río Grande,https://www.red23noticias.com.ar,Adorni blanqueó USD 513 mil en Bitcoin y la Justicia profundiza la investigación por enriquecimiento ilícito
2026-06-19,2026-W25,provincial,RED 23 NOTICIAS,Tierra del Fuego,Patagonia,Río Grande,https://www.red23noticias.com.ar,China mira a Río Grande: una gigante de los drones visitará la ciudad para analizar inversiones
2026-06-19,2026-W25,provincial,RED 23 NOTICIAS,Tierra del Fuego,Patagonia,Río Grande,https://www.red23noticias.com.ar,"Cooke, la empresa que acumula sanciones ambientales y ahora apunta a Tierra del Fuego"
2026-06-19,2026-W25,provincial,RED 23 NOTICIAS,Tierra del Fuego,Patagonia,Río Grande,https://www.red23noticias.com.ar,Pauli cruzó las versiones de pacto con Vuoto y explotó la polémica
2026-06-19,2026-W25,provincial,RED 23 NOTICIAS,Tierra del Fuego,Patagonia,Río Grande,https://www.red23noticias.com.ar,Cinco ofertas para renovar las defensas del Puerto de Ushuaia
2026-06-19,2026-W25,provincial,RED 23 NOTICIAS,Tierra del Fuego,Patagonia,Río Grande,https://www.red23noticias.com.ar,Golpe a la producción: faenaron dos toros de alto valor en la Misión Salesiana
2026-06-19,2026-W25,provincial,RED 23 NOTICIAS,Tierra del Fuego,Patagonia,Río Grande,https://www.red23noticias.com.ar,Santilli recibió a Melella para discutir la reforma electoral
2026-06-19,2026-W25,provincial,RED 23 NOTICIAS,Tierra del Fuego,Patagonia,Río Grande,https://www.red23noticias.com.ar,"Jorge Canals destacó el inicio del diálogo con Nación, pero sin avances inmediatos para la provincia"
2026-06-19,2026-W25,provincial,RED 23 NOTICIAS,Tierra del Fuego,Patagonia,Río Grande,https://www.red23noticias.com.ar,Deluca celebró un año récord: Río Grande Activa creció 53% en plena crisis
2026-06-19,2026-W25,provincial,RED 23 NOTICIAS,Tierra del Fuego,Patagonia,Río Grande,https://www.red23noticias.com.ar,Hallaron muertos a dos adultos mayores y nadie sabe qué ocurrió
2026-06-19,2026-W25,provincial,RED 23 NOTICIAS,Tierra del Fuego,Patagonia,Río Grande,https://www.red23noticias.com.ar,La supuesta explosión en la venta de televisores por el Mundial resultó ser falsa
2026-06-19,2026-W25,provincial,RED 23 NOTICIAS,Tierra del Fuego,Patagonia,Río Grande,https://www.red23noticias.com.ar,SIPROSA logró abrir el diálogo con Economía después de meses de reclamos
2026-06-19,2026-W25,provincial,RED 23 NOTICIAS,Tierra del Fuego,Patagonia,Río Grande,https://www.red23noticias.com.ar,Pidieron la renuncia de Ariel Ciares
2026-06-19,2026-W25,provincial,RED 23 NOTICIAS,Tierra del Fuego,Patagonia,Río Grande,https://www.red23noticias.com.ar,Expo PyME Fueguina: 37 empresas salen a mostrar el potencial productivo de Tierra del Fuego
2026-06-19,2026-W25,provincial,RED 23 NOTICIAS,Tierra del Fuego,Patagonia,Río Grande,https://www.red23noticias.com.ar,Se registraron 36 bajas comerciales y crece la preocupación en Tolhuin
2026-06-19,2026-W25,provincial,RED 23 NOTICIAS,Tierra del Fuego,Patagonia,Río Grande,https://www.red23noticias.com.ar,Von der Thusen celebró que la Provincia vuelva a sentarse a negociar con el Gobierno nacional
2026-06-19,2026-W25,provincial,RED 23 NOTICIAS,Tierra del Fuego,Patagonia,Río Grande,https://www.red23noticias.com.ar,"Evacuación, perímetro y TEDAX: así fue el operativo por explosivos hallados en Río Grande"
2026-06-19,2026-W25,provincial,RED 23 NOTICIAS,Tierra del Fuego,Patagonia,Río Grande,https://www.red23noticias.com.ar,Tierra del Fuego llega a las vacaciones con un ciclo lectivo atravesado por más paros
2026-06-19,2026-W25,provincial,RED 23 NOTICIAS,Tierra del Fuego,Patagonia,Río Grande,https://www.red23noticias.com.ar,El Colegio de Ingenieros abrió su sede propia en Río Grande tras años de gestión
2026-06-19,2026-W25,provincial,RED 23 NOTICIAS,Tierra del Fuego,Patagonia,Río Grande,https://www.red23noticias.com.ar,Gastón Díaz acusó al Gobierno nacional de querer una Tierra del Fuego sin industria
2026-06-19,2026-W25,provincial,RED 23 NOTICIAS,Tierra del Fuego,Patagonia,Río Grande,https://www.red23noticias.com.ar,Tres años parada y miles de vecinos afectados: una obra clave abandonada en la Margen Sur
2026-06-19,2026-W25,provincial,RED 23 NOTICIAS,Tierra del Fuego,Patagonia,Río Grande,https://www.red23noticias.com.ar,"Voto, polémica y denuncias: la despedida de Gladis Andrade terminó en escándalo"
2026-06-19,2026-W25,provincial,RED 23 NOTICIAS,Tierra del Fuego,Patagonia,Río Grande,https://www.red23noticias.com.ar,Ushuaia avanza con una central china y crecen las dudas por dependencia tecnológica
2026-06-19,2026-W25,provincial,RED 23 NOTICIAS,Tierra del Fuego,Patagonia,Río Grande,https://www.red23noticias.com.ar,Tierra del Fuego se hunde en una crisis laboral sin precedentes: ya se perdieron más de 15 mil puestos
2026-06-19,2026-W25,provincial,RED 23 NOTICIAS,Tierra del Fuego,Patagonia,Río Grande,https://www.red23noticias.com.ar,Funcionarios libertarios se acogieron al régimen que permite blanquear patrimonio sin explicar
2026-06-19,2026-W25,provincial,RED 23 NOTICIAS,Tierra del Fuego,Patagonia,Río Grande,https://www.red23noticias.com.ar,Tierra del Fuego sumó tecnología de última generación para mejorar el diagnóstico del cáncer de próstata
2026-06-19,2026-W25,provincial,RED 23 NOTICIAS,Tierra del Fuego,Patagonia,Río Grande,https://www.red23noticias.com.ar,Las verduras impulsaron la inflación de alimentos en Tierra del Fuego durante mayo
2026-06-19,2026-W25,provincial,RED 23 NOTICIAS,Tierra del Fuego,Patagonia,Río Grande,https://www.red23noticias.com.ar,Rige una alerta amarilla por vientos para toda Tierra del Fuego durante este lunes
2026-06-19,2026-W25,provincial,RED 23 NOTICIAS,Tierra del Fuego,Patagonia,Río Grande,https://www.red23noticias.com.ar,Adiós a Taty Almeida: falleció la histórica Madre de Plaza de Mayo
2026-06-19,2026-W25,provincial,RED 23 NOTICIAS,Tierra del Fuego,Patagonia,Río Grande,https://www.red23noticias.com.ar,Argentina rompe otro récord: el combustible subió más que en cualquier país petrolero vecino
2026-06-19,2026-W25,provincial,RED 23 NOTICIAS,Tierra del Fuego,Patagonia,Río Grande,https://www.red23noticias.com.ar,Con un martillo destrozó un patrullero y terminó detenido junto a otros dos hombres
2026-06-19,2026-W25,provincial,RED 23 NOTICIAS,Tierra del Fuego,Patagonia,Río Grande,https://www.red23noticias.com.ar,Del asado al cerdo: la carne que más crece en la mesa de los argentinos
2026-06-19,2026-W25,provincial,RED 23 NOTICIAS,Tierra del Fuego,Patagonia,Río Grande,https://www.red23noticias.com.ar,Emitieron una alerta amarilla por fuertes vientos para este fin de semana en Tierra del Fuego
2026-06-19,2026-W25,provincial,RED 23 NOTICIAS,Tierra del Fuego,Patagonia,Río Grande,https://www.red23noticias.com.ar,Loreto disparó contra la Provincia: “No existe una ley que defienda a las empresas fueguinas”
2026-06-19,2026-W25,provincial,RED 23 NOTICIAS,Tierra del Fuego,Patagonia,Río Grande,https://www.red23noticias.com.ar,El reclamo por el GLP escala: presentan proyecto propio ante la falta de respuestas
2026-06-19,2026-W25,provincial,RED 23 NOTICIAS,Tierra del Fuego,Patagonia,Río Grande,https://www.red23noticias.com.ar,"Tras la crisis judicial, Pagano Zavalía celebró el diálogo que destrabó el conflicto"
2026-06-19,2026-W25,provincial,RED 23 NOTICIAS,Tierra del Fuego,Patagonia,Río Grande,https://www.red23noticias.com.ar,"El ""milagro financiero"" de Adorni que las redes hicieron trizas"
2026-06-19,2026-W25,provincial,RED 23 NOTICIAS,Tierra del Fuego,Patagonia,Río Grande,https://www.red23noticias.com.ar,"Acosta alertó: “La 19.640 sigue vigente, pero la están vaciando por decreto”"
2026-06-19,2026-W25,provincial,RED 23 NOTICIAS,Tierra del Fuego,Patagonia,Río Grande,https://www.red23noticias.com.ar,Arroyo confirmó que la reforma sigue en carrera y espera una definición urgente
2026-06-19,2026-W25,nacional,INFOBAE,Nacional,Nacional,Nacional,https://www.infobae.com,Se agravan los problemas de deudas de las familias: la mora bancaria volvió a crecer y marcó un récord
2026-06-19,2026-W25,nacional,INFOBAE,Nacional,Nacional,Nacional,https://www.infobae.com,"""El fútbol de Messi no fue un lujo"": el implacable análisis viral de un influencer mexicano"
2026-06-19,2026-W25,nacional,INFOBAE,Nacional,Nacional,Nacional,https://www.infobae.com,Caso Adorni: una denuncia por intimidación a vecinos de Indio Cua se investigará en Comodoro Py
2026-06-19,2026-W25,nacional,INFOBAE,Nacional,Nacional,Nacional,https://www.infobae.com,"Con Gonzalo Aziz, Diego Iglesias, Malena De Los Ríos, Mica Mendelevich y Matías Barbería"
2026-06-19,2026-W25,nacional,INFOBAE,Nacional,Nacional,Nacional,https://www.infobae.com,Entre robots y superinteligencia: la carrera que busca definir el futuro de la humanidad
2026-06-19,2026-W25,nacional,INFOBAE,Nacional,Nacional,Nacional,https://www.infobae.com,Cuando la realidad entra en juego: qué son los mercados de predicciones y por qué generan debate
2026-06-19,2026-W25,nacional,INFOBAE,Nacional,Nacional,Nacional,https://www.infobae.com,Argelia presentó un reclamo a la FIFA por el arbitraje contra Argentina en el Mundial: los detalles
2026-06-19,2026-W25,nacional,INFOBAE,Nacional,Nacional,Nacional,https://www.infobae.com,Quién es y cómo piensa el economista que eligió Milei para ser su nuevo vocero presidencial
2026-06-19,2026-W25,nacional,INFOBAE,Nacional,Nacional,Nacional,https://www.infobae.com,"Adrián Ravier habló tras ser designado vocero de Milei: ""Trataré de aportar para comunicar los logros"""
2026-06-19,2026-W25,nacional,INFOBAE,Nacional,Nacional,Nacional,https://www.infobae.com,Bullrich celebró los cambios en el Gobierno con otra indirecta a Adorni y gana fuerza propia en el Congreso
2026-06-19,2026-W25,nacional,INFOBAE,Nacional,Nacional,Nacional,https://www.infobae.com,Operaron de urgencia a Fernando Gago en Chile por un problema cardiovascular
2026-06-19,2026-W25,nacional,INFOBAE,Nacional,Nacional,Nacional,https://www.infobae.com,Migue Granados opinó de Nicolás Occhiato y Florencia Peña tras el escándalo
2026-06-19,2026-W25,nacional,INFOBAE,Nacional,Nacional,Nacional,https://www.infobae.com,"Nueva VTV en CABA: cómo serán los nuevos plazos, dónde podrá realizarse y cuánto costará"
2026-06-19,2026-W25,nacional,INFOBAE,Nacional,Nacional,Nacional,https://www.infobae.com,"Cayeron las acciones argentinas, subió el dólar y el BCRA compró USD 50 millones en el mercado"
2026-06-19,2026-W25,nacional,INFOBAE,Nacional,Nacional,Nacional,https://www.infobae.com,El testimonio de un tripulante que desembarcó del ARA San Juan días antes del naufragio
2026-06-19,2026-W25,nacional,INFOBAE,Nacional,Nacional,Nacional,https://www.infobae.com,Habló la joven que usó un dispositivo de descarga eléctrica para frustrar el robo de su moto en Lanús
2026-06-19,2026-W25,nacional,INFOBAE,Nacional,Nacional,Nacional,https://www.infobae.com,Cuál es el hallazgo científico inesperado sobre el devastador terremoto de 2011 en Japón
2026-06-19,2026-W25,nacional,INFOBAE,Nacional,Nacional,Nacional,https://www.infobae.com,Laura Fidalgo habló de su intimidad y contó cuál es su frecuencia sexual: “¿La casita está visitada?”
2026-06-19,2026-W25,nacional,INFOBAE,Nacional,Nacional,Nacional,https://www.infobae.com,VIDEOS DESTACADOS
2026-06-19,2026-W25,nacional,INFOBAE,Nacional,Nacional,Nacional,https://www.infobae.com,Las dudas que tiene Scaloni para el trascendental duelo ante Austria
2026-06-19,2026-W25,nacional,INFOBAE,Nacional,Nacional,Nacional,https://www.infobae.com,Marruecos derrota a Escocia en la segunda fecha en el Grupo C
2026-06-19,2026-W25,nacional,INFOBAE,Nacional,Nacional,Nacional,https://www.infobae.com,El entrenamiento de las esposas de los jugadores de la Selección en Kansas
2026-06-19,2026-W25,nacional,INFOBAE,Nacional,Nacional,Nacional,https://www.infobae.com,El encuentro entre Messi y La Mona Jiménez durante el Mundial: el detrás de escena que compartió el cantante
2026-06-19,2026-W25,nacional,INFOBAE,Nacional,Nacional,Nacional,https://www.infobae.com,La declaración de amor por Argentina de una periodista italiana
2026-06-19,2026-W25,nacional,INFOBAE,Nacional,Nacional,Nacional,https://www.infobae.com,Aimar develó el secreto del cuerpo técnico de la selección argentina y palpitó el duelo con Austria
2026-06-19,2026-W25,nacional,INFOBAE,Nacional,Nacional,Nacional,https://www.infobae.com,La frase de João Neves sobre el rol de Ronaldo en Portugal que desató una polémica en pleno Mundial
2026-06-19,2026-W25,nacional,INFOBAE,Nacional,Nacional,Nacional,https://www.infobae.com,Consumo estancado: las ventas en supermercados y mayoristas cerraron el primer cuatrimestre en rojo
2026-06-19,2026-W25,nacional,INFOBAE,Nacional,Nacional,Nacional,https://www.infobae.com,La explicación del abogado de la tercera detenida por el femicidio de Agostina
2026-06-19,2026-W25,nacional,INFOBAE,Nacional,Nacional,Nacional,https://www.infobae.com,"Cómo es el nuevo ""salvavidas"" para morosos que lanzó un banco"
2026-06-19,2026-W25,nacional,INFOBAE,Nacional,Nacional,Nacional,https://www.infobae.com,"Cómo el cerebro arma oraciones antes de hablar, según un estudio de Harvard"
2026-06-19,2026-W25,nacional,INFOBAE,Nacional,Nacional,Nacional,https://www.infobae.com,La palabra de Occhiato después del escándalo con Florencia Peña
2026-06-19,2026-W25,nacional,INFOBAE,Nacional,Nacional,Nacional,https://www.infobae.com,Trump advirtió a Irán que EEUU tomará represalias militares si no alcanzan un acuerdo definitivo en 60 días
2026-06-19,2026-W25,nacional,INFOBAE,Nacional,Nacional,Nacional,https://www.infobae.com,"Ravier, nuevo vocero presidencial: las claves de un giro en las formas y el fondo de la comunicación del Gobierno"
2026-06-19,2026-W25,nacional,INFOBAE,Nacional,Nacional,Nacional,https://www.infobae.com,La foto retro que publicó Sol Pérez antes de comenzar un nuevo desafío profesional: “Acá empezó todo”
2026-06-19,2026-W25,nacional,INFOBAE,Nacional,Nacional,Nacional,https://www.infobae.com,SIRA y rulo cambiario: ordenaron nuevas medidas de prueba sobre Martín Migueles y Elías Piccirillo
2026-06-19,2026-W25,nacional,INFOBAE,Nacional,Nacional,Nacional,https://www.infobae.com,Largas filas y confusión para validar el certificado de discapacidad para viajar gratis
2026-06-19,2026-W25,nacional,INFOBAE,Nacional,Nacional,Nacional,https://www.infobae.com,"Revisar chats de la pareja, exigir contraseñas y más ejemplos de abuso digital que debes conocer"
2026-06-19,2026-W25,nacional,INFOBAE,Nacional,Nacional,Nacional,https://www.infobae.com,"Las vacaciones de Karina Mazzocco en Brasil: Playas, atardeceres y langostinos"
2026-06-19,2026-W25,nacional,INFOBAE,Nacional,Nacional,Nacional,https://www.infobae.com,Nuevo gesto de apoyo: Adorni desayunó con Milei y evalúa llamar a la mesa política la próxima semana
2026-06-19,2026-W25,nacional,INFOBAE,Nacional,Nacional,Nacional,https://www.infobae.com,El curso audiovisual sobre biodiversidad para los más chicos que nació en una sala de jardín
2026-06-19,2026-W25,nacional,INFOBAE,Nacional,Nacional,Nacional,https://www.infobae.com,"Daniela Celis y Nick Sícaro anunciaron su separación: “Somos amigos, ya no estamos más juntos”"
2026-06-19,2026-W25,nacional,INFOBAE,Nacional,Nacional,Nacional,https://www.infobae.com,Floppy Tesouro denunció que fue víctima de una estafa en las redes
2026-06-19,2026-W25,nacional,INFOBAE,Nacional,Nacional,Nacional,https://www.infobae.com,El dólar subió 30 pesos en la semana y alcanzó su precio más alto en cinco meses
2026-06-19,2026-W25,nacional,INFOBAE,Nacional,Nacional,Nacional,https://www.infobae.com,"“Si sos trapito, te meto preso”: la advertencia de Jorge Macri tras la sanción de la nueva ley"
2026-06-19,2026-W25,nacional,INFOBAE,Nacional,Nacional,Nacional,https://www.infobae.com,La fiscalía rechazó que Lázaro Báez acceda a la prisión domiciliaria
2026-06-19,2026-W25,nacional,INFOBAE,Nacional,Nacional,Nacional,https://www.infobae.com,¿Qué auto conviene comprar hoy?: cuáles son y cuánto cuestan los 0 km más vendidos
2026-06-19,2026-W25,nacional,INFOBAE,Nacional,Nacional,Nacional,https://www.infobae.com,Qué debo comer si tengo hígado graso: alimentos recomendados y los que conviene evitar
2026-06-19,2026-W25,nacional,INFOBAE,Nacional,Nacional,Nacional,https://www.infobae.com,"Cómo funcionará el plan para refinanciar deudas en mora que aprobó la Legislatura porteña: tasas, plazos y requisitos"
2026-06-19,2026-W25,nacional,INFOBAE,Nacional,Nacional,Nacional,https://www.infobae.com,Tenía 50 perfiles falsos en redes y las claves anotadas: así operaba un acusado de distribuir material de abuso sexual infantil
2026-06-19,2026-W25,nacional,INFOBAE,Nacional,Nacional,Nacional,https://www.infobae.com,El parisino que eligió la Argentina mostró su departamento de 9 m2 a dos cuadras de la Torre Eiffel: “Lo peor no es el tamaño”
2026-06-19,2026-W25,nacional,LA NACIÓN,Nacional,Nacional,Nacional,https://www.lanacion.com.ar,A qué llega el nuevo vocero. Una designación pensada para remediar un problema urgente y hacer equilibrio entre “celestiales” y “territoriales”
2026-06-19,2026-W25,nacional,LA NACIÓN,Nacional,Nacional,Nacional,https://www.lanacion.com.ar,La decisión la tomó el Presidente y se anunció tras un encuentro con Adorni que se extendió por casi seis horas; los mensajes de apoyo y la perspectiva a futuro
2026-06-19,2026-W25,nacional,LA NACIÓN,Nacional,Nacional,Nacional,https://www.lanacion.com.ar,"Acto por el Día de la Bandera. Milei viaja a Rosario, con Adorni en la tormenta y frente a la irrupción de Villarruel"
2026-06-19,2026-W25,nacional,LA NACIÓN,Nacional,Nacional,Nacional,https://www.lanacion.com.ar,“Sentimos mucho miedo”. Los argentinos radicados en Belfast temen por la violencia antiinmigrante instalada en la ciudad
2026-06-19,2026-W25,nacional,LA NACIÓN,Nacional,Nacional,Nacional,https://www.lanacion.com.ar,Interna libertaria. La crítica velada de Bullrich a Adorni tras la designación del nuevo vocero
2026-06-19,2026-W25,nacional,LA NACIÓN,Nacional,Nacional,Nacional,https://www.lanacion.com.ar,"La verdad bajo asedio. El debut de Messi, la goleada ante Argelia y la epidemia de los cheapfakes"
2026-06-19,2026-W25,nacional,LA NACIÓN,Nacional,Nacional,Nacional,https://www.lanacion.com.ar,"""Pum"" y hombre al piso. El impresionante pelotazo que recibió Francisco Cerúndolo en el césped inglés, donde es semifinalista"
2026-06-19,2026-W25,nacional,LA NACIÓN,Nacional,Nacional,Nacional,https://www.lanacion.com.ar,No está conforme con las explicaciones. Un fiscal citó a declarar a dos funcionarios de ARCA por el caso de las importaciones
2026-06-19,2026-W25,nacional,LA NACIÓN,Nacional,Nacional,Nacional,https://www.lanacion.com.ar,"Polémico regalo. Trump presentó su nuevo nuevo Air Force One, que despertó cuestionamientos por ser donado por Qatar"
2026-06-19,2026-W25,nacional,LA NACIÓN,Nacional,Nacional,Nacional,https://www.lanacion.com.ar,Furiosa definición. Marruecos convirtió en su primer ataque ante Escocia y se fue al descanso en ventaja
2026-06-19,2026-W25,nacional,LA NACIÓN,Nacional,Nacional,Nacional,https://www.lanacion.com.ar,“Respiré”. Flor Peña apuntó contra Occhiato y habló sobre el mensaje que recibió de la mamá de Messi
2026-06-19,2026-W25,nacional,LA NACIÓN,Nacional,Nacional,Nacional,https://www.lanacion.com.ar,Número oficial. La mora bancaria volvió a subir en abril y acumula 17 meses de crecimiento
2026-06-19,2026-W25,nacional,LA NACIÓN,Nacional,Nacional,Nacional,https://www.lanacion.com.ar,“Cuidaba a su hija en el Garrahan”. Búsqueda desesperada de una madre con discapacidad intelectual
2026-06-19,2026-W25,nacional,LA NACIÓN,Nacional,Nacional,Nacional,https://www.lanacion.com.ar,Tras un fuerte malestar. Operaron de urgencia a Fernando Gago por problemas cardiovasculares
2026-06-19,2026-W25,nacional,LA NACIÓN,Nacional,Nacional,Nacional,https://www.lanacion.com.ar,“Jugador home office”. El chiste incómodo que le hizo Lula a un niño sobre Neymar y el guiño inesperado a Messi en pleno Mundial
2026-06-19,2026-W25,nacional,LA NACIÓN,Nacional,Nacional,Nacional,https://www.lanacion.com.ar,“Me imploró que me sacara una foto con ella”. Meloni estalló contra Trump después de un ninguneo que desató una crisis diplomática con Italia
2026-06-19,2026-W25,nacional,LA NACIÓN,Nacional,Nacional,Nacional,https://www.lanacion.com.ar,Ciudad. Inauguraron un paso bajo nivel que promete erradicar el embotellamiento de un barrio porteño
2026-06-19,2026-W25,nacional,LA NACIÓN,Nacional,Nacional,Nacional,https://www.lanacion.com.ar,"De Salta a Miami. Está detrás del éxito de las ventas de entradas del Mundial y quiere volver al país para ""ayudar a Boca"""
2026-06-19,2026-W25,nacional,LA NACIÓN,Nacional,Nacional,Nacional,https://www.lanacion.com.ar,"""Humilde sugerencia"". Luis Caputo insultó a Florencia Peña tras su error sobre la salud de Jorge Messi"
2026-06-19,2026-W25,nacional,LA NACIÓN,Nacional,Nacional,Nacional,https://www.lanacion.com.ar,"Mundial de estadios llenos. Los partidos con mayor demanda, la sede favorita de los hinchas y cómo funciona el ""mercado secundario"""
2026-06-19,2026-W25,nacional,LA NACIÓN,Nacional,Nacional,Nacional,https://www.lanacion.com.ar,¡Clasificado! Estados Unidos hizo dos goles en el primer tiempo y reguló: venció sin problemas a Australia en Seattle
2026-06-19,2026-W25,nacional,LA NACIÓN,Nacional,Nacional,Nacional,https://www.lanacion.com.ar,Por la falta de Messi. Argelia presentó una queja formal ante la FIFA por el arbitraje del partido contra Argentina
2026-06-19,2026-W25,nacional,LA NACIÓN,Nacional,Nacional,Nacional,https://www.lanacion.com.ar,"“Mágicamente desaprendieron"". La hermana de Cristiano Ronaldo apuntó fuerte y agitó las turbulencias dentro de la selección de Portugal"
2026-06-19,2026-W25,nacional,LA NACIÓN,Nacional,Nacional,Nacional,https://www.lanacion.com.ar,¿Correr mucho o correr bien? ¡Ganaron los conservadores! Messi mató a la Big Data (esta vez)
2026-06-19,2026-W25,nacional,LA NACIÓN,Nacional,Nacional,Nacional,https://www.lanacion.com.ar,"Quién es Adrián Ravier. El economista que discutía en X con Milei, es diputado y llega para dar buenas noticias"
2026-06-19,2026-W25,nacional,LA NACIÓN,Nacional,Nacional,Nacional,https://www.lanacion.com.ar,Desembarco chino en la Argentina. Más de 20 empresas llegaron en busca de negocios millonarios
2026-06-19,2026-W25,nacional,LA NACIÓN,Nacional,Nacional,Nacional,https://www.lanacion.com.ar,Momento histórico. Se exportó carne vacuna a un precio récord y en lo que va del año llegaron más de US$1800 millones
2026-06-19,2026-W25,nacional,LA NACIÓN,Nacional,Nacional,Nacional,https://www.lanacion.com.ar,Finanzas personales. Cuáles son los bonos y acciones más elegidos por los inversores tras la mejora crediticia del país
2026-06-19,2026-W25,nacional,LA NACIÓN,Nacional,Nacional,Nacional,https://www.lanacion.com.ar,Rescates. Los bancos Nación y Ciudad lanzan líneas para refinanciar deudas
2026-06-19,2026-W25,nacional,LA NACIÓN,Nacional,Nacional,Nacional,https://www.lanacion.com.ar,“Robots cuidando ancianos”. Cómo podría cambiar el trabajo en la Argentina y qué empresas podrían llegar con la nueva ley que propone Sturzenegger
2026-06-19,2026-W25,nacional,LA NACIÓN,Nacional,Nacional,Nacional,https://www.lanacion.com.ar,“El hijo del ama de llaves”. Detuvieron al último prófugo del homicidio de un vecino de San Isidro
2026-06-19,2026-W25,nacional,LA NACIÓN,Nacional,Nacional,Nacional,https://www.lanacion.com.ar,¿Pacto de silencio? El acusado de femicidio y los indagados por encubrimiento evitaron hablar del asesinato de Agostina
2026-06-19,2026-W25,nacional,LA NACIÓN,Nacional,Nacional,Nacional,https://www.lanacion.com.ar,Entrenamiento de fuerza. Levantar pesas para vivir más: descubren cuántos minutos por semana son ideales
2026-06-19,2026-W25,nacional,LA NACIÓN,Nacional,Nacional,Nacional,https://www.lanacion.com.ar,"Horror en Tucumán. Un militar retirado quiso atacar a su expareja, le disparó a un hombre que intentó ayudarla y se mató"
2026-06-19,2026-W25,nacional,LA NACIÓN,Nacional,Nacional,Nacional,https://www.lanacion.com.ar,"“Claramente perjudicial”. El empresario Gustavo Scaglione, interesado en la láctea SanCor, pidió frenar el proceso de venta"
2026-06-19,2026-W25,nacional,LA NACIÓN,Nacional,Nacional,Nacional,https://www.lanacion.com.ar,En fotos. Todos los invitados al estreno de El curioso incidente del perro a medianoche
2026-06-19,2026-W25,nacional,LA NACIÓN,Nacional,Nacional,Nacional,https://www.lanacion.com.ar,Te encontraré. Los secretos detrás de la nueva y atrapante serie de Netflix basada en un best seller de Harlan Coben
2026-06-19,2026-W25,nacional,LA NACIÓN,Nacional,Nacional,Nacional,https://www.lanacion.com.ar,"Las víctimas, dos hermanos. Santa Fe: hace tres semanas compraron un auto, ayer murieron cuando chocaron contra un camión"
2026-06-19,2026-W25,nacional,LA NACIÓN,Nacional,Nacional,Nacional,https://www.lanacion.com.ar,"""Control de daños”. Un experto en lenguaje narrativo analizó lo que dijo Nico Occhiato sobre Flor Peña y fue tajante"
2026-06-19,2026-W25,nacional,LA NACIÓN,Nacional,Nacional,Nacional,https://www.lanacion.com.ar,"Conflicto legal. En España, Pasapalabra se despidió de “El Rosco”: qué pasará en la Argentina"
2026-06-19,2026-W25,nacional,LA NACIÓN,Nacional,Nacional,Nacional,https://www.lanacion.com.ar,Contundente. Yanina Latorre reveló lo que la mamá de Messi le respondió a Florencia Peña tras sus disculpas públicas
2026-06-19,2026-W25,nacional,LA NACIÓN,Nacional,Nacional,Nacional,https://www.lanacion.com.ar,"Laterales bajo la lupa. Scaloni tiene claro el perfil, pero no los nombres para una zona clave ante Austria"
2026-06-19,2026-W25,nacional,LA NACIÓN,Nacional,Nacional,Nacional,https://www.lanacion.com.ar,"""¡Necesito entrar!"". El insólito momento que vivió un futbolista de la selección de España cuando quiso ingresar a la concentración"
2026-06-19,2026-W25,nacional,LA NACIÓN,Nacional,Nacional,Nacional,https://www.lanacion.com.ar,En medio de los partidos. Un deportólogo explicó en detalle qué son y cuáles son los riesgos de las “pausas de hidratación” que se incorporaron en el Mundial 2026
2026-06-19,2026-W25,nacional,LA NACIÓN,Nacional,Nacional,Nacional,https://www.lanacion.com.ar,Trivia para fanáticos. ¿Cuántos goles convirtió Messi en mundiales hasta hoy?
2026-06-19,2026-W25,nacional,LA NACIÓN,Nacional,Nacional,Nacional,https://www.lanacion.com.ar,Vuelve a la Argentina. Una icónica marca británica abre en Plaza San Martín su tienda más grande de la región
2026-06-19,2026-W25,nacional,LA NACIÓN,Nacional,Nacional,Nacional,https://www.lanacion.com.ar,“Me pareció muy delicado”. Migue Granados se refirió al escándalo de Florencia Peña y Luzu TV
2026-06-19,2026-W25,nacional,LA NACIÓN,Nacional,Nacional,Nacional,https://www.lanacion.com.ar,"En fotos. Todos los invitados a The Night, el gran lanzamiento de BA Ferial"
2026-06-19,2026-W25,nacional,LA NACIÓN,Nacional,Nacional,Nacional,https://www.lanacion.com.ar,“Sin precedentes”. En los últimos 3 años el aumento del nivel del mar se aceleró: sus efectos llegarían antes de lo previsto
2026-06-19,2026-W25,nacional,LA NACIÓN,Nacional,Nacional,Nacional,https://www.lanacion.com.ar,“Emprendimiento único”. Un cultivo impensado hasta hace poco por sus características apunta a ser un éxito en una provincia
2026-06-19,2026-W25,nacional,CLARÍN,Nacional,Nacional,Nacional,https://www.clarin.com,Escocia vs Marruecos
2026-06-19,2026-W25,nacional,CLARÍN,Nacional,Nacional,Nacional,https://www.clarin.com,Brasil vs Haití
2026-06-19,2026-W25,nacional,CLARÍN,Nacional,Nacional,Nacional,https://www.clarin.com,"El impacto en la interna del Gobierno, las viejas peleas con Milei y la esperanza de aflojar la situación de Adorni"
2026-06-19,2026-W25,nacional,CLARÍN,Nacional,Nacional,Nacional,https://www.clarin.com,Adorni deja de ser el vocero presidencial y él mismo lo anunció
2026-06-19,2026-W25,nacional,CLARÍN,Nacional,Nacional,Nacional,https://www.clarin.com,Otro gesto del ministro Mahiques a la AFA y quiénes son los jueces que frenaron la investigación de los balances
2026-06-19,2026-W25,nacional,CLARÍN,Nacional,Nacional,Nacional,https://www.clarin.com,"Nicolás Occhiato, el dueño de Luzu TV: quién es y qué dijo del escándalo con la fake news de Florencia Peña"
2026-06-19,2026-W25,nacional,CLARÍN,Nacional,Nacional,Nacional,https://www.clarin.com,"Al final, Villarruel se sentará con los funcionarios de Santa Fe en el acto por el 20 de junio"
2026-06-19,2026-W25,nacional,CLARÍN,Nacional,Nacional,Nacional,https://www.clarin.com,Una encuesta midió a 20 dirigentes top: doble sorpresa en el podio y Milei séptimo
2026-06-19,2026-W25,nacional,CLARÍN,Nacional,Nacional,Nacional,https://www.clarin.com,La comparación de Messi con Maradona
2026-06-19,2026-W25,nacional,CLARÍN,Nacional,Nacional,Nacional,https://www.clarin.com,Scaloni probó dos opciones: por qué lo más lógico es hacer cambios en la formación y no repetir el equipo del debut
2026-06-19,2026-W25,nacional,CLARÍN,Nacional,Nacional,Nacional,https://www.clarin.com,Marruecos gana con el gol más rápido del Mundial ante una Escocia que no muestra reacción
2026-06-19,2026-W25,nacional,CLARÍN,Nacional,Nacional,Nacional,https://www.clarin.com,Trump se burló de Meloni en una nota y ella le respondió con un desafiante video: “Italia y yo nunca imploramos”
2026-06-19,2026-W25,nacional,CLARÍN,Nacional,Nacional,Nacional,https://www.clarin.com,A EE.UU. le alcanzó un tiempo para vencer a Australia y clasificarse a la próxima ronda
2026-06-19,2026-W25,nacional,CLARÍN,Nacional,Nacional,Nacional,https://www.clarin.com,Gago dio un susto en Chile: lo operaron de urgencia por un dolor en el pecho
2026-06-19,2026-W25,nacional,CLARÍN,Nacional,Nacional,Nacional,https://www.clarin.com,Los hijos toman la posta: cómo cambia el negocio inmobiliario cuando llega una nueva generación
2026-06-19,2026-W25,nacional,CLARÍN,Nacional,Nacional,Nacional,https://www.clarin.com,Autos eléctricos en 72 cuotas: cómo es el plan que financia hasta $50.000.000 a baja tasa
2026-06-19,2026-W25,nacional,CLARÍN,Nacional,Nacional,Nacional,https://www.clarin.com,Ahora Trump dice que Irán “no recibirá ni un centavo” y el acuerdo de paz cae en la incertidumbre
2026-06-19,2026-W25,nacional,CLARÍN,Nacional,Nacional,Nacional,https://www.clarin.com,El último adiós a Gaspi y el recuerdo de su entrenador para la pelea que marcó su carrera: “Murió en su plenitud”
2026-06-19,2026-W25,nacional,CLARÍN,Nacional,Nacional,Nacional,https://www.clarin.com,Ni un violentísimo pelotazo en la cara frenó a Fran Cerúndolo: venció a Arthur Fery y se metió en semifinales
2026-06-19,2026-W25,nacional,CLARÍN,Nacional,Nacional,Nacional,https://www.clarin.com,Abrieron un túnel en Caballito para cruzar las vías del Sarmiento en una zona de tránsito complicado
2026-06-19,2026-W25,nacional,CLARÍN,Nacional,Nacional,Nacional,https://www.clarin.com,"Cuti Romero y Licha Martínez, la muralla en el fondo de la Selección: su unión de 20 años y una sincronización única"
2026-06-19,2026-W25,nacional,CLARÍN,Nacional,Nacional,Nacional,https://www.clarin.com,“El primer futbolista home office”: la chicana de Lula contra la presencia de Neymar en el plantel de Brasil
2026-06-19,2026-W25,nacional,CLARÍN,Nacional,Nacional,Nacional,https://www.clarin.com,Un entredicho entre los técnicos de Qatar y Canadá derivó en una batalla campal: qué pasó
2026-06-19,2026-W25,nacional,CLARÍN,Nacional,Nacional,Nacional,https://www.clarin.com,La “ceremonia” de los hinchas de Brasil en la estatua de Rocky para mufar a Argentina
2026-06-19,2026-W25,nacional,CLARÍN,Nacional,Nacional,Nacional,https://www.clarin.com,"No fue un error, Florencia Peña no se equivocó"
2026-06-19,2026-W25,nacional,CLARÍN,Nacional,Nacional,Nacional,https://www.clarin.com,"Milei en el laberinto de Olivos, enojo de ministros y los movimientos de Macri"
2026-06-19,2026-W25,nacional,CLARÍN,Nacional,Nacional,Nacional,https://www.clarin.com,El Mundial como escuela de educación emocional
2026-06-19,2026-W25,nacional,CLARÍN,Nacional,Nacional,Nacional,https://www.clarin.com,Día del Padre: ¡Qué papito!
2026-06-19,2026-W25,nacional,CLARÍN,Nacional,Nacional,Nacional,https://www.clarin.com,Donde habitan los padres
2026-06-19,2026-W25,nacional,CLARÍN,Nacional,Nacional,Nacional,https://www.clarin.com,Cristina y los otros condenados buscan ganar tiempo ante la Corte y retrasan el decomiso de $ 685.000 millones
2026-06-19,2026-W25,nacional,CLARÍN,Nacional,Nacional,Nacional,https://www.clarin.com,“Facho tu hermana”: el insólito momento por las críticas a una libertaria que bailó con el embajador de Estados Unidos
2026-06-19,2026-W25,nacional,CLARÍN,Nacional,Nacional,Nacional,https://www.clarin.com,Avanza en Tucumán un proyecto de ley que obliga a bajar notas de diarios digitales en menos de seis horas
2026-06-19,2026-W25,nacional,CLARÍN,Nacional,Nacional,Nacional,https://www.clarin.com,"Francia arde: 41 grados, colegios cerrados y la batalla política por el aire acondicionado"
2026-06-19,2026-W25,nacional,CLARÍN,Nacional,Nacional,Nacional,https://www.clarin.com,Mataron a puñaladas a un joven en San Cristóbal y detuvieron al hermano de la víctima: cuál es la principal hipótesis
2026-06-19,2026-W25,nacional,CLARÍN,Nacional,Nacional,Nacional,https://www.clarin.com,El plan de salvataje que aprobó la Ciudad para refinanciar saldos de tarjetas y préstamos
2026-06-19,2026-W25,nacional,CLARÍN,Nacional,Nacional,Nacional,https://www.clarin.com,Apple prepara dos cambios para el iPhone: por qué puede ser el momento para comprar uno
2026-06-19,2026-W25,nacional,CLARÍN,Nacional,Nacional,Nacional,https://www.clarin.com,Pizzeta de berenjena sin harina
2026-06-19,2026-W25,nacional,CLARÍN,Nacional,Nacional,Nacional,https://www.clarin.com,Polenta con tomates cherry y ricota
2026-06-19,2026-W25,nacional,CLARÍN,Nacional,Nacional,Nacional,https://www.clarin.com,Selección Clarín
2026-06-19,2026-W25,nacional,CLARÍN,Nacional,Nacional,Nacional,https://www.clarin.com,La vuelta de Alejandro Lerner a sus orígenes: “No tengo nada que demostrar”
2026-06-19,2026-W25,nacional,CLARÍN,Nacional,Nacional,Nacional,https://www.clarin.com,La ruta bonaerense del aceite de oliva: visitas guiadas a campos premiados y un árbol conectado al Papa
2026-06-19,2026-W25,nacional,CLARÍN,Nacional,Nacional,Nacional,https://www.clarin.com,Bungee jumping desde un puente: los únicos dos lugares donde se hace en el país y qué medidas de seguridad tienen
2026-06-19,2026-W25,nacional,CLARÍN,Nacional,Nacional,Nacional,https://www.clarin.com,"Madre mundialista, hijo mundialista: el curioso caso de Jenny y Tyler Bindon"
2026-06-19,2026-W25,nacional,CLARÍN,Nacional,Nacional,Nacional,https://www.clarin.com,"Cristiano Ronaldo, en la mira: un compañero le bajó el precio y su hermana apuntó al plantel"
2026-06-19,2026-W25,nacional,CLARÍN,Nacional,Nacional,Nacional,https://www.clarin.com,La Federación de Argelia elevó una queja formal a FIFA por “la no expulsión de Messi”
2026-06-19,2026-W25,nacional,CLARÍN,Nacional,Nacional,Nacional,https://www.clarin.com,Momento insólito: el árbitro se lesionó en EE.UU. vs Australia y generó confusión
2026-06-19,2026-W25,nacional,CLARÍN,Nacional,Nacional,Nacional,https://www.clarin.com,Gustavo Álvarez pasó la escoba: los 10 jugadores que no serán tenidos en cuenta por el DT
2026-06-19,2026-W25,nacional,CLARÍN,Nacional,Nacional,Nacional,https://www.clarin.com,60 relatos (des)conocidos de la Selección
2026-06-19,2026-W25,nacional,CLARÍN,Nacional,Nacional,Nacional,https://www.clarin.com,"El primer semestre cerrará con una inflación más alta que el año pasado, pero será la segunda más baja en 5 años"
2026-06-19,2026-W25,nacional,CLARÍN,Nacional,Nacional,Nacional,https://www.clarin.com,El consumo no levanta y volvieron a caer las ventas en supermercados y shoppings
2026-06-19,2026-W25,nacional,PÁGINA 12,Nacional,Nacional,Nacional,https://www.pagina12.com.ar,"""Imbécil total"": así describía Milei al nuevo vocero presidencial"
2026-06-19,2026-W25,nacional,PÁGINA 12,Nacional,Nacional,Nacional,https://www.pagina12.com.ar,"Las controversias de Adrián Ravier, el reemplazante de Adorni"
2026-06-19,2026-W25,nacional,PÁGINA 12,Nacional,Nacional,Nacional,https://www.pagina12.com.ar,Milei corrió a Adorni y designó a un nuevo vocero presidencial
2026-06-19,2026-W25,nacional,PÁGINA 12,Nacional,Nacional,Nacional,https://www.pagina12.com.ar,"""La Iglesia no tiene información oficial sobre la visita del papa al país"""
2026-06-19,2026-W25,nacional,PÁGINA 12,Nacional,Nacional,Nacional,https://www.pagina12.com.ar,Milei beneficia al sector cripto y a Mercado Pago quitándoles el impuesto al cheque
2026-06-19,2026-W25,nacional,PÁGINA 12,Nacional,Nacional,Nacional,https://www.pagina12.com.ar,"El ICE de Milei, a toda marcha"
2026-06-19,2026-W25,nacional,PÁGINA 12,Nacional,Nacional,Nacional,https://www.pagina12.com.ar,"""Estamos bien en el Compass los 26"": la Selección practicó con plantel completo"
2026-06-19,2026-W25,nacional,PÁGINA 12,Nacional,Nacional,Nacional,https://www.pagina12.com.ar,"A qué hora juegan Brasil vs. Haití hoy, dónde verlo y posibles formaciones"
2026-06-19,2026-W25,nacional,PÁGINA 12,Nacional,Nacional,Nacional,https://www.pagina12.com.ar,Después de todo
2026-06-19,2026-W25,nacional,PÁGINA 12,Nacional,Nacional,Nacional,https://www.pagina12.com.ar,Donde quiera que estés
2026-06-19,2026-W25,nacional,PÁGINA 12,Nacional,Nacional,Nacional,https://www.pagina12.com.ar,Cultura y Espectáculos
2026-06-19,2026-W25,nacional,PÁGINA 12,Nacional,Nacional,Nacional,https://www.pagina12.com.ar,Suplementos Especiales
2026-06-19,2026-W25,nacional,PÁGINA 12,Nacional,Nacional,Nacional,https://www.pagina12.com.ar,Marruecos no pierde el tiempo y le gana a Escocia desde el minuto uno
2026-06-19,2026-W25,nacional,PÁGINA 12,Nacional,Nacional,Nacional,https://www.pagina12.com.ar,Estados Unidos demostró que es más que un anfitrión
2026-06-19,2026-W25,nacional,PÁGINA 12,Nacional,Nacional,Nacional,https://www.pagina12.com.ar,"Guadalupe Godoy: ""No buscábamos solo condenas, sino disputar el sentido sobre la dictadura"""
2026-06-19,2026-W25,nacional,PÁGINA 12,Nacional,Nacional,Nacional,https://www.pagina12.com.ar,"Juan Forn, el lector que se puso a escribir"
2026-06-19,2026-W25,nacional,PÁGINA 12,Nacional,Nacional,Nacional,https://www.pagina12.com.ar,Hallaron con un dron a un joven perdido durante 19 días en el monte de Chaco
2026-06-19,2026-W25,nacional,PÁGINA 12,Nacional,Nacional,Nacional,https://www.pagina12.com.ar,El error de Flor Peña con la salud del padre de Messi terminó con su salida de Luzu y un nuevo ataque de Milei
2026-06-19,2026-W25,nacional,PÁGINA 12,Nacional,Nacional,Nacional,https://www.pagina12.com.ar,Crisis política en el Reino Unido: Keir Starmer tambalea ante el triunfo de Andy Burnham
2026-06-19,2026-W25,nacional,PÁGINA 12,Nacional,Nacional,Nacional,https://www.pagina12.com.ar,Meloni vs. Trump: la pelea inesperada que dejó el G7
2026-06-19,2026-W25,nacional,PÁGINA 12,Nacional,Nacional,Nacional,https://www.pagina12.com.ar,El dúo que le hizo una canción a Messi y lo sigue por Estados Unidos
2026-06-19,2026-W25,nacional,PÁGINA 12,Nacional,Nacional,Nacional,https://www.pagina12.com.ar,"Juan Villoro: ""En México hay descontento con el Mundial"""
2026-06-19,2026-W25,nacional,PÁGINA 12,Nacional,Nacional,Nacional,https://www.pagina12.com.ar,La historia de la indumentaria de Corea del Sur que copó las redes
2026-06-19,2026-W25,nacional,PÁGINA 12,Nacional,Nacional,Nacional,https://www.pagina12.com.ar,Las digitales andanzas del Indio Solari en Cyberargentina
2026-06-19,2026-W25,nacional,PÁGINA 12,Nacional,Nacional,Nacional,https://www.pagina12.com.ar,Ricardo Halac: “El mito del progreso es el opio de los pueblos”
2026-06-19,2026-W25,nacional,PÁGINA 12,Nacional,Nacional,Nacional,https://www.pagina12.com.ar,Household voting: la idea de quitarle el voto a las mujeres que crece en EEUU y que Argentina no puede ignorar
2026-06-19,2026-W25,nacional,PÁGINA 12,Nacional,Nacional,Nacional,https://www.pagina12.com.ar,Silencio estratégico: la dueña del Ford Ka negó los cargos y se plantó en el silencio
2026-06-19,2026-W25,nacional,PÁGINA 12,Nacional,Nacional,Nacional,https://www.pagina12.com.ar,"Diego Leonardo Arias, Gregorio Nachman, Daniel Angel Roman y Nora Esther Román de Guerrero"
2026-06-19,2026-W25,nacional,PÁGINA 12,Nacional,Nacional,Nacional,https://www.pagina12.com.ar,El último adiós: una vuelta a la Plaza de Mayo por Taty Almeida
2026-06-19,2026-W25,nacional,PÁGINA 12,Nacional,Nacional,Nacional,https://www.pagina12.com.ar,Denuncian falta de políticas de salud mental después de que una detenida trans se suicidara
2026-06-19,2026-W25,nacional,PÁGINA 12,Nacional,Nacional,Nacional,https://www.pagina12.com.ar,Altorancho iluminará el Alcorta Shopping: la empresa líder en muebles de diseño desembarca en el paseo de compras
2026-06-19,2026-W25,nacional,PÁGINA 12,Nacional,Nacional,Nacional,https://www.pagina12.com.ar,"Paul McCartney: aquí, allá y en todas partes"
2026-06-19,2026-W25,nacional,PÁGINA 12,Nacional,Nacional,Nacional,https://www.pagina12.com.ar,"""Toy Story 5"": 10 datos curiosos que tenés que saber antes de ver la película"
2026-06-19,2026-W25,nacional,PÁGINA 12,Nacional,Nacional,Nacional,https://www.pagina12.com.ar,Milei respalda a Adorni y desafía al Congreso
2026-06-19,2026-W25,nacional,PÁGINA 12,Nacional,Nacional,Nacional,https://www.pagina12.com.ar,Crónica de un desamparo anunciado: el femicidio de Dulce en la frontera misionera
2026-06-19,2026-W25,nacional,PÁGINA 12,Nacional,Nacional,Nacional,https://www.pagina12.com.ar,Acusan a un hombre de arrojar a un niño a la fosa de los cocodrilos de un zoológico en Inglaterra
2026-06-19,2026-W25,nacional,PÁGINA 12,Nacional,Nacional,Nacional,https://www.pagina12.com.ar,"Los Caligaris: “Nuestras canciones pintan el paisaje de la Argentina, del asado y el fernet”"
2026-06-19,2026-W25,nacional,PÁGINA 12,Nacional,Nacional,Nacional,https://www.pagina12.com.ar,La comunidad afroargentina denuncia ante la ONU el retroceso de las políticas antirracistas en Argentina
2026-06-19,2026-W25,nacional,PÁGINA 12,Nacional,Nacional,Nacional,https://www.pagina12.com.ar,Todo queda en familia
2026-06-19,2026-W25,nacional,PÁGINA 12,Nacional,Nacional,Nacional,https://www.pagina12.com.ar,Interna en el Día de la Bandera
2026-06-19,2026-W25,nacional,PÁGINA 12,Nacional,Nacional,Nacional,https://www.pagina12.com.ar,Identifican e indagan a un exintegrante de la CNU por el crimen de un estudiante
2026-06-19,2026-W25,nacional,PÁGINA 12,Nacional,Nacional,Nacional,https://www.pagina12.com.ar,La cotización del dólar este viernes
2026-06-19,2026-W25,nacional,PÁGINA 12,Nacional,Nacional,Nacional,https://www.pagina12.com.ar,Lo que perdió y lo que gana Trump con el acuerdo EE.UU.-Irán
2026-06-19,2026-W25,nacional,PÁGINA 12,Nacional,Nacional,Nacional,https://www.pagina12.com.ar,Francia: hallaron un manuscrito inédito de Mozart con composiciones para flauta y arpa
2026-06-19,2026-W25,nacional,PÁGINA 12,Nacional,Nacional,Nacional,https://www.pagina12.com.ar,"Abuelos de Agostina pidieron justicia y exigieron que los políticos ""no se cuelgue"" del caso"
2026-06-19,2026-W25,nacional,PÁGINA 12,Nacional,Nacional,Nacional,https://www.pagina12.com.ar,Alerta flequillo
2026-06-19,2026-W25,nacional,PÁGINA 12,Nacional,Nacional,Nacional,https://www.pagina12.com.ar,La Matanza apuesta por los clubes de barrio como espacio central para los jóvenes
2026-06-19,2026-W25,nacional,PÁGINA 12,Nacional,Nacional,Nacional,https://www.pagina12.com.ar,Legislatura: aprueban la “Ley hojarasca” de LLA y el endeudamiento para la Línea F
2026-06-19,2026-W25,nacional,PÁGINA 12,Nacional,Nacional,Nacional,https://www.pagina12.com.ar,Achraf Hakimi será juzgado en Francia en una causa por violación
2026-06-19,2026-W25,nacional,PÁGINA 12,Nacional,Nacional,Nacional,https://www.pagina12.com.ar,"Jackson Irvine, el capitán australiano fan de Maradona y anti Trump"
2026-06-19,2026-W25,nacional,PERFIL,Nacional,Nacional,Nacional,https://www.perfil.com,"Quién es Adrián Ravier, el nuevo vocero presidencial de Milei"
2026-06-19,2026-W25,nacional,PERFIL,Nacional,Nacional,Nacional,https://www.perfil.com,"""El nuevo Adorni"": Adrián Ravier asume como vocero presidencial"
2026-06-19,2026-W25,nacional,PERFIL,Nacional,Nacional,Nacional,https://www.perfil.com,Quiénes son los dos argentinos que integran el ranking de los inmigrantes más ricos e influyentes de Estados Unidos
2026-06-19,2026-W25,nacional,PERFIL,Nacional,Nacional,Nacional,https://www.perfil.com,Pusieron en venta el penthouse más famoso de Recoleta: cuánto cuesta el dúplex ubicado justo arriba del ex departamento de Cristina Kirchner
2026-06-19,2026-W25,nacional,PERFIL,Nacional,Nacional,Nacional,https://www.perfil.com,"Habló Adrián Ravier tras ser designado vocero presidencial: ""Trataré de aportar para comunicar los logros del gobierno"""
2026-06-19,2026-W25,nacional,PERFIL,Nacional,Nacional,Nacional,https://www.perfil.com,El Riesgo País de Argentina cerró estable en 429 puntos y consolida sus niveles mínimos en ocho años
2026-06-19,2026-W25,nacional,PERFIL,Nacional,Nacional,Nacional,https://www.perfil.com,Karina Milei impulsa cambios en la Casa Rosada: mudan la histórica biblioteca y renuevan la vajilla
2026-06-19,2026-W25,nacional,PERFIL,Nacional,Nacional,Nacional,https://www.perfil.com,Colombia elige entre dos modelos de país en una elección marcada por la polarización
2026-06-19,2026-W25,nacional,PERFIL,Nacional,Nacional,Nacional,https://www.perfil.com,Lionel Scaloni analiza cambios en Argentina para enfrentar a Austria: qué jugadores pueden entrar al equipo titular
2026-06-19,2026-W25,nacional,PERFIL,Nacional,Nacional,Nacional,https://www.perfil.com,Las fotos de Macri y su novia en Estados Unidos siguiendo el Mundial
2026-06-19,2026-W25,nacional,PERFIL,Nacional,Nacional,Nacional,https://www.perfil.com,"Posiciones del Mundial 2026: criterio de desempate, mejores terceros y goleadores"
2026-06-19,2026-W25,nacional,PERFIL,Nacional,Nacional,Nacional,https://www.perfil.com,"Proyecciones de resultados para el prode del 19 de junio: EE. UU. vs Australia, Escocia vs Marruecos y Brasil vs Haití"
2026-06-19,2026-W25,nacional,PERFIL,Nacional,Nacional,Nacional,https://www.perfil.com,El Último Tango: detalles y curiosidades de los botines que usa Lionel Messi en el Mundial 2026
2026-06-19,2026-W25,nacional,PERFIL,Nacional,Nacional,Nacional,https://www.perfil.com,El fenómeno de los botines rosas: la estrategia oculta que domina el Mundial 2026
2026-06-19,2026-W25,nacional,PERFIL,Nacional,Nacional,Nacional,https://www.perfil.com,Horarios del Mundial 2026: qué partidos se juegan hoy y dónde verlos en Argentina
2026-06-19,2026-W25,nacional,PERFIL,Nacional,Nacional,Nacional,https://www.perfil.com,El divertido video de todos los abrazos entre Messi y Scaloni en 20 años
2026-06-19,2026-W25,nacional,PERFIL,Nacional,Nacional,Nacional,https://www.perfil.com,"Brasil se mide ante Haití en busca de un triunfo que lo acomodé en el Grupo C del Mundial 2026: hora, TV y formaciones"
2026-06-19,2026-W25,nacional,PERFIL,Nacional,Nacional,Nacional,https://www.perfil.com,"El video del ""Pocho"" Lavezzi en el festejo del vestuario de la Selección"
2026-06-19,2026-W25,nacional,PERFIL,Nacional,Nacional,Nacional,https://www.perfil.com,"Escocia y Marruecos buscan un triunfo dorado para quedar a un paso de los 16avos de final del Mundial 2026: hora, TV y formaciones"
2026-06-19,2026-W25,nacional,PERFIL,Nacional,Nacional,Nacional,https://www.perfil.com,"El diccionario del caso Adorni: pendrives, cascadas y abuelas prestamistas"
2026-06-19,2026-W25,nacional,PERFIL,Nacional,Nacional,Nacional,https://www.perfil.com,Más de 20 empresas chinas llegaron a la Argentina para sellar alianzas en sectores clave
2026-06-19,2026-W25,nacional,PERFIL,Nacional,Nacional,Nacional,https://www.perfil.com,A Peter Thiel no le anda el timbre: una semana frente a la mansión del tecnomagnate
2026-06-19,2026-W25,nacional,PERFIL,Nacional,Nacional,Nacional,https://www.perfil.com,Se agrava la situación de Facundo Leal en la Justicia: nuevos requerimientos y declaraciones de testigos clave
2026-06-19,2026-W25,nacional,PERFIL,Nacional,Nacional,Nacional,https://www.perfil.com,Hidrovia: el negocio que desató una pelea de gigantes para quedarse con la concesión más grande de la era Milei
2026-06-19,2026-W25,nacional,PERFIL,Nacional,Nacional,Nacional,https://www.perfil.com,Alarma en Chile: Fernando Gago fue operado de urgencia por un problema cardiovascular
2026-06-19,2026-W25,nacional,PERFIL,Nacional,Nacional,Nacional,https://www.perfil.com,Por qué la candidata del PRO a intendente de Rosario rechaza la visita de Adorni
2026-06-19,2026-W25,nacional,PERFIL,Nacional,Nacional,Nacional,https://www.perfil.com,"Los Caputo, recaudadores en las sombras"
2026-06-19,2026-W25,nacional,PERFIL,Nacional,Nacional,Nacional,https://www.perfil.com,Fin a una barrera histórica: abrió el túnel de García Lorca bajo las vías del tren Sarmiento
2026-06-19,2026-W25,nacional,PERFIL,Nacional,Nacional,Nacional,https://www.perfil.com,Honda Civic vs Peugeot 206 vs Ford Focus: los llevaron al límite sin aceite y uno resistió más que todos
2026-06-19,2026-W25,nacional,PERFIL,Nacional,Nacional,Nacional,https://www.perfil.com,"Día 921: Los tocayos, de Manuel Belgrano a Manuel Adorni"
2026-06-19,2026-W25,nacional,PERFIL,Nacional,Nacional,Nacional,https://www.perfil.com,"Gustavo Córdoba: “En la última semana en CABA, Macri tiene mejor intención de voto que Milei y Bullrich”"
2026-06-19,2026-W25,nacional,PERFIL,Nacional,Nacional,Nacional,https://www.perfil.com,"Silvia Lospennato: “Adorni le mintió al Congreso, por eso la moción de censura”"
2026-06-19,2026-W25,nacional,PERFIL,Nacional,Nacional,Nacional,https://www.perfil.com,La espera argentina al Papa León XIV y su impacto político
2026-06-19,2026-W25,nacional,PERFIL,Nacional,Nacional,Nacional,https://www.perfil.com,"Carolina Moisés: “Con Adorni sucederá como Kueider, difícil atreverse a no votar su destitución”"
2026-06-19,2026-W25,nacional,PERFIL,Nacional,Nacional,Nacional,https://www.perfil.com,Elecciones en Colombia: “Abelardo de la Espriella representa a los sectores ligados al narcotráfico”
2026-06-19,2026-W25,nacional,PERFIL,Nacional,Nacional,Nacional,https://www.perfil.com,"Claudio Loser: “La industria va a sufrir, pero las pymes podrán adaptarse”"
2026-06-19,2026-W25,nacional,PERFIL,Nacional,Nacional,Nacional,https://www.perfil.com,"Lamentable: tras tomar la foto de Adorni y su mujer, el director de Radio JAI anunció el cierre de su emisora"
2026-06-19,2026-W25,nacional,PERFIL,Nacional,Nacional,Nacional,https://www.perfil.com,Santiago Kovadloff: “El silencio de la Corte Suprema ante los abusos de Milei es el silencio del porvenir”
2026-06-19,2026-W25,nacional,PERFIL,Nacional,Nacional,Nacional,https://www.perfil.com,"ATE prepara un ""boicot"" ante la llegada de Javier Milei a Rosario por el Día de la Bandera"
2026-06-19,2026-W25,nacional,PERFIL,Nacional,Nacional,Nacional,https://www.perfil.com,Israel y Hezbollah acordaron un nuevo alto el fuego tras una jornada con al menos 51 muertos
2026-06-19,2026-W25,nacional,PERFIL,Nacional,Nacional,Nacional,https://www.perfil.com,El círculo rojo le planteó al FMI los límites de un plan económico que combina apertura comercial y recesión
2026-06-19,2026-W25,nacional,PERFIL,Nacional,Nacional,Nacional,https://www.perfil.com,¡Mirá en vivo Canal E!: toda la información económica
2026-06-19,2026-W25,nacional,PERFIL,Nacional,Nacional,Nacional,https://www.perfil.com,Lucas Carattini: “Argentina tiene mucho margen para seguir comprimiendo el riesgo país”
2026-06-19,2026-W25,nacional,PERFIL,Nacional,Nacional,Nacional,https://www.perfil.com,Advierten sobre la creciente concentración de Wall Street y el avance de las tecnológicas sobre las empresas tradicionales
2026-06-19,2026-W25,nacional,PERFIL,Nacional,Nacional,Nacional,https://www.perfil.com,"Juan Venturino: “Israel solo, sin la ayuda y el apoyo de Estados Unidos, no puede ir a ningún lado”"
2026-06-19,2026-W25,nacional,PERFIL,Nacional,Nacional,Nacional,https://www.perfil.com,Pedro Gaite: “A este modelo económico le está faltando una política productiva”
2026-06-19,2026-W25,nacional,PERFIL,Nacional,Nacional,Nacional,https://www.perfil.com,Empleo formal: advierten que ya se perdieron cerca de 300.000 puestos de trabajo
2026-06-19,2026-W25,nacional,PERFIL,Nacional,Nacional,Nacional,https://www.perfil.com,Inocencia Fiscal: aseguran que la reforma busca dar más seguridad para utilizar los “dólares del colchón”
2026-06-19,2026-W25,nacional,PERFIL,Nacional,Nacional,Nacional,https://www.perfil.com,"Quién es Jorge Messi, el histórico sostén de Lionel que hoy enciende las alarmas por su salud"
2026-06-19,2026-W25,nacional,PERFIL,Nacional,Nacional,Nacional,https://www.perfil.com,Banco Nación lanza un préstamo para unificar deudas con plazos de hasta 10 años
2026-06-19,2026-W25,nacional,EL DESTAPE,Nacional,Nacional,Nacional,https://www.eldestapeweb.com,El Destape - Sigamos Haciendo Historia
2026-06-19,2026-W25,nacional,EL DESTAPE,Nacional,Nacional,Nacional,https://www.eldestapeweb.com,"La morosidad de las familias volvió a aumentar y se ubicó en el 12,1%"
2026-06-19,2026-W25,nacional,EL DESTAPE,Nacional,Nacional,Nacional,https://www.eldestapeweb.com,"La declaración jurada del ""nuevo Adorni"": esto es lo que tiene el vocero"
2026-06-19,2026-W25,nacional,EL DESTAPE,Nacional,Nacional,Nacional,https://www.eldestapeweb.com,"El vocero de Milei: el fin de Adorni, la decisión del Presidente y el equilibrio interno"
2026-06-19,2026-W25,nacional,EL DESTAPE,Nacional,Nacional,Nacional,https://www.eldestapeweb.com,"Fragilidad de hogares: cierre de empresas, menos empleo y salarios y récord de morosidad"
2026-06-19,2026-W25,nacional,EL DESTAPE,Nacional,Nacional,Nacional,https://www.eldestapeweb.com,"""La violencia de Milei"": la fuerte carta de Ravier, el nuevo vocero del Gobierno"
2026-06-19,2026-W25,nacional,EL DESTAPE,Nacional,Nacional,Nacional,https://www.eldestapeweb.com,"Con la salida de Ravier, Bullrich suma un dirigente propio en Diputados"
2026-06-19,2026-W25,nacional,EL DESTAPE,Nacional,Nacional,Nacional,https://www.eldestapeweb.com,"Pese al aumento de tarifas eléctricas, empeoró la calidad del servicio en el AMBA"
2026-06-19,2026-W25,nacional,EL DESTAPE,Nacional,Nacional,Nacional,https://www.eldestapeweb.com,"Los riesgos detrás de la estabilidad de Milei: depósitos, industria y elecciones"
2026-06-19,2026-W25,nacional,EL DESTAPE,Nacional,Nacional,Nacional,https://www.eldestapeweb.com,La Selección prepara el segundo partido y mantiene la ilusión con su mejor arma: el grupo
2026-06-19,2026-W25,nacional,EL DESTAPE,Nacional,Nacional,Nacional,https://www.eldestapeweb.com,¿Por qué el azúcar le gana a la leche? el rol del Estado para las economías regionales
2026-06-19,2026-W25,nacional,EL DESTAPE,Nacional,Nacional,Nacional,https://www.eldestapeweb.com,"Messi, los mundiales y las fake news: los moralistas de hoy fueron los tramposos ayer"
2026-06-19,2026-W25,nacional,EL DESTAPE,Nacional,Nacional,Nacional,https://www.eldestapeweb.com,Jugá al Desafío Mundialista de El Destape: el Mundial 2026 también lo podés ganar vos
2026-06-19,2026-W25,nacional,EL DESTAPE,Nacional,Nacional,Nacional,https://www.eldestapeweb.com,"Brasil vs. Haití: las predicciones del partido de la fecha 2 del Mundial, según la IA"
2026-06-19,2026-W25,nacional,EL DESTAPE,Nacional,Nacional,Nacional,https://www.eldestapeweb.com,Pronóstico y estadísticas de Brasil vs. Haití por el Mundial 2026
2026-06-19,2026-W25,nacional,EL DESTAPE,Nacional,Nacional,Nacional,https://www.eldestapeweb.com,Ver Brasil vs. Haití en vivo de forma legal y sin riesgos por el Mundial 2026
2026-06-19,2026-W25,nacional,EL DESTAPE,Nacional,Nacional,Nacional,https://www.eldestapeweb.com,"Flor Peña, misoginia y una operación demasiado obvia"
2026-06-19,2026-W25,nacional,EL DESTAPE,Nacional,Nacional,Nacional,https://www.eldestapeweb.com,La candidatura del banquero Brito toma envión: se lanzaría tras el Mundial
2026-06-19,2026-W25,nacional,EL DESTAPE,Nacional,Nacional,Nacional,https://www.eldestapeweb.com,"Milei, los monopolios y su rendición ante Clarín"
2026-06-19,2026-W25,nacional,EL DESTAPE,Nacional,Nacional,Nacional,https://www.eldestapeweb.com,El oficialismo paraliza el Congreso a la espera de una definición por Adorni
2026-06-19,2026-W25,nacional,EL DESTAPE,Nacional,Nacional,Nacional,https://www.eldestapeweb.com,"Irán amenaza a Israel por atacar Líbano, mientras Trump pide un ""acuerdo final"" en 60 días"
2026-06-19,2026-W25,nacional,EL DESTAPE,Nacional,Nacional,Nacional,https://www.eldestapeweb.com,Pollicita pide el expediente del hermano de Adorni y pone la lupa sobre la herencia
2026-06-19,2026-W25,nacional,EL DESTAPE,Nacional,Nacional,Nacional,https://www.eldestapeweb.com,"Privatizaciones, concesiones y venta de activos: cuánto dinero podría recaudar el Estado"
2026-06-19,2026-W25,nacional,EL DESTAPE,Nacional,Nacional,Nacional,https://www.eldestapeweb.com,Milei suma a las fuerzas federales y militariza el control migratorio
2026-06-19,2026-W25,nacional,EL DESTAPE,Nacional,Nacional,Nacional,https://www.eldestapeweb.com,El contratista confirmó pagos en efectivo y complicó más a Adorni
2026-06-19,2026-W25,nacional,EL DESTAPE,Nacional,Nacional,Nacional,https://www.eldestapeweb.com,Su hija murió antes de aprender a leer y fundó una biblioteca modelo para recordarla
2026-06-19,2026-W25,nacional,EL DESTAPE,Nacional,Nacional,Nacional,https://www.eldestapeweb.com,DT Popovic lamenta la mala primera en la derrota de Australia ante EEUU
2026-06-19,2026-W25,nacional,EL DESTAPE,Nacional,Nacional,Nacional,https://www.eldestapeweb.com,Lula embargará fondos a casas de apuestas ilegales para financiar políticas de seguridad
2026-06-19,2026-W25,nacional,EL DESTAPE,Nacional,Nacional,Nacional,https://www.eldestapeweb.com,"Grandes delanteros de Suecia son vitales para su campaña en el Mundial, dice DT"
2026-06-19,2026-W25,nacional,EL DESTAPE,Nacional,Nacional,Nacional,https://www.eldestapeweb.com,"EEUU puede ganar sin Pulisic pero necesita a todos sus jugadores, dice DT tras vencer a Australia"
2026-06-19,2026-W25,nacional,EL DESTAPE,Nacional,Nacional,Nacional,https://www.eldestapeweb.com,"Túnez necesita un ""espíritu colectivo perfecto"" para vencer a Japón en el Mundial, dice DT"
2026-06-19,2026-W25,nacional,EL DESTAPE,Nacional,Nacional,Nacional,https://www.eldestapeweb.com,La madre de Villarruel acusó al Gobierno por corrupción y dijo que la economía no arranca
2026-06-19,2026-W25,nacional,EL DESTAPE,Nacional,Nacional,Nacional,https://www.eldestapeweb.com,Ranking salarial: cuál es el sueldo pretendido en Argentina rubro por rubro
2026-06-19,2026-W25,nacional,EL DESTAPE,Nacional,Nacional,Nacional,https://www.eldestapeweb.com,"La Legislatura porteña aprobó una ley contra los ""trapitos"""
2026-06-19,2026-W25,nacional,EL DESTAPE,Nacional,Nacional,Nacional,https://www.eldestapeweb.com,"""La crisis es terminal"": empresas de colectivos advirtieron por posibles cancelaciones"
2026-06-19,2026-W25,nacional,EL DESTAPE,Nacional,Nacional,Nacional,https://www.eldestapeweb.com,Quién es la novia de Neymar: así es Bruna Biancardi y cuántos hijos tienen
2026-06-19,2026-W25,nacional,EL DESTAPE,Nacional,Nacional,Nacional,https://www.eldestapeweb.com,Ver Escocia vs. Marruecos en vivo de forma legal y sin riesgos por el Mundial 2026
2026-06-19,2026-W25,nacional,EL DESTAPE,Nacional,Nacional,Nacional,https://www.eldestapeweb.com,Argelia presentó un reclamo contra la Selección Argentina por el Mundial 2026 ante FIFA
2026-06-19,2026-W25,nacional,EL DESTAPE,Nacional,Nacional,Nacional,https://www.eldestapeweb.com,El insólito blooper en Estados Unidos con un jugador de España en el Mundial
2026-06-19,2026-W25,nacional,EL DESTAPE,Nacional,Nacional,Nacional,https://www.eldestapeweb.com,"¿El jugador al que Messi le dijo ""andá pa' allá, bobo"" juega el Mundial?"
2026-06-19,2026-W25,nacional,EL DESTAPE,Nacional,Nacional,Nacional,https://www.eldestapeweb.com,Robo del material radioactivo: abren una investigación penal en Rosario
2026-06-19,2026-W25,nacional,EL DESTAPE,Nacional,Nacional,Nacional,https://www.eldestapeweb.com,"Triple femicidio en Varela: las denuncias de ""Pequeño J"" desde la cárcel"
2026-06-19,2026-W25,nacional,EL DESTAPE,Nacional,Nacional,Nacional,https://www.eldestapeweb.com,Detuvieron al hombre que mató al hijo de Federico Storani en un choque de lanchas
2026-06-19,2026-W25,nacional,EL DESTAPE,Nacional,Nacional,Nacional,https://www.eldestapeweb.com,"Parece una aldea de la Edad Media, pero queda a minutos de Buenos Aires"
2026-06-19,2026-W25,nacional,EL DESTAPE,Nacional,Nacional,Nacional,https://www.eldestapeweb.com,Cuenta DNI sumó un nuevo descuento en supermercados
2026-06-19,2026-W25,nacional,EL DESTAPE,Nacional,Nacional,Nacional,https://www.eldestapeweb.com,"Que decía Milei de su nuevo vocero hace apenas cuatro años: ""Imbécil total"""
2026-06-19,2026-W25,nacional,EL DESTAPE,Nacional,Nacional,Nacional,https://www.eldestapeweb.com,"Bullrich, durísima con Adorni tras dejar la vocería: ""Destrabar la comunicación"""
2026-06-19,2026-W25,nacional,EL DESTAPE,Nacional,Nacional,Nacional,https://www.eldestapeweb.com,Se multiplican los suicidios y Milei ajusta en salud mental
2026-06-19,2026-W25,nacional,EL DESTAPE,Nacional,Nacional,Nacional,https://www.eldestapeweb.com,"Quién es Adrián Ravier, el nuevo vocero que reemplaza a Adorni"
2026-06-19,2026-W25,nacional,EL DESTAPE,Nacional,Nacional,Nacional,https://www.eldestapeweb.com,La Legislatura porteña aprobó un nuevo plan para refinanciar deuda de familias
2026-06-19,2026-W25,nacional,LA POLÍTICA ONLINE,Nacional,Nacional,Nacional,https://www.lapoliticaonline.com.ar,"Subidón Peaky Blinder por la llegada de Ravier: ""Los Rocket vinieron por la comunicación digital y nos quedamos con la vocería del presidente"""
2026-06-19,2026-W25,nacional,LA POLÍTICA ONLINE,Nacional,Nacional,Nacional,https://www.lapoliticaonline.com.ar,Adorni gastó 8 mil dólares en un flipper de Los Locos Addams para su casa del country
2026-06-19,2026-W25,nacional,LA POLÍTICA ONLINE,Nacional,Nacional,Nacional,https://www.lapoliticaonline.com.ar,Bullrich se queda con otra banca en Diputados tras la salida de Ravier
2026-06-19,2026-W25,nacional,LA POLÍTICA ONLINE,Nacional,Nacional,Nacional,https://www.lapoliticaonline.com.ar,La mamá de Villarruel dijo que Milei y Karina le tienen celos a su hija
2026-06-19,2026-W25,nacional,LA POLÍTICA ONLINE,Nacional,Nacional,Nacional,https://www.lapoliticaonline.com.ar,Leila Gianni amenaza con abandonar La Libertad Avanza tentada por Villarruel
2026-06-19,2026-W25,nacional,LA POLÍTICA ONLINE,Nacional,Nacional,Nacional,https://www.lapoliticaonline.com.ar,Milei le interviene la vocería a Adorni con un economista cercano a Santiago Caputo
2026-06-19,2026-W25,nacional,LA POLÍTICA ONLINE,Nacional,Nacional,Nacional,https://www.lapoliticaonline.com.ar,"Milei por ahora mantiene a Adorni y desafía al Senado: ""Si lo echan son golpistas"""
2026-06-19,2026-W25,nacional,LA POLÍTICA ONLINE,Nacional,Nacional,Nacional,https://www.lapoliticaonline.com.ar,Myriam Bregman resiste una candidatura en la Ciudad y niega un acuerdo con el peronismo
2026-06-19,2026-W25,nacional,LA POLÍTICA ONLINE,Nacional,Nacional,Nacional,https://www.lapoliticaonline.com.ar,La UIA anticipa otra caída fuerte de la industria en mayo
2026-06-19,2026-W25,nacional,LA POLÍTICA ONLINE,Nacional,Nacional,Nacional,https://www.lapoliticaonline.com.ar,El editor de Clarín dice que Milei es un lunático
2026-06-19,2026-W25,nacional,LA POLÍTICA ONLINE,Nacional,Nacional,Nacional,https://www.lapoliticaonline.com.ar,Un fallo de Cámara cuestiona la constitucionalidad de la reforma migratoria de Milei
2026-06-19,2026-W25,nacional,LA POLÍTICA ONLINE,Nacional,Nacional,Nacional,https://www.lapoliticaonline.com.ar,Jorge Macri endureció las penas contra los trapitos y prevén hasta 60 días de detención
2026-06-19,2026-W25,nacional,LA POLÍTICA ONLINE,Nacional,Nacional,Nacional,https://www.lapoliticaonline.com.ar,Jan De Nul y Servimagnus crearán una nueva firma para operar la Hidrovía
2026-06-19,2026-W25,nacional,LA POLÍTICA ONLINE,Nacional,Nacional,Nacional,https://www.lapoliticaonline.com.ar,Reproches en una reunión caliente del bloque libertario porque nadie quiere defender a Adorni
2026-06-19,2026-W25,nacional,LA POLÍTICA ONLINE,Nacional,Nacional,Nacional,https://www.lapoliticaonline.com.ar,Sáenz le propuso a Jaldo y Jalil no voltear a Adorni para evitar que Milei se victimice
2026-06-19,2026-W25,nacional,LA POLÍTICA ONLINE,Nacional,Nacional,Nacional,https://www.lapoliticaonline.com.ar,Villarruel desafía a Karina y va al acto por el Día de la Bandera aunque la tacharon de la lista
2026-06-19,2026-W25,nacional,LA POLÍTICA ONLINE,Nacional,Nacional,Nacional,https://www.lapoliticaonline.com.ar,"Marra le mandó una carta a Milei pidiendo que eche a Adorni: ""El proyecto se muere aunque la economía funcione"""
2026-06-19,2026-W25,nacional,LA POLÍTICA ONLINE,Nacional,Nacional,Nacional,https://www.lapoliticaonline.com.ar,"Bolívar votó una declaración contra Adorni y hasta los concejales libertarios piden su renuncia: ""Se enterró sólo"""
2026-06-19,2026-W25,nacional,LA POLÍTICA ONLINE,Nacional,Nacional,Nacional,https://www.lapoliticaonline.com.ar,Ruptura libertaria en Lanús por la pelea entre dirigentes de Pareja y Kravetz
2026-06-19,2026-W25,nacional,LA POLÍTICA ONLINE,Nacional,Nacional,Nacional,https://www.lapoliticaonline.com.ar,"Una empresa usa a Adorni para vender sábanas: ""Está tan barato que vas a pensar que te estamos robando"""
2026-06-19,2026-W25,nacional,LA POLÍTICA ONLINE,Nacional,Nacional,Nacional,https://www.lapoliticaonline.com.ar,Duro golpe a Caputo: MSCI sugiere que no subirá la calificación de Argentina y se pierden USD 7.000 millones
2026-06-19,2026-W25,nacional,LA POLÍTICA ONLINE,Nacional,Nacional,Nacional,https://www.lapoliticaonline.com.ar,Caputo manda una modificación a la ley de inocencia fiscal: sólo se podrá adherir hasta el 2027
2026-06-19,2026-W25,nacional,LA POLÍTICA ONLINE,Nacional,Nacional,Nacional,https://www.lapoliticaonline.com.ar,Récord histórico de superávit comercial gracias a Vaca Muerta y la caída de las importaciones industriales
2026-06-19,2026-W25,nacional,LA POLÍTICA ONLINE,Nacional,Nacional,Nacional,https://www.lapoliticaonline.com.ar,El gobierno adjudicó la Hidrovía a Jan de Nul y se termina la pelea por la privatización más importante
2026-06-19,2026-W25,nacional,LA POLÍTICA ONLINE,Nacional,Nacional,Nacional,https://www.lapoliticaonline.com.ar,Milei sale a rescatar a tres provincias ante la caída de la coparticipación
2026-06-19,2026-W25,nacional,LA POLÍTICA ONLINE,Nacional,Nacional,Nacional,https://www.lapoliticaonline.com.ar,"El gobierno eliminó el impuesto al cheque a Mercado Pago y las cripto, pero lo mantiene para las Pymes"
2026-06-19,2026-W25,nacional,LA POLÍTICA ONLINE,Nacional,Nacional,Nacional,https://www.lapoliticaonline.com.ar,Dura decisión de Milei contra Clarín: obliga a Telecom a desprenderse de 6 millones de abonados
2026-06-19,2026-W25,nacional,LA POLÍTICA ONLINE,Nacional,Nacional,Nacional,https://www.lapoliticaonline.com.ar,Caputo encontró una nueva forma de frenar al dólar sin vender reservas
2026-06-19,2026-W25,nacional,LA POLÍTICA ONLINE,Nacional,Nacional,Nacional,https://www.lapoliticaonline.com.ar,La productora de Lauría y Finkelstein se queda con el nuevo Arena de Rosario
2026-06-19,2026-W25,nacional,LA POLÍTICA ONLINE,Nacional,Nacional,Nacional,https://www.lapoliticaonline.com.ar,Los libertarios van por la gobernación de Río Negro y rechazan un acuerdo con Weretilneck
2026-06-19,2026-W25,nacional,LA POLÍTICA ONLINE,Nacional,Nacional,Nacional,https://www.lapoliticaonline.com.ar,El fiscal Pollicita le pidió al gobierno de la Ciudad que informe si Adorni es un ñoqui
2026-06-19,2026-W25,nacional,LA POLÍTICA ONLINE,Nacional,Nacional,Nacional,https://www.lapoliticaonline.com.ar,Aceleran la construcción del cuarto carril de la autopista a La Plata
2026-06-19,2026-W25,nacional,LA POLÍTICA ONLINE,Nacional,Nacional,Nacional,https://www.lapoliticaonline.com.ar,Misiones evalúa un nuevo plebiscito para destrabar la represa de Corpus con Paraguay
2026-06-19,2026-W25,nacional,LA POLÍTICA ONLINE,Nacional,Nacional,Nacional,https://www.lapoliticaonline.com.ar,Ahora revelan que Adorni se gastó 8 millones en sábanas de lujo
2026-06-19,2026-W25,nacional,LA POLÍTICA ONLINE,Nacional,Nacional,Nacional,https://www.lapoliticaonline.com.ar,"Ultimátum de los aliados a Milei, le dan dos semanas para que eche a Adorni"
2026-06-19,2026-W25,nacional,LA POLÍTICA ONLINE,Nacional,Nacional,Nacional,https://www.lapoliticaonline.com.ar,Llaryora se desmarca de Schiaretti y no avanzará contra Adorni
2026-06-19,2026-W25,nacional,LA POLÍTICA ONLINE,Nacional,Nacional,Nacional,https://www.lapoliticaonline.com.ar,ARCA intimó al contratista que declaró contra Adorni
2026-06-19,2026-W25,nacional,LA POLÍTICA ONLINE,Nacional,Nacional,Nacional,https://www.lapoliticaonline.com.ar,Marijuan pidió la indagatoria del hermano de Adorni por mentir en las declaraciones juradas
2026-06-19,2026-W25,nacional,LA POLÍTICA ONLINE,Nacional,Nacional,Nacional,https://www.lapoliticaonline.com.ar,La Justicia anuló la designación de veedores del gobierno en la AFA
2026-06-19,2026-W25,nacional,LA POLÍTICA ONLINE,Nacional,Nacional,Nacional,https://www.lapoliticaonline.com.ar,Fuerte presión del gabinete a Milei para que eche a Adorni y mencionan a Quirno
2026-06-19,2026-W25,nacional,LA POLÍTICA ONLINE,Nacional,Nacional,Nacional,https://www.lapoliticaonline.com.ar,Espinoza armó un fan fest para 50 mil personas y no juntó ni 100
2026-06-19,2026-W25,nacional,LA POLÍTICA ONLINE,Nacional,Nacional,Nacional,https://www.lapoliticaonline.com.ar,La candidata de Macri en Rosario le pidió a Milei que no llegue con Adorni al acto de la Bandera
2026-06-19,2026-W25,nacional,LA POLÍTICA ONLINE,Nacional,Nacional,Nacional,https://www.lapoliticaonline.com.ar,El PRO confirmó que apoyará la remoción de Adorni en el Senado
2026-06-19,2026-W25,nacional,LA POLÍTICA ONLINE,Nacional,Nacional,Nacional,https://www.lapoliticaonline.com.ar,"El superávit se achica, pero presionado por los fallos Caputo tuvo que aumentar el gasto en universidades"
2026-06-19,2026-W25,nacional,LA POLÍTICA ONLINE,Nacional,Nacional,Nacional,https://www.lapoliticaonline.com.ar,Córdoba y Santa Fe las más golpeadas por el cierre de industrias de la era Milei
2026-06-19,2026-W25,nacional,LA POLÍTICA ONLINE,Nacional,Nacional,Nacional,https://www.lapoliticaonline.com.ar,Los ejecutivos de Galperin salen a comprar acciones de Mercado Libre para subirle el precio
2026-06-19,2026-W25,nacional,LA POLÍTICA ONLINE,Nacional,Nacional,Nacional,https://www.lapoliticaonline.com.ar,Peter Schiff vs. Michael Saylor: el debate que divide al mundo Bitcoin
2026-06-19,2026-W25,nacional,LA POLÍTICA ONLINE,Nacional,Nacional,Nacional,https://www.lapoliticaonline.com.ar,El juez Gallardo suspendió los desalojos de Jorge Macri
2026-06-19,2026-W25,nacional,LA POLÍTICA ONLINE,Nacional,Nacional,Nacional,https://www.lapoliticaonline.com.ar,El juez Barroetaveña quiere quedarse en la Magistratura y desata una interna con Llorens y Basso
2026-06-19,2026-W25,nacional,LA POLÍTICA ONLINE,Nacional,Nacional,Nacional,https://www.lapoliticaonline.com.ar,"Pullaro terminó la restauración del Monumento a la Bandera que Macri, Alberto y Milei dejaron inconclusa"
2026-06-19,2026-W25,nacional,TIEMPO ARGENTINO,Nacional,Nacional,Nacional,https://www.tiempoar.com.ar,Tiempo Argentino
2026-06-19,2026-W25,nacional,TIEMPO ARGENTINO,Nacional,Nacional,Nacional,https://www.tiempoar.com.ar,Movilización militante
2026-06-19,2026-W25,nacional,TIEMPO ARGENTINO,Nacional,Nacional,Nacional,https://www.tiempoar.com.ar,Banderazo en Parque Lezama para reclamar la libertad de Cristina
2026-06-19,2026-W25,nacional,TIEMPO ARGENTINO,Nacional,Nacional,Nacional,https://www.tiempoar.com.ar,fallo histórico
2026-06-19,2026-W25,nacional,TIEMPO ARGENTINO,Nacional,Nacional,Nacional,https://www.tiempoar.com.ar,Chaco: condenan a empresas vinculadas a Eduardo Eurnekian por fumigaciones en comunidades rurales
2026-06-19,2026-W25,nacional,TIEMPO ARGENTINO,Nacional,Nacional,Nacional,https://www.tiempoar.com.ar,Anuncio por las redes
2026-06-19,2026-W25,nacional,TIEMPO ARGENTINO,Nacional,Nacional,Nacional,https://www.tiempoar.com.ar,El diputado Adrián Ravier será el nuevo Vocero Presidencial
2026-06-19,2026-W25,nacional,TIEMPO ARGENTINO,Nacional,Nacional,Nacional,https://www.tiempoar.com.ar,"Sumate a Correo Mundial, el nuevo newsletter"
2026-06-19,2026-W25,nacional,TIEMPO ARGENTINO,Nacional,Nacional,Nacional,https://www.tiempoar.com.ar,Alejandro Wall y Andrés Burgo escribirán cada mañana y de manera conjunta un ida y vuelta de la Copa 2026.
2026-06-19,2026-W25,nacional,TIEMPO ARGENTINO,Nacional,Nacional,Nacional,https://www.tiempoar.com.ar,"El Prode de la FIFA tiene tres opciones: gana, gana o gana"
2026-06-19,2026-W25,nacional,TIEMPO ARGENTINO,Nacional,Nacional,Nacional,https://www.tiempoar.com.ar,concierto mundialista
2026-06-19,2026-W25,nacional,TIEMPO ARGENTINO,Nacional,Nacional,Nacional,https://www.tiempoar.com.ar,Apuntes de la primera fecha del inoxidable show del Mundial
2026-06-19,2026-W25,nacional,TIEMPO ARGENTINO,Nacional,Nacional,Nacional,https://www.tiempoar.com.ar,una pasión sin límites
2026-06-19,2026-W25,nacional,TIEMPO ARGENTINO,Nacional,Nacional,Nacional,https://www.tiempoar.com.ar,Ya es ritual: multitudinario festejo en Bangladesh por el triunfo de Argentina en el mundial
2026-06-19,2026-W25,nacional,TIEMPO ARGENTINO,Nacional,Nacional,Nacional,https://www.tiempoar.com.ar,"Messi, un fabricante de felicidad"
2026-06-19,2026-W25,nacional,TIEMPO ARGENTINO,Nacional,Nacional,Nacional,https://www.tiempoar.com.ar,"El dólar volvió a subir y ya acumula un aumento de 2,8% en junio"
2026-06-19,2026-W25,nacional,TIEMPO ARGENTINO,Nacional,Nacional,Nacional,https://www.tiempoar.com.ar,SALUD EN CRISIS
2026-06-19,2026-W25,nacional,TIEMPO ARGENTINO,Nacional,Nacional,Nacional,https://www.tiempoar.com.ar,PAMI: el Gobierno niega deudas con clínicas pero siguen los reclamos y la suspensión de prestaciones
2026-06-19,2026-W25,nacional,TIEMPO ARGENTINO,Nacional,Nacional,Nacional,https://www.tiempoar.com.ar,Derechos Humanos
2026-06-19,2026-W25,nacional,TIEMPO ARGENTINO,Nacional,Nacional,Nacional,https://www.tiempoar.com.ar,El doloroso testimonio del hermano del nieto 128: «Lo buscaba en cada esquina»
2026-06-19,2026-W25,nacional,TIEMPO ARGENTINO,Nacional,Nacional,Nacional,https://www.tiempoar.com.ar,EL HAMBRE DE LOS ESTUDIANTES
2026-06-19,2026-W25,nacional,TIEMPO ARGENTINO,Nacional,Nacional,Nacional,https://www.tiempoar.com.ar,Jorge Macri deberá responder por qué recortó más de $3.300 millones en viandas escolares
2026-06-19,2026-W25,nacional,TIEMPO ARGENTINO,Nacional,Nacional,Nacional,https://www.tiempoar.com.ar,"Tras la clausura del tren, rematarán terrenos de la estación Cañada de Gómez"
2026-06-19,2026-W25,nacional,TIEMPO ARGENTINO,Nacional,Nacional,Nacional,https://www.tiempoar.com.ar,“Buscando al Bien Común”
2026-06-19,2026-W25,nacional,TIEMPO ARGENTINO,Nacional,Nacional,Nacional,https://www.tiempoar.com.ar,injerencia israelí
2026-06-19,2026-W25,nacional,TIEMPO ARGENTINO,Nacional,Nacional,Nacional,https://www.tiempoar.com.ar,La Liga Árabe condena la visita del presidente de Somalilandia a Jerusalén
2026-06-19,2026-W25,nacional,TIEMPO ARGENTINO,Nacional,Nacional,Nacional,https://www.tiempoar.com.ar,Alto el fuego entre israel y Hezbolláh
2026-06-19,2026-W25,nacional,TIEMPO ARGENTINO,Nacional,Nacional,Nacional,https://www.tiempoar.com.ar,Irán y EEUU suspenden la ronda de negociaciones en Suiza
2026-06-19,2026-W25,nacional,TIEMPO ARGENTINO,Nacional,Nacional,Nacional,https://www.tiempoar.com.ar,balotaje el domingo
2026-06-19,2026-W25,nacional,TIEMPO ARGENTINO,Nacional,Nacional,Nacional,https://www.tiempoar.com.ar,Colombia: la derecha regional pide votar a De la Espriella
2026-06-19,2026-W25,nacional,TIEMPO ARGENTINO,Nacional,Nacional,Nacional,https://www.tiempoar.com.ar,una mujer murió
2026-06-19,2026-W25,nacional,TIEMPO ARGENTINO,Nacional,Nacional,Nacional,https://www.tiempoar.com.ar,Bielorrusia acusa a Ucrania por el ataque a un micro donde viajaban niños
2026-06-19,2026-W25,nacional,TIEMPO ARGENTINO,Nacional,Nacional,Nacional,https://www.tiempoar.com.ar,Más plata para la casta
2026-06-19,2026-W25,nacional,TIEMPO ARGENTINO,Nacional,Nacional,Nacional,https://www.tiempoar.com.ar,Los porcentajes de Karina Milei: la caja de «gastos flexibles» que maneja aumentó un 140%
2026-06-19,2026-W25,nacional,TIEMPO ARGENTINO,Nacional,Nacional,Nacional,https://www.tiempoar.com.ar,"Dan Flavin, una muestra para experimentar la luz desde el minimalismo"
2026-06-19,2026-W25,nacional,TIEMPO ARGENTINO,Nacional,Nacional,Nacional,https://www.tiempoar.com.ar,INSCRIPCIÓN ABIERTA
2026-06-19,2026-W25,nacional,TIEMPO ARGENTINO,Nacional,Nacional,Nacional,https://www.tiempoar.com.ar,Taller de Redacción Periodística: cómo contar la realidad que nos rodea
2026-06-19,2026-W25,nacional,TIEMPO ARGENTINO,Nacional,Nacional,Nacional,https://www.tiempoar.com.ar,"En Neuquén, llamarse Martínez trae sus beneficios"
2026-06-19,2026-W25,nacional,TIEMPO ARGENTINO,Nacional,Nacional,Nacional,https://www.tiempoar.com.ar,las consecuencias de las fake news
2026-06-19,2026-W25,nacional,TIEMPO ARGENTINO,Nacional,Nacional,Nacional,https://www.tiempoar.com.ar,“Estoy avergonzada”: las disculpas de Florencia Peña tras difundir la falsa muerte del padre de Messi
2026-06-19,2026-W25,nacional,TIEMPO ARGENTINO,Nacional,Nacional,Nacional,https://www.tiempoar.com.ar,«pedimos responsabilidad»
2026-06-19,2026-W25,nacional,TIEMPO ARGENTINO,Nacional,Nacional,Nacional,https://www.tiempoar.com.ar,La familia de Messi publicó un comunicado por la salud de su padre y aclaró que está “evolucionando favorablemente”
2026-06-19,2026-W25,nacional,TIEMPO ARGENTINO,Nacional,Nacional,Nacional,https://www.tiempoar.com.ar,"Desde Rosario, reclaman que Milei no lleve a Adorni al acto por el Día de la Bandera"
2026-06-19,2026-W25,nacional,TIEMPO ARGENTINO,Nacional,Nacional,Nacional,https://www.tiempoar.com.ar,acusado de encubrimiento
2026-06-19,2026-W25,nacional,TIEMPO ARGENTINO,Nacional,Nacional,Nacional,https://www.tiempoar.com.ar,Andis: la Justicia mandó a juicio al jefe de seguridad de Nordelta por entorpecer el allanamiento a Kovalivker
2026-06-19,2026-W25,nacional,TIEMPO ARGENTINO,Nacional,Nacional,Nacional,https://www.tiempoar.com.ar,"«Recuperar un futuro»: la lucha por Canale, una historia de resistencia y construcción obrera"
2026-06-19,2026-W25,nacional,TIEMPO ARGENTINO,Nacional,Nacional,Nacional,https://www.tiempoar.com.ar,"A 40 años de «The Queen Is Dead»: la Inglaterra de Margaret Thatcher, los corazones rotos y el mejor disco de The Smiths"
2026-06-19,2026-W25,nacional,TIEMPO ARGENTINO,Nacional,Nacional,Nacional,https://www.tiempoar.com.ar,"La vuelta de Faith No More: la revolución permanente, la saludable locura de Mike Patton y el recorrido de la banda que pulverizó todas las etiquetas"
2026-06-19,2026-W25,nacional,TIEMPO ARGENTINO,Nacional,Nacional,Nacional,https://www.tiempoar.com.ar,«Vaca Muerta»: una sátira política donde el desastre se celebra como una fiesta
2026-06-19,2026-W25,nacional,TIEMPO ARGENTINO,Nacional,Nacional,Nacional,https://www.tiempoar.com.ar,Todos unidos triunfaremos
2026-06-19,2026-W25,nacional,LA PRENSA,Nacional,Nacional,Nacional,https://www.laprensa.com.ar,La mora en las familias volvió a subir y se ubica en niveles récord: es la más alta en más de 20 años
2026-06-19,2026-W25,nacional,LA PRENSA,Nacional,Nacional,Nacional,https://www.laprensa.com.ar,Adorni dejará de ser el vocero presidencial y lo reemplaza un economista
2026-06-19,2026-W25,nacional,LA PRENSA,Nacional,Nacional,Nacional,https://www.laprensa.com.ar,"Ravier agradeció el apoyo de Milei y dijo que se encargará de ""comunicar los logros del Gobierno"""
2026-06-19,2026-W25,nacional,LA PRENSA,Nacional,Nacional,Nacional,https://www.laprensa.com.ar,Pochettino y Estados Unidos aseguran su lugar en los dieciseisavos de final
2026-06-19,2026-W25,nacional,LA PRENSA,Nacional,Nacional,Nacional,https://www.laprensa.com.ar,El dólar reafirmó su tendencia alcista en junio por una mayor demanda
2026-06-19,2026-W25,nacional,LA PRENSA,Nacional,Nacional,Nacional,https://www.laprensa.com.ar,Al menos una persona muere en un choque de trenes al norte de Londres
2026-06-19,2026-W25,nacional,LA PRENSA,Nacional,Nacional,Nacional,https://www.laprensa.com.ar,"Detuvieron a Pablo Torres Lacal, el hombre que mató al hijo de Federico Storani en un choque de lanchas"
2026-06-19,2026-W25,nacional,LA PRENSA,Nacional,Nacional,Nacional,https://www.laprensa.com.ar,Pollicita profundiza la investigación sobre el patrimonio de Adorni
2026-06-19,2026-W25,nacional,LA PRENSA,Nacional,Nacional,Nacional,https://www.laprensa.com.ar,"Picante respuesta de Meloni a Trump: ""Italia y yo no rogamos”"
2026-06-19,2026-W25,nacional,LA PRENSA,Nacional,Nacional,Nacional,https://www.laprensa.com.ar,Israel y Hezbollah alcanzan un alto al fuego en Líbano
2026-06-19,2026-W25,nacional,LA PRENSA,Nacional,Nacional,Nacional,https://www.laprensa.com.ar,Cerúndolo se metió en la semifinal de Queen´s
2026-06-19,2026-W25,nacional,LA PRENSA,Nacional,Nacional,Nacional,https://www.laprensa.com.ar,Femicidio de Agostina Vega: Andreani negó los hechos y se abstuvo de declarar
2026-06-19,2026-W25,nacional,LA PRENSA,Nacional,Nacional,Nacional,https://www.laprensa.com.ar,Los goles en contra de Manuel Adorni
2026-06-19,2026-W25,nacional,LA PRENSA,Nacional,Nacional,Nacional,https://www.laprensa.com.ar,"Sobre la honradez, la honestidad y el honor"
2026-06-19,2026-W25,nacional,LA PRENSA,Nacional,Nacional,Nacional,https://www.laprensa.com.ar,"“Si Argentina tiene éxito, va a ser cara”"
2026-06-19,2026-W25,nacional,LA PRENSA,Nacional,Nacional,Nacional,https://www.laprensa.com.ar,El egipcio Amin Mohamed Omar será el árbitro de Argentina-Austria
2026-06-19,2026-W25,nacional,LA PRENSA,Nacional,Nacional,Nacional,https://www.laprensa.com.ar,La goleada de Canadá a Qatar se vio empañada por la lesión de Koné
2026-06-19,2026-W25,nacional,LA PRENSA,Nacional,Nacional,Nacional,https://www.laprensa.com.ar,"Con una ráfaga en los últimos 10 minutos, Suiza goleó a Bosnia 4 a 1"
2026-06-19,2026-W25,nacional,LA PRENSA,Nacional,Nacional,Nacional,https://www.laprensa.com.ar,Neymar no viajará con la delegación brasileña para el enfrentamiento ante Haití
2026-06-19,2026-W25,nacional,LA PRENSA,Nacional,Nacional,Nacional,https://www.laprensa.com.ar,Chequia y Sudáfrica sellan un empate que los deja con el futuro condicionado
2026-06-19,2026-W25,nacional,LA PRENSA,Nacional,Nacional,Nacional,https://www.laprensa.com.ar,Colombia se impuso a Uzbekistán en el cierre de la primera fecha del Mundial
2026-06-19,2026-W25,nacional,LA PRENSA,Nacional,Nacional,Nacional,https://www.laprensa.com.ar,Ghana derrotó sobre la hora a Panamá en el cierre de la primera fecha del Grupo L
2026-06-19,2026-W25,nacional,LA PRENSA,Nacional,Nacional,Nacional,https://www.laprensa.com.ar,El brasileño Ronaldo cubrió de elogios a Messi: “Es el mejor de todos los tiempos”
2026-06-19,2026-W25,nacional,LA PRENSA,Nacional,Nacional,Nacional,https://www.laprensa.com.ar,"Carlos Alberto Parreira, DT campeón del mundo en 1994, está en cuidados intensivos y entubado por un problema pulmonar"
2026-06-19,2026-W25,nacional,LA PRENSA,Nacional,Nacional,Nacional,https://www.laprensa.com.ar,"Vance le pide a Israel ""respetar"" el proceso de paz con Irán"
2026-06-19,2026-W25,nacional,LA PRENSA,Nacional,Nacional,Nacional,https://www.laprensa.com.ar,El Papa confirma que viajará a Perú la primera quincena de noviembre
2026-06-19,2026-W25,nacional,LA PRENSA,Nacional,Nacional,Nacional,https://www.laprensa.com.ar,"Conceden el premio Princesa de Asturias a Christina Koch, la primera mujer en viajar a la Luna"
2026-06-19,2026-W25,nacional,LA PRENSA,Nacional,Nacional,Nacional,https://www.laprensa.com.ar,Ataque israelí en un café de Gaza
2026-06-19,2026-W25,nacional,LA PRENSA,Nacional,Nacional,Nacional,https://www.laprensa.com.ar,El G7 da espaldarazo a Ucrania y acuerda más sanciones a Rusia para empujarla a negociar
2026-06-19,2026-W25,nacional,LA PRENSA,Nacional,Nacional,Nacional,https://www.laprensa.com.ar,Pakistán anuncia el texto final para la paz Irán-Estados Unidos tras los anuncios de un acuerdo inminente
2026-06-19,2026-W25,nacional,LA PRENSA,Nacional,Nacional,Nacional,https://www.laprensa.com.ar,Díaz-Canel anuncia medidas para reformar áreas clave de la economía cubana
2026-06-19,2026-W25,nacional,LA PRENSA,Nacional,Nacional,Nacional,https://www.laprensa.com.ar,"Bobby Charlton, el crack que hizo jugar a Inglaterra"
2026-06-19,2026-W25,nacional,LA PRENSA,Nacional,Nacional,Nacional,https://www.laprensa.com.ar,"Garrincha, el rey de la gambeta"
2026-06-19,2026-W25,nacional,LA PRENSA,Nacional,Nacional,Nacional,https://www.laprensa.com.ar,"Just Fontaine, el goleador que marcó un récord con botines prestados"
2026-06-19,2026-W25,nacional,LA PRENSA,Nacional,Nacional,Nacional,https://www.laprensa.com.ar,"Fritz Walter, el tímido capitán que salvó su vida de milagro y lideró a Alemania hacia una victoria imposible"
2026-06-19,2026-W25,nacional,LA PRENSA,Nacional,Nacional,Nacional,https://www.laprensa.com.ar,"Meazza, el niño que se hizo grande y llevó a Italia a la cima"
2026-06-19,2026-W25,nacional,LA PRENSA,Nacional,Nacional,Nacional,https://www.laprensa.com.ar,"Luis Monti, el único finalista con dos camisetas diferentes"
2026-06-19,2026-W25,nacional,LA PRENSA,Nacional,Nacional,Nacional,https://www.laprensa.com.ar,"Nasazzi, el símbolo de la garra charrúa que conquistó al mundo"
2026-06-19,2026-W25,nacional,LA PRENSA,Nacional,Nacional,Nacional,https://www.laprensa.com.ar,La pedagogía del honor en un mundo en disputa
2026-06-19,2026-W25,nacional,LA PRENSA,Nacional,Nacional,Nacional,https://www.laprensa.com.ar,Una odisea de supervivencia y coraje
2026-06-19,2026-W25,nacional,LA PRENSA,Nacional,Nacional,Nacional,https://www.laprensa.com.ar,“Todas las cosas que se hicieron fueron con temple y patriotismo”
2026-06-19,2026-W25,nacional,LA PRENSA,Nacional,Nacional,Nacional,https://www.laprensa.com.ar,La Argentina está obligada a crear poder
2026-06-19,2026-W25,nacional,LA PRENSA,Nacional,Nacional,Nacional,https://www.laprensa.com.ar,Mis reales superhéroes
2026-06-19,2026-W25,nacional,LA PRENSA,Nacional,Nacional,Nacional,https://www.laprensa.com.ar,Pañuelos blancos
2026-06-19,2026-W25,nacional,LA PRENSA,Nacional,Nacional,Nacional,https://www.laprensa.com.ar,Preso por el Señor
2026-06-19,2026-W25,nacional,LA PRENSA,Nacional,Nacional,Nacional,https://www.laprensa.com.ar,Jueces heroicos y jueces indignos
2026-06-19,2026-W25,nacional,LA PRENSA,Nacional,Nacional,Nacional,https://www.laprensa.com.ar,Aniversario del combate de Manchalá
2026-06-19,2026-W25,nacional,LA PRENSA,Nacional,Nacional,Nacional,https://www.laprensa.com.ar,ARA General Belgrano
2026-06-19,2026-W25,nacional,LA PRENSA,Nacional,Nacional,Nacional,https://www.laprensa.com.ar,Hospital Pirovano
2026-06-19,2026-W25,nacional,LA PRENSA,Nacional,Nacional,Nacional,https://www.laprensa.com.ar,Muertos civiles
2026-06-19,2026-W25,nacional,ÁMBITO FINANCIERO,Nacional,Nacional,Nacional,https://www.ambito.com,"El S&P Merval corrigió en la semana tras rally, pero el riesgo país siguió cerca de mínimos en 8 años"
2026-06-19,2026-W25,nacional,ÁMBITO FINANCIERO,Nacional,Nacional,Nacional,https://www.ambito.com,El dólar blue cerró su sexta semana al alza y se acercó a los $1.500
2026-06-19,2026-W25,nacional,ÁMBITO FINANCIERO,Nacional,Nacional,Nacional,https://www.ambito.com,"Morosidad récord: Banco Nación lanza línea de hasta 10 años, mientras entidades privadas buscan resolver ""caso por caso"""
2026-06-19,2026-W25,nacional,ÁMBITO FINANCIERO,Nacional,Nacional,Nacional,https://www.ambito.com,"Adorni, Ravier y la solución salomónica que encontró Milei para su mesa chica"
2026-06-19,2026-W25,nacional,ÁMBITO FINANCIERO,Nacional,Nacional,Nacional,https://www.ambito.com,La Rioja aprobó una ley en reclamo de territorio a San Juan y escala la disputa entre las dos provincias
2026-06-19,2026-W25,nacional,ÁMBITO FINANCIERO,Nacional,Nacional,Nacional,https://www.ambito.com,"El consumo no despega: en abril repuntaron las ventas en súper, pero cayeron en mayoristas y shoppings"
2026-06-19,2026-W25,nacional,ÁMBITO FINANCIERO,Nacional,Nacional,Nacional,https://www.ambito.com,Quiebra de SanCor: un grupo empresario quiere quedarse con toda la láctea y busca frenar la venta por partes
2026-06-19,2026-W25,nacional,ÁMBITO FINANCIERO,Nacional,Nacional,Nacional,https://www.ambito.com,El procedimiento para interpelar a Adorni en el Congreso divide aguas entre libertarios
2026-06-19,2026-W25,nacional,ÁMBITO FINANCIERO,Nacional,Nacional,Nacional,https://www.ambito.com,"Pese a las graves irregularidades, el Gobierno anunció como un ""éxito"" la privatización de la Hidrovía"
2026-06-19,2026-W25,nacional,ÁMBITO FINANCIERO,Nacional,Nacional,Nacional,https://www.ambito.com,El dólar oficial ya acumula un salto del 3% en junio: ¿por qué sube y qué anticipa el mercado?
2026-06-19,2026-W25,nacional,ÁMBITO FINANCIERO,Nacional,Nacional,Nacional,https://www.ambito.com,"Con un golazo, Marruecos le gana a Escocia"
2026-06-19,2026-W25,nacional,ÁMBITO FINANCIERO,Nacional,Nacional,Nacional,https://www.ambito.com,"Adorni deja la Vocería Presidencial, en medio de la controversia por su situación judicial"
2026-06-19,2026-W25,nacional,ÁMBITO FINANCIERO,Nacional,Nacional,Nacional,https://www.ambito.com,Provincias: las calificadoras descartan una pronta suba de nota en sus bonos pese al alza de la deuda soberana
2026-06-19,2026-W25,nacional,ÁMBITO FINANCIERO,Nacional,Nacional,Nacional,https://www.ambito.com,Una startup cordobesa ganó entre 70 candidatos de la región y llevará su tecnología a un gigante de bebidas
2026-06-19,2026-W25,nacional,ÁMBITO FINANCIERO,Nacional,Nacional,Nacional,https://www.ambito.com,Goldman Sachs recortó su precio objetivo para el oro en u$s500: a qué se debe
2026-06-19,2026-W25,nacional,ÁMBITO FINANCIERO,Nacional,Nacional,Nacional,https://www.ambito.com,Caso Adorni: la Justicia analiza chats entre su secretaria y el contratista que remodeló la casa de Indio Cuá
2026-06-19,2026-W25,nacional,ÁMBITO FINANCIERO,Nacional,Nacional,Nacional,https://www.ambito.com,"Córdoba: Bornoroni fideliza intendentes para LLA, mientras un fallo avaló la interna del PRO"
2026-06-19,2026-W25,nacional,ÁMBITO FINANCIERO,Nacional,Nacional,Nacional,https://www.ambito.com,"Un malbec de Rutini Wines logra un nuevo ""Best in Show"" y es el único vino argentino entre los 50 mejores del mundo"
2026-06-19,2026-W25,nacional,ÁMBITO FINANCIERO,Nacional,Nacional,Nacional,https://www.ambito.com,"Estados Unidos venció a Australia, es el líder del Grupo D y aseguró su clasificación"
2026-06-19,2026-W25,nacional,ÁMBITO FINANCIERO,Nacional,Nacional,Nacional,https://www.ambito.com,"Pablo Aimar afirmó que Austria es ""un equipo durísimo"", habló sobre Messi y destacó la gran virtud de Scaloni"
2026-06-19,2026-W25,nacional,ÁMBITO FINANCIERO,Nacional,Nacional,Nacional,https://www.ambito.com,El arquero de Austria calentó la previa y se declaró fan de Cristiano Ronaldo
2026-06-19,2026-W25,nacional,ÁMBITO FINANCIERO,Nacional,Nacional,Nacional,https://www.ambito.com,Argentina se entrenó y Scaloni recuperó a todos los jugadores: los cambios que analiza para jugar con Austria
2026-06-19,2026-W25,nacional,ÁMBITO FINANCIERO,Nacional,Nacional,Nacional,https://www.ambito.com,Economía y Finanzas
2026-06-19,2026-W25,nacional,ÁMBITO FINANCIERO,Nacional,Nacional,Nacional,https://www.ambito.com,Mercados: el dólar oficial se consolidó arriba de los $1.450 y las acciones cayeron en medio del feriado en EEUU
2026-06-19,2026-W25,nacional,ÁMBITO FINANCIERO,Nacional,Nacional,Nacional,https://www.ambito.com,Cayó el petróleo: ¿bajan los combustibles?
2026-06-19,2026-W25,nacional,ÁMBITO FINANCIERO,Nacional,Nacional,Nacional,https://www.ambito.com,Carry trade global en riesgo tras la suba de tasas en Japón: qué amenaza enfrentan el dólar y los activos argentinos
2026-06-19,2026-W25,nacional,ÁMBITO FINANCIERO,Nacional,Nacional,Nacional,https://www.ambito.com,"El petróleo cayó 8% en la semana, mientras los mercados europeos finalizaron con ganancias"
2026-06-19,2026-W25,nacional,ÁMBITO FINANCIERO,Nacional,Nacional,Nacional,https://www.ambito.com,Monedas de la región cerraron dispares tras pausa en las negociaciones de paz en Medio Oriente
2026-06-19,2026-W25,nacional,ÁMBITO FINANCIERO,Nacional,Nacional,Nacional,https://www.ambito.com,El dólar oficial selló su mayor suba semanal en casi dos meses y borró la caída acumulada en 2026
2026-06-19,2026-W25,nacional,ÁMBITO FINANCIERO,Nacional,Nacional,Nacional,https://www.ambito.com,La industria volvió a caer en mayo y algunos sectores operan hasta 30% abajo de 2022
2026-06-19,2026-W25,nacional,ÁMBITO FINANCIERO,Nacional,Nacional,Nacional,https://www.ambito.com,"La ""inversioneta"": el original metódo de un banco para acercar las inversiones al hincha argentino durante el Mundial"
2026-06-19,2026-W25,nacional,ÁMBITO FINANCIERO,Nacional,Nacional,Nacional,https://www.ambito.com,"Para el Gobierno, el camino a 2027 es una recta; para los inversores, una ruta llena de curvas y contracurvas"
2026-06-19,2026-W25,nacional,ÁMBITO FINANCIERO,Nacional,Nacional,Nacional,https://www.ambito.com,Mercado cripto: Bitcoin recupera el nivel de los u$s63.000 y borra buena parte de su caída semanal
2026-06-19,2026-W25,nacional,ÁMBITO FINANCIERO,Nacional,Nacional,Nacional,https://www.ambito.com,Propiedades y costos: la guía para ingresar al flipping inmobiliario sin cometer errores y no perder dinero
2026-06-19,2026-W25,nacional,ÁMBITO FINANCIERO,Nacional,Nacional,Nacional,https://www.ambito.com,El poeta rosarino que quería ser ministro de Cultura y terminó creando una startup que hoy trabaja para Meta y Epic Games
2026-06-19,2026-W25,nacional,ÁMBITO FINANCIERO,Nacional,Nacional,Nacional,https://www.ambito.com,"Gorchs, de Siemens Sudamérica: ""Girar dividendos fue central para decir que hoy se puede confiar más en Argentina"""
2026-06-19,2026-W25,nacional,ÁMBITO FINANCIERO,Nacional,Nacional,Nacional,https://www.ambito.com,"Sale a subasta un terreno estratégico en Palermo por u$s9,3 millones"
2026-06-19,2026-W25,nacional,ÁMBITO FINANCIERO,Nacional,Nacional,Nacional,https://www.ambito.com,Todo sobre energía y minería
2026-06-19,2026-W25,nacional,ÁMBITO FINANCIERO,Nacional,Nacional,Nacional,https://www.ambito.com,"SMRs: uno por uno, quiénes lideran la revolución de los reactores modulares pequeños"
2026-06-19,2026-W25,nacional,ÁMBITO FINANCIERO,Nacional,Nacional,Nacional,https://www.ambito.com,OPEP: Argentina y Brasil liderarán el crecimiento petrolero de América Latina hasta 2050
2026-06-19,2026-W25,nacional,ÁMBITO FINANCIERO,Nacional,Nacional,Nacional,https://www.ambito.com,Santa Cruz: proveedores mineros y energéticos renovaron autoridades de CAPPEMA
2026-06-19,2026-W25,nacional,ÁMBITO FINANCIERO,Nacional,Nacional,Nacional,https://www.ambito.com,Las motos 0km más baratas de junio 2026: 10 opciones por menos de $3.000.000 millones
2026-06-19,2026-W25,nacional,ÁMBITO FINANCIERO,Nacional,Nacional,Nacional,https://www.ambito.com,De uso oficial a la calle: salen a la venta exclusivos vehículos blindados del gobierno de EEUU
2026-06-19,2026-W25,nacional,ÁMBITO FINANCIERO,Nacional,Nacional,Nacional,https://www.ambito.com,Autos más baratos y más caros en la Argentina: el impacto de los híbridos y eléctricos en los precios
2026-06-19,2026-W25,nacional,ÁMBITO FINANCIERO,Nacional,Nacional,Nacional,https://www.ambito.com,Chacarita: condenaron a una mujer con prisión efectiva por quemar un contenedor de basura
2026-06-19,2026-W25,nacional,ÁMBITO FINANCIERO,Nacional,Nacional,Nacional,https://www.ambito.com,"Ravier, el nuevo vocero, uno de los directores de la fundación libertaria investigada por millonarias donaciones"
2026-06-19,2026-W25,nacional,ÁMBITO FINANCIERO,Nacional,Nacional,Nacional,https://www.ambito.com,La ONU asegura que el acuerdo entre EEUU e Irán ignora la situación de derechos humanos que se vive en el país persa
2026-06-19,2026-W25,nacional,ÁMBITO FINANCIERO,Nacional,Nacional,Nacional,https://www.ambito.com,Cierre de FATE: el sindicato de neumáticos se movilizó para repudiar el llamado a indagatoria a 24 trabajadores
2026-06-19,2026-W25,nacional,ÁMBITO FINANCIERO,Nacional,Nacional,Nacional,https://www.ambito.com,Netflix adquirió los derechos del nuevo especial de comedia de Ricky Gervais
2026-06-19,2026-W25,nacional,ÁMBITO FINANCIERO,Nacional,Nacional,Nacional,https://www.ambito.com,Casación ratificó el sobreseimiento de Rial por calumnias e injurias y defendió la libertad de expresión
