fecha,semana_iso,corpus,diario,provincia,region,ciudad_origen,url_medio,titular
2026-06-21,2026-W25,provincial,EL DÍA,Buenos Aires,AMBA,La Plata,https://www.eldia.com,La disputa peronista sin fin y la inquietud que dispara una visita de Macri a la Provincia
2026-06-21,2026-W25,provincial,EL DÍA,Buenos Aires,AMBA,La Plata,https://www.eldia.com,Póster de EL DIA | El mejor póster de Messi para el cuadro que todos debemos tener en casa
2026-06-21,2026-W25,provincial,EL DÍA,Buenos Aires,AMBA,La Plata,https://www.eldia.com,Desgarrador incendio en Los Hornos: las llamas destruyeron un comedor que asistía a niños
2026-06-21,2026-W25,provincial,EL DÍA,Buenos Aires,AMBA,La Plata,https://www.eldia.com,Videos con dólares y más dólares que ponen el foco sobre Insaurralde y Cirio
2026-06-21,2026-W25,provincial,EL DÍA,Buenos Aires,AMBA,La Plata,https://www.eldia.com,Milei blindó a Adorni: el uso del acto por el Día de la Bandera y la referencia a Belgrano
2026-06-21,2026-W25,provincial,EL DÍA,Buenos Aires,AMBA,La Plata,https://www.eldia.com,"Menos nacimientos, más vacantes: la Provincia podría garantizar el jardín para todos los chicos sin construir salas"
2026-06-21,2026-W25,provincial,EL DÍA,Buenos Aires,AMBA,La Plata,https://www.eldia.com,"FOTOS | ¡Que nada te falte para alentar a la Selección! EL DIA ofrece gorros, banderas y todo el cotillón"
2026-06-21,2026-W25,provincial,EL DÍA,Buenos Aires,AMBA,La Plata,https://www.eldia.com,"La crisis que el Gobierno no logra cerrar: Adorni, el relato libertario y las “buenas noticias” que no se lucen"
2026-06-21,2026-W25,provincial,EL DÍA,Buenos Aires,AMBA,La Plata,https://www.eldia.com,Asado y cambios para esperar por Austria
2026-06-21,2026-W25,provincial,EL DÍA,Buenos Aires,AMBA,La Plata,https://www.eldia.com,"Ricardo Giusti y el “Chino” Tapia, guardianes de la gloria de 1986, ilusionados como cualquier hincha"
2026-06-21,2026-W25,provincial,EL DÍA,Buenos Aires,AMBA,La Plata,https://www.eldia.com,Banderazo en Dallas bajo el lema “Mimar a Messi”
2026-06-21,2026-W25,provincial,EL DÍA,Buenos Aires,AMBA,La Plata,https://www.eldia.com,Japón goleó a Túnez y se ilusiona con avanzar como líder en el Mundial
2026-06-21,2026-W25,provincial,EL DÍA,Buenos Aires,AMBA,La Plata,https://www.eldia.com,Lo dio vuelta: triunfo alemán con los goles del banco
2026-06-21,2026-W25,provincial,EL DÍA,Buenos Aires,AMBA,La Plata,https://www.eldia.com,Choque y alcoholemia positiva en La Plata: dos personas heridas y hospitalizadas
2026-06-21,2026-W25,provincial,EL DÍA,Buenos Aires,AMBA,La Plata,https://www.eldia.com,La agenda del domingo para disfrutar con todo en La Plata
2026-06-21,2026-W25,provincial,EL DÍA,Buenos Aires,AMBA,La Plata,https://www.eldia.com,Día del Padre con abrigo en La Plata: comenzó el invierno y habrá bajas temperaturas
2026-06-21,2026-W25,provincial,EL DÍA,Buenos Aires,AMBA,La Plata,https://www.eldia.com,"La agenda deportiva del domingo en modo Mundial: partidos, horarios y TV"
2026-06-21,2026-W25,provincial,EL DÍA,Buenos Aires,AMBA,La Plata,https://www.eldia.com,Día del Padre 2026: las promociones no alcanzaron y las ventas cayeron por cuarto año seguido
2026-06-21,2026-W25,provincial,EL DÍA,Buenos Aires,AMBA,La Plata,https://www.eldia.com,Granos o vacas: cuando aparece el “pago en especie”
2026-06-21,2026-W25,provincial,EL DÍA,Buenos Aires,AMBA,La Plata,https://www.eldia.com,"En Meridiano V, polémica por un club que se expande"
2026-06-21,2026-W25,provincial,EL DÍA,Buenos Aires,AMBA,La Plata,https://www.eldia.com,Condena firme por la muerte de Manuel Storani
2026-06-21,2026-W25,provincial,EL DÍA,Buenos Aires,AMBA,La Plata,https://www.eldia.com,Pimpinela llega a La Plata con sus “Noticias del Amor”
2026-06-21,2026-W25,provincial,EL DÍA,Buenos Aires,AMBA,La Plata,https://www.eldia.com,"En qué invierte el Dibu Martínez: agua, negocios inmobiliarios y diseño"
2026-06-21,2026-W25,provincial,EL DÍA,Buenos Aires,AMBA,La Plata,https://www.eldia.com,Los padres buscan el bienestar personal y desarrollo profesional
2026-06-21,2026-W25,provincial,EL DÍA,Buenos Aires,AMBA,La Plata,https://www.eldia.com,RIGI: radiografía de inversiones y el caso de la Provincia de Buenos Aires
2026-06-21,2026-W25,provincial,EL DÍA,Buenos Aires,AMBA,La Plata,https://www.eldia.com,Seguimos “standalone” y el mercado argentino pierde impulso
2026-06-21,2026-W25,provincial,EL DÍA,Buenos Aires,AMBA,La Plata,https://www.eldia.com,Acceder a un empleo estable: jóvenes que se enfrentan a la tercera década
2026-06-21,2026-W25,provincial,EL DÍA,Buenos Aires,AMBA,La Plata,https://www.eldia.com,El derecho a saber qué comemos: crece la advertencia entre los especialistas
2026-06-21,2026-W25,provincial,EL DÍA,Buenos Aires,AMBA,La Plata,https://www.eldia.com,Cómo cuidar el auto cuando “duerme afuera” durante el invierno
2026-06-21,2026-W25,provincial,EL DÍA,Buenos Aires,AMBA,La Plata,https://www.eldia.com,Joaquín Levinton sorprendió en la mesa de Mirtha Legrand: entre respuestas descolocantes y recuerdos de infancia
2026-06-21,2026-W25,provincial,EL DÍA,Buenos Aires,AMBA,La Plata,https://www.eldia.com,Fútbol y streaming: documentales imperdibles para seguir sintiendo la fiebre mundialista
2026-06-21,2026-W25,provincial,EL DÍA,Buenos Aires,AMBA,La Plata,https://www.eldia.com,Quién es Milly Alcock: la Superchica de la tapa
2026-06-21,2026-W25,provincial,EL DÍA,Buenos Aires,AMBA,La Plata,https://www.eldia.com,“La familia Ingalls” de regreso: Netflix estrena una nueva versión del clásico
2026-06-21,2026-W25,provincial,EL DÍA,Buenos Aires,AMBA,La Plata,https://www.eldia.com,Juana Viale se habría separado después de tres años de relación: los motivos que llevaron a la ruptura
2026-06-21,2026-W25,provincial,EL DÍA,Buenos Aires,AMBA,La Plata,https://www.eldia.com,Estudiantes logró una leve ventaja en la jornada de clásicos frente a Gimnasia en una vibrante fecha
2026-06-21,2026-W25,provincial,EL DÍA,Buenos Aires,AMBA,La Plata,https://www.eldia.com,Rugby: La Plata consiguió un triunfo importante en Gonnet
2026-06-21,2026-W25,provincial,EL DÍA,Buenos Aires,AMBA,La Plata,https://www.eldia.com,"Santa levantó la bandera del triunfo, en hockey femenino"
2026-06-21,2026-W25,provincial,EL DÍA,Buenos Aires,AMBA,La Plata,https://www.eldia.com,El Pincha se iría a Uruguay tras su regreso
2026-06-21,2026-W25,provincial,EL DÍA,Buenos Aires,AMBA,La Plata,https://www.eldia.com,Gimnasia y una difícil negociación por Rojas
2026-06-21,2026-W25,provincial,EL DÍA,Buenos Aires,AMBA,La Plata,https://www.eldia.com,"Jésica Cirio rompió el silencio tras la difusión de videos con bolsas de dólares: denunció extorsiones y apuntó a ""manipulaciones"""
2026-06-21,2026-W25,provincial,EL DÍA,Buenos Aires,AMBA,La Plata,https://www.eldia.com,Colombia elige presidente en medio de la violencia y la fuerte polarización
2026-06-21,2026-W25,provincial,EL DÍA,Buenos Aires,AMBA,La Plata,https://www.eldia.com,Se cruzaron todos los jueves durante una década y recién se descubrieron cuando él se ausentó
2026-06-21,2026-W25,provincial,EL DÍA,Buenos Aires,AMBA,La Plata,https://www.eldia.com,Casas chorizo: la arquitectura que cuenta la historia cotidiana de La Plata
2026-06-21,2026-W25,provincial,EL DÍA,Buenos Aires,AMBA,La Plata,https://www.eldia.com,"De avena, almendras o garbanzos: por qué cada vez más personas reemplazan la harina de trigo"
2026-06-21,2026-W25,provincial,EL DÍA,Buenos Aires,AMBA,La Plata,https://www.eldia.com,"Otro domingo sin GNC en La Plata: largas filas, estaciones saturadas y vecinos que viajan kilómetros para cargar"
2026-06-21,2026-W25,provincial,EL DÍA,Buenos Aires,AMBA,La Plata,https://www.eldia.com,Zendaya y Tom Holland: elegancia coordinada que conquistó una avant premiere
2026-06-21,2026-W25,provincial,EL DÍA,Buenos Aires,AMBA,La Plata,https://www.eldia.com,“Pensé que a los 30 iba a tener todo mucho más resuelto”
2026-06-21,2026-W25,provincial,EL DÍA,Buenos Aires,AMBA,La Plata,https://www.eldia.com,“Aprendí que ser feliz no siempre coincide con lo que esperan los demás”
2026-06-21,2026-W25,provincial,EL DÍA,Buenos Aires,AMBA,La Plata,https://www.eldia.com,Mundial 2026: Histórico punto de Curazao ante Ecuador en el empate 0 a 0 en su primera participación
2026-06-21,2026-W25,provincial,EL DÍA,Buenos Aires,AMBA,La Plata,https://www.eldia.com,Qué aporta cada tipo de harina
2026-06-21,2026-W25,provincial,EN ORSAI,Buenos Aires,AMBA,Morón,https://www.enorsai.com.ar,"En Orsai • Noticias, Política y Economía Argentina • Conurbano Bonaerense"
2026-06-21,2026-W25,provincial,EN ORSAI,Buenos Aires,AMBA,Morón,https://www.enorsai.com.ar,"Alfredo Zaiat desnudó la letra chica del FMI: ""¿Quién pagará la deuda y qué hay detrás de las 'medidas pendientes'?"""
2026-06-21,2026-W25,provincial,EN ORSAI,Buenos Aires,AMBA,Morón,https://www.enorsai.com.ar,"Álvarez Agis desarmó el modelo oficial: ""Los ganadores que eligió el Gobierno no generan empleo"""
2026-06-21,2026-W25,provincial,EN ORSAI,Buenos Aires,AMBA,Morón,https://www.enorsai.com.ar,"Adrián Paenza alertó sobre el desembarco cripto-libertario: ""No me extrañaría que Peter Thiel venga a la Argentina para evadir"""
2026-06-21,2026-W25,provincial,EN ORSAI,Buenos Aires,AMBA,Morón,https://www.enorsai.com.ar,"La paranoia del Gobierno: ataques a la prensa, el aislamiento de Milei y el colapso de Adorni"
2026-06-21,2026-W25,provincial,EN ORSAI,Buenos Aires,AMBA,Morón,https://www.enorsai.com.ar,De la Casa Rosada a la estafa $Libra: Los oscuros vínculos que esconde la DDJJ de Adorni
2026-06-21,2026-W25,provincial,EN ORSAI,Buenos Aires,AMBA,Morón,https://www.enorsai.com.ar,Investigador del CONICET advierte que Milei destruye la industria más rápido que Menem y la dictadura
2026-06-21,2026-W25,provincial,EN ORSAI,Buenos Aires,AMBA,Morón,https://www.enorsai.com.ar,"Bercovich destapó la mentira de los ""18 meses espectaculares"" y alertó por una bomba de 6 millones de morosos"
2026-06-21,2026-W25,provincial,EN ORSAI,Buenos Aires,AMBA,Morón,https://www.enorsai.com.ar,"CAME exige frenar los embargos de ARCA y denuncia que la ""Inocencia Fiscal"" solo beneficia a los funcionarios"
2026-06-21,2026-W25,provincial,EN ORSAI,Buenos Aires,AMBA,Morón,https://www.enorsai.com.ar,"El fantasma de la reponderación: La inflación de mayo fue del 2,1% pero el INDEC oculta un impacto mayor en los servicios"
2026-06-21,2026-W25,provincial,EN ORSAI,Buenos Aires,AMBA,Morón,https://www.enorsai.com.ar,Alquilar sin intermediarios en CABA: ventajas y cuidados
2026-06-21,2026-W25,provincial,EN ORSAI,Buenos Aires,AMBA,Morón,https://www.enorsai.com.ar,Remate estratégico: El plan oficial para privatizar Nucleoeléctrica por USD 12 mil millones menos de su valor real
2026-06-21,2026-W25,provincial,EN ORSAI,Buenos Aires,AMBA,Morón,https://www.enorsai.com.ar,"Diego Genoud desnudó la trama de los funcionarios beneficiados por la ""Inocencia Fiscal"" y el despertar de una fuerza plebeya"
2026-06-21,2026-W25,provincial,EN ORSAI,Buenos Aires,AMBA,Morón,https://www.enorsai.com.ar,"Hugo Alconada Mon reveló que la esposa de Manuel Adorni entró a la ""Inocencia Fiscal"" para no explicar sus gastos millonarios"
2026-06-21,2026-W25,provincial,EN ORSAI,Buenos Aires,AMBA,Morón,https://www.enorsai.com.ar,El camino después del Veraz: ¿Dónde conseguir financiamiento cuando los números no ayudan?
2026-06-21,2026-W25,provincial,EN ORSAI,Buenos Aires,AMBA,Morón,https://www.enorsai.com.ar,"Gustavo Córdoba desnudó el quiebre del humor social: ""El Gobierno perdió el control de la agenda y el relato ya no tapa el ajuste"""
2026-06-21,2026-W25,provincial,EN ORSAI,Buenos Aires,AMBA,Morón,https://www.enorsai.com.ar,"Martín Redrado demolió la ""teoría del derrame"" de Milei y alertó que la morosidad bancaria se cuadruplicó por la crisis"
2026-06-21,2026-W25,provincial,EN ORSAI,Buenos Aires,AMBA,Morón,https://www.enorsai.com.ar,El relato libertario choca contra la realidad: Juan Courel desnudó el verdadero impacto del ajuste en la opinión pública
2026-06-21,2026-W25,provincial,EN ORSAI,Buenos Aires,AMBA,Morón,https://www.enorsai.com.ar,Monotributo 2026: Ya rigen las nuevas escalas obligatorias de AFIP y así quedan los topes de facturación por categoría
2026-06-21,2026-W25,provincial,EN ORSAI,Buenos Aires,AMBA,Morón,https://www.enorsai.com.ar,"Qué es la ""inocencia fiscal"": La trampa oculta en el blanqueo de Milei para garantizar la impunidad de los grandes empresarios"
2026-06-21,2026-W25,provincial,EN ORSAI,Buenos Aires,AMBA,Morón,https://www.enorsai.com.ar,Colegios privados 2026: Cómo detectar aumentos ilegales en las cuotas y dónde denunciar abusos
2026-06-21,2026-W25,provincial,EN ORSAI,Buenos Aires,AMBA,Morón,https://www.enorsai.com.ar,Aumentos en prepagas 2026: Cómo frenar los copagos indebidos y defender tus prestaciones de salud
2026-06-21,2026-W25,provincial,EN ORSAI,Buenos Aires,AMBA,Morón,https://www.enorsai.com.ar,Alerta Monotributo y Pymes: Cómo evitar las nuevas multas de AFIP y los cargos fantasmas en la cuenta corriente
2026-06-21,2026-W25,provincial,EN ORSAI,Buenos Aires,AMBA,Morón,https://www.enorsai.com.ar,"Raúl Timerman anticipó el límite social del modelo libertario y advirtió sobre la sustentabilidad de Milei: ""No llega"""
2026-06-21,2026-W25,provincial,EN ORSAI,Buenos Aires,AMBA,Morón,https://www.enorsai.com.ar,"""Esto es una tragedia macroeconómica"": El demoledor diagnóstico de Emmanuel Álvarez Agis sobre el plan de Milei y Caputo"
2026-06-21,2026-W25,provincial,EN ORSAI,Buenos Aires,AMBA,Morón,https://www.enorsai.com.ar,El laberinto de Milei y Caputo: Alfredo Zaiat y Pablo Ibáñez desnudaron la encerrona del modelo libertario
2026-06-21,2026-W25,provincial,EN ORSAI,Buenos Aires,AMBA,Morón,https://www.enorsai.com.ar,Jorge Asís desnudó la trastienda de La Libertad Avanza: “La interna actual es por las cajas”
2026-06-21,2026-W25,provincial,EN ORSAI,Buenos Aires,AMBA,Morón,https://www.enorsai.com.ar,El gobierno de Milei ya es otro gobierno: los ejes del contundente editorial de Carlos Pagni
2026-06-21,2026-W25,provincial,EN ORSAI,Buenos Aires,AMBA,Morón,https://www.enorsai.com.ar,Alfredo Zaiat desnudó el documento del FMI: El Fondo advierte por la recesión y le baja el pulgar al plan de Milei
2026-06-21,2026-W25,provincial,EN ORSAI,Buenos Aires,AMBA,Morón,https://www.enorsai.com.ar,La trampa del RIGI: Alejandro Bercovich desnudó el esquema de megaganancias corporativas y más impuestos para el pueblo
2026-06-21,2026-W25,provincial,EN ORSAI,Buenos Aires,AMBA,Morón,https://www.enorsai.com.ar,"El ""Cuento de las tías"": Adorni acorralado por su patrimonio y el trasfondo de la política de Estado en YPF"
2026-06-21,2026-W25,provincial,EN ORSAI,Buenos Aires,AMBA,Morón,https://www.enorsai.com.ar,"El desafío de Villarruel, el blindaje de Milei a Adorni y la crisis de la basura en CABA"
2026-06-21,2026-W25,provincial,EN ORSAI,Buenos Aires,AMBA,Morón,https://www.enorsai.com.ar,"Melconian fulminó el esquema económico de Milei: ""Es un plan de supervivencia, no de estabilidad"""
2026-06-21,2026-W25,provincial,EN ORSAI,Buenos Aires,AMBA,Morón,https://www.enorsai.com.ar,Mayra Mendoza: “Si Evita estuviera entre nosotras militaría por la libertad de Cristina”
2026-06-21,2026-W25,provincial,EN ORSAI,Buenos Aires,AMBA,Morón,https://www.enorsai.com.ar,Declaración Jurada de Manuel Adorni: La investigación de Alconada Mon sobre bienes omitidos
2026-06-21,2026-W25,provincial,EN ORSAI,Buenos Aires,AMBA,Morón,https://www.enorsai.com.ar,El fin de la luna de miel: Tenembaum revela encuestas con más del 60% de imagen negativa para Milei
2026-06-21,2026-W25,provincial,EN ORSAI,Buenos Aires,AMBA,Morón,https://www.enorsai.com.ar,Plataformas digitales que ofrecen cuotas para deportes emergentes como las artes marciales mixtas
2026-06-21,2026-W25,provincial,EN ORSAI,Buenos Aires,AMBA,Morón,https://www.enorsai.com.ar,El fracaso del modelo Milei: Hasta Cavallo advierte que Caputo no tiene plan y el riesgo país no baja
2026-06-21,2026-W25,provincial,EN ORSAI,Buenos Aires,AMBA,Morón,https://www.enorsai.com.ar,"Álvarez Agis advierte sobre el plan de Milei para YPF: ""Es un retiro del Estado que pagarán las provincias"""
2026-06-21,2026-W25,provincial,EN ORSAI,Buenos Aires,AMBA,Morón,https://www.enorsai.com.ar,"Alfredo Zaiat explica por qué el modelo de Milei entró en un tobogán: el atraso cambiario destruye la industria, los dólares se van ""por la canaleta"" del ahorro y el FMI le soltó la mano."
2026-06-21,2026-W25,provincial,EN ORSAI,Buenos Aires,AMBA,Morón,https://www.enorsai.com.ar,DESTACADOS ANÁLISIS ECONÓMICO El laberinto de Milei y Caputo: Alfredo Zaiat y Pablo Ibáñez desnudaron la encerrona del modelo libertario
2026-06-21,2026-W25,provincial,EN ORSAI,Buenos Aires,AMBA,Morón,https://www.enorsai.com.ar,RADIOGRAFÍA DEL PODER Jorge Asís desnudó la trastienda de La Libertad Avanza: “La interna actual es por las cajas” ANÁLISIS POLÍTICO El gobierno de Milei ya es otro gobierno: los ejes del contundente editorial de Carlos Pagni
2026-06-21,2026-W25,provincial,EN ORSAI,Buenos Aires,AMBA,Morón,https://www.enorsai.com.ar,INFORME Alfredo Zaiat desnudó el documento del FMI: El Fondo advierte por la recesión y le baja el pulgar al plan de Milei ECONOMÍA La trampa del RIGI: Alejandro Bercovich desnudó el esquema de megaganancias corporativas y más impuestos para el pueblo
2026-06-21,2026-W25,provincial,EN ORSAI,Buenos Aires,AMBA,Morón,https://www.enorsai.com.ar,"CORRUPCIÓN ARGENTINA El ""Cuento de las tías"": Adorni acorralado por su patrimonio y el trasfondo de la política de Estado en YPF INTERNAS Y CAUSAS JUDICIALES El desafío de Villarruel, el blindaje de Milei a Adorni y la crisis de la basura en CABA"
2026-06-21,2026-W25,provincial,EN ORSAI,Buenos Aires,AMBA,Morón,https://www.enorsai.com.ar,"ECONOMÍA Melconian fulminó el esquema económico de Milei: ""Es un plan de supervivencia, no de estabilidad"" HOMENAJE A EVA PERÓN Mayra Mendoza: “Si Evita estuviera entre nosotras militaría por la libertad de Cristina”"
2026-06-21,2026-W25,provincial,EN ORSAI,Buenos Aires,AMBA,Morón,https://www.enorsai.com.ar,DATOS DUROS Declaración Jurada de Manuel Adorni: La investigación de Alconada Mon sobre bienes omitidos DATOS DUROS El fin de la luna de miel: Tenembaum revela encuestas con más del 60% de imagen negativa para Milei
2026-06-21,2026-W25,provincial,EN ORSAI,Buenos Aires,AMBA,Morón,https://www.enorsai.com.ar,DATOS Plataformas digitales que ofrecen cuotas para deportes emergentes como las artes marciales mixtas ECONOMÍA ARGENTINA El fracaso del modelo Milei: Hasta Cavallo advierte que Caputo no tiene plan y el riesgo país no baja
2026-06-21,2026-W25,provincial,5 DÍAS,Buenos Aires,AMBA,Quilmes,https://www.diario5dias.com.ar,Inseguridad en Quilmes: cayó un menor tras romper el vidrio de una camioneta estacionada
2026-06-21,2026-W25,provincial,5 DÍAS,Buenos Aires,AMBA,Quilmes,https://www.diario5dias.com.ar,ACTUALIDAD Leer +
2026-06-21,2026-W25,provincial,5 DÍAS,Buenos Aires,AMBA,Quilmes,https://www.diario5dias.com.ar,Más de 4.000 alumnos de Quilmes prometieron lealtad a la Bandera junto a Mayra Mendoza y Eva Mieri
2026-06-21,2026-W25,provincial,5 DÍAS,Buenos Aires,AMBA,Quilmes,https://www.diario5dias.com.ar,HCD Quilmes: Crean la “Distinción Indio Solari” y cambian el sentido de circulación de la calle Manuel Quintana
2026-06-21,2026-W25,provincial,5 DÍAS,Buenos Aires,AMBA,Quilmes,https://www.diario5dias.com.ar,A 400 metros de la cancha de Quilmes: abren consulta pública para avalar a una empresa que recicla tambores industriales
2026-06-21,2026-W25,provincial,5 DÍAS,Buenos Aires,AMBA,Quilmes,https://www.diario5dias.com.ar,Choque entre dos vehículos en Quilmes Oeste: rescataron a un conductor herido y apuntalaron un poste de luz
2026-06-21,2026-W25,provincial,5 DÍAS,Buenos Aires,AMBA,Quilmes,https://www.diario5dias.com.ar,Grooming en Quilmes: advierten sobre el aumento de los riesgos para chicos y adolescentes en redes sociales
2026-06-21,2026-W25,provincial,5 DÍAS,Buenos Aires,AMBA,Quilmes,https://www.diario5dias.com.ar,"Claudio Denovitzer, presidente del paseo Comercial: ""Quilmes está cerca de un récord de locales vacíos en el centro"""
2026-06-21,2026-W25,provincial,5 DÍAS,Buenos Aires,AMBA,Quilmes,https://www.diario5dias.com.ar,BERAZATEGUI leer +
2026-06-21,2026-W25,provincial,5 DÍAS,Buenos Aires,AMBA,Quilmes,https://www.diario5dias.com.ar,"La Sociedad de Fomento Plátanos cumple 70 años y celebra una historia de lucha, solidaridad y conquistas vecinales"
2026-06-21,2026-W25,provincial,5 DÍAS,Buenos Aires,AMBA,Quilmes,https://www.diario5dias.com.ar,Berazategui: Balor y Flavia Terigi recorrieron la futura Técnica 7
2026-06-21,2026-W25,provincial,5 DÍAS,Buenos Aires,AMBA,Quilmes,https://www.diario5dias.com.ar,Pescadores desparecidos: Familiares piden extender la búsqueda hacia la zona de Mar del Plata
2026-06-21,2026-W25,provincial,5 DÍAS,Buenos Aires,AMBA,Quilmes,https://www.diario5dias.com.ar,Avanza la última etapa de obras para completar la pavimentación total del barrio Kolynos de Quilmes Oeste
2026-06-21,2026-W25,provincial,5 DÍAS,Buenos Aires,AMBA,Quilmes,https://www.diario5dias.com.ar,Quilmes: 15 años de cárcel para padrastro que embarazó a una nena de 12 años
2026-06-21,2026-W25,provincial,5 DÍAS,Buenos Aires,AMBA,Quilmes,https://www.diario5dias.com.ar,Bernal Oeste: un hombre sufrió graves quemaduras tras el incendio total de una vivienda precaria
2026-06-21,2026-W25,provincial,5 DÍAS,Buenos Aires,AMBA,Quilmes,https://www.diario5dias.com.ar,PROVINCIA leer +
2026-06-21,2026-W25,provincial,5 DÍAS,Buenos Aires,AMBA,Quilmes,https://www.diario5dias.com.ar,Barrios privados: ahora la Provincia podrá cobrar por el agua aunque no haya datos declarados
2026-06-21,2026-W25,provincial,5 DÍAS,Buenos Aires,AMBA,Quilmes,https://www.diario5dias.com.ar,Avanza el cuarto carril en la Autopista Buenos Aires-La Plata: cómo impactará en Quilmes y Berazategui
2026-06-21,2026-W25,provincial,5 DÍAS,Buenos Aires,AMBA,Quilmes,https://www.diario5dias.com.ar,La Provincia destinará $150 millones a la UNQ para la producción y distribución del programa “Súper Sopa” en barrios populares
2026-06-21,2026-W25,provincial,5 DÍAS,Buenos Aires,AMBA,Quilmes,https://www.diario5dias.com.ar,Quilmes: la fiscal pidió prisión perpetua para el acusado de asesinar de 30 puñaladas a un hombre en Bernal Oeste
2026-06-21,2026-W25,provincial,5 DÍAS,Buenos Aires,AMBA,Quilmes,https://www.diario5dias.com.ar,"Tras un llamado fallido, el Hospital de Quilmes relanza una licitación por casi $264 millones para una nueva red informática"
2026-06-21,2026-W25,provincial,5 DÍAS,Buenos Aires,AMBA,Quilmes,https://www.diario5dias.com.ar,Justicia de Quilmes: Lo condenaron a 8 años de prisión y lo detuvieron por abusar de una chica de 13 años
2026-06-21,2026-W25,provincial,5 DÍAS,Buenos Aires,AMBA,Quilmes,https://www.diario5dias.com.ar,Choque entre un Fiat y un Peugeot en Quilmes Oeste: un ocupante terminó en el hospital
2026-06-21,2026-W25,provincial,5 DÍAS,Buenos Aires,AMBA,Quilmes,https://www.diario5dias.com.ar,Argentino de Quilmes goleó a Brown de Adrogué y se ilusiona con entrar al Reducido de la Primera B
2026-06-21,2026-W25,provincial,5 DÍAS,Buenos Aires,AMBA,Quilmes,https://www.diario5dias.com.ar,Quilmes no pudo reaccionar y cayó 3-1 ante Colegiales en Munro
2026-06-21,2026-W25,provincial,5 DÍAS,Buenos Aires,AMBA,Quilmes,https://www.diario5dias.com.ar,HCD Quilmes: Crean la “Distinción Indio Solari” y cambian el sentido de circulación de la calle Manuel Quintana La próxima sesión del Concejo Deliberante (HCD) de Quilmes se encuentra envuelta en una fuerte incertidumbre política. Leer más
2026-06-21,2026-W25,provincial,5 DÍAS,Buenos Aires,AMBA,Quilmes,https://www.diario5dias.com.ar,Grooming en Quilmes: advierten sobre el aumento de los riesgos para chicos y adolescentes en redes sociales Políticas de prevención en entornos digitales Leer más
2026-06-21,2026-W25,provincial,5 DÍAS,Buenos Aires,AMBA,Quilmes,https://www.diario5dias.com.ar,Berazategui: Balor y Flavia Terigi recorrieron la futura Técnica 7 La obra educativa beneficiará a jóvenes de Hudson y zonas aledañas Leer más
2026-06-21,2026-W25,provincial,5 DÍAS,Buenos Aires,AMBA,Quilmes,https://www.diario5dias.com.ar,"Pescadores desparecidos: Familiares piden extender la búsqueda hacia la zona de Mar del Plata Este miércoles por la tarde-noche, los familiares de las víctimas solicitaron ampliar el rastreo hacia la zona de Mar del Plata. Leer más"
2026-06-21,2026-W25,provincial,5 DÍAS,Buenos Aires,AMBA,Quilmes,https://www.diario5dias.com.ar,"Quilmes: 15 años de cárcel para padrastro que embarazó a una nena de 12 años Un hombre que abusó de su hijastra y la dejó embarazada cuando la niña tenía 12 años, fue condenado por la Justicia de Quilmes a 15 años de prisión. Leer más"
2026-06-21,2026-W25,provincial,5 DÍAS,Buenos Aires,AMBA,Quilmes,https://www.diario5dias.com.ar,Bernal Oeste: un hombre sufrió graves quemaduras tras el incendio total de una vivienda precaria Un hombre mayor de edad resultó gravemente herido este miércoles luego de que se desatara un incendio que consumió por completo una vivienda de construcción precaria en Bernal Oeste. Leer más
2026-06-21,2026-W25,provincial,5 DÍAS,Buenos Aires,AMBA,Quilmes,https://www.diario5dias.com.ar,Quilmes: la fiscal pidió prisión perpetua para el acusado de asesinar de 30 puñaladas a un hombre en Bernal Oeste El jueves próximo se conocerá el veredicto del TOC Nº1 de Quilmes Leer más
2026-06-21,2026-W25,provincial,LA VOZ DEL INTERIOR,Córdoba,Centro,Córdoba,https://www.lavoz.com.ar,Una furia. España aceleró de arranque y golea a Arabia Saudita
2026-06-21,2026-W25,provincial,LA VOZ DEL INTERIOR,Córdoba,Centro,Córdoba,https://www.lavoz.com.ar,Precios y posibilidades. Todo por una entrada para estar junto a la selección en Dallas
2026-06-21,2026-W25,provincial,LA VOZ DEL INTERIOR,Córdoba,Centro,Córdoba,https://www.lavoz.com.ar,Definición. Lionel Scaloni perfila el 11 en los ensayos finales para enfrentar a Austria: qué variantes asoman
2026-06-21,2026-W25,provincial,LA VOZ DEL INTERIOR,Córdoba,Centro,Córdoba,https://www.lavoz.com.ar,El pulso diario. Hoy se juega por papá: el Día del Padre que atraviesa a la Selección y emociona a Messi
2026-06-21,2026-W25,provincial,LA VOZ DEL INTERIOR,Córdoba,Centro,Córdoba,https://www.lavoz.com.ar,"Entre cowboys, sombreros y banderas argentinas. La previa del Mundial se muda al lugar donde comienza el Lejano Oeste"
2026-06-21,2026-W25,provincial,LA VOZ DEL INTERIOR,Córdoba,Centro,Córdoba,https://www.lavoz.com.ar,"Controles. El Ente apuntó contra los clanes Moyano y Bass, pero llegó tarde a la noche de Nueva Córdoba"
2026-06-21,2026-W25,provincial,LA VOZ DEL INTERIOR,Córdoba,Centro,Córdoba,https://www.lavoz.com.ar,Bajo la lupa. Cómo se mueve el negocio de la noche en Córdoba
2026-06-21,2026-W25,provincial,LA VOZ DEL INTERIOR,Córdoba,Centro,Córdoba,https://www.lavoz.com.ar,"Córdoba. Día del Padre: pese a una caída del 1,1% en las ventas, las cuotas sostuvieron el consumo"
2026-06-21,2026-W25,provincial,LA VOZ DEL INTERIOR,Córdoba,Centro,Córdoba,https://www.lavoz.com.ar,Poder Judicial de Córdoba. La Justicia y la política se tironean por el próximo juez electoral de Córdoba
2026-06-21,2026-W25,provincial,LA VOZ DEL INTERIOR,Córdoba,Centro,Córdoba,https://www.lavoz.com.ar,Investigación. Jesica Cirio denunció extorsión tras la difusión de videos con dólares: “Estoy a disposición de la Justicia”
2026-06-21,2026-W25,provincial,LA VOZ DEL INTERIOR,Córdoba,Centro,Córdoba,https://www.lavoz.com.ar,"Oficialismo. Por el pedido de jury, el PJ congelará el ascenso de Iván Rodríguez"
2026-06-21,2026-W25,provincial,LA VOZ DEL INTERIOR,Córdoba,Centro,Córdoba,https://www.lavoz.com.ar,"Debate. Argentina y Colombia: dos caminos distintos, el mismo desencanto"
2026-06-21,2026-W25,provincial,LA VOZ DEL INTERIOR,Córdoba,Centro,Córdoba,https://www.lavoz.com.ar,"Economía. El consumo débil y la suba de costos, las principales preocupaciones empresarias"
2026-06-21,2026-W25,provincial,LA VOZ DEL INTERIOR,Córdoba,Centro,Córdoba,https://www.lavoz.com.ar,Panorama provincial. Dar vuelta la página puede ser una tarea de extrema complejidad
2026-06-21,2026-W25,provincial,LA VOZ DEL INTERIOR,Córdoba,Centro,Córdoba,https://www.lavoz.com.ar,Panorama nacional. El proyecto de reelección empezó por la retaguardia
2026-06-21,2026-W25,provincial,LA VOZ DEL INTERIOR,Córdoba,Centro,Córdoba,https://www.lavoz.com.ar,Alinear los planetas. Está corriendo el cuarto de hora para revivir la micro
2026-06-21,2026-W25,provincial,LA VOZ DEL INTERIOR,Córdoba,Centro,Córdoba,https://www.lavoz.com.ar,La trastienda. Milei reescribe los manuales de la política tradicional
2026-06-21,2026-W25,provincial,LA VOZ DEL INTERIOR,Córdoba,Centro,Córdoba,https://www.lavoz.com.ar,Más y menos. La economía espera por las palabras de Adorni y de Caputo
2026-06-21,2026-W25,provincial,LA VOZ DEL INTERIOR,Córdoba,Centro,Córdoba,https://www.lavoz.com.ar,Gente picante. Guido Rimondino: En una semana nos comemos una tarjeta de crédito en plástico
2026-06-21,2026-W25,provincial,LA VOZ DEL INTERIOR,Córdoba,Centro,Córdoba,https://www.lavoz.com.ar,Justicia federal. Venta de exámenes en Odontología: el profesor Olmedo pide cumplir condena en su casa
2026-06-21,2026-W25,provincial,LA VOZ DEL INTERIOR,Córdoba,Centro,Córdoba,https://www.lavoz.com.ar,Pensar la infancia. Mundial de Fútbol: la niñez no se mancha
2026-06-21,2026-W25,provincial,LA VOZ DEL INTERIOR,Córdoba,Centro,Córdoba,https://www.lavoz.com.ar,Trabajo. La Provincia pone en marcha 10.000 oportunidades laborales con Empleo +26
2026-06-21,2026-W25,provincial,LA VOZ DEL INTERIOR,Córdoba,Centro,Córdoba,https://www.lavoz.com.ar,Autos. Patentamientos en baja: el mercado automotor espera pisar el acelerador en el segundo semestre
2026-06-21,2026-W25,provincial,LA VOZ DEL INTERIOR,Córdoba,Centro,Córdoba,https://www.lavoz.com.ar,"Medio Oriente. Un ataque israelí en Gaza dejó seis muertos, entre ellos un camarógrafo de Al Jazeera"
2026-06-21,2026-W25,provincial,LA VOZ DEL INTERIOR,Córdoba,Centro,Córdoba,https://www.lavoz.com.ar,"En Rosario. Sin saludar a Villarruel, Milei encabezó el acto por el Día de la Bandera y se mostró con Adorni"
2026-06-21,2026-W25,provincial,LA VOZ DEL INTERIOR,Córdoba,Centro,Córdoba,https://www.lavoz.com.ar,Diversidad. Córdoba tendrá dos marchas del orgullo este año: convocan a una movilización contra los crímenes de odio
2026-06-21,2026-W25,provincial,LA VOZ DEL INTERIOR,Córdoba,Centro,Córdoba,https://www.lavoz.com.ar,"Día de la Bandera. Villarruel cuestionó a Adorni: ""No hay nadie más peleado con los valores de Belgrano que él"""
2026-06-21,2026-W25,provincial,LA VOZ DEL INTERIOR,Córdoba,Centro,Córdoba,https://www.lavoz.com.ar,"República Dominicana. Tras el trágico incendio en Bayahíbe, hablaron las autoridades del hotel"
2026-06-21,2026-W25,provincial,LA VOZ DEL INTERIOR,Córdoba,Centro,Córdoba,https://www.lavoz.com.ar,20 de Junio. Llaryora encabezó el Día de la Bandera en Bell Ville con un fuerte llamado a la unidad y la educación pública
2026-06-21,2026-W25,provincial,LA VOZ DEL INTERIOR,Córdoba,Centro,Córdoba,https://www.lavoz.com.ar,Dolor. Murió la hija de un músico de Rodrigo Tapari en un violento choque en Panamericana: tenía dos años
2026-06-21,2026-W25,provincial,LA VOZ DEL INTERIOR,Córdoba,Centro,Córdoba,https://www.lavoz.com.ar,Mercados. Dólar blue y oficial hoy en Córdoba: cuál es el valor de referencia de este domingo 21 de junio
2026-06-21,2026-W25,provincial,LA VOZ DEL INTERIOR,Córdoba,Centro,Córdoba,https://www.lavoz.com.ar,Ola de frío. Clima en Córdoba: cómo estará el tiempo este Día del Padre
2026-06-21,2026-W25,provincial,LA VOZ DEL INTERIOR,Córdoba,Centro,Córdoba,https://www.lavoz.com.ar,Córdoba. Un trabajador sufrió la amputación de un brazo en una fábrica de Río Segundo
2026-06-21,2026-W25,provincial,LA VOZ DEL INTERIOR,Córdoba,Centro,Córdoba,https://www.lavoz.com.ar,Empleo. Coniferal busca inspectores en Córdoba: requisitos y cómo postularse
2026-06-21,2026-W25,provincial,LA VOZ DEL INTERIOR,Córdoba,Centro,Córdoba,https://www.lavoz.com.ar,Operativo. Increíble rescate en Chaco: sobrevivió 19 días en el monte comiendo pasto y tomando agua del río
2026-06-21,2026-W25,provincial,LA VOZ DEL INTERIOR,Córdoba,Centro,Córdoba,https://www.lavoz.com.ar,Córdoba. Tragedia en Justiniano Posse: murió un hombre tras el derrumbe de un techo en una juguetería
2026-06-21,2026-W25,provincial,LA VOZ DEL INTERIOR,Córdoba,Centro,Córdoba,https://www.lavoz.com.ar,"Barrio Güemes. Entraron a un edificio de Córdoba, fueron descubiertos por una vecina y quedaron detenidos"
2026-06-21,2026-W25,provincial,LA VOZ DEL INTERIOR,Córdoba,Centro,Córdoba,https://www.lavoz.com.ar,Villa Esquiú. Un hombre murió tras descompensarse mientras realizaba deporte en Córdoba
2026-06-21,2026-W25,provincial,LA VOZ DEL INTERIOR,Córdoba,Centro,Córdoba,https://www.lavoz.com.ar,Tensión. Escala la pelea entre Trump y Meloni: los mandatarios se cruzaron nuevamente en redes
2026-06-21,2026-W25,provincial,LA VOZ DEL INTERIOR,Córdoba,Centro,Córdoba,https://www.lavoz.com.ar,Termómetro. El petróleo cayó casi 10% en pocos días: qué puede pasar con el precio de la nafta en Argentina
2026-06-21,2026-W25,provincial,LA VOZ DEL INTERIOR,Córdoba,Centro,Córdoba,https://www.lavoz.com.ar,Tristeza. Murió Roberto García: adiós al periodista que analizó el poder durante seis décadas
2026-06-21,2026-W25,provincial,LA VOZ DEL INTERIOR,Córdoba,Centro,Córdoba,https://www.lavoz.com.ar,"Insólito. Brasil: hackearon el sistema de Defensa Civil y enviaron alertas por un ""ataque extraterrestre"""
2026-06-21,2026-W25,provincial,LA VOZ DEL INTERIOR,Córdoba,Centro,Córdoba,https://www.lavoz.com.ar,Caras nuevas. Belgrano y lo que podría buscar en este mercado de pases
2026-06-21,2026-W25,provincial,LA VOZ DEL INTERIOR,Córdoba,Centro,Córdoba,https://www.lavoz.com.ar,Esfuerzo. Instituto acelera a fondo: llega la etapa más dura de la pretemporada
2026-06-21,2026-W25,provincial,LA VOZ DEL INTERIOR,Córdoba,Centro,Córdoba,https://www.lavoz.com.ar,Pretemporada. Sampaoli comenzó a hacer fútbol en Talleres: tres delanteros y apuestas por varios juveniles
2026-06-21,2026-W25,provincial,LA VOZ DEL INTERIOR,Córdoba,Centro,Córdoba,https://www.lavoz.com.ar,"Pirata. Juega en Europa, viajó solo para ver campeón a Belgrano y terminó llorando en el Kempes"
2026-06-21,2026-W25,provincial,LA VOZ DEL INTERIOR,Córdoba,Centro,Córdoba,https://www.lavoz.com.ar,Pícaro intercambio. Mirtha Legrand le preguntó a Joaquín Levinton si está de novio y la respuesta la descolocó: ¡Te vas!
2026-06-21,2026-W25,provincial,LA VOZ DEL INTERIOR,Córdoba,Centro,Córdoba,https://www.lavoz.com.ar,Alto valor testimonial. Las historias detrás de las primeras fotos de Los Redondos en Córdoba: todos los detalles
2026-06-21,2026-W25,provincial,LA VOZ DEL INTERIOR,Córdoba,Centro,Córdoba,https://www.lavoz.com.ar,"Imparable. Toy Story 5, encaminada a convertirse en el estreno del año: los datos que lo avalan"
2026-06-21,2026-W25,provincial,LA VOZ DEL INTERIOR,Córdoba,Centro,Córdoba,https://www.lavoz.com.ar,"Para agendar. “Escena compartida”, para alentar el diálogo entre la danza oficial y la independiente"
2026-06-21,2026-W25,provincial,EL DIARIO,Córdoba,Centro,Villa Carlos Paz,https://www.eldiariodecarlospaz.com.ar,¿Puede nevar en Carlos Paz? El pronóstico anticipa lluvias y nevadas para esta noche
2026-06-21,2026-W25,provincial,EL DIARIO,Córdoba,Centro,Villa Carlos Paz,https://www.eldiariodecarlospaz.com.ar,Murió un hombre mientras jugaba al fútbol en Córdoba
2026-06-21,2026-W25,provincial,EL DIARIO,Córdoba,Centro,Villa Carlos Paz,https://www.eldiariodecarlospaz.com.ar,Se desplomó el techo de un comercio y dejó una víctima fatal en Córdoba
2026-06-21,2026-W25,provincial,EL DIARIO,Córdoba,Centro,Villa Carlos Paz,https://www.eldiariodecarlospaz.com.ar,Villa de Las Rosas realizó una nueva travesía por el Mes del Cicloturismo
2026-06-21,2026-W25,provincial,EL DIARIO,Córdoba,Centro,Villa Carlos Paz,https://www.eldiariodecarlospaz.com.ar,Llegó el invierno: hoy se vive el día más corto del año en argentina
2026-06-21,2026-W25,provincial,EL DIARIO,Córdoba,Centro,Villa Carlos Paz,https://www.eldiariodecarlospaz.com.ar,Qué regalar en el Día del Padre: los productos más buscados por los argentinos
2026-06-21,2026-W25,provincial,EL DIARIO,Córdoba,Centro,Villa Carlos Paz,https://www.eldiariodecarlospaz.com.ar,Los signos del zodiaco que podrían vivir una alegría inesperada
2026-06-21,2026-W25,provincial,EL DIARIO,Córdoba,Centro,Villa Carlos Paz,https://www.eldiariodecarlospaz.com.ar,"Córdoba: detuvieron a una joven y secuestraron drogas, dinero y un arma"
2026-06-21,2026-W25,provincial,EL DIARIO,Córdoba,Centro,Villa Carlos Paz,https://www.eldiariodecarlospaz.com.ar,Por qué se celebra hoy el Día del Padre y cuál es su verdadera historia
2026-06-21,2026-W25,provincial,EL DIARIO,Córdoba,Centro,Villa Carlos Paz,https://www.eldiariodecarlospaz.com.ar,San Marcos Sierras: rescataron a una mujer que cayó por un barranco en el Cerro de la Cruz
2026-06-21,2026-W25,provincial,EL DIARIO,Córdoba,Centro,Villa Carlos Paz,https://www.eldiariodecarlospaz.com.ar,Lesión de último momento: Montiel no estará ante Austria y ya tiene reemplazante
2026-06-21,2026-W25,provincial,EL DIARIO,Córdoba,Centro,Villa Carlos Paz,https://www.eldiariodecarlospaz.com.ar,"Córdoba: detuvieron a una mujer y secuestraron drogas, dinero y un revólver"
2026-06-21,2026-W25,provincial,EL DIARIO,Córdoba,Centro,Villa Carlos Paz,https://www.eldiariodecarlospaz.com.ar,Intentaron ingresar a robar con una llave magnética y terminaron detenidos
2026-06-21,2026-W25,provincial,EL DIARIO,Córdoba,Centro,Villa Carlos Paz,https://www.eldiariodecarlospaz.com.ar,Descubrí qué números favorecen tu energía este 21 de junio
2026-06-21,2026-W25,provincial,EL DIARIO,Córdoba,Centro,Villa Carlos Paz,https://www.eldiariodecarlospaz.com.ar,Los tres signos más fuertes para superar cualquier desafío
2026-06-21,2026-W25,provincial,EL DIARIO,Córdoba,Centro,Villa Carlos Paz,https://www.eldiariodecarlospaz.com.ar,"Dólar hoy: a cuánto cotizan el oficial, el blue y los financieros este domingo"
2026-06-21,2026-W25,provincial,EL DIARIO,Córdoba,Centro,Villa Carlos Paz,https://www.eldiariodecarlospaz.com.ar,Descubrí qué te depara el día según el horóscopo chino
2026-06-21,2026-W25,provincial,EL DIARIO,Córdoba,Centro,Villa Carlos Paz,https://www.eldiariodecarlospaz.com.ar,Horóscopo de hoy: las predicciones para cada signo este domingo
2026-06-21,2026-W25,provincial,EL DIARIO,Córdoba,Centro,Villa Carlos Paz,https://www.eldiariodecarlospaz.com.ar,Scaloni define un cambio obligado en la defensa para enfrentar a Austria
2026-06-21,2026-W25,provincial,EL DIARIO,Córdoba,Centro,Villa Carlos Paz,https://www.eldiariodecarlospaz.com.ar,Enriquecimiento ilícito: difundieron videos de Jésica Cirio con fajos de dólares
2026-06-21,2026-W25,provincial,EL DIARIO,Córdoba,Centro,Villa Carlos Paz,https://www.eldiariodecarlospaz.com.ar,Santiago Baldo es el nuevo puntero del Rally de San Francisco
2026-06-21,2026-W25,provincial,EL DIARIO,Córdoba,Centro,Villa Carlos Paz,https://www.eldiariodecarlospaz.com.ar,Ecuador igualó ante Curazao y quedó obligado a vencer a Alemania
2026-06-21,2026-W25,provincial,EL DIARIO,Córdoba,Centro,Villa Carlos Paz,https://www.eldiariodecarlospaz.com.ar,Crisis en Bolivia: Rodrigo Paz decretó el estado de excepción
2026-06-21,2026-W25,provincial,EL DIARIO,Córdoba,Centro,Villa Carlos Paz,https://www.eldiariodecarlospaz.com.ar,Conmoción en el fútbol por el fallecimiento de un jugador de 22 años
2026-06-21,2026-W25,provincial,EL DIARIO,Córdoba,Centro,Villa Carlos Paz,https://www.eldiariodecarlospaz.com.ar,Francisco Cerúndolo se clasificó a la final del ATP 500 de Queen’s
2026-06-21,2026-W25,provincial,EL DIARIO,Córdoba,Centro,Villa Carlos Paz,https://www.eldiariodecarlospaz.com.ar,Alemania derrotó a Costa de Marfil y avanzó a 16avos de final
2026-06-21,2026-W25,provincial,EL DIARIO,Córdoba,Centro,Villa Carlos Paz,https://www.eldiariodecarlospaz.com.ar,Tarot del colibrí: el triunfo llegará de la mano de la dignidad y la ética
2026-06-21,2026-W25,provincial,EL DIARIO,Córdoba,Centro,Villa Carlos Paz,https://www.eldiariodecarlospaz.com.ar,El peatón atropellado en La Quinta tiene fractura expuesta en una pierna
2026-06-21,2026-W25,provincial,EL DIARIO,Córdoba,Centro,Villa Carlos Paz,https://www.eldiariodecarlospaz.com.ar,Llegan las heladas: prevén mínimas de hasta -4°C en Córdoba
2026-06-21,2026-W25,provincial,EL DIARIO,Córdoba,Centro,Villa Carlos Paz,https://www.eldiariodecarlospaz.com.ar,La emotiva despedida a Gaspi en el Obelisco: el mensaje de su madre
2026-06-21,2026-W25,provincial,EL DIARIO,Córdoba,Centro,Villa Carlos Paz,https://www.eldiariodecarlospaz.com.ar,Valle Hermoso homenajeó a Belgrano y celebró la promesa de lealtad de alumnos y cadetes
2026-06-21,2026-W25,provincial,EL DIARIO,Córdoba,Centro,Villa Carlos Paz,https://www.eldiariodecarlospaz.com.ar,Córdoba: robó reflectores de un predio y fue detenido a pocas cuadras
2026-06-21,2026-W25,provincial,EL DIARIO,Córdoba,Centro,Villa Carlos Paz,https://www.eldiariodecarlospaz.com.ar,Capilla del Monte recibe una nueva fecha del Enduro
2026-06-21,2026-W25,provincial,EL DIARIO,Córdoba,Centro,Villa Carlos Paz,https://www.eldiariodecarlospaz.com.ar,Más de 500 alumnos prometieron lealtad a la Bandera en Cosquín
2026-06-21,2026-W25,provincial,EL DIARIO,Córdoba,Centro,Villa Carlos Paz,https://www.eldiariodecarlospaz.com.ar,Impactante video de barrio La Quinta: un peatón voló al ser atropellado
2026-06-21,2026-W25,provincial,EL DIARIO,Córdoba,Centro,Villa Carlos Paz,https://www.eldiariodecarlospaz.com.ar,Los tres signos del zodiaco que tienen una intuición casi infalible
2026-06-21,2026-W25,provincial,EL DIARIO,Córdoba,Centro,Villa Carlos Paz,https://www.eldiariodecarlospaz.com.ar,Punilla avanza en una estrategia regional para potenciar el turismo
2026-06-21,2026-W25,provincial,EL DIARIO,Córdoba,Centro,Villa Carlos Paz,https://www.eldiariodecarlospaz.com.ar,“Hay otra persona más”: el fuerte reclamo de los abuelos de Agostina Vega
2026-06-21,2026-W25,provincial,EL DIARIO,Córdoba,Centro,Villa Carlos Paz,https://www.eldiariodecarlospaz.com.ar,Cayó un hombre con cocaína en un control preventivo en Corral de Bustos
2026-06-21,2026-W25,provincial,EL DIARIO,Córdoba,Centro,Villa Carlos Paz,https://www.eldiariodecarlospaz.com.ar,Córdoba homenajeó a Belgrano con el tradicional izamiento de la Bandera
2026-06-21,2026-W25,provincial,EL DIARIO,Córdoba,Centro,Villa Carlos Paz,https://www.eldiariodecarlospaz.com.ar,Encontrate en la foto: más de 600 alumnos prometieron lealtad a la Bandera
2026-06-21,2026-W25,provincial,EL DIARIO,Córdoba,Centro,Villa Carlos Paz,https://www.eldiariodecarlospaz.com.ar,Alumnos de Carlos Paz realizaron un desafío mundialista y lograron la reacción del “Cuti” Romero
2026-06-21,2026-W25,provincial,EL DIARIO,Córdoba,Centro,Villa Carlos Paz,https://www.eldiariodecarlospaz.com.ar,Autovía Punilla: un conductor se habría quedado dormido y chocó contra el muro central
2026-06-21,2026-W25,provincial,EL DIARIO,Córdoba,Centro,Villa Carlos Paz,https://www.eldiariodecarlospaz.com.ar,Cómo están los heridos tras el tremendo choque en Carlos Paz
2026-06-21,2026-W25,provincial,EL DIARIO,Córdoba,Centro,Villa Carlos Paz,https://www.eldiariodecarlospaz.com.ar,"Carlos Paz celebró el Día de la Bandera, la emotiva promesa de los alumnos"
2026-06-21,2026-W25,provincial,EL DIARIO,Córdoba,Centro,Villa Carlos Paz,https://www.eldiariodecarlospaz.com.ar,Libia Smania acusó al caserismo de adueñarse del PJ de Carlos Paz
2026-06-21,2026-W25,provincial,EL DIARIO,Córdoba,Centro,Villa Carlos Paz,https://www.eldiariodecarlospaz.com.ar,Las fotos del festejo del Día de la Bandera en el Arena
2026-06-21,2026-W25,provincial,EL DIARIO,Córdoba,Centro,Villa Carlos Paz,https://www.eldiariodecarlospaz.com.ar,La Falda conmemoró el Día de la Bandera con la promesa de los alumnos de cuarto grado
2026-06-21,2026-W25,provincial,EL DIARIO,Córdoba,Centro,Villa Carlos Paz,https://www.eldiariodecarlospaz.com.ar,"Impactante choque en Carlos Paz, varios heridos y un dramático rescate"
2026-06-21,2026-W25,provincial,EL DIARIO,Córdoba,Centro,Villa Carlos Paz,https://www.eldiariodecarlospaz.com.ar,Un motociclista lucha por su vida tras el choque en Alta Gracia
2026-06-21,2026-W25,provincial,EL DIARIO DEL CENTRO DEL PAÍS,Córdoba,Centro,Villa María,https://www.eldiariocba.com.ar,Un tres arrastró casi 150 metros a un automóvil tras una colisión
2026-06-21,2026-W25,provincial,EL DIARIO DEL CENTRO DEL PAÍS,Córdoba,Centro,Villa María,https://www.eldiariocba.com.ar,Chocaron un auto y un camión en la ruta 10: un conductor hospitalizado
2026-06-21,2026-W25,provincial,EL DIARIO DEL CENTRO DEL PAÍS,Córdoba,Centro,Villa María,https://www.eldiariocba.com.ar,Trabajador sufrió la amputación de su brazo tras un accidente laboral
2026-06-21,2026-W25,provincial,EL DIARIO DEL CENTRO DEL PAÍS,Córdoba,Centro,Villa María,https://www.eldiariocba.com.ar,"“No estamos en contra, queremos información”"
2026-06-21,2026-W25,provincial,EL DIARIO DEL CENTRO DEL PAÍS,Córdoba,Centro,Villa María,https://www.eldiariocba.com.ar,Motociclistas lesionados en otros dos accidentes
2026-06-21,2026-W25,provincial,EL DIARIO DEL CENTRO DEL PAÍS,Córdoba,Centro,Villa María,https://www.eldiariocba.com.ar,Ecuador quedó en cero y complicado
2026-06-21,2026-W25,provincial,EL DIARIO DEL CENTRO DEL PAÍS,Córdoba,Centro,Villa María,https://www.eldiariocba.com.ar,Alemania se metió en un final infartante
2026-06-21,2026-W25,provincial,EL DIARIO DEL CENTRO DEL PAÍS,Córdoba,Centro,Villa María,https://www.eldiariocba.com.ar,La Naranja goleadora
2026-06-21,2026-W25,provincial,EL DIARIO DEL CENTRO DEL PAÍS,Córdoba,Centro,Villa María,https://www.eldiariocba.com.ar,Jockey Club jugó solo un tiempo y San Martín fue goleado de visitante
2026-06-21,2026-W25,provincial,EL DIARIO DEL CENTRO DEL PAÍS,Córdoba,Centro,Villa María,https://www.eldiariocba.com.ar,"SCALONI, FIEL A SU ESTILO"
2026-06-21,2026-W25,provincial,EL DIARIO DEL CENTRO DEL PAÍS,Córdoba,Centro,Villa María,https://www.eldiariocba.com.ar,“Me parece fantástico”
2026-06-21,2026-W25,provincial,EL DIARIO DEL CENTRO DEL PAÍS,Córdoba,Centro,Villa María,https://www.eldiariocba.com.ar,España y Uruguay van esta tarde por su primer triunfo
2026-06-21,2026-W25,provincial,EL DIARIO DEL CENTRO DEL PAÍS,Córdoba,Centro,Villa María,https://www.eldiariocba.com.ar,Cacería perfecta
2026-06-21,2026-W25,provincial,EL DIARIO DEL CENTRO DEL PAÍS,Córdoba,Centro,Villa María,https://www.eldiariocba.com.ar,Camila Giraudo cambia de club y jugará en el Benfica
2026-06-21,2026-W25,provincial,EL DIARIO DEL CENTRO DEL PAÍS,Córdoba,Centro,Villa María,https://www.eldiariocba.com.ar,Dante Laguzzi está en la lista de la selección cordobesa
2026-06-21,2026-W25,provincial,EL DIARIO DEL CENTRO DEL PAÍS,Córdoba,Centro,Villa María,https://www.eldiariocba.com.ar,Valentín Aguirre logró la pole en Rafaela
2026-06-21,2026-W25,provincial,EL DIARIO DEL CENTRO DEL PAÍS,Córdoba,Centro,Villa María,https://www.eldiariocba.com.ar,Renovaron la personería ocho instituciones locales
2026-06-21,2026-W25,provincial,EL DIARIO DEL CENTRO DEL PAÍS,Córdoba,Centro,Villa María,https://www.eldiariocba.com.ar,"Atención, conductores"
2026-06-21,2026-W25,provincial,EL DIARIO DEL CENTRO DEL PAÍS,Córdoba,Centro,Villa María,https://www.eldiariocba.com.ar,Hay nuevos abanderados
2026-06-21,2026-W25,provincial,EL DIARIO DEL CENTRO DEL PAÍS,Córdoba,Centro,Villa María,https://www.eldiariocba.com.ar,La Casa de la Cultura brinda lugar a la música
2026-06-21,2026-W25,provincial,EL DIARIO DEL CENTRO DEL PAÍS,Córdoba,Centro,Villa María,https://www.eldiariocba.com.ar,Irán acusa a Estados Unidos de incumplir el acuerdo de tregua
2026-06-21,2026-W25,provincial,EL DIARIO DEL CENTRO DEL PAÍS,Córdoba,Centro,Villa María,https://www.eldiariocba.com.ar,Colombia se juega hoy su futuro político en el balotaje presidencial: De la Espriella o Cepeda
2026-06-21,2026-W25,provincial,EL DIARIO DEL CENTRO DEL PAÍS,Córdoba,Centro,Villa María,https://www.eldiariocba.com.ar,Llaryora presidió los honores a la Bandera
2026-06-21,2026-W25,provincial,EL DIARIO DEL CENTRO DEL PAÍS,Córdoba,Centro,Villa María,https://www.eldiariocba.com.ar,Cápsula por la “memoria malvinera”
2026-06-21,2026-W25,provincial,EL DIARIO DEL CENTRO DEL PAÍS,Córdoba,Centro,Villa María,https://www.eldiariocba.com.ar,"La UTA, en estado de alerta"
2026-06-21,2026-W25,provincial,EL DIARIO DEL CENTRO DEL PAÍS,Córdoba,Centro,Villa María,https://www.eldiariocba.com.ar,Paro en tres centros médicos
2026-06-21,2026-W25,provincial,EL DIARIO DEL CENTRO DEL PAÍS,Córdoba,Centro,Villa María,https://www.eldiariocba.com.ar,Sabores cordobeses en Bogotá
2026-06-21,2026-W25,provincial,EL DIARIO DEL CENTRO DEL PAÍS,Córdoba,Centro,Villa María,https://www.eldiariocba.com.ar,Milei se mostró con Adorni y habló de un Belgrano liberal
2026-06-21,2026-W25,provincial,EL DIARIO DEL CENTRO DEL PAÍS,Córdoba,Centro,Villa María,https://www.eldiariocba.com.ar,Daños en la biblioteca de la Casa Rosada
2026-06-21,2026-W25,provincial,EL DIARIO DEL CENTRO DEL PAÍS,Córdoba,Centro,Villa María,https://www.eldiariocba.com.ar,“Nadie más peleado con los valores del prócer”
2026-06-21,2026-W25,provincial,EL DIARIO DEL CENTRO DEL PAÍS,Córdoba,Centro,Villa María,https://www.eldiariocba.com.ar,Con la bandera del 2x4
2026-06-21,2026-W25,provincial,EL DIARIO DEL CENTRO DEL PAÍS,Córdoba,Centro,Villa María,https://www.eldiariocba.com.ar,"Como en un revival, todos vuelven a jugar al Prode"
2026-06-21,2026-W25,provincial,EL DIARIO DEL CENTRO DEL PAÍS,Córdoba,Centro,Villa María,https://www.eldiariocba.com.ar,Antonio Sobral: el gran pedagogo
2026-06-21,2026-W25,provincial,EL DIARIO DEL CENTRO DEL PAÍS,Córdoba,Centro,Villa María,https://www.eldiariocba.com.ar,Probaron con tanques la pólvora villamariense
2026-06-21,2026-W25,provincial,EL DIARIO DEL CENTRO DEL PAÍS,Córdoba,Centro,Villa María,https://www.eldiariocba.com.ar,Hicieron la tarea
2026-06-21,2026-W25,provincial,EL DIARIO DEL CENTRO DEL PAÍS,Córdoba,Centro,Villa María,https://www.eldiariocba.com.ar,Avisos Fúnebres 21/06/2026
2026-06-21,2026-W25,provincial,EL DIARIO DEL CENTRO DEL PAÍS,Córdoba,Centro,Villa María,https://www.eldiariocba.com.ar,Humor 21/06/2026
2026-06-21,2026-W25,provincial,EL DIARIO DEL CENTRO DEL PAÍS,Córdoba,Centro,Villa María,https://www.eldiariocba.com.ar,"Plaza Centenario, obra de Costantini"
2026-06-21,2026-W25,provincial,EL DIARIO DEL CENTRO DEL PAÍS,Córdoba,Centro,Villa María,https://www.eldiariocba.com.ar,Mundial: Japón goleó a Túnez
2026-06-21,2026-W25,provincial,EL DIARIO DEL CENTRO DEL PAÍS,Córdoba,Centro,Villa María,https://www.eldiariocba.com.ar,Mundial: los resultados de este sábado 20
2026-06-21,2026-W25,provincial,EL DIARIO DEL CENTRO DEL PAÍS,Córdoba,Centro,Villa María,https://www.eldiariocba.com.ar,Mundial: Ecuador y Curazao igualaron 0-0
2026-06-21,2026-W25,provincial,EL DIARIO DEL CENTRO DEL PAÍS,Córdoba,Centro,Villa María,https://www.eldiariocba.com.ar,Se derrumbó el techo de un comercio y murió una persona
2026-06-21,2026-W25,provincial,EL DIARIO DEL CENTRO DEL PAÍS,Córdoba,Centro,Villa María,https://www.eldiariocba.com.ar,Cortarán el suministro eléctrico en toda Villa Nueva
2026-06-21,2026-W25,provincial,EL DIARIO DEL CENTRO DEL PAÍS,Córdoba,Centro,Villa María,https://www.eldiariocba.com.ar,El Choco Bingo Patrio reunió a más de 1.000 personas mayores
2026-06-21,2026-W25,provincial,EL DIARIO DEL CENTRO DEL PAÍS,Córdoba,Centro,Villa María,https://www.eldiariocba.com.ar,Mundial: Alemania le ganó a Costa de Marfil
2026-06-21,2026-W25,provincial,EL DIARIO DEL CENTRO DEL PAÍS,Córdoba,Centro,Villa María,https://www.eldiariocba.com.ar,Unión Central buscará igualar la serie ante Almagro
2026-06-21,2026-W25,provincial,EL DIARIO DEL CENTRO DEL PAÍS,Córdoba,Centro,Villa María,https://www.eldiariocba.com.ar,El municipio y la Caja de Jubilaciones ampliarán la oferta de talleres para personas mayores
2026-06-21,2026-W25,provincial,EL DIARIO DEL CENTRO DEL PAÍS,Córdoba,Centro,Villa María,https://www.eldiariocba.com.ar,Mundial: Países Bajos goleó a Suecia
2026-06-21,2026-W25,provincial,EL DIARIO DEL CENTRO DEL PAÍS,Córdoba,Centro,Villa María,https://www.eldiariocba.com.ar,Llaryora pidió por una “Argentina unida”
2026-06-21,2026-W25,provincial,EL DIARIO DEL CENTRO DEL PAÍS,Córdoba,Centro,Villa María,https://www.eldiariocba.com.ar,Fernando Gago sufrió un infarto agudo de miocardio
2026-06-21,2026-W25,provincial,EL DIARIO,Entre Ríos,Centro,Entre rios,https://www.eldiario.com.ar,Últimas noticias
2026-06-21,2026-W25,provincial,EL DIARIO,Entre Ríos,Centro,Entre rios,https://www.eldiario.com.ar,Frigerio firmó un convenio con Nación que reconoce deudas a favor de Entre Ríos y transfiere inmuebles
2026-06-21,2026-W25,provincial,EL DIARIO,Entre Ríos,Centro,Entre rios,https://www.eldiario.com.ar,Paraná tendrá este fin de semana propuestas de ferias y mercados con motivo del Día de la Bandera
2026-06-21,2026-W25,provincial,EL DIARIO,Entre Ríos,Centro,Entre rios,https://www.eldiario.com.ar,Entre Ríos se destacó en convocatoria nacional para incorporar sistemas de almacenamiento de energía
2026-06-21,2026-W25,provincial,EL DIARIO,Entre Ríos,Centro,Entre rios,https://www.eldiario.com.ar,Entre Ríos recibirá un nuevo adelanto de coparticipación por 150.000 millones de pesos
2026-06-21,2026-W25,provincial,EL DIARIO,Entre Ríos,Centro,Entre rios,https://www.eldiario.com.ar,Frigerio anunció medidas de alivio energético e impositivo para el comercio entrerriano
2026-06-21,2026-W25,provincial,EL DIARIO,Entre Ríos,Centro,Entre rios,https://www.eldiario.com.ar,El Ejecutivo Municipal confirmó la fecha de pago del medio aguinaldo
2026-06-21,2026-W25,provincial,EL DIARIO,Entre Ríos,Centro,Entre rios,https://www.eldiario.com.ar,La denuncia que pone en jaque la contratación de 250 millones en Concordia
2026-06-21,2026-W25,provincial,EL DIARIO,Entre Ríos,Centro,Entre rios,https://www.eldiario.com.ar,Allanaron coto de caza en Gualeguaychu por trafico de ciervos colorados
2026-06-21,2026-W25,provincial,EL DIARIO,Entre Ríos,Centro,Entre rios,https://www.eldiario.com.ar,El temor que crece en Fadea: ¿se viene el cierre de la fábrica de aviones?
2026-06-21,2026-W25,provincial,EL DIARIO,Entre Ríos,Centro,Entre rios,https://www.eldiario.com.ar,Condenaron a 4 años al docente que abusó de nueve alumnos en Entre Ríos
2026-06-21,2026-W25,provincial,EL DIARIO,Entre Ríos,Centro,Entre rios,https://www.eldiario.com.ar,"Angustia en Concordia: buscan a Tatiana, la adolescente que desaparecio sin medicacion"
2026-06-21,2026-W25,provincial,EL DIARIO,Entre Ríos,Centro,Entre rios,https://www.eldiario.com.ar,Identificaron al joven hallado muerto en el arroyo Antoñico: preparan imputación
2026-06-21,2026-W25,provincial,EL DIARIO,Entre Ríos,Centro,Entre rios,https://www.eldiario.com.ar,Nuevo golpe al bolsillo: suben otra vez los peajes de la Ruta 14
2026-06-21,2026-W25,provincial,EL DIARIO,Entre Ríos,Centro,Entre rios,https://www.eldiario.com.ar,Pavimentacion de $2.664 millones: usan articulo de urgencia sin explicar por que
2026-06-21,2026-W25,provincial,EL DIARIO,Entre Ríos,Centro,Entre rios,https://www.eldiario.com.ar,Tragedia en La Paz: murió un adolescente tras chocar en moto contra camión
2026-06-21,2026-W25,provincial,EL DIARIO,Entre Ríos,Centro,Entre rios,https://www.eldiario.com.ar,"IAPSER pagó $29 millones por la camioneta de Walser, pero la bronca sigue"
2026-06-21,2026-W25,provincial,EL DIARIO,Entre Ríos,Centro,Entre rios,https://www.eldiario.com.ar,La feria que convierte a Paraná en el centro de los sabores del país
2026-06-21,2026-W25,provincial,EL DIARIO,Entre Ríos,Centro,Entre rios,https://www.eldiario.com.ar,El botín oculto del cardiólogo: 300 ampollas de fentanilo en plena estafa al PAMI
2026-06-21,2026-W25,provincial,EL DIARIO,Entre Ríos,Centro,Entre rios,https://www.eldiario.com.ar,Ciclista apuesta fuerte al recambio: los pibes que ilusionan en Parana
2026-06-21,2026-W25,provincial,EL DIARIO,Entre Ríos,Centro,Entre rios,https://www.eldiario.com.ar,"El dato que duele: Salto y Concordia, dos ciudades hermanas hundidas en la pobreza"
2026-06-21,2026-W25,provincial,EL DIARIO,Entre Ríos,Centro,Entre rios,https://www.eldiario.com.ar,Tragedia en La Paz: adolescente de 16 años murió sin casco en brutal choque
2026-06-21,2026-W25,provincial,EL DIARIO,Entre Ríos,Centro,Entre rios,https://www.eldiario.com.ar,Concordia renovó el Consejo de Patrimonio: los nombres que definirán el futuro
2026-06-21,2026-W25,provincial,EL DIARIO,Entre Ríos,Centro,Entre rios,https://www.eldiario.com.ar,La Lista Naranja se quedó con SOEVER: Colominas promete nueva etapa
2026-06-21,2026-W25,provincial,EL DIARIO,Entre Ríos,Centro,Entre rios,https://www.eldiario.com.ar,El rescate de las esculturas emblematicas de Parana que ya nadie miraba
2026-06-21,2026-W25,provincial,EL DIARIO,Entre Ríos,Centro,Entre rios,https://www.eldiario.com.ar,“Me quería matar”: la versión del acusado por el crimen del adolescente
2026-06-21,2026-W25,provincial,EL DIARIO,Entre Ríos,Centro,Entre rios,https://www.eldiario.com.ar,Otamendi revelo la formula para que Argentina repita en el Mundial 2026
2026-06-21,2026-W25,provincial,EL DIARIO,Entre Ríos,Centro,Entre rios,https://www.eldiario.com.ar,Concejal de Urdinarrain renunció por incompatibilidad con cargo en Escuelas
2026-06-21,2026-W25,provincial,EL DIARIO,Entre Ríos,Centro,Entre rios,https://www.eldiario.com.ar,El senador entrerriano que desnuda la verdad sobre el ajuste a jubilados
2026-06-21,2026-W25,provincial,EL DIARIO,Entre Ríos,Centro,Entre rios,https://www.eldiario.com.ar,Últimas noticias Todas
2026-06-21,2026-W25,provincial,ELONCE,Entre Ríos,Centro,Entre rios,https://www.elonce.com,Identificaron a los tres integrantes de una familia de Entre Ríos que falleció tras accidente en Ruta 9
2026-06-21,2026-W25,provincial,ELONCE,Entre Ríos,Centro,Entre rios,https://www.elonce.com,Las ventas por el Día del Padre cayeron por cuarto año consecutivo pese a las promociones
2026-06-21,2026-W25,provincial,ELONCE,Entre Ríos,Centro,Entre rios,https://www.elonce.com,"Conductor ebrio, se montó al cantero central de Avenida Ramírez y chocó contra una plantera"
2026-06-21,2026-W25,provincial,ELONCE,Entre Ríos,Centro,Entre rios,https://www.elonce.com,Unifican el sistema de infracciones de tránsito en el país: qué cambia y cuánto cuestan las multas más comunes
2026-06-21,2026-W25,provincial,ELONCE,Entre Ríos,Centro,Entre rios,https://www.elonce.com,"El entrerriano Martiniano Dato es campeón de Liga Nacional: ""estoy cumpliendo un sueño"""
2026-06-21,2026-W25,provincial,ELONCE,Entre Ríos,Centro,Entre rios,https://www.elonce.com,"Un auto despistó, cayó a un arroyo y sus ocupantes fueron rescatados por un familiar"
2026-06-21,2026-W25,provincial,ELONCE,Entre Ríos,Centro,Entre rios,https://www.elonce.com,Investigan el hallazgo de una avioneta abandonada en una zona rural de Santa Fe
2026-06-21,2026-W25,provincial,ELONCE,Entre Ríos,Centro,Entre rios,https://www.elonce.com,Solsticio: El invierno comenzó con el día más corto y la noche más larga del año
2026-06-21,2026-W25,provincial,ELONCE,Entre Ríos,Centro,Entre rios,https://www.elonce.com,En imágenes: el emotivo acto de la Promesa a la Bandera de 2.000 alumnos en Plaza Mansilla
2026-06-21,2026-W25,provincial,ELONCE,Entre Ríos,Centro,Entre rios,https://www.elonce.com,Perdió el control del auto y chocó contra la casilla de gas de una vivienda en Paraná
2026-06-21,2026-W25,provincial,ELONCE,Entre Ríos,Centro,Entre rios,https://www.elonce.com,Mundial 2026: Histórico punto de Curazao ante Ecuador en el empate 0 a 0
2026-06-21,2026-W25,provincial,ELONCE,Entre Ríos,Centro,Entre rios,https://www.elonce.com,Japón goleó a Túnez y aseguró su clasificación en el Mundial 2026
2026-06-21,2026-W25,provincial,ELONCE,Entre Ríos,Centro,Entre rios,https://www.elonce.com,Patronato recibe a Ferrocarril Midland con los regresos de Pereyra y Soldano
2026-06-21,2026-W25,provincial,ELONCE,Entre Ríos,Centro,Entre rios,https://www.elonce.com,Día del Padre con buen tiempo: anticipan una semana fría y cuál será la jornada más helada
2026-06-21,2026-W25,provincial,ELONCE,Entre Ríos,Centro,Entre rios,https://www.elonce.com,Martiniano Dato hizo historia: el cuarto paranaense campeón de la Liga Nacional
2026-06-21,2026-W25,provincial,ELONCE,Entre Ríos,Centro,Entre rios,https://www.elonce.com,Elecciones en Colombia: Abelardo de la Espriella e Iván Cepeda se enfrentan en el balotaje
2026-06-21,2026-W25,provincial,ELONCE,Entre Ríos,Centro,Entre rios,https://www.elonce.com,Confirmaron que son cinco las personas heridas tras la caída de un árbol en feria de la Escuela Hogar
2026-06-21,2026-W25,provincial,ELONCE,Entre Ríos,Centro,Entre rios,https://www.elonce.com,Joven sufrió pérdidas totales tras incendiarse su casa en Paraná y pide ayuda a la comunidad
2026-06-21,2026-W25,provincial,ELONCE,Entre Ríos,Centro,Entre rios,https://www.elonce.com,Selección Argentina: el posible equipo de Scaloni para enfrentar a Austria
2026-06-21,2026-W25,provincial,ELONCE,Entre Ríos,Centro,Entre rios,https://www.elonce.com,Calendario de pagos ANSES: quiénes cobran a partir del lunes con montos y bonos
2026-06-21,2026-W25,provincial,ELONCE,Entre Ríos,Centro,Entre rios,https://www.elonce.com,Trágico choque en Tucumán: murieron cuatro personas y ya fueron identificadas
2026-06-21,2026-W25,provincial,ELONCE,Entre Ríos,Centro,Entre rios,https://www.elonce.com,La emoción de un veterano de Malvinas por tomar la promesa de lealtad a la bandera a miles de alumnos en Paraná
2026-06-21,2026-W25,provincial,ELONCE,Entre Ríos,Centro,Entre rios,https://www.elonce.com,"Emoción, orgullo y recuerdos durante la promesa a la Bandera en Plaza Mansilla"
2026-06-21,2026-W25,provincial,ELONCE,Entre Ríos,Centro,Entre rios,https://www.elonce.com,Miles de estudiantes prometieron lealtad a la Bandera en una multitudinaria ceremonia
2026-06-21,2026-W25,provincial,ELONCE,Entre Ríos,Centro,Entre rios,https://www.elonce.com,"Secuestraron drogas, miles de dólares, pesos y armas de fuego tras operativo por narcomenudeo en Federación"
2026-06-21,2026-W25,provincial,ELONCE,Entre Ríos,Centro,Entre rios,https://www.elonce.com,Ordenaron a OSER cubrir un tratamiento oncológico que costaba más de $2 millones
2026-06-21,2026-W25,provincial,ELONCE,Entre Ríos,Centro,Entre rios,https://www.elonce.com,Reinauguraron la plaza Primera Junta con la promesa de lealtad a la Bandera de alumnos de la zona
2026-06-21,2026-W25,provincial,ELONCE,Entre Ríos,Centro,Entre rios,https://www.elonce.com,La Peña de la Esperanza reunió a vecinos y emprendedores en la plaza Primera Junta
2026-06-21,2026-W25,provincial,ELONCE,Entre Ríos,Centro,Entre rios,https://www.elonce.com,Cadetes y aspirantes de la Policía y el Servicio Penitenciario juraron a la Bandera en Villaguay
2026-06-21,2026-W25,provincial,ELONCE,Entre Ríos,Centro,Entre rios,https://www.elonce.com,Video: una fuga de gas en Crespo provocó un incendio y una máquina municipal quedó envuelta en llamas
2026-06-21,2026-W25,provincial,ELONCE,Entre Ríos,Centro,Entre rios,https://www.elonce.com,Buscan a una adolescente de 16 años en Paraná que está desaparecida desde el miércoles
2026-06-21,2026-W25,provincial,ELONCE,Entre Ríos,Centro,Entre rios,https://www.elonce.com,Advierten que los feriados largos muestran un fuerte deterioro de la actividad turística
2026-06-21,2026-W25,provincial,ELONCE,Entre Ríos,Centro,Entre rios,https://www.elonce.com,Alemania consiguió un agónico triunfo sobre Costa de Marfil y clasificó a 16avos
2026-06-21,2026-W25,provincial,ELONCE,Entre Ríos,Centro,Entre rios,https://www.elonce.com,Países Bajos goleó a Suecia y aseguró su pase a los dieciseisavos de final
2026-06-21,2026-W25,provincial,ELONCE,Entre Ríos,Centro,Entre rios,https://www.elonce.com,"Con uno menos, Paraguay le ganó a Turquía y quedó cerca de la clasificación"
2026-06-21,2026-W25,provincial,ELONCE,Entre Ríos,Centro,Entre rios,https://www.elonce.com,Argentina afrontará un duelo clave ante Austria en la Copa del Mundo
2026-06-21,2026-W25,provincial,ELONCE,Entre Ríos,Centro,Entre rios,https://www.elonce.com,Haciendo comunidad
2026-06-21,2026-W25,provincial,ELONCE,Entre Ríos,Centro,Entre rios,https://www.elonce.com,Encuentro coral de adultos mayores reunió voces y emociones en Paraná
2026-06-21,2026-W25,provincial,ELONCE,Entre Ríos,Centro,Entre rios,https://www.elonce.com,Mate bingo en la Escuela Zubiaur reunió a la comunidad en la previa del Día del Padre
2026-06-21,2026-W25,provincial,ELONCE,Entre Ríos,Centro,Entre rios,https://www.elonce.com,"Feria Circular: diseño, reciclado y producción local en el Centro Cultural Juan L. Ortiz"
2026-06-21,2026-W25,provincial,ELONCE,Entre Ríos,Centro,Entre rios,https://www.elonce.com,Abren la convocatoria para participar del 41° Encuentro Entrerriano de Teatro
2026-06-21,2026-W25,provincial,ELONCE,Entre Ríos,Centro,Entre rios,https://www.elonce.com,Se desplomó un árbol durante la Feria de Escuela Hogar
2026-06-21,2026-W25,provincial,ELONCE,Entre Ríos,Centro,Entre rios,https://www.elonce.com,Inauguraron la Plaza Primera Junta en Barrio Mariano Moreno
2026-06-21,2026-W25,provincial,ELONCE,Entre Ríos,Centro,Entre rios,https://www.elonce.com,Videos de Jésica Cirio con dólares: en las imágenes “se detectan manipulaciones”
2026-06-21,2026-W25,provincial,ELONCE,Entre Ríos,Centro,Entre rios,https://www.elonce.com,Sofía Jujuy Jiménez disfrutó de un día de yate en Miami durante el Mundial 2026
2026-06-21,2026-W25,provincial,ELONCE,Entre Ríos,Centro,Entre rios,https://www.elonce.com,Emotivo homenaje a Alejandra Darín en su cumpleaños 63: “Te celebro para siempre”
2026-06-21,2026-W25,provincial,ELONCE,Entre Ríos,Centro,Entre rios,https://www.elonce.com,Tuli Acosta deslumbró desde Miami con una sensual sesión de fotos en bikini
2026-06-21,2026-W25,provincial,ELONCE,Entre Ríos,Centro,Entre rios,https://www.elonce.com,Panorama municipal
2026-06-21,2026-W25,provincial,ELONCE,Entre Ríos,Centro,Entre rios,https://www.elonce.com,La innovación al servicio de los vecinos: así transforma Paraná su gestión municipal
2026-06-21,2026-W25,provincial,ELONCE,Entre Ríos,Centro,Entre rios,https://www.elonce.com,Plan Calle a calle: la Municipalidad intervino con mejoras viales en barrio Santa Lucía
2026-06-21,2026-W25,provincial,UNO ENTRE RÍOS,Entre Ríos,Centro,Entre rios,https://www.unoentrerios.com.ar,Seguirán detenidos los acusados de atacar al presunto homicida de Jazmín González
2026-06-21,2026-W25,provincial,UNO ENTRE RÍOS,Entre Ríos,Centro,Entre rios,https://www.unoentrerios.com.ar,"Día del Padre: en Argentina, las licencias por paternidad están entre las más cortas del mundo"
2026-06-21,2026-W25,provincial,UNO ENTRE RÍOS,Entre Ríos,Centro,Entre rios,https://www.unoentrerios.com.ar,"Valentina Dome: ""La generosidad nunca te quita trabajo"""
2026-06-21,2026-W25,provincial,UNO ENTRE RÍOS,Entre Ríos,Centro,Entre rios,https://www.unoentrerios.com.ar,Mate: cuánto se recomienda tomar por día y qué cuidados tener según cada situación de salud
2026-06-21,2026-W25,provincial,UNO ENTRE RÍOS,Entre Ríos,Centro,Entre rios,https://www.unoentrerios.com.ar,Elecciones en Colombia: Abelardo de la Espriella e Iván Cepeda se enfrentan en el balotaje
2026-06-21,2026-W25,provincial,UNO ENTRE RÍOS,Entre Ríos,Centro,Entre rios,https://www.unoentrerios.com.ar,"Carmen Moritán: ""Gracias a la astrología pude conectar con mi verdadero ser"""
2026-06-21,2026-W25,provincial,UNO ENTRE RÍOS,Entre Ríos,Centro,Entre rios,https://www.unoentrerios.com.ar,Menos nacimientos y más vacantes: el desafío de universalizar el jardín de infantes en Entre Ríos
2026-06-21,2026-W25,provincial,UNO ENTRE RÍOS,Entre Ríos,Centro,Entre rios,https://www.unoentrerios.com.ar,La Capilla Nuestra Señora del Perpetuo Socorro impulsa un salón parroquial y un merendero
2026-06-21,2026-W25,provincial,UNO ENTRE RÍOS,Entre Ríos,Centro,Entre rios,https://www.unoentrerios.com.ar,"San Benito: el Merendero Bichito de Luz compartió una tarde de juegos, merienda y folklore"
2026-06-21,2026-W25,provincial,UNO ENTRE RÍOS,Entre Ríos,Centro,Entre rios,https://www.unoentrerios.com.ar,Entre Ríos: el SMN prevé días de mucho frío para la semana que se inicia
2026-06-21,2026-W25,provincial,UNO ENTRE RÍOS,Entre Ríos,Centro,Entre rios,https://www.unoentrerios.com.ar,Destacan que el fenómeno de El Niño llegaría en septiembre
2026-06-21,2026-W25,provincial,UNO ENTRE RÍOS,Entre Ríos,Centro,Entre rios,https://www.unoentrerios.com.ar,Solsticio de invierno 2026: este domingo comienza oficialmente la estación más fría del año
2026-06-21,2026-W25,provincial,UNO ENTRE RÍOS,Entre Ríos,Centro,Entre rios,https://www.unoentrerios.com.ar,Tragedia en ruta 9: tres entrerrianos murieron al caer con su auto al agua
2026-06-21,2026-W25,provincial,UNO ENTRE RÍOS,Entre Ríos,Centro,Entre rios,https://www.unoentrerios.com.ar,Crespo: una fuga de gas provocó un incendio en el centro
2026-06-21,2026-W25,provincial,UNO ENTRE RÍOS,Entre Ríos,Centro,Entre rios,https://www.unoentrerios.com.ar,Día de la Bandera: emotiva promesa de cientos de alumnos en Plaza Mansilla
2026-06-21,2026-W25,provincial,UNO ENTRE RÍOS,Entre Ríos,Centro,Entre rios,https://www.unoentrerios.com.ar,Murió el jugador que luchaba tras sufrir un ACV en un partido
2026-06-21,2026-W25,provincial,UNO ENTRE RÍOS,Entre Ríos,Centro,Entre rios,https://www.unoentrerios.com.ar,Paraná: detención y secuestro de arma de fuego tras persecución en la zona de calle Osinalde
2026-06-21,2026-W25,provincial,UNO ENTRE RÍOS,Entre Ríos,Centro,Entre rios,https://www.unoentrerios.com.ar,Ministros de Economía destacaron el encuentro federal realizado en Entre Ríos
2026-06-21,2026-W25,provincial,UNO ENTRE RÍOS,Entre Ríos,Centro,Entre rios,https://www.unoentrerios.com.ar,La mujer que chocó y mató a Lautaro Meglio deberá cumplir prisión efectiva
2026-06-21,2026-W25,provincial,UNO ENTRE RÍOS,Entre Ríos,Centro,Entre rios,https://www.unoentrerios.com.ar,Un adolescente murió en Gualeguaychú tras caer de un edificio
2026-06-21,2026-W25,provincial,UNO ENTRE RÍOS,Entre Ríos,Centro,Entre rios,https://www.unoentrerios.com.ar,Agredieron al intendente de Pueblo Brugo
2026-06-21,2026-W25,provincial,UNO ENTRE RÍOS,Entre Ríos,Centro,Entre rios,https://www.unoentrerios.com.ar,Federación: incidentes y detenidos en pedido de Justicia por Thiago Ocampo
2026-06-21,2026-W25,provincial,UNO ENTRE RÍOS,Entre Ríos,Centro,Entre rios,https://www.unoentrerios.com.ar,Grave lesión sufrió un menor tras un choque en la ex Ruta Nacional 18
2026-06-21,2026-W25,provincial,UNO ENTRE RÍOS,Entre Ríos,Centro,Entre rios,https://www.unoentrerios.com.ar,"El fisco que ya no pregunta: las dos caras de la nueva ""inocencia"" tributaria"
2026-06-21,2026-W25,provincial,UNO ENTRE RÍOS,Entre Ríos,Centro,Entre rios,https://www.unoentrerios.com.ar,Gasnea difundió sus nuevos cuadros tarifarios
2026-06-21,2026-W25,provincial,UNO ENTRE RÍOS,Entre Ríos,Centro,Entre rios,https://www.unoentrerios.com.ar,ARCA pone la lupa sobre el Monotributo: los errores que pueden costar una recategorización o exclusión
2026-06-21,2026-W25,provincial,UNO ENTRE RÍOS,Entre Ríos,Centro,Entre rios,https://www.unoentrerios.com.ar,Canasta de crianza: el costo de mantener a un hijo es de $665.950 en mayo
2026-06-21,2026-W25,provincial,UNO ENTRE RÍOS,Entre Ríos,Centro,Entre rios,https://www.unoentrerios.com.ar,Comercios entrerrianos buscan cobrar más rápido en un consumo que exige agilidad
2026-06-21,2026-W25,provincial,UNO ENTRE RÍOS,Entre Ríos,Centro,Entre rios,https://www.unoentrerios.com.ar,El utilitario deportivo que eligen las familias entrerrianas
2026-06-21,2026-W25,provincial,UNO ENTRE RÍOS,Entre Ríos,Centro,Entre rios,https://www.unoentrerios.com.ar,Mundial 2026: todos los partidos del domingo para festejar el Día del Padre
2026-06-21,2026-W25,provincial,UNO ENTRE RÍOS,Entre Ríos,Centro,Entre rios,https://www.unoentrerios.com.ar,Alemania se lo dio vuelta a Costa de Marfil en el final y clasificó a los 16avos
2026-06-21,2026-W25,provincial,UNO ENTRE RÍOS,Entre Ríos,Centro,Entre rios,https://www.unoentrerios.com.ar,Países Bajos goleó a Suecia 5 a 1 y quedó a un paso de la clasificación
2026-06-21,2026-W25,provincial,UNO ENTRE RÍOS,Entre Ríos,Centro,Entre rios,https://www.unoentrerios.com.ar,Paraguay venció a Turquía en un partido luchado y respira
2026-06-21,2026-W25,provincial,UNO ENTRE RÍOS,Entre Ríos,Centro,Entre rios,https://www.unoentrerios.com.ar,Los récords que puede romper Messi en el Mundial de fútbol 2026
2026-06-21,2026-W25,provincial,UNO ENTRE RÍOS,Entre Ríos,Centro,Entre rios,https://www.unoentrerios.com.ar,Brasil goleó 3-0 a Haití y quedó líder en el Grupo C del Mundial 2026
2026-06-21,2026-W25,provincial,UNO ENTRE RÍOS,Entre Ríos,Centro,Entre rios,https://www.unoentrerios.com.ar,Marruecos le ganó a Escocia y quedó a las puertas de la clasificación
2026-06-21,2026-W25,provincial,UNO ENTRE RÍOS,Entre Ríos,Centro,Entre rios,https://www.unoentrerios.com.ar,Estados Unidos le ganó a Australia y está en 16avos de final del Mundial 2026
2026-06-21,2026-W25,provincial,UNO ENTRE RÍOS,Entre Ríos,Centro,Entre rios,https://www.unoentrerios.com.ar,San Benito Paraná festejó el Apertura femenino con una contundente goleada
2026-06-21,2026-W25,provincial,UNO ENTRE RÍOS,Entre Ríos,Centro,Entre rios,https://www.unoentrerios.com.ar,"Heraldo Fiorotto, la joya entrerriana de River Plate que hizo historia con ocho goles en una goleada récord"
2026-06-21,2026-W25,provincial,UNO ENTRE RÍOS,Entre Ríos,Centro,Entre rios,https://www.unoentrerios.com.ar,Valentín Aguirre pulverizó los relojes en Rafaela
2026-06-21,2026-W25,provincial,UNO ENTRE RÍOS,Entre Ríos,Centro,Entre rios,https://www.unoentrerios.com.ar,Pecco Bagnaia con la victoria en el sprint de Brno
2026-06-21,2026-W25,provincial,UNO ENTRE RÍOS,Entre Ríos,Centro,Entre rios,https://www.unoentrerios.com.ar,Pampas campeón del Súper Rugby Américas 2026
2026-06-21,2026-W25,provincial,UNO ENTRE RÍOS,Entre Ríos,Centro,Entre rios,https://www.unoentrerios.com.ar,El gimnasio de Ministerio está listo para una nueva velada amateur
2026-06-21,2026-W25,provincial,UNO ENTRE RÍOS,Entre Ríos,Centro,Entre rios,https://www.unoentrerios.com.ar,Liga Federal: derrotas de Quique y Sionista en el inicio de los playoffs interzonales
2026-06-21,2026-W25,provincial,UNO ENTRE RÍOS,Entre Ríos,Centro,Entre rios,https://www.unoentrerios.com.ar,Operaron de urgencia a Fernando Gago
2026-06-21,2026-W25,provincial,UNO ENTRE RÍOS,Entre Ríos,Centro,Entre rios,https://www.unoentrerios.com.ar,Atletismo: con fuerte aporte entrerriana Argentina debuta en el Iberoamericano U20
2026-06-21,2026-W25,provincial,UNO ENTRE RÍOS,Entre Ríos,Centro,Entre rios,https://www.unoentrerios.com.ar,Patronato rinde otra prueba de local sin margen de error
2026-06-21,2026-W25,provincial,UNO ENTRE RÍOS,Entre Ríos,Centro,Entre rios,https://www.unoentrerios.com.ar,Patronato puso la mira en Unión de Santa Fe
2026-06-21,2026-W25,provincial,UNO ENTRE RÍOS,Entre Ríos,Centro,Entre rios,https://www.unoentrerios.com.ar,Patronato mantiene la tendencia y prepara nuevas variantes para recibir a Midland
2026-06-21,2026-W25,provincial,UNO ENTRE RÍOS,Entre Ríos,Centro,Entre rios,https://www.unoentrerios.com.ar,"Ante Midland, Patronato tendrá como árbitro a Benítez, con un antecedente negativo"
2026-06-21,2026-W25,provincial,LA CAPITAL,Santa Fe,Centro,Rosario,https://www.lacapital.com.ar,"""Fue un ciudadano ilustre"": el nieto de Ángel Guido recordó al arquitecto del Monumento"
2026-06-21,2026-W25,provincial,LA CAPITAL,Santa Fe,Centro,Rosario,https://www.lacapital.com.ar,El Politécnico cumple 120 años y aprovecha el aniversario para renovar su histórico edificio
2026-06-21,2026-W25,provincial,LA CAPITAL,Santa Fe,Centro,Rosario,https://www.lacapital.com.ar,Más de 9.500 personas ya se acogieron al plan especial para regularizar deudas tributarias en Santa Fe
2026-06-21,2026-W25,provincial,LA CAPITAL,Santa Fe,Centro,Rosario,https://www.lacapital.com.ar,Santa Fe quiere sumar 1.400 nuevos policías y ofrece becas para la formación
2026-06-21,2026-W25,provincial,LA CAPITAL,Santa Fe,Centro,Rosario,https://www.lacapital.com.ar,"Al ritmo de la suba de pasajeros, el aeropuerto de Rosario suma obras"
2026-06-21,2026-W25,provincial,LA CAPITAL,Santa Fe,Centro,Rosario,https://www.lacapital.com.ar,"En modo león herbívoro, Milei empieza a reordenar la manada"
2026-06-21,2026-W25,provincial,LA CAPITAL,Santa Fe,Centro,Rosario,https://www.lacapital.com.ar,El deterioro fiscal de las provincias sostiene el superávit de Caputo
2026-06-21,2026-W25,provincial,LA CAPITAL,Santa Fe,Centro,Rosario,https://www.lacapital.com.ar,Las películas más esperadas del invierno: temporada de tanques
2026-06-21,2026-W25,provincial,LA CAPITAL,Santa Fe,Centro,Rosario,https://www.lacapital.com.ar,"En tierra de cowboys y rodeos, el banderazo argentino armó la fiesta en Dallas"
2026-06-21,2026-W25,provincial,LA CAPITAL,Santa Fe,Centro,Rosario,https://www.lacapital.com.ar,"Argentina vs. Austria en el Mundial 2026: hora, canal y posibles formaciones"
2026-06-21,2026-W25,provincial,LA CAPITAL,Santa Fe,Centro,Rosario,https://www.lacapital.com.ar,"El precio de la pasión: a base de pollo frito, la billetera argentina para ver el Mundial"
2026-06-21,2026-W25,provincial,LA CAPITAL,Santa Fe,Centro,Rosario,https://www.lacapital.com.ar,Argentina: un Día del Padre especial para el gran capitán y un plantel todo disponible
2026-06-21,2026-W25,provincial,LA CAPITAL,Santa Fe,Centro,Rosario,https://www.lacapital.com.ar,"En Dallas, cada turista es un detective en la escena del crimen más famoso del mundo"
2026-06-21,2026-W25,provincial,LA CAPITAL,Santa Fe,Centro,Rosario,https://www.lacapital.com.ar,"Mundial 2026: un fan fest que es un show en el corazón de Dallas, todo alrededor de la pelota"
2026-06-21,2026-W25,provincial,LA CAPITAL,Santa Fe,Centro,Rosario,https://www.lacapital.com.ar,"Mundial 2026: Dallas, las piernas cortadas a Diego, un estadio alienígena y música country"
2026-06-21,2026-W25,provincial,LA CAPITAL,Santa Fe,Centro,Rosario,https://www.lacapital.com.ar,"Mundial 2026: rumbo a Dallas, un viaje al corazón cowboy, siguiendo a la Scaloneta"
2026-06-21,2026-W25,provincial,LA CAPITAL,Santa Fe,Centro,Rosario,https://www.lacapital.com.ar,Alemania ganó y se clasificó a la siguiente fase después de 12 años
2026-06-21,2026-W25,provincial,LA CAPITAL,Santa Fe,Centro,Rosario,https://www.lacapital.com.ar,Bofetazo de Países Bajos a Suecia: 5 a 1 y líder del grupo donde también está Japón
2026-06-21,2026-W25,provincial,LA CAPITAL,Santa Fe,Centro,Rosario,https://www.lacapital.com.ar,Paraguay le ganó a Turquía en el Mundial 2026 a pesar de una expulsión novedosa
2026-06-21,2026-W25,provincial,LA CAPITAL,Santa Fe,Centro,Rosario,https://www.lacapital.com.ar,"Con todo el plantel a disposición, Lionel Scaloni piensa tres cambios en Argentina"
2026-06-21,2026-W25,provincial,LA CAPITAL,Santa Fe,Centro,Rosario,https://www.lacapital.com.ar,Cien días con Adorni
2026-06-21,2026-W25,provincial,LA CAPITAL,Santa Fe,Centro,Rosario,https://www.lacapital.com.ar,Planazo de domingo: Selva Almada presenta su última novela en el Castagnino
2026-06-21,2026-W25,provincial,LA CAPITAL,Santa Fe,Centro,Rosario,https://www.lacapital.com.ar,"Día del Padre: en Argentina, las licencias por paternidad están entre las más cortas del mundo"
2026-06-21,2026-W25,provincial,LA CAPITAL,Santa Fe,Centro,Rosario,https://www.lacapital.com.ar,Central: la salida de Enzo Giménez abre un hueco en un puesto que se pensaba reforzar
2026-06-21,2026-W25,provincial,LA CAPITAL,Santa Fe,Centro,Rosario,https://www.lacapital.com.ar,"A Newell's, de a poco, le está llegando el turno de la pelota"
2026-06-21,2026-W25,provincial,LA CAPITAL,Santa Fe,Centro,Rosario,https://www.lacapital.com.ar,"Viajar a las Islas Malvinas: vuelos, requisitos y precios para turistas argentinos"
2026-06-21,2026-W25,provincial,LA CAPITAL,Santa Fe,Centro,Rosario,https://www.lacapital.com.ar,Un crimen ruidoso y un plan que no frena
2026-06-21,2026-W25,provincial,LA CAPITAL,Santa Fe,Centro,Rosario,https://www.lacapital.com.ar,Pullaro va a la Corte Suprema por el conflicto previsional con el máximo tribunal local
2026-06-21,2026-W25,provincial,LA CAPITAL,Santa Fe,Centro,Rosario,https://www.lacapital.com.ar,"El milagro de Manu Pérez Bustamante: la nena que ""volvió a vivir"""
2026-06-21,2026-W25,provincial,LA CAPITAL,Santa Fe,Centro,Rosario,https://www.lacapital.com.ar,Asociación Rosarina de Fútbol: ya están los primeros clubes clasificados en la A y B que disputarán el título
2026-06-21,2026-W25,provincial,LA CAPITAL,Santa Fe,Centro,Rosario,https://www.lacapital.com.ar,"Rugby: le costó, pero la peleó y en la última Atlético del Rosario cantó victoria ante Champagnat"
2026-06-21,2026-W25,provincial,LA CAPITAL,Santa Fe,Centro,Rosario,https://www.lacapital.com.ar,Turismo Carretera: Aguirre la pole y el equipo de Acebal al acecho con Castellano
2026-06-21,2026-W25,provincial,LA CAPITAL,Santa Fe,Centro,Rosario,https://www.lacapital.com.ar,"San Juan, representante de Broun: ""Es totalmente injusta la decisión que tomaron con Fatu"""
2026-06-21,2026-W25,provincial,LA CAPITAL,Santa Fe,Centro,Rosario,https://www.lacapital.com.ar,Tenis: Francisco Cerúndolo logró un triunfazo y se metió en la final de Queen's
2026-06-21,2026-W25,provincial,LA CAPITAL,Santa Fe,Centro,Rosario,https://www.lacapital.com.ar,"Los millones del sindicalismo, el trasfondo del conflicto de Aceiteros"
2026-06-21,2026-W25,provincial,LA CAPITAL,Santa Fe,Centro,Rosario,https://www.lacapital.com.ar,"El tiempo en Rosario: un domingo nublado, pero sin lluvias"
2026-06-21,2026-W25,provincial,LA CAPITAL,Santa Fe,Centro,Rosario,https://www.lacapital.com.ar,"Javkin destacó que ""Rosario mira a la Argentina con la frente en alto"" el 20 de Junio"
2026-06-21,2026-W25,provincial,LA CAPITAL,Santa Fe,Centro,Rosario,https://www.lacapital.com.ar,Increparon a Lilia Lemoine a metros del Monumento a la Bandera y la diputada le pegó a una mujer
2026-06-21,2026-W25,provincial,LA CAPITAL,Santa Fe,Centro,Rosario,https://www.lacapital.com.ar,"El campo popular declaró al presidente ""persona no grata en Rosario"" en la plaza Pringles"
2026-06-21,2026-W25,provincial,LA CAPITAL,Santa Fe,Centro,Rosario,https://www.lacapital.com.ar,La militancia realizó un banderazo en parque Lezama para exigir la liberación de Cristina
2026-06-21,2026-W25,provincial,LA CAPITAL,Santa Fe,Centro,Rosario,https://www.lacapital.com.ar,Newell's pone en replanteo y revisión la partida de otro defensor
2026-06-21,2026-W25,provincial,LA CAPITAL,Santa Fe,Centro,Rosario,https://www.lacapital.com.ar,El tiempo en Rosario: domingo con muchas nubes y temperaturas a la baja
2026-06-21,2026-W25,provincial,LA CAPITAL,Santa Fe,Centro,Rosario,https://www.lacapital.com.ar,"La larga sombra de Adorni y el cara a cara entre Javkin, Pullaro y Milei"
2026-06-21,2026-W25,provincial,LA CAPITAL,Santa Fe,Centro,Rosario,https://www.lacapital.com.ar,"En la previa del 20 de Junio, niños de todo el país llegaron para prometerle lealtad a la bandera"
2026-06-21,2026-W25,provincial,LA CAPITAL,Santa Fe,Centro,Rosario,https://www.lacapital.com.ar,El Concejo debate la simplificación de tasas municipales
2026-06-21,2026-W25,provincial,LA CAPITAL,Santa Fe,Centro,Rosario,https://www.lacapital.com.ar,Fin de la discusión: Messi superó a Maradona en la noche soñada de Kansas
2026-06-21,2026-W25,provincial,LA CAPITAL,Santa Fe,Centro,Rosario,https://www.lacapital.com.ar,Unidos mira el modelo de la Constituyente para discutir la nueva ley electoral
2026-06-21,2026-W25,provincial,LA CAPITAL,Santa Fe,Centro,Rosario,https://www.lacapital.com.ar,"Sin reproches ni leña al fuego, Pullaro espera a Milei en el Monumento"
2026-06-21,2026-W25,provincial,LA CAPITAL,Santa Fe,Centro,Rosario,https://www.lacapital.com.ar,Un llamativo olor inunda parte de Rosario y la respuesta se esconde en un árbol
2026-06-21,2026-W25,provincial,LA CAPITAL,Santa Fe,Centro,Rosario,https://www.lacapital.com.ar,"La cápsula radiactiva desaparecida en Rosario tiene ""bajo riesgo biológico"""
2026-06-21,2026-W25,provincial,AIRE DIGITAL,Santa Fe,Centro,Santa Fe,https://www.airedesantafe.com.ar,Javier Milei nombró a su nuevo vocero: ¿Adorni se va o se queda?
2026-06-21,2026-W25,provincial,AIRE DIGITAL,Santa Fe,Centro,Santa Fe,https://www.airedesantafe.com.ar,Investigan un posible femicidio seguido de suicidio en el norte de Santa Fe
2026-06-21,2026-W25,provincial,AIRE DIGITAL,Santa Fe,Centro,Santa Fe,https://www.airedesantafe.com.ar,La vez que la Tierra fue una bola de nieve: el planeta quedó casi completamente congelado
2026-06-21,2026-W25,provincial,AIRE DIGITAL,Santa Fe,Centro,Santa Fe,https://www.airedesantafe.com.ar,Últimas Noticias
2026-06-21,2026-W25,provincial,AIRE DIGITAL,Santa Fe,Centro,Santa Fe,https://www.airedesantafe.com.ar,Accidente y congestión vehicular en la Ruta Nacional 168: una mujer herida tras un choque en la mano a Paraná
2026-06-21,2026-W25,provincial,AIRE DIGITAL,Santa Fe,Centro,Santa Fe,https://www.airedesantafe.com.ar,"Día del Padre, versión Mundial: el papá de Lo Celso contó cómo vive la familia el sueño de la Selección"
2026-06-21,2026-W25,provincial,AIRE DIGITAL,Santa Fe,Centro,Santa Fe,https://www.airedesantafe.com.ar,"En la gestión de Pullaro, más de 100 escuelas recibieron donaciones financiadas con bienes recuperados del delito"
2026-06-21,2026-W25,provincial,AIRE DIGITAL,Santa Fe,Centro,Santa Fe,https://www.airedesantafe.com.ar,Más de 9.500 santafesinos ya se acogieron al plan especial de pagos para regularizar deudas tributarias
2026-06-21,2026-W25,provincial,AIRE DIGITAL,Santa Fe,Centro,Santa Fe,https://www.airedesantafe.com.ar,"Sauce Viejo: cayó una banda con armas y drogas, y al principal sospechoso lo detuvieron en una churrería"
2026-06-21,2026-W25,provincial,AIRE DIGITAL,Santa Fe,Centro,Santa Fe,https://www.airedesantafe.com.ar,"Salud pide evitar las guardias ante cuadros gripales: ""Es un riesgo ir si no es una urgencia"""
2026-06-21,2026-W25,provincial,AIRE DIGITAL,Santa Fe,Centro,Santa Fe,https://www.airedesantafe.com.ar,"Fenómeno del Niño: cambios en la obra del Terraplén Garello, clave para proteger a Colastiné Norte"
2026-06-21,2026-W25,provincial,AIRE DIGITAL,Santa Fe,Centro,Santa Fe,https://www.airedesantafe.com.ar,Fallo Monzón y estándar Arriola: cuando la Justicia solo se basa en la cantidad de droga secuestrada
2026-06-21,2026-W25,provincial,AIRE DIGITAL,Santa Fe,Centro,Santa Fe,https://www.airedesantafe.com.ar,"Continua el cierre de empresas en Santa Fe: de diciembre a marzo, 660 bajaron sus persianas"
2026-06-21,2026-W25,provincial,AIRE DIGITAL,Santa Fe,Centro,Santa Fe,https://www.airedesantafe.com.ar,Copa mundial 2026
2026-06-21,2026-W25,provincial,AIRE DIGITAL,Santa Fe,Centro,Santa Fe,https://www.airedesantafe.com.ar,"AIRE ya está en Dallas, la sede de los próximos dos partidos de la Selección Argentina"
2026-06-21,2026-W25,provincial,AIRE DIGITAL,Santa Fe,Centro,Santa Fe,https://www.airedesantafe.com.ar,¿Qué partidos del Mundial se juegan este domingo 21 de junio?
2026-06-21,2026-W25,provincial,AIRE DIGITAL,Santa Fe,Centro,Santa Fe,https://www.airedesantafe.com.ar,"Curazao aguantó, rescató un punto histórico y complicó a Ecuador en el Mundial 2026"
2026-06-21,2026-W25,provincial,AIRE DIGITAL,Santa Fe,Centro,Santa Fe,https://www.airedesantafe.com.ar,"Gonzalo Bonadeo analizó a Austria, el próximo rival de Argentina: ""Presiona muy arriba y ese puede ser un problema para ellos"""
2026-06-21,2026-W25,provincial,AIRE DIGITAL,Santa Fe,Centro,Santa Fe,https://www.airedesantafe.com.ar,"Alemania remontó sobre el final, venció a Costa de Marfil y se clasificó a los 16avos del Mundial 2026"
2026-06-21,2026-W25,provincial,AIRE DIGITAL,Santa Fe,Centro,Santa Fe,https://www.airedesantafe.com.ar,Países Bajos goleó 5-1 a Suecia y quedó bien posicionado en el Grupo F del Mundial 2026
2026-06-21,2026-W25,provincial,AIRE DIGITAL,Santa Fe,Centro,Santa Fe,https://www.airedesantafe.com.ar,"Día del Padre: más allá de la biología, un vínculo que se construye día a día"
2026-06-21,2026-W25,provincial,AIRE DIGITAL,Santa Fe,Centro,Santa Fe,https://www.airedesantafe.com.ar,"Colón jugó mal, retrocedió un paso y perdió contra Chaco For Ever: a barajar y dar de nuevo"
2026-06-21,2026-W25,provincial,AIRE DIGITAL,Santa Fe,Centro,Santa Fe,https://www.airedesantafe.com.ar,Santa Fe quiere sumar 1.400 nuevos policías y ofrece becas de hasta 500.000 pesos para la formación
2026-06-21,2026-W25,provincial,AIRE DIGITAL,Santa Fe,Centro,Santa Fe,https://www.airedesantafe.com.ar,"Pullaro habló de Belgrano en Rosario y, ante la mirada de Adorni, apuntó contra los que buscan ""enriquecerse"""
2026-06-21,2026-W25,provincial,AIRE DIGITAL,Santa Fe,Centro,Santa Fe,https://www.airedesantafe.com.ar,"""Miren quién manda"": cómo Donald Trump utiliza el Mundial 2026 como un tablero de ajedrez geopolítico"
2026-06-21,2026-W25,provincial,AIRE DIGITAL,Santa Fe,Centro,Santa Fe,https://www.airedesantafe.com.ar,Estafas digitales: cómo proteger tus datos personales y evitar fraudes por WhatsApp
2026-06-21,2026-W25,provincial,AIRE DIGITAL,Santa Fe,Centro,Santa Fe,https://www.airedesantafe.com.ar,Vive en Santa Fe y compró una casa china por internet: cuánto pagó y cómo la armó
2026-06-21,2026-W25,provincial,AIRE DIGITAL,Santa Fe,Centro,Santa Fe,https://www.airedesantafe.com.ar,"Industria bajo presión en Santa Fe: caen la producción, el empleo y las exportaciones"
2026-06-21,2026-W25,provincial,AIRE DIGITAL,Santa Fe,Centro,Santa Fe,https://www.airedesantafe.com.ar,Se define la condena por un intento de femicidio en Alto Verde tras el veredicto del jurado
2026-06-21,2026-W25,provincial,AIRE DIGITAL,Santa Fe,Centro,Santa Fe,https://www.airedesantafe.com.ar,Llega una nueva ola de frío a Santa Fe: las mínimas podrían acercarse a los 0°
2026-06-21,2026-W25,provincial,AIRE DIGITAL,Santa Fe,Centro,Santa Fe,https://www.airedesantafe.com.ar,"Colectivos en Santa Fe: Poletti aseguró que ""el servicio está garantizado"" tras la advertencia de UTA"
2026-06-21,2026-W25,provincial,AIRE DIGITAL,Santa Fe,Centro,Santa Fe,https://www.airedesantafe.com.ar,El Belgrano Cargas volvió a descarrilar en Santa Fe: fue la tarde del sábado y hubo cortes de tránsito
2026-06-21,2026-W25,provincial,AIRE DIGITAL,Santa Fe,Centro,Santa Fe,https://www.airedesantafe.com.ar,Incendio en un reconocido local del centro de Santa Fe: bomberos extinguieron las llamas y buscan determinar el origen
2026-06-21,2026-W25,provincial,AIRE DIGITAL,Santa Fe,Centro,Santa Fe,https://www.airedesantafe.com.ar,"Federico Lértora explotó tras la derrota de Colón: ""Esta cancha es un chiquero y no merece respeto"""
2026-06-21,2026-W25,provincial,AIRE DIGITAL,Santa Fe,Centro,Santa Fe,https://www.airedesantafe.com.ar,Diego Armando Díaz dejará Unión y saldrá a préstamo: su destino está en la Primera Nacional
2026-06-21,2026-W25,provincial,AIRE DIGITAL,Santa Fe,Centro,Santa Fe,https://www.airedesantafe.com.ar,Policiales y locales
2026-06-21,2026-W25,provincial,AIRE DIGITAL,Santa Fe,Centro,Santa Fe,https://www.airedesantafe.com.ar,"La radiografía del microtráfico en Santa Fe: miles de denuncias, allanamientos y condenas en dos años"
2026-06-21,2026-W25,provincial,AIRE DIGITAL,Santa Fe,Centro,Santa Fe,https://www.airedesantafe.com.ar,"Pullaro: ""Necesitamos que, en este país federal, los recursos vuelvan en infraestructura para encender el motor del interior productivo"""
2026-06-21,2026-W25,provincial,AIRE DIGITAL,Santa Fe,Centro,Santa Fe,https://www.airedesantafe.com.ar,"Santa Fe, modelo en podología: capacitación, innovación y atención de calidad"
2026-06-21,2026-W25,provincial,AIRE DIGITAL,Santa Fe,Centro,Santa Fe,https://www.airedesantafe.com.ar,La crisis del transporte interurbano al límite: advierten por recortes de servicios y aguinaldo en cuotas
2026-06-21,2026-W25,provincial,AIRE DIGITAL,Santa Fe,Centro,Santa Fe,https://www.airedesantafe.com.ar,Murió el futbolista de Colón de San Justo que se encontraba internado tras sufrir un ACV isquémico
2026-06-21,2026-W25,provincial,AIRE DIGITAL,Santa Fe,Centro,Santa Fe,https://www.airedesantafe.com.ar,"Las cosas claras: no confundamos ""cepo"" cambiario con políticas de equidad y preservación del capital"
2026-06-21,2026-W25,provincial,AIRE DIGITAL,Santa Fe,Centro,Santa Fe,https://www.airedesantafe.com.ar,Semillas de algodón: por qué los controles son la clave para frenar la bolsa blanca y mejorar la calidad
2026-06-21,2026-W25,provincial,AIRE DIGITAL,Santa Fe,Centro,Santa Fe,https://www.airedesantafe.com.ar,Carne de cerdo: el desafío de los productores integrados para subirse al boom de consumo sin resignar rentabilidad
2026-06-21,2026-W25,provincial,AIRE DIGITAL,Santa Fe,Centro,Santa Fe,https://www.airedesantafe.com.ar,"La agroindustria celebra la adjudicación de la Hidrovía, pero reclama avanzar rápido hacia los 40 pies"
2026-06-21,2026-W25,provincial,AIRE DIGITAL,Santa Fe,Centro,Santa Fe,https://www.airedesantafe.com.ar,"El frío empezó a frenar a la chicharrita, pero el norte todavía mantiene alta la presión del vector del achaparramiento"
2026-06-21,2026-W25,provincial,AIRE DIGITAL,Santa Fe,Centro,Santa Fe,https://www.airedesantafe.com.ar,Mas notas de Agro
2026-06-21,2026-W25,provincial,AIRE DIGITAL,Santa Fe,Centro,Santa Fe,https://www.airedesantafe.com.ar,AIRE en Rosario
2026-06-21,2026-W25,provincial,AIRE DIGITAL,Santa Fe,Centro,Santa Fe,https://www.airedesantafe.com.ar,"20 de Junio histórico: al pie del Monumento, más de 350.000 personas celebraron el Día de la Bandera"
2026-06-21,2026-W25,provincial,AIRE DIGITAL,Santa Fe,Centro,Santa Fe,https://www.airedesantafe.com.ar,Así operaba el grupo narco que mató al agente de la Federal: crueldad y salvajismo contra los vecinos
2026-06-21,2026-W25,provincial,DIARIO UNO,Mendoza,Cuyo,Mendoza,https://www.diariouno.com.ar,Sin Cornejo: la interna radical se coló en el gasoducto que se inauguró en el Sur
2026-06-21,2026-W25,provincial,DIARIO UNO,Mendoza,Cuyo,Mendoza,https://www.diariouno.com.ar,Mundial DE FÚTBOL 2026
2026-06-21,2026-W25,provincial,DIARIO UNO,Mendoza,Cuyo,Mendoza,https://www.diariouno.com.ar,El picante mensaje del arquero de Austria para Messi antes de enfrentar a la Selección argentina
2026-06-21,2026-W25,provincial,DIARIO UNO,Mendoza,Cuyo,Mendoza,https://www.diariouno.com.ar,VIDEOS DESTACADOS
2026-06-21,2026-W25,provincial,DIARIO UNO,Mendoza,Cuyo,Mendoza,https://www.diariouno.com.ar,ÚLTIMAS NOTICIAS
2026-06-21,2026-W25,provincial,DIARIO UNO,Mendoza,Cuyo,Mendoza,https://www.diariouno.com.ar,"Vivir entre la generalidad del ""mundo Milei"" y lo específico de la ""atmósfera Cornejo"""
2026-06-21,2026-W25,provincial,DIARIO UNO,Mendoza,Cuyo,Mendoza,https://www.diariouno.com.ar,Deportivo Maipú buscará volver al triunfo ante Gimnasia y Tiro de Salta: formaciones y cómo verlo
2026-06-21,2026-W25,provincial,DIARIO UNO,Mendoza,Cuyo,Mendoza,https://www.diariouno.com.ar,"Godoy Cruz visitará a Central Norte por la Primera Nacional: formaciones, hora y dónde verlo"
2026-06-21,2026-W25,provincial,DIARIO UNO,Mendoza,Cuyo,Mendoza,https://www.diariouno.com.ar,"Secuestraron cuatro armas, drogas y detuvieron a 5 personas"
2026-06-21,2026-W25,provincial,DIARIO UNO,Mendoza,Cuyo,Mendoza,https://www.diariouno.com.ar,Fiebre por el álbum de figuritas del Mundial: llegan 40.000 sobres por semana y se agotan en horas
2026-06-21,2026-W25,provincial,DIARIO UNO,Mendoza,Cuyo,Mendoza,https://www.diariouno.com.ar,"Es papá de 11 hijos, vive en una casa siempre llena y tiene una receta: ""No llegamos a todo, y está bien"""
2026-06-21,2026-W25,provincial,DIARIO UNO,Mendoza,Cuyo,Mendoza,https://www.diariouno.com.ar,Para aliviar el impacto de los cortes en el Acceso Este evalúan aplicar un cambio de circulación
2026-06-21,2026-W25,provincial,DIARIO UNO,Mendoza,Cuyo,Mendoza,https://www.diariouno.com.ar,Fuera de agenda
2026-06-21,2026-W25,provincial,DIARIO UNO,Mendoza,Cuyo,Mendoza,https://www.diariouno.com.ar,Agenda y Resultados de Partidos
2026-06-21,2026-W25,provincial,DIARIO UNO,Mendoza,Cuyo,Mendoza,https://www.diariouno.com.ar,POLICIALES Y JUDICIALES
2026-06-21,2026-W25,provincial,DIARIO UNO,Mendoza,Cuyo,Mendoza,https://www.diariouno.com.ar,Series y Películas
2026-06-21,2026-W25,provincial,DIARIO UNO,Mendoza,Cuyo,Mendoza,https://www.diariouno.com.ar,Análisis y Opinión
2026-06-21,2026-W25,provincial,DIARIO UNO,Mendoza,Cuyo,Mendoza,https://www.diariouno.com.ar,libros y cultura
2026-06-21,2026-W25,provincial,DIARIO UNO,Mendoza,Cuyo,Mendoza,https://www.diariouno.com.ar,"Juntar figuritas del Mundial y estampillas, dos rituales que conviven en Mendoza"
2026-06-21,2026-W25,provincial,DIARIO UNO,Mendoza,Cuyo,Mendoza,https://www.diariouno.com.ar,Un nuevo libro sobre Tejada Gómez conecta su obra con los artistas del siglo XXI
2026-06-21,2026-W25,provincial,DIARIO UNO,Mendoza,Cuyo,Mendoza,https://www.diariouno.com.ar,"Mendocina descubrió el oficio de zapatera por casualidad, creó su marca y hoy representa al país en Brasil"
2026-06-21,2026-W25,provincial,DIARIO UNO,Mendoza,Cuyo,Mendoza,https://www.diariouno.com.ar,"La conexión de un Spinetta con Mendoza: amor, arte y cruzada solidaria por caballos maltratados"
2026-06-21,2026-W25,provincial,DIARIO UNO,Mendoza,Cuyo,Mendoza,https://www.diariouno.com.ar,El enólogo mendocino que vivió mil vidas y creó la primera bebida alcohólica a base de flores
2026-06-21,2026-W25,provincial,DIARIO UNO,Mendoza,Cuyo,Mendoza,https://www.diariouno.com.ar,El abogado Alejandro Poquet traslada al teatro el juicio a Cristina y lo hace en clave de sátira
2026-06-21,2026-W25,provincial,DIARIO UNO,Mendoza,Cuyo,Mendoza,https://www.diariouno.com.ar,De Mendoza a la Scaloneta: diseñaron botines para los jugadores y quieren dárselos antes del Mundial
2026-06-21,2026-W25,provincial,DIARIO UNO,Mendoza,Cuyo,Mendoza,https://www.diariouno.com.ar,Dos perras custodian el ADN del vino: un viaje al interior del olfato más preciso de la industria
2026-06-21,2026-W25,provincial,DIARIO UNO,Mendoza,Cuyo,Mendoza,https://www.diariouno.com.ar,Dejó el fútbol profesional por una lesión y dedica su vida a defender los derechos animales
2026-06-21,2026-W25,provincial,DIARIO UNO,Mendoza,Cuyo,Mendoza,https://www.diariouno.com.ar,"Día del Padre: el emotivo recuerdo de Paula, la hija de Armando Tejada Gómez, a pura poesía y memoria"
2026-06-21,2026-W25,provincial,DIARIO UNO,Mendoza,Cuyo,Mendoza,https://www.diariouno.com.ar,Las provincias y municipios siguen sin hacer la tarea (bajar gasto público y presión tributaria)
2026-06-21,2026-W25,provincial,DIARIO UNO,Mendoza,Cuyo,Mendoza,https://www.diariouno.com.ar,Japón goleó a Túnez en el partido número 1000 de los Mundiales y lo eliminó
2026-06-21,2026-W25,provincial,DIARIO UNO,Mendoza,Cuyo,Mendoza,https://www.diariouno.com.ar,"Ecuador transformó en figura a Eloy Room, el arquero de Curazao, no pudo ganar y complicó su clasificación"
2026-06-21,2026-W25,provincial,DIARIO UNO,Mendoza,Cuyo,Mendoza,https://www.diariouno.com.ar,El jugador de la Selección argentina que será preservado por Scaloni para el partido ante Austria
2026-06-21,2026-W25,provincial,DIARIO UNO,Mendoza,Cuyo,Mendoza,https://www.diariouno.com.ar,¿Para qué sirve cada nivel del horno y qué alimento cocina mejor cada uno?
2026-06-21,2026-W25,provincial,DIARIO UNO,Mendoza,Cuyo,Mendoza,https://www.diariouno.com.ar,"Florida demanda a TikTok por permitir cuentas de niños y difundir contenido ""adictivo"""
2026-06-21,2026-W25,provincial,DIARIO UNO,Mendoza,Cuyo,Mendoza,https://www.diariouno.com.ar,La última frase de Sócrates: su significado desconcierta a toda la filosofía
2026-06-21,2026-W25,provincial,DIARIO UNO,Mendoza,Cuyo,Mendoza,https://www.diariouno.com.ar,"3 recetas con garbanzos: un hummus cremoso, un pan esponjoso y un escabeche sabroso"
2026-06-21,2026-W25,provincial,DIARIO UNO,Mendoza,Cuyo,Mendoza,https://www.diariouno.com.ar,El árbol que se puede cultivar en invierno y ofrece una casacada de flores
2026-06-21,2026-W25,provincial,DIARIO UNO,Mendoza,Cuyo,Mendoza,https://www.diariouno.com.ar,El truco casero para limpiar las manchas de vino tinto en las paredes de la casa
2026-06-21,2026-W25,provincial,DIARIO UNO,Mendoza,Cuyo,Mendoza,https://www.diariouno.com.ar,Colombia define a su próximo presidente en balotaje en medio de una profunda polarización
2026-06-21,2026-W25,provincial,DIARIO UNO,Mendoza,Cuyo,Mendoza,https://www.diariouno.com.ar,Gasoducto del Sur: el Enargas determinó que General Alvear deberá coordinar su uso con San Rafael
2026-06-21,2026-W25,provincial,DIARIO UNO,Mendoza,Cuyo,Mendoza,https://www.diariouno.com.ar,"Máximo Kirchner endureció su discurso y apuntó contra la interna del PJ: ""Hablan de unidad y ni siquiera van a verla"""
2026-06-21,2026-W25,provincial,DIARIO UNO,Mendoza,Cuyo,Mendoza,https://www.diariouno.com.ar,Javier Milei presidió el acto del Día de la Bandera y Manuel Adorni se mostró en primera fila
2026-06-21,2026-W25,provincial,DIARIO UNO,Mendoza,Cuyo,Mendoza,https://www.diariouno.com.ar,Anunciaron la renovación de la calle Hipólito Yrigoyen que beneficiará a más de 70.000 personas
2026-06-21,2026-W25,provincial,DIARIO UNO,Mendoza,Cuyo,Mendoza,https://www.diariouno.com.ar,El juez Sebastián Sarmiento volvió a trabajar en casos penitenciarios y se demora su traslado
2026-06-21,2026-W25,provincial,DIARIO UNO,Mendoza,Cuyo,Mendoza,https://www.diariouno.com.ar,Gimnasia y Esgrima intensifica su pretemporada sin novedades en el mercado de pases
2026-06-21,2026-W25,provincial,DIARIO UNO,Mendoza,Cuyo,Mendoza,https://www.diariouno.com.ar,Dallas Stadium: cómo es el imponente escenario que espera a la Selección argentina
2026-06-21,2026-W25,provincial,DIARIO UNO,Mendoza,Cuyo,Mendoza,https://www.diariouno.com.ar,Atlético Club San Martín le ganó a Huracán en el duelo de mendocinos
2026-06-21,2026-W25,provincial,DIARIO UNO,Mendoza,Cuyo,Mendoza,https://www.diariouno.com.ar,Alemania logró una agónica victoria ante Costa de Marfil y clasificó a 16avos de final
2026-06-21,2026-W25,provincial,DIARIO UNO,Mendoza,Cuyo,Mendoza,https://www.diariouno.com.ar,Países Bajos le asestó una tremenda goleada a Suecia y manda en el Grupo F del Mundial 2026
2026-06-21,2026-W25,provincial,DIARIO UNO,Mendoza,Cuyo,Mendoza,https://www.diariouno.com.ar,"Tras el no de Arruabarrena, los cuatro equipos que buscan a Lucas Janson"
2026-06-21,2026-W25,provincial,LOS ANDES,Mendoza,Cuyo,Mendoza,https://www.losandes.com.ar,El Gobierno y aliados debaten cómo bloquear una eventual moción de censura contra Manuel Adorni
2026-06-21,2026-W25,provincial,LOS ANDES,Mendoza,Cuyo,Mendoza,https://www.losandes.com.ar,"Sueldos: perdieron contra la inflación en el primer semestre, ¿qué pasará en el segundo?"
2026-06-21,2026-W25,provincial,LOS ANDES,Mendoza,Cuyo,Mendoza,https://www.losandes.com.ar,¿Aumenta la construcción viviendas?: cuántas casas quiere entregar el Gobierno antes de fin de año
2026-06-21,2026-W25,provincial,LOS ANDES,Mendoza,Cuyo,Mendoza,https://www.losandes.com.ar,Política en Off: cómo saldrá la finalísima de la UNCuyo y la cruzada contra las fake news
2026-06-21,2026-W25,provincial,LOS ANDES,Mendoza,Cuyo,Mendoza,https://www.losandes.com.ar,Alemania dio vuelta un partido duro y derrotó a Costa de Marfil
2026-06-21,2026-W25,provincial,LOS ANDES,Mendoza,Cuyo,Mendoza,https://www.losandes.com.ar,"Mundial 2026: Alfaro apuntó contra el arbitraje tras la victoria de Paraguay: ""Estamos jugando un deporte nuevo"""
2026-06-21,2026-W25,provincial,LOS ANDES,Mendoza,Cuyo,Mendoza,https://www.losandes.com.ar,"España quiere su primera victoria en el Mundial 2026 vs Arabia Saudita: dónde ver en vivo, formaciones y hora"
2026-06-21,2026-W25,provincial,LOS ANDES,Mendoza,Cuyo,Mendoza,https://www.losandes.com.ar,Países Bajos rompió el prode al vencer a Suecia por 5 a 1 en el Mundial 2026
2026-06-21,2026-W25,provincial,LOS ANDES,Mendoza,Cuyo,Mendoza,https://www.losandes.com.ar,"Quiénes juegan hoy, sábado 20 de junio: horarios de partidos del Mundial 2026 y canales en vivo"
2026-06-21,2026-W25,provincial,LOS ANDES,Mendoza,Cuyo,Mendoza,https://www.losandes.com.ar,"Pablo Chacón ""En La Cima"": ""El boxeo fue mi secundaria y mi facultad porque me dio mundo"""
2026-06-21,2026-W25,provincial,LOS ANDES,Mendoza,Cuyo,Mendoza,https://www.losandes.com.ar,"Jésica Cirio habló tras los videos con bolsas de dólares y denunció que fue víctima de ""extorsión"""
2026-06-21,2026-W25,provincial,LOS ANDES,Mendoza,Cuyo,Mendoza,https://www.losandes.com.ar,El lado B de los emprendedores: entre las pérdidas y los mecanismos para evitarlas
2026-06-21,2026-W25,provincial,LOS ANDES,Mendoza,Cuyo,Mendoza,https://www.losandes.com.ar,"Figuritas, Mundial y próceres: la fórmula que convirtió a la Plaza 12 de Febrero en una fiesta patria diferente"
2026-06-21,2026-W25,provincial,LOS ANDES,Mendoza,Cuyo,Mendoza,https://www.losandes.com.ar,Rescataron en helicóptero a un deportista que se lesionó mientras entrenaba en el Cerro Arco
2026-06-21,2026-W25,provincial,LOS ANDES,Mendoza,Cuyo,Mendoza,https://www.losandes.com.ar,Elecciones en Colombia: más de 41 millones de personas votan en un balotaje marcado por el conflicto
2026-06-21,2026-W25,provincial,LOS ANDES,Mendoza,Cuyo,Mendoza,https://www.losandes.com.ar,Fugitivos del parque: las historias más insólitas del zoológico de Mendoza
2026-06-21,2026-W25,provincial,LOS ANDES,Mendoza,Cuyo,Mendoza,https://www.losandes.com.ar,Ciclo Pilares IA: quiénes son los expertos que disertarán en Logística e Industria 4.0
2026-06-21,2026-W25,provincial,LOS ANDES,Mendoza,Cuyo,Mendoza,https://www.losandes.com.ar,Ciclo Pilares IA: quiénes son los expertos que disertarán en Health Tech
2026-06-21,2026-W25,provincial,LOS ANDES,Mendoza,Cuyo,Mendoza,https://www.losandes.com.ar,Ciclo Pilares IA: quiénes son los expertos confirmados que disertarán en Agrifood Tech
2026-06-21,2026-W25,provincial,LOS ANDES,Mendoza,Cuyo,Mendoza,https://www.losandes.com.ar,"Fredi Vivas, a fondo: ""La Inteligencia artificial se convirtió en una decisión de negocio"""
2026-06-21,2026-W25,provincial,LOS ANDES,Mendoza,Cuyo,Mendoza,https://www.losandes.com.ar,"El drama detrás del vidrio: cómo es una Cámara Gesell, donde los niños relatan abusos sexuales y violencia"
2026-06-21,2026-W25,provincial,LOS ANDES,Mendoza,Cuyo,Mendoza,https://www.losandes.com.ar,"Padres del dolor: perdieron a sus hijos en terribles tragedias y hoy ayudan para ""cambiar el mundo"""
2026-06-21,2026-W25,provincial,LOS ANDES,Mendoza,Cuyo,Mendoza,https://www.losandes.com.ar,Feriados en crisis: cómo el nuevo turismo golpea a las economías regionales
2026-06-21,2026-W25,provincial,LOS ANDES,Mendoza,Cuyo,Mendoza,https://www.losandes.com.ar,Encontraron muerto a un bebé de dos meses en un asentamiento en Luján e investigan las causas
2026-06-21,2026-W25,provincial,LOS ANDES,Mendoza,Cuyo,Mendoza,https://www.losandes.com.ar,Difundieron videos de Jésica Cirio con bolsas llenas de dólares en la casa de Martín Insaurralde
2026-06-21,2026-W25,provincial,LOS ANDES,Mendoza,Cuyo,Mendoza,https://www.losandes.com.ar,Malargüe: un can antinarcóticos descubrió a una mujer que transportaba cocaína en sus bolsos
2026-06-21,2026-W25,provincial,LOS ANDES,Mendoza,Cuyo,Mendoza,https://www.losandes.com.ar,Balotaje UNCuyo: Gabriel Fidel cerró la campaña junto a los ocho decanos electos
2026-06-21,2026-W25,provincial,LOS ANDES,Mendoza,Cuyo,Mendoza,https://www.losandes.com.ar,Impactante incendio en un hotel de República Dominicana: confirman que había mendocinos alojados
2026-06-21,2026-W25,provincial,LOS ANDES,Mendoza,Cuyo,Mendoza,https://www.losandes.com.ar,Irán anunció el cierre del estrecho de Ormuz y acusó a EE.UU. de incumplir el acuerdo que puso fin a la guerra
2026-06-21,2026-W25,provincial,LOS ANDES,Mendoza,Cuyo,Mendoza,https://www.losandes.com.ar,"Los Andes en Vaca Muerta: polos gastronómicos, centros comerciales y parques industriales crecen en una ciudad corporativa"
2026-06-21,2026-W25,provincial,LOS ANDES,Mendoza,Cuyo,Mendoza,https://www.losandes.com.ar,Descargá aquí la edición impresa
2026-06-21,2026-W25,provincial,LOS ANDES,Mendoza,Cuyo,Mendoza,https://www.losandes.com.ar,"Godoy Cruz quiere romper el maleficio de visitante ante Central Norte: hora, TV, formaciones"
2026-06-21,2026-W25,provincial,LOS ANDES,Mendoza,Cuyo,Mendoza,https://www.losandes.com.ar,Bomba: se confirmó el nuevo compañero brasileño de Lionel Messi en Inter Miami
2026-06-21,2026-W25,provincial,LOS ANDES,Mendoza,Cuyo,Mendoza,https://www.losandes.com.ar,Fernando Gago fue operado de urgencia tras sufrir un infarto en Chile
2026-06-21,2026-W25,provincial,LOS ANDES,Mendoza,Cuyo,Mendoza,https://www.losandes.com.ar,Francisco Cerúndolo avanzó a la final de Queen's y quedó a un paso de una nueva hazaña
2026-06-21,2026-W25,provincial,LOS ANDES,Mendoza,Cuyo,Mendoza,https://www.losandes.com.ar,"El secreto del éxito de la Selección Argentina, según Pablo Aimar: ""La buena vibra es fundamental"""
2026-06-21,2026-W25,provincial,LOS ANDES,Mendoza,Cuyo,Mendoza,https://www.losandes.com.ar,La mina Hualilán garantiza su continuidad operativa en San Juan y retomará el transporte de mineral
2026-06-21,2026-W25,provincial,LOS ANDES,Mendoza,Cuyo,Mendoza,https://www.losandes.com.ar,Inspección en PSJ Cobre Mendocino: vecinos y organismos públicos controlan la campaña de perforación
2026-06-21,2026-W25,provincial,LOS ANDES,Mendoza,Cuyo,Mendoza,https://www.losandes.com.ar,Litio en Mendoza: Diputados analiza el proyecto de exploración minera Don Luis
2026-06-21,2026-W25,provincial,LOS ANDES,Mendoza,Cuyo,Mendoza,https://www.losandes.com.ar,Vicuña obtiene el RIGI y despeja un paso clave para la decisión final de inversión
2026-06-21,2026-W25,provincial,LOS ANDES,Mendoza,Cuyo,Mendoza,https://www.losandes.com.ar,Salió Cuyo Construye: una radiografía completa sobre el presente y el futuro de la construcción
2026-06-21,2026-W25,provincial,LOS ANDES,Mendoza,Cuyo,Mendoza,https://www.losandes.com.ar,La Aldea Alta de Mendoza Norte: el nuevo desarrollo que redefine el concepto de vivir en conexión con la naturaleza
2026-06-21,2026-W25,provincial,LOS ANDES,Mendoza,Cuyo,Mendoza,https://www.losandes.com.ar,"Graciana Apart & Rooms: una propuesta que combina inversión, renta turística y turismo en San Luis"
2026-06-21,2026-W25,provincial,LOS ANDES,Mendoza,Cuyo,Mendoza,https://www.losandes.com.ar,Las nuevas tendencias en construcción: qué cambió en el diseño de viviendas en Cuyo
2026-06-21,2026-W25,provincial,LOS ANDES,Mendoza,Cuyo,Mendoza,https://www.losandes.com.ar,Avanza la inteligencia artificial en el e-commerce argentino: ya la utilizan 6 de cada 10 empresas
2026-06-21,2026-W25,provincial,LOS ANDES,Mendoza,Cuyo,Mendoza,https://www.losandes.com.ar,¿La IA nos hará más humanos?
2026-06-21,2026-W25,provincial,LOS ANDES,Mendoza,Cuyo,Mendoza,https://www.losandes.com.ar,Tokenización en Argentina: por qué 77% de los jóvenes busca invertir en activos reales digitales
2026-06-21,2026-W25,provincial,LOS ANDES,Mendoza,Cuyo,Mendoza,https://www.losandes.com.ar,Trabajo en la era de los agentes de IA: qué es el perfil T-shaped que buscan ahora las empresas
2026-06-21,2026-W25,provincial,LOS ANDES,Mendoza,Cuyo,Mendoza,https://www.losandes.com.ar,"La revolución del ""monotasking"": la tendencia que pone pausa para vivir mejor antes de que el cuerpo pase factura"
2026-06-21,2026-W25,provincial,LOS ANDES,Mendoza,Cuyo,Mendoza,https://www.losandes.com.ar,El cáncer que ya anticipan que aumentará 50% en 20 años en Argentina: ¿por qué avanza en silencio?
2026-06-21,2026-W25,provincial,MDZ ONLINE,Mendoza,Cuyo,Mendoza,https://www.mdzol.com,Las ventas por el Día del Padre anotaron su cuarta caída anual consecutiva
2026-06-21,2026-W25,provincial,MDZ ONLINE,Mendoza,Cuyo,Mendoza,https://www.mdzol.com,"Adorni, costos en alza para Milei y una semana clave para debatir sobre periodismo"
2026-06-21,2026-W25,provincial,MDZ ONLINE,Mendoza,Cuyo,Mendoza,https://www.mdzol.com,"Trump exige a Irán que no ""cause problemas"" en Líbano o EEUU reanudará los ataques"
2026-06-21,2026-W25,provincial,MDZ ONLINE,Mendoza,Cuyo,Mendoza,https://www.mdzol.com,Colombia elige presidente: De la Espriella y Cepeda se enfrentan en una elección decisiva
2026-06-21,2026-W25,provincial,MDZ ONLINE,Mendoza,Cuyo,Mendoza,https://www.mdzol.com,"Gustavo Sofovich: ""El Día del Padre con mi viejo es todos los días"""
2026-06-21,2026-W25,provincial,MDZ ONLINE,Mendoza,Cuyo,Mendoza,https://www.mdzol.com,En vivo: España no quiere dejar dudas y golea a Arabia Saudita por 3 a 0
2026-06-21,2026-W25,provincial,MDZ ONLINE,Mendoza,Cuyo,Mendoza,https://www.mdzol.com,"Misterios, lujo e historias espeluznantes: el hotel de Dallas donde se alojará la Selección argentina"
2026-06-21,2026-W25,provincial,MDZ ONLINE,Mendoza,Cuyo,Mendoza,https://www.mdzol.com,Últimas Noticias
2026-06-21,2026-W25,provincial,MDZ ONLINE,Mendoza,Cuyo,Mendoza,https://www.mdzol.com,¿Indirecta a Wanda? El posteo de Icardi junto a la China que sorprendió a todos
2026-06-21,2026-W25,provincial,MDZ ONLINE,Mendoza,Cuyo,Mendoza,https://www.mdzol.com,Golpe para River: el delantero pretendido por Coudet rechazó volver al club
2026-06-21,2026-W25,provincial,MDZ ONLINE,Mendoza,Cuyo,Mendoza,https://www.mdzol.com,Mundial 2026: Facundo Tello y Yael Falcón Pérez fueron designados para la definición de un grupo clave
2026-06-21,2026-W25,provincial,MDZ ONLINE,Mendoza,Cuyo,Mendoza,https://www.mdzol.com,Netflix estrena un thriller español que promete ser un fenómeno del suspenso
2026-06-21,2026-W25,provincial,MDZ ONLINE,Mendoza,Cuyo,Mendoza,https://www.mdzol.com,Una conocida periodista pasó un momento de terror en plena cobertura del Mundial
2026-06-21,2026-W25,provincial,MDZ ONLINE,Mendoza,Cuyo,Mendoza,https://www.mdzol.com,Perfecta para escapar del frío: la playa caribeña de Brasil que es ideal para las vacaciones de invierno
2026-06-21,2026-W25,provincial,MDZ ONLINE,Mendoza,Cuyo,Mendoza,https://www.mdzol.com,Efecto Mundial: el Liverpool prepara una oferta de más de € 100.000.000 por una de las revelaciones
2026-06-21,2026-W25,provincial,MDZ ONLINE,Mendoza,Cuyo,Mendoza,https://www.mdzol.com,La Justicia pidió los videos de Cirio con fajos de dólares en la causa contra Insaurralde
2026-06-21,2026-W25,provincial,MDZ ONLINE,Mendoza,Cuyo,Mendoza,https://www.mdzol.com,El lujo cambia de régimen: Generación Z revoluciona el consumo y la lealtad heredada pierde fuerza
2026-06-21,2026-W25,provincial,MDZ ONLINE,Mendoza,Cuyo,Mendoza,https://www.mdzol.com,Matías Martin en MDZ: de la bronca con Bilardo en el 86 a la fuerte advertencia para el 2026
2026-06-21,2026-W25,provincial,MDZ ONLINE,Mendoza,Cuyo,Mendoza,https://www.mdzol.com,"Tomá nota, Leo: el arquero de Austria calentó la previa con Argentina con un picante mensaje para Messi"
2026-06-21,2026-W25,provincial,MDZ ONLINE,Mendoza,Cuyo,Mendoza,https://www.mdzol.com,Argentina vs. Austria: hacé tu pronóstico para el Mundial 2026 con El Resultado Manda de Sancor Seguros
2026-06-21,2026-W25,provincial,MDZ ONLINE,Mendoza,Cuyo,Mendoza,https://www.mdzol.com,"La Nueva Zelanda de Tim Payne se ve las caras con la Egipto de Salah: hora, TV y streaming"
2026-06-21,2026-W25,provincial,MDZ ONLINE,Mendoza,Cuyo,Mendoza,https://www.mdzol.com,La nueva grieta de Javier Milei: tras el dato de superávit comercial récord ¿hacia dónde va la economía?
2026-06-21,2026-W25,provincial,MDZ ONLINE,Mendoza,Cuyo,Mendoza,https://www.mdzol.com,Golpe al narcotráfico en Misiones: hallaron 257 bultos con más de 5.700 kilos de marihuana
2026-06-21,2026-W25,provincial,MDZ ONLINE,Mendoza,Cuyo,Mendoza,https://www.mdzol.com,La fuerte advertencia de Jonatan Viale tras los polémicos videos de Jésica Cirio
2026-06-21,2026-W25,provincial,MDZ ONLINE,Mendoza,Cuyo,Mendoza,https://www.mdzol.com,El ataque a una refinería en Moscú acerca la guerra de Rusia contra Ucrania a territorio ruso
2026-06-21,2026-W25,provincial,MDZ ONLINE,Mendoza,Cuyo,Mendoza,https://www.mdzol.com,De Orwell a la geopolítica actual: el mundo de 1984 parece cada vez más real
2026-06-21,2026-W25,provincial,MDZ ONLINE,Mendoza,Cuyo,Mendoza,https://www.mdzol.com,Leandro Erlich: la percepción es la provocación
2026-06-21,2026-W25,provincial,MDZ ONLINE,Mendoza,Cuyo,Mendoza,https://www.mdzol.com,"Ecommerce: el desafío ya no es atraer clientes, sino lograr que compren"
2026-06-21,2026-W25,provincial,MDZ ONLINE,Mendoza,Cuyo,Mendoza,https://www.mdzol.com,La madre de Gaspi agradeció el cariño de los fans en el Obelisco
2026-06-21,2026-W25,provincial,MDZ ONLINE,Mendoza,Cuyo,Mendoza,https://www.mdzol.com,Mirtha puso contra las cuerdas a uno de sus invitados con una fuerte pregunta
2026-06-21,2026-W25,provincial,MDZ ONLINE,Mendoza,Cuyo,Mendoza,https://www.mdzol.com,"Comienza la gestión de Ravier: jura en Casa Rosada, transición y acto en la Fundación Faro"
2026-06-21,2026-W25,provincial,MDZ ONLINE,Mendoza,Cuyo,Mendoza,https://www.mdzol.com,"Caso Adorni: la oposición acorrala al gobierno, ""o lo echan ustedes o lo sacamos nosotros"""
2026-06-21,2026-W25,provincial,MDZ ONLINE,Mendoza,Cuyo,Mendoza,https://www.mdzol.com,El Gobierno cree que se cae la sesión para interpelar a Manuel Adorni en Diputados y se entusiasma en el Senado
2026-06-21,2026-W25,provincial,MDZ ONLINE,Mendoza,Cuyo,Mendoza,https://www.mdzol.com,Impacto político: se conocieron videos de Jésica Cirio junto a miles de dólares que podrían complicar a Martín Insaurralde
2026-06-21,2026-W25,provincial,MDZ ONLINE,Mendoza,Cuyo,Mendoza,https://www.mdzol.com,La militancia encabezó un banderazo para reclamar la libertad de Cristina Fernández de Kirchner
2026-06-21,2026-W25,provincial,MDZ ONLINE,Mendoza,Cuyo,Mendoza,https://www.mdzol.com,Trasplante de córnea en Argentina: logran una sobrevida del tejido superior al 90%
2026-06-21,2026-W25,provincial,MDZ ONLINE,Mendoza,Cuyo,Mendoza,https://www.mdzol.com,¿La fijación de precios es una misión imposible?
2026-06-21,2026-W25,provincial,MDZ ONLINE,Mendoza,Cuyo,Mendoza,https://www.mdzol.com,La huerta como espacio terapéutico: sembrar y esperar
2026-06-21,2026-W25,provincial,MDZ ONLINE,Mendoza,Cuyo,Mendoza,https://www.mdzol.com,Concurso MDZ: más de 7 mil personas ya participan por un Smart TV
2026-06-21,2026-W25,provincial,MDZ ONLINE,Mendoza,Cuyo,Mendoza,https://www.mdzol.com,"Sesenta metros, diez segundos, cinco rivales; las cifras del “gol del siglo”"
2026-06-21,2026-W25,provincial,MDZ ONLINE,Mendoza,Cuyo,Mendoza,https://www.mdzol.com,Mundial 2026: este Smart TV de 55 pulgadas sale menos de $600.000 y se roba las miradas en Mercado Libre
2026-06-21,2026-W25,provincial,MDZ ONLINE,Mendoza,Cuyo,Mendoza,https://www.mdzol.com,"Hiperconectividad, burnout y liderazgo: las amenazas para el bienestar laboral"
2026-06-21,2026-W25,provincial,MDZ ONLINE,Mendoza,Cuyo,Mendoza,https://www.mdzol.com,Comienza el invierno y también la mejor temporada para mirar el cielo: qué se puede observar
2026-06-21,2026-W25,provincial,MDZ ONLINE,Mendoza,Cuyo,Mendoza,https://www.mdzol.com,Mirtha sorprendió al revelar detalles sobre la grabación con Lionel Scaloni
2026-06-21,2026-W25,provincial,MDZ ONLINE,Mendoza,Cuyo,Mendoza,https://www.mdzol.com,"La inteligencia artificial no reemplaza al talento humano, lo vuelve más valioso"
2026-06-21,2026-W25,provincial,MDZ ONLINE,Mendoza,Cuyo,Mendoza,https://www.mdzol.com,Colombia elige a su nuevo presidente en unos comicios marcados por la polarización
2026-06-21,2026-W25,provincial,MDZ ONLINE,Mendoza,Cuyo,Mendoza,https://www.mdzol.com,Calendario de pagos de Anses: este lunes 22 finaliza el pago para un grupo clave
2026-06-21,2026-W25,provincial,MDZ ONLINE,Mendoza,Cuyo,Mendoza,https://www.mdzol.com,La estafa del Mundial 2026: cómo la inteligencia artificial puede vaciar tu billetera
2026-06-21,2026-W25,provincial,MDZ ONLINE,Mendoza,Cuyo,Mendoza,https://www.mdzol.com,¿Cómo protegerse del fraude online en la compra de pasajes aéreos durante el Mundial 2026?
2026-06-21,2026-W25,provincial,MDZ ONLINE,Mendoza,Cuyo,Mendoza,https://www.mdzol.com,"La Uruguay del Loco Bielsa busca dar un paso clave frente a la sorprendente Cabo Verde: hora, TV y streaming"
2026-06-21,2026-W25,provincial,DIARIO DE CUYO,San Juan,Cuyo,San Juan,https://www.diariodecuyo.com.ar,"El emotivo posteo del gobernador Orrego por el Día del Padre: ""La familia lo es todo en la vida"""
2026-06-21,2026-W25,provincial,DIARIO DE CUYO,San Juan,Cuyo,San Juan,https://www.diariodecuyo.com.ar,Parque de Mayo: los nuevos espacios de servicio ya presentan un 30% de avance en la construcción
2026-06-21,2026-W25,provincial,DIARIO DE CUYO,San Juan,Cuyo,San Juan,https://www.diariodecuyo.com.ar,Emprender para romper estereotipos: empezó con apenas un tanque plástico y ahora tiene su propia bodega boutique
2026-06-21,2026-W25,provincial,DIARIO DE CUYO,San Juan,Cuyo,San Juan,https://www.diariodecuyo.com.ar,"Luis Galeazzi en San Juan: ""La IA es una realidad y hay que responder a este cambio"""
2026-06-21,2026-W25,provincial,DIARIO DE CUYO,San Juan,Cuyo,San Juan,https://www.diariodecuyo.com.ar,"Fredi Vivas: ""La inteligencia artificial se convirtió en una decisión de negocio"""
2026-06-21,2026-W25,provincial,DIARIO DE CUYO,San Juan,Cuyo,San Juan,https://www.diariodecuyo.com.ar,"El Teatro del Bicentenario celebra sus 10 años con ""Danza en el Hall"""
2026-06-21,2026-W25,provincial,DIARIO DE CUYO,San Juan,Cuyo,San Juan,https://www.diariodecuyo.com.ar,"El Cuarteto Ámbar debutará en Jáchal, de la mano de Mozarteum San Juan"
2026-06-21,2026-W25,provincial,DIARIO DE CUYO,San Juan,Cuyo,San Juan,https://www.diariodecuyo.com.ar,"Feria Comunal, la propuesta que nació de cuatro amigos y hoy es reflejo de identidad productiva en Calingasta"
2026-06-21,2026-W25,provincial,DIARIO DE CUYO,San Juan,Cuyo,San Juan,https://www.diariodecuyo.com.ar,Agenda cultural de San Juan: un domingo para disfrutar del arte y la cultura
2026-06-21,2026-W25,provincial,DIARIO DE CUYO,San Juan,Cuyo,San Juan,https://www.diariodecuyo.com.ar,Mundial 2026: cuáles son las primeras selecciones clasificadas a los 16vos
2026-06-21,2026-W25,provincial,DIARIO DE CUYO,San Juan,Cuyo,San Juan,https://www.diariodecuyo.com.ar,La reina Máxima celebró el histórico empate de Curazao y terminó bailando con los jugadores en el vestuario
2026-06-21,2026-W25,provincial,DIARIO DE CUYO,San Juan,Cuyo,San Juan,https://www.diariodecuyo.com.ar,Mundial 2026: qué partidos se juegan este domingo 21 de junio
2026-06-21,2026-W25,provincial,DIARIO DE CUYO,San Juan,Cuyo,San Juan,https://www.diariodecuyo.com.ar,Japón goleó 4 a 0 a Túnez en el partido 1.000 de los Mundiales
2026-06-21,2026-W25,provincial,DIARIO DE CUYO,San Juan,Cuyo,San Juan,https://www.diariodecuyo.com.ar,Histórico empate: Curazao frenó a Ecuador y sumó su primer punto en un Mundial
2026-06-21,2026-W25,provincial,DIARIO DE CUYO,San Juan,Cuyo,San Juan,https://www.diariodecuyo.com.ar,San Juan recibe el invierno con una jornada fresca y probabilidad de chaparrones
2026-06-21,2026-W25,provincial,DIARIO DE CUYO,San Juan,Cuyo,San Juan,https://www.diariodecuyo.com.ar,Se viene el día más corto del año ¿Cuándo será?
2026-06-21,2026-W25,provincial,DIARIO DE CUYO,San Juan,Cuyo,San Juan,https://www.diariodecuyo.com.ar,Revolución deportiva y urbana en 9 de Julio: avanzan a paso firme las obras en La Majadita
2026-06-21,2026-W25,provincial,DIARIO DE CUYO,San Juan,Cuyo,San Juan,https://www.diariodecuyo.com.ar,Pocito celebró el Día de la Bandera con un multitudinario desfile en Carpintería
2026-06-21,2026-W25,provincial,DIARIO DE CUYO,San Juan,Cuyo,San Juan,https://www.diariodecuyo.com.ar,"Crucigrama, un clásico que desafía la mente"
2026-06-21,2026-W25,provincial,DIARIO DE CUYO,San Juan,Cuyo,San Juan,https://www.diariodecuyo.com.ar,"Conexia, el juego de palabras que entretiene a millones"
2026-06-21,2026-W25,provincial,DIARIO DE CUYO,San Juan,Cuyo,San Juan,https://www.diariodecuyo.com.ar,Jugá y activá tu mente con Geo-Puzzle
2026-06-21,2026-W25,provincial,DIARIO DE CUYO,San Juan,Cuyo,San Juan,https://www.diariodecuyo.com.ar,"CazaPalabras, toda una prueba para tu memoria"
2026-06-21,2026-W25,provincial,DIARIO DE CUYO,San Juan,Cuyo,San Juan,https://www.diariodecuyo.com.ar,"Impactante accidente laboral: cortó una rama, cayó sobre su compañero y lo dejó grave"
2026-06-21,2026-W25,provincial,DIARIO DE CUYO,San Juan,Cuyo,San Juan,https://www.diariodecuyo.com.ar,"Un menor entró con un cuchillo a la casa de Enrique Conti, lo sorprendió mientras dormía y le robó el celular"
2026-06-21,2026-W25,provincial,DIARIO DE CUYO,San Juan,Cuyo,San Juan,https://www.diariodecuyo.com.ar,Operativo antidrogas en Pocito: allanaron varias viviendas y secuestraron estupefacientes en barrio Las Pampas
2026-06-21,2026-W25,provincial,DIARIO DE CUYO,San Juan,Cuyo,San Juan,https://www.diariodecuyo.com.ar,"[VIDEO] Así entraba a robar a una distribuidora en Rawson, lo identificaron y fue condenado a tres años de cárcel"
2026-06-21,2026-W25,provincial,DIARIO DE CUYO,San Juan,Cuyo,San Juan,https://www.diariodecuyo.com.ar,Jáchal: imputaron por intento de femicidio al joven que quiso prenderle fuego a su pareja
2026-06-21,2026-W25,provincial,DIARIO DE CUYO,San Juan,Cuyo,San Juan,https://www.diariodecuyo.com.ar,Encontraron al adolescente que era intensamente buscado en San Juan
2026-06-21,2026-W25,provincial,DIARIO DE CUYO,San Juan,Cuyo,San Juan,https://www.diariodecuyo.com.ar,¡Nuestra bandera nos une!
2026-06-21,2026-W25,provincial,DIARIO DE CUYO,San Juan,Cuyo,San Juan,https://www.diariodecuyo.com.ar,¡Argentina alienta y celebra!
2026-06-21,2026-W25,provincial,DIARIO DE CUYO,San Juan,Cuyo,San Juan,https://www.diariodecuyo.com.ar,¡Jugar nos une!
2026-06-21,2026-W25,provincial,DIARIO DE CUYO,San Juan,Cuyo,San Juan,https://www.diariodecuyo.com.ar,¡Jugar también es aprender!
2026-06-21,2026-W25,provincial,DIARIO DE CUYO,San Juan,Cuyo,San Juan,https://www.diariodecuyo.com.ar,"La Cámara Minera de San Juan, en alerta por seguridad jurídica ante conflicto de límites con La Rioja"
2026-06-21,2026-W25,provincial,DIARIO DE CUYO,San Juan,Cuyo,San Juan,https://www.diariodecuyo.com.ar,"INTA San Juan tras perder 13 trabajadores: ""No tenemos claro cuánto tiempo más se puede sostener esta situación. Es difícil trabajar así"""
2026-06-21,2026-W25,provincial,DIARIO DE CUYO,San Juan,Cuyo,San Juan,https://www.diariodecuyo.com.ar,Para el Colegio de Agrimensores no hay dudas en los límites San Juan - La Rioja
2026-06-21,2026-W25,provincial,DIARIO DE CUYO,San Juan,Cuyo,San Juan,https://www.diariodecuyo.com.ar,"Galería de fotos: las mejores postales de la apertura de ""Hola Tulum"" el primer open mall de San Juan"
2026-06-21,2026-W25,provincial,DIARIO DE CUYO,San Juan,Cuyo,San Juan,https://www.diariodecuyo.com.ar,"Inauguraron Hola Tulum, el primer Open Mall de San Juan con 22 locales y más de 500 empleos directos"
2026-06-21,2026-W25,provincial,DIARIO DE CUYO,San Juan,Cuyo,San Juan,https://www.diariodecuyo.com.ar,Hualilán confirmó que reanudará el transporte de mineral a Casposo en el cuarto trimestre del año
2026-06-21,2026-W25,provincial,DIARIO DE CUYO,San Juan,Cuyo,San Juan,https://www.diariodecuyo.com.ar,El porqué de la pausa en contratos locales: Hualilán redefine su perfil productivo tras el ingreso de nuevas autoridades
2026-06-21,2026-W25,provincial,DIARIO DE CUYO,San Juan,Cuyo,San Juan,https://www.diariodecuyo.com.ar,Huertas hidropónicas para escuelas de Calingasta
2026-06-21,2026-W25,provincial,DIARIO DE CUYO,San Juan,Cuyo,San Juan,https://www.diariodecuyo.com.ar,Minería en San Juan: suspendieron el transporte de mineral entre Hualilán y Casposo y crece la incertidumbre
2026-06-21,2026-W25,provincial,DIARIO DE CUYO,San Juan,Cuyo,San Juan,https://www.diariodecuyo.com.ar,"José Morea de Vicuña: ""Si se aprueba la inversión vamos a superar las metas que pide el RIGI"""
2026-06-21,2026-W25,provincial,DIARIO DE CUYO,San Juan,Cuyo,San Juan,https://www.diariodecuyo.com.ar,Vicuña tiene RIGI para convencer a sus accionistas y queda más cerca de iniciar la construcción
2026-06-21,2026-W25,provincial,DIARIO DE CUYO,San Juan,Cuyo,San Juan,https://www.diariodecuyo.com.ar,Las nuevas tendencias en construcción: qué cambió en el diseño de viviendas en Cuyo
2026-06-21,2026-W25,provincial,DIARIO DE CUYO,San Juan,Cuyo,San Juan,https://www.diariodecuyo.com.ar,Minería y obra pública: la gran promesa que ilusiona al sector del acero y el metal sanjuanino
2026-06-21,2026-W25,provincial,DIARIO DE CUYO,San Juan,Cuyo,San Juan,https://www.diariodecuyo.com.ar,Casas listas en 48 horas: el impactante desembarco de la impresión 3D de hormigón en Argentina
2026-06-21,2026-W25,provincial,DIARIO DE CUYO,San Juan,Cuyo,San Juan,https://www.diariodecuyo.com.ar,Biodigestor en San Juan: la nueva tendencia ecológica para tratar aguas residuales y cuidar el medio ambiente
2026-06-21,2026-W25,provincial,DIARIO DE CUYO,San Juan,Cuyo,San Juan,https://www.diariodecuyo.com.ar,Espacio de Marca
2026-06-21,2026-W25,provincial,DIARIO DE CUYO,San Juan,Cuyo,San Juan,https://www.diariodecuyo.com.ar,Día del Padre: Sporting sortea 20 camisetas oficiales de la Selección Argentina
2026-06-21,2026-W25,provincial,DIARIO DE CUYO,San Juan,Cuyo,San Juan,https://www.diariodecuyo.com.ar,"Te presentamos la novedosa ""tabla calienta pies"", un regalo ideal para el Día del Padre"
2026-06-21,2026-W25,provincial,EL ZONDA,San Juan,Cuyo,San Juan,https://www.diarioelzondasj.com.ar,Jornada familiar. Orrego difundió un mensaje por el Día del Padre en sus redes
2026-06-21,2026-W25,provincial,EL ZONDA,San Juan,Cuyo,San Juan,https://www.diarioelzondasj.com.ar,Mercado laboral. La UBA registró en marzo otra baja del empleo formal y más presión sobre los salarios
2026-06-21,2026-W25,provincial,EL ZONDA,San Juan,Cuyo,San Juan,https://www.diarioelzondasj.com.ar,Asistencia animal. Piden colaboración urgente por un gato herido en La Bebida
2026-06-21,2026-W25,provincial,EL ZONDA,San Juan,Cuyo,San Juan,https://www.diarioelzondasj.com.ar,Copa del Mundo. Mundial 2026: tres selecciones ya quedaron sin posibilidades de avanzar
2026-06-21,2026-W25,provincial,EL ZONDA,San Juan,Cuyo,San Juan,https://www.diarioelzondasj.com.ar,Clima provincial. San Juan inicia el invierno con advertencias por viento Zonda en la cordillera
2026-06-21,2026-W25,provincial,EL ZONDA,San Juan,Cuyo,San Juan,https://www.diarioelzondasj.com.ar,Búsqueda resuelta. Localizaron en San Juan al hombre de 37 años que había sido reportado como desaparecido
2026-06-21,2026-W25,provincial,EL ZONDA,San Juan,Cuyo,San Juan,https://www.diarioelzondasj.com.ar,Mundial 2026. Scaloni evalúa retoques en la formación argentina para el duelo con Austria
2026-06-21,2026-W25,provincial,EL ZONDA,San Juan,Cuyo,San Juan,https://www.diarioelzondasj.com.ar,Cambio de estación. Comienza el invierno en Argentina: qué es el solsticio y cuándo ocurre
2026-06-21,2026-W25,provincial,EL ZONDA,San Juan,Cuyo,San Juan,https://www.diarioelzondasj.com.ar,Mundial 2026. Ecuador dejó puntos ante Curazao y definirá su futuro en la última jornada
2026-06-21,2026-W25,provincial,EL ZONDA,San Juan,Cuyo,San Juan,https://www.diarioelzondasj.com.ar,Conflicto mediático. Florencia Peña evalúa llevar a la Justicia su salida de Luzu TV
2026-06-21,2026-W25,provincial,EL ZONDA,San Juan,Cuyo,San Juan,https://www.diarioelzondasj.com.ar,Pronóstico regional. San Juan tendrá un domingo frío y con chances de lluvias aisladas
2026-06-21,2026-W25,provincial,EL ZONDA,San Juan,Cuyo,San Juan,https://www.diarioelzondasj.com.ar,Definición juvenil. UVT celebró el título argentino juvenil tras superar a Valenciano en los penales
2026-06-21,2026-W25,provincial,EL ZONDA,San Juan,Cuyo,San Juan,https://www.diarioelzondasj.com.ar,Calendario familiar. El Día del Padre y el origen de una tradición que se expandió por el mundo
2026-06-21,2026-W25,provincial,EL ZONDA,San Juan,Cuyo,San Juan,https://www.diarioelzondasj.com.ar,Hecho policial. Robaron en la vivienda de Enrique Conti y la Policía arrestó a dos personas
2026-06-21,2026-W25,provincial,EL ZONDA,San Juan,Cuyo,San Juan,https://www.diarioelzondasj.com.ar,Copa del Mundo. Alemania resolvió sobre el cierre y avanzó en el Grupo E
2026-06-21,2026-W25,provincial,EL ZONDA,San Juan,Cuyo,San Juan,https://www.diarioelzondasj.com.ar,Operativo federal en marcha. Allanamientos en Pocito dejaron secuestro de droga en el barrio Las Pampas
2026-06-21,2026-W25,provincial,EL ZONDA,San Juan,Cuyo,San Juan,https://www.diarioelzondasj.com.ar,Bienestar y calendario. El Yellow Day del 20 de junio y los factores que lo vinculan con el mayor ánimo del año
2026-06-21,2026-W25,provincial,EL ZONDA,San Juan,Cuyo,San Juan,https://www.diarioelzondasj.com.ar,Homenaje a Belgrano. Más de 25.000 personas vibraron en Chimbas con una histórica Promesa de Lealtad a la Bandera
2026-06-21,2026-W25,provincial,EL ZONDA,San Juan,Cuyo,San Juan,https://www.diarioelzondasj.com.ar,Accidente en la capital. Un hombre cayó mientras podaba un árbol y fue llevado al Hospital Rawson
2026-06-21,2026-W25,provincial,EL ZONDA,San Juan,Cuyo,San Juan,https://www.diarioelzondasj.com.ar,Movilización peronista. Cristina Kirchner saludó desde su balcón a la militancia llegada tras la marcha en Parque Lezama
2026-06-21,2026-W25,provincial,EL ZONDA,San Juan,Cuyo,San Juan,https://www.diarioelzondasj.com.ar,Conmemoración en Miraflores. Adultos mayores de una residencia sanjuanina rindieron homenaje a la bandera argentina
2026-06-21,2026-W25,provincial,EL ZONDA,San Juan,Cuyo,San Juan,https://www.diarioelzondasj.com.ar,Inicio del Clausura. Desamparados festejó en Puyuta y tomó la punta en una fecha inicial con varios triunfos
2026-06-21,2026-W25,provincial,EL ZONDA,San Juan,Cuyo,San Juan,https://www.diarioelzondasj.com.ar,Resolución judicial. Imponen prisión efectiva a un sanjuanino por difusión de material de abuso sexual infantil
2026-06-21,2026-W25,provincial,EL ZONDA,San Juan,Cuyo,San Juan,https://www.diarioelzondasj.com.ar,Primera Nacional. San Martín se afirmó en Concepción y terminó la rueda inicial dentro del Reducido
2026-06-21,2026-W25,provincial,EL ZONDA,San Juan,Cuyo,San Juan,https://www.diarioelzondasj.com.ar,Ascenso sanjuanino. La vuelta del público de Del Bono quedó interrumpida por la suspensión del duelo ante Libertad Juvenil
2026-06-21,2026-W25,provincial,EL ZONDA,San Juan,Cuyo,San Juan,https://www.diarioelzondasj.com.ar,Acto patrio en Rosario. Milei reivindicó a Belgrano como referente del liberalismo económico
2026-06-21,2026-W25,provincial,EL ZONDA,San Juan,Cuyo,San Juan,https://www.diarioelzondasj.com.ar,Consumo en alza. Una fuerte afluencia de público impulsó las compras por el Día del Padre en San Juan
2026-06-21,2026-W25,provincial,EL ZONDA,San Juan,Cuyo,San Juan,https://www.diarioelzondasj.com.ar,Inseguridad en San Martín. Una jubilada fue asaltada con un hacha y le robaron sus ahorros en San Martín
2026-06-21,2026-W25,provincial,EL ZONDA,San Juan,Cuyo,San Juan,https://www.diarioelzondasj.com.ar,Operativo policial en Pocito. Recuperan en Alberdi una moto con pedido de secuestro vigente desde hace ocho años
2026-06-21,2026-W25,provincial,EL ZONDA,San Juan,Cuyo,San Juan,https://www.diarioelzondasj.com.ar,Respaldo político. Dignidad Ciudadana cerró filas con Orrego en la discusión por los límites provinciales
2026-06-21,2026-W25,provincial,EL ZONDA,San Juan,Cuyo,San Juan,https://www.diarioelzondasj.com.ar,Astronomía y ciencia. El eclipse solar total de 2027 marcará el mayor lapso de oscuridad del siglo XXI
2026-06-21,2026-W25,provincial,EL ZONDA,San Juan,Cuyo,San Juan,https://www.diarioelzondasj.com.ar,Alerta digital. Crecen los correos falsos que suplantan a ARCA para captar datos personales
2026-06-21,2026-W25,provincial,EL ZONDA,San Juan,Cuyo,San Juan,https://www.diarioelzondasj.com.ar,Reincidencia en el centro. Volvió a ser detenida una mujer acusada de intentar robar prendas en un comercio de Capital
2026-06-21,2026-W25,provincial,EL ZONDA,San Juan,Cuyo,San Juan,https://www.diarioelzondasj.com.ar,Repercusiones en el streaming. Florencia Peña quedó en el centro de la polémica y su entorno habló de un momento difícil
2026-06-21,2026-W25,provincial,EL ZONDA,San Juan,Cuyo,San Juan,https://www.diarioelzondasj.com.ar,Búsqueda cerrada. Localizaron en San Juan al adolescente de 17 años que era buscado desde el 19 de junio
2026-06-21,2026-W25,provincial,EL ZONDA,San Juan,Cuyo,San Juan,https://www.diarioelzondasj.com.ar,Nuevo episodio armado en Chimbas. Balearon una vivienda en Villa del Sur y hallaron 13 vainas servidas
2026-06-21,2026-W25,provincial,EL ZONDA,San Juan,Cuyo,San Juan,https://www.diarioelzondasj.com.ar,Sanción en Qom. Tribunal iraní impone 74 latigazos y restricciones a Parastoo Ahmadi por un recital sin velo
2026-06-21,2026-W25,provincial,EL ZONDA,San Juan,Cuyo,San Juan,https://www.diarioelzondasj.com.ar,"Día de la Bandera. Jessica Belgrano: ""Si hubiéramos conocido de verdad a Belgrano, la Argentina sería distinta"""
2026-06-21,2026-W25,provincial,EL ZONDA,San Juan,Cuyo,San Juan,https://www.diarioelzondasj.com.ar,"Cultura asiática. La llegada de Gino Drag, el sorteo de Stray Kids y concursos con dinero en efectivo: todo listo para ""Tokyo No Yoru"""
2026-06-21,2026-W25,provincial,EL ZONDA,San Juan,Cuyo,San Juan,https://www.diarioelzondasj.com.ar,Importante. Convocan a bailarines sanjuaninos para integrar la Gala Patria del 9 de Julio
2026-06-21,2026-W25,provincial,EL ZONDA,San Juan,Cuyo,San Juan,https://www.diarioelzondasj.com.ar,"Este sabado. ""Devotion"", la propuesta musical de Kapai Duo llega al Teatro del Bicentenario"
2026-06-21,2026-W25,provincial,EL ZONDA,San Juan,Cuyo,San Juan,https://www.diarioelzondasj.com.ar,Interesante. Sonido Real Reggae Fest celebra la historia y el presente del reggae sanjuanino
2026-06-21,2026-W25,provincial,EL ZONDA,San Juan,Cuyo,San Juan,https://www.diarioelzondasj.com.ar,Música fusión. Piel de Jarilla: El latido electrónico de la raíz cuyana
2026-06-21,2026-W25,provincial,EL ZONDA,San Juan,Cuyo,San Juan,https://www.diarioelzondasj.com.ar,Atención territorial. Operativo sanitario móvil atenderá en Pedernal durante una semana
2026-06-21,2026-W25,provincial,EL ZONDA,San Juan,Cuyo,San Juan,https://www.diarioelzondasj.com.ar,Festejos fundacionales. La Capital admite fallas en la entrega de entradas para la gala de la Fundación de San Juan
2026-06-21,2026-W25,provincial,EL ZONDA,San Juan,Cuyo,San Juan,https://www.diarioelzondasj.com.ar,Agenda productiva y cultural. La segunda edición de S.A.B.O.R. Sanjuanino reunirá a actores clave de la gastronomía provincial
2026-06-21,2026-W25,provincial,EL ZONDA,San Juan,Cuyo,San Juan,https://www.diarioelzondasj.com.ar,Alerta sanitaria. ¿Por qué hay tantas personas enfermas? La explicación de un experto que genera preocupación
2026-06-21,2026-W25,provincial,EL ZONDA,San Juan,Cuyo,San Juan,https://www.diarioelzondasj.com.ar,Firma y personalidad. Qué interpreta la grafología cuando una persona firma solo con la inicial
2026-06-21,2026-W25,provincial,EL ZONDA,San Juan,Cuyo,San Juan,https://www.diarioelzondasj.com.ar,Vida práctica. Cómo darles un nuevo uso a los imanes viejos que hay en casa
2026-06-21,2026-W25,provincial,EL ZONDA,San Juan,Cuyo,San Juan,https://www.diarioelzondasj.com.ar,Tecnología. WhatsApp suma funciones especiales por el Mundial 2026
2026-06-21,2026-W25,provincial,HUARPE,San Juan,Cuyo,San Juan,https://www.diariohuarpe.com,"Diario Huarpe: Últimas noticias de San Juan, Argentina y el mundo"
2026-06-21,2026-W25,provincial,HUARPE,San Juan,Cuyo,San Juan,https://www.diariohuarpe.com,"Después de más de 60 años, Rony Vargas dejó los domingos de Cadena 3"
2026-06-21,2026-W25,provincial,HUARPE,San Juan,Cuyo,San Juan,https://www.diariohuarpe.com,España le gana 3-0 a Arabia Saudí con gol de Yamal
2026-06-21,2026-W25,provincial,HUARPE,San Juan,Cuyo,San Juan,https://www.diariohuarpe.com,El historial de Argentina y Austria previo a un nuevo encuentro en el Mundial 2026
2026-06-21,2026-W25,provincial,HUARPE,San Juan,Cuyo,San Juan,https://www.diariohuarpe.com,De Kansas a Dallas: la travesía de GRUPO HUARPE por la histórica Ruta 66
2026-06-21,2026-W25,provincial,HUARPE,San Juan,Cuyo,San Juan,https://www.diariohuarpe.com,"Lucy y Zequi, los niños que caminaron junto a la Scaloneta"
2026-06-21,2026-W25,provincial,HUARPE,San Juan,Cuyo,San Juan,https://www.diariohuarpe.com,HUARPE vive desde adentro la previa del debut de Argentina en el Mundial
2026-06-21,2026-W25,provincial,HUARPE,San Juan,Cuyo,San Juan,https://www.diariohuarpe.com,Entre semitas y banderas: los sanjuaninos que se cruzó Grupo Huarpe en la Copa del Mundo
2026-06-21,2026-W25,provincial,HUARPE,San Juan,Cuyo,San Juan,https://www.diariohuarpe.com,Ecuador empató con Curazao y complicó sus chances en el Mundial 2026
2026-06-21,2026-W25,provincial,HUARPE,San Juan,Cuyo,San Juan,https://www.diariohuarpe.com,"""Son un equipo especial"": Una figura de Austria elogió a Messi y Argentina"
2026-06-21,2026-W25,provincial,HUARPE,San Juan,Cuyo,San Juan,https://www.diariohuarpe.com,Figura de Bélgica podría dejar el Mundial por el nacimiento de su hijo
2026-06-21,2026-W25,provincial,HUARPE,San Juan,Cuyo,San Juan,https://www.diariohuarpe.com,Ancelotti confirmó cuándo debutará Neymar en el Mundial
2026-06-21,2026-W25,provincial,HUARPE,San Juan,Cuyo,San Juan,https://www.diariohuarpe.com,Montiel tiene problemas físicos y perdería la titularidad contra Molina
2026-06-21,2026-W25,provincial,HUARPE,San Juan,Cuyo,San Juan,https://www.diariohuarpe.com,"Sobre el final, Alemania lo dio vuelta, ganó 2 a 1 a Costa de Marfil y pasa a 16avos del Mundial"
2026-06-21,2026-W25,provincial,HUARPE,San Juan,Cuyo,San Juan,https://www.diariohuarpe.com,Grupos y resultados
2026-06-21,2026-W25,provincial,HUARPE,San Juan,Cuyo,San Juan,https://www.diariohuarpe.com,Fixture: resultados y posiciones en vivo
2026-06-21,2026-W25,provincial,HUARPE,San Juan,Cuyo,San Juan,https://www.diariohuarpe.com,Le robaron mientras dormía y el GPS del celular permitió hallar a los ladrones
2026-06-21,2026-W25,provincial,HUARPE,San Juan,Cuyo,San Juan,https://www.diariohuarpe.com,"“Vamos a defender lo que nos corresponde”, afirmaron desde La Rioja"
2026-06-21,2026-W25,provincial,HUARPE,San Juan,Cuyo,San Juan,https://www.diariohuarpe.com,Colapinto volverá a subirse al Lotus E20 en el Festival Goodwood
2026-06-21,2026-W25,provincial,HUARPE,San Juan,Cuyo,San Juan,https://www.diariohuarpe.com,La emotiva promesa de bandera de chicos de Iglesia con la Cordillera nevada de fondo
2026-06-21,2026-W25,provincial,HUARPE,San Juan,Cuyo,San Juan,https://www.diariohuarpe.com,LLA refuerza su armado en San Juan con nueva sede en Chimbas
2026-06-21,2026-W25,provincial,HUARPE,San Juan,Cuyo,San Juan,https://www.diariohuarpe.com,Policía Federal detectó una venta de droga en el microcentro
2026-06-21,2026-W25,provincial,HUARPE,San Juan,Cuyo,San Juan,https://www.diariohuarpe.com,"Karim Adarvez, judoca sanjuanino, logró una medalla internacional en Buenos Aires"
2026-06-21,2026-W25,provincial,HUARPE,San Juan,Cuyo,San Juan,https://www.diariohuarpe.com,La fiebre por las figuritas del Mundial 2026 creó un mercado paralelo millonario
2026-06-21,2026-W25,provincial,HUARPE,San Juan,Cuyo,San Juan,https://www.diariohuarpe.com,Estados Unidos e Irán retomaron el diálogo con foco en el cese del fuego y el programa nuclear
2026-06-21,2026-W25,provincial,HUARPE,San Juan,Cuyo,San Juan,https://www.diariohuarpe.com,Últimas noticias
2026-06-21,2026-W25,provincial,HUARPE,San Juan,Cuyo,San Juan,https://www.diariohuarpe.com,Faustino Oro volvió a sorprender al mundo del ajedrez con una victoria histórica ante Duda
2026-06-21,2026-W25,provincial,HUARPE,San Juan,Cuyo,San Juan,https://www.diariohuarpe.com,"Tokyo No Yoru prepara una nueva edición con concursos, workshops y shows especiales"
2026-06-21,2026-W25,provincial,HUARPE,San Juan,Cuyo,San Juan,https://www.diariohuarpe.com,Así estará el tiempo en San Juan este domingo Día del Padre
2026-06-21,2026-W25,provincial,HUARPE,San Juan,Cuyo,San Juan,https://www.diariohuarpe.com,Un sanjuanino competirá en la élite mundial de las carreras de montaña
2026-06-21,2026-W25,provincial,HUARPE,San Juan,Cuyo,San Juan,https://www.diariohuarpe.com,"Japón aplastó a Túnez, hizo historia y quedó cerca de la clasificación"
2026-06-21,2026-W25,provincial,HUARPE,San Juan,Cuyo,San Juan,https://www.diariohuarpe.com,Realizaron un importante despliegue antidroga en un barrio de Pocito
2026-06-21,2026-W25,provincial,HUARPE,San Juan,Cuyo,San Juan,https://www.diariohuarpe.com,Condenaron a seis meses de cárcel al hombre que golpeó salvajemente a su pareja
2026-06-21,2026-W25,provincial,HUARPE,San Juan,Cuyo,San Juan,https://www.diariohuarpe.com,"Robo, persecución y vuelco en Pocito: condenaron a los dos detenidos"
2026-06-21,2026-W25,provincial,HUARPE,San Juan,Cuyo,San Juan,https://www.diariohuarpe.com,Mena negó que la intersindical compita con la CGT
2026-06-21,2026-W25,provincial,HUARPE,San Juan,Cuyo,San Juan,https://www.diariohuarpe.com,"El programa Aprender, Trabajar y Producir sumará más oficios este 2026"
2026-06-21,2026-W25,provincial,HUARPE,San Juan,Cuyo,San Juan,https://www.diariohuarpe.com,Joaquín Furriel llega con “Ricardo III”: “Es una obra para hablar del poder y la impunidad”
2026-06-21,2026-W25,provincial,HUARPE,San Juan,Cuyo,San Juan,https://www.diariohuarpe.com,ctor Menéndez analizó el avance del autodespacho en estaciones de servicio
2026-06-21,2026-W25,provincial,HUARPE,San Juan,Cuyo,San Juan,https://www.diariohuarpe.com,Orrego salió al cruce de Quintela y defendió los límites de San Juan
2026-06-21,2026-W25,provincial,HUARPE,San Juan,Cuyo,San Juan,https://www.diariohuarpe.com,"España, Uruguay y Bélgica buscan su primer triunfo este domingo"
2026-06-21,2026-W25,provincial,HUARPE,San Juan,Cuyo,San Juan,https://www.diariohuarpe.com,Dante Alighieri y Néstor Kirchner se enfrentaron en UPD
2026-06-21,2026-W25,provincial,HUARPE,San Juan,Cuyo,San Juan,https://www.diariohuarpe.com,"UPD: amistad, anécdotas y emoción en el duelo entre Caucete y Capital"
2026-06-21,2026-W25,provincial,HUARPE,San Juan,Cuyo,San Juan,https://www.diariohuarpe.com,María Auxiliadora y Provincia de Tucumán dieron batalla en UPD
2026-06-21,2026-W25,provincial,HUARPE,San Juan,Cuyo,San Juan,https://www.diariohuarpe.com,"UPD: hubo cumpleaños, apareció el comodín y el duelo parejo"
2026-06-21,2026-W25,provincial,HUARPE,San Juan,Cuyo,San Juan,https://www.diariohuarpe.com,San Martín venció a Agropecuario e ingresó a zona de playoffs
2026-06-21,2026-W25,provincial,HUARPE,San Juan,Cuyo,San Juan,https://www.diariohuarpe.com,Un móvil de la Policía Federal se prendió fuego en la vía pública
2026-06-21,2026-W25,provincial,HUARPE,San Juan,Cuyo,San Juan,https://www.diariohuarpe.com,"Podaba un árbol, cayó de altura y terminó hospitalizado"
2026-06-21,2026-W25,provincial,HUARPE,San Juan,Cuyo,San Juan,https://www.diariohuarpe.com,Las compras de último momento impulsan las ventas por el Día del Padre
2026-06-21,2026-W25,provincial,HUARPE,San Juan,Cuyo,San Juan,https://www.diariohuarpe.com,Aparecieron videos de Jésica Cirio con miles de dólares que complicarían a Martín Insaurralde
2026-06-21,2026-W25,provincial,HUARPE,San Juan,Cuyo,San Juan,https://www.diariohuarpe.com,Edición impresa
2026-06-21,2026-W25,provincial,DIARIO DE LA REPÚBLICA,San Luis,Cuyo,San Luis,https://www.eldiariodelarepublica.com,El Diario de la República
2026-06-21,2026-W25,provincial,DIARIO DE LA REPÚBLICA,San Luis,Cuyo,San Luis,https://www.eldiariodelarepublica.com,Leve sismo con epicentro cerca de Villa Mercedes
2026-06-21,2026-W25,provincial,DIARIO DE LA REPÚBLICA,San Luis,Cuyo,San Luis,https://www.eldiariodelarepublica.com,"Alberto Rodríguez Saá: ""En cuatro o cinco meses se puede reconstruir San Luis"""
2026-06-21,2026-W25,provincial,DIARIO DE LA REPÚBLICA,San Luis,Cuyo,San Luis,https://www.eldiariodelarepublica.com,El Solar de las Miradas cumple 20 años: el rincón puntano que enseña a observar el cosmos
2026-06-21,2026-W25,provincial,DIARIO DE LA REPÚBLICA,San Luis,Cuyo,San Luis,https://www.eldiariodelarepublica.com,"Registro de los restos: la memoria fragmentada de ""Sara"""
2026-06-21,2026-W25,provincial,DIARIO DE LA REPÚBLICA,San Luis,Cuyo,San Luis,https://www.eldiariodelarepublica.com,"La nueva etapa de Cerúndulo, primer título ATP 500, en césped, y con estreno de coach"
2026-06-21,2026-W25,provincial,DIARIO DE LA REPÚBLICA,San Luis,Cuyo,San Luis,https://www.eldiariodelarepublica.com,Ocho selecciones buscan su primera victoria
2026-06-21,2026-W25,provincial,DIARIO DE LA REPÚBLICA,San Luis,Cuyo,San Luis,https://www.eldiariodelarepublica.com,Japón goleó 4 a 0 a Túnez y lo sacó del Mundial
2026-06-21,2026-W25,provincial,DIARIO DE LA REPÚBLICA,San Luis,Cuyo,San Luis,https://www.eldiariodelarepublica.com,Ecuador empató ante Curazao y quedó al borde de la eliminación
2026-06-21,2026-W25,provincial,DIARIO DE LA REPÚBLICA,San Luis,Cuyo,San Luis,https://www.eldiariodelarepublica.com,Joaquim Lucero otra vez en la cima de la Matemática nacional
2026-06-21,2026-W25,provincial,DIARIO DE LA REPÚBLICA,San Luis,Cuyo,San Luis,https://www.eldiariodelarepublica.com,"El Club Rincón celebra 70 años de pasión, identidad y pertenencia"
2026-06-21,2026-W25,provincial,DIARIO DE LA REPÚBLICA,San Luis,Cuyo,San Luis,https://www.eldiariodelarepublica.com,La Cámara de Comercio de Potrero de los Funes lanza un circuito de QR
2026-06-21,2026-W25,provincial,DIARIO DE LA REPÚBLICA,San Luis,Cuyo,San Luis,https://www.eldiariodelarepublica.com,"No es un domingo cualquiera: Día del Padre, empieza el invierno y luna en cuarto creciente"
2026-06-21,2026-W25,provincial,DIARIO DE LA REPÚBLICA,San Luis,Cuyo,San Luis,https://www.eldiariodelarepublica.com,"Olivia, un caso urgente que no encuentra respuestas rápidas"
2026-06-21,2026-W25,provincial,DIARIO DE LA REPÚBLICA,San Luis,Cuyo,San Luis,https://www.eldiariodelarepublica.com,Cinismo: Poggi festejó que hay más presos mientras los robos no paran
2026-06-21,2026-W25,provincial,DIARIO DE LA REPÚBLICA,San Luis,Cuyo,San Luis,https://www.eldiariodelarepublica.com,"Bartolomé Abdala quiere ser gobernador de San Luis: ""Tengo el traje puesto"""
2026-06-21,2026-W25,provincial,DIARIO DE LA REPÚBLICA,San Luis,Cuyo,San Luis,https://www.eldiariodelarepublica.com,"El ""Año de la Educación"" de Poggi: parches para un sistema en ruinas"
2026-06-21,2026-W25,provincial,DIARIO DE LA REPÚBLICA,San Luis,Cuyo,San Luis,https://www.eldiariodelarepublica.com,Vecinos piden más actos oficiales para que el Municipio haga arreglos en las plazas
2026-06-21,2026-W25,provincial,DIARIO DE LA REPÚBLICA,San Luis,Cuyo,San Luis,https://www.eldiariodelarepublica.com,Juventud empató con Fadep en El Bajo; alerta el presente sin triunfos
2026-06-21,2026-W25,provincial,DIARIO DE LA REPÚBLICA,San Luis,Cuyo,San Luis,https://www.eldiariodelarepublica.com,Denuncia e investigación judicial por incendios en Cafayate
2026-06-21,2026-W25,provincial,DIARIO DE LA REPÚBLICA,San Luis,Cuyo,San Luis,https://www.eldiariodelarepublica.com,Encontraron sin vida a un hombre en el Anexo 3 del Eva Perón
2026-06-21,2026-W25,provincial,DIARIO DE LA REPÚBLICA,San Luis,Cuyo,San Luis,https://www.eldiariodelarepublica.com,Detuvieron a seis personas por la muerte de la joven lanzada sin cuerda desde un puente
2026-06-21,2026-W25,provincial,DIARIO DE LA REPÚBLICA,San Luis,Cuyo,San Luis,https://www.eldiariodelarepublica.com,¿Quién es el empresario puntano acusado por el gobernador de Mendoza de hacer fake news?
2026-06-21,2026-W25,provincial,DIARIO DE LA REPÚBLICA,San Luis,Cuyo,San Luis,https://www.eldiariodelarepublica.com,El consumo sigue estancado y no muestra señales de recuperación
2026-06-21,2026-W25,provincial,DIARIO DE LA REPÚBLICA,San Luis,Cuyo,San Luis,https://www.eldiariodelarepublica.com,Se acerca el juicio oral por un tremendo accidente
2026-06-21,2026-W25,provincial,DIARIO DE LA REPÚBLICA,San Luis,Cuyo,San Luis,https://www.eldiariodelarepublica.com,"El Chevrolet Sonic, la ‘nueva maravilla’ que transita por las calles y rutas de San Luis"
2026-06-21,2026-W25,provincial,DIARIO DE LA REPÚBLICA,San Luis,Cuyo,San Luis,https://www.eldiariodelarepublica.com,"Camino a Terrazas de Portezuelo, un hombre duerme sin abrigo, adentro de un canal"
2026-06-21,2026-W25,provincial,DIARIO DE LA REPÚBLICA,San Luis,Cuyo,San Luis,https://www.eldiariodelarepublica.com,Tenía 164 mil imágenes de abuso sexual infantil y pasará cuatro años de prisión en su casa
2026-06-21,2026-W25,provincial,DIARIO DE LA REPÚBLICA,San Luis,Cuyo,San Luis,https://www.eldiariodelarepublica.com,Un policía de franco evitó que un joven se lanzara de un puente
2026-06-21,2026-W25,provincial,DIARIO DE LA REPÚBLICA,San Luis,Cuyo,San Luis,https://www.eldiariodelarepublica.com,Lo acusan de nueve violaciones y podría pasar 20 años en la cárcel
2026-06-21,2026-W25,provincial,DIARIO DE LA REPÚBLICA,San Luis,Cuyo,San Luis,https://www.eldiariodelarepublica.com,"Otro empate de San Luis FC, que suma y suma de visitante"
2026-06-21,2026-W25,provincial,DIARIO DE LA REPÚBLICA,San Luis,Cuyo,San Luis,https://www.eldiariodelarepublica.com,Fattori será el tercer refuerzo de River
2026-06-21,2026-W25,provincial,DIARIO DE LA REPÚBLICA,San Luis,Cuyo,San Luis,https://www.eldiariodelarepublica.com,"El ""Vasco"" Arruabarrena ya está al frente del ""nuevo Boca"""
2026-06-21,2026-W25,provincial,DIARIO DE LA REPÚBLICA,San Luis,Cuyo,San Luis,https://www.eldiariodelarepublica.com,Disney Suite Arena llega a Roma Multiespacio
2026-06-21,2026-W25,provincial,DIARIO DE LA REPÚBLICA,San Luis,Cuyo,San Luis,https://www.eldiariodelarepublica.com,"A treinta años de su primera historia, los juguetes demuestran su vigencia"
2026-06-21,2026-W25,provincial,DIARIO DE LA REPÚBLICA,San Luis,Cuyo,San Luis,https://www.eldiariodelarepublica.com,"""Al pan pan"", la sala de teatro en donde el calor humano le ganó al frío"
2026-06-21,2026-W25,provincial,DIARIO DE LA REPÚBLICA,San Luis,Cuyo,San Luis,https://www.eldiariodelarepublica.com,"Taty, la mujer que convirtió el dolor en memoria"
2026-06-21,2026-W25,provincial,DIARIO DE LA REPÚBLICA,San Luis,Cuyo,San Luis,https://www.eldiariodelarepublica.com,"Axel: ""Soy de los que creen que siempre se sale adelante"""
2026-06-21,2026-W25,provincial,DIARIO DE LA REPÚBLICA,San Luis,Cuyo,San Luis,https://www.eldiariodelarepublica.com,"Ángel sin alas y demonio sin cuernos, el rostro gustoso de un artista sinigual"
2026-06-21,2026-W25,provincial,DIARIO DE LA REPÚBLICA,San Luis,Cuyo,San Luis,https://www.eldiariodelarepublica.com,“Mantenerse es todo”: la cruda realidad que golpea al turismo y al comercio en Potrero
2026-06-21,2026-W25,provincial,DIARIO DE LA REPÚBLICA,San Luis,Cuyo,San Luis,https://www.eldiariodelarepublica.com,"Con un presente en rojo, la crisis del turismo golpea con fuerza en Merlo"
2026-06-21,2026-W25,provincial,DIARIO DE LA REPÚBLICA,San Luis,Cuyo,San Luis,https://www.eldiariodelarepublica.com,El BNA San Luis aseguró que no hay directiva para congelar cuentas sueldo
2026-06-21,2026-W25,provincial,DIARIO DE LA REPÚBLICA,San Luis,Cuyo,San Luis,https://www.eldiariodelarepublica.com,Tilisarao vibró con la Feria de Colectividades del Colegio Nuestra Señora Inmaculada
2026-06-21,2026-W25,provincial,DIARIO DE LA REPÚBLICA,San Luis,Cuyo,San Luis,https://www.eldiariodelarepublica.com,"Guadalupe, un rostro infantil que lleva cinco años de silencio"
2026-06-21,2026-W25,provincial,DIARIO DE LA REPÚBLICA,San Luis,Cuyo,San Luis,https://www.eldiariodelarepublica.com,Chicos de una escuela de Tilisarao tiñieron de celeste y blanco todo el edificio
2026-06-21,2026-W25,provincial,DIARIO DE LA REPÚBLICA,San Luis,Cuyo,San Luis,https://www.eldiariodelarepublica.com,Día del Padre: Sporting sortea 20 camisetas oficiales de la Selección Argentina
2026-06-21,2026-W25,provincial,DIARIO DE LA REPÚBLICA,San Luis,Cuyo,San Luis,https://www.eldiariodelarepublica.com,"Ahora, se podrán pagar las apuestas por medio de un alias"
2026-06-21,2026-W25,provincial,DIARIO DE LA REPÚBLICA,San Luis,Cuyo,San Luis,https://www.eldiariodelarepublica.com,Familia Parra y BYD llegan con un test drive masivo de vehículos híbridos y eléctricos
2026-06-21,2026-W25,provincial,DIARIO DE LA REPÚBLICA,San Luis,Cuyo,San Luis,https://www.eldiariodelarepublica.com,El PJ de Villa Mercedes se planta en defensa del INTI y contra el ajuste nacional
2026-06-21,2026-W25,provincial,DIARIO DE LA REPÚBLICA,San Luis,Cuyo,San Luis,https://www.eldiariodelarepublica.com,"Con una venta histórica, homenajes y emociones, ""Alfredo S. Mondino"" festejó sus 44 años"
2026-06-21,2026-W25,provincial,EL CHORRILLERO,San Luis,Cuyo,San Luis,https://www.elchorrillero.com,"El paquete económico de Poggi. RIPEE: el plan del Gobierno para potenciar el sector privado, atraer inversiones y generar empleo"
2026-06-21,2026-W25,provincial,EL CHORRILLERO,San Luis,Cuyo,San Luis,https://www.elchorrillero.com,Qué buscan hoy los trabajadores que también son papás
2026-06-21,2026-W25,provincial,EL CHORRILLERO,San Luis,Cuyo,San Luis,https://www.elchorrillero.com,Historias de San Luis: algunos nombres de operadores de radio
2026-06-21,2026-W25,provincial,EL CHORRILLERO,San Luis,Cuyo,San Luis,https://www.elchorrillero.com,"Domingo decisivo en el Mundial 2026: España, Uruguay y Bélgica salen a escena en la fecha 2"
2026-06-21,2026-W25,provincial,EL CHORRILLERO,San Luis,Cuyo,San Luis,https://www.elchorrillero.com,Se registró un sismo en San Luis con epicentro en Villa Mercedes
2026-06-21,2026-W25,provincial,EL CHORRILLERO,San Luis,Cuyo,San Luis,https://www.elchorrillero.com,Trump advirtió que volverán los ataques si Irán no deja de “ocasionar problemas” en Líbano
2026-06-21,2026-W25,provincial,EL CHORRILLERO,San Luis,Cuyo,San Luis,https://www.elchorrillero.com,"Sotanas, libros y un legado: un museo para recordar a monseñor Miranda, el sacerdote que está en el corazón de los villamercedinos"
2026-06-21,2026-W25,provincial,EL CHORRILLERO,San Luis,Cuyo,San Luis,https://www.elchorrillero.com,Francisco Cerúndolo derrotó a Tommy Paul y se convirtió en el primer argentino campeón del ATP 500 de Queen’s
2026-06-21,2026-W25,provincial,EL CHORRILLERO,San Luis,Cuyo,San Luis,https://www.elchorrillero.com,El intendente Hissa supervisó la repavimentación de Martín de Loyola y confirmó que será inaugurada el 1 de julio
2026-06-21,2026-W25,provincial,EL CHORRILLERO,San Luis,Cuyo,San Luis,https://www.elchorrillero.com,Difundieron videos de Jésica Cirio con bolsas llenas de dólares en la casa de Martín Insaurralde
2026-06-21,2026-W25,provincial,EL CHORRILLERO,San Luis,Cuyo,San Luis,https://www.elchorrillero.com,Mundial: las agresiones por violencia de género aumentan hasta un 30% durante los partidos
2026-06-21,2026-W25,provincial,EL CHORRILLERO,San Luis,Cuyo,San Luis,https://www.elchorrillero.com,León XIV en Argentina: crece la expectativa por una visita histórica y ya analizan posibles recorridos
2026-06-21,2026-W25,provincial,EL CHORRILLERO,San Luis,Cuyo,San Luis,https://www.elchorrillero.com,Grupo Paris presentó en San Luis el nuevo Chevrolet Sonic con test drive y experiencias para el público
2026-06-21,2026-W25,provincial,EL CHORRILLERO,San Luis,Cuyo,San Luis,https://www.elchorrillero.com,En San Luis evalúan los juegos con premios vinculados al Mundial
2026-06-21,2026-W25,provincial,EL CHORRILLERO,San Luis,Cuyo,San Luis,https://www.elchorrillero.com,Correr como una forma de vida. ¿Por qué cada vez más personas eligen el running en Villa Mercedes?
2026-06-21,2026-W25,provincial,EL CHORRILLERO,San Luis,Cuyo,San Luis,https://www.elchorrillero.com,Cómo ayudar a que las mascotas vivan más y mejor: los cuidados clave para una vejez saludable
2026-06-21,2026-W25,provincial,EL CHORRILLERO,San Luis,Cuyo,San Luis,https://www.elchorrillero.com,"Cobró dos veces una indemnización por error, no devolvió el dinero y fue condenado junto a su ex esposa"
2026-06-21,2026-W25,provincial,EL CHORRILLERO,San Luis,Cuyo,San Luis,https://www.elchorrillero.com,Presentaron un proyecto para regular la instalación de antenas de telefonía en Villa de Merlo
2026-06-21,2026-W25,provincial,EL CHORRILLERO,San Luis,Cuyo,San Luis,https://www.elchorrillero.com,Promesas de ganancias rápidas: la estafa que más creció en San Luis en lo que va de 2026
2026-06-21,2026-W25,provincial,EL CHORRILLERO,San Luis,Cuyo,San Luis,https://www.elchorrillero.com,Del potrero al casino virtual: cómo el Mundial normalizó las apuestas online en los adolescentes
2026-06-21,2026-W25,provincial,EL CHORRILLERO,San Luis,Cuyo,San Luis,https://www.elchorrillero.com,Las negociaciones de paz entre Irán y EE.UU. se reactivan en Suiza tras una crítica escalada militar
2026-06-21,2026-W25,provincial,EL CHORRILLERO,San Luis,Cuyo,San Luis,https://www.elchorrillero.com,Horóscopo del domingo 21 de junio: llega el Solsticio y un signo recibe un giro cósmico inolvidable
2026-06-21,2026-W25,provincial,EL CHORRILLERO,San Luis,Cuyo,San Luis,https://www.elchorrillero.com,Advierten que 1 de cada 5 jóvenes en EE.UU. ya utiliza IA como consejera emocional
2026-06-21,2026-W25,provincial,EL CHORRILLERO,San Luis,Cuyo,San Luis,https://www.elchorrillero.com,Los testimonios de 79 veteranos de Malvinas llegaron a escuelas y bibliotecas del interior provincial
2026-06-21,2026-W25,provincial,EL CHORRILLERO,San Luis,Cuyo,San Luis,https://www.elchorrillero.com,El plan desestabilizador de Alberto Rodríguez Saá
2026-06-21,2026-W25,provincial,EL CHORRILLERO,San Luis,Cuyo,San Luis,https://www.elchorrillero.com,"“Gracias Alberto, el dinero está ´robado´”"
2026-06-21,2026-W25,provincial,EL CHORRILLERO,San Luis,Cuyo,San Luis,https://www.elchorrillero.com,Scaloni analiza cambios para enfrentar a Austria y mantiene abiertas varias dudas en la formación
2026-06-21,2026-W25,provincial,EL CHORRILLERO,San Luis,Cuyo,San Luis,https://www.elchorrillero.com,Bielsa criticó las pausas de hidratación del Mundial 2026: “No le agregan nada y le quitan mucho”
2026-06-21,2026-W25,provincial,EL CHORRILLERO,San Luis,Cuyo,San Luis,https://www.elchorrillero.com,El posible 11 titular de la Selección argentina para enfrentar a Austria en el Mundial 2026
2026-06-21,2026-W25,provincial,EL CHORRILLERO,San Luis,Cuyo,San Luis,https://www.elchorrillero.com,Una figura de Alemania se lesionó y peligra su continuidad en el Mundial
2026-06-21,2026-W25,provincial,EL CHORRILLERO,San Luis,Cuyo,San Luis,https://www.elchorrillero.com,Video: por la Ley Vinícius el paraguayo Almirón fue el primer expulsado en la historia de los mundiales
2026-06-21,2026-W25,provincial,EL CHORRILLERO,San Luis,Cuyo,San Luis,https://www.elchorrillero.com,Colombia elige Presidente: continuidad a la izquierda o posibilidad a la extrema derecha
2026-06-21,2026-W25,provincial,EL CHORRILLERO,San Luis,Cuyo,San Luis,https://www.elchorrillero.com,Ranking de inflación: San Luis fue la provincia con menor aumento de precios en mayo
2026-06-21,2026-W25,provincial,EL CHORRILLERO,San Luis,Cuyo,San Luis,https://www.elchorrillero.com,Preocupación por la salud de Luis Miguel: “Es grave y está delicado”
2026-06-21,2026-W25,provincial,EL CHORRILLERO,San Luis,Cuyo,San Luis,https://www.elchorrillero.com,"Cómo cambió el rol del padre: más diálogo, acompañamiento y nuevos desafíos en la crianza"
2026-06-21,2026-W25,provincial,EL CHORRILLERO,San Luis,Cuyo,San Luis,https://www.elchorrillero.com,Minería en San Luis: la Provincia busca formalizar la actividad con beneficios fiscales
2026-06-21,2026-W25,provincial,EL CHORRILLERO,San Luis,Cuyo,San Luis,https://www.elchorrillero.com,“Tomaba agua del río y comía pasto”: así sobrevivió el joven que estuvo desaparecido 19 días
2026-06-21,2026-W25,provincial,EL CHORRILLERO,San Luis,Cuyo,San Luis,https://www.elchorrillero.com,"Tragedia: cayeron dentro de un arroyo y murieron un hombre, una mujer y un bebé"
2026-06-21,2026-W25,provincial,EL CHORRILLERO,San Luis,Cuyo,San Luis,https://www.elchorrillero.com,“¡Te vas de acá!”: Mirtha Legrand a Joaquín Levinton tras una pregunta íntima
2026-06-21,2026-W25,provincial,EL CHORRILLERO,San Luis,Cuyo,San Luis,https://www.elchorrillero.com,"En el partido número 1000 de los mundiales, Japón goleó a Túnez"
2026-06-21,2026-W25,provincial,EL CHORRILLERO,San Luis,Cuyo,San Luis,https://www.elchorrillero.com,Juventud no pudo con Fadep y hace seis partidos que no gana
2026-06-21,2026-W25,provincial,EL CHORRILLERO,San Luis,Cuyo,San Luis,https://www.elchorrillero.com,Calendario de pagos ANSES: quiénes cobran a partir del lunes 22 de junio con montos y bonos
2026-06-21,2026-W25,provincial,EL CHORRILLERO,San Luis,Cuyo,San Luis,https://www.elchorrillero.com,Jésica Cirio: en las imágenes “se detectan manipulaciones”
2026-06-21,2026-W25,provincial,EL CHORRILLERO,San Luis,Cuyo,San Luis,https://www.elchorrillero.com,Países Bajos aplastó a Suecia con una histórica goleada y encamina su clasificación en el Mundial
2026-06-21,2026-W25,provincial,EL CHORRILLERO,San Luis,Cuyo,San Luis,https://www.elchorrillero.com,En cuatro localidades. Poggi puso fecha a nuevas entregas y anticipó más viviendas en el interior provincial
2026-06-21,2026-W25,provincial,EL CHORRILLERO,San Luis,Cuyo,San Luis,https://www.elchorrillero.com,Emotiva promesa y jura a la bandera en la ciudad de San Luis: alumnos y soldados renovaron su compromiso patrio
2026-06-21,2026-W25,provincial,EL CHORRILLERO,San Luis,Cuyo,San Luis,https://www.elchorrillero.com,"En tiempo de descuento, Alemania se lo dio vuelta y le ganó a Costa de Marfil"
2026-06-21,2026-W25,provincial,EL CHORRILLERO,San Luis,Cuyo,San Luis,https://www.elchorrillero.com,Sorpresa: Ecuador empató con Curazao y tendrá la obligación de ganarle a Alemania para clasificar
2026-06-21,2026-W25,provincial,EL CHORRILLERO,San Luis,Cuyo,San Luis,https://www.elchorrillero.com,Milei con Adorni en el Acto por el Día de la Bandera: “Belgrano fue el primer intelectual liberal”
2026-06-21,2026-W25,provincial,EL CHORRILLERO,San Luis,Cuyo,San Luis,https://www.elchorrillero.com,El intendente Hissa supervisó la obra de la plaza del barrio AMEP
2026-06-21,2026-W25,provincial,VILLA MERCEDES INFO,San Luis,Cuyo,Villa Mercedes,https://www.villamercedes.info,La Diffusione di PayPal nelle Scommesse secondo Betzoid Italia
2026-06-21,2026-W25,provincial,VILLA MERCEDES INFO,San Luis,Cuyo,Villa Mercedes,https://www.villamercedes.info,Milei y Pullaro protagonizaron cruces discursivos sobre Manuel Belgrano durante el acto por el Día de la Bandera en Rosario
2026-06-21,2026-W25,provincial,VILLA MERCEDES INFO,San Luis,Cuyo,Villa Mercedes,https://www.villamercedes.info,“Pequeño J” denunció presuntas “torturas psicológicas” en la cárcel de Marcos Paz y pidió videollamadas con su familia
2026-06-21,2026-W25,provincial,VILLA MERCEDES INFO,San Luis,Cuyo,Villa Mercedes,https://www.villamercedes.info,Mes de la Leche: Mastellone Hnos. entrega más de 250.000 vasos durante junio
2026-06-21,2026-W25,provincial,VILLA MERCEDES INFO,San Luis,Cuyo,Villa Mercedes,https://www.villamercedes.info,Mundial 2026 y apuestas online: alertan por el crecimiento del juego entre adolescentes y el uso indebido de tarjetas familiares
2026-06-21,2026-W25,provincial,VILLA MERCEDES INFO,San Luis,Cuyo,Villa Mercedes,https://www.villamercedes.info,Villa Mercedes: difundieron el video de un robo a una camioneta y piden identificar al presunto autor
2026-06-21,2026-W25,provincial,VILLA MERCEDES INFO,San Luis,Cuyo,Villa Mercedes,https://www.villamercedes.info,Los videos con dólares reactivan la investigación sobre Insaurralde y Jesica Cirio
2026-06-21,2026-W25,provincial,VILLA MERCEDES INFO,San Luis,Cuyo,Villa Mercedes,https://www.villamercedes.info,Hallaron muerto a un hombre de 75 años en una vivienda del barrio Eva Perón de San Luis
2026-06-21,2026-W25,provincial,VILLA MERCEDES INFO,San Luis,Cuyo,Villa Mercedes,https://www.villamercedes.info,Desbarataron un kiosco de droga en el barrio Independencia: dos detenidos
2026-06-21,2026-W25,provincial,VILLA MERCEDES INFO,San Luis,Cuyo,Villa Mercedes,https://www.villamercedes.info,Rescataron a diez mujeres víctimas de explotación sexual en un falso spa de Caballito
2026-06-21,2026-W25,provincial,VILLA MERCEDES INFO,San Luis,Cuyo,Villa Mercedes,https://www.villamercedes.info,Irán cierra el Estrecho de Ormuz tras ataques en Líbano y acusa a Estados Unidos de “romper el pacto”
2026-06-21,2026-W25,provincial,VILLA MERCEDES INFO,San Luis,Cuyo,Villa Mercedes,https://www.villamercedes.info,Brasil goleó a Haití y quedó como líder del Grupo C en el Mundial 2026
2026-06-21,2026-W25,provincial,VILLA MERCEDES INFO,San Luis,Cuyo,Villa Mercedes,https://www.villamercedes.info,Argelia denunció a la FIFA el arbitraje ante Argentina y pidió revisar una acción de Messi en el Mundial 2026
2026-06-21,2026-W25,provincial,VILLA MERCEDES INFO,San Luis,Cuyo,Villa Mercedes,https://www.villamercedes.info,Milei recibió a Adorni en la Quinta de Olivos en medio de la tensión por la causa por presunto enriquecimiento ilícito
2026-06-21,2026-W25,provincial,VILLA MERCEDES INFO,San Luis,Cuyo,Villa Mercedes,https://www.villamercedes.info,Villa Mercedes: inauguraron ocho nuevas cuadras de pavimento y avanzan con un plan de repavimentación de 62 cuadras
2026-06-21,2026-W25,provincial,VILLA MERCEDES INFO,San Luis,Cuyo,Villa Mercedes,https://www.villamercedes.info,Conciliación obligatoria en Cameron: se abre una instancia de negociación por 15 días
2026-06-21,2026-W25,provincial,VILLA MERCEDES INFO,San Luis,Cuyo,Villa Mercedes,https://www.villamercedes.info,San Luis: invertirán más de $970 millones para refaccionar el Instituto Superior de Seguridad Pública
2026-06-21,2026-W25,provincial,VILLA MERCEDES INFO,San Luis,Cuyo,Villa Mercedes,https://www.villamercedes.info,Policías reanimaron a una bebé de 7 meses que no respiraba en el ingreso a La Punta
2026-06-21,2026-W25,provincial,VILLA MERCEDES INFO,San Luis,Cuyo,Villa Mercedes,https://www.villamercedes.info,Villa Mercedes: detuvieron a dos hombres acusados de resistirse a la autoridad tras un conflicto con una inspectora municipal
2026-06-21,2026-W25,provincial,VILLA MERCEDES INFO,San Luis,Cuyo,Villa Mercedes,https://www.villamercedes.info,Newcom en San Luis: Diputados dio media sanción al proyecto que lo reconoce como deporte de interés provincial
2026-06-21,2026-W25,provincial,VILLA MERCEDES INFO,San Luis,Cuyo,Villa Mercedes,https://www.villamercedes.info,Familia Parra y BYD llegan a San Luis con un test drive masivo de vehículos híbridos y eléctricos
2026-06-21,2026-W25,provincial,VILLA MERCEDES INFO,San Luis,Cuyo,Villa Mercedes,https://www.villamercedes.info,Fiebre mundialista: los principales casinos de San Luis lanzan premios exclusivos para los fanáticos de la Selección
2026-06-21,2026-W25,provincial,VILLA MERCEDES INFO,San Luis,Cuyo,Villa Mercedes,https://www.villamercedes.info,"A 56 años de su muerte, Antonio Esteban Agüero sigue siendo la voz poética de San Luis"
2026-06-21,2026-W25,provincial,VILLA MERCEDES INFO,San Luis,Cuyo,Villa Mercedes,https://www.villamercedes.info,San Luis oficializó el Día del Maestro Rural Sanluiseño: cuándo se conmemorará
2026-06-21,2026-W25,provincial,VILLA MERCEDES INFO,San Luis,Cuyo,Villa Mercedes,https://www.villamercedes.info,Cinco años sin respuestas: el caso Guadalupe Lucero sigue siendo una herida abierta en San Luis
2026-06-21,2026-W25,provincial,VILLA MERCEDES INFO,San Luis,Cuyo,Villa Mercedes,https://www.villamercedes.info,Perfiles falsos en redes sociales: por qué crece el debate por regular la identidad digital en Argentina
2026-06-21,2026-W25,provincial,VILLA MERCEDES INFO,San Luis,Cuyo,Villa Mercedes,https://www.villamercedes.info,Jorge Messi rompió el silencio desde la clínica y reaccionó con humor a la fake news sobre su salud
2026-06-21,2026-W25,provincial,VILLA MERCEDES INFO,San Luis,Cuyo,Villa Mercedes,https://www.villamercedes.info,Luzu TV desvinculó responsables tras la falsa noticia sobre la muerte de Jorge Messi
2026-06-21,2026-W25,provincial,VILLA MERCEDES INFO,San Luis,Cuyo,Villa Mercedes,https://www.villamercedes.info,Lionel Messi reveló una difícil situación familiar tras su triplete en el Mundial 2026: preocupa la salud de su padre
2026-06-21,2026-W25,provincial,VILLA MERCEDES INFO,San Luis,Cuyo,Villa Mercedes,https://www.villamercedes.info,"Murió Pocho Sosa, una de las voces más emblemáticas de la música cuyana"
2026-06-21,2026-W25,provincial,VILLA MERCEDES INFO,San Luis,Cuyo,Villa Mercedes,https://www.villamercedes.info,Villa Mercedes: ordenan prisión preventiva para dos acusados de asaltar violentamente a una niña de 12 años
2026-06-21,2026-W25,provincial,VILLA MERCEDES INFO,San Luis,Cuyo,Villa Mercedes,https://www.villamercedes.info,La familia Messi aclaró el estado de salud de Jorge Messi y pidió responsabilidad ante los rumores
2026-06-21,2026-W25,provincial,VILLA MERCEDES INFO,San Luis,Cuyo,Villa Mercedes,https://www.villamercedes.info,Argentina goleó a Argelia en su debut mundialista: Messi brilló y la Scaloneta arrancó con autoridad en el Mundial 2026
2026-06-21,2026-W25,provincial,VILLA MERCEDES INFO,San Luis,Cuyo,Villa Mercedes,https://www.villamercedes.info,Argentina goleó a Argelia en su debut mundialista con un triplete histórico de Messi
2026-06-21,2026-W25,provincial,VILLA MERCEDES INFO,San Luis,Cuyo,Villa Mercedes,https://www.villamercedes.info,"Torneo Calle Angosta 2026: Villa Mercedes reunió a atletas de San Luis, Córdoba y La Pampa en una destacada jornada deportiva"
2026-06-21,2026-W25,provincial,VILLA MERCEDES INFO,San Luis,Cuyo,Villa Mercedes,https://www.villamercedes.info,Mundial 2026: Argentina debuta ante Argelia y Messi hará historia en su sexta Copa del Mundo
2026-06-21,2026-W25,provincial,VILLA MERCEDES INFO,San Luis,Cuyo,Villa Mercedes,https://www.villamercedes.info,L’Evoluzione di PayPal nel Mercato Italiano delle Scommesse
2026-06-21,2026-W25,provincial,VILLA MERCEDES INFO,San Luis,Cuyo,Villa Mercedes,https://www.villamercedes.info,I Vantaggi dell’Utilizzo di PayPal per le Scommesse Online
2026-06-21,2026-W25,provincial,VILLA MERCEDES INFO,San Luis,Cuyo,Villa Mercedes,https://www.villamercedes.info,Le Sfide e i Limiti della Diffusione di PayPal
2026-06-21,2026-W25,provincial,VILLA MERCEDES INFO,San Luis,Cuyo,Villa Mercedes,https://www.villamercedes.info,Prospettive Future e Tendenze di Mercato
2026-06-21,2026-W25,provincial,VILLA MERCEDES INFO,San Luis,Cuyo,Villa Mercedes,https://www.villamercedes.info,"Baja el petróleo tras el acuerdo entre Estados Unidos e Irán, pero las naftas siguen sin cambios en Argentina"
2026-06-21,2026-W25,provincial,VILLA MERCEDES INFO,San Luis,Cuyo,Villa Mercedes,https://www.villamercedes.info,"Calendario de pagos ANSES: quiénes cobran desde el 16 de junio, con aumento, bono y aguinaldo"
2026-06-21,2026-W25,provincial,VILLA MERCEDES INFO,San Luis,Cuyo,Villa Mercedes,https://www.villamercedes.info,Adrián Ravier será el nuevo Vocero Presidencial y reemplazará a Manuel Adorni
2026-06-21,2026-W25,provincial,VILLA MERCEDES INFO,San Luis,Cuyo,Villa Mercedes,https://www.villamercedes.info,Ucrania lanzó el mayor ataque sobre Moscú en dos años y volvió a bombardear una refinería clave
2026-06-21,2026-W25,provincial,VILLA MERCEDES INFO,San Luis,Cuyo,Villa Mercedes,https://www.villamercedes.info,Trump anunció la reapertura del estrecho de Ormuz tras un acuerdo de paz con Irán
2026-06-21,2026-W25,provincial,VILLA MERCEDES INFO,San Luis,Cuyo,Villa Mercedes,https://www.villamercedes.info,Villa Mercedes Info
2026-06-21,2026-W25,provincial,EL ANCASTI,Catamarca,NOA,Catamarca,https://www.elancasti.com.ar,Saujil tendrá su primer Cine Teatro y renovará la plaza principal
2026-06-21,2026-W25,provincial,EL ANCASTI,Catamarca,NOA,Catamarca,https://www.elancasti.com.ar,"Trump advirtió que volverán los ataques si Irán no deja de ""ocasionar problemas"" en Líbano"
2026-06-21,2026-W25,provincial,EL ANCASTI,Catamarca,NOA,Catamarca,https://www.elancasti.com.ar,Emiten alerta por vientos intensos para el Oeste catamarqueño
2026-06-21,2026-W25,provincial,EL ANCASTI,Catamarca,NOA,Catamarca,https://www.elancasti.com.ar,Sergio Uñac visitó Catamarca y resaltó el vínculo entre tradición e innovación
2026-06-21,2026-W25,provincial,EL ANCASTI,Catamarca,NOA,Catamarca,https://www.elancasti.com.ar,Japón goleó a Túnez y lo eliminó del Mundial 2026
2026-06-21,2026-W25,provincial,EL ANCASTI,Catamarca,NOA,Catamarca,https://www.elancasti.com.ar,Inauguraron un nuevo Centro de Emisión de Licencias en Saujil
2026-06-21,2026-W25,provincial,EL ANCASTI,Catamarca,NOA,Catamarca,https://www.elancasti.com.ar,Nación afianza el superávit con recorte en los envíos corrientes a las provincias
2026-06-21,2026-W25,provincial,EL ANCASTI,Catamarca,NOA,Catamarca,https://www.elancasti.com.ar,Jésica Cirio habló tras la difusión de videos con bolsas de dólares
2026-06-21,2026-W25,provincial,EL ANCASTI,Catamarca,NOA,Catamarca,https://www.elancasti.com.ar,Abelardo de la Espriella e Iván Cepeda se enfrentan en el balotaje
2026-06-21,2026-W25,provincial,EL ANCASTI,Catamarca,NOA,Catamarca,https://www.elancasti.com.ar,"El padrastro tuvo ""una posición de víctima"" en la investigación"
2026-06-21,2026-W25,provincial,EL ANCASTI,Catamarca,NOA,Catamarca,https://www.elancasti.com.ar,Pomán vibró con la Liga de Freestyle y el torneo de Básquet 3x3
2026-06-21,2026-W25,provincial,EL ANCASTI,Catamarca,NOA,Catamarca,https://www.elancasti.com.ar,Abraham realizó la Promesa a la Bandera en el Hospital de Niños
2026-06-21,2026-W25,provincial,EL ANCASTI,Catamarca,NOA,Catamarca,https://www.elancasti.com.ar,"Valle Viejo, al cruce del exdirector del Cine Teatro"
2026-06-21,2026-W25,provincial,EL ANCASTI,Catamarca,NOA,Catamarca,https://www.elancasti.com.ar,Robaron en una panadería en Pomán
2026-06-21,2026-W25,provincial,EL ANCASTI,Catamarca,NOA,Catamarca,https://www.elancasti.com.ar,Catamarca celebró el Día de la Bandera en toda la provincia
2026-06-21,2026-W25,provincial,EL ANCASTI,Catamarca,NOA,Catamarca,https://www.elancasti.com.ar,El lastre chacarero
2026-06-21,2026-W25,provincial,EL ANCASTI,Catamarca,NOA,Catamarca,https://www.elancasti.com.ar,Crean una aplicación para asistir a adolescentes víctimas de bullying
2026-06-21,2026-W25,provincial,EL ANCASTI,Catamarca,NOA,Catamarca,https://www.elancasti.com.ar,"PAMI: niega deudas con clínicas, pero siguen los problemas"
2026-06-21,2026-W25,provincial,EL ANCASTI,Catamarca,NOA,Catamarca,https://www.elancasti.com.ar,"El Hogar Warmi, con casi 2300 atenciones a víctimas"
2026-06-21,2026-W25,provincial,EL ANCASTI,Catamarca,NOA,Catamarca,https://www.elancasti.com.ar,Se escapó de la Policía y chocó contra una vivienda
2026-06-21,2026-W25,provincial,EL ANCASTI,Catamarca,NOA,Catamarca,https://www.elancasti.com.ar,Países Bajos goleó a Suecia y dio un golpe de autoridad
2026-06-21,2026-W25,provincial,EL ANCASTI,Catamarca,NOA,Catamarca,https://www.elancasti.com.ar,Una familia murió al chocar contra un camión cañero
2026-06-21,2026-W25,provincial,EL ANCASTI,Catamarca,NOA,Catamarca,https://www.elancasti.com.ar,Golpe al narco: secuestraron casi 6 toneladas de marihuana
2026-06-21,2026-W25,provincial,EL ANCASTI,Catamarca,NOA,Catamarca,https://www.elancasti.com.ar,"""Me gustaría vivir del deporte"""
2026-06-21,2026-W25,provincial,EL ANCASTI,Catamarca,NOA,Catamarca,https://www.elancasti.com.ar,Milei evitó saludar a Villarruel en Rosario y volvió a quedar expuesta la interna del Gobierno
2026-06-21,2026-W25,provincial,EL ANCASTI,Catamarca,NOA,Catamarca,https://www.elancasti.com.ar,El consumo privado acumula seis meses de caída y crece la preocupación en supermercados y mayoristas
2026-06-21,2026-W25,provincial,EL ANCASTI,Catamarca,NOA,Catamarca,https://www.elancasti.com.ar,"La palabra de los hinchas tras la victoria de la ""Scaloneta"""
2026-06-21,2026-W25,provincial,EL ANCASTI,Catamarca,NOA,Catamarca,https://www.elancasti.com.ar,"Alquileres: mucha oferta, poca demanda"
2026-06-21,2026-W25,provincial,EL ANCASTI,Catamarca,NOA,Catamarca,https://www.elancasti.com.ar,El Mundial disparó las ventas de televisores
2026-06-21,2026-W25,provincial,EL ANCASTI,Catamarca,NOA,Catamarca,https://www.elancasti.com.ar,"Manuel Adorni, el jarrón chino de Javier Milei"
2026-06-21,2026-W25,provincial,EL ANCASTI,Catamarca,NOA,Catamarca,https://www.elancasti.com.ar,Litio: la oportunidad que Argentina no puede darse el lujo de desperdiciar
2026-06-21,2026-W25,provincial,EL ANCASTI,Catamarca,NOA,Catamarca,https://www.elancasti.com.ar,"Detuvieron a dos personas y secuestraron cocaína, marihuana, dinero y celulares en allanamientos"
2026-06-21,2026-W25,provincial,EL ANCASTI,Catamarca,NOA,Catamarca,https://www.elancasti.com.ar,"En un banderazo, Máximo Kirchner lanzó críticas para Catamarca"
2026-06-21,2026-W25,provincial,EL ANCASTI,Catamarca,NOA,Catamarca,https://www.elancasti.com.ar,"Habilitaron adelantos financieros para Entre Ríos, Santa Fe y Jujuy"
2026-06-21,2026-W25,provincial,EL ANCASTI,Catamarca,NOA,Catamarca,https://www.elancasti.com.ar,San Lorenzo ganó y quedó puntero en la Capital
2026-06-21,2026-W25,provincial,EL ANCASTI,Catamarca,NOA,Catamarca,https://www.elancasti.com.ar,Argentina viaja a Dallas y se van definiendo los once
2026-06-21,2026-W25,provincial,EL ANCASTI,Catamarca,NOA,Catamarca,https://www.elancasti.com.ar,"Con uno menos, Paraguay le ganó a Turquía"
2026-06-21,2026-W25,provincial,EL ANCASTI,Catamarca,NOA,Catamarca,https://www.elancasti.com.ar,España va por su primer triunfo ante Arabia Saudita
2026-06-21,2026-W25,provincial,EL ANCASTI,Catamarca,NOA,Catamarca,https://www.elancasti.com.ar,Alemania ganó sobre la hora y se clasificó a los 16vos de final
2026-06-21,2026-W25,provincial,EL ANCASTI,Catamarca,NOA,Catamarca,https://www.elancasti.com.ar,"El legado de ""Pato"" Gentilini, el compositor que transformó el folklore del Norte argentino"
2026-06-21,2026-W25,provincial,EL ANCASTI,Catamarca,NOA,Catamarca,https://www.elancasti.com.ar,Hoy será la gran jornada de la Liga de Freestyle y el Básquet 3x3 en Pomán
2026-06-21,2026-W25,provincial,EL ANCASTI,Catamarca,NOA,Catamarca,https://www.elancasti.com.ar,"Presentan ""Caudillas"" en Casa de la Puna"
2026-06-21,2026-W25,provincial,EL ANCASTI,Catamarca,NOA,Catamarca,https://www.elancasti.com.ar,Juanita Tinelli desmintió la denuncia por violencia de género y apuntó a la madre de Bautista Cuiña
2026-06-21,2026-W25,provincial,EL ANCASTI,Catamarca,NOA,Catamarca,https://www.elancasti.com.ar,Nico Occhiato echó a la producción y Flor Peña se va de Luzu TV tras la fake news sobre el padre de Messi
2026-06-21,2026-W25,provincial,EL ANCASTI,Catamarca,NOA,Catamarca,https://www.elancasti.com.ar,Flor Peña y Luzu TV pidieron disculpas tras informar erróneamente la muerte del padre de Messi
2026-06-21,2026-W25,provincial,EL ANCASTI,Catamarca,NOA,Catamarca,https://www.elancasti.com.ar,Irán volvió a cerrar el estrecho de Ormuz tras nuevos ataques israelíes en el sur del Líbano
2026-06-21,2026-W25,provincial,EL ANCASTI,Catamarca,NOA,Catamarca,https://www.elancasti.com.ar,Desde Catamarca al Mundial: el video de una academia de baile que emociona en redes
2026-06-21,2026-W25,provincial,EL ANCASTI,Catamarca,NOA,Catamarca,https://www.elancasti.com.ar,Messi revolucionó las redes con un video musicalizado con un tema del Indio Solari
2026-06-21,2026-W25,provincial,EL ANCASTI,Catamarca,NOA,Catamarca,https://www.elancasti.com.ar,"Un spot publicitario de ""La Llama que Llama"" sorprendió con burlas a Manuel Adorni"
2026-06-21,2026-W25,provincial,EL ANCASTI,Catamarca,NOA,Catamarca,https://www.elancasti.com.ar,El debut discográfico de Natalia Brizuela César
2026-06-21,2026-W25,provincial,EL ESQUIÚ,Catamarca,NOA,Catamarca,https://www.elesquiu.com,Edición impresa
2026-06-21,2026-W25,provincial,EL ESQUIÚ,Catamarca,NOA,Catamarca,https://www.elesquiu.com,Reporte Ciudadano (3834901025)
2026-06-21,2026-W25,provincial,EL ESQUIÚ,Catamarca,NOA,Catamarca,https://www.elesquiu.com,Francia en alerta por calor extremo: cierran escuelas y refuerzan medidas de emergencia
2026-06-21,2026-W25,provincial,EL ESQUIÚ,Catamarca,NOA,Catamarca,https://www.elesquiu.com,Colombia elige presidente en una jornada electoral decisiva
2026-06-21,2026-W25,provincial,EL ESQUIÚ,Catamarca,NOA,Catamarca,https://www.elesquiu.com,Cerraron el Paso Internacional San Francisco por acumulación de nieve
2026-06-21,2026-W25,provincial,EL ESQUIÚ,Catamarca,NOA,Catamarca,https://www.elesquiu.com,Inauguraron un nuevo Centro de Emisión de Licencias en Saujil
2026-06-21,2026-W25,provincial,EL ESQUIÚ,Catamarca,NOA,Catamarca,https://www.elesquiu.com,Máximo Kirchner apuntó contra el peronismo dialoguista durante el banderazo por CFK
2026-06-21,2026-W25,provincial,EL ESQUIÚ,Catamarca,NOA,Catamarca,https://www.elesquiu.com,Jalil recordó a su padre con un mensaje emotivo en redes sociales
2026-06-21,2026-W25,provincial,EL ESQUIÚ,Catamarca,NOA,Catamarca,https://www.elesquiu.com,Milei oficializa a Ravier como nuevo vocero presidencial
2026-06-21,2026-W25,provincial,EL ESQUIÚ,Catamarca,NOA,Catamarca,https://www.elesquiu.com,El Gobierno se mueve para evitar una interpelación a Adorni
2026-06-21,2026-W25,provincial,EL ESQUIÚ,Catamarca,NOA,Catamarca,https://www.elesquiu.com,Fatal choque en la Ruta 38: investigan un colectivo que habría partido desde Catamarca
2026-06-21,2026-W25,provincial,EL ESQUIÚ,Catamarca,NOA,Catamarca,https://www.elesquiu.com,Trágico choque en Tucumán: murió una familia completa
2026-06-21,2026-W25,provincial,EL ESQUIÚ,Catamarca,NOA,Catamarca,https://www.elesquiu.com,5 noticias que tenés que leer para comenzar el día informado
2026-06-21,2026-W25,provincial,EL ESQUIÚ,Catamarca,NOA,Catamarca,https://www.elesquiu.com,¿Cómo estará el tiempo hoy?
2026-06-21,2026-W25,provincial,EL ESQUIÚ,Catamarca,NOA,Catamarca,https://www.elesquiu.com,"Con fondos provinciales, Saujil pondrá en valor su plaza y construirá un Cine Teatro"
2026-06-21,2026-W25,provincial,EL ESQUIÚ,Catamarca,NOA,Catamarca,https://www.elesquiu.com,Agenda deportiva
2026-06-21,2026-W25,provincial,EL ESQUIÚ,Catamarca,NOA,Catamarca,https://www.elesquiu.com,Las marcas de Messi y Bertoni
2026-06-21,2026-W25,provincial,EL ESQUIÚ,Catamarca,NOA,Catamarca,https://www.elesquiu.com,Los cinco hat tricks de Argentina
2026-06-21,2026-W25,provincial,EL ESQUIÚ,Catamarca,NOA,Catamarca,https://www.elesquiu.com,El Diego contra Austria
2026-06-21,2026-W25,provincial,EL ESQUIÚ,Catamarca,NOA,Catamarca,https://www.elesquiu.com,Scaloni rompió el maleficio
2026-06-21,2026-W25,provincial,EL ESQUIÚ,Catamarca,NOA,Catamarca,https://www.elesquiu.com,"Austria: curiosidades, datos y récords de nuestro próximo rival"
2026-06-21,2026-W25,provincial,EL ESQUIÚ,Catamarca,NOA,Catamarca,https://www.elesquiu.com,"Y ya lo ve, y ya lo ve, somos locales otra vez"
2026-06-21,2026-W25,provincial,EL ESQUIÚ,Catamarca,NOA,Catamarca,https://www.elesquiu.com,Sorpresas y decepciones de la primera fecha
2026-06-21,2026-W25,provincial,EL ESQUIÚ,Catamarca,NOA,Catamarca,https://www.elesquiu.com,Josimar liquidó a Tim Payne
2026-06-21,2026-W25,provincial,EL ESQUIÚ,Catamarca,NOA,Catamarca,https://www.elesquiu.com,“Extranjeros” en las Selecciones: el récord de Marruecos y una tendencia que crece
2026-06-21,2026-W25,provincial,EL ESQUIÚ,Catamarca,NOA,Catamarca,https://www.elesquiu.com,Atención gratuita para mascotas: el Quirófano Móvil estará en el barrio Loteo Parque Sur
2026-06-21,2026-W25,provincial,EL ESQUIÚ,Catamarca,NOA,Catamarca,https://www.elesquiu.com,España golpea otra vez y se pone 3-0 frente a Arabia Saudita
2026-06-21,2026-W25,provincial,EL ESQUIÚ,Catamarca,NOA,Catamarca,https://www.elesquiu.com,Fervor patriótico: 270 estudiantes juraron lealtad a la bandera
2026-06-21,2026-W25,provincial,EL ESQUIÚ,Catamarca,NOA,Catamarca,https://www.elesquiu.com,Acto por el Día de la Bandera en Valle Viejo
2026-06-21,2026-W25,provincial,EL ESQUIÚ,Catamarca,NOA,Catamarca,https://www.elesquiu.com,Preparativos finales en el Predio Ferial
2026-06-21,2026-W25,provincial,EL ESQUIÚ,Catamarca,NOA,Catamarca,https://www.elesquiu.com,Diputada de LLA propone ponerle un techo presupuestario a los gastos del Gobierno
2026-06-21,2026-W25,provincial,EL ESQUIÚ,Catamarca,NOA,Catamarca,https://www.elesquiu.com,"Milei se mostró con Adorni, evitó confrontaciones y destacó la figura de Belgrano"
2026-06-21,2026-W25,provincial,EL ESQUIÚ,Catamarca,NOA,Catamarca,https://www.elesquiu.com,Villarruel en Rosario: “No hay nadie más peleado con los valores de Belgrano que Adorni”
2026-06-21,2026-W25,provincial,EL ESQUIÚ,Catamarca,NOA,Catamarca,https://www.elesquiu.com,Secuestraron casi 300 psicofármacos que eran transportados en una encomienda
2026-06-21,2026-W25,provincial,EL ESQUIÚ,Catamarca,NOA,Catamarca,https://www.elesquiu.com,Desarticularon varios puntos de venta de drogas en múltiples allanamientos
2026-06-21,2026-W25,provincial,EL ESQUIÚ,Catamarca,NOA,Catamarca,https://www.elesquiu.com,Buscan a catamarqueño que desapareció en Perú
2026-06-21,2026-W25,provincial,EL ESQUIÚ,Catamarca,NOA,Catamarca,https://www.elesquiu.com,“Tendrían que tapar no con tierra sino con cemento”
2026-06-21,2026-W25,provincial,EL ESQUIÚ,Catamarca,NOA,Catamarca,https://www.elesquiu.com,“Los pacientes deben bajarse en la calle”
2026-06-21,2026-W25,provincial,EL ESQUIÚ,Catamarca,NOA,Catamarca,https://www.elesquiu.com,“No hay internet ni tele en las escuelas públicas para disfrutar el Mundial”
2026-06-21,2026-W25,provincial,EL ESQUIÚ,Catamarca,NOA,Catamarca,https://www.elesquiu.com,Canadá aplastó a Qatar y logró un triunfo histórico en el Mundial 2026
2026-06-21,2026-W25,provincial,EL ESQUIÚ,Catamarca,NOA,Catamarca,https://www.elesquiu.com,Incógnitas en el once de la Selección antes del duelo con Austria
2026-06-21,2026-W25,provincial,EL ESQUIÚ,Catamarca,NOA,Catamarca,https://www.elesquiu.com,Uruguay y España deben ganar para tener chances
2026-06-21,2026-W25,provincial,EL ESQUIÚ,Catamarca,NOA,Catamarca,https://www.elesquiu.com,"Alemania y Países Bajos, clasificados"
2026-06-21,2026-W25,provincial,EL ESQUIÚ,Catamarca,NOA,Catamarca,https://www.elesquiu.com,El uso indebido de antibióticos y sus efectos en la salud intestinal
2026-06-21,2026-W25,provincial,EL ESQUIÚ,Catamarca,NOA,Catamarca,https://www.elesquiu.com,"Wanda Nara le recomendó a Zaira Nara un famoso porque la ""puede mover todo sudado"": quién es ese influencer"
2026-06-21,2026-W25,provincial,EL ESQUIÚ,Catamarca,NOA,Catamarca,https://www.elesquiu.com,Fatal accidente en Berisso: un motociclista murió tras ser atropellado
2026-06-21,2026-W25,provincial,EL ESQUIÚ,Catamarca,NOA,Catamarca,https://www.elesquiu.com,"Se supo la dramática frase de Fernando Gago tras ser operado de urgencia por un infarto a los 40 años: ""Dijo que..."""
2026-06-21,2026-W25,provincial,EL ESQUIÚ,Catamarca,NOA,Catamarca,https://www.elesquiu.com,Hallaron con vida al joven desaparecido en Chaco tras 19 días en el monte
2026-06-21,2026-W25,provincial,EL ESQUIÚ,Catamarca,NOA,Catamarca,https://www.elesquiu.com,"Juanita Tinelli confesó que tiene problemas de salud mental con una fuerte revelación: ""Mi vida es..."""
2026-06-21,2026-W25,provincial,EL ESQUIÚ,Catamarca,NOA,Catamarca,https://www.elesquiu.com,Alerta por la salud de Luis Miguel: está internado y su estado es grave
2026-06-21,2026-W25,provincial,LA UNIÓN,Catamarca,NOA,Catamarca,https://www.launion.digital,Comienza la gestión de Ravier: mañana jura como nuevo vocero presidencial
2026-06-21,2026-W25,provincial,LA UNIÓN,Catamarca,NOA,Catamarca,https://www.launion.digital,Hombre de 59 años fue detenido por tocamientos impúdicos a una adolescente
2026-06-21,2026-W25,provincial,LA UNIÓN,Catamarca,NOA,Catamarca,https://www.launion.digital,Francisco Cerúndolo se convirtió en el primer argentino en ganar el ATP 500 de Queen's
2026-06-21,2026-W25,provincial,LA UNIÓN,Catamarca,NOA,Catamarca,https://www.launion.digital,Saujil ya cuenta con su propio Centro de Emisión de Licencias
2026-06-21,2026-W25,provincial,LA UNIÓN,Catamarca,NOA,Catamarca,https://www.launion.digital,El PRO redobla la presión sobre Manuel Adorni y reclama su renuncia
2026-06-21,2026-W25,provincial,LA UNIÓN,Catamarca,NOA,Catamarca,https://www.launion.digital,Emiten alerta naranja por viento y viento Zonda para Catamarca
2026-06-21,2026-W25,provincial,LA UNIÓN,Catamarca,NOA,Catamarca,https://www.launion.digital,¿Por qué se celebra el Día del Padre el tercer domingo de junio?
2026-06-21,2026-W25,provincial,LA UNIÓN,Catamarca,NOA,Catamarca,https://www.launion.digital,La madre de Vozinha consiguió la visa y podrá acompañar a su hijo en el Mundial
2026-06-21,2026-W25,provincial,LA UNIÓN,Catamarca,NOA,Catamarca,https://www.launion.digital,"Hallazgo histórico: a 235 años de la muerte de Mozart, encuentran partituras con su firma"
2026-06-21,2026-W25,provincial,LA UNIÓN,Catamarca,NOA,Catamarca,https://www.launion.digital,"Jesica Cirio tras la difusión de videos con los dólares habló de ""manipulaciones digitales"""
2026-06-21,2026-W25,provincial,LA UNIÓN,Catamarca,NOA,Catamarca,https://www.launion.digital,Arranca el invierno y es el Día del Padre: así va a estar en Catamarca
2026-06-21,2026-W25,provincial,LA UNIÓN,Catamarca,NOA,Catamarca,https://www.launion.digital,JD Vance llegó a Suiza para encabezar las primeras negociaciones de paz entre EE.UU e Irán
2026-06-21,2026-W25,provincial,LA UNIÓN,Catamarca,NOA,Catamarca,https://www.launion.digital,Violento episodio familiar en Catamarca: persecución y aprehensión de un joven
2026-06-21,2026-W25,provincial,LA UNIÓN,Catamarca,NOA,Catamarca,https://www.launion.digital,Alemania se lo dio vuelta a Costa de Marfil y se aseguró la clasificación
2026-06-21,2026-W25,provincial,LA UNIÓN,Catamarca,NOA,Catamarca,https://www.launion.digital,Jalil encabezó el acto principal por el Día de la Bandera en Saujil
2026-06-21,2026-W25,provincial,LA UNIÓN,Catamarca,NOA,Catamarca,https://www.launion.digital,Curazao le sacó un histórico empate a Ecuador y lo dejó al borde de la eliminación
2026-06-21,2026-W25,provincial,LA UNIÓN,Catamarca,NOA,Catamarca,https://www.launion.digital,Flor Peña evalúa una millonaria demanda contra Nicolás Occhiato y Luzu TV
2026-06-21,2026-W25,provincial,LA UNIÓN,Catamarca,NOA,Catamarca,https://www.launion.digital,"Ordenan sacar de la ""lista negra"" de ARCA a la empresa sospechosa de Toviggino"
2026-06-21,2026-W25,provincial,LA UNIÓN,Catamarca,NOA,Catamarca,https://www.launion.digital,Se filtraron videos de Jésica Cirio con miles de dólares en la casa de Martín Insaurralde
2026-06-21,2026-W25,provincial,LA UNIÓN,Catamarca,NOA,Catamarca,https://www.launion.digital,Detuvieron a otros tres acusados por la muerte de la joven que fue arrojada al vacío durante un salto extremo en Brasil
2026-06-21,2026-W25,provincial,LA UNIÓN,Catamarca,NOA,Catamarca,https://www.launion.digital,Solsticio de invierno: a qué hora empezará oficialmente la temporada más fría
2026-06-21,2026-W25,provincial,LA UNIÓN,Catamarca,NOA,Catamarca,https://www.launion.digital,Polonia retiró la máxima distinción a Zelenski en medio de una nueva tensión histórica con Ucrania
2026-06-21,2026-W25,provincial,LA UNIÓN,Catamarca,NOA,Catamarca,https://www.launion.digital,Horóscopo de hoy 20 junio de 2026
2026-06-21,2026-W25,provincial,LA UNIÓN,Catamarca,NOA,Catamarca,https://www.launion.digital,Resultado del sorteo nocturno de la quiniela de Catamarca
2026-06-21,2026-W25,provincial,LA UNIÓN,Catamarca,NOA,Catamarca,https://www.launion.digital,Resultado del sorteo de la tarde de la quiniela de Catamarca
2026-06-21,2026-W25,provincial,LA UNIÓN,Catamarca,NOA,Catamarca,https://www.launion.digital,Intensa búsqueda de un catamarqueño desaparecido en Perú
2026-06-21,2026-W25,provincial,LA UNIÓN,Catamarca,NOA,Catamarca,https://www.launion.digital,Cómo hacer tiramisú en vaso: la alternativa es ideal para reuniones con numerosas personas
2026-06-21,2026-W25,provincial,LA UNIÓN,Catamarca,NOA,Catamarca,https://www.launion.digital,Colapinto volverá a conducir el Lotus E20 en el Festival de Goodwood
2026-06-21,2026-W25,provincial,LA UNIÓN,Catamarca,NOA,Catamarca,https://www.launion.digital,Ni manteca ni leche: el truco para hacer puré de papas más cremoso
2026-06-21,2026-W25,provincial,LA UNIÓN,Catamarca,NOA,Catamarca,https://www.launion.digital,JD Vance viajará a Suiza para negociar con Irán en medio de la crisis por el estrecho de Ormuz
2026-06-21,2026-W25,provincial,LA UNIÓN,Catamarca,NOA,Catamarca,https://www.launion.digital,Cerúndolo hizo historia en Queen's y jugará la final del prestigioso ATP 500 de Londres
2026-06-21,2026-W25,provincial,LA UNIÓN,Catamarca,NOA,Catamarca,https://www.launion.digital,El gesto de Milei con Villarruel en el acto por el Día de la Bandera que no mostró la transmisión oficial
2026-06-21,2026-W25,provincial,LA UNIÓN,Catamarca,NOA,Catamarca,https://www.launion.digital,"Murió Roberto García, una de las figuras más influyentes del periodismo económico argentino"
2026-06-21,2026-W25,provincial,LA UNIÓN,Catamarca,NOA,Catamarca,https://www.launion.digital,Antonela le declaró la guerra a Luzu y a Flor Peña: la drástica decisión que tomó tras la noticia falsa sobre el papá de Messi
2026-06-21,2026-W25,provincial,LA UNIÓN,Catamarca,NOA,Catamarca,https://www.launion.digital,Caso Loan: qué hizo la familia con las donaciones y por qué se quedaron solos
2026-06-21,2026-W25,provincial,LA UNIÓN,Catamarca,NOA,Catamarca,https://www.launion.digital,Categórica: Antonela Roccuzzo salió al cruce en medio del escándalo de la fake news
2026-06-21,2026-W25,provincial,LA UNIÓN,Catamarca,NOA,Catamarca,https://www.launion.digital,Tiempo en Catamarca: nueva ola de frío polar para el fin de semana con feriado y Día del Padre
2026-06-21,2026-W25,provincial,LA UNIÓN,Catamarca,NOA,Catamarca,https://www.launion.digital,Catamarca confirmó cuándo se pagará el aguinaldo y el cronograma salarial de junio
2026-06-21,2026-W25,provincial,LA UNIÓN,Catamarca,NOA,Catamarca,https://www.launion.digital,"La impactante sospecha del padre de Gaspi sobre la muerte de su hijo: ""Para mí fue un..."""
2026-06-21,2026-W25,provincial,LA UNIÓN,Catamarca,NOA,Catamarca,https://www.launion.digital,Irán volvió a cerrar el estrecho de Ormuz y aumenta la tensión en Oriente Medio
2026-06-21,2026-W25,provincial,LA UNIÓN,Catamarca,NOA,Catamarca,https://www.launion.digital,Crimen de Fernando Reyes: la defensa de Alcides Toranzo pedirá la nulidad de la condena a prisión perpetua
2026-06-21,2026-W25,provincial,LA UNIÓN,Catamarca,NOA,Catamarca,https://www.launion.digital,Milei encabezó el acto por el Día de la Bandera y volvió a mostrarse con Adorni
2026-06-21,2026-W25,provincial,LA UNIÓN,Catamarca,NOA,Catamarca,https://www.launion.digital,Bolivia declaró el estado de excepción para liberar las rutas en medio de una grave crisis política
2026-06-21,2026-W25,provincial,LA UNIÓN,Catamarca,NOA,Catamarca,https://www.launion.digital,Prestación por Desempleo de ANSES: quiénes y cuándo cobrarán hasta $363.000 en junio 2026
2026-06-21,2026-W25,provincial,LA UNIÓN,Catamarca,NOA,Catamarca,https://www.launion.digital,"Cambio demográfico: Capital articula acciones con el CONICET, UNCA y Provincia"
2026-06-21,2026-W25,provincial,LA UNIÓN,Catamarca,NOA,Catamarca,https://www.launion.digital,Catamarca: Buscan a un adolescente de 15 años desaparecido en Valle Viejo
2026-06-21,2026-W25,provincial,LA UNIÓN,Catamarca,NOA,Catamarca,https://www.launion.digital,Mltre le ganó a Red Star en Catamarca y manda en la serie
2026-06-21,2026-W25,provincial,LA UNIÓN,Catamarca,NOA,Catamarca,https://www.launion.digital,Nahuel Gallo protagonista del saludo de Casa Rosada por el Día del Padre
2026-06-21,2026-W25,provincial,LA UNIÓN,Catamarca,NOA,Catamarca,https://www.launion.digital,La Selección argentina viajará por la tarde a Dallas para concentrarse antes de Austria
2026-06-21,2026-W25,provincial,LA UNIÓN,Catamarca,NOA,Catamarca,https://www.launion.digital,Rotura en una cañería deja sin agua a amplios sectores del oeste y sur
2026-06-21,2026-W25,provincial,EL TRIBUNO,Jujuy,NOA,San Salvador de Jujuy,https://www.eltribunodejujuy.com,Noticias de interés general actualizadas 24HS
2026-06-21,2026-W25,provincial,EL TRIBUNO,Jujuy,NOA,San Salvador de Jujuy,https://www.eltribunodejujuy.com,Lo golpearon y le robaron el auto
2026-06-21,2026-W25,provincial,EL TRIBUNO,Jujuy,NOA,San Salvador de Jujuy,https://www.eltribunodejujuy.com,Recuperaron una camioneta robada de Córdoba
2026-06-21,2026-W25,provincial,EL TRIBUNO,Jujuy,NOA,San Salvador de Jujuy,https://www.eltribunodejujuy.com,El gobernador Carlos Sadir celebró el Inti Raymi en Santo Domingo
2026-06-21,2026-W25,provincial,EL TRIBUNO,Jujuy,NOA,San Salvador de Jujuy,https://www.eltribunodejujuy.com,“Motochorros” asaltaron y lastimaron a una jubilada
2026-06-21,2026-W25,provincial,EL TRIBUNO,Jujuy,NOA,San Salvador de Jujuy,https://www.eltribunodejujuy.com,Domingo agradable en San Salvador de Jujuy
2026-06-21,2026-W25,provincial,EL TRIBUNO,Jujuy,NOA,San Salvador de Jujuy,https://www.eltribunodejujuy.com,La Selección Argentina viaja a Dallas para concentrar
2026-06-21,2026-W25,provincial,EL TRIBUNO,Jujuy,NOA,San Salvador de Jujuy,https://www.eltribunodejujuy.com,Japón le ganó 4 a 0 a Túnez en el partido número 1000 de la historia de los mundiales
2026-06-21,2026-W25,provincial,EL TRIBUNO,Jujuy,NOA,San Salvador de Jujuy,https://www.eltribunodejujuy.com,Histórico punto de Curazao ante Ecuador en el empate 0 a 0
2026-06-21,2026-W25,provincial,EL TRIBUNO,Jujuy,NOA,San Salvador de Jujuy,https://www.eltribunodejujuy.com,Alemania le ganó a Costa de Marfil 2 a 1
2026-06-21,2026-W25,provincial,EL TRIBUNO,Jujuy,NOA,San Salvador de Jujuy,https://www.eltribunodejujuy.com,Países Bajos le ganó a Suecia 5 a 1
2026-06-21,2026-W25,provincial,EL TRIBUNO,Jujuy,NOA,San Salvador de Jujuy,https://www.eltribunodejujuy.com,Neymar estará disponible para jugar en Brasil ante Escocia
2026-06-21,2026-W25,provincial,EL TRIBUNO,Jujuy,NOA,San Salvador de Jujuy,https://www.eltribunodejujuy.com,VIDEO. Los Calzones le dedicaron una nueva canción a Lionel Messi
2026-06-21,2026-W25,provincial,EL TRIBUNO,Jujuy,NOA,San Salvador de Jujuy,https://www.eltribunodejujuy.com,Partidos de hoy sábado 20 de junio
2026-06-21,2026-W25,provincial,EL TRIBUNO,Jujuy,NOA,San Salvador de Jujuy,https://www.eltribunodejujuy.com,Paraguay le ganó 1-0 a Turquía y lo eliminó del Mundial
2026-06-21,2026-W25,provincial,EL TRIBUNO,Jujuy,NOA,San Salvador de Jujuy,https://www.eltribunodejujuy.com,Onda Estudiantil 2026
2026-06-21,2026-W25,provincial,EL TRIBUNO,Jujuy,NOA,San Salvador de Jujuy,https://www.eltribunodejujuy.com,Los Marineros coronaron a Selene Juárez como su representante 2026
2026-06-21,2026-W25,provincial,EL TRIBUNO,Jujuy,NOA,San Salvador de Jujuy,https://www.eltribunodejujuy.com,"Lola Etchecopar, flamante representante del Colegio del Salvador"
2026-06-21,2026-W25,provincial,EL TRIBUNO,Jujuy,NOA,San Salvador de Jujuy,https://www.eltribunodejujuy.com,El IPSEL ya tiene a su representante 2026
2026-06-21,2026-W25,provincial,EL TRIBUNO,Jujuy,NOA,San Salvador de Jujuy,https://www.eltribunodejujuy.com,Los mapaches ya tienen representante para la FNE 2026
2026-06-21,2026-W25,provincial,EL TRIBUNO,Jujuy,NOA,San Salvador de Jujuy,https://www.eltribunodejujuy.com,Hoy eligen 4 representantes
2026-06-21,2026-W25,provincial,EL TRIBUNO,Jujuy,NOA,San Salvador de Jujuy,https://www.eltribunodejujuy.com,Este fin de semana se suman cinco nombres para la FNE 2026
2026-06-21,2026-W25,provincial,EL TRIBUNO,Jujuy,NOA,San Salvador de Jujuy,https://www.eltribunodejujuy.com,"Luisana Cabrera es la nueva representante de ""los mineros"""
2026-06-21,2026-W25,provincial,EL TRIBUNO,Jujuy,NOA,San Salvador de Jujuy,https://www.eltribunodejujuy.com,Últimas noticias
2026-06-21,2026-W25,provincial,EL TRIBUNO,Jujuy,NOA,San Salvador de Jujuy,https://www.eltribunodejujuy.com,Campañas para la concientización de la donación de sangre
2026-06-21,2026-W25,provincial,EL TRIBUNO,Jujuy,NOA,San Salvador de Jujuy,https://www.eltribunodejujuy.com,Conmemoraron en Jujuy el Día Internacional del Yoga
2026-06-21,2026-W25,provincial,EL TRIBUNO,Jujuy,NOA,San Salvador de Jujuy,https://www.eltribunodejujuy.com,Quillay Méndez sacude escena artística en Rosario y Córdoba
2026-06-21,2026-W25,provincial,EL TRIBUNO,Jujuy,NOA,San Salvador de Jujuy,https://www.eltribunodejujuy.com,Difusión del potencial minero y fortalecimiento de integración
2026-06-21,2026-W25,provincial,EL TRIBUNO,Jujuy,NOA,San Salvador de Jujuy,https://www.eltribunodejujuy.com,Fernando Gago fue intervenido por un infarto agudo al miocardio
2026-06-21,2026-W25,provincial,EL TRIBUNO,Jujuy,NOA,San Salvador de Jujuy,https://www.eltribunodejujuy.com,Restricción del tránsito vehicular
2026-06-21,2026-W25,provincial,EL TRIBUNO,Jujuy,NOA,San Salvador de Jujuy,https://www.eltribunodejujuy.com,Adiunju renovó autoridades y ratificó lucha por la educación
2026-06-21,2026-W25,provincial,EL TRIBUNO,Jujuy,NOA,San Salvador de Jujuy,https://www.eltribunodejujuy.com,Ahora Jubert lo trató de mentiroso al libertario Canedi
2026-06-21,2026-W25,provincial,EL TRIBUNO,Jujuy,NOA,San Salvador de Jujuy,https://www.eltribunodejujuy.com,"Envenenó a su hijas, una de ellas murió y ahora irá a juicio"
2026-06-21,2026-W25,provincial,EL TRIBUNO,Jujuy,NOA,San Salvador de Jujuy,https://www.eltribunodejujuy.com,Secuestraron cerca de seis toneladas de marihuana
2026-06-21,2026-W25,provincial,EL TRIBUNO,Jujuy,NOA,San Salvador de Jujuy,https://www.eltribunodejujuy.com,Amenazada con un cuchillo a los 13 años
2026-06-21,2026-W25,provincial,EL TRIBUNO,Jujuy,NOA,San Salvador de Jujuy,https://www.eltribunodejujuy.com,Entraron a una vivienda y se robaron 500 mil pesos
2026-06-21,2026-W25,provincial,EL TRIBUNO,Jujuy,NOA,San Salvador de Jujuy,https://www.eltribunodejujuy.com,Sustraen $5 millones y un arma de fuego de una camioneta
2026-06-21,2026-W25,provincial,EL TRIBUNO,Jujuy,NOA,San Salvador de Jujuy,https://www.eltribunodejujuy.com,Gimnasia quiere terminar como único líder de la “B”
2026-06-21,2026-W25,provincial,EL TRIBUNO,Jujuy,NOA,San Salvador de Jujuy,https://www.eltribunodejujuy.com,Argentina iría con una variante
2026-06-21,2026-W25,provincial,EL TRIBUNO,Jujuy,NOA,San Salvador de Jujuy,https://www.eltribunodejujuy.com,Países Bajos aplastó a Suecia y se acomodó
2026-06-21,2026-W25,provincial,EL TRIBUNO,Jujuy,NOA,San Salvador de Jujuy,https://www.eltribunodejujuy.com,El Carmen no pudo ante Tokio en el primer juego
2026-06-21,2026-W25,provincial,EL TRIBUNO,Jujuy,NOA,San Salvador de Jujuy,https://www.eltribunodejujuy.com,"El “millo” y el “lobo”, por un lugar en semifinal"
2026-06-21,2026-W25,provincial,EL TRIBUNO,Jujuy,NOA,San Salvador de Jujuy,https://www.eltribunodejujuy.com,Victoria Villarruel : “No hay nadie más peleado con los valores de Belgrano que Adorni”
2026-06-21,2026-W25,provincial,EL TRIBUNO,Jujuy,NOA,San Salvador de Jujuy,https://www.eltribunodejujuy.com,El Presidente participó del acto del Día de la Bandera en Rosario
2026-06-21,2026-W25,provincial,EL TRIBUNO,Jujuy,NOA,San Salvador de Jujuy,https://www.eltribunodejujuy.com,"Quién es Adrián Ravier, el economista que será el nuevo vocero presidencial"
2026-06-21,2026-W25,provincial,EL TRIBUNO,Jujuy,NOA,San Salvador de Jujuy,https://www.eltribunodejujuy.com,Caso Agostina Vega: declaración complica a la dueña del Ford Ka y a la ex de Barrelier
2026-06-21,2026-W25,provincial,EL TRIBUNO,Jujuy,NOA,San Salvador de Jujuy,https://www.eltribunodejujuy.com,"“Si sos trapito, te meto preso”"
2026-06-21,2026-W25,provincial,EL TRIBUNO,Jujuy,NOA,San Salvador de Jujuy,https://www.eltribunodejujuy.com,Autolux presentó en Jujuy la sexta generación de RAV4 Hibrida
2026-06-21,2026-W25,provincial,EL TRIBUNO,Jujuy,NOA,San Salvador de Jujuy,https://www.eltribunodejujuy.com,“Sindicato de Cursilería” se estrena en Buenos Aires
2026-06-21,2026-W25,provincial,EL TRIBUNO,Jujuy,NOA,San Salvador de Jujuy,https://www.eltribunodejujuy.com,Se viene el Jujuy Brass Festival
2026-06-21,2026-W25,provincial,LEA,Jujuy,NOA,San Salvador de Jujuy,https://www.periodicolea.com.ar,JUJUY ACTUALIDAD
2026-06-21,2026-W25,provincial,LEA,Jujuy,NOA,San Salvador de Jujuy,https://www.periodicolea.com.ar,Para atender a Jujuy y a la Región
2026-06-21,2026-W25,provincial,LEA,Jujuy,NOA,San Salvador de Jujuy,https://www.periodicolea.com.ar,DEPORTE NACIONAL
2026-06-21,2026-W25,provincial,LEA,Jujuy,NOA,San Salvador de Jujuy,https://www.periodicolea.com.ar,CULTURA & ESPECTÁCULOS
2026-06-21,2026-W25,provincial,LEA,Jujuy,NOA,San Salvador de Jujuy,https://www.periodicolea.com.ar,INTERNACIONALES
2026-06-21,2026-W25,provincial,LEA,Jujuy,NOA,San Salvador de Jujuy,https://www.periodicolea.com.ar,LEA LO MÁS VISTO
2026-06-21,2026-W25,provincial,LEA,Jujuy,NOA,San Salvador de Jujuy,https://www.periodicolea.com.ar,LEA NUESTRA PORTADA
2026-06-21,2026-W25,provincial,LEA,Jujuy,NOA,San Salvador de Jujuy,https://www.periodicolea.com.ar,Alto Comedero: el Plan de Acción Territorial de Salud reforzará al hospital Snopek y ocho CAPS
2026-06-21,2026-W25,provincial,LEA,Jujuy,NOA,San Salvador de Jujuy,https://www.periodicolea.com.ar,El Registro Civil recuerda la obligatoriedad de renovar los DNI formato «libreta celeste»
2026-06-21,2026-W25,provincial,LEA,Jujuy,NOA,San Salvador de Jujuy,https://www.periodicolea.com.ar,El Mercado 6 de Agosto celebrará el Día del Padre con música y gastronomía para la familia
2026-06-21,2026-W25,provincial,LEA,Jujuy,NOA,San Salvador de Jujuy,https://www.periodicolea.com.ar,El Gobierno de Jujuy realizó entrega de guardapolvos escolares para El Talar
2026-06-21,2026-W25,provincial,LEA,Jujuy,NOA,San Salvador de Jujuy,https://www.periodicolea.com.ar,Jorge encabezó la entrega de certificados a los agentes municipales formados en emergencias
2026-06-21,2026-W25,provincial,LEA,Jujuy,NOA,San Salvador de Jujuy,https://www.periodicolea.com.ar,“Pará de mentir y háganse cargo del tarifazo de Milei”
2026-06-21,2026-W25,provincial,LEA,Jujuy,NOA,San Salvador de Jujuy,https://www.periodicolea.com.ar,Sáenz en los homenajes a Güemes: “Debemos tomar su ejemplo y defender los intereses de la Patria y de los salteños»
2026-06-21,2026-W25,provincial,LEA,Jujuy,NOA,San Salvador de Jujuy,https://www.periodicolea.com.ar,Impacto de El Niño en el verano: Rossana Chahla reunió a expertos para proyectar medidas preventivas
2026-06-21,2026-W25,provincial,LEA,Jujuy,NOA,San Salvador de Jujuy,https://www.periodicolea.com.ar,Furor en Catamarca tras el debut de la Selección: «Tenemos una carta mágica»
2026-06-21,2026-W25,provincial,LEA,Jujuy,NOA,San Salvador de Jujuy,https://www.periodicolea.com.ar,El Gobierno otorgó anticipos financieros por hasta $400.000 millones a 3 gobernadores
2026-06-21,2026-W25,provincial,LEA,Jujuy,NOA,San Salvador de Jujuy,https://www.periodicolea.com.ar,Ni el AMBA ni el conurbano: la crisis de empleo y cierre de empresas golpea con más fuerza a las «provincias promesa» del modelo
2026-06-21,2026-W25,provincial,LEA,Jujuy,NOA,San Salvador de Jujuy,https://www.periodicolea.com.ar,Nuevo recibo de sueldo: cuáles son los cambios más significativos impulsados por el Gobierno Nacional
2026-06-21,2026-W25,provincial,LEA,Jujuy,NOA,San Salvador de Jujuy,https://www.periodicolea.com.ar,Se agrava la pérdida de empleo en Argentina: “El 68% de los trabajadores echados son de empresas grandes”
2026-06-21,2026-W25,provincial,LEA,Jujuy,NOA,San Salvador de Jujuy,https://www.periodicolea.com.ar,Igual cantidad de empleados y con menos producción: la radiografía de los empresarios para lo que queda de 2026
2026-06-21,2026-W25,provincial,LEA,Jujuy,NOA,San Salvador de Jujuy,https://www.periodicolea.com.ar,"Milei, el dilema de Adorni y las enseñanzas de George Kennan"
2026-06-21,2026-W25,provincial,LEA,Jujuy,NOA,San Salvador de Jujuy,https://www.periodicolea.com.ar,Ya se pueden adquirir las entradas para el partido del “Lobo” en Santiago del Estero
2026-06-21,2026-W25,provincial,LEA,Jujuy,NOA,San Salvador de Jujuy,https://www.periodicolea.com.ar,Gimnasia dejó atrás la goleada y ahora piensa en el partido del domingo en Santiago del Estero
2026-06-21,2026-W25,provincial,LEA,Jujuy,NOA,San Salvador de Jujuy,https://www.periodicolea.com.ar,En el Concejo Deliberante aprobaron ayer la creación del Programa Integral de Coordinación Deportiva por Distritos
2026-06-21,2026-W25,provincial,LEA,Jujuy,NOA,San Salvador de Jujuy,https://www.periodicolea.com.ar,"Brasil se enfrenta con Haití, en busca de la recuperación tras su flojo debut"
2026-06-21,2026-W25,provincial,LEA,Jujuy,NOA,San Salvador de Jujuy,https://www.periodicolea.com.ar,River inició una renovación histórica Arambarri pasó la revisión y el plantel “Millonario” viaja a España con 17 bajas
2026-06-21,2026-W25,provincial,LEA,Jujuy,NOA,San Salvador de Jujuy,https://www.periodicolea.com.ar,Arruabarrena borró a cuatro jugadores de Boca en el primer día de pretemporada
2026-06-21,2026-W25,provincial,LEA,Jujuy,NOA,San Salvador de Jujuy,https://www.periodicolea.com.ar,Cómo aprovechar la IA de Google para convertir documentos en podcast
2026-06-21,2026-W25,provincial,LEA,Jujuy,NOA,San Salvador de Jujuy,https://www.periodicolea.com.ar,Qué hacer cuando tu Google Chrome funciona de manera lenta
2026-06-21,2026-W25,provincial,LEA,Jujuy,NOA,San Salvador de Jujuy,https://www.periodicolea.com.ar,"Lanzan o1, la inteligencia artificial que «piensa» antes de responder"
2026-06-21,2026-W25,provincial,LEA,Jujuy,NOA,San Salvador de Jujuy,https://www.periodicolea.com.ar,"Así es el negocio de María Sol Messi, la hermana de Lionel Messi: el rol clave de Antonela Roccuzzo"
2026-06-21,2026-W25,provincial,LEA,Jujuy,NOA,San Salvador de Jujuy,https://www.periodicolea.com.ar,Florencia Peña anunció en vivo la muerte del papá de Messi y luego pidió disculpas: “Me comí la curva”
2026-06-21,2026-W25,provincial,LEA,Jujuy,NOA,San Salvador de Jujuy,https://www.periodicolea.com.ar,Quiénes son y a qué se dedican los tres hermanos de Lionel Messi
2026-06-21,2026-W25,provincial,LEA,Jujuy,NOA,San Salvador de Jujuy,https://www.periodicolea.com.ar,Los 100 días de Kast en Chile: el foco en la economía desplaza la lucha contra el delito
2026-06-21,2026-W25,provincial,LEA,Jujuy,NOA,San Salvador de Jujuy,https://www.periodicolea.com.ar,Denuncias por ingresos irregulares aumentan casi 70% en la Región de Antofagasta
2026-06-21,2026-W25,provincial,LEA,Jujuy,NOA,San Salvador de Jujuy,https://www.periodicolea.com.ar,"Puerto de Iquique, en el norte de Chile, acumula más de mil contenedores por bloqueos de carreteras en Bolivia"
2026-06-21,2026-W25,provincial,LEA,Jujuy,NOA,San Salvador de Jujuy,https://www.periodicolea.com.ar,Acuerdo con la COB se lleva adelante “de buena manera” dice Paz en un acto con los mineros
2026-06-21,2026-W25,provincial,LEA,Jujuy,NOA,San Salvador de Jujuy,https://www.periodicolea.com.ar,“Hay intención de cogobernar”: Gobierno cuestiona “condiciones absurdas” de la COB
2026-06-21,2026-W25,provincial,LEA,Jujuy,NOA,San Salvador de Jujuy,https://www.periodicolea.com.ar,El frío y la competencia reducen la pesca en el Pilcomayo
2026-06-21,2026-W25,provincial,LEA,Jujuy,NOA,San Salvador de Jujuy,https://www.periodicolea.com.ar,La metamorfosis demográfica de América Latina: la población mayor duplicará a la infantil en 2037
2026-06-21,2026-W25,provincial,LEA,Jujuy,NOA,San Salvador de Jujuy,https://www.periodicolea.com.ar,Lula le pide a Trump que no se meta en las elecciones en Brasil
2026-06-21,2026-W25,provincial,LEA,Jujuy,NOA,San Salvador de Jujuy,https://www.periodicolea.com.ar,Cómo van las elecciones de Colombia 2026 en el exterior y cuándo saldrán los resultados
2026-06-21,2026-W25,provincial,LEA,Jujuy,NOA,San Salvador de Jujuy,https://www.periodicolea.com.ar,El G7 aumenta la presión sobre Rusia para poner fin a la guerra en Ucrania
2026-06-21,2026-W25,provincial,LEA,Jujuy,NOA,San Salvador de Jujuy,https://www.periodicolea.com.ar,Entra en vigor el 1 de julio en Florida: la nueva ley que afecta a migrantes con visa de estudiante
2026-06-21,2026-W25,provincial,LEA,Jujuy,NOA,San Salvador de Jujuy,https://www.periodicolea.com.ar,Cuáles son los 14 puntos del acuerdo que firmaron Estados Unidos e Irán para lograr la paz en Medio Oriente
2026-06-21,2026-W25,provincial,PREGÓN,Jujuy,NOA,San Salvador de Jujuy,https://www.pregon.com.ar,Jujuy presentó en Buenos Aires la temporada turística de invierno 2026
2026-06-21,2026-W25,provincial,PREGÓN,Jujuy,NOA,San Salvador de Jujuy,https://www.pregon.com.ar,Celebraciones del Inti Raymi y I Encuentro de Corneteros en honor a San Juan Bautista
2026-06-21,2026-W25,provincial,PREGÓN,Jujuy,NOA,San Salvador de Jujuy,https://www.pregon.com.ar,Actos por el Día de la Bandera y promesa de lealtad de los estudiantes de 4º grado
2026-06-21,2026-W25,provincial,PREGÓN,Jujuy,NOA,San Salvador de Jujuy,https://www.pregon.com.ar,Ceremonia matrimonial para una historia de amor de casi 50 años
2026-06-21,2026-W25,provincial,PREGÓN,Jujuy,NOA,San Salvador de Jujuy,https://www.pregon.com.ar,Autorizaron un anticipo de coparticipación para Jujuy
2026-06-21,2026-W25,provincial,PREGÓN,Jujuy,NOA,San Salvador de Jujuy,https://www.pregon.com.ar,Celebran dos años de la puesta en marcha del Tren Solar de la Quebrada
2026-06-21,2026-W25,provincial,PREGÓN,Jujuy,NOA,San Salvador de Jujuy,https://www.pregon.com.ar,La segunda plaza al Regional tendrá una definición apasionante
2026-06-21,2026-W25,provincial,PREGÓN,Jujuy,NOA,San Salvador de Jujuy,https://www.pregon.com.ar,Mundial 2026: Francia buscará asegurar la clasificación ante Irak en Filadelfia
2026-06-21,2026-W25,provincial,PREGÓN,Jujuy,NOA,San Salvador de Jujuy,https://www.pregon.com.ar,Fundación Hospital de Niños entregó moderno dispositivo detector de venas
2026-06-21,2026-W25,provincial,PREGÓN,Jujuy,NOA,San Salvador de Jujuy,https://www.pregon.com.ar,Una propuesta de turismo sostenible y de calidad
2026-06-21,2026-W25,provincial,PREGÓN,Jujuy,NOA,San Salvador de Jujuy,https://www.pregon.com.ar,Promueven la incorporación de más municipios a programa de Unicef
2026-06-21,2026-W25,provincial,PREGÓN,Jujuy,NOA,San Salvador de Jujuy,https://www.pregon.com.ar,Detuvieron en Caimancito a un joven acusado de agredir a su novia embarazada
2026-06-21,2026-W25,provincial,PREGÓN,Jujuy,NOA,San Salvador de Jujuy,https://www.pregon.com.ar,Se presentó en su casa para amenazarla de muerte
2026-06-21,2026-W25,provincial,PREGÓN,Jujuy,NOA,San Salvador de Jujuy,https://www.pregon.com.ar,Hallaron un presunto artefacto explosivo
2026-06-21,2026-W25,provincial,PREGÓN,Jujuy,NOA,San Salvador de Jujuy,https://www.pregon.com.ar,Adelanto de coparticipación es para garantizar liquidez y la obra pública
2026-06-21,2026-W25,provincial,PREGÓN,Jujuy,NOA,San Salvador de Jujuy,https://www.pregon.com.ar,Reunión con Bernis para el fortalecimiento de las auditorías de control
2026-06-21,2026-W25,provincial,PREGÓN,Jujuy,NOA,San Salvador de Jujuy,https://www.pregon.com.ar,"Para Moisés, dentro del PJ los que piden liberar a Cristina Kirchner ""están en Disney"""
2026-06-21,2026-W25,provincial,PREGÓN,Jujuy,NOA,San Salvador de Jujuy,https://www.pregon.com.ar,Japón aplastó a Túnez y es líder del Grupo F en el Mundial 2026
2026-06-21,2026-W25,provincial,PREGÓN,Jujuy,NOA,San Salvador de Jujuy,https://www.pregon.com.ar,Scaloni analiza cambios para enfrentar a Austria y mantiene abiertas varias dudas en la formación
2026-06-21,2026-W25,provincial,PREGÓN,Jujuy,NOA,San Salvador de Jujuy,https://www.pregon.com.ar,Raphinha inicia tratamiento por la lesión en los isquiotibiales y se perdería el próximo partido
2026-06-21,2026-W25,provincial,PREGÓN,Jujuy,NOA,San Salvador de Jujuy,https://www.pregon.com.ar,Mundial 2026: Histórico punto de Curazao ante Ecuador en el empate 0 a 0 en su primera participación
2026-06-21,2026-W25,provincial,PREGÓN,Jujuy,NOA,San Salvador de Jujuy,https://www.pregon.com.ar,Mundial 2026: Alemania se lo dio vuelta de manera agónica a Costa de Marfil y se aseguró la clasificación a 16avos
2026-06-21,2026-W25,provincial,PREGÓN,Jujuy,NOA,San Salvador de Jujuy,https://www.pregon.com.ar,Murió el futbolista de Colón de San Justo que había sufrido un ACV isquémico
2026-06-21,2026-W25,provincial,PREGÓN,Jujuy,NOA,San Salvador de Jujuy,https://www.pregon.com.ar,"“Mintió, debería dar un paso al costado”: legislador porteño cuestionó a Adorni por sus Bitcoin"
2026-06-21,2026-W25,provincial,PREGÓN,Jujuy,NOA,San Salvador de Jujuy,https://www.pregon.com.ar,La oposición contra Adorni: “O lo echan o lo sacamos nosotros”
2026-06-21,2026-W25,provincial,PREGÓN,Jujuy,NOA,San Salvador de Jujuy,https://www.pregon.com.ar,El tema Adorni condiciona la agenda del oficialismo en Diputados y hay dudas sobre las dos sesiones de esta semana
2026-06-21,2026-W25,provincial,PREGÓN,Jujuy,NOA,San Salvador de Jujuy,https://www.pregon.com.ar,Francia entra en alerta militar por una ola de calor extremo que roza los 40 grados
2026-06-21,2026-W25,provincial,PREGÓN,Jujuy,NOA,San Salvador de Jujuy,https://www.pregon.com.ar,Trump advirtió que volverán los ataques si Irán no deja de “ocasionar problemas” en Líbano
2026-06-21,2026-W25,provincial,PREGÓN,Jujuy,NOA,San Salvador de Jujuy,https://www.pregon.com.ar,Las negociaciones de paz entre Irán y EE.UU. se reactivan en Suiza tras una crítica escalada militar
2026-06-21,2026-W25,provincial,PREGÓN,Jujuy,NOA,San Salvador de Jujuy,https://www.pregon.com.ar,“Mi hijo es mi pichón”: la madre de Gaspi en el homenaje al creador de contenido
2026-06-21,2026-W25,provincial,PREGÓN,Jujuy,NOA,San Salvador de Jujuy,https://www.pregon.com.ar,"Murió James Burrows, director de ""Friends"" y responsable del piloto de ""The Big Bang Theory"""
2026-06-21,2026-W25,provincial,PREGÓN,Jujuy,NOA,San Salvador de Jujuy,https://www.pregon.com.ar,"Con show incluído: el encuentro entre La Mona Jiménez con Messi, Julián Álvarez y Nahuel Molina"
2026-06-21,2026-W25,provincial,PREGÓN,Jujuy,NOA,San Salvador de Jujuy,https://www.pregon.com.ar,l Estado reducido a Vigilante
2026-06-21,2026-W25,provincial,PREGÓN,Jujuy,NOA,San Salvador de Jujuy,https://www.pregon.com.ar,¿Y dónde están los Rectores?
2026-06-21,2026-W25,provincial,PREGÓN,Jujuy,NOA,San Salvador de Jujuy,https://www.pregon.com.ar,JUJUY Celebraciones del Inti Raymi y I Encuentro de Corneteros en honor a San Juan Bautista 19-06-2026
2026-06-21,2026-W25,provincial,PREGÓN,Jujuy,NOA,San Salvador de Jujuy,https://www.pregon.com.ar,JUJUY Actos por el Día de la Bandera y promesa de lealtad de los estudiantes de 4º grado 19-06-2026
2026-06-21,2026-W25,provincial,PREGÓN,Jujuy,NOA,San Salvador de Jujuy,https://www.pregon.com.ar,JUJUY Ceremonia matrimonial para una historia de amor de casi 50 años 19-06-2026
2026-06-21,2026-W25,provincial,PREGÓN,Jujuy,NOA,San Salvador de Jujuy,https://www.pregon.com.ar,POLITICA Autorizaron un anticipo de coparticipación para Jujuy 18-06-2026
2026-06-21,2026-W25,provincial,PREGÓN,Jujuy,NOA,San Salvador de Jujuy,https://www.pregon.com.ar,JUJUY Celebran dos años de la puesta en marcha del Tren Solar de la Quebrada 18-06-2026
2026-06-21,2026-W25,provincial,PREGÓN,Jujuy,NOA,San Salvador de Jujuy,https://www.pregon.com.ar,DEPORTES La segunda plaza al Regional tendrá una definición apasionante 18-06-2026
2026-06-21,2026-W25,provincial,PREGÓN,Jujuy,NOA,San Salvador de Jujuy,https://www.pregon.com.ar,DEPORTES Mundial 2026: Francia buscará asegurar la clasificación ante Irak en Filadelfia 11:27 AM
2026-06-21,2026-W25,provincial,PREGÓN,Jujuy,NOA,San Salvador de Jujuy,https://www.pregon.com.ar,JUJUY Fundación Hospital de Niños entregó moderno dispositivo detector de venas 19-06-2026
2026-06-21,2026-W25,provincial,PREGÓN,Jujuy,NOA,San Salvador de Jujuy,https://www.pregon.com.ar,JUJUY Una propuesta de turismo sostenible y de calidad 19-06-2026
2026-06-21,2026-W25,provincial,PREGÓN,Jujuy,NOA,San Salvador de Jujuy,https://www.pregon.com.ar,JUJUY Promueven la incorporación de más municipios a programa de Unicef 19-06-2026
2026-06-21,2026-W25,provincial,PREGÓN,Jujuy,NOA,San Salvador de Jujuy,https://www.pregon.com.ar,POLICIAL Detuvieron en Caimancito a un joven acusado de agredir a su novia embarazada 18-06-2026
2026-06-21,2026-W25,provincial,PREGÓN,Jujuy,NOA,San Salvador de Jujuy,https://www.pregon.com.ar,POLICIAL Se presentó en su casa para amenazarla de muerte 18-06-2026
2026-06-21,2026-W25,provincial,PREGÓN,Jujuy,NOA,San Salvador de Jujuy,https://www.pregon.com.ar,POLICIAL Hallaron un presunto artefacto explosivo 18-06-2026
2026-06-21,2026-W25,provincial,PREGÓN,Jujuy,NOA,San Salvador de Jujuy,https://www.pregon.com.ar,POLITICA Adelanto de coparticipación es para garantizar liquidez y la obra pública 19-06-2026
2026-06-21,2026-W25,provincial,PREGÓN,Jujuy,NOA,San Salvador de Jujuy,https://www.pregon.com.ar,POLITICA Reunión con Bernis para el fortalecimiento de las auditorías de control 19-06-2026
2026-06-21,2026-W25,provincial,PREGÓN,Jujuy,NOA,San Salvador de Jujuy,https://www.pregon.com.ar,"POLITICA Para Moisés, dentro del PJ los que piden liberar a Cristina Kirchner ""están en Disney"" 19-06-2026"
2026-06-21,2026-W25,provincial,EL INDEPENDIENTE,La Rioja,NOA,La Rioja,https://www.elindependiente.com.ar,Las principales noticias de la semana que pasó
2026-06-21,2026-W25,provincial,EL INDEPENDIENTE,La Rioja,NOA,La Rioja,https://www.elindependiente.com.ar,Verdulería San Cayetano se suma a los beneficios cooperativos
2026-06-21,2026-W25,provincial,EL INDEPENDIENTE,La Rioja,NOA,La Rioja,https://www.elindependiente.com.ar,"Día del Padre: Don Ramón, entre el trabajo, el fútbol y la familia"
2026-06-21,2026-W25,provincial,EL INDEPENDIENTE,La Rioja,NOA,La Rioja,https://www.elindependiente.com.ar,Domingo con cielo ligeramente nublado en La Rioja
2026-06-21,2026-W25,provincial,EL INDEPENDIENTE,La Rioja,NOA,La Rioja,https://www.elindependiente.com.ar,Efemérides del 21 de junio: ¿Qué pasó un día como hoy?
2026-06-21,2026-W25,provincial,EL INDEPENDIENTE,La Rioja,NOA,La Rioja,https://www.elindependiente.com.ar,Elecciones en Colombia: Abelardo de la Espriella e Iván Cepeda se enfrentan en balotaje
2026-06-21,2026-W25,provincial,EL INDEPENDIENTE,La Rioja,NOA,La Rioja,https://www.elindependiente.com.ar,Países Bajos goleó a Suecia y dio un golpe de autoridad
2026-06-21,2026-W25,provincial,EL INDEPENDIENTE,La Rioja,NOA,La Rioja,https://www.elindependiente.com.ar,Paraguay aguantó con uno menos ante Turquía y se llevó un triunfo clave
2026-06-21,2026-W25,provincial,EL INDEPENDIENTE,La Rioja,NOA,La Rioja,https://www.elindependiente.com.ar,La Federación de Argelia reclama ante la FIFA el arbitraje frente a la Selección argent
2026-06-21,2026-W25,provincial,EL INDEPENDIENTE,La Rioja,NOA,La Rioja,https://www.elindependiente.com.ar,Fan Fest Mundialista: gran fiesta del deporte en el Estadio Mercado Luna
2026-06-21,2026-W25,provincial,EL INDEPENDIENTE,La Rioja,NOA,La Rioja,https://www.elindependiente.com.ar,Estados Unidos le ganó a Australia y quedó a un paso de los 16avos del Mundial
2026-06-21,2026-W25,provincial,EL INDEPENDIENTE,La Rioja,NOA,La Rioja,https://www.elindependiente.com.ar,Qué resultados necesita la Selección argentina para clasificar a los 16avos de final
2026-06-21,2026-W25,provincial,EL INDEPENDIENTE,La Rioja,NOA,La Rioja,https://www.elindependiente.com.ar,La FIFA designó al árbitro para el partido de la Selección Argentina ante Austria
2026-06-21,2026-W25,provincial,EL INDEPENDIENTE,La Rioja,NOA,La Rioja,https://www.elindependiente.com.ar,"Con la presencia de Messi, Argentina se entrenó con la mirada puesta en Austria"
2026-06-21,2026-W25,provincial,EL INDEPENDIENTE,La Rioja,NOA,La Rioja,https://www.elindependiente.com.ar,Definen ejes estratégicos para planificar el crecimiento de la provincia
2026-06-21,2026-W25,provincial,EL INDEPENDIENTE,La Rioja,NOA,La Rioja,https://www.elindependiente.com.ar,Día del Padre 2026: las promociones no alcanzaron y las ventas cayeron por cuarto año s
2026-06-21,2026-W25,provincial,EL INDEPENDIENTE,La Rioja,NOA,La Rioja,https://www.elindependiente.com.ar,Incendio en una vivienda: se prendió fuego un caloventor y parte de un dormitorio
2026-06-21,2026-W25,provincial,EL INDEPENDIENTE,La Rioja,NOA,La Rioja,https://www.elindependiente.com.ar,Efemérides del 20 de junio: ¿Qué pasó un día como hoy?
2026-06-21,2026-W25,provincial,EL INDEPENDIENTE,La Rioja,NOA,La Rioja,https://www.elindependiente.com.ar,¿Cómo estará el clima este sábado en La Rioja?
2026-06-21,2026-W25,provincial,EL INDEPENDIENTE,La Rioja,NOA,La Rioja,https://www.elindependiente.com.ar,UTN La Rioja fortalece vinculación con instituciones del sector tecnológico y docente
2026-06-21,2026-W25,provincial,EL INDEPENDIENTE,La Rioja,NOA,La Rioja,https://www.elindependiente.com.ar,Escoliosis: el deporte y los chequeos como pilares del desarrollo saludable de niños
2026-06-21,2026-W25,provincial,EL INDEPENDIENTE,La Rioja,NOA,La Rioja,https://www.elindependiente.com.ar,Invitan a una nueva capacitación rumbo a la Reforma Judicial
2026-06-21,2026-W25,provincial,EL INDEPENDIENTE,La Rioja,NOA,La Rioja,https://www.elindependiente.com.ar,Estudiantes se sumaron a una jornada para derribar prejuicios sobre la vejez
2026-06-21,2026-W25,provincial,EL INDEPENDIENTE,La Rioja,NOA,La Rioja,https://www.elindependiente.com.ar,Castigan a una cantante iraní con 74 latigazos por cantar sin hiyab
2026-06-21,2026-W25,provincial,EL INDEPENDIENTE,La Rioja,NOA,La Rioja,https://www.elindependiente.com.ar,Santos inocentes
2026-06-21,2026-W25,provincial,EL INDEPENDIENTE,La Rioja,NOA,La Rioja,https://www.elindependiente.com.ar,Con show incluído: el encuentro entre La Mona Jiménez con Messi y Julián Álvarez
2026-06-21,2026-W25,provincial,EL INDEPENDIENTE,La Rioja,NOA,La Rioja,https://www.elindependiente.com.ar,"""Nunca lo seguí"": Antonella Roccuzzo desmintió que dejó de seguir a Nico Occhiato"
2026-06-21,2026-W25,provincial,EL INDEPENDIENTE,La Rioja,NOA,La Rioja,https://www.elindependiente.com.ar,Anne Hathaway está embarazada de su tercer hijo a los 43 años
2026-06-21,2026-W25,provincial,EL INDEPENDIENTE,La Rioja,NOA,La Rioja,https://www.elindependiente.com.ar,Conductor de Luzu TV cuestionó a quienes difundieron noticias falsas sobre su canal
2026-06-21,2026-W25,provincial,EL INDEPENDIENTE,La Rioja,NOA,La Rioja,https://www.elindependiente.com.ar,Juanita Tinelli desmintió la denuncia por violencia de género
2026-06-21,2026-W25,provincial,EL INDEPENDIENTE,La Rioja,NOA,La Rioja,https://www.elindependiente.com.ar,Scaloneta para todos
2026-06-21,2026-W25,provincial,EL INDEPENDIENTE,La Rioja,NOA,La Rioja,https://www.elindependiente.com.ar,El lunes no habrá clases en el turno tarde por el partido de la Selección
2026-06-21,2026-W25,provincial,EL INDEPENDIENTE,La Rioja,NOA,La Rioja,https://www.elindependiente.com.ar,Más de 6.000 estudiantes realizarán la Promesa de Lealtad a la Bandera
2026-06-21,2026-W25,provincial,EL INDEPENDIENTE,La Rioja,NOA,La Rioja,https://www.elindependiente.com.ar,Crece el conflicto limítrofe entre La Rioja y San Juan por recursos turísticos y minero
2026-06-21,2026-W25,provincial,EL INDEPENDIENTE,La Rioja,NOA,La Rioja,https://www.elindependiente.com.ar,El Municipio de Capital completó el descacharreo en barrio Evita
2026-06-21,2026-W25,provincial,EL INDEPENDIENTE,La Rioja,NOA,La Rioja,https://www.elindependiente.com.ar,El oficialismo somete a debate los alcances de la moción de censura y juega a blindar a
2026-06-21,2026-W25,provincial,EL INDEPENDIENTE,La Rioja,NOA,La Rioja,https://www.elindependiente.com.ar,Cristina Kirchner salió al balcón a saludar a la militancia que se movilizó
2026-06-21,2026-W25,provincial,EL INDEPENDIENTE,La Rioja,NOA,La Rioja,https://www.elindependiente.com.ar,"""Mi hijo es mi pichón"": la madre de Gaspi en el homenaje al creador de contenido"
2026-06-21,2026-W25,provincial,EL INDEPENDIENTE,La Rioja,NOA,La Rioja,https://www.elindependiente.com.ar,"Chilecito: detuvieron a un hombre y secuestraron droga, un arma y vehículos"
2026-06-21,2026-W25,provincial,EL INDEPENDIENTE,La Rioja,NOA,La Rioja,https://www.elindependiente.com.ar,Estafaron a un riojano por $ 11.000.000 y los sospechosos estaban en Santa Fe
2026-06-21,2026-W25,provincial,EL INDEPENDIENTE,La Rioja,NOA,La Rioja,https://www.elindependiente.com.ar,La Dirección de Investigaciones prepara un día especial para celebrar sus 50°
2026-06-21,2026-W25,provincial,EL INDEPENDIENTE,La Rioja,NOA,La Rioja,https://www.elindependiente.com.ar,Mundial 2026: Alemania se lo dio vuelta de manera agónica a Costa de Marfil
2026-06-21,2026-W25,provincial,EL INDEPENDIENTE,La Rioja,NOA,La Rioja,https://www.elindependiente.com.ar,Invitan a la caravana para recibir al medallista de bronce Benjamín Suáres
2026-06-21,2026-W25,provincial,EL INDEPENDIENTE,La Rioja,NOA,La Rioja,https://www.elindependiente.com.ar,Operaron de urgencia a Fernando Gago
2026-06-21,2026-W25,provincial,EL INDEPENDIENTE,La Rioja,NOA,La Rioja,https://www.elindependiente.com.ar,La Rioja será sede del Torneo Nacional de Selecciones de Newcom Femenino
2026-06-21,2026-W25,provincial,EL INDEPENDIENTE,La Rioja,NOA,La Rioja,https://www.elindependiente.com.ar,Colombia: al menos 99 disidentes de las FARC se desmovilizaron
2026-06-21,2026-W25,provincial,EL INDEPENDIENTE,La Rioja,NOA,La Rioja,https://www.elindependiente.com.ar,"EE. UU. busca un acuerdo permanente con Irán, pero surgen obstáculos"
2026-06-21,2026-W25,provincial,EL INDEPENDIENTE,La Rioja,NOA,La Rioja,https://www.elindependiente.com.ar,"Obama criticó las políticas de Trump, aunque sin nombrarlo"
2026-06-21,2026-W25,provincial,EL INDEPENDIENTE,La Rioja,NOA,La Rioja,https://www.elindependiente.com.ar,Khamenei autoriza memorando con EE. UU. pese a reservas y exige condiciones
2026-06-21,2026-W25,provincial,EL INDEPENDIENTE,La Rioja,NOA,La Rioja,https://www.elindependiente.com.ar,Residentes de Castro Barros se preparan para la Fogata de San Juan
2026-06-21,2026-W25,provincial,NUEVA RIOJA,La Rioja,NOA,La Rioja,https://www.nuevarioja.com.ar,Secuestran 75 kilos de marihuana en un golpe histórico al narcotráfico en La Rioja
2026-06-21,2026-W25,provincial,NUEVA RIOJA,La Rioja,NOA,La Rioja,https://www.nuevarioja.com.ar,Rugby: Derrotas de Social y CRAR en Catamarca por la novena fecha
2026-06-21,2026-W25,provincial,NUEVA RIOJA,La Rioja,NOA,La Rioja,https://www.nuevarioja.com.ar,"La Capital amaneció con 4,8°C y se esperan chaparrones hacia la tarde"
2026-06-21,2026-W25,provincial,NUEVA RIOJA,La Rioja,NOA,La Rioja,https://www.nuevarioja.com.ar,Un hombre fue condenado a 14 años de prisión por abuso
2026-06-21,2026-W25,provincial,NUEVA RIOJA,La Rioja,NOA,La Rioja,https://www.nuevarioja.com.ar,Buscan a los autores del robo de $24 millones en Ulapes
2026-06-21,2026-W25,provincial,NUEVA RIOJA,La Rioja,NOA,La Rioja,https://www.nuevarioja.com.ar,Impulsan un plan integral para potenciar el turismo en el Interior
2026-06-21,2026-W25,provincial,NUEVA RIOJA,La Rioja,NOA,La Rioja,https://www.nuevarioja.com.ar,Una menor sufrió fractura expuesta en un siniestro vial en Aimogasta
2026-06-21,2026-W25,provincial,NUEVA RIOJA,La Rioja,NOA,La Rioja,https://www.nuevarioja.com.ar,Incendio en Cafayate: el fuego ya consumió más de 200 hectáreas
2026-06-21,2026-W25,provincial,NUEVA RIOJA,La Rioja,NOA,La Rioja,https://www.nuevarioja.com.ar,Elecciones en Colombia: Abelardo de la Espriella e Iván Cepeda se enfrentan en el balotaje
2026-06-21,2026-W25,provincial,NUEVA RIOJA,La Rioja,NOA,La Rioja,https://www.nuevarioja.com.ar,Alemania se lo dio vuelta a Costa de Marfil en el final y clasificó a los 16avos
2026-06-21,2026-W25,provincial,NUEVA RIOJA,La Rioja,NOA,La Rioja,https://www.nuevarioja.com.ar,La Selección Argentina se entrenó en Kansas y Lionel Scaloni mantiene dos dudas el once que enfrentará a Austria
2026-06-21,2026-W25,provincial,NUEVA RIOJA,La Rioja,NOA,La Rioja,https://www.nuevarioja.com.ar,Países Bajos goleó a Suecia y dio un golpe de autoridad para quedar a un paso de la clasificación
2026-06-21,2026-W25,provincial,NUEVA RIOJA,La Rioja,NOA,La Rioja,https://www.nuevarioja.com.ar,Paraguay venció a Turquía en un partido de locos y respira en el Mundial 2026
2026-06-21,2026-W25,provincial,NUEVA RIOJA,La Rioja,NOA,La Rioja,https://www.nuevarioja.com.ar,Brasil goleó a Haití y tiene casi asegurado el pase a los 16avos de final del Mundial 2026
2026-06-21,2026-W25,provincial,NUEVA RIOJA,La Rioja,NOA,La Rioja,https://www.nuevarioja.com.ar,Gonzalo Montiel se lesionó y no podría jugar ante Austria
2026-06-21,2026-W25,provincial,NUEVA RIOJA,La Rioja,NOA,La Rioja,https://www.nuevarioja.com.ar,Estados Unidos le ganó a Australia y está en dieciseisavos de final del Mundial 2026
2026-06-21,2026-W25,provincial,NUEVA RIOJA,La Rioja,NOA,La Rioja,https://www.nuevarioja.com.ar,Nueva Rioja te invita a jugar el PRODE Oficial de la AFA a través de Albiceleste.app
2026-06-21,2026-W25,provincial,NUEVA RIOJA,La Rioja,NOA,La Rioja,https://www.nuevarioja.com.ar,Últimas noticias
2026-06-21,2026-W25,provincial,NUEVA RIOJA,La Rioja,NOA,La Rioja,https://www.nuevarioja.com.ar,Francisco Cerúndolo venció a Tommy Paul y se convirtió en el primer argentino en ganar el ATP 500 de Queen’s
2026-06-21,2026-W25,provincial,NUEVA RIOJA,La Rioja,NOA,La Rioja,https://www.nuevarioja.com.ar,Trump advirtió que volverán los ataques si Irán no deja de “ocasionar problemas” en Líbano
2026-06-21,2026-W25,provincial,NUEVA RIOJA,La Rioja,NOA,La Rioja,https://www.nuevarioja.com.ar,Scaloni analiza cambios para enfrentar a Austria y mantiene abiertas varias dudas en la formación
2026-06-21,2026-W25,provincial,NUEVA RIOJA,La Rioja,NOA,La Rioja,https://www.nuevarioja.com.ar,JetSMART crece en el país: ¿puede La Rioja aprovechar la oportunidad?
2026-06-21,2026-W25,provincial,NUEVA RIOJA,La Rioja,NOA,La Rioja,https://www.nuevarioja.com.ar,Cronograma de la Novena de Invierno en honor a San Nicolás
2026-06-21,2026-W25,provincial,NUEVA RIOJA,La Rioja,NOA,La Rioja,https://www.nuevarioja.com.ar,Ricardo Herrera: “Vamos a defender lo que le corresponde a los riojanos”
2026-06-21,2026-W25,provincial,NUEVA RIOJA,La Rioja,NOA,La Rioja,https://www.nuevarioja.com.ar,Irán volvió a cerrar el estrecho de Ormuz y crece la tensión con Israel y EE.UU.
2026-06-21,2026-W25,provincial,NUEVA RIOJA,La Rioja,NOA,La Rioja,https://www.nuevarioja.com.ar,"Milei sostuvo que Belgrano fue el ""primer intelectual liberal económico argentino"""
2026-06-21,2026-W25,provincial,NUEVA RIOJA,La Rioja,NOA,La Rioja,https://www.nuevarioja.com.ar,El lunes 22 no habrá clases en el turno tarde por el partido de la Selección Argentina
2026-06-21,2026-W25,provincial,NUEVA RIOJA,La Rioja,NOA,La Rioja,https://www.nuevarioja.com.ar,Brasil: detuvieron a seis personas por la muerte de la joven lanzada sin cuerda desde un puente
2026-06-21,2026-W25,provincial,NUEVA RIOJA,La Rioja,NOA,La Rioja,https://www.nuevarioja.com.ar,Quintela destacó el valor de la soberanía nacional y defendió la continuidad de los Chachos
2026-06-21,2026-W25,provincial,NUEVA RIOJA,La Rioja,NOA,La Rioja,https://www.nuevarioja.com.ar,Armando Molina llamó a la unidad de los argentinos y respaldó la continuidad de los Chachos
2026-06-21,2026-W25,provincial,NUEVA RIOJA,La Rioja,NOA,La Rioja,https://www.nuevarioja.com.ar,San Francisco lo dio vuelta y se trepó a la cima
2026-06-21,2026-W25,provincial,NUEVA RIOJA,La Rioja,NOA,La Rioja,https://www.nuevarioja.com.ar,"Murió Roberto García, referente del periodismo político y económico"
2026-06-21,2026-W25,provincial,NUEVA RIOJA,La Rioja,NOA,La Rioja,https://www.nuevarioja.com.ar,Más de 6.000 estudiantes realizarán la Promesa de Lealtad a la Bandera
2026-06-21,2026-W25,provincial,NUEVA RIOJA,La Rioja,NOA,La Rioja,https://www.nuevarioja.com.ar,Finaliza el pago de la quincenita para trabajadores estatales
2026-06-21,2026-W25,provincial,NUEVA RIOJA,La Rioja,NOA,La Rioja,https://www.nuevarioja.com.ar,Una motociclista sufrió heridas graves tras un siniestro vial en Chamical
2026-06-21,2026-W25,provincial,NUEVA RIOJA,La Rioja,NOA,La Rioja,https://www.nuevarioja.com.ar,Adrián Ravier será el nuevo Vocero Presidencial
2026-06-21,2026-W25,provincial,NUEVA RIOJA,La Rioja,NOA,La Rioja,https://www.nuevarioja.com.ar,Choque en Panamericana: la nena de dos años que murió era hija de un músico de la banda de Rodrigo Tapari
2026-06-21,2026-W25,provincial,NUEVA RIOJA,La Rioja,NOA,La Rioja,https://www.nuevarioja.com.ar,Un camionero arreglaba el pulmón de eje de su camión y terminó con graves heridas
2026-06-21,2026-W25,provincial,NUEVA RIOJA,La Rioja,NOA,La Rioja,https://www.nuevarioja.com.ar,Policía recupera una desmalezadora robada en el Barrio Las Agaves
2026-06-21,2026-W25,provincial,NUEVA RIOJA,La Rioja,NOA,La Rioja,https://www.nuevarioja.com.ar,Ecuador no pudo con Curazao y su continuidad en el Mundial depende de un batacazo
2026-06-21,2026-W25,provincial,NUEVA RIOJA,La Rioja,NOA,La Rioja,https://www.nuevarioja.com.ar,Japón goleó a Túnez y lo eliminó del Mundial 2026
2026-06-21,2026-W25,provincial,NUEVA RIOJA,La Rioja,NOA,La Rioja,https://www.nuevarioja.com.ar,Facundo doblegó a Banco Rioja y se metió en las semifinales
2026-06-21,2026-W25,provincial,NUEVA RIOJA,La Rioja,NOA,La Rioja,https://www.nuevarioja.com.ar,Independiente le amargó la tarde a Vélez
2026-06-21,2026-W25,provincial,NUEVA RIOJA,La Rioja,NOA,La Rioja,https://www.nuevarioja.com.ar,San Buenaventura logró el primer éxito jugando de local
2026-06-21,2026-W25,provincial,NUEVA RIOJA,La Rioja,NOA,La Rioja,https://www.nuevarioja.com.ar,Los Andes lo aguantó y sigue arriba en la Zona B del Torneo
2026-06-21,2026-W25,provincial,NUEVA RIOJA,La Rioja,NOA,La Rioja,https://www.nuevarioja.com.ar,Elevada carga impositiva: los municipios cobran 82 tipos de tasas pese a los reclamos de Luis Caputo
2026-06-21,2026-W25,provincial,NUEVA RIOJA,La Rioja,NOA,La Rioja,https://www.nuevarioja.com.ar,Cristina Kirchner salió al balcón a saludar a la militancia que se movilizó desde Parque Lezama
2026-06-21,2026-W25,provincial,NUEVA RIOJA,La Rioja,NOA,La Rioja,https://www.nuevarioja.com.ar,"En Rosario, Villarruel cargó contra el Gobierno y habló sobre Adorni: “No hay nadie más peleado con los valores de Belgrano que él"""
2026-06-21,2026-W25,provincial,NUEVA RIOJA,La Rioja,NOA,La Rioja,https://www.nuevarioja.com.ar,Chaco: responsabilizan al gobernador Zdero por quitar fondos comederos escolares
2026-06-21,2026-W25,provincial,NUEVA RIOJA,La Rioja,NOA,La Rioja,https://www.nuevarioja.com.ar,"El Presidente y Adorni ya están en Rosario para el acto del Día de la Bandera, en el que podrían cruzarse con Villarruel"
2026-06-21,2026-W25,provincial,RIOJA VIRTUAL,La Rioja,NOA,La Rioja,https://www.riojavirtual.com.ar,EL ROL CLAVE DEL TEMA MINERO EN LA DISPUTA LIMÍTROFE CON SAN JUAN
2026-06-21,2026-W25,provincial,RIOJA VIRTUAL,La Rioja,NOA,La Rioja,https://www.riojavirtual.com.ar,PAREDES URQUIZA INDICÓ QUE ES VIABLE LEY DE LEMAS EN 2027 SI ES «RACIONAL»
2026-06-21,2026-W25,provincial,RIOJA VIRTUAL,La Rioja,NOA,La Rioja,https://www.riojavirtual.com.ar,EMPLEO DOMÉSTICO. CUÁNTO SE COBRARÁ CON EL AUMENTO ACORDADO DE JULIO
2026-06-21,2026-W25,provincial,RIOJA VIRTUAL,La Rioja,NOA,La Rioja,https://www.riojavirtual.com.ar,"SE VIENE LA FERIA DEL LIBRO. FIGURAS CONFIRMADAS, ACTIVIDADES, ESPACIOS Y MUCHO MÁS"
2026-06-21,2026-W25,provincial,RIOJA VIRTUAL,La Rioja,NOA,La Rioja,https://www.riojavirtual.com.ar,BOMBA EN EL MERCADO DE PASES EN PLENO MUNDIAL. ENZO FERNÁNDEZ TENDRÍA ACUERDO CON REAL MADRID
2026-06-21,2026-W25,provincial,RIOJA VIRTUAL,La Rioja,NOA,La Rioja,https://www.riojavirtual.com.ar,EL FISCAL MARIJUAN PIDIÓ LA INDAGATORIA DE FRANCISCO ADORNI POR PRESENTAR DECLARACIONES JURADAS FALSAS
2026-06-21,2026-W25,provincial,RIOJA VIRTUAL,La Rioja,NOA,La Rioja,https://www.riojavirtual.com.ar,SE CONFIRMÓ VISITA DEL PAPA A PERÚ Y CRECE LA EXPECTATIVA DE UNA GIRA QUE INCLUIRÍA A ARGENTINA
2026-06-21,2026-W25,provincial,RIOJA VIRTUAL,La Rioja,NOA,La Rioja,https://www.riojavirtual.com.ar,¡Cargando por favor esperar!
2026-06-21,2026-W25,provincial,EL TRIBUNO,Salta,NOA,Salta,https://www.eltribuno.com,Noticias de interés general actualizadas 24HS
2026-06-21,2026-W25,provincial,EL TRIBUNO,Salta,NOA,Salta,https://www.eltribuno.com,Fixture del Mundial 2026
2026-06-21,2026-W25,provincial,EL TRIBUNO,Salta,NOA,Salta,https://www.eltribuno.com,Alerta naranja por viento Zonda en los Valles: prevén ráfagas de más de 80 km/h
2026-06-21,2026-W25,provincial,EL TRIBUNO,Salta,NOA,Salta,https://www.eltribuno.com,"España vs Arabia Saudita, por el Mundial 2026: seguí EN VIVO, minuto a minuto"
2026-06-21,2026-W25,provincial,EL TRIBUNO,Salta,NOA,Salta,https://www.eltribuno.com,Refuerzan el combate del incendio en Cafayate con dos aviones hidrantes por la alerta de viento Zonda
2026-06-21,2026-W25,provincial,EL TRIBUNO,Salta,NOA,Salta,https://www.eltribuno.com,"Luis Lucero: ""La afirmación de que la minería no genera empleo es engañosa"""
2026-06-21,2026-W25,provincial,EL TRIBUNO,Salta,NOA,Salta,https://www.eltribuno.com,Asignaron a un fiscal de Salta para investigar la muerte de Valentina e Isabelle en una clínica de Tartagal
2026-06-21,2026-W25,provincial,EL TRIBUNO,Salta,NOA,Salta,https://www.eltribuno.com,La mujer que inventó el Día del Padre para homenajear al suyo: la historia detrás de la emotiva fecha
2026-06-21,2026-W25,provincial,EL TRIBUNO,Salta,NOA,Salta,https://www.eltribuno.com,"¿Por qué quieren ser argentinos?: “¡Por Messi!”, respondieron los niños en la promesa a la bandera en Orán"
2026-06-21,2026-W25,provincial,EL TRIBUNO,Salta,NOA,Salta,https://www.eltribuno.com,La bandera en los cielos de Seclantás
2026-06-21,2026-W25,provincial,EL TRIBUNO,Salta,NOA,Salta,https://www.eltribuno.com,Fernando Gago sufrió un infarto agudo de miocardio: qué dice el parte médico
2026-06-21,2026-W25,provincial,EL TRIBUNO,Salta,NOA,Salta,https://www.eltribuno.com,Un episodio que revalora la responsabilidad de informar
2026-06-21,2026-W25,provincial,EL TRIBUNO,Salta,NOA,Salta,https://www.eltribuno.com,"La agenda de la Selección Argentina antes de Austria: entrenamiento, viaje y conferencia de Scaloni"
2026-06-21,2026-W25,provincial,EL TRIBUNO,Salta,NOA,Salta,https://www.eltribuno.com,"Dallas, la ciudad de los magnates, recibe a la selección bajo un calor agobiante y un estadio de lujo"
2026-06-21,2026-W25,provincial,EL TRIBUNO,Salta,NOA,Salta,https://www.eltribuno.com,"Todas las posiciones del Mundial 2026: así están las tablas, los clasificados y los eliminados"
2026-06-21,2026-W25,provincial,EL TRIBUNO,Salta,NOA,Salta,https://www.eltribuno.com,"VIDEO. Alemania lo dio vuelta en tiempo de descuento, venció a Costa de Marfil y clasificó a 16avos."
2026-06-21,2026-W25,provincial,EL TRIBUNO,Salta,NOA,Salta,https://www.eltribuno.com,Mundial 2026: Japón goleó a Túnez en el partido 1000 de la historia
2026-06-21,2026-W25,provincial,EL TRIBUNO,Salta,NOA,Salta,https://www.eltribuno.com,"VIDEO. Ecuador no pudo con Curazao, empató 0 a 0 y quedó complicado en el grupo de Alemania"
2026-06-21,2026-W25,provincial,EL TRIBUNO,Salta,NOA,Salta,https://www.eltribuno.com,La planificación de la selección argentina para el partido contra Austria: viaje relámpago y la despedida de un jugador
2026-06-21,2026-W25,provincial,EL TRIBUNO,Salta,NOA,Salta,https://www.eltribuno.com,"Ancelotti confirma que Neymar reaparecerá en Brasil y dijo que Argentina ""no juega con intensidad"""
2026-06-21,2026-W25,provincial,EL TRIBUNO,Salta,NOA,Salta,https://www.eltribuno.com,“Messi es el mejor jugador que hay”: la frase de una figura de Austria antes del cruce con Argentina
2026-06-21,2026-W25,provincial,EL TRIBUNO,Salta,NOA,Salta,https://www.eltribuno.com,Colombia elige entre modelos opuestos: Cepeda y De la Espriella enfrentan un reñido balotaje
2026-06-21,2026-W25,provincial,EL TRIBUNO,Salta,NOA,Salta,https://www.eltribuno.com,Irán volvió a cerrar Ormuz y reaviva la tensión con Estados Unidos
2026-06-21,2026-W25,provincial,EL TRIBUNO,Salta,NOA,Salta,https://www.eltribuno.com,Insólito vuelco en Güemes: esquivó una camioneta estacionada y terminó con el auto dado vuelta
2026-06-21,2026-W25,provincial,EL TRIBUNO,Salta,NOA,Salta,https://www.eltribuno.com,El Tribuno Campo
2026-06-21,2026-W25,provincial,EL TRIBUNO,Salta,NOA,Salta,https://www.eltribuno.com,Récord de exportaciones de las economías regionales argentinas
2026-06-21,2026-W25,provincial,EL TRIBUNO,Salta,NOA,Salta,https://www.eltribuno.com,Se suma una nueva herramienta para el control de malezas resistentes
2026-06-21,2026-W25,provincial,EL TRIBUNO,Salta,NOA,Salta,https://www.eltribuno.com,Aprobaron un maíz resistente a lepidópteros
2026-06-21,2026-W25,provincial,EL TRIBUNO,Salta,NOA,Salta,https://www.eltribuno.com,"""Hay una estabilización de los negocios, con tendencia a mejorar"""
2026-06-21,2026-W25,provincial,EL TRIBUNO,Salta,NOA,Salta,https://www.eltribuno.com,Más vigor frente al complejo del achaparramiento del maíz
2026-06-21,2026-W25,provincial,EL TRIBUNO,Salta,NOA,Salta,https://www.eltribuno.com,Un modelo que pone a los agricultores en el centro de la seguridad hídrica
2026-06-21,2026-W25,provincial,EL TRIBUNO,Salta,NOA,Salta,https://www.eltribuno.com,Korat: el gato azul de la buena suerte
2026-06-21,2026-W25,provincial,EL TRIBUNO,Salta,NOA,Salta,https://www.eltribuno.com,La deuda para producir más
2026-06-21,2026-W25,provincial,EL TRIBUNO,Salta,NOA,Salta,https://www.eltribuno.com,El Gran Rosario recuperó el liderazgo a nivel mundial como nodo portuario
2026-06-21,2026-W25,provincial,EL TRIBUNO,Salta,NOA,Salta,https://www.eltribuno.com,Series y películas
2026-06-21,2026-W25,provincial,EL TRIBUNO,Salta,NOA,Salta,https://www.eltribuno.com,"Vuelve La casa del dragón: la guerra Targaryen entra en su etapa más feroz, cúando y a qué hora es el estreno"
2026-06-21,2026-W25,provincial,EL TRIBUNO,Salta,NOA,Salta,https://www.eltribuno.com,"Avatar, fuego y ceniza llega a Disney+: cuándo se estrena y de qué trata la película de James Cameron"
2026-06-21,2026-W25,provincial,EL TRIBUNO,Salta,NOA,Salta,https://www.eltribuno.com,"Toy Story 5 llegó a los cines: Woody, Buzz y Jessie enfrentan el desafío de la tecnología"
2026-06-21,2026-W25,provincial,EL TRIBUNO,Salta,NOA,Salta,https://www.eltribuno.com,Heartstopper Forever: Netflix estrenó el primer trailer de la película que cerrará la historia de amor entre Nick y Charlie
2026-06-21,2026-W25,provincial,EL TRIBUNO,Salta,NOA,Salta,https://www.eltribuno.com,Resistencia llegó a Netflix: la película de ciencia ficción sobre inteligencia artificial que impacta por su historia
2026-06-21,2026-W25,provincial,EL TRIBUNO,Salta,NOA,Salta,https://www.eltribuno.com,Multiespacio Rialto apuesta por transformar la forma de invertir
2026-06-21,2026-W25,provincial,EL TRIBUNO,Salta,NOA,Salta,https://www.eltribuno.com,¡Suscribite al Club y jugá al Prode Mundial!
2026-06-21,2026-W25,provincial,EL TRIBUNO,Salta,NOA,Salta,https://www.eltribuno.com,Cómo registrarte y cargar tus pronósticos
2026-06-21,2026-W25,provincial,EL TRIBUNO,Salta,NOA,Salta,https://www.eltribuno.com,Los premios que podés ganar en el Prode
2026-06-21,2026-W25,provincial,EL TRIBUNO,Salta,NOA,Salta,https://www.eltribuno.com,Dycar Chevrolet presenta en Salta el nuevo Chevrolet Sonic
2026-06-21,2026-W25,provincial,EL TRIBUNO,Salta,NOA,Salta,https://www.eltribuno.com,Colombianos elegirán hoy al sucesor de Gustavo Petro
2026-06-21,2026-W25,provincial,EL TRIBUNO,Salta,NOA,Salta,https://www.eltribuno.com,La CGT y las CTA ajustan su plan de lucha
2026-06-21,2026-W25,provincial,EL TRIBUNO,Salta,NOA,Salta,https://www.eltribuno.com,"Anta: armas, detenidos y ganado recuperado"
2026-06-21,2026-W25,provincial,EL TRIBUNO,Salta,NOA,Salta,https://www.eltribuno.com,Demoran a dos presuntos motochorros
2026-06-21,2026-W25,provincial,EL TRIBUNO,Salta,NOA,Salta,https://www.eltribuno.com,"La olvidada historia del ""Pasaje La Continental"""
2026-06-21,2026-W25,provincial,NUEVO DIARIO,Salta,NOA,Salta,https://www.nuevodiariodesalta.com.ar,Nuevo Diario de Salta | El diario chiquito | Salta y Argentina
2026-06-21,2026-W25,provincial,NUEVO DIARIO,Salta,NOA,Salta,https://www.nuevodiariodesalta.com.ar,Murieron cuatro personas en un choque entre un camión cañero y un auto en la ruta 9
2026-06-21,2026-W25,provincial,NUEVO DIARIO,Salta,NOA,Salta,https://www.nuevodiariodesalta.com.ar,La vicepresidenta Victoria Villarruel apuntó contra Adorni en Rosario
2026-06-21,2026-W25,provincial,NUEVO DIARIO,Salta,NOA,Salta,https://www.nuevodiariodesalta.com.ar,"En el Día de la Bandera, Milei evitó confrontar y elogio a Belgrano"
2026-06-21,2026-W25,provincial,NUEVO DIARIO,Salta,NOA,Salta,https://www.nuevodiariodesalta.com.ar,"El Poder Judicial habilita el 22 de junio, una nueva subasta electrónica de joyas"
2026-06-21,2026-W25,provincial,NUEVO DIARIO,Salta,NOA,Salta,https://www.nuevodiariodesalta.com.ar,Proyecto del diputado Esteban busca agilizar el acceso a medicamentos del IPS
2026-06-21,2026-W25,provincial,NUEVO DIARIO,Salta,NOA,Salta,https://www.nuevodiariodesalta.com.ar,El PRO Salta define su conducción en elecciones internas que se realizan hoy
2026-06-21,2026-W25,provincial,NUEVO DIARIO,Salta,NOA,Salta,https://www.nuevodiariodesalta.com.ar,El Valle Calchaquí se organiza en asambleas ambientales por la minería
2026-06-21,2026-W25,provincial,NUEVO DIARIO,Salta,NOA,Salta,https://www.nuevodiariodesalta.com.ar,"Murió Roberto García, referente del periodismo político y económico"
2026-06-21,2026-W25,provincial,NUEVO DIARIO,Salta,NOA,Salta,https://www.nuevodiariodesalta.com.ar,"Los abrazos de Milei con Adorni y Bullrich y el desplante a Villarruel, en la previa del acto por el Día de la Bandera"
2026-06-21,2026-W25,provincial,NUEVO DIARIO,Salta,NOA,Salta,https://www.nuevodiariodesalta.com.ar,"Scaloni, con una certeza y dos dudas para el partido de mañana contra Austria"
2026-06-21,2026-W25,provincial,NUEVO DIARIO,Salta,NOA,Salta,https://www.nuevodiariodesalta.com.ar,Alemania lo dio vuelta en el descuento y clasificó a 16avos
2026-06-21,2026-W25,provincial,NUEVO DIARIO,Salta,NOA,Salta,https://www.nuevodiariodesalta.com.ar,"“Temo que el fútbol pierda su esencia”, dijo el DT de Paraguay"
2026-06-21,2026-W25,provincial,NUEVO DIARIO,Salta,NOA,Salta,https://www.nuevodiariodesalta.com.ar,España va por su primera victoria ante Arabia Saudita desde las 13
2026-06-21,2026-W25,provincial,NUEVO DIARIO,Salta,NOA,Salta,https://www.nuevodiariodesalta.com.ar,Acampe y vigilia para comprar entradas para Tini
2026-06-21,2026-W25,provincial,NUEVO DIARIO,Salta,NOA,Salta,https://www.nuevodiariodesalta.com.ar,El Senado salteño homenajeó a las Voces de Oran por sus 50 años
2026-06-21,2026-W25,provincial,NUEVO DIARIO,Salta,NOA,Salta,https://www.nuevodiariodesalta.com.ar,Accidente Hinchas de Central
2026-06-21,2026-W25,provincial,NUEVO DIARIO,Salta,NOA,Salta,https://www.nuevodiariodesalta.com.ar,Nuevo Diario de Salta festejó sus 20 años en familia.
2026-06-21,2026-W25,provincial,NUEVO DIARIO,Salta,NOA,Salta,https://www.nuevodiariodesalta.com.ar,Incidentes en la Popular Norte de la parcialidad de Central Norte
2026-06-21,2026-W25,provincial,NUEVO DIARIO,Salta,NOA,Salta,https://www.nuevodiariodesalta.com.ar,El Pilcomayo está a punto de llevarse una casa en Santa Victoria Este
2026-06-21,2026-W25,provincial,NUEVO DIARIO,Salta,NOA,Salta,https://www.nuevodiariodesalta.com.ar,Crecida del Rio Pilcomayo en Santa Victoria Este
2026-06-21,2026-W25,provincial,NUEVO DIARIO,Salta,NOA,Salta,https://www.nuevodiariodesalta.com.ar,"Así agredían al periodista de Pichanal, Gustavo Mendieta"
2026-06-21,2026-W25,provincial,NUEVO DIARIO,Salta,NOA,Salta,https://www.nuevodiariodesalta.com.ar,Interés general
2026-06-21,2026-W25,provincial,NUEVO DIARIO,Salta,NOA,Salta,https://www.nuevodiariodesalta.com.ar,Últimas noticias
2026-06-21,2026-W25,provincial,NUEVO DIARIO,Salta,NOA,Salta,https://www.nuevodiariodesalta.com.ar,Deporte Ver más
2026-06-21,2026-W25,provincial,NUEVO DIARIO,Salta,NOA,Salta,https://www.nuevodiariodesalta.com.ar,Interés general Ver más
2026-06-21,2026-W25,provincial,NUEVO DIARIO,Salta,NOA,Salta,https://www.nuevodiariodesalta.com.ar,"La suspensión del juicio a los Castedo, genera dudas y complicidades en la Justicia"
2026-06-21,2026-W25,provincial,NUEVO DIARIO,Salta,NOA,Salta,https://www.nuevodiariodesalta.com.ar,Aprobaron un proyecto para otorgar sellos de sustentabilidad a empresas
2026-06-21,2026-W25,provincial,NUEVO DIARIO,Salta,NOA,Salta,https://www.nuevodiariodesalta.com.ar,Cafayate: la intendenta Rita Guevara desmintió la privatización de la Serenata
2026-06-21,2026-W25,provincial,NUEVO DIARIO,Salta,NOA,Salta,https://www.nuevodiariodesalta.com.ar,Ordenaron monitorear la marcha del miércoles en el marco del protocolo antipiquetes
2026-06-21,2026-W25,provincial,NUEVO DIARIO,Salta,NOA,Salta,https://www.nuevodiariodesalta.com.ar,Desde el justicialismo esperan el acompañamiento de los radicales
2026-06-21,2026-W25,provincial,NUEVO DIARIO,Salta,NOA,Salta,https://www.nuevodiariodesalta.com.ar,Multimedia 1 / 8 Videos
2026-06-21,2026-W25,provincial,NUEVO DIARIO,Salta,NOA,Salta,https://www.nuevodiariodesalta.com.ar,Horario de atención
2026-06-21,2026-W25,provincial,NUEVO DIARIO,Salta,NOA,Salta,https://www.nuevodiariodesalta.com.ar,Más noticias Salta País Mundo Deporte Interés general Licitaciones Obituario Clasificados
2026-06-21,2026-W25,provincial,NUEVO DIARIO,Salta,NOA,Salta,https://www.nuevodiariodesalta.com.ar,Salta País Mundo Deporte Interés general Licitaciones Obituario Clasificados
2026-06-21,2026-W25,provincial,NUEVO DIARIO,Salta,NOA,Salta,https://www.nuevodiariodesalta.com.ar,El gobernador Sáenz destacó avance de obras en el Paseo de La Palúdica
2026-06-21,2026-W25,provincial,NUEVO DIARIO,Salta,NOA,Salta,https://www.nuevodiariodesalta.com.ar,Macacha Güemes y Carmen Puch de Güemes en “Flores Rojas. Revolucionarias 1815-1822”
2026-06-21,2026-W25,provincial,NUEVO DIARIO,Salta,NOA,Salta,https://www.nuevodiariodesalta.com.ar,Salta antaño y hogaño: el Gorriti de pensamiento y acción
2026-06-21,2026-W25,provincial,EL LIBERAL,Santiago del Estero,NOA,Santiago del Estero,https://www.elliberal.com.ar,El Liberal - Diario de Santiago del Estero
2026-06-21,2026-W25,provincial,EL LIBERAL,Santiago del Estero,NOA,Santiago del Estero,https://www.elliberal.com.ar,"Matías Tabar: ""Sería descabellado que Adorni me mande a apretar por un gasto suyo"""
2026-06-21,2026-W25,provincial,EL LIBERAL,Santiago del Estero,NOA,Santiago del Estero,https://www.elliberal.com.ar,EN VIVO: España aplasta a Arabia Saudita y golea 3-0 con un doblete de Oyarzábal
2026-06-21,2026-W25,provincial,EL LIBERAL,Santiago del Estero,NOA,Santiago del Estero,https://www.elliberal.com.ar,SEGUI NUESTRAS REDES
2026-06-21,2026-W25,provincial,EL LIBERAL,Santiago del Estero,NOA,Santiago del Estero,https://www.elliberal.com.ar,"Este domingo, el cementerio Parque de la Paz abrirá de 8 a 19 y hará una ceremonia religiosa"
2026-06-21,2026-W25,provincial,EL LIBERAL,Santiago del Estero,NOA,Santiago del Estero,https://www.elliberal.com.ar,"Reducen casi 50% la condena a ""barra"" que atacó a padre e hija"
2026-06-21,2026-W25,provincial,EL LIBERAL,Santiago del Estero,NOA,Santiago del Estero,https://www.elliberal.com.ar,Una motociclista murió tras impactar contra un automóvil
2026-06-21,2026-W25,provincial,EL LIBERAL,Santiago del Estero,NOA,Santiago del Estero,https://www.elliberal.com.ar,Exitoso inicio del ciclo de teatro en las bibliotecas populares de Santiago
2026-06-21,2026-W25,provincial,EL LIBERAL,Santiago del Estero,NOA,Santiago del Estero,https://www.elliberal.com.ar,Viví el camino al Mundial 2026 con EL LIBERAL y sus fichas digitales gratuitas
2026-06-21,2026-W25,provincial,EL LIBERAL,Santiago del Estero,NOA,Santiago del Estero,https://www.elliberal.com.ar,Reunión clave entre los fiscales con familia Ibáñez y el martes indagan a los policías Jiménez y Salto
2026-06-21,2026-W25,provincial,EL LIBERAL,Santiago del Estero,NOA,Santiago del Estero,https://www.elliberal.com.ar,Cerúndolo hizo historia en Queen's y conquistó su primer ATP 500 sobre césped
2026-06-21,2026-W25,provincial,EL LIBERAL,Santiago del Estero,NOA,Santiago del Estero,https://www.elliberal.com.ar,Desconocidos atacaron a tiros a un perro y lo dejaron al borde de la muerte
2026-06-21,2026-W25,provincial,EL LIBERAL,Santiago del Estero,NOA,Santiago del Estero,https://www.elliberal.com.ar,El PRO redobló las críticas contra Adorni y pidió su renuncia antes de una posible interpelación
2026-06-21,2026-W25,provincial,EL LIBERAL,Santiago del Estero,NOA,Santiago del Estero,https://www.elliberal.com.ar,El conmovedor homenaje de las familias santiagueñas a sus padres eternos en el Parque de la Paz
2026-06-21,2026-W25,provincial,EL LIBERAL,Santiago del Estero,NOA,Santiago del Estero,https://www.elliberal.com.ar,Scaloni confirmó un cambio y tiene 2 dudas para enfrentar a Austria
2026-06-21,2026-W25,provincial,EL LIBERAL,Santiago del Estero,NOA,Santiago del Estero,https://www.elliberal.com.ar,Murió una mujer de 34 años tras chocar su moto contra un auto en La Banda
2026-06-21,2026-W25,provincial,EL LIBERAL,Santiago del Estero,NOA,Santiago del Estero,https://www.elliberal.com.ar,Un empleado de comercio murió tras chocar contra un camión
2026-06-21,2026-W25,provincial,EL LIBERAL,Santiago del Estero,NOA,Santiago del Estero,https://www.elliberal.com.ar,Allanaron un supuesto spa y liberaron a diez posibles víctimas de explotación
2026-06-21,2026-W25,provincial,EL LIBERAL,Santiago del Estero,NOA,Santiago del Estero,https://www.elliberal.com.ar,Sorprendió a un sujeto robándole en su casa y resultó ser alguien conocido
2026-06-21,2026-W25,provincial,EL LIBERAL,Santiago del Estero,NOA,Santiago del Estero,https://www.elliberal.com.ar,"Cuatro santiagueños mueren en Tucumán, al estrellarse con un camión cañero en la Ruta 9"
2026-06-21,2026-W25,provincial,EL LIBERAL,Santiago del Estero,NOA,Santiago del Estero,https://www.elliberal.com.ar,"Yan Pilán recordó a Plinio en el Día del Padre: ""Muchos le debemos a Plinio como familia"""
2026-06-21,2026-W25,provincial,EL LIBERAL,Santiago del Estero,NOA,Santiago del Estero,https://www.elliberal.com.ar,Día del Padre: cómo cambia la vida cuando llega el primer hijo
2026-06-21,2026-W25,provincial,EL LIBERAL,Santiago del Estero,NOA,Santiago del Estero,https://www.elliberal.com.ar,"Día del Padre: Manolo Herrera y el legado eterno de Elpidio, el creador de la sachaguitarra"
2026-06-21,2026-W25,provincial,EL LIBERAL,Santiago del Estero,NOA,Santiago del Estero,https://www.elliberal.com.ar,"Día del Padre: los hijos de ""Fatiga"" Reynoso revelan las enseñanzas que les dejó su padre"
2026-06-21,2026-W25,provincial,EL LIBERAL,Santiago del Estero,NOA,Santiago del Estero,https://www.elliberal.com.ar,Crónica de los nombres que no van
2026-06-21,2026-W25,provincial,EL LIBERAL,Santiago del Estero,NOA,Santiago del Estero,https://www.elliberal.com.ar,Javier Milei espera a la Justicia para definir el futuro de Manuel Adorni
2026-06-21,2026-W25,provincial,EL LIBERAL,Santiago del Estero,NOA,Santiago del Estero,https://www.elliberal.com.ar,Quiénes son las figuras de Austria que debe tener en cuenta Scaloni
2026-06-21,2026-W25,provincial,EL LIBERAL,Santiago del Estero,NOA,Santiago del Estero,https://www.elliberal.com.ar,"La dejaron sola sus amigas en un bar, no quiso pagar la abultada cuenta y terminó en la comisaría"
2026-06-21,2026-W25,provincial,EL LIBERAL,Santiago del Estero,NOA,Santiago del Estero,https://www.elliberal.com.ar,VIDEO | Brutal robo bajo el puente de Av. Lugones: golpearon a un joven para quitarle las zapatillas
2026-06-21,2026-W25,provincial,EL LIBERAL,Santiago del Estero,NOA,Santiago del Estero,https://www.elliberal.com.ar,Mundial 2026: los 3 eliminados en fecha 2
2026-06-21,2026-W25,provincial,EL LIBERAL,Santiago del Estero,NOA,Santiago del Estero,https://www.elliberal.com.ar,Un hombre atacó a golpes a su propia hija tras una discusión
2026-06-21,2026-W25,provincial,EL LIBERAL,Santiago del Estero,NOA,Santiago del Estero,https://www.elliberal.com.ar,Balotaje en Colombia: De la Espriella parte como favorito frente a Cepeda
2026-06-21,2026-W25,provincial,EL LIBERAL,Santiago del Estero,NOA,Santiago del Estero,https://www.elliberal.com.ar,"Atraparon a ""Pichi"" con ropa robada y un termo Stanley"
2026-06-21,2026-W25,provincial,EL LIBERAL,Santiago del Estero,NOA,Santiago del Estero,https://www.elliberal.com.ar,Comienza el invierno en Santiago con 5ºC de mínima: el pronóstico de la semana y consejos para el frío
2026-06-21,2026-W25,provincial,EL LIBERAL,Santiago del Estero,NOA,Santiago del Estero,https://www.elliberal.com.ar,"Güemes vuelve al Único ""Madre de Ciudades"" en busca de la recuperación"
2026-06-21,2026-W25,provincial,EL LIBERAL,Santiago del Estero,NOA,Santiago del Estero,https://www.elliberal.com.ar,Nueva Zelanda y Egipto cierran la jornada
2026-06-21,2026-W25,provincial,EL LIBERAL,Santiago del Estero,NOA,Santiago del Estero,https://www.elliberal.com.ar,Quimsa se equivocó demasiado y fue testigo de la consagración de Gimnasia
2026-06-21,2026-W25,provincial,EL LIBERAL,Santiago del Estero,NOA,Santiago del Estero,https://www.elliberal.com.ar,Mitre va por tres puntos claves en Isidro Casanova
2026-06-21,2026-W25,provincial,EL LIBERAL,Santiago del Estero,NOA,Santiago del Estero,https://www.elliberal.com.ar,La Uruguay de Bielsa se juega algo más que 3 puntos
2026-06-21,2026-W25,provincial,EL LIBERAL,Santiago del Estero,NOA,Santiago del Estero,https://www.elliberal.com.ar,Pablo Teodo Fels: El ascenso del arrestado (2da parte)
2026-06-21,2026-W25,provincial,EL LIBERAL,Santiago del Estero,NOA,Santiago del Estero,https://www.elliberal.com.ar,Javier Milei resiste la presión opositora sobre Manuel Adorni y busca evitar que el Congreso lo eche
2026-06-21,2026-W25,provincial,EL LIBERAL,Santiago del Estero,NOA,Santiago del Estero,https://www.elliberal.com.ar,"Pymes en rojo: ""No alcanza con sobrevivir"""
2026-06-21,2026-W25,provincial,EL LIBERAL,Santiago del Estero,NOA,Santiago del Estero,https://www.elliberal.com.ar,La inteligencia artificial no tiene inconsciente
2026-06-21,2026-W25,provincial,EL LIBERAL,Santiago del Estero,NOA,Santiago del Estero,https://www.elliberal.com.ar,"Falsos técnicos de Mercado Pago estafan a jubilada en más de $ 15 M; son apresados, una porteña y un santafesino"
2026-06-21,2026-W25,provincial,EL LIBERAL,Santiago del Estero,NOA,Santiago del Estero,https://www.elliberal.com.ar,Agenda deportiva: los partidos del Mundial 2026 que se juegan este domingo 21 de junio
2026-06-21,2026-W25,provincial,EL LIBERAL,Santiago del Estero,NOA,Santiago del Estero,https://www.elliberal.com.ar,Mañana inaugurará obras educativas y entregará viviendas
2026-06-21,2026-W25,provincial,EL LIBERAL,Santiago del Estero,NOA,Santiago del Estero,https://www.elliberal.com.ar,Política El gobernador Elías Suárez participó del acto oficial por el Día de la Bandera
2026-06-21,2026-W25,provincial,EL LIBERAL,Santiago del Estero,NOA,Santiago del Estero,https://www.elliberal.com.ar,"Javier Milei: ""Belgrano fue el primer intelectual liberal económico argentino"""
2026-06-21,2026-W25,provincial,EL LIBERAL,Santiago del Estero,NOA,Santiago del Estero,https://www.elliberal.com.ar,"Economía La inflación mayorista se desaceleró a 2,5% en mayo y acumuló 34,5% en 12 meses"
2026-06-21,2026-W25,provincial,EL LIBERAL,Santiago del Estero,NOA,Santiago del Estero,https://www.elliberal.com.ar,"José Simonella: ""el Estado necesita recaudar, pero también necesita que las empresas sigan funcionando"""
2026-06-21,2026-W25,provincial,NUEVO DIARIO,Santiago del Estero,NOA,Santiago del Estero,https://www.nuevodiarioweb.com.ar,Hoy en Santiago del Estero ver clima
2026-06-21,2026-W25,provincial,NUEVO DIARIO,Santiago del Estero,NOA,Santiago del Estero,https://www.nuevodiarioweb.com.ar,"Dos santiagueñas se agarraron a ""piñas"" por un hombre"
2026-06-21,2026-W25,provincial,NUEVO DIARIO,Santiago del Estero,NOA,Santiago del Estero,https://www.nuevodiarioweb.com.ar,"Salió con ""amigas"" a comer en la Roca, ellas se fueron sin pagar y terminó en la comisaría"
2026-06-21,2026-W25,provincial,NUEVO DIARIO,Santiago del Estero,NOA,Santiago del Estero,https://www.nuevodiarioweb.com.ar,Cientos de personas visitaron La Piedad para recordar a los padres en su día
2026-06-21,2026-W25,provincial,NUEVO DIARIO,Santiago del Estero,NOA,Santiago del Estero,https://www.nuevodiarioweb.com.ar,Clodomira-Santiago | Advierten que no habrá colectivos de la empresa 27 de Junio hasta la tarde
2026-06-21,2026-W25,provincial,NUEVO DIARIO,Santiago del Estero,NOA,Santiago del Estero,https://www.nuevodiarioweb.com.ar,Exclusivo | Así viven los hinchas españoles la previa al partido con Arabia Saudita
2026-06-21,2026-W25,provincial,NUEVO DIARIO,Santiago del Estero,NOA,Santiago del Estero,https://www.nuevodiarioweb.com.ar,Bº Campo Contreras | Familia perdió todo en el voraz incendio de su carrito (Videos)
2026-06-21,2026-W25,provincial,NUEVO DIARIO,Santiago del Estero,NOA,Santiago del Estero,https://www.nuevodiarioweb.com.ar,Edición impresa
2026-06-21,2026-W25,provincial,NUEVO DIARIO,Santiago del Estero,NOA,Santiago del Estero,https://www.nuevodiarioweb.com.ar,Natalia Mujica se convirtió en la primera ganadora de la camiseta de la Selección argentina con El Deportivo de LV11
2026-06-21,2026-W25,provincial,NUEVO DIARIO,Santiago del Estero,NOA,Santiago del Estero,https://www.nuevodiarioweb.com.ar,Radio LV11 transmitirá en vivo la Santa Misa dominical desde el histórico santuario de Mama Antula en Villa Silípica
2026-06-21,2026-W25,provincial,NUEVO DIARIO,Santiago del Estero,NOA,Santiago del Estero,https://www.nuevodiarioweb.com.ar,La abogada Jimena Storniolo detalló las claves y requisitos esenciales del régimen de jubilación docente en la provincia
2026-06-21,2026-W25,provincial,NUEVO DIARIO,Santiago del Estero,NOA,Santiago del Estero,https://www.nuevodiarioweb.com.ar,"Hoy se llena de regalos para papá, pero ¿por qué se celebra el Día del Padre?"
2026-06-21,2026-W25,provincial,NUEVO DIARIO,Santiago del Estero,NOA,Santiago del Estero,https://www.nuevodiarioweb.com.ar,Le robaron la moto a un peluquero bandeño y la vendieron a $25.000
2026-06-21,2026-W25,provincial,NUEVO DIARIO,Santiago del Estero,NOA,Santiago del Estero,https://www.nuevodiarioweb.com.ar,"Tras el inicio del invierno, así estará el tiempo en Santiago durante los próximos días"
2026-06-21,2026-W25,provincial,NUEVO DIARIO,Santiago del Estero,NOA,Santiago del Estero,https://www.nuevodiarioweb.com.ar,"Entre 5, le robaron billetera, celular y zapatillas en Av. Lugones y Núñez del Prado"
2026-06-21,2026-W25,provincial,NUEVO DIARIO,Santiago del Estero,NOA,Santiago del Estero,https://www.nuevodiarioweb.com.ar,Hicieron un boquete y volvieron a robar en una iglesia del barrio Ejército Argentino (Video)
2026-06-21,2026-W25,provincial,NUEVO DIARIO,Santiago del Estero,NOA,Santiago del Estero,https://www.nuevodiarioweb.com.ar,Qué pasó y quién era la familia santiagueña fallecida en la Ruta 9
2026-06-21,2026-W25,provincial,NUEVO DIARIO,Santiago del Estero,NOA,Santiago del Estero,https://www.nuevodiarioweb.com.ar,"El desgarrador video y los mensajes de despedida a Angie, la joven fallecida en La Banda"
2026-06-21,2026-W25,provincial,NUEVO DIARIO,Santiago del Estero,NOA,Santiago del Estero,https://www.nuevodiarioweb.com.ar,¿Funciona realmente? El truco viral para evitar el frío en los pies
2026-06-21,2026-W25,provincial,NUEVO DIARIO,Santiago del Estero,NOA,Santiago del Estero,https://www.nuevodiarioweb.com.ar,"Qué selecciones juegan hoy domingo, los horarios y por dónde ver"
2026-06-21,2026-W25,provincial,NUEVO DIARIO,Santiago del Estero,NOA,Santiago del Estero,https://www.nuevodiarioweb.com.ar,Una joven de Suncho Corral perdió una mochila con $600.000 en Santiago
2026-06-21,2026-W25,provincial,NUEVO DIARIO,Santiago del Estero,NOA,Santiago del Estero,https://www.nuevodiarioweb.com.ar,"Tiros, corridas y tensión con la Policía | Una noche de terror en el Siglo XXI (video)"
2026-06-21,2026-W25,provincial,NUEVO DIARIO,Santiago del Estero,NOA,Santiago del Estero,https://www.nuevodiarioweb.com.ar,"Insultaron y escupieron a Lemoine: ¿realidad espontánea o escena ""conveniente""?"
2026-06-21,2026-W25,provincial,NUEVO DIARIO,Santiago del Estero,NOA,Santiago del Estero,https://www.nuevodiarioweb.com.ar,Cada vez más argentinos cuidan a sus padres y abuelos: cuánto cuesta y por qué faltan especialistas
2026-06-21,2026-W25,provincial,NUEVO DIARIO,Santiago del Estero,NOA,Santiago del Estero,https://www.nuevodiarioweb.com.ar,La increíble cantidad de cerveza que toman por día los hinchas de Escocia en el Mundial 2026
2026-06-21,2026-W25,provincial,NUEVO DIARIO,Santiago del Estero,NOA,Santiago del Estero,https://www.nuevodiarioweb.com.ar,Los partidos más emblemáticos de la historia tras los 1000 juegos del Mundial
2026-06-21,2026-W25,provincial,NUEVO DIARIO,Santiago del Estero,NOA,Santiago del Estero,https://www.nuevodiarioweb.com.ar,ANSES explicó cómo obtener la constancia de CUIL en pocos minutos
2026-06-21,2026-W25,provincial,NUEVO DIARIO,Santiago del Estero,NOA,Santiago del Estero,https://www.nuevodiarioweb.com.ar,"""Venimos trabajando con una agenda bastante intensa"""
2026-06-21,2026-W25,provincial,NUEVO DIARIO,Santiago del Estero,NOA,Santiago del Estero,https://www.nuevodiarioweb.com.ar,La térmica a las 7 fue de 1.5º | Así estará el tiempo este Día del Padre en Santiago
2026-06-21,2026-W25,provincial,NUEVO DIARIO,Santiago del Estero,NOA,Santiago del Estero,https://www.nuevodiarioweb.com.ar,Quimsa cayó ante Gimnasia y se quedó a las puertas de la gloria en la Liga Nacional
2026-06-21,2026-W25,provincial,NUEVO DIARIO,Santiago del Estero,NOA,Santiago del Estero,https://www.nuevodiarioweb.com.ar,"""Inde"" y Sportivo juegan el clásico de Fernández"
2026-06-21,2026-W25,provincial,NUEVO DIARIO,Santiago del Estero,NOA,Santiago del Estero,https://www.nuevodiarioweb.com.ar,Mitre quiere volver a sumar ante Almirante Brown
2026-06-21,2026-W25,provincial,NUEVO DIARIO,Santiago del Estero,NOA,Santiago del Estero,https://www.nuevodiarioweb.com.ar,El santo y la fortaleza de una misión sacerdotal
2026-06-21,2026-W25,provincial,NUEVO DIARIO,Santiago del Estero,NOA,Santiago del Estero,https://www.nuevodiarioweb.com.ar,Investigan supuesto ataque epiléptico del conductor de la combi de la policía
2026-06-21,2026-W25,provincial,NUEVO DIARIO,Santiago del Estero,NOA,Santiago del Estero,https://www.nuevodiarioweb.com.ar,"De Messi a Sartre, las efemérides más destacadas del 21 de junio"
2026-06-21,2026-W25,provincial,NUEVO DIARIO,Santiago del Estero,NOA,Santiago del Estero,https://www.nuevodiarioweb.com.ar,Qué es el Shockbag y cuánto cuesta el dispositivo antirrobo para motos que se volvió viral
2026-06-21,2026-W25,provincial,NUEVO DIARIO,Santiago del Estero,NOA,Santiago del Estero,https://www.nuevodiarioweb.com.ar,"Alemania lo ganó en el descuento, venció a Costa de Marfil y avanzó a 16avos"
2026-06-21,2026-W25,provincial,NUEVO DIARIO,Santiago del Estero,NOA,Santiago del Estero,https://www.nuevodiarioweb.com.ar,Conmoción en Santiago | Hallaron sin vida a un hombre en el patio de su vivienda en barrio La Católica
2026-06-21,2026-W25,provincial,NUEVO DIARIO,Santiago del Estero,NOA,Santiago del Estero,https://www.nuevodiarioweb.com.ar,"Familia santiagueña, en shock: un menor está en terapia tras brutal choque"
2026-06-21,2026-W25,provincial,NUEVO DIARIO,Santiago del Estero,NOA,Santiago del Estero,https://www.nuevodiarioweb.com.ar,Video | Una balacera en el barrio Siglo XXI alertó a los vecinos en medio de un operativo policial
2026-06-21,2026-W25,provincial,NUEVO DIARIO,Santiago del Estero,NOA,Santiago del Estero,https://www.nuevodiarioweb.com.ar,Conmoción | Buscaba a su hermano y lo encontró ahorcado
2026-06-21,2026-W25,provincial,NUEVO DIARIO,Santiago del Estero,NOA,Santiago del Estero,https://www.nuevodiarioweb.com.ar,"Los tristes mensajes de despedida a Aldana Ayelén Anríquez, la joven que falleció en un accidente vial"
2026-06-21,2026-W25,provincial,NUEVO DIARIO,Santiago del Estero,NOA,Santiago del Estero,https://www.nuevodiarioweb.com.ar,Se dio a conocer la identidad de la joven fallecida en el accidente en Pellegrini y San Isidro
2026-06-21,2026-W25,provincial,NUEVO DIARIO,Santiago del Estero,NOA,Santiago del Estero,https://www.nuevodiarioweb.com.ar,Dolor en el hockey santiagueño | Falleció Florencia Russo en un trágico accidente junto a familiares
2026-06-21,2026-W25,provincial,NUEVO DIARIO,Santiago del Estero,NOA,Santiago del Estero,https://www.nuevodiarioweb.com.ar,"Procesan a supuesta banda narco familiar que era liderada por Cristian ""Tala"" Aranda"
2026-06-21,2026-W25,provincial,NUEVO DIARIO,Santiago del Estero,NOA,Santiago del Estero,https://www.nuevodiarioweb.com.ar,"Menor se arrojó de puente, cayó parado en la calle y sufrió lesiones en los tobillos"
2026-06-21,2026-W25,provincial,NUEVO DIARIO,Santiago del Estero,NOA,Santiago del Estero,https://www.nuevodiarioweb.com.ar,Una mujer fue a buscar a su hijo de 17 años en una fiesta y terminó baleada
2026-06-21,2026-W25,provincial,NUEVO DIARIO,Santiago del Estero,NOA,Santiago del Estero,https://www.nuevodiarioweb.com.ar,Güemes recibe a Gimnasia de Jujuy en un duelo clave
2026-06-21,2026-W25,provincial,NUEVO DIARIO,Santiago del Estero,NOA,Santiago del Estero,https://www.nuevodiarioweb.com.ar,Bélgica juega ante Irán en uno de los encuentros atractivos
2026-06-21,2026-W25,provincial,NUEVO DIARIO,Santiago del Estero,NOA,Santiago del Estero,https://www.nuevodiarioweb.com.ar,"España y Arabia, mano a mano en un duelo clave"
2026-06-21,2026-W25,provincial,PANORAMA,Santiago del Estero,NOA,Santiago del Estero,https://www.diariopanorama.com,Sumate a nuestra comunidad
2026-06-21,2026-W25,provincial,PANORAMA,Santiago del Estero,NOA,Santiago del Estero,https://www.diariopanorama.com,OPI NIÓN Y ACTUALIDAD
2026-06-21,2026-W25,provincial,PANORAMA,Santiago del Estero,NOA,Santiago del Estero,https://www.diariopanorama.com,LAS + LEÍDAS AHORA EN SANTIAGO DEL ESTERO
2026-06-21,2026-W25,provincial,PANORAMA,Santiago del Estero,NOA,Santiago del Estero,https://www.diariopanorama.com,SANTIAGO DEL ESTERO
2026-06-21,2026-W25,provincial,PANORAMA,Santiago del Estero,NOA,Santiago del Estero,https://www.diariopanorama.com,ALQUILO DEPARTAMENTO DOS DORMITORIO RIOJA Y MORENO
2026-06-21,2026-W25,provincial,PANORAMA,Santiago del Estero,NOA,Santiago del Estero,https://www.diariopanorama.com,Trébol Inmobiliaria
2026-06-21,2026-W25,provincial,PANORAMA,Santiago del Estero,NOA,Santiago del Estero,https://www.diariopanorama.com,VENDO Citroën C4 Lounge
2026-06-21,2026-W25,provincial,PANORAMA,Santiago del Estero,NOA,Santiago del Estero,https://www.diariopanorama.com,EVENTOS & SALIDAS
2026-06-21,2026-W25,provincial,PANORAMA,Santiago del Estero,NOA,Santiago del Estero,https://www.diariopanorama.com,Marcelo Barbur confirmó que impulsarán una moción…
2026-06-21,2026-W25,provincial,PANORAMA,Santiago del Estero,NOA,Santiago del Estero,https://www.diariopanorama.com,Facundo Londero en Radio Panorama: “La violencia…
2026-06-21,2026-W25,provincial,PANORAMA,Santiago del Estero,NOA,Santiago del Estero,https://www.diariopanorama.com,“Era un compromiso de la Nación”: Aldo Hid denunció…
2026-06-21,2026-W25,provincial,PANORAMA,Santiago del Estero,NOA,Santiago del Estero,https://www.diariopanorama.com,NOT ICIAS DE LA GENTE
2026-06-21,2026-W25,provincial,PANORAMA,Santiago del Estero,NOA,Santiago del Estero,https://www.diariopanorama.com,LAS TAPAS DEL DÍA
2026-06-21,2026-W25,provincial,PANORAMA,Santiago del Estero,NOA,Santiago del Estero,https://www.diariopanorama.com,En vivo: España se florea y festeja ante Arabia Saudita con una goleada
2026-06-21,2026-W25,provincial,PANORAMA,Santiago del Estero,NOA,Santiago del Estero,https://www.diariopanorama.com,Investigan un grave caso de maltrato animal tras el ataque a tiros a un perro en Monte Quemado
2026-06-21,2026-W25,provincial,PANORAMA,Santiago del Estero,NOA,Santiago del Estero,https://www.diariopanorama.com,"Las ventas por el Día del Padre cayeron 0,3% y el consumo sigue sin repuntar"
2026-06-21,2026-W25,provincial,PANORAMA,Santiago del Estero,NOA,Santiago del Estero,https://www.diariopanorama.com,Voraz incendio destruyó por completo un carro de comidas en el Bº Campo Contreras
2026-06-21,2026-W25,provincial,PANORAMA,Santiago del Estero,NOA,Santiago del Estero,https://www.diariopanorama.com,Qué necesita Argentina para asegurarse el primer lugar de su grupo en el Mundial
2026-06-21,2026-W25,provincial,PANORAMA,Santiago del Estero,NOA,Santiago del Estero,https://www.diariopanorama.com,Arruabarrena llamó a Dybala y Boca mantiene viva la ilusión de sumarlo
2026-06-21,2026-W25,provincial,PANORAMA,Santiago del Estero,NOA,Santiago del Estero,https://www.diariopanorama.com,La Selección Argentina piensa en Austria: viaje a Dallas y conferencia de Scaloni
2026-06-21,2026-W25,provincial,PANORAMA,Santiago del Estero,NOA,Santiago del Estero,https://www.diariopanorama.com,El contratista de la casa de Indio Cuá de Adorni habló sobre la intimación de ARCA y negó presiones
2026-06-21,2026-W25,provincial,PANORAMA,Santiago del Estero,NOA,Santiago del Estero,https://www.diariopanorama.com,Día del Padre: cientos de santiagueños recordaron a sus seres queridos en el Parque de la Paz
2026-06-21,2026-W25,provincial,PANORAMA,Santiago del Estero,NOA,Santiago del Estero,https://www.diariopanorama.com,A sacar los abrigos: el invierno llegó a Santiago del Estero con una mínima de 5°C
2026-06-21,2026-W25,provincial,PANORAMA,Santiago del Estero,NOA,Santiago del Estero,https://www.diariopanorama.com,"En las redes despidieron con profundo pesar a Ayelén Anríquez, la joven bandeña fallecida en un siniestro vial"
2026-06-21,2026-W25,provincial,PANORAMA,Santiago del Estero,NOA,Santiago del Estero,https://www.diariopanorama.com,"River acelera por más refuerzos: además de Beltrán, busca cerrar a Simeone y Correa"
2026-06-21,2026-W25,provincial,PANORAMA,Santiago del Estero,NOA,Santiago del Estero,https://www.diariopanorama.com,Cayeron dos sospechosos por millonaria estafa a una jubilada santiagueña
2026-06-21,2026-W25,provincial,PANORAMA,Santiago del Estero,NOA,Santiago del Estero,https://www.diariopanorama.com,Fiscales se reunieron con la familia Ibáñez y el martes indagarán a los policías detenidos
2026-06-21,2026-W25,provincial,PANORAMA,Santiago del Estero,NOA,Santiago del Estero,https://www.diariopanorama.com,Violento derrape en plena avenida Belgrano deja a un motociclista herido de gravedad
2026-06-21,2026-W25,provincial,PANORAMA,Santiago del Estero,NOA,Santiago del Estero,https://www.diariopanorama.com,Mientras hablamos de Adorni
2026-06-21,2026-W25,provincial,PANORAMA,Santiago del Estero,NOA,Santiago del Estero,https://www.diariopanorama.com,"Crítica de ""Dreams"""
2026-06-21,2026-W25,provincial,PANORAMA,Santiago del Estero,NOA,Santiago del Estero,https://www.diariopanorama.com,"Al final, Irán no era como Venezuela"
2026-06-21,2026-W25,provincial,PANORAMA,Santiago del Estero,NOA,Santiago del Estero,https://www.diariopanorama.com,Por qué Milei es el enemigo de Milei
2026-06-21,2026-W25,provincial,PANORAMA,Santiago del Estero,NOA,Santiago del Estero,https://www.diariopanorama.com,Crece la tensión por Adorni: el Gobierno deja su futuro en manos del Congreso
2026-06-21,2026-W25,provincial,PANORAMA,Santiago del Estero,NOA,Santiago del Estero,https://www.diariopanorama.com,Tómbola Santiagueña: conocé los números ganadores de este domingo 21 de junio del 2026
2026-06-21,2026-W25,provincial,PANORAMA,Santiago del Estero,NOA,Santiago del Estero,https://www.diariopanorama.com,Milei ratificó su respaldo a Adorni y dejó en manos del Congreso una eventual salida
2026-06-21,2026-W25,provincial,PANORAMA,Santiago del Estero,NOA,Santiago del Estero,https://www.diariopanorama.com,Video: salieron a la luz imágenes de Jésica Cirio junto a fajos de dólares
2026-06-21,2026-W25,provincial,PANORAMA,Santiago del Estero,NOA,Santiago del Estero,https://www.diariopanorama.com,Trágico choque en el Puente Pueyrredón: murió un motociclista y el conductor se fugó
2026-06-21,2026-W25,provincial,PANORAMA,Santiago del Estero,NOA,Santiago del Estero,https://www.diariopanorama.com,Investigan presunto tráfico de fauna en Entre Ríos: un empresario brasileño pagó US$40.000 por cazar un ciervo
2026-06-21,2026-W25,provincial,PANORAMA,Santiago del Estero,NOA,Santiago del Estero,https://www.diariopanorama.com,Reino Unido en tensión: Keir Starmer evaluaría su salida en medio de la crisis política
2026-06-21,2026-W25,provincial,PANORAMA,Santiago del Estero,NOA,Santiago del Estero,https://www.diariopanorama.com,Bolivia en tensión: el gobierno declaró el estado de excepción y envió militares a las calles
2026-06-21,2026-W25,provincial,PANORAMA,Santiago del Estero,NOA,Santiago del Estero,https://www.diariopanorama.com,Conmoción en Santa Fe: investigan un presunto femicidio seguido de suicidio
2026-06-21,2026-W25,provincial,PANORAMA,Santiago del Estero,NOA,Santiago del Estero,https://www.diariopanorama.com,"Más allá de julio, el Gobierno deberá afrontar pagos por casi US$27.000 millones hasta 2027"
2026-06-21,2026-W25,provincial,PANORAMA,Santiago del Estero,NOA,Santiago del Estero,https://www.diariopanorama.com,Güemes recibe a Gimnasia de Jujuy en el Estadio Único buscando recuperar la sonrisa
2026-06-21,2026-W25,provincial,PANORAMA,Santiago del Estero,NOA,Santiago del Estero,https://www.diariopanorama.com,Mitre visita a Almirante Brown con la necesidad de cortar su mala racha
2026-06-21,2026-W25,provincial,PANORAMA,Santiago del Estero,NOA,Santiago del Estero,https://www.diariopanorama.com,La Uruguay de Bielsa busca su primera alegría en el Mundial ante el sorprendente Cabo Verde
2026-06-21,2026-W25,provincial,PANORAMA,Santiago del Estero,NOA,Santiago del Estero,https://www.diariopanorama.com,Bélgica e Irán se ven las caras por una victoria clave en un Grupo G que está al rojo vivo
2026-06-21,2026-W25,provincial,PANORAMA,Santiago del Estero,NOA,Santiago del Estero,https://www.diariopanorama.com,“Volveremos más fuertes”: el mensaje de Quimsa tras la derrota en la final ante Gimnasia de Comodoro Rivadavia
2026-06-21,2026-W25,provincial,PANORAMA,Santiago del Estero,NOA,Santiago del Estero,https://www.diariopanorama.com,OSVALDO GRANADOS
2026-06-21,2026-W25,provincial,PANORAMA,Santiago del Estero,NOA,Santiago del Estero,https://www.diariopanorama.com,TÓMBOLA SANTIAGUEÑA
2026-06-21,2026-W25,provincial,PANORAMA,Santiago del Estero,NOA,Santiago del Estero,https://www.diariopanorama.com,HORÓSCOPO DEL DÍA
2026-06-21,2026-W25,provincial,EL TUCUMANO,Tucumán,NOA,Tucumán,https://www.eltucumano.com,"“Nunca lo imaginamos”: cómo siguió la historia de Matías, el papá que eligió a seis hermanitos tucumanos"
2026-06-21,2026-W25,provincial,EL TUCUMANO,Tucumán,NOA,Tucumán,https://www.eltucumano.com,tribuna abierta
2026-06-21,2026-W25,provincial,EL TUCUMANO,Tucumán,NOA,Tucumán,https://www.eltucumano.com,El poder de Carlos Cisneros en Tucumán y el caso Vélez
2026-06-21,2026-W25,provincial,EL TUCUMANO,Tucumán,NOA,Tucumán,https://www.eltucumano.com,Interés General
2026-06-21,2026-W25,provincial,EL TUCUMANO,Tucumán,NOA,Tucumán,https://www.eltucumano.com,Enterate: el nombre detrás del armado opositor a Jaldo en Tucumán
2026-06-21,2026-W25,provincial,EL TUCUMANO,Tucumán,NOA,Tucumán,https://www.eltucumano.com,"Exigen la indagatoria de Carlos Cisneros, Patricia Neme y Federico Petraglia por trata de personas"
2026-06-21,2026-W25,provincial,EL TUCUMANO,Tucumán,NOA,Tucumán,https://www.eltucumano.com,"El 2,5% del Presupuesto de San Miguel de Tucumán se destinará a obras elegidas por los vecinos"
2026-06-21,2026-W25,provincial,EL TUCUMANO,Tucumán,NOA,Tucumán,https://www.eltucumano.com,Del gol olímpico en La Ciudadela al sueño de Cabo Verde: mano a mano con Adriano Custodio Mendes
2026-06-21,2026-W25,provincial,EL TUCUMANO,Tucumán,NOA,Tucumán,https://www.eltucumano.com,Se armó el Fan Fest: dónde ver Argentina-Austria en pantalla gigante en San Miguel de Tucumán
2026-06-21,2026-W25,provincial,EL TUCUMANO,Tucumán,NOA,Tucumán,https://www.eltucumano.com,Escándalo nacional: difunden videos de fajos de dólares en la casa de Jésica Cirio y Martín Insaurralde
2026-06-21,2026-W25,provincial,EL TUCUMANO,Tucumán,NOA,Tucumán,https://www.eltucumano.com,"""Inmenso dolor"": conmoción por la muerte de la familia santiagueña que chocó con una rastra cañera en Tucumán"
2026-06-21,2026-W25,provincial,EL TUCUMANO,Tucumán,NOA,Tucumán,https://www.eltucumano.com,El Ministerio de Educación ratificó la fecha de las vacaciones de invierno en Tucumán
2026-06-21,2026-W25,provincial,EL TUCUMANO,Tucumán,NOA,Tucumán,https://www.eltucumano.com,"Precios imperdibles: Los Paisanitos, la forma de ahorrar en la compra del mes sin resignar calidad"
2026-06-21,2026-W25,provincial,EL TUCUMANO,Tucumán,NOA,Tucumán,https://www.eltucumano.com,Sorteos y horario corrido: Polo Pizzería celebra el Día del Padre con un menú imperdible
2026-06-21,2026-W25,provincial,EL TUCUMANO,Tucumán,NOA,Tucumán,https://www.eltucumano.com,"""Tenía 7 añitos"": terrible, identificaron a la niña y a las víctimas de la tragedia este sábado Tucumán"
2026-06-21,2026-W25,provincial,EL TUCUMANO,Tucumán,NOA,Tucumán,https://www.eltucumano.com,"""Es la máxima expresión de la democracia directa"": Camila Giuliano destacó el avance del Presupuesto Participativo de San Miguel de Tucumán"
2026-06-21,2026-W25,provincial,EL TUCUMANO,Tucumán,NOA,Tucumán,https://www.eltucumano.com,El Subsidio de Salud emite un alerta por intentos de estafas y recuerda sus canales oficiales
2026-06-21,2026-W25,provincial,EL TUCUMANO,Tucumán,NOA,Tucumán,https://www.eltucumano.com,Tucumán palpita el 9 de Julio y trabaja en los preparativos para una nueva celebración patria
2026-06-21,2026-W25,provincial,EL TUCUMANO,Tucumán,NOA,Tucumán,https://www.eltucumano.com,"""No lo voy a hacer más"": video e indignación en un acto por el Día de la Bandera en Tucumán"
2026-06-21,2026-W25,provincial,EL TUCUMANO,Tucumán,NOA,Tucumán,https://www.eltucumano.com,Inteligencia Artificial urgente | La ley más restrictiva del mundo se pone en pausa: ganó el lobby y la geopolítica
2026-06-21,2026-W25,provincial,EL TUCUMANO,Tucumán,NOA,Tucumán,https://www.eltucumano.com,"Adorni, el Mundial y la Argentina del Crecimiento"
2026-06-21,2026-W25,provincial,EL TUCUMANO,Tucumán,NOA,Tucumán,https://www.eltucumano.com,Las bombas del 55
2026-06-21,2026-W25,provincial,EL TUCUMANO,Tucumán,NOA,Tucumán,https://www.eltucumano.com,"Adorni, el Monguito de la corrupción, y el triunfo de la boludez criolla"
2026-06-21,2026-W25,provincial,EL TUCUMANO,Tucumán,NOA,Tucumán,https://www.eltucumano.com,Mundial 2026 en vivo: estos son los partidos de este domingo 21 de junio
2026-06-21,2026-W25,provincial,EL TUCUMANO,Tucumán,NOA,Tucumán,https://www.eltucumano.com,"""¿Eso dijo?"": última noticia, atento a la frase de Alejandro Orfila tras el empate"
2026-06-21,2026-W25,provincial,EL TUCUMANO,Tucumán,NOA,Tucumán,https://www.eltucumano.com,"""Preocupante"": mirá cómo terminó el plantel de San Martín después del empate"
2026-06-21,2026-W25,provincial,EL TUCUMANO,Tucumán,NOA,Tucumán,https://www.eltucumano.com,"""¡Grito y desahogo!"": video, mirá el gol de San Martín de Tucumán para el empate ante Temperley"
2026-06-21,2026-W25,provincial,EL TUCUMANO,Tucumán,NOA,Tucumán,https://www.eltucumano.com,"""¿Hasta cuándo?"": mirá lo que hizo la defensa de San Martín que ya pierde ante Temperley"
2026-06-21,2026-W25,provincial,EL TUCUMANO,Tucumán,NOA,Tucumán,https://www.eltucumano.com,"Cine inclusivo en Tucumán: Cinemacenter presenta una función distendida de ""Toy Story 5"""
2026-06-21,2026-W25,provincial,EL TUCUMANO,Tucumán,NOA,Tucumán,https://www.eltucumano.com,"""Nunca había sido dama antigua"": Ana Pedraza cumplió su sueño, lanzó una bomba al aire y celebró este 20 de Junio con Pablo Ríos"
2026-06-21,2026-W25,provincial,EL TUCUMANO,Tucumán,NOA,Tucumán,https://www.eltucumano.com,"¿Al aire libre? Así estará el tiempo este sábado, Día de la Bandera en Tucumán"
2026-06-21,2026-W25,provincial,EL TUCUMANO,Tucumán,NOA,Tucumán,https://www.eltucumano.com,"""Destrozado"": en serio, el doloroso momento que atraviesa Pichón López en Tucumán"
2026-06-21,2026-W25,provincial,EL TUCUMANO,Tucumán,NOA,Tucumán,https://www.eltucumano.com,"""Profundo dolor"": la noticia que no queríamos dar y el adiós a Lorenzo, el cantante de las calles de Tucumán"
2026-06-21,2026-W25,provincial,EL TUCUMANO,Tucumán,NOA,Tucumán,https://www.eltucumano.com,"MAFIA PARAESTATAL. La Justicia confirmó que la denuncia por ""violación en manada"" contra los exjugadores de Vélez fue falsa y extorsiva, dejó firme la derivación por trata y anticipan pedidos de detención contra Cisneros y sus operadores"
2026-06-21,2026-W25,provincial,EL TUCUMANO,Tucumán,NOA,Tucumán,https://www.eltucumano.com,"MAFIA PARAESTATAL. Federico Petraglia, el joven empleado bancario y testaferro de Carlos Cisneros que acumula ocho inmuebles millonarios a su nombre"
2026-06-21,2026-W25,provincial,EL TUCUMANO,Tucumán,NOA,Tucumán,https://www.eltucumano.com,"MAFIA PARAESTATAL. Confirman el sobreseimiento de los exjugadores de Vélez: “Fue un daño irreversible; no hay estadio al que vaya donde no me griten ‘violador’"""
2026-06-21,2026-W25,provincial,EL TUCUMANO,Tucumán,NOA,Tucumán,https://www.eltucumano.com,MAFIA PARAESTATAL. Causa Vélez: Milagros Castellote entró al Banco Macro el día que declaró y luego le otorgaron un crédito para comprar un departamento de $85 millones
2026-06-21,2026-W25,provincial,EL TUCUMANO,Tucumán,NOA,Tucumán,https://www.eltucumano.com,"MAFIA PARAESTATAL. El Cisnerismo ""arruga"" judicialmente con eltucumano: Petraglia, el ""hijo de cariño"" de Carlos Cisneros desistió de las dos demandas millonarias que impulsó contra este diario"
2026-06-21,2026-W25,provincial,EL TUCUMANO,Tucumán,NOA,Tucumán,https://www.eltucumano.com,Tiempo agradable en Amaicha: así será este domingo
2026-06-21,2026-W25,provincial,EL TUCUMANO,Tucumán,NOA,Tucumán,https://www.eltucumano.com,Tiempo agradable en Tafí del Valle: así será este domingo
2026-06-21,2026-W25,provincial,EL TUCUMANO,Tucumán,NOA,Tucumán,https://www.eltucumano.com,Tiempo agradable en El Cadillal: así será este domingo
2026-06-21,2026-W25,provincial,EL TUCUMANO,Tucumán,NOA,Tucumán,https://www.eltucumano.com,San Pedro de Colalao: el clima anticipa nubes dispersas y una máxima de 18°C
2026-06-21,2026-W25,provincial,EL TUCUMANO,Tucumán,NOA,Tucumán,https://www.eltucumano.com,Cielo claro y jornada fresca: así será este domingo en Simoca
2026-06-21,2026-W25,provincial,EL TUCUMANO,Tucumán,NOA,Tucumán,https://www.eltucumano.com,¡Llega la revancha a Banda del Río Salí! Yuhmak liquida todo al costo: Motos y Hogar en 24 cuotas
2026-06-21,2026-W25,provincial,EL TUCUMANO,Tucumán,NOA,Tucumán,https://www.eltucumano.com,El Ingenio Famaillá cumple diez años impulsando el desarrollo productivo de Tucumán
2026-06-21,2026-W25,provincial,EL TUCUMANO,Tucumán,NOA,Tucumán,https://www.eltucumano.com,"De una carnicería de barrio en Tucumán a una distribuidora en expansión: Los Paisanitos, 15 años ofreciendo calidad"
2026-06-21,2026-W25,provincial,EL TUCUMANO,Tucumán,NOA,Tucumán,https://www.eltucumano.com,"""Esta noche"": el accidente que movilizó a los Bomberos en pleno centro tucumano"
2026-06-21,2026-W25,provincial,EL TUCUMANO,Tucumán,NOA,Tucumán,https://www.eltucumano.com,Motos 0 km y todo para el hogar: Gran Feria de Liquidación “al costo” en Yuhmak de Banda del Río Salí
2026-06-21,2026-W25,provincial,EL TUCUMANO,Tucumán,NOA,Tucumán,https://www.eltucumano.com,Vuelve la Retrofiesta a Tucumán y Sucrédito reafirma su lugar como la tarjeta de los espectáculos
2026-06-21,2026-W25,provincial,EL TUCUMANO,Tucumán,NOA,Tucumán,https://www.eltucumano.com,¡Oportunidad única! Llega la Gran Feria de Motos de Yuhmak con un outlet de motos 0 km
2026-06-21,2026-W25,provincial,LA GACETA,Tucumán,NOA,Tucumán,https://www.lagaceta.com.ar,"Día del Padre 2026: pese a las promociones y facilidades de pago, las ventas bajaron 0,3% anual"
2026-06-21,2026-W25,provincial,LA GACETA,Tucumán,NOA,Tucumán,https://www.lagaceta.com.ar,"El padre de Messi, Borges y un mundo feliz"
2026-06-21,2026-W25,provincial,LA GACETA,Tucumán,NOA,Tucumán,https://www.lagaceta.com.ar,El abrazo de la conveniencia
2026-06-21,2026-W25,provincial,LA GACETA,Tucumán,NOA,Tucumán,https://www.lagaceta.com.ar,"Un estudio “mide” a Milei, a Jaldo, a Catalán y a otros referentes políticos en Tucumán"
2026-06-21,2026-W25,provincial,LA GACETA,Tucumán,NOA,Tucumán,https://www.lagaceta.com.ar,"Un sueño con alas: Oscar, el tucumano que construye su propio avión"
2026-06-21,2026-W25,provincial,LA GACETA,Tucumán,NOA,Tucumán,https://www.lagaceta.com.ar,La reina Máxima se puso la camiseta de Curazao y bailó con los jugadores en el Mundial 2026
2026-06-21,2026-W25,provincial,LA GACETA,Tucumán,NOA,Tucumán,https://www.lagaceta.com.ar,Qué se sabe del video de Jésica Cirio con dólares en la casa que compartía con Martín Insaurralde
2026-06-21,2026-W25,provincial,LA GACETA,Tucumán,NOA,Tucumán,https://www.lagaceta.com.ar,"Accidentes, tragedias e indiferencia"
2026-06-21,2026-W25,provincial,LA GACETA,Tucumán,NOA,Tucumán,https://www.lagaceta.com.ar,Se aprobaron las 20 obras que el municipio capitalino hará en los barrios
2026-06-21,2026-W25,provincial,LA GACETA,Tucumán,NOA,Tucumán,https://www.lagaceta.com.ar,La Lujuria: el sexo de plástico y por qué nuestra condena es la soledad
2026-06-21,2026-W25,provincial,LA GACETA,Tucumán,NOA,Tucumán,https://www.lagaceta.com.ar,El truco de las luces altas para arrancar el auto en las mañanas frías de invierno
2026-06-21,2026-W25,provincial,LA GACETA,Tucumán,NOA,Tucumán,https://www.lagaceta.com.ar,El volumen de la música en el gimnasio puede dañar tu oído y arruinar tu entrenamiento
2026-06-21,2026-W25,provincial,LA GACETA,Tucumán,NOA,Tucumán,https://www.lagaceta.com.ar,¿Te comes las uñas?: estos son los riesgos que puede tener para tu salud
2026-06-21,2026-W25,provincial,LA GACETA,Tucumán,NOA,Tucumán,https://www.lagaceta.com.ar,Agua de limón con chía: cuáles son sus beneficios y a qué hora debemos tomarla
2026-06-21,2026-W25,provincial,LA GACETA,Tucumán,NOA,Tucumán,https://www.lagaceta.com.ar,La ciencia busca eliminar el riesgo de incendio en las baterías de litio tras la tragedia en Córdoba
2026-06-21,2026-W25,provincial,LA GACETA,Tucumán,NOA,Tucumán,https://www.lagaceta.com.ar,Continúan los incendios forestales en Cafayate y sigue el operativo de combate
2026-06-21,2026-W25,provincial,LA GACETA,Tucumán,NOA,Tucumán,https://www.lagaceta.com.ar,Comenzó la votación en Colombia para elegir al sucesor de Gustavo Petro
2026-06-21,2026-W25,provincial,LA GACETA,Tucumán,NOA,Tucumán,https://www.lagaceta.com.ar,El Gobierno ratifica su potestad para fijar el día de las elecciones en Tucumán
2026-06-21,2026-W25,provincial,LA GACETA,Tucumán,NOA,Tucumán,https://www.lagaceta.com.ar,Tragedia en la ruta 9: “Acá hubo como 10 choques ya este año”
2026-06-21,2026-W25,provincial,LA GACETA,Tucumán,NOA,Tucumán,https://www.lagaceta.com.ar,“Lo mato o me mato”: el drama de las familias frente a las adicciones
2026-06-21,2026-W25,provincial,LA GACETA,Tucumán,NOA,Tucumán,https://www.lagaceta.com.ar,El coleccionista que reconstruyó la historia de los juguetes de hojalata
2026-06-21,2026-W25,provincial,LA GACETA,Tucumán,NOA,Tucumán,https://www.lagaceta.com.ar,Dos tercios de los tucumanos reconoce que al menos tiene una deuda
2026-06-21,2026-W25,provincial,LA GACETA,Tucumán,NOA,Tucumán,https://www.lagaceta.com.ar,"Entre salidas, cruces y llamados a la unidad, la UCR de Tucumán define su interna para 2027"
2026-06-21,2026-W25,provincial,LA GACETA,Tucumán,NOA,Tucumán,https://www.lagaceta.com.ar,"Entre llamados a la unidad, cruces y salidas, la UCR de Tucumán define su interna para 2027"
2026-06-21,2026-W25,provincial,LA GACETA,Tucumán,NOA,Tucumán,https://www.lagaceta.com.ar,Sanguijuelas insaciables (de dólares y de poder)
2026-06-21,2026-W25,provincial,LA GACETA,Tucumán,NOA,Tucumán,https://www.lagaceta.com.ar,City Market: el mercado donde nació Kansas City
2026-06-21,2026-W25,provincial,LA GACETA,Tucumán,NOA,Tucumán,https://www.lagaceta.com.ar,Los 10 partidos que cambiaron para siempre la historia de los Mundiales
2026-06-21,2026-W25,provincial,LA GACETA,Tucumán,NOA,Tucumán,https://www.lagaceta.com.ar,Ecuador no encontró el nocaut y Curazao celebró un empate con sabor a hazaña
2026-06-21,2026-W25,provincial,LA GACETA,Tucumán,NOA,Tucumán,https://www.lagaceta.com.ar,Del primer partido en Montevideo al número 1.000
2026-06-21,2026-W25,provincial,LA GACETA,Tucumán,NOA,Tucumán,https://www.lagaceta.com.ar,"“El Mundial nos hace felices, pero no cambia la realidad”"
2026-06-21,2026-W25,provincial,LA GACETA,Tucumán,NOA,Tucumán,https://www.lagaceta.com.ar,¿Dónde podés ver el partido entre España y Arabia Saudita?
2026-06-21,2026-W25,provincial,LA GACETA,Tucumán,NOA,Tucumán,https://www.lagaceta.com.ar,Recuerdos fotográficos: 1906. Lola Mora recibe las visitas de las reinas de Italia
2026-06-21,2026-W25,provincial,LA GACETA,Tucumán,NOA,Tucumán,https://www.lagaceta.com.ar,"""Edificios del siglo XIX, docentes del XX y alumnos del XXI"": la frase que resume el desfasaje educativo"
2026-06-21,2026-W25,provincial,LA GACETA,Tucumán,NOA,Tucumán,https://www.lagaceta.com.ar,Milei centró su discurso en Belgrano y evitó la confrontación política en Rosario
2026-06-21,2026-W25,provincial,LA GACETA,Tucumán,NOA,Tucumán,https://www.lagaceta.com.ar,Consumos problemáticos: la alarmante expansión de las apuestas on line
2026-06-21,2026-W25,provincial,LA GACETA,Tucumán,NOA,Tucumán,https://www.lagaceta.com.ar,Ganancias: qué hacer frente a las intimaciones de ARCA
2026-06-21,2026-W25,provincial,LA GACETA,Tucumán,NOA,Tucumán,https://www.lagaceta.com.ar,GEMSA lanzó el nuevo Chevrolet Sonic en Tucumán: tasa 0% y adjudicación en cuota 3 y cuota 5
2026-06-21,2026-W25,provincial,LA GACETA,Tucumán,NOA,Tucumán,https://www.lagaceta.com.ar,Atención Tucumán y Santiago: En Sportsman llevate el regalo ideal para papá y participá por una moto 0 km
2026-06-21,2026-W25,provincial,LA GACETA,Tucumán,NOA,Tucumán,https://www.lagaceta.com.ar,Nutrición de vanguardia para el Norte Grande: La Cabaña inauguró su nuevo centro logístico pensado por y para el bienestar de las mascotas
2026-06-21,2026-W25,provincial,LA GACETA,Tucumán,NOA,Tucumán,https://www.lagaceta.com.ar,"Juan Villoro: “Este es un Mundial de los ricos, no de la gente”"
2026-06-21,2026-W25,provincial,LA GACETA,Tucumán,NOA,Tucumán,https://www.lagaceta.com.ar,Maradona y la Fuerza de los Débiles
2026-06-21,2026-W25,provincial,LA GACETA,Tucumán,NOA,Tucumán,https://www.lagaceta.com.ar,Aforismos de Alina Diaconú
2026-06-21,2026-W25,provincial,LA GACETA,Tucumán,NOA,Tucumán,https://www.lagaceta.com.ar,Padres y libros
2026-06-21,2026-W25,provincial,LA GACETA,Tucumán,NOA,Tucumán,https://www.lagaceta.com.ar,Los Números de Oro de LA GACETA
2026-06-21,2026-W25,provincial,LA GACETA,Tucumán,NOA,Tucumán,https://www.lagaceta.com.ar,Conflictos externos: ¿Cómo incide la baja del petróleo en la Argentina?
2026-06-21,2026-W25,provincial,LA GACETA,Tucumán,NOA,Tucumán,https://www.lagaceta.com.ar,De Atlético Tucumán a Dallas: tiene tres nacionalidades y vive el Mundial 2026 alentando a Croacia y a la Selección
2026-06-21,2026-W25,provincial,LA GACETA,Tucumán,NOA,Tucumán,https://www.lagaceta.com.ar,Sexualmente hablando: Amigos
2026-06-21,2026-W25,provincial,LA GACETA,Tucumán,NOA,Tucumán,https://www.lagaceta.com.ar,"Máximo Kirchner profundizó la interna: ""Piden unidad pero no son capaces de ir a ver a Cristina"""
2026-06-21,2026-W25,provincial,LA GACETA,Tucumán,NOA,Tucumán,https://www.lagaceta.com.ar,Del enojo de Munro al alivio de Turdera: qué dijeron los jugadores de San Martín tras el debut de Orfila
2026-06-21,2026-W25,provincial,LA GACETA,Tucumán,NOA,Tucumán,https://www.lagaceta.com.ar,"San Martín frenó su caída libre en el debut de Alejandro Orfila, pero sigue lejos de despegar"
2026-06-21,2026-W25,provincial,DIARIO CHACO,Chaco,NEA,Resistencia,https://www.diariochaco.com,"A mano armada, motochorro intentó robar a un hombre y vecinos casi lo lincharon"
2026-06-21,2026-W25,provincial,DIARIO CHACO,Chaco,NEA,Resistencia,https://www.diariochaco.com,Cerúndolo conquistó el césped de Queens tras una batalla de tres horas frente a Tommy Paul
2026-06-21,2026-W25,provincial,DIARIO CHACO,Chaco,NEA,Resistencia,https://www.diariochaco.com,El Gobierno reordena su estrategia en el Congreso mientras crece la presión sobre Adorni
2026-06-21,2026-W25,provincial,DIARIO CHACO,Chaco,NEA,Resistencia,https://www.diariochaco.com,"""El mejor legado es su ejemplo"": el mensaje de Zdero por el Día del Padre"
2026-06-21,2026-W25,provincial,DIARIO CHACO,Chaco,NEA,Resistencia,https://www.diariochaco.com,Así será la primera semana del invierno: lluvias al inicio y mínima de 3°C el jueves
2026-06-21,2026-W25,provincial,DIARIO CHACO,Chaco,NEA,Resistencia,https://www.diariochaco.com,"En balotaje, Colombia define presidente entre De la Espriella y Cepeda"
2026-06-21,2026-W25,provincial,DIARIO CHACO,Chaco,NEA,Resistencia,https://www.diariochaco.com,Día del Padre: el homenaje de una historia personal que se convirtió en una celebración internacional
2026-06-21,2026-W25,provincial,DIARIO CHACO,Chaco,NEA,Resistencia,https://www.diariochaco.com,Una mujer escupió a Lilia Lemoine y la diputada reaccionó con un cachetazo
2026-06-21,2026-W25,provincial,DIARIO CHACO,Chaco,NEA,Resistencia,https://www.diariochaco.com,Argentina ajusta detalles y Scaloni posterga la definición del equipo vs Austria
2026-06-21,2026-W25,provincial,DIARIO CHACO,Chaco,NEA,Resistencia,https://www.diariochaco.com,Curazao hizo historia: empató 0-0 con Ecuador y sumó su primer punto en un Mundial
2026-06-21,2026-W25,provincial,DIARIO CHACO,Chaco,NEA,Resistencia,https://www.diariochaco.com,Mundial 2026: así será la agenda del domingo con los Grupos G y H
2026-06-21,2026-W25,provincial,DIARIO CHACO,Chaco,NEA,Resistencia,https://www.diariochaco.com,Alemania se impuso ante Costa de Marfil y aseguró su pase a la siguiente etapa del Mundial
2026-06-21,2026-W25,provincial,DIARIO CHACO,Chaco,NEA,Resistencia,https://www.diariochaco.com,EE.UU. e Irán retomaron en Suiza las negociaciones para frenar la guerra
2026-06-21,2026-W25,provincial,DIARIO CHACO,Chaco,NEA,Resistencia,https://www.diariochaco.com,Detuvieron a un hombre y a una mujer por atentado y resistencia contra la autoridad
2026-06-21,2026-W25,provincial,DIARIO CHACO,Chaco,NEA,Resistencia,https://www.diariochaco.com,Gimnasia venció a Quimsa y se consagró campeón de la Liga Nacional de Básquet
2026-06-21,2026-W25,provincial,DIARIO CHACO,Chaco,NEA,Resistencia,https://www.diariochaco.com,Edición 20/06/2026
2026-06-21,2026-W25,provincial,DIARIO CHACO,Chaco,NEA,Resistencia,https://www.diariochaco.com,"Somos un ""Cambalache"": ¿Cuánto vale una muerte o una noticia falsa?"
2026-06-21,2026-W25,provincial,DIARIO CHACO,Chaco,NEA,Resistencia,https://www.diariochaco.com,"Zdero despidió a Alfredo Norniella: ""Una voz entrañable de nuestro Chaco"""
2026-06-21,2026-W25,provincial,DIARIO CHACO,Chaco,NEA,Resistencia,https://www.diariochaco.com,Difunden videos de Jésica Cirio junto a fajos de dólares y los incorporan a la causa contra Martín Insaurralde
2026-06-21,2026-W25,provincial,DIARIO CHACO,Chaco,NEA,Resistencia,https://www.diariochaco.com,"Murió Alfredo Humberto Norniella, una voz emblemática de la radio chaqueña"
2026-06-21,2026-W25,provincial,DIARIO CHACO,Chaco,NEA,Resistencia,https://www.diariochaco.com,"Antes del Día del Padre, la Justicia notificó por WhatsApp a un adolescente que su adopción fue aprobada"
2026-06-21,2026-W25,provincial,DIARIO CHACO,Chaco,NEA,Resistencia,https://www.diariochaco.com,Día de la Bandera: más de 300 alumnos de la Policía y del SSP juraron a la enseña nacional
2026-06-21,2026-W25,provincial,DIARIO CHACO,Chaco,NEA,Resistencia,https://www.diariochaco.com,Un auto fuera de control chocó cuatro vehículos estacionados en pleno centro
2026-06-21,2026-W25,provincial,DIARIO CHACO,Chaco,NEA,Resistencia,https://www.diariochaco.com,"Detrás de cada nombre, una familia que busca y espera: los 58 desaparecidos en Chaco"
2026-06-21,2026-W25,provincial,DIARIO CHACO,Chaco,NEA,Resistencia,https://www.diariochaco.com,La estatua de Messi más alta del mundo: mide 26 metros y está en la Patagonia
2026-06-21,2026-W25,provincial,DIARIO CHACO,Chaco,NEA,Resistencia,https://www.diariochaco.com,"Jonathan Blanco continúa recuperándose: fue trasladado a una sala común, pero sigue muy débil"
2026-06-21,2026-W25,provincial,DIARIO CHACO,Chaco,NEA,Resistencia,https://www.diariochaco.com,"Villarruel apuntó contra Adorni: ""No hay nadie más peleado con los valores de Belgrano"""
2026-06-21,2026-W25,provincial,DIARIO CHACO,Chaco,NEA,Resistencia,https://www.diariochaco.com,"Zdero en el Día de la Bandera: ""Chaco se levanta cuando hay gente que vuelve a creer"""
2026-06-21,2026-W25,provincial,DIARIO CHACO,Chaco,NEA,Resistencia,https://www.diariochaco.com,Más de 1.500 estudiantes prometieron lealtad a la bandera en Sáenz Peña
2026-06-21,2026-W25,provincial,DIARIO CHACO,Chaco,NEA,Resistencia,https://www.diariochaco.com,"Día de la Bandera: Milei afirmó que Belgrano fue ""el primer intelectual liberal económico argentino"""
2026-06-21,2026-W25,provincial,DIARIO CHACO,Chaco,NEA,Resistencia,https://www.diariochaco.com,Países Bajos goleó a Suecia por 5 a 1 y quedó como líder del Grupo F del Mundial 2026
2026-06-21,2026-W25,provincial,DIARIO CHACO,Chaco,NEA,Resistencia,https://www.diariochaco.com,"Carmen Delgado recibió la propuesta del ""Maestrazo"" presentada por Amudoch"
2026-06-21,2026-W25,provincial,DIARIO CHACO,Chaco,NEA,Resistencia,https://www.diariochaco.com,"Trump dice que Irán ""no recibirá ni un centavo"" y el acuerdo de paz cae en la incertidumbre"
2026-06-21,2026-W25,provincial,DIARIO CHACO,Chaco,NEA,Resistencia,https://www.diariochaco.com,"Robo a ""mano armada"": arrebató un celular con una pistola de plástico y fue detenido"
2026-06-21,2026-W25,provincial,DIARIO CHACO,Chaco,NEA,Resistencia,https://www.diariochaco.com,El Comedor Pintó Ayudar se incorporó al Plan Sáenz Peña Sustentable y Circular
2026-06-21,2026-W25,provincial,DIARIO CHACO,Chaco,NEA,Resistencia,https://www.diariochaco.com,Una mujer exigía dinero a un joven bajo amenaza de difundir fotos íntimas: fue detenida
2026-06-21,2026-W25,provincial,DIARIO CHACO,Chaco,NEA,Resistencia,https://www.diariochaco.com,"Colombia elige en un balotaje decisivo, entre dos modelos opuestos"
2026-06-21,2026-W25,provincial,DIARIO CHACO,Chaco,NEA,Resistencia,https://www.diariochaco.com,Entidades de abogados cuestionan accionar de jueces y anticipan que darán lucha en defensa de la ley de honorarios
2026-06-21,2026-W25,provincial,DIARIO CHACO,Chaco,NEA,Resistencia,https://www.diariochaco.com,Tres argentinos se salvaron de milagro en un incendio de un hotel en República Dominicana
2026-06-21,2026-W25,provincial,DIARIO CHACO,Chaco,NEA,Resistencia,https://www.diariochaco.com,Chaco For Ever volvió al triunfo tras una racha adversa
2026-06-21,2026-W25,provincial,DIARIO CHACO,Chaco,NEA,Resistencia,https://www.diariochaco.com,Vargas inauguró un Punto de Encuentro para fortalecer el trabajo territorial
2026-06-21,2026-W25,provincial,DIARIO CHACO,Chaco,NEA,Resistencia,https://www.diariochaco.com,Faustino Oro deslumbró en Hong Kong y la reacción de Magnus Carlsen se volvió viral
2026-06-21,2026-W25,provincial,DIARIO CHACO,Chaco,NEA,Resistencia,https://www.diariochaco.com,La Provincia adjudicó la compra de insumos médicos por más de $ 1.126 millones
2026-06-21,2026-W25,provincial,DIARIO CHACO,Chaco,NEA,Resistencia,https://www.diariochaco.com,Caso Axel González: el 24 de junio abrirían en Corrientes los 17 celulares secuestrados
2026-06-21,2026-W25,provincial,DIARIO CHACO,Chaco,NEA,Resistencia,https://www.diariochaco.com,"Tras su traslado al Perrando, la jueza Fernández pidió informes médicos sobre César Sena"
2026-06-21,2026-W25,provincial,DIARIO CHACO,Chaco,NEA,Resistencia,https://www.diariochaco.com,Refuerzan controles y alertan por la venta ilegal de medicamentos inyectables para adelgazar
2026-06-21,2026-W25,provincial,DIARIO CHACO,Chaco,NEA,Resistencia,https://www.diariochaco.com,"Las ventas en supermercados, mayoristas y shoppings volvieron a caer en abril"
2026-06-21,2026-W25,provincial,DIARIO CHACO,Chaco,NEA,Resistencia,https://www.diariochaco.com,Una beba de siete meses murió por bronquiolitis tras ser llevada de urgencia al Pediátrico
2026-06-21,2026-W25,provincial,DIARIO CHACO,Chaco,NEA,Resistencia,https://www.diariochaco.com,Cuba busca abrir su economía con un paquete de reformas para atraer inversiones
2026-06-21,2026-W25,provincial,DIARIO CHACO,Chaco,NEA,Resistencia,https://www.diariochaco.com,Detectaron tuberculosis en un colegio secundario: las autoridades dijeron que la situación está controlada
2026-06-21,2026-W25,provincial,LA VOZ DEL CHACO,Chaco,NEA,Resistencia,https://www.diariolavozdelchaco.com,Diario La Voz / Noticias de Chaco
2026-06-21,2026-W25,provincial,LA VOZ DEL CHACO,Chaco,NEA,Resistencia,https://www.diariolavozdelchaco.com,"Tras 50 años, el hombre vuelve a la luna en la Misión Artemis II"
2026-06-21,2026-W25,provincial,LA VOZ DEL CHACO,Chaco,NEA,Resistencia,https://www.diariolavozdelchaco.com,¡Feliz Día del Padre!: por qué se celebra el tercer domingo de junio en la Argentina
2026-06-21,2026-W25,provincial,LA VOZ DEL CHACO,Chaco,NEA,Resistencia,https://www.diariolavozdelchaco.com,Detuvieron a una pareja por ocasionar disturbios en la vía pública y agredir a policías
2026-06-21,2026-W25,provincial,LA VOZ DEL CHACO,Chaco,NEA,Resistencia,https://www.diariolavozdelchaco.com,"Resistencia y Sáenz Peña, las ciudades mas frías en el incicio del invierno: mínimas de 6°C"
2026-06-21,2026-W25,provincial,LA VOZ DEL CHACO,Chaco,NEA,Resistencia,https://www.diariolavozdelchaco.com,Detuvieron a un formoseño que intentaba ingresar cocaína al Chaco
2026-06-21,2026-W25,provincial,LA VOZ DEL CHACO,Chaco,NEA,Resistencia,https://www.diariolavozdelchaco.com,El Día del Padre: qué regalos son los más consultados y cuánto cuestan
2026-06-21,2026-W25,provincial,LA VOZ DEL CHACO,Chaco,NEA,Resistencia,https://www.diariolavozdelchaco.com,Villa Don Enrique: tres meses de agua cloacal y reclamos sin respuesta de Sameep ni la Municipalidad
2026-06-21,2026-W25,provincial,LA VOZ DEL CHACO,Chaco,NEA,Resistencia,https://www.diariolavozdelchaco.com,"«Se perdió buscando su celular»: la fiscal descarta, por ahora, la participación de terceros en el caso Jonathan Blanco"
2026-06-21,2026-W25,provincial,LA VOZ DEL CHACO,Chaco,NEA,Resistencia,https://www.diariolavozdelchaco.com,Mayol llega a Salud con el desafío de recuperar confianza tras una gestión marcada por las crisis y la «falsa médica»
2026-06-21,2026-W25,provincial,LA VOZ DEL CHACO,Chaco,NEA,Resistencia,https://www.diariolavozdelchaco.com,Lanzaron convocatoria a los Premios de Literatura Alfredo Veiravé y José Chudnovsky
2026-06-21,2026-W25,provincial,LA VOZ DEL CHACO,Chaco,NEA,Resistencia,https://www.diariolavozdelchaco.com,Día de la Bandera: alumnos y militares renovaron su compromiso con la Patria
2026-06-21,2026-W25,provincial,LA VOZ DEL CHACO,Chaco,NEA,Resistencia,https://www.diariolavozdelchaco.com,Fin de semana fresco en Resistencia y con lluvias en camino
2026-06-21,2026-W25,provincial,LA VOZ DEL CHACO,Chaco,NEA,Resistencia,https://www.diariolavozdelchaco.com,Javier Milei designó a Adrián Ravier como nuevo vocero presidencial
2026-06-21,2026-W25,provincial,LA VOZ DEL CHACO,Chaco,NEA,Resistencia,https://www.diariolavozdelchaco.com,Jan De Nul y Servimagnus operarán la hidrovía Paraná-Paraguay por 25 años
2026-06-21,2026-W25,provincial,LA VOZ DEL CHACO,Chaco,NEA,Resistencia,https://www.diariolavozdelchaco.com,JUFEJUS cuestionó el decreto que modifica la selección de jueces y advirtió sobre un “grave retroceso institucional”
2026-06-21,2026-W25,provincial,LA VOZ DEL CHACO,Chaco,NEA,Resistencia,https://www.diariolavozdelchaco.com,Fontana: lo atraparon con el teléfono robado y una pistola de plástico
2026-06-21,2026-W25,provincial,LA VOZ DEL CHACO,Chaco,NEA,Resistencia,https://www.diariolavozdelchaco.com,Detuvieron a una mujer por extorsionar a un joven con fotos íntimas
2026-06-21,2026-W25,provincial,LA VOZ DEL CHACO,Chaco,NEA,Resistencia,https://www.diariolavozdelchaco.com,La Fechaco advirtió que la caída del consumo agrava la renta de las pymes
2026-06-21,2026-W25,provincial,LA VOZ DEL CHACO,Chaco,NEA,Resistencia,https://www.diariolavozdelchaco.com,Criar a un hijo ya cuesta más de $500 mil por mes
2026-06-21,2026-W25,provincial,LA VOZ DEL CHACO,Chaco,NEA,Resistencia,https://www.diariolavozdelchaco.com,Villa Ángela celebró el Día de la Bandera con la promesa de lealtad de alumnos
2026-06-21,2026-W25,provincial,LA VOZ DEL CHACO,Chaco,NEA,Resistencia,https://www.diariolavozdelchaco.com,"Gregorio Trabalón: «Queremos que se abran negocios, no que se cierren»"
2026-06-21,2026-W25,provincial,LA VOZ DEL CHACO,Chaco,NEA,Resistencia,https://www.diariolavozdelchaco.com,La Uncaus amplía su agenda internacional
2026-06-21,2026-W25,provincial,LA VOZ DEL CHACO,Chaco,NEA,Resistencia,https://www.diariolavozdelchaco.com,"Ante El Niño, el Gobierno pide acciones preventivas en cada municipio"
2026-06-21,2026-W25,provincial,LA VOZ DEL CHACO,Chaco,NEA,Resistencia,https://www.diariolavozdelchaco.com,Encuesta nacional sacude el tablero político: en Chaco el peronismo vuelve a imponerse y preocupa a La Libertad Avanza
2026-06-21,2026-W25,provincial,LA VOZ DEL CHACO,Chaco,NEA,Resistencia,https://www.diariolavozdelchaco.com,VIDEO| Así rescataron a Jonathan Blanco: estaba en un monte cercano al basural de Puerto Tirol
2026-06-21,2026-W25,provincial,LA VOZ DEL CHACO,Chaco,NEA,Resistencia,https://www.diariolavozdelchaco.com,Salud en crisis: renunció Sergio Rodríguez y Zdero cambia al ministro tras meses de polémicas en Chaco
2026-06-21,2026-W25,provincial,LA VOZ DEL CHACO,Chaco,NEA,Resistencia,https://www.diariolavozdelchaco.com,"Alerta por tormentas en Resistencia: prevén lluvias intensas, ráfagas de hasta 50 km/h y fuerte baja de temperatura"
2026-06-21,2026-W25,provincial,LA VOZ DEL CHACO,Chaco,NEA,Resistencia,https://www.diariolavozdelchaco.com,Brindaron detalles tras el rescate del joven
2026-06-21,2026-W25,provincial,LA VOZ DEL CHACO,Chaco,NEA,Resistencia,https://www.diariolavozdelchaco.com,Los escándalos no cesan dentro de las fuerzas policiales del Chaco
2026-06-21,2026-W25,provincial,LA VOZ DEL CHACO,Chaco,NEA,Resistencia,https://www.diariolavozdelchaco.com,Cayó la Viuda Negra de las redes sociales
2026-06-21,2026-W25,provincial,LA VOZ DEL CHACO,Chaco,NEA,Resistencia,https://www.diariolavozdelchaco.com,Simulaban llevar comida pero era otra cosa
2026-06-21,2026-W25,provincial,LA VOZ DEL CHACO,Chaco,NEA,Resistencia,https://www.diariolavozdelchaco.com,"El Club Chaco For Ever volvió al triunfo, respira y espera por Cravero"
2026-06-21,2026-W25,provincial,LA VOZ DEL CHACO,Chaco,NEA,Resistencia,https://www.diariolavozdelchaco.com,Talleres tucumano golpeó y se adelantó en la Interconferencia
2026-06-21,2026-W25,provincial,LA VOZ DEL CHACO,Chaco,NEA,Resistencia,https://www.diariolavozdelchaco.com,For Ever ganó con aire nuevo y volvió a festejar en el Gigante
2026-06-21,2026-W25,provincial,LA VOZ DEL CHACO,Chaco,NEA,Resistencia,https://www.diariolavozdelchaco.com,Chaco For Ever recibe a Colón en el Gigante de la Avenida por la Primera Nacional
2026-06-21,2026-W25,provincial,LA VOZ DEL CHACO,Chaco,NEA,Resistencia,https://www.diariolavozdelchaco.com,"For Ever, con la esperanza de un nuevo inicio"
2026-06-21,2026-W25,provincial,LA VOZ DEL CHACO,Chaco,NEA,Resistencia,https://www.diariolavozdelchaco.com,Cune hizo valer la localía y Don Bosco arrasó en una noche fría y lluviosa
2026-06-21,2026-W25,provincial,LA VOZ DEL CHACO,Chaco,NEA,Resistencia,https://www.diariolavozdelchaco.com,"Con la ilusión del regreso del «Chango» Cravero como DT, For Ever recibe a Colón de Santa Fe"
2026-06-21,2026-W25,provincial,LA VOZ DEL CHACO,Chaco,NEA,Resistencia,https://www.diariolavozdelchaco.com,Caso Axel González: por qué la Justicia mantuvo detenido a Ramón “Cuno” Gómez
2026-06-21,2026-W25,provincial,LA VOZ DEL CHACO,Chaco,NEA,Resistencia,https://www.diariolavozdelchaco.com,Caso Axel González: trasladaron a Íñiguez y Silva a la U7 y la defensa presentó un hábeas corpus
2026-06-21,2026-W25,provincial,LA VOZ DEL CHACO,Chaco,NEA,Resistencia,https://www.diariolavozdelchaco.com,"20 años y fue detenido por narcomenudeo: secuestran cocaína, una Jeep Renegade y documentación sospechosa"
2026-06-21,2026-W25,provincial,LA VOZ DEL CHACO,Chaco,NEA,Resistencia,https://www.diariolavozdelchaco.com,Caso Milagros Machuca: elevan la causa a juicio oral y la familia pedirá la pena máxima para las imputadas
2026-06-21,2026-W25,provincial,LA VOZ DEL CHACO,Chaco,NEA,Resistencia,https://www.diariolavozdelchaco.com,María Elisa Flores: «Este año tenemos un incremento importante de casos de gripe A»
2026-06-21,2026-W25,provincial,LA VOZ DEL CHACO,Chaco,NEA,Resistencia,https://www.diariolavozdelchaco.com,Centurión: «La escrituración anticipada puede destrabar miles de inmuebles»
2026-06-21,2026-W25,provincial,LA VOZ DEL CHACO,Chaco,NEA,Resistencia,https://www.diariolavozdelchaco.com,Julio Barrios Cima: «El nivel de morosidad está en los niveles máximos en la historia»
2026-06-21,2026-W25,provincial,LA VOZ DEL CHACO,Chaco,NEA,Resistencia,https://www.diariolavozdelchaco.com,Sociedad Villa Don Enrique: tres meses de agua cloacal y reclamos sin respuesta de Sameep ni la Municipalidad
2026-06-21,2026-W25,provincial,LA VOZ DEL CHACO,Chaco,NEA,Resistencia,https://www.diariolavozdelchaco.com,"Policiales «Se perdió buscando su celular»: la fiscal descarta, por ahora, la participación de terceros en el caso Jonathan Blanco"
2026-06-21,2026-W25,provincial,LA VOZ DEL CHACO,Chaco,NEA,Resistencia,https://www.diariolavozdelchaco.com,Política Mayol llega a Salud con el desafío de recuperar confianza tras una gestión marcada por las crisis y la «falsa médica»
2026-06-21,2026-W25,provincial,NORTE,Chaco,NEA,Resistencia,https://www.diarionorte.com,Postales de una jornada especial. Un Día del Padre de recuerdos y encuentros que desafiaron al frío
2026-06-21,2026-W25,provincial,NORTE,Chaco,NEA,Resistencia,https://www.diarionorte.com,"Variaciones inferiores al nivel local de inflación. Crianza de niños y niñas: en mayo, el costo se ubicó entre $510.000 y $670.000 en el Chaco"
2026-06-21,2026-W25,provincial,NORTE,Chaco,NEA,Resistencia,https://www.diarionorte.com,"""La voz del Chaco hoy descansa"": la emotiva despedida de Alejandra Norniella para su padre Alfredo"
2026-06-21,2026-W25,provincial,NORTE,Chaco,NEA,Resistencia,https://www.diarionorte.com,Zona sur de Resistencia. Detenido tras incidente callejero y aprehendida por resistirse al accionar policial
2026-06-21,2026-W25,provincial,NORTE,Chaco,NEA,Resistencia,https://www.diarionorte.com,"La arpista Marta Carrara presenta ""Íntimo"" en el Guido Miranda"
2026-06-21,2026-W25,provincial,NORTE,Chaco,NEA,Resistencia,https://www.diarionorte.com,Selección Argentina. Scaloni mantiene dos dudas el once que enfrentará a Austria
2026-06-21,2026-W25,provincial,NORTE,Chaco,NEA,Resistencia,https://www.diarionorte.com,"Quién es Eloy Room, el arquero de Curazao que rompió ante Ecuador el récord de atajadas en un Mundial"
2026-06-21,2026-W25,provincial,NORTE,Chaco,NEA,Resistencia,https://www.diarionorte.com,Mundial 2026. Alemania lo dio vuelta ante Costa de Marfil y se aseguró la clasificación
2026-06-21,2026-W25,provincial,NORTE,Chaco,NEA,Resistencia,https://www.diarionorte.com,Ranking de camisetas más lindas del Mundial 2026
2026-06-21,2026-W25,provincial,NORTE,Chaco,NEA,Resistencia,https://www.diarionorte.com,Mundial 2026. Brasil goleó a Haití y quedó a un paso de la clasificación
2026-06-21,2026-W25,provincial,NORTE,Chaco,NEA,Resistencia,https://www.diarionorte.com,Mundial 2026. Países Bajos goleó a Suecia y encamina la clasificación
2026-06-21,2026-W25,provincial,NORTE,Chaco,NEA,Resistencia,https://www.diarionorte.com,"Sin gluten y fácil de hacer. Ñoquis de polenta: una receta económica, rendidora y perfecta para los días fríos"
2026-06-21,2026-W25,provincial,NORTE,Chaco,NEA,Resistencia,https://www.diarionorte.com,Receta sencilla. Polenta con queso: el clásico que nunca falla en los días frescos
2026-06-21,2026-W25,provincial,NORTE,Chaco,NEA,Resistencia,https://www.diarionorte.com,"Receta infaltable. Sopa de espinaca y papa: la receta fácil, económica y perfecta para los días de frío"
2026-06-21,2026-W25,provincial,NORTE,Chaco,NEA,Resistencia,https://www.diarionorte.com,Edición del 21-06-2022
2026-06-21,2026-W25,provincial,NORTE,Chaco,NEA,Resistencia,https://www.diarionorte.com,Llega el invierno y se hará sentir en la región
2026-06-21,2026-W25,provincial,NORTE,Chaco,NEA,Resistencia,https://www.diarionorte.com,Concurso para incorporar músicos a la Orquesta Sinfónica del Chaco
2026-06-21,2026-W25,provincial,NORTE,Chaco,NEA,Resistencia,https://www.diarionorte.com,Memorias de Resistencia. Hace 94 años se inauguraba el edificio actual de la Sucursal Resistencia del Banco Nación
2026-06-21,2026-W25,provincial,NORTE,Chaco,NEA,Resistencia,https://www.diarionorte.com,Carta de lectores. El regalo que les pido a mis hijos
2026-06-21,2026-W25,provincial,NORTE,Chaco,NEA,Resistencia,https://www.diarionorte.com,La peligrosa evolución de los rumores en internet
2026-06-21,2026-W25,provincial,NORTE,Chaco,NEA,Resistencia,https://www.diarionorte.com,"Presentador de espectáculos folclóricos. Falleció Alfredo Norniella, ícono de la locución y el periodismo chaqueño"
2026-06-21,2026-W25,provincial,NORTE,Chaco,NEA,Resistencia,https://www.diarionorte.com,Proyecciones pesimistas hacia 2027. Los ingresos son el problema: ¿alcanza con la desinflación?
2026-06-21,2026-W25,provincial,NORTE,Chaco,NEA,Resistencia,https://www.diarionorte.com,"Reparan la ruta nacional 95 entre Sáenz Peña, La Tigra y Tres Isletas"
2026-06-21,2026-W25,provincial,NORTE,Chaco,NEA,Resistencia,https://www.diarionorte.com,Imágenes comprometedoras. Difundieron videos en los que Jessica Cirio aparece junto a millones de dólares
2026-06-21,2026-W25,provincial,NORTE,Chaco,NEA,Resistencia,https://www.diarionorte.com,"Castelli. Antes del Día del Padre, un adolescente recibió la noticia que esperaba desde hace años"
2026-06-21,2026-W25,provincial,NORTE,Chaco,NEA,Resistencia,https://www.diarionorte.com,En Resistencia. Familias chaqueñas que buscan justicia convocan a una marcha este domingo
2026-06-21,2026-W25,provincial,NORTE,Chaco,NEA,Resistencia,https://www.diarionorte.com,Pullaro pidió que los recursos nacionales vuelvan en infraestructura
2026-06-21,2026-W25,provincial,NORTE,Chaco,NEA,Resistencia,https://www.diarionorte.com,Opinión. La confianza
2026-06-21,2026-W25,provincial,NORTE,Chaco,NEA,Resistencia,https://www.diarionorte.com,"La víctima padeció las amenazas. Una mujer de 33 años fue detenida por ""sextorsión"""
2026-06-21,2026-W25,provincial,NORTE,Chaco,NEA,Resistencia,https://www.diarionorte.com,"Villarruel. ""No hay nadie más peleado con los valores de Belgrano que Adorni"
2026-06-21,2026-W25,provincial,NORTE,Chaco,NEA,Resistencia,https://www.diarionorte.com,"Primera Nacional. For Ever puso alma, corazón y cantó victoria ante Colón"
2026-06-21,2026-W25,provincial,NORTE,Chaco,NEA,Resistencia,https://www.diarionorte.com,Dos factores que empañaron el momento productivo. El presidente de CRA plantea impacto en el campo por sequía y falta de infraestructura
2026-06-21,2026-W25,provincial,NORTE,Chaco,NEA,Resistencia,https://www.diarionorte.com,"Fernando Facal: ""La gente no perdió la fe, perdió la confianza en las instituciones"""
2026-06-21,2026-W25,provincial,NORTE,Chaco,NEA,Resistencia,https://www.diarionorte.com,"""Entre el cielo y la tierra"". El Museo de Ciencias Naturales inaugura una muestra sobre Campo del Cielo y la cosmovisión mocoví"
2026-06-21,2026-W25,provincial,NORTE,Chaco,NEA,Resistencia,https://www.diarionorte.com,"Preocupante baja de la vacunación infantil. Doctor Sergio Antunez: ""Las vacunas no enferman: salvan vidas"""
2026-06-21,2026-W25,provincial,NORTE,Chaco,NEA,Resistencia,https://www.diarionorte.com,La capital muestra hoy un intenso movimiento. Comerciantes destacan una mejora en las ventas por el Día del Padre
2026-06-21,2026-W25,provincial,NORTE,Chaco,NEA,Resistencia,https://www.diarionorte.com,"Jubilados Solidarios celebraron el Día de la Bandera, del Padre y de la Policía"
2026-06-21,2026-W25,provincial,NORTE,Chaco,NEA,Resistencia,https://www.diarionorte.com,Con 200 nuevos tubos de hormigón. Du Graty busca ampliar su red de alcantarillas
2026-06-21,2026-W25,provincial,NORTE,Chaco,NEA,Resistencia,https://www.diarionorte.com,Regional del NEA. San Patricio pegó en los momentos importantes y se recuperó ante Regatas
2026-06-21,2026-W25,provincial,NORTE,Chaco,NEA,Resistencia,https://www.diarionorte.com,En Rosario. Milei reivindicó a Belgrano como primer intelectual liberal en el país
2026-06-21,2026-W25,provincial,NORTE,Chaco,NEA,Resistencia,https://www.diarionorte.com,"Marcha por Axel López, a casi un mes de su desaparición"
2026-06-21,2026-W25,provincial,NORTE,Chaco,NEA,Resistencia,https://www.diarionorte.com,"El grito de ""Ni Una Menos"" volvió a llenar las calles del país"
2026-06-21,2026-W25,provincial,NORTE,Chaco,NEA,Resistencia,https://www.diarionorte.com,Santa Rita en imágenes: la fe y la esperanza volvieron a colmar las calles de Puerto Tirol
2026-06-21,2026-W25,provincial,NORTE,Chaco,NEA,Resistencia,https://www.diarionorte.com,"Los 19 días de Jonathan a la intemperie. ""Tomó agua del río y comió pasto"""
2026-06-21,2026-W25,provincial,NORTE,Chaco,NEA,Resistencia,https://www.diarionorte.com,Delgado valoró el trabajo de Amudoch en beneficio de docentes y jubilados
2026-06-21,2026-W25,provincial,NORTE,Chaco,NEA,Resistencia,https://www.diarionorte.com,"Promesa de Lealtad a la Bandera en Sáenz Peña. ""La Patria nos pertenece a todos y entre todos, tenemos que cuidarla"", destacó Zdero"
2026-06-21,2026-W25,provincial,NORTE,Chaco,NEA,Resistencia,https://www.diarionorte.com,Finalizó la reparación del acueducto Fontana y el servicio se va restableciendo
2026-06-21,2026-W25,provincial,NORTE,Chaco,NEA,Resistencia,https://www.diarionorte.com,"La planta biosiderúrgica se radicó en Formosa por su ""excelente ubicación y respaldo del Gobierno provincial"""
2026-06-21,2026-W25,provincial,NORTE,Chaco,NEA,Resistencia,https://www.diarionorte.com,Presentaron el bono Bienal 2026 con un auto 0 km y cuatro motos entre otros premios
2026-06-21,2026-W25,provincial,NORTE,Chaco,NEA,Resistencia,https://www.diarionorte.com,La armadura oxidada y la batalla equivocada
2026-06-21,2026-W25,provincial,EL LIBERTADOR,Corrientes,NEA,Corrientes,https://www.diarioellibertador.com.ar,Diario El Libertador / Noticias de Corrientes
2026-06-21,2026-W25,provincial,EL LIBERTADOR,Corrientes,NEA,Corrientes,https://www.diarioellibertador.com.ar,"Corrientes, protagonista clave en el récord histórico de donación de órganos en el país"
2026-06-21,2026-W25,provincial,EL LIBERTADOR,Corrientes,NEA,Corrientes,https://www.diarioellibertador.com.ar,Santo Tomé: atraparon a vándalos y a una banda que robaba vinos de un comercio
2026-06-21,2026-W25,provincial,EL LIBERTADOR,Corrientes,NEA,Corrientes,https://www.diarioellibertador.com.ar,Día del Padre en Corrientes: los emotivos mensajes de los obispos
2026-06-21,2026-W25,provincial,EL LIBERTADOR,Corrientes,NEA,Corrientes,https://www.diarioellibertador.com.ar,El decreto que quiso agilizar la Justicia y puso en contra a toda la corporación judicial
2026-06-21,2026-W25,provincial,EL LIBERTADOR,Corrientes,NEA,Corrientes,https://www.diarioellibertador.com.ar,"«El Gobierno nacional ve al federalismo como debe ser», dijo Grachot"
2026-06-21,2026-W25,provincial,EL LIBERTADOR,Corrientes,NEA,Corrientes,https://www.diarioellibertador.com.ar,Corrientes será sede de un espectáculo de motonáutica de nivel internacional
2026-06-21,2026-W25,provincial,EL LIBERTADOR,Corrientes,NEA,Corrientes,https://www.diarioellibertador.com.ar,Despido masivo en Luzu TV por el escándalo Messi
2026-06-21,2026-W25,provincial,EL LIBERTADOR,Corrientes,NEA,Corrientes,https://www.diarioellibertador.com.ar,Buscan a un auto que se fugó tras chocar a una moto con dos ocupantes
2026-06-21,2026-W25,provincial,EL LIBERTADOR,Corrientes,NEA,Corrientes,https://www.diarioellibertador.com.ar,El Día de la Bandera se vivió con una fuerte impronta política
2026-06-21,2026-W25,provincial,EL LIBERTADOR,Corrientes,NEA,Corrientes,https://www.diarioellibertador.com.ar,Comerciantes correntinos «unidos» frente a una crisis paradigmática
2026-06-21,2026-W25,provincial,EL LIBERTADOR,Corrientes,NEA,Corrientes,https://www.diarioellibertador.com.ar,Elegida desde el espacio: Caá Catí se impone como la Capital del Ovni
2026-06-21,2026-W25,provincial,EL LIBERTADOR,Corrientes,NEA,Corrientes,https://www.diarioellibertador.com.ar,Boca Unidos y una visita Central a Tucumán
2026-06-21,2026-W25,provincial,EL LIBERTADOR,Corrientes,NEA,Corrientes,https://www.diarioellibertador.com.ar,Podio para San Martín en Cestoball
2026-06-21,2026-W25,provincial,EL LIBERTADOR,Corrientes,NEA,Corrientes,https://www.diarioellibertador.com.ar,Advierten que los embargos empujan al cierre a las pymes en todo el país
2026-06-21,2026-W25,provincial,EL LIBERTADOR,Corrientes,NEA,Corrientes,https://www.diarioellibertador.com.ar,Hay campeón en la Liga Nacional de Básquet
2026-06-21,2026-W25,provincial,EL LIBERTADOR,Corrientes,NEA,Corrientes,https://www.diarioellibertador.com.ar,De no creer: fotografiaron un ovni durante un fogón en Caá Catí
2026-06-21,2026-W25,provincial,EL LIBERTADOR,Corrientes,NEA,Corrientes,https://www.diarioellibertador.com.ar,"Leo Corrales y Matías García, con acción internacional en San Pablo"
2026-06-21,2026-W25,provincial,EL LIBERTADOR,Corrientes,NEA,Corrientes,https://www.diarioellibertador.com.ar,Valdés encabezó el acto en la Costanera y destacó los valores de la Bandera
2026-06-21,2026-W25,provincial,EL LIBERTADOR,Corrientes,NEA,Corrientes,https://www.diarioellibertador.com.ar,La Bandera que quiere ser símbolo de unidad
2026-06-21,2026-W25,provincial,EL LIBERTADOR,Corrientes,NEA,Corrientes,https://www.diarioellibertador.com.ar,La Unne investigó una alternativa para sumar al alimento de porcinos
2026-06-21,2026-W25,provincial,EL LIBERTADOR,Corrientes,NEA,Corrientes,https://www.diarioellibertador.com.ar,Colocaron una piedra fundamental en el kilómetro cero del río Uruguay
2026-06-21,2026-W25,provincial,EL LIBERTADOR,Corrientes,NEA,Corrientes,https://www.diarioellibertador.com.ar,Conmoción por dos feroces ataques de perros: una niña fue mordida en el rostro
2026-06-21,2026-W25,provincial,EL LIBERTADOR,Corrientes,NEA,Corrientes,https://www.diarioellibertador.com.ar,Madrugada dramática en el puente Corrientes-Chaco: se descompensó al volante y un policía evitó una tragedia
2026-06-21,2026-W25,provincial,EL LIBERTADOR,Corrientes,NEA,Corrientes,https://www.diarioellibertador.com.ar,"Sabor, herencia y multitud en el cierre de la 7ª Fiesta Provincial del Estofado"
2026-06-21,2026-W25,provincial,EL LIBERTADOR,Corrientes,NEA,Corrientes,https://www.diarioellibertador.com.ar,Escándalo: el video que provocó la reacción de la familia Messi y la polémica en Luzu
2026-06-21,2026-W25,provincial,EL LIBERTADOR,Corrientes,NEA,Corrientes,https://www.diarioellibertador.com.ar,El semanario francés que mostró a Corrientes durante la Guerra Guasú
2026-06-21,2026-W25,provincial,EL LIBERTADOR,Corrientes,NEA,Corrientes,https://www.diarioellibertador.com.ar,"Ramón Beaudot, el fraile combativo que fundó el primer diario correntino"
2026-06-21,2026-W25,provincial,EL LIBERTADOR,Corrientes,NEA,Corrientes,https://www.diarioellibertador.com.ar,Se profundiza la seguridad vial con cientos de operativos en marcha
2026-06-21,2026-W25,provincial,EL LIBERTADOR,Corrientes,NEA,Corrientes,https://www.diarioellibertador.com.ar,Un muerto y un herido grave tras un violento choque de motocicletas
2026-06-21,2026-W25,provincial,EL LIBERTADOR,Corrientes,NEA,Corrientes,https://www.diarioellibertador.com.ar,Corrientes: una joven cayó desde el cuarto piso de un edificio
2026-06-21,2026-W25,provincial,EL LIBERTADOR,Corrientes,NEA,Corrientes,https://www.diarioellibertador.com.ar,Taraguy está imparable y fue una fecha a pedir de los correntinos
2026-06-21,2026-W25,provincial,EL LIBERTADOR,Corrientes,NEA,Corrientes,https://www.diarioellibertador.com.ar,Chaco sorprendió a Corrientes en el cierre de la tercera fecha
2026-06-21,2026-W25,provincial,EL LIBERTADOR,Corrientes,NEA,Corrientes,https://www.diarioellibertador.com.ar,Lipton es el campeón del fútbol provincial
2026-06-21,2026-W25,provincial,EL LIBERTADOR,Corrientes,NEA,Corrientes,https://www.diarioellibertador.com.ar,Furia en la noche correntina: brutal «ring» femenino a la salida de un boliche
2026-06-21,2026-W25,provincial,EL LIBERTADOR,Corrientes,NEA,Corrientes,https://www.diarioellibertador.com.ar,Pánico en una playa correntina: bañistas tuvieron que huir de un convoy de barcazas a la deriva
2026-06-21,2026-W25,provincial,EL LIBERTADOR,Corrientes,NEA,Corrientes,https://www.diarioellibertador.com.ar,"La Pilarcita, Ariel Báez y Valdés opinaron sobre los dichos del «Bocha» Sheridan"
2026-06-21,2026-W25,provincial,EL LIBERTADOR,Corrientes,NEA,Corrientes,https://www.diarioellibertador.com.ar,Los Vecinos “la rompieron” en el Cocomarola: del pop de Miranda al “sapucay” de la gente
2026-06-21,2026-W25,provincial,EL LIBERTADOR,Corrientes,NEA,Corrientes,https://www.diarioellibertador.com.ar,"Goyo Pomar: «En el ’76, la gente pedía el golpe»"
2026-06-21,2026-W25,provincial,EL LIBERTADOR,Corrientes,NEA,Corrientes,https://www.diarioellibertador.com.ar,«Hay que establecer prioridades para que los recursos alcancen»
2026-06-21,2026-W25,provincial,EL LIBERTADOR,Corrientes,NEA,Corrientes,https://www.diarioellibertador.com.ar,Deportes Corrientes será sede de un espectáculo de motonáutica de nivel internacional
2026-06-21,2026-W25,provincial,EL LIBERTADOR,Corrientes,NEA,Corrientes,https://www.diarioellibertador.com.ar,Nacionales Despido masivo en Luzu TV por el escándalo Messi
2026-06-21,2026-W25,provincial,EL LIBERTADOR,Corrientes,NEA,Corrientes,https://www.diarioellibertador.com.ar,Policiales Buscan a un auto que se fugó tras chocar a una moto con dos ocupantes
2026-06-21,2026-W25,provincial,EL LITORAL,Corrientes,NEA,Corrientes,https://www.ellitoral.com.ar,El Litoral | Novedades de Corrientes
2026-06-21,2026-W25,provincial,EL LITORAL,Corrientes,NEA,Corrientes,https://www.ellitoral.com.ar,Valdés recibirá a funcionarios nacionales para el reinicio de las obras de la Autovía
2026-06-21,2026-W25,provincial,EL LITORAL,Corrientes,NEA,Corrientes,https://www.ellitoral.com.ar,Corrientes: rematan el frigorífico Muralla China por 5 millones de dólares
2026-06-21,2026-W25,provincial,EL LITORAL,Corrientes,NEA,Corrientes,https://www.ellitoral.com.ar,Una plataforma gratuita permite calcular el impacto de El Niño en campos de Corrientes
2026-06-21,2026-W25,provincial,EL LITORAL,Corrientes,NEA,Corrientes,https://www.ellitoral.com.ar,🔴EN VIVO AHORA🔴
2026-06-21,2026-W25,provincial,EL LITORAL,Corrientes,NEA,Corrientes,https://www.ellitoral.com.ar,Últimas noticias
2026-06-21,2026-W25,provincial,EL LITORAL,Corrientes,NEA,Corrientes,https://www.ellitoral.com.ar,Monseñor Canecin envió un emotivo mensaje por el Día del Padre y recordó al suyo
2026-06-21,2026-W25,provincial,EL LITORAL,Corrientes,NEA,Corrientes,https://www.ellitoral.com.ar,El Hospital Escuela de Corrientes fue clave para lograr el récord histórico de donación
2026-06-21,2026-W25,provincial,EL LITORAL,Corrientes,NEA,Corrientes,https://www.ellitoral.com.ar,Corrientes: atraparon a los asaltantes de un local comercial
2026-06-21,2026-W25,provincial,EL LITORAL,Corrientes,NEA,Corrientes,https://www.ellitoral.com.ar,Mundial 2026: esta es la agenda de partidos para este domingo
2026-06-21,2026-W25,provincial,EL LITORAL,Corrientes,NEA,Corrientes,https://www.ellitoral.com.ar,Las manos de los alumnos de una escuela de Corrientes llegaron al Mundial
2026-06-21,2026-W25,provincial,EL LITORAL,Corrientes,NEA,Corrientes,https://www.ellitoral.com.ar,"Mundial 2026: fixture, resultados y todos los partidos"
2026-06-21,2026-W25,provincial,EL LITORAL,Corrientes,NEA,Corrientes,https://www.ellitoral.com.ar,"""No le agregan nada y le quitan mucho"": la crítica de Bielsa a una medida de la Fifa"
2026-06-21,2026-W25,provincial,EL LITORAL,Corrientes,NEA,Corrientes,https://www.ellitoral.com.ar,Furor en la Plaza Mitre de Goya por el intercambio de figuritas del Mundial 2026
2026-06-21,2026-W25,provincial,EL LITORAL,Corrientes,NEA,Corrientes,https://www.ellitoral.com.ar,Un chofer de Vialidad llevado por un OVNI
2026-06-21,2026-W25,provincial,EL LITORAL,Corrientes,NEA,Corrientes,https://www.ellitoral.com.ar,Giuseppe Garibaldi en Corrientes
2026-06-21,2026-W25,provincial,EL LITORAL,Corrientes,NEA,Corrientes,https://www.ellitoral.com.ar,Simonetti recibió distinción legislativa por sus obras
2026-06-21,2026-W25,provincial,EL LITORAL,Corrientes,NEA,Corrientes,https://www.ellitoral.com.ar,El Chajá y su leyenda
2026-06-21,2026-W25,provincial,EL LITORAL,Corrientes,NEA,Corrientes,https://www.ellitoral.com.ar,"El adiós a Norniella, una emblemática voz de la Fiesta del Chamamé"
2026-06-21,2026-W25,provincial,EL LITORAL,Corrientes,NEA,Corrientes,https://www.ellitoral.com.ar,Vendían carne ilegal en comercios de San Luis del Palmar
2026-06-21,2026-W25,provincial,EL LITORAL,Corrientes,NEA,Corrientes,https://www.ellitoral.com.ar,Cayó una joven por varias estafas bancarias a adultos mayores de Corrientes
2026-06-21,2026-W25,provincial,EL LITORAL,Corrientes,NEA,Corrientes,https://www.ellitoral.com.ar,Narco reincidente cayó con $8 millones en cocaína en un control sobre el puente Belgrano
2026-06-21,2026-W25,provincial,EL LITORAL,Corrientes,NEA,Corrientes,https://www.ellitoral.com.ar,El espanto elegirá al próximo Presidente
2026-06-21,2026-W25,provincial,EL LITORAL,Corrientes,NEA,Corrientes,https://www.ellitoral.com.ar,Cuando Arce estuvo cerca de la corona sudamericana
2026-06-21,2026-W25,provincial,EL LITORAL,Corrientes,NEA,Corrientes,https://www.ellitoral.com.ar,El lado correcto
2026-06-21,2026-W25,provincial,EL LITORAL,Corrientes,NEA,Corrientes,https://www.ellitoral.com.ar,El sentido de la oportunidad como ventaja competitiva
2026-06-21,2026-W25,provincial,EL LITORAL,Corrientes,NEA,Corrientes,https://www.ellitoral.com.ar,Racionalidad o debilidad en el memorándum entre Estados Unidos e Irán
2026-06-21,2026-W25,provincial,EL LITORAL,Corrientes,NEA,Corrientes,https://www.ellitoral.com.ar,Curiosidades mundialistas
2026-06-21,2026-W25,provincial,EL LITORAL,Corrientes,NEA,Corrientes,https://www.ellitoral.com.ar,La lluvia de dólares y el país que no se construye solo
2026-06-21,2026-W25,provincial,EL LITORAL,Corrientes,NEA,Corrientes,https://www.ellitoral.com.ar,Se canceló una audiencia y no se sabe cuándo podrán hablar los padres de Loan en el juicio
2026-06-21,2026-W25,provincial,EL LITORAL,Corrientes,NEA,Corrientes,https://www.ellitoral.com.ar,Así continúa hoy el juicio por Loan en Corrientes
2026-06-21,2026-W25,provincial,EL LITORAL,Corrientes,NEA,Corrientes,https://www.ellitoral.com.ar,¿Hacia dónde vamos?
2026-06-21,2026-W25,provincial,EL LITORAL,Corrientes,NEA,Corrientes,https://www.ellitoral.com.ar,"Loan, el juicio: dos años después, con un rebelde perdonado y varios caos por resolver"
2026-06-21,2026-W25,provincial,EL LITORAL,Corrientes,NEA,Corrientes,https://www.ellitoral.com.ar,"La honestidad no se blanquea, se demuestra"
2026-06-21,2026-W25,provincial,EL LITORAL,Corrientes,NEA,Corrientes,https://www.ellitoral.com.ar,Por adorar al demonio se ocasionó la muerte
2026-06-21,2026-W25,provincial,EL LITORAL,Corrientes,NEA,Corrientes,https://www.ellitoral.com.ar,El riesgo de exigir milagros y no reconocer progresos
2026-06-21,2026-W25,provincial,EL LITORAL,Corrientes,NEA,Corrientes,https://www.ellitoral.com.ar,Historias inmortales
2026-06-21,2026-W25,provincial,EL LITORAL,Corrientes,NEA,Corrientes,https://www.ellitoral.com.ar,El Baile en lo de la Tere
2026-06-21,2026-W25,provincial,EL LITORAL,Corrientes,NEA,Corrientes,https://www.ellitoral.com.ar,"Pascual Pérez, el primer campeón mundial"
2026-06-21,2026-W25,provincial,EL LITORAL,Corrientes,NEA,Corrientes,https://www.ellitoral.com.ar,Provincia y Senasa fiscalizaron los puestos del Mercado Central
2026-06-21,2026-W25,provincial,EL LITORAL,Corrientes,NEA,Corrientes,https://www.ellitoral.com.ar,Corrientes: una provincia urbana que se piensa rural
2026-06-21,2026-W25,provincial,EL LITORAL,Corrientes,NEA,Corrientes,https://www.ellitoral.com.ar,Puente Bioceánico: faltan 13 metros para la conexión entre el Atlántico y el Pacífico
2026-06-21,2026-W25,provincial,EL LITORAL,Corrientes,NEA,Corrientes,https://www.ellitoral.com.ar,Corrientes: solicitan donantes de sangre para la joven que cayó desde un cuarto piso
2026-06-21,2026-W25,provincial,EL LITORAL,Corrientes,NEA,Corrientes,https://www.ellitoral.com.ar,Incautaron cargamento ilegal valuado en más de $61 millones en Corrientes
2026-06-21,2026-W25,provincial,EL LITORAL,Corrientes,NEA,Corrientes,https://www.ellitoral.com.ar,Japón goleó a Túnez y lo eliminó del Mundial
2026-06-21,2026-W25,provincial,EL LITORAL,Corrientes,NEA,Corrientes,https://www.ellitoral.com.ar,Curazao empató con Ecuador e hizo historia al sumar su primer punto en el Mundial
2026-06-21,2026-W25,provincial,EL LITORAL,Corrientes,NEA,Corrientes,https://www.ellitoral.com.ar,"En un encuentro clave, Boca Unidos busca su primer festejo visitante"
2026-06-21,2026-W25,provincial,EL LITORAL,Corrientes,NEA,Corrientes,https://www.ellitoral.com.ar,Taraguy sigue firme y Aranduroga venció a Curne
2026-06-21,2026-W25,provincial,EL LITORAL,Corrientes,NEA,Corrientes,https://www.ellitoral.com.ar,ANUNCIOS CLASIFICADOS
2026-06-21,2026-W25,provincial,EL LITORAL,Corrientes,NEA,Corrientes,https://www.ellitoral.com.ar,Nacionales e Internacionales
2026-06-21,2026-W25,provincial,ÉPOCA,Corrientes,NEA,Corrientes,https://www.diarioepoca.com,Correntino vive el mundial en EE.UU. trasladando los colores de Mandiyú
2026-06-21,2026-W25,provincial,ÉPOCA,Corrientes,NEA,Corrientes,https://www.diarioepoca.com,Caso Loan: la verdad escondida en un siniestro silencio cómplice
2026-06-21,2026-W25,provincial,ÉPOCA,Corrientes,NEA,Corrientes,https://www.diarioepoca.com,"Mundial, Día del Padre y aguinaldo, el combo que le dio aire al consumo"
2026-06-21,2026-W25,provincial,ÉPOCA,Corrientes,NEA,Corrientes,https://www.diarioepoca.com,Corrientes: el invierno llega y arrasa con una masa de frío polar
2026-06-21,2026-W25,provincial,ÉPOCA,Corrientes,NEA,Corrientes,https://www.diarioepoca.com,JP Valdés recibirá a funcionarios nacionales para recorrer la autovía
2026-06-21,2026-W25,provincial,ÉPOCA,Corrientes,NEA,Corrientes,https://www.diarioepoca.com,La Selección Argentina se entrenó en Kansas y Scaloni mantiene dos dudas en el once para Austria
2026-06-21,2026-W25,provincial,ÉPOCA,Corrientes,NEA,Corrientes,https://www.diarioepoca.com,Solo 4 millones: el récord histórico que romperán hoy Uruguay y Cabo Verde
2026-06-21,2026-W25,provincial,ÉPOCA,Corrientes,NEA,Corrientes,https://www.diarioepoca.com,Los cortes por las altas temperaturas que generan mayores ingresos a la industria deportiva
2026-06-21,2026-W25,provincial,ÉPOCA,Corrientes,NEA,Corrientes,https://www.diarioepoca.com,Países Bajos le ganó a Suecia 5 a 1 por la fase de grupos
2026-06-21,2026-W25,provincial,ÉPOCA,Corrientes,NEA,Corrientes,https://www.diarioepoca.com,Diógenes reclamó una definición presidencial por el caso Adorni
2026-06-21,2026-W25,provincial,ÉPOCA,Corrientes,NEA,Corrientes,https://www.diarioepoca.com,Jubilados exigen elecciones tras una década de intervención
2026-06-21,2026-W25,provincial,ÉPOCA,Corrientes,NEA,Corrientes,https://www.diarioepoca.com,"""Necesitamos que Nación termine pronto la obra de la Autovía 12"""
2026-06-21,2026-W25,provincial,ÉPOCA,Corrientes,NEA,Corrientes,https://www.diarioepoca.com,Comercios aprovecharon el feriado para tener un repunte de ventas
2026-06-21,2026-W25,provincial,ÉPOCA,Corrientes,NEA,Corrientes,https://www.diarioepoca.com,"Murió Alfredo Norniella, una voz histórica de la comunicación en el Chaco"
2026-06-21,2026-W25,provincial,ÉPOCA,Corrientes,NEA,Corrientes,https://www.diarioepoca.com,El Niño llegaría a finales de la primavera o principios del verano
2026-06-21,2026-W25,provincial,ÉPOCA,Corrientes,NEA,Corrientes,https://www.diarioepoca.com,Edición del 21/06/2026
2026-06-21,2026-W25,provincial,ÉPOCA,Corrientes,NEA,Corrientes,https://www.diarioepoca.com,Polich llamó a renovar el compromiso con el legado de Manuel Belgrano
2026-06-21,2026-W25,provincial,ÉPOCA,Corrientes,NEA,Corrientes,https://www.diarioepoca.com,Capturado con camioneta robada y preparada para el narcotráfico
2026-06-21,2026-W25,provincial,ÉPOCA,Corrientes,NEA,Corrientes,https://www.diarioepoca.com,Corrientes reunirá a especialistas en gestión pública y tecnología
2026-06-21,2026-W25,provincial,ÉPOCA,Corrientes,NEA,Corrientes,https://www.diarioepoca.com,"Falleció Alfredo Norniella, voz imprescindible para el chamamé"
2026-06-21,2026-W25,provincial,ÉPOCA,Corrientes,NEA,Corrientes,https://www.diarioepoca.com,Chamamé en el geriátrico del Litoral en honor a los padres y a la Bandera
2026-06-21,2026-W25,provincial,ÉPOCA,Corrientes,NEA,Corrientes,https://www.diarioepoca.com,Exconvicto detenido al cruzar el puente Belgrano con cocaína
2026-06-21,2026-W25,provincial,ÉPOCA,Corrientes,NEA,Corrientes,https://www.diarioepoca.com,Cuatrero dejó a pareja e hijo en persecución
2026-06-21,2026-W25,provincial,ÉPOCA,Corrientes,NEA,Corrientes,https://www.diarioepoca.com,Le robaron el celular mientras miraba un partido del mundial
2026-06-21,2026-W25,provincial,ÉPOCA,Corrientes,NEA,Corrientes,https://www.diarioepoca.com,"Iberá Celeste y Blanco: una aventura por los cielos, las nubes y los espejos de agua"
2026-06-21,2026-W25,provincial,ÉPOCA,Corrientes,NEA,Corrientes,https://www.diarioepoca.com,Adolescencia: desconexión emocion
2026-06-21,2026-W25,provincial,ÉPOCA,Corrientes,NEA,Corrientes,https://www.diarioepoca.com,FAST: cuatro letras que salvan vidas ante un ACV
2026-06-21,2026-W25,provincial,ÉPOCA,Corrientes,NEA,Corrientes,https://www.diarioepoca.com,El dolor no tiene la última palabra
2026-06-21,2026-W25,provincial,ÉPOCA,Corrientes,NEA,Corrientes,https://www.diarioepoca.com,"""La Muni"" propone un domingo con festejos y actividades para papá"
2026-06-21,2026-W25,provincial,ÉPOCA,Corrientes,NEA,Corrientes,https://www.diarioepoca.com,San Roque: un cuartel que protege mucho más que una localidad
2026-06-21,2026-W25,provincial,ÉPOCA,Corrientes,NEA,Corrientes,https://www.diarioepoca.com,Los padecimientos de los afiliados a obras sociales y prepagas
2026-06-21,2026-W25,provincial,ÉPOCA,Corrientes,NEA,Corrientes,https://www.diarioepoca.com,"""El Rojo"" del barrio Unión, campeón con filosofía y fútbol de potrero"
2026-06-21,2026-W25,provincial,ÉPOCA,Corrientes,NEA,Corrientes,https://www.diarioepoca.com,"Vuelven los correntinos Villalba, Ojeda y Abecasis"
2026-06-21,2026-W25,provincial,ÉPOCA,Corrientes,NEA,Corrientes,https://www.diarioepoca.com,Taraguy sigue marcando el ritmo y no cede terreno
2026-06-21,2026-W25,provincial,ÉPOCA,Corrientes,NEA,Corrientes,https://www.diarioepoca.com,"Lipton FC, el mejor del Torneo Provincial"
2026-06-21,2026-W25,provincial,ÉPOCA,Corrientes,NEA,Corrientes,https://www.diarioepoca.com,"Boca Unidos, con varios regresos, se juega mucho en Tucumán"
2026-06-21,2026-W25,provincial,ÉPOCA,Corrientes,NEA,Corrientes,https://www.diarioepoca.com,Taraguy y San Patricio para sumar de local
2026-06-21,2026-W25,provincial,ÉPOCA,Corrientes,NEA,Corrientes,https://www.diarioepoca.com,Nueve envoltorios
2026-06-21,2026-W25,provincial,ÉPOCA,Corrientes,NEA,Corrientes,https://www.diarioepoca.com,Productores recibieron capacitación en inseminación artificial
2026-06-21,2026-W25,provincial,ÉPOCA,Corrientes,NEA,Corrientes,https://www.diarioepoca.com,Violento choque de motos en barrio Concepción: la imprudencia quedó registrada en cámaras
2026-06-21,2026-W25,provincial,ÉPOCA,Corrientes,NEA,Corrientes,https://www.diarioepoca.com,La Policía secuestró cortes cárnicos abandonados en la vía pública
2026-06-21,2026-W25,provincial,ÉPOCA,Corrientes,NEA,Corrientes,https://www.diarioepoca.com,"La industria ""Made in Italy"" en el podio mundial en 2026"
2026-06-21,2026-W25,provincial,ÉPOCA,Corrientes,NEA,Corrientes,https://www.diarioepoca.com,Juli Savioli reaccionó con incredulidad tras la muerte de Gaspi
2026-06-21,2026-W25,provincial,ÉPOCA,Corrientes,NEA,Corrientes,https://www.diarioepoca.com,El padre de Gaspi cree que hubo un atentado
2026-06-21,2026-W25,provincial,ÉPOCA,Corrientes,NEA,Corrientes,https://www.diarioepoca.com,Andrea del Boca acusó a los gritos a Solange Abraham de querer pegarle
2026-06-21,2026-W25,provincial,ÉPOCA,Corrientes,NEA,Corrientes,https://www.diarioepoca.com,Pergolini: confundieron a Curuzú Cuatiá con Curazao en vivo
2026-06-21,2026-W25,provincial,ÉPOCA,Corrientes,NEA,Corrientes,https://www.diarioepoca.com,Desde Monti hasta Messi: los 95 años mundialistas que vivió Mirtha Legrand junto a la Selección
2026-06-21,2026-W25,provincial,ÉPOCA,Corrientes,NEA,Corrientes,https://www.diarioepoca.com,"CRISTOBAL CAFE CORRIENTES - Show en Vivo: ""PALOMA ACQUARONE"" - San Juan esq. Plácido Martínez"
2026-06-21,2026-W25,provincial,ÉPOCA,Corrientes,NEA,Corrientes,https://www.diarioepoca.com,"63° ANIVERSARIO ""ARANDUROGA RUGBY CLUB""."
2026-06-21,2026-W25,provincial,ÉPOCA,Corrientes,NEA,Corrientes,https://www.diarioepoca.com,ENCUENTRO ANUAL DERMOCONSEJERAS FARMALIFE
2026-06-21,2026-W25,provincial,EL COMERCIAL,Formosa,NEA,Formosa,https://www.elcomercial.com.ar,Crece la tensión por Adorni: el Gobierno deja su futuro en manos del Congreso
2026-06-21,2026-W25,provincial,EL COMERCIAL,Formosa,NEA,Formosa,https://www.elcomercial.com.ar,La energía marcó un récord histórico en mayo con fuerte superávit impulsado por Vaca Muerta
2026-06-21,2026-W25,provincial,EL COMERCIAL,Formosa,NEA,Formosa,https://www.elcomercial.com.ar,"Mora récord: una por una, todas las provincias que lanzaron programas para desendeudar a las familias"
2026-06-21,2026-W25,provincial,EL COMERCIAL,Formosa,NEA,Formosa,https://www.elcomercial.com.ar,Pullaro pidió que los recursos nacionales vuelvan en infraestructura y destacó la baja de homicidios en Rosario
2026-06-21,2026-W25,provincial,EL COMERCIAL,Formosa,NEA,Formosa,https://www.elcomercial.com.ar,"Fuerte mensaje de Máximo Kirchner en el banderazo por CFK: ""Los que hablan de unidad ni siquiera son capaces de ir a verla"""
2026-06-21,2026-W25,provincial,EL COMERCIAL,Formosa,NEA,Formosa,https://www.elcomercial.com.ar,"Murió Roberto García, referente del periodismo político y económico"
2026-06-21,2026-W25,provincial,EL COMERCIAL,Formosa,NEA,Formosa,https://www.elcomercial.com.ar,"Milei sostuvo que Belgrano fue el ""primer intelectual liberal económico argentino"""
2026-06-21,2026-W25,provincial,EL COMERCIAL,Formosa,NEA,Formosa,https://www.elcomercial.com.ar,Aguas de Formosa informa corte del servicio de agua potable
2026-06-21,2026-W25,provincial,EL COMERCIAL,Formosa,NEA,Formosa,https://www.elcomercial.com.ar,Detuvieron a tres jóvenes tras un robo en una ropería del Distrito Cinco
2026-06-21,2026-W25,provincial,EL COMERCIAL,Formosa,NEA,Formosa,https://www.elcomercial.com.ar,"""Pequeño J"" denunció ""torturas psicológicas"" en la cárcel de Marcos Paz y pidió hacer videollamadas con su mamá y con su hermana"
2026-06-21,2026-W25,provincial,EL COMERCIAL,Formosa,NEA,Formosa,https://www.elcomercial.com.ar,El fiscal Pollicita pidió el expediente del hermano de Manuel Adorni y pone la lupa sobre la herencia familiar
2026-06-21,2026-W25,provincial,EL COMERCIAL,Formosa,NEA,Formosa,https://www.elcomercial.com.ar,Murió una nena de seis años y su mamá está grave tras un impactante choque en la Panamericana
2026-06-21,2026-W25,provincial,EL COMERCIAL,Formosa,NEA,Formosa,https://www.elcomercial.com.ar,"Un solo crédito, 10 años para pagar y hasta $100 millones de deuda: cómo es el nuevo ""salvavidas"" para morosos que lanzó un banco"
2026-06-21,2026-W25,provincial,EL COMERCIAL,Formosa,NEA,Formosa,https://www.elcomercial.com.ar,"Secuestraron una camioneta adulterada, cocaína y cigarrillos de contrabando"
2026-06-21,2026-W25,provincial,EL COMERCIAL,Formosa,NEA,Formosa,https://www.elcomercial.com.ar,Corrientes avanza en un plan integral de acción ante el posible impacto de El Niño
2026-06-21,2026-W25,provincial,EL COMERCIAL,Formosa,NEA,Formosa,https://www.elcomercial.com.ar,"Parmetler y la disputa por la UNAF: ""Hace sospechar que hay una cuestión política en el medio"""
2026-06-21,2026-W25,provincial,EL COMERCIAL,Formosa,NEA,Formosa,https://www.elcomercial.com.ar,La Selección Argentina piensa en Austria: viaje a Dallas y conferencia de Scaloni
2026-06-21,2026-W25,provincial,EL COMERCIAL,Formosa,NEA,Formosa,https://www.elcomercial.com.ar,Arruabarrena llamó a Dybala y Boca mantiene viva la ilusión de sumarlo
2026-06-21,2026-W25,provincial,EL COMERCIAL,Formosa,NEA,Formosa,https://www.elcomercial.com.ar,España y Uruguay van por su primer triunfo en el Mundial 2026
2026-06-21,2026-W25,provincial,EL COMERCIAL,Formosa,NEA,Formosa,https://www.elcomercial.com.ar,Ecuador no pudo con Curazao y complicó su clasificación en el Mundial 2026
2026-06-21,2026-W25,provincial,EL COMERCIAL,Formosa,NEA,Formosa,https://www.elcomercial.com.ar,Murió el futbolista de Colón de San Justo que había sufrido un ACV isquémico
2026-06-21,2026-W25,provincial,EL COMERCIAL,Formosa,NEA,Formosa,https://www.elcomercial.com.ar,Países Bajos goleó a Suecia y quedó como líder del Grupo F del Mundial 2026
2026-06-21,2026-W25,provincial,EL COMERCIAL,Formosa,NEA,Formosa,https://www.elcomercial.com.ar,Remontada agónica de Alemania: venció 2-1 a Costa de Marfil y avanzó en el Mundial 2026
2026-06-21,2026-W25,provincial,EL COMERCIAL,Formosa,NEA,Formosa,https://www.elcomercial.com.ar,El Municipio trabajó en barrios de la ciudad para mitigar efectos de la lluvia
2026-06-21,2026-W25,provincial,EL COMERCIAL,Formosa,NEA,Formosa,https://www.elcomercial.com.ar,Alumnos de Talleres Superarte realizaron una visita al serpentario del Regimiento de Infantería de Monte 29
2026-06-21,2026-W25,provincial,EL COMERCIAL,Formosa,NEA,Formosa,https://www.elcomercial.com.ar,Piden que vayan a juicio la banda extorsionó a hombres e instigó al suicidio a un soldado en la Quinta de Olivos
2026-06-21,2026-W25,provincial,EL COMERCIAL,Formosa,NEA,Formosa,https://www.elcomercial.com.ar,"Villaggi y el ""trabajo"" legislativo de la Cámara de Diputados de Formosa: ""Se declaró de interés legislativo la Fiesta del Mbejú y nada más"""
2026-06-21,2026-W25,provincial,EL COMERCIAL,Formosa,NEA,Formosa,https://www.elcomercial.com.ar,El intendente Jofré firmó convenio de cooperación y desarrollo con el municipio de Villa Hayes
2026-06-21,2026-W25,provincial,EL COMERCIAL,Formosa,NEA,Formosa,https://www.elcomercial.com.ar,Se realizó un nuevo operativo de castración y vacunación gratuita para animales de compañía
2026-06-21,2026-W25,provincial,EL COMERCIAL,Formosa,NEA,Formosa,https://www.elcomercial.com.ar,Corrientes: volcó en plena fuga y abandonó un cargamento de cigarrillos valuado en $37 millones
2026-06-21,2026-W25,provincial,EL COMERCIAL,Formosa,NEA,Formosa,https://www.elcomercial.com.ar,Esclarecieron un ficticio secuestro extorsivo de una adolescente
2026-06-21,2026-W25,provincial,EL COMERCIAL,Formosa,NEA,Formosa,https://www.elcomercial.com.ar,La Corte Suprema dejó firme la condena a 9 años de prisión para el conductor de la lancha que mató al hijo de Federico Storani
2026-06-21,2026-W25,provincial,EL COMERCIAL,Formosa,NEA,Formosa,https://www.elcomercial.com.ar,La Policía refuerza las tareas de prevención en las calles y avenidas
2026-06-21,2026-W25,provincial,EL COMERCIAL,Formosa,NEA,Formosa,https://www.elcomercial.com.ar,Lo detuvieron por atacar a un vecino con un machete
2026-06-21,2026-W25,provincial,EL COMERCIAL,Formosa,NEA,Formosa,https://www.elcomercial.com.ar,Gendarmería secuestró piezas de marfil en Formosa
2026-06-21,2026-W25,provincial,EL COMERCIAL,Formosa,NEA,Formosa,https://www.elcomercial.com.ar,Nuevo golpe de Ucrania al corazón energético de Rusia: atacó una refinería clave en Siberia
2026-06-21,2026-W25,provincial,EL COMERCIAL,Formosa,NEA,Formosa,https://www.elcomercial.com.ar,El presidente de Bolivia decretó el estado de excepción para desactivar los bloqueos de rutas
2026-06-21,2026-W25,provincial,EL COMERCIAL,Formosa,NEA,Formosa,https://www.elcomercial.com.ar,Estados Unidos levantó el bloqueo sobre los puertos iraníes tras la entrada en vigor del pacto con Teherán
2026-06-21,2026-W25,provincial,EL COMERCIAL,Formosa,NEA,Formosa,https://www.elcomercial.com.ar,Interna en el régimen iraní: el líder supremo no apoyaba el acuerdo con Estados Unidos impulsado por el presidente Pezeshkian
2026-06-21,2026-W25,provincial,EL COMERCIAL,Formosa,NEA,Formosa,https://www.elcomercial.com.ar,Tiros y caos en Nueva York tras los festejos por el título de los Knicks
2026-06-21,2026-W25,provincial,EL COMERCIAL,Formosa,NEA,Formosa,https://www.elcomercial.com.ar,Se confirmó la visita del papa León XIV a Perú y crece la expectativa de una gira que incluiría a la Argentina
2026-06-21,2026-W25,provincial,EL COMERCIAL,Formosa,NEA,Formosa,https://www.elcomercial.com.ar,Agenda de partidos
2026-06-21,2026-W25,provincial,EL COMERCIAL,Formosa,NEA,Formosa,https://www.elcomercial.com.ar,Calendario + Grupos:
2026-06-21,2026-W25,provincial,EL COMERCIAL,Formosa,NEA,Formosa,https://www.elcomercial.com.ar,ULTIMAS NOTICIAS
2026-06-21,2026-W25,provincial,EL COMERCIAL,Formosa,NEA,Formosa,https://www.elcomercial.com.ar,ULTIMAS 24 HORAS
2026-06-21,2026-W25,provincial,FORMOSA,Formosa,NEA,Formosa,https://www.diarioformosa.net,Día de la Bandera: ¿Por qué se celebra el 20 de junio?
2026-06-21,2026-W25,provincial,FORMOSA,Formosa,NEA,Formosa,https://www.diarioformosa.net,CRA en Formosa: Encuentros para potenciar la producción y reclamos por infraestructura rural
2026-06-21,2026-W25,provincial,FORMOSA,Formosa,NEA,Formosa,https://www.diarioformosa.net,Aguará perdió ante Sixty por la cuarta fecha del Regional
2026-06-21,2026-W25,provincial,FORMOSA,Formosa,NEA,Formosa,https://www.diarioformosa.net,San Martín recibe a Sarmiento y Sol de América visita a Vilelas
2026-06-21,2026-W25,provincial,FORMOSA,Formosa,NEA,Formosa,https://www.diarioformosa.net,JuFeJus rechazó decreto del Poder Ejecutivo Nacional que modifica selección de jueces
2026-06-21,2026-W25,provincial,FORMOSA,Formosa,NEA,Formosa,https://www.diarioformosa.net,Unidades policiales dañadas tras los dos allanamientos contra el contrabando
2026-06-21,2026-W25,provincial,FORMOSA,Formosa,NEA,Formosa,https://www.diarioformosa.net,Allanamientos contra el contrabando: un hombre muerto y tres policías heridos
2026-06-21,2026-W25,provincial,FORMOSA,Formosa,NEA,Formosa,https://www.diarioformosa.net,Messi confirmó su último partido de Eliminatorias en Argentina
2026-06-21,2026-W25,provincial,FORMOSA,Formosa,NEA,Formosa,https://www.diarioformosa.net,"Secuestraron una camioneta adulterada, cocaína y cigarrillos de contrabando"
2026-06-21,2026-W25,provincial,FORMOSA,Formosa,NEA,Formosa,https://www.diarioformosa.net,El primer Club Digital del Oeste provincial abrirá próximamente sus puertas en Lote 8
2026-06-21,2026-W25,provincial,FORMOSA,Formosa,NEA,Formosa,https://www.diarioformosa.net,"Con un taller de baciloscopía, finalizó el ciclo de la Capacitación Provincial en Lepra 2026"
2026-06-21,2026-W25,provincial,FORMOSA,Formosa,NEA,Formosa,https://www.diarioformosa.net,Distinguieron a los empleados públicos que forman parte del concurso literario “Letras del Viento Norte”
2026-06-21,2026-W25,provincial,FORMOSA,Formosa,NEA,Formosa,https://www.diarioformosa.net,“En Formosa apostamos a la biosiderurgia con arrabio verde y nos diferencia de las plantas tradicionales del país”
2026-06-21,2026-W25,provincial,FORMOSA,Formosa,NEA,Formosa,https://www.diarioformosa.net,Recibí las noticias en tu email
2026-06-21,2026-W25,provincial,FORMOSA,Formosa,NEA,Formosa,https://www.diarioformosa.net,CRA en Formosa: Encuentros para potenciar la producción y fuertes reclamos por la infraestructura y caminos rurales
2026-06-21,2026-W25,provincial,FORMOSA,Formosa,NEA,Formosa,https://www.diarioformosa.net,El pozo Palmar-18 multiplica por quince su rendimiento de crudo
2026-06-21,2026-W25,provincial,FORMOSA,Formosa,NEA,Formosa,https://www.diarioformosa.net,El Colorado: fuerte operativo de la Uear ante un masivo remate de 1.500 vacunos
2026-06-21,2026-W25,provincial,FORMOSA,Formosa,NEA,Formosa,https://www.diarioformosa.net,Ibarreta: destacan compromiso con la salud pública a pesar de los ajustes nacionales
2026-06-21,2026-W25,provincial,FORMOSA,Formosa,NEA,Formosa,https://www.diarioformosa.net,Paisajes de mi tierra y Guardianes de Formosa llegaron a la EPEE N.o 14 de Las Lomitas
2026-06-21,2026-W25,provincial,FORMOSA,Formosa,NEA,Formosa,https://www.diarioformosa.net,Mariana Mobilio ganó la medalla de bronce en Buenos Aires 2026
2026-06-21,2026-W25,provincial,FORMOSA,Formosa,NEA,Formosa,https://www.diarioformosa.net,Cuenta regresiva para el Nacional Sub 16 en Comodoro
2026-06-21,2026-W25,provincial,FORMOSA,Formosa,NEA,Formosa,https://www.diarioformosa.net,Félix Sánchez hizo podio en la Media Maratón La Plata
2026-06-21,2026-W25,provincial,FORMOSA,Formosa,NEA,Formosa,https://www.diarioformosa.net,Insfrán presidió el acto por el Día de la Bandera en el mástil y el Estadio Cincuentenario
2026-06-21,2026-W25,provincial,FORMOSA,Formosa,NEA,Formosa,https://www.diarioformosa.net,De la Rosa criticó gestión nacional y dijo que Milei “avala corrupción de su Jefe de Gabinete”
2026-06-21,2026-W25,provincial,FORMOSA,Formosa,NEA,Formosa,https://www.diarioformosa.net,Emotiva ceremonia de jura a la Bandera Nacional en el Estadio Cincuentenario
2026-06-21,2026-W25,provincial,FORMOSA,Formosa,NEA,Formosa,https://www.diarioformosa.net,Clorinda: dos detenidos tras intento de fuga en una motocicleta
2026-06-21,2026-W25,provincial,FORMOSA,Formosa,NEA,Formosa,https://www.diarioformosa.net,"Con la llegada del primer cargamento de hierro, la biosiderurgia entra en su fase final"
2026-06-21,2026-W25,provincial,FORMOSA,Formosa,NEA,Formosa,https://www.diarioformosa.net,Formosa lidera el crecimiento en construcción en un mapa nacional de caída y precarización
2026-06-21,2026-W25,provincial,FORMOSA,Formosa,NEA,Formosa,https://www.diarioformosa.net,Vera defendió el federalismo y cuestionó duramente a Paoltroni
2026-06-21,2026-W25,provincial,FORMOSA,Formosa,NEA,Formosa,https://www.diarioformosa.net,Servicio Social del HAC concretó importantes gestiones durante el primer semestre
2026-06-21,2026-W25,provincial,FORMOSA,Formosa,NEA,Formosa,https://www.diarioformosa.net,Día de la Bandera: ¿Por qué se celebra el 20 de junio? Nacionales
2026-06-21,2026-W25,provincial,FORMOSA,Formosa,NEA,Formosa,https://www.diarioformosa.net,VIDEO GALERÍA + NOTAS
2026-06-21,2026-W25,provincial,FORMOSA,Formosa,NEA,Formosa,https://www.diarioformosa.net,Interior + NOTAS
2026-06-21,2026-W25,provincial,FORMOSA,Formosa,NEA,Formosa,https://www.diarioformosa.net,CRA en Formosa: Encuentros para potenciar la producción y fuertes reclamos por la infraestructura y caminos rurales Sociedad
2026-06-21,2026-W25,provincial,FORMOSA,Formosa,NEA,Formosa,https://www.diarioformosa.net,Deportes + NOTAS
2026-06-21,2026-W25,provincial,FORMOSA,Formosa,NEA,Formosa,https://www.diarioformosa.net,Recibir newsletter
2026-06-21,2026-W25,provincial,FORMOSA AHORA,Formosa,NEA,Formosa,https://www.formosaahora.com.ar,"Mujeres que se eligen: un espacio de reflexión, fortalecimiento y acompañamiento en el barrio Simón Bolívar"
2026-06-21,2026-W25,provincial,FORMOSA AHORA,Formosa,NEA,Formosa,https://www.formosaahora.com.ar,El Municipio trabajó en barrios de la ciudad para mitigar efectos de la lluvia
2026-06-21,2026-W25,provincial,FORMOSA AHORA,Formosa,NEA,Formosa,https://www.formosaahora.com.ar,Alumnos de Talleres Superarte realizaron una visita al serpentario del Regimiento de Infantería de Monte 29
2026-06-21,2026-W25,provincial,FORMOSA AHORA,Formosa,NEA,Formosa,https://www.formosaahora.com.ar,DENUNCIAN QUE EL GOBIERNO NACIONAL QUIERE PERDONAR USD 1842 MILLONES DE DEUDA CON CAMMESA A UN SELECTO GRUPO DE DISTRIBUIDORAS ELECTRICAS
2026-06-21,2026-W25,provincial,FORMOSA AHORA,Formosa,NEA,Formosa,https://www.formosaahora.com.ar,SOLICITAN AL SENADO NACIONAL RECHACE EL PROYECTO DE LEY QUE PERDONA DEUDAS MILLONARIAS A UN GRUPO PRIVILEGIADO DE DISTRIBUIDORAS
2026-06-21,2026-W25,provincial,FORMOSA AHORA,Formosa,NEA,Formosa,https://www.formosaahora.com.ar,Categórico rechazo de JuFeJus al decreto que modifica mecanismos de selección de jueces
2026-06-21,2026-W25,provincial,FORMOSA AHORA,Formosa,NEA,Formosa,https://www.formosaahora.com.ar,Parmetler nuevamente en funciones como rector de la UNAF
2026-06-21,2026-W25,provincial,FORMOSA AHORA,Formosa,NEA,Formosa,https://www.formosaahora.com.ar,Organizaron charla sobre ansiedad en la UNaF
2026-06-21,2026-W25,provincial,FORMOSA AHORA,Formosa,NEA,Formosa,https://www.formosaahora.com.ar,El intendente Jofré firmó convenio de cooperación y desarrollo con el municipio de Villa Hayes
2026-06-21,2026-W25,provincial,FORMOSA AHORA,Formosa,NEA,Formosa,https://www.formosaahora.com.ar,ACTUALMENTE EN EL NEA LOS CORTES DE CARNE DE BUFALO SE OFRECEN ENTRE UN 15 Y 40% MAS ECONOMICO QUE LOS TRADICIONALES DE VACA
2026-06-21,2026-W25,provincial,FORMOSA AHORA,Formosa,NEA,Formosa,https://www.formosaahora.com.ar,"Paula Cattaneo: una mujer que inspira con su trayectoria, liderazgo y compromiso con la comunidad"
2026-06-21,2026-W25,provincial,FORMOSA AHORA,Formosa,NEA,Formosa,https://www.formosaahora.com.ar,Más de 2300 personas pasaron el fin de semana por el stand del Municipio consultando y pagando tasas municipales
2026-06-21,2026-W25,provincial,FORMOSA AHORA,Formosa,NEA,Formosa,https://www.formosaahora.com.ar,Malena Gamarra cuestionó la utilización política de obras todavía en ejecución vulnerando la seguridad de los vecinos
2026-06-21,2026-W25,provincial,FORMOSA AHORA,Formosa,NEA,Formosa,https://www.formosaahora.com.ar,Enrique Zanin respaldó las declaraciones del ministro Jorge Ibáñez y destacó el acompañamiento permanente del Gobierno provincial a las pymes formoseñas
2026-06-21,2026-W25,provincial,FORMOSA AHORA,Formosa,NEA,Formosa,https://www.formosaahora.com.ar,El Municipio de Ingeniero Juárez y el Instituto Politécnico Formosa capacitaron a 28 juarenses en oficio con inmediata salida laboral
2026-06-21,2026-W25,provincial,FORMOSA AHORA,Formosa,NEA,Formosa,https://www.formosaahora.com.ar,Actualización de conocimientos: Realizan IV Jornada de Ingeniería en la UNaF
2026-06-21,2026-W25,provincial,FORMOSA AHORA,Formosa,NEA,Formosa,https://www.formosaahora.com.ar,JOREIC IX: Se realizaron talleres y charlas en los laboratorios de la UNaF
2026-06-21,2026-W25,provincial,FORMOSA AHORA,Formosa,NEA,Formosa,https://www.formosaahora.com.ar,DEFENSORIAS DEL PUEBLO SE REUNIERON CON EL SINDICATO DE TRABAJADORES VIALES DE LA REPUBLICA ARGENTINA
2026-06-21,2026-W25,provincial,FORMOSA AHORA,Formosa,NEA,Formosa,https://www.formosaahora.com.ar,Se vivió la segunda jornada de Expo Motor con alta participación en el Paseo Ferroviario
2026-06-21,2026-W25,provincial,EL TERRITORIO,Misiones,NEA,Posadas,https://www.elterritorio.com.ar,Romper la barrera del tiempo
2026-06-21,2026-W25,provincial,EL TERRITORIO,Misiones,NEA,Posadas,https://www.elterritorio.com.ar,Apuntan a la ganadería de precisión con tecnología de avanzada
2026-06-21,2026-W25,provincial,EL TERRITORIO,Misiones,NEA,Posadas,https://www.elterritorio.com.ar,Las ventas por el día del Padre dejaron balance negativo en comparación al 2025
2026-06-21,2026-W25,provincial,EL TERRITORIO,Misiones,NEA,Posadas,https://www.elterritorio.com.ar,Las selecciones que ya fueron eliminadas del Mundial 2026
2026-06-21,2026-W25,provincial,EL TERRITORIO,Misiones,NEA,Posadas,https://www.elterritorio.com.ar,Japón goleó en el partido 1000 de la historia de los Mundiales y eliminó a Túnez
2026-06-21,2026-W25,provincial,EL TERRITORIO,Misiones,NEA,Posadas,https://www.elterritorio.com.ar,Último ensayo y conferencia del DT Scaloni
2026-06-21,2026-W25,provincial,EL TERRITORIO,Misiones,NEA,Posadas,https://www.elterritorio.com.ar,Ecuador no pudo romper el cero ante Curazao y quedó muy complicado para pasar la fase de grupos
2026-06-21,2026-W25,provincial,EL TERRITORIO,Misiones,NEA,Posadas,https://www.elterritorio.com.ar,Alemania le hizo un guiño a su historia: ganó en el descuento y se clasificó a 16avos
2026-06-21,2026-W25,provincial,EL TERRITORIO,Misiones,NEA,Posadas,https://www.elterritorio.com.ar,Países Bajos fue una aplanadora ante una Suecia irreconocible en Texas
2026-06-21,2026-W25,provincial,EL TERRITORIO,Misiones,NEA,Posadas,https://www.elterritorio.com.ar,Detuvieron a un hombre armado con cuchillo que amenazó a una mujer en Posadas
2026-06-21,2026-W25,provincial,EL TERRITORIO,Misiones,NEA,Posadas,https://www.elterritorio.com.ar,"Perdió el control del auto, impactó contra un poste y sufrió fracturas múltiples"
2026-06-21,2026-W25,provincial,EL TERRITORIO,Misiones,NEA,Posadas,https://www.elterritorio.com.ar,Investigan la muerte de una mujer hallada con lesiones en Posadas
2026-06-21,2026-W25,provincial,EL TERRITORIO,Misiones,NEA,Posadas,https://www.elterritorio.com.ar,"Posadas: manejaba alcoholizado a alta velocidad, despistó y terminó dentro de una zanja"
2026-06-21,2026-W25,provincial,EL TERRITORIO,Misiones,NEA,Posadas,https://www.elterritorio.com.ar,Jardín América: Capri impuso su jerarquía en una tarde de emociones para Ruth Velázquez
2026-06-21,2026-W25,provincial,EL TERRITORIO,Misiones,NEA,Posadas,https://www.elterritorio.com.ar,Posadas: un menor de 13 años fue atropellado por una moto de aplicación y el conductor huyó
2026-06-21,2026-W25,provincial,EL TERRITORIO,Misiones,NEA,Posadas,https://www.elterritorio.com.ar,Misteriosa desaparición de una mujer que denunció a un pastor por abuso
2026-06-21,2026-W25,provincial,EL TERRITORIO,Misiones,NEA,Posadas,https://www.elterritorio.com.ar,"Polo Peralta, el hombre que hizo del rock una herencia familiar"
2026-06-21,2026-W25,provincial,EL TERRITORIO,Misiones,NEA,Posadas,https://www.elterritorio.com.ar,Dos de Mayo: un joven de 19 años resultó herido tras despistar con su auto en la Ruta 14
2026-06-21,2026-W25,provincial,EL TERRITORIO,Misiones,NEA,Posadas,https://www.elterritorio.com.ar,Luis Belforte ofrecerá una charla abierta sobre gestión artística
2026-06-21,2026-W25,provincial,EL TERRITORIO,Misiones,NEA,Posadas,https://www.elterritorio.com.ar,Colombia se juega su futuro político en el balotaje presidencial
2026-06-21,2026-W25,provincial,EL TERRITORIO,Misiones,NEA,Posadas,https://www.elterritorio.com.ar,Balotaje en Colombia: elección reñida entre continuidad o abrupto cambio de rumbo
2026-06-21,2026-W25,provincial,EL TERRITORIO,Misiones,NEA,Posadas,https://www.elterritorio.com.ar,Ilvo Mattje y el legado que continúan sus hijos
2026-06-21,2026-W25,provincial,EL TERRITORIO,Misiones,NEA,Posadas,https://www.elterritorio.com.ar,"“Confiamos en Santino, su fortaleza y en sus médicos”"
2026-06-21,2026-W25,provincial,EL TERRITORIO,Misiones,NEA,Posadas,https://www.elterritorio.com.ar,Qué es hoy de Qatar sin los argentinos
2026-06-21,2026-W25,provincial,EL TERRITORIO,Misiones,NEA,Posadas,https://www.elterritorio.com.ar,Alumnos de la Epet 30 crearon detector de humo con extractor
2026-06-21,2026-W25,provincial,EL TERRITORIO,Misiones,NEA,Posadas,https://www.elterritorio.com.ar,Dos nuevos detenidos por el crimen de Mateo Calixto en Colonia Alberdi
2026-06-21,2026-W25,provincial,EL TERRITORIO,Misiones,NEA,Posadas,https://www.elterritorio.com.ar,Auténtico libertario y desarrollador de progreso
2026-06-21,2026-W25,provincial,EL TERRITORIO,Misiones,NEA,Posadas,https://www.elterritorio.com.ar,Hora de definiciones
2026-06-21,2026-W25,provincial,EL TERRITORIO,Misiones,NEA,Posadas,https://www.elterritorio.com.ar,Mejor no perder la compostura
2026-06-21,2026-W25,provincial,EL TERRITORIO,Misiones,NEA,Posadas,https://www.elterritorio.com.ar,Rodolfo Antueno es el flamante campeón de la Copa El Territorio de golf
2026-06-21,2026-W25,provincial,EL TERRITORIO,Misiones,NEA,Posadas,https://www.elterritorio.com.ar,Anne Hathaway confirmó que está embarazada: espera a su tercer hijo junto a su esposo Adam Shulman
2026-06-21,2026-W25,provincial,EL TERRITORIO,Misiones,NEA,Posadas,https://www.elterritorio.com.ar,La Banda de Música Municipal cumple 140 años y sueña con la sede propia
2026-06-21,2026-W25,provincial,EL TERRITORIO,Misiones,NEA,Posadas,https://www.elterritorio.com.ar,Jardín América celebrará el Día del Padre con una edición especial de los Domingos Culturales
2026-06-21,2026-W25,provincial,EL TERRITORIO,Misiones,NEA,Posadas,https://www.elterritorio.com.ar,Los misioneros se destacaron en los Súper Heat del Argentino de Karting
2026-06-21,2026-W25,provincial,EL TERRITORIO,Misiones,NEA,Posadas,https://www.elterritorio.com.ar,Cerúndolo le ganó un duro partido a Nakashima y se metió en la final del ATP 500 de Queen´s
2026-06-21,2026-W25,provincial,EL TERRITORIO,Misiones,NEA,Posadas,https://www.elterritorio.com.ar,Argentina se consagró campeona mundial de básquet para atletas con síndrome de Down
2026-06-21,2026-W25,provincial,EL TERRITORIO,Misiones,NEA,Posadas,https://www.elterritorio.com.ar,"Milei sostuvo que Belgrano fue el ""primer intelectual liberal económico argentino"""
2026-06-21,2026-W25,provincial,EL TERRITORIO,Misiones,NEA,Posadas,https://www.elterritorio.com.ar,"Desafectan a diez agentes penitenciarios por torturas, golpizas y abusos sexuales a internas en Magdalena"
2026-06-21,2026-W25,provincial,EL TERRITORIO,Misiones,NEA,Posadas,https://www.elterritorio.com.ar,Guerra fría en Rosario: Villarruel le dio la espalda a Milei en el acto patrio
2026-06-21,2026-W25,provincial,EL TERRITORIO,Misiones,NEA,Posadas,https://www.elterritorio.com.ar,Paraguay revivió en la Copa del Mundo y sus hinchas fueron ejemplo en la tribuna
2026-06-21,2026-W25,provincial,EL TERRITORIO,Misiones,NEA,Posadas,https://www.elterritorio.com.ar,Argentina puede asegurar el primer puesto de su grupo ante Austria y quedar a un paso de los octavos
2026-06-21,2026-W25,provincial,EL TERRITORIO,Misiones,NEA,Posadas,https://www.elterritorio.com.ar,Ancelotti confirmó que Neymar se recuperó de su lesión y podrá jugar ante Escocia
2026-06-21,2026-W25,provincial,EL TERRITORIO,Misiones,NEA,Posadas,https://www.elterritorio.com.ar,El Fixture de El Territorio para seguir los resultados y los posibles cruces en tiempo real
2026-06-21,2026-W25,provincial,EL TERRITORIO,Misiones,NEA,Posadas,https://www.elterritorio.com.ar,"Docencia y defensa, caminos de una larga trayectoria en el derecho"
2026-06-21,2026-W25,provincial,EL TERRITORIO,Misiones,NEA,Posadas,https://www.elterritorio.com.ar,“Dirigir bien una orquesta es lograr que cada músico logre la mejor versión de su partitura”
2026-06-21,2026-W25,provincial,EL TERRITORIO,Misiones,NEA,Posadas,https://www.elterritorio.com.ar,“La función social de los clubes es clave y el valor no es solamente si se gana o no”
2026-06-21,2026-W25,provincial,EL TERRITORIO,Misiones,NEA,Posadas,https://www.elterritorio.com.ar,"“A la persona que sufre no le importa si escribiste artículos, quiere que estés ahí”"
2026-06-21,2026-W25,provincial,EL TERRITORIO,Misiones,NEA,Posadas,https://www.elterritorio.com.ar,“El secreto para mantenerme es disfrutar cada carrera”
2026-06-21,2026-W25,provincial,EL TERRITORIO,Misiones,NEA,Posadas,https://www.elterritorio.com.ar,Una vida entre tackles y convicciones
2026-06-21,2026-W25,provincial,EL TERRITORIO,Misiones,NEA,Posadas,https://www.elterritorio.com.ar,Claudia Cabrera y una lección de vigencia
2026-06-21,2026-W25,provincial,MISIONES ON LINE,Misiones,NEA,Posadas,https://www.misionesonline.net,Mirá en vivo Turismo Misiones
2026-06-21,2026-W25,provincial,MISIONES ON LINE,Misiones,NEA,Posadas,https://www.misionesonline.net,"Día del Padre 2026: las ventas bajaron 0,3% anual a nivel nacional"
2026-06-21,2026-W25,provincial,MISIONES ON LINE,Misiones,NEA,Posadas,https://www.misionesonline.net,"Lo que se espera para la economía argentina: inflación en baja, dólar más activo y recuperación gradual del consumo en el segundo semestre"
2026-06-21,2026-W25,provincial,MISIONES ON LINE,Misiones,NEA,Posadas,https://www.misionesonline.net,Investigan la muerte de una mujer hallada con lesiones en una vivienda de Posadas
2026-06-21,2026-W25,provincial,MISIONES ON LINE,Misiones,NEA,Posadas,https://www.misionesonline.net,Empleo formal en picada: según un relevamiento se perdieron más de 200 mil puestos desde noviembre de 2023
2026-06-21,2026-W25,provincial,MISIONES ON LINE,Misiones,NEA,Posadas,https://www.misionesonline.net,La Selección argentina viaja a Dallas: Scaloni define el equipo ante Austria con dudas en el ataque y Messi busca romper récords históricos este lunes
2026-06-21,2026-W25,provincial,MISIONES ON LINE,Misiones,NEA,Posadas,https://www.misionesonline.net,Ecuador empató con Curazao y complicó sus chances de clasificar a la próxima ronda del Mundial 2026
2026-06-21,2026-W25,provincial,MISIONES ON LINE,Misiones,NEA,Posadas,https://www.misionesonline.net,Remontada agónica de Alemania: venció 2-1 a Costa de Marfil y avanzó en el Mundial 2026
2026-06-21,2026-W25,provincial,MISIONES ON LINE,Misiones,NEA,Posadas,https://www.misionesonline.net,"La victoria de la Albirroja movilizó a miles en Encarnación: caravanas, celebración y disturbios"
2026-06-21,2026-W25,provincial,MISIONES ON LINE,Misiones,NEA,Posadas,https://www.misionesonline.net,Malas noticias para Scaloni: Gonzalo Montiel sufrió una lesión muscular y se perderá el partido contra Austria
2026-06-21,2026-W25,provincial,MISIONES ON LINE,Misiones,NEA,Posadas,https://www.misionesonline.net,Cien días del caso Adorni: desde el Gobierno de Milei sostienen que la polémica eclipsó logros económicos de la gestión
2026-06-21,2026-W25,provincial,MISIONES ON LINE,Misiones,NEA,Posadas,https://www.misionesonline.net,Irán y Estados Unidos retoman negociaciones en Suiza para poner fin a la guerra en Medio Oriente
2026-06-21,2026-W25,provincial,MISIONES ON LINE,Misiones,NEA,Posadas,https://www.misionesonline.net,Así estará el tiempo en Misiones este domingo y lunes
2026-06-21,2026-W25,provincial,MISIONES ON LINE,Misiones,NEA,Posadas,https://www.misionesonline.net,"Despistó, atravesó una plazoleta y chocó contra una columna en Posadas"
2026-06-21,2026-W25,provincial,MISIONES ON LINE,Misiones,NEA,Posadas,https://www.misionesonline.net,Balotaje presidencial en Colombia: se define el sucesor de Gustavo Petro
2026-06-21,2026-W25,provincial,MISIONES ON LINE,Misiones,NEA,Posadas,https://www.misionesonline.net,"Carolina Aló, 113 puñaladas y una herida que no cierra: la lucha de su padre a 30 años del crimen"
2026-06-21,2026-W25,provincial,MISIONES ON LINE,Misiones,NEA,Posadas,https://www.misionesonline.net,Embistió a un adolescente y escapó: la Policía busca al motociclista en Posadas
2026-06-21,2026-W25,provincial,MISIONES ON LINE,Misiones,NEA,Posadas,https://www.misionesonline.net,Por qué se celebra hoy el Día del Padre en Argentina en 2026 y por qué cambia todos los años
2026-06-21,2026-W25,provincial,MISIONES ON LINE,Misiones,NEA,Posadas,https://www.misionesonline.net,Día del Padre: demanda cautelosa y preferencias de regalos en un contexto de búsqueda de financiación
2026-06-21,2026-W25,provincial,MISIONES ON LINE,Misiones,NEA,Posadas,https://www.misionesonline.net,"Circulaba a alta velocidad, despistó y fue demorado en Posadas tras dar positivo en alcoholemia"
2026-06-21,2026-W25,provincial,MISIONES ON LINE,Misiones,NEA,Posadas,https://www.misionesonline.net,La Selección argentina viaja a Dallas: Scaloni define el equipo ante Austria con dudas en el ataque y Messi busca romper récords históricos este...
2026-06-21,2026-W25,provincial,MISIONES ON LINE,Misiones,NEA,Posadas,https://www.misionesonline.net,Abel Pintos en Posadas: celebra sus 30 años de música
2026-06-21,2026-W25,provincial,MISIONES ON LINE,Misiones,NEA,Posadas,https://www.misionesonline.net,"Papa León XIV en Pavía: “Lo esencial es vivir con Cristo, y difundir su Evangelio»"
2026-06-21,2026-W25,provincial,MISIONES ON LINE,Misiones,NEA,Posadas,https://www.misionesonline.net,Reflexión del Pastor David Decena: «Dos dimensiones de la santidad»
2026-06-21,2026-W25,provincial,MISIONES ON LINE,Misiones,NEA,Posadas,https://www.misionesonline.net,Análisis semanal | Encuentros y desencuentros en la política misionera
2026-06-21,2026-W25,provincial,MISIONES ON LINE,Misiones,NEA,Posadas,https://www.misionesonline.net,Solsticio de invierno 2026 en Argentina: cuándo ocurre y qué significa
2026-06-21,2026-W25,provincial,MISIONES ON LINE,Misiones,NEA,Posadas,https://www.misionesonline.net,"Tras ser apartada por dar la noticia falsa de Messi, Florencia Peña analiza acciones legales contra Nicolás Occhiato por despido unilateral"
2026-06-21,2026-W25,provincial,MISIONES ON LINE,Misiones,NEA,Posadas,https://www.misionesonline.net,Ke Personajes hizo vibrar París con su cumbia y presentó su nuevo álbum durante su gira europea
2026-06-21,2026-W25,provincial,MISIONES ON LINE,Misiones,NEA,Posadas,https://www.misionesonline.net,Escuelas Sociodeportivas del Real Madrid llegarán a Misiones tras un acuerdo del Gobierno provincial con el club
2026-06-21,2026-W25,provincial,MISIONES ON LINE,Misiones,NEA,Posadas,https://www.misionesonline.net,La Policía les siguió el rastro y recuperaron materiales de construcción robados en Posadas
2026-06-21,2026-W25,provincial,MISIONES ON LINE,Misiones,NEA,Posadas,https://www.misionesonline.net,"Por qué se debe pagar por el cuidado de los hijos incluso cuando lo hace un familiar, según una abogada"
2026-06-21,2026-W25,provincial,MISIONES ON LINE,Misiones,NEA,Posadas,https://www.misionesonline.net,Trump advirtió que podría aplicar cargos al tránsito en el estrecho de Ormuz si no hay acuerdo en 60 días
2026-06-21,2026-W25,provincial,MISIONES ON LINE,Misiones,NEA,Posadas,https://www.misionesonline.net,Victoria Villarruel: “No hay nadie más peleado con los valores de Belgrano que Adorni”
2026-06-21,2026-W25,provincial,MISIONES ON LINE,Misiones,NEA,Posadas,https://www.misionesonline.net,La paradoja de la Inteligencia Artificial: la digitalización desplaza al papel gráfico pero dinamiza el mercado global de envases y embalajes
2026-06-21,2026-W25,provincial,MISIONES ON LINE,Misiones,NEA,Posadas,https://www.misionesonline.net,Puerto Iguazú | El Congreso Mundial de Guardaparques 2027 será el escenario de debate frente a la crisis global de la profesión
2026-06-21,2026-W25,provincial,MISIONES ON LINE,Misiones,NEA,Posadas,https://www.misionesonline.net,Irán volvió a cerrar el estrecho de Ormuz y crece la tensión tras nuevos ataques de Israel al Líbano
2026-06-21,2026-W25,provincial,MISIONES ON LINE,Misiones,NEA,Posadas,https://www.misionesonline.net,El Estado que audita cenizas: cuando el control llega después del escándalo
2026-06-21,2026-W25,provincial,MISIONES ON LINE,Misiones,NEA,Posadas,https://www.misionesonline.net,"Pese a todo, seguimos siendo inocentes"
2026-06-21,2026-W25,provincial,MISIONES ON LINE,Misiones,NEA,Posadas,https://www.misionesonline.net,El botón que desnudó la grieta: cómo la IA de X expuso el crudo racismo del fútbol hispanohablante ante el mundo sajón
2026-06-21,2026-W25,provincial,MISIONES ON LINE,Misiones,NEA,Posadas,https://www.misionesonline.net,Herrera Ahuad impulsa una ley para declarar la emergencia salarial docente por cinco años: “Buscamos el financiamiento necesario para el crecimiento y desarrollo de...
2026-06-21,2026-W25,provincial,MISIONES ON LINE,Misiones,NEA,Posadas,https://www.misionesonline.net,Oberá: secuestran una motocicleta tras detectar maniobras indebidas y publicaciones en redes sociales
2026-06-21,2026-W25,provincial,MISIONES ON LINE,Misiones,NEA,Posadas,https://www.misionesonline.net,"Así fue el 1° Encuentro Ufológico de Caá Catí: testimonios, vigilia, y una misteriosa luz captada en infrarrojo"
2026-06-21,2026-W25,provincial,MISIONES ON LINE,Misiones,NEA,Posadas,https://www.misionesonline.net,Detuvieron a un joven tras intentar huir de un control y le secuestraron 18 dosis de cocaína en Posadas
2026-06-21,2026-W25,provincial,MISIONES ON LINE,Misiones,NEA,Posadas,https://www.misionesonline.net,"Federal A | En un partido sin emociones y con poco fútbol, Mitre empató con Juventud Antoniana y sigue líder de su zona"
2026-06-21,2026-W25,provincial,MISIONES ON LINE,Misiones,NEA,Posadas,https://www.misionesonline.net,"“Bandera Solidaria” reunió música, cultura y ayuda comunitaria en la Plaza 9 de Julio de Posadas"
2026-06-21,2026-W25,provincial,MISIONES ON LINE,Misiones,NEA,Posadas,https://www.misionesonline.net,Andresito: una planta de bambú proyecta producir 800 toneladas con valor agregado
2026-06-21,2026-W25,provincial,MISIONES ON LINE,Misiones,NEA,Posadas,https://www.misionesonline.net,Refuerzan el monitoreo climático en Misiones ante la posible consolidación del fenómeno de El Niño
2026-06-21,2026-W25,provincial,MISIONES ON LINE,Misiones,NEA,Posadas,https://www.misionesonline.net,La energía marcó un récord histórico en mayo con fuerte superávit impulsado por Vaca Muerta
2026-06-21,2026-W25,provincial,MISIONES ON LINE,Misiones,NEA,Posadas,https://www.misionesonline.net,El mensaje de Rodrigo Tapari tras la muerte de la hija de uno de sus músicos en el choque en la Panamericana
2026-06-21,2026-W25,provincial,MISIONES ON LINE,Misiones,NEA,Posadas,https://www.misionesonline.net,Eclipse solar más largo del siglo: cuándo será y dónde se podrá ver el fenómeno astronómico
2026-06-21,2026-W25,provincial,PRIMERA EDICIÓN,Misiones,NEA,Posadas,https://www.primeraedicion.com.ar,Primera Edición
2026-06-21,2026-W25,provincial,PRIMERA EDICIÓN,Misiones,NEA,Posadas,https://www.primeraedicion.com.ar,Nicolás Occhiato rompió el silencio tras la polémica en Luzu: “No merecen mi respeto”
2026-06-21,2026-W25,provincial,PRIMERA EDICIÓN,Misiones,NEA,Posadas,https://www.primeraedicion.com.ar,"Emoción, nostalgia y expectativa de chicos y grandes en el pre-estreno de “Toy Story 5” en Posadas"
2026-06-21,2026-W25,provincial,PRIMERA EDICIÓN,Misiones,NEA,Posadas,https://www.primeraedicion.com.ar,El cielo que volvió con ella
2026-06-21,2026-W25,provincial,PRIMERA EDICIÓN,Misiones,NEA,Posadas,https://www.primeraedicion.com.ar,La respiración profunda
2026-06-21,2026-W25,provincial,PRIMERA EDICIÓN,Misiones,NEA,Posadas,https://www.primeraedicion.com.ar,Armonía y metas familiares para la libertad financiera
2026-06-21,2026-W25,provincial,PRIMERA EDICIÓN,Misiones,NEA,Posadas,https://www.primeraedicion.com.ar,Aseguran que los jubilados cobran casi $100 mil menos por el cambio en la fórmula de movilidad
2026-06-21,2026-W25,provincial,PRIMERA EDICIÓN,Misiones,NEA,Posadas,https://www.primeraedicion.com.ar,Arjona hace historia en Argentina: agotó nuevas funciones y alcanzará los 18 Movistar Arena
2026-06-21,2026-W25,provincial,PRIMERA EDICIÓN,Misiones,NEA,Posadas,https://www.primeraedicion.com.ar,Premios Gardel 2026: Milo J se quedó con el Oro
2026-06-21,2026-W25,provincial,PRIMERA EDICIÓN,Misiones,NEA,Posadas,https://www.primeraedicion.com.ar,ANSES confirmó el aumento para jubilados en junio 2026: cuánto cobrarán con aguinaldo y nuevos haberes
2026-06-21,2026-W25,provincial,PRIMERA EDICIÓN,Misiones,NEA,Posadas,https://www.primeraedicion.com.ar,ANSeS oficializó los nuevos haberes de junio: cuánto cobrarán jubilados y pensionados
2026-06-21,2026-W25,provincial,PRIMERA EDICIÓN,Misiones,NEA,Posadas,https://www.primeraedicion.com.ar,“El de la foto del Che”
2026-06-21,2026-W25,provincial,PRIMERA EDICIÓN,Misiones,NEA,Posadas,https://www.primeraedicion.com.ar,Cómo combatir las malezas de la huerta sin utilizar químicos
2026-06-21,2026-W25,provincial,PRIMERA EDICIÓN,Misiones,NEA,Posadas,https://www.primeraedicion.com.ar,"La cúrcuma, el “oro amarillo” que se suma como opción en la producción"
2026-06-21,2026-W25,provincial,PRIMERA EDICIÓN,Misiones,NEA,Posadas,https://www.primeraedicion.com.ar,El potencial de los palitos de yerba para producir biocarbón
2026-06-21,2026-W25,provincial,PRIMERA EDICIÓN,Misiones,NEA,Posadas,https://www.primeraedicion.com.ar,El mercado inmobiliario y el derecho del consumidor: una protección que muchos aún desconocen
2026-06-21,2026-W25,provincial,PRIMERA EDICIÓN,Misiones,NEA,Posadas,https://www.primeraedicion.com.ar,"¿Loteo, barrio privado o club de campo? La elección que va más allá del precio del terreno"
2026-06-21,2026-W25,provincial,PRIMERA EDICIÓN,Misiones,NEA,Posadas,https://www.primeraedicion.com.ar,Derecho de superficie: la herramienta legal para generar valor sin vender la propiedad
2026-06-21,2026-W25,provincial,PRIMERA EDICIÓN,Misiones,NEA,Posadas,https://www.primeraedicion.com.ar,"Un corredor natural, rico en aguas profundas"
2026-06-21,2026-W25,provincial,PRIMERA EDICIÓN,Misiones,NEA,Posadas,https://www.primeraedicion.com.ar,"Las “Ruinas” de Santa Ana, 366 años de rica historia (casi virgen) por descubrir"
2026-06-21,2026-W25,provincial,PRIMERA EDICIÓN,Misiones,NEA,Posadas,https://www.primeraedicion.com.ar,Quién financiará la naturaleza: el gran dilema económico del siglo XXI
2026-06-21,2026-W25,provincial,PRIMERA EDICIÓN,Misiones,NEA,Posadas,https://www.primeraedicion.com.ar,"Pollo General Tso: el bocado crujiente, picante y adictivo que podés hacer en casa"
2026-06-21,2026-W25,provincial,PRIMERA EDICIÓN,Misiones,NEA,Posadas,https://www.primeraedicion.com.ar,"Feijoada con todo, para cocinar sin apuro y disfrutar con amigos"
2026-06-21,2026-W25,provincial,PRIMERA EDICIÓN,Misiones,NEA,Posadas,https://www.primeraedicion.com.ar,Patamuslo cuatro quesos: el plato bomba para combatir el frío
2026-06-21,2026-W25,provincial,PRIMERA EDICIÓN,Misiones,NEA,Posadas,https://www.primeraedicion.com.ar,"El guiso carrero que pide el frío: cuchara, olla y sobremesa larga"
2026-06-21,2026-W25,provincial,PRIMERA EDICIÓN,Misiones,NEA,Posadas,https://www.primeraedicion.com.ar,Empanadas salteñas: el secreto está en el relleno (y en el jugo que no perdona)
2026-06-21,2026-W25,provincial,PRIMERA EDICIÓN,Misiones,NEA,Posadas,https://www.primeraedicion.com.ar,"Chocó, escapó y fue demorado con 2,53 de alcohol en sangre"
2026-06-21,2026-W25,provincial,PRIMERA EDICIÓN,Misiones,NEA,Posadas,https://www.primeraedicion.com.ar,La solidaridad también fue protagonista en el Día de la Bandera
2026-06-21,2026-W25,provincial,PRIMERA EDICIÓN,Misiones,NEA,Posadas,https://www.primeraedicion.com.ar,Un empate que dejó ganas de más
2026-06-21,2026-W25,provincial,PRIMERA EDICIÓN,Misiones,NEA,Posadas,https://www.primeraedicion.com.ar,Otra dura prueba para CAPRI en el Regional
2026-06-21,2026-W25,provincial,PRIMERA EDICIÓN,Misiones,NEA,Posadas,https://www.primeraedicion.com.ar,Telecentro y Rivadavia abren la final provincial CAFS en Posadas
2026-06-21,2026-W25,provincial,PRIMERA EDICIÓN,Misiones,NEA,Posadas,https://www.primeraedicion.com.ar,Mitre recibe a Juventud Antoniana con el objetivo de seguir firme en la cima
2026-06-21,2026-W25,provincial,PRIMERA EDICIÓN,Misiones,NEA,Posadas,https://www.primeraedicion.com.ar,El caso Adorni complica cada vez más al Gobierno y amenaza con copar la agenda del Congreso
2026-06-21,2026-W25,provincial,PRIMERA EDICIÓN,Misiones,NEA,Posadas,https://www.primeraedicion.com.ar,Investigan la muerte de una mujer hallada con graves lesiones en una vivienda de Posadas
2026-06-21,2026-W25,provincial,PRIMERA EDICIÓN,Misiones,NEA,Posadas,https://www.primeraedicion.com.ar,Posadas: buscan a un motociclista que atropelló a un adolescente y escapó
2026-06-21,2026-W25,provincial,PRIMERA EDICIÓN,Misiones,NEA,Posadas,https://www.primeraedicion.com.ar,Rescataron a un potrillo que cayó en un pozo con agua en Posadas
2026-06-21,2026-W25,provincial,PRIMERA EDICIÓN,Misiones,NEA,Posadas,https://www.primeraedicion.com.ar,Trump amenazó a Irán con un “duro” ataque si no frena a sus aliados en Líbano
2026-06-21,2026-W25,provincial,PRIMERA EDICIÓN,Misiones,NEA,Posadas,https://www.primeraedicion.com.ar,Constanza volvió y se colgó otro oro
2026-06-21,2026-W25,provincial,PRIMERA EDICIÓN,Misiones,NEA,Posadas,https://www.primeraedicion.com.ar,"Tres siniestros viales dejaron lesionados en Dos de Mayo, Jardín América y Apóstoles"
2026-06-21,2026-W25,provincial,PRIMERA EDICIÓN,Misiones,NEA,Posadas,https://www.primeraedicion.com.ar,"La construcción busca salir del pozo, pero los costos siguen marcando el ritmo"
2026-06-21,2026-W25,provincial,PRIMERA EDICIÓN,Misiones,NEA,Posadas,https://www.primeraedicion.com.ar,Comenzó el invierno en Argentina: qué es el solsticio y hasta cuándo se extenderá
2026-06-21,2026-W25,provincial,PRIMERA EDICIÓN,Misiones,NEA,Posadas,https://www.primeraedicion.com.ar,La flagrante contradicción entre la invocación y la escena
2026-06-21,2026-W25,provincial,PRIMERA EDICIÓN,Misiones,NEA,Posadas,https://www.primeraedicion.com.ar,La vulnerabilidad de los hogares alcanzó uno de sus niveles más altos desde la gestión de Milei
2026-06-21,2026-W25,provincial,PRIMERA EDICIÓN,Misiones,NEA,Posadas,https://www.primeraedicion.com.ar,Frío extremo en Misiones: pronostican mínimas de hasta -2°C
2026-06-21,2026-W25,provincial,PRIMERA EDICIÓN,Misiones,NEA,Posadas,https://www.primeraedicion.com.ar,Por qué se celebra hoy el Día Internacional del Yoga
2026-06-21,2026-W25,provincial,PRIMERA EDICIÓN,Misiones,NEA,Posadas,https://www.primeraedicion.com.ar,A 48 años del polémico 6-0 sobre Perú
2026-06-21,2026-W25,provincial,PRIMERA EDICIÓN,Misiones,NEA,Posadas,https://www.primeraedicion.com.ar,"ELA: una enfermedad degenerativa, sin cura pero con tratamientos prometedores"
2026-06-21,2026-W25,provincial,PRIMERA EDICIÓN,Misiones,NEA,Posadas,https://www.primeraedicion.com.ar,El “viejo” LP cumple 78 años
2026-06-21,2026-W25,provincial,PRIMERA EDICIÓN,Misiones,NEA,Posadas,https://www.primeraedicion.com.ar,"Hoy es San Luis Gonzaga, Patrono de Capioví"
2026-06-21,2026-W25,provincial,PRIMERA EDICIÓN,Misiones,NEA,Posadas,https://www.primeraedicion.com.ar,Se cumplen 33 años de la muerte de María Morínigo
2026-06-21,2026-W25,provincial,ADN SUR,Chubut,Patagonia,Comodoro Rivadavia,https://www.adnsur.com.ar,Farmacias de turno
2026-06-21,2026-W25,provincial,ADN SUR,Chubut,Patagonia,Comodoro Rivadavia,https://www.adnsur.com.ar,Robo comando en la ruta 3: detuvieron a tres sospechosos y recuperaron más de $43 millones
2026-06-21,2026-W25,provincial,ADN SUR,Chubut,Patagonia,Comodoro Rivadavia,https://www.adnsur.com.ar,El escondite menos pensado: lo encontraron debajo de una mesa cuando intentaba robar una vivienda
2026-06-21,2026-W25,provincial,ADN SUR,Chubut,Patagonia,Comodoro Rivadavia,https://www.adnsur.com.ar,¡Llegó el invierno! Domingo con chaparrones y fuerte viento en Comodoro y Rada Tilly
2026-06-21,2026-W25,provincial,ADN SUR,Chubut,Patagonia,Comodoro Rivadavia,https://www.adnsur.com.ar,Comenzó el invierno: qué es el solsticio y por qué la noche es la más larga del año
2026-06-21,2026-W25,provincial,ADN SUR,Chubut,Patagonia,Comodoro Rivadavia,https://www.adnsur.com.ar,"Jésica Cirio, tras la publicación de videos en los que muestra bolsas de dólares: “Hubo manipulaciones digitales”"
2026-06-21,2026-W25,provincial,ADN SUR,Chubut,Patagonia,Comodoro Rivadavia,https://www.adnsur.com.ar,Nieve en las rutas de Chubut: Vialidad Nacional desplegó camiones barrenieve y reforzó el operativo invernal
2026-06-21,2026-W25,provincial,ADN SUR,Chubut,Patagonia,Comodoro Rivadavia,https://www.adnsur.com.ar,Emboscaron a un camión a tiros a kilómetros de Comodoro y se llevaron una millonaria suma de dinero
2026-06-21,2026-W25,provincial,ADN SUR,Chubut,Patagonia,Comodoro Rivadavia,https://www.adnsur.com.ar,Descubrió que su marido llevaba una doble vida desde hacía una década y que sería padre de otros dos hijos
2026-06-21,2026-W25,provincial,ADN SUR,Chubut,Patagonia,Comodoro Rivadavia,https://www.adnsur.com.ar,"El título que unió a Comodoro: Gimnasia, un campeón que representa mucho más que un resultado"
2026-06-21,2026-W25,provincial,ADN SUR,Chubut,Patagonia,Comodoro Rivadavia,https://www.adnsur.com.ar,"Le descubrieron un tumor de casualidad y, a los 45, la vida le dio otra oportunidad: ser papá por segunda vez"
2026-06-21,2026-W25,provincial,ADN SUR,Chubut,Patagonia,Comodoro Rivadavia,https://www.adnsur.com.ar,"Atado, golpeado y quemado durante cinco horas: así fue el brutal asesinato de un ex policía en Chubut"
2026-06-21,2026-W25,provincial,ADN SUR,Chubut,Patagonia,Comodoro Rivadavia,https://www.adnsur.com.ar,El huracán Vaca Muerta hunde los precios en Comodoro mientras Rada Tilly resiste entre las ciudades más caras del país
2026-06-21,2026-W25,provincial,ADN SUR,Chubut,Patagonia,Comodoro Rivadavia,https://www.adnsur.com.ar,"“No soy su papá, pero lo amo como un hijo”: la familia ensamblada que redefinió la paternidad"
2026-06-21,2026-W25,provincial,ADN SUR,Chubut,Patagonia,Comodoro Rivadavia,https://www.adnsur.com.ar,La chacra de Lago Puelo que se convirtió en un hotel boutique en homenaje a su papá
2026-06-21,2026-W25,provincial,ADN SUR,Chubut,Patagonia,Comodoro Rivadavia,https://www.adnsur.com.ar,"""Puede ser peor que en los 90, pero todavía estamos a tiempo"": la advertencia de Fundar sobre el futuro de Comodoro y la cuenca San Jorge"
2026-06-21,2026-W25,provincial,ADN SUR,Chubut,Patagonia,Comodoro Rivadavia,https://www.adnsur.com.ar,Entre la distancia y el cálculo: la estrategia de los patagónicos aliados frente a la crisis de Manuel Adorni
2026-06-21,2026-W25,provincial,ADN SUR,Chubut,Patagonia,Comodoro Rivadavia,https://www.adnsur.com.ar,"Un papá, un skate y una promesa: la historia de Theo que emocionó y se volvió documental"
2026-06-21,2026-W25,provincial,ADN SUR,Chubut,Patagonia,Comodoro Rivadavia,https://www.adnsur.com.ar,"Adopción monoparental en Chubut: la historia de Servinio González, el hombre que fue papá a los 40"
2026-06-21,2026-W25,provincial,ADN SUR,Chubut,Patagonia,Comodoro Rivadavia,https://www.adnsur.com.ar,El último vagón para Río Turbio y la motosierra de los costos petroleros
2026-06-21,2026-W25,provincial,ADN SUR,Chubut,Patagonia,Comodoro Rivadavia,https://www.adnsur.com.ar,Gimnasia hizo historia: venció a Quimsa y se consagró campeón de la Liga Nacional por segunda vez
2026-06-21,2026-W25,provincial,ADN SUR,Chubut,Patagonia,Comodoro Rivadavia,https://www.adnsur.com.ar,“Gimnasia es Comodoro”: Diego Romero celebró el título y destacó el sentido de pertenencia que une al club con la ciudad
2026-06-21,2026-W25,provincial,ADN SUR,Chubut,Patagonia,Comodoro Rivadavia,https://www.adnsur.com.ar,Gimnasia campeón y una propuesta inolvidable: Juan Ercoreca le pidió casamiento a su pareja en pleno festejo
2026-06-21,2026-W25,provincial,ADN SUR,Chubut,Patagonia,Comodoro Rivadavia,https://www.adnsur.com.ar,Mauro Cosolito celebró el título de Gimnasia: “Esta gente se lo merece”
2026-06-21,2026-W25,provincial,ADN SUR,Chubut,Patagonia,Comodoro Rivadavia,https://www.adnsur.com.ar,Moldú y Cocha festejaron con todo el título de Gimnasia: “La ciudad se unió detrás de este campeonato”
2026-06-21,2026-W25,provincial,ADN SUR,Chubut,Patagonia,Comodoro Rivadavia,https://www.adnsur.com.ar,La emoción de una nene tras el triunfo y campeonato de Gimnasia: “Esto es para mi abuelo que falleció”
2026-06-21,2026-W25,provincial,ADN SUR,Chubut,Patagonia,Comodoro Rivadavia,https://www.adnsur.com.ar,Desde Río Pico se suma otro intendente a la demanda de reelección indefinida
2026-06-21,2026-W25,provincial,ADN SUR,Chubut,Patagonia,Comodoro Rivadavia,https://www.adnsur.com.ar,Lanzan el primer plan de viviendas para la Policía del Chubut y una escuela de cadetes
2026-06-21,2026-W25,provincial,ADN SUR,Chubut,Patagonia,Comodoro Rivadavia,https://www.adnsur.com.ar,"En Chubut cerraron 370 empresas en el último año y en Santa Cruz, 258"
2026-06-21,2026-W25,provincial,ADN SUR,Chubut,Patagonia,Comodoro Rivadavia,https://www.adnsur.com.ar,Asaltaron a un joven con una picana eléctrica en Chubut y la policía identificó a dos sospechosos
2026-06-21,2026-W25,provincial,ADN SUR,Chubut,Patagonia,Comodoro Rivadavia,https://www.adnsur.com.ar,Estaba prófugo desde febrero y lo encontraron en un bar de Comodoro
2026-06-21,2026-W25,provincial,ADN SUR,Chubut,Patagonia,Comodoro Rivadavia,https://www.adnsur.com.ar,Una persona resultó herida en Kilómetro 5 tras un fuerte accidente entre dos vehículos
2026-06-21,2026-W25,provincial,ADN SUR,Chubut,Patagonia,Comodoro Rivadavia,https://www.adnsur.com.ar,Comodoro: atraparon a un sospechoso dentro de una obra tras una alerta del Centro de Monitoreo
2026-06-21,2026-W25,provincial,ADN SUR,Chubut,Patagonia,Comodoro Rivadavia,https://www.adnsur.com.ar,13:12 Desde Río Pico se suma otro intendente a la demanda de reelección indefinida
2026-06-21,2026-W25,provincial,ADN SUR,Chubut,Patagonia,Comodoro Rivadavia,https://www.adnsur.com.ar,11:49 Robo comando en la ruta 3: detuvieron a tres sospechosos y recuperaron más de $43 millones
2026-06-21,2026-W25,provincial,ADN SUR,Chubut,Patagonia,Comodoro Rivadavia,https://www.adnsur.com.ar,11:30 Canelones al gratin de Doña Petrona: un clásico que nunca falla
2026-06-21,2026-W25,provincial,ADN SUR,Chubut,Patagonia,Comodoro Rivadavia,https://www.adnsur.com.ar,11:22 Nieve en las rutas de Chubut: Vialidad Nacional desplegó camiones barrenieve y reforzó el operativo invernal
2026-06-21,2026-W25,provincial,ADN SUR,Chubut,Patagonia,Comodoro Rivadavia,https://www.adnsur.com.ar,10:19 El escondite menos pensado: lo encontraron debajo de una mesa cuando intentaba robar una vivienda
2026-06-21,2026-W25,provincial,ADN SUR,Chubut,Patagonia,Comodoro Rivadavia,https://www.adnsur.com.ar,Los empleados municipales podrán irse antes para ver el partido de la Selección contra Austria
2026-06-21,2026-W25,provincial,ADN SUR,Chubut,Patagonia,Comodoro Rivadavia,https://www.adnsur.com.ar,Solucionaron un histórico problema de anegamiento en Los Tilos tras los reclamos de los vecinos
2026-06-21,2026-W25,provincial,ADN SUR,Chubut,Patagonia,Comodoro Rivadavia,https://www.adnsur.com.ar,Difundieron videos de Jésica Cirio rodeada de dólares y se suman a la causa contra Martín Insaurralde
2026-06-21,2026-W25,provincial,ADN SUR,Chubut,Patagonia,Comodoro Rivadavia,https://www.adnsur.com.ar,Suspendieron el partido entre Ferro y Camioneros Patagónicos por incidentes y falta de garantías
2026-06-21,2026-W25,provincial,ADN SUR,Chubut,Patagonia,Comodoro Rivadavia,https://www.adnsur.com.ar,Murió una nena de 2 años en un choque fatal y su madre se encuentra en estado grave
2026-06-21,2026-W25,provincial,ADN SUR,Chubut,Patagonia,Comodoro Rivadavia,https://www.adnsur.com.ar,Tristeza en el periodismo: falleció Roberto García a los 81 años
2026-06-21,2026-W25,provincial,ADN SUR,Chubut,Patagonia,Comodoro Rivadavia,https://www.adnsur.com.ar,La nena de dos años que murió en un accidente era hija de un músico de la banda de Rodrigo Tapari
2026-06-21,2026-W25,provincial,ADN SUR,Chubut,Patagonia,Comodoro Rivadavia,https://www.adnsur.com.ar,"Intentó llevarse una moto, fue linchado por vecinos y terminó llorando mientras esperaba a la policía"
2026-06-21,2026-W25,provincial,ADN SUR,Chubut,Patagonia,Comodoro Rivadavia,https://www.adnsur.com.ar,"Apoyos, rechazos y 30 años en juego: así está el debate de la ley de GNL en Neuquén"
2026-06-21,2026-W25,provincial,ADN SUR,Chubut,Patagonia,Comodoro Rivadavia,https://www.adnsur.com.ar,El sindicato petrolero respaldó el proyecto de GNL: “Es ahora o nunca”
2026-06-21,2026-W25,provincial,ADN SUR,Chubut,Patagonia,Comodoro Rivadavia,https://www.adnsur.com.ar,FECENE también respaldó el proyecto de GNL para exportar el gas de Vaca Muerta
2026-06-21,2026-W25,provincial,ADN SUR,Chubut,Patagonia,Comodoro Rivadavia,https://www.adnsur.com.ar,YPF Black en la Patagonia: la estación más grande del país se instalará en la intersección de la Ruta 67 y la Autovía Norte
2026-06-21,2026-W25,provincial,CRÓNICA,Chubut,Patagonia,Comodoro Rivadavia,https://www.diariocronica.com.ar,Las empresas argentinas priorizan la deuda en dólares sobre el peso
2026-06-21,2026-W25,provincial,CRÓNICA,Chubut,Patagonia,Comodoro Rivadavia,https://www.diariocronica.com.ar,Domingo 21 de junio de 2026
2026-06-21,2026-W25,provincial,CRÓNICA,Chubut,Patagonia,Comodoro Rivadavia,https://www.diariocronica.com.ar,Jésica Cirio asegura que los videos difundidos fueron manipulados y denunció extorsión
2026-06-21,2026-W25,provincial,CRÓNICA,Chubut,Patagonia,Comodoro Rivadavia,https://www.diariocronica.com.ar,Operativo policial con drones y canes desbarata banda armada y recupera 43 millones de pesos
2026-06-21,2026-W25,provincial,CRÓNICA,Chubut,Patagonia,Comodoro Rivadavia,https://www.diariocronica.com.ar,Panorama político: los números de la realidad
2026-06-21,2026-W25,provincial,CRÓNICA,Chubut,Patagonia,Comodoro Rivadavia,https://www.diariocronica.com.ar,Insólito: quiso robar en una casa y se escondió debajo de la mesa
2026-06-21,2026-W25,provincial,CRÓNICA,Chubut,Patagonia,Comodoro Rivadavia,https://www.diariocronica.com.ar,Gimnasia es campeón y Comodoro una fiesta
2026-06-21,2026-W25,provincial,CRÓNICA,Chubut,Patagonia,Comodoro Rivadavia,https://www.diariocronica.com.ar,Comienza el invierno: el día con menos horas de luz en Comodoro
2026-06-21,2026-W25,provincial,CRÓNICA,Chubut,Patagonia,Comodoro Rivadavia,https://www.diariocronica.com.ar,"Derrumbe del consumo: las ventas bajaron 7,6% en Chubut"
2026-06-21,2026-W25,provincial,CRÓNICA,Chubut,Patagonia,Comodoro Rivadavia,https://www.diariocronica.com.ar,Comodoro conmemoró el Día de la Bandera
2026-06-21,2026-W25,provincial,CRÓNICA,Chubut,Patagonia,Comodoro Rivadavia,https://www.diariocronica.com.ar,Violento asalto armado en la Ruta Nacional N° 3
2026-06-21,2026-W25,provincial,CRÓNICA,Chubut,Patagonia,Comodoro Rivadavia,https://www.diariocronica.com.ar,Un montón de problemas en Senegal
2026-06-21,2026-W25,provincial,CRÓNICA,Chubut,Patagonia,Comodoro Rivadavia,https://www.diariocronica.com.ar,España y Uruguay quieren ganar por primera vez
2026-06-21,2026-W25,provincial,CRÓNICA,Chubut,Patagonia,Comodoro Rivadavia,https://www.diariocronica.com.ar,Países Bajos goleó a Suecia
2026-06-21,2026-W25,provincial,CRÓNICA,Chubut,Patagonia,Comodoro Rivadavia,https://www.diariocronica.com.ar,Neymar podría debutar ante Escocia
2026-06-21,2026-W25,provincial,CRÓNICA,Chubut,Patagonia,Comodoro Rivadavia,https://www.diariocronica.com.ar,﻿Aspirantes a agentes de la Policía del Chubut juraron lealtad a la bandera argentina en Comodoro
2026-06-21,2026-W25,provincial,CRÓNICA,Chubut,Patagonia,Comodoro Rivadavia,https://www.diariocronica.com.ar,Detuvieron a un hombre por golpear a su pareja: la víctima pedía ayuda cuando llegó la Policía
2026-06-21,2026-W25,provincial,CRÓNICA,Chubut,Patagonia,Comodoro Rivadavia,https://www.diariocronica.com.ar,“Mi hijo es mi pichón”: el emotivo mensaje de la madre de Gaspi durante el homenaje en el Obelisco
2026-06-21,2026-W25,provincial,CRÓNICA,Chubut,Patagonia,Comodoro Rivadavia,https://www.diariocronica.com.ar,Dos vehículos colisionaron en Kilómetro 5 y dos personas fueron derivadas al hospital
2026-06-21,2026-W25,provincial,CRÓNICA,Chubut,Patagonia,Comodoro Rivadavia,https://www.diariocronica.com.ar,Villarruel apuntó contra Adorni en Rosario: “No hay nadie más peleado con los valores de Belgrano”
2026-06-21,2026-W25,provincial,CRÓNICA,Chubut,Patagonia,Comodoro Rivadavia,https://www.diariocronica.com.ar,Caso Ángel: los padres exigen fecha de juicio y denuncian maniobras para dilatar la causa
2026-06-21,2026-W25,provincial,CRÓNICA,Chubut,Patagonia,Comodoro Rivadavia,https://www.diariocronica.com.ar,"Robó productos de una farmacia, lo identificaron por las cámaras y recuperaron lo sustraído"
2026-06-21,2026-W25,provincial,CRÓNICA,Chubut,Patagonia,Comodoro Rivadavia,https://www.diariocronica.com.ar,Frustraron el robo de un auto en Bariloche: hay dos detenidos y un prófugo
2026-06-21,2026-W25,provincial,CRÓNICA,Chubut,Patagonia,Comodoro Rivadavia,https://www.diariocronica.com.ar,Los clubes de Costa Austral recibieron equipamiento y respaldo económico
2026-06-21,2026-W25,provincial,CRÓNICA,Chubut,Patagonia,Comodoro Rivadavia,https://www.diariocronica.com.ar,“Nacho” Montenegro en cuenta regresiva para las 24 Horas de Spa-Francorchamps
2026-06-21,2026-W25,provincial,CRÓNICA,Chubut,Patagonia,Comodoro Rivadavia,https://www.diariocronica.com.ar,Pilotos comodorenses inician el Argentino en Río Cuarto
2026-06-21,2026-W25,provincial,CRÓNICA,Chubut,Patagonia,Comodoro Rivadavia,https://www.diariocronica.com.ar,Un candidato que se apoya en la ley del esfuerzo
2026-06-21,2026-W25,provincial,CRÓNICA,Chubut,Patagonia,Comodoro Rivadavia,https://www.diariocronica.com.ar,Alemania se lo dio vuelta a Costa de Marfil
2026-06-21,2026-W25,provincial,CRÓNICA,Chubut,Patagonia,Comodoro Rivadavia,https://www.diariocronica.com.ar,Argentina mantiene algunas dudas para enfrentar a Austria
2026-06-21,2026-W25,provincial,CRÓNICA,Chubut,Patagonia,Comodoro Rivadavia,https://www.diariocronica.com.ar,El brasileño Casemiro será compañero de Messi
2026-06-21,2026-W25,provincial,CRÓNICA,Chubut,Patagonia,Comodoro Rivadavia,https://www.diariocronica.com.ar,Vecinos de Km 3 realizaron un nuevo izamiento patrio en el Mástil de Los Españoles
2026-06-21,2026-W25,provincial,CRÓNICA,Chubut,Patagonia,Comodoro Rivadavia,https://www.diariocronica.com.ar,Intentó robar una moto y lo lincharon: terminó internado
2026-06-21,2026-W25,provincial,CRÓNICA,Chubut,Patagonia,Comodoro Rivadavia,https://www.diariocronica.com.ar,"Manejaba alcoholizada, quiso escapar de un control y no tenía licencia ni seguro"
2026-06-21,2026-W25,provincial,CRÓNICA,Chubut,Patagonia,Comodoro Rivadavia,https://www.diariocronica.com.ar,"Ferro-Camioneros, escándalo y suspensión"
2026-06-21,2026-W25,provincial,CRÓNICA,Chubut,Patagonia,Comodoro Rivadavia,https://www.diariocronica.com.ar,"Milei habló en el acto del Día de la Bandera: ""Belgrano fue el primer intelectual liberal económico argentino"""
2026-06-21,2026-W25,provincial,CRÓNICA,Chubut,Patagonia,Comodoro Rivadavia,https://www.diariocronica.com.ar,La protesta salarial llegó a las comisarías: policías se acuartelan en Puerto Deseado
2026-06-21,2026-W25,provincial,CRÓNICA,Chubut,Patagonia,Comodoro Rivadavia,https://www.diariocronica.com.ar,"Murió Roberto García, histórico periodista y referente del análisis político y económico argentino"
2026-06-21,2026-W25,provincial,CRÓNICA,Chubut,Patagonia,Comodoro Rivadavia,https://www.diariocronica.com.ar,20 de junio: la historia detrás del Día de la Bandera y el legado de Manuel Belgrano
2026-06-21,2026-W25,provincial,CRÓNICA,Chubut,Patagonia,Comodoro Rivadavia,https://www.diariocronica.com.ar,Investigan el robo de una notebook a una docente en la Escuela Provincial N° 1
2026-06-21,2026-W25,provincial,CRÓNICA,Chubut,Patagonia,Comodoro Rivadavia,https://www.diariocronica.com.ar,"Fin de semana con frío, viento y posibles lluvias en Comodoro y Rada Tilly"
2026-06-21,2026-W25,provincial,CRÓNICA,Chubut,Patagonia,Comodoro Rivadavia,https://www.diariocronica.com.ar,"Fue a un boliche, lo identificaron y descubrieron que tenía pedido de captura"
2026-06-21,2026-W25,provincial,CRÓNICA,Chubut,Patagonia,Comodoro Rivadavia,https://www.diariocronica.com.ar,"Dolor en el futsal: falleció Pablo Cárcamo, actual DT de la Selección local y de Camioneros"
2026-06-21,2026-W25,provincial,CRÓNICA,Chubut,Patagonia,Comodoro Rivadavia,https://www.diariocronica.com.ar,Transmitirán en vivo el segundo partido de Argentina en el comedor de la UNPSJB
2026-06-21,2026-W25,provincial,CRÓNICA,Chubut,Patagonia,Comodoro Rivadavia,https://www.diariocronica.com.ar,Irán volvió a cerrar el estrecho de Ormuz y amenaza con nuevas medidas tras los ataques israelíes en Líbano
2026-06-21,2026-W25,provincial,CRÓNICA,Chubut,Patagonia,Comodoro Rivadavia,https://www.diariocronica.com.ar,Paso Internacional Cardenal Samoré: obligan a portar cadenas y restringen el tránsito a camiones
2026-06-21,2026-W25,provincial,CRÓNICA,Chubut,Patagonia,Comodoro Rivadavia,https://www.diariocronica.com.ar,Un devastador incendio arrasó un hotel de lujo en República Dominicana: murió una turista y evacuaron a casi 1.700 personas
2026-06-21,2026-W25,provincial,CRÓNICA,Chubut,Patagonia,Comodoro Rivadavia,https://www.diariocronica.com.ar,El CEC alerta que continúan los despidos y el cierre de comercios en Comodoro
2026-06-21,2026-W25,provincial,CRÓNICA,Chubut,Patagonia,Comodoro Rivadavia,https://www.diariocronica.com.ar,Trepó un cerco de más de dos metros de altura para robar en una obra en construcción y lo atraparon
2026-06-21,2026-W25,provincial,CRÓNICA,Chubut,Patagonia,Comodoro Rivadavia,https://www.diariocronica.com.ar,Bombardeos israelíes en el sur del Líbano dejaron al menos cinco muertos pese a la nueva tregua
2026-06-21,2026-W25,provincial,CRÓNICA,Chubut,Patagonia,Comodoro Rivadavia,https://www.diariocronica.com.ar,Las escuelas de Chubut iniciaron los actos de Promesa de Lealtad a las Banderas Nacional y Provincial
2026-06-21,2026-W25,provincial,EL PATAGÓNICO,Chubut,Patagonia,Comodoro Rivadavia,https://www.elpatagonico.com,Todas las secciones
2026-06-21,2026-W25,provincial,EL PATAGÓNICO,Chubut,Patagonia,Comodoro Rivadavia,https://www.elpatagonico.com,De que se habla
2026-06-21,2026-W25,provincial,EL PATAGÓNICO,Chubut,Patagonia,Comodoro Rivadavia,https://www.elpatagonico.com,Se conocieron detalles del asalto al camionero en Camarones
2026-06-21,2026-W25,provincial,EL PATAGÓNICO,Chubut,Patagonia,Comodoro Rivadavia,https://www.elpatagonico.com,Los videos de Jesica Cirio se suman a la causa de enriquecimiento ilícito
2026-06-21,2026-W25,provincial,EL PATAGÓNICO,Chubut,Patagonia,Comodoro Rivadavia,https://www.elpatagonico.com,Robaron pertenencias de una docente dentro de la Escuela 1
2026-06-21,2026-W25,provincial,EL PATAGÓNICO,Chubut,Patagonia,Comodoro Rivadavia,https://www.elpatagonico.com,Cañadón Seco honró a Belgrano en una fecha de orgullo nacional
2026-06-21,2026-W25,provincial,EL PATAGÓNICO,Chubut,Patagonia,Comodoro Rivadavia,https://www.elpatagonico.com,MyL Futsal y La Reserva definen el título del Argentino C-20 Sur
2026-06-21,2026-W25,provincial,EL PATAGÓNICO,Chubut,Patagonia,Comodoro Rivadavia,https://www.elpatagonico.com,Las Más Leídas de El Patagónico
2026-06-21,2026-W25,provincial,EL PATAGÓNICO,Chubut,Patagonia,Comodoro Rivadavia,https://www.elpatagonico.com,La belleza escrita entre rejas: cómo Mariano Avilez convirtió el encierro en poesía
2026-06-21,2026-W25,provincial,EL PATAGÓNICO,Chubut,Patagonia,Comodoro Rivadavia,https://www.elpatagonico.com,Noticias Insólitas
2026-06-21,2026-W25,provincial,EL PATAGÓNICO,Chubut,Patagonia,Comodoro Rivadavia,https://www.elpatagonico.com,"Sebastián Carrasco: ""somos un equipo que quedó en la historia"""
2026-06-21,2026-W25,provincial,EL PATAGÓNICO,Chubut,Patagonia,Comodoro Rivadavia,https://www.elpatagonico.com,Anyelo Cisneros fue el goleador del campeón
2026-06-21,2026-W25,provincial,EL PATAGÓNICO,Chubut,Patagonia,Comodoro Rivadavia,https://www.elpatagonico.com,"Martiniano Dato: ""estoy cumpliendo un sueño"""
2026-06-21,2026-W25,provincial,EL PATAGÓNICO,Chubut,Patagonia,Comodoro Rivadavia,https://www.elpatagonico.com,El largo camino de la consagración
2026-06-21,2026-W25,provincial,EL PATAGÓNICO,Chubut,Patagonia,Comodoro Rivadavia,https://www.elpatagonico.com,"Fede Grun: ""sabíamos que en casa no se nos podía escapar"""
2026-06-21,2026-W25,provincial,EL PATAGÓNICO,Chubut,Patagonia,Comodoro Rivadavia,https://www.elpatagonico.com,"""Todos tiramos para el mismo lado y nunca nos rendimos"""
2026-06-21,2026-W25,provincial,EL PATAGÓNICO,Chubut,Patagonia,Comodoro Rivadavia,https://www.elpatagonico.com,"""Los jugadores tienen el corazón más grande de la competencia"""
2026-06-21,2026-W25,provincial,EL PATAGÓNICO,Chubut,Patagonia,Comodoro Rivadavia,https://www.elpatagonico.com,"Emiliano Toretta: ""la clave fue priorizar el equipo por sobre las individualidades"""
2026-06-21,2026-W25,provincial,EL PATAGÓNICO,Chubut,Patagonia,Comodoro Rivadavia,https://www.elpatagonico.com,Sebastián Carrasco es el MVP de las finales de La Liga Nacional 2025/26
2026-06-21,2026-W25,provincial,EL PATAGÓNICO,Chubut,Patagonia,Comodoro Rivadavia,https://www.elpatagonico.com,Gimnasia se consagró campeón por segunda vez en su historia
2026-06-21,2026-W25,provincial,EL PATAGÓNICO,Chubut,Patagonia,Comodoro Rivadavia,https://www.elpatagonico.com,"""El viento no envejece"": el relato que inmortalizó el título"
2026-06-21,2026-W25,provincial,EL PATAGÓNICO,Chubut,Patagonia,Comodoro Rivadavia,https://www.elpatagonico.com,Japón aplastó a Túnez y lo eliminó del Mundial
2026-06-21,2026-W25,provincial,EL PATAGÓNICO,Chubut,Patagonia,Comodoro Rivadavia,https://www.elpatagonico.com,Ecuador apenas pudo empatar con Curazao
2026-06-21,2026-W25,provincial,EL PATAGÓNICO,Chubut,Patagonia,Comodoro Rivadavia,https://www.elpatagonico.com,Alemania ganó en el descuento y se clasificó
2026-06-21,2026-W25,provincial,EL PATAGÓNICO,Chubut,Patagonia,Comodoro Rivadavia,https://www.elpatagonico.com,Países Bajos conquistó su primer triunfo y con paliza
2026-06-21,2026-W25,provincial,EL PATAGÓNICO,Chubut,Patagonia,Comodoro Rivadavia,https://www.elpatagonico.com,Millonarios de Wall Street financiaron la llegada de Pochettino a la selección de EEUU
2026-06-21,2026-W25,provincial,EL PATAGÓNICO,Chubut,Patagonia,Comodoro Rivadavia,https://www.elpatagonico.com,"Alfaro: ""Temo que el fútbol pierda su esencia"""
2026-06-21,2026-W25,provincial,EL PATAGÓNICO,Chubut,Patagonia,Comodoro Rivadavia,https://www.elpatagonico.com,Paraguay se recuperó y eliminó a Turquía
2026-06-21,2026-W25,provincial,EL PATAGÓNICO,Chubut,Patagonia,Comodoro Rivadavia,https://www.elpatagonico.com,Brasil derrotó a Haití 3-0 y lo despidió del Mundial
2026-06-21,2026-W25,provincial,EL PATAGÓNICO,Chubut,Patagonia,Comodoro Rivadavia,https://www.elpatagonico.com,Ardió un auto en el camino alternativo entre Saavedra y Manantial Rosales
2026-06-21,2026-W25,provincial,EL PATAGÓNICO,Chubut,Patagonia,Comodoro Rivadavia,https://www.elpatagonico.com,Violento asalto a un camionero cerca de Camarones: hay 3 detenidos
2026-06-21,2026-W25,provincial,EL PATAGÓNICO,Chubut,Patagonia,Comodoro Rivadavia,https://www.elpatagonico.com,Florencia Peña evalúa demandar a Nicolás Occhiato
2026-06-21,2026-W25,provincial,EL PATAGÓNICO,Chubut,Patagonia,Comodoro Rivadavia,https://www.elpatagonico.com,"Despidieron a Gaspi en el Obelisco entre lágrimas, aplausos y una multitud"
2026-06-21,2026-W25,provincial,EL PATAGÓNICO,Chubut,Patagonia,Comodoro Rivadavia,https://www.elpatagonico.com,Volcó auto con personal del Servicio Penitenciario
2026-06-21,2026-W25,provincial,EL PATAGÓNICO,Chubut,Patagonia,Comodoro Rivadavia,https://www.elpatagonico.com,Comodoro conmemoró el Día de la Bandera
2026-06-21,2026-W25,provincial,EL PATAGÓNICO,Chubut,Patagonia,Comodoro Rivadavia,https://www.elpatagonico.com,Domingo con chaparrones y ráfagas de 60 km/h
2026-06-21,2026-W25,provincial,EL PATAGÓNICO,Chubut,Patagonia,Comodoro Rivadavia,https://www.elpatagonico.com,"Conducía ebria, quiso evadir control y luego se puso violenta"
2026-06-21,2026-W25,provincial,EL PATAGÓNICO,Chubut,Patagonia,Comodoro Rivadavia,https://www.elpatagonico.com,Torres confirmó la construcción de la Escuela de Cadetes
2026-06-21,2026-W25,provincial,EL PATAGÓNICO,Chubut,Patagonia,Comodoro Rivadavia,https://www.elpatagonico.com,El Centro de Inclusión La Esquina festejó el 20 de Junio
2026-06-21,2026-W25,provincial,EL PATAGÓNICO,Chubut,Patagonia,Comodoro Rivadavia,https://www.elpatagonico.com,Camioneros preparó 2.500 porciones de locro patriótico
2026-06-21,2026-W25,provincial,EL PATAGÓNICO,Chubut,Patagonia,Comodoro Rivadavia,https://www.elpatagonico.com,Caleta renovó compromiso de lealtad con los valores patrios
2026-06-21,2026-W25,provincial,EL PATAGÓNICO,Chubut,Patagonia,Comodoro Rivadavia,https://www.elpatagonico.com,Le pegó a su pareja y atendió a la policía tratando de disimular
2026-06-21,2026-W25,provincial,EL PATAGÓNICO,Chubut,Patagonia,Comodoro Rivadavia,https://www.elpatagonico.com,"""No hay nadie más peleado con los valores de Belgrano que Adorni"""
2026-06-21,2026-W25,provincial,EL PATAGÓNICO,Chubut,Patagonia,Comodoro Rivadavia,https://www.elpatagonico.com,Empleados municipales saldrán antes el lunes para ver a la Selección
2026-06-21,2026-W25,provincial,EL PATAGÓNICO,Chubut,Patagonia,Comodoro Rivadavia,https://www.elpatagonico.com,"Murió Roberto García, referente del periodismo político y económico"
2026-06-21,2026-W25,provincial,EL PATAGÓNICO,Chubut,Patagonia,Comodoro Rivadavia,https://www.elpatagonico.com,"Estaba prófugo, se arriesgó yendo al boliche y perdió"
2026-06-21,2026-W25,provincial,EL PATAGÓNICO,Chubut,Patagonia,Comodoro Rivadavia,https://www.elpatagonico.com,Escaló un cerco de más de dos metros en Rawson y Alem para robar
2026-06-21,2026-W25,provincial,EL PATAGÓNICO,Chubut,Patagonia,Comodoro Rivadavia,https://www.elpatagonico.com,Intendente agredido en su despacho por un vecino indignado
2026-06-21,2026-W25,provincial,EL PATAGÓNICO,Chubut,Patagonia,Comodoro Rivadavia,https://www.elpatagonico.com,Floppy Tesouro denunció que usaron inteligencia artificial para adulterarle una foto
2026-06-21,2026-W25,provincial,EL PATAGÓNICO,Chubut,Patagonia,Comodoro Rivadavia,https://www.elpatagonico.com,"Flor Peña y Nico Occhiato: ""yo hubiese hecho otra cosa"""
2026-06-21,2026-W25,provincial,EL DIARIO DE LA PAMPA,La Pampa,Patagonia,Santa Rosa,https://www.eldiariodelapampa.com.ar,Radio El Diario
2026-06-21,2026-W25,provincial,EL DIARIO DE LA PAMPA,La Pampa,Patagonia,Santa Rosa,https://www.eldiariodelapampa.com.ar,Eleg├ş una secci├│n
2026-06-21,2026-W25,provincial,EL DIARIO DE LA PAMPA,La Pampa,Patagonia,Santa Rosa,https://www.eldiariodelapampa.com.ar,LA TAPA INTELIGENTE
2026-06-21,2026-W25,provincial,EL DIARIO DE LA PAMPA,La Pampa,Patagonia,Santa Rosa,https://www.eldiariodelapampa.com.ar,Japón goleó en un partido histórico
2026-06-21,2026-W25,provincial,EL DIARIO DE LA PAMPA,La Pampa,Patagonia,Santa Rosa,https://www.eldiariodelapampa.com.ar,Ferro y Alvear terminaron a mano
2026-06-21,2026-W25,provincial,EL DIARIO DE LA PAMPA,La Pampa,Patagonia,Santa Rosa,https://www.eldiariodelapampa.com.ar,Goleada de All Boys
2026-06-21,2026-W25,provincial,EL DIARIO DE LA PAMPA,La Pampa,Patagonia,Santa Rosa,https://www.eldiariodelapampa.com.ar,Ferro y All Boys cumplieron y siguen en carrera
2026-06-21,2026-W25,provincial,EL DIARIO DE LA PAMPA,La Pampa,Patagonia,Santa Rosa,https://www.eldiariodelapampa.com.ar,Serú Girán: desborde de emoción la primera noche del regreso
2026-06-21,2026-W25,provincial,EL DIARIO DE LA PAMPA,La Pampa,Patagonia,Santa Rosa,https://www.eldiariodelapampa.com.ar,Volvieron a internar a Chiche Gelblung a días de recibir el alta
2026-06-21,2026-W25,provincial,EL DIARIO DE LA PAMPA,La Pampa,Patagonia,Santa Rosa,https://www.eldiariodelapampa.com.ar,Disney on Ice regresa al país estas vacaciones de invierno
2026-06-21,2026-W25,provincial,EL DIARIO DE LA PAMPA,La Pampa,Patagonia,Santa Rosa,https://www.eldiariodelapampa.com.ar,Maná vuelve a la Argentina y presentará su show en River
2026-06-21,2026-W25,provincial,EL DIARIO DE LA PAMPA,La Pampa,Patagonia,Santa Rosa,https://www.eldiariodelapampa.com.ar,El turismo de nieve impulsa la temporada invernal
2026-06-21,2026-W25,provincial,EL DIARIO DE LA PAMPA,La Pampa,Patagonia,Santa Rosa,https://www.eldiariodelapampa.com.ar,Estados Unidos ofrecerá un servicio premium y exprés para visas de turismo
2026-06-21,2026-W25,provincial,EL DIARIO DE LA PAMPA,La Pampa,Patagonia,Santa Rosa,https://www.eldiariodelapampa.com.ar,"Sports tripping, la tendencia del viaje que gana fuerza"
2026-06-21,2026-W25,provincial,EL DIARIO DE LA PAMPA,La Pampa,Patagonia,Santa Rosa,https://www.eldiariodelapampa.com.ar,"""Furor por Argentina"": entusiasmo de cara a la temporada invernal argentina"
2026-06-21,2026-W25,provincial,EL DIARIO DE LA PAMPA,La Pampa,Patagonia,Santa Rosa,https://www.eldiariodelapampa.com.ar,Polémica por el loteo de Santa Rosa Rugby: otro pedido de postergar audiencia
2026-06-21,2026-W25,provincial,EL DIARIO DE LA PAMPA,La Pampa,Patagonia,Santa Rosa,https://www.eldiariodelapampa.com.ar,"El misterio del hornero: revelan por qué tienen la ""puerta"" a la derecha o a la izquierda"
2026-06-21,2026-W25,provincial,EL DIARIO DE LA PAMPA,La Pampa,Patagonia,Santa Rosa,https://www.eldiariodelapampa.com.ar,"Ley de Glaciares: Dillon desmontó los argumentos de Ravier, uno por uno"
2026-06-21,2026-W25,provincial,EL DIARIO DE LA PAMPA,La Pampa,Patagonia,Santa Rosa,https://www.eldiariodelapampa.com.ar,Ravier y Ardohain votaron a favor de cambios que pueden afectar al Colorado
2026-06-21,2026-W25,provincial,EL DIARIO DE LA PAMPA,La Pampa,Patagonia,Santa Rosa,https://www.eldiariodelapampa.com.ar,Desarrollan una nariz electrónica que detecta alimentos en mal estado
2026-06-21,2026-W25,provincial,EL DIARIO DE LA PAMPA,La Pampa,Patagonia,Santa Rosa,https://www.eldiariodelapampa.com.ar,Especialista del Conicet advirtió sobre los riesgos de las baterías de litio tras un caso fatal
2026-06-21,2026-W25,provincial,EL DIARIO DE LA PAMPA,La Pampa,Patagonia,Santa Rosa,https://www.eldiariodelapampa.com.ar,Artemis III: cuándo anunciará la NASA la nueva tripulación que busca acercarnos a la Luna
2026-06-21,2026-W25,provincial,EL DIARIO DE LA PAMPA,La Pampa,Patagonia,Santa Rosa,https://www.eldiariodelapampa.com.ar,"""Super Niño"": hay un 90% de probabilidad de un evento extremo en el segundo semestre"
2026-06-21,2026-W25,provincial,EL DIARIO DE LA PAMPA,La Pampa,Patagonia,Santa Rosa,https://www.eldiariodelapampa.com.ar,La Pampa: en la última década el embarazo adolescente cayó 77%
2026-06-21,2026-W25,provincial,EL DIARIO DE LA PAMPA,La Pampa,Patagonia,Santa Rosa,https://www.eldiariodelapampa.com.ar,España golea a Arabia Saudita con goles de Lamine Yamal y Oyarzabal
2026-06-21,2026-W25,provincial,EL DIARIO DE LA PAMPA,La Pampa,Patagonia,Santa Rosa,https://www.eldiariodelapampa.com.ar,Ravier debuta en la agenda de Milei tras su jura como vocero presidencial
2026-06-21,2026-W25,provincial,EL DIARIO DE LA PAMPA,La Pampa,Patagonia,Santa Rosa,https://www.eldiariodelapampa.com.ar,El hombre hallado sin vida en Pico estaba acusado de abuso
2026-06-21,2026-W25,provincial,EL DIARIO DE LA PAMPA,La Pampa,Patagonia,Santa Rosa,https://www.eldiariodelapampa.com.ar,La Pampa quedó entre las provincias menos afectadas por la caída del consumo
2026-06-21,2026-W25,provincial,EL DIARIO DE LA PAMPA,La Pampa,Patagonia,Santa Rosa,https://www.eldiariodelapampa.com.ar,Tres hombres resultaron heridos tras un violento vuelco en la Ruta Provincial 20
2026-06-21,2026-W25,provincial,EL DIARIO DE LA PAMPA,La Pampa,Patagonia,Santa Rosa,https://www.eldiariodelapampa.com.ar,"Día del Padre 2026: las ventas bajaron 0,3% anual"
2026-06-21,2026-W25,provincial,EL DIARIO DE LA PAMPA,La Pampa,Patagonia,Santa Rosa,https://www.eldiariodelapampa.com.ar,"Con una inversión de 450 millones, amplían el sistema pluvial en la Laguna Don Tomás"
2026-06-21,2026-W25,provincial,EL DIARIO DE LA PAMPA,La Pampa,Patagonia,Santa Rosa,https://www.eldiariodelapampa.com.ar,Dos menores en una moto robada intentaron escapar de la Policía y terminaron demorados
2026-06-21,2026-W25,provincial,EL DIARIO DE LA PAMPA,La Pampa,Patagonia,Santa Rosa,https://www.eldiariodelapampa.com.ar,Riglos no se presentaría a los cruces
2026-06-21,2026-W25,provincial,EL DIARIO DE LA PAMPA,La Pampa,Patagonia,Santa Rosa,https://www.eldiariodelapampa.com.ar,Mac Allister se quedó con el Apertura
2026-06-21,2026-W25,provincial,EL DIARIO DE LA PAMPA,La Pampa,Patagonia,Santa Rosa,https://www.eldiariodelapampa.com.ar,El fútbol PCD puso en marcha su Provincial con una gran fiesta en el Butaló
2026-06-21,2026-W25,provincial,EL DIARIO DE LA PAMPA,La Pampa,Patagonia,Santa Rosa,https://www.eldiariodelapampa.com.ar,El 100% de los niños pampeanos de 5 años asiste al jardín de infantes
2026-06-21,2026-W25,provincial,EL DIARIO DE LA PAMPA,La Pampa,Patagonia,Santa Rosa,https://www.eldiariodelapampa.com.ar,"Día del Padre con ""demanda cautelosa"": los regalos más elegidos"
2026-06-21,2026-W25,provincial,EL DIARIO DE LA PAMPA,La Pampa,Patagonia,Santa Rosa,https://www.eldiariodelapampa.com.ar,"Cirio, los dólares de Insaurralde y una causa paralizada"
2026-06-21,2026-W25,provincial,EL DIARIO DE LA PAMPA,La Pampa,Patagonia,Santa Rosa,https://www.eldiariodelapampa.com.ar,Seis años de prisión por violar una mujer con discapacidad intelectual
2026-06-21,2026-W25,provincial,EL DIARIO DE LA PAMPA,La Pampa,Patagonia,Santa Rosa,https://www.eldiariodelapampa.com.ar,Llegó el solsticio de invierno y comenzó la temporada más fría del año
2026-06-21,2026-W25,provincial,EL DIARIO DE LA PAMPA,La Pampa,Patagonia,Santa Rosa,https://www.eldiariodelapampa.com.ar,"La paradoja de las tarifas: la luz subió por encima de la inflación, pero el servicio empeoró"
2026-06-21,2026-W25,provincial,EL DIARIO DE LA PAMPA,La Pampa,Patagonia,Santa Rosa,https://www.eldiariodelapampa.com.ar,Colombia define su futuro político en un balotaje presidencial
2026-06-21,2026-W25,provincial,EL DIARIO DE LA PAMPA,La Pampa,Patagonia,Santa Rosa,https://www.eldiariodelapampa.com.ar,Seguridad rural: encuentro en General Acha entre funcionarios y productores
2026-06-21,2026-W25,provincial,EL DIARIO DE LA PAMPA,La Pampa,Patagonia,Santa Rosa,https://www.eldiariodelapampa.com.ar,Más Sola Que Carola llega a Eduardo Castex
2026-06-21,2026-W25,provincial,EL DIARIO DE LA PAMPA,La Pampa,Patagonia,Santa Rosa,https://www.eldiariodelapampa.com.ar,Un vuelco sin heridos en General Pico
2026-06-21,2026-W25,provincial,EL DIARIO DE LA PAMPA,La Pampa,Patagonia,Santa Rosa,https://www.eldiariodelapampa.com.ar,"""Belgrano velaba por el bien común y por la soberanía política y económica"""
2026-06-21,2026-W25,provincial,EL DIARIO DE LA PAMPA,La Pampa,Patagonia,Santa Rosa,https://www.eldiariodelapampa.com.ar,Inflación pegajosa: por qué el año cerraría con cifras similares a 2025
2026-06-21,2026-W25,provincial,EL DIARIO DE LA PAMPA,La Pampa,Patagonia,Santa Rosa,https://www.eldiariodelapampa.com.ar,La Provincia colabora con el EAAF en la búsqueda de tres desaparecidos pampeanos
2026-06-21,2026-W25,provincial,EL DIARIO DE LA PAMPA,La Pampa,Patagonia,Santa Rosa,https://www.eldiariodelapampa.com.ar,"Máximo Kirchner: ""Los que hablan de unidad ni siquiera son capaces de ir a verla"""
2026-06-21,2026-W25,provincial,EL DIARIO DE LA PAMPA,La Pampa,Patagonia,Santa Rosa,https://www.eldiariodelapampa.com.ar,Pullaro reclamó que los recursos nacionales vuelvan en infraestructura
2026-06-21,2026-W25,provincial,LA ARENA,La Pampa,Patagonia,Santa Rosa,https://www.laarena.com.ar,El embarazo adolescente cayó 77 % en La Pampa
2026-06-21,2026-W25,provincial,LA ARENA,La Pampa,Patagonia,Santa Rosa,https://www.laarena.com.ar,"Día del Padre: las ventas bajaron 0,3% anual"
2026-06-21,2026-W25,provincial,LA ARENA,La Pampa,Patagonia,Santa Rosa,https://www.laarena.com.ar,Oposición contra Adorni: “O lo echan o lo sacamos nosotros”
2026-06-21,2026-W25,provincial,LA ARENA,La Pampa,Patagonia,Santa Rosa,https://www.laarena.com.ar,Adorni gastó 8 mil dólares en un flipper
2026-06-21,2026-W25,provincial,LA ARENA,La Pampa,Patagonia,Santa Rosa,https://www.laarena.com.ar,Los Martínez tienen descuentos en una provincia turística
2026-06-21,2026-W25,provincial,LA ARENA,La Pampa,Patagonia,Santa Rosa,https://www.laarena.com.ar,De las batallas de freestyle a los escenarios
2026-06-21,2026-W25,provincial,LA ARENA,La Pampa,Patagonia,Santa Rosa,https://www.laarena.com.ar,Demoraron a un hombre acusado de incendiar casa
2026-06-21,2026-W25,provincial,LA ARENA,La Pampa,Patagonia,Santa Rosa,https://www.laarena.com.ar,"Con una emotiva ceremonia, despidieron a ""Taty"" Almeida en Plaza de Mayo"
2026-06-21,2026-W25,provincial,LA ARENA,La Pampa,Patagonia,Santa Rosa,https://www.laarena.com.ar,El 67% de los constructores sufrió una baja en su actividad
2026-06-21,2026-W25,provincial,LA ARENA,La Pampa,Patagonia,Santa Rosa,https://www.laarena.com.ar,Balotaje: Colombia elige entre Cepeda y De la Espriella
2026-06-21,2026-W25,provincial,LA ARENA,La Pampa,Patagonia,Santa Rosa,https://www.laarena.com.ar,All Boys cerró con una goleada
2026-06-21,2026-W25,provincial,LA ARENA,La Pampa,Patagonia,Santa Rosa,https://www.laarena.com.ar,Ravier asumiría oficialmente como vocero presidencial este lunes
2026-06-21,2026-W25,provincial,LA ARENA,La Pampa,Patagonia,Santa Rosa,https://www.laarena.com.ar,Los árboles mueren de pie
2026-06-21,2026-W25,provincial,LA ARENA,La Pampa,Patagonia,Santa Rosa,https://www.laarena.com.ar,El pronóstico del tiempo para hoy en Santa Rosa
2026-06-21,2026-W25,provincial,LA ARENA,La Pampa,Patagonia,Santa Rosa,https://www.laarena.com.ar,Vuelve Antígona de La Pampa
2026-06-21,2026-W25,provincial,LA ARENA,La Pampa,Patagonia,Santa Rosa,https://www.laarena.com.ar,Salario: se deterioró el poder de compra
2026-06-21,2026-W25,provincial,LA ARENA,La Pampa,Patagonia,Santa Rosa,https://www.laarena.com.ar,"De hilos, husos y tramas"
2026-06-21,2026-W25,provincial,LA ARENA,La Pampa,Patagonia,Santa Rosa,https://www.laarena.com.ar,El hombre que le pone color a la vida
2026-06-21,2026-W25,provincial,LA ARENA,La Pampa,Patagonia,Santa Rosa,https://www.laarena.com.ar,Lezcano advierte que el PJ entró en “zona de riesgo”
2026-06-21,2026-W25,provincial,LA ARENA,La Pampa,Patagonia,Santa Rosa,https://www.laarena.com.ar,Una de cada dos personas admitió haber sido víctima de una estafa virtual
2026-06-21,2026-W25,provincial,LA ARENA,La Pampa,Patagonia,Santa Rosa,https://www.laarena.com.ar,Estrenaron documental sobre una caravana que fue desde la Cordillera hasta la costa
2026-06-21,2026-W25,provincial,LA ARENA,La Pampa,Patagonia,Santa Rosa,https://www.laarena.com.ar,Una pareja de no videntes sufrió el robo de sus elementos para comunicarse con el entorno
2026-06-21,2026-W25,provincial,LA ARENA,La Pampa,Patagonia,Santa Rosa,https://www.laarena.com.ar,El “pago gaucho” que va camino a transformarse en polo tecnológico
2026-06-21,2026-W25,provincial,LA ARENA,La Pampa,Patagonia,Santa Rosa,https://www.laarena.com.ar,Detectaron tres brotes de triquinosis y 23 personas infectadas
2026-06-21,2026-W25,provincial,LA ARENA,La Pampa,Patagonia,Santa Rosa,https://www.laarena.com.ar,Tributo al solsticio de invierno: llega la 23 Fiesta del Sol
2026-06-21,2026-W25,provincial,LA ARENA,La Pampa,Patagonia,Santa Rosa,https://www.laarena.com.ar,Hallaron sin vida al hombre que era buscado en Pico
2026-06-21,2026-W25,provincial,LA ARENA,La Pampa,Patagonia,Santa Rosa,https://www.laarena.com.ar,Demoraron al autor de la agresión en la EPET
2026-06-21,2026-W25,provincial,LA ARENA,La Pampa,Patagonia,Santa Rosa,https://www.laarena.com.ar,Buscan a tres desaparecidos pampeanos en Córdoba
2026-06-21,2026-W25,provincial,LA ARENA,La Pampa,Patagonia,Santa Rosa,https://www.laarena.com.ar,La interna de la Plural llegó a Catriló y tensó una reunión del PJ: hay dos precandidatos
2026-06-21,2026-W25,provincial,LA ARENA,La Pampa,Patagonia,Santa Rosa,https://www.laarena.com.ar,Peaje en Lonquimay: “Va a ser un golpe económico muy duro”
2026-06-21,2026-W25,provincial,LA ARENA,La Pampa,Patagonia,Santa Rosa,https://www.laarena.com.ar,Hallan sin vida a hombre buscado
2026-06-21,2026-W25,provincial,LA ARENA,La Pampa,Patagonia,Santa Rosa,https://www.laarena.com.ar,Tres heridos en un vuelco en la ruta 20
2026-06-21,2026-W25,provincial,LA ARENA,La Pampa,Patagonia,Santa Rosa,https://www.laarena.com.ar,Adriana García lamentó que el PJ no visibilice que “los adversarios están afuera”
2026-06-21,2026-W25,provincial,LA ARENA,La Pampa,Patagonia,Santa Rosa,https://www.laarena.com.ar,Milei encabezó el homenaje a Belgrano con un discurso errático y junto a Adorni
2026-06-21,2026-W25,provincial,LA ARENA,La Pampa,Patagonia,Santa Rosa,https://www.laarena.com.ar,"Acto del Día de la Bandera en Carro Quemado: ""Belgrano velaba por la soberanía"""
2026-06-21,2026-W25,provincial,LA ARENA,La Pampa,Patagonia,Santa Rosa,https://www.laarena.com.ar,Milei abrazó a Adorni y Villarruel le dio la espalda
2026-06-21,2026-W25,provincial,LA ARENA,La Pampa,Patagonia,Santa Rosa,https://www.laarena.com.ar,Provincia colabora en búsqueda de desaparecidos en centro clandestino de Córdoba
2026-06-21,2026-W25,provincial,LA ARENA,La Pampa,Patagonia,Santa Rosa,https://www.laarena.com.ar,Scaloni con dudas en la formación
2026-06-21,2026-W25,provincial,LA ARENA,La Pampa,Patagonia,Santa Rosa,https://www.laarena.com.ar,Piquenses Roldán y Mendiara campeones en Hungría
2026-06-21,2026-W25,provincial,LA ARENA,La Pampa,Patagonia,Santa Rosa,https://www.laarena.com.ar,Alemania lo dio vuelta y clasificó
2026-06-21,2026-W25,provincial,LA ARENA,La Pampa,Patagonia,Santa Rosa,https://www.laarena.com.ar,Alfaro destacó el triunfo de Paraguay ante Turquía
2026-06-21,2026-W25,provincial,LA ARENA,La Pampa,Patagonia,Santa Rosa,https://www.laarena.com.ar,Golpearon a joven en el ingreso de la EPET
2026-06-21,2026-W25,provincial,LA ARENA,La Pampa,Patagonia,Santa Rosa,https://www.laarena.com.ar,“Empezamos el entubamiento del canal en Los Hornos”
2026-06-21,2026-W25,provincial,LA ARENA,La Pampa,Patagonia,Santa Rosa,https://www.laarena.com.ar,Disparó con carabina y fue detenido
2026-06-21,2026-W25,provincial,LA ARENA,La Pampa,Patagonia,Santa Rosa,https://www.laarena.com.ar,“Los adversarios del PJ están afuera”
2026-06-21,2026-W25,provincial,LA ARENA,La Pampa,Patagonia,Santa Rosa,https://www.laarena.com.ar,La interna del PJ llegó a Catriló
2026-06-21,2026-W25,provincial,LA ARENA,La Pampa,Patagonia,Santa Rosa,https://www.laarena.com.ar,Avanza la refacción de escuela en Duval
2026-06-21,2026-W25,provincial,LA ARENA,La Pampa,Patagonia,Santa Rosa,https://www.laarena.com.ar,Promesa a la bandera a orillas del río Salado
2026-06-21,2026-W25,provincial,LA ARENA,La Pampa,Patagonia,Santa Rosa,https://www.laarena.com.ar,La propaganda manda
2026-06-21,2026-W25,provincial,LA ARENA,La Pampa,Patagonia,Santa Rosa,https://www.laarena.com.ar,Una multitud pidió por la liberación de CFK
2026-06-21,2026-W25,provincial,PLAN B NOTICIAS,La Pampa,Patagonia,Santa Rosa,https://www.planbnoticias.com.ar,"Rojas repudió el cierre del Correo: “Toay merece más servicios, no menos”"
2026-06-21,2026-W25,provincial,PLAN B NOTICIAS,La Pampa,Patagonia,Santa Rosa,https://www.planbnoticias.com.ar,La Pampa redujo casi un 77% los nacimientos en madres adolescentes en la última década
2026-06-21,2026-W25,provincial,PLAN B NOTICIAS,La Pampa,Patagonia,Santa Rosa,https://www.planbnoticias.com.ar,"Arranca la gestión de Ravier: Jura en Casa Rosada, transición y acto en la Fundación Faro"
2026-06-21,2026-W25,provincial,PLAN B NOTICIAS,La Pampa,Patagonia,Santa Rosa,https://www.planbnoticias.com.ar,"Día del Padre con frío, nubes y una máxima de 12º en Santa Rosa"
2026-06-21,2026-W25,provincial,PLAN B NOTICIAS,La Pampa,Patagonia,Santa Rosa,https://www.planbnoticias.com.ar,Día del Padre: las promociones no alcanzaron y las ventas cayeron por cuarto año seguido
2026-06-21,2026-W25,provincial,PLAN B NOTICIAS,La Pampa,Patagonia,Santa Rosa,https://www.planbnoticias.com.ar,Japón aplastó a Túnez y es líder del Grupo F
2026-06-21,2026-W25,provincial,PLAN B NOTICIAS,La Pampa,Patagonia,Santa Rosa,https://www.planbnoticias.com.ar,Comenzó el Torneo Provincial de Fútbol para Personas con Discapacidad
2026-06-21,2026-W25,provincial,PLAN B NOTICIAS,La Pampa,Patagonia,Santa Rosa,https://www.planbnoticias.com.ar,Colombia: Abelardo de la Espriella e Iván Cepeda se enfrentan en el balotaje
2026-06-21,2026-W25,provincial,PLAN B NOTICIAS,La Pampa,Patagonia,Santa Rosa,https://www.planbnoticias.com.ar,Vuelco en Ruta Provincial 20
2026-06-21,2026-W25,provincial,PLAN B NOTICIAS,La Pampa,Patagonia,Santa Rosa,https://www.planbnoticias.com.ar,Empataron sin goles: Histórico punto de Curazao ante Ecuador
2026-06-21,2026-W25,provincial,PLAN B NOTICIAS,La Pampa,Patagonia,Santa Rosa,https://www.planbnoticias.com.ar,La fachada del MEDASUR se convirtió en una gigantesca bandera argentina
2026-06-21,2026-W25,provincial,PLAN B NOTICIAS,La Pampa,Patagonia,Santa Rosa,https://www.planbnoticias.com.ar,Realizaron reunión en General Acha por la seguridad rural
2026-06-21,2026-W25,provincial,PLAN B NOTICIAS,La Pampa,Patagonia,Santa Rosa,https://www.planbnoticias.com.ar,Alemania se lo dio vuelta a Costa de Marfil y clasificó
2026-06-21,2026-W25,provincial,PLAN B NOTICIAS,La Pampa,Patagonia,Santa Rosa,https://www.planbnoticias.com.ar,General Pico: realizaron el acto por el día de la bandera en el Colegio Santa Inés
2026-06-21,2026-W25,provincial,PLAN B NOTICIAS,La Pampa,Patagonia,Santa Rosa,https://www.planbnoticias.com.ar,Banderazo por Cristina: Máximo Kirchner cuestionó a quienes “niegan su figura”
2026-06-21,2026-W25,provincial,PLAN B NOTICIAS,La Pampa,Patagonia,Santa Rosa,https://www.planbnoticias.com.ar,Villarruel criticó al Gobierno y habló sobre Adorni: “No hay nadie más peleado con los valores de Belgrano que él”
2026-06-21,2026-W25,provincial,PLAN B NOTICIAS,La Pampa,Patagonia,Santa Rosa,https://www.planbnoticias.com.ar,Hallaron sin vida a un hombre que era buscado en General Pico
2026-06-21,2026-W25,provincial,PLAN B NOTICIAS,La Pampa,Patagonia,Santa Rosa,https://www.planbnoticias.com.ar,Países Bajos goleó a Suecia 5 a 1 quedó a un paso de la clasificación
2026-06-21,2026-W25,provincial,PLAN B NOTICIAS,La Pampa,Patagonia,Santa Rosa,https://www.planbnoticias.com.ar,La Pampa acompaña la búsqueda de tres desaparecidos pampeanos en el ex centro clandestino La Perla
2026-06-21,2026-W25,provincial,PLAN B NOTICIAS,La Pampa,Patagonia,Santa Rosa,https://www.planbnoticias.com.ar,"Desde las 19, la fachada del MEDASUR se convertirá en una gigantesca bandera argentina"
2026-06-21,2026-W25,provincial,PLAN B NOTICIAS,La Pampa,Patagonia,Santa Rosa,https://www.planbnoticias.com.ar,“Belgrano velaba por el bien común y por la soberanía política y económica”
2026-06-21,2026-W25,provincial,PLAN B NOTICIAS,La Pampa,Patagonia,Santa Rosa,https://www.planbnoticias.com.ar,Ajuste de Milei: Toay se queda sin Correo Argentino y vecinos deberán trasladarse a Santa Rosa
2026-06-21,2026-W25,provincial,PLAN B NOTICIAS,La Pampa,Patagonia,Santa Rosa,https://www.planbnoticias.com.ar,El posible 11 titular de la Selección argentina para enfrentar a Austria
2026-06-21,2026-W25,provincial,PLAN B NOTICIAS,La Pampa,Patagonia,Santa Rosa,https://www.planbnoticias.com.ar,El sindicato petrolero se suma al impulso por el GNL en Neuquén
2026-06-21,2026-W25,provincial,PLAN B NOTICIAS,La Pampa,Patagonia,Santa Rosa,https://www.planbnoticias.com.ar,Milei: “Belgrano fue el primer intelectual liberal económico argentino”
2026-06-21,2026-W25,provincial,PLAN B NOTICIAS,La Pampa,Patagonia,Santa Rosa,https://www.planbnoticias.com.ar,Trenel: El intendente Horacio Lorenzo celebró la reactivación del frigorífico
2026-06-21,2026-W25,provincial,PLAN B NOTICIAS,La Pampa,Patagonia,Santa Rosa,https://www.planbnoticias.com.ar,Gonzalo Montiel se lesionó y no podría jugar ante Austria
2026-06-21,2026-W25,provincial,PLAN B NOTICIAS,La Pampa,Patagonia,Santa Rosa,https://www.planbnoticias.com.ar,Invitan a Capacitación sobre digitalización de trámites del Registro Provincial de Consultores Ambientales
2026-06-21,2026-W25,provincial,PLAN B NOTICIAS,La Pampa,Patagonia,Santa Rosa,https://www.planbnoticias.com.ar,Los motivos detrás de la designación de Ravier y las versiones sobre la permanencia de Adorni
2026-06-21,2026-W25,provincial,PLAN B NOTICIAS,La Pampa,Patagonia,Santa Rosa,https://www.planbnoticias.com.ar,Día de la Bandera: Milei busca una foto de respaldo a Adorni y la interna con Villarruel suma otro capítulo
2026-06-21,2026-W25,provincial,PLAN B NOTICIAS,La Pampa,Patagonia,Santa Rosa,https://www.planbnoticias.com.ar,Sábado fresco y nublado anticipa una semana con marcado descenso térmico
2026-06-21,2026-W25,provincial,PLAN B NOTICIAS,La Pampa,Patagonia,Santa Rosa,https://www.planbnoticias.com.ar,Paraguay venció a Turquía y respira en el Mundial 2026
2026-06-21,2026-W25,provincial,PLAN B NOTICIAS,La Pampa,Patagonia,Santa Rosa,https://www.planbnoticias.com.ar,"20 de junio: “Retomar la construcción de una Argentina más justa, federal e integrada”"
2026-06-21,2026-W25,provincial,PLAN B NOTICIAS,La Pampa,Patagonia,Santa Rosa,https://www.planbnoticias.com.ar,Brasil goleó a Haití y tiene casi asegurado el pase a los 16avos de final del Mundial
2026-06-21,2026-W25,provincial,PLAN B NOTICIAS,La Pampa,Patagonia,Santa Rosa,https://www.planbnoticias.com.ar,Marruecos le ganó a Escocia por la mínima y se acerca a los 16avos de final del Mundial 2026
2026-06-21,2026-W25,provincial,PLAN B NOTICIAS,La Pampa,Patagonia,Santa Rosa,https://www.planbnoticias.com.ar,Ravier agradeció el apoyo de Milei y anticipó que asumirá la próxima semana
2026-06-21,2026-W25,provincial,PLAN B NOTICIAS,La Pampa,Patagonia,Santa Rosa,https://www.planbnoticias.com.ar,"Cambios en multas, beneficios para clubes y homenajes en el Concejo"
2026-06-21,2026-W25,provincial,PLAN B NOTICIAS,La Pampa,Patagonia,Santa Rosa,https://www.planbnoticias.com.ar,Viejos tuits de Milei descalificando a Ravier
2026-06-21,2026-W25,provincial,PLAN B NOTICIAS,La Pampa,Patagonia,Santa Rosa,https://www.planbnoticias.com.ar,Ferrán cuestionó a Ravier y afirmó que “los pampeanos no lo conocen”
2026-06-21,2026-W25,provincial,PLAN B NOTICIAS,La Pampa,Patagonia,Santa Rosa,https://www.planbnoticias.com.ar,Riglos sumó 35 nuevas casas: Se financiarán más viviendas y obras de infraestructura
2026-06-21,2026-W25,provincial,PLAN B NOTICIAS,La Pampa,Patagonia,Santa Rosa,https://www.planbnoticias.com.ar,Buscan a un cachorro Ovejero Alemán
2026-06-21,2026-W25,provincial,PLAN B NOTICIAS,La Pampa,Patagonia,Santa Rosa,https://www.planbnoticias.com.ar,"Buscan recaudar dinero para la cirugía de “Negrita”, una perrita rescatada"
2026-06-21,2026-W25,provincial,PLAN B NOTICIAS,La Pampa,Patagonia,Santa Rosa,https://www.planbnoticias.com.ar,LIBERTAD DE EXPRESION Sale o Sale Webe@ando
2026-06-21,2026-W25,provincial,CUTRAL CO AL INSTANTE,Neuquén,Patagonia,Cutral Có,https://www.cutralcoalinstante.com,Últimas noticias
2026-06-21,2026-W25,provincial,CUTRAL CO AL INSTANTE,Neuquén,Patagonia,Cutral Có,https://www.cutralcoalinstante.com,Noticias locales
2026-06-21,2026-W25,provincial,CUTRAL CO AL INSTANTE,Neuquén,Patagonia,Cutral Có,https://www.cutralcoalinstante.com,Avanza la remodelación de la Central 17 de bomberos voluntarios de Plaza Huincul
2026-06-21,2026-W25,provincial,CUTRAL CO AL INSTANTE,Neuquén,Patagonia,Cutral Có,https://www.cutralcoalinstante.com,Cutral Co revivirá por televisión la inauguración del monumento a Lionel Messi
2026-06-21,2026-W25,provincial,CUTRAL CO AL INSTANTE,Neuquén,Patagonia,Cutral Có,https://www.cutralcoalinstante.com,RICO JUAN ERNESTO
2026-06-21,2026-W25,provincial,CUTRAL CO AL INSTANTE,Neuquén,Patagonia,Cutral Có,https://www.cutralcoalinstante.com,Este domingo habrá Día del Padre con frío en Cutral Co y Plaza Huincul
2026-06-21,2026-W25,provincial,CUTRAL CO AL INSTANTE,Neuquén,Patagonia,Cutral Có,https://www.cutralcoalinstante.com,El invierno ya comenzó: la noche más larga dio paso a un nuevo ciclo en la comarca
2026-06-21,2026-W25,provincial,CUTRAL CO AL INSTANTE,Neuquén,Patagonia,Cutral Có,https://www.cutralcoalinstante.com,Neuquén será sede del debate estratégico del midstream en Argentina
2026-06-21,2026-W25,provincial,CUTRAL CO AL INSTANTE,Neuquén,Patagonia,Cutral Có,https://www.cutralcoalinstante.com,"Proyecto GNL: “será el salto que se necesita para duplicar la producción actual”, dijo Rucci"
2026-06-21,2026-W25,provincial,CUTRAL CO AL INSTANTE,Neuquén,Patagonia,Cutral Có,https://www.cutralcoalinstante.com,ALEJANDRO MARDONES
2026-06-21,2026-W25,provincial,CUTRAL CO AL INSTANTE,Neuquén,Patagonia,Cutral Có,https://www.cutralcoalinstante.com,Familiares agradecen la atención en el hospital de Cutral Co y Plaza Huincul
2026-06-21,2026-W25,provincial,CUTRAL CO AL INSTANTE,Neuquén,Patagonia,Cutral Có,https://www.cutralcoalinstante.com,Piden cadena de oración para Elías Muñoz
2026-06-21,2026-W25,provincial,CUTRAL CO AL INSTANTE,Neuquén,Patagonia,Cutral Có,https://www.cutralcoalinstante.com,¡Saludos de cumple!
2026-06-21,2026-W25,provincial,CUTRAL CO AL INSTANTE,Neuquén,Patagonia,Cutral Có,https://www.cutralcoalinstante.com,La fecha 3 y 4 del Rally Neuquino tienen sede
2026-06-21,2026-W25,provincial,CUTRAL CO AL INSTANTE,Neuquén,Patagonia,Cutral Có,https://www.cutralcoalinstante.com,Donaron más de 20 pelotas al Club Social y Deportivo Alianza
2026-06-21,2026-W25,provincial,CUTRAL CO AL INSTANTE,Neuquén,Patagonia,Cutral Có,https://www.cutralcoalinstante.com,Plaza Huincul inicia torneos de fútbol femenino e infantil este sábado
2026-06-21,2026-W25,provincial,CUTRAL CO AL INSTANTE,Neuquén,Patagonia,Cutral Có,https://www.cutralcoalinstante.com,Seguinos en Facebook
2026-06-21,2026-W25,provincial,CUTRAL CO AL INSTANTE,Neuquén,Patagonia,Cutral Có,https://www.cutralcoalinstante.com,Seguinos en Youtube
2026-06-21,2026-W25,provincial,CUTRAL CO AL INSTANTE,Neuquén,Patagonia,Cutral Có,https://www.cutralcoalinstante.com,"Avanza la remodelación de la Central 17 de bomberos voluntarios de Plaza Huincul 21 junio, 2026 No hay comentarios Con el objetivo de optimizar los espacios de trabajo y mejorar la atención a la comunidad. Leer más"
2026-06-21,2026-W25,provincial,CUTRAL CO AL INSTANTE,Neuquén,Patagonia,Cutral Có,https://www.cutralcoalinstante.com,"Cutral Co revivirá por televisión la inauguración del monumento a Lionel Messi 21 junio, 2026 No hay comentarios La retransmisión podrá verse este domingo en el programa televisivo “La Peña de Morfi” Leer más"
2026-06-21,2026-W25,provincial,CUTRAL CO AL INSTANTE,Neuquén,Patagonia,Cutral Có,https://www.cutralcoalinstante.com,"Este domingo habrá Día del Padre con frío en Cutral Co y Plaza Huincul 21 junio, 2026 No hay comentarios Brindado por la AIC Leer más"
2026-06-21,2026-W25,provincial,CUTRAL CO AL INSTANTE,Neuquén,Patagonia,Cutral Có,https://www.cutralcoalinstante.com,"Noticias locales Avanza la remodelación de la Central 17 de bomberos voluntarios de Plaza Huincul Con el objetivo de optimizar los espacios de trabajo y mejorar la atención a la comunidad. leer más» 21 junio, 2026 No hay comentarios"
2026-06-21,2026-W25,provincial,CUTRAL CO AL INSTANTE,Neuquén,Patagonia,Cutral Có,https://www.cutralcoalinstante.com,"Noticias locales Cutral Co revivirá por televisión la inauguración del monumento a Lionel Messi La retransmisión podrá verse este domingo en el programa televisivo “La Peña de Morfi” leer más» 21 junio, 2026 No hay comentarios"
2026-06-21,2026-W25,provincial,CUTRAL CO AL INSTANTE,Neuquén,Patagonia,Cutral Có,https://www.cutralcoalinstante.com,"Noticias locales Este domingo habrá Día del Padre con frío en Cutral Co y Plaza Huincul Brindado por la AIC leer más» 21 junio, 2026 No hay comentarios"
2026-06-21,2026-W25,provincial,LM NEUQUÉN,Neuquén,Patagonia,Neuquén,https://www.lmneuquen.com,Conmoción en el barrio Confluencia: acribillaron a un adolescente en la puerta de su casa
2026-06-21,2026-W25,provincial,LM NEUQUÉN,Neuquén,Patagonia,Neuquén,https://www.lmneuquen.com,"Los números de la Avenida Mosconi: avanza la transformación integral con obras viales, un viaducto y tecnología inteligente"
2026-06-21,2026-W25,provincial,LM NEUQUÉN,Neuquén,Patagonia,Neuquén,https://www.lmneuquen.com,Simularon una operación para cambiar dólares y asaltaron a sus víctimas en un Airbnb en el centro de Neuquén
2026-06-21,2026-W25,provincial,LM NEUQUÉN,Neuquén,Patagonia,Neuquén,https://www.lmneuquen.com,"""El tiempo es ahora"": la tajante advertencia de Figueroa sobre el futuro de Neuquén"
2026-06-21,2026-W25,provincial,LM NEUQUÉN,Neuquén,Patagonia,Neuquén,https://www.lmneuquen.com,"Barrio por barrio, el ranking de precios por metro cuadrado de casas y departamentos en Neuquén"
2026-06-21,2026-W25,provincial,LM NEUQUÉN,Neuquén,Patagonia,Neuquén,https://www.lmneuquen.com,"Mundial 2026 EN VIVO | En pocos minutos, España ya golea 3 a 0 a Arabia Saudita"
2026-06-21,2026-W25,provincial,LM NEUQUÉN,Neuquén,Patagonia,Neuquén,https://www.lmneuquen.com,Llegó a Neuquén en busca de una nueva oportunidad y terminó creando su propia marca de chalecos deportivos
2026-06-21,2026-W25,provincial,LM NEUQUÉN,Neuquén,Patagonia,Neuquén,https://www.lmneuquen.com,De Argentina a Ecuador: el neuquino que convirtió una tradición familiar en un emprendimiento gastronómico
2026-06-21,2026-W25,provincial,LM NEUQUÉN,Neuquén,Patagonia,Neuquén,https://www.lmneuquen.com,Volvió a Neuquén después de recorrer el mundo como acróbata y ahora quiere formar una nueva generación de artistas
2026-06-21,2026-W25,provincial,LM NEUQUÉN,Neuquén,Patagonia,Neuquén,https://www.lmneuquen.com,El día más corto del año: pronóstico de este domingo que nadie esperaba en Neuquén
2026-06-21,2026-W25,provincial,LM NEUQUÉN,Neuquén,Patagonia,Neuquén,https://www.lmneuquen.com,"Luis Miguel lucha por su vida en Estados Unidos: ""Es grave y está delicado"""
2026-06-21,2026-W25,provincial,LM NEUQUÉN,Neuquén,Patagonia,Neuquén,https://www.lmneuquen.com,Un hombre alcoholizado chocó contra un poste de luz y los vecinos no lo perdonaron
2026-06-21,2026-W25,provincial,LM NEUQUÉN,Neuquén,Patagonia,Neuquén,https://www.lmneuquen.com,Dulce Renacer: la conmovedora historia de Claudia que transformó el dolor del cáncer en un exitoso proyecto de pastelería
2026-06-21,2026-W25,provincial,LM NEUQUÉN,Neuquén,Patagonia,Neuquén,https://www.lmneuquen.com,Horóscopo del domingo 21 de junio: las predicciones signo por signo
2026-06-21,2026-W25,provincial,LM NEUQUÉN,Neuquén,Patagonia,Neuquén,https://www.lmneuquen.com,Las Selecciones eliminadas del Mundial 2026 hasta el momento
2026-06-21,2026-W25,provincial,LM NEUQUÉN,Neuquén,Patagonia,Neuquén,https://www.lmneuquen.com,Balotaje en Colombia: más de 41 millones de votantes eligen presidente
2026-06-21,2026-W25,provincial,LM NEUQUÉN,Neuquén,Patagonia,Neuquén,https://www.lmneuquen.com,"El día más corto, la noche más larga: qué son el solsticio de invierno, el de verano y los equinoccios"
2026-06-21,2026-W25,provincial,LM NEUQUÉN,Neuquén,Patagonia,Neuquén,https://www.lmneuquen.com,"Mundial 2026: resultados, fixture y estadísticas en vivo"
2026-06-21,2026-W25,provincial,LM NEUQUÉN,Neuquén,Patagonia,Neuquén,https://www.lmneuquen.com,En fotos: más de 700 estudiantes prometieron lealtad en el Día de la Bandera en el Ruca Che
2026-06-21,2026-W25,provincial,LM NEUQUÉN,Neuquén,Patagonia,Neuquén,https://www.lmneuquen.com,Exhorbitante: revelaron cuántos kilos de yerba llevó la Selección Argentina al Mundial 2026
2026-06-21,2026-W25,provincial,LM NEUQUÉN,Neuquén,Patagonia,Neuquén,https://www.lmneuquen.com,Qué dijo Antonela Roccuzzo sobre Nico Occhiato tras el escándalo por el papá de Lionel Messi
2026-06-21,2026-W25,provincial,LM NEUQUÉN,Neuquén,Patagonia,Neuquén,https://www.lmneuquen.com,Juana Viale se habría separado: los rumores de romance con Manu Urcera que la hicieron estallar
2026-06-21,2026-W25,provincial,LM NEUQUÉN,Neuquén,Patagonia,Neuquén,https://www.lmneuquen.com,"Rolando Figueroa cruzó a los críticos del acuerdo por el GNL: ""Es la última gran oportunidad"""
2026-06-21,2026-W25,provincial,LM NEUQUÉN,Neuquén,Patagonia,Neuquén,https://www.lmneuquen.com,Hallaron muerto a un hombre en un pozo de agua: investigan si fue asesinado
2026-06-21,2026-W25,provincial,LM NEUQUÉN,Neuquén,Patagonia,Neuquén,https://www.lmneuquen.com,A qué hora comienza el invierno este domingo en Argentina: ¿Cuándo será el solsticio y por qué se produce?
2026-06-21,2026-W25,provincial,LM NEUQUÉN,Neuquén,Patagonia,Neuquén,https://www.lmneuquen.com,Los videos de Jesica Cirio con fajos de dólares se suman a la causa de enriquecimiento ilícito
2026-06-21,2026-W25,provincial,LM NEUQUÉN,Neuquén,Patagonia,Neuquén,https://www.lmneuquen.com,Trágico y voraz incendio en un hotel de República Dominicana: murió una turista y hubo heridos
2026-06-21,2026-W25,provincial,LM NEUQUÉN,Neuquén,Patagonia,Neuquén,https://www.lmneuquen.com,Abandonaron un auto tras un choque y la Policía encontró cocaína en su interior
2026-06-21,2026-W25,provincial,LM NEUQUÉN,Neuquén,Patagonia,Neuquén,https://www.lmneuquen.com,El entrenador de España dijo que le robaría un jugador a la Selección Argentina y no es Messi
2026-06-21,2026-W25,provincial,LM NEUQUÉN,Neuquén,Patagonia,Neuquén,https://www.lmneuquen.com,"El hijo de Flor Peña salió al cruce de Nico Occhiato tras el escándalo: ""Hay que ser traicionero"""
2026-06-21,2026-W25,provincial,LM NEUQUÉN,Neuquén,Patagonia,Neuquén,https://www.lmneuquen.com,El Sindicato de Petroleros Privados mostró su apoyo al proyecto de GNL por la creación de empleo genuino
2026-06-21,2026-W25,provincial,LM NEUQUÉN,Neuquén,Patagonia,Neuquén,https://www.lmneuquen.com,La mamá de Lionel Messi rompió el silencio: qué dijo sobre la salud de Jorge y la charla con Flor Peña
2026-06-21,2026-W25,provincial,LM NEUQUÉN,Neuquén,Patagonia,Neuquén,https://www.lmneuquen.com,COPA DEL MUNDO 2026
2026-06-21,2026-W25,provincial,LM NEUQUÉN,Neuquén,Patagonia,Neuquén,https://www.lmneuquen.com,"Mundial 2026 en VIVO: Ecuador empató con Curazao, que consiguió su primer punto en la Copa del Mundo"
2026-06-21,2026-W25,provincial,LM NEUQUÉN,Neuquén,Patagonia,Neuquén,https://www.lmneuquen.com,"Día de la Bandera en Rosario: Javier Milei junto a Manuel Adorni y lejos de Villarruel, reivindicó a Belgrano"
2026-06-21,2026-W25,provincial,LM NEUQUÉN,Neuquén,Patagonia,Neuquén,https://www.lmneuquen.com,Patricia Bullrich habló del nuevo vocero: el palo para Manuel Adorni
2026-06-21,2026-W25,provincial,LM NEUQUÉN,Neuquén,Patagonia,Neuquén,https://www.lmneuquen.com,"Mientras Messi y Antonela están en el Mundial, la familia Roccuzzo impulsa una ambiciosa inversión"
2026-06-21,2026-W25,provincial,LM NEUQUÉN,Neuquén,Patagonia,Neuquén,https://www.lmneuquen.com,Para alentar a la Selección: así suena el Himno desde el glaciar Perito Moreno
2026-06-21,2026-W25,provincial,LM NEUQUÉN,Neuquén,Patagonia,Neuquén,https://www.lmneuquen.com,"Vaca Muerta: la clave de la industria de Brasil, la descarbonización de Chile y el interés de Bolivia"
2026-06-21,2026-W25,provincial,LM NEUQUÉN,Neuquén,Patagonia,Neuquén,https://www.lmneuquen.com,"El fenómeno del ""desacople"": las petroleras en Argentina ganan terreno pese al freno de las majors globales"
2026-06-21,2026-W25,provincial,LM NEUQUÉN,Neuquén,Patagonia,Neuquén,https://www.lmneuquen.com,Mercado de capitales y Vaca Muerta: proponen nuevas vías de financiamiento para empresas energéticas
2026-06-21,2026-W25,provincial,LM NEUQUÉN,Neuquén,Patagonia,Neuquén,https://www.lmneuquen.com,Nuevo récord: las exportaciones de petróleo se multiplican por cuatro por la guerra
2026-06-21,2026-W25,provincial,LM NEUQUÉN,Neuquén,Patagonia,Neuquén,https://www.lmneuquen.com,CORPOFRUT: la gran apuesta de los chacareros del Alto Valle para cambiar las reglas del juego
2026-06-21,2026-W25,provincial,LM NEUQUÉN,Neuquén,Patagonia,Neuquén,https://www.lmneuquen.com,El Interior dinámico crece: ¿Cuánto empleo realmente puede recibir?
2026-06-21,2026-W25,provincial,LM NEUQUÉN,Neuquén,Patagonia,Neuquén,https://www.lmneuquen.com,Las exportaciones de carne argentina crecieron 42% en valor y alcanzaron un récord en mayo
2026-06-21,2026-W25,provincial,LM NEUQUÉN,Neuquén,Patagonia,Neuquén,https://www.lmneuquen.com,La señal que preocupa al sector: cae la superficie bajo control sanitario en la Patagonia
2026-06-21,2026-W25,provincial,LM NEUQUÉN,Neuquén,Patagonia,Neuquén,https://www.lmneuquen.com,Neuquén RC volvió a gritar campeón del Regional patagónico y sigue dominando la región
2026-06-21,2026-W25,provincial,LM NEUQUÉN,Neuquén,Patagonia,Neuquén,https://www.lmneuquen.com,Fran Cerúndolo llegó a la final en Queens: quién había sido el último argentino en lograrlo
2026-06-21,2026-W25,provincial,LM NEUQUÉN,Neuquén,Patagonia,Neuquén,https://www.lmneuquen.com,"Deportivo Rincón ante Cipolletti, el duelo de la fecha en el Federal A"
2026-06-21,2026-W25,provincial,LM NEUQUÉN,Neuquén,Patagonia,Neuquén,https://www.lmneuquen.com,Cómo sigue la salud de Fernando Gago tras su operación por un infarto
2026-06-21,2026-W25,provincial,LIMAY NOTICIAS,Neuquén,Patagonia,Plottier,https://www.limaynoticias.com.ar,Últimas noticias
2026-06-21,2026-W25,provincial,LIMAY NOTICIAS,Neuquén,Patagonia,Plottier,https://www.limaynoticias.com.ar,Plottier celebró el Día de la Bandera con actos en la Plaza San Martín y el barrio El Chacay
2026-06-21,2026-W25,provincial,LIMAY NOTICIAS,Neuquén,Patagonia,Plottier,https://www.limaynoticias.com.ar,Plottier conmemora el Día de la Bandera con actos protocolares y una gran jornada comunitaria en los barrios
2026-06-21,2026-W25,provincial,LIMAY NOTICIAS,Neuquén,Patagonia,Plottier,https://www.limaynoticias.com.ar,Nueva edición de Vaca Muerta News Radio
2026-06-21,2026-W25,provincial,LIMAY NOTICIAS,Neuquén,Patagonia,Plottier,https://www.limaynoticias.com.ar,Loteos en Plottier: lo que tenés que saber antes de adquirir un lote
2026-06-21,2026-W25,provincial,LIMAY NOTICIAS,Neuquén,Patagonia,Plottier,https://www.limaynoticias.com.ar,Mundial 2026: Exitosa jornada organizada por el EDEP y habrá nueva edición el sábado 20
2026-06-21,2026-W25,provincial,LIMAY NOTICIAS,Neuquén,Patagonia,Plottier,https://www.limaynoticias.com.ar,Destacada actuación de la Escuela Municipal de Judo en el Torneo Patagónico Femenino
2026-06-21,2026-W25,provincial,LIMAY NOTICIAS,Neuquén,Patagonia,Plottier,https://www.limaynoticias.com.ar,Más de mil jóvenes recibieron apoyo para impulsar sus emprendimientos
2026-06-21,2026-W25,provincial,LIMAY NOTICIAS,Neuquén,Patagonia,Plottier,https://www.limaynoticias.com.ar,Neuquén incorporó la totalidad del Trabun Mapu al himno
2026-06-21,2026-W25,provincial,LIMAY NOTICIAS,Neuquén,Patagonia,Plottier,https://www.limaynoticias.com.ar,"La inflación en Neuquén fue del 2,3% en mayo y acumuló 14,8% en los primeros cinco meses del año"
2026-06-21,2026-W25,provincial,LIMAY NOTICIAS,Neuquén,Patagonia,Plottier,https://www.limaynoticias.com.ar,RTN transmitirá los partidos de la Selección Argentina en la fase de grupos
2026-06-21,2026-W25,provincial,LIMAY NOTICIAS,Neuquén,Patagonia,Plottier,https://www.limaynoticias.com.ar,Plottier fortalece la formación laboral con la firma de un nuevo convenio del programa provincial “Kimün”
2026-06-21,2026-W25,provincial,LIMAY NOTICIAS,Neuquén,Patagonia,Plottier,https://www.limaynoticias.com.ar,Plottier cuenta con más de 25 ecopuntos y un mapa interactivo para facilitar el reciclaje
2026-06-21,2026-W25,provincial,LIMAY NOTICIAS,Neuquén,Patagonia,Plottier,https://www.limaynoticias.com.ar,Plottier: la obra de ampliación de la EPET 9 ya supera el 55 por ciento de avance
2026-06-21,2026-W25,provincial,LIMAY NOTICIAS,Neuquén,Patagonia,Plottier,https://www.limaynoticias.com.ar,Llega el primer programa de junio de Vaca Muerta News Radio
2026-06-21,2026-W25,provincial,LIMAY NOTICIAS,Neuquén,Patagonia,Plottier,https://www.limaynoticias.com.ar,"El Registro Civil estará en distintos sectores de Neuquén capital, Plottier y Rincón de los Sauces"
2026-06-21,2026-W25,provincial,LIMAY NOTICIAS,Neuquén,Patagonia,Plottier,https://www.limaynoticias.com.ar,Cruces entre la municipalidad y ATE ante los reclamos por mejoras salariales
2026-06-21,2026-W25,provincial,LIMAY NOTICIAS,Neuquén,Patagonia,Plottier,https://www.limaynoticias.com.ar,Sindicatos protestaron frente al municipio por reclamos salariales e indumentaria
2026-06-21,2026-W25,provincial,LIMAY NOTICIAS,Neuquén,Patagonia,Plottier,https://www.limaynoticias.com.ar,El Gobierno habilitó a talleres mecánicos particulares para realizar la RTO
2026-06-21,2026-W25,provincial,LIMAY NOTICIAS,Neuquén,Patagonia,Plottier,https://www.limaynoticias.com.ar,Asaltaron a la jefa comunal Malena Resa
2026-06-21,2026-W25,provincial,LIMAY NOTICIAS,Neuquén,Patagonia,Plottier,https://www.limaynoticias.com.ar,Abren las inscripciones a las Becas Gregorio Álvarez para la terminalidad secundaria
2026-06-21,2026-W25,provincial,LIMAY NOTICIAS,Neuquén,Patagonia,Plottier,https://www.limaynoticias.com.ar,Este domingo corte de energía en Plottier
2026-06-21,2026-W25,provincial,LIMAY NOTICIAS,Neuquén,Patagonia,Plottier,https://www.limaynoticias.com.ar,Provincia construirá un nuevo SUM para la EPET Nº19 de Plottier | Neuquen Informa
2026-06-21,2026-W25,provincial,LIMAY NOTICIAS,Neuquén,Patagonia,Plottier,https://www.limaynoticias.com.ar,El barrio 120 Viviendas celebró su 24° aniversario
2026-06-21,2026-W25,provincial,LIMAY NOTICIAS,Neuquén,Patagonia,Plottier,https://www.limaynoticias.com.ar,Lanzan capacitaciones gratuitas para potenciar habilidades digitales
2026-06-21,2026-W25,provincial,LIMAY NOTICIAS,Neuquén,Patagonia,Plottier,https://www.limaynoticias.com.ar,La Municipalidad lanzó un nuevo plan de regularización fiscal con quitas de hasta el 80%
2026-06-21,2026-W25,provincial,LIMAY NOTICIAS,Neuquén,Patagonia,Plottier,https://www.limaynoticias.com.ar,¿Cuándo juega Argentina en el Mundial 2026 y cuáles podrían ser sus próximas fechas?
2026-06-21,2026-W25,provincial,LIMAY NOTICIAS,Neuquén,Patagonia,Plottier,https://www.limaynoticias.com.ar,La Municipalidad de Plottier abrió una convocatoria para cubrir cargos en Obras Públicas y Hábitat
2026-06-21,2026-W25,provincial,LIMAY NOTICIAS,Neuquén,Patagonia,Plottier,https://www.limaynoticias.com.ar,Detectaron 16 alcoholemias positivas y secuestraron 19 vehículos en operativos de tránsito
2026-06-21,2026-W25,provincial,LIMAY NOTICIAS,Neuquén,Patagonia,Plottier,https://www.limaynoticias.com.ar,Escuchá el nuevo programa de Vaca Muerta News Radio
2026-06-21,2026-W25,provincial,LIMAY NOTICIAS,Neuquén,Patagonia,Plottier,https://www.limaynoticias.com.ar,La población de Neuquén roza los 800 mil habitantes
2026-06-21,2026-W25,provincial,LIMAY NOTICIAS,Neuquén,Patagonia,Plottier,https://www.limaynoticias.com.ar,"La pobreza trepó al 44,7% en el país y ya afecta a 17,5 millones de personas"
2026-06-21,2026-W25,provincial,LIMAY NOTICIAS,Neuquén,Patagonia,Plottier,https://www.limaynoticias.com.ar,Aprueban el proyecto de tolerancia cero para el consumo de alcohol a conductores de vehículos
2026-06-21,2026-W25,provincial,LIMAY NOTICIAS,Neuquén,Patagonia,Plottier,https://www.limaynoticias.com.ar,"El 61,7% de la población ocupada registró un ingreso promedio de $83.755"
2026-06-21,2026-W25,provincial,LIMAY NOTICIAS,Neuquén,Patagonia,Plottier,https://www.limaynoticias.com.ar,"Según informe de CAME, la producción de pymes industriales creció en septiembre 1,3% interanual"
2026-06-21,2026-W25,provincial,LIMAY NOTICIAS,Neuquén,Patagonia,Plottier,https://www.limaynoticias.com.ar,"Murió Carlitos Balá, el ícono del humor argentino que con sus chistes y su ingenio marcó a generaciones"
2026-06-21,2026-W25,provincial,LIMAY NOTICIAS,Neuquén,Patagonia,Plottier,https://www.limaynoticias.com.ar,Secuestraron más de dos kilos de cocaína en la capital neuquina
2026-06-21,2026-W25,provincial,LIMAY NOTICIAS,Neuquén,Patagonia,Plottier,https://www.limaynoticias.com.ar,Un hombre murió tras un enfrentamiento con armas blancas en el barrio Antena de Zapala
2026-06-21,2026-W25,provincial,LIMAY NOTICIAS,Neuquén,Patagonia,Plottier,https://www.limaynoticias.com.ar,"San Martín de los Andes: secuestraron 9,7 kilos de drogas"
2026-06-21,2026-W25,provincial,LIMAY NOTICIAS,Neuquén,Patagonia,Plottier,https://www.limaynoticias.com.ar,Hallaron a una mujer que se encontraba perdida desde el jueves
2026-06-21,2026-W25,provincial,LIMAY NOTICIAS,Neuquén,Patagonia,Plottier,https://www.limaynoticias.com.ar,La Península Hiroki tiene un nuevo destacamento policial
2026-06-21,2026-W25,provincial,LIMAY NOTICIAS,Neuquén,Patagonia,Plottier,https://www.limaynoticias.com.ar,"La lista para el Mundial 2026: Messi, la base de Qatar y nuevas promesas"
2026-06-21,2026-W25,provincial,LIMAY NOTICIAS,Neuquén,Patagonia,Plottier,https://www.limaynoticias.com.ar,Gran convocatoria en el Duatlón por Malvinas
2026-06-21,2026-W25,provincial,LIMAY NOTICIAS,Neuquén,Patagonia,Plottier,https://www.limaynoticias.com.ar,Deportivo Rincón perdió 3 a 1 con Atenas en Córdoba
2026-06-21,2026-W25,provincial,LIMAY NOTICIAS,Neuquén,Patagonia,Plottier,https://www.limaynoticias.com.ar,Neuquén sumó 7 medallas de oro en los Juegos Patagónicos Unificados
2026-06-21,2026-W25,provincial,LIMAY NOTICIAS,Neuquén,Patagonia,Plottier,https://www.limaynoticias.com.ar,Deportivo Rincón le ganó a Sport Club Pacífico en Mendoza
2026-06-21,2026-W25,provincial,LIMAY NOTICIAS,Neuquén,Patagonia,Plottier,https://www.limaynoticias.com.ar,Plottier lanza descuentos por pago anticipado de tasas municipales para 2026
2026-06-21,2026-W25,provincial,LIMAY NOTICIAS,Neuquén,Patagonia,Plottier,https://www.limaynoticias.com.ar,Plottier abre la convocatoria para los “Domingos Culturales 2026”
2026-06-21,2026-W25,provincial,LIMAY NOTICIAS,Neuquén,Patagonia,Plottier,https://www.limaynoticias.com.ar,Se lanza la 50° Regata Internacional de Río Negro
2026-06-21,2026-W25,provincial,LIMAY NOTICIAS,Neuquén,Patagonia,Plottier,https://www.limaynoticias.com.ar,Verano 2026: la Piscicultura de Plottier abre sus puertas y te invita a conectar con el agua
2026-06-21,2026-W25,provincial,EL CORDILLERANO,Río Negro,Patagonia,Bariloche / Rio negro,https://www.elcordillerano.com.ar,El viaje de egresados de Demian: la movida solidaria de un curso para que su compañero venga a Bariloche
2026-06-21,2026-W25,provincial,EL CORDILLERANO,Río Negro,Patagonia,Bariloche / Rio negro,https://www.elcordillerano.com.ar,Pinos de Costanera: quién es el artista elegido y cuáles serán las primeras figuras
2026-06-21,2026-W25,provincial,EL CORDILLERANO,Río Negro,Patagonia,Bariloche / Rio negro,https://www.elcordillerano.com.ar,Bomberos de Dina Huapi organizan un festival folklórico para esperar el 9 de Julio
2026-06-21,2026-W25,provincial,EL CORDILLERANO,Río Negro,Patagonia,Bariloche / Rio negro,https://www.elcordillerano.com.ar,Investigadores del Conicet detectaron cómo los incendios alteraron el agua de la cordillera patagónica
2026-06-21,2026-W25,provincial,EL CORDILLERANO,Río Negro,Patagonia,Bariloche / Rio negro,https://www.elcordillerano.com.ar,Paso Cardenal Samoré: habilitado con precaución para autos y restringido para camiones
2026-06-21,2026-W25,provincial,EL CORDILLERANO,Río Negro,Patagonia,Bariloche / Rio negro,https://www.elcordillerano.com.ar,FOGARÍO acompaña a pymes rionegrinas para integrarse a Vaca Muerta
2026-06-21,2026-W25,provincial,EL CORDILLERANO,Río Negro,Patagonia,Bariloche / Rio negro,https://www.elcordillerano.com.ar,De la Región de los Lagos a Chubut: el basquetbolista chileno que se coronó MVP de la Liga Nacional
2026-06-21,2026-W25,provincial,EL CORDILLERANO,Río Negro,Patagonia,Bariloche / Rio negro,https://www.elcordillerano.com.ar,Día del Padre: cómo festejar en Bariloche ante la llegada del frío
2026-06-21,2026-W25,provincial,EL CORDILLERANO,Río Negro,Patagonia,Bariloche / Rio negro,https://www.elcordillerano.com.ar,El Observatorio de Alquileres avanza en su primer diagnóstico sobre la situación habitacional de Bariloche
2026-06-21,2026-W25,provincial,EL CORDILLERANO,Río Negro,Patagonia,Bariloche / Rio negro,https://www.elcordillerano.com.ar,El clima en Bariloche: cómo estará el tiempo esta última semana de junio
2026-06-21,2026-W25,provincial,EL CORDILLERANO,Río Negro,Patagonia,Bariloche / Rio negro,https://www.elcordillerano.com.ar,Bariloche conmemoró el Día de las Familias Solidarias: el derecho de las infancias a un entorno seguro
2026-06-21,2026-W25,provincial,EL CORDILLERANO,Río Negro,Patagonia,Bariloche / Rio negro,https://www.elcordillerano.com.ar,Vero Lozano expuso la peor maldad de Nico Occhiato tras echar a Flor Peña: “Pegó en el suelo”
2026-06-21,2026-W25,provincial,EL CORDILLERANO,Río Negro,Patagonia,Bariloche / Rio negro,https://www.elcordillerano.com.ar,Se incendió una vivienda y los bomberos tuvieron que romper una ventana para contener las llamas
2026-06-21,2026-W25,provincial,EL CORDILLERANO,Río Negro,Patagonia,Bariloche / Rio negro,https://www.elcordillerano.com.ar,El presidente de la Asociación Empresaria Hotelera Gastronómica afirmó: “Nuestra gastronomía motiva viajes”
2026-06-21,2026-W25,provincial,EL CORDILLERANO,Río Negro,Patagonia,Bariloche / Rio negro,https://www.elcordillerano.com.ar,Temporada de nieve 2026: Bariloche y El Bolsón impulsan el invierno con inversiones récord en infraestructura
2026-06-21,2026-W25,provincial,EL CORDILLERANO,Río Negro,Patagonia,Bariloche / Rio negro,https://www.elcordillerano.com.ar,Bariloche a la Carta 2026: mostrar lo que se hace en la región con una visión federal e incluso internacional
2026-06-21,2026-W25,provincial,EL CORDILLERANO,Río Negro,Patagonia,Bariloche / Rio negro,https://www.elcordillerano.com.ar,"Las ventas por el Día del Padre cayeron 0,3% y el consumo sigue sin repuntar"
2026-06-21,2026-W25,provincial,EL CORDILLERANO,Río Negro,Patagonia,Bariloche / Rio negro,https://www.elcordillerano.com.ar,Las fotos de la increíble mansión del Colo Barco en Francia: así es por dentro
2026-06-21,2026-W25,provincial,EL CORDILLERANO,Río Negro,Patagonia,Bariloche / Rio negro,https://www.elcordillerano.com.ar,Bariloche impulsa el crecimiento del malambo con un convenio histórico
2026-06-21,2026-W25,provincial,EL CORDILLERANO,Río Negro,Patagonia,Bariloche / Rio negro,https://www.elcordillerano.com.ar,Las dudas de Scaloni en la Selección argentina a un día de enfrentar a Austria en el Mundial de Fútbol
2026-06-21,2026-W25,provincial,EL CORDILLERANO,Río Negro,Patagonia,Bariloche / Rio negro,https://www.elcordillerano.com.ar,Las fotos de Juanita Tinelli con su nuevo novio tras la denuncia a Bautista Cuiña
2026-06-21,2026-W25,provincial,EL CORDILLERANO,Río Negro,Patagonia,Bariloche / Rio negro,https://www.elcordillerano.com.ar,Elecciones en Colombia: Iván Cepeda y Abelardo de la Espriella definen la presidencia en balotaje
2026-06-21,2026-W25,provincial,EL CORDILLERANO,Río Negro,Patagonia,Bariloche / Rio negro,https://www.elcordillerano.com.ar,"Hacia 1910, Bariloche funcionaba como un gran club del trueque"
2026-06-21,2026-W25,provincial,EL CORDILLERANO,Río Negro,Patagonia,Bariloche / Rio negro,https://www.elcordillerano.com.ar,Nico Occhiato dio marcha atrás luego del escándalo de Flor Peña y sorprendió a todos en Luzu
2026-06-21,2026-W25,provincial,EL CORDILLERANO,Río Negro,Patagonia,Bariloche / Rio negro,https://www.elcordillerano.com.ar,Triquinosis en temporada de faena: la importancia de consumir carne segura
2026-06-21,2026-W25,provincial,EL CORDILLERANO,Río Negro,Patagonia,Bariloche / Rio negro,https://www.elcordillerano.com.ar,"La carne de búfalo gana terreno en el país: ""Aporta una mejor nutrición"""
2026-06-21,2026-W25,provincial,EL CORDILLERANO,Río Negro,Patagonia,Bariloche / Rio negro,https://www.elcordillerano.com.ar,Kilómetro 0: una red de 14 invernaderos para producir en todo Río Negro
2026-06-21,2026-W25,provincial,EL CORDILLERANO,Río Negro,Patagonia,Bariloche / Rio negro,https://www.elcordillerano.com.ar,La CGT y las dos CTA coordinan nuevas protestas contra el gobierno de Milei
2026-06-21,2026-W25,provincial,EL CORDILLERANO,Río Negro,Patagonia,Bariloche / Rio negro,https://www.elcordillerano.com.ar,"Se viene una de “monstruos, amistad y surf rock”"
2026-06-21,2026-W25,provincial,EL CORDILLERANO,Río Negro,Patagonia,Bariloche / Rio negro,https://www.elcordillerano.com.ar,La emoción de Flor Vigna al confirmar que venderá contenido para adultos: “Me animé”
2026-06-21,2026-W25,provincial,EL CORDILLERANO,Río Negro,Patagonia,Bariloche / Rio negro,https://www.elcordillerano.com.ar,Mundial 2026: qué partidos se juegan este domingo 21 de junio
2026-06-21,2026-W25,provincial,EL CORDILLERANO,Río Negro,Patagonia,Bariloche / Rio negro,https://www.elcordillerano.com.ar,Arrebataron una campera a turistas y la Policía la recuperó a los pocos minutos
2026-06-21,2026-W25,provincial,EL CORDILLERANO,Río Negro,Patagonia,Bariloche / Rio negro,https://www.elcordillerano.com.ar,Cómo fue el encuentro secreto de Valeria Mazza y Antonio Banderas: “No me queres dar un beso…”
2026-06-21,2026-W25,provincial,EL CORDILLERANO,Río Negro,Patagonia,Bariloche / Rio negro,https://www.elcordillerano.com.ar,Posibles nevadas y temperaturas bajo cero: recomiendan evitar los viajes nocturnos
2026-06-21,2026-W25,provincial,EL CORDILLERANO,Río Negro,Patagonia,Bariloche / Rio negro,https://www.elcordillerano.com.ar,Brasil: fueron detenidas seis personas por el fatal salto sin cuerda de seguridad
2026-06-21,2026-W25,provincial,EL CORDILLERANO,Río Negro,Patagonia,Bariloche / Rio negro,https://www.elcordillerano.com.ar,Así es el imponente avión privado de Agustina Gandolfo para viajar por Estados Unidos
2026-06-21,2026-W25,provincial,EL CORDILLERANO,Río Negro,Patagonia,Bariloche / Rio negro,https://www.elcordillerano.com.ar,"Las ventas en supermercados cayeron 3,7% interanual en abril"
2026-06-21,2026-W25,provincial,EL CORDILLERANO,Río Negro,Patagonia,Bariloche / Rio negro,https://www.elcordillerano.com.ar,Irán volvió a cerrar el estrecho de Ormuz por los ataques de Israel en Líbano
2026-06-21,2026-W25,provincial,EL CORDILLERANO,Río Negro,Patagonia,Bariloche / Rio negro,https://www.elcordillerano.com.ar,Las mejores fotos de las vacaciones de Cami Homs en el Caribe
2026-06-21,2026-W25,provincial,EL CORDILLERANO,Río Negro,Patagonia,Bariloche / Rio negro,https://www.elcordillerano.com.ar,"Entró como cliente, robó productos y terminó detenido por la Policía"
2026-06-21,2026-W25,provincial,EL CORDILLERANO,Río Negro,Patagonia,Bariloche / Rio negro,https://www.elcordillerano.com.ar,Expulsaron a un ciudadano chileno de Argentina y le prohibieron regresar por diez años
2026-06-21,2026-W25,provincial,EL CORDILLERANO,Río Negro,Patagonia,Bariloche / Rio negro,https://www.elcordillerano.com.ar,“Me empecé a traumar”: Rochi Igarzabal ventiló lo que sufrió en Casi Ángeles
2026-06-21,2026-W25,provincial,EL CORDILLERANO,Río Negro,Patagonia,Bariloche / Rio negro,https://www.elcordillerano.com.ar,Cayó un árbol sobre avenida Bustillo y hubo demoras en el tránsito
2026-06-21,2026-W25,provincial,EL CORDILLERANO,Río Negro,Patagonia,Bariloche / Rio negro,https://www.elcordillerano.com.ar,Dos detenidos por destrozar la ventanilla de un auto para robar
2026-06-21,2026-W25,provincial,EL CORDILLERANO,Río Negro,Patagonia,Bariloche / Rio negro,https://www.elcordillerano.com.ar,Mario Pergolini se calentó con Lali Espósito y le hizo un fuerte reproche en vivo: “Después va a…”
2026-06-21,2026-W25,provincial,EL CORDILLERANO,Río Negro,Patagonia,Bariloche / Rio negro,https://www.elcordillerano.com.ar,Hallaron un bosque fósil de 50 millones de años en cercanías de Pilcaniyeu
2026-06-21,2026-W25,provincial,EL CORDILLERANO,Río Negro,Patagonia,Bariloche / Rio negro,https://www.elcordillerano.com.ar,Video: un grupo de jóvenes le robó a una familia brasilera en pleno centro de Bariloche
2026-06-21,2026-W25,provincial,EL CORDILLERANO,Río Negro,Patagonia,Bariloche / Rio negro,https://www.elcordillerano.com.ar,"Las fotos de Renata Mónaco, la modelo que enamoró a Ian Lucas y lo acompaña en el Mundial"
2026-06-21,2026-W25,provincial,EL CORDILLERANO,Río Negro,Patagonia,Bariloche / Rio negro,https://www.elcordillerano.com.ar,"Bajo un clima patagónico, se realizó emotivo acto por el Día de la Bandera en el Centro Cívico"
2026-06-21,2026-W25,provincial,EL CORDILLERANO,Río Negro,Patagonia,Bariloche / Rio negro,https://www.elcordillerano.com.ar,Paso Cardenal Samoré se encuentra transitable con precaución
2026-06-21,2026-W25,provincial,RÍO NEGRO,Río Negro,Patagonia,General Roca / Rio negro,https://www.rionegro.com.ar,Mundial 2026. ¡Es paliza! España golea por 3 a 0 Arabia Saudita en el primer tiempo
2026-06-21,2026-W25,provincial,RÍO NEGRO,Río Negro,Patagonia,General Roca / Rio negro,https://www.rionegro.com.ar,"Luego del empate en la primera fecha, ambos seleccionados buscan quedar bien posicionados en el Grupo H."
2026-06-21,2026-W25,provincial,RÍO NEGRO,Río Negro,Patagonia,General Roca / Rio negro,https://www.rionegro.com.ar,Los aliados le marcan la cancha a Javier Milei en el Senado y acorralan a un Manuel Adorni cercado por la Justicia
2026-06-21,2026-W25,provincial,RÍO NEGRO,Río Negro,Patagonia,General Roca / Rio negro,https://www.rionegro.com.ar,"La sorpresiva propuesta a Manuel Adorni luego que se elija Adrián Ravier, el rol de Karina Milei y la reunión en Casa Rosada"
2026-06-21,2026-W25,provincial,RÍO NEGRO,Río Negro,Patagonia,General Roca / Rio negro,https://www.rionegro.com.ar,«Manipulaciones digitales»: el descargo de Jésica Cirio sobre las imágenes donde se la muestra bolsas con dólares
2026-06-21,2026-W25,provincial,RÍO NEGRO,Río Negro,Patagonia,General Roca / Rio negro,https://www.rionegro.com.ar,"GNL en Neuquén: Plaza Huincul, Petroleros y el gobierno provincial alinean expectativas por una inversión de US$ 25.000 millones"
2026-06-21,2026-W25,provincial,RÍO NEGRO,Río Negro,Patagonia,General Roca / Rio negro,https://www.rionegro.com.ar,"La Ruta Provincial 2 de Río Negro, con más camiones, pero se afirma que hay menos excesos de peso"
2026-06-21,2026-W25,provincial,RÍO NEGRO,Río Negro,Patagonia,General Roca / Rio negro,https://www.rionegro.com.ar,Nuevo sorteo de Diario RÍO NEGRO: llegan dos Toyota Yaris 0KM para el Día de la Madre
2026-06-21,2026-W25,provincial,RÍO NEGRO,Río Negro,Patagonia,General Roca / Rio negro,https://www.rionegro.com.ar,La Selección y el Día del Padre | «Feliz día al mejor del mundo»: los emotivos saludos a los jugadores en pleno Mundial 2026
2026-06-21,2026-W25,provincial,RÍO NEGRO,Río Negro,Patagonia,General Roca / Rio negro,https://www.rionegro.com.ar,"Beccacece, tras el empate ante Curazao: «No logré entrar en el corazón del pueblo ecuatoriano»"
2026-06-21,2026-W25,provincial,RÍO NEGRO,Río Negro,Patagonia,General Roca / Rio negro,https://www.rionegro.com.ar,Japón goleó a Túnez y se acomodó con Países Bajos en lo más alto del grupo
2026-06-21,2026-W25,provincial,RÍO NEGRO,Río Negro,Patagonia,General Roca / Rio negro,https://www.rionegro.com.ar,Mundial 2026: a qué hora España y Arabia Saudita se enfrentan este domingo 21 y dónde ver todos los partidos
2026-06-21,2026-W25,provincial,RÍO NEGRO,Río Negro,Patagonia,General Roca / Rio negro,https://www.rionegro.com.ar,"Mundial 2026 Ecuador chocó con un tremendo Eloy Room, empató con Curazao y se complicó"
2026-06-21,2026-W25,provincial,RÍO NEGRO,Río Negro,Patagonia,General Roca / Rio negro,https://www.rionegro.com.ar,Selección Argentina: Scaloni tiene una certeza y dos dudas para el partido ante Austria
2026-06-21,2026-W25,provincial,RÍO NEGRO,Río Negro,Patagonia,General Roca / Rio negro,https://www.rionegro.com.ar,Alemania se lo dio vuelta a Costa de Marfil en el final y clasificó a los 16avos del Mundial
2026-06-21,2026-W25,provincial,RÍO NEGRO,Río Negro,Patagonia,General Roca / Rio negro,https://www.rionegro.com.ar,Por qué se celebra hoy el Día del Padre: el cambio de calendario en Argentina y su fecha original vinculada a San Martín
2026-06-21,2026-W25,provincial,RÍO NEGRO,Río Negro,Patagonia,General Roca / Rio negro,https://www.rionegro.com.ar,"Aunque hoy compartimos el asado y los mates del tercer domingo de junio, el festejo nacional nació para homenajear a San Martín y su hija Merceditas. El trágico origen norteamericano y el mapa de una fecha inamovible."
2026-06-21,2026-W25,provincial,RÍO NEGRO,Río Negro,Patagonia,General Roca / Rio negro,https://www.rionegro.com.ar,"Con diseño innovador, Terraza Norte apunta a ser uno de los nuevos íconos de Neuquén"
2026-06-21,2026-W25,provincial,RÍO NEGRO,Río Negro,Patagonia,General Roca / Rio negro,https://www.rionegro.com.ar,"Día del Padre La paternidad más allá del rol: «Estar presente no es solo pasar tiempo, es construir un vínculo»"
2026-06-21,2026-W25,provincial,RÍO NEGRO,Río Negro,Patagonia,General Roca / Rio negro,https://www.rionegro.com.ar,El escudo oxidado de Manuel Adorni
2026-06-21,2026-W25,provincial,RÍO NEGRO,Río Negro,Patagonia,General Roca / Rio negro,https://www.rionegro.com.ar,Enigma Bariloche
2026-06-21,2026-W25,provincial,RÍO NEGRO,Río Negro,Patagonia,General Roca / Rio negro,https://www.rionegro.com.ar,El precio del futuro
2026-06-21,2026-W25,provincial,RÍO NEGRO,Río Negro,Patagonia,General Roca / Rio negro,https://www.rionegro.com.ar,Movilizar la riqueza
2026-06-21,2026-W25,provincial,RÍO NEGRO,Río Negro,Patagonia,General Roca / Rio negro,https://www.rionegro.com.ar,Mirá como está la avenida Mosconi
2026-06-21,2026-W25,provincial,RÍO NEGRO,Río Negro,Patagonia,General Roca / Rio negro,https://www.rionegro.com.ar,Elecciones 2027: el operativo de Karina Milei para limar el poder de Santiago Caputo en las provincias
2026-06-21,2026-W25,provincial,RÍO NEGRO,Río Negro,Patagonia,General Roca / Rio negro,https://www.rionegro.com.ar,¡Es paliza! España golea por 3 a 0 Arabia Saudita en el primer tiempo
2026-06-21,2026-W25,provincial,RÍO NEGRO,Río Negro,Patagonia,General Roca / Rio negro,https://www.rionegro.com.ar,ATP 500: Francisco Cerúndolo derrotó a Tommy Paul y levantó el trofeo de campeón en Queen’s
2026-06-21,2026-W25,provincial,RÍO NEGRO,Río Negro,Patagonia,General Roca / Rio negro,https://www.rionegro.com.ar,Figueroa anticipó que en julio comenzará una prueba piloto para conectar Vaca Muerta con puertos del Pacífico
2026-06-21,2026-W25,provincial,RÍO NEGRO,Río Negro,Patagonia,General Roca / Rio negro,https://www.rionegro.com.ar,De Vaca Muerta a la agroindustria: el apoyo a la producción
2026-06-21,2026-W25,provincial,RÍO NEGRO,Río Negro,Patagonia,General Roca / Rio negro,https://www.rionegro.com.ar,"«Nunca pensé llegar a esto»: fue electricista en Chubut, cosechador en el Alto Valle y hoy es el «padre» de un campo ganadero en Río Negro"
2026-06-21,2026-W25,provincial,RÍO NEGRO,Río Negro,Patagonia,General Roca / Rio negro,https://www.rionegro.com.ar,"En medio de una escalada militar, Estados Unidos e Irán retoman en Suiza las negociaciones para la paz en Medio Oriente"
2026-06-21,2026-W25,provincial,RÍO NEGRO,Río Negro,Patagonia,General Roca / Rio negro,https://www.rionegro.com.ar,Mataron a un adolescente de 16 años frente a su casa en Neuquén y el principal sospechoso es otro menor
2026-06-21,2026-W25,provincial,RÍO NEGRO,Río Negro,Patagonia,General Roca / Rio negro,https://www.rionegro.com.ar,Abelardo de la Espriella e Iván Cepeda se enfrentan este domingo en el balotaje en Colombia
2026-06-21,2026-W25,provincial,RÍO NEGRO,Río Negro,Patagonia,General Roca / Rio negro,https://www.rionegro.com.ar,"Causa sobresueldos: Barbeito se presentará «el martes o miércoles», y los cambios de ritmo en tribunales"
2026-06-21,2026-W25,provincial,RÍO NEGRO,Río Negro,Patagonia,General Roca / Rio negro,https://www.rionegro.com.ar,El transporte urbano de Bariloche pierde pasajeros: el impacto de las app de viajes y el sinceramiento de tarifas
2026-06-21,2026-W25,provincial,RÍO NEGRO,Río Negro,Patagonia,General Roca / Rio negro,https://www.rionegro.com.ar,Entrevista a Martín Fraile: políticas culturales en Río Negro y el futuro del Fondo Editorial Rionegrino
2026-06-21,2026-W25,provincial,RÍO NEGRO,Río Negro,Patagonia,General Roca / Rio negro,https://www.rionegro.com.ar,Luciano Cáceres trae «Muerde» a Cipolletti y Bariloche: «El público se vuelve cómplice del actor»
2026-06-21,2026-W25,provincial,RÍO NEGRO,Río Negro,Patagonia,General Roca / Rio negro,https://www.rionegro.com.ar,"Glow, protección y simpleza: el protector solar que simplifica de la rutina facial"
2026-06-21,2026-W25,provincial,RÍO NEGRO,Río Negro,Patagonia,General Roca / Rio negro,https://www.rionegro.com.ar,ASÍ LO VEO / Adefa advierte por la competitividad y reclama bajar la carga impositiva
2026-06-21,2026-W25,provincial,RÍO NEGRO,Río Negro,Patagonia,General Roca / Rio negro,https://www.rionegro.com.ar,Domingo 21/06/26
2026-06-21,2026-W25,provincial,RÍO NEGRO,Río Negro,Patagonia,General Roca / Rio negro,https://www.rionegro.com.ar,El premio de Diario RÍO NEGRO y Decker Camiones ya tiene ganadora
2026-06-21,2026-W25,provincial,RÍO NEGRO,Río Negro,Patagonia,General Roca / Rio negro,https://www.rionegro.com.ar,Más sorteos de Diario RÍO NEGRO: llegan dos motos eléctricas 0KM para el Día del Amigo
2026-06-21,2026-W25,provincial,RÍO NEGRO,Río Negro,Patagonia,General Roca / Rio negro,https://www.rionegro.com.ar,"Más sorteos de Diario RÍO NEGRO: un horno pizzero, un fogonero móvil y un horno ahumador para el Día del Amigo"
2026-06-21,2026-W25,provincial,RÍO NEGRO,Río Negro,Patagonia,General Roca / Rio negro,https://www.rionegro.com.ar,¡Atención! Nuevo sorteo de Diario RÍO NEGRO: llegan dos Toyota Yaris 0KM para el Día de la Madre
2026-06-21,2026-W25,provincial,RÍO NEGRO,Río Negro,Patagonia,General Roca / Rio negro,https://www.rionegro.com.ar,"La familia que llegó desde Japón, apostó por la Patagonia y hoy mantiene viva una tradición entre flores e invernaderos"
2026-06-21,2026-W25,provincial,RÍO NEGRO,Río Negro,Patagonia,General Roca / Rio negro,https://www.rionegro.com.ar,Así será Terraza Norte: el nuevo polo gastronómico con estacionamiento subterráneo en Neuquén capital
2026-06-21,2026-W25,provincial,RÍO NEGRO,Río Negro,Patagonia,General Roca / Rio negro,https://www.rionegro.com.ar,A 30 años de la pueblada que cambió para siempre a Cutral Co y Plaza Huincul
2026-06-21,2026-W25,provincial,RÍO NEGRO,Río Negro,Patagonia,General Roca / Rio negro,https://www.rionegro.com.ar,Niñez: a 20 años de la reforma de la Constitución Neuquina
2026-06-21,2026-W25,provincial,RÍO NEGRO,Río Negro,Patagonia,General Roca / Rio negro,https://www.rionegro.com.ar,"Comienza el Festival Internacional de Percusión de Roca: los músicos que serán parte de la 24° edición, conciertos y venta de entradas"
2026-06-21,2026-W25,provincial,RÍO NEGRO,Río Negro,Patagonia,General Roca / Rio negro,https://www.rionegro.com.ar,"Una jueza, las adopciones y la pregunta que incomoda"
2026-06-21,2026-W25,provincial,NOTICIASNET,Río Negro,Patagonia,Viedma / Rio negro,https://www.noticiasnet.com.ar,Una mujer retuvo a una ladrona y la entregó a la policía
2026-06-21,2026-W25,provincial,NOTICIASNET,Río Negro,Patagonia,Viedma / Rio negro,https://www.noticiasnet.com.ar,"Emprendedores, feriantes y vecinos tendrán voz en una nueva comisión municipal"
2026-06-21,2026-W25,provincial,NOTICIASNET,Río Negro,Patagonia,Viedma / Rio negro,https://www.noticiasnet.com.ar,Tres clubes de Viedma recibieron espacios para desarrollar infraestructura deportiva y comunitaria
2026-06-21,2026-W25,provincial,NOTICIASNET,Río Negro,Patagonia,Viedma / Rio negro,https://www.noticiasnet.com.ar,"Sufrió un accidente en un barco, la ART no lo reconoció y el marinero tendrá millonaria indemnización"
2026-06-21,2026-W25,provincial,NOTICIASNET,Río Negro,Patagonia,Viedma / Rio negro,https://www.noticiasnet.com.ar,Un cartel en una calle resultó una verdadera trampa para una motociclista
2026-06-21,2026-W25,provincial,NOTICIASNET,Río Negro,Patagonia,Viedma / Rio negro,https://www.noticiasnet.com.ar,Faena ilegal: autorizan allanamientos para dar con los autores
2026-06-21,2026-W25,provincial,NOTICIASNET,Río Negro,Patagonia,Viedma / Rio negro,https://www.noticiasnet.com.ar,FOGARÍO acompaña a pymes rionegrinas para integrarse a Vaca Muerta
2026-06-21,2026-W25,provincial,NOTICIASNET,Río Negro,Patagonia,Viedma / Rio negro,https://www.noticiasnet.com.ar,Impulsan una ordenanza para preservar los árboles y ampliar los espacios verdes en Viedma: “No es sólo estética”
2026-06-21,2026-W25,provincial,NOTICIASNET,Río Negro,Patagonia,Viedma / Rio negro,https://www.noticiasnet.com.ar,El Cóndor tiene su melodía: un duelo de voces le canta al mar
2026-06-21,2026-W25,provincial,NOTICIASNET,Río Negro,Patagonia,Viedma / Rio negro,https://www.noticiasnet.com.ar,Violencia escolar: advierten que las escuelas carecen de herramientas frente al bullying
2026-06-21,2026-W25,provincial,NOTICIASNET,Río Negro,Patagonia,Viedma / Rio negro,https://www.noticiasnet.com.ar,¿Qué sentencia recayó sobre un sujeto tras acumular nueve delitos?
2026-06-21,2026-W25,provincial,NOTICIASNET,Río Negro,Patagonia,Viedma / Rio negro,https://www.noticiasnet.com.ar,Avistaje de ballenas: las impactantes imágenes aéreas que revelan la riqueza natural del Golfo San Matías
2026-06-21,2026-W25,provincial,NOTICIASNET,Río Negro,Patagonia,Viedma / Rio negro,https://www.noticiasnet.com.ar,Dejó la guitarra por el micrófono y hoy es uno de los artistas que marca el ritmo rockero
2026-06-21,2026-W25,provincial,NOTICIASNET,Río Negro,Patagonia,Viedma / Rio negro,https://www.noticiasnet.com.ar,"Las ventas por el Día del Padre cayeron 0,3% y el consumo sigue sin repuntar"
2026-06-21,2026-W25,provincial,NOTICIASNET,Río Negro,Patagonia,Viedma / Rio negro,https://www.noticiasnet.com.ar,La Legislatura y un fuerte compromiso con la discapacidad que trasciende fronteras
2026-06-21,2026-W25,provincial,NOTICIASNET,Río Negro,Patagonia,Viedma / Rio negro,https://www.noticiasnet.com.ar,Pronóstico para Viedma: cómo estará el clima este domingo 21
2026-06-21,2026-W25,provincial,NOTICIASNET,Río Negro,Patagonia,Viedma / Rio negro,https://www.noticiasnet.com.ar,Elecciones en Colombia: Iván Cepeda y Abelardo de la Espriella definen la presidencia en balotaje
2026-06-21,2026-W25,provincial,NOTICIASNET,Río Negro,Patagonia,Viedma / Rio negro,https://www.noticiasnet.com.ar,Fake news y el caso Florencia Peña: periodistas de Viedma cuestionaron la búsqueda de primicias y la falta de chequeo
2026-06-21,2026-W25,provincial,NOTICIASNET,Río Negro,Patagonia,Viedma / Rio negro,https://www.noticiasnet.com.ar,Gestión menstrual: el proyecto que busca visibilizar y acompañar una problemática que atraviesa a mujeres
2026-06-21,2026-W25,provincial,NOTICIASNET,Río Negro,Patagonia,Viedma / Rio negro,https://www.noticiasnet.com.ar,"La carne de búfalo gana terreno en el país: ""Aporta una mejor nutrición"""
2026-06-21,2026-W25,provincial,NOTICIASNET,Río Negro,Patagonia,Viedma / Rio negro,https://www.noticiasnet.com.ar,Triquinosis en temporada de faena: la importancia de consumir carne segura
2026-06-21,2026-W25,provincial,NOTICIASNET,Río Negro,Patagonia,Viedma / Rio negro,https://www.noticiasnet.com.ar,Kilómetro 0: una red de 14 invernaderos para producir en todo Río Negro
2026-06-21,2026-W25,provincial,NOTICIASNET,Río Negro,Patagonia,Viedma / Rio negro,https://www.noticiasnet.com.ar,Los avellanos se hacen notar en el Valle Inferior del río Negro
2026-06-21,2026-W25,provincial,NOTICIASNET,Río Negro,Patagonia,Viedma / Rio negro,https://www.noticiasnet.com.ar,Controversia por la actividad de pescadores en una reserva protegida
2026-06-21,2026-W25,provincial,NOTICIASNET,Río Negro,Patagonia,Viedma / Rio negro,https://www.noticiasnet.com.ar,Las dudas de Scaloni en la Selección argentina a un día de enfrentar a Austria en el Mundial de Fútbol
2026-06-21,2026-W25,provincial,NOTICIASNET,Río Negro,Patagonia,Viedma / Rio negro,https://www.noticiasnet.com.ar,La CGT y las dos CTA coordinan nuevas protestas contra el gobierno de Milei
2026-06-21,2026-W25,provincial,NOTICIASNET,Río Negro,Patagonia,Viedma / Rio negro,https://www.noticiasnet.com.ar,Reclaman a Nación definiciones para poner en marcha el RIMI y beneficiar a productores y emprendedores en Río Negro
2026-06-21,2026-W25,provincial,NOTICIASNET,Río Negro,Patagonia,Viedma / Rio negro,https://www.noticiasnet.com.ar,Mundial 2026: qué partidos se juegan este domingo 21 de junio
2026-06-21,2026-W25,provincial,NOTICIASNET,Río Negro,Patagonia,Viedma / Rio negro,https://www.noticiasnet.com.ar,Viedma celebró el Día de la Bandera con una multitudinaria jornada en el barrio Belgrano
2026-06-21,2026-W25,provincial,NOTICIASNET,Río Negro,Patagonia,Viedma / Rio negro,https://www.noticiasnet.com.ar,Vecinos de La Lobería volvieron a levantar el santuario que había sido vandalizado: “Colocaron cámaras del 911”
2026-06-21,2026-W25,provincial,NOTICIASNET,Río Negro,Patagonia,Viedma / Rio negro,https://www.noticiasnet.com.ar,Pesca y tranquilidad: por qué Bahía San Blas es la escapada perfecta para este invierno
2026-06-21,2026-W25,provincial,NOTICIASNET,Río Negro,Patagonia,Viedma / Rio negro,https://www.noticiasnet.com.ar,Temporada de nieve 2026: Bariloche y El Bolsón impulsan el invierno con inversiones récord en infraestructura
2026-06-21,2026-W25,provincial,NOTICIASNET,Río Negro,Patagonia,Viedma / Rio negro,https://www.noticiasnet.com.ar,"“Más crisis, más estudiantes vienen”, aseguró el presidente de la Cámara de Turismo de Bariloche"
2026-06-21,2026-W25,provincial,NOTICIASNET,Río Negro,Patagonia,Viedma / Rio negro,https://www.noticiasnet.com.ar,"Con la presencia del gobernador, se inauguró el playón deportivo del barrio Santa Clara"
2026-06-21,2026-W25,provincial,NOTICIASNET,Río Negro,Patagonia,Viedma / Rio negro,https://www.noticiasnet.com.ar,Dos bebés fueron asistidos porque les detectaron cocaína en sangre en Bariloche
2026-06-21,2026-W25,provincial,NOTICIASNET,Río Negro,Patagonia,Viedma / Rio negro,https://www.noticiasnet.com.ar,Brasil: fueron detenidas seis personas por el fatal salto sin cuerda de seguridad
2026-06-21,2026-W25,provincial,NOTICIASNET,Río Negro,Patagonia,Viedma / Rio negro,https://www.noticiasnet.com.ar,"Las ventas en supermercados cayeron 3,7% interanual en abril"
2026-06-21,2026-W25,provincial,NOTICIASNET,Río Negro,Patagonia,Viedma / Rio negro,https://www.noticiasnet.com.ar,Irán volvió a cerrar el estrecho de Ormuz por los ataques de Israel en Líbano
2026-06-21,2026-W25,provincial,NOTICIASNET,Río Negro,Patagonia,Viedma / Rio negro,https://www.noticiasnet.com.ar,"Secuestraron drogas, armas y chalecos de la policía en el barrio 30 de Marzo"
2026-06-21,2026-W25,provincial,NOTICIASNET,Río Negro,Patagonia,Viedma / Rio negro,https://www.noticiasnet.com.ar,Un científico de Panamá dio una clase magistral en la UNRN
2026-06-21,2026-W25,provincial,NOTICIASNET,Río Negro,Patagonia,Viedma / Rio negro,https://www.noticiasnet.com.ar,"Chispas, humo y tensión sobre la ruta: un camión estuvo a punto de incendiarse"
2026-06-21,2026-W25,provincial,NOTICIASNET,Río Negro,Patagonia,Viedma / Rio negro,https://www.noticiasnet.com.ar,Proponen debatir la creación de un Fondo Rionegrino para la Vivienda: cómo se implementaría
2026-06-21,2026-W25,provincial,NOTICIASNET,Río Negro,Patagonia,Viedma / Rio negro,https://www.noticiasnet.com.ar,Ardió un auto en San Antonio y generó conmoción
2026-06-21,2026-W25,provincial,NOTICIASNET,Río Negro,Patagonia,Viedma / Rio negro,https://www.noticiasnet.com.ar,Limpiaron varias cuadras en barrios periféricos de Viedma
2026-06-21,2026-W25,provincial,NOTICIASNET,Río Negro,Patagonia,Viedma / Rio negro,https://www.noticiasnet.com.ar,Río Colorado renovará el techo de su hospital con apoyo provincial
2026-06-21,2026-W25,provincial,NOTICIASNET,Río Negro,Patagonia,Viedma / Rio negro,https://www.noticiasnet.com.ar,¿Cómo estará el clima en Viedma y la región en este último día del otoño?
2026-06-21,2026-W25,provincial,NOTICIASNET,Río Negro,Patagonia,Viedma / Rio negro,https://www.noticiasnet.com.ar,Ley 80/20: Río Negro garantiza empleo local en Duplicar Norte
2026-06-21,2026-W25,provincial,NOTICIASNET,Río Negro,Patagonia,Viedma / Rio negro,https://www.noticiasnet.com.ar,La fiebre por las figuritas del Mundial llegan hasta la universidad
2026-06-21,2026-W25,provincial,NOTICIASNET,Río Negro,Patagonia,Viedma / Rio negro,https://www.noticiasnet.com.ar,Cayeron tras robar dos motos y los atraparon en plena fuga
2026-06-21,2026-W25,provincial,NOTICIASNET,Río Negro,Patagonia,Viedma / Rio negro,https://www.noticiasnet.com.ar,De las carpas a salas vacías: cómo la caída de la natalidad transformará los jardines
2026-06-21,2026-W25,provincial,LA OPINIÓN AUSTRAL,Santa Cruz,Patagonia,Santa Cruz,https://www.laopinionaustral.com.ar,Violento asalto en Chubut: cayó la banda acusada de balear a un camionero y robar $43 millones
2026-06-21,2026-W25,provincial,LA OPINIÓN AUSTRAL,Santa Cruz,Patagonia,Santa Cruz,https://www.laopinionaustral.com.ar,Domingo de elecciones en la UCR: El radicalismo vota a su nueva conducción en Santa Cruz
2026-06-21,2026-W25,provincial,LA OPINIÓN AUSTRAL,Santa Cruz,Patagonia,Santa Cruz,https://www.laopinionaustral.com.ar,"Bomberos de Santa Cruz en el Día del Padre: “Con el mismo compromiso con el que protegen a los ciudadanos, cuidan, guían y educan a sus hijos”"
2026-06-21,2026-W25,provincial,LA OPINIÓN AUSTRAL,Santa Cruz,Patagonia,Santa Cruz,https://www.laopinionaustral.com.ar,Tenso cruce entre Ángela Torres y Flor Jazmín en Luzu TV: “Yo te voy a contar cuando…”
2026-06-21,2026-W25,provincial,LA OPINIÓN AUSTRAL,Santa Cruz,Patagonia,Santa Cruz,https://www.laopinionaustral.com.ar,Máxima Zorreguieta y el rey Guillermo celebraron en el vestuario de Curazao tras el histórico empate con Ecuador en el Mundial 2026
2026-06-21,2026-W25,provincial,LA OPINIÓN AUSTRAL,Santa Cruz,Patagonia,Santa Cruz,https://www.laopinionaustral.com.ar,Una mujer insultó y escupió a Lilia Lemoine en el acto por el Día de la Bandera: la diputada respondió con un cachetazo
2026-06-21,2026-W25,provincial,LA OPINIÓN AUSTRAL,Santa Cruz,Patagonia,Santa Cruz,https://www.laopinionaustral.com.ar,Receta de salsa carbonara: cómo prepararla para acompañar un plato de pastas
2026-06-21,2026-W25,provincial,LA OPINIÓN AUSTRAL,Santa Cruz,Patagonia,Santa Cruz,https://www.laopinionaustral.com.ar,Tapa especial: Gimnasia campeón de la Liga nacional de básquet
2026-06-21,2026-W25,provincial,LA OPINIÓN AUSTRAL,Santa Cruz,Patagonia,Santa Cruz,https://www.laopinionaustral.com.ar,Tapa especial: Gimnasia de Comodoro ganó se segunda estrella
2026-06-21,2026-W25,provincial,LA OPINIÓN AUSTRAL,Santa Cruz,Patagonia,Santa Cruz,https://www.laopinionaustral.com.ar,"Tapa del Diario La Opinión Austral del domingo 21 de junio de 2026, Río Gallegos, Santa Cruz, Argentina"
2026-06-21,2026-W25,provincial,LA OPINIÓN AUSTRAL,Santa Cruz,Patagonia,Santa Cruz,https://www.laopinionaustral.com.ar,Últimas noticias
2026-06-21,2026-W25,provincial,LA OPINIÓN AUSTRAL,Santa Cruz,Patagonia,Santa Cruz,https://www.laopinionaustral.com.ar,Política y Economía
2026-06-21,2026-W25,provincial,LA OPINIÓN AUSTRAL,Santa Cruz,Patagonia,Santa Cruz,https://www.laopinionaustral.com.ar,La “Abuela la-la-la-la-la” de Río Gallegos: “A Messi lo quiero”
2026-06-21,2026-W25,provincial,LA OPINIÓN AUSTRAL,Santa Cruz,Patagonia,Santa Cruz,https://www.laopinionaustral.com.ar,"“La bandera nos une, nos hermana y moviliza”: Secundario N° 4 realizó abrazo simbólico en Río Turbio"
2026-06-21,2026-W25,provincial,LA OPINIÓN AUSTRAL,Santa Cruz,Patagonia,Santa Cruz,https://www.laopinionaustral.com.ar,Provincias en rojo: el costo oculto del superávit nacional ya golpea a los gobernadores
2026-06-21,2026-W25,provincial,LA OPINIÓN AUSTRAL,Santa Cruz,Patagonia,Santa Cruz,https://www.laopinionaustral.com.ar,Cristina Kirchner salió al balcón a saludar a la militancia que se movilizó
2026-06-21,2026-W25,provincial,LA OPINIÓN AUSTRAL,Santa Cruz,Patagonia,Santa Cruz,https://www.laopinionaustral.com.ar,Le puso puntaje: la nota que le dio el economista Camilo Tiscornia a la gestión de Milei y Caputo
2026-06-21,2026-W25,provincial,LA OPINIÓN AUSTRAL,Santa Cruz,Patagonia,Santa Cruz,https://www.laopinionaustral.com.ar,Othar Macharashvili se sumó a los festejos por el Día de la Bandera en el Centro de Inclusión “La Esquina”
2026-06-21,2026-W25,provincial,LA OPINIÓN AUSTRAL,Santa Cruz,Patagonia,Santa Cruz,https://www.laopinionaustral.com.ar,Radiografía del teatro argentino: entre el éxito macroeconómico y el “apagón” de la ficción televisiva
2026-06-21,2026-W25,provincial,LA OPINIÓN AUSTRAL,Santa Cruz,Patagonia,Santa Cruz,https://www.laopinionaustral.com.ar,Ignacio Torres anunció una nueva Escuela de Cadetes y un plan habitacional para la Policía del Chubut
2026-06-21,2026-W25,provincial,LA OPINIÓN AUSTRAL,Santa Cruz,Patagonia,Santa Cruz,https://www.laopinionaustral.com.ar,Milei destacó a Belgrano como el “primer intelectual liberal económico argentino” en el acto por el Día de la Bandera en Rosario
2026-06-21,2026-W25,provincial,LA OPINIÓN AUSTRAL,Santa Cruz,Patagonia,Santa Cruz,https://www.laopinionaustral.com.ar,El Senado distinguió con un Diploma de Honor al fotoperiodista Pablo Grillo
2026-06-21,2026-W25,provincial,LA OPINIÓN AUSTRAL,Santa Cruz,Patagonia,Santa Cruz,https://www.laopinionaustral.com.ar,El Gobierno de Santa Cruz despidió a Eduardo Borel: “Su vocación y compañerismo dejan una huella imborrable”
2026-06-21,2026-W25,provincial,LA OPINIÓN AUSTRAL,Santa Cruz,Patagonia,Santa Cruz,https://www.laopinionaustral.com.ar,Paritaria de Salud: el Gobierno replicó la propuesta de la Central y seguirá dialogando con el sector
2026-06-21,2026-W25,provincial,LA OPINIÓN AUSTRAL,Santa Cruz,Patagonia,Santa Cruz,https://www.laopinionaustral.com.ar,La Peña Sentimiento Xeneize lanzó una nueva campaña solidaria para ayudar a familias durante el invierno
2026-06-21,2026-W25,provincial,LA OPINIÓN AUSTRAL,Santa Cruz,Patagonia,Santa Cruz,https://www.laopinionaustral.com.ar,Ángeles Especiales impulsa la inclusión laboral con una pizzería atendida por sus propios jóvenes
2026-06-21,2026-W25,provincial,LA OPINIÓN AUSTRAL,Santa Cruz,Patagonia,Santa Cruz,https://www.laopinionaustral.com.ar,Una riogalleguense vivió en Kansas el debut de Argentina y cumplió el sueño de ver a Messi en un Mundial
2026-06-21,2026-W25,provincial,LA OPINIÓN AUSTRAL,Santa Cruz,Patagonia,Santa Cruz,https://www.laopinionaustral.com.ar,"La abuela “la-la-la-la-la” de Río Gallegos: “A Messi, lo quiero”"
2026-06-21,2026-W25,provincial,LA OPINIÓN AUSTRAL,Santa Cruz,Patagonia,Santa Cruz,https://www.laopinionaustral.com.ar,Veterano de Malvinas Juan Carlos Caballero le tomó la promesa de lealtad a la bandera a su nieta
2026-06-21,2026-W25,provincial,LA OPINIÓN AUSTRAL,Santa Cruz,Patagonia,Santa Cruz,https://www.laopinionaustral.com.ar,Oscar Sarmartano: la leyenda del karting santacruceño y formador de pilotos
2026-06-21,2026-W25,provincial,LA OPINIÓN AUSTRAL,Santa Cruz,Patagonia,Santa Cruz,https://www.laopinionaustral.com.ar,"Izamiento dominical, una tradición en la capital santacruceña"
2026-06-21,2026-W25,provincial,LA OPINIÓN AUSTRAL,Santa Cruz,Patagonia,Santa Cruz,https://www.laopinionaustral.com.ar,Por qué Nico Occhiato reincorporó sólo a uno de los productores de Luzu TV involucrados en la fake news
2026-06-21,2026-W25,provincial,LA OPINIÓN AUSTRAL,Santa Cruz,Patagonia,Santa Cruz,https://www.laopinionaustral.com.ar,Faustino Oro hizo historia ante un campeón internacional
2026-06-21,2026-W25,provincial,LA OPINIÓN AUSTRAL,Santa Cruz,Patagonia,Santa Cruz,https://www.laopinionaustral.com.ar,16° edición de la Feria del Libro Independiente y Autogestiva de Río Gallegos
2026-06-21,2026-W25,provincial,LA OPINIÓN AUSTRAL,Santa Cruz,Patagonia,Santa Cruz,https://www.laopinionaustral.com.ar,Anne Hathaway anunció que espera a su tercer hijo
2026-06-21,2026-W25,provincial,LA OPINIÓN AUSTRAL,Santa Cruz,Patagonia,Santa Cruz,https://www.laopinionaustral.com.ar,Migue Granados opinó sobre el escándalo de Luzu TV: “No me agrada”
2026-06-21,2026-W25,provincial,LA OPINIÓN AUSTRAL,Santa Cruz,Patagonia,Santa Cruz,https://www.laopinionaustral.com.ar,Buscan a una adolescente de 16 años en Caleta Olivia y piden colaboración para encontrarla
2026-06-21,2026-W25,provincial,LA OPINIÓN AUSTRAL,Santa Cruz,Patagonia,Santa Cruz,https://www.laopinionaustral.com.ar,Comodoro Rivadavia pone el Mundial de Fútbol en pausa este sábado: hubo cola desde temprano por una entrada en el estadio para ver la sexta final de Gimnasia vs Quimsa
2026-06-21,2026-W25,provincial,LA OPINIÓN AUSTRAL,Santa Cruz,Patagonia,Santa Cruz,https://www.laopinionaustral.com.ar,“Voy a luchar para que no quede impune”: fuerte reclamo de la familia de “huesito” Carabajal a cuatro años del hecho
2026-06-21,2026-W25,provincial,LA OPINIÓN AUSTRAL,Santa Cruz,Patagonia,Santa Cruz,https://www.laopinionaustral.com.ar,Polémica en un jardín de Pico Truncado: denuncian falta de rendición de fondos para camperas de egresados
2026-06-21,2026-W25,provincial,LA OPINIÓN AUSTRAL,Santa Cruz,Patagonia,Santa Cruz,https://www.laopinionaustral.com.ar,Juicio por la muerte de Jonathan “Huesito” Carabajal: comienza el debate oral contra el sobrino del “Roña” Castro
2026-06-21,2026-W25,provincial,LA OPINIÓN AUSTRAL,Santa Cruz,Patagonia,Santa Cruz,https://www.laopinionaustral.com.ar,Corte de agua en Caleta Olivia: interrumpirán el suministro durante 18 horas por reparaciones en el acueducto
2026-06-21,2026-W25,provincial,LA OPINIÓN AUSTRAL,Santa Cruz,Patagonia,Santa Cruz,https://www.laopinionaustral.com.ar,Conmoción en Caleta Olivia: hallaron muerto a un hombre en su domicilio
2026-06-21,2026-W25,provincial,LA OPINIÓN AUSTRAL,Santa Cruz,Patagonia,Santa Cruz,https://www.laopinionaustral.com.ar,Caleta Olivia se vistió de celeste y blanco tras el triunfo de Argentina en el Mundial 2026
2026-06-21,2026-W25,provincial,LA OPINIÓN AUSTRAL,Santa Cruz,Patagonia,Santa Cruz,https://www.laopinionaustral.com.ar,Puerto Deseado suma actividad y espera el arribo de nuevos buques en los próximos días
2026-06-21,2026-W25,provincial,LA OPINIÓN AUSTRAL,Santa Cruz,Patagonia,Santa Cruz,https://www.laopinionaustral.com.ar,Lo detuvieron tras atacar con un destornillador a su expareja y al novio de ella mientras dormían en Pico Truncado
2026-06-21,2026-W25,provincial,LA OPINIÓN AUSTRAL,Santa Cruz,Patagonia,Santa Cruz,https://www.laopinionaustral.com.ar,Reforma Laboral y Ley de Glaciares: qué busca la minería argentina antes del nuevo evento de PDAC
2026-06-21,2026-W25,provincial,LA OPINIÓN AUSTRAL,Santa Cruz,Patagonia,Santa Cruz,https://www.laopinionaustral.com.ar,¿Patagonia “maicera”?: ensayos buscan encontrar el híbrido que mejor se adapte
2026-06-21,2026-W25,provincial,LA OPINIÓN AUSTRAL,Santa Cruz,Patagonia,Santa Cruz,https://www.laopinionaustral.com.ar,Argentina fortalece su competitividad y afronta los desafíos mineros de 2026
2026-06-21,2026-W25,provincial,LA OPINIÓN AUSTRAL,Santa Cruz,Patagonia,Santa Cruz,https://www.laopinionaustral.com.ar,Ley de Glaciares: el Gobierno reabre el debate con inversiones condicionadas
2026-06-21,2026-W25,provincial,NUEVO DÍA,Santa Cruz,Patagonia,Santa Cruz,https://www.eldiarionuevodia.com.ar,Nuevo Siniestro Vial en la Complementaria 20: un auto chocó cerca de Río Turbio
2026-06-21,2026-W25,provincial,NUEVO DÍA,Santa Cruz,Patagonia,Santa Cruz,https://www.eldiarionuevodia.com.ar,"Santa Cruz Secreta: Jaramillo y Fitz Roy, dos pueblos donde el tren, la piedra y la memoria siguen hablando"
2026-06-21,2026-W25,provincial,NUEVO DÍA,Santa Cruz,Patagonia,Santa Cruz,https://www.eldiarionuevodia.com.ar,Con amplia participación se iniciaron los comicios internos del radicalismo santacruceño
2026-06-21,2026-W25,provincial,NUEVO DÍA,Santa Cruz,Patagonia,Santa Cruz,https://www.eldiarionuevodia.com.ar,El PJ de Santa Cruz no se medirá en las urnas: hay lista unidad encabezada por Pablo Grasso
2026-06-21,2026-W25,provincial,NUEVO DÍA,Santa Cruz,Patagonia,Santa Cruz,https://www.eldiarionuevodia.com.ar,"Se escaparon de un yacimiento petrolero de Santa Cruz, robaron cobre, los persiguieron y detuvieron a uno de los presuntos ladrones: hay un prófugo"
2026-06-21,2026-W25,provincial,NUEVO DÍA,Santa Cruz,Patagonia,Santa Cruz,https://www.eldiarionuevodia.com.ar,Adolescente de 16 años es intensamente buscada en Río Gallegos
2026-06-21,2026-W25,provincial,NUEVO DÍA,Santa Cruz,Patagonia,Santa Cruz,https://www.eldiarionuevodia.com.ar,Un menor recibió dos puñaladas en una pelea callejera en pleno paseo céntrico
2026-06-21,2026-W25,provincial,NUEVO DÍA,Santa Cruz,Patagonia,Santa Cruz,https://www.eldiarionuevodia.com.ar,Robo comando en la ruta 3: detuvieron a tres sospechosos y recuperaron más de $43 millones
2026-06-21,2026-W25,provincial,NUEVO DÍA,Santa Cruz,Patagonia,Santa Cruz,https://www.eldiarionuevodia.com.ar,La Justicia pidió los videos de Cirio con fajos de dólares en la causa contra Insaurralde
2026-06-21,2026-W25,provincial,NUEVO DÍA,Santa Cruz,Patagonia,Santa Cruz,https://www.eldiarionuevodia.com.ar,Volcó un móvil en Ruta 3 que trasladaba policías hacia Pico Truncado
2026-06-21,2026-W25,provincial,NUEVO DÍA,Santa Cruz,Patagonia,Santa Cruz,https://www.eldiarionuevodia.com.ar,Cazaban guanacos en Santa Cruz y mientras faenaban los detuvieron: tenían un arma y decenas de municiones
2026-06-21,2026-W25,provincial,NUEVO DÍA,Santa Cruz,Patagonia,Santa Cruz,https://www.eldiarionuevodia.com.ar,"Tras el papelón en el debut, España choca con Arabia Saudita"
2026-06-21,2026-W25,provincial,NUEVO DÍA,Santa Cruz,Patagonia,Santa Cruz,https://www.eldiarionuevodia.com.ar,Bélgica enfrenta a Irán en un duelo clave por el grupo G
2026-06-21,2026-W25,provincial,NUEVO DÍA,Santa Cruz,Patagonia,Santa Cruz,https://www.eldiarionuevodia.com.ar,La Nueva Zelanda de Tim Payne se ve las caras con la Egipto de Salah
2026-06-21,2026-W25,provincial,NUEVO DÍA,Santa Cruz,Patagonia,Santa Cruz,https://www.eldiarionuevodia.com.ar,Japón se floreó y aplastó 4-0 a Túnez en el partido 1.000 de los Mundiales
2026-06-21,2026-W25,provincial,NUEVO DÍA,Santa Cruz,Patagonia,Santa Cruz,https://www.eldiarionuevodia.com.ar,Alemania se lo dio vuelta a Costa de Marfil y se aseguró la clasificación a 16avos
2026-06-21,2026-W25,provincial,NUEVO DÍA,Santa Cruz,Patagonia,Santa Cruz,https://www.eldiarionuevodia.com.ar,Caso Loan: la verdad escondida en un siniestro silencio cómplice
2026-06-21,2026-W25,provincial,NUEVO DÍA,Santa Cruz,Patagonia,Santa Cruz,https://www.eldiarionuevodia.com.ar,La nueva grieta de Javier Milei: tras el dato de superávit comercial récord ¿hacia dónde va la economía?
2026-06-21,2026-W25,provincial,NUEVO DÍA,Santa Cruz,Patagonia,Santa Cruz,https://www.eldiarionuevodia.com.ar,Semana clave: Milei define el futuro de Adorni en el Congreso
2026-06-21,2026-W25,provincial,NUEVO DÍA,Santa Cruz,Patagonia,Santa Cruz,https://www.eldiarionuevodia.com.ar,Los videos con dólares en el caso Insaurralde-Cirio
2026-06-21,2026-W25,provincial,NUEVO DÍA,Santa Cruz,Patagonia,Santa Cruz,https://www.eldiarionuevodia.com.ar,"Milei llamó a Belgrano ""liberal económico"" en acto por el Día de la Bandera"
2026-06-21,2026-W25,provincial,NUEVO DÍA,Santa Cruz,Patagonia,Santa Cruz,https://www.eldiarionuevodia.com.ar,Peso chileno hoy: a cuánto cotiza este sábado 20 de junio
2026-06-21,2026-W25,provincial,NUEVO DÍA,Santa Cruz,Patagonia,Santa Cruz,https://www.eldiarionuevodia.com.ar,Alumnos de las Escuelas del Viento realizaron la Promesa de Lealtad a la Bandera
2026-06-21,2026-W25,provincial,NUEVO DÍA,Santa Cruz,Patagonia,Santa Cruz,https://www.eldiarionuevodia.com.ar,"Por el reclamo policial, un hospital de Santa Cruz limita guardias y ambulancias"
2026-06-21,2026-W25,provincial,NUEVO DÍA,Santa Cruz,Patagonia,Santa Cruz,https://www.eldiarionuevodia.com.ar,Santa Cruz: provocó un choque en cadena que dañó tres autos y se fugó
2026-06-21,2026-W25,provincial,NUEVO DÍA,Santa Cruz,Patagonia,Santa Cruz,https://www.eldiarionuevodia.com.ar,Un senador de Santa Cruz busca que los combustibles tengan una rebaja del 50% en la Patagonia
2026-06-21,2026-W25,provincial,NUEVO DÍA,Santa Cruz,Patagonia,Santa Cruz,https://www.eldiarionuevodia.com.ar,Adidas liquidó stock y ofrece descuentos de hasta 50%
2026-06-21,2026-W25,provincial,NUEVO DÍA,Santa Cruz,Patagonia,Santa Cruz,https://www.eldiarionuevodia.com.ar,"Paritaria de Salud: el Gobierno propuso un 16,8% de incremento y pasan a cuarto intermedio hasta el viernes"
2026-06-21,2026-W25,provincial,NUEVO DÍA,Santa Cruz,Patagonia,Santa Cruz,https://www.eldiarionuevodia.com.ar,Santa Cruz: buscan a una joven de 16 años
2026-06-21,2026-W25,provincial,NUEVO DÍA,Santa Cruz,Patagonia,Santa Cruz,https://www.eldiarionuevodia.com.ar,"Inauguraron una nueva edición de ""Juegos y Juguetes"" en el Museo Minnicelli de Río Gallegos"
2026-06-21,2026-W25,provincial,NUEVO DÍA,Santa Cruz,Patagonia,Santa Cruz,https://www.eldiarionuevodia.com.ar,Una camioneta impactó contra columna de alumbrado
2026-06-21,2026-W25,provincial,NUEVO DÍA,Santa Cruz,Patagonia,Santa Cruz,https://www.eldiarionuevodia.com.ar,"""Pasión y Gloria"": inauguran en Río Gallegos una muestra colectiva que une fútbol, arte e identidad argentina"
2026-06-21,2026-W25,provincial,NUEVO DÍA,Santa Cruz,Patagonia,Santa Cruz,https://www.eldiarionuevodia.com.ar,Paritaria de Salud: el Gobierno provincial brindó más detalles sobre la oferta salarial que analizarán los gremios
2026-06-21,2026-W25,provincial,NUEVO DÍA,Santa Cruz,Patagonia,Santa Cruz,https://www.eldiarionuevodia.com.ar,"Gobierno de Santa Cruz envía condolencias ante la muerte del comandante Eduardo ""Panta"" Borel"
2026-06-21,2026-W25,provincial,NUEVO DÍA,Santa Cruz,Patagonia,Santa Cruz,https://www.eldiarionuevodia.com.ar,Río Gallegos se sumó a la Red Argentina de Municipios frente al Cambio Climático
2026-06-21,2026-W25,provincial,NUEVO DÍA,Santa Cruz,Patagonia,Santa Cruz,https://www.eldiarionuevodia.com.ar,"Con críticas a la oferta salarial de Provincia, el Frente Sindical se movilizó nuevamente en Río Gallegos"
2026-06-21,2026-W25,provincial,NUEVO DÍA,Santa Cruz,Patagonia,Santa Cruz,https://www.eldiarionuevodia.com.ar,"Proponen que el sector de Señalizaciones del Municipio de Río Gallegos lleve el nombre de ""Oscarcito"" Álvarez"
2026-06-21,2026-W25,provincial,NUEVO DÍA,Santa Cruz,Patagonia,Santa Cruz,https://www.eldiarionuevodia.com.ar,Oscar Miguele analizó el Mundial y el presente de la Selección Argentina
2026-06-21,2026-W25,provincial,NUEVO DÍA,Santa Cruz,Patagonia,Santa Cruz,https://www.eldiarionuevodia.com.ar,Dos intervenciones de Bomberos en pocas horas: controlaron un incendio menor y un desperfecto eléctrico
2026-06-21,2026-W25,provincial,NUEVO DÍA,Santa Cruz,Patagonia,Santa Cruz,https://www.eldiarionuevodia.com.ar,El jefe de Policía de Santa Cruz advirtió que podrían retirar las armas a efectivos autoconvocados: los motivos
2026-06-21,2026-W25,provincial,NUEVO DÍA,Santa Cruz,Patagonia,Santa Cruz,https://www.eldiarionuevodia.com.ar,"Dio 0,84 de alcohol y terminó detenida tras violento episodio"
2026-06-21,2026-W25,provincial,NUEVO DÍA,Santa Cruz,Patagonia,Santa Cruz,https://www.eldiarionuevodia.com.ar,Fuerte choque dejó como saldo una conductora fue hospitalizada
2026-06-21,2026-W25,provincial,NUEVO DÍA,Santa Cruz,Patagonia,Santa Cruz,https://www.eldiarionuevodia.com.ar,Adiós para siempre a los enchufes: la tendencia en electrodomésticos de cocina que se acerca al futuro
2026-06-21,2026-W25,provincial,NUEVO DÍA,Santa Cruz,Patagonia,Santa Cruz,https://www.eldiarionuevodia.com.ar,Roblox lanza nueva guía para padres y actualiza cuentas para menores de 16 años
2026-06-21,2026-W25,provincial,NUEVO DÍA,Santa Cruz,Patagonia,Santa Cruz,https://www.eldiarionuevodia.com.ar,Fácil y gratis: cómo crear tu propia figurita del Mundial 2026 personalizada con inteligencia artificial
2026-06-21,2026-W25,provincial,NUEVO DÍA,Santa Cruz,Patagonia,Santa Cruz,https://www.eldiarionuevodia.com.ar,Las apps gratuitas que muestran en qué se va tu dinero mes a mes
2026-06-21,2026-W25,provincial,NUEVO DÍA,Santa Cruz,Patagonia,Santa Cruz,https://www.eldiarionuevodia.com.ar,Pocos lo hacen: cada cuánto conviene reiniciar el celular para que funcione mejor
2026-06-21,2026-W25,provincial,NUEVO DÍA,Santa Cruz,Patagonia,Santa Cruz,https://www.eldiarionuevodia.com.ar,Construir casas impresas en 3D ya es una realidad: cuánto cuestan y por qué esta tecnología avanza en todo el mundo
2026-06-21,2026-W25,provincial,NUEVO DÍA,Santa Cruz,Patagonia,Santa Cruz,https://www.eldiarionuevodia.com.ar,Transferencias sin alias: así funcionará el sistema NFC
2026-06-21,2026-W25,provincial,NUEVO DÍA,Santa Cruz,Patagonia,Santa Cruz,https://www.eldiarionuevodia.com.ar,Lula aventaja por diez puntos a Flávio Bolsonaro con miras a elecciones presidenciales
2026-06-21,2026-W25,provincial,TIEMPO SUR,Santa Cruz,Patagonia,Santa Cruz,https://www.tiemposur.com.ar,Uno fue hospitalizado Bomberos de Río Turbio rescataron a un hombre atrapado en una camioneta
2026-06-21,2026-W25,provincial,TIEMPO SUR,Santa Cruz,Patagonia,Santa Cruz,https://www.tiemposur.com.ar,No hubo heridos Sofocan el incendio en una casa
2026-06-21,2026-W25,provincial,TIEMPO SUR,Santa Cruz,Patagonia,Santa Cruz,https://www.tiemposur.com.ar,Liga Centro Las chicas de Júpiter se consagraron campeonas del Torneo Apertura 2026
2026-06-21,2026-W25,provincial,TIEMPO SUR,Santa Cruz,Patagonia,Santa Cruz,https://www.tiemposur.com.ar,Leña y agua El Municipio refuerza la asistencia a familias que no cuentan con servicios básicos
2026-06-21,2026-W25,provincial,TIEMPO SUR,Santa Cruz,Patagonia,Santa Cruz,https://www.tiemposur.com.ar,Cuesta de Míguez Detienen a cazadores furtivos faenando un guanaco
2026-06-21,2026-W25,provincial,TIEMPO SUR,Santa Cruz,Patagonia,Santa Cruz,https://www.tiemposur.com.ar,Transición Comienza la gestión de Ravier: jura en Casa Rosada
2026-06-21,2026-W25,provincial,TIEMPO SUR,Santa Cruz,Patagonia,Santa Cruz,https://www.tiemposur.com.ar,Fútbol de Salón La Reserva eliminó al último campeón y es finalista
2026-06-21,2026-W25,provincial,TIEMPO SUR,Santa Cruz,Patagonia,Santa Cruz,https://www.tiemposur.com.ar,Pronóstico del tiempo Cómo estará el clima hoy domingo 21 de junio en Río Gallegos
2026-06-21,2026-W25,provincial,TIEMPO SUR,Santa Cruz,Patagonia,Santa Cruz,https://www.tiemposur.com.ar,Senado Carambia busca que los combustibles en Patagonia tengan una rebaja del 50%
2026-06-21,2026-W25,provincial,TIEMPO SUR,Santa Cruz,Patagonia,Santa Cruz,https://www.tiemposur.com.ar,A nivel nacional Día del Padre: esperan más ventas de último momento
2026-06-21,2026-W25,provincial,TIEMPO SUR,Santa Cruz,Patagonia,Santa Cruz,https://www.tiemposur.com.ar,Iban a Pico Truncado Ruta 3: volcó un móvil del Servicio Penitenciario que trasladaba efectivos
2026-06-21,2026-W25,provincial,TIEMPO SUR,Santa Cruz,Patagonia,Santa Cruz,https://www.tiemposur.com.ar,Ciudad Río Gallegos: Bomberos intervinieron por cables con tensión
2026-06-21,2026-W25,provincial,TIEMPO SUR,Santa Cruz,Patagonia,Santa Cruz,https://www.tiemposur.com.ar,Cuenca 28 de Noviembre: Bomberos extinguieron un foco ígneo en la vía pública
2026-06-21,2026-W25,provincial,TIEMPO SUR,Santa Cruz,Patagonia,Santa Cruz,https://www.tiemposur.com.ar,Partidos La UCR de Santa Cruz define su conducción en las internas de este domingo
2026-06-21,2026-W25,provincial,TIEMPO SUR,Santa Cruz,Patagonia,Santa Cruz,https://www.tiemposur.com.ar,Día de la Bandera Río Gallegos homenajeó a Manuel Belgrano
2026-06-21,2026-W25,provincial,TIEMPO SUR,Santa Cruz,Patagonia,Santa Cruz,https://www.tiemposur.com.ar,Invernada en Punta Arenas Claudio Radonich: “La gente de Río Gallegos tiene que saber que esta es su casa”
2026-06-21,2026-W25,provincial,TIEMPO SUR,Santa Cruz,Patagonia,Santa Cruz,https://www.tiemposur.com.ar,Para la Policía Torres confirmó la construcción de la Escuela de Cadetes y ratificó el primer Plan de Viviendas
2026-06-21,2026-W25,provincial,TIEMPO SUR,Santa Cruz,Patagonia,Santa Cruz,https://www.tiemposur.com.ar,Educación Podrían implementar la Promesa de Compromiso Ambiental en escuelas
2026-06-21,2026-W25,provincial,TIEMPO SUR,Santa Cruz,Patagonia,Santa Cruz,https://www.tiemposur.com.ar,redes sociales Los mejores memes tras la ceremonia de inauguración del Mundial 2026
2026-06-21,2026-W25,provincial,TIEMPO SUR,Santa Cruz,Patagonia,Santa Cruz,https://www.tiemposur.com.ar,Santa Cruz Buscan crear un Consejo Consultivo de Cáñamo Industrial y Cannabis Terapéutico
2026-06-21,2026-W25,provincial,TIEMPO SUR,Santa Cruz,Patagonia,Santa Cruz,https://www.tiemposur.com.ar,Legislatura Diputados giró a comisiones un proyecto para crear un plan de obras municipales
2026-06-21,2026-W25,provincial,TIEMPO SUR,Santa Cruz,Patagonia,Santa Cruz,https://www.tiemposur.com.ar,Alianza por la Estepa La conservación y la importancia del compromiso de todos los actores
2026-06-21,2026-W25,provincial,TIEMPO SUR,Santa Cruz,Patagonia,Santa Cruz,https://www.tiemposur.com.ar,Piden a Prodromos Diputados solicitaron una sesión extraordinaria por la crisis policial
2026-06-21,2026-W25,provincial,TIEMPO SUR,Santa Cruz,Patagonia,Santa Cruz,https://www.tiemposur.com.ar,Salud Pública Municipal El Comité de Lactancia de Río Gallegos será parte de la ENaLac 2026
2026-06-21,2026-W25,provincial,TIEMPO SUR,Santa Cruz,Patagonia,Santa Cruz,https://www.tiemposur.com.ar,Seguridad Social Jubilados y pensionados de ANSES con nuevo aumento confirmado para julio
2026-06-21,2026-W25,provincial,TIEMPO SUR,Santa Cruz,Patagonia,Santa Cruz,https://www.tiemposur.com.ar,Pliegos de licitación Perito Moreno avanza en el planeamiento estratégico de su comunidad
2026-06-21,2026-W25,provincial,TIEMPO SUR,Santa Cruz,Patagonia,Santa Cruz,https://www.tiemposur.com.ar,Informe del Banco Central Fuerte salto de la morosidad en los préstamos a las familias
2026-06-21,2026-W25,provincial,TIEMPO SUR,Santa Cruz,Patagonia,Santa Cruz,https://www.tiemposur.com.ar,Río Gallegos Policías autoconvocados marcharon y cantaron el Himno frente a la Jefatura
2026-06-21,2026-W25,provincial,TIEMPO SUR,Santa Cruz,Patagonia,Santa Cruz,https://www.tiemposur.com.ar,Desarrollo regional Santa Cruz vuelve a poner en valor el potencial productivo del guanaco
2026-06-21,2026-W25,provincial,TIEMPO SUR,Santa Cruz,Patagonia,Santa Cruz,https://www.tiemposur.com.ar,Naturaleza Chubut avanza en la regularización del avistaje de ballenas
2026-06-21,2026-W25,provincial,TIEMPO SUR,Santa Cruz,Patagonia,Santa Cruz,https://www.tiemposur.com.ar,Chubut Provincia fortalece el trabajo en las pisciculturas rurales
2026-06-21,2026-W25,provincial,TIEMPO SUR,Santa Cruz,Patagonia,Santa Cruz,https://www.tiemposur.com.ar,Zona norte El Hospital de Caleta Olivia solo atenderá casos con riesgos de vida por falta de policías
2026-06-21,2026-W25,provincial,TIEMPO SUR,Santa Cruz,Patagonia,Santa Cruz,https://www.tiemposur.com.ar,Plan Galina en Chubut Provincia financiará la pavimentación del barrio Docente de Gaiman
2026-06-21,2026-W25,provincial,TIEMPO SUR,Santa Cruz,Patagonia,Santa Cruz,https://www.tiemposur.com.ar,Comodoro Deportes Entregaron materiales deportivos a la Liga Norteña de Fútbol de los Barrios
2026-06-21,2026-W25,provincial,TIEMPO SUR,Santa Cruz,Patagonia,Santa Cruz,https://www.tiemposur.com.ar,Mercado de Metales El precio del oro alcanza niveles históricos
2026-06-21,2026-W25,provincial,TIEMPO SUR,Santa Cruz,Patagonia,Santa Cruz,https://www.tiemposur.com.ar,Estado del Tiempo Cómo estará el clima hoy domingo 14 de junio en Río Gallegos
2026-06-21,2026-W25,provincial,TIEMPO SUR,Santa Cruz,Patagonia,Santa Cruz,https://www.tiemposur.com.ar,Corrupción de menores La Federal detuvo a un Pai Umbanda por abuso sexual agravado
2026-06-21,2026-W25,provincial,TIEMPO SUR,Santa Cruz,Patagonia,Santa Cruz,https://www.tiemposur.com.ar,Secuestran elementos Detienen a un sujeto por robo a mano armada
2026-06-21,2026-W25,provincial,TIEMPO SUR,Santa Cruz,Patagonia,Santa Cruz,https://www.tiemposur.com.ar,Lo vivís en Tiempo FM Mundial 2026: Alemania enfrenta a Curazao
2026-06-21,2026-W25,provincial,TIEMPO SUR,Santa Cruz,Patagonia,Santa Cruz,https://www.tiemposur.com.ar,Este sábado La militancia realizó un banderazo para exigir la liberación de Cristina
2026-06-21,2026-W25,provincial,TIEMPO SUR,Santa Cruz,Patagonia,Santa Cruz,https://www.tiemposur.com.ar,Día de la Bandera Villarruel cargó contra el Gobierno y Adorni
2026-06-21,2026-W25,provincial,TIEMPO SUR,Santa Cruz,Patagonia,Santa Cruz,https://www.tiemposur.com.ar,Continúan las negociaciones Paritaria de Salud: el Gobierno replicó la propuesta de la Central y seguirá dialogando con el sector
2026-06-21,2026-W25,provincial,TIEMPO SUR,Santa Cruz,Patagonia,Santa Cruz,https://www.tiemposur.com.ar,Por la situación policial Piden sesión extraordinaria para interpelar al ministro de Seguridad
2026-06-21,2026-W25,provincial,TIEMPO SUR,Santa Cruz,Patagonia,Santa Cruz,https://www.tiemposur.com.ar,"Unidad en el PJ Bjerring: ""El peronismo priorizó lo colectivo"""
2026-06-21,2026-W25,provincial,TIEMPO SUR,Santa Cruz,Patagonia,Santa Cruz,https://www.tiemposur.com.ar,"Ravier, nuevo vocero presidencial Las claves de un giro en las formas y el fondo de la comunicación del Gobierno"
2026-06-21,2026-W25,provincial,TIEMPO SUR,Santa Cruz,Patagonia,Santa Cruz,https://www.tiemposur.com.ar,Golpe al delito La Policía del Chubut desarticuló una banda armada y detuvo a tres sospechosos
2026-06-21,2026-W25,provincial,TIEMPO SUR,Santa Cruz,Patagonia,Santa Cruz,https://www.tiemposur.com.ar,Reclamo salarial Policías autoconvocados de El Calafate convocan a un bocinazo
2026-06-21,2026-W25,provincial,TIEMPO SUR,Santa Cruz,Patagonia,Santa Cruz,https://www.tiemposur.com.ar,Comisaría Séptima Policías con medida de fuerza denunciaron aprietes a oficiales
2026-06-21,2026-W25,provincial,TIEMPO SUR,Santa Cruz,Patagonia,Santa Cruz,https://www.tiemposur.com.ar,"Jefatura de Policía Policías, bomberos y penitenciarios se acuartelaron"
2026-06-21,2026-W25,provincial,TIEMPO SUR,Santa Cruz,Patagonia,Santa Cruz,https://www.tiemposur.com.ar,Operación protección de las infancias VII La Federal desarticuló una organización dedicada a distribuir MASI
2026-06-21,2026-W25,provincial,EL SUREÑO,Tierra del Fuego,Patagonia,Río Grande,https://www.surenio.com.ar,Diario El Sureño
2026-06-21,2026-W25,provincial,EL SUREÑO,Tierra del Fuego,Patagonia,Río Grande,https://www.surenio.com.ar,El Municipio de Río Grande realiza trabajos de limpieza y mantenimiento en espacios públicos
2026-06-21,2026-W25,provincial,EL SUREÑO,Tierra del Fuego,Patagonia,Río Grande,https://www.surenio.com.ar,El Gobierno nacional unificó el sistema de infracciones de tránsito en todo el país
2026-06-21,2026-W25,provincial,EL SUREÑO,Tierra del Fuego,Patagonia,Río Grande,https://www.surenio.com.ar,Solsticio de invierno: llega la temporada más fría del año
2026-06-21,2026-W25,provincial,EL SUREÑO,Tierra del Fuego,Patagonia,Río Grande,https://www.surenio.com.ar,Juicio ARA San Juan: Habló el submarinista que se bajó en Ushuaia
2026-06-21,2026-W25,provincial,EL SUREÑO,Tierra del Fuego,Patagonia,Río Grande,https://www.surenio.com.ar,Cóndores andinos fueron registrados alimentándose de una cría de ballena en el canal Beagle
2026-06-21,2026-W25,provincial,EL SUREÑO,Tierra del Fuego,Patagonia,Río Grande,https://www.surenio.com.ar,Vuelco en la Ruta 3: una familia fue trasladada al hospital
2026-06-21,2026-W25,provincial,EL SUREÑO,Tierra del Fuego,Patagonia,Río Grande,https://www.surenio.com.ar,Un herido tras un choque en Irigoyen y Fagnano
2026-06-21,2026-W25,provincial,EL SUREÑO,Tierra del Fuego,Patagonia,Río Grande,https://www.surenio.com.ar,Carambia busca que los combustibles en la Patagonia rebajen un 50%
2026-06-21,2026-W25,provincial,EL SUREÑO,Tierra del Fuego,Patagonia,Río Grande,https://www.surenio.com.ar,Castillo: “Hablar de colapso tiene una intencionalidad”
2026-06-21,2026-W25,provincial,EL SUREÑO,Tierra del Fuego,Patagonia,Río Grande,https://www.surenio.com.ar,AGENDA CULTURAL
2026-06-21,2026-W25,provincial,EL SUREÑO,Tierra del Fuego,Patagonia,Río Grande,https://www.surenio.com.ar,INTERNACIONALES
2026-06-21,2026-W25,provincial,EL SUREÑO,Tierra del Fuego,Patagonia,Río Grande,https://www.surenio.com.ar,"21° fecha de la AVRG, Oficial y Grand Prix de la FVF"
2026-06-21,2026-W25,provincial,EL SUREÑO,Tierra del Fuego,Patagonia,Río Grande,https://www.surenio.com.ar,Exámenes con el Sensei Daniel Maehamasaki
2026-06-21,2026-W25,provincial,EL SUREÑO,Tierra del Fuego,Patagonia,Río Grande,https://www.surenio.com.ar,"El Provincial de Cross, victoria de Isorna"
2026-06-21,2026-W25,provincial,EL SUREÑO,Tierra del Fuego,Patagonia,Río Grande,https://www.surenio.com.ar,La Primera de voley femenino entra en etapa decisiva
2026-06-21,2026-W25,provincial,EL SUREÑO,Tierra del Fuego,Patagonia,Río Grande,https://www.surenio.com.ar,Causa Malvinas en la currícula educativa provincial
2026-06-21,2026-W25,provincial,EL SUREÑO,Tierra del Fuego,Patagonia,Río Grande,https://www.surenio.com.ar,El BIM 5 conmemoró el Día de la «Máxima Resistencia» junto a sus héroes
2026-06-21,2026-W25,provincial,EL SUREÑO,Tierra del Fuego,Patagonia,Río Grande,https://www.surenio.com.ar,El Municipio suma una nueva terminal de autoservicio SUBE
2026-06-21,2026-W25,provincial,EL SUREÑO,Tierra del Fuego,Patagonia,Río Grande,https://www.surenio.com.ar,El pequeño pez que alimenta a toda la fauna de Cabo Vírgenes
2026-06-21,2026-W25,provincial,EL SUREÑO,Tierra del Fuego,Patagonia,Río Grande,https://www.surenio.com.ar,El Municipio de Ushuaia presente en la inauguración de la nueva aerosilla
2026-06-21,2026-W25,provincial,EL SUREÑO,Tierra del Fuego,Patagonia,Río Grande,https://www.surenio.com.ar,Taller de Evacuación y Matafuegos en Ushuaia
2026-06-21,2026-W25,provincial,EL SUREÑO,Tierra del Fuego,Patagonia,Río Grande,https://www.surenio.com.ar,"Don Bosco Por Los Jóvenes, una campaña por los misioneros en la Patagonia"
2026-06-21,2026-W25,provincial,EL SUREÑO,Tierra del Fuego,Patagonia,Río Grande,https://www.surenio.com.ar,Cine debate y talleres sobre ESI en colegios secundarios
2026-06-21,2026-W25,provincial,EL SUREÑO,Tierra del Fuego,Patagonia,Río Grande,https://www.surenio.com.ar,La UBA se mantiene entre las cien mejores universidades del mundo
2026-06-21,2026-W25,provincial,EL SUREÑO,Tierra del Fuego,Patagonia,Río Grande,https://www.surenio.com.ar,Programa de becas UMET para el segundo cuatrimestre
2026-06-21,2026-W25,provincial,EL SUREÑO,Tierra del Fuego,Patagonia,Río Grande,https://www.surenio.com.ar,UNTDF: Prórroga para inscribirse a la Licenciatura en Seguridad Pública
2026-06-21,2026-W25,provincial,EL SUREÑO,Tierra del Fuego,Patagonia,Río Grande,https://www.surenio.com.ar,Impulso Egreso: Requisitos para el retiro de talonarios
2026-06-21,2026-W25,provincial,EL SUREÑO,Tierra del Fuego,Patagonia,Río Grande,https://www.surenio.com.ar,Nueva edición del ciclo “Salud Mental en Foco”
2026-06-21,2026-W25,provincial,EL SUREÑO,Tierra del Fuego,Patagonia,Río Grande,https://www.surenio.com.ar,Cronograma de atención en los CAPS el fin de semana
2026-06-21,2026-W25,provincial,EL SUREÑO,Tierra del Fuego,Patagonia,Río Grande,https://www.surenio.com.ar,Fundación Mirgor y Fundación OSDE invitan una charla abierta sobre donación de sangre
2026-06-21,2026-W25,provincial,EL SUREÑO,Tierra del Fuego,Patagonia,Río Grande,https://www.surenio.com.ar,Estrategia de prevención y diagnóstico del ACV
2026-06-21,2026-W25,provincial,EL SUREÑO,Tierra del Fuego,Patagonia,Río Grande,https://www.surenio.com.ar,Importante capacitación en RCP y uso del DEA
2026-06-21,2026-W25,provincial,EL SUREÑO,Tierra del Fuego,Patagonia,Río Grande,https://www.surenio.com.ar,Retoman los paros en las universidades
2026-06-21,2026-W25,provincial,EL SUREÑO,Tierra del Fuego,Patagonia,Río Grande,https://www.surenio.com.ar,Paro docente el jueves: SUTEF se suma a la medida de fuerza nacional
2026-06-21,2026-W25,provincial,EL SUREÑO,Tierra del Fuego,Patagonia,Río Grande,https://www.surenio.com.ar,Arranca una nueva edición del Concurso de Crónica Patagónica
2026-06-21,2026-W25,provincial,EL SUREÑO,Tierra del Fuego,Patagonia,Río Grande,https://www.surenio.com.ar,"Fiesta de la Noche más larga: Velada de Indie, Reggae y Ska"
2026-06-21,2026-W25,provincial,EL SUREÑO,Tierra del Fuego,Patagonia,Río Grande,https://www.surenio.com.ar,"“Sabotaje”, match de improvisación teatral en el C.C. Alem"
2026-06-21,2026-W25,provincial,EL SUREÑO,Tierra del Fuego,Patagonia,Río Grande,https://www.surenio.com.ar,"Matiné “Argentina Mundial”, en el Paseo del Muelle “Mingo Gutiérrez”"
2026-06-21,2026-W25,provincial,EL SUREÑO,Tierra del Fuego,Patagonia,Río Grande,https://www.surenio.com.ar,Agenda “Fiesta Nacional de la Noche Más Larga 2026”
2026-06-21,2026-W25,provincial,EL SUREÑO,Tierra del Fuego,Patagonia,Río Grande,https://www.surenio.com.ar,Emprendimiento jujeño vincula turistas con pueblos originarios
2026-06-21,2026-W25,provincial,EL SUREÑO,Tierra del Fuego,Patagonia,Río Grande,https://www.surenio.com.ar,Feriados largos: advierten por el impacto en las economías regionales
2026-06-21,2026-W25,provincial,EL SUREÑO,Tierra del Fuego,Patagonia,Río Grande,https://www.surenio.com.ar,Temporada de invierno 2026: El Infuetur junto a Cerro Castor anunciaron las novedades
2026-06-21,2026-W25,provincial,EL SUREÑO,Tierra del Fuego,Patagonia,Río Grande,https://www.surenio.com.ar,Crece en Argentina la inversión en hotelería turística
2026-06-21,2026-W25,provincial,EL SUREÑO,Tierra del Fuego,Patagonia,Río Grande,https://www.surenio.com.ar,Gira por los pueblos de Argentina que compiten este año para ser los mejores del mundo
2026-06-21,2026-W25,provincial,EL SUREÑO,Tierra del Fuego,Patagonia,Río Grande,https://www.surenio.com.ar,Tristeza en el mundo del espectáculo: murió actriz y vedette que trabajó con Tato Bores y Mirtha Legrand
2026-06-21,2026-W25,provincial,EL SUREÑO,Tierra del Fuego,Patagonia,Río Grande,https://www.surenio.com.ar,Los Premios Gardel serán conducidos por Diego Leuco y contarán con público general por primera vez
2026-06-21,2026-W25,provincial,EL SUREÑO,Tierra del Fuego,Patagonia,Río Grande,https://www.surenio.com.ar,La V Jornada Federal de Vinculación Tecnológica en la UNDAV redefine el futuro de la IA y la inclusión social en Argentina
2026-06-21,2026-W25,provincial,EL SUREÑO,Tierra del Fuego,Patagonia,Río Grande,https://www.surenio.com.ar,China envía ocho satélites al espacio con cohete portador Lijian-1 Y14
2026-06-21,2026-W25,provincial,EL SUREÑO,Tierra del Fuego,Patagonia,Río Grande,https://www.surenio.com.ar,Mi único héroe en este lío: adiós Indio Solari
2026-06-21,2026-W25,provincial,RED 23 NOTICIAS,Tierra del Fuego,Patagonia,Río Grande,https://www.red23noticias.com.ar,"El Gobierno festeja el 2,1%, pero el consumo sigue en caída libre"
2026-06-21,2026-W25,provincial,RED 23 NOTICIAS,Tierra del Fuego,Patagonia,Río Grande,https://www.red23noticias.com.ar,Investigan hechos aberrantes en la cárcel de Río Grande: Piñeiro confirmó que el Comité actuó desde el primer día
2026-06-21,2026-W25,provincial,RED 23 NOTICIAS,Tierra del Fuego,Patagonia,Río Grande,https://www.red23noticias.com.ar,El presidente de la UIF pidió un giro urgente: “La provincia debe reinventarse”
2026-06-21,2026-W25,provincial,RED 23 NOTICIAS,Tierra del Fuego,Patagonia,Río Grande,https://www.red23noticias.com.ar,Amplia participación de instituciones y empresas en un taller sobre competitividad antártica
2026-06-21,2026-W25,provincial,RED 23 NOTICIAS,Tierra del Fuego,Patagonia,Río Grande,https://www.red23noticias.com.ar,Atención: corte programado de agua y baja presión por trabajos de emergencia en la red
2026-06-21,2026-W25,provincial,RED 23 NOTICIAS,Tierra del Fuego,Patagonia,Río Grande,https://www.red23noticias.com.ar,Suspenden las clases del turno mañana por los trabajos de reparación en la red de agua
2026-06-21,2026-W25,provincial,RED 23 NOTICIAS,Tierra del Fuego,Patagonia,Río Grande,https://www.red23noticias.com.ar,La UOM salió al choque y rechazó de plano el Banco de Horas
2026-06-21,2026-W25,provincial,RED 23 NOTICIAS,Tierra del Fuego,Patagonia,Río Grande,https://www.red23noticias.com.ar,La actividad maderera atraviesa un momento crítico y crece la preocupación por el empleo en Tolhuin
2026-06-21,2026-W25,provincial,RED 23 NOTICIAS,Tierra del Fuego,Patagonia,Río Grande,https://www.red23noticias.com.ar,Quedaron suspendidos los cambios en el régimen de asistencia al gas para hogares sin red
2026-06-21,2026-W25,provincial,RED 23 NOTICIAS,Tierra del Fuego,Patagonia,Río Grande,https://www.red23noticias.com.ar,Quedó oficialmente derogada la ley que impulsaba la reforma parcial de la Constitución fueguina
2026-06-21,2026-W25,provincial,RED 23 NOTICIAS,Tierra del Fuego,Patagonia,Río Grande,https://www.red23noticias.com.ar,Lapadula pidió investigar responsabilidades políticas por el radar de Leo Labs
2026-06-21,2026-W25,provincial,RED 23 NOTICIAS,Tierra del Fuego,Patagonia,Río Grande,https://www.red23noticias.com.ar,Ybars cuestionó años de discusión por la reforma: “Fue un desperdicio de tiempo”
2026-06-21,2026-W25,provincial,RED 23 NOTICIAS,Tierra del Fuego,Patagonia,Río Grande,https://www.red23noticias.com.ar,Milei cambia de vocero en medio del desgaste de Adorni
2026-06-21,2026-W25,provincial,RED 23 NOTICIAS,Tierra del Fuego,Patagonia,Río Grande,https://www.red23noticias.com.ar,Leve caída de las ventas por el Día del Padre y preocupación por el consumo
2026-06-21,2026-W25,provincial,RED 23 NOTICIAS,Tierra del Fuego,Patagonia,Río Grande,https://www.red23noticias.com.ar,La Armada Argentina homenajeó a Manuel Belgrano y entregó espadas a suboficiales ascendidos
2026-06-21,2026-W25,provincial,RED 23 NOTICIAS,Tierra del Fuego,Patagonia,Río Grande,https://www.red23noticias.com.ar,China mira a Río Grande: una gigante de los drones visitará la ciudad para analizar inversiones
2026-06-21,2026-W25,provincial,RED 23 NOTICIAS,Tierra del Fuego,Patagonia,Río Grande,https://www.red23noticias.com.ar,"Cooke, la empresa que acumula sanciones ambientales y ahora apunta a Tierra del Fuego"
2026-06-21,2026-W25,provincial,RED 23 NOTICIAS,Tierra del Fuego,Patagonia,Río Grande,https://www.red23noticias.com.ar,Pauli cruzó las versiones de pacto con Vuoto y explotó la polémica
2026-06-21,2026-W25,provincial,RED 23 NOTICIAS,Tierra del Fuego,Patagonia,Río Grande,https://www.red23noticias.com.ar,Cinco ofertas para renovar las defensas del Puerto de Ushuaia
2026-06-21,2026-W25,provincial,RED 23 NOTICIAS,Tierra del Fuego,Patagonia,Río Grande,https://www.red23noticias.com.ar,Golpe a la producción: faenaron dos toros de alto valor en la Misión Salesiana
2026-06-21,2026-W25,provincial,RED 23 NOTICIAS,Tierra del Fuego,Patagonia,Río Grande,https://www.red23noticias.com.ar,Santilli recibió a Melella para discutir la reforma electoral
2026-06-21,2026-W25,provincial,RED 23 NOTICIAS,Tierra del Fuego,Patagonia,Río Grande,https://www.red23noticias.com.ar,"Jorge Canals destacó el inicio del diálogo con Nación, pero sin avances inmediatos para la provincia"
2026-06-21,2026-W25,provincial,RED 23 NOTICIAS,Tierra del Fuego,Patagonia,Río Grande,https://www.red23noticias.com.ar,Deluca celebró un año récord: Río Grande Activa creció 53% en plena crisis
2026-06-21,2026-W25,provincial,RED 23 NOTICIAS,Tierra del Fuego,Patagonia,Río Grande,https://www.red23noticias.com.ar,Hallaron muertos a dos adultos mayores y nadie sabe qué ocurrió
2026-06-21,2026-W25,provincial,RED 23 NOTICIAS,Tierra del Fuego,Patagonia,Río Grande,https://www.red23noticias.com.ar,La supuesta explosión en la venta de televisores por el Mundial resultó ser falsa
2026-06-21,2026-W25,provincial,RED 23 NOTICIAS,Tierra del Fuego,Patagonia,Río Grande,https://www.red23noticias.com.ar,SIPROSA logró abrir el diálogo con Economía después de meses de reclamos
2026-06-21,2026-W25,provincial,RED 23 NOTICIAS,Tierra del Fuego,Patagonia,Río Grande,https://www.red23noticias.com.ar,Pidieron la renuncia de Ariel Ciares
2026-06-21,2026-W25,provincial,RED 23 NOTICIAS,Tierra del Fuego,Patagonia,Río Grande,https://www.red23noticias.com.ar,Expo PyME Fueguina: 37 empresas salen a mostrar el potencial productivo de Tierra del Fuego
2026-06-21,2026-W25,provincial,RED 23 NOTICIAS,Tierra del Fuego,Patagonia,Río Grande,https://www.red23noticias.com.ar,Von der Thusen celebró que la Provincia vuelva a sentarse a negociar con el Gobierno nacional
2026-06-21,2026-W25,provincial,RED 23 NOTICIAS,Tierra del Fuego,Patagonia,Río Grande,https://www.red23noticias.com.ar,Se registraron 36 bajas comerciales y crece la preocupación en Tolhuin
2026-06-21,2026-W25,provincial,RED 23 NOTICIAS,Tierra del Fuego,Patagonia,Río Grande,https://www.red23noticias.com.ar,"Evacuación, perímetro y TEDAX: así fue el operativo por explosivos hallados en Río Grande"
2026-06-21,2026-W25,provincial,RED 23 NOTICIAS,Tierra del Fuego,Patagonia,Río Grande,https://www.red23noticias.com.ar,Tierra del Fuego llega a las vacaciones con un ciclo lectivo atravesado por más paros
2026-06-21,2026-W25,provincial,RED 23 NOTICIAS,Tierra del Fuego,Patagonia,Río Grande,https://www.red23noticias.com.ar,Gastón Díaz acusó al Gobierno nacional de querer una Tierra del Fuego sin industria
2026-06-21,2026-W25,provincial,RED 23 NOTICIAS,Tierra del Fuego,Patagonia,Río Grande,https://www.red23noticias.com.ar,El Colegio de Ingenieros abrió su sede propia en Río Grande tras años de gestión
2026-06-21,2026-W25,provincial,RED 23 NOTICIAS,Tierra del Fuego,Patagonia,Río Grande,https://www.red23noticias.com.ar,Tres años parada y miles de vecinos afectados: una obra clave abandonada en la Margen Sur
2026-06-21,2026-W25,provincial,RED 23 NOTICIAS,Tierra del Fuego,Patagonia,Río Grande,https://www.red23noticias.com.ar,"Voto, polémica y denuncias: la despedida de Gladis Andrade terminó en escándalo"
2026-06-21,2026-W25,provincial,RED 23 NOTICIAS,Tierra del Fuego,Patagonia,Río Grande,https://www.red23noticias.com.ar,Ushuaia avanza con una central china y crecen las dudas por dependencia tecnológica
2026-06-21,2026-W25,provincial,RED 23 NOTICIAS,Tierra del Fuego,Patagonia,Río Grande,https://www.red23noticias.com.ar,Tierra del Fuego se hunde en una crisis laboral sin precedentes: ya se perdieron más de 15 mil puestos
2026-06-21,2026-W25,provincial,RED 23 NOTICIAS,Tierra del Fuego,Patagonia,Río Grande,https://www.red23noticias.com.ar,Funcionarios libertarios se acogieron al régimen que permite blanquear patrimonio sin explicar
2026-06-21,2026-W25,provincial,RED 23 NOTICIAS,Tierra del Fuego,Patagonia,Río Grande,https://www.red23noticias.com.ar,Tierra del Fuego sumó tecnología de última generación para mejorar el diagnóstico del cáncer de próstata
2026-06-21,2026-W25,provincial,RED 23 NOTICIAS,Tierra del Fuego,Patagonia,Río Grande,https://www.red23noticias.com.ar,Las verduras impulsaron la inflación de alimentos en Tierra del Fuego durante mayo
2026-06-21,2026-W25,provincial,RED 23 NOTICIAS,Tierra del Fuego,Patagonia,Río Grande,https://www.red23noticias.com.ar,Rige una alerta amarilla por vientos para toda Tierra del Fuego durante este lunes
2026-06-21,2026-W25,provincial,RED 23 NOTICIAS,Tierra del Fuego,Patagonia,Río Grande,https://www.red23noticias.com.ar,Adiós a Taty Almeida: falleció la histórica Madre de Plaza de Mayo
2026-06-21,2026-W25,provincial,RED 23 NOTICIAS,Tierra del Fuego,Patagonia,Río Grande,https://www.red23noticias.com.ar,Argentina rompe otro récord: el combustible subió más que en cualquier país petrolero vecino
2026-06-21,2026-W25,provincial,RED 23 NOTICIAS,Tierra del Fuego,Patagonia,Río Grande,https://www.red23noticias.com.ar,Con un martillo destrozó un patrullero y terminó detenido junto a otros dos hombres
2026-06-21,2026-W25,provincial,RED 23 NOTICIAS,Tierra del Fuego,Patagonia,Río Grande,https://www.red23noticias.com.ar,Del asado al cerdo: la carne que más crece en la mesa de los argentinos
2026-06-21,2026-W25,provincial,RED 23 NOTICIAS,Tierra del Fuego,Patagonia,Río Grande,https://www.red23noticias.com.ar,Emitieron una alerta amarilla por fuertes vientos para este fin de semana en Tierra del Fuego
2026-06-21,2026-W25,provincial,RED 23 NOTICIAS,Tierra del Fuego,Patagonia,Río Grande,https://www.red23noticias.com.ar,Loreto disparó contra la Provincia: “No existe una ley que defienda a las empresas fueguinas”
2026-06-21,2026-W25,provincial,RED 23 NOTICIAS,Tierra del Fuego,Patagonia,Río Grande,https://www.red23noticias.com.ar,El reclamo por el GLP escala: presentan proyecto propio ante la falta de respuestas
2026-06-21,2026-W25,provincial,RED 23 NOTICIAS,Tierra del Fuego,Patagonia,Río Grande,https://www.red23noticias.com.ar,"Tras la crisis judicial, Pagano Zavalía celebró el diálogo que destrabó el conflicto"
2026-06-21,2026-W25,nacional,INFOBAE,Nacional,Nacional,Nacional,https://www.infobae.com,"Karina Milei replantea la estrategia electoral de 2027, pero ya se agita la interna con Santiago Caputo"
2026-06-21,2026-W25,nacional,INFOBAE,Nacional,Nacional,Nacional,https://www.infobae.com,"Expansión, fraude y pesca ilegal: cómo hizo China para adueñarse del calamar dentro del Mar Argentino"
2026-06-21,2026-W25,nacional,INFOBAE,Nacional,Nacional,Nacional,https://www.infobae.com,Cerúndolo hizo historia en el césped de Londres: se consagró campeón del ATP 500 de Queen’s
2026-06-21,2026-W25,nacional,INFOBAE,Nacional,Nacional,Nacional,https://www.infobae.com,"La exótica propuesta para Adorni, la reunión clave que habrá en Casa Rosada y los motivos de Karina Milei"
2026-06-21,2026-W25,nacional,INFOBAE,Nacional,Nacional,Nacional,https://www.infobae.com,💰Clima de Negocios: qué pasó con el mega data center y el otro gigante global que mira a la Patagonia
2026-06-21,2026-W25,nacional,INFOBAE,Nacional,Nacional,Nacional,https://www.infobae.com,Una España feroz aplasta a Arabia Saudita y obtiene su primer triunfo en el Mundial
2026-06-21,2026-W25,nacional,INFOBAE,Nacional,Nacional,Nacional,https://www.infobae.com,Las trampas de los estudiantes se están volviendo imposibles de detectar en la era de la IA
2026-06-21,2026-W25,nacional,INFOBAE,Nacional,Nacional,Nacional,https://www.infobae.com,"Anita Espósito: “Yo no era socialmente aceptada por ser negra, por ser gorda, por no ser hegemónica”"
2026-06-21,2026-W25,nacional,INFOBAE,Nacional,Nacional,Nacional,https://www.infobae.com,"Rocío Pardo: el amor con Nicolás Cabré, cómo es su vínculo con Rufina y la inseguridad que la acompañó durante años"
2026-06-21,2026-W25,nacional,INFOBAE,Nacional,Nacional,Nacional,https://www.infobae.com,"El primer “chofer” del campeón en el Día del Padre: Chiche Scaloni, el hombre que manejó de noche para que su hijo tocara el cielo"
2026-06-21,2026-W25,nacional,INFOBAE,Nacional,Nacional,Nacional,https://www.infobae.com,Los mensajes de los jugadores de Argentina en el Día del Padre: del primer festejo de Julián Álvarez al emotivo video del Colo Barco
2026-06-21,2026-W25,nacional,INFOBAE,Nacional,Nacional,Nacional,https://www.infobae.com,La reina Máxima celebró el histórico empate de Curazao en el Mundial: el baile junto al Rey y los jugadores en el vestuario
2026-06-21,2026-W25,nacional,INFOBAE,Nacional,Nacional,Nacional,https://www.infobae.com,“Puede jugar hasta el próximo Mundial”: la impactante reflexión de una leyenda del fútbol argentino sobre Messi
2026-06-21,2026-W25,nacional,INFOBAE,Nacional,Nacional,Nacional,https://www.infobae.com,La peculiar respuesta de Bielsa que hizo reír a los periodistas antes del partido de Uruguay
2026-06-21,2026-W25,nacional,INFOBAE,Nacional,Nacional,Nacional,https://www.infobae.com,"⚽Hora, estadios y cómo ver en vivo todos los partidos de este domingo"
2026-06-21,2026-W25,nacional,INFOBAE,Nacional,Nacional,Nacional,https://www.infobae.com,VIDEOS DESTACADOS
2026-06-21,2026-W25,nacional,INFOBAE,Nacional,Nacional,Nacional,https://www.infobae.com,⭕Círculo rojo: ni el Mundial corre el eje del escándalo Adorni y el Gobierno define qué hacer en el Congreso
2026-06-21,2026-W25,nacional,INFOBAE,Nacional,Nacional,Nacional,https://www.infobae.com,El vice de EEUU dijo que hubo “grandes avances” tras las primeras negociaciones con Irán
2026-06-21,2026-W25,nacional,INFOBAE,Nacional,Nacional,Nacional,https://www.infobae.com,Enemigos del colesterol alto: cuáles son los hábitos y alimentos que los expertos aconsejan eliminar
2026-06-21,2026-W25,nacional,INFOBAE,Nacional,Nacional,Nacional,https://www.infobae.com,"“No puedo parar, mi productividad era solo una forma de calmar el vacío”"
2026-06-21,2026-W25,nacional,INFOBAE,Nacional,Nacional,Nacional,https://www.infobae.com,Balotaje en Colombia: Abelardo de la Espriella votó y dijo que se define “el futuro de la patria”
2026-06-21,2026-W25,nacional,INFOBAE,Nacional,Nacional,Nacional,https://www.infobae.com,"La muerte de una tía viuda y sin hijos, un testamento cuestionado y una disputa entre sobrinos: la Cámara Civil cerró el caso"
2026-06-21,2026-W25,nacional,INFOBAE,Nacional,Nacional,Nacional,https://www.infobae.com,"Se casaron a pesar del golpe militar, a él se lo llevaron y un mensaje oculto en un dobladillo cambió sus vidas"
2026-06-21,2026-W25,nacional,INFOBAE,Nacional,Nacional,Nacional,https://www.infobae.com,Temperaturas bajas y cielo nublado en el Día del Padre: el pronóstico del tiempo para el AMBA y el resto del país
2026-06-21,2026-W25,nacional,INFOBAE,Nacional,Nacional,Nacional,https://www.infobae.com,Sufrió una fractura de mandíbula en el debut y ahora enfrentará a la Argentina con una innovadora férula facial
2026-06-21,2026-W25,nacional,INFOBAE,Nacional,Nacional,Nacional,https://www.infobae.com,Los comodines que puede evaluar Scaloni para ayudar al superhéroe Messi en el partido contra Austria
2026-06-21,2026-W25,nacional,INFOBAE,Nacional,Nacional,Nacional,https://www.infobae.com,Alarma en Brasil por la lesión de otra de sus figuras: cuántos partidos se perdería
2026-06-21,2026-W25,nacional,INFOBAE,Nacional,Nacional,Nacional,https://www.infobae.com,Cómo se gestó el fenómeno viral de Tim Payne gracias a un argentino: “Me di cuenta por mi abuelo”
2026-06-21,2026-W25,nacional,INFOBAE,Nacional,Nacional,Nacional,https://www.infobae.com,Las recomendadas del domingo
2026-06-21,2026-W25,nacional,INFOBAE,Nacional,Nacional,Nacional,https://www.infobae.com,Carolina Aló y el horror de morir con 113 puñaladas: la vigilia del padre que juró ser la sombra del asesino de su hija
2026-06-21,2026-W25,nacional,INFOBAE,Nacional,Nacional,Nacional,https://www.infobae.com,"Los 6 futbolistas del Mundial 2026 que dominan la moda fuera de la cancha: looks audaces, marcas globales y estética urbana"
2026-06-21,2026-W25,nacional,INFOBAE,Nacional,Nacional,Nacional,https://www.infobae.com,Paternidad después de los 40: cómo pueden los hombres cuidar la fertilidad
2026-06-21,2026-W25,nacional,INFOBAE,Nacional,Nacional,Nacional,https://www.infobae.com,Difundieron videos en los que Jésica Cirio aparece junto a miles de dólares
2026-06-21,2026-W25,nacional,INFOBAE,Nacional,Nacional,Nacional,https://www.infobae.com,La respuesta de Jésica Cirio frente a la difusión de videos privados: “Estoy a disposición de la Justicia”
2026-06-21,2026-W25,nacional,INFOBAE,Nacional,Nacional,Nacional,https://www.infobae.com,La indefinición sobre Adorni agrava la parálisis de La Libertad Avanza y erosiona su agenda en el Congreso
2026-06-21,2026-W25,nacional,INFOBAE,Nacional,Nacional,Nacional,https://www.infobae.com,"Carlos Melconian: “En esta economía le va bien al 20% del PBI, el 30% es neutro y el 50% está hundido”"
2026-06-21,2026-W25,nacional,INFOBAE,Nacional,Nacional,Nacional,https://www.infobae.com,"""Para un amigo"": el conmovedor momento en el que Skay le dedicó una simbólica canción al Indio Solari"
2026-06-21,2026-W25,nacional,INFOBAE,Nacional,Nacional,Nacional,https://www.infobae.com,El último récord de Messi no es futbolístico: es una nueva manera de envejecer
2026-06-21,2026-W25,nacional,INFOBAE,Nacional,Nacional,Nacional,https://www.infobae.com,El caso Adorni destapó una unión entre Bullrich y el kirchnerismo en el Senado por un artículo clave
2026-06-21,2026-W25,nacional,INFOBAE,Nacional,Nacional,Nacional,https://www.infobae.com,Los grandes bancos de Wall Street ven más cerca un regreso de la Argentina a los mercados
2026-06-21,2026-W25,nacional,INFOBAE,Nacional,Nacional,Nacional,https://www.infobae.com,Lila Bendersky: “El duelo es un proceso largo en un mundo que te pide que estés bien a los cinco minutos”
2026-06-21,2026-W25,nacional,INFOBAE,Nacional,Nacional,Nacional,https://www.infobae.com,El desgarrador testimonio de Silvina Scheffler después de padecer leptospirosis: “Perdí mi pelo”
2026-06-21,2026-W25,nacional,INFOBAE,Nacional,Nacional,Nacional,https://www.infobae.com,GENERACIÓN SILVER
2026-06-21,2026-W25,nacional,INFOBAE,Nacional,Nacional,Nacional,https://www.infobae.com,"Camino de Santiago para mayores de 60: etapas de 10 a 14 kilómetros, traslado de mochilas y más accesibilidad"
2026-06-21,2026-W25,nacional,INFOBAE,Nacional,Nacional,Nacional,https://www.infobae.com,"A los 88 años, José Sacristán evoca a su padre, que fue preso político, en un homenaje a su carrera en el Cervantes"
2026-06-21,2026-W25,nacional,INFOBAE,Nacional,Nacional,Nacional,https://www.infobae.com,"Cómo sigue la economía en el segundo semestre: inflación en baja, dólar más picante y mejora gradual del consumo"
2026-06-21,2026-W25,nacional,INFOBAE,Nacional,Nacional,Nacional,https://www.infobae.com,Milei intenta un control de daños tardío mientras los aliados le ponen límites a su “todo o nada”
2026-06-21,2026-W25,nacional,INFOBAE,Nacional,Nacional,Nacional,https://www.infobae.com,En el peronismo advirtieron por una maniobra del oficialismo para blindar a Manuel Adorni en el Senado
2026-06-21,2026-W25,nacional,INFOBAE,Nacional,Nacional,Nacional,https://www.infobae.com,Un motociclista de 41 años murió tras ser embestido en Puente Pueyrredón: el auto se dio a la fuga
2026-06-21,2026-W25,nacional,INFOBAE,Nacional,Nacional,Nacional,https://www.infobae.com,elecciones en colombia
2026-06-21,2026-W25,nacional,LA NACIÓN,Nacional,Nacional,Nacional,https://www.lanacion.com.ar,La permanencia de Adorni. Por qué Milei es el enemigo de Milei
2026-06-21,2026-W25,nacional,LA NACIÓN,Nacional,Nacional,Nacional,https://www.lanacion.com.ar,"Hay votos suficientes como para aprobar la interpelación del jefe de Gabinete en el Senado, aunque todavía no se sabe si existen los mismos números para sancionar una moción de censura"
2026-06-21,2026-W25,nacional,LA NACIÓN,Nacional,Nacional,Nacional,https://www.lanacion.com.ar,Millones y sospechas. Los videos exclusivos con bolsas llenas de dólares que podrían comprometer a Insaurralde y Cirio
2026-06-21,2026-W25,nacional,LA NACIÓN,Nacional,Nacional,Nacional,https://www.lanacion.com.ar,"""Manipulaciones digitales”. Jesica Cirio habló tras conocerse sus videos con bolsas de dólares"
2026-06-21,2026-W25,nacional,LA NACIÓN,Nacional,Nacional,Nacional,https://www.lanacion.com.ar,Un sistema en crisis. Las aventuras que tienen en jaque al poder
2026-06-21,2026-W25,nacional,LA NACIÓN,Nacional,Nacional,Nacional,https://www.lanacion.com.ar,Festeja el tenis argentino. Cerúndolo brilló en el césped londinense de Queen's y logró el título más importante de su carrera
2026-06-21,2026-W25,nacional,LA NACIÓN,Nacional,Nacional,Nacional,https://www.lanacion.com.ar,Todo de la Roja. España salió con la furia de Yamal y Oyarzabal para aplastar a Arabia Saudita
2026-06-21,2026-W25,nacional,LA NACIÓN,Nacional,Nacional,Nacional,https://www.lanacion.com.ar,Argentina busca la clasificación en Dallas. La ciudad de los magnates recibe a la selección bajo un calor agobiante y un estadio de lujo
2026-06-21,2026-W25,nacional,LA NACIÓN,Nacional,Nacional,Nacional,https://www.lanacion.com.ar,"Arsat. Citas en un hotel, cenas con vino y viajes a Cordoba: la trama detrás de un contrato millonario que benefició a Huawei"
2026-06-21,2026-W25,nacional,LA NACIÓN,Nacional,Nacional,Nacional,https://www.lanacion.com.ar,"""Le deseo lo mejor"". Trump aseguró que Starmer renunciará como primer ministro del Reino Unido"
2026-06-21,2026-W25,nacional,LA NACIÓN,Nacional,Nacional,Nacional,https://www.lanacion.com.ar,En vilo. Abren las urnas en Colombia en un balotaje cargado de tensión y con dos modelos opuestos
2026-06-21,2026-W25,nacional,LA NACIÓN,Nacional,Nacional,Nacional,https://www.lanacion.com.ar,A Fondo Malena Alterio. La actriz que lleva el apellido como una bandera y pisa cada vez más fuerte en la escena de Madrid
2026-06-21,2026-W25,nacional,LA NACIÓN,Nacional,Nacional,Nacional,https://www.lanacion.com.ar,"Día del Padre. “Es todo nuevo, nos estamos conociendo”, dice el médico que hoy celebra con sus hijos tras la falsa denuncia"
2026-06-21,2026-W25,nacional,LA NACIÓN,Nacional,Nacional,Nacional,https://www.lanacion.com.ar,Sorpresa. La llamada desde una estancia que derivó en el hallazgo de un antiguo bosque preservado por 50 millones de años
2026-06-21,2026-W25,nacional,LA NACIÓN,Nacional,Nacional,Nacional,https://www.lanacion.com.ar,"""Así son las kukas"". Una mujer insultó y escupió a Lilia Lemoine y la diputada respondió con un cachetazo"
2026-06-21,2026-W25,nacional,LA NACIÓN,Nacional,Nacional,Nacional,https://www.lanacion.com.ar,Río de Janeiro. El atractivo inesperado del invierno en las costas cariocas
2026-06-21,2026-W25,nacional,LA NACIÓN,Nacional,Nacional,Nacional,https://www.lanacion.com.ar,Impresionante. De sufrir un triplete de Messi y el 7-1 de Alemania a héroe: el arquero que batió el récord mundialista de atajadas
2026-06-21,2026-W25,nacional,LA NACIÓN,Nacional,Nacional,Nacional,https://www.lanacion.com.ar,“Sucumbió”. El antiguo árbol de la leyenda del “ladrón honorable” murió por una triste combinación de factores
2026-06-21,2026-W25,nacional,LA NACIÓN,Nacional,Nacional,Nacional,https://www.lanacion.com.ar,Sin miedo al cambio. Se volvieron a mudar en menos de un año y su nueva casa es tan genial como la anterior
2026-06-21,2026-W25,nacional,LA NACIÓN,Nacional,Nacional,Nacional,https://www.lanacion.com.ar,"Sorpresa en las empresas. Las razones por las que, de un día para el otro, la gente dejó de comprar autos en cuotas"
2026-06-21,2026-W25,nacional,LA NACIÓN,Nacional,Nacional,Nacional,https://www.lanacion.com.ar,"Messi + 9. La fórmula de Scaloni y el jugador que falta definir para enfrentar a Austria: siempre hay una ""vacante"""
2026-06-21,2026-W25,nacional,LA NACIÓN,Nacional,Nacional,Nacional,https://www.lanacion.com.ar,"""Bailar no es para cualquiera"". El periodismo no tuvo nada que ver con la fake de Peña"
2026-06-21,2026-W25,nacional,LA NACIÓN,Nacional,Nacional,Nacional,https://www.lanacion.com.ar,"""Acá todo es progreso"". El argentino que llegó a Estados Unidos como arquero con pasado en River y hoy es un empresario que mueve fortunas"
2026-06-21,2026-W25,nacional,LA NACIÓN,Nacional,Nacional,Nacional,https://www.lanacion.com.ar,"""Pero Adorni..."". Irónico mensaje de Galperin tras salir a la luz los videos de Jesica Cirio con bolsas llenas de dólares"
2026-06-21,2026-W25,nacional,LA NACIÓN,Nacional,Nacional,Nacional,https://www.lanacion.com.ar,Celebración real. Máxima y Guillermo de Países Bajos festejaron el empate de Curazao bailando en el vestuario con los jugadores
2026-06-21,2026-W25,nacional,LA NACIÓN,Nacional,Nacional,Nacional,https://www.lanacion.com.ar,"Así juega Austria. Un equipo físico, con presión y ""gigantes"" que cabecean pero que atrás ofrece mil filtraciones"
2026-06-21,2026-W25,nacional,LA NACIÓN,Nacional,Nacional,Nacional,https://www.lanacion.com.ar,"El maestro de la presión. Quién es Ralf Rangnick, el técnico de Austria que inspiró una de las claves del juego de Scaloni"
2026-06-21,2026-W25,nacional,LA NACIÓN,Nacional,Nacional,Nacional,https://www.lanacion.com.ar,Tras el 0-0 con España. El arquero caboverdiano viral hizo otro milagro: que su mamá fuera a verlo sin pagar los US$ 15.000 de visa
2026-06-21,2026-W25,nacional,LA NACIÓN,Nacional,Nacional,Nacional,https://www.lanacion.com.ar,Fútbol sin fronteras. Un vuelo cancelado te puede cambiar la vida: bienvenidos a los mundiales de los pasaportes sin bandera
2026-06-21,2026-W25,nacional,LA NACIÓN,Nacional,Nacional,Nacional,https://www.lanacion.com.ar,Polémica servida. Pausa de hidratación en el Mundial: entre la codicia económica y el riesgo de desvirtuar el fútbol
2026-06-21,2026-W25,nacional,LA NACIÓN,Nacional,Nacional,Nacional,https://www.lanacion.com.ar,La región gira a la derecha. Trump está a punto de recuperar un aliado esencial y Lula de quedarse solo en América del Sur
2026-06-21,2026-W25,nacional,LA NACIÓN,Nacional,Nacional,Nacional,https://www.lanacion.com.ar,"“Necesitamos que ponga orden”. Outsider, ostentoso y admirador de Milei y Bukele: el fenómeno político que acaricia el poder en Colombia"
2026-06-21,2026-W25,nacional,LA NACIÓN,Nacional,Nacional,Nacional,https://www.lanacion.com.ar,Prohibición de salida. Un juez español envía a juicio a la esposa de Pedro Sánchez y le retira el pasaporte
2026-06-21,2026-W25,nacional,LA NACIÓN,Nacional,Nacional,Nacional,https://www.lanacion.com.ar,"En la mira de la Justicia. Por su batalla con Piccirillo, el financista Francisco Hauque pide que declare Jesica Cirio"
2026-06-21,2026-W25,nacional,LA NACIÓN,Nacional,Nacional,Nacional,https://www.lanacion.com.ar,Uniformación del pensamiento. Un confort de trinchera que corroe la inteligencia
2026-06-21,2026-W25,nacional,LA NACIÓN,Nacional,Nacional,Nacional,https://www.lanacion.com.ar,"La visita de León XIV. La Iglesia espera una confirmación del Vaticano, pero ya se barajan posibles escenarios"
2026-06-21,2026-W25,nacional,LA NACIÓN,Nacional,Nacional,Nacional,https://www.lanacion.com.ar,"El mensaje de Máximo Kirchner. Las chicanas a Kicillof, el “candidato por default”, la estética ricotera y las ausencias"
2026-06-21,2026-W25,nacional,LA NACIÓN,Nacional,Nacional,Nacional,https://www.lanacion.com.ar,Diferencias y oportunidades. Milei enfrenta una perspectiva muy distinta a la de Macri a la misma altura de su presidencia
2026-06-21,2026-W25,nacional,LA NACIÓN,Nacional,Nacional,Nacional,https://www.lanacion.com.ar,"Bajo la lupa. Sobrecostos, ley incumplida y disparidades: causas y efectos de un problema que crece en el corazón productivo"
2026-06-21,2026-W25,nacional,LA NACIÓN,Nacional,Nacional,Nacional,https://www.lanacion.com.ar,"La Repregunta. Guido Sandleris: “Con Milei, la mejora de los fundamentals económicos es contundente, pero en bienestar la respuesta es más ambigua”"
2026-06-21,2026-W25,nacional,LA NACIÓN,Nacional,Nacional,Nacional,https://www.lanacion.com.ar,"Hay una lógica detrás. Lo que gasto, ¿depende de qué moneda tengo?"
2026-06-21,2026-W25,nacional,LA NACIÓN,Nacional,Nacional,Nacional,https://www.lanacion.com.ar,Nivel más alto desde 2020. Prevén que las reservas netas llegarían a US$10.000 millones a fin de año y se abre el debate sobre la “artillería” para 2027
2026-06-21,2026-W25,nacional,LA NACIÓN,Nacional,Nacional,Nacional,https://www.lanacion.com.ar,Ley seca. Las mujeres que lograron prohibir el alcohol cuando EE.UU. era “una nación de borrachos”
2026-06-21,2026-W25,nacional,LA NACIÓN,Nacional,Nacional,Nacional,https://www.lanacion.com.ar,Las imágenes del malestar. Fernando Gago sufrió un infarto agudo de miocardio: qué dice el parte médico
2026-06-21,2026-W25,nacional,LA NACIÓN,Nacional,Nacional,Nacional,https://www.lanacion.com.ar,"Más profundidad, menos barcos. La nueva concesión de la Hidrovía podría generar ahorros de más de US$400 millones anuales"
2026-06-21,2026-W25,nacional,LA NACIÓN,Nacional,Nacional,Nacional,https://www.lanacion.com.ar,“Un lugar especial”. El reconocido arquitecto Diego Félix San Martín nos recibe en su refugio de Capilla del Señor junto a su familia
2026-06-21,2026-W25,nacional,LA NACIÓN,Nacional,Nacional,Nacional,https://www.lanacion.com.ar,"""Mi pasión"". La historia de la niña prodigio que vendió sus cuadros y acumuló 7 millones de dólares con 14 años"
2026-06-21,2026-W25,nacional,LA NACIÓN,Nacional,Nacional,Nacional,https://www.lanacion.com.ar,"Ciudad de contrastes. Ultramoderna, combina rascacielos y lujo con una rica herencia medieval"
2026-06-21,2026-W25,nacional,LA NACIÓN,Nacional,Nacional,Nacional,https://www.lanacion.com.ar,"Conmovedor texto de Esteban Bullrich. “La ELA es una enfermedad cruel: extraño abrazar, caminar”"
2026-06-21,2026-W25,nacional,LA NACIÓN,Nacional,Nacional,Nacional,https://www.lanacion.com.ar,Nueva paternidad. La generación de padres que se anima a expresar sus emociones
2026-06-21,2026-W25,nacional,CLARÍN,Nacional,Nacional,Nacional,https://www.clarin.com,Elecciones Colombia 2026
2026-06-21,2026-W25,nacional,CLARÍN,Nacional,Nacional,Nacional,https://www.clarin.com,España vs Arabia Saudita
2026-06-21,2026-W25,nacional,CLARÍN,Nacional,Nacional,Nacional,https://www.clarin.com,Selección Argentina
2026-06-21,2026-W25,nacional,CLARÍN,Nacional,Nacional,Nacional,https://www.clarin.com,Bélgica vs Irán
2026-06-21,2026-W25,nacional,CLARÍN,Nacional,Nacional,Nacional,https://www.clarin.com,Uruguay vs Cabo Verde
2026-06-21,2026-W25,nacional,CLARÍN,Nacional,Nacional,Nacional,https://www.clarin.com,Nueva Zelanda vs Egipto
2026-06-21,2026-W25,nacional,CLARÍN,Nacional,Nacional,Nacional,https://www.clarin.com,"Karina Milei duda, la presión crece y Manuel Adorni se refugia en el escudo del Presidente"
2026-06-21,2026-W25,nacional,CLARÍN,Nacional,Nacional,Nacional,https://www.clarin.com,"Milei resiste y Adorni no se va, todavía; todos miran a Macri; Kicillof y la inmersión peronista"
2026-06-21,2026-W25,nacional,CLARÍN,Nacional,Nacional,Nacional,https://www.clarin.com,España recupera la memoria y pasa por arriba a una impotente Arabia Saudita
2026-06-21,2026-W25,nacional,CLARÍN,Nacional,Nacional,Nacional,https://www.clarin.com,Aparecieron videos en los que se ve a Jesica Cirio con fajos de miles de dólares en la casa que compartió con Insaurralde
2026-06-21,2026-W25,nacional,CLARÍN,Nacional,Nacional,Nacional,https://www.clarin.com,Mundial mata billetera
2026-06-21,2026-W25,nacional,CLARÍN,Nacional,Nacional,Nacional,https://www.clarin.com,“Nunca lo votaría”: una encuesta midió el rechazo electoral y Máximo Kirchner batió el récord
2026-06-21,2026-W25,nacional,CLARÍN,Nacional,Nacional,Nacional,https://www.clarin.com,Otro polémico fallo: Toviggino logró sacar a su firma insignia de la lista de empresas apócrifas de ARCA
2026-06-21,2026-W25,nacional,CLARÍN,Nacional,Nacional,Nacional,https://www.clarin.com,Comenzó la segunda vuelta presidencial entre el libertario De la Espriella y el socialista Iván Cepeda
2026-06-21,2026-W25,nacional,CLARÍN,Nacional,Nacional,Nacional,https://www.clarin.com,Francisco Cerúndolo derrotó a Tommy Paul y se quedó con el ATP de Queen's
2026-06-21,2026-W25,nacional,CLARÍN,Nacional,Nacional,Nacional,https://www.clarin.com,El reencuentro con sus hijos del médico que estuvo preso por una falsa denuncia
2026-06-21,2026-W25,nacional,CLARÍN,Nacional,Nacional,Nacional,https://www.clarin.com,Qué dicen las estadísticas de la Selección y la comparación con otros candidatos
2026-06-21,2026-W25,nacional,CLARÍN,Nacional,Nacional,Nacional,https://www.clarin.com,"Daniel José Valencia, de 1 a 100: “Cuando murió Menotti me volví a sentir huérfano”"
2026-06-21,2026-W25,nacional,CLARÍN,Nacional,Nacional,Nacional,https://www.clarin.com,"Vance afirma que hubo avances en la negociación con Irán, mientras Trump lanza una nueva amenaza"
2026-06-21,2026-W25,nacional,CLARÍN,Nacional,Nacional,Nacional,https://www.clarin.com,Un desperfecto en la autopista y la tragedia del músico que perdió a su hija de dos años
2026-06-21,2026-W25,nacional,CLARÍN,Nacional,Nacional,Nacional,https://www.clarin.com,Al Gobierno le preocupa la recaudación y la informalidad
2026-06-21,2026-W25,nacional,CLARÍN,Nacional,Nacional,Nacional,https://www.clarin.com,Fernando Gago celebró el Día del Padre tras sufrir un infarto: el emotivo mensaje de Verónica Laffitte
2026-06-21,2026-W25,nacional,CLARÍN,Nacional,Nacional,Nacional,https://www.clarin.com,"Tragedia en la ruta 9: un auto cayó a un arroyo y murieron una mujer, su bebé y su suegro"
2026-06-21,2026-W25,nacional,CLARÍN,Nacional,Nacional,Nacional,https://www.clarin.com,Una de las excursiones más solicitadas por los argentinos en Francia y un palacio que estrena shows nocturnos
2026-06-21,2026-W25,nacional,CLARÍN,Nacional,Nacional,Nacional,https://www.clarin.com,La práctica de la Selección: Montiel a la par y Scaloni empieza a sacar conclusiones para un duelo clave
2026-06-21,2026-W25,nacional,CLARÍN,Nacional,Nacional,Nacional,https://www.clarin.com,Enzo Fernández dejó de ser el que pedía permiso para convertirse en el dueño del ritmo
2026-06-21,2026-W25,nacional,CLARÍN,Nacional,Nacional,Nacional,https://www.clarin.com,El goleador de Austria que amenaza: cómo dejó atrás la depresión y 34 millones de euros para volver a ser feliz
2026-06-21,2026-W25,nacional,CLARÍN,Nacional,Nacional,Nacional,https://www.clarin.com,El baile de la reina Máxima con el que celebró con los futbolistas en el vestuario de Curazao
2026-06-21,2026-W25,nacional,CLARÍN,Nacional,Nacional,Nacional,https://www.clarin.com,Adorni mantiene al Gobierno de rehén
2026-06-21,2026-W25,nacional,CLARÍN,Nacional,Nacional,Nacional,https://www.clarin.com,“Más se perdió en la guerra de Irán”
2026-06-21,2026-W25,nacional,CLARÍN,Nacional,Nacional,Nacional,https://www.clarin.com,La mujer que venció a los Andes
2026-06-21,2026-W25,nacional,CLARÍN,Nacional,Nacional,Nacional,https://www.clarin.com,La geopolítica y la tecnología nos ofrecen una oportunidad: ojalá no la desperdiciemos
2026-06-21,2026-W25,nacional,CLARÍN,Nacional,Nacional,Nacional,https://www.clarin.com,El brillo de los niños
2026-06-21,2026-W25,nacional,CLARÍN,Nacional,Nacional,Nacional,https://www.clarin.com,El Presidente redefine sus pasos en la soledad de Olivos
2026-06-21,2026-W25,nacional,CLARÍN,Nacional,Nacional,Nacional,https://www.clarin.com,Milei se mostró con Adorni en el acto por el Día de la Bandera y destacó a Belgrano como “el primer intelectual liberal”
2026-06-21,2026-W25,nacional,CLARÍN,Nacional,Nacional,Nacional,https://www.clarin.com,“Piden unidad y no son capaces de ir a verla a San José”: el dardo de Máximo Kirchner a Kicillof en plena interna peronista
2026-06-21,2026-W25,nacional,CLARÍN,Nacional,Nacional,Nacional,https://www.clarin.com,"Murió Roberto García, figura central del periodismo político"
2026-06-21,2026-W25,nacional,CLARÍN,Nacional,Nacional,Nacional,https://www.clarin.com,Sigue en aumento la cantidad de motos en las calles: la conducta más riesgosa y cómo buscan controlarla
2026-06-21,2026-W25,nacional,CLARÍN,Nacional,Nacional,Nacional,https://www.clarin.com,El doloroso Día del Padre de Gabriel Vega sin su hija Agostina: “Te amo hasta el infinito... y hasta más allá”
2026-06-21,2026-W25,nacional,CLARÍN,Nacional,Nacional,Nacional,https://www.clarin.com,"Qué es lo primero que hay que hacer si te hackean WhatsApp, Instagram o el home banking"
2026-06-21,2026-W25,nacional,CLARÍN,Nacional,Nacional,Nacional,https://www.clarin.com,Un motociclista de 41 años murió en un choque sobre la Autopista 9 de Julio
2026-06-21,2026-W25,nacional,CLARÍN,Nacional,Nacional,Nacional,https://www.clarin.com,"Todo sobre su madre, su padre, Rusia, Georgia y Ucrania"
2026-06-21,2026-W25,nacional,CLARÍN,Nacional,Nacional,Nacional,https://www.clarin.com,Boom de las finanzas digitales en Argentina: ¿quiénes son esos nuevos inversores?
2026-06-21,2026-W25,nacional,CLARÍN,Nacional,Nacional,Nacional,https://www.clarin.com,"Daniel Morales, Premio Clarín Novela: Devoción por los otros"
2026-06-21,2026-W25,nacional,CLARÍN,Nacional,Nacional,Nacional,https://www.clarin.com,¿Qué ocurre cuando la educación domina la escena museística?
2026-06-21,2026-W25,nacional,CLARÍN,Nacional,Nacional,Nacional,https://www.clarin.com,Pechugas de pollo a la parrilla
2026-06-21,2026-W25,nacional,CLARÍN,Nacional,Nacional,Nacional,https://www.clarin.com,Papa rellena con huevo
2026-06-21,2026-W25,nacional,CLARÍN,Nacional,Nacional,Nacional,https://www.clarin.com,Torta espiral de dulce de leche
2026-06-21,2026-W25,nacional,CLARÍN,Nacional,Nacional,Nacional,https://www.clarin.com,Selección Clarín
2026-06-21,2026-W25,nacional,CLARÍN,Nacional,Nacional,Nacional,https://www.clarin.com,"Marcela Ternavasio: “El gobierno actual crea sus propias narrativas del pasado, tan reduccionistas como las anteriores”"
2026-06-21,2026-W25,nacional,PÁGINA 12,Nacional,Nacional,Nacional,https://www.pagina12.com.ar,Adorni sigue sin mostrar el origen de los fondos
2026-06-21,2026-W25,nacional,PÁGINA 12,Nacional,Nacional,Nacional,https://www.pagina12.com.ar,"Uno por uno, los inventos y los tropezones mediáticos de Adorni que lo terminaron comprometiendo"
2026-06-21,2026-W25,nacional,PÁGINA 12,Nacional,Nacional,Nacional,https://www.pagina12.com.ar,También para entregar Tecnópolis esperan que se vaya Adorni
2026-06-21,2026-W25,nacional,PÁGINA 12,Nacional,Nacional,Nacional,https://www.pagina12.com.ar,Con la libertad de Cristina como bandera
2026-06-21,2026-W25,nacional,PÁGINA 12,Nacional,Nacional,Nacional,https://www.pagina12.com.ar,Ensayar la muerte
2026-06-21,2026-W25,nacional,PÁGINA 12,Nacional,Nacional,Nacional,https://www.pagina12.com.ar,La última marcha de Taty Almeida: su despedida en la Plaza de Mayo
2026-06-21,2026-W25,nacional,PÁGINA 12,Nacional,Nacional,Nacional,https://www.pagina12.com.ar,"España vs. Arabia Saudita, el partido minuto a minuto"
2026-06-21,2026-W25,nacional,PÁGINA 12,Nacional,Nacional,Nacional,https://www.pagina12.com.ar,"A qué hora juegan Bélgica vs. Irán, dónde verlo y posibles formaciones"
2026-06-21,2026-W25,nacional,PÁGINA 12,Nacional,Nacional,Nacional,https://www.pagina12.com.ar,Valmiro Mainetti en Radio 750
2026-06-21,2026-W25,nacional,PÁGINA 12,Nacional,Nacional,Nacional,https://www.pagina12.com.ar,Cultura y Espectáculos
2026-06-21,2026-W25,nacional,PÁGINA 12,Nacional,Nacional,Nacional,https://www.pagina12.com.ar,Suplementos Especiales
2026-06-21,2026-W25,nacional,PÁGINA 12,Nacional,Nacional,Nacional,https://www.pagina12.com.ar,"Postales de una economía de ""basura"" y canchas de pádel"
2026-06-21,2026-W25,nacional,PÁGINA 12,Nacional,Nacional,Nacional,https://www.pagina12.com.ar,“Una democracia contra el paredón”
2026-06-21,2026-W25,nacional,PÁGINA 12,Nacional,Nacional,Nacional,https://www.pagina12.com.ar,"Un jefe de Gabinete más solo, limitado y débil"
2026-06-21,2026-W25,nacional,PÁGINA 12,Nacional,Nacional,Nacional,https://www.pagina12.com.ar,Trump amenazó a Irán con nuevos ataques
2026-06-21,2026-W25,nacional,PÁGINA 12,Nacional,Nacional,Nacional,https://www.pagina12.com.ar,De la Espriella y Cepeda llegan al balotaje en Colombia con antagonismo extremo y bajo la sombra de EE.UU.
2026-06-21,2026-W25,nacional,PÁGINA 12,Nacional,Nacional,Nacional,https://www.pagina12.com.ar,Colombia y el Mundial de la presidencia
2026-06-21,2026-W25,nacional,PÁGINA 12,Nacional,Nacional,Nacional,https://www.pagina12.com.ar,"Aida Quilcué: “O gana la vida, o gana la muerte”"
2026-06-21,2026-W25,nacional,PÁGINA 12,Nacional,Nacional,Nacional,https://www.pagina12.com.ar,El mundo limita el uso de redes sociales para proteger la salud mental de los menores
2026-06-21,2026-W25,nacional,PÁGINA 12,Nacional,Nacional,Nacional,https://www.pagina12.com.ar,Montiel sintió otra molestia y está en duda para Austria
2026-06-21,2026-W25,nacional,PÁGINA 12,Nacional,Nacional,Nacional,https://www.pagina12.com.ar,El antecedente de la bandera por los Desaparecidos
2026-06-21,2026-W25,nacional,PÁGINA 12,Nacional,Nacional,Nacional,https://www.pagina12.com.ar,Ecuador no pudo ante un Curazao heroico
2026-06-21,2026-W25,nacional,PÁGINA 12,Nacional,Nacional,Nacional,https://www.pagina12.com.ar,Dos leyes para habilitar la impunidad artificial
2026-06-21,2026-W25,nacional,PÁGINA 12,Nacional,Nacional,Nacional,https://www.pagina12.com.ar,Mientras hablamos de Adorni
2026-06-21,2026-W25,nacional,PÁGINA 12,Nacional,Nacional,Nacional,https://www.pagina12.com.ar,Marcelo Bielsa contra las pausas de hidratación del Mundial 2026
2026-06-21,2026-W25,nacional,PÁGINA 12,Nacional,Nacional,Nacional,https://www.pagina12.com.ar,Cuando tres futbolistas etíopes encontraron asilo en Salta
2026-06-21,2026-W25,nacional,PÁGINA 12,Nacional,Nacional,Nacional,https://www.pagina12.com.ar,Desaparecidos de El Vesubio y Puente 12
2026-06-21,2026-W25,nacional,PÁGINA 12,Nacional,Nacional,Nacional,https://www.pagina12.com.ar,"El emotivo recuerdo de Taty Almeida por part de su hija: “Eligió vivir y morir así, poniendo el cuerpo”"
2026-06-21,2026-W25,nacional,PÁGINA 12,Nacional,Nacional,Nacional,https://www.pagina12.com.ar,“Hay un desenlace social y político de la situación de Adorni”: el desgaste del Gobierno y la consolidación de una alternativa
2026-06-21,2026-W25,nacional,PÁGINA 12,Nacional,Nacional,Nacional,https://www.pagina12.com.ar,Un video que renueva la investigación por enriquecimiento ilícito
2026-06-21,2026-W25,nacional,PÁGINA 12,Nacional,Nacional,Nacional,https://www.pagina12.com.ar,"Un juez español envía a juicio a Begoña Gómez, la esposa de Pedro Sánchez"
2026-06-21,2026-W25,nacional,PÁGINA 12,Nacional,Nacional,Nacional,https://www.pagina12.com.ar,Irán anunció el cierre del estrecho de Ormuz por los ataques de Israel en Líbano
2026-06-21,2026-W25,nacional,PÁGINA 12,Nacional,Nacional,Nacional,https://www.pagina12.com.ar,Clima en Buenos Aires: el pronóstico del tiempo para este domingo 21 de junio
2026-06-21,2026-W25,nacional,PÁGINA 12,Nacional,Nacional,Nacional,https://www.pagina12.com.ar,Rodrigo Paz decretó el Estado de Excepción en Bolivia
2026-06-21,2026-W25,nacional,PÁGINA 12,Nacional,Nacional,Nacional,https://www.pagina12.com.ar,Los mitos de la Argentina del Centenario
2026-06-21,2026-W25,nacional,PÁGINA 12,Nacional,Nacional,Nacional,https://www.pagina12.com.ar,El Puerto de Frutos también hace agua
2026-06-21,2026-W25,nacional,PÁGINA 12,Nacional,Nacional,Nacional,https://www.pagina12.com.ar,Sin lugar para los humanos
2026-06-21,2026-W25,nacional,PÁGINA 12,Nacional,Nacional,Nacional,https://www.pagina12.com.ar,La guerra fría por la IA
2026-06-21,2026-W25,nacional,PÁGINA 12,Nacional,Nacional,Nacional,https://www.pagina12.com.ar,"Más dólares, menos actividad"
2026-06-21,2026-W25,nacional,PÁGINA 12,Nacional,Nacional,Nacional,https://www.pagina12.com.ar,Una clase especial
2026-06-21,2026-W25,nacional,PÁGINA 12,Nacional,Nacional,Nacional,https://www.pagina12.com.ar,El tropicalista secreto
2026-06-21,2026-W25,nacional,PÁGINA 12,Nacional,Nacional,Nacional,https://www.pagina12.com.ar,Oh melancolía: una lectura de Jon Fosse.
2026-06-21,2026-W25,nacional,PÁGINA 12,Nacional,Nacional,Nacional,https://www.pagina12.com.ar,Tomo lo que encuentro
2026-06-21,2026-W25,nacional,PÁGINA 12,Nacional,Nacional,Nacional,https://www.pagina12.com.ar,Los cuentos completos de Edgar Allan Poe en pleno siglo XXI
2026-06-21,2026-W25,nacional,PÁGINA 12,Nacional,Nacional,Nacional,https://www.pagina12.com.ar,Altorancho iluminará el Alcorta Shopping: la empresa líder en muebles de diseño desembarca en el paseo de compras
2026-06-21,2026-W25,nacional,PÁGINA 12,Nacional,Nacional,Nacional,https://www.pagina12.com.ar,"Paul McCartney: aquí, allá y en todas partes"
2026-06-21,2026-W25,nacional,PÁGINA 12,Nacional,Nacional,Nacional,https://www.pagina12.com.ar,"""Toy Story 5"": 10 datos curiosos que tenés que saber antes de ver la película"
2026-06-21,2026-W25,nacional,PÁGINA 12,Nacional,Nacional,Nacional,https://www.pagina12.com.ar,El Mundial en llamas y el medio ambiente en el horno
2026-06-21,2026-W25,nacional,PÁGINA 12,Nacional,Nacional,Nacional,https://www.pagina12.com.ar,La madre que le legó el Mundial a su hijo
2026-06-21,2026-W25,nacional,PÁGINA 12,Nacional,Nacional,Nacional,https://www.pagina12.com.ar,Máxima goleada de Países Bajos: arrasó 5 a 1 a Suecia
2026-06-21,2026-W25,nacional,PERFIL,Nacional,Nacional,Nacional,https://www.perfil.com,Sin motosierra: con la carne y verdura que licitaron Casa Rosada y Olivos para 6 meses comerían 3.400 argentinos
2026-06-21,2026-W25,nacional,PERFIL,Nacional,Nacional,Nacional,https://www.perfil.com,"Máximo Kirchner: ""No sea cosa que lleguemos otra vez al gobierno y terminemos con un presidente peor que el actual"""
2026-06-21,2026-W25,nacional,PERFIL,Nacional,Nacional,Nacional,https://www.perfil.com,El uso y el futuro de Milei emperador
2026-06-21,2026-W25,nacional,PERFIL,Nacional,Nacional,Nacional,https://www.perfil.com,Empate técnico: un gobierno en el que todos pierden
2026-06-21,2026-W25,nacional,PERFIL,Nacional,Nacional,Nacional,https://www.perfil.com,El papel del periodismo
2026-06-21,2026-W25,nacional,PERFIL,Nacional,Nacional,Nacional,https://www.perfil.com,España se pone 3-0 y apabulla a Arabia Saudita en el Mundial 2026: seguí el minuto a minuto
2026-06-21,2026-W25,nacional,PERFIL,Nacional,Nacional,Nacional,https://www.perfil.com,Francisco Cerúndolo hizo historia en Londres: se consagró campeón del ATP 500 de Queen’s
2026-06-21,2026-W25,nacional,PERFIL,Nacional,Nacional,Nacional,https://www.perfil.com,Juan Luis Cebrián:“Los medios se están convirtiendo nuevamente en una experiencia de poder muy importante”
2026-06-21,2026-W25,nacional,PERFIL,Nacional,Nacional,Nacional,https://www.perfil.com,Adorni y el hubris
2026-06-21,2026-W25,nacional,PERFIL,Nacional,Nacional,Nacional,https://www.perfil.com,La interna que no cierra
2026-06-21,2026-W25,nacional,PERFIL,Nacional,Nacional,Nacional,https://www.perfil.com,El peronismo no puede con Cristina
2026-06-21,2026-W25,nacional,PERFIL,Nacional,Nacional,Nacional,https://www.perfil.com,¿Quién es quién?
2026-06-21,2026-W25,nacional,PERFIL,Nacional,Nacional,Nacional,https://www.perfil.com,"El agro, los autos y Vaca Muerta empujan el récord, pero la industria no convalida"
2026-06-21,2026-W25,nacional,PERFIL,Nacional,Nacional,Nacional,https://www.perfil.com,¿Se acerca el fin de Adorni?
2026-06-21,2026-W25,nacional,PERFIL,Nacional,Nacional,Nacional,https://www.perfil.com,Ni el clima del Mundial te va a salvar
2026-06-21,2026-W25,nacional,PERFIL,Nacional,Nacional,Nacional,https://www.perfil.com,Horarios del Mundial 2026: qué partidos se juegan hoy y dónde verlos en Argentina
2026-06-21,2026-W25,nacional,PERFIL,Nacional,Nacional,Nacional,https://www.perfil.com,"Proyecciones de resultados para el prode del 21 de junio: España vs Arabia, Uruguay vs Cabo Verde y más"
2026-06-21,2026-W25,nacional,PERFIL,Nacional,Nacional,Nacional,https://www.perfil.com,Bélgica vs Irán: un duelo clave para romper la paridad del Grupo G en el Mundial 2026
2026-06-21,2026-W25,nacional,PERFIL,Nacional,Nacional,Nacional,https://www.perfil.com,Ecuador chocó contra un arquero de Curazao invencible y quedó con un pie afuera del Mundial 2026
2026-06-21,2026-W25,nacional,PERFIL,Nacional,Nacional,Nacional,https://www.perfil.com,Alemania hizo los deberes y se metió en la próxima ronda: todos los clasificados a los 16avos del Mundial 2026
2026-06-21,2026-W25,nacional,PERFIL,Nacional,Nacional,Nacional,https://www.perfil.com,"Eloy Room, el arquero de Curazao, rompió el récord de atajadas ante Ecuador en el Mundial 2026"
2026-06-21,2026-W25,nacional,PERFIL,Nacional,Nacional,Nacional,https://www.perfil.com,Japón goleó 4-0 a Túnez en el partido N° 1000 de la historia de los Mundiales
2026-06-21,2026-W25,nacional,PERFIL,Nacional,Nacional,Nacional,https://www.perfil.com,"Guerra fría en Rosario: Villarruel lo hizo de nuevo, desafió a Milei y criticó al Gabinete"
2026-06-21,2026-W25,nacional,PERFIL,Nacional,Nacional,Nacional,https://www.perfil.com,"José Luis Manzano, el gran ganador de los negocios libertarios"
2026-06-21,2026-W25,nacional,PERFIL,Nacional,Nacional,Nacional,https://www.perfil.com,Se filtraron videos de Jésica Cirio con fajos de dólares en la casa de Martín Insaurralde
2026-06-21,2026-W25,nacional,PERFIL,Nacional,Nacional,Nacional,https://www.perfil.com,"Cirio habló de los videos de dólares y denunció extorsión: ""Han accedido a mis archivos con maniobras ilícitas"""
2026-06-21,2026-W25,nacional,PERFIL,Nacional,Nacional,Nacional,https://www.perfil.com,"Maximo Kirchner, directo a Kicillof: ""Hablan de unidad del peronismo y ni siquiera van a verla a Cristina"""
2026-06-21,2026-W25,nacional,PERFIL,Nacional,Nacional,Nacional,https://www.perfil.com,Una encuesta señala que Lula supera por diez puntos a Flávio Bolsonaro pero el balotaje quedaría más ajustado
2026-06-21,2026-W25,nacional,PERFIL,Nacional,Nacional,Nacional,https://www.perfil.com,Murió un motociclista en la Autopista 9 de Julio y un auto involucrado en el hecho se dio a la fuga
2026-06-21,2026-W25,nacional,PERFIL,Nacional,Nacional,Nacional,https://www.perfil.com,Clima en Ciudad de Buenos Aires: el Día del Padre llega con marcado descenso térmico y cielo encapotado
2026-06-21,2026-W25,nacional,PERFIL,Nacional,Nacional,Nacional,https://www.perfil.com,"El ticket de gasto promedio por el Día del Padre es $62 mil: ganan la ropa, las salidas y el vino"
2026-06-21,2026-W25,nacional,PERFIL,Nacional,Nacional,Nacional,https://www.perfil.com,"Santiago y Francisco Caputo, hermanos de plata: adelanto de la tapa de NOTICIAS"
2026-06-21,2026-W25,nacional,PERFIL,Nacional,Nacional,Nacional,https://www.perfil.com,Noticias del diario Perfil del domingo 21 de junio de 2026
2026-06-21,2026-W25,nacional,PERFIL,Nacional,Nacional,Nacional,https://www.perfil.com,"El Presidente estrena vocero y busca superar el desgaste, pero sigue con Adorni a cuestas"
2026-06-21,2026-W25,nacional,PERFIL,Nacional,Nacional,Nacional,https://www.perfil.com,"Banderazo con tres consignas: dardos a Kicillof, Cristina candidata y unidad con condiciones"
2026-06-21,2026-W25,nacional,PERFIL,Nacional,Nacional,Nacional,https://www.perfil.com,Macri coquetea con su “Segundo tiempo” y cree que Milei tiene que darle una salida a Adorni
2026-06-21,2026-W25,nacional,PERFIL,Nacional,Nacional,Nacional,https://www.perfil.com,"El Gobierno, tras una cacería de votos para anular la interpelación y la moción de censura"
2026-06-21,2026-W25,nacional,PERFIL,Nacional,Nacional,Nacional,https://www.perfil.com,Colombia: el papel clave que juegan los indecisos en un balotaje muy dividido
2026-06-21,2026-W25,nacional,PERFIL,Nacional,Nacional,Nacional,https://www.perfil.com,"Un cura y siete embajadores conocieron Casa Castañón, el mítico quincho de ""Charlas de Quincho"""
2026-06-21,2026-W25,nacional,PERFIL,Nacional,Nacional,Nacional,https://www.perfil.com,La terrible ELA: una enfermedad que se enfrenta en equipo
2026-06-21,2026-W25,nacional,PERFIL,Nacional,Nacional,Nacional,https://www.perfil.com,Dalia Gutmann: “Siempre entendí la comedia desde la neurosis”
2026-06-21,2026-W25,nacional,PERFIL,Nacional,Nacional,Nacional,https://www.perfil.com,“Muy pocas personas manejan el mundo”
2026-06-21,2026-W25,nacional,PERFIL,Nacional,Nacional,Nacional,https://www.perfil.com,Elecciones en Colombia: más de 41 millones de ciudadanos eligen entre Iván Cepeda y Abelardo de la Espriella
2026-06-21,2026-W25,nacional,PERFIL,Nacional,Nacional,Nacional,https://www.perfil.com,Balotaje en Colombia: el gran desafío es reconstruir un país dividido
2026-06-21,2026-W25,nacional,PERFIL,Nacional,Nacional,Nacional,https://www.perfil.com,"Salvador Di Stefano: “Si Argentina mantiene este rumbo durante tres gobiernos, va a ser un país espectacular”"
2026-06-21,2026-W25,nacional,PERFIL,Nacional,Nacional,Nacional,https://www.perfil.com,Una familia santiagueña murió en Tucumán tras chocar con un camión en la Ruta 9
2026-06-21,2026-W25,nacional,PERFIL,Nacional,Nacional,Nacional,https://www.perfil.com,Robo de autos: ¿cómo es la nueva modalidad delictiva y cuáles son las zonas más calientes?
2026-06-21,2026-W25,nacional,PERFIL,Nacional,Nacional,Nacional,https://www.perfil.com,Tres nuevos detenidos por la muerte de la joven lanzada sin cuerda de seguridad desde un puente de Brasil
2026-06-21,2026-W25,nacional,PERFIL,Nacional,Nacional,Nacional,https://www.perfil.com,"Rosalía: “Anhelo la calma, aunque el caos hace que la tinta fluya”"
2026-06-21,2026-W25,nacional,PERFIL,Nacional,Nacional,Nacional,https://www.perfil.com,"La madre de Victoria Villarruel, explosiva: ""Mi hija me dijo que la que gobierna es Karina"""
2026-06-21,2026-W25,nacional,EL DESTAPE,Nacional,Nacional,Nacional,https://www.eldestapeweb.com,El Destape - Sigamos Haciendo Historia
2026-06-21,2026-W25,nacional,EL DESTAPE,Nacional,Nacional,Nacional,https://www.eldestapeweb.com,"Adorni, bajo indagatoria: el antecedente del hermano y el recorte de poder"
2026-06-21,2026-W25,nacional,EL DESTAPE,Nacional,Nacional,Nacional,https://www.eldestapeweb.com,¿Existe peor país que la Argentina de Milei?
2026-06-21,2026-W25,nacional,EL DESTAPE,Nacional,Nacional,Nacional,https://www.eldestapeweb.com,"Caputo, Clarín y el gran negocio de un futuro sin Milei"
2026-06-21,2026-W25,nacional,EL DESTAPE,Nacional,Nacional,Nacional,https://www.eldestapeweb.com,El mundo en vilo: EE.UU. e Irán buscan la paz pero Israel quiere guerra
2026-06-21,2026-W25,nacional,EL DESTAPE,Nacional,Nacional,Nacional,https://www.eldestapeweb.com,La nueva paz es una forma de guerra permanente
2026-06-21,2026-W25,nacional,EL DESTAPE,Nacional,Nacional,Nacional,https://www.eldestapeweb.com,"La Selección llega a Dallas y habla Scaloni, con un cambio confirmado y 3 en duda"
2026-06-21,2026-W25,nacional,EL DESTAPE,Nacional,Nacional,Nacional,https://www.eldestapeweb.com,Vivo | España golea y aplasta a Arabia Saudita
2026-06-21,2026-W25,nacional,EL DESTAPE,Nacional,Nacional,Nacional,https://www.eldestapeweb.com,"Pausas de hidratación: por qué hay que ""entrenar el fútbol en cuatro cuartos"""
2026-06-21,2026-W25,nacional,EL DESTAPE,Nacional,Nacional,Nacional,https://www.eldestapeweb.com,Jugá al Desafío Mundialista de El Destape: el Mundial 2026 también lo podés ganar vos
2026-06-21,2026-W25,nacional,EL DESTAPE,Nacional,Nacional,Nacional,https://www.eldestapeweb.com,"Bielsa fulminó a la FIFA por la pausa de hidratación: ""Le quita mucho"""
2026-06-21,2026-W25,nacional,EL DESTAPE,Nacional,Nacional,Nacional,https://www.eldestapeweb.com,"Messi, los mundiales y las fake news: los moralistas de hoy fueron los tramposos ayer"
2026-06-21,2026-W25,nacional,EL DESTAPE,Nacional,Nacional,Nacional,https://www.eldestapeweb.com,Bomba Adorni: onda expansiva y explosiones en cadena
2026-06-21,2026-W25,nacional,EL DESTAPE,Nacional,Nacional,Nacional,https://www.eldestapeweb.com,"Milei hará más cambios, ¿Menem vice 2027? y Mahiques ya se siente Procurador"
2026-06-21,2026-W25,nacional,EL DESTAPE,Nacional,Nacional,Nacional,https://www.eldestapeweb.com,"Flor Peña, misoginia y una operación demasiado obvia"
2026-06-21,2026-W25,nacional,EL DESTAPE,Nacional,Nacional,Nacional,https://www.eldestapeweb.com,El Súper RIGI consolida la estructura jurídica de una economía de enclave
2026-06-21,2026-W25,nacional,EL DESTAPE,Nacional,Nacional,Nacional,https://www.eldestapeweb.com,"Balotaje en Colombia: De la Espriella pidió votar temprano y ""hacer la diferencia"""
2026-06-21,2026-W25,nacional,EL DESTAPE,Nacional,Nacional,Nacional,https://www.eldestapeweb.com,Los gobernadores diseñan sus estrategias electorales con mayoría de desdoblamientos
2026-06-21,2026-W25,nacional,EL DESTAPE,Nacional,Nacional,Nacional,https://www.eldestapeweb.com,Bullrich le escapa a la Ciudad pero busca apuntalar una candidata
2026-06-21,2026-W25,nacional,EL DESTAPE,Nacional,Nacional,Nacional,https://www.eldestapeweb.com,Crece la tensión en el Congreso por la declaración de Adorni: “O lo echan o lo sacamos”
2026-06-21,2026-W25,nacional,EL DESTAPE,Nacional,Nacional,Nacional,https://www.eldestapeweb.com,"Terminó la primera ronda de negociaciones en Suiza, con Catar y Pakistán como mediadores"
2026-06-21,2026-W25,nacional,EL DESTAPE,Nacional,Nacional,Nacional,https://www.eldestapeweb.com,Difunden videos de Jésica Cirio junto a bolsas con dólares
2026-06-21,2026-W25,nacional,EL DESTAPE,Nacional,Nacional,Nacional,https://www.eldestapeweb.com,"Con un discurso mal leído, Milei homenajeó a Belgrano y se abrazó a Adorni"
2026-06-21,2026-W25,nacional,EL DESTAPE,Nacional,Nacional,Nacional,https://www.eldestapeweb.com,"""La queremos en la Rosada"": el mensaje de Máximo en el banderazo por Cristina"
2026-06-21,2026-W25,nacional,EL DESTAPE,Nacional,Nacional,Nacional,https://www.eldestapeweb.com,"Emotiva despedida a Taty Almeida en Plaza de Mayo: ""Su legado quedará grabado"""
2026-06-21,2026-W25,nacional,EL DESTAPE,Nacional,Nacional,Nacional,https://www.eldestapeweb.com,"La historia de Yamal, el crack que sueña con llevar a España al título"
2026-06-21,2026-W25,nacional,EL DESTAPE,Nacional,Nacional,Nacional,https://www.eldestapeweb.com,Argentino Cerúndolo se impone a Paul tras un reñido partido y se lleva el título de Queen's
2026-06-21,2026-W25,nacional,EL DESTAPE,Nacional,Nacional,Nacional,https://www.eldestapeweb.com,Caso Loan: cómo continúa el juicio por la desaparición del niño
2026-06-21,2026-W25,nacional,EL DESTAPE,Nacional,Nacional,Nacional,https://www.eldestapeweb.com,Tiafoe se impone a su compatriota Fritz y conquista el Abierto de Halle
2026-06-21,2026-W25,nacional,EL DESTAPE,Nacional,Nacional,Nacional,https://www.eldestapeweb.com,De peinar a cuidar: padres que ensayan otras formas de ser varón
2026-06-21,2026-W25,nacional,EL DESTAPE,Nacional,Nacional,Nacional,https://www.eldestapeweb.com,"Florencio Finkel: “Frente a una realidad indignante, lo inevitable fue hacer música"""
2026-06-21,2026-W25,nacional,EL DESTAPE,Nacional,Nacional,Nacional,https://www.eldestapeweb.com,"El tour en bus que recorre crímenes, fantasmas y leyendas ocultas"
2026-06-21,2026-W25,nacional,EL DESTAPE,Nacional,Nacional,Nacional,https://www.eldestapeweb.com,"Caso Agostina Vega: la familia volvió a marchar y pidió ""que caigan todos"""
2026-06-21,2026-W25,nacional,EL DESTAPE,Nacional,Nacional,Nacional,https://www.eldestapeweb.com,"Sacado, un jugador de Túnez liquidó a la Federación: ""No se puede"""
2026-06-21,2026-W25,nacional,EL DESTAPE,Nacional,Nacional,Nacional,https://www.eldestapeweb.com,"España vs. Arabia Saudita: quién gana, predicciones y pronóstico según la IA"
2026-06-21,2026-W25,nacional,EL DESTAPE,Nacional,Nacional,Nacional,https://www.eldestapeweb.com,Los japoneses ya parecen argentinos: cumbia villera y aliento total
2026-06-21,2026-W25,nacional,EL DESTAPE,Nacional,Nacional,Nacional,https://www.eldestapeweb.com,Por qué no juega Suárez el Mundial con Uruguay
2026-06-21,2026-W25,nacional,EL DESTAPE,Nacional,Nacional,Nacional,https://www.eldestapeweb.com,Quién es la esposa de Gonzalo Montiel y cuántos hijos tienen: así es Karina Nacucchio
2026-06-21,2026-W25,nacional,EL DESTAPE,Nacional,Nacional,Nacional,https://www.eldestapeweb.com,Cómo es la casa de Tim Payne en Nueva Zelanda
2026-06-21,2026-W25,nacional,EL DESTAPE,Nacional,Nacional,Nacional,https://www.eldestapeweb.com,"Clima en Buenos Aires hoy: pronóstico del tiempo en vivo de este Domingo, 21 de junio"
2026-06-21,2026-W25,nacional,EL DESTAPE,Nacional,Nacional,Nacional,https://www.eldestapeweb.com,El truco viral para mantener los pies calientes en invierno
2026-06-21,2026-W25,nacional,EL DESTAPE,Nacional,Nacional,Nacional,https://www.eldestapeweb.com,Torturas y abusos sexuales a internas: desafectaron a diez agentes penitenciarios
2026-06-21,2026-W25,nacional,EL DESTAPE,Nacional,Nacional,Nacional,https://www.eldestapeweb.com,Vaciamiento en el INTA: doce trabajadores dejan el organismo y alertan por el ajuste
2026-06-21,2026-W25,nacional,EL DESTAPE,Nacional,Nacional,Nacional,https://www.eldestapeweb.com,Villarruel volvió a apuntar contra Adorni: “No hay nadie más peleado con Belgrano que él”
2026-06-21,2026-W25,nacional,EL DESTAPE,Nacional,Nacional,Nacional,https://www.eldestapeweb.com,"Milei en el acto del Día de la Bandera: ""El sueño de Belgrano seguirá vivo"""
2026-06-21,2026-W25,nacional,EL DESTAPE,Nacional,Nacional,Nacional,https://www.eldestapeweb.com,El Gobierno apuesta a un último recurso para salvar a Adorni en el Senado
2026-06-21,2026-W25,nacional,EL DESTAPE,Nacional,Nacional,Nacional,https://www.eldestapeweb.com,"""La violencia de Milei"": la fuerte carta de Ravier, el nuevo vocero del Gobierno"
2026-06-21,2026-W25,nacional,EL DESTAPE,Nacional,Nacional,Nacional,https://www.eldestapeweb.com,Cerrarán la Autopista Dellepiane este fin de semana
2026-06-21,2026-W25,nacional,EL DESTAPE,Nacional,Nacional,Nacional,https://www.eldestapeweb.com,Ranking salarial: cuál es el sueldo pretendido en Argentina rubro por rubro
2026-06-21,2026-W25,nacional,EL DESTAPE,Nacional,Nacional,Nacional,https://www.eldestapeweb.com,La drástica decisión que tomó Anto Roccuzzo con Luzu
2026-06-21,2026-W25,nacional,LA POLÍTICA ONLINE,Nacional,Nacional,Nacional,https://www.lapoliticaonline.com.ar,Milei y Pullaro en el Día de la bandera: Construye tu propio Belgrano
2026-06-21,2026-W25,nacional,LA POLÍTICA ONLINE,Nacional,Nacional,Nacional,https://www.lapoliticaonline.com.ar,"Pullaro le dijo a Milei que en Santa Fe las obras se hacen ""sin corrupción"" y sentó a Villarruel en el palco"
2026-06-21,2026-W25,nacional,LA POLÍTICA ONLINE,Nacional,Nacional,Nacional,https://www.lapoliticaonline.com.ar,"En medio de la interna por la sucesión, Verna le vació a Ziliotto la legislatura de La Pampa"
2026-06-21,2026-W25,nacional,LA POLÍTICA ONLINE,Nacional,Nacional,Nacional,https://www.lapoliticaonline.com.ar,"En el banderazo por la libertad de Cristina, Máximo apuntó a Kicillof: ""Hablan de unidad y no van a verla"""
2026-06-21,2026-W25,nacional,LA POLÍTICA ONLINE,Nacional,Nacional,Nacional,https://www.lapoliticaonline.com.ar,Avanzan las obras en el Centro Cultural San Martín y la segunda etapa termina en diciembre
2026-06-21,2026-W25,nacional,LA POLÍTICA ONLINE,Nacional,Nacional,Nacional,https://www.lapoliticaonline.com.ar,Renuncia la histórica directora del Museo del Cine en medio de tensiones con Lombardi
2026-06-21,2026-W25,nacional,LA POLÍTICA ONLINE,Nacional,Nacional,Nacional,https://www.lapoliticaonline.com.ar,Adorni gastó 8 mil dólares en un flipper de Los Locos Addams para su casa del country
2026-06-21,2026-W25,nacional,LA POLÍTICA ONLINE,Nacional,Nacional,Nacional,https://www.lapoliticaonline.com.ar,Bullrich se queda con otra banca en Diputados tras la salida de Ravier
2026-06-21,2026-W25,nacional,LA POLÍTICA ONLINE,Nacional,Nacional,Nacional,https://www.lapoliticaonline.com.ar,El despertar del dólar le complica a Caputo la deuda en pesos
2026-06-21,2026-W25,nacional,LA POLÍTICA ONLINE,Nacional,Nacional,Nacional,https://www.lapoliticaonline.com.ar,Resolución 1150: la jugada de Sturzenegger para atraer a la bolsa a los inversores cripto
2026-06-21,2026-W25,nacional,LA POLÍTICA ONLINE,Nacional,Nacional,Nacional,https://www.lapoliticaonline.com.ar,El ministro de Agricultura de Kicillof sugiere retenciones segmentadas para pequeños y medianos productores
2026-06-21,2026-W25,nacional,LA POLÍTICA ONLINE,Nacional,Nacional,Nacional,https://www.lapoliticaonline.com.ar,Jorge Macri apelará el fallo del juez Gallardo que prohíbe los desalojos
2026-06-21,2026-W25,nacional,LA POLÍTICA ONLINE,Nacional,Nacional,Nacional,https://www.lapoliticaonline.com.ar,Milei le interviene la vocería a Adorni con un economista cercano a Santiago Caputo
2026-06-21,2026-W25,nacional,LA POLÍTICA ONLINE,Nacional,Nacional,Nacional,https://www.lapoliticaonline.com.ar,"Milei por ahora mantiene a Adorni y desafía al Senado: ""Si lo echan son golpistas"""
2026-06-21,2026-W25,nacional,LA POLÍTICA ONLINE,Nacional,Nacional,Nacional,https://www.lapoliticaonline.com.ar,La mamá de Villarruel dijo que Milei y Karina le tienen celos a su hija
2026-06-21,2026-W25,nacional,LA POLÍTICA ONLINE,Nacional,Nacional,Nacional,https://www.lapoliticaonline.com.ar,"Entusiasmo Peaky Blinder por la llegada de Ravier: ""Venían por la comunicación digital y perdieron la vocería del presidente"""
2026-06-21,2026-W25,nacional,LA POLÍTICA ONLINE,Nacional,Nacional,Nacional,https://www.lapoliticaonline.com.ar,Leila Gianni amenaza con abandonar La Libertad Avanza tentada por Villarruel
2026-06-21,2026-W25,nacional,LA POLÍTICA ONLINE,Nacional,Nacional,Nacional,https://www.lapoliticaonline.com.ar,"El editor de Clarín dijo que Milei es ""un lunático"" que se brota"
2026-06-21,2026-W25,nacional,LA POLÍTICA ONLINE,Nacional,Nacional,Nacional,https://www.lapoliticaonline.com.ar,Myriam Bregman resiste una candidatura en la Ciudad y niega un acuerdo con el peronismo
2026-06-21,2026-W25,nacional,LA POLÍTICA ONLINE,Nacional,Nacional,Nacional,https://www.lapoliticaonline.com.ar,Jaldo advirtió a la Legislatura tucumana que vetará el proyecto para censurar los portales
2026-06-21,2026-W25,nacional,LA POLÍTICA ONLINE,Nacional,Nacional,Nacional,https://www.lapoliticaonline.com.ar,La UIA anticipa otra caída fuerte de la industria en mayo
2026-06-21,2026-W25,nacional,LA POLÍTICA ONLINE,Nacional,Nacional,Nacional,https://www.lapoliticaonline.com.ar,Un fallo de Cámara cuestiona la constitucionalidad de la reforma migratoria de Milei
2026-06-21,2026-W25,nacional,LA POLÍTICA ONLINE,Nacional,Nacional,Nacional,https://www.lapoliticaonline.com.ar,Jorge Macri endureció las penas contra los trapitos y prevén hasta 60 días de detención
2026-06-21,2026-W25,nacional,LA POLÍTICA ONLINE,Nacional,Nacional,Nacional,https://www.lapoliticaonline.com.ar,"Estatales presionan a Kicillof por paritarias y exigen un aumento de dos dígitos: ""Hay mucho malestar"""
2026-06-21,2026-W25,nacional,LA POLÍTICA ONLINE,Nacional,Nacional,Nacional,https://www.lapoliticaonline.com.ar,Jan De Nul y Servimagnus crearán una nueva firma para operar la Hidrovía
2026-06-21,2026-W25,nacional,LA POLÍTICA ONLINE,Nacional,Nacional,Nacional,https://www.lapoliticaonline.com.ar,El turismo en feriados largos cayó más de 50% en tres años
2026-06-21,2026-W25,nacional,LA POLÍTICA ONLINE,Nacional,Nacional,Nacional,https://www.lapoliticaonline.com.ar,Reproches en una reunión caliente del bloque libertario porque nadie quiere defender a Adorni
2026-06-21,2026-W25,nacional,LA POLÍTICA ONLINE,Nacional,Nacional,Nacional,https://www.lapoliticaonline.com.ar,Sáenz le propuso a Jaldo y Jalil no voltear a Adorni para evitar que Milei se victimice
2026-06-21,2026-W25,nacional,LA POLÍTICA ONLINE,Nacional,Nacional,Nacional,https://www.lapoliticaonline.com.ar,Villarruel desafía a Karina y va al acto por el Día de la Bandera aunque la tacharon de la lista
2026-06-21,2026-W25,nacional,LA POLÍTICA ONLINE,Nacional,Nacional,Nacional,https://www.lapoliticaonline.com.ar,"Marra le mandó una carta a Milei pidiendo que eche a Adorni: ""El proyecto se muere aunque la economía funcione"""
2026-06-21,2026-W25,nacional,LA POLÍTICA ONLINE,Nacional,Nacional,Nacional,https://www.lapoliticaonline.com.ar,"Bolívar votó una declaración contra Adorni y hasta los concejales libertarios piden su renuncia: ""Se enterró sólo"""
2026-06-21,2026-W25,nacional,LA POLÍTICA ONLINE,Nacional,Nacional,Nacional,https://www.lapoliticaonline.com.ar,Ruptura libertaria en Lanús por la pelea entre dirigentes de Pareja y Kravetz
2026-06-21,2026-W25,nacional,LA POLÍTICA ONLINE,Nacional,Nacional,Nacional,https://www.lapoliticaonline.com.ar,"Una empresa usa a Adorni para vender sábanas: ""Está tan barato que vas a pensar que te estamos robando"""
2026-06-21,2026-W25,nacional,LA POLÍTICA ONLINE,Nacional,Nacional,Nacional,https://www.lapoliticaonline.com.ar,Duro golpe a Caputo: MSCI sugiere que no subirá la calificación de Argentina y se pierden USD 7.000 millones
2026-06-21,2026-W25,nacional,LA POLÍTICA ONLINE,Nacional,Nacional,Nacional,https://www.lapoliticaonline.com.ar,Caputo manda una modificación a la ley de inocencia fiscal: sólo se podrá adherir hasta el 2027
2026-06-21,2026-W25,nacional,LA POLÍTICA ONLINE,Nacional,Nacional,Nacional,https://www.lapoliticaonline.com.ar,Récord histórico de superávit comercial gracias a Vaca Muerta y la caída de las importaciones industriales
2026-06-21,2026-W25,nacional,LA POLÍTICA ONLINE,Nacional,Nacional,Nacional,https://www.lapoliticaonline.com.ar,El gobierno adjudicó la Hidrovía a Jan de Nul y se termina la pelea por la privatización más importante
2026-06-21,2026-W25,nacional,LA POLÍTICA ONLINE,Nacional,Nacional,Nacional,https://www.lapoliticaonline.com.ar,Milei sale a rescatar a tres provincias ante la caída de la coparticipación
2026-06-21,2026-W25,nacional,LA POLÍTICA ONLINE,Nacional,Nacional,Nacional,https://www.lapoliticaonline.com.ar,"El gobierno eliminó el impuesto al cheque a Mercado Pago y las cripto, pero lo mantiene para las Pymes"
2026-06-21,2026-W25,nacional,LA POLÍTICA ONLINE,Nacional,Nacional,Nacional,https://www.lapoliticaonline.com.ar,Dura decisión de Milei contra Clarín: obliga a Telecom a desprenderse de 6 millones de abonados
2026-06-21,2026-W25,nacional,LA POLÍTICA ONLINE,Nacional,Nacional,Nacional,https://www.lapoliticaonline.com.ar,Caputo encontró una nueva forma de frenar al dólar sin vender reservas
2026-06-21,2026-W25,nacional,LA POLÍTICA ONLINE,Nacional,Nacional,Nacional,https://www.lapoliticaonline.com.ar,La productora de Lauría y Finkelstein se queda con el nuevo Arena de Rosario
2026-06-21,2026-W25,nacional,LA POLÍTICA ONLINE,Nacional,Nacional,Nacional,https://www.lapoliticaonline.com.ar,Los libertarios van por la gobernación de Río Negro y rechazan un acuerdo con Weretilneck
2026-06-21,2026-W25,nacional,LA POLÍTICA ONLINE,Nacional,Nacional,Nacional,https://www.lapoliticaonline.com.ar,Aceleran la construcción del cuarto carril de la autopista a La Plata
2026-06-21,2026-W25,nacional,LA POLÍTICA ONLINE,Nacional,Nacional,Nacional,https://www.lapoliticaonline.com.ar,Misiones evalúa un nuevo plebiscito para destrabar la represa de Corpus con Paraguay
2026-06-21,2026-W25,nacional,LA POLÍTICA ONLINE,Nacional,Nacional,Nacional,https://www.lapoliticaonline.com.ar,Ahora revelan que Adorni se gastó 8 millones en sábanas de lujo
2026-06-21,2026-W25,nacional,LA POLÍTICA ONLINE,Nacional,Nacional,Nacional,https://www.lapoliticaonline.com.ar,"Ultimátum de los aliados a Milei, le dan dos semanas para que eche a Adorni"
2026-06-21,2026-W25,nacional,LA POLÍTICA ONLINE,Nacional,Nacional,Nacional,https://www.lapoliticaonline.com.ar,Llaryora se desmarca de Schiaretti y no avanzará contra Adorni
2026-06-21,2026-W25,nacional,LA POLÍTICA ONLINE,Nacional,Nacional,Nacional,https://www.lapoliticaonline.com.ar,ARCA intimó al contratista que declaró contra Adorni
2026-06-21,2026-W25,nacional,LA POLÍTICA ONLINE,Nacional,Nacional,Nacional,https://www.lapoliticaonline.com.ar,Marijuan pidió la indagatoria del hermano de Adorni por mentir en las declaraciones juradas
2026-06-21,2026-W25,nacional,TIEMPO ARGENTINO,Nacional,Nacional,Nacional,https://www.tiempoar.com.ar,Tiempo Argentino
2026-06-21,2026-W25,nacional,TIEMPO ARGENTINO,Nacional,Nacional,Nacional,https://www.tiempoar.com.ar,EL CAPRICHO DE OLIVOS
2026-06-21,2026-W25,nacional,TIEMPO ARGENTINO,Nacional,Nacional,Nacional,https://www.tiempoar.com.ar,Milei sigue sin soltar a Adorni y confía en que el Congreso no lo destituya
2026-06-21,2026-W25,nacional,TIEMPO ARGENTINO,Nacional,Nacional,Nacional,https://www.tiempoar.com.ar,La casta tienen expedientes
2026-06-21,2026-W25,nacional,TIEMPO ARGENTINO,Nacional,Nacional,Nacional,https://www.tiempoar.com.ar,La causa Adorni avanza sobre un celular y la cotización de las critpo
2026-06-21,2026-W25,nacional,TIEMPO ARGENTINO,Nacional,Nacional,Nacional,https://www.tiempoar.com.ar,Pedido de interpelación
2026-06-21,2026-W25,nacional,TIEMPO ARGENTINO,Nacional,Nacional,Nacional,https://www.tiempoar.com.ar,Cómo se negocia la supervivencia del jefe de Gabinete
2026-06-21,2026-W25,nacional,TIEMPO ARGENTINO,Nacional,Nacional,Nacional,https://www.tiempoar.com.ar,GUERRA EN EL GABINETE
2026-06-21,2026-W25,nacional,TIEMPO ARGENTINO,Nacional,Nacional,Nacional,https://www.tiempoar.com.ar,Bullrich y el transfuguismo polimorfo
2026-06-21,2026-W25,nacional,TIEMPO ARGENTINO,Nacional,Nacional,Nacional,https://www.tiempoar.com.ar,"Sumate a Correo Mundial, el nuevo newsletter"
2026-06-21,2026-W25,nacional,TIEMPO ARGENTINO,Nacional,Nacional,Nacional,https://www.tiempoar.com.ar,Alejandro Wall y Andrés Burgo escribirán cada mañana y de manera conjunta un ida y vuelta de la Copa 2026.
2026-06-21,2026-W25,nacional,TIEMPO ARGENTINO,Nacional,Nacional,Nacional,https://www.tiempoar.com.ar,El ausente más presente
2026-06-21,2026-W25,nacional,TIEMPO ARGENTINO,Nacional,Nacional,Nacional,https://www.tiempoar.com.ar,"Una fecha, una ciudad y un rival, el partido que atraviesa el corazón biográfico de Maradona"
2026-06-21,2026-W25,nacional,TIEMPO ARGENTINO,Nacional,Nacional,Nacional,https://www.tiempoar.com.ar,Decisión de Scaloni
2026-06-21,2026-W25,nacional,TIEMPO ARGENTINO,Nacional,Nacional,Nacional,https://www.tiempoar.com.ar,Dos dudas y un regreso en Argentina para el partido contra Austria
2026-06-21,2026-W25,nacional,TIEMPO ARGENTINO,Nacional,Nacional,Nacional,https://www.tiempoar.com.ar,Dirige su tercer Mundial
2026-06-21,2026-W25,nacional,TIEMPO ARGENTINO,Nacional,Nacional,Nacional,https://www.tiempoar.com.ar,"Bielsa, el entrenador tercermundista que eligió la opción preferencial por los pobres hinchas"
2026-06-21,2026-W25,nacional,TIEMPO ARGENTINO,Nacional,Nacional,Nacional,https://www.tiempoar.com.ar,"Federico Polak: «Grondona no ostentaba, usaba poncho: no veo comparación con Tapia»"
2026-06-21,2026-W25,nacional,TIEMPO ARGENTINO,Nacional,Nacional,Nacional,https://www.tiempoar.com.ar,Doctrina Pichetto: las claves de la estrategia legal y política que propone para liberar a CFK
2026-06-21,2026-W25,nacional,TIEMPO ARGENTINO,Nacional,Nacional,Nacional,https://www.tiempoar.com.ar,“Peronismo shakesperiano”
2026-06-21,2026-W25,nacional,TIEMPO ARGENTINO,Nacional,Nacional,Nacional,https://www.tiempoar.com.ar,EL MAPA DE AXEL
2026-06-21,2026-W25,nacional,TIEMPO ARGENTINO,Nacional,Nacional,Nacional,https://www.tiempoar.com.ar,Kicillof esquiva la confrontación con La Cámpora y sigue armando con el MDF
2026-06-21,2026-W25,nacional,TIEMPO ARGENTINO,Nacional,Nacional,Nacional,https://www.tiempoar.com.ar,TODO PRESO ES POLÍTICO
2026-06-21,2026-W25,nacional,TIEMPO ARGENTINO,Nacional,Nacional,Nacional,https://www.tiempoar.com.ar,Banderas en su corazón: un Parque Lezama bancando a Cristina Libre
2026-06-21,2026-W25,nacional,TIEMPO ARGENTINO,Nacional,Nacional,Nacional,https://www.tiempoar.com.ar,LA PELEA POR LA CONDUCCIÓN
2026-06-21,2026-W25,nacional,TIEMPO ARGENTINO,Nacional,Nacional,Nacional,https://www.tiempoar.com.ar,El reclamo por Cristina se suma al clima electoral que vive el peronismo
2026-06-21,2026-W25,nacional,TIEMPO ARGENTINO,Nacional,Nacional,Nacional,https://www.tiempoar.com.ar,"A 15 meses de la reforma educativa de Jorge Macri, empieza a sentirse el ajuste"
2026-06-21,2026-W25,nacional,TIEMPO ARGENTINO,Nacional,Nacional,Nacional,https://www.tiempoar.com.ar,Hasta la victoria
2026-06-21,2026-W25,nacional,TIEMPO ARGENTINO,Nacional,Nacional,Nacional,https://www.tiempoar.com.ar,Taty descansa en su eterno lugar de lucha y amor: la Plaza de Mayo
2026-06-21,2026-W25,nacional,TIEMPO ARGENTINO,Nacional,Nacional,Nacional,https://www.tiempoar.com.ar,El Mundial de los desaparecidos
2026-06-21,2026-W25,nacional,TIEMPO ARGENTINO,Nacional,Nacional,Nacional,https://www.tiempoar.com.ar,El gobierno profundiza el ajuste en sectores vulnerables para asegurar el superávit
2026-06-21,2026-W25,nacional,TIEMPO ARGENTINO,Nacional,Nacional,Nacional,https://www.tiempoar.com.ar,La CGT reúne al Consejo para unificar su estrategia en defensa de los convenios
2026-06-21,2026-W25,nacional,TIEMPO ARGENTINO,Nacional,Nacional,Nacional,https://www.tiempoar.com.ar,Escenario económico
2026-06-21,2026-W25,nacional,TIEMPO ARGENTINO,Nacional,Nacional,Nacional,https://www.tiempoar.com.ar,La naturaleza del modelo mileísta
2026-06-21,2026-W25,nacional,TIEMPO ARGENTINO,Nacional,Nacional,Nacional,https://www.tiempoar.com.ar,Crisis profunda
2026-06-21,2026-W25,nacional,TIEMPO ARGENTINO,Nacional,Nacional,Nacional,https://www.tiempoar.com.ar,Industria en modo pandemia: rubros al 40% de su capacidad y poca esperanza de repunte
2026-06-21,2026-W25,nacional,TIEMPO ARGENTINO,Nacional,Nacional,Nacional,https://www.tiempoar.com.ar,En Parque Lezama
2026-06-21,2026-W25,nacional,TIEMPO ARGENTINO,Nacional,Nacional,Nacional,https://www.tiempoar.com.ar,Postales del banderazo por la libertad de Cristina
2026-06-21,2026-W25,nacional,TIEMPO ARGENTINO,Nacional,Nacional,Nacional,https://www.tiempoar.com.ar,¿OTRA GUERRA SIN FIN?
2026-06-21,2026-W25,nacional,TIEMPO ARGENTINO,Nacional,Nacional,Nacional,https://www.tiempoar.com.ar,El acuerdo con Irán depende de que EE UU frene a Israel
2026-06-21,2026-W25,nacional,TIEMPO ARGENTINO,Nacional,Nacional,Nacional,https://www.tiempoar.com.ar,Escenario global
2026-06-21,2026-W25,nacional,TIEMPO ARGENTINO,Nacional,Nacional,Nacional,https://www.tiempoar.com.ar,Trump en Versailles
2026-06-21,2026-W25,nacional,TIEMPO ARGENTINO,Nacional,Nacional,Nacional,https://www.tiempoar.com.ar,El balotaje llega a una Colombia muy polarizada entre la ultraderecha y el continuismo
2026-06-21,2026-W25,nacional,TIEMPO ARGENTINO,Nacional,Nacional,Nacional,https://www.tiempoar.com.ar,Noticias andinas
2026-06-21,2026-W25,nacional,TIEMPO ARGENTINO,Nacional,Nacional,Nacional,https://www.tiempoar.com.ar,"En Bolivia, la COB accede a un acuerdo y el gobierno responde con el estado de excepción"
2026-06-21,2026-W25,nacional,TIEMPO ARGENTINO,Nacional,Nacional,Nacional,https://www.tiempoar.com.ar,Freno a la ultraderecha
2026-06-21,2026-W25,nacional,TIEMPO ARGENTINO,Nacional,Nacional,Nacional,https://www.tiempoar.com.ar,"Suiza le puso un límite a la obsesión xenófoba europea, pero el riesgo sigue vigente"
2026-06-21,2026-W25,nacional,TIEMPO ARGENTINO,Nacional,Nacional,Nacional,https://www.tiempoar.com.ar,LA HISTORIA PROPIA
2026-06-21,2026-W25,nacional,TIEMPO ARGENTINO,Nacional,Nacional,Nacional,https://www.tiempoar.com.ar,"África, en la encrucijada, entre las viejas colonias y los nuevos hegemones"
2026-06-21,2026-W25,nacional,TIEMPO ARGENTINO,Nacional,Nacional,Nacional,https://www.tiempoar.com.ar,Economía mundial
2026-06-21,2026-W25,nacional,LA PRENSA,Nacional,Nacional,Nacional,https://www.laprensa.com.ar,"Trump exige a Irán que no ""cause problemas"" en Líbano o EEUU reanudará los ataques"
2026-06-21,2026-W25,nacional,LA PRENSA,Nacional,Nacional,Nacional,https://www.laprensa.com.ar,Un alejamiento por etapas para el controvertido Manuel Adorni
2026-06-21,2026-W25,nacional,LA PRENSA,Nacional,Nacional,Nacional,https://www.laprensa.com.ar,Confianza del consumidor
2026-06-21,2026-W25,nacional,LA PRENSA,Nacional,Nacional,Nacional,https://www.laprensa.com.ar,La evolución de un mundo maravilloso
2026-06-21,2026-W25,nacional,LA PRENSA,Nacional,Nacional,Nacional,https://www.laprensa.com.ar,Desde el PRO redoblan la presión con el reclamo de renuncia de Adorni
2026-06-21,2026-W25,nacional,LA PRENSA,Nacional,Nacional,Nacional,https://www.laprensa.com.ar,Un motociclista murió en la autopista 9 de Julio Sur al chocar contra un auto a la altura del Puente Pueyrredón
2026-06-21,2026-W25,nacional,LA PRENSA,Nacional,Nacional,Nacional,https://www.laprensa.com.ar,Decomisan en un megaoperativo en Once un cargamento de indumentaria valuado en 123 millones de pesos
2026-06-21,2026-W25,nacional,LA PRENSA,Nacional,Nacional,Nacional,https://www.laprensa.com.ar,Scaloni analiza cambios para enfrentar a Austria
2026-06-21,2026-W25,nacional,LA PRENSA,Nacional,Nacional,Nacional,https://www.laprensa.com.ar,Japón aplastó a Túnez y es líder del Grupo F en el Mundial 2026
2026-06-21,2026-W25,nacional,LA PRENSA,Nacional,Nacional,Nacional,https://www.laprensa.com.ar,Mundial 2026: cómo impacta la ‘fiebre futbolera’ en la salud integral
2026-06-21,2026-W25,nacional,LA PRENSA,Nacional,Nacional,Nacional,https://www.laprensa.com.ar,La viruela de Voltaire
2026-06-21,2026-W25,nacional,LA PRENSA,Nacional,Nacional,Nacional,https://www.laprensa.com.ar,Un buen swing para una buena salud: consejos para prevenir lesiones en el golf
2026-06-21,2026-W25,nacional,LA PRENSA,Nacional,Nacional,Nacional,https://www.laprensa.com.ar,Arquetipos para una patria necesitada de ejemplos
2026-06-21,2026-W25,nacional,LA PRENSA,Nacional,Nacional,Nacional,https://www.laprensa.com.ar,No hay Adorni que por bien no venga
2026-06-21,2026-W25,nacional,LA PRENSA,Nacional,Nacional,Nacional,https://www.laprensa.com.ar,El Mundial de las crisis
2026-06-21,2026-W25,nacional,LA PRENSA,Nacional,Nacional,Nacional,https://www.laprensa.com.ar,Undav rescata a Alemania en tiempo de descuento y amarga a Costa de Marfil
2026-06-21,2026-W25,nacional,LA PRENSA,Nacional,Nacional,Nacional,https://www.laprensa.com.ar,Países Bajos vapulea 5-1 a Suecia y lidera el Grupo F
2026-06-21,2026-W25,nacional,LA PRENSA,Nacional,Nacional,Nacional,https://www.laprensa.com.ar,"Miguel Almirón, el primer jugador expulsado por cubrirse la boca"
2026-06-21,2026-W25,nacional,LA PRENSA,Nacional,Nacional,Nacional,https://www.laprensa.com.ar,Paraguay resiste medio partido con 10 hombres y vence 1 a 0 a Turquía
2026-06-21,2026-W25,nacional,LA PRENSA,Nacional,Nacional,Nacional,https://www.laprensa.com.ar,Montiel se lesionó y está en duda para jugar contra Austria
2026-06-21,2026-W25,nacional,LA PRENSA,Nacional,Nacional,Nacional,https://www.laprensa.com.ar,Brasil goleó a Haití y tiene casi asegurado el pase a la próxima instancia del Mundial
2026-06-21,2026-W25,nacional,LA PRENSA,Nacional,Nacional,Nacional,https://www.laprensa.com.ar,Marruecos le ganó a Escocia y se acerca a los dieciseisavos de final del Mundial
2026-06-21,2026-W25,nacional,LA PRENSA,Nacional,Nacional,Nacional,https://www.laprensa.com.ar,"Pochettino: ""Tenemos que creer que podemos ganar"""
2026-06-21,2026-W25,nacional,LA PRENSA,Nacional,Nacional,Nacional,https://www.laprensa.com.ar,"Tras más de 50 días de bloqueos, el presidente de Bolivia declara el estado de excepción"
2026-06-21,2026-W25,nacional,LA PRENSA,Nacional,Nacional,Nacional,https://www.laprensa.com.ar,"Trump presenta el nuevo Air Force One, un Boeing de lujo con los colores de la bandera"
2026-06-21,2026-W25,nacional,LA PRENSA,Nacional,Nacional,Nacional,https://www.laprensa.com.ar,Al menos una persona muere en un choque de trenes al norte de Londres
2026-06-21,2026-W25,nacional,LA PRENSA,Nacional,Nacional,Nacional,https://www.laprensa.com.ar,"Carlos Alberto Parreira, DT campeón del mundo en 1994, está en cuidados intensivos y entubado por un problema pulmonar"
2026-06-21,2026-W25,nacional,LA PRENSA,Nacional,Nacional,Nacional,https://www.laprensa.com.ar,"Vance le pide a Israel ""respetar"" el proceso de paz con Irán"
2026-06-21,2026-W25,nacional,LA PRENSA,Nacional,Nacional,Nacional,https://www.laprensa.com.ar,El Papa confirma que viajará a Perú la primera quincena de noviembre
2026-06-21,2026-W25,nacional,LA PRENSA,Nacional,Nacional,Nacional,https://www.laprensa.com.ar,"Conceden el premio Princesa de Asturias a Christina Koch, la primera mujer en viajar a la Luna"
2026-06-21,2026-W25,nacional,LA PRENSA,Nacional,Nacional,Nacional,https://www.laprensa.com.ar,Ataque israelí en un café de Gaza
2026-06-21,2026-W25,nacional,LA PRENSA,Nacional,Nacional,Nacional,https://www.laprensa.com.ar,"Pelé, nada más y nada menos que el rey del fútbol"
2026-06-21,2026-W25,nacional,LA PRENSA,Nacional,Nacional,Nacional,https://www.laprensa.com.ar,"Bobby Charlton, el crack que hizo jugar a Inglaterra"
2026-06-21,2026-W25,nacional,LA PRENSA,Nacional,Nacional,Nacional,https://www.laprensa.com.ar,"Garrincha, el rey de la gambeta"
2026-06-21,2026-W25,nacional,LA PRENSA,Nacional,Nacional,Nacional,https://www.laprensa.com.ar,"Just Fontaine, el goleador que marcó un récord con botines prestados"
2026-06-21,2026-W25,nacional,LA PRENSA,Nacional,Nacional,Nacional,https://www.laprensa.com.ar,"Fritz Walter, el tímido capitán que salvó su vida de milagro y lideró a Alemania hacia una victoria imposible"
2026-06-21,2026-W25,nacional,LA PRENSA,Nacional,Nacional,Nacional,https://www.laprensa.com.ar,"Meazza, el niño que se hizo grande y llevó a Italia a la cima"
2026-06-21,2026-W25,nacional,LA PRENSA,Nacional,Nacional,Nacional,https://www.laprensa.com.ar,"Luis Monti, el único finalista con dos camisetas diferentes"
2026-06-21,2026-W25,nacional,LA PRENSA,Nacional,Nacional,Nacional,https://www.laprensa.com.ar,La pedagogía del honor en un mundo en disputa
2026-06-21,2026-W25,nacional,LA PRENSA,Nacional,Nacional,Nacional,https://www.laprensa.com.ar,Una odisea de supervivencia y coraje
2026-06-21,2026-W25,nacional,LA PRENSA,Nacional,Nacional,Nacional,https://www.laprensa.com.ar,“Todas las cosas que se hicieron fueron con temple y patriotismo”
2026-06-21,2026-W25,nacional,LA PRENSA,Nacional,Nacional,Nacional,https://www.laprensa.com.ar,La Argentina está obligada a crear poder
2026-06-21,2026-W25,nacional,LA PRENSA,Nacional,Nacional,Nacional,https://www.laprensa.com.ar,Mis reales superhéroes
2026-06-21,2026-W25,nacional,LA PRENSA,Nacional,Nacional,Nacional,https://www.laprensa.com.ar,Pañuelos blancos
2026-06-21,2026-W25,nacional,LA PRENSA,Nacional,Nacional,Nacional,https://www.laprensa.com.ar,Preso por el Señor
2026-06-21,2026-W25,nacional,LA PRENSA,Nacional,Nacional,Nacional,https://www.laprensa.com.ar,Jueces heroicos y jueces indignos
2026-06-21,2026-W25,nacional,LA PRENSA,Nacional,Nacional,Nacional,https://www.laprensa.com.ar,Aniversario del combate de Manchalá
2026-06-21,2026-W25,nacional,LA PRENSA,Nacional,Nacional,Nacional,https://www.laprensa.com.ar,ARA General Belgrano
2026-06-21,2026-W25,nacional,LA PRENSA,Nacional,Nacional,Nacional,https://www.laprensa.com.ar,Hospital Pirovano
2026-06-21,2026-W25,nacional,LA PRENSA,Nacional,Nacional,Nacional,https://www.laprensa.com.ar,Muertos civiles
2026-06-21,2026-W25,nacional,ÁMBITO FINANCIERO,Nacional,Nacional,Nacional,https://www.ambito.com,Las ventas por el Día del Padre volvieron a caer y acumulan cuatro años consecutivos en baja
2026-06-21,2026-W25,nacional,ÁMBITO FINANCIERO,Nacional,Nacional,Nacional,https://www.ambito.com,España se divierte y le gana 3-0 a Arabia Saudita con gol de Yamal
2026-06-21,2026-W25,nacional,ÁMBITO FINANCIERO,Nacional,Nacional,Nacional,https://www.ambito.com,"Vance destacó ""grandes avances"" tras el inicio de las negociaciones entre EEUU e Irán en Suiza"
2026-06-21,2026-W25,nacional,ÁMBITO FINANCIERO,Nacional,Nacional,Nacional,https://www.ambito.com,"Oliveto: ""Cómo llega el litio de Catamarca al Conurbano es una respuesta de modelo de país que aún no está"""
2026-06-21,2026-W25,nacional,ÁMBITO FINANCIERO,Nacional,Nacional,Nacional,https://www.ambito.com,Adorni contra las cuerdas: ¿lo salvará la campana?
2026-06-21,2026-W25,nacional,ÁMBITO FINANCIERO,Nacional,Nacional,Nacional,https://www.ambito.com,"Yamal, el Messi que España siempre deseó"
2026-06-21,2026-W25,nacional,ÁMBITO FINANCIERO,Nacional,Nacional,Nacional,https://www.ambito.com,Cómo juega Austria y cuál es su plan para frenar a Messi y la Selección argentina
2026-06-21,2026-W25,nacional,ÁMBITO FINANCIERO,Nacional,Nacional,Nacional,https://www.ambito.com,Volvió a caer el empleo formal y el salario mínimo perdió casi 40% de poder de compra
2026-06-21,2026-W25,nacional,ÁMBITO FINANCIERO,Nacional,Nacional,Nacional,https://www.ambito.com,Macri vuelve del Mundial 2026 en el peor momento de Adorni
2026-06-21,2026-W25,nacional,ÁMBITO FINANCIERO,Nacional,Nacional,Nacional,https://www.ambito.com,La nueva dinámica del dólar: qué hay detrás de la suba del 8% en dos meses y qué puede venir
2026-06-21,2026-W25,nacional,ÁMBITO FINANCIERO,Nacional,Nacional,Nacional,https://www.ambito.com,"Con el Súper RIGI no alcanza: crecen las críticas entre los propios y el círculo rojo alerta por el ""riesgo Adorni"""
2026-06-21,2026-W25,nacional,ÁMBITO FINANCIERO,Nacional,Nacional,Nacional,https://www.ambito.com,Adiós a Roberto García
2026-06-21,2026-W25,nacional,ÁMBITO FINANCIERO,Nacional,Nacional,Nacional,https://www.ambito.com,Un periodista fuera de serie que se mimetizó con la elite del poder
2026-06-21,2026-W25,nacional,ÁMBITO FINANCIERO,Nacional,Nacional,Nacional,https://www.ambito.com,Un emblema de Ámbito Financiero
2026-06-21,2026-W25,nacional,ÁMBITO FINANCIERO,Nacional,Nacional,Nacional,https://www.ambito.com,De su obsesión por las fuentes a las Charlas de Quincho: el recuerdo de quienes trabajaron con él
2026-06-21,2026-W25,nacional,ÁMBITO FINANCIERO,Nacional,Nacional,Nacional,https://www.ambito.com,La obra olvidada de Virginio Colombo: dónde está y cuánto vale la casa de uno de los padres del Art Nouveau en Argentina
2026-06-21,2026-W25,nacional,ÁMBITO FINANCIERO,Nacional,Nacional,Nacional,https://www.ambito.com,"Hutter, de ITBA: ""La tecnología es el eje de la transformación de los negocios"""
2026-06-21,2026-W25,nacional,ÁMBITO FINANCIERO,Nacional,Nacional,Nacional,https://www.ambito.com,"Bielsa se plantó contra la FIFA y cuestionó las nuevas normas: ""No agregan nada y le quitan mucho al juego"""
2026-06-21,2026-W25,nacional,ÁMBITO FINANCIERO,Nacional,Nacional,Nacional,https://www.ambito.com,El alocado festejo de la reina Máxima junto a los jugadores de Curazao en el vestuario tras el partido
2026-06-21,2026-W25,nacional,ÁMBITO FINANCIERO,Nacional,Nacional,Nacional,https://www.ambito.com,Colombia va a las urnas en una elección clave marcada por la polarización
2026-06-21,2026-W25,nacional,ÁMBITO FINANCIERO,Nacional,Nacional,Nacional,https://www.ambito.com,Irán endurece su postura y exige que Israel cese con los ataques en el Líbano para lograr un acuerdo
2026-06-21,2026-W25,nacional,ÁMBITO FINANCIERO,Nacional,Nacional,Nacional,https://www.ambito.com,"Un mercado que premia a quienes se anticiparon, y que aún tiene espacio para crecer"
2026-06-21,2026-W25,nacional,ÁMBITO FINANCIERO,Nacional,Nacional,Nacional,https://www.ambito.com,Esas cosas del odio
2026-06-21,2026-W25,nacional,ÁMBITO FINANCIERO,Nacional,Nacional,Nacional,https://www.ambito.com,Cuáles son las selecciones que ya quedaron eliminadas de la Copa del Mundo
2026-06-21,2026-W25,nacional,ÁMBITO FINANCIERO,Nacional,Nacional,Nacional,https://www.ambito.com,"La crisis interna que sacude a Senegal: reclamos económicos, mala alimentación y presión antes de un duelo clave"
2026-06-21,2026-W25,nacional,ÁMBITO FINANCIERO,Nacional,Nacional,Nacional,https://www.ambito.com,"El historial de Argentina ante Austria, el próximo rival del Mundial 2026"
2026-06-21,2026-W25,nacional,ÁMBITO FINANCIERO,Nacional,Nacional,Nacional,https://www.ambito.com,Economía y Finanzas
2026-06-21,2026-W25,nacional,ÁMBITO FINANCIERO,Nacional,Nacional,Nacional,https://www.ambito.com,Elevada carga impositiva: los municipios cobran 82 tipos de tasas pese a los reclamos de Caputo
2026-06-21,2026-W25,nacional,ÁMBITO FINANCIERO,Nacional,Nacional,Nacional,https://www.ambito.com,"Día del Padre con ""demanda cautelosa"": cuáles son los regalos más elegidos por los argentinos este año"
2026-06-21,2026-W25,nacional,ÁMBITO FINANCIERO,Nacional,Nacional,Nacional,https://www.ambito.com,El BCRA confirmó un nuevo récord de la morosidad en familias: en préstamos personales rozó el 15%
2026-06-21,2026-W25,nacional,ÁMBITO FINANCIERO,Nacional,Nacional,Nacional,https://www.ambito.com,"Economista cercano a Milei defendió el rumbo económico: ""Los sectores que pierden beneficios hacen ruido"""
2026-06-21,2026-W25,nacional,ÁMBITO FINANCIERO,Nacional,Nacional,Nacional,https://www.ambito.com,"La otra cara del superávit fiscal: mientras Nación sostiene el equilibrio, las provincias muestran un fuerte deterioro"
2026-06-21,2026-W25,nacional,ÁMBITO FINANCIERO,Nacional,Nacional,Nacional,https://www.ambito.com,"Avanza la ""uberización"" del trabajo, pero el exceso de oferta ya muestra señales de saturación"
2026-06-21,2026-W25,nacional,ÁMBITO FINANCIERO,Nacional,Nacional,Nacional,https://www.ambito.com,Wall Street ya mira más allá de las Siete Magníficas: quiénes integran las FAB 10 que prometen dominar la próxima década
2026-06-21,2026-W25,nacional,ÁMBITO FINANCIERO,Nacional,Nacional,Nacional,https://www.ambito.com,El espejismo argentino: ¿es el superávit fiscal libertario sostenible o una trampa de deuda flotante?
2026-06-21,2026-W25,nacional,ÁMBITO FINANCIERO,Nacional,Nacional,Nacional,https://www.ambito.com,Las importaciones para la producción sumaron su séptima caída al hilo y están 20% debajo de 2023
2026-06-21,2026-W25,nacional,ÁMBITO FINANCIERO,Nacional,Nacional,Nacional,https://www.ambito.com,Cuando el jefe es un algoritmo: el nuevo convenio de la OIT y la encrucijada argentina
2026-06-21,2026-W25,nacional,ÁMBITO FINANCIERO,Nacional,Nacional,Nacional,https://www.ambito.com,Día del Padre: regalos y celebraciones con impacto positivo
2026-06-21,2026-W25,nacional,ÁMBITO FINANCIERO,Nacional,Nacional,Nacional,https://www.ambito.com,Quiebra de SanCor: un grupo empresario quiere quedarse con toda la láctea y busca frenar la venta por partes
2026-06-21,2026-W25,nacional,ÁMBITO FINANCIERO,Nacional,Nacional,Nacional,https://www.ambito.com,Cómo ganar desde u$s2.500 por mes con una franquicia de pizzas o empanadas: qué tener en cuenta y los errores a evitar
2026-06-21,2026-W25,nacional,ÁMBITO FINANCIERO,Nacional,Nacional,Nacional,https://www.ambito.com,Una startup cordobesa ganó entre 70 candidatos de la región y llevará su tecnología a un gigante de bebidas
2026-06-21,2026-W25,nacional,ÁMBITO FINANCIERO,Nacional,Nacional,Nacional,https://www.ambito.com,Todo sobre energía y minería
2026-06-21,2026-W25,nacional,ÁMBITO FINANCIERO,Nacional,Nacional,Nacional,https://www.ambito.com,La balanza energética alcanzó un superávit récord de u$s1.543 millones en mayo
2026-06-21,2026-W25,nacional,ÁMBITO FINANCIERO,Nacional,Nacional,Nacional,https://www.ambito.com,"SMRs: uno por uno, quiénes lideran la revolución de los reactores modulares pequeños"
2026-06-21,2026-W25,nacional,ÁMBITO FINANCIERO,Nacional,Nacional,Nacional,https://www.ambito.com,OPEP: Argentina y Brasil liderarán el crecimiento petrolero de América Latina hasta 2050
2026-06-21,2026-W25,nacional,ÁMBITO FINANCIERO,Nacional,Nacional,Nacional,https://www.ambito.com,Las motos 0km más baratas de junio 2026: 10 opciones por menos de $3.000.000 millones
2026-06-21,2026-W25,nacional,ÁMBITO FINANCIERO,Nacional,Nacional,Nacional,https://www.ambito.com,De uso oficial a la calle: salen a la venta exclusivos vehículos blindados del gobierno de EEUU
2026-06-21,2026-W25,nacional,ÁMBITO FINANCIERO,Nacional,Nacional,Nacional,https://www.ambito.com,Autos más baratos y más caros en la Argentina: el impacto de los híbridos y eléctricos en los precios
2026-06-21,2026-W25,nacional,ÁMBITO FINANCIERO,Nacional,Nacional,Nacional,https://www.ambito.com,"Cuando la IA es la coartada, ¿quién decide?"
2026-06-21,2026-W25,nacional,ÁMBITO FINANCIERO,Nacional,Nacional,Nacional,https://www.ambito.com,Día del Padre: por qué se celebra hoy en la Argentina y su historia
