fecha,semana_iso,corpus,diario,provincia,region,ciudad_origen,url_medio,titular
2026-06-18,2026-W25,provincial,EL DÍA,Buenos Aires,AMBA,La Plata,https://www.eldia.com,"Piden indagar a Francisco, el hermano de Manuel Adorni: ""Nada que ocultar"", dijo su abogado"
2026-06-18,2026-W25,provincial,EL DÍA,Buenos Aires,AMBA,La Plata,https://www.eldia.com,La salud del padre de Leo Messi y el verdadero motivo detrás del llanto
2026-06-18,2026-W25,provincial,EL DÍA,Buenos Aires,AMBA,La Plata,https://www.eldia.com,Pérdidas millonarias en una nueva estafa virtual a una vecina de La Plata
2026-06-18,2026-W25,provincial,EL DÍA,Buenos Aires,AMBA,La Plata,https://www.eldia.com,¿Qué le pasa a Jorge Messi? La familia rompió el silencio sobre su estado de salud
2026-06-18,2026-W25,provincial,EL DÍA,Buenos Aires,AMBA,La Plata,https://www.eldia.com,¡Paraguas en mano esta tarde en La Plata! Anuncian inminentes lluvias
2026-06-18,2026-W25,provincial,EL DÍA,Buenos Aires,AMBA,La Plata,https://www.eldia.com,"En Provincia, los gremios ya dan como ""imposible"" un acuerdo paritario antes del aguinaldo"
2026-06-18,2026-W25,provincial,EL DÍA,Buenos Aires,AMBA,La Plata,https://www.eldia.com,Gol de Tapia a Milei: la Justicia avaló el cambio de domicilio de la AFA a Provincia
2026-06-18,2026-W25,provincial,EL DÍA,Buenos Aires,AMBA,La Plata,https://www.eldia.com,"VIDEO. Desde adentro: así chocaron a un motociclista en La Plata, que está grave"
2026-06-18,2026-W25,provincial,EL DÍA,Buenos Aires,AMBA,La Plata,https://www.eldia.com,"Las reacciones por el grave estado de salud de Jorge Messi, el papá de Leo"
2026-06-18,2026-W25,provincial,EL DÍA,Buenos Aires,AMBA,La Plata,https://www.eldia.com,La salud de Jorge Messi | Qué dijo el doctor Capuya sobre el cuadro que preocupa a Leo
2026-06-18,2026-W25,provincial,EL DÍA,Buenos Aires,AMBA,La Plata,https://www.eldia.com,Scaloni recibió dos noticias importantes de cara al partido contra Austria
2026-06-18,2026-W25,provincial,EL DÍA,Buenos Aires,AMBA,La Plata,https://www.eldia.com,"Póster de EL DIA | Messi leyenda eterna, el mundo a sus pies"
2026-06-18,2026-W25,provincial,EL DÍA,Buenos Aires,AMBA,La Plata,https://www.eldia.com,"La remera del Mundial de Raiders Jeans, a $20.000 y $15.000 para suscriptores de EL DIA"
2026-06-18,2026-W25,provincial,EL DÍA,Buenos Aires,AMBA,La Plata,https://www.eldia.com,La Selección Argentina tras la goleada y la mirada en Austria
2026-06-18,2026-W25,provincial,EL DÍA,Buenos Aires,AMBA,La Plata,https://www.eldia.com,Perú confirmó la visita del papa León XIV y crece la expectativa que venga a la Argentina
2026-06-18,2026-W25,provincial,EL DÍA,Buenos Aires,AMBA,La Plata,https://www.eldia.com,Examen de residencias 2026: más de 6.300 profesionales rinden desde hoy en La Plata
2026-06-18,2026-W25,provincial,EL DÍA,Buenos Aires,AMBA,La Plata,https://www.eldia.com,VIDEO. “Necesitamos un acuerdo para defender la Provincia”
2026-06-18,2026-W25,provincial,EL DÍA,Buenos Aires,AMBA,La Plata,https://www.eldia.com,"La provincia sin agua, pero repleta de glaciares, que mide el costo de la minería"
2026-06-18,2026-W25,provincial,EL DÍA,Buenos Aires,AMBA,La Plata,https://www.eldia.com,Súper promo Día del Padre con Banco Provincia! 20% de reintegro y 4 cuotas en Baobab
2026-06-18,2026-W25,provincial,EL DÍA,Buenos Aires,AMBA,La Plata,https://www.eldia.com,Gimnasia decidió apartar a Steimbach hasta que renueve: aumentó seis veces su valor ¿y analiza ofertas?
2026-06-18,2026-W25,provincial,EL DÍA,Buenos Aires,AMBA,La Plata,https://www.eldia.com,Estudiantes: ¿Neves hace el Bolso?
2026-06-18,2026-W25,provincial,EL DÍA,Buenos Aires,AMBA,La Plata,https://www.eldia.com,"IOMA le respondió a los médicos de La Plata, que amenazaron con cortar la atención"
2026-06-18,2026-W25,provincial,EL DÍA,Buenos Aires,AMBA,La Plata,https://www.eldia.com,Los Hermanos renueva sus ofertas en frutas y verduras con precios accesibles en La Plata
2026-06-18,2026-W25,provincial,EL DÍA,Buenos Aires,AMBA,La Plata,https://www.eldia.com,En La Plata sólo hay 6 jardines maternales con habilitación oficial
2026-06-18,2026-W25,provincial,EL DÍA,Buenos Aires,AMBA,La Plata,https://www.eldia.com,"El Tren Roca no llegó a La Plata, colapsó la Autopista y la Terminal de micros fue un caos"
2026-06-18,2026-W25,provincial,EL DÍA,Buenos Aires,AMBA,La Plata,https://www.eldia.com,Seguidores del youtuber Gaspi invitan a hacerle un homenaje este sábado en el Obelisco
2026-06-18,2026-W25,provincial,EL DÍA,Buenos Aires,AMBA,La Plata,https://www.eldia.com,PAMI ofrece geriátricos gratis para jubilados: quiénes acceden y cómo es el trámite
2026-06-18,2026-W25,provincial,EL DÍA,Buenos Aires,AMBA,La Plata,https://www.eldia.com,Pornografía infantil: cómo operaban en La Plata las redes activas de delitos sexuales
2026-06-18,2026-W25,provincial,EL DÍA,Buenos Aires,AMBA,La Plata,https://www.eldia.com,"Ante la caída de la recaudación, los intendentes piden asistencia"
2026-06-18,2026-W25,provincial,EL DÍA,Buenos Aires,AMBA,La Plata,https://www.eldia.com,"“Estupidez humana”: Juana Viale, atrapada en un escándalo"
2026-06-18,2026-W25,provincial,EL DÍA,Buenos Aires,AMBA,La Plata,https://www.eldia.com,Atravesar la crisis de los 30: entre seguir creciendo y no saber para qué
2026-06-18,2026-W25,provincial,EL DÍA,Buenos Aires,AMBA,La Plata,https://www.eldia.com,¿Quiénes son los cincos pescadores que desaparecieron en el río de Hudson?
2026-06-18,2026-W25,provincial,EL DÍA,Buenos Aires,AMBA,La Plata,https://www.eldia.com,Cuenta DNI del Banco Provincia: los descuentos de hoy jueves 18 de junio
2026-06-18,2026-W25,provincial,EL DÍA,Buenos Aires,AMBA,La Plata,https://www.eldia.com,El intendente de La Plata participó de una jornada de capacitación política en el Conurbano
2026-06-18,2026-W25,provincial,EL DÍA,Buenos Aires,AMBA,La Plata,https://www.eldia.com,Garibaldi: los chicos terminaron su corredor para ir en bici a la escuela
2026-06-18,2026-W25,provincial,EL DÍA,Buenos Aires,AMBA,La Plata,https://www.eldia.com,La mamá de Tini Stoessel estalló contra Yanina Latorre y Ángel de Brito
2026-06-18,2026-W25,provincial,EL DÍA,Buenos Aires,AMBA,La Plata,https://www.eldia.com,Con el estreno de “Toy Story 5” comienza la temporada alta en el cine
2026-06-18,2026-W25,provincial,EL DÍA,Buenos Aires,AMBA,La Plata,https://www.eldia.com,Tinelli habló con el papá de Bautista Cuiña tras la denuncia de Juanita
2026-06-18,2026-W25,provincial,EL DÍA,Buenos Aires,AMBA,La Plata,https://www.eldia.com,Sin querer queriendo: Tom Holland ¿confirmó que se casó con Zendaya?
2026-06-18,2026-W25,provincial,EL DÍA,Buenos Aires,AMBA,La Plata,https://www.eldia.com,Las mil y una caras de Fernando Kabusacki: “A veces la imperfección es perfecta”
2026-06-18,2026-W25,provincial,EL DÍA,Buenos Aires,AMBA,La Plata,https://www.eldia.com,Gimnasia también busca incorporar un extremo
2026-06-18,2026-W25,provincial,EL DÍA,Buenos Aires,AMBA,La Plata,https://www.eldia.com,"Boca: Descartado por Arruabarrena, rescindió Edinson Cavani"
2026-06-18,2026-W25,provincial,EL DÍA,Buenos Aires,AMBA,La Plata,https://www.eldia.com,Everton ganó en Brandsen y Alumni cayó ante Ezeiza FC
2026-06-18,2026-W25,provincial,EL DÍA,Buenos Aires,AMBA,La Plata,https://www.eldia.com,Dedicatoria especial de Cerúndolo
2026-06-18,2026-W25,provincial,EL DÍA,Buenos Aires,AMBA,La Plata,https://www.eldia.com,Estudiantes buscará el primer éxito
2026-06-18,2026-W25,provincial,EL DÍA,Buenos Aires,AMBA,La Plata,https://www.eldia.com,Cortes de luz y bronca en medio del partido Argentina vs Argelia
2026-06-18,2026-W25,provincial,EL DÍA,Buenos Aires,AMBA,La Plata,https://www.eldia.com,Kicillof no iría al banderazo por la libertad de Cristina Kirchner
2026-06-18,2026-W25,provincial,EL DÍA,Buenos Aires,AMBA,La Plata,https://www.eldia.com,La mitad de las fotos en las redes de pedofilia las facilitan los propios padres
2026-06-18,2026-W25,provincial,EL DÍA,Buenos Aires,AMBA,La Plata,https://www.eldia.com,Qué se sabe del jubilado que desató una violenta secuencia con un hacha en una panadería
2026-06-18,2026-W25,provincial,EL DÍA,Buenos Aires,AMBA,La Plata,https://www.eldia.com,Absolvieron al acusado del robo de “Bigotito” en un campo de Brandsen
2026-06-18,2026-W25,provincial,EN ORSAI,Buenos Aires,AMBA,Morón,https://www.enorsai.com.ar,"En Orsai • Noticias, Política y Economía Argentina • Conurbano Bonaerense"
2026-06-18,2026-W25,provincial,EN ORSAI,Buenos Aires,AMBA,Morón,https://www.enorsai.com.ar,"Adrián Paenza alertó sobre el desembarco cripto-libertario: ""No me extrañaría que Peter Thiel venga a la Argentina para evadir"""
2026-06-18,2026-W25,provincial,EN ORSAI,Buenos Aires,AMBA,Morón,https://www.enorsai.com.ar,"La paranoia del Gobierno: ataques a la prensa, el aislamiento de Milei y el colapso de Adorni"
2026-06-18,2026-W25,provincial,EN ORSAI,Buenos Aires,AMBA,Morón,https://www.enorsai.com.ar,De la Casa Rosada a la estafa $Libra: Los oscuros vínculos que esconde la DDJJ de Adorni
2026-06-18,2026-W25,provincial,EN ORSAI,Buenos Aires,AMBA,Morón,https://www.enorsai.com.ar,"Carlos Heller pulverizó el festejo de Caputo: ""El país está enfermo de deuda y celebran que nos prestan más"""
2026-06-18,2026-W25,provincial,EN ORSAI,Buenos Aires,AMBA,Morón,https://www.enorsai.com.ar,Investigador del CONICET advierte que Milei destruye la industria más rápido que Menem y la dictadura
2026-06-18,2026-W25,provincial,EN ORSAI,Buenos Aires,AMBA,Morón,https://www.enorsai.com.ar,"CAME exige frenar los embargos de ARCA y denuncia que la ""Inocencia Fiscal"" solo beneficia a los funcionarios"
2026-06-18,2026-W25,provincial,EN ORSAI,Buenos Aires,AMBA,Morón,https://www.enorsai.com.ar,"El fantasma de la reponderación: La inflación de mayo fue del 2,1% pero el INDEC oculta un impacto mayor en los servicios"
2026-06-18,2026-W25,provincial,EN ORSAI,Buenos Aires,AMBA,Morón,https://www.enorsai.com.ar,Alquilar sin intermediarios en CABA: ventajas y cuidados
2026-06-18,2026-W25,provincial,EN ORSAI,Buenos Aires,AMBA,Morón,https://www.enorsai.com.ar,Remate estratégico: El plan oficial para privatizar Nucleoeléctrica por USD 12 mil millones menos de su valor real
2026-06-18,2026-W25,provincial,EN ORSAI,Buenos Aires,AMBA,Morón,https://www.enorsai.com.ar,"Diego Genoud desnudó la trama de los funcionarios beneficiados por la ""Inocencia Fiscal"" y el despertar de una fuerza plebeya"
2026-06-18,2026-W25,provincial,EN ORSAI,Buenos Aires,AMBA,Morón,https://www.enorsai.com.ar,"Hugo Alconada Mon reveló que la esposa de Manuel Adorni entró a la ""Inocencia Fiscal"" para no explicar sus gastos millonarios"
2026-06-18,2026-W25,provincial,EN ORSAI,Buenos Aires,AMBA,Morón,https://www.enorsai.com.ar,El camino después del Veraz: ¿Dónde conseguir financiamiento cuando los números no ayudan?
2026-06-18,2026-W25,provincial,EN ORSAI,Buenos Aires,AMBA,Morón,https://www.enorsai.com.ar,"Gustavo Córdoba desnudó el quiebre del humor social: ""El Gobierno perdió el control de la agenda y el relato ya no tapa el ajuste"""
2026-06-18,2026-W25,provincial,EN ORSAI,Buenos Aires,AMBA,Morón,https://www.enorsai.com.ar,"Martín Redrado demolió la ""teoría del derrame"" de Milei y alertó que la morosidad bancaria se cuadruplicó por la crisis"
2026-06-18,2026-W25,provincial,EN ORSAI,Buenos Aires,AMBA,Morón,https://www.enorsai.com.ar,Monotributo 2026: Ya rigen las nuevas escalas obligatorias de AFIP y así quedan los topes de facturación por categoría
2026-06-18,2026-W25,provincial,EN ORSAI,Buenos Aires,AMBA,Morón,https://www.enorsai.com.ar,El relato libertario choca contra la realidad: Juan Courel desnudó el verdadero impacto del ajuste en la opinión pública
2026-06-18,2026-W25,provincial,EN ORSAI,Buenos Aires,AMBA,Morón,https://www.enorsai.com.ar,"Qué es la ""inocencia fiscal"": La trampa oculta en el blanqueo de Milei para garantizar la impunidad de los grandes empresarios"
2026-06-18,2026-W25,provincial,EN ORSAI,Buenos Aires,AMBA,Morón,https://www.enorsai.com.ar,Colegios privados 2026: Cómo detectar aumentos ilegales en las cuotas y dónde denunciar abusos
2026-06-18,2026-W25,provincial,EN ORSAI,Buenos Aires,AMBA,Morón,https://www.enorsai.com.ar,Tarifa Social 2026: Cómo tramitar el subsidio de luz y gas para frenar el impacto de los aumentos
2026-06-18,2026-W25,provincial,EN ORSAI,Buenos Aires,AMBA,Morón,https://www.enorsai.com.ar,Aumentos en prepagas 2026: Cómo frenar los copagos indebidos y defender tus prestaciones de salud
2026-06-18,2026-W25,provincial,EN ORSAI,Buenos Aires,AMBA,Morón,https://www.enorsai.com.ar,"Raúl Timerman anticipó el límite social del modelo libertario y advirtió sobre la sustentabilidad de Milei: ""No llega"""
2026-06-18,2026-W25,provincial,EN ORSAI,Buenos Aires,AMBA,Morón,https://www.enorsai.com.ar,"""Esto es una tragedia macroeconómica"": El demoledor diagnóstico de Emmanuel Álvarez Agis sobre el plan de Milei y Caputo"
2026-06-18,2026-W25,provincial,EN ORSAI,Buenos Aires,AMBA,Morón,https://www.enorsai.com.ar,"Horacio Rovelli desarmó la trampa financiera de Milei: Endeudamiento, fuga y el saqueo a los trabajadores"
2026-06-18,2026-W25,provincial,EN ORSAI,Buenos Aires,AMBA,Morón,https://www.enorsai.com.ar,El laberinto de Milei y Caputo: Alfredo Zaiat y Pablo Ibáñez desnudaron la encerrona del modelo libertario
2026-06-18,2026-W25,provincial,EN ORSAI,Buenos Aires,AMBA,Morón,https://www.enorsai.com.ar,El gobierno de Milei ya es otro gobierno: los ejes del contundente editorial de Carlos Pagni
2026-06-18,2026-W25,provincial,EN ORSAI,Buenos Aires,AMBA,Morón,https://www.enorsai.com.ar,Alfredo Zaiat desnudó el documento del FMI: El Fondo advierte por la recesión y le baja el pulgar al plan de Milei
2026-06-18,2026-W25,provincial,EN ORSAI,Buenos Aires,AMBA,Morón,https://www.enorsai.com.ar,La trampa del RIGI: Alejandro Bercovich desnudó el esquema de megaganancias corporativas y más impuestos para el pueblo
2026-06-18,2026-W25,provincial,EN ORSAI,Buenos Aires,AMBA,Morón,https://www.enorsai.com.ar,"El ""Cuento de las tías"": Adorni acorralado por su patrimonio y el trasfondo de la política de Estado en YPF"
2026-06-18,2026-W25,provincial,EN ORSAI,Buenos Aires,AMBA,Morón,https://www.enorsai.com.ar,"El desafío de Villarruel, el blindaje de Milei a Adorni y la crisis de la basura en CABA"
2026-06-18,2026-W25,provincial,EN ORSAI,Buenos Aires,AMBA,Morón,https://www.enorsai.com.ar,"Melconian fulminó el esquema económico de Milei: ""Es un plan de supervivencia, no de estabilidad"""
2026-06-18,2026-W25,provincial,EN ORSAI,Buenos Aires,AMBA,Morón,https://www.enorsai.com.ar,Mayra Mendoza: “Si Evita estuviera entre nosotras militaría por la libertad de Cristina”
2026-06-18,2026-W25,provincial,EN ORSAI,Buenos Aires,AMBA,Morón,https://www.enorsai.com.ar,Declaración Jurada de Manuel Adorni: La investigación de Alconada Mon sobre bienes omitidos
2026-06-18,2026-W25,provincial,EN ORSAI,Buenos Aires,AMBA,Morón,https://www.enorsai.com.ar,El fin de la luna de miel: Tenembaum revela encuestas con más del 60% de imagen negativa para Milei
2026-06-18,2026-W25,provincial,EN ORSAI,Buenos Aires,AMBA,Morón,https://www.enorsai.com.ar,Plataformas digitales que ofrecen cuotas para deportes emergentes como las artes marciales mixtas
2026-06-18,2026-W25,provincial,EN ORSAI,Buenos Aires,AMBA,Morón,https://www.enorsai.com.ar,El fracaso del modelo Milei: Hasta Cavallo advierte que Caputo no tiene plan y el riesgo país no baja
2026-06-18,2026-W25,provincial,EN ORSAI,Buenos Aires,AMBA,Morón,https://www.enorsai.com.ar,"Álvarez Agis advierte sobre el plan de Milei para YPF: ""Es un retiro del Estado que pagarán las provincias"""
2026-06-18,2026-W25,provincial,EN ORSAI,Buenos Aires,AMBA,Morón,https://www.enorsai.com.ar,"Alfredo Zaiat explica por qué el modelo de Milei entró en un tobogán: el atraso cambiario destruye la industria, los dólares se van ""por la canaleta"" del ahorro y el FMI le soltó la mano."
2026-06-18,2026-W25,provincial,EN ORSAI,Buenos Aires,AMBA,Morón,https://www.enorsai.com.ar,El fiscal que debe investigar a Ritondo tiene a su hijo asociado al círculo íntimo del diputado
2026-06-18,2026-W25,provincial,EN ORSAI,Buenos Aires,AMBA,Morón,https://www.enorsai.com.ar,"El mito de la ""inflación cero"": Las prepagas suben un 28,7% y asfixian a la clase media"
2026-06-18,2026-W25,provincial,EN ORSAI,Buenos Aires,AMBA,Morón,https://www.enorsai.com.ar,DESTACADOS ANÁLISIS POLÍTICO El gobierno de Milei ya es otro gobierno: los ejes del contundente editorial de Carlos Pagni
2026-06-18,2026-W25,provincial,EN ORSAI,Buenos Aires,AMBA,Morón,https://www.enorsai.com.ar,INFORME Alfredo Zaiat desnudó el documento del FMI: El Fondo advierte por la recesión y le baja el pulgar al plan de Milei ECONOMÍA La trampa del RIGI: Alejandro Bercovich desnudó el esquema de megaganancias corporativas y más impuestos para el pueblo
2026-06-18,2026-W25,provincial,EN ORSAI,Buenos Aires,AMBA,Morón,https://www.enorsai.com.ar,"CORRUPCIÓN ARGENTINA El ""Cuento de las tías"": Adorni acorralado por su patrimonio y el trasfondo de la política de Estado en YPF INTERNAS Y CAUSAS JUDICIALES El desafío de Villarruel, el blindaje de Milei a Adorni y la crisis de la basura en CABA"
2026-06-18,2026-W25,provincial,EN ORSAI,Buenos Aires,AMBA,Morón,https://www.enorsai.com.ar,"ECONOMÍA Melconian fulminó el esquema económico de Milei: ""Es un plan de supervivencia, no de estabilidad"" HOMENAJE A EVA PERÓN Mayra Mendoza: “Si Evita estuviera entre nosotras militaría por la libertad de Cristina”"
2026-06-18,2026-W25,provincial,EN ORSAI,Buenos Aires,AMBA,Morón,https://www.enorsai.com.ar,DATOS DUROS Declaración Jurada de Manuel Adorni: La investigación de Alconada Mon sobre bienes omitidos DATOS DUROS El fin de la luna de miel: Tenembaum revela encuestas con más del 60% de imagen negativa para Milei
2026-06-18,2026-W25,provincial,EN ORSAI,Buenos Aires,AMBA,Morón,https://www.enorsai.com.ar,DATOS Plataformas digitales que ofrecen cuotas para deportes emergentes como las artes marciales mixtas ECONOMÍA ARGENTINA El fracaso del modelo Milei: Hasta Cavallo advierte que Caputo no tiene plan y el riesgo país no baja
2026-06-18,2026-W25,provincial,EN ORSAI,Buenos Aires,AMBA,Morón,https://www.enorsai.com.ar,"""JUSTICIA"" - CORRUPCIÓN El fiscal que debe investigar a Ritondo tiene a su hijo asociado al círculo íntimo del diputado DATOS DUROS El mito de la ""inflación cero"": Las prepagas suben un 28,7% y asfixian a la clase media"
2026-06-18,2026-W25,provincial,5 DÍAS,Buenos Aires,AMBA,Quilmes,https://www.diario5dias.com.ar,Avanza el cuarto carril en la Autopista Buenos Aires-La Plata: cómo impactará en Quilmes y Berazategui
2026-06-18,2026-W25,provincial,5 DÍAS,Buenos Aires,AMBA,Quilmes,https://www.diario5dias.com.ar,ACTUALIDAD Leer +
2026-06-18,2026-W25,provincial,5 DÍAS,Buenos Aires,AMBA,Quilmes,https://www.diario5dias.com.ar,A 400 metros de la cancha de Quilmes: abren consulta pública para avalar a una empresa que recicla tambores industriales
2026-06-18,2026-W25,provincial,5 DÍAS,Buenos Aires,AMBA,Quilmes,https://www.diario5dias.com.ar,Incendio en Bernal Oeste: una camioneta quedó destruida y debieron trasladar a un hombre en el Hospital
2026-06-18,2026-W25,provincial,5 DÍAS,Buenos Aires,AMBA,Quilmes,https://www.diario5dias.com.ar,La crisis económica en Quilmes: crece la cantidad de locales vacíos y en alquiler en pleno centro comercial
2026-06-18,2026-W25,provincial,5 DÍAS,Buenos Aires,AMBA,Quilmes,https://www.diario5dias.com.ar,Rotary Club Ezpeleta entregó ropa y zapatillas nuevas a instituciones que ayudan a personas vulnerables
2026-06-18,2026-W25,provincial,5 DÍAS,Buenos Aires,AMBA,Quilmes,https://www.diario5dias.com.ar,Quilmes Oeste: organizan un locro solidario por el 20 de junio para colaborar con los Bomberos Voluntarios
2026-06-18,2026-W25,provincial,5 DÍAS,Buenos Aires,AMBA,Quilmes,https://www.diario5dias.com.ar,Primera B: Julián Beligoy será el árbitro del partido entre Brown y Argentino de Quilmes
2026-06-18,2026-W25,provincial,5 DÍAS,Buenos Aires,AMBA,Quilmes,https://www.diario5dias.com.ar,BERAZATEGUI leer +
2026-06-18,2026-W25,provincial,5 DÍAS,Buenos Aires,AMBA,Quilmes,https://www.diario5dias.com.ar,"La Sociedad de Fomento Plátanos cumple 70 años y celebra una historia de lucha, solidaridad y conquistas vecinales"
2026-06-18,2026-W25,provincial,5 DÍAS,Buenos Aires,AMBA,Quilmes,https://www.diario5dias.com.ar,Berazategui: Balor y Flavia Terigi recorrieron la futura Técnica 7
2026-06-18,2026-W25,provincial,5 DÍAS,Buenos Aires,AMBA,Quilmes,https://www.diario5dias.com.ar,Pescadores desparecidos: Familiares piden extender la búsqueda hacia la zona de Mar del Plata
2026-06-18,2026-W25,provincial,5 DÍAS,Buenos Aires,AMBA,Quilmes,https://www.diario5dias.com.ar,Continúan los trabajos de bacheo en hormigón en los diferentes barrios de Quilmes con fondos 100% comunales
2026-06-18,2026-W25,provincial,5 DÍAS,Buenos Aires,AMBA,Quilmes,https://www.diario5dias.com.ar,Quilmes recuerda el Gol del Siglo y el legado del Diego
2026-06-18,2026-W25,provincial,5 DÍAS,Buenos Aires,AMBA,Quilmes,https://www.diario5dias.com.ar,Licencia falsa en Quilmes: el registro era “trucho” y el auto quedó secuestrado
2026-06-18,2026-W25,provincial,5 DÍAS,Buenos Aires,AMBA,Quilmes,https://www.diario5dias.com.ar,PROVINCIA leer +
2026-06-18,2026-W25,provincial,5 DÍAS,Buenos Aires,AMBA,Quilmes,https://www.diario5dias.com.ar,La Provincia destinará $150 millones a la UNQ para la producción y distribución del programa “Súper Sopa” en barrios populares
2026-06-18,2026-W25,provincial,5 DÍAS,Buenos Aires,AMBA,Quilmes,https://www.diario5dias.com.ar,Álbumes del Mundial de contrabando desde Brasil y allanamientos en Lanús: Una causa millonaria
2026-06-18,2026-W25,provincial,5 DÍAS,Buenos Aires,AMBA,Quilmes,https://www.diario5dias.com.ar,La Procuración bonaerense abrió concursos para cubrir cargos en la Policía Judicial: oportunidad laboral para profesionales de Quilmes
2026-06-18,2026-W25,provincial,5 DÍAS,Buenos Aires,AMBA,Quilmes,https://www.diario5dias.com.ar,Problemas con el Tren Roca: Funciona con servicios limitado
2026-06-18,2026-W25,provincial,5 DÍAS,Buenos Aires,AMBA,Quilmes,https://www.diario5dias.com.ar,Rugby: el Círculo Universitario de Quilmes es el nuevo puntero de la Primera B
2026-06-18,2026-W25,provincial,5 DÍAS,Buenos Aires,AMBA,Quilmes,https://www.diario5dias.com.ar,El Mundial se vive en el Parque Cervecero de Quilmes Oeste
2026-06-18,2026-W25,provincial,5 DÍAS,Buenos Aires,AMBA,Quilmes,https://www.diario5dias.com.ar,"Claudio Denovitzer, presidente del paseo Comercial: ""Quilmes está cerca de un récord de locales vacíos en el centro"""
2026-06-18,2026-W25,provincial,5 DÍAS,Buenos Aires,AMBA,Quilmes,https://www.diario5dias.com.ar,Localizaron el auto de una banda y detuvieron a un hombre que lo había descartado en Quilmes Oeste
2026-06-18,2026-W25,provincial,5 DÍAS,Buenos Aires,AMBA,Quilmes,https://www.diario5dias.com.ar,Bernal Oeste: un hombre sufrió graves quemaduras tras el incendio total de una vivienda precaria
2026-06-18,2026-W25,provincial,5 DÍAS,Buenos Aires,AMBA,Quilmes,https://www.diario5dias.com.ar,La crisis económica en Quilmes: crece la cantidad de locales vacíos y en alquiler en pleno centro comercial La crisis económica y la fuerte caída del consumo comienzan a reflejarse cada vez con mayor claridad en el paisaje urbano del centro de Quilmes. Leer más
2026-06-18,2026-W25,provincial,5 DÍAS,Buenos Aires,AMBA,Quilmes,https://www.diario5dias.com.ar,Berazategui: Balor y Flavia Terigi recorrieron la futura Técnica 7 La obra educativa beneficiará a jóvenes de Hudson y zonas aledañas Leer más
2026-06-18,2026-W25,provincial,5 DÍAS,Buenos Aires,AMBA,Quilmes,https://www.diario5dias.com.ar,"Pescadores desparecidos: Familiares piden extender la búsqueda hacia la zona de Mar del Plata Este miércoles por la tarde-noche, los familiares de las víctimas solicitaron ampliar el rastreo hacia la zona de Mar del Plata. Leer más"
2026-06-18,2026-W25,provincial,5 DÍAS,Buenos Aires,AMBA,Quilmes,https://www.diario5dias.com.ar,"Continúan los trabajos de bacheo en hormigón en los diferentes barrios de Quilmes con fondos 100% comunales En el marco del Plan Municipal 2026, respondiendo a demandas vecinales Leer más"
2026-06-18,2026-W25,provincial,5 DÍAS,Buenos Aires,AMBA,Quilmes,https://www.diario5dias.com.ar,"Quilmes recuerda el Gol del Siglo y el legado del Diego A 40 años del histórico gol que marcó a una generación, Quilmes se prepara para celebrarlo de una manera diferente. Leer más"
2026-06-18,2026-W25,provincial,5 DÍAS,Buenos Aires,AMBA,Quilmes,https://www.diario5dias.com.ar,"Álbumes del Mundial de contrabando desde Brasil y allanamientos en Lanús: Una causa millonaria La investigación se inició a fines de mayo, en medio de una creciente demanda por los productos vinculados al Mundial 2026. Leer más"
2026-06-18,2026-W25,provincial,5 DÍAS,Buenos Aires,AMBA,Quilmes,https://www.diario5dias.com.ar,Rugby: el Círculo Universitario de Quilmes es el nuevo puntero de la Primera B El Círculo Universitario de Quilmes atraviesa un momento soñado en el campeonato de Primera B de la Unión de Rugby de Buenos Aires (URBA). Leer más
2026-06-18,2026-W25,provincial,5 DÍAS,Buenos Aires,AMBA,Quilmes,https://www.diario5dias.com.ar,"El Mundial se vive en el Parque Cervecero de Quilmes Oeste Con juegos y premios, pantallas gigantes, música en vivo, combos especiales y la cerveza Quilmes más fresca, el histórico restaurante del Parque se viste de blanco y celeste para recibir a los fanáticos a vivir los partidos. Leer más"
2026-06-18,2026-W25,provincial,LA VOZ DEL INTERIOR,Córdoba,Centro,Córdoba,https://www.lavoz.com.ar,"Comunicado. La familia Messi rompió el silencio sobre la salud de Jorge: ""Evoluciona favorablemente"""
2026-06-18,2026-W25,provincial,LA VOZ DEL INTERIOR,Córdoba,Centro,Córdoba,https://www.lavoz.com.ar,Grupo A. República Checa perdonó demasiado y Sudáfrica se lo empató
2026-06-18,2026-W25,provincial,LA VOZ DEL INTERIOR,Córdoba,Centro,Córdoba,https://www.lavoz.com.ar,La Voz en EEU.UU. Argentina ajusta detalles en Kansas antes de viajar a Dallas para enfrentar a Austria
2026-06-18,2026-W25,provincial,LA VOZ DEL INTERIOR,Córdoba,Centro,Córdoba,https://www.lavoz.com.ar,Mundial 2026. Sorpresas y ratificaciones tras una primera fecha movida que mostró a una Argentina intacta para defender su corona
2026-06-18,2026-W25,provincial,LA VOZ DEL INTERIOR,Córdoba,Centro,Córdoba,https://www.lavoz.com.ar,La Voz en Vivo. Mario Kempes analizó el presente de la selección y elogió la vigencia de Messi: Sabe caminar la cancha
2026-06-18,2026-W25,provincial,LA VOZ DEL INTERIOR,Córdoba,Centro,Córdoba,https://www.lavoz.com.ar,De gira. El papa León XIV confirmó que visitará Perú en noviembre: ¿se viene algún anuncio sobre Argentina?
2026-06-18,2026-W25,provincial,LA VOZ DEL INTERIOR,Córdoba,Centro,Córdoba,https://www.lavoz.com.ar,Investigación en Córdoba. Derivarán antecedentes de Bar Wachitas a dos fiscalías provinciales especializadas
2026-06-18,2026-W25,provincial,LA VOZ DEL INTERIOR,Córdoba,Centro,Córdoba,https://www.lavoz.com.ar,Defensa. El inquietante silencio del Gobierno de Milei sobre Fadea
2026-06-18,2026-W25,provincial,LA VOZ DEL INTERIOR,Córdoba,Centro,Córdoba,https://www.lavoz.com.ar,Siniestro. Murió la mujer a quien le explotó la batería de un celular mientras lo cargaba en el auto
2026-06-18,2026-W25,provincial,LA VOZ DEL INTERIOR,Córdoba,Centro,Córdoba,https://www.lavoz.com.ar,Rosario. Villarruel confirmó asistencia al acto por el Día de la Bandera y se espera un clima de tensión con Milei
2026-06-18,2026-W25,provincial,LA VOZ DEL INTERIOR,Córdoba,Centro,Córdoba,https://www.lavoz.com.ar,Investigación. El fiscal Marijuan pidió la indagatoria del hermano de Manuel Adorni por presunto enriquecimiento ilícito
2026-06-18,2026-W25,provincial,LA VOZ DEL INTERIOR,Córdoba,Centro,Córdoba,https://www.lavoz.com.ar,Juicio histórico. Un año después de la sentencia del Neonatal: las familias siguen esperando respuestas
2026-06-18,2026-W25,provincial,LA VOZ DEL INTERIOR,Córdoba,Centro,Córdoba,https://www.lavoz.com.ar,La Voz En Vivo. Robo de Cesio-137 en Rosario: cuál es el nivel de riesgo real para la población según un especialista
2026-06-18,2026-W25,provincial,LA VOZ DEL INTERIOR,Córdoba,Centro,Córdoba,https://www.lavoz.com.ar,Grupo K. Colombia debutó con una muy buena victoria sobre Uzbekistán
2026-06-18,2026-W25,provincial,LA VOZ DEL INTERIOR,Córdoba,Centro,Córdoba,https://www.lavoz.com.ar,"Grupo A. México y Corea del Sur quieren asegurar su clasificación en el Mundial: hora, TV y formaciones"
2026-06-18,2026-W25,provincial,LA VOZ DEL INTERIOR,Córdoba,Centro,Córdoba,https://www.lavoz.com.ar,"2da fecha. Mundial 2026: quién juega hoy, horarios y dónde ver los partidos del 18 de junio"
2026-06-18,2026-W25,provincial,LA VOZ DEL INTERIOR,Córdoba,Centro,Córdoba,https://www.lavoz.com.ar,"Mundial en cordobés. Messi para siempre: el ""vacío"" que quedó en Kansas City después de una noche que valió cada dólar"
2026-06-18,2026-W25,provincial,LA VOZ DEL INTERIOR,Córdoba,Centro,Córdoba,https://www.lavoz.com.ar,Uno por uno. La Agustina nunca te deja a pata: los pibes que sueñan con ganarse un lugar en Instituto
2026-06-18,2026-W25,provincial,LA VOZ DEL INTERIOR,Córdoba,Centro,Córdoba,https://www.lavoz.com.ar,De no creer. La insólita historia de la amenaza de bomba que no estaba destinada a Tribunales Federales de Córdoba
2026-06-18,2026-W25,provincial,LA VOZ DEL INTERIOR,Córdoba,Centro,Córdoba,https://www.lavoz.com.ar,Mapa político. El caso Agostina aceleró la construcción del frente que más inquieta a Llaryora
2026-06-18,2026-W25,provincial,LA VOZ DEL INTERIOR,Córdoba,Centro,Córdoba,https://www.lavoz.com.ar,Cuentas provinciales. La Defensoría del Pueblo es la repartición que menos ajustó el gasto
2026-06-18,2026-W25,provincial,LA VOZ DEL INTERIOR,Córdoba,Centro,Córdoba,https://www.lavoz.com.ar,La definición. Similitudes y diferencias entre Dogos XV y Pampas: las claves de la final del Súper Rugby Américas
2026-06-18,2026-W25,provincial,LA VOZ DEL INTERIOR,Córdoba,Centro,Córdoba,https://www.lavoz.com.ar,Enojado. Nico Occhiato estalló tras la fake news de Flor Peña sobre el padre de Messi: Mi desacuerdo es total
2026-06-18,2026-W25,provincial,LA VOZ DEL INTERIOR,Córdoba,Centro,Córdoba,https://www.lavoz.com.ar,"Ciudad de Córdoba. Estacionamiento medido: vecinos de Alberdi reclaman medidas para ordenar el ""caos nocturno"" en zona de la Plaza de la Música"
2026-06-18,2026-W25,provincial,LA VOZ DEL INTERIOR,Córdoba,Centro,Córdoba,https://www.lavoz.com.ar,"Córdoba. ""Viudas negras"": condena pactada para dos chicas y un joven tras el crimen de un hombre en un asalto"
2026-06-18,2026-W25,provincial,LA VOZ DEL INTERIOR,Córdoba,Centro,Córdoba,https://www.lavoz.com.ar,Infraestructura. Se reanudaron los operativos nocturnos de colocación de vigas en el altonivel de avenida Vélez Sarsfield
2026-06-18,2026-W25,provincial,LA VOZ DEL INTERIOR,Córdoba,Centro,Córdoba,https://www.lavoz.com.ar,Empresas. De las cosechadoras de maní a las transmisiones agrícolas: la relación entre un gigante de Brasil y Río Cuarto
2026-06-18,2026-W25,provincial,LA VOZ DEL INTERIOR,Córdoba,Centro,Córdoba,https://www.lavoz.com.ar,Escándalo en vivo. Florencia Peña anunció la muerte del padre de Lionel Messi y debió pedir disculpas por la fake news
2026-06-18,2026-W25,provincial,LA VOZ DEL INTERIOR,Córdoba,Centro,Córdoba,https://www.lavoz.com.ar,Corrupción. La Justicia ratificó cambio de domicilio de AFA a Pilar y anuló la intervención del Gobierno nacional
2026-06-18,2026-W25,provincial,LA VOZ DEL INTERIOR,Córdoba,Centro,Córdoba,https://www.lavoz.com.ar,"La Voz En Vivo. Juicio del Neonatal: a un año de la sentencia, la denuncia de las familias sobre los funcionarios condenados"
2026-06-18,2026-W25,provincial,LA VOZ DEL INTERIOR,Córdoba,Centro,Córdoba,https://www.lavoz.com.ar,"Robaron y huyeron. Violento asalto en una joyería de Corral de Bustos, en el sudeste cordobés"
2026-06-18,2026-W25,provincial,LA VOZ DEL INTERIOR,Córdoba,Centro,Córdoba,https://www.lavoz.com.ar,"Siniestro vial. Una joven de 20 años se cayó de la moto y falleció por el golpe, en Corralito"
2026-06-18,2026-W25,provincial,LA VOZ DEL INTERIOR,Córdoba,Centro,Córdoba,https://www.lavoz.com.ar,La Voz En Vivo. IA: impulsan proyecto de ley para que todo contenido generado digitalmente tenga etiqueta obligatoria
2026-06-18,2026-W25,provincial,LA VOZ DEL INTERIOR,Córdoba,Centro,Córdoba,https://www.lavoz.com.ar,Conflicto. Fin de la guerra: el acuerdo entre EE.UU. e Irán desploma el precio del petróleo tras 107 días de ataques
2026-06-18,2026-W25,provincial,LA VOZ DEL INTERIOR,Córdoba,Centro,Córdoba,https://www.lavoz.com.ar,Mercados. Dólar blue y oficial hoy en Córdoba: a cuánto cotiza este jueves 18 de junio
2026-06-18,2026-W25,provincial,LA VOZ DEL INTERIOR,Córdoba,Centro,Córdoba,https://www.lavoz.com.ar,"Lotería. Quini 6: con tres sorteos vacantes, a cuánto se fue el multimillonario pozo para este domingo 21 de junio"
2026-06-18,2026-W25,provincial,LA VOZ DEL INTERIOR,Córdoba,Centro,Córdoba,https://www.lavoz.com.ar,Escándalo. Investigan si Adorni llevó a su madre a vivir a un country y si gastó $ 8 millones en blanquería
2026-06-18,2026-W25,provincial,LA VOZ DEL INTERIOR,Córdoba,Centro,Córdoba,https://www.lavoz.com.ar,En la Terminal. La detuvieron por picanear a un policía en Córdoba
2026-06-18,2026-W25,provincial,LA VOZ DEL INTERIOR,Córdoba,Centro,Córdoba,https://www.lavoz.com.ar,"Escuelas. Por caída en natalidad, en 2027 los jardines de infantes ya no necesitarán sumar aulas"
2026-06-18,2026-W25,provincial,LA VOZ DEL INTERIOR,Córdoba,Centro,Córdoba,https://www.lavoz.com.ar,"Impactante. Habló una mujer que trabajaba en Wachitas: ""Vendíamos nuestro cuerpo por plata y había menores"""
2026-06-18,2026-W25,provincial,LA VOZ DEL INTERIOR,Córdoba,Centro,Córdoba,https://www.lavoz.com.ar,Lotería. Quini 6 resultados hoy: los números ganadores del sorteo 3.383 del miércoles 17 de junio
2026-06-18,2026-W25,provincial,LA VOZ DEL INTERIOR,Córdoba,Centro,Córdoba,https://www.lavoz.com.ar,La Ciudad de Buenos Aires prohibirá el uso de cigarrillos electrónicos y vapeadores en espacios cerrados
2026-06-18,2026-W25,provincial,LA VOZ DEL INTERIOR,Córdoba,Centro,Córdoba,https://www.lavoz.com.ar,En Capital. Buscan a un hombre desaparecido en Córdoba
2026-06-18,2026-W25,provincial,LA VOZ DEL INTERIOR,Córdoba,Centro,Córdoba,https://www.lavoz.com.ar,¿Paraguas a mano? Clima en Córdoba: el impacto del aire antártico y qué esperar para este jueves 18 de junio
2026-06-18,2026-W25,provincial,LA VOZ DEL INTERIOR,Córdoba,Centro,Córdoba,https://www.lavoz.com.ar,Elecciones. Majorel bajó su candidatura y no buscará la reelección en Marcos Juárez
2026-06-18,2026-W25,provincial,LA VOZ DEL INTERIOR,Córdoba,Centro,Córdoba,https://www.lavoz.com.ar,Córdoba. Condenaron a exteniente de la Fuerza Aérea por abuso sexual contra una subordinada
2026-06-18,2026-W25,provincial,LA VOZ DEL INTERIOR,Córdoba,Centro,Córdoba,https://www.lavoz.com.ar,Pruebas. La fuerte decisión de Alpine con un joven piloto que terminó en un accidente
2026-06-18,2026-W25,provincial,LA VOZ DEL INTERIOR,Córdoba,Centro,Córdoba,https://www.lavoz.com.ar,Lo que hizo en selecciones. Método Sampaoli en Talleres: La revolución de los sparrings y la inserción de pibe como espejo del rival
2026-06-18,2026-W25,provincial,LA VOZ DEL INTERIOR,Córdoba,Centro,Córdoba,https://www.lavoz.com.ar,Primera Nacional. Racing iría con los mismos 11 este sábado
2026-06-18,2026-W25,provincial,LA VOZ DEL INTERIOR,Córdoba,Centro,Córdoba,https://www.lavoz.com.ar,¿Lo devuelven? El conflicto menos pensado entre Alpine y Red Bull por el trofeo del GP de Mónaco
2026-06-18,2026-W25,provincial,EL DIARIO,Córdoba,Centro,Villa Carlos Paz,https://www.eldiariodecarlospaz.com.ar,Comunicado oficial: La familia Messi pidió prudencia ante los rumores sobre Jorge
2026-06-18,2026-W25,provincial,EL DIARIO,Córdoba,Centro,Villa Carlos Paz,https://www.eldiariodecarlospaz.com.ar,«El Niño» llega a las sierras: lluvias en Punilla y alivio para el San Roque
2026-06-18,2026-W25,provincial,EL DIARIO,Córdoba,Centro,Villa Carlos Paz,https://www.eldiariodecarlospaz.com.ar,"Murió Carlos Cuervo, historiador y ex funcionario de San Antonio de Arredondo"
2026-06-18,2026-W25,provincial,EL DIARIO,Córdoba,Centro,Villa Carlos Paz,https://www.eldiariodecarlospaz.com.ar,Osvaldo Fassetta se negó a declarar por el femicidio de Agostina Vega
2026-06-18,2026-W25,provincial,EL DIARIO,Córdoba,Centro,Villa Carlos Paz,https://www.eldiariodecarlospaz.com.ar,Drogas: Dos jóvenes detenidas por vender cocaína en el Valle de Punilla
2026-06-18,2026-W25,provincial,EL DIARIO,Córdoba,Centro,Villa Carlos Paz,https://www.eldiariodecarlospaz.com.ar,Investigan a Manuel Adorni por una millonaria compra de blanquería
2026-06-18,2026-W25,provincial,EL DIARIO,Córdoba,Centro,Villa Carlos Paz,https://www.eldiariodecarlospaz.com.ar,Quedó inaugurado el PAICor en la Escuela Carande Carro
2026-06-18,2026-W25,provincial,EL DIARIO,Córdoba,Centro,Villa Carlos Paz,https://www.eldiariodecarlospaz.com.ar,"Soledad Lassaga se incorporó a «Otra Cosa», el nuevo espacio de Iosa"
2026-06-18,2026-W25,provincial,EL DIARIO,Córdoba,Centro,Villa Carlos Paz,https://www.eldiariodecarlospaz.com.ar,Cocinar esperanza: lanzan una campaña solidaria para más de 50 niños
2026-06-18,2026-W25,provincial,EL DIARIO,Córdoba,Centro,Villa Carlos Paz,https://www.eldiariodecarlospaz.com.ar,Condenaron a la banda que asesinó al empresario en Carlos Paz
2026-06-18,2026-W25,provincial,EL DIARIO,Córdoba,Centro,Villa Carlos Paz,https://www.eldiariodecarlospaz.com.ar,Tanti avanza con el recambio de luminarias en el barrio Villa García
2026-06-18,2026-W25,provincial,EL DIARIO,Córdoba,Centro,Villa Carlos Paz,https://www.eldiariodecarlospaz.com.ar,¡Alberdi de fiesta! Belgrano y una histórica celebración por el campeonato
2026-06-18,2026-W25,provincial,EL DIARIO,Córdoba,Centro,Villa Carlos Paz,https://www.eldiariodecarlospaz.com.ar,Cronograma de pagos: quienes cobran este jueves
2026-06-18,2026-W25,provincial,EL DIARIO,Córdoba,Centro,Villa Carlos Paz,https://www.eldiariodecarlospaz.com.ar,Dramático incendio en la C-45: dos hombres lograron escapar a tiempo
2026-06-18,2026-W25,provincial,EL DIARIO,Córdoba,Centro,Villa Carlos Paz,https://www.eldiariodecarlospaz.com.ar,Usaban dogos y galgos para cazar: 12 detenidos por la Patrulla Rural
2026-06-18,2026-W25,provincial,EL DIARIO,Córdoba,Centro,Villa Carlos Paz,https://www.eldiariodecarlospaz.com.ar,Procesaron al argentino detenido en Brasil por racismo
2026-06-18,2026-W25,provincial,EL DIARIO,Córdoba,Centro,Villa Carlos Paz,https://www.eldiariodecarlospaz.com.ar,Día gris y húmedo en Carlos Paz: el otoño se despide con inestabilidad
2026-06-18,2026-W25,provincial,EL DIARIO,Córdoba,Centro,Villa Carlos Paz,https://www.eldiariodecarlospaz.com.ar,Chocó y terminó montado sobre un auto estacionado
2026-06-18,2026-W25,provincial,EL DIARIO,Córdoba,Centro,Villa Carlos Paz,https://www.eldiariodecarlospaz.com.ar,"Dólar hoy: a cuánto cotizan el oficial, el blue y los financieros este 18 de junio"
2026-06-18,2026-W25,provincial,EL DIARIO,Córdoba,Centro,Villa Carlos Paz,https://www.eldiariodecarlospaz.com.ar,Recuperaron en Carlos Paz una moto robada que había sido abandonada
2026-06-18,2026-W25,provincial,EL DIARIO,Córdoba,Centro,Villa Carlos Paz,https://www.eldiariodecarlospaz.com.ar,Buscan intensamente a una adolescente desaparecida en Río Cuarto
2026-06-18,2026-W25,provincial,EL DIARIO,Córdoba,Centro,Villa Carlos Paz,https://www.eldiariodecarlospaz.com.ar,Se celebra el Día Internacional del Yoga con un gran festival gratuito
2026-06-18,2026-W25,provincial,EL DIARIO,Córdoba,Centro,Villa Carlos Paz,https://www.eldiariodecarlospaz.com.ar,Carlos Paz será epicentro de los deportes urbanos este fin de semana
2026-06-18,2026-W25,provincial,EL DIARIO,Córdoba,Centro,Villa Carlos Paz,https://www.eldiariodecarlospaz.com.ar,Avilés encabezará el acto central del Día de la Bandera en el Estadio Arena
2026-06-18,2026-W25,provincial,EL DIARIO,Córdoba,Centro,Villa Carlos Paz,https://www.eldiariodecarlospaz.com.ar,Descubrí los números que podrían atraer fortuna este jueves
2026-06-18,2026-W25,provincial,EL DIARIO,Córdoba,Centro,Villa Carlos Paz,https://www.eldiariodecarlospaz.com.ar,Horóscopo chino de hoy: las claves que marcarán tu jornada
2026-06-18,2026-W25,provincial,EL DIARIO,Córdoba,Centro,Villa Carlos Paz,https://www.eldiariodecarlospaz.com.ar,Qué pasará con el policía que chocó borracho y mató a un joven en Carlos Paz
2026-06-18,2026-W25,provincial,EL DIARIO,Córdoba,Centro,Villa Carlos Paz,https://www.eldiariodecarlospaz.com.ar,"Horóscopo diario: amor, trabajo y salud para este 18 de junio"
2026-06-18,2026-W25,provincial,EL DIARIO,Córdoba,Centro,Villa Carlos Paz,https://www.eldiariodecarlospaz.com.ar,Detuvieron al dueño de una conocida agencia de viajes por estafas en dólares
2026-06-18,2026-W25,provincial,EL DIARIO,Córdoba,Centro,Villa Carlos Paz,https://www.eldiariodecarlospaz.com.ar,"Preocupación mundial por la salud del padre de Messi, el silencio familiar"
2026-06-18,2026-W25,provincial,EL DIARIO,Córdoba,Centro,Villa Carlos Paz,https://www.eldiariodecarlospaz.com.ar,Murió la mujer que sufrió graves quemaduras tras la explosión de un celular
2026-06-18,2026-W25,provincial,EL DIARIO,Córdoba,Centro,Villa Carlos Paz,https://www.eldiariodecarlospaz.com.ar,"Llevaban potentes rifles de aire comprimido en un auto, creen que iban a robar"
2026-06-18,2026-W25,provincial,EL DIARIO,Córdoba,Centro,Villa Carlos Paz,https://www.eldiariodecarlospaz.com.ar,Caso Agostina Vega: el abogado de Soledad Andreani rompió el silencio
2026-06-18,2026-W25,provincial,EL DIARIO,Córdoba,Centro,Villa Carlos Paz,https://www.eldiariodecarlospaz.com.ar,Furia en la Terminal: atacó con una picana a un maletero e intentó robar un arma
2026-06-18,2026-W25,provincial,EL DIARIO,Córdoba,Centro,Villa Carlos Paz,https://www.eldiariodecarlospaz.com.ar,Colombia debutó con el pie derecho en el Mundial
2026-06-18,2026-W25,provincial,EL DIARIO,Córdoba,Centro,Villa Carlos Paz,https://www.eldiariodecarlospaz.com.ar,Scaloni priorizó el descanso del plantel tras la victoria ante Argelia
2026-06-18,2026-W25,provincial,EL DIARIO,Córdoba,Centro,Villa Carlos Paz,https://www.eldiariodecarlospaz.com.ar,Estudiantes de Arquitectura relevaron el patrimonio histórico de La Falda
2026-06-18,2026-W25,provincial,EL DIARIO,Córdoba,Centro,Villa Carlos Paz,https://www.eldiariodecarlospaz.com.ar,Presentarán un libro que recopila cartas entre el Papa Francisco y Gustavo Vera
2026-06-18,2026-W25,provincial,EL DIARIO,Córdoba,Centro,Villa Carlos Paz,https://www.eldiariodecarlospaz.com.ar,"San Francisco recibe al Rally Cordobés, con más de 80 participantes"
2026-06-18,2026-W25,provincial,EL DIARIO,Córdoba,Centro,Villa Carlos Paz,https://www.eldiariodecarlospaz.com.ar,El Museo San Alberto ofrece literatura y arte para las infancias
2026-06-18,2026-W25,provincial,EL DIARIO,Córdoba,Centro,Villa Carlos Paz,https://www.eldiariodecarlospaz.com.ar,Escuelas de Sinsacate recibieron banderas de ceremonia donadas
2026-06-18,2026-W25,provincial,EL DIARIO,Córdoba,Centro,Villa Carlos Paz,https://www.eldiariodecarlospaz.com.ar,Bialet Massé implementa su propio programa de entrega de leche
2026-06-18,2026-W25,provincial,EL DIARIO,Córdoba,Centro,Villa Carlos Paz,https://www.eldiariodecarlospaz.com.ar,Convocan a diseñar la Bandera de Valle Hermoso
2026-06-18,2026-W25,provincial,EL DIARIO,Córdoba,Centro,Villa Carlos Paz,https://www.eldiariodecarlospaz.com.ar,Huerta Grande creó un banco solidario de marcos y anteojos
2026-06-18,2026-W25,provincial,EL DIARIO,Córdoba,Centro,Villa Carlos Paz,https://www.eldiariodecarlospaz.com.ar,El Senado postergó la interpelación a Adorni
2026-06-18,2026-W25,provincial,EL DIARIO,Córdoba,Centro,Villa Carlos Paz,https://www.eldiariodecarlospaz.com.ar,Volvieron a internar al periodista Chiche Gelblung
2026-06-18,2026-W25,provincial,EL DIARIO,Córdoba,Centro,Villa Carlos Paz,https://www.eldiariodecarlospaz.com.ar,Concluyó el Campeonato Interbarrial de Fútbol Infantil en La Cumbre
2026-06-18,2026-W25,provincial,EL DIARIO,Córdoba,Centro,Villa Carlos Paz,https://www.eldiariodecarlospaz.com.ar,Tarot del colibrí: comienza un proceso de transformación y despertar espiritual
2026-06-18,2026-W25,provincial,EL DIARIO,Córdoba,Centro,Villa Carlos Paz,https://www.eldiariodecarlospaz.com.ar,"Edictos, Remates y Publicaciones Oficiales"
2026-06-18,2026-W25,provincial,EL DIARIO,Córdoba,Centro,Villa Carlos Paz,https://www.eldiariodecarlospaz.com.ar,Un auto chocó contra un caballo que tiró al jinete y corría por la Ruta 38
2026-06-18,2026-W25,provincial,EL DIARIO DEL CENTRO DEL PAÍS,Córdoba,Centro,Villa María,https://www.eldiariocba.com.ar,La familia Messi informó que Jorge Messi atraviesa un problema de salud y pidió respeto por su privacidad
2026-06-18,2026-W25,provincial,EL DIARIO DEL CENTRO DEL PAÍS,Córdoba,Centro,Villa María,https://www.eldiariocba.com.ar,Un auto terminó sobre el cantero central en un choque por alcance
2026-06-18,2026-W25,provincial,EL DIARIO DEL CENTRO DEL PAÍS,Córdoba,Centro,Villa María,https://www.eldiariocba.com.ar,Un choque provocó lesiones en una chica que iba en bici
2026-06-18,2026-W25,provincial,EL DIARIO DEL CENTRO DEL PAÍS,Córdoba,Centro,Villa María,https://www.eldiariocba.com.ar,Se intoxicó con monóxido de carbono y lo hallaron muerto
2026-06-18,2026-W25,provincial,EL DIARIO DEL CENTRO DEL PAÍS,Córdoba,Centro,Villa María,https://www.eldiariocba.com.ar,Madre agradece al personal del Pasteur por lo brindado a su hijo Nahuel
2026-06-18,2026-W25,provincial,EL DIARIO DEL CENTRO DEL PAÍS,Córdoba,Centro,Villa María,https://www.eldiariocba.com.ar,Cortan las cintas del nuevo predio deportivo de Las Playas
2026-06-18,2026-W25,provincial,EL DIARIO DEL CENTRO DEL PAÍS,Córdoba,Centro,Villa María,https://www.eldiariocba.com.ar,Avanzan tareas en el nuevo edificio policial y en la construcción del cuartel de Bomberos
2026-06-18,2026-W25,provincial,EL DIARIO DEL CENTRO DEL PAÍS,Córdoba,Centro,Villa María,https://www.eldiariocba.com.ar,Y llegaron los campeones en las zonas Centro y Sur
2026-06-18,2026-W25,provincial,EL DIARIO DEL CENTRO DEL PAÍS,Córdoba,Centro,Villa María,https://www.eldiariocba.com.ar,Todos los Vera en el podio
2026-06-18,2026-W25,provincial,EL DIARIO DEL CENTRO DEL PAÍS,Córdoba,Centro,Villa María,https://www.eldiariocba.com.ar,Reflexión sobre la violencia infantil
2026-06-18,2026-W25,provincial,EL DIARIO DEL CENTRO DEL PAÍS,Córdoba,Centro,Villa María,https://www.eldiariocba.com.ar,El abuelo de Lucio Dupuy habló de su lucha por las infancias
2026-06-18,2026-W25,provincial,EL DIARIO DEL CENTRO DEL PAÍS,Córdoba,Centro,Villa María,https://www.eldiariocba.com.ar,Se habilitó un contacto con IA para atender reclamos de servicios
2026-06-18,2026-W25,provincial,EL DIARIO DEL CENTRO DEL PAÍS,Córdoba,Centro,Villa María,https://www.eldiariocba.com.ar,Acompañamiento estatal
2026-06-18,2026-W25,provincial,EL DIARIO DEL CENTRO DEL PAÍS,Córdoba,Centro,Villa María,https://www.eldiariocba.com.ar,Judiciales van a una mesa de conciliación
2026-06-18,2026-W25,provincial,EL DIARIO DEL CENTRO DEL PAÍS,Córdoba,Centro,Villa María,https://www.eldiariocba.com.ar,Mi único héroe en este Lío
2026-06-18,2026-W25,provincial,EL DIARIO DEL CENTRO DEL PAÍS,Córdoba,Centro,Villa María,https://www.eldiariocba.com.ar,Inglaterra fue eficaz y superó a Croacia en un partidazo
2026-06-18,2026-W25,provincial,EL DIARIO DEL CENTRO DEL PAÍS,Córdoba,Centro,Villa María,https://www.eldiariocba.com.ar,Motociclistas heridos en dos siniestros viales
2026-06-18,2026-W25,provincial,EL DIARIO DEL CENTRO DEL PAÍS,Córdoba,Centro,Villa María,https://www.eldiariocba.com.ar,Uno cayó preso por robo y otro por golpear a la mujer
2026-06-18,2026-W25,provincial,EL DIARIO DEL CENTRO DEL PAÍS,Córdoba,Centro,Villa María,https://www.eldiariocba.com.ar,"Lucas Maldonado, el “estafador de sueños”, recuperó la libertad"
2026-06-18,2026-W25,provincial,EL DIARIO DEL CENTRO DEL PAÍS,Córdoba,Centro,Villa María,https://www.eldiariocba.com.ar,Las banderas del Mundial en el Palacio Municipal
2026-06-18,2026-W25,provincial,EL DIARIO DEL CENTRO DEL PAÍS,Córdoba,Centro,Villa María,https://www.eldiariocba.com.ar,El Centro de Jubilados vacuna contra la gripe
2026-06-18,2026-W25,provincial,EL DIARIO DEL CENTRO DEL PAÍS,Córdoba,Centro,Villa María,https://www.eldiariocba.com.ar,Un programa contra el narcomenudeo
2026-06-18,2026-W25,provincial,EL DIARIO DEL CENTRO DEL PAÍS,Córdoba,Centro,Villa María,https://www.eldiariocba.com.ar,Un nuevo mamífero en las sierras
2026-06-18,2026-W25,provincial,EL DIARIO DEL CENTRO DEL PAÍS,Córdoba,Centro,Villa María,https://www.eldiariocba.com.ar,Se pospuso la sesión por Manuel Adorni
2026-06-18,2026-W25,provincial,EL DIARIO DEL CENTRO DEL PAÍS,Córdoba,Centro,Villa María,https://www.eldiariocba.com.ar,Alerta por la desaparición de material radiactivo
2026-06-18,2026-W25,provincial,EL DIARIO DEL CENTRO DEL PAÍS,Córdoba,Centro,Villa María,https://www.eldiariocba.com.ar,Estados Unidos difundió los puntos del acuerdo con Irán
2026-06-18,2026-W25,provincial,EL DIARIO DEL CENTRO DEL PAÍS,Córdoba,Centro,Villa María,https://www.eldiariocba.com.ar,“No se metan en las elecciones de Brasil”
2026-06-18,2026-W25,provincial,EL DIARIO DEL CENTRO DEL PAÍS,Córdoba,Centro,Villa María,https://www.eldiariocba.com.ar,Exportadores calculan pérdidas de casi USD 1.000 millones
2026-06-18,2026-W25,provincial,EL DIARIO DEL CENTRO DEL PAÍS,Córdoba,Centro,Villa María,https://www.eldiariocba.com.ar,Avisos Fúnebres 18/06/2026
2026-06-18,2026-W25,provincial,EL DIARIO DEL CENTRO DEL PAÍS,Córdoba,Centro,Villa María,https://www.eldiariocba.com.ar,Humor 18/06/2026
2026-06-18,2026-W25,provincial,EL DIARIO DEL CENTRO DEL PAÍS,Córdoba,Centro,Villa María,https://www.eldiariocba.com.ar,Inédita operación en el Pasteur
2026-06-18,2026-W25,provincial,EL DIARIO DEL CENTRO DEL PAÍS,Córdoba,Centro,Villa María,https://www.eldiariocba.com.ar,Sparta y Unión quieren ir por más en el Federal
2026-06-18,2026-W25,provincial,EL DIARIO DEL CENTRO DEL PAÍS,Córdoba,Centro,Villa María,https://www.eldiariocba.com.ar,Reflexión necesaria por La Perla
2026-06-18,2026-W25,provincial,EL DIARIO DEL CENTRO DEL PAÍS,Córdoba,Centro,Villa María,https://www.eldiariocba.com.ar,Motociclista sufrió traumatismo de tórax cerrado al caer del rodado
2026-06-18,2026-W25,provincial,EL DIARIO DEL CENTRO DEL PAÍS,Córdoba,Centro,Villa María,https://www.eldiariocba.com.ar,Mundial 2026: Inglaterra goleó a Croacia en un partidazo
2026-06-18,2026-W25,provincial,EL DIARIO DEL CENTRO DEL PAÍS,Córdoba,Centro,Villa María,https://www.eldiariocba.com.ar,Mundial 2026: Portugal no pudo con RD Congo
2026-06-18,2026-W25,provincial,EL DIARIO DEL CENTRO DEL PAÍS,Córdoba,Centro,Villa María,https://www.eldiariocba.com.ar,Integrante de una banda narco fue detenido sobre ruta 9
2026-06-18,2026-W25,provincial,EL DIARIO DEL CENTRO DEL PAÍS,Córdoba,Centro,Villa María,https://www.eldiariocba.com.ar,Realizaron una inédita cirugía de mandíbula en el Hospital Pasteur
2026-06-18,2026-W25,provincial,EL DIARIO DEL CENTRO DEL PAÍS,Córdoba,Centro,Villa María,https://www.eldiariocba.com.ar,El municipio habilitó un WhatsApp para reclamos por servicios
2026-06-18,2026-W25,provincial,EL DIARIO DEL CENTRO DEL PAÍS,Córdoba,Centro,Villa María,https://www.eldiariocba.com.ar,Lo encontraron muerto en su casa y se presume que se intoxicó con monóxido de carbono
2026-06-18,2026-W25,provincial,EL DIARIO DEL CENTRO DEL PAÍS,Córdoba,Centro,Villa María,https://www.eldiariocba.com.ar,Con el abuelo de Lucio y el padre de Emiliano Mesa se habló de violencia contra los niños
2026-06-18,2026-W25,provincial,EL DIARIO DEL CENTRO DEL PAÍS,Córdoba,Centro,Villa María,https://www.eldiariocba.com.ar,"A sala llena, estudiantes secundarios se interiorizaron sobre la búsqueda de desaparecidos"
2026-06-18,2026-W25,provincial,EL DIARIO DEL CENTRO DEL PAÍS,Córdoba,Centro,Villa María,https://www.eldiariocba.com.ar,Una mujer sufrió lesiones y la Policía fue testigo de violento accionar
2026-06-18,2026-W25,provincial,EL DIARIO DEL CENTRO DEL PAÍS,Córdoba,Centro,Villa María,https://www.eldiariocba.com.ar,Robó baterías de dos camiones y terminó detenido tras un operativo cerrojo
2026-06-18,2026-W25,provincial,EL DIARIO DEL CENTRO DEL PAÍS,Córdoba,Centro,Villa María,https://www.eldiariocba.com.ar,Más campeones en el Infanto
2026-06-18,2026-W25,provincial,EL DIARIO DEL CENTRO DEL PAÍS,Córdoba,Centro,Villa María,https://www.eldiariocba.com.ar,Dos líderes confirmadas y mucho por definirse de cara a los playoffs
2026-06-18,2026-W25,provincial,EL DIARIO DEL CENTRO DEL PAÍS,Córdoba,Centro,Villa María,https://www.eldiariocba.com.ar,Dos heridos tras un choque en medio de la intensa niebla
2026-06-18,2026-W25,provincial,EL DIARIO DEL CENTRO DEL PAÍS,Córdoba,Centro,Villa María,https://www.eldiariocba.com.ar,Se incendió un tendido eléctrico en barrio Centro
2026-06-18,2026-W25,provincial,EL DIARIO DEL CENTRO DEL PAÍS,Córdoba,Centro,Villa María,https://www.eldiariocba.com.ar,Goleadores encendidos
2026-06-18,2026-W25,provincial,EL DIARIO DEL CENTRO DEL PAÍS,Córdoba,Centro,Villa María,https://www.eldiariocba.com.ar,Elevaron su voz por salarios y “paritarias justas” en los tres niveles del Estado
2026-06-18,2026-W25,provincial,EL DIARIO,Entre Ríos,Centro,Entre rios,https://www.eldiario.com.ar,Últimas noticias
2026-06-18,2026-W25,provincial,EL DIARIO,Entre Ríos,Centro,Entre rios,https://www.eldiario.com.ar,Entre Ríos se destacó en convocatoria nacional para incorporar sistemas de almacenamiento de energía
2026-06-18,2026-W25,provincial,EL DIARIO,Entre Ríos,Centro,Entre rios,https://www.eldiario.com.ar,Entre Ríos recibirá un nuevo adelanto de coparticipación por 150.000 millones de pesos
2026-06-18,2026-W25,provincial,EL DIARIO,Entre Ríos,Centro,Entre rios,https://www.eldiario.com.ar,Frigerio anunció medidas de alivio energético e impositivo para el comercio entrerriano
2026-06-18,2026-W25,provincial,EL DIARIO,Entre Ríos,Centro,Entre rios,https://www.eldiario.com.ar,El Ejecutivo Municipal confirmó la fecha de pago del medio aguinaldo
2026-06-18,2026-W25,provincial,EL DIARIO,Entre Ríos,Centro,Entre rios,https://www.eldiario.com.ar,La denuncia que pone en jaque la contratación de 250 millones en Concordia
2026-06-18,2026-W25,provincial,EL DIARIO,Entre Ríos,Centro,Entre rios,https://www.eldiario.com.ar,Allanaron coto de caza en Gualeguaychu por trafico de ciervos colorados
2026-06-18,2026-W25,provincial,EL DIARIO,Entre Ríos,Centro,Entre rios,https://www.eldiario.com.ar,El temor que crece en Fadea: ¿se viene el cierre de la fábrica de aviones?
2026-06-18,2026-W25,provincial,EL DIARIO,Entre Ríos,Centro,Entre rios,https://www.eldiario.com.ar,Condenaron a 4 años al docente que abusó de nueve alumnos en Entre Ríos
2026-06-18,2026-W25,provincial,EL DIARIO,Entre Ríos,Centro,Entre rios,https://www.eldiario.com.ar,"Angustia en Concordia: buscan a Tatiana, la adolescente que desaparecio sin medicacion"
2026-06-18,2026-W25,provincial,EL DIARIO,Entre Ríos,Centro,Entre rios,https://www.eldiario.com.ar,Identificaron al joven hallado muerto en el arroyo Antoñico: preparan imputación
2026-06-18,2026-W25,provincial,EL DIARIO,Entre Ríos,Centro,Entre rios,https://www.eldiario.com.ar,Nuevo golpe al bolsillo: suben otra vez los peajes de la Ruta 14
2026-06-18,2026-W25,provincial,EL DIARIO,Entre Ríos,Centro,Entre rios,https://www.eldiario.com.ar,Pavimentacion de $2.664 millones: usan articulo de urgencia sin explicar por que
2026-06-18,2026-W25,provincial,EL DIARIO,Entre Ríos,Centro,Entre rios,https://www.eldiario.com.ar,Tragedia en La Paz: murió un adolescente tras chocar en moto contra camión
2026-06-18,2026-W25,provincial,EL DIARIO,Entre Ríos,Centro,Entre rios,https://www.eldiario.com.ar,"IAPSER pagó $29 millones por la camioneta de Walser, pero la bronca sigue"
2026-06-18,2026-W25,provincial,EL DIARIO,Entre Ríos,Centro,Entre rios,https://www.eldiario.com.ar,La feria que convierte a Paraná en el centro de los sabores del país
2026-06-18,2026-W25,provincial,EL DIARIO,Entre Ríos,Centro,Entre rios,https://www.eldiario.com.ar,El botín oculto del cardiólogo: 300 ampollas de fentanilo en plena estafa al PAMI
2026-06-18,2026-W25,provincial,EL DIARIO,Entre Ríos,Centro,Entre rios,https://www.eldiario.com.ar,Ciclista apuesta fuerte al recambio: los pibes que ilusionan en Parana
2026-06-18,2026-W25,provincial,EL DIARIO,Entre Ríos,Centro,Entre rios,https://www.eldiario.com.ar,"El dato que duele: Salto y Concordia, dos ciudades hermanas hundidas en la pobreza"
2026-06-18,2026-W25,provincial,EL DIARIO,Entre Ríos,Centro,Entre rios,https://www.eldiario.com.ar,Tragedia en La Paz: adolescente de 16 años murió sin casco en brutal choque
2026-06-18,2026-W25,provincial,EL DIARIO,Entre Ríos,Centro,Entre rios,https://www.eldiario.com.ar,Concordia renovó el Consejo de Patrimonio: los nombres que definirán el futuro
2026-06-18,2026-W25,provincial,EL DIARIO,Entre Ríos,Centro,Entre rios,https://www.eldiario.com.ar,La Lista Naranja se quedó con SOEVER: Colominas promete nueva etapa
2026-06-18,2026-W25,provincial,EL DIARIO,Entre Ríos,Centro,Entre rios,https://www.eldiario.com.ar,El rescate de las esculturas emblematicas de Parana que ya nadie miraba
2026-06-18,2026-W25,provincial,EL DIARIO,Entre Ríos,Centro,Entre rios,https://www.eldiario.com.ar,“Me quería matar”: la versión del acusado por el crimen del adolescente
2026-06-18,2026-W25,provincial,EL DIARIO,Entre Ríos,Centro,Entre rios,https://www.eldiario.com.ar,Otamendi revelo la formula para que Argentina repita en el Mundial 2026
2026-06-18,2026-W25,provincial,EL DIARIO,Entre Ríos,Centro,Entre rios,https://www.eldiario.com.ar,Concejal de Urdinarrain renunció por incompatibilidad con cargo en Escuelas
2026-06-18,2026-W25,provincial,EL DIARIO,Entre Ríos,Centro,Entre rios,https://www.eldiario.com.ar,El senador entrerriano que desnuda la verdad sobre el ajuste a jubilados
2026-06-18,2026-W25,provincial,EL DIARIO,Entre Ríos,Centro,Entre rios,https://www.eldiario.com.ar,Máximo Kirchner en Paraná: “Frigerio será un fantasma del pasado”
2026-06-18,2026-W25,provincial,EL DIARIO,Entre Ríos,Centro,Entre rios,https://www.eldiario.com.ar,Paraná se prepara para el fin de semana largo con ferias y gastronomía
2026-06-18,2026-W25,provincial,EL DIARIO,Entre Ríos,Centro,Entre rios,https://www.eldiario.com.ar,Últimas noticias Todas
2026-06-18,2026-W25,provincial,ELONCE,Entre Ríos,Centro,Entre rios,https://www.elonce.com,La familia de Lionel Messi confirmó que el papá está “recuperándose y evolucionando favorablemente”
2026-06-18,2026-W25,provincial,ELONCE,Entre Ríos,Centro,Entre rios,https://www.elonce.com,Frigerio anunció exenciones impositivas y subsidios energéticos para el comercio
2026-06-18,2026-W25,provincial,ELONCE,Entre Ríos,Centro,Entre rios,https://www.elonce.com,"“Dominga Ayala tiene la estatura de una leyenda”, ponderó el editor de su autobiografía"
2026-06-18,2026-W25,provincial,ELONCE,Entre Ríos,Centro,Entre rios,https://www.elonce.com,"Con emoción y banderitas en alto, alumnos de las escuelas de La Picada prometieron lealtad a la Bandera"
2026-06-18,2026-W25,provincial,ELONCE,Entre Ríos,Centro,Entre rios,https://www.elonce.com,Confirmaron cuándo se abonará el aguinaldo para estatales entrerrianos
2026-06-18,2026-W25,provincial,ELONCE,Entre Ríos,Centro,Entre rios,https://www.elonce.com,Beneficios para el comercio entrerriano: Boleas brindó detalles del alcance y la vigencia de las medidas
2026-06-18,2026-W25,provincial,ELONCE,Entre Ríos,Centro,Entre rios,https://www.elonce.com,La postura de Scaloni sobre Tagliafico a días del segundo partido de la Selección Argentina
2026-06-18,2026-W25,provincial,ELONCE,Entre Ríos,Centro,Entre rios,https://www.elonce.com,La Multisectorial en Defensa de la Caja anunció volanteadas y anticipó un paro contra la reforma jubilatoria
2026-06-18,2026-W25,provincial,ELONCE,Entre Ríos,Centro,Entre rios,https://www.elonce.com,IAFAS sorteó la Tómbola Mundial con millones de cupones y repartió premios en toda la provincia
2026-06-18,2026-W25,provincial,ELONCE,Entre Ríos,Centro,Entre rios,https://www.elonce.com,Confirmaron la visita del Papa León XIV a Perú para noviembre
2026-06-18,2026-W25,provincial,ELONCE,Entre Ríos,Centro,Entre rios,https://www.elonce.com,Realizaron un banderazo saludable para fomentar el cuidado dental en escuela de Paraná
2026-06-18,2026-W25,provincial,ELONCE,Entre Ríos,Centro,Entre rios,https://www.elonce.com,Centros de salud provinciales comenzaron a usar un sistema digital para gestionar personal
2026-06-18,2026-W25,provincial,ELONCE,Entre Ríos,Centro,Entre rios,https://www.elonce.com,"Ganó $442 millones en la Quiniela con solo 26 años y contó el ""gran sueño"" que cumplirá con su familia"
2026-06-18,2026-W25,provincial,ELONCE,Entre Ríos,Centro,Entre rios,https://www.elonce.com,Vecino detuvo a joven que robaba limones en su patio y la policía capturó a sujeto que sustrajo un celular
2026-06-18,2026-W25,provincial,ELONCE,Entre Ríos,Centro,Entre rios,https://www.elonce.com,Clausuraron una planta láctea del departamento Paraná por contaminación ambiental
2026-06-18,2026-W25,provincial,ELONCE,Entre Ríos,Centro,Entre rios,https://www.elonce.com,"Adolescente muerto en Federación: incidentes, daños y detenidos durante reclamo por justicia"
2026-06-18,2026-W25,provincial,ELONCE,Entre Ríos,Centro,Entre rios,https://www.elonce.com,El Quini 6 dejó cuatro premios millonarios en Entre Ríos y acumula un pozo récord
2026-06-18,2026-W25,provincial,ELONCE,Entre Ríos,Centro,Entre rios,https://www.elonce.com,UPCN pidió trasladar el Día del Empleado Público para que no coincida con un sábado
2026-06-18,2026-W25,provincial,ELONCE,Entre Ríos,Centro,Entre rios,https://www.elonce.com,Alerta amarilla para gran parte de Entre Ríos: qué zonas recibirán hasta 70 mm de lluvia y granizo
2026-06-18,2026-W25,provincial,ELONCE,Entre Ríos,Centro,Entre rios,https://www.elonce.com,Muerte de expolicía en Concordia: revelaron cómo sustrajo el arma de Alcaidía
2026-06-18,2026-W25,provincial,ELONCE,Entre Ríos,Centro,Entre rios,https://www.elonce.com,Buscan familia para adoptar a tres hermanitas que no quieren ser separadas
2026-06-18,2026-W25,provincial,ELONCE,Entre Ríos,Centro,Entre rios,https://www.elonce.com,Autopsia preliminar descartó lesiones visibles en el cuerpo de adolescente hallado muerto en Federación
2026-06-18,2026-W25,provincial,ELONCE,Entre Ríos,Centro,Entre rios,https://www.elonce.com,Volvieron a internar a Chiche Gelblung días después de recibir el alta
2026-06-18,2026-W25,provincial,ELONCE,Entre Ríos,Centro,Entre rios,https://www.elonce.com,"El lobo marino rescatado en el río Uruguay presentaba heridas, deshidratación y bajo peso"
2026-06-18,2026-W25,provincial,ELONCE,Entre Ríos,Centro,Entre rios,https://www.elonce.com,Armas sin registrar: otorgaron un año para regularizarlas y prorrogaron la entrega voluntaria
2026-06-18,2026-W25,provincial,ELONCE,Entre Ríos,Centro,Entre rios,https://www.elonce.com,Murió una mujer tras la explosión de un celular que se cargaba dentro de un auto
2026-06-18,2026-W25,provincial,ELONCE,Entre Ríos,Centro,Entre rios,https://www.elonce.com,Sindicato de Empleados de Comercio Paraná inició el proceso electoral para renovar autoridades
2026-06-18,2026-W25,provincial,ELONCE,Entre Ríos,Centro,Entre rios,https://www.elonce.com,Archivaron la denuncia que realizó influencer del agro por el robo de 190 bovinos
2026-06-18,2026-W25,provincial,ELONCE,Entre Ríos,Centro,Entre rios,https://www.elonce.com,Desvalijaron la vivienda de una pareja ciega y les robaron herramientas de trabajo
2026-06-18,2026-W25,provincial,ELONCE,Entre Ríos,Centro,Entre rios,https://www.elonce.com,El Carnaval de Gualeguaychú ya tiene fecha de inicio y confirmó su cronograma para 2027
2026-06-18,2026-W25,provincial,ELONCE,Entre Ríos,Centro,Entre rios,https://www.elonce.com,ARCA intimó a contribuyentes por deducciones inconsistentes: cómo regularizar la situación
2026-06-18,2026-W25,provincial,ELONCE,Entre Ríos,Centro,Entre rios,https://www.elonce.com,Comienza el pago de la prestación por desempleo: requisitos y cronograma completo
2026-06-18,2026-W25,provincial,ELONCE,Entre Ríos,Centro,Entre rios,https://www.elonce.com,La reacción de Rafa Nadal al elogio de Lionel Messi en el Mundial
2026-06-18,2026-W25,provincial,ELONCE,Entre Ríos,Centro,Entre rios,https://www.elonce.com,El mundial inicia la fecha 2: qué partidos se juegan este jueves y los horarios
2026-06-18,2026-W25,provincial,ELONCE,Entre Ríos,Centro,Entre rios,https://www.elonce.com,Colombia cerró la primera fecha del Mundial con una sólida victoria ante Uzbekistán
2026-06-18,2026-W25,provincial,ELONCE,Entre Ríos,Centro,Entre rios,https://www.elonce.com,Edinson Cavani dejará Boca: el club rescindirá el contrato del delantero uruguayo
2026-06-18,2026-W25,provincial,ELONCE,Entre Ríos,Centro,Entre rios,https://www.elonce.com,Haciendo comunidad
2026-06-18,2026-W25,provincial,ELONCE,Entre Ríos,Centro,Entre rios,https://www.elonce.com,Selva Almada presentará su nuevo libro en La Vieja Usina de Paraná
2026-06-18,2026-W25,provincial,ELONCE,Entre Ríos,Centro,Entre rios,https://www.elonce.com,Invertirán más de $46 millones para realizar obras en una escuela de Gobernador Etchevehere
2026-06-18,2026-W25,provincial,ELONCE,Entre Ríos,Centro,Entre rios,https://www.elonce.com,"Con una elección y debate de propuestas, cerró una nueva edición de ""Generar Adolescencias"""
2026-06-18,2026-W25,provincial,ELONCE,Entre Ríos,Centro,Entre rios,https://www.elonce.com,Invitan a una jornada holística gratuita para celebrar el Día Internacional del Yoga
2026-06-18,2026-W25,provincial,ELONCE,Entre Ríos,Centro,Entre rios,https://www.elonce.com,Cuatro escuelas rurales realizaran acto por el día de la bandera en La Picada
2026-06-18,2026-W25,provincial,ELONCE,Entre Ríos,Centro,Entre rios,https://www.elonce.com,Con una elección y debate de propuestas cerró una nueva edición de Generar Adolescencias
2026-06-18,2026-W25,provincial,ELONCE,Entre Ríos,Centro,Entre rios,https://www.elonce.com,Aseguran que Luis Miguel fue operado y permanece internado en un hospital de Nueva York
2026-06-18,2026-W25,provincial,ELONCE,Entre Ríos,Centro,Entre rios,https://www.elonce.com,Sofía Jujuy sorprendió con una producción mundialista en Miami y un detalle se volvió viral
2026-06-18,2026-W25,provincial,ELONCE,Entre Ríos,Centro,Entre rios,https://www.elonce.com,Flor Vigna anunció su llegada a OnlyFans con una audaz producción de fotos
2026-06-18,2026-W25,provincial,ELONCE,Entre Ríos,Centro,Entre rios,https://www.elonce.com,Nathy Peluso deslumbró con una microbikini naranja y causó furor en redes
2026-06-18,2026-W25,provincial,ELONCE,Entre Ríos,Centro,Entre rios,https://www.elonce.com,Panorama municipal
2026-06-18,2026-W25,provincial,ELONCE,Entre Ríos,Centro,Entre rios,https://www.elonce.com,La innovación al servicio de los vecinos: así transforma Paraná su gestión municipal
2026-06-18,2026-W25,provincial,ELONCE,Entre Ríos,Centro,Entre rios,https://www.elonce.com,Plan Calle a calle: la Municipalidad intervino con mejoras viales en barrio Santa Lucía
2026-06-18,2026-W25,provincial,UNO ENTRE RÍOS,Entre Ríos,Centro,Entre rios,https://www.unoentrerios.com.ar,La familia de Lionel Messi informó sobre el estado de salud de Jorge Messi
2026-06-18,2026-W25,provincial,UNO ENTRE RÍOS,Entre Ríos,Centro,Entre rios,https://www.unoentrerios.com.ar,Rogelio Frigerio anunció exenciones impositivas y subsidios energéticos para 50.000 comercios
2026-06-18,2026-W25,provincial,UNO ENTRE RÍOS,Entre Ríos,Centro,Entre rios,https://www.unoentrerios.com.ar,Entre Ríos recibirá un nuevo anticipo financiero de Nación
2026-06-18,2026-W25,provincial,UNO ENTRE RÍOS,Entre Ríos,Centro,Entre rios,https://www.unoentrerios.com.ar,Paraná: vecinos preocupados por robo de medidores
2026-06-18,2026-W25,provincial,UNO ENTRE RÍOS,Entre Ríos,Centro,Entre rios,https://www.unoentrerios.com.ar,Pidieron la indagatoria para el hermano de Manuel Adorni
2026-06-18,2026-W25,provincial,UNO ENTRE RÍOS,Entre Ríos,Centro,Entre rios,https://www.unoentrerios.com.ar,"Entre Ríos: alertan que ""15% del personal"" de INTA se fue del organismo"
2026-06-18,2026-W25,provincial,UNO ENTRE RÍOS,Entre Ríos,Centro,Entre rios,https://www.unoentrerios.com.ar,Argentina se convierte en el primer país del mundo en aprobar una nueva tecnología herbicida
2026-06-18,2026-W25,provincial,UNO ENTRE RÍOS,Entre Ríos,Centro,Entre rios,https://www.unoentrerios.com.ar,Muerte de un expolicía en Concordia: explicaron cómo sustrajo un arma de la Comisaría
2026-06-18,2026-W25,provincial,UNO ENTRE RÍOS,Entre Ríos,Centro,Entre rios,https://www.unoentrerios.com.ar,Armas no registradas: nueva ley permite blanqueo en Anmac
2026-06-18,2026-W25,provincial,UNO ENTRE RÍOS,Entre Ríos,Centro,Entre rios,https://www.unoentrerios.com.ar,Alimentación y cáncer: por qué aumentan los casos en mascotas
2026-06-18,2026-W25,provincial,UNO ENTRE RÍOS,Entre Ríos,Centro,Entre rios,https://www.unoentrerios.com.ar,Feria solidaria: No Más TAS invita a colaborar con el rescate y protección de caballos
2026-06-18,2026-W25,provincial,UNO ENTRE RÍOS,Entre Ríos,Centro,Entre rios,https://www.unoentrerios.com.ar,"Conicet: hallan rata vizcacha de Traslasierra, deconocida en el mundo"
2026-06-18,2026-W25,provincial,UNO ENTRE RÍOS,Entre Ríos,Centro,Entre rios,https://www.unoentrerios.com.ar,Entre Ríos: el SMN emitió una alerta por tormentas para varios departamentos
2026-06-18,2026-W25,provincial,UNO ENTRE RÍOS,Entre Ríos,Centro,Entre rios,https://www.unoentrerios.com.ar,Magistrados y contadores propusieron cambios al proyecto de reforma previsional
2026-06-18,2026-W25,provincial,UNO ENTRE RÍOS,Entre Ríos,Centro,Entre rios,https://www.unoentrerios.com.ar,Conmoción en Paraná por un grave caso de acoso callejero a una menor en inmediaciones del Parque Gazzano
2026-06-18,2026-W25,provincial,UNO ENTRE RÍOS,Entre Ríos,Centro,Entre rios,https://www.unoentrerios.com.ar,Grave lesión sufrió un menor tras un choque en la ex Ruta Nacional 18
2026-06-18,2026-W25,provincial,UNO ENTRE RÍOS,Entre Ríos,Centro,Entre rios,https://www.unoentrerios.com.ar,"Profundo pesar por la muerte de Dominga Ayala de Almada, la histórica ""Madre Costera"" entrerriana"
2026-06-18,2026-W25,provincial,UNO ENTRE RÍOS,Entre Ríos,Centro,Entre rios,https://www.unoentrerios.com.ar,Rosario: dieron detalles sobre la cápsula radioactiva desaparecida
2026-06-18,2026-W25,provincial,UNO ENTRE RÍOS,Entre Ríos,Centro,Entre rios,https://www.unoentrerios.com.ar,Agredieron al intendente de Pueblo Brugo
2026-06-18,2026-W25,provincial,UNO ENTRE RÍOS,Entre Ríos,Centro,Entre rios,https://www.unoentrerios.com.ar,Ruta 14: violento choque entre un camión y una máquina vial
2026-06-18,2026-W25,provincial,UNO ENTRE RÍOS,Entre Ríos,Centro,Entre rios,https://www.unoentrerios.com.ar,Violento episodio en Domínguez: investigan agresión a un hombre en un establecimiento de salud
2026-06-18,2026-W25,provincial,UNO ENTRE RÍOS,Entre Ríos,Centro,Entre rios,https://www.unoentrerios.com.ar,Allanaron un campo en Concordia por trata laboral
2026-06-18,2026-W25,provincial,UNO ENTRE RÍOS,Entre Ríos,Centro,Entre rios,https://www.unoentrerios.com.ar,Prisión preventiva y embargo millonario para un narco atrapado en Feliciano
2026-06-18,2026-W25,provincial,UNO ENTRE RÍOS,Entre Ríos,Centro,Entre rios,https://www.unoentrerios.com.ar,Barrios náuticos bajo investigación: la justicia limita la participación de un denunciante ambiental
2026-06-18,2026-W25,provincial,UNO ENTRE RÍOS,Entre Ríos,Centro,Entre rios,https://www.unoentrerios.com.ar,Policía falleció al chocar con su moto un caballo
2026-06-18,2026-W25,provincial,UNO ENTRE RÍOS,Entre Ríos,Centro,Entre rios,https://www.unoentrerios.com.ar,Homicidio en Colón: detuvieron a expareja del hombre apuñalado
2026-06-18,2026-W25,provincial,UNO ENTRE RÍOS,Entre Ríos,Centro,Entre rios,https://www.unoentrerios.com.ar,En Concordia secuestraron 19 animales por maltrato
2026-06-18,2026-W25,provincial,UNO ENTRE RÍOS,Entre Ríos,Centro,Entre rios,https://www.unoentrerios.com.ar,Conductor maniobró para evitar a un perro y terminó impactando contra un auto estacionado
2026-06-18,2026-W25,provincial,UNO ENTRE RÍOS,Entre Ríos,Centro,Entre rios,https://www.unoentrerios.com.ar,Colón: un hombre que había sido apuñalado murió mientras lo operaban
2026-06-18,2026-W25,provincial,UNO ENTRE RÍOS,Entre Ríos,Centro,Entre rios,https://www.unoentrerios.com.ar,Fin de semana trágico en Entre Ríos: ya son 69 las víctimas fatales en siniestros viales
2026-06-18,2026-W25,provincial,UNO ENTRE RÍOS,Entre Ríos,Centro,Entre rios,https://www.unoentrerios.com.ar,Ruta 12: grave choque frontal con dos fallecidos
2026-06-18,2026-W25,provincial,UNO ENTRE RÍOS,Entre Ríos,Centro,Entre rios,https://www.unoentrerios.com.ar,Entre Ríos: cerraron 437 empresas en el último año
2026-06-18,2026-W25,provincial,UNO ENTRE RÍOS,Entre Ríos,Centro,Entre rios,https://www.unoentrerios.com.ar,Canasta de crianza: el costo de mantener a un hijo es de $665.950 en mayo
2026-06-18,2026-W25,provincial,UNO ENTRE RÍOS,Entre Ríos,Centro,Entre rios,https://www.unoentrerios.com.ar,ARCA pone la lupa sobre el Monotributo: los errores que pueden costar una recategorización o exclusión
2026-06-18,2026-W25,provincial,UNO ENTRE RÍOS,Entre Ríos,Centro,Entre rios,https://www.unoentrerios.com.ar,Sancor: consorcio de acreedores intenta detener remate forzoso de las plantas lácteas
2026-06-18,2026-W25,provincial,UNO ENTRE RÍOS,Entre Ríos,Centro,Entre rios,https://www.unoentrerios.com.ar,El Banco Mundial aprobó un paquete de financiamiento para Argentina
2026-06-18,2026-W25,provincial,UNO ENTRE RÍOS,Entre Ríos,Centro,Entre rios,https://www.unoentrerios.com.ar,Caída de las ventas: comercios de Paraná esperan un alivio por el Día del Padre
2026-06-18,2026-W25,provincial,UNO ENTRE RÍOS,Entre Ríos,Centro,Entre rios,https://www.unoentrerios.com.ar,Mundial 2026: México y Corea del Sur van por la clasificación a los 16avos de final
2026-06-18,2026-W25,provincial,UNO ENTRE RÍOS,Entre Ríos,Centro,Entre rios,https://www.unoentrerios.com.ar,Mundial 2026: Scaloni recupera a Tagliafico para el encuentro ante Austria
2026-06-18,2026-W25,provincial,UNO ENTRE RÍOS,Entre Ríos,Centro,Entre rios,https://www.unoentrerios.com.ar,Canadá y Qatar buscan por su primer triunfo en el Mundial 2026
2026-06-18,2026-W25,provincial,UNO ENTRE RÍOS,Entre Ríos,Centro,Entre rios,https://www.unoentrerios.com.ar,Colombia venció a Uzbekistán y debutó con el pie derecho en el Mundial 2026
2026-06-18,2026-W25,provincial,UNO ENTRE RÍOS,Entre Ríos,Centro,Entre rios,https://www.unoentrerios.com.ar,Ghana derrotó agónicamente a Panamá
2026-06-18,2026-W25,provincial,UNO ENTRE RÍOS,Entre Ríos,Centro,Entre rios,https://www.unoentrerios.com.ar,Inglaterra se impuso con autoridad en un partidazo ante Croacia
2026-06-18,2026-W25,provincial,UNO ENTRE RÍOS,Entre Ríos,Centro,Entre rios,https://www.unoentrerios.com.ar,Messi ya tiene su homenaje en Victoria: inauguraron una figura caricaturesca en la Costanera
2026-06-18,2026-W25,provincial,UNO ENTRE RÍOS,Entre Ríos,Centro,Entre rios,https://www.unoentrerios.com.ar,"Austria, el próximo desafío de Argentina: intensidad, presión alta y un estilo sin pausas"
2026-06-18,2026-W25,provincial,UNO ENTRE RÍOS,Entre Ríos,Centro,Entre rios,https://www.unoentrerios.com.ar,Liga Federal: Quique y Sionista inician su serie de cuartos de final
2026-06-18,2026-W25,provincial,UNO ENTRE RÍOS,Entre Ríos,Centro,Entre rios,https://www.unoentrerios.com.ar,APB: Talleres y Olimpia avanzaron a semifinales
2026-06-18,2026-W25,provincial,UNO ENTRE RÍOS,Entre Ríos,Centro,Entre rios,https://www.unoentrerios.com.ar,Cavani se va de Boca: rescindirá su contrato
2026-06-18,2026-W25,provincial,UNO ENTRE RÍOS,Entre Ríos,Centro,Entre rios,https://www.unoentrerios.com.ar,Orgullo para Paraná Rowing: Miranda Lescano Doce fue convocada a la Selección Argentina
2026-06-18,2026-W25,provincial,UNO ENTRE RÍOS,Entre Ríos,Centro,Entre rios,https://www.unoentrerios.com.ar,Mauro Arambarri se convirtió en el nuevo fichaje de River Plate y firmó hasta 2028
2026-06-18,2026-W25,provincial,LA CAPITAL,Santa Fe,Centro,Rosario,https://www.lacapital.com.ar,La salud de Jorge Messi: la familia emitió un comunicado para aclarar su situación
2026-06-18,2026-W25,provincial,LA CAPITAL,Santa Fe,Centro,Rosario,https://www.lacapital.com.ar,"La industria santafesina volvió a caer en abril y acumula una baja del 5,2% en 2026"
2026-06-18,2026-W25,provincial,LA CAPITAL,Santa Fe,Centro,Rosario,https://www.lacapital.com.ar,Restauraron el Monumento a Belgrano a poco de que cumpla 100 años
2026-06-18,2026-W25,provincial,LA CAPITAL,Santa Fe,Centro,Rosario,https://www.lacapital.com.ar,"Violencia de género: golpeó a una mujer, secuestró a otra y deberá pagar tres millones de pesos"
2026-06-18,2026-W25,provincial,LA CAPITAL,Santa Fe,Centro,Rosario,https://www.lacapital.com.ar,El Hospital Vilela sufrió un intento de robo de tablets y televisores en oncología
2026-06-18,2026-W25,provincial,LA CAPITAL,Santa Fe,Centro,Rosario,https://www.lacapital.com.ar,La baja natalidad abre una oportunidad histórica para los jardines de infantes en Santa Fe
2026-06-18,2026-W25,provincial,LA CAPITAL,Santa Fe,Centro,Rosario,https://www.lacapital.com.ar,La nueva acería de Sidersa en San Nicolás comenzará a producir a principios de 2028
2026-06-18,2026-W25,provincial,LA CAPITAL,Santa Fe,Centro,Rosario,https://www.lacapital.com.ar,Once alumnos de Catamarca recorren casi 900 kilómetros para hacer su promesa a la bandera
2026-06-18,2026-W25,provincial,LA CAPITAL,Santa Fe,Centro,Rosario,https://www.lacapital.com.ar,Fin de la discusión: Messi superó a Maradona en la noche soñada de Kansas
2026-06-18,2026-W25,provincial,LA CAPITAL,Santa Fe,Centro,Rosario,https://www.lacapital.com.ar,Mundial 2026: Tagliafico sigue recuperándose y Scaloni analiza cambios ante Austria
2026-06-18,2026-W25,provincial,LA CAPITAL,Santa Fe,Centro,Rosario,https://www.lacapital.com.ar,Un árbitro argentino debutará en el Mundial el domingo: controlará el partido entre Bélgica e Irán
2026-06-18,2026-W25,provincial,LA CAPITAL,Santa Fe,Centro,Rosario,https://www.lacapital.com.ar,"La particular confesión de Cuti Romero sobre Messi: ""Quería ganar el prode"""
2026-06-18,2026-W25,provincial,LA CAPITAL,Santa Fe,Centro,Rosario,https://www.lacapital.com.ar,"Qué significa el número ""1893"" que aparece en la camiseta de la selección argentina"
2026-06-18,2026-W25,provincial,LA CAPITAL,Santa Fe,Centro,Rosario,https://www.lacapital.com.ar,"El curioso dispositivo tipo ""Fórmula 1"" que usó la selección argentina en sus entrenamientos"
2026-06-18,2026-W25,provincial,LA CAPITAL,Santa Fe,Centro,Rosario,https://www.lacapital.com.ar,"Pochettino no escatimó elogios sobre Messi y dijo que ""Argentina es favorita"""
2026-06-18,2026-W25,provincial,LA CAPITAL,Santa Fe,Centro,Rosario,https://www.lacapital.com.ar,Mundial 2026: por qué tantos futbolistas usan botines rosas y Messi se pone otros
2026-06-18,2026-W25,provincial,LA CAPITAL,Santa Fe,Centro,Rosario,https://www.lacapital.com.ar,"En la práctica de Argentina hubo rostros de alegría, con los cañones apuntados a Austria"
2026-06-18,2026-W25,provincial,LA CAPITAL,Santa Fe,Centro,Rosario,https://www.lacapital.com.ar,"El mundo a los pies de Lionel Messi, el rey del fútbol, una leyenda sin límites con goles y récords"
2026-06-18,2026-W25,provincial,LA CAPITAL,Santa Fe,Centro,Rosario,https://www.lacapital.com.ar,Cristiano Ronaldo lleva 10 partidos sin marcar goles para Portugal: qué dijo después del empate ante Congo
2026-06-18,2026-W25,provincial,LA CAPITAL,Santa Fe,Centro,Rosario,https://www.lacapital.com.ar,El mensaje de Lionel Messi cuando le preguntaron si se animaría a jugar el Mundial 2030
2026-06-18,2026-W25,provincial,LA CAPITAL,Santa Fe,Centro,Rosario,https://www.lacapital.com.ar,Prófugo con pozo: lo buscaban por un crimen y tenía un particular escondite en su pieza
2026-06-18,2026-W25,provincial,LA CAPITAL,Santa Fe,Centro,Rosario,https://www.lacapital.com.ar,Rata vizcacha de Traslasierra: descubren en Argentina un nuevo animal desconocido en el mundo
2026-06-18,2026-W25,provincial,LA CAPITAL,Santa Fe,Centro,Rosario,https://www.lacapital.com.ar,Jornada gris en Rosario: hasta cuándo llueve y cómo seguirá el tiempo
2026-06-18,2026-W25,provincial,LA CAPITAL,Santa Fe,Centro,Rosario,https://www.lacapital.com.ar,Las idas y vueltas entre Milei y Villarruel: del batacazo a la paranoia del poder
2026-06-18,2026-W25,provincial,LA CAPITAL,Santa Fe,Centro,Rosario,https://www.lacapital.com.ar,"Villarruel confirmó su visita el Día de la Bandera: ""El sábado estaré en Rosario"""
2026-06-18,2026-W25,provincial,LA CAPITAL,Santa Fe,Centro,Rosario,https://www.lacapital.com.ar,La identidad como tendencia: por qué Argentina volvió a estar de moda
2026-06-18,2026-W25,provincial,LA CAPITAL,Santa Fe,Centro,Rosario,https://www.lacapital.com.ar,Un crimen ruidoso y un plan que no frena
2026-06-18,2026-W25,provincial,LA CAPITAL,Santa Fe,Centro,Rosario,https://www.lacapital.com.ar,Pullaro va a la Corte Suprema por el conflicto previsional con el máximo tribunal local
2026-06-18,2026-W25,provincial,LA CAPITAL,Santa Fe,Centro,Rosario,https://www.lacapital.com.ar,"Alfredo Pesado Castro: ""La clave de una empresa es estar sólidos, saber dónde estás parado y tener resto"""
2026-06-18,2026-W25,provincial,LA CAPITAL,Santa Fe,Centro,Rosario,https://www.lacapital.com.ar,Bicho histórico: Campaz metió el primer gol de un jugador de Central en un Mundial
2026-06-18,2026-W25,provincial,LA CAPITAL,Santa Fe,Centro,Rosario,https://www.lacapital.com.ar,"Newell's: a 121 años, una placa en homenaje al triunfo en el primer clásico"
2026-06-18,2026-W25,provincial,LA CAPITAL,Santa Fe,Centro,Rosario,https://www.lacapital.com.ar,Reserva: Central sufrió una dura derrota en la última ficha que tenía a mano para la clasificación
2026-06-18,2026-W25,provincial,LA CAPITAL,Santa Fe,Centro,Rosario,https://www.lacapital.com.ar,El particular homenaje a Messi de un tenista argentino después de ganar en Londres
2026-06-18,2026-W25,provincial,LA CAPITAL,Santa Fe,Centro,Rosario,https://www.lacapital.com.ar,Los clubes de la Primera C salen a jugar el domingo en la Copa Santa Fe
2026-06-18,2026-W25,provincial,LA CAPITAL,Santa Fe,Centro,Rosario,https://www.lacapital.com.ar,"Una familia rosarina necesitó más de $1,5 millones en mayo para no ser pobre"
2026-06-18,2026-W25,provincial,LA CAPITAL,Santa Fe,Centro,Rosario,https://www.lacapital.com.ar,"Goles, propinas y bonos: cómo vivieron los cadetes rosarinos el debut de Argentina"
2026-06-18,2026-W25,provincial,LA CAPITAL,Santa Fe,Centro,Rosario,https://www.lacapital.com.ar,El Concejo debate la simplificación de tasas municipales
2026-06-18,2026-W25,provincial,LA CAPITAL,Santa Fe,Centro,Rosario,https://www.lacapital.com.ar,Unidos mira el modelo de la Constituyente para discutir la nueva ley electoral
2026-06-18,2026-W25,provincial,LA CAPITAL,Santa Fe,Centro,Rosario,https://www.lacapital.com.ar,Preventiva para el portero del jardín de Empalme Graneros por abuso
2026-06-18,2026-W25,provincial,LA CAPITAL,Santa Fe,Centro,Rosario,https://www.lacapital.com.ar,"Con todo vacante, el Quini 6 tuvo muchos ganadores en el Siempre Sale"
2026-06-18,2026-W25,provincial,LA CAPITAL,Santa Fe,Centro,Rosario,https://www.lacapital.com.ar,El tiempo en Rosario: jueves con algunas probabilidades de lluvias aisladas
2026-06-18,2026-W25,provincial,LA CAPITAL,Santa Fe,Centro,Rosario,https://www.lacapital.com.ar,El oficialismo consiguió postergar la sesión en el Senado contra Adorni
2026-06-18,2026-W25,provincial,LA CAPITAL,Santa Fe,Centro,Rosario,https://www.lacapital.com.ar,"La larga sombra de Adorni y el cara a cara entre Javkin, Pullaro y Milei"
2026-06-18,2026-W25,provincial,LA CAPITAL,Santa Fe,Centro,Rosario,https://www.lacapital.com.ar,"Sin reproches ni leña al fuego, Pullaro espera a Milei en el Monumento"
2026-06-18,2026-W25,provincial,LA CAPITAL,Santa Fe,Centro,Rosario,https://www.lacapital.com.ar,Un llamativo olor inunda parte de Rosario y la respuesta se esconde en un árbol
2026-06-18,2026-W25,provincial,LA CAPITAL,Santa Fe,Centro,Rosario,https://www.lacapital.com.ar,"La cápsula radiactiva desaparecida en Rosario tiene ""bajo riesgo biológico"""
2026-06-18,2026-W25,provincial,LA CAPITAL,Santa Fe,Centro,Rosario,https://www.lacapital.com.ar,Rosario espera a Milei el 20 de Junio y la Casa Rosada excluyó a Villarruel
2026-06-18,2026-W25,provincial,LA CAPITAL,Santa Fe,Centro,Rosario,https://www.lacapital.com.ar,"Monumento, remodelado: ""Usamos tecnología única para preservar piedra"""
2026-06-18,2026-W25,provincial,LA CAPITAL,Santa Fe,Centro,Rosario,https://www.lacapital.com.ar,Estudiantes de medicina relevarán a las personas en situación de calle
2026-06-18,2026-W25,provincial,LA CAPITAL,Santa Fe,Centro,Rosario,https://www.lacapital.com.ar,"""Yo soy policía y hago lo que quiero"": diez agentes presos por prender fuego a detenido"
2026-06-18,2026-W25,provincial,AIRE DIGITAL,Santa Fe,Centro,Santa Fe,https://www.airedesantafe.com.ar,Imputaron y liberaron al preceptor investigado por un abuso sexual en la escuela Lourdes de Santa Fe
2026-06-18,2026-W25,provincial,AIRE DIGITAL,Santa Fe,Centro,Santa Fe,https://www.airedesantafe.com.ar,La familia de Messi aclaró cuál es el estado de salud del padre del futbolista
2026-06-18,2026-W25,provincial,AIRE DIGITAL,Santa Fe,Centro,Santa Fe,https://www.airedesantafe.com.ar,"La Selección vuelve a entrenar: desde las 20, práctica abierta y cobertura de AIRE en Kansas"
2026-06-18,2026-W25,provincial,AIRE DIGITAL,Santa Fe,Centro,Santa Fe,https://www.airedesantafe.com.ar,Últimas Noticias
2026-06-18,2026-W25,provincial,AIRE DIGITAL,Santa Fe,Centro,Santa Fe,https://www.airedesantafe.com.ar,Ataque con drones en Moscú: Ucrania bombardeó refinerías y paralizó los aeropuertos rusos
2026-06-18,2026-W25,provincial,AIRE DIGITAL,Santa Fe,Centro,Santa Fe,https://www.airedesantafe.com.ar,¿Qué se sabe sobre la salud del papá de Lionel Messi?: minuto a minuto
2026-06-18,2026-W25,provincial,AIRE DIGITAL,Santa Fe,Centro,Santa Fe,https://www.airedesantafe.com.ar,Villarruel desafía el desplante de Milei y viajará a Rosario por el Día de la Bandera
2026-06-18,2026-W25,provincial,AIRE DIGITAL,Santa Fe,Centro,Santa Fe,https://www.airedesantafe.com.ar,"Bonadeo y el debut de Argentina en el Mundial: ""Me pareció estar viendo el octavo partido de Qatar 2022"""
2026-06-18,2026-W25,provincial,AIRE DIGITAL,Santa Fe,Centro,Santa Fe,https://www.airedesantafe.com.ar,Choferes de colectivos en Santa Fe se declararon en estado de alerta y anticipan medidas gremiales
2026-06-18,2026-W25,provincial,AIRE DIGITAL,Santa Fe,Centro,Santa Fe,https://www.airedesantafe.com.ar,Prisión preventiva para el abogado y dirigente político detenido en la zona del Puerto
2026-06-18,2026-W25,provincial,AIRE DIGITAL,Santa Fe,Centro,Santa Fe,https://www.airedesantafe.com.ar,Absolvieron a dos hombres por el crimen de un changarín ocurrido en una ciclovía del barrio General Alvear
2026-06-18,2026-W25,provincial,AIRE DIGITAL,Santa Fe,Centro,Santa Fe,https://www.airedesantafe.com.ar,Menos impuestos para las fintech: qué cambió y quiénes acceden a las nuevas exenciones
2026-06-18,2026-W25,provincial,AIRE DIGITAL,Santa Fe,Centro,Santa Fe,https://www.airedesantafe.com.ar,Copa mundial 2026
2026-06-18,2026-W25,provincial,AIRE DIGITAL,Santa Fe,Centro,Santa Fe,https://www.airedesantafe.com.ar,Comienza la fecha 2 de la fase de grupos: ¿qué partidos se juegan este jueves?
2026-06-18,2026-W25,provincial,AIRE DIGITAL,Santa Fe,Centro,Santa Fe,https://www.airedesantafe.com.ar,"La mamá de Messi habló en medio del duro momento que atraviesa la familia: ""Estamos muy..."""
2026-06-18,2026-W25,provincial,AIRE DIGITAL,Santa Fe,Centro,Santa Fe,https://www.airedesantafe.com.ar,Del banderazo al éxodo: los hinchas argentinos dejaron Kansas y ya copan la ruta hacia Dallas
2026-06-18,2026-W25,provincial,AIRE DIGITAL,Santa Fe,Centro,Santa Fe,https://www.airedesantafe.com.ar,Colombia le ganó a Uzbekistán y lidera el Grupo K del Mundial
2026-06-18,2026-W25,provincial,AIRE DIGITAL,Santa Fe,Centro,Santa Fe,https://www.airedesantafe.com.ar,Ghana venció a Panamá sobre la hora y lidera el grupo L junto a Inglaterra
2026-06-18,2026-W25,provincial,AIRE DIGITAL,Santa Fe,Centro,Santa Fe,https://www.airedesantafe.com.ar,Inglaterra venció 4-2 a Croacia en un partidazo y arrancó con triunfo en el Mundial 2026
2026-06-18,2026-W25,provincial,AIRE DIGITAL,Santa Fe,Centro,Santa Fe,https://www.airedesantafe.com.ar,Milei habilitó un anticipo financiero millonario para Santa Fe: las claves políticas de la medida
2026-06-18,2026-W25,provincial,AIRE DIGITAL,Santa Fe,Centro,Santa Fe,https://www.airedesantafe.com.ar,"$50 millones, cuatro detenidos, armas y drogas: los detalles de los 22 allanamientos en barrio San Lorenzo"
2026-06-18,2026-W25,provincial,AIRE DIGITAL,Santa Fe,Centro,Santa Fe,https://www.airedesantafe.com.ar,Cómo sigue la mujer policía que fue herida de arma de fuego en Coronda
2026-06-18,2026-W25,provincial,AIRE DIGITAL,Santa Fe,Centro,Santa Fe,https://www.airedesantafe.com.ar,Violento robo en Santa Rosa de Lima: delincuentes destrozaron la puerta y desvalijaron la casa de una pareja ciega
2026-06-18,2026-W25,provincial,AIRE DIGITAL,Santa Fe,Centro,Santa Fe,https://www.airedesantafe.com.ar,"La BiblioBica celebra sus 50 años promoviendo la lectura, la cultura y el encuentro comunitario"
2026-06-18,2026-W25,provincial,AIRE DIGITAL,Santa Fe,Centro,Santa Fe,https://www.airedesantafe.com.ar,Jardines de infantes: estiman que en 2027 habrá vacantes para todos sin construir nuevas salas
2026-06-18,2026-W25,provincial,AIRE DIGITAL,Santa Fe,Centro,Santa Fe,https://www.airedesantafe.com.ar,Plaza Italia en Santa Fe: la Legislatura impulsa un concurso de ideas para su transformación
2026-06-18,2026-W25,provincial,AIRE DIGITAL,Santa Fe,Centro,Santa Fe,https://www.airedesantafe.com.ar,"Concejo Joven y Concejo Mayor, juntos por primera vez en una experiencia que reunió a más de 1.500 personas"
2026-06-18,2026-W25,provincial,AIRE DIGITAL,Santa Fe,Centro,Santa Fe,https://www.airedesantafe.com.ar,Poletti afirmó que ni él ni el resto de sus funcionarios municipales viajarán al Mundial 2026
2026-06-18,2026-W25,provincial,AIRE DIGITAL,Santa Fe,Centro,Santa Fe,https://www.airedesantafe.com.ar,La muerte de Diego Román: el matrimonio condenado estaba convencido de que sus perros no eran peligrosos
2026-06-18,2026-W25,provincial,AIRE DIGITAL,Santa Fe,Centro,Santa Fe,https://www.airedesantafe.com.ar,"Nació en Santa Fe pero alienta por Argentina y Francia: ""Si los dos llegan a la final..."""
2026-06-18,2026-W25,provincial,AIRE DIGITAL,Santa Fe,Centro,Santa Fe,https://www.airedesantafe.com.ar,"La nueva Ley de Salud Mental divide opiniones: ""El problema no es la norma, sino su implementación"""
2026-06-18,2026-W25,provincial,AIRE DIGITAL,Santa Fe,Centro,Santa Fe,https://www.airedesantafe.com.ar,Santa Fe: Lemon Arena abrió sus puertas para mostrar su propuesta como multiespacio para eventos
2026-06-18,2026-W25,provincial,AIRE DIGITAL,Santa Fe,Centro,Santa Fe,https://www.airedesantafe.com.ar,El mensaje de Colón para sus hinchas de cara a la segunda parte del año
2026-06-18,2026-W25,provincial,AIRE DIGITAL,Santa Fe,Centro,Santa Fe,https://www.airedesantafe.com.ar,"Después de ocho años, Claudio Corvalán se despidió de Unión: ""Quería terminar el proceso de la mejor manera"""
2026-06-18,2026-W25,provincial,AIRE DIGITAL,Santa Fe,Centro,Santa Fe,https://www.airedesantafe.com.ar,Policiales y locales
2026-06-18,2026-W25,provincial,AIRE DIGITAL,Santa Fe,Centro,Santa Fe,https://www.airedesantafe.com.ar,"Caso Vaudagna: un proyecto en zona de countries de Santa Fe, una mutual y una empresa para lavar dinero"
2026-06-18,2026-W25,provincial,AIRE DIGITAL,Santa Fe,Centro,Santa Fe,https://www.airedesantafe.com.ar,Ribera Shopping celebra el Día del Padre con imperdibles promociones bancarias y sorpresas comerciales
2026-06-18,2026-W25,provincial,AIRE DIGITAL,Santa Fe,Centro,Santa Fe,https://www.airedesantafe.com.ar,Robo y homicidio en barrio Alfonso: el hermano del ladrón asesinado por un arbolito firmó un juicio abreviado
2026-06-18,2026-W25,provincial,AIRE DIGITAL,Santa Fe,Centro,Santa Fe,https://www.airedesantafe.com.ar,El PJ santafesino vuelve a convocar a su Mesa Política en un intento clave por ordenar la interna
2026-06-18,2026-W25,provincial,AIRE DIGITAL,Santa Fe,Centro,Santa Fe,https://www.airedesantafe.com.ar,La angustia de la familia de las víctimas del doble crimen en el río Coronda tras la liberación de los acusados
2026-06-18,2026-W25,provincial,AIRE DIGITAL,Santa Fe,Centro,Santa Fe,https://www.airedesantafe.com.ar,Paritaria aceitera: siguen sin acuerdo y crece la incertidumbre sobre un nuevo conflicto en los puertos
2026-06-18,2026-W25,provincial,AIRE DIGITAL,Santa Fe,Centro,Santa Fe,https://www.airedesantafe.com.ar,La causa de La Joya Agro quedó archivada y ahora Coscia prepara una demanda contra Riboldi
2026-06-18,2026-W25,provincial,AIRE DIGITAL,Santa Fe,Centro,Santa Fe,https://www.airedesantafe.com.ar,Demoras en la cosecha gruesa en el centro-norte santafesino por exceso de humedad
2026-06-18,2026-W25,provincial,AIRE DIGITAL,Santa Fe,Centro,Santa Fe,https://www.airedesantafe.com.ar,"""Nos están llevando al extremo"": fuerte protesta contra Lácteos Verónica y pedido desesperado de intervención judicial"
2026-06-18,2026-W25,provincial,AIRE DIGITAL,Santa Fe,Centro,Santa Fe,https://www.airedesantafe.com.ar,Carneadas y chacinados caseros: cómo evitar que una tradición de invierno termine en un problema sanitario
2026-06-18,2026-W25,provincial,AIRE DIGITAL,Santa Fe,Centro,Santa Fe,https://www.airedesantafe.com.ar,Mas notas de Agro
2026-06-18,2026-W25,provincial,AIRE DIGITAL,Santa Fe,Centro,Santa Fe,https://www.airedesantafe.com.ar,AIRE en Rosario
2026-06-18,2026-W25,provincial,AIRE DIGITAL,Santa Fe,Centro,Santa Fe,https://www.airedesantafe.com.ar,"Robo de material radiactivo en Rosario: qué es, qué daño produce y cuáles son los riesgos"
2026-06-18,2026-W25,provincial,AIRE DIGITAL,Santa Fe,Centro,Santa Fe,https://www.airedesantafe.com.ar,"Quién es Narigón Vázquez, el fantasma del mundo narco que quedó preso por el crimen de Pillín Bracamonte"
2026-06-18,2026-W25,provincial,AIRE DIGITAL,Santa Fe,Centro,Santa Fe,https://www.airedesantafe.com.ar,"Rosario celebra el Día de la Bandera con Abel Pintos: horarios, recital y propuestas gratuitas"
2026-06-18,2026-W25,provincial,DIARIO UNO,Mendoza,Cuyo,Mendoza,https://www.diariouno.com.ar,"El comunicado oficial de la familia Messi ante los rumores sobre la salud de Jorge, padre del jugador"
2026-06-18,2026-W25,provincial,DIARIO UNO,Mendoza,Cuyo,Mendoza,https://www.diariouno.com.ar,Mundial DE FÚTBOL 2026
2026-06-18,2026-W25,provincial,DIARIO UNO,Mendoza,Cuyo,Mendoza,https://www.diariouno.com.ar,El otro lado de Lionel Messi
2026-06-18,2026-W25,provincial,DIARIO UNO,Mendoza,Cuyo,Mendoza,https://www.diariouno.com.ar,VIDEOS DESTACADOS
2026-06-18,2026-W25,provincial,DIARIO UNO,Mendoza,Cuyo,Mendoza,https://www.diariouno.com.ar,ÚLTIMAS NOTICIAS
2026-06-18,2026-W25,provincial,DIARIO UNO,Mendoza,Cuyo,Mendoza,https://www.diariouno.com.ar,Debate de candidatos en 7D: Gabriel Fidel y Adriana García defendieron la gratuidad universitaria
2026-06-18,2026-W25,provincial,DIARIO UNO,Mendoza,Cuyo,Mendoza,https://www.diariouno.com.ar,Marijuan pidió citar a indagatoria al hermano de Manuel Adorni por su declarción jurada
2026-06-18,2026-W25,provincial,DIARIO UNO,Mendoza,Cuyo,Mendoza,https://www.diariouno.com.ar,La muerte del bebé de 1 año y 9 meses se seguirá investigando como un crimen y su padrastro continuará en la cárcel
2026-06-18,2026-W25,provincial,DIARIO UNO,Mendoza,Cuyo,Mendoza,https://www.diariouno.com.ar,Se confirmó el peor escenario para la ex candidata libertaria y ahora arriesga perpetua por un crimen
2026-06-18,2026-W25,provincial,DIARIO UNO,Mendoza,Cuyo,Mendoza,https://www.diariouno.com.ar,Estados Unidos dio a conocer los 14 puntos del acuerdo de paz con Irán
2026-06-18,2026-W25,provincial,DIARIO UNO,Mendoza,Cuyo,Mendoza,https://www.diariouno.com.ar,Fuera de agenda
2026-06-18,2026-W25,provincial,DIARIO UNO,Mendoza,Cuyo,Mendoza,https://www.diariouno.com.ar,Agenda y Resultados de Partidos
2026-06-18,2026-W25,provincial,DIARIO UNO,Mendoza,Cuyo,Mendoza,https://www.diariouno.com.ar,POLICIALES Y JUDICIALES
2026-06-18,2026-W25,provincial,DIARIO UNO,Mendoza,Cuyo,Mendoza,https://www.diariouno.com.ar,Series y Películas
2026-06-18,2026-W25,provincial,DIARIO UNO,Mendoza,Cuyo,Mendoza,https://www.diariouno.com.ar,Análisis y Opinión
2026-06-18,2026-W25,provincial,DIARIO UNO,Mendoza,Cuyo,Mendoza,https://www.diariouno.com.ar,libros y cultura
2026-06-18,2026-W25,provincial,DIARIO UNO,Mendoza,Cuyo,Mendoza,https://www.diariouno.com.ar,"Juntar figuritas del Mundial y estampillas, dos rituales que conviven en Mendoza"
2026-06-18,2026-W25,provincial,DIARIO UNO,Mendoza,Cuyo,Mendoza,https://www.diariouno.com.ar,Un nuevo libro sobre Tejada Gómez conecta su obra con los artistas del siglo XXI
2026-06-18,2026-W25,provincial,DIARIO UNO,Mendoza,Cuyo,Mendoza,https://www.diariouno.com.ar,"Mendocina descubrió el oficio de zapatera por casualidad, creó su marca y hoy representa al país en Brasil"
2026-06-18,2026-W25,provincial,DIARIO UNO,Mendoza,Cuyo,Mendoza,https://www.diariouno.com.ar,"La conexión de un Spinetta con Mendoza: amor, arte y cruzada solidaria por caballos maltratados"
2026-06-18,2026-W25,provincial,DIARIO UNO,Mendoza,Cuyo,Mendoza,https://www.diariouno.com.ar,El enólogo mendocino que vivió mil vidas y creó la primera bebida alcohólica a base de flores
2026-06-18,2026-W25,provincial,DIARIO UNO,Mendoza,Cuyo,Mendoza,https://www.diariouno.com.ar,El abogado Alejandro Poquet traslada al teatro el juicio a Cristina y lo hace en clave de sátira
2026-06-18,2026-W25,provincial,DIARIO UNO,Mendoza,Cuyo,Mendoza,https://www.diariouno.com.ar,De Mendoza a la Scaloneta: diseñaron botines para los jugadores y quieren dárselos antes del Mundial
2026-06-18,2026-W25,provincial,DIARIO UNO,Mendoza,Cuyo,Mendoza,https://www.diariouno.com.ar,Dos perras custodian el ADN del vino: un viaje al interior del olfato más preciso de la industria
2026-06-18,2026-W25,provincial,DIARIO UNO,Mendoza,Cuyo,Mendoza,https://www.diariouno.com.ar,"La foto sola no alcanza: las claves de la app que usará Mendoza para ""escrachar"" a infractores viales"
2026-06-18,2026-W25,provincial,DIARIO UNO,Mendoza,Cuyo,Mendoza,https://www.diariouno.com.ar,"Mariano Cócolo, del cine de Mendoza a las aulas flotantes de la selva de Perú"
2026-06-18,2026-W25,provincial,DIARIO UNO,Mendoza,Cuyo,Mendoza,https://www.diariouno.com.ar,El fenómeno de El Niño prevé más precipitaciones en Mendoza pero no revierte la crisis hídrica
2026-06-18,2026-W25,provincial,DIARIO UNO,Mendoza,Cuyo,Mendoza,https://www.diariouno.com.ar,Los posibles cambios que piensa Scaloni en la Selección argentina para enfrentar a Austria
2026-06-18,2026-W25,provincial,DIARIO UNO,Mendoza,Cuyo,Mendoza,https://www.diariouno.com.ar,"Jugador del Congo tildó de ""viejo"" a Cristiano Ronaldo y reveló que no prepararon un plan para frenarlo"
2026-06-18,2026-W25,provincial,DIARIO UNO,Mendoza,Cuyo,Mendoza,https://www.diariouno.com.ar,Los partidos de este jueves 18 de junio en el Mundial 2026 con el inicio de la segunda fecha
2026-06-18,2026-W25,provincial,DIARIO UNO,Mendoza,Cuyo,Mendoza,https://www.diariouno.com.ar,"""¿Por qué no la luchaste un poquito más?"": dolorosa despedida al joven que murió tras un accidente de moto"
2026-06-18,2026-W25,provincial,DIARIO UNO,Mendoza,Cuyo,Mendoza,https://www.diariouno.com.ar,"Si hiciste pochoclos y quedaron granos sin explotar no los tires, son un tesoro: para qué sirven"
2026-06-18,2026-W25,provincial,DIARIO UNO,Mendoza,Cuyo,Mendoza,https://www.diariouno.com.ar,El Conicet descubre una nueva especie: es una rata vizcacha con un nombre particular
2026-06-18,2026-W25,provincial,DIARIO UNO,Mendoza,Cuyo,Mendoza,https://www.diariouno.com.ar,Videos: el sátiro de Ezeiza que intentó secuestrar a 4 mujeres en la vía pública
2026-06-18,2026-W25,provincial,DIARIO UNO,Mendoza,Cuyo,Mendoza,https://www.diariouno.com.ar,"Plazo fijo: el rendimiento que paga cada banco y la ""trampa"" que puede hacer que ganes menos"
2026-06-18,2026-W25,provincial,DIARIO UNO,Mendoza,Cuyo,Mendoza,https://www.diariouno.com.ar,"""No te mueras, por favor"": le disparó 7 veces y se puso a rezar por su salud"
2026-06-18,2026-W25,provincial,DIARIO UNO,Mendoza,Cuyo,Mendoza,https://www.diariouno.com.ar,La Justicia admitió el amparo de COVIAR y la habilitó a cobrar aportes para el Plan Vitivinícola
2026-06-18,2026-W25,provincial,DIARIO UNO,Mendoza,Cuyo,Mendoza,https://www.diariouno.com.ar,Donald Trump y el presidente de Irán firmaron el acuerdo que pone fin a la guerra
2026-06-18,2026-W25,provincial,DIARIO UNO,Mendoza,Cuyo,Mendoza,https://www.diariouno.com.ar,Bullrich habló sobre la negativa de Milei de echar a Adorni
2026-06-18,2026-W25,provincial,DIARIO UNO,Mendoza,Cuyo,Mendoza,https://www.diariouno.com.ar,El oficialismo logró postergar la sesión por Adorni pero la oposición unida roza los votos para removerlo
2026-06-18,2026-W25,provincial,DIARIO UNO,Mendoza,Cuyo,Mendoza,https://www.diariouno.com.ar,YPF acordó con Tesla una red de supercargadores para llegar en auto eléctrico de Mendoza a Buenos Aires
2026-06-18,2026-W25,provincial,DIARIO UNO,Mendoza,Cuyo,Mendoza,https://www.diariouno.com.ar,Costarelli apuesta a obras del resarcimiento en medio de la caída de ingresos municipales
2026-06-18,2026-W25,provincial,DIARIO UNO,Mendoza,Cuyo,Mendoza,https://www.diariouno.com.ar,¿Messi un genio en el prode? La particular confesión de un jugador de la Selección argentina sobre el 10
2026-06-18,2026-W25,provincial,DIARIO UNO,Mendoza,Cuyo,Mendoza,https://www.diariouno.com.ar,Godoy Cruz y Anzorena dieron un paso al frente en las semifinales de la Superliga de Básquetbol masculino
2026-06-18,2026-W25,provincial,DIARIO UNO,Mendoza,Cuyo,Mendoza,https://www.diariouno.com.ar,Ni Kempes ni Poy: el hito inédito que logró Rosario Central gracias a Colombia
2026-06-18,2026-W25,provincial,DIARIO UNO,Mendoza,Cuyo,Mendoza,https://www.diariouno.com.ar,"De Rafa para Leo, con amor: la respuesta de Nadal a los elogios de Messi tras el debut en la Copa del Mundo"
2026-06-18,2026-W25,provincial,DIARIO UNO,Mendoza,Cuyo,Mendoza,https://www.diariouno.com.ar,Quiénes son los 18 jugadores de River que iniciaron la pretemporada con el Chacho Coudet
2026-06-18,2026-W25,provincial,DIARIO UNO,Mendoza,Cuyo,Mendoza,https://www.diariouno.com.ar,Boca y Juan Román Riquelme tomaron una decisión con Cavani antes de iniciar la pretemporada
2026-06-18,2026-W25,provincial,DIARIO UNO,Mendoza,Cuyo,Mendoza,https://www.diariouno.com.ar,Día del Padre: Sporting sortea 20 camisetas oficiales de la Selección Argentina
2026-06-18,2026-W25,provincial,DIARIO UNO,Mendoza,Cuyo,Mendoza,https://www.diariouno.com.ar,Desde este jueves los mendocinos pueden denunciar faltas de tránsito con fotos y videos
2026-06-18,2026-W25,provincial,LOS ANDES,Mendoza,Cuyo,Mendoza,https://www.losandes.com.ar,"""Falta de escrúpulos"": el comunicado oficial sobre la salud de Jorge, padre de Lionel Messi"
2026-06-18,2026-W25,provincial,LOS ANDES,Mendoza,Cuyo,Mendoza,https://www.losandes.com.ar,Desvío en el Acceso Este: preocupación por robos de cables y asaltos a automovilistas en plena zona de obra
2026-06-18,2026-W25,provincial,LOS ANDES,Mendoza,Cuyo,Mendoza,https://www.losandes.com.ar,¿Viento Zonda en Mendoza? El extraño fenómeno que causó una repentina suba de temperatura
2026-06-18,2026-W25,provincial,LOS ANDES,Mendoza,Cuyo,Mendoza,https://www.losandes.com.ar,Mercado Pago modificó su prode del Mundial ante la amenaza de denuncia: cuáles son los cambios
2026-06-18,2026-W25,provincial,LOS ANDES,Mendoza,Cuyo,Mendoza,https://www.losandes.com.ar,Colombia le ganó 3-1 a Uzbekistán y tomó el liderazgo del grupo K
2026-06-18,2026-W25,provincial,LOS ANDES,Mendoza,Cuyo,Mendoza,https://www.losandes.com.ar,"En un partidazo repleto de emociones, Inglaterra venció a Croacia por el Mundial 2026"
2026-06-18,2026-W25,provincial,LOS ANDES,Mendoza,Cuyo,Mendoza,https://www.losandes.com.ar,Video: el uzbeko que recibió amarilla y se llevó puesto a un camarógrafo en el partido contra Colombia
2026-06-18,2026-W25,provincial,LOS ANDES,Mendoza,Cuyo,Mendoza,https://www.losandes.com.ar,"Tras el triunfo ante Argelia, la Selección argentina disfrutó de una tarde libre junto a sus familias"
2026-06-18,2026-W25,provincial,LOS ANDES,Mendoza,Cuyo,Mendoza,https://www.losandes.com.ar,Otra sorpresa en el Mundial 2026: Congo se lo empató a Portugal en la apertura del Grupo K del Mundial 2026
2026-06-18,2026-W25,provincial,LOS ANDES,Mendoza,Cuyo,Mendoza,https://www.losandes.com.ar,"El pedido desesperado de una hija para ayudar a su madre, quien no puede trabajar por dolores insoportables"
2026-06-18,2026-W25,provincial,LOS ANDES,Mendoza,Cuyo,Mendoza,https://www.losandes.com.ar,"Video: pidió un viaje por plataforma, le puso cuchillo en el cuello al conductor para robarle y huyó corriendo"
2026-06-18,2026-W25,provincial,LOS ANDES,Mendoza,Cuyo,Mendoza,https://www.losandes.com.ar,Perú confirmó la visita del papa León XIV y crece la expectativa por una gira que incluya a la Argentina
2026-06-18,2026-W25,provincial,LOS ANDES,Mendoza,Cuyo,Mendoza,https://www.losandes.com.ar,El gobierno le bajó el tono al riesgo por el robo de una cápsula radiactiva: qué es el cesio-137 y el caso de Brasil
2026-06-18,2026-W25,provincial,LOS ANDES,Mendoza,Cuyo,Mendoza,https://www.losandes.com.ar,Hallan un ave típica de la Patagonia que hacía más de 10 años no se veía en Mendoza: las impactantes fotos
2026-06-18,2026-W25,provincial,LOS ANDES,Mendoza,Cuyo,Mendoza,https://www.losandes.com.ar,Modo Testigo: cómo funcionará en Mendoza el sistema para reportar infracciones viales por WhatsApp
2026-06-18,2026-W25,provincial,LOS ANDES,Mendoza,Cuyo,Mendoza,https://www.losandes.com.ar,El Gobierno anunció una renovación total de la calle Yrigoyen con obras de agua y cloacas incluidas
2026-06-18,2026-W25,provincial,LOS ANDES,Mendoza,Cuyo,Mendoza,https://www.losandes.com.ar,Ciclo Pilares IA: quiénes son los expertos que disertarán en Health Tech
2026-06-18,2026-W25,provincial,LOS ANDES,Mendoza,Cuyo,Mendoza,https://www.losandes.com.ar,Ciclo Pilares IA: quiénes son los expertos confirmados que disertarán en Agrifood Tech
2026-06-18,2026-W25,provincial,LOS ANDES,Mendoza,Cuyo,Mendoza,https://www.losandes.com.ar,"Fredi Vivas, a fondo: ""La Inteligencia artificial se convirtió en una decisión de negocio"""
2026-06-18,2026-W25,provincial,LOS ANDES,Mendoza,Cuyo,Mendoza,https://www.losandes.com.ar,Ciclo Pilares IA: quiénes son los primeros expertos confirmados que disertarán
2026-06-18,2026-W25,provincial,LOS ANDES,Mendoza,Cuyo,Mendoza,https://www.losandes.com.ar,Vuelos fantasma y tráfico de menores en Chile: 200 niños haitianos ingresaron al país y nadie sabe dónde están
2026-06-18,2026-W25,provincial,LOS ANDES,Mendoza,Cuyo,Mendoza,https://www.losandes.com.ar,Murió la mujer que sufrió graves quemaduras tras la explosión de un celular mientras viajaba en auto
2026-06-18,2026-W25,provincial,LOS ANDES,Mendoza,Cuyo,Mendoza,https://www.losandes.com.ar,Entradas para Maná en River 2026: dónde comprar y precios
2026-06-18,2026-W25,provincial,LOS ANDES,Mendoza,Cuyo,Mendoza,https://www.losandes.com.ar,"La excandidata libertaria, a un paso de ser juzgada por el asesinato de un jubilado de Maipú"
2026-06-18,2026-W25,provincial,LOS ANDES,Mendoza,Cuyo,Mendoza,https://www.losandes.com.ar,Prestación por Desempleo ANSES: quiénes y cuándo cobrarán $363.000 en junio 2026
2026-06-18,2026-W25,provincial,LOS ANDES,Mendoza,Cuyo,Mendoza,https://www.losandes.com.ar,"""Nos ha mentido en la cara"": una encuesta midió el enojo de los argentinos con Adorni y cómo afecta a Milei"
2026-06-18,2026-W25,provincial,LOS ANDES,Mendoza,Cuyo,Mendoza,https://www.losandes.com.ar,Escándalo en Entre Ríos: un concejal golpeó al intendente durante una reunión
2026-06-18,2026-W25,provincial,LOS ANDES,Mendoza,Cuyo,Mendoza,https://www.losandes.com.ar,Se frenan las ventas de inmuebles en Mendoza: de qué depende su reactivación
2026-06-18,2026-W25,provincial,LOS ANDES,Mendoza,Cuyo,Mendoza,https://www.losandes.com.ar,Una brillante conjunción entre la Luna y Venus sorprendió a Mendoza
2026-06-18,2026-W25,provincial,LOS ANDES,Mendoza,Cuyo,Mendoza,https://www.losandes.com.ar,"Fundó un país a los 17 años, creó pasaportes y hoy gobierna una nación que nadie reconoce"
2026-06-18,2026-W25,provincial,LOS ANDES,Mendoza,Cuyo,Mendoza,https://www.losandes.com.ar,Descargá aquí la edición impresa
2026-06-18,2026-W25,provincial,LOS ANDES,Mendoza,Cuyo,Mendoza,https://www.losandes.com.ar,"Tal como quería Tapia, la Justicia avaló el traslado de la AFA a PBA y anuló la designación de veedores"
2026-06-18,2026-W25,provincial,LOS ANDES,Mendoza,Cuyo,Mendoza,https://www.losandes.com.ar,Premio al esfuerzo: Antonio Guerrero firmó en Godoy Cruz su primer contrato profesional
2026-06-18,2026-W25,provincial,LOS ANDES,Mendoza,Cuyo,Mendoza,https://www.losandes.com.ar,"River Plate aseguró un refuerzo internacional, mientras se juega el Mundial 2026"
2026-06-18,2026-W25,provincial,LOS ANDES,Mendoza,Cuyo,Mendoza,https://www.losandes.com.ar,"Mundial 2026: tres goles, ovación y una pregunta sobre Messi"
2026-06-18,2026-W25,provincial,LOS ANDES,Mendoza,Cuyo,Mendoza,https://www.losandes.com.ar,"""Te quiero mucho"": la confesión de Scaloni a Messi que recorre el mundo tras el triunfo en Kansas"
2026-06-18,2026-W25,provincial,LOS ANDES,Mendoza,Cuyo,Mendoza,https://www.losandes.com.ar,Litio en Mendoza: Diputados analiza el proyecto de exploración minera Don Luis
2026-06-18,2026-W25,provincial,LOS ANDES,Mendoza,Cuyo,Mendoza,https://www.losandes.com.ar,Vicuña obtiene el RIGI y despeja un paso clave para la decisión final de inversión
2026-06-18,2026-W25,provincial,LOS ANDES,Mendoza,Cuyo,Mendoza,https://www.losandes.com.ar,Lanzan una nueva capacitación sobre minería en Mendoza abierta a docentes y profesionales
2026-06-18,2026-W25,provincial,LOS ANDES,Mendoza,Cuyo,Mendoza,https://www.losandes.com.ar,"Proveedores mendocinos se preparan para competir en minería y energía, y apuntan a sumar 100 empresas"
2026-06-18,2026-W25,provincial,LOS ANDES,Mendoza,Cuyo,Mendoza,https://www.losandes.com.ar,"El costo de la construcción registró una suba de 2,7% en mayo, según el Indec"
2026-06-18,2026-W25,provincial,LOS ANDES,Mendoza,Cuyo,Mendoza,https://www.losandes.com.ar,Pabellón DR: profundidad visual y conexión natural
2026-06-18,2026-W25,provincial,LOS ANDES,Mendoza,Cuyo,Mendoza,https://www.losandes.com.ar,Desarrollo inmobiliario: Chacras de Coria suma un nuevo espacio comercial con propuesta gastronómica y de encuentro
2026-06-18,2026-W25,provincial,LOS ANDES,Mendoza,Cuyo,Mendoza,https://www.losandes.com.ar,Repensar el espacio de trabajo: una propuesta mendocina que apuesta a la identidad y la calidez
2026-06-18,2026-W25,provincial,LOS ANDES,Mendoza,Cuyo,Mendoza,https://www.losandes.com.ar,Tokenización en Argentina: por qué 77% de los jóvenes busca invertir en activos reales digitales
2026-06-18,2026-W25,provincial,LOS ANDES,Mendoza,Cuyo,Mendoza,https://www.losandes.com.ar,Trabajo en la era de los agentes de IA: qué es el perfil T-shaped que buscan ahora las empresas
2026-06-18,2026-W25,provincial,LOS ANDES,Mendoza,Cuyo,Mendoza,https://www.losandes.com.ar,Transformación digital en Mendoza: más de 100 comerciantes se capacitaron en Luján de Cuyo
2026-06-18,2026-W25,provincial,LOS ANDES,Mendoza,Cuyo,Mendoza,https://www.losandes.com.ar,"La Inteligencia Artificial domina la agenda de la ciberseguridad: advierten sobre una ""crisis de autenticidad"""
2026-06-18,2026-W25,provincial,LOS ANDES,Mendoza,Cuyo,Mendoza,https://www.losandes.com.ar,El cáncer que ya anticipan que aumentará 50% en 20 años en Argentina: ¿por qué avanza en silencio?
2026-06-18,2026-W25,provincial,LOS ANDES,Mendoza,Cuyo,Mendoza,https://www.losandes.com.ar,Lácteos enteros: el descubrimiento que desafía el mito de su riesgo cardiovascular
2026-06-18,2026-W25,provincial,MDZ ONLINE,Mendoza,Cuyo,Mendoza,https://www.mdzol.com,Manuel Adorni y sus ganancias con Bitcoin: cómo avanza en la Justicia la investigación de sus criptomonedas
2026-06-18,2026-W25,provincial,MDZ ONLINE,Mendoza,Cuyo,Mendoza,https://www.mdzol.com,Causa Vialidad: Casación revisará las condiciones de la prisión domiciliaria de Cristina
2026-06-18,2026-W25,provincial,MDZ ONLINE,Mendoza,Cuyo,Mendoza,https://www.mdzol.com,Cómo está la salud de Jorge Messi: una dura enfermedad mantiene en vilo a la familia de Lionel
2026-06-18,2026-W25,provincial,MDZ ONLINE,Mendoza,Cuyo,Mendoza,https://www.mdzol.com,Silencio y la estrategia del abogado: Osvaldo Fassetta se negó a declarar en el caso Agostina Vega
2026-06-18,2026-W25,provincial,MDZ ONLINE,Mendoza,Cuyo,Mendoza,https://www.mdzol.com,República Checa se dejó estar y Sudáfrica rescató un empate 1-1 que deja a ambos expectantes
2026-06-18,2026-W25,provincial,MDZ ONLINE,Mendoza,Cuyo,Mendoza,https://www.mdzol.com,"Causa AFA: Toviggino fracasó nuevamente en su intento de apartar al juez que lo procesó junto a ""Chiqui"" Tapia"
2026-06-18,2026-W25,provincial,MDZ ONLINE,Mendoza,Cuyo,Mendoza,https://www.mdzol.com,"Comunicado de la familia Messi: ""Pedimos responsabilidad, prudencia y humanidad"""
2026-06-18,2026-W25,provincial,MDZ ONLINE,Mendoza,Cuyo,Mendoza,https://www.mdzol.com,Últimas Noticias
2026-06-18,2026-W25,provincial,MDZ ONLINE,Mendoza,Cuyo,Mendoza,https://www.mdzol.com,El pedido de disculpas de Nico Occhiato tras un grave error de Flor Peña
2026-06-18,2026-W25,provincial,MDZ ONLINE,Mendoza,Cuyo,Mendoza,https://www.mdzol.com,La planta que florece cada temporada en la misma maceta y llena de color el jardín
2026-06-18,2026-W25,provincial,MDZ ONLINE,Mendoza,Cuyo,Mendoza,https://www.mdzol.com,Tarjeta SUBE y CUD: cómo activar el viaje gratis sin mostrar el certificado
2026-06-18,2026-W25,provincial,MDZ ONLINE,Mendoza,Cuyo,Mendoza,https://www.mdzol.com,PAMI: cómo afiliarse si sos recién jubilado para tener cobertura médica
2026-06-18,2026-W25,provincial,MDZ ONLINE,Mendoza,Cuyo,Mendoza,https://www.mdzol.com,Ángel de Brito reveló el chat privado que mantuvo con Lionel Messi
2026-06-18,2026-W25,provincial,MDZ ONLINE,Mendoza,Cuyo,Mendoza,https://www.mdzol.com,ARCA intimó al contratista que refaccionó la casa de Manuel Adorni en el country
2026-06-18,2026-W25,provincial,MDZ ONLINE,Mendoza,Cuyo,Mendoza,https://www.mdzol.com,"Los túneles que conectan candidatos, pretensiones y una tensión que crece aceleradamente"
2026-06-18,2026-W25,provincial,MDZ ONLINE,Mendoza,Cuyo,Mendoza,https://www.mdzol.com,"Juicio por la muerte de Maradona: declaran personas que acompañaron al ""Diez"" en sus últimos días"
2026-06-18,2026-W25,provincial,MDZ ONLINE,Mendoza,Cuyo,Mendoza,https://www.mdzol.com,"Para combatir el calor de Kansas, la Selección argentina sorprendió con una revolucionaria vestimenta"
2026-06-18,2026-W25,provincial,MDZ ONLINE,Mendoza,Cuyo,Mendoza,https://www.mdzol.com,No se vio en TV: el gesto de Messi con una figura de Argelia que se volvió viral
2026-06-18,2026-W25,provincial,MDZ ONLINE,Mendoza,Cuyo,Mendoza,https://www.mdzol.com,El picante comentario de Gallardo sobre una decisión de Scaloni en la Selección argentina
2026-06-18,2026-W25,provincial,MDZ ONLINE,Mendoza,Cuyo,Mendoza,https://www.mdzol.com,Mario Kempes reveló que los jugadores de la Selección argentina no le hablan: el motivo
2026-06-18,2026-W25,provincial,MDZ ONLINE,Mendoza,Cuyo,Mendoza,https://www.mdzol.com,Ojo con la mufa: la Maldición de Rocky que atormenta a dos grandes candidatos del Mundial 2026
2026-06-18,2026-W25,provincial,MDZ ONLINE,Mendoza,Cuyo,Mendoza,https://www.mdzol.com,"La oposición rechaza el informe de gestión de Adorni y no prevé enviar preguntas: ""Es un mentiroso"""
2026-06-18,2026-W25,provincial,MDZ ONLINE,Mendoza,Cuyo,Mendoza,https://www.mdzol.com,"""Viene en noviembre"": el Gobierno ratifica que el Papa León XIV visitará Argentina"
2026-06-18,2026-W25,provincial,MDZ ONLINE,Mendoza,Cuyo,Mendoza,https://www.mdzol.com,Piden indagar al hermano de Manuel Adorni por presuntas irregularidades en sus DD.JJ.
2026-06-18,2026-W25,provincial,MDZ ONLINE,Mendoza,Cuyo,Mendoza,https://www.mdzol.com,La Justicia avaló el cambio del domicilio de la AFA a la provincia de Buenos Aires
2026-06-18,2026-W25,provincial,MDZ ONLINE,Mendoza,Cuyo,Mendoza,https://www.mdzol.com,"Bombazo: por pedido de Mourinho, el Real Madrid va por Enzo Fernández y prepara una oferta millonaria"
2026-06-18,2026-W25,provincial,MDZ ONLINE,Mendoza,Cuyo,Mendoza,https://www.mdzol.com,"Wall Street: los ADRs operan mixtos, los bonos en verde y el riesgo país sigue arriba de los 430 puntos"
2026-06-18,2026-W25,provincial,MDZ ONLINE,Mendoza,Cuyo,Mendoza,https://www.mdzol.com,"Quién es ""El Cirujano"", la pieza clave que la Justicia investiga por el caso de Agostina Vega"
2026-06-18,2026-W25,provincial,MDZ ONLINE,Mendoza,Cuyo,Mendoza,https://www.mdzol.com,"En la previa a la reunión en Suiza, el precio del petróleo se acerca a niveles previos a la guerra y hay poco movimiento en Ormuz"
2026-06-18,2026-W25,provincial,MDZ ONLINE,Mendoza,Cuyo,Mendoza,https://www.mdzol.com,Mario Pergolini apuntó contra Lali Espósito en vivo y la dejó expuesta ante todos
2026-06-18,2026-W25,provincial,MDZ ONLINE,Mendoza,Cuyo,Mendoza,https://www.mdzol.com,"""No es funcionario de Javier, es de Karina"": la frase que define el futuro de Adorni y destapa una interna entre hermanos"
2026-06-18,2026-W25,provincial,MDZ ONLINE,Mendoza,Cuyo,Mendoza,https://www.mdzol.com,"Aprueban la fusión entre Telecom y Telefónica, pero obligan a Clarín a desprenderse de millones de clientes"
2026-06-18,2026-W25,provincial,MDZ ONLINE,Mendoza,Cuyo,Mendoza,https://www.mdzol.com,"La ""agenda de la crisis"" de Manuel Adorni mientras camina por la cuerda floja"
2026-06-18,2026-W25,provincial,MDZ ONLINE,Mendoza,Cuyo,Mendoza,https://www.mdzol.com,No quieren a Adorni en Rosario: el PRO le exige a Milei que el jefe de Gabinete no viaje
2026-06-18,2026-W25,provincial,MDZ ONLINE,Mendoza,Cuyo,Mendoza,https://www.mdzol.com,Presente en el último acto de Adorni: Villarruel confirmó su visita a Rosario para el Día de la Bandera
2026-06-18,2026-W25,provincial,MDZ ONLINE,Mendoza,Cuyo,Mendoza,https://www.mdzol.com,El motivo por el que Benjamín Netanyahu cuestionó duramente a Donald Trump
2026-06-18,2026-W25,provincial,MDZ ONLINE,Mendoza,Cuyo,Mendoza,https://www.mdzol.com,El terrible accidente que sufrió un diseñador de alta costura: de quién se trata
2026-06-18,2026-W25,provincial,MDZ ONLINE,Mendoza,Cuyo,Mendoza,https://www.mdzol.com,Los tres mejores teléfonos Honor de gama media disponibles en Argentina
2026-06-18,2026-W25,provincial,MDZ ONLINE,Mendoza,Cuyo,Mendoza,https://www.mdzol.com,Concurso MDZ: más de 7 mil personas ya participan por un Smart TV
2026-06-18,2026-W25,provincial,MDZ ONLINE,Mendoza,Cuyo,Mendoza,https://www.mdzol.com,Estos son los puntos clave del acuerdo alcanzado entre EE.UU. e Irán para poner fin a la guerra
2026-06-18,2026-W25,provincial,MDZ ONLINE,Mendoza,Cuyo,Mendoza,https://www.mdzol.com,El iPhone Fold de Apple demoraría su lanzamiento oficial hasta el próximo año
2026-06-18,2026-W25,provincial,MDZ ONLINE,Mendoza,Cuyo,Mendoza,https://www.mdzol.com,Samsung y Mercado Libre lanzan una oferta especial por el Día del Padre para el Galaxy A37
2026-06-18,2026-W25,provincial,MDZ ONLINE,Mendoza,Cuyo,Mendoza,https://www.mdzol.com,Un famoso deportista se casó en secreto y mostró las postales de la lujosa boda
2026-06-18,2026-W25,provincial,MDZ ONLINE,Mendoza,Cuyo,Mendoza,https://www.mdzol.com,"Maru Botana y las tres estrellas: del Obelisco en el '78 a ser levantada ""a upa"" por la gente en 2022"
2026-06-18,2026-W25,provincial,MDZ ONLINE,Mendoza,Cuyo,Mendoza,https://www.mdzol.com,Se vienen las lluvias en el AMBA: a qué hora se larga y cómo estará el tiempo el fin de semana
2026-06-18,2026-W25,provincial,MDZ ONLINE,Mendoza,Cuyo,Mendoza,https://www.mdzol.com,Paul McCartney: el hombre que no se piensa jubilar porque la pasión no envejece
2026-06-18,2026-W25,provincial,MDZ ONLINE,Mendoza,Cuyo,Mendoza,https://www.mdzol.com,"Feinmann se cruzó con Álvaro Morales, el periodista que criticó duramente a Messi"
2026-06-18,2026-W25,provincial,MDZ ONLINE,Mendoza,Cuyo,Mendoza,https://www.mdzol.com,"Se viene la tradicional ""Fiesta del Sol"" en Carlos Keen"
2026-06-18,2026-W25,provincial,MDZ ONLINE,Mendoza,Cuyo,Mendoza,https://www.mdzol.com,Cáncer de riñón: la enfermedad silenciosa que podría causar más de 4.000 muertes al año en Argentina
2026-06-18,2026-W25,provincial,MDZ ONLINE,Mendoza,Cuyo,Mendoza,https://www.mdzol.com,Roblox presentó la nueva Guía de Padres para prevenir el grooming en la plataforma
2026-06-18,2026-W25,provincial,DIARIO DE CUYO,San Juan,Cuyo,San Juan,https://www.diariodecuyo.com.ar,"Susana Laciar ratificó la ""vocación"" de ir por la reelección en Capital: ""No me queda ninguna duda"""
2026-06-18,2026-W25,provincial,DIARIO DE CUYO,San Juan,Cuyo,San Juan,https://www.diariodecuyo.com.ar,"Tragedia en San Martín: ""¿Una vida por una licencia?"", el pedido de justicia de la familia de Raúl Sánchez"
2026-06-18,2026-W25,provincial,DIARIO DE CUYO,San Juan,Cuyo,San Juan,https://www.diariodecuyo.com.ar,"Oficial: la familia de Lionel Messi confirmó el estado de salud de Jorge, el papá del 10"
2026-06-18,2026-W25,provincial,DIARIO DE CUYO,San Juan,Cuyo,San Juan,https://www.diariodecuyo.com.ar,Servicio Penitenciario Provincial: presos refaccionan la Capilla del Carmen
2026-06-18,2026-W25,provincial,DIARIO DE CUYO,San Juan,Cuyo,San Juan,https://www.diariodecuyo.com.ar,Tragedia con un colectivo de una empresa sanjuanina en Salta: dieron a conocer la identidad del chofer fallecido
2026-06-18,2026-W25,provincial,DIARIO DE CUYO,San Juan,Cuyo,San Juan,https://www.diariodecuyo.com.ar,Santa Lucía vivió una emotiva Promesa de Lealtad a la Bandera con alumnos y personas mayores
2026-06-18,2026-W25,provincial,DIARIO DE CUYO,San Juan,Cuyo,San Juan,https://www.diariodecuyo.com.ar,El porqué de la pausa en contratos locales: Hualilán redefine su perfil productivo tras el ingreso de nuevas autoridades
2026-06-18,2026-W25,provincial,DIARIO DE CUYO,San Juan,Cuyo,San Juan,https://www.diariodecuyo.com.ar,Confirmaron la fecha de pago del medio aguinaldo para los estatales sanjuaninos
2026-06-18,2026-W25,provincial,DIARIO DE CUYO,San Juan,Cuyo,San Juan,https://www.diariodecuyo.com.ar,Perú confirmó la visita del papa León XIV y crecen las expectativas por su llegada a la Argentina
2026-06-18,2026-W25,provincial,DIARIO DE CUYO,San Juan,Cuyo,San Juan,https://www.diariodecuyo.com.ar,Dos sanjuaninos ganaron más de 1 millón de pesos en el Quini 6
2026-06-18,2026-W25,provincial,DIARIO DE CUYO,San Juan,Cuyo,San Juan,https://www.diariodecuyo.com.ar,Pidieron la indagatoria para el hermano de Manuel Adorni por presentar declaraciones juradas falsas
2026-06-18,2026-W25,provincial,DIARIO DE CUYO,San Juan,Cuyo,San Juan,https://www.diariodecuyo.com.ar,Quién es el futbolista asiático que sorprendió en el Mundial 2026 por su pasión por el mate
2026-06-18,2026-W25,provincial,DIARIO DE CUYO,San Juan,Cuyo,San Juan,https://www.diariodecuyo.com.ar,"Último Mundial de Messi: para la mayoría de los sanjuaninos, pesa más ser contemporáneo a la leyenda que la tristeza porque se acaba una era"
2026-06-18,2026-W25,provincial,DIARIO DE CUYO,San Juan,Cuyo,San Juan,https://www.diariodecuyo.com.ar,"Agenda del Mundial 2026: uno por uno, todos los partidos de este jueves 18 de junio"
2026-06-18,2026-W25,provincial,DIARIO DE CUYO,San Juan,Cuyo,San Juan,https://www.diariodecuyo.com.ar,Colombia arrancó con el pie derecho: venció 3-1 a Uzbekistán en su debut mundialista
2026-06-18,2026-W25,provincial,DIARIO DE CUYO,San Juan,Cuyo,San Juan,https://www.diariodecuyo.com.ar,Ghana golpeó sobre el final y venció a Panamá 1-0 en su debut mundialista
2026-06-18,2026-W25,provincial,DIARIO DE CUYO,San Juan,Cuyo,San Juan,https://www.diariodecuyo.com.ar,La renovación de la Difunta Correa disparó las visitas y consolida al paraje como un polo turístico
2026-06-18,2026-W25,provincial,DIARIO DE CUYO,San Juan,Cuyo,San Juan,https://www.diariodecuyo.com.ar,Rivadavia lanza la segunda edición de Cuyanas al Fuego: se busca la mejor asadora de San Juan
2026-06-18,2026-W25,provincial,DIARIO DE CUYO,San Juan,Cuyo,San Juan,https://www.diariodecuyo.com.ar,Vacaciones de invierno en San Juan 2026: cuándo arranca el receso escolar
2026-06-18,2026-W25,provincial,DIARIO DE CUYO,San Juan,Cuyo,San Juan,https://www.diariodecuyo.com.ar,Rawson suma fiscalizadores y pone en marcha Cámara Testigo: de qué se trata
2026-06-18,2026-W25,provincial,DIARIO DE CUYO,San Juan,Cuyo,San Juan,https://www.diariodecuyo.com.ar,"Crucigrama, un clásico que desafía la mente"
2026-06-18,2026-W25,provincial,DIARIO DE CUYO,San Juan,Cuyo,San Juan,https://www.diariodecuyo.com.ar,"Conexia, el juego de palabras que entretiene a millones"
2026-06-18,2026-W25,provincial,DIARIO DE CUYO,San Juan,Cuyo,San Juan,https://www.diariodecuyo.com.ar,Jugá y activá tu mente con Geo-Puzzle
2026-06-18,2026-W25,provincial,DIARIO DE CUYO,San Juan,Cuyo,San Juan,https://www.diariodecuyo.com.ar,"CazaPalabras, toda una prueba para tu memoria"
2026-06-18,2026-W25,provincial,DIARIO DE CUYO,San Juan,Cuyo,San Juan,https://www.diariodecuyo.com.ar,"Se olvidó a su beba en el auto, se fue a trabajar y cuando volvió la encontró muerta"
2026-06-18,2026-W25,provincial,DIARIO DE CUYO,San Juan,Cuyo,San Juan,https://www.diariodecuyo.com.ar,Un colectivo de la empresa sanjuanina 20 de Junio chocó contra un camión: un muerto y varios heridos
2026-06-18,2026-W25,provincial,DIARIO DE CUYO,San Juan,Cuyo,San Juan,https://www.diariodecuyo.com.ar,Jáchal: denunciaron a un joven de intentar prender fuego a su pareja tras una discusión
2026-06-18,2026-W25,provincial,DIARIO DE CUYO,San Juan,Cuyo,San Juan,https://www.diariodecuyo.com.ar,"Amenazó con incendiar una casa, atacó a una mujer con un ladrillo y terminó preso"
2026-06-18,2026-W25,provincial,DIARIO DE CUYO,San Juan,Cuyo,San Juan,https://www.diariodecuyo.com.ar,La pelea judicial entre Diego Sanz y Claudia Salica la definirá un juez de impugnación
2026-06-18,2026-W25,provincial,DIARIO DE CUYO,San Juan,Cuyo,San Juan,https://www.diariodecuyo.com.ar,Caso Agostina Vega: una testigo clave apuntó contra la dueña del Ford Ka y Barrelier
2026-06-18,2026-W25,provincial,DIARIO DE CUYO,San Juan,Cuyo,San Juan,https://www.diariodecuyo.com.ar,¡Jugar nos une!
2026-06-18,2026-W25,provincial,DIARIO DE CUYO,San Juan,Cuyo,San Juan,https://www.diariodecuyo.com.ar,¡Jugar también es aprender!
2026-06-18,2026-W25,provincial,DIARIO DE CUYO,San Juan,Cuyo,San Juan,https://www.diariodecuyo.com.ar,¡Descubrir nuevas formas de aprender!
2026-06-18,2026-W25,provincial,DIARIO DE CUYO,San Juan,Cuyo,San Juan,https://www.diariodecuyo.com.ar,"Tarifazo eléctrico: por la reforma del Gobierno, el precio del valor de referencia trepó 79% y golpea a grandes usuarios e industrias"
2026-06-18,2026-W25,provincial,DIARIO DE CUYO,San Juan,Cuyo,San Juan,https://www.diariodecuyo.com.ar,El BID aprobó una garantía para que la Argentina pueda tomar crédito por 1.200 millones de dólares
2026-06-18,2026-W25,provincial,DIARIO DE CUYO,San Juan,Cuyo,San Juan,https://www.diariodecuyo.com.ar,"Mientras el dólar oficial encadenó su segundo avance al hilo, el dólar blue en San Juan subió otros $10"
2026-06-18,2026-W25,provincial,DIARIO DE CUYO,San Juan,Cuyo,San Juan,https://www.diariodecuyo.com.ar,El petróleo cotiza por debajo de los US$80
2026-06-18,2026-W25,provincial,DIARIO DE CUYO,San Juan,Cuyo,San Juan,https://www.diariodecuyo.com.ar,"José Morea de Vicuña: ""Si se aprueba la inversión vamos a superar las metas que pide el RIGI"""
2026-06-18,2026-W25,provincial,DIARIO DE CUYO,San Juan,Cuyo,San Juan,https://www.diariodecuyo.com.ar,Huertas hidropónicas para escuelas de Calingasta
2026-06-18,2026-W25,provincial,DIARIO DE CUYO,San Juan,Cuyo,San Juan,https://www.diariodecuyo.com.ar,Minería en San Juan: suspendieron el transporte de mineral entre Hualilán y Casposo y crece la incertidumbre
2026-06-18,2026-W25,provincial,DIARIO DE CUYO,San Juan,Cuyo,San Juan,https://www.diariodecuyo.com.ar,Vicuña tiene RIGI para convencer a sus accionistas y queda más cerca de iniciar la construcción
2026-06-18,2026-W25,provincial,DIARIO DE CUYO,San Juan,Cuyo,San Juan,https://www.diariodecuyo.com.ar,Caputo confirmó el ingreso de Vicuña al RIGI: será la mayor inversión minera de la historia argentina
2026-06-18,2026-W25,provincial,DIARIO DE CUYO,San Juan,Cuyo,San Juan,https://www.diariodecuyo.com.ar,Módulos chinos para el campamento de Vicuña: la minera habló por primera vez luego de la polémica y pidió debatir la competitividad nacional
2026-06-18,2026-W25,provincial,DIARIO DE CUYO,San Juan,Cuyo,San Juan,https://www.diariodecuyo.com.ar,"Minería en Iglesia: tras la tormenta PowerChina, Vicuña y proveedores definieron pautas de trabajo"
2026-06-18,2026-W25,provincial,DIARIO DE CUYO,San Juan,Cuyo,San Juan,https://www.diariodecuyo.com.ar,"La construcción y la industria cayeron 2,8% en abril y vuelven a encender las alarmas económicas."
2026-06-18,2026-W25,provincial,DIARIO DE CUYO,San Juan,Cuyo,San Juan,https://www.diariodecuyo.com.ar,"Paritarias de la UOCRA: los nuevos sueldos de la construcción para junio, julio y agosto"
2026-06-18,2026-W25,provincial,DIARIO DE CUYO,San Juan,Cuyo,San Juan,https://www.diariodecuyo.com.ar,"Revestimientos en piedra: una tendencia que transforma, jerarquiza y conecta con la naturaleza"
2026-06-18,2026-W25,provincial,DIARIO DE CUYO,San Juan,Cuyo,San Juan,https://www.diariodecuyo.com.ar,Créditos hipotecarios en San Juan y Mendoza: crecen las consultas para comprar viviendas pese al freno de la construcción
2026-06-18,2026-W25,provincial,DIARIO DE CUYO,San Juan,Cuyo,San Juan,https://www.diariodecuyo.com.ar,Espacio de Marca
2026-06-18,2026-W25,provincial,DIARIO DE CUYO,San Juan,Cuyo,San Juan,https://www.diariodecuyo.com.ar,Día del Padre: Sporting sortea 20 camisetas oficiales de la Selección Argentina
2026-06-18,2026-W25,provincial,EL ZONDA,San Juan,Cuyo,San Juan,https://www.diarioelzondasj.com.ar,Transporte aéreo. JetSMART sumará vuelos a San Juan y ampliará su flota en la temporada de verano
2026-06-18,2026-W25,provincial,EL ZONDA,San Juan,Cuyo,San Juan,https://www.diarioelzondasj.com.ar,Empleo y desarrollo local. San Juan suma 42 puestos de trabajo con la apertura del Hola Tulum
2026-06-18,2026-W25,provincial,EL ZONDA,San Juan,Cuyo,San Juan,https://www.diarioelzondasj.com.ar,Acto escolar y comunitario. Santa Lucía reunió a estudiantes y adultos en la Promesa de Lealtad a la Bandera
2026-06-18,2026-W25,provincial,EL ZONDA,San Juan,Cuyo,San Juan,https://www.diarioelzondasj.com.ar,Salud y entorno familiar. La familia de Lionel Messi difundió un mensaje sobre el estado de Jorge
2026-06-18,2026-W25,provincial,EL ZONDA,San Juan,Cuyo,San Juan,https://www.diarioelzondasj.com.ar,Buena noticia. Acreditan mañana el medio aguinaldo para los empleados públicos de San Juan
2026-06-18,2026-W25,provincial,EL ZONDA,San Juan,Cuyo,San Juan,https://www.diarioelzondasj.com.ar,Actividad privada. La Anónima prometen más empleo y sumar proveedores sanjuaninos
2026-06-18,2026-W25,provincial,EL ZONDA,San Juan,Cuyo,San Juan,https://www.diarioelzondasj.com.ar,Marco legal. La Nación habilita un proceso de regularización para armas de fuego no registradas
2026-06-18,2026-W25,provincial,EL ZONDA,San Juan,Cuyo,San Juan,https://www.diarioelzondasj.com.ar,Informe económico y político. Pensar cuestionó el rumbo de Milei y advirtió que el crecimiento no alcanza a la mayoría
2026-06-18,2026-W25,provincial,EL ZONDA,San Juan,Cuyo,San Juan,https://www.diarioelzondasj.com.ar,Ajuste regulatorio. Mercado Libre reformuló su propuesta mundialista tras observaciones de ALEA
2026-06-18,2026-W25,provincial,EL ZONDA,San Juan,Cuyo,San Juan,https://www.diarioelzondasj.com.ar,Debate bajo máxima atención. Carlos Pérez volvió a quedar en foco en las primeras audiencias por la causa Loan
2026-06-18,2026-W25,provincial,EL ZONDA,San Juan,Cuyo,San Juan,https://www.diarioelzondasj.com.ar,Contacto y federación. El Aldo Cantoni recibirá una amplia cartelera de kickboxing con 190 competidores
2026-06-18,2026-W25,provincial,EL ZONDA,San Juan,Cuyo,San Juan,https://www.diarioelzondasj.com.ar,Patrimonio y turismo. Cutral Co presentó una escultura de Messi de 26 metros sobre la Ruta 22
2026-06-18,2026-W25,provincial,EL ZONDA,San Juan,Cuyo,San Juan,https://www.diarioelzondasj.com.ar,Resguardo patrimonial. El Gobierno provincial puso en marcha la conservación de negativos sanjuaninos de 1930 a 1950
2026-06-18,2026-W25,provincial,EL ZONDA,San Juan,Cuyo,San Juan,https://www.diarioelzondasj.com.ar,Inclusión laboral. Refugios de San Juan sumarán cursos de oficios para personas en situación de calle
2026-06-18,2026-W25,provincial,EL ZONDA,San Juan,Cuyo,San Juan,https://www.diarioelzondasj.com.ar,Reinserción en marcha. Internos participarán en la puesta en valor de la Capilla del Carmen
2026-06-18,2026-W25,provincial,EL ZONDA,San Juan,Cuyo,San Juan,https://www.diarioelzondasj.com.ar,Crece la tensión entre provincias. La Rioja avanza con una ofensiva legal para rediscutir la frontera con San Juan
2026-06-18,2026-W25,provincial,EL ZONDA,San Juan,Cuyo,San Juan,https://www.diarioelzondasj.com.ar,Siniestro vial en Salta. Siguen las pericias por el choque entre un ómnibus y un camión en la Ruta 34
2026-06-18,2026-W25,provincial,EL ZONDA,San Juan,Cuyo,San Juan,https://www.diarioelzondasj.com.ar,Agenda diplomática en marcha. Perú confirma la visita de León XIV y crecen las gestiones en Argentina y Uruguay
2026-06-18,2026-W25,provincial,EL ZONDA,San Juan,Cuyo,San Juan,https://www.diarioelzondasj.com.ar,Jornada de capacitación. El Ministerio Público capacitó a autoridades policiales sobre el Manual de la Unidad de Abordaje Territorial y la Política de Persecución Penal
2026-06-18,2026-W25,provincial,EL ZONDA,San Juan,Cuyo,San Juan,https://www.diarioelzondasj.com.ar,"Salud y prevención. El Hospital Rawson ofrecerá testeos gratuitos de VIH, sífilis y hepatitis"
2026-06-18,2026-W25,provincial,EL ZONDA,San Juan,Cuyo,San Juan,https://www.diarioelzondasj.com.ar,Mundial 2026. Scaloni ajusta el equipo y sigue de cerca la evolución de Tagliafico
2026-06-18,2026-W25,provincial,EL ZONDA,San Juan,Cuyo,San Juan,https://www.diarioelzondasj.com.ar,"Espectáculos y redes. El emotivo mensaje de Darío Barassi por el cumpleaños de su hija Emilia: ""Sos mi mayor orgullo"""
2026-06-18,2026-W25,provincial,EL ZONDA,San Juan,Cuyo,San Juan,https://www.diarioelzondasj.com.ar,Agro y territorio. La Secretaría de Agricultura intensifica visitas y prepara Expo Innova con foco en tecnología
2026-06-18,2026-W25,provincial,EL ZONDA,San Juan,Cuyo,San Juan,https://www.diarioelzondasj.com.ar,Auditoría judicial. Marijuan avanzó contra Francisco Adorni por presuntas omisiones en sus declaraciones juradas
2026-06-18,2026-W25,provincial,EL ZONDA,San Juan,Cuyo,San Juan,https://www.diarioelzondasj.com.ar,Energía y consumo. La baja del crudo reabre la expectativa de ajuste en los combustibles
2026-06-18,2026-W25,provincial,EL ZONDA,San Juan,Cuyo,San Juan,https://www.diarioelzondasj.com.ar,Procedimiento policial. Tres detenidos en Rivadavia tras hallar una pistola calibre .45 en un auto
2026-06-18,2026-W25,provincial,EL ZONDA,San Juan,Cuyo,San Juan,https://www.diarioelzondasj.com.ar,Desarrollo productivo. Jáchal acelera el proyecto de Zona Franca y apunta a convertirse en un polo logístico para la minería
2026-06-18,2026-W25,provincial,EL ZONDA,San Juan,Cuyo,San Juan,https://www.diarioelzondasj.com.ar,"Educación. Luego de los paros, piden informes a docentes para medir el avance real de las clases"
2026-06-18,2026-W25,provincial,EL ZONDA,San Juan,Cuyo,San Juan,https://www.diarioelzondasj.com.ar,Televisión y rumores. Juana Viale desestimó las versiones sobre su vínculo con Manu Urcera
2026-06-18,2026-W25,provincial,EL ZONDA,San Juan,Cuyo,San Juan,https://www.diarioelzondasj.com.ar,Presunta maniobra familiar. Investigan en Rivadavia una deuda millonaria atribuida al uso de una tarjeta por su sobrina
2026-06-18,2026-W25,provincial,EL ZONDA,San Juan,Cuyo,San Juan,https://www.diarioelzondasj.com.ar,Primera etapa. La renovación de la Difunta Correa multiplica las visitas y consolida al paraje como un polo turístico
2026-06-18,2026-W25,provincial,EL ZONDA,San Juan,Cuyo,San Juan,https://www.diarioelzondasj.com.ar,Hermosa postal. La nieve llegó con fuerza a la cordillera sanjuanina: así amaneció en Veladero
2026-06-18,2026-W25,provincial,EL ZONDA,San Juan,Cuyo,San Juan,https://www.diarioelzondasj.com.ar,Operativo policial en Albardón. Recuperan una moto robada tras una fuga nocturna y dos sospechosos logran huir
2026-06-18,2026-W25,provincial,EL ZONDA,San Juan,Cuyo,San Juan,https://www.diarioelzondasj.com.ar,Debate regulatorio. Mercado Pago enfrenta objeciones de loterías estatales por su juego ligado al Mundial 2026
2026-06-18,2026-W25,provincial,EL ZONDA,San Juan,Cuyo,San Juan,https://www.diarioelzondasj.com.ar,Gastronomía y tradición. Rivadavia prepara la segunda edición de Cuyanas al Fuego con torneo de asadoras y actividades para el público
2026-06-18,2026-W25,provincial,EL ZONDA,San Juan,Cuyo,San Juan,https://www.diarioelzondasj.com.ar,Salud y trámites. Necesita un marcapasos para sobrevivir y denuncian que la obra social demora la autorización
2026-06-18,2026-W25,provincial,EL ZONDA,San Juan,Cuyo,San Juan,https://www.diarioelzondasj.com.ar,En Concepción. Denuncian que una familia fue expulsada de su casa por hombres armados
2026-06-18,2026-W25,provincial,EL ZONDA,San Juan,Cuyo,San Juan,https://www.diarioelzondasj.com.ar,Accidente en ruta. Choque entre un micro sanjuanino y un camión en Salta dejó un fallecido y seis heridos
2026-06-18,2026-W25,provincial,EL ZONDA,San Juan,Cuyo,San Juan,https://www.diarioelzondasj.com.ar,"Cultura asiática. La llegada de Gino Drag, el sorteo de Stray Kids y concursos con dinero en efectivo: todo listo para ""Tokyo No Yoru"""
2026-06-18,2026-W25,provincial,EL ZONDA,San Juan,Cuyo,San Juan,https://www.diarioelzondasj.com.ar,Importante. Convocan a bailarines sanjuaninos para integrar la Gala Patria del 9 de Julio
2026-06-18,2026-W25,provincial,EL ZONDA,San Juan,Cuyo,San Juan,https://www.diarioelzondasj.com.ar,"Este sabado. ""Devotion"", la propuesta musical de Kapai Duo llega al Teatro del Bicentenario"
2026-06-18,2026-W25,provincial,EL ZONDA,San Juan,Cuyo,San Juan,https://www.diarioelzondasj.com.ar,Interesante. Sonido Real Reggae Fest celebra la historia y el presente del reggae sanjuanino
2026-06-18,2026-W25,provincial,EL ZONDA,San Juan,Cuyo,San Juan,https://www.diarioelzondasj.com.ar,Música fusión. Piel de Jarilla: El latido electrónico de la raíz cuyana
2026-06-18,2026-W25,provincial,EL ZONDA,San Juan,Cuyo,San Juan,https://www.diarioelzondasj.com.ar,Visita educativa. Cultura vincula a estudiantes de arte con los oficios tradicionales
2026-06-18,2026-W25,provincial,EL ZONDA,San Juan,Cuyo,San Juan,https://www.diarioelzondasj.com.ar,Festejos fundacionales. La Capital admite fallas en la entrega de entradas para la gala de la Fundación de San Juan
2026-06-18,2026-W25,provincial,EL ZONDA,San Juan,Cuyo,San Juan,https://www.diarioelzondasj.com.ar,Agenda productiva y cultural. La segunda edición de S.A.B.O.R. Sanjuanino reunirá a actores clave de la gastronomía provincial
2026-06-18,2026-W25,provincial,EL ZONDA,San Juan,Cuyo,San Juan,https://www.diarioelzondasj.com.ar,Alerta sanitaria. ¿Por qué hay tantas personas enfermas? La explicación de un experto que genera preocupación
2026-06-18,2026-W25,provincial,EL ZONDA,San Juan,Cuyo,San Juan,https://www.diarioelzondasj.com.ar,Salud pública y diagnóstico. El Hospital Rawson amplía su Laboratorio de Citogenética con nuevas instalaciones
2026-06-18,2026-W25,provincial,EL ZONDA,San Juan,Cuyo,San Juan,https://www.diarioelzondasj.com.ar,Firma y personalidad. Qué interpreta la grafología cuando una persona firma solo con la inicial
2026-06-18,2026-W25,provincial,EL ZONDA,San Juan,Cuyo,San Juan,https://www.diarioelzondasj.com.ar,Vida práctica. Cómo darles un nuevo uso a los imanes viejos que hay en casa
2026-06-18,2026-W25,provincial,HUARPE,San Juan,Cuyo,San Juan,https://www.diariohuarpe.com,"Diario Huarpe: Últimas noticias de San Juan, Argentina y el mundo"
2026-06-18,2026-W25,provincial,HUARPE,San Juan,Cuyo,San Juan,https://www.diariohuarpe.com,La familia Messi habló sobre la salud de Jorge y pidió respeto
2026-06-18,2026-W25,provincial,HUARPE,San Juan,Cuyo,San Juan,https://www.diariohuarpe.com,El fiscal general Baigorrí salió a defender el protocolo de comunicación judicial
2026-06-18,2026-W25,provincial,HUARPE,San Juan,Cuyo,San Juan,https://www.diariohuarpe.com,San Juan recibió aval nacional para emitir bonos y financiar la obra pública
2026-06-18,2026-W25,provincial,HUARPE,San Juan,Cuyo,San Juan,https://www.diariohuarpe.com,"Lucy y Zequi, los niños que caminaron junto a la Scaloneta"
2026-06-18,2026-W25,provincial,HUARPE,San Juan,Cuyo,San Juan,https://www.diariohuarpe.com,HUARPE vive desde adentro la previa del debut de Argentina en el Mundial
2026-06-18,2026-W25,provincial,HUARPE,San Juan,Cuyo,San Juan,https://www.diariohuarpe.com,Entre semitas y banderas: los sanjuaninos que se cruzó Grupo Huarpe en la Copa del Mundo
2026-06-18,2026-W25,provincial,HUARPE,San Juan,Cuyo,San Juan,https://www.diariohuarpe.com,Llegó el guanaco de DIARIO HUARPE y se suma a la cobertura del Mundial 2026
2026-06-18,2026-W25,provincial,HUARPE,San Juan,Cuyo,San Juan,https://www.diariohuarpe.com,Comienza la segunda fecha del Mundial: los partidos para este jueves
2026-06-18,2026-W25,provincial,HUARPE,San Juan,Cuyo,San Juan,https://www.diariohuarpe.com,Suiza y Bosnia buscan levantar cabeza en la segunda fecha del Mundial
2026-06-18,2026-W25,provincial,HUARPE,San Juan,Cuyo,San Juan,https://www.diariohuarpe.com,Canadá y Qatar buscan un triunfo clave para seguir soñando en el Mundial
2026-06-18,2026-W25,provincial,HUARPE,San Juan,Cuyo,San Juan,https://www.diariohuarpe.com,México y Corea del Sur buscan su segunda victoria en el Mundial
2026-06-18,2026-W25,provincial,HUARPE,San Juan,Cuyo,San Juan,https://www.diariohuarpe.com,La coincidencia de los hijos de Leandro Paredes que ilusiona a Argentina
2026-06-18,2026-W25,provincial,HUARPE,San Juan,Cuyo,San Juan,https://www.diariohuarpe.com,Grupos y resultados
2026-06-18,2026-W25,provincial,HUARPE,San Juan,Cuyo,San Juan,https://www.diariohuarpe.com,Fixture: resultados y posiciones en vivo
2026-06-18,2026-W25,provincial,HUARPE,San Juan,Cuyo,San Juan,https://www.diariohuarpe.com,La caída de la natalidad redefine la educación inicial
2026-06-18,2026-W25,provincial,HUARPE,San Juan,Cuyo,San Juan,https://www.diariohuarpe.com,Perea señaló que la licitación de Vicuña fue un “cimbronazo”
2026-06-18,2026-W25,provincial,HUARPE,San Juan,Cuyo,San Juan,https://www.diariohuarpe.com,"San Juan registró más casos de gripe que el 2025, pero con menos internaciones"
2026-06-18,2026-W25,provincial,HUARPE,San Juan,Cuyo,San Juan,https://www.diariohuarpe.com,El presidente del Concejo de Sarmiento le apuntó al intendente Castro
2026-06-18,2026-W25,provincial,HUARPE,San Juan,Cuyo,San Juan,https://www.diariohuarpe.com,Hualilán produce lingotes de prueba y planifica su propia planta
2026-06-18,2026-W25,provincial,HUARPE,San Juan,Cuyo,San Juan,https://www.diariohuarpe.com,Alarma por 80 puestos de laborales de una empresa que trabaja en la minería
2026-06-18,2026-W25,provincial,HUARPE,San Juan,Cuyo,San Juan,https://www.diariohuarpe.com,República Checa vence 1-0 a Sudáfrica y sigue con vida en el Mundial
2026-06-18,2026-W25,provincial,HUARPE,San Juan,Cuyo,San Juan,https://www.diariohuarpe.com,Confirmaron el pago de medio aguinaldo a estatales en San Juan
2026-06-18,2026-W25,provincial,HUARPE,San Juan,Cuyo,San Juan,https://www.diariohuarpe.com,Nación confirmó que el Papa León XIV visitará Argentina: cuándo será
2026-06-18,2026-W25,provincial,HUARPE,San Juan,Cuyo,San Juan,https://www.diariohuarpe.com,Últimas noticias
2026-06-18,2026-W25,provincial,HUARPE,San Juan,Cuyo,San Juan,https://www.diariohuarpe.com,Declaró Fassetta y dijo que es inocente en el femicidio de Agostina Vega
2026-06-18,2026-W25,provincial,HUARPE,San Juan,Cuyo,San Juan,https://www.diariohuarpe.com,En la causa Cuadernos un expiloto del Tango 01 declaró que no revisaban equipajes
2026-06-18,2026-W25,provincial,HUARPE,San Juan,Cuyo,San Juan,https://www.diariohuarpe.com,"Boca avanza por Villa, pero la Lepra endurece la negociación"
2026-06-18,2026-W25,provincial,HUARPE,San Juan,Cuyo,San Juan,https://www.diariohuarpe.com,Cuti Romero reveló que Messi acertó el 3-0 ante Argelia en el Prode
2026-06-18,2026-W25,provincial,HUARPE,San Juan,Cuyo,San Juan,https://www.diariohuarpe.com,Real Madrid va por Enzo Fernández a pedido de José Mourinho
2026-06-18,2026-W25,provincial,HUARPE,San Juan,Cuyo,San Juan,https://www.diariohuarpe.com,Recuperan negativos históricos del San Juan de 1930 a 1950
2026-06-18,2026-W25,provincial,HUARPE,San Juan,Cuyo,San Juan,https://www.diariohuarpe.com,Limitan en San Juan el contacto entre fiscales y periodistas
2026-06-18,2026-W25,provincial,HUARPE,San Juan,Cuyo,San Juan,https://www.diariohuarpe.com,Internos del Penal refaccionarán la Capilla del Carmen en un proyecto social
2026-06-18,2026-W25,provincial,HUARPE,San Juan,Cuyo,San Juan,https://www.diariohuarpe.com,"Juan José Orrego sobre la promesa a la Bandera: ""Quedará en el corazón de niños”"
2026-06-18,2026-W25,provincial,HUARPE,San Juan,Cuyo,San Juan,https://www.diariohuarpe.com,"Achem sobre Vicuña y la adjudicación china: ""20 años de cerrar el país no son gratis"""
2026-06-18,2026-W25,provincial,HUARPE,San Juan,Cuyo,San Juan,https://www.diariohuarpe.com,Los alumnos de Rawson prometieron lealtad a la Bandera Argentina
2026-06-18,2026-W25,provincial,HUARPE,San Juan,Cuyo,San Juan,https://www.diariohuarpe.com,San Juan acelera la Zona Franca de Jáchal con un perfil marcado por la minería
2026-06-18,2026-W25,provincial,HUARPE,San Juan,Cuyo,San Juan,https://www.diariohuarpe.com,Baigorrí defendió el protocolo y negó que haya censuras a fiscales o la prensa
2026-06-18,2026-W25,provincial,HUARPE,San Juan,Cuyo,San Juan,https://www.diariohuarpe.com,UPD Desafío San Juan: duelo entre Jesús de la Buena Esperanza y Barrio Rivadavia Norte
2026-06-18,2026-W25,provincial,HUARPE,San Juan,Cuyo,San Juan,https://www.diariohuarpe.com,UPD de hoy | EPET N° 4 vs Col Jesús de la Buena Esperanza
2026-06-18,2026-W25,provincial,HUARPE,San Juan,Cuyo,San Juan,https://www.diariohuarpe.com,Vivi el mundial con nosotros
2026-06-18,2026-W25,provincial,HUARPE,San Juan,Cuyo,San Juan,https://www.diariohuarpe.com,EPET N°4 y Colegio Provincial de Rivadavia protagonizaron un duelo inolvidable | UPD 2026
2026-06-18,2026-W25,provincial,HUARPE,San Juan,Cuyo,San Juan,https://www.diariohuarpe.com,Juan Kurtzemann recorrió las 23 provincias en 23 días: la historia de la bandera argentina
2026-06-18,2026-W25,provincial,HUARPE,San Juan,Cuyo,San Juan,https://www.diariohuarpe.com,"Con 150 cupos, la UNSJ y Caucete impulsan una tecnicatura para minería"
2026-06-18,2026-W25,provincial,HUARPE,San Juan,Cuyo,San Juan,https://www.diariohuarpe.com,Una familia denunció que los echaron de su casa armados en una violenta usurpación
2026-06-18,2026-W25,provincial,HUARPE,San Juan,Cuyo,San Juan,https://www.diariohuarpe.com,Shakira y su nuevo novio: con qué actor mexicano fue vista a los besos
2026-06-18,2026-W25,provincial,HUARPE,San Juan,Cuyo,San Juan,https://www.diariohuarpe.com,"Daniel Giovenco y Gabi Trad serán los protagonistas del ciclo ""Volver a la canción"""
2026-06-18,2026-W25,provincial,HUARPE,San Juan,Cuyo,San Juan,https://www.diariohuarpe.com,Le pidió a su sobrina que le pagara la tarjeta y fue estafado por $2.400.000
2026-06-18,2026-W25,provincial,HUARPE,San Juan,Cuyo,San Juan,https://www.diariohuarpe.com,Un roedor fue descubierto y redefine la biodiversidad argentina
2026-06-18,2026-W25,provincial,HUARPE,San Juan,Cuyo,San Juan,https://www.diariohuarpe.com,El arquero de Corea del Sur que no fue al nacimiento de su hija por el Mundial
2026-06-18,2026-W25,provincial,DIARIO DE LA REPÚBLICA,San Luis,Cuyo,San Luis,https://www.eldiariodelarepublica.com,El Diario de la República
2026-06-18,2026-W25,provincial,DIARIO DE LA REPÚBLICA,San Luis,Cuyo,San Luis,https://www.eldiariodelarepublica.com,El consumo de carne vacuna tocó su piso más bajo en 20 años
2026-06-18,2026-W25,provincial,DIARIO DE LA REPÚBLICA,San Luis,Cuyo,San Luis,https://www.eldiariodelarepublica.com,El éxodo de enfermeros y la sobrecarga horaria ponen en riesgo las guardias
2026-06-18,2026-W25,provincial,DIARIO DE LA REPÚBLICA,San Luis,Cuyo,San Luis,https://www.eldiariodelarepublica.com,Otra vez el sur de la ciudad se quedó sin agua
2026-06-18,2026-W25,provincial,DIARIO DE LA REPÚBLICA,San Luis,Cuyo,San Luis,https://www.eldiariodelarepublica.com,"A treinta años de su primera historia, los juguetes demuestran su vigencia"
2026-06-18,2026-W25,provincial,DIARIO DE LA REPÚBLICA,San Luis,Cuyo,San Luis,https://www.eldiariodelarepublica.com,El PJ se anticipó a Poggi y presentó un proyecto de orden de mérito vinculante para jueces
2026-06-18,2026-W25,provincial,DIARIO DE LA REPÚBLICA,San Luis,Cuyo,San Luis,https://www.eldiariodelarepublica.com,Colombia mostró autoridad cafetera en su primer partido
2026-06-18,2026-W25,provincial,DIARIO DE LA REPÚBLICA,San Luis,Cuyo,San Luis,https://www.eldiariodelarepublica.com,Comienza la segunda rueda con dos locales en cancha
2026-06-18,2026-W25,provincial,DIARIO DE LA REPÚBLICA,San Luis,Cuyo,San Luis,https://www.eldiariodelarepublica.com,Ghana derrotó 1-0 agónicamente a Panamá y victoria de Colombia
2026-06-18,2026-W25,provincial,DIARIO DE LA REPÚBLICA,San Luis,Cuyo,San Luis,https://www.eldiariodelarepublica.com,"En un partidazo repleto de emociones, Inglaterra venció a Croacia"
2026-06-18,2026-W25,provincial,DIARIO DE LA REPÚBLICA,San Luis,Cuyo,San Luis,https://www.eldiariodelarepublica.com,El último jueves otoñal tiene todos los ritmos en agenda
2026-06-18,2026-W25,provincial,DIARIO DE LA REPÚBLICA,San Luis,Cuyo,San Luis,https://www.eldiariodelarepublica.com,"El otoño se despide con heladas, mañanas frescas y cielos despejados"
2026-06-18,2026-W25,provincial,DIARIO DE LA REPÚBLICA,San Luis,Cuyo,San Luis,https://www.eldiariodelarepublica.com,Día del Padre: Sporting sortea 20 camisetas oficiales de la Selección Argentina
2026-06-18,2026-W25,provincial,DIARIO DE LA REPÚBLICA,San Luis,Cuyo,San Luis,https://www.eldiariodelarepublica.com,"Ahora, se podrán pagar las apuestas por medio de un alias"
2026-06-18,2026-W25,provincial,DIARIO DE LA REPÚBLICA,San Luis,Cuyo,San Luis,https://www.eldiariodelarepublica.com,Segundo ataque ucraniano a una refinería rusa
2026-06-18,2026-W25,provincial,DIARIO DE LA REPÚBLICA,San Luis,Cuyo,San Luis,https://www.eldiariodelarepublica.com,Trombotto le ganó la pulseada a Ordoñez por Ambiente y los radicales preparan su regreso
2026-06-18,2026-W25,provincial,DIARIO DE LA REPÚBLICA,San Luis,Cuyo,San Luis,https://www.eldiariodelarepublica.com,Picardía costosa: el Gobierno relanza obras que frenó y a precios exorbitantes
2026-06-18,2026-W25,provincial,DIARIO DE LA REPÚBLICA,San Luis,Cuyo,San Luis,https://www.eldiariodelarepublica.com,Poggi es el gobernador que más descendió en el ranking nacional
2026-06-18,2026-W25,provincial,DIARIO DE LA REPÚBLICA,San Luis,Cuyo,San Luis,https://www.eldiariodelarepublica.com,Encuentro en Quines con un duro análisis del presente que golpea a San Luis
2026-06-18,2026-W25,provincial,DIARIO DE LA REPÚBLICA,San Luis,Cuyo,San Luis,https://www.eldiariodelarepublica.com,La justicia confirmó fallas graves en la planta potabilizadora de El Volcán
2026-06-18,2026-W25,provincial,DIARIO DE LA REPÚBLICA,San Luis,Cuyo,San Luis,https://www.eldiariodelarepublica.com,Lleva meses sin agua y sufrió un grave accidente al intentar abastecerse
2026-06-18,2026-W25,provincial,DIARIO DE LA REPÚBLICA,San Luis,Cuyo,San Luis,https://www.eldiariodelarepublica.com,"La música de Ramón Ayala, reinterpretada con la misma exquisitez"
2026-06-18,2026-W25,provincial,DIARIO DE LA REPÚBLICA,San Luis,Cuyo,San Luis,https://www.eldiariodelarepublica.com,Cerraron una sucursal bancaria en la zona “Estación”
2026-06-18,2026-W25,provincial,DIARIO DE LA REPÚBLICA,San Luis,Cuyo,San Luis,https://www.eldiariodelarepublica.com,Los Herrera llegan a San Luis para celebrar el Día del Padre con un gran baile
2026-06-18,2026-W25,provincial,DIARIO DE LA REPÚBLICA,San Luis,Cuyo,San Luis,https://www.eldiariodelarepublica.com,Una madre reanimó a su hijo ante la falta de médicos en un centro de salud
2026-06-18,2026-W25,provincial,DIARIO DE LA REPÚBLICA,San Luis,Cuyo,San Luis,https://www.eldiariodelarepublica.com,Ordenaron nuevas medidas de prueba sobre el patrimonio e ingresos formales de Adorni
2026-06-18,2026-W25,provincial,DIARIO DE LA REPÚBLICA,San Luis,Cuyo,San Luis,https://www.eldiariodelarepublica.com,"El legado de Angelina Caterino de Castro, Madre de Plaza de Mayo con lazos en San Luis"
2026-06-18,2026-W25,provincial,DIARIO DE LA REPÚBLICA,San Luis,Cuyo,San Luis,https://www.eldiariodelarepublica.com,Familia Parra y BYD llegan con un test drive masivo de vehículos híbridos y eléctricos
2026-06-18,2026-W25,provincial,DIARIO DE LA REPÚBLICA,San Luis,Cuyo,San Luis,https://www.eldiariodelarepublica.com,El padre de Gaspi cree que su hijo murió en un atentado
2026-06-18,2026-W25,provincial,DIARIO DE LA REPÚBLICA,San Luis,Cuyo,San Luis,https://www.eldiariodelarepublica.com,Lo acusan de nueve violaciones y podría pasar 20 años en la cárcel
2026-06-18,2026-W25,provincial,DIARIO DE LA REPÚBLICA,San Luis,Cuyo,San Luis,https://www.eldiariodelarepublica.com,Hace 3 meses que sufrió un accidente laboral y no consigue que la operen
2026-06-18,2026-W25,provincial,DIARIO DE LA REPÚBLICA,San Luis,Cuyo,San Luis,https://www.eldiariodelarepublica.com,Fin del vínculo: los números de Edinson Cavani en Boca
2026-06-18,2026-W25,provincial,DIARIO DE LA REPÚBLICA,San Luis,Cuyo,San Luis,https://www.eldiariodelarepublica.com,River anunció una importante limpieza de plantel para el segundo semestre del 2026
2026-06-18,2026-W25,provincial,DIARIO DE LA REPÚBLICA,San Luis,Cuyo,San Luis,https://www.eldiariodelarepublica.com,Pía Claveles suma experiencia y buenas actuaciones en Europa
2026-06-18,2026-W25,provincial,DIARIO DE LA REPÚBLICA,San Luis,Cuyo,San Luis,https://www.eldiariodelarepublica.com,UNSL: proponen distinguir a Teresa Parodi con el “Doctorado Honoris Causa”
2026-06-18,2026-W25,provincial,DIARIO DE LA REPÚBLICA,San Luis,Cuyo,San Luis,https://www.eldiariodelarepublica.com,Giovanni busca votos para el Mundial de canciones
2026-06-18,2026-W25,provincial,DIARIO DE LA REPÚBLICA,San Luis,Cuyo,San Luis,https://www.eldiariodelarepublica.com,"""Al pan pan"", la sala de teatro en donde el calor humano le ganó al frío"
2026-06-18,2026-W25,provincial,DIARIO DE LA REPÚBLICA,San Luis,Cuyo,San Luis,https://www.eldiariodelarepublica.com,"Taty, la mujer que convirtió el dolor en memoria"
2026-06-18,2026-W25,provincial,DIARIO DE LA REPÚBLICA,San Luis,Cuyo,San Luis,https://www.eldiariodelarepublica.com,"Axel: ""Soy de los que creen que siempre se sale adelante"""
2026-06-18,2026-W25,provincial,DIARIO DE LA REPÚBLICA,San Luis,Cuyo,San Luis,https://www.eldiariodelarepublica.com,"Ángel sin alas y demonio sin cuernos, el rostro gustoso de un artista sinigual"
2026-06-18,2026-W25,provincial,DIARIO DE LA REPÚBLICA,San Luis,Cuyo,San Luis,https://www.eldiariodelarepublica.com,"Sindicatos docentes cruzan el eslogan oficial: ""Salarios en la pobreza"""
2026-06-18,2026-W25,provincial,DIARIO DE LA REPÚBLICA,San Luis,Cuyo,San Luis,https://www.eldiariodelarepublica.com,"La salud mental de los trabajadores judiciales, un asunto que preocupa"
2026-06-18,2026-W25,provincial,DIARIO DE LA REPÚBLICA,San Luis,Cuyo,San Luis,https://www.eldiariodelarepublica.com,La sanción a una docente por reclamar salarios dignos generó repercusión nacional
2026-06-18,2026-W25,provincial,DIARIO DE LA REPÚBLICA,San Luis,Cuyo,San Luis,https://www.eldiariodelarepublica.com,Tilisarao vibró con la Feria de Colectividades del Colegio Nuestra Señora Inmaculada
2026-06-18,2026-W25,provincial,DIARIO DE LA REPÚBLICA,San Luis,Cuyo,San Luis,https://www.eldiariodelarepublica.com,"Guadalupe, un rostro infantil que lleva cinco años de silencio"
2026-06-18,2026-W25,provincial,DIARIO DE LA REPÚBLICA,San Luis,Cuyo,San Luis,https://www.eldiariodelarepublica.com,Chicos de una escuela de Tilisarao tiñieron de celeste y blanco todo el edificio
2026-06-18,2026-W25,provincial,DIARIO DE LA REPÚBLICA,San Luis,Cuyo,San Luis,https://www.eldiariodelarepublica.com,Comercios y pagos digitales: Cómo vender más en un contexto de consumo medido
2026-06-18,2026-W25,provincial,DIARIO DE LA REPÚBLICA,San Luis,Cuyo,San Luis,https://www.eldiariodelarepublica.com,Casino Kun Agüero registro y acceso en Argentina para empezar a jugar paso a paso
2026-06-18,2026-W25,provincial,DIARIO DE LA REPÚBLICA,San Luis,Cuyo,San Luis,https://www.eldiariodelarepublica.com,"Colecta para ayudar a Vanesa, una mujer de 41 años diagnosticada con ELA"
2026-06-18,2026-W25,provincial,DIARIO DE LA REPÚBLICA,San Luis,Cuyo,San Luis,https://www.eldiariodelarepublica.com,El PJ de Villa Mercedes se planta en defensa del INTI y contra el ajuste nacional
2026-06-18,2026-W25,provincial,EL CHORRILLERO,San Luis,Cuyo,San Luis,https://www.elchorrillero.com,Prevención del delito. La Alarma Ciudadana ya cubrió a 25 mil familias en Villa Mercedes
2026-06-18,2026-W25,provincial,EL CHORRILLERO,San Luis,Cuyo,San Luis,https://www.elchorrillero.com,Poggi y el intendente Frontera en los barrios. Las obras de pavimento siguen cubriendo la zona este de Villa Mercedes
2026-06-18,2026-W25,provincial,EL CHORRILLERO,San Luis,Cuyo,San Luis,https://www.elchorrillero.com,La familia Messi emitió un comunicado sobre la salud de Jorge y pidió frenar las especulaciones
2026-06-18,2026-W25,provincial,EL CHORRILLERO,San Luis,Cuyo,San Luis,https://www.elchorrillero.com,Poggi y el intendente Hissa. La Municipalidad presentó 110 nuevos contenedores para extender el servicio de recolección
2026-06-18,2026-W25,provincial,EL CHORRILLERO,San Luis,Cuyo,San Luis,https://www.elchorrillero.com,Pantagruel. Poggi recorrió una empresa gastronómica que proyecta generar hasta 60 puestos de trabajo
2026-06-18,2026-W25,provincial,EL CHORRILLERO,San Luis,Cuyo,San Luis,https://www.elchorrillero.com,San Luis. Reparan una pérdida en el Acueducto Sur y podría verse afectado el suministro en varios barrios
2026-06-18,2026-W25,provincial,EL CHORRILLERO,San Luis,Cuyo,San Luis,https://www.elchorrillero.com,"Villa Mercedes. “Calle Angosta”, la cueca que es patrimonio cultural de San Luis"
2026-06-18,2026-W25,provincial,EL CHORRILLERO,San Luis,Cuyo,San Luis,https://www.elchorrillero.com,Mundial 2026: así quedaron los grupos tras la finalización de la Fecha 1
2026-06-18,2026-W25,provincial,EL CHORRILLERO,San Luis,Cuyo,San Luis,https://www.elchorrillero.com,Tagliafico evoluciona bien y apunta a estar disponible frente a Austria
2026-06-18,2026-W25,provincial,EL CHORRILLERO,San Luis,Cuyo,San Luis,https://www.elchorrillero.com,Donald Trump y el presidente de Irán firmaron el acuerdo: qué cede cada parte para frenar la guerra
2026-06-18,2026-W25,provincial,EL CHORRILLERO,San Luis,Cuyo,San Luis,https://www.elchorrillero.com,México vuelve a escena y Canadá busca encaminar su clasificación: los partidos de este jueves en el Mundial
2026-06-18,2026-W25,provincial,EL CHORRILLERO,San Luis,Cuyo,San Luis,https://www.elchorrillero.com,El Mundialito C.A.J.U.U. 2026 ya tiene fecha y abrió sus inscripciones
2026-06-18,2026-W25,provincial,EL CHORRILLERO,San Luis,Cuyo,San Luis,https://www.elchorrillero.com,La furia de Nico Occhiato tras la fake news sobre el padre de Messi en Luzu
2026-06-18,2026-W25,provincial,EL CHORRILLERO,San Luis,Cuyo,San Luis,https://www.elchorrillero.com,Semifinales casi definidas en el Provincial: sólo resta una resolución del Consejo Federal
2026-06-18,2026-W25,provincial,EL CHORRILLERO,San Luis,Cuyo,San Luis,https://www.elchorrillero.com,Perú confirmó la visita del papa León XIV y crecen las expectativas por su llegada a la Argentina
2026-06-18,2026-W25,provincial,EL CHORRILLERO,San Luis,Cuyo,San Luis,https://www.elchorrillero.com,El día después del hat-trick: Messi entrenó con baja intensidad y ya piensa en Austria
2026-06-18,2026-W25,provincial,EL CHORRILLERO,San Luis,Cuyo,San Luis,https://www.elchorrillero.com,En Juana Koslay. Poggi entregó escrituras y ya son 6875 las familias que accedieron al título de propiedad
2026-06-18,2026-W25,provincial,EL CHORRILLERO,San Luis,Cuyo,San Luis,https://www.elchorrillero.com,Los precios del petróleo se desploman tras la firma del acuerdo de paz entre Estados Unidos e Irán
2026-06-18,2026-W25,provincial,EL CHORRILLERO,San Luis,Cuyo,San Luis,https://www.elchorrillero.com,Calendario de pagos Anses: quiénes cobran desde el martes 16 de junio con montos y bonos
2026-06-18,2026-W25,provincial,EL CHORRILLERO,San Luis,Cuyo,San Luis,https://www.elchorrillero.com,Investigan a un cardiólogo por facturar más de $1.000 millones en prácticas médicas truchas a través del PAMI
2026-06-18,2026-W25,provincial,EL CHORRILLERO,San Luis,Cuyo,San Luis,https://www.elchorrillero.com,Nuevo sistema de scoring para la licencia de conducir en Argentina: cómo funciona y qué hay que tener en cuenta
2026-06-18,2026-W25,provincial,EL CHORRILLERO,San Luis,Cuyo,San Luis,https://www.elchorrillero.com,Cristina Kirchner cumplió un año de prisión domiciliaria y la Justicia ratificó que continuará detenida en su casa
2026-06-18,2026-W25,provincial,EL CHORRILLERO,San Luis,Cuyo,San Luis,https://www.elchorrillero.com,Los Olivares volvió a reinar: bicampeón y séptima estrella
2026-06-18,2026-W25,provincial,EL CHORRILLERO,San Luis,Cuyo,San Luis,https://www.elchorrillero.com,Video: quisieron robarle en Nueva Córdoba y los corrió a las trompadas
2026-06-18,2026-W25,provincial,EL CHORRILLERO,San Luis,Cuyo,San Luis,https://www.elchorrillero.com,Guerra en Medio Oriente. Uno por uno: cuáles son los 14 puntos del acuerdo firmado entre Estados Unidos e Irán
2026-06-18,2026-W25,provincial,EL CHORRILLERO,San Luis,Cuyo,San Luis,https://www.elchorrillero.com,Volodímir Zelenski confirma el ataque masivo con drones a la capital rusa: “Si arde Ucrania va a arder vuestro Moscú”
2026-06-18,2026-W25,provincial,EL CHORRILLERO,San Luis,Cuyo,San Luis,https://www.elchorrillero.com,El plan desestabilizador de Alberto Rodríguez Saá
2026-06-18,2026-W25,provincial,EL CHORRILLERO,San Luis,Cuyo,San Luis,https://www.elchorrillero.com,"“Gracias Alberto, el dinero está ´robado´”"
2026-06-18,2026-W25,provincial,EL CHORRILLERO,San Luis,Cuyo,San Luis,https://www.elchorrillero.com,"El historial de la Selección argentina con Austria, su próximo rival en el Mundial 2026"
2026-06-18,2026-W25,provincial,EL CHORRILLERO,San Luis,Cuyo,San Luis,https://www.elchorrillero.com,Mundial 2026: las tres sorpresas que dejó la primera fecha de la fase de grupos
2026-06-18,2026-W25,provincial,EL CHORRILLERO,San Luis,Cuyo,San Luis,https://www.elchorrillero.com,El mundo se rinde ante Messi: los impactantes elogios de la prensa internacional tras su hat-trick
2026-06-18,2026-W25,provincial,EL CHORRILLERO,San Luis,Cuyo,San Luis,https://www.elchorrillero.com,Los récords que rompió Messi en la goleada a Argelia
2026-06-18,2026-W25,provincial,EL CHORRILLERO,San Luis,Cuyo,San Luis,https://www.elchorrillero.com,Por qué casi todos los futbolistas usan botines rosas en el Mundial 2026
2026-06-18,2026-W25,provincial,EL CHORRILLERO,San Luis,Cuyo,San Luis,https://www.elchorrillero.com,El gesto de Messi con una figura de Argelia que enterneció las redes
2026-06-18,2026-W25,provincial,EL CHORRILLERO,San Luis,Cuyo,San Luis,https://www.elchorrillero.com,Boca inicia la era Arruabarrena con una pretemporada a doble turno
2026-06-18,2026-W25,provincial,EL CHORRILLERO,San Luis,Cuyo,San Luis,https://www.elchorrillero.com,Un país prohíbe a los menores de 15 años usar las redes sociales
2026-06-18,2026-W25,provincial,EL CHORRILLERO,San Luis,Cuyo,San Luis,https://www.elchorrillero.com,Video. María Becerra habló de su frecuencia sexual con J Rei y sorprendió a todos: “Los dos somos así”
2026-06-18,2026-W25,provincial,EL CHORRILLERO,San Luis,Cuyo,San Luis,https://www.elchorrillero.com,El debut de la Selección argentina disparó el uso de internet y marcó un récord de tráfico de datos
2026-06-18,2026-W25,provincial,EL CHORRILLERO,San Luis,Cuyo,San Luis,https://www.elchorrillero.com,Familia Parra y BYD llegan a San Luis con un test drive masivo de vehículos híbridos y eléctricos
2026-06-18,2026-W25,provincial,EL CHORRILLERO,San Luis,Cuyo,San Luis,https://www.elchorrillero.com,"El Gobierno aprobó el ingreso al RIGI del principal proyecto minero del país, con una inversión de US$9700 millones"
2026-06-18,2026-W25,provincial,EL CHORRILLERO,San Luis,Cuyo,San Luis,https://www.elchorrillero.com,Pidieron la indagatoria para el hermano de Manuel Adorni
2026-06-18,2026-W25,provincial,EL CHORRILLERO,San Luis,Cuyo,San Luis,https://www.elchorrillero.com,Nueva ley permite declarar armas no registradas ante la Anmac
2026-06-18,2026-W25,provincial,EL CHORRILLERO,San Luis,Cuyo,San Luis,https://www.elchorrillero.com,Villa Mercedes. Un hombre imputado por fraude en la venta de terrenos ofreció devolver el dinero a los damnificados
2026-06-18,2026-W25,provincial,EL CHORRILLERO,San Luis,Cuyo,San Luis,https://www.elchorrillero.com,"Rompieron el acta de infracción, forcejearon con una inspectora para quitarle el celular y terminaron detenidos"
2026-06-18,2026-W25,provincial,EL CHORRILLERO,San Luis,Cuyo,San Luis,https://www.elchorrillero.com,Qué rol le atribuye la Fiscalía a cada uno de los acusados por la desaparición de Loan
2026-06-18,2026-W25,provincial,EL CHORRILLERO,San Luis,Cuyo,San Luis,https://www.elchorrillero.com,Detuvieron al portero de un jardín: hay más de 11 denuncias por abuso sexual de menores
2026-06-18,2026-W25,provincial,EL CHORRILLERO,San Luis,Cuyo,San Luis,https://www.elchorrillero.com,Villa Mercedes. Piden 20 años de prisión para un hombre que abusó sexualmente de las hijas de su ex pareja
2026-06-18,2026-W25,provincial,EL CHORRILLERO,San Luis,Cuyo,San Luis,https://www.elchorrillero.com,De Los Palmeras a La T y La M: las canciones que eligió la Selección para festejar los goles en el Mundial
2026-06-18,2026-W25,provincial,EL CHORRILLERO,San Luis,Cuyo,San Luis,https://www.elchorrillero.com,"Villa Mercedes. Intentó agredir a sus familiares con un cuchillo, llamaron a Policía y también quiso atacar a los efectivos"
2026-06-18,2026-W25,provincial,EL CHORRILLERO,San Luis,Cuyo,San Luis,https://www.elchorrillero.com,La Provincia invertirá $970 millones para refaccionar el Instituto Superior de Seguridad Pública
2026-06-18,2026-W25,provincial,VILLA MERCEDES INFO,San Luis,Cuyo,Villa Mercedes,https://www.villamercedes.info,La Diffusione di PayPal nelle Scommesse secondo Betzoid Italia
2026-06-18,2026-W25,provincial,VILLA MERCEDES INFO,San Luis,Cuyo,Villa Mercedes,https://www.villamercedes.info,Alerta nacional por el robo de una cápsula radiactiva en Rosario: activan protocolos de emergencia en todo el país
2026-06-18,2026-W25,provincial,VILLA MERCEDES INFO,San Luis,Cuyo,Villa Mercedes,https://www.villamercedes.info,Caso Loan: la fiscalía reafirmó que el niño fue secuestrado en un plan organizado
2026-06-18,2026-W25,provincial,VILLA MERCEDES INFO,San Luis,Cuyo,Villa Mercedes,https://www.villamercedes.info,"Mundial 2026: qué derechos tienen las intendencias, los bares y los cines para proyectar los partidos de la Selección Argentina"
2026-06-18,2026-W25,provincial,VILLA MERCEDES INFO,San Luis,Cuyo,Villa Mercedes,https://www.villamercedes.info,Newcom en San Luis: Diputados dio media sanción al proyecto que lo reconoce como deporte de interés provincial
2026-06-18,2026-W25,provincial,VILLA MERCEDES INFO,San Luis,Cuyo,Villa Mercedes,https://www.villamercedes.info,Ucrania lanzó el mayor ataque sobre Moscú en dos años y volvió a bombardear una refinería clave
2026-06-18,2026-W25,provincial,VILLA MERCEDES INFO,San Luis,Cuyo,Villa Mercedes,https://www.villamercedes.info,Mes de la Leche: Mastellone Hnos. entrega más de 250.000 vasos durante junio
2026-06-18,2026-W25,provincial,VILLA MERCEDES INFO,San Luis,Cuyo,Villa Mercedes,https://www.villamercedes.info,"A 56 años de su muerte, Antonio Esteban Agüero sigue siendo la voz poética de San Luis"
2026-06-18,2026-W25,provincial,VILLA MERCEDES INFO,San Luis,Cuyo,Villa Mercedes,https://www.villamercedes.info,Tarjetas de Presidencia: el Fondo Rotatorio de Karina Milei creció a $1.135 millones y genera interrogantes por la falta de información sobre gastos
2026-06-18,2026-W25,provincial,VILLA MERCEDES INFO,San Luis,Cuyo,Villa Mercedes,https://www.villamercedes.info,Villa Mercedes: detuvieron a dos hombres acusados de resistirse a la autoridad tras un conflicto con una inspectora municipal
2026-06-18,2026-W25,provincial,VILLA MERCEDES INFO,San Luis,Cuyo,Villa Mercedes,https://www.villamercedes.info,Bullrich respaldó a Milei y aseguró que “no hay motivos para echar a Adorni”
2026-06-18,2026-W25,provincial,VILLA MERCEDES INFO,San Luis,Cuyo,Villa Mercedes,https://www.villamercedes.info,Villa Mercedes: demoraron a dos hombres y secuestraron un arma tras allanamientos por abuso de armas
2026-06-18,2026-W25,provincial,VILLA MERCEDES INFO,San Luis,Cuyo,Villa Mercedes,https://www.villamercedes.info,La familia Messi aclaró el estado de salud de Jorge Messi y pidió responsabilidad ante los rumores
2026-06-18,2026-W25,provincial,VILLA MERCEDES INFO,San Luis,Cuyo,Villa Mercedes,https://www.villamercedes.info,Argentina goleó a Argelia en su debut mundialista: Messi brilló y la Scaloneta arrancó con autoridad en el Mundial 2026
2026-06-18,2026-W25,provincial,VILLA MERCEDES INFO,San Luis,Cuyo,Villa Mercedes,https://www.villamercedes.info,UNViMe: avanzan las obras para finalizar el Módulo I del campus universitario
2026-06-18,2026-W25,provincial,VILLA MERCEDES INFO,San Luis,Cuyo,Villa Mercedes,https://www.villamercedes.info,Villa Mercedes: condenaron al hombre que atacó a su hermana mientras dormía
2026-06-18,2026-W25,provincial,VILLA MERCEDES INFO,San Luis,Cuyo,Villa Mercedes,https://www.villamercedes.info,Villa Mercedes se prepara para vivir el debut de la Selección Argentina con una gran convocatoria en el Palacio de los Deportes
2026-06-18,2026-W25,provincial,VILLA MERCEDES INFO,San Luis,Cuyo,Villa Mercedes,https://www.villamercedes.info,La Libertad Avanza busca frenar la sesión del Senado para evitar la interpelación a Manuel Adorni
2026-06-18,2026-W25,provincial,VILLA MERCEDES INFO,San Luis,Cuyo,Villa Mercedes,https://www.villamercedes.info,Argentina goleó a Argelia en su debut mundialista con un triplete histórico de Messi
2026-06-18,2026-W25,provincial,VILLA MERCEDES INFO,San Luis,Cuyo,Villa Mercedes,https://www.villamercedes.info,Javier Milei respaldó públicamente a Manuel Adorni en medio de las críticas por su situación patrimonial
2026-06-18,2026-W25,provincial,VILLA MERCEDES INFO,San Luis,Cuyo,Villa Mercedes,https://www.villamercedes.info,Familia Parra y BYD llegan a San Luis con un test drive masivo de vehículos híbridos y eléctricos
2026-06-18,2026-W25,provincial,VILLA MERCEDES INFO,San Luis,Cuyo,Villa Mercedes,https://www.villamercedes.info,Fiebre mundialista: los principales casinos de San Luis lanzan premios exclusivos para los fanáticos de la Selección
2026-06-18,2026-W25,provincial,VILLA MERCEDES INFO,San Luis,Cuyo,Villa Mercedes,https://www.villamercedes.info,San Luis oficializó el Día del Maestro Rural Sanluiseño: cuándo se conmemorará
2026-06-18,2026-W25,provincial,VILLA MERCEDES INFO,San Luis,Cuyo,Villa Mercedes,https://www.villamercedes.info,Cinco años sin respuestas: el caso Guadalupe Lucero sigue siendo una herida abierta en San Luis
2026-06-18,2026-W25,provincial,VILLA MERCEDES INFO,San Luis,Cuyo,Villa Mercedes,https://www.villamercedes.info,El Sindicato de Panaderos de San Luis entregó una moto 0 km sorteada por el Día del Trabajador
2026-06-18,2026-W25,provincial,VILLA MERCEDES INFO,San Luis,Cuyo,Villa Mercedes,https://www.villamercedes.info,Lionel Messi reveló una difícil situación familiar tras su triplete en el Mundial 2026: preocupa la salud de su padre
2026-06-18,2026-W25,provincial,VILLA MERCEDES INFO,San Luis,Cuyo,Villa Mercedes,https://www.villamercedes.info,"Murió Pocho Sosa, una de las voces más emblemáticas de la música cuyana"
2026-06-18,2026-W25,provincial,VILLA MERCEDES INFO,San Luis,Cuyo,Villa Mercedes,https://www.villamercedes.info,Villamercedinos viajaron a Avellaneda para despedir al Indio Solari
2026-06-18,2026-W25,provincial,VILLA MERCEDES INFO,San Luis,Cuyo,Villa Mercedes,https://www.villamercedes.info,El patrimonio del Indio Solari: estiman que habría superado los 20 millones de dólares
2026-06-18,2026-W25,provincial,VILLA MERCEDES INFO,San Luis,Cuyo,Villa Mercedes,https://www.villamercedes.info,La familia del Indio Solari agradeció el cariño de los fanáticos tras una despedida histórica
2026-06-18,2026-W25,provincial,VILLA MERCEDES INFO,San Luis,Cuyo,Villa Mercedes,https://www.villamercedes.info,Villa Mercedes: demoraron a un joven tras intentar agredir a su familia con un cuchillo
2026-06-18,2026-W25,provincial,VILLA MERCEDES INFO,San Luis,Cuyo,Villa Mercedes,https://www.villamercedes.info,Un automovilista cayó a un canal de riego en Villa Mercedes y fue hospitalizado de manera preventiva
2026-06-18,2026-W25,provincial,VILLA MERCEDES INFO,San Luis,Cuyo,Villa Mercedes,https://www.villamercedes.info,Seis imputados por narcotráfico tras allanamientos en Villa Mercedes
2026-06-18,2026-W25,provincial,VILLA MERCEDES INFO,San Luis,Cuyo,Villa Mercedes,https://www.villamercedes.info,"Torneo Calle Angosta 2026: Villa Mercedes reunió a atletas de San Luis, Córdoba y La Pampa en una destacada jornada deportiva"
2026-06-18,2026-W25,provincial,VILLA MERCEDES INFO,San Luis,Cuyo,Villa Mercedes,https://www.villamercedes.info,Mundial 2026: Argentina debuta ante Argelia y Messi hará historia en su sexta Copa del Mundo
2026-06-18,2026-W25,provincial,VILLA MERCEDES INFO,San Luis,Cuyo,Villa Mercedes,https://www.villamercedes.info,La Selección argentina respaldó a Leonardo Balerdi con un emotivo mensaje antes del debut en el Mundial 2026
2026-06-18,2026-W25,provincial,VILLA MERCEDES INFO,San Luis,Cuyo,Villa Mercedes,https://www.villamercedes.info,Benicio Fernández hizo historia: el atleta de Villa Mercedes se consagró subcampeón mundial en Bulgaria
2026-06-18,2026-W25,provincial,VILLA MERCEDES INFO,San Luis,Cuyo,Villa Mercedes,https://www.villamercedes.info,L’Evoluzione di PayPal nel Mercato Italiano delle Scommesse
2026-06-18,2026-W25,provincial,VILLA MERCEDES INFO,San Luis,Cuyo,Villa Mercedes,https://www.villamercedes.info,I Vantaggi dell’Utilizzo di PayPal per le Scommesse Online
2026-06-18,2026-W25,provincial,VILLA MERCEDES INFO,San Luis,Cuyo,Villa Mercedes,https://www.villamercedes.info,Le Sfide e i Limiti della Diffusione di PayPal
2026-06-18,2026-W25,provincial,VILLA MERCEDES INFO,San Luis,Cuyo,Villa Mercedes,https://www.villamercedes.info,Prospettive Future e Tendenze di Mercato
2026-06-18,2026-W25,provincial,VILLA MERCEDES INFO,San Luis,Cuyo,Villa Mercedes,https://www.villamercedes.info,"Baja el petróleo tras el acuerdo entre Estados Unidos e Irán, pero las naftas siguen sin cambios en Argentina"
2026-06-18,2026-W25,provincial,VILLA MERCEDES INFO,San Luis,Cuyo,Villa Mercedes,https://www.villamercedes.info,"Calendario de pagos ANSES: quiénes cobran desde el 16 de junio, con aumento, bono y aguinaldo"
2026-06-18,2026-W25,provincial,VILLA MERCEDES INFO,San Luis,Cuyo,Villa Mercedes,https://www.villamercedes.info,Trump anunció la reapertura del estrecho de Ormuz tras un acuerdo de paz con Irán
2026-06-18,2026-W25,provincial,VILLA MERCEDES INFO,San Luis,Cuyo,Villa Mercedes,https://www.villamercedes.info,Fatal negligencia en Brasil: una joven de 21 años murió tras ser lanzada sin cuerdas en un salto de bungee jumping
2026-06-18,2026-W25,provincial,VILLA MERCEDES INFO,San Luis,Cuyo,Villa Mercedes,https://www.villamercedes.info,Villa Mercedes Info
2026-06-18,2026-W25,provincial,EL ANCASTI,Catamarca,NOA,Catamarca,https://www.elancasti.com.ar,ANCASTI STREAMING EN VIVO
2026-06-18,2026-W25,provincial,EL ANCASTI,Catamarca,NOA,Catamarca,https://www.elancasti.com.ar,Marcha atrás con el sobreseimiento de Paulo Ibáñez y la conexión Bacchiani
2026-06-18,2026-W25,provincial,EL ANCASTI,Catamarca,NOA,Catamarca,https://www.elancasti.com.ar,UTA Catamarca declaró estado de alerta y movilización por demora en el pago de diferencias salariales
2026-06-18,2026-W25,provincial,EL ANCASTI,Catamarca,NOA,Catamarca,https://www.elancasti.com.ar,Flor Peña y Luzu TV pidieron disculpas tras informar erróneamente la muerte del padre de Messi
2026-06-18,2026-W25,provincial,EL ANCASTI,Catamarca,NOA,Catamarca,https://www.elancasti.com.ar,La familia de Lionel Messi emitió un comunicado por el estado de salud de su padre
2026-06-18,2026-W25,provincial,EL ANCASTI,Catamarca,NOA,Catamarca,https://www.elancasti.com.ar,Diputadas de la oposición le pidieron a Verónica Soria volver a presentarse en Diputados
2026-06-18,2026-W25,provincial,EL ANCASTI,Catamarca,NOA,Catamarca,https://www.elancasti.com.ar,El cura Renato Rasgido fue trasladado al Penal de Miraflores
2026-06-18,2026-W25,provincial,EL ANCASTI,Catamarca,NOA,Catamarca,https://www.elancasti.com.ar,Vialidad Provincial y Nacional trabajarán en conjunto en obras en La Cébila e ingreso sur de la Capital
2026-06-18,2026-W25,provincial,EL ANCASTI,Catamarca,NOA,Catamarca,https://www.elancasti.com.ar,Pidieron la indagatoria al hermano de Manuel Adorni por presunta omisión de datos
2026-06-18,2026-W25,provincial,EL ANCASTI,Catamarca,NOA,Catamarca,https://www.elancasti.com.ar,"Natalia Brizuela César anuncia el lanzamiento de su primer álbum ""Nada es casual"""
2026-06-18,2026-W25,provincial,EL ANCASTI,Catamarca,NOA,Catamarca,https://www.elancasti.com.ar,La Justicia avaló el traslado de la AFA a Pilar y anuló la designación de veedores de la IGJ
2026-06-18,2026-W25,provincial,EL ANCASTI,Catamarca,NOA,Catamarca,https://www.elancasti.com.ar,"ARCA intimó a Matías Tabar, el contratista de Manuel Adorni"
2026-06-18,2026-W25,provincial,EL ANCASTI,Catamarca,NOA,Catamarca,https://www.elancasti.com.ar,El Pabellón de Turismo ofrecerá una agenda para descubrir Catamarca
2026-06-18,2026-W25,provincial,EL ANCASTI,Catamarca,NOA,Catamarca,https://www.elancasti.com.ar,Suspenderán la atención en consultorios externos y las cirugías programadas por tiempo indeterminado
2026-06-18,2026-W25,provincial,EL ANCASTI,Catamarca,NOA,Catamarca,https://www.elancasti.com.ar,"Crearon una app para asistir a víctimas de bullying: ""Para ellos era más fácil hablar con una aplicación que a un adulto"""
2026-06-18,2026-W25,provincial,EL ANCASTI,Catamarca,NOA,Catamarca,https://www.elancasti.com.ar,"Canadá le negó la entrada a Elye Wahi, de Costa de Marfil, sospechado de apuestas ilegales"
2026-06-18,2026-W25,provincial,EL ANCASTI,Catamarca,NOA,Catamarca,https://www.elancasti.com.ar,"Intentó evadir un control policial, se tiró a un arroyo con más de 16 mil dólares y casi se ahoga"
2026-06-18,2026-W25,provincial,EL ANCASTI,Catamarca,NOA,Catamarca,https://www.elancasti.com.ar,Perú confirmó la visita de León XIV y crecen las expectativas por Argentina
2026-06-18,2026-W25,provincial,EL ANCASTI,Catamarca,NOA,Catamarca,https://www.elancasti.com.ar,Nevadas en la cordillera: varias localidades amanecieron cubiertas de blanco
2026-06-18,2026-W25,provincial,EL ANCASTI,Catamarca,NOA,Catamarca,https://www.elancasti.com.ar,Presentan un pedido para que Javier Milei sea indagado por el caso $LIBRA
2026-06-18,2026-W25,provincial,EL ANCASTI,Catamarca,NOA,Catamarca,https://www.elancasti.com.ar,Aplicaron una sanción económica al Instituto Hood por permitir el ingreso de un arma
2026-06-18,2026-W25,provincial,EL ANCASTI,Catamarca,NOA,Catamarca,https://www.elancasti.com.ar,"El cierre de empresas y la caída de la industria golpean a Córdoba y Santa Fe, dos bastiones del voto a Milei"
2026-06-18,2026-W25,provincial,EL ANCASTI,Catamarca,NOA,Catamarca,https://www.elancasti.com.ar,Ahora dicen que Adorni habría gastado más de $8 millones en sábanas
2026-06-18,2026-W25,provincial,EL ANCASTI,Catamarca,NOA,Catamarca,https://www.elancasti.com.ar,Día del Padre: Sporting sortea 20 camisetas oficiales de la Selección Argentina
2026-06-18,2026-W25,provincial,EL ANCASTI,Catamarca,NOA,Catamarca,https://www.elancasti.com.ar,El Mundial disparó las ventas de televisores
2026-06-18,2026-W25,provincial,EL ANCASTI,Catamarca,NOA,Catamarca,https://www.elancasti.com.ar,Día del Libro en Argentina
2026-06-18,2026-W25,provincial,EL ANCASTI,Catamarca,NOA,Catamarca,https://www.elancasti.com.ar,El Mundial se vive en El Ancasti
2026-06-18,2026-W25,provincial,EL ANCASTI,Catamarca,NOA,Catamarca,https://www.elancasti.com.ar,Proyectos que ameritan un debate profundo
2026-06-18,2026-W25,provincial,EL ANCASTI,Catamarca,NOA,Catamarca,https://www.elancasti.com.ar,Un fallo con olor a revancha
2026-06-18,2026-W25,provincial,EL ANCASTI,Catamarca,NOA,Catamarca,https://www.elancasti.com.ar,El garaje de Adorni o la parrilla de Bacchiani
2026-06-18,2026-W25,provincial,EL ANCASTI,Catamarca,NOA,Catamarca,https://www.elancasti.com.ar,El Gobierno confirmó las fechas de pago de aguinaldo y salarios
2026-06-18,2026-W25,provincial,EL ANCASTI,Catamarca,NOA,Catamarca,https://www.elancasti.com.ar,"Vuelo narco: los nuevos detenidos, vinculados al clan Ale"
2026-06-18,2026-W25,provincial,EL ANCASTI,Catamarca,NOA,Catamarca,https://www.elancasti.com.ar,"""Quedó en evidencia cómo la curia protege al cura Rasgido"""
2026-06-18,2026-W25,provincial,EL ANCASTI,Catamarca,NOA,Catamarca,https://www.elancasti.com.ar,Nueva ablación de córneas en el Hospital San Juan Bautista beneficiará a dos pacientes
2026-06-18,2026-W25,provincial,EL ANCASTI,Catamarca,NOA,Catamarca,https://www.elancasti.com.ar,Procesaron al argentino detenido en Brasil por racismo
2026-06-18,2026-W25,provincial,EL ANCASTI,Catamarca,NOA,Catamarca,https://www.elancasti.com.ar,La fiscalía pidió la declaración indagatoria de José Luis Espert
2026-06-18,2026-W25,provincial,EL ANCASTI,Catamarca,NOA,Catamarca,https://www.elancasti.com.ar,Femicidio de Agostina Vega: indagan a Osvaldo Fassetta
2026-06-18,2026-W25,provincial,EL ANCASTI,Catamarca,NOA,Catamarca,https://www.elancasti.com.ar,Salud realiza acciones de concientización por el Día Mundial del Donante de Sangre
2026-06-18,2026-W25,provincial,EL ANCASTI,Catamarca,NOA,Catamarca,https://www.elancasti.com.ar,"Liga de Barrios: Tabacalero FC se alzó con la ""Libertadores"""
2026-06-18,2026-W25,provincial,EL ANCASTI,Catamarca,NOA,Catamarca,https://www.elancasti.com.ar,Así quedaron las posiciones de los grupos tras la primera fecha
2026-06-18,2026-W25,provincial,EL ANCASTI,Catamarca,NOA,Catamarca,https://www.elancasti.com.ar,Tagliafico evoluciona bien y apunta a estar disponible frente a Austria
2026-06-18,2026-W25,provincial,EL ANCASTI,Catamarca,NOA,Catamarca,https://www.elancasti.com.ar,Colombia le ganó a Uzbekistán en el cierre de la primera fecha del Grupo K
2026-06-18,2026-W25,provincial,EL ANCASTI,Catamarca,NOA,Catamarca,https://www.elancasti.com.ar,Inglaterra gana partidazo ante Croacia con 2 de Kane
2026-06-18,2026-W25,provincial,EL ANCASTI,Catamarca,NOA,Catamarca,https://www.elancasti.com.ar,"""Negro Retumbar. Poéticas del Sur"": Fede Peludero presenta un recorrido por las raíces musicales de Latinoamérica"
2026-06-18,2026-W25,provincial,EL ANCASTI,Catamarca,NOA,Catamarca,https://www.elancasti.com.ar,"Natalia Brizuela César presentará ""Nada es Casual"""
2026-06-18,2026-W25,provincial,EL ANCASTI,Catamarca,NOA,Catamarca,https://www.elancasti.com.ar,"Gastón Trezeguet recibió un botón antipánico tras amenazas de muerte: ""tiros y descuartización"""
2026-06-18,2026-W25,provincial,EL ANCASTI,Catamarca,NOA,Catamarca,https://www.elancasti.com.ar,"Murió Anne Schedeen, la actriz que interpretó a Kate Tanner en ALF"
2026-06-18,2026-W25,provincial,EL ANCASTI,Catamarca,NOA,Catamarca,https://www.elancasti.com.ar,Donald Trump afirmó que el bombardeo a la escuela en Irán fue un error
2026-06-18,2026-W25,provincial,EL ANCASTI,Catamarca,NOA,Catamarca,https://www.elancasti.com.ar,La amenza de Donald Trump a Irán en caso de no cumplir con el memorándum
2026-06-18,2026-W25,provincial,EL ANCASTI,Catamarca,NOA,Catamarca,https://www.elancasti.com.ar,Desde Catamarca al Mundial: el video de una academia de baile que emociona en redes
2026-06-18,2026-W25,provincial,EL ESQUIÚ,Catamarca,NOA,Catamarca,https://www.elesquiu.com,Edición impresa
2026-06-18,2026-W25,provincial,EL ESQUIÚ,Catamarca,NOA,Catamarca,https://www.elesquiu.com,Reporte Ciudadano (3834901025)
2026-06-18,2026-W25,provincial,EL ESQUIÚ,Catamarca,NOA,Catamarca,https://www.elesquiu.com,Advierten por cierres y ajuste en el Banco Hipotecario: “La situación ha empeorado”
2026-06-18,2026-W25,provincial,EL ESQUIÚ,Catamarca,NOA,Catamarca,https://www.elesquiu.com,"Proveedores mineros de Tinogasta manifestaron su malestar: ""Estamos cansados de ver empresas de afuera"""
2026-06-18,2026-W25,provincial,EL ESQUIÚ,Catamarca,NOA,Catamarca,https://www.elesquiu.com,"Declararon de Interés Municipal al “Sanjuanazo del Norte”, un mega fogón que rescatará las tradiciones en la Capital"
2026-06-18,2026-W25,provincial,EL ESQUIÚ,Catamarca,NOA,Catamarca,https://www.elesquiu.com,"El Espacio Cultural La TEA palpita el fin de semana con una ""Varieté Patriótica"" y propuestas para toda la familia"
2026-06-18,2026-W25,provincial,EL ESQUIÚ,Catamarca,NOA,Catamarca,https://www.elesquiu.com,Vialidad Provincial y Nacional trabajarán en conjunto en obras en La Cebila e ingreso sur de la Capital
2026-06-18,2026-W25,provincial,EL ESQUIÚ,Catamarca,NOA,Catamarca,https://www.elesquiu.com,Docentes universitarios denunciaron que el acuerdo salarial favoreció la estrategia judicial de Nación
2026-06-18,2026-W25,provincial,EL ESQUIÚ,Catamarca,NOA,Catamarca,https://www.elesquiu.com,Indagatoria al hermano de Manuel Adorni por enriquecimiento ilícito
2026-06-18,2026-W25,provincial,EL ESQUIÚ,Catamarca,NOA,Catamarca,https://www.elesquiu.com,Catamarca y Atacama avanzan en un proyecto binacional sobre inteligencia artificial y minería
2026-06-18,2026-W25,provincial,EL ESQUIÚ,Catamarca,NOA,Catamarca,https://www.elesquiu.com,"Arévalo confirmó que ATE participará de la conciliación por el conflicto en Valle Viejo y reclamó que hagan ""el mayor esfuerzo” salarial"
2026-06-18,2026-W25,provincial,EL ESQUIÚ,Catamarca,NOA,Catamarca,https://www.elesquiu.com,"Entregaron certificados del programa ""Canvas en Acción - Emprende entre Pares"" a 20 emprendedores de la Capital"
2026-06-18,2026-W25,provincial,EL ESQUIÚ,Catamarca,NOA,Catamarca,https://www.elesquiu.com,Dirigentes peronistas y sociales lanzan en Catamarca un encuentro contra “la entrega” de recursos naturales
2026-06-18,2026-W25,provincial,EL ESQUIÚ,Catamarca,NOA,Catamarca,https://www.elesquiu.com,Fabricando excluidos
2026-06-18,2026-W25,provincial,EL ESQUIÚ,Catamarca,NOA,Catamarca,https://www.elesquiu.com,Agenda deportiva
2026-06-18,2026-W25,provincial,EL ESQUIÚ,Catamarca,NOA,Catamarca,https://www.elesquiu.com,Gimena Accardi confirmó su noviazgo con un famoso muy joven y se armó
2026-06-18,2026-W25,provincial,EL ESQUIÚ,Catamarca,NOA,Catamarca,https://www.elesquiu.com,Teboho Mokoena desde los doce pasos puso el 1 a 1 para los africanos
2026-06-18,2026-W25,provincial,EL ESQUIÚ,Catamarca,NOA,Catamarca,https://www.elesquiu.com,La SUBE para personas con discapacidad aún no se implementará en Catamarca
2026-06-18,2026-W25,provincial,EL ESQUIÚ,Catamarca,NOA,Catamarca,https://www.elesquiu.com,Empresarios de Fiambalá rechazaron acusaciones por el ingreso de firmas cordobesas a la minería
2026-06-18,2026-W25,provincial,EL ESQUIÚ,Catamarca,NOA,Catamarca,https://www.elesquiu.com,El frío se hizo sentir y las primeras nevadas pintaron de blanco el interior catamarqueño
2026-06-18,2026-W25,provincial,EL ESQUIÚ,Catamarca,NOA,Catamarca,https://www.elesquiu.com,ARCA intimó al contratista que declaró haber cobrado US$245.000 en efectivo por reformas en la casa de Manuel Adorni
2026-06-18,2026-W25,provincial,EL ESQUIÚ,Catamarca,NOA,Catamarca,https://www.elesquiu.com,Se aplicó sanción económica al Instituto Hood por permitir el ingreso de un arma
2026-06-18,2026-W25,provincial,EL ESQUIÚ,Catamarca,NOA,Catamarca,https://www.elesquiu.com,SOEM Valle Viejo rechaza la participación de ATE y de UPCN en el proceso de conciliación obligatoria
2026-06-18,2026-W25,provincial,EL ESQUIÚ,Catamarca,NOA,Catamarca,https://www.elesquiu.com,Se incendió un automóvil en plena avenida en el sector Sur de la Capital
2026-06-18,2026-W25,provincial,EL ESQUIÚ,Catamarca,NOA,Catamarca,https://www.elesquiu.com,Rechazan el domicilio propuesto para el cura Rasgido y ordenan su regreso al Servicio Penitenciario
2026-06-18,2026-W25,provincial,EL ESQUIÚ,Catamarca,NOA,Catamarca,https://www.elesquiu.com,"Denunció a su ex por violencia, pero ante el tribunal dijo “que mintió”"
2026-06-18,2026-W25,provincial,EL ESQUIÚ,Catamarca,NOA,Catamarca,https://www.elesquiu.com,Muerte de Rosana Salas: expectativas por la pericia de dermotest y caligráfica
2026-06-18,2026-W25,provincial,EL ESQUIÚ,Catamarca,NOA,Catamarca,https://www.elesquiu.com,Cesto de basura desbordado en Almafuerte y Sarmiento
2026-06-18,2026-W25,provincial,EL ESQUIÚ,Catamarca,NOA,Catamarca,https://www.elesquiu.com,Alertan por un poste inclinado con riesgo de caída en barrio Potrerillo
2026-06-18,2026-W25,provincial,EL ESQUIÚ,Catamarca,NOA,Catamarca,https://www.elesquiu.com,Denuncian el robo de un bolso en una parada de taxis y exigen mayores controles a los “abrepuertas”
2026-06-18,2026-W25,provincial,EL ESQUIÚ,Catamarca,NOA,Catamarca,https://www.elesquiu.com,El historial entre Argentina y Austria: una joya de Maradona y el primer choque oficial en un Mundial
2026-06-18,2026-W25,provincial,EL ESQUIÚ,Catamarca,NOA,Catamarca,https://www.elesquiu.com,Liga de Barrios: Tabacalero FC se alzó con la “Libertadores”
2026-06-18,2026-W25,provincial,EL ESQUIÚ,Catamarca,NOA,Catamarca,https://www.elesquiu.com,Se pone en marcha la segunda fecha de la fase de grupos: Horarios y dónde ver los partidos
2026-06-18,2026-W25,provincial,EL ESQUIÚ,Catamarca,NOA,Catamarca,https://www.elesquiu.com,Cavani cierra su etapa en Boca con 28 goles y sin títulos
2026-06-18,2026-W25,provincial,EL ESQUIÚ,Catamarca,NOA,Catamarca,https://www.elesquiu.com,Alivio para Scaloni: Nicolás Tagliafico evoluciona bien y apunta a llegar al partido ante Austria
2026-06-18,2026-W25,provincial,EL ESQUIÚ,Catamarca,NOA,Catamarca,https://www.elesquiu.com,Hoy: Ezequiel Mansilla - Club La Carrera
2026-06-18,2026-W25,provincial,EL ESQUIÚ,Catamarca,NOA,Catamarca,https://www.elesquiu.com,El Superior Tribunal de Justicia de Chubut espera los resultados de la auditoría por el caso Ángel para definir medidas
2026-06-18,2026-W25,provincial,EL ESQUIÚ,Catamarca,NOA,Catamarca,https://www.elesquiu.com,"Jugó en Boca, viajó al Mundial para alentar a Argentina y explotó todo: ""Le falta el respeto a una mujer"""
2026-06-18,2026-W25,provincial,EL ESQUIÚ,Catamarca,NOA,Catamarca,https://www.elesquiu.com,Mercado Libre modificó su juego “Fixture 2026” para evitar sanciones por juego ilegal
2026-06-18,2026-W25,provincial,EL ESQUIÚ,Catamarca,NOA,Catamarca,https://www.elesquiu.com,"Se accidentó el hijo de Juana Repetto y tuvo que ir de urgencia al médico: ""Le hicieron seis puntos"""
2026-06-18,2026-W25,provincial,EL ESQUIÚ,Catamarca,NOA,Catamarca,https://www.elesquiu.com,Se filtró un video de Antonela Roccuzzo rezando por Messi y crece la preocupación: qué pasa con la Pulga
2026-06-18,2026-W25,provincial,EL ESQUIÚ,Catamarca,NOA,Catamarca,https://www.elesquiu.com,"Nicole Neumann le puso los puntos a Manu Urcera tras coquetear con Juana Viale: ""Si te gusta otra, chau"""
2026-06-18,2026-W25,provincial,EL ESQUIÚ,Catamarca,NOA,Catamarca,https://www.elesquiu.com,"La mamá de Tini Stoessel se hartó de Yanina Latorre y Ángel de Brito y los fulminó: ""Adictos"""
2026-06-18,2026-W25,provincial,EL ESQUIÚ,Catamarca,NOA,Catamarca,https://www.elesquiu.com,Qué ver en Netflix: la miniserie de 4 episodios que deslumbra a todo el mundo
2026-06-18,2026-W25,provincial,EL ESQUIÚ,Catamarca,NOA,Catamarca,https://www.elesquiu.com,"El estremecedor último mensaje que Gaspi envió antes de su muerte: ""No te olvides"""
2026-06-18,2026-W25,provincial,EL ESQUIÚ,Catamarca,NOA,Catamarca,https://www.elesquiu.com,Sobrevivientes de abusos eclesiásticos exigen sacar a Rasgido de la parroquia que está al lado del Colegio Cristo Rey
2026-06-18,2026-W25,provincial,EL ESQUIÚ,Catamarca,NOA,Catamarca,https://www.elesquiu.com,Menos nacimientos harían realidad lo que la educación persigue hace años: llegar a todos los chicos
2026-06-18,2026-W25,provincial,EL ESQUIÚ,Catamarca,NOA,Catamarca,https://www.elesquiu.com,"Nuevo recibo de sueldo: qué cambia para trabajadores, empresas y qué busca el Gobierno"
2026-06-18,2026-W25,provincial,EL ESQUIÚ,Catamarca,NOA,Catamarca,https://www.elesquiu.com,Estados de rutas nacionales en Catamarca
2026-06-18,2026-W25,provincial,EL ESQUIÚ,Catamarca,NOA,Catamarca,https://www.elesquiu.com,"Horóscopo 18 de junio: amor, dinero y salud signo a signo"
2026-06-18,2026-W25,provincial,LA UNIÓN,Catamarca,NOA,Catamarca,https://www.launion.digital,UTA declaró el estado de alerta y movilización y el servicio vuelve a estar en duda
2026-06-18,2026-W25,provincial,LA UNIÓN,Catamarca,NOA,Catamarca,https://www.launion.digital,Escándalo: qué pasa con la salud de Jorge Messi y el porqué de la aclaración de la familia
2026-06-18,2026-W25,provincial,LA UNIÓN,Catamarca,NOA,Catamarca,https://www.launion.digital,"Robó una herramienta, la escondió en una conservadora y lo descubrieron"
2026-06-18,2026-W25,provincial,LA UNIÓN,Catamarca,NOA,Catamarca,https://www.launion.digital,Vialidad Provincial y Nacional trabajarán en obras en La Cebila e ingreso del sur capitalino
2026-06-18,2026-W25,provincial,LA UNIÓN,Catamarca,NOA,Catamarca,https://www.launion.digital,ARCA ahora intimó al contratista que complicó a Manuel Adorni
2026-06-18,2026-W25,provincial,LA UNIÓN,Catamarca,NOA,Catamarca,https://www.launion.digital,Pidieron la indagatoria para Francisco Adorni por presunto enriquecimiento ilícito
2026-06-18,2026-W25,provincial,LA UNIÓN,Catamarca,NOA,Catamarca,https://www.launion.digital,El escenario del Pabellón de Turismo con diez días de experiencias para vivir Catamarca
2026-06-18,2026-W25,provincial,LA UNIÓN,Catamarca,NOA,Catamarca,https://www.launion.digital,Resultado del sorteo de La Primera de la quiniela de Catamarca
2026-06-18,2026-W25,provincial,LA UNIÓN,Catamarca,NOA,Catamarca,https://www.launion.digital,VIDEOS: Nevadas y viento blanco en la cordillera catamarqueña
2026-06-18,2026-W25,provincial,LA UNIÓN,Catamarca,NOA,Catamarca,https://www.launion.digital,Nuevos gastos de Adorni: investigan si usó a una empleada para comprar sábanas por $8.000.000
2026-06-18,2026-W25,provincial,LA UNIÓN,Catamarca,NOA,Catamarca,https://www.launion.digital,Por qué este jueves no hay audiencia en el juicio por la desaparición de Loan
2026-06-18,2026-W25,provincial,LA UNIÓN,Catamarca,NOA,Catamarca,https://www.launion.digital,"Por la baja natalidad, en 2027 no será necesario construir salas de jardines de infantes"
2026-06-18,2026-W25,provincial,LA UNIÓN,Catamarca,NOA,Catamarca,https://www.launion.digital,Comienza la segunda fecha: México y Canadá buscan dar un paso clave y definitorio
2026-06-18,2026-W25,provincial,LA UNIÓN,Catamarca,NOA,Catamarca,https://www.launion.digital,Jueves frío en Catamarca y nuevas chances de lloviznas
2026-06-18,2026-W25,provincial,LA UNIÓN,Catamarca,NOA,Catamarca,https://www.launion.digital,Entregaron más de 200 tablets completando un total de 600 a escuelas de Catamarca
2026-06-18,2026-W25,provincial,LA UNIÓN,Catamarca,NOA,Catamarca,https://www.launion.digital,"Qué es el Cesio-137, el material radiactivo que fue robado y activó las alertas"
2026-06-18,2026-W25,provincial,LA UNIÓN,Catamarca,NOA,Catamarca,https://www.launion.digital,"Grave acusación contra Mercado Pago por el prode del Mundial que usan 2,3 millones de personas"
2026-06-18,2026-W25,provincial,LA UNIÓN,Catamarca,NOA,Catamarca,https://www.launion.digital,¿Qué le pasa al papá de Lionel Messi?
2026-06-18,2026-W25,provincial,LA UNIÓN,Catamarca,NOA,Catamarca,https://www.launion.digital,El petróleo se derrumba tras el acuerdo entre Estados Unidos e Irán
2026-06-18,2026-W25,provincial,LA UNIÓN,Catamarca,NOA,Catamarca,https://www.launion.digital,Causa Cuadernos: declaran nuevos testigos vinculados a la flota presidencial
2026-06-18,2026-W25,provincial,LA UNIÓN,Catamarca,NOA,Catamarca,https://www.launion.digital,La ley de lobby pierde impulso en Diputados: crecen las críticas
2026-06-18,2026-W25,provincial,LA UNIÓN,Catamarca,NOA,Catamarca,https://www.launion.digital,ANSES Catamarca: calendario de pagos para hoy jueves 18 de junio
2026-06-18,2026-W25,provincial,LA UNIÓN,Catamarca,NOA,Catamarca,https://www.launion.digital,Resultado del sorteo de la tarde de la quiniela de Catamarca
2026-06-18,2026-W25,provincial,LA UNIÓN,Catamarca,NOA,Catamarca,https://www.launion.digital,Horóscopo favorable: estos signos tendrán una racha de buena suerte en la segunda mitad de junio
2026-06-18,2026-W25,provincial,LA UNIÓN,Catamarca,NOA,Catamarca,https://www.launion.digital,Resultado del sorteo vespertino de la quiniela de Catamarca
2026-06-18,2026-W25,provincial,LA UNIÓN,Catamarca,NOA,Catamarca,https://www.launion.digital,Catamarca confirmó cuándo se pagará el aguinaldo y el cronograma salarial de junio
2026-06-18,2026-W25,provincial,LA UNIÓN,Catamarca,NOA,Catamarca,https://www.launion.digital,Reprograman el Concurso de Interinatos y Suplencias: nuevas fechas y sede única
2026-06-18,2026-W25,provincial,LA UNIÓN,Catamarca,NOA,Catamarca,https://www.launion.digital,Inglaterra le ganó a Croacia en un partidazo a puro gol
2026-06-18,2026-W25,provincial,LA UNIÓN,Catamarca,NOA,Catamarca,https://www.launion.digital,"En pleno Mundial, River oficializó la llegada de su segundo refuerzo"
2026-06-18,2026-W25,provincial,LA UNIÓN,Catamarca,NOA,Catamarca,https://www.launion.digital,Catamarca impulsa una jornada clave para la primera infancia con una Expo EPI
2026-06-18,2026-W25,provincial,LA UNIÓN,Catamarca,NOA,Catamarca,https://www.launion.digital,Volvieron a internar a Chiche Gelblung a pocos días de recibir el alta
2026-06-18,2026-W25,provincial,LA UNIÓN,Catamarca,NOA,Catamarca,https://www.launion.digital,Pollicita quiere saber el historial laboral y patrimonial de Adorni y su esposa
2026-06-18,2026-W25,provincial,LA UNIÓN,Catamarca,NOA,Catamarca,https://www.launion.digital,Sorpresa mundial: la Portugal de Cristiano Ronaldo no pudo ante Congo y empató
2026-06-18,2026-W25,provincial,LA UNIÓN,Catamarca,NOA,Catamarca,https://www.launion.digital,Caso Loan: qué hizo la familia con las donaciones y por qué se quedaron solos
2026-06-18,2026-W25,provincial,LA UNIÓN,Catamarca,NOA,Catamarca,https://www.launion.digital,"Estaba festejando con amigos, se cayó y golpeó contra una piedra"
2026-06-18,2026-W25,provincial,LA UNIÓN,Catamarca,NOA,Catamarca,https://www.launion.digital,Plan Canje por el Mundial: cómo entregar tu televisor usado y recibir un Smart TV nuevo
2026-06-18,2026-W25,provincial,LA UNIÓN,Catamarca,NOA,Catamarca,https://www.launion.digital,Grave accidente: cayó desde un andamio de tres metros y sufrió severas lesiones
2026-06-18,2026-W25,provincial,LA UNIÓN,Catamarca,NOA,Catamarca,https://www.launion.digital,Un empleado de un comercio fue arrestado tras ser descubierto robando mercadería en Catamarca
2026-06-18,2026-W25,provincial,LA UNIÓN,Catamarca,NOA,Catamarca,https://www.launion.digital,"Falleció el ""Pato"" Gentilini, figura fundamental de la música del norte"
2026-06-18,2026-W25,provincial,LA UNIÓN,Catamarca,NOA,Catamarca,https://www.launion.digital,"El desgarrador mensaje de la exnovia de Gaspi: ""Dolor, presión y vacío en el pecho"""
2026-06-18,2026-W25,provincial,LA UNIÓN,Catamarca,NOA,Catamarca,https://www.launion.digital,Más de una semana sin clases en la Escuela N° 146 de F.M.E: las razones
2026-06-18,2026-W25,provincial,LA UNIÓN,Catamarca,NOA,Catamarca,https://www.launion.digital,Paritaria nacional: ATE reclama una suma fija de $400.000 y aumentos por encima de la inflación
2026-06-18,2026-W25,provincial,LA UNIÓN,Catamarca,NOA,Catamarca,https://www.launion.digital,Estudiantes del IES Pomán sostienen la toma y convocan a una marcha
2026-06-18,2026-W25,provincial,LA UNIÓN,Catamarca,NOA,Catamarca,https://www.launion.digital,Catamarca suma conexión con Chile con un transporte directo por el Paso San Francisco
2026-06-18,2026-W25,provincial,LA UNIÓN,Catamarca,NOA,Catamarca,https://www.launion.digital,León XIV respaldó el acuerdo entre EE.UU. e Irán y expresó preocupación por Ucrania
2026-06-18,2026-W25,provincial,LA UNIÓN,Catamarca,NOA,Catamarca,https://www.launion.digital,El Registro Civil con nuevos operativos de documentación en el interior y la Capital
2026-06-18,2026-W25,provincial,LA UNIÓN,Catamarca,NOA,Catamarca,https://www.launion.digital,"Ingresó a vivienda para robar, fue sorprendido y lo detuvieron"
2026-06-18,2026-W25,provincial,LA UNIÓN,Catamarca,NOA,Catamarca,https://www.launion.digital,Refuerzan la prevención en el norte de la Capital con operativos integrales
2026-06-18,2026-W25,provincial,LA UNIÓN,Catamarca,NOA,Catamarca,https://www.launion.digital,Conflicto en el transporte
2026-06-18,2026-W25,provincial,LA UNIÓN,Catamarca,NOA,Catamarca,https://www.launion.digital,Amenazó a policías con un cuchillo durante un procedimiento: lo detuvieron
2026-06-18,2026-W25,provincial,EL TRIBUNO,Jujuy,NOA,San Salvador de Jujuy,https://www.eltribunodejujuy.com,Noticias de interés general actualizadas 24HS
2026-06-18,2026-W25,provincial,EL TRIBUNO,Jujuy,NOA,San Salvador de Jujuy,https://www.eltribunodejujuy.com,Presentaron la Diplomatura Universitaria en Comunicación Judicial
2026-06-18,2026-W25,provincial,EL TRIBUNO,Jujuy,NOA,San Salvador de Jujuy,https://www.eltribunodejujuy.com,Encontraron un explosivo en una feria
2026-06-18,2026-W25,provincial,EL TRIBUNO,Jujuy,NOA,San Salvador de Jujuy,https://www.eltribunodejujuy.com,Nueva sede del Círculo Odontológico en Perico
2026-06-18,2026-W25,provincial,EL TRIBUNO,Jujuy,NOA,San Salvador de Jujuy,https://www.eltribunodejujuy.com,Hoy Inta realiza jornada sanitaria para enfrentar enfermedades del tomate
2026-06-18,2026-W25,provincial,EL TRIBUNO,Jujuy,NOA,San Salvador de Jujuy,https://www.eltribunodejujuy.com,Analizan proyecto para el ordenamiento del corredor del Río Grande
2026-06-18,2026-W25,provincial,EL TRIBUNO,Jujuy,NOA,San Salvador de Jujuy,https://www.eltribunodejujuy.com,"Partidos de hoy jueves 18 de junio, horarios y cómo verlos en vivo"
2026-06-18,2026-W25,provincial,EL TRIBUNO,Jujuy,NOA,San Salvador de Jujuy,https://www.eltribunodejujuy.com,Colombia debutó con un triunfo de 3-1 sobre Uzbekistán
2026-06-18,2026-W25,provincial,EL TRIBUNO,Jujuy,NOA,San Salvador de Jujuy,https://www.eltribunodejujuy.com,Inglaterra vence a Croacia en un partido con seis goles
2026-06-18,2026-W25,provincial,EL TRIBUNO,Jujuy,NOA,San Salvador de Jujuy,https://www.eltribunodejujuy.com,Messi entrenó con baja intensidad y ya piensa en Austria
2026-06-18,2026-W25,provincial,EL TRIBUNO,Jujuy,NOA,San Salvador de Jujuy,https://www.eltribunodejujuy.com,Ghana encontró el gol sobre el final y venció a Panamá en Toronto
2026-06-18,2026-W25,provincial,EL TRIBUNO,Jujuy,NOA,San Salvador de Jujuy,https://www.eltribunodejujuy.com,Portugal empató con RD Congo 1 a 1
2026-06-18,2026-W25,provincial,EL TRIBUNO,Jujuy,NOA,San Salvador de Jujuy,https://www.eltribunodejujuy.com,“Fueron días complicados”: Messi explicó por qué se emocionó en la goleada de la Selección contra Argelia
2026-06-18,2026-W25,provincial,EL TRIBUNO,Jujuy,NOA,San Salvador de Jujuy,https://www.eltribunodejujuy.com,Horarios y canales para ver los partidos de hoy miércoles
2026-06-18,2026-W25,provincial,EL TRIBUNO,Jujuy,NOA,San Salvador de Jujuy,https://www.eltribunodejujuy.com,Austria derrotó 3-1 a Jordania y comparte el liderato del Grupo J con Argentina
2026-06-18,2026-W25,provincial,EL TRIBUNO,Jujuy,NOA,San Salvador de Jujuy,https://www.eltribunodejujuy.com,Últimas noticias
2026-06-18,2026-W25,provincial,EL TRIBUNO,Jujuy,NOA,San Salvador de Jujuy,https://www.eltribunodejujuy.com,"“Si tengo un funcionario como Adorni, lo echo a los 2 minutos”"
2026-06-18,2026-W25,provincial,EL TRIBUNO,Jujuy,NOA,San Salvador de Jujuy,https://www.eltribunodejujuy.com,Violencia de género: un hombre ebrio rompió un vidrio y amenazó a su expareja
2026-06-18,2026-W25,provincial,EL TRIBUNO,Jujuy,NOA,San Salvador de Jujuy,https://www.eltribunodejujuy.com,Varias rutas de Jujuy con tramos complicados
2026-06-18,2026-W25,provincial,EL TRIBUNO,Jujuy,NOA,San Salvador de Jujuy,https://www.eltribunodejujuy.com,En “el mes del buen trato a los adultos personas mayores”
2026-06-18,2026-W25,provincial,EL TRIBUNO,Jujuy,NOA,San Salvador de Jujuy,https://www.eltribunodejujuy.com,El acto central del Día de la Bandera será en La Quiaca
2026-06-18,2026-W25,provincial,EL TRIBUNO,Jujuy,NOA,San Salvador de Jujuy,https://www.eltribunodejujuy.com,18 de junio: Día del Orgullo Autista
2026-06-18,2026-W25,provincial,EL TRIBUNO,Jujuy,NOA,San Salvador de Jujuy,https://www.eltribunodejujuy.com,Parlamento del Norte Grande en Santiago del Estero
2026-06-18,2026-W25,provincial,EL TRIBUNO,Jujuy,NOA,San Salvador de Jujuy,https://www.eltribunodejujuy.com,Docentes de “El Hormiguero” convocan a un “cartelazo”
2026-06-18,2026-W25,provincial,EL TRIBUNO,Jujuy,NOA,San Salvador de Jujuy,https://www.eltribunodejujuy.com,Organizaciones denuncian vulneración de derechos
2026-06-18,2026-W25,provincial,EL TRIBUNO,Jujuy,NOA,San Salvador de Jujuy,https://www.eltribunodejujuy.com,Palpalá puso en valor monumento a Güemes
2026-06-18,2026-W25,provincial,EL TRIBUNO,Jujuy,NOA,San Salvador de Jujuy,https://www.eltribunodejujuy.com,Municipio y Provincia por agua en la Puna
2026-06-18,2026-W25,provincial,EL TRIBUNO,Jujuy,NOA,San Salvador de Jujuy,https://www.eltribunodejujuy.com,Encuentro de adultos mayores
2026-06-18,2026-W25,provincial,EL TRIBUNO,Jujuy,NOA,San Salvador de Jujuy,https://www.eltribunodejujuy.com,El Fuerte con La Scaloneta
2026-06-18,2026-W25,provincial,EL TRIBUNO,Jujuy,NOA,San Salvador de Jujuy,https://www.eltribunodejujuy.com,Fin de semana con la fiesta del Inti Raymi en Jujuy
2026-06-18,2026-W25,provincial,EL TRIBUNO,Jujuy,NOA,San Salvador de Jujuy,https://www.eltribunodejujuy.com,"Una familia necesitó casi 1,5 millones para no ser pobre"
2026-06-18,2026-W25,provincial,EL TRIBUNO,Jujuy,NOA,San Salvador de Jujuy,https://www.eltribunodejujuy.com,Más de 10.300 jujeños donaron sangre en 2025
2026-06-18,2026-W25,provincial,EL TRIBUNO,Jujuy,NOA,San Salvador de Jujuy,https://www.eltribunodejujuy.com,"Servicial y dedicado, afronta la vida con una actitud feliz"
2026-06-18,2026-W25,provincial,EL TRIBUNO,Jujuy,NOA,San Salvador de Jujuy,https://www.eltribunodejujuy.com,Premiados del locro y la empanada en Maimará
2026-06-18,2026-W25,provincial,EL TRIBUNO,Jujuy,NOA,San Salvador de Jujuy,https://www.eltribunodejujuy.com,Viajes por RSE: más de 6 mil jujeños en el Tren Solar en 2026
2026-06-18,2026-W25,provincial,EL TRIBUNO,Jujuy,NOA,San Salvador de Jujuy,https://www.eltribunodejujuy.com,Murió la mujer que sufrió graves quemaduras cuando explotó un celular dentro de un auto
2026-06-18,2026-W25,provincial,EL TRIBUNO,Jujuy,NOA,San Salvador de Jujuy,https://www.eltribunodejujuy.com,Gendarme purgará 17 años en prisión por asesinar a un joven
2026-06-18,2026-W25,provincial,EL TRIBUNO,Jujuy,NOA,San Salvador de Jujuy,https://www.eltribunodejujuy.com,Preventiva para el acusado de cometer un asesinato
2026-06-18,2026-W25,provincial,EL TRIBUNO,Jujuy,NOA,San Salvador de Jujuy,https://www.eltribunodejujuy.com,Denunció el faltante de más de 32 millones de pesos
2026-06-18,2026-W25,provincial,EL TRIBUNO,Jujuy,NOA,San Salvador de Jujuy,https://www.eltribunodejujuy.com,Tenía pedido de detención
2026-06-18,2026-W25,provincial,EL TRIBUNO,Jujuy,NOA,San Salvador de Jujuy,https://www.eltribunodejujuy.com,Gimnasia sacó pecho y goleó a Nueva Chicago
2026-06-18,2026-W25,provincial,EL TRIBUNO,Jujuy,NOA,San Salvador de Jujuy,https://www.eltribunodejujuy.com,El DT destacó la entrega colectiva
2026-06-18,2026-W25,provincial,EL TRIBUNO,Jujuy,NOA,San Salvador de Jujuy,https://www.eltribunodejujuy.com,"""Borrados"" en el ""santo"""
2026-06-18,2026-W25,provincial,EL TRIBUNO,Jujuy,NOA,San Salvador de Jujuy,https://www.eltribunodejujuy.com,Aliento desde Palpalá y la Puna jujeña
2026-06-18,2026-W25,provincial,EL TRIBUNO,Jujuy,NOA,San Salvador de Jujuy,https://www.eltribunodejujuy.com,Malvinas rearmará su plantel para así disputar la 2º plaza
2026-06-18,2026-W25,provincial,EL TRIBUNO,Jujuy,NOA,San Salvador de Jujuy,https://www.eltribunodejujuy.com,Carne de búfalo: es más magra y cuesta 20% menos
2026-06-18,2026-W25,provincial,EL TRIBUNO,Jujuy,NOA,San Salvador de Jujuy,https://www.eltribunodejujuy.com,"Por la caída de la natalidad, el jardín de infantes podría alcanzar cobertura casi universal en 2027"
2026-06-18,2026-W25,provincial,EL TRIBUNO,Jujuy,NOA,San Salvador de Jujuy,https://www.eltribunodejujuy.com,Alerta nacional por el robo de una cápsula radiactiva en Rosario
2026-06-18,2026-W25,provincial,EL TRIBUNO,Jujuy,NOA,San Salvador de Jujuy,https://www.eltribunodejujuy.com,Cinco pescadores desaparecidos en el Río de la Plata
2026-06-18,2026-W25,provincial,EL TRIBUNO,Jujuy,NOA,San Salvador de Jujuy,https://www.eltribunodejujuy.com,El Gobierno otorgará un plus de hasta 25% para el personal de las Fuerzas Armadas con formación académica
2026-06-18,2026-W25,provincial,LEA,Jujuy,NOA,San Salvador de Jujuy,https://www.periodicolea.com.ar,JUJUY ACTUALIDAD
2026-06-18,2026-W25,provincial,LEA,Jujuy,NOA,San Salvador de Jujuy,https://www.periodicolea.com.ar,Para atender a Jujuy y a la Región
2026-06-18,2026-W25,provincial,LEA,Jujuy,NOA,San Salvador de Jujuy,https://www.periodicolea.com.ar,DEPORTE NACIONAL
2026-06-18,2026-W25,provincial,LEA,Jujuy,NOA,San Salvador de Jujuy,https://www.periodicolea.com.ar,CULTURA & ESPECTÁCULOS
2026-06-18,2026-W25,provincial,LEA,Jujuy,NOA,San Salvador de Jujuy,https://www.periodicolea.com.ar,INTERNACIONALES
2026-06-18,2026-W25,provincial,LEA,Jujuy,NOA,San Salvador de Jujuy,https://www.periodicolea.com.ar,LEA LO MÁS VISTO
2026-06-18,2026-W25,provincial,LEA,Jujuy,NOA,San Salvador de Jujuy,https://www.periodicolea.com.ar,LEA NUESTRA PORTADA
2026-06-18,2026-W25,provincial,LEA,Jujuy,NOA,San Salvador de Jujuy,https://www.periodicolea.com.ar,Alto Comedero: finalizaron las obras de mejoras integrales de la Plaza 370 Viviendas
2026-06-18,2026-W25,provincial,LEA,Jujuy,NOA,San Salvador de Jujuy,https://www.periodicolea.com.ar,La firma Kilowatt recibió el certificado de Crédito Fiscal
2026-06-18,2026-W25,provincial,LEA,Jujuy,NOA,San Salvador de Jujuy,https://www.periodicolea.com.ar,Quedó inhabilitado el ingreso a Ciudad de Nieva por calle Libertad
2026-06-18,2026-W25,provincial,LEA,Jujuy,NOA,San Salvador de Jujuy,https://www.periodicolea.com.ar,204º Aniversario del paso a la inmortalidad del General Manuel Eduardo Arias
2026-06-18,2026-W25,provincial,LEA,Jujuy,NOA,San Salvador de Jujuy,https://www.periodicolea.com.ar,La Comisión de Igualdad de Género recibió a organizaciones feministas de Jujuy
2026-06-18,2026-W25,provincial,LEA,Jujuy,NOA,San Salvador de Jujuy,https://www.periodicolea.com.ar,Jujuy avanza en un Plan de Acción Territorial de Salud para Alto Comedero
2026-06-18,2026-W25,provincial,LEA,Jujuy,NOA,San Salvador de Jujuy,https://www.periodicolea.com.ar,Salta: imputaron y dictaron prisión preventiva a una pareja tras el secuestro de más de 200 kilos de marihuana y cocaína
2026-06-18,2026-W25,provincial,LEA,Jujuy,NOA,San Salvador de Jujuy,https://www.periodicolea.com.ar,Jaldo encabezó un encuentro político e institucional con 500 dirigentes peronistas
2026-06-18,2026-W25,provincial,LEA,Jujuy,NOA,San Salvador de Jujuy,https://www.periodicolea.com.ar,Raúl Jalil invitó a Javier Milei a la Fiesta Nacional e Internacional del Poncho en Catamarca
2026-06-18,2026-W25,provincial,LEA,Jujuy,NOA,San Salvador de Jujuy,https://www.periodicolea.com.ar,Cada vez más dificil llegar a fin de mes: la preocupación por los salarios erosiona la imagen del Gobierno
2026-06-18,2026-W25,provincial,LEA,Jujuy,NOA,San Salvador de Jujuy,https://www.periodicolea.com.ar,Adorni quedó al borde de la salida y en la Rosada ya mencionan a Quirno como posible reemplazo
2026-06-18,2026-W25,provincial,LEA,Jujuy,NOA,San Salvador de Jujuy,https://www.periodicolea.com.ar,"El peor número desde la Pandemia: desde la llegada de Milei, cerraron más de 2mil empresas y ya son 14mil menos en un año"
2026-06-18,2026-W25,provincial,LEA,Jujuy,NOA,San Salvador de Jujuy,https://www.periodicolea.com.ar,"Manuel Adorni: según la DDJJ, su patrimonio creció 45 veces en 2024 y crecen los rumores sobre su salida"
2026-06-18,2026-W25,provincial,LEA,Jujuy,NOA,San Salvador de Jujuy,https://www.periodicolea.com.ar,"Por el recorte de la obra pública y subsidios, el Gobierno tuvo superávit en mayo"
2026-06-18,2026-W25,provincial,LEA,Jujuy,NOA,San Salvador de Jujuy,https://www.periodicolea.com.ar,Milei: lo que logró y lo que perdió
2026-06-18,2026-W25,provincial,LEA,Jujuy,NOA,San Salvador de Jujuy,https://www.periodicolea.com.ar,Continúan abiertas las inscripciones para los Juegos Deportivos Forja para adultos mayores
2026-06-18,2026-W25,provincial,LEA,Jujuy,NOA,San Salvador de Jujuy,https://www.periodicolea.com.ar,Gimnasia y Esgrima de Jujuy goleó a Chicago y alcanzó a Atlanta en la cima de la Zona “B”
2026-06-18,2026-W25,provincial,LEA,Jujuy,NOA,San Salvador de Jujuy,https://www.periodicolea.com.ar,Talleres de Perico clasificó al Regional Amateur y Zapla junto a Malvinas definen la segunda plaza
2026-06-18,2026-W25,provincial,LEA,Jujuy,NOA,San Salvador de Jujuy,https://www.periodicolea.com.ar,Inglaterra le ganó a Croacia por 4 a 2 en lo que fue el mejor partido de la primera fecha de la Copa del Mundo
2026-06-18,2026-W25,provincial,LEA,Jujuy,NOA,San Salvador de Jujuy,https://www.periodicolea.com.ar,Boca y Edinson Cavani acordaron la rescisión anticipada del contrato
2026-06-18,2026-W25,provincial,LEA,Jujuy,NOA,San Salvador de Jujuy,https://www.periodicolea.com.ar,River oficializó la llegada de su segundo refuerzo en el actual mercado de pases
2026-06-18,2026-W25,provincial,LEA,Jujuy,NOA,San Salvador de Jujuy,https://www.periodicolea.com.ar,Cómo aprovechar la IA de Google para convertir documentos en podcast
2026-06-18,2026-W25,provincial,LEA,Jujuy,NOA,San Salvador de Jujuy,https://www.periodicolea.com.ar,Qué hacer cuando tu Google Chrome funciona de manera lenta
2026-06-18,2026-W25,provincial,LEA,Jujuy,NOA,San Salvador de Jujuy,https://www.periodicolea.com.ar,"Lanzan o1, la inteligencia artificial que «piensa» antes de responder"
2026-06-18,2026-W25,provincial,LEA,Jujuy,NOA,San Salvador de Jujuy,https://www.periodicolea.com.ar,Jujuy Alienta» vivió una exitosa primera jornada en Ciudad Cultural
2026-06-18,2026-W25,provincial,LEA,Jujuy,NOA,San Salvador de Jujuy,https://www.periodicolea.com.ar,El motivo secreto detrás de las lágrimas del capitán tras su triplete
2026-06-18,2026-W25,provincial,LEA,Jujuy,NOA,San Salvador de Jujuy,https://www.periodicolea.com.ar,Tilcara contará con una nueva base operativa de seguridad junto a la estación del Tren Solar
2026-06-18,2026-W25,provincial,LEA,Jujuy,NOA,San Salvador de Jujuy,https://www.periodicolea.com.ar,Kast presenta asesores de plan «Chile Renace» con 16 nombres: Sergio Micco y Beatriz Hevia entre ellos
2026-06-18,2026-W25,provincial,LEA,Jujuy,NOA,San Salvador de Jujuy,https://www.periodicolea.com.ar,Sigue aviso de posibles chubascos en Antofagasta: municipio insiste en tomar resguardos
2026-06-18,2026-W25,provincial,LEA,Jujuy,NOA,San Salvador de Jujuy,https://www.periodicolea.com.ar,Detienen a dos mujeres extranjeras por trata de personas con fines de explotación sexual en Iquique
2026-06-18,2026-W25,provincial,LEA,Jujuy,NOA,San Salvador de Jujuy,https://www.periodicolea.com.ar,«Estamos acá para buscar soluciones y no problemas»: las primeras palabras del presidente Paz en el inicio del diálogo
2026-06-18,2026-W25,provincial,LEA,Jujuy,NOA,San Salvador de Jujuy,https://www.periodicolea.com.ar,Bolivia mantiene el precio de carburantes pese al costo de una nueva subvención
2026-06-18,2026-W25,provincial,LEA,Jujuy,NOA,San Salvador de Jujuy,https://www.periodicolea.com.ar,Gobernadora y empresarios de Tarija esperan la pacificación con el diálogo Gobierno – COB
2026-06-18,2026-W25,provincial,LEA,Jujuy,NOA,San Salvador de Jujuy,https://www.periodicolea.com.ar,La metamorfosis demográfica de América Latina: la población mayor duplicará a la infantil en 2037
2026-06-18,2026-W25,provincial,LEA,Jujuy,NOA,San Salvador de Jujuy,https://www.periodicolea.com.ar,Lula le pide a Trump que no se meta en las elecciones en Brasil
2026-06-18,2026-W25,provincial,LEA,Jujuy,NOA,San Salvador de Jujuy,https://www.periodicolea.com.ar,Cómo van las elecciones de Colombia 2026 en el exterior y cuándo saldrán los resultados
2026-06-18,2026-W25,provincial,LEA,Jujuy,NOA,San Salvador de Jujuy,https://www.periodicolea.com.ar,El G7 aumenta la presión sobre Rusia para poner fin a la guerra en Ucrania
2026-06-18,2026-W25,provincial,LEA,Jujuy,NOA,San Salvador de Jujuy,https://www.periodicolea.com.ar,Entra en vigor el 1 de julio en Florida: la nueva ley que afecta a migrantes con visa de estudiante
2026-06-18,2026-W25,provincial,LEA,Jujuy,NOA,San Salvador de Jujuy,https://www.periodicolea.com.ar,Cuáles son los 14 puntos del acuerdo que firmaron Estados Unidos e Irán para lograr la paz en Medio Oriente
2026-06-18,2026-W25,provincial,PREGÓN,Jujuy,NOA,San Salvador de Jujuy,https://www.pregon.com.ar,Gimnasia goleó a Nueva Chicago y sigue en la punta
2026-06-18,2026-W25,provincial,PREGÓN,Jujuy,NOA,San Salvador de Jujuy,https://www.pregon.com.ar,Comercios deciden abrir en el feriado del 20
2026-06-18,2026-W25,provincial,PREGÓN,Jujuy,NOA,San Salvador de Jujuy,https://www.pregon.com.ar,Nueva diplomatura en Metodología de la Investigación en Ciencias Médicas
2026-06-18,2026-W25,provincial,PREGÓN,Jujuy,NOA,San Salvador de Jujuy,https://www.pregon.com.ar,GNC más barato que la nafta: 7.000 vehículos se convirtieron a gas en Jujuy
2026-06-18,2026-W25,provincial,PREGÓN,Jujuy,NOA,San Salvador de Jujuy,https://www.pregon.com.ar,Lanzamiento de la Manka Fiesta 2026 y presentación de Los Kjarkas
2026-06-18,2026-W25,provincial,PREGÓN,Jujuy,NOA,San Salvador de Jujuy,https://www.pregon.com.ar,Se disputó el Challenger Nacional de Menores y Todo Competidor
2026-06-18,2026-W25,provincial,PREGÓN,Jujuy,NOA,San Salvador de Jujuy,https://www.pregon.com.ar,Se definieron los campeones del torneo clasificatorio en distintas categorías
2026-06-18,2026-W25,provincial,PREGÓN,Jujuy,NOA,San Salvador de Jujuy,https://www.pregon.com.ar,"Duro informe de la Fundación Pensar contra el modelo de Milei: ""No construye una mayoría de ganadores"""
2026-06-18,2026-W25,provincial,PREGÓN,Jujuy,NOA,San Salvador de Jujuy,https://www.pregon.com.ar,Jujuy asistió a reunión sobre el programa nacional de diagnóstico y tratamiento de ACV
2026-06-18,2026-W25,provincial,PREGÓN,Jujuy,NOA,San Salvador de Jujuy,https://www.pregon.com.ar,Estrategias de prevención en salud mental
2026-06-18,2026-W25,provincial,PREGÓN,Jujuy,NOA,San Salvador de Jujuy,https://www.pregon.com.ar,Los actos oficiales por el Día de la Bandera se realizarán en la La Quiaca
2026-06-18,2026-W25,provincial,PREGÓN,Jujuy,NOA,San Salvador de Jujuy,https://www.pregon.com.ar,Dictaron prisión preventiva para el acusado de asesinar al joven de Alto Comedero
2026-06-18,2026-W25,provincial,PREGÓN,Jujuy,NOA,San Salvador de Jujuy,https://www.pregon.com.ar,"Colectivo que viajaba a Jujuy chocó con un camión, se incendió y dejó un muerto"
2026-06-18,2026-W25,provincial,PREGÓN,Jujuy,NOA,San Salvador de Jujuy,https://www.pregon.com.ar,"Fue emboscada, la tiraron al suelo y le robaron 300 mil pesos"
2026-06-18,2026-W25,provincial,PREGÓN,Jujuy,NOA,San Salvador de Jujuy,https://www.pregon.com.ar,Referentes del peronismo jujeño impulsan la construcción de una nueva etapa política
2026-06-18,2026-W25,provincial,PREGÓN,Jujuy,NOA,San Salvador de Jujuy,https://www.pregon.com.ar,"Jóvenes, mujeres y trabajadores debatieron la construcción de una alternativa política en Jujuy"
2026-06-18,2026-W25,provincial,PREGÓN,Jujuy,NOA,San Salvador de Jujuy,https://www.pregon.com.ar,Firme contra EJESA: vecinos y gremios reclamaron por el tarifazo
2026-06-18,2026-W25,provincial,PREGÓN,Jujuy,NOA,San Salvador de Jujuy,https://www.pregon.com.ar,El récord histórico que puede alcanzar Dibu Martínez con la Selección argentina
2026-06-18,2026-W25,provincial,PREGÓN,Jujuy,NOA,San Salvador de Jujuy,https://www.pregon.com.ar,"El historial de la Selección argentina con Austria, su próximo rival en el Mundial 2026"
2026-06-18,2026-W25,provincial,PREGÓN,Jujuy,NOA,San Salvador de Jujuy,https://www.pregon.com.ar,Boca inicia la era Arruabarrena con una pretemporada a doble turno
2026-06-18,2026-W25,provincial,PREGÓN,Jujuy,NOA,San Salvador de Jujuy,https://www.pregon.com.ar,Mundial 2026: crece la preocupación de los especialistas en salud mental por las apuestas online
2026-06-18,2026-W25,provincial,PREGÓN,Jujuy,NOA,San Salvador de Jujuy,https://www.pregon.com.ar,River anunció un amistoso internacional ante Flamengo en Portugal
2026-06-18,2026-W25,provincial,PREGÓN,Jujuy,NOA,San Salvador de Jujuy,https://www.pregon.com.ar,Thierry Henry cuestionó a CR7 tras el empate de Portugal: “No se trata solo de marcar goles”
2026-06-18,2026-W25,provincial,PREGÓN,Jujuy,NOA,San Salvador de Jujuy,https://www.pregon.com.ar,Nueva encuesta nacional: contra quién podría perder en un balotaje Javier Milei
2026-06-18,2026-W25,provincial,PREGÓN,Jujuy,NOA,San Salvador de Jujuy,https://www.pregon.com.ar,"Récord de divisas: el agro, la minería y la energía aportaron US$17.600 millones en el primer cuatrimestre"
2026-06-18,2026-W25,provincial,PREGÓN,Jujuy,NOA,San Salvador de Jujuy,https://www.pregon.com.ar,Nuevo sistema de scoring para la licencia de conducir en Argentina: cómo funciona y qué hay que tener en cuenta
2026-06-18,2026-W25,provincial,PREGÓN,Jujuy,NOA,San Salvador de Jujuy,https://www.pregon.com.ar,Ucrania lanzó contra Rusia su mayor ataque con drones en dos años
2026-06-18,2026-W25,provincial,PREGÓN,Jujuy,NOA,San Salvador de Jujuy,https://www.pregon.com.ar,Brasil: condenaron a nueve años de prisión a piratas audiovisuales
2026-06-18,2026-W25,provincial,PREGÓN,Jujuy,NOA,San Salvador de Jujuy,https://www.pregon.com.ar,Candidato a la vicepresidencia de Colombia traza un sombrío panorama
2026-06-18,2026-W25,provincial,PREGÓN,Jujuy,NOA,San Salvador de Jujuy,https://www.pregon.com.ar,El pase de factura de Mario Pergolini a Lali Espósito y Ca7riel y Paco Amoroso
2026-06-18,2026-W25,provincial,PREGÓN,Jujuy,NOA,San Salvador de Jujuy,https://www.pregon.com.ar,Muerte de Oliver Tree: su novia pidió respeto y lo despidió con un mensaje en redes
2026-06-18,2026-W25,provincial,PREGÓN,Jujuy,NOA,San Salvador de Jujuy,https://www.pregon.com.ar,"María Becerra habló sin filtro sobre su vida sexual con J. Rei: “Soy muy gauchita"""
2026-06-18,2026-W25,provincial,PREGÓN,Jujuy,NOA,San Salvador de Jujuy,https://www.pregon.com.ar,l Estado reducido a Vigilante
2026-06-18,2026-W25,provincial,PREGÓN,Jujuy,NOA,San Salvador de Jujuy,https://www.pregon.com.ar,¿Y dónde están los Rectores?
2026-06-18,2026-W25,provincial,PREGÓN,Jujuy,NOA,San Salvador de Jujuy,https://www.pregon.com.ar,JUJUY Comercios deciden abrir en el feriado del 20 17-06-2026
2026-06-18,2026-W25,provincial,PREGÓN,Jujuy,NOA,San Salvador de Jujuy,https://www.pregon.com.ar,JUJUY Nueva diplomatura en Metodología de la Investigación en Ciencias Médicas 17-06-2026
2026-06-18,2026-W25,provincial,PREGÓN,Jujuy,NOA,San Salvador de Jujuy,https://www.pregon.com.ar,JUJUY GNC más barato que la nafta: 7.000 vehículos se convirtieron a gas en Jujuy 17-06-2026
2026-06-18,2026-W25,provincial,PREGÓN,Jujuy,NOA,San Salvador de Jujuy,https://www.pregon.com.ar,JUJUY Lanzamiento de la Manka Fiesta 2026 y presentación de Los Kjarkas 17-06-2026
2026-06-18,2026-W25,provincial,PREGÓN,Jujuy,NOA,San Salvador de Jujuy,https://www.pregon.com.ar,DEPORTES Se disputó el Challenger Nacional de Menores y Todo Competidor 17-06-2026
2026-06-18,2026-W25,provincial,PREGÓN,Jujuy,NOA,San Salvador de Jujuy,https://www.pregon.com.ar,DEPORTES Se definieron los campeones del torneo clasificatorio en distintas categorías 17-06-2026
2026-06-18,2026-W25,provincial,PREGÓN,Jujuy,NOA,San Salvador de Jujuy,https://www.pregon.com.ar,"NACIONAL Duro informe de la Fundación Pensar contra el modelo de Milei: ""No construye una mayoría de ganadores"" 1:19 PM"
2026-06-18,2026-W25,provincial,PREGÓN,Jujuy,NOA,San Salvador de Jujuy,https://www.pregon.com.ar,JUJUY Jujuy asistió a reunión sobre el programa nacional de diagnóstico y tratamiento de ACV 17-06-2026
2026-06-18,2026-W25,provincial,PREGÓN,Jujuy,NOA,San Salvador de Jujuy,https://www.pregon.com.ar,JUJUY Estrategias de prevención en salud mental 17-06-2026
2026-06-18,2026-W25,provincial,PREGÓN,Jujuy,NOA,San Salvador de Jujuy,https://www.pregon.com.ar,JUJUY Los actos oficiales por el Día de la Bandera se realizarán en la La Quiaca 17-06-2026
2026-06-18,2026-W25,provincial,PREGÓN,Jujuy,NOA,San Salvador de Jujuy,https://www.pregon.com.ar,POLICIAL Dictaron prisión preventiva para el acusado de asesinar al joven de Alto Comedero 17-06-2026
2026-06-18,2026-W25,provincial,PREGÓN,Jujuy,NOA,San Salvador de Jujuy,https://www.pregon.com.ar,"POLICIAL Colectivo que viajaba a Jujuy chocó con un camión, se incendió y dejó un muerto 17-06-2026"
2026-06-18,2026-W25,provincial,PREGÓN,Jujuy,NOA,San Salvador de Jujuy,https://www.pregon.com.ar,"POLICIAL Fue emboscada, la tiraron al suelo y le robaron 300 mil pesos 17-06-2026"
2026-06-18,2026-W25,provincial,PREGÓN,Jujuy,NOA,San Salvador de Jujuy,https://www.pregon.com.ar,POLITICA Referentes del peronismo jujeño impulsan la construcción de una nueva etapa política 17-06-2026
2026-06-18,2026-W25,provincial,PREGÓN,Jujuy,NOA,San Salvador de Jujuy,https://www.pregon.com.ar,"POLITICA Jóvenes, mujeres y trabajadores debatieron la construcción de una alternativa política en Jujuy 17-06-2026"
2026-06-18,2026-W25,provincial,PREGÓN,Jujuy,NOA,San Salvador de Jujuy,https://www.pregon.com.ar,POLITICA Firme contra EJESA: vecinos y gremios reclamaron por el tarifazo 17-06-2026
2026-06-18,2026-W25,provincial,EL INDEPENDIENTE,La Rioja,NOA,La Rioja,https://www.elindependiente.com.ar,La Provincia impulsa experiencias laborales para estudiantes de Maestro Mayor de Obras
2026-06-18,2026-W25,provincial,EL INDEPENDIENTE,La Rioja,NOA,La Rioja,https://www.elindependiente.com.ar,La familia de Lionel Messi llevó tranquilidad por el estado de salud de su padre
2026-06-18,2026-W25,provincial,EL INDEPENDIENTE,La Rioja,NOA,La Rioja,https://www.elindependiente.com.ar,El récord histórico que puede alcanzar Dibu Martínez con la Selección argentina
2026-06-18,2026-W25,provincial,EL INDEPENDIENTE,La Rioja,NOA,La Rioja,https://www.elindependiente.com.ar,Sigue este viernes el cronograma de pago de la Quincena a estatales
2026-06-18,2026-W25,provincial,EL INDEPENDIENTE,La Rioja,NOA,La Rioja,https://www.elindependiente.com.ar,"El historial de la Selección argentina con Austria, su próximo rival en el Mundial 2026"
2026-06-18,2026-W25,provincial,EL INDEPENDIENTE,La Rioja,NOA,La Rioja,https://www.elindependiente.com.ar,"ARCA intimó a Matías Tabar, el contratista de Manuel Adorni"
2026-06-18,2026-W25,provincial,EL INDEPENDIENTE,La Rioja,NOA,La Rioja,https://www.elindependiente.com.ar,Tagliafico evoluciona bien y apunta a estar disponible frente a Austria
2026-06-18,2026-W25,provincial,EL INDEPENDIENTE,La Rioja,NOA,La Rioja,https://www.elindependiente.com.ar,Mundial 2026: se pone en marcha la segunda fecha de la fase de grupos
2026-06-18,2026-W25,provincial,EL INDEPENDIENTE,La Rioja,NOA,La Rioja,https://www.elindependiente.com.ar,Ghana derrotó sobre la hora a Panamá para cerrar la primera fecha del Grupo L
2026-06-18,2026-W25,provincial,EL INDEPENDIENTE,La Rioja,NOA,La Rioja,https://www.elindependiente.com.ar,Colombia se impuso ante Uzbekistán y cerró la primera fecha del Mundial
2026-06-18,2026-W25,provincial,EL INDEPENDIENTE,La Rioja,NOA,La Rioja,https://www.elindependiente.com.ar,Inglaterra le ganó a Croacia en un partidazo en su estreno en el Mundial
2026-06-18,2026-W25,provincial,EL INDEPENDIENTE,La Rioja,NOA,La Rioja,https://www.elindependiente.com.ar,Portugal empató 1 a 1 con República Democrática del Congo
2026-06-18,2026-W25,provincial,EL INDEPENDIENTE,La Rioja,NOA,La Rioja,https://www.elindependiente.com.ar,Cristiano Ronaldo debuta en el Mundial 2026
2026-06-18,2026-W25,provincial,EL INDEPENDIENTE,La Rioja,NOA,La Rioja,https://www.elindependiente.com.ar,Se viene el debut de Inglaterra y la Portugal de Cristiano Ronaldo
2026-06-18,2026-W25,provincial,EL INDEPENDIENTE,La Rioja,NOA,La Rioja,https://www.elindependiente.com.ar,Más seguridad para jóvenes estudiantes y deportistas del barrio San Vicente
2026-06-18,2026-W25,provincial,EL INDEPENDIENTE,La Rioja,NOA,La Rioja,https://www.elindependiente.com.ar,El Superior Tribunal de Justicia aguarda el resultado de la autoría para tomar medidas
2026-06-18,2026-W25,provincial,EL INDEPENDIENTE,La Rioja,NOA,La Rioja,https://www.elindependiente.com.ar,La Dirección de Investigaciones prepara un día especial para celebrar sus 50°
2026-06-18,2026-W25,provincial,EL INDEPENDIENTE,La Rioja,NOA,La Rioja,https://www.elindependiente.com.ar,"Por baja natalidad, en 2027 no será necesario construir jardines de infantes en el país"
2026-06-18,2026-W25,provincial,EL INDEPENDIENTE,La Rioja,NOA,La Rioja,https://www.elindependiente.com.ar,Impulsan campaña de donación y trueque de abrigos para trabajadores municipales
2026-06-18,2026-W25,provincial,EL INDEPENDIENTE,La Rioja,NOA,La Rioja,https://www.elindependiente.com.ar,Efemérides del 18 de junio: ¿Qué pasó un día como hoy?
2026-06-18,2026-W25,provincial,EL INDEPENDIENTE,La Rioja,NOA,La Rioja,https://www.elindependiente.com.ar,Destacan un jueves con probabilidad de lloviznas
2026-06-18,2026-W25,provincial,EL INDEPENDIENTE,La Rioja,NOA,La Rioja,https://www.elindependiente.com.ar,Calendario de ANSES del 18 de junio
2026-06-18,2026-W25,provincial,EL INDEPENDIENTE,La Rioja,NOA,La Rioja,https://www.elindependiente.com.ar,Catuna será sede de la Instancia Zonal de la Feria de Ciencias STEAM
2026-06-18,2026-W25,provincial,EL INDEPENDIENTE,La Rioja,NOA,La Rioja,https://www.elindependiente.com.ar,Perú confirmó la visita del papa León XIV y crecen expectativas por su llegada a Argent
2026-06-18,2026-W25,provincial,EL INDEPENDIENTE,La Rioja,NOA,La Rioja,https://www.elindependiente.com.ar,Santos inocentes
2026-06-18,2026-W25,provincial,EL INDEPENDIENTE,La Rioja,NOA,La Rioja,https://www.elindependiente.com.ar,Robo y homicidio: El peritaje de una prenda complica a imputados
2026-06-18,2026-W25,provincial,EL INDEPENDIENTE,La Rioja,NOA,La Rioja,https://www.elindependiente.com.ar,"Shakira elogió a Leo Messi tras su hat-trick contra Argelia: ""Magia pura"""
2026-06-18,2026-W25,provincial,EL INDEPENDIENTE,La Rioja,NOA,La Rioja,https://www.elindependiente.com.ar,Juli Savioli despidió a Gaspi con notable angustia
2026-06-18,2026-W25,provincial,EL INDEPENDIENTE,La Rioja,NOA,La Rioja,https://www.elindependiente.com.ar,Neymar Jr. será padre por quinta vez
2026-06-18,2026-W25,provincial,EL INDEPENDIENTE,La Rioja,NOA,La Rioja,https://www.elindependiente.com.ar,Chiche Gelblung habló por primera vez tras recibir el alta médica
2026-06-18,2026-W25,provincial,EL INDEPENDIENTE,La Rioja,NOA,La Rioja,https://www.elindependiente.com.ar,"Murió Anne Schedeen, la madre de la serie Alf, a los 77 años"
2026-06-18,2026-W25,provincial,EL INDEPENDIENTE,La Rioja,NOA,La Rioja,https://www.elindependiente.com.ar,La Cámara de Diputados sesiona este jueves con un importante orden del día
2026-06-18,2026-W25,provincial,EL INDEPENDIENTE,La Rioja,NOA,La Rioja,https://www.elindependiente.com.ar,Sector privado perdió 14.044 empresas en un año: La Rioja entre las más afectadas
2026-06-18,2026-W25,provincial,EL INDEPENDIENTE,La Rioja,NOA,La Rioja,https://www.elindependiente.com.ar,Decretan asueto administrativo tras la victoria de Argentina
2026-06-18,2026-W25,provincial,EL INDEPENDIENTE,La Rioja,NOA,La Rioja,https://www.elindependiente.com.ar,"Difunden alerta amarilla por lluvias aisladas, vientos y niebla"
2026-06-18,2026-W25,provincial,EL INDEPENDIENTE,La Rioja,NOA,La Rioja,https://www.elindependiente.com.ar,Vialidad Provincial fortalece el mantenimiento de la red vial en distintos departamento
2026-06-18,2026-W25,provincial,EL INDEPENDIENTE,La Rioja,NOA,La Rioja,https://www.elindependiente.com.ar,Nuevo sistema de scoring para la licencia de conducir en Argentina
2026-06-18,2026-W25,provincial,EL INDEPENDIENTE,La Rioja,NOA,La Rioja,https://www.elindependiente.com.ar,"Bullrich: ""Milei considera que no hay motivos para echar a Adorni"""
2026-06-18,2026-W25,provincial,EL INDEPENDIENTE,La Rioja,NOA,La Rioja,https://www.elindependiente.com.ar,Pidieron la indagatoria para el hermano de Manuel Adorni
2026-06-18,2026-W25,provincial,EL INDEPENDIENTE,La Rioja,NOA,La Rioja,https://www.elindependiente.com.ar,Ciclista sufrió graves lesiones tras caer en plena avenida por una convulsión
2026-06-18,2026-W25,provincial,EL INDEPENDIENTE,La Rioja,NOA,La Rioja,https://www.elindependiente.com.ar,Hombre a juicio por abusar sexualmente de un familiar
2026-06-18,2026-W25,provincial,EL INDEPENDIENTE,La Rioja,NOA,La Rioja,https://www.elindependiente.com.ar,Boca inicia la era Arruabarrena con una pretemporada a doble turno
2026-06-18,2026-W25,provincial,EL INDEPENDIENTE,La Rioja,NOA,La Rioja,https://www.elindependiente.com.ar,Justicia avaló el traslado de la AFA a Pilar y anuló designación de veedores de la IGJ
2026-06-18,2026-W25,provincial,EL INDEPENDIENTE,La Rioja,NOA,La Rioja,https://www.elindependiente.com.ar,No va más: Boca rescindirá el contrato de Edinson Cavani
2026-06-18,2026-W25,provincial,EL INDEPENDIENTE,La Rioja,NOA,La Rioja,https://www.elindependiente.com.ar,New York Knicks es el nuevo campeón de la NBA y alza el título luego de 53 años
2026-06-18,2026-W25,provincial,EL INDEPENDIENTE,La Rioja,NOA,La Rioja,https://www.elindependiente.com.ar,Ucrania lanzó contra Rusia su mayor ataque con drones en dos años
2026-06-18,2026-W25,provincial,EL INDEPENDIENTE,La Rioja,NOA,La Rioja,https://www.elindependiente.com.ar,Brasil: condenaron a nueve años de prisión a piratas audiovisuales
2026-06-18,2026-W25,provincial,EL INDEPENDIENTE,La Rioja,NOA,La Rioja,https://www.elindependiente.com.ar,Presidentes de EEUU e Irán firmaron el memorándum de entendimiento
2026-06-18,2026-W25,provincial,EL INDEPENDIENTE,La Rioja,NOA,La Rioja,https://www.elindependiente.com.ar,El petróleo cotiza por debajo de los US$80
2026-06-18,2026-W25,provincial,EL INDEPENDIENTE,La Rioja,NOA,La Rioja,https://www.elindependiente.com.ar,Esculturas icónicas de la Ciudad amanecieron vestidas de celeste y blanco
2026-06-18,2026-W25,provincial,NUEVA RIOJA,La Rioja,NOA,La Rioja,https://www.nuevarioja.com.ar,"Desesperada por la situación de su hijo, una madre se encadenó frente a Tribunales"
2026-06-18,2026-W25,provincial,NUEVA RIOJA,La Rioja,NOA,La Rioja,https://www.nuevarioja.com.ar,Ritex se reconvierte y llega a Zara con algodón orgánico y materiales reciclados
2026-06-18,2026-W25,provincial,NUEVA RIOJA,La Rioja,NOA,La Rioja,https://www.nuevarioja.com.ar,Alerta meteorológica de nieve para La Rioja
2026-06-18,2026-W25,provincial,NUEVA RIOJA,La Rioja,NOA,La Rioja,https://www.nuevarioja.com.ar,Espectacular vuelco de una camioneta dejó a su conductor con serias heridas
2026-06-18,2026-W25,provincial,NUEVA RIOJA,La Rioja,NOA,La Rioja,https://www.nuevarioja.com.ar,La familia de Messi emitió un comunicado para aclarar rumores sobre el estado de salud de Jorge
2026-06-18,2026-W25,provincial,NUEVA RIOJA,La Rioja,NOA,La Rioja,https://www.nuevarioja.com.ar,Illari volvió a volar: liberaron a una cóndor andina rescatada en La Rioja
2026-06-18,2026-W25,provincial,NUEVA RIOJA,La Rioja,NOA,La Rioja,https://www.nuevarioja.com.ar,Elevan a juicio una causa por presuntos abusos cometidos en el ámbito familiar
2026-06-18,2026-W25,provincial,NUEVA RIOJA,La Rioja,NOA,La Rioja,https://www.nuevarioja.com.ar,Tenis: Ortenzi quedó eliminada en Italia y ya piensa en Wimbledon
2026-06-18,2026-W25,provincial,NUEVA RIOJA,La Rioja,NOA,La Rioja,https://www.nuevarioja.com.ar,Confirman una gira del papa León XIV por Sudamérica en noviembre e incluiría un paso por la Argentina
2026-06-18,2026-W25,provincial,NUEVA RIOJA,La Rioja,NOA,La Rioja,https://www.nuevarioja.com.ar,Paso a paso para sumarse al Prode del Mundial con grandes premios oficiales de la selección Argentina
2026-06-18,2026-W25,provincial,NUEVA RIOJA,La Rioja,NOA,La Rioja,https://www.nuevarioja.com.ar,Tagliafico evoluciona bien y apunta a estar disponible frente a Austria
2026-06-18,2026-W25,provincial,NUEVA RIOJA,La Rioja,NOA,La Rioja,https://www.nuevarioja.com.ar,Colombia venció a Uzbekistán y debutó con el pie derecho en el Mundial 2026
2026-06-18,2026-W25,provincial,NUEVA RIOJA,La Rioja,NOA,La Rioja,https://www.nuevarioja.com.ar,Argentina enfrentará a Austria en un duelo clave por el Grupo J
2026-06-18,2026-W25,provincial,NUEVA RIOJA,La Rioja,NOA,La Rioja,https://www.nuevarioja.com.ar,El elogio que sorprendió al mundo: el DT de Argelia se rindió ante Messi tras su exhibición mundialista
2026-06-18,2026-W25,provincial,NUEVA RIOJA,La Rioja,NOA,La Rioja,https://www.nuevarioja.com.ar,Ghana derrotó agónicamente a Panamá y puso primera con una sonrisa en el Mundial 2026
2026-06-18,2026-W25,provincial,NUEVA RIOJA,La Rioja,NOA,La Rioja,https://www.nuevarioja.com.ar,Portugal sufrió y apenas igualó con RD Congo
2026-06-18,2026-W25,provincial,NUEVA RIOJA,La Rioja,NOA,La Rioja,https://www.nuevarioja.com.ar,Inglaterra fue pura contundencia y se impuso con autoridad en un partidazo ante Croacia
2026-06-18,2026-W25,provincial,NUEVA RIOJA,La Rioja,NOA,La Rioja,https://www.nuevarioja.com.ar,Últimas noticias
2026-06-18,2026-W25,provincial,NUEVA RIOJA,La Rioja,NOA,La Rioja,https://www.nuevarioja.com.ar,Casinos Mac Group celebra el Día del Padre con un gran sorteo para ocho ganadores
2026-06-18,2026-W25,provincial,NUEVA RIOJA,La Rioja,NOA,La Rioja,https://www.nuevarioja.com.ar,"Skokka, Huan62 y el fenómeno que nadie había planeado"
2026-06-18,2026-W25,provincial,NUEVA RIOJA,La Rioja,NOA,La Rioja,https://www.nuevarioja.com.ar,"Quintela y autoridades de Felipe Varela analizaron plan de obras, minería y limites con San Juan"
2026-06-18,2026-W25,provincial,NUEVA RIOJA,La Rioja,NOA,La Rioja,https://www.nuevarioja.com.ar,Fútbol: La sexta fecha sigue con dos partidos
2026-06-18,2026-W25,provincial,NUEVA RIOJA,La Rioja,NOA,La Rioja,https://www.nuevarioja.com.ar,Chicos riojanos montaron un estudio mundialista para grabar programas
2026-06-18,2026-W25,provincial,NUEVA RIOJA,La Rioja,NOA,La Rioja,https://www.nuevarioja.com.ar,Fútbol: Racing e Independencia se repartieron los puntos
2026-06-18,2026-W25,provincial,NUEVA RIOJA,La Rioja,NOA,La Rioja,https://www.nuevarioja.com.ar,"Por la caída de la natalidad, en 2027 el jardín de infantes podría alcanzar una cobertura cercana al 100% sin construir nuevas salas"
2026-06-18,2026-W25,provincial,NUEVA RIOJA,La Rioja,NOA,La Rioja,https://www.nuevarioja.com.ar,Rugby: Federico Torre jugará el Mundial M20 con Los Pumitas
2026-06-18,2026-W25,provincial,NUEVA RIOJA,La Rioja,NOA,La Rioja,https://www.nuevarioja.com.ar,Podio riojano en el Mundial de Atletismo con Síndrome de Down
2026-06-18,2026-W25,provincial,NUEVA RIOJA,La Rioja,NOA,La Rioja,https://www.nuevarioja.com.ar,Denuncian robo de estufas en una escuela de barrio Malvinas
2026-06-18,2026-W25,provincial,NUEVA RIOJA,La Rioja,NOA,La Rioja,https://www.nuevarioja.com.ar,Pica Juárez reversionó “El camión de Germán” para alentar a la Scaloneta
2026-06-18,2026-W25,provincial,NUEVA RIOJA,La Rioja,NOA,La Rioja,https://www.nuevarioja.com.ar,No va más: Boca rescindirá el contrato de Edinson Cavani
2026-06-18,2026-W25,provincial,NUEVA RIOJA,La Rioja,NOA,La Rioja,https://www.nuevarioja.com.ar,Día de la Bandera a pura chaya: llega la peña de Gloria de la Vega
2026-06-18,2026-W25,provincial,NUEVA RIOJA,La Rioja,NOA,La Rioja,https://www.nuevarioja.com.ar,La fecha del Provincial de Patín Carrera se disputó en Famatina
2026-06-18,2026-W25,provincial,NUEVA RIOJA,La Rioja,NOA,La Rioja,https://www.nuevarioja.com.ar,Llega la IV maratón teatral Edgardo Gordillo
2026-06-18,2026-W25,provincial,NUEVA RIOJA,La Rioja,NOA,La Rioja,https://www.nuevarioja.com.ar,"""Toy Story 5"" en Cinemacenter"
2026-06-18,2026-W25,provincial,NUEVA RIOJA,La Rioja,NOA,La Rioja,https://www.nuevarioja.com.ar,Micro que partió desde La Rioja chocó e incendió en ruta de Salta
2026-06-18,2026-W25,provincial,NUEVA RIOJA,La Rioja,NOA,La Rioja,https://www.nuevarioja.com.ar,Continúa el pago de la quincenita
2026-06-18,2026-W25,provincial,NUEVA RIOJA,La Rioja,NOA,La Rioja,https://www.nuevarioja.com.ar,Caso Loan: dictaron un cuarto intermedio hasta la semana que viene
2026-06-18,2026-W25,provincial,NUEVA RIOJA,La Rioja,NOA,La Rioja,https://www.nuevarioja.com.ar,Básquetbol: Comienzan los playoff en la “Copa Secretaría de Deportes”
2026-06-18,2026-W25,provincial,NUEVA RIOJA,La Rioja,NOA,La Rioja,https://www.nuevarioja.com.ar,Disputaron el Torneo de Atletismo “Día de la Bandera”
2026-06-18,2026-W25,provincial,NUEVA RIOJA,La Rioja,NOA,La Rioja,https://www.nuevarioja.com.ar,Pidieron la indagatoria para el hermano de Manuel Adorni
2026-06-18,2026-W25,provincial,NUEVA RIOJA,La Rioja,NOA,La Rioja,https://www.nuevarioja.com.ar,El BID aprobó una garantía por US$550 millones para la Argentina
2026-06-18,2026-W25,provincial,NUEVA RIOJA,La Rioja,NOA,La Rioja,https://www.nuevarioja.com.ar,Senado: se pospuso una semana la sesión por Manuel Adorni y quedó cerca de ser interpelado el 2 de julio
2026-06-18,2026-W25,provincial,NUEVA RIOJA,La Rioja,NOA,La Rioja,https://www.nuevarioja.com.ar,"""No da para más"": el PRO anunció que votará a favor de la remoción de Adorni"
2026-06-18,2026-W25,provincial,NUEVA RIOJA,La Rioja,NOA,La Rioja,https://www.nuevarioja.com.ar,Un fiscal pidió la indagatoria de José Luis Espert por presunto lavado de dinero
2026-06-18,2026-W25,provincial,NUEVA RIOJA,La Rioja,NOA,La Rioja,https://www.nuevarioja.com.ar,Ordenaron nuevas medidas de prueba sobre el patrimonio e ingresos formales de Adorni
2026-06-18,2026-W25,provincial,NUEVA RIOJA,La Rioja,NOA,La Rioja,https://www.nuevarioja.com.ar,Milei recibirá en Olivos a autoridades del Banco Mundial
2026-06-18,2026-W25,provincial,NUEVA RIOJA,La Rioja,NOA,La Rioja,https://www.nuevarioja.com.ar,Criticoma y el riesgo de exposición a pantallas
2026-06-18,2026-W25,provincial,NUEVA RIOJA,La Rioja,NOA,La Rioja,https://www.nuevarioja.com.ar,"Pekín, Kiev y Ormuz: Un mundo que cambia"
2026-06-18,2026-W25,provincial,NUEVA RIOJA,La Rioja,NOA,La Rioja,https://www.nuevarioja.com.ar,Devenir complicado del peronismo de cara a las presidenciales de 2027
2026-06-18,2026-W25,provincial,NUEVA RIOJA,La Rioja,NOA,La Rioja,https://www.nuevarioja.com.ar,Municipio y productores avanzan en acuerdos sobre maquinarias
2026-06-18,2026-W25,provincial,RIOJA VIRTUAL,La Rioja,NOA,La Rioja,https://www.riojavirtual.com.ar,CONFIRMAN QUE UNA PARTE DEL AUMENTO SERÁ CON BOCADE
2026-06-18,2026-W25,provincial,RIOJA VIRTUAL,La Rioja,NOA,La Rioja,https://www.riojavirtual.com.ar,"«A MEDIDA QUE PASA EL TIEMPO, TIENE CADA VEZ MENOS SENTIDO EL ADELANTO»"
2026-06-18,2026-W25,provincial,RIOJA VIRTUAL,La Rioja,NOA,La Rioja,https://www.riojavirtual.com.ar,CÁMARAS EMPRESARIAS SE UNEN PARA FORTALECER LA VOZ DEL SECTOR PRIVADO
2026-06-18,2026-W25,provincial,RIOJA VIRTUAL,La Rioja,NOA,La Rioja,https://www.riojavirtual.com.ar,¿CUÁL ES EL COSTO DE VIDA DE UN ESTUDIANTE UNIVERSITARIO DE LA UNLAR?
2026-06-18,2026-W25,provincial,RIOJA VIRTUAL,La Rioja,NOA,La Rioja,https://www.riojavirtual.com.ar,BOMBA EN EL MERCADO DE PASES EN PLENO MUNDIAL. ENZO FERNÁNDEZ TENDRÍA ACUERDO CON REAL MADRID
2026-06-18,2026-W25,provincial,RIOJA VIRTUAL,La Rioja,NOA,La Rioja,https://www.riojavirtual.com.ar,EL FISCAL MARIJUAN PIDIÓ LA INDAGATORIA DE FRANCISCO ADORNI POR PRESENTAR DECLARACIONES JURADAS FALSAS
2026-06-18,2026-W25,provincial,RIOJA VIRTUAL,La Rioja,NOA,La Rioja,https://www.riojavirtual.com.ar,SE CONFIRMÓ VISITA DEL PAPA A PERÚ Y CRECE LA EXPECTATIVA DE UNA GIRA QUE INCLUIRÍA A ARGENTINA
2026-06-18,2026-W25,provincial,RIOJA VIRTUAL,La Rioja,NOA,La Rioja,https://www.riojavirtual.com.ar,¡Cargando por favor esperar!
2026-06-18,2026-W25,provincial,EL TRIBUNO,Salta,NOA,Salta,https://www.eltribuno.com,Noticias de interés general actualizadas 24HS
2026-06-18,2026-W25,provincial,EL TRIBUNO,Salta,NOA,Salta,https://www.eltribuno.com,Fixture del Mundial 2026
2026-06-18,2026-W25,provincial,EL TRIBUNO,Salta,NOA,Salta,https://www.eltribuno.com,La familia de Lionel Messi emitió un comunicado por la salud de su papá Jorge: “Evoluciona favorablemente dentro del cuadro”
2026-06-18,2026-W25,provincial,EL TRIBUNO,Salta,NOA,Salta,https://www.eltribuno.com,Quebrantó su deber de protección: declararon penalmente responsable a un policía por abuso sexual y grooming
2026-06-18,2026-W25,provincial,EL TRIBUNO,Salta,NOA,Salta,https://www.eltribuno.com,Un ciclista murió tras ser embestido por un auto en la ruta provincial 10
2026-06-18,2026-W25,provincial,EL TRIBUNO,Salta,NOA,Salta,https://www.eltribuno.com,Rige alerta amarilla por fuertes vientos y Zonda en distintas zonas de Salta
2026-06-18,2026-W25,provincial,EL TRIBUNO,Salta,NOA,Salta,https://www.eltribuno.com,Qué pasa con Jorge Messi: preocupa la salud del padre del mejor jugador del mundo
2026-06-18,2026-W25,provincial,EL TRIBUNO,Salta,NOA,Salta,https://www.eltribuno.com,Mundial 2026: así quedaron los grupos tras la finalización de la Fecha 1
2026-06-18,2026-W25,provincial,EL TRIBUNO,Salta,NOA,Salta,https://www.eltribuno.com,Mate y zapatillas: Messi se apoya en su círculo íntimo para pasar sus días “difíciles” y felices
2026-06-18,2026-W25,provincial,EL TRIBUNO,Salta,NOA,Salta,https://www.eltribuno.com,EN VIVO: República Checa vence a Sudáfrica por 1 a 0
2026-06-18,2026-W25,provincial,EL TRIBUNO,Salta,NOA,Salta,https://www.eltribuno.com,Tagliafico evoluciona bien y podría estar disponible frente a Austria
2026-06-18,2026-W25,provincial,EL TRIBUNO,Salta,NOA,Salta,https://www.eltribuno.com,"A Colombia le costó, pero venció a Uzbekistán en el cierre de la fecha 1 del Mundial 2026"
2026-06-18,2026-W25,provincial,EL TRIBUNO,Salta,NOA,Salta,https://www.eltribuno.com,Messi entrenó con baja intensidad después del hat trick y ya piensa en Austria
2026-06-18,2026-W25,provincial,EL TRIBUNO,Salta,NOA,Salta,https://www.eltribuno.com,"Didier Deschamps: ""En el fútbol hay grandes jugadores, hay leyendas… y luego está Messi"""
2026-06-18,2026-W25,provincial,EL TRIBUNO,Salta,NOA,Salta,https://www.eltribuno.com,Arranca la segunda fecha del Mundial 2026: la agenda de los partidos de este jueves
2026-06-18,2026-W25,provincial,EL TRIBUNO,Salta,NOA,Salta,https://www.eltribuno.com,Ghana derrotó sobre la hora a Panamá y comparte la punta con Inglaterra en el Grupo L
2026-06-18,2026-W25,provincial,EL TRIBUNO,Salta,NOA,Salta,https://www.eltribuno.com,El llanto de Messi tras el primer gol ante Argelia: qué dijo Feinmann sobre la salud de su papá
2026-06-18,2026-W25,provincial,EL TRIBUNO,Salta,NOA,Salta,https://www.eltribuno.com,¿Era roja a Messi? Mexicanos y españoles criticaron una polémica jugada y la inacción del VAR
2026-06-18,2026-W25,provincial,EL TRIBUNO,Salta,NOA,Salta,https://www.eltribuno.com,Decepcionante debut de la selección de Portugal y de Cristiano Ronaldo: empató ante Congo 1-1
2026-06-18,2026-W25,provincial,EL TRIBUNO,Salta,NOA,Salta,https://www.eltribuno.com,VIDEO. Florencia Peña anunció por error la muerte del padre de Messi
2026-06-18,2026-W25,provincial,EL TRIBUNO,Salta,NOA,Salta,https://www.eltribuno.com,"VIDEO. Vecinos alertaron de un hombre quemándose en la vereda, pero no pudieron salvarlo"
2026-06-18,2026-W25,provincial,EL TRIBUNO,Salta,NOA,Salta,https://www.eltribuno.com,Nonna Maxxing: la tendencia de la Generación Z que propone vivir como las abuelas italianas
2026-06-18,2026-W25,provincial,EL TRIBUNO,Salta,NOA,Salta,https://www.eltribuno.com,Los Cardones refuerza los controles viales ante el impacto del atropellamiento de fauna silvestre
2026-06-18,2026-W25,provincial,EL TRIBUNO,Salta,NOA,Salta,https://www.eltribuno.com,"Tarjetas de Presidencia: la caja de $1.135 millones que depende de Karina Milei, pero que el Gobierno no abre"
2026-06-18,2026-W25,provincial,EL TRIBUNO,Salta,NOA,Salta,https://www.eltribuno.com,Jura y desfile del Ejército por el Día de la Bandera
2026-06-18,2026-W25,provincial,EL TRIBUNO,Salta,NOA,Salta,https://www.eltribuno.com,Bullrich: “Milei considera que no hay motivos para echar a Adorni”
2026-06-18,2026-W25,provincial,EL TRIBUNO,Salta,NOA,Salta,https://www.eltribuno.com,La Güemesiana celebra su primer aniversario con cuatro días de fiesta y tradición
2026-06-18,2026-W25,provincial,EL TRIBUNO,Salta,NOA,Salta,https://www.eltribuno.com,¡Suscribite al Club y jugá al Prode Mundial!
2026-06-18,2026-W25,provincial,EL TRIBUNO,Salta,NOA,Salta,https://www.eltribuno.com,Cómo registrarte y cargar tus pronósticos
2026-06-18,2026-W25,provincial,EL TRIBUNO,Salta,NOA,Salta,https://www.eltribuno.com,Los premios que podés ganar en el Prode
2026-06-18,2026-W25,provincial,EL TRIBUNO,Salta,NOA,Salta,https://www.eltribuno.com,Una noche folclórica donde solo se apostará con el corazón
2026-06-18,2026-W25,provincial,EL TRIBUNO,Salta,NOA,Salta,https://www.eltribuno.com,"Güemes, nuestro héroe gaucho"
2026-06-18,2026-W25,provincial,EL TRIBUNO,Salta,NOA,Salta,https://www.eltribuno.com,Desfile en homenaje al general Martín Miguel de Güemes
2026-06-18,2026-W25,provincial,EL TRIBUNO,Salta,NOA,Salta,https://www.eltribuno.com,Infernales salteños participaron del cambio de guardia en Casa Rosada en homenaje a Güemes
2026-06-18,2026-W25,provincial,EL TRIBUNO,Salta,NOA,Salta,https://www.eltribuno.com,Salta homenajeó a Martín Miguel de Güemes entre fogones y emoción: las mejores fotos de la Guardia Bajo las Estrellas
2026-06-18,2026-W25,provincial,EL TRIBUNO,Salta,NOA,Salta,https://www.eltribuno.com,Pidieron la indagatoria para el hermano de Manuel Adorni
2026-06-18,2026-W25,provincial,EL TRIBUNO,Salta,NOA,Salta,https://www.eltribuno.com,VIDEO. Alerta mundial: Ucrania golpea con un ataque masivo de drones a una refinería en pleno Moscú
2026-06-18,2026-W25,provincial,EL TRIBUNO,Salta,NOA,Salta,https://www.eltribuno.com,Los Cardones celebrará 30 años con una noche bajo las estrellas
2026-06-18,2026-W25,provincial,EL TRIBUNO,Salta,NOA,Salta,https://www.eltribuno.com,Ternado por llevar robótica a comunidades indígenas
2026-06-18,2026-W25,provincial,EL TRIBUNO,Salta,NOA,Salta,https://www.eltribuno.com,La Fiscalía pidió indagar a José Luis Espert por presunto lavado de dinero
2026-06-18,2026-W25,provincial,EL TRIBUNO,Salta,NOA,Salta,https://www.eltribuno.com,"La Bitácora, este jueves en La Florida 97"
2026-06-18,2026-W25,provincial,EL TRIBUNO,Salta,NOA,Salta,https://www.eltribuno.com,"""Nos está costando a la hora de definir"", reconoció Sanz en Central Norte"
2026-06-18,2026-W25,provincial,EL TRIBUNO,Salta,NOA,Salta,https://www.eltribuno.com,"Orán, ""Memoria y Tierra que Danza"""
2026-06-18,2026-W25,provincial,EL TRIBUNO,Salta,NOA,Salta,https://www.eltribuno.com,"El ""Vasco"" Azconzábal prepara variantes defensivas en Gimnasia y Tiro, para visitar a Maipú"
2026-06-18,2026-W25,provincial,EL TRIBUNO,Salta,NOA,Salta,https://www.eltribuno.com,"""Tocando al Frente"": el inesperado viaje de una canción brasileña que conquistó a los salteños"
2026-06-18,2026-W25,provincial,EL TRIBUNO,Salta,NOA,Salta,https://www.eltribuno.com,General Güemes: primer caso de leishmaniasis visceral
2026-06-18,2026-W25,provincial,EL TRIBUNO,Salta,NOA,Salta,https://www.eltribuno.com,EEUU reanudará los ataques si Irán no cumple el acuerdo
2026-06-18,2026-W25,provincial,EL TRIBUNO,Salta,NOA,Salta,https://www.eltribuno.com,El Tribuno Campo
2026-06-18,2026-W25,provincial,EL TRIBUNO,Salta,NOA,Salta,https://www.eltribuno.com,El Gran Rosario recuperó el liderazgo a nivel mundial como nodo portuario
2026-06-18,2026-W25,provincial,EL TRIBUNO,Salta,NOA,Salta,https://www.eltribuno.com,La proyección agrícola y la sustentabilidad hacia el año 2035
2026-06-18,2026-W25,provincial,NUEVO DIARIO,Salta,NOA,Salta,https://www.nuevodiariodesalta.com.ar,Nuevo Diario de Salta | El diario chiquito | Salta y Argentina
2026-06-18,2026-W25,provincial,NUEVO DIARIO,Salta,NOA,Salta,https://www.nuevodiariodesalta.com.ar,"La Provincia retomó la restauración de la histórica Finca El Carmen, tras la parálisis nacional"
2026-06-18,2026-W25,provincial,NUEVO DIARIO,Salta,NOA,Salta,https://www.nuevodiariodesalta.com.ar,Express Telecomunicaciones avanza con fibra óptica en Salta y lanza sorteos por el Mundial
2026-06-18,2026-W25,provincial,NUEVO DIARIO,Salta,NOA,Salta,https://www.nuevodiariodesalta.com.ar,Alertan por que Naturgy terceriza controles de instalaciones de gas: “Usan solo fotos para aprobar los trabajos”
2026-06-18,2026-W25,provincial,NUEVO DIARIO,Salta,NOA,Salta,https://www.nuevodiariodesalta.com.ar,Mañana se realizará la primera edición de la Feria de la Carne con descuentos de hasta el 50%
2026-06-18,2026-W25,provincial,NUEVO DIARIO,Salta,NOA,Salta,https://www.nuevodiariodesalta.com.ar,Ya está disponible la semaforización de loteos de Cerrillos para consultar el estado de las urbanizaciones
2026-06-18,2026-W25,provincial,NUEVO DIARIO,Salta,NOA,Salta,https://www.nuevodiariodesalta.com.ar,"Peñalba pidió justicia, planificación y conciencia social frente a los incendios en Cafayate"
2026-06-18,2026-W25,provincial,NUEVO DIARIO,Salta,NOA,Salta,https://www.nuevodiariodesalta.com.ar,"Con becas y un programa de formación en el interior, se fortalece la carrera de Medicina"
2026-06-18,2026-W25,provincial,NUEVO DIARIO,Salta,NOA,Salta,https://www.nuevodiariodesalta.com.ar,"El Jefe de Gabinete, Manuel Adorni, será interpelado en el Senado el jueves 2 de julio"
2026-06-18,2026-W25,provincial,NUEVO DIARIO,Salta,NOA,Salta,https://www.nuevodiariodesalta.com.ar,La Justicia amplía la lupa sobre el patrimonio Adorni por presunto enriquecimiento
2026-06-18,2026-W25,provincial,NUEVO DIARIO,Salta,NOA,Salta,https://www.nuevodiariodesalta.com.ar,La justicia pide indagatoria de José Luis Espert por presunto lavado de activos
2026-06-18,2026-W25,provincial,NUEVO DIARIO,Salta,NOA,Salta,https://www.nuevodiariodesalta.com.ar,La familia de Gaspi desmintió una colecta para repatriar su cuerpo y alertó por posibles estafas
2026-06-18,2026-W25,provincial,NUEVO DIARIO,Salta,NOA,Salta,https://www.nuevodiariodesalta.com.ar,"Luego del triunfo frente a Argelia, la Selección entrenó con chalecos refrigerantes"
2026-06-18,2026-W25,provincial,NUEVO DIARIO,Salta,NOA,Salta,https://www.nuevodiariodesalta.com.ar,Inglaterra mostró su poderío ante Croacia y lo derrotó por 4 goles a 2
2026-06-18,2026-W25,provincial,NUEVO DIARIO,Salta,NOA,Salta,https://www.nuevodiariodesalta.com.ar,"Pintaba empate ante Panamá, pero siempre alguien Ghana"
2026-06-18,2026-W25,provincial,NUEVO DIARIO,Salta,NOA,Salta,https://www.nuevodiariodesalta.com.ar,Portugal no cumplió un buen papel en su debut y empató 1 a 1 con Congo
2026-06-18,2026-W25,provincial,NUEVO DIARIO,Salta,NOA,Salta,https://www.nuevodiariodesalta.com.ar,"Austria, el próximo rival de Argentina, venció a Jordania por 3 a 1"
2026-06-18,2026-W25,provincial,NUEVO DIARIO,Salta,NOA,Salta,https://www.nuevodiariodesalta.com.ar,Acampe y vigilia para comprar entradas para Tini
2026-06-18,2026-W25,provincial,NUEVO DIARIO,Salta,NOA,Salta,https://www.nuevodiariodesalta.com.ar,El Senado salteño homenajeó a las Voces de Oran por sus 50 años
2026-06-18,2026-W25,provincial,NUEVO DIARIO,Salta,NOA,Salta,https://www.nuevodiariodesalta.com.ar,Accidente Hinchas de Central
2026-06-18,2026-W25,provincial,NUEVO DIARIO,Salta,NOA,Salta,https://www.nuevodiariodesalta.com.ar,Nuevo Diario de Salta festejó sus 20 años en familia.
2026-06-18,2026-W25,provincial,NUEVO DIARIO,Salta,NOA,Salta,https://www.nuevodiariodesalta.com.ar,Incidentes en la Popular Norte de la parcialidad de Central Norte
2026-06-18,2026-W25,provincial,NUEVO DIARIO,Salta,NOA,Salta,https://www.nuevodiariodesalta.com.ar,El Pilcomayo está a punto de llevarse una casa en Santa Victoria Este
2026-06-18,2026-W25,provincial,NUEVO DIARIO,Salta,NOA,Salta,https://www.nuevodiariodesalta.com.ar,Crecida del Rio Pilcomayo en Santa Victoria Este
2026-06-18,2026-W25,provincial,NUEVO DIARIO,Salta,NOA,Salta,https://www.nuevodiariodesalta.com.ar,"Así agredían al periodista de Pichanal, Gustavo Mendieta"
2026-06-18,2026-W25,provincial,NUEVO DIARIO,Salta,NOA,Salta,https://www.nuevodiariodesalta.com.ar,Interés general
2026-06-18,2026-W25,provincial,NUEVO DIARIO,Salta,NOA,Salta,https://www.nuevodiariodesalta.com.ar,Últimas noticias
2026-06-18,2026-W25,provincial,NUEVO DIARIO,Salta,NOA,Salta,https://www.nuevodiariodesalta.com.ar,Deporte Ver más
2026-06-18,2026-W25,provincial,NUEVO DIARIO,Salta,NOA,Salta,https://www.nuevodiariodesalta.com.ar,Interés general Ver más
2026-06-18,2026-W25,provincial,NUEVO DIARIO,Salta,NOA,Salta,https://www.nuevodiariodesalta.com.ar,"Soledad Outes denunció a su madre, María Elena Jiménez, por presunto fraude"
2026-06-18,2026-W25,provincial,NUEVO DIARIO,Salta,NOA,Salta,https://www.nuevodiariodesalta.com.ar,Ejecutan arreglos de calzada en calle Coronel Suárez al 600
2026-06-18,2026-W25,provincial,NUEVO DIARIO,Salta,NOA,Salta,https://www.nuevodiariodesalta.com.ar,Municipales de Hipólito Yrigoyen con un corte de la RN 50 endurecen el paro
2026-06-18,2026-W25,provincial,NUEVO DIARIO,Salta,NOA,Salta,https://www.nuevodiariodesalta.com.ar,El crecimiento del dengue en Salta genera preocupación en trabajadores del Estado
2026-06-18,2026-W25,provincial,NUEVO DIARIO,Salta,NOA,Salta,https://www.nuevodiariodesalta.com.ar,Fornasari sería el elegido para superar la crisis del “Cuervo”
2026-06-18,2026-W25,provincial,NUEVO DIARIO,Salta,NOA,Salta,https://www.nuevodiariodesalta.com.ar,Multimedia 1 / 8 Videos
2026-06-18,2026-W25,provincial,NUEVO DIARIO,Salta,NOA,Salta,https://www.nuevodiariodesalta.com.ar,Horario de atención
2026-06-18,2026-W25,provincial,NUEVO DIARIO,Salta,NOA,Salta,https://www.nuevodiariodesalta.com.ar,Más noticias Salta País Mundo Deporte Interés general Licitaciones Obituario Clasificados
2026-06-18,2026-W25,provincial,NUEVO DIARIO,Salta,NOA,Salta,https://www.nuevodiariodesalta.com.ar,Salta País Mundo Deporte Interés general Licitaciones Obituario Clasificados
2026-06-18,2026-W25,provincial,NUEVO DIARIO,Salta,NOA,Salta,https://www.nuevodiariodesalta.com.ar,Hallaron a un hombre sin vida en la vía pública y la Policía investiga las causas
2026-06-18,2026-W25,provincial,NUEVO DIARIO,Salta,NOA,Salta,https://www.nuevodiariodesalta.com.ar,Decomisaron 768 kilos de hojas de coca en un tour de compras que había salido de Orán
2026-06-18,2026-W25,provincial,EL LIBERAL,Santiago del Estero,NOA,Santiago del Estero,https://www.elliberal.com.ar,El Liberal - Diario de Santiago del Estero
2026-06-18,2026-W25,provincial,EL LIBERAL,Santiago del Estero,NOA,Santiago del Estero,https://www.elliberal.com.ar,La familia Messi confirmó que Jorge está bajo seguimiento médico y pidió respeto
2026-06-18,2026-W25,provincial,EL LIBERAL,Santiago del Estero,NOA,Santiago del Estero,https://www.elliberal.com.ar,EN VIVO| República Checa empata con Sudáfrica 1  1 en la segunda fecha del Mundial 2026
2026-06-18,2026-W25,provincial,EL LIBERAL,Santiago del Estero,NOA,Santiago del Estero,https://www.elliberal.com.ar,SEGUI NUESTRAS REDES
2026-06-18,2026-W25,provincial,EL LIBERAL,Santiago del Estero,NOA,Santiago del Estero,https://www.elliberal.com.ar,León XIV visitará Perú en noviembre y crece la expectativa por su gira a Argentina y Uruguay
2026-06-18,2026-W25,provincial,EL LIBERAL,Santiago del Estero,NOA,Santiago del Estero,https://www.elliberal.com.ar,Atrapan a un hombre buscado por la Justicia bonaerense por un abuso sexual ultrajante
2026-06-18,2026-W25,provincial,EL LIBERAL,Santiago del Estero,NOA,Santiago del Estero,https://www.elliberal.com.ar,"La muerte de Daniel Quinteros, dueño de la estatua de San La Muerte, abrió una disputa legal"
2026-06-18,2026-W25,provincial,EL LIBERAL,Santiago del Estero,NOA,Santiago del Estero,https://www.elliberal.com.ar,Brutal: una pelea finalizó con dos hermanos heridos a machetazos
2026-06-18,2026-W25,provincial,EL LIBERAL,Santiago del Estero,NOA,Santiago del Estero,https://www.elliberal.com.ar,Viví el camino al Mundial 2026 con EL LIBERAL y sus fichas digitales gratuitas
2026-06-18,2026-W25,provincial,EL LIBERAL,Santiago del Estero,NOA,Santiago del Estero,https://www.elliberal.com.ar,Bplay desembarca en Santiago del Estero de la mano de Casinos del Sol
2026-06-18,2026-W25,provincial,EL LIBERAL,Santiago del Estero,NOA,Santiago del Estero,https://www.elliberal.com.ar,Nicolás Occhiato estalló tras el falso anuncio de Florencia Peña sobre Jorge Messi
2026-06-18,2026-W25,provincial,EL LIBERAL,Santiago del Estero,NOA,Santiago del Estero,https://www.elliberal.com.ar,Detuvieron a un hombre acusado de agredir a su pareja en el barrio General Paz
2026-06-18,2026-W25,provincial,EL LIBERAL,Santiago del Estero,NOA,Santiago del Estero,https://www.elliberal.com.ar,"Florencia Peña anunció en vivo la muerte de Jorge Messi: ""Era un rumor, nada está confirmado"""
2026-06-18,2026-W25,provincial,EL LIBERAL,Santiago del Estero,NOA,Santiago del Estero,https://www.elliberal.com.ar,"En un falso control policial, ""piratas del asfalto"" emboscaron a un camionero y le robaron"
2026-06-18,2026-W25,provincial,EL LIBERAL,Santiago del Estero,NOA,Santiago del Estero,https://www.elliberal.com.ar,Vialidad Nacional solicita máxima precaución en la Ruta 9 tramos Santiago - Termas y Loreto - Ojo de agua
2026-06-18,2026-W25,provincial,EL LIBERAL,Santiago del Estero,NOA,Santiago del Estero,https://www.elliberal.com.ar,"""¿Por qué no la luchaste un poquito más mi loco?"": el desgarrador adiós al motociclista fallecido"
2026-06-18,2026-W25,provincial,EL LIBERAL,Santiago del Estero,NOA,Santiago del Estero,https://www.elliberal.com.ar,Denuncian a ex integrante de Los Carabajal por un incidente familiar en La Banda: una mujer de 71 años se descompensó
2026-06-18,2026-W25,provincial,EL LIBERAL,Santiago del Estero,NOA,Santiago del Estero,https://www.elliberal.com.ar,Un conocido docente muere calcinado al incendiarse su casa
2026-06-18,2026-W25,provincial,EL LIBERAL,Santiago del Estero,NOA,Santiago del Estero,https://www.elliberal.com.ar,Brasil procesó formalmente al arquitecto santiagueño acusado de fotografiar a un niño y difundir mensajes racistas
2026-06-18,2026-W25,provincial,EL LIBERAL,Santiago del Estero,NOA,Santiago del Estero,https://www.elliberal.com.ar,Enfermedades respiratorias: cuáles son los síntomas de alarma
2026-06-18,2026-W25,provincial,EL LIBERAL,Santiago del Estero,NOA,Santiago del Estero,https://www.elliberal.com.ar,"Federico Braun, presidente de La Anónima: ""El problema de la baja del consumo es coyuntural"""
2026-06-18,2026-W25,provincial,EL LIBERAL,Santiago del Estero,NOA,Santiago del Estero,https://www.elliberal.com.ar,Hambre de invierno: por qué comemos más en los meses fríos y cómo evitar excesos
2026-06-18,2026-W25,provincial,EL LIBERAL,Santiago del Estero,NOA,Santiago del Estero,https://www.elliberal.com.ar,Magistral charla del cineasta Carlos Sorín en el inicio del Santiago del Estero Film Fest 2026
2026-06-18,2026-W25,provincial,EL LIBERAL,Santiago del Estero,NOA,Santiago del Estero,https://www.elliberal.com.ar,Dolor de crecimiento en las piernas del niño: cuándo se convierten en una señal de alarma
2026-06-18,2026-W25,provincial,EL LIBERAL,Santiago del Estero,NOA,Santiago del Estero,https://www.elliberal.com.ar,Vence este jueves el plazo para inscribir alianzas y frentes electorales en La Banda
2026-06-18,2026-W25,provincial,EL LIBERAL,Santiago del Estero,NOA,Santiago del Estero,https://www.elliberal.com.ar,Susto en Quimilí: una combi que trasladaba alumnos chocó contra una camioneta
2026-06-18,2026-W25,provincial,EL LIBERAL,Santiago del Estero,NOA,Santiago del Estero,https://www.elliberal.com.ar,Recuperaron herramientas robadas y detuvieron a un sospechoso en Añatuya
2026-06-18,2026-W25,provincial,EL LIBERAL,Santiago del Estero,NOA,Santiago del Estero,https://www.elliberal.com.ar,Debut positivo para Quimsa en la Copa Kenia: El U17 festejó en Brasil
2026-06-18,2026-W25,provincial,EL LIBERAL,Santiago del Estero,NOA,Santiago del Estero,https://www.elliberal.com.ar,Preocupación por el estado de salud del padre de Lionel Messi
2026-06-18,2026-W25,provincial,EL LIBERAL,Santiago del Estero,NOA,Santiago del Estero,https://www.elliberal.com.ar,El Gobierno apelará el fallo que avaló el traslado de la AFA a Pilar y anuló la veeduría
2026-06-18,2026-W25,provincial,EL LIBERAL,Santiago del Estero,NOA,Santiago del Estero,https://www.elliberal.com.ar,¡Estos son los ganadores de las entradas para el Cine Rex!
2026-06-18,2026-W25,provincial,EL LIBERAL,Santiago del Estero,NOA,Santiago del Estero,https://www.elliberal.com.ar,Una mujer intentó vender una bicicleta robada y fue detenida por la policía
2026-06-18,2026-W25,provincial,EL LIBERAL,Santiago del Estero,NOA,Santiago del Estero,https://www.elliberal.com.ar,Feria Artesanal 2026: abre el 3 de julio en el Parque Aguirre por los 473 años
2026-06-18,2026-W25,provincial,EL LIBERAL,Santiago del Estero,NOA,Santiago del Estero,https://www.elliberal.com.ar,Las lágrimas de Messi fueron a causa de un problema familiar
2026-06-18,2026-W25,provincial,EL LIBERAL,Santiago del Estero,NOA,Santiago del Estero,https://www.elliberal.com.ar,México y Corea del Sur van por la clasificación
2026-06-18,2026-W25,provincial,EL LIBERAL,Santiago del Estero,NOA,Santiago del Estero,https://www.elliberal.com.ar,"Para el ambiente del fútbol mundial, lo que hace Messi es inigualable y único"
2026-06-18,2026-W25,provincial,EL LIBERAL,Santiago del Estero,NOA,Santiago del Estero,https://www.elliberal.com.ar,Canadá necesita una victoria ante Qatar para acercarse a los octavos
2026-06-18,2026-W25,provincial,EL LIBERAL,Santiago del Estero,NOA,Santiago del Estero,https://www.elliberal.com.ar,Quimsa aplastó a Gimnasia en el Ciudad y forzó un sexto juego en Comodoro
2026-06-18,2026-W25,provincial,EL LIBERAL,Santiago del Estero,NOA,Santiago del Estero,https://www.elliberal.com.ar,Javier Milei resiste la presión opositora sobre Manuel Adorni y busca evitar que el Congreso lo eche
2026-06-18,2026-W25,provincial,EL LIBERAL,Santiago del Estero,NOA,Santiago del Estero,https://www.elliberal.com.ar,"Pymes en rojo: ""No alcanza con sobrevivir"""
2026-06-18,2026-W25,provincial,EL LIBERAL,Santiago del Estero,NOA,Santiago del Estero,https://www.elliberal.com.ar,La inteligencia artificial no tiene inconsciente
2026-06-18,2026-W25,provincial,EL LIBERAL,Santiago del Estero,NOA,Santiago del Estero,https://www.elliberal.com.ar,El peligro de los libros: enseñan a pensar
2026-06-18,2026-W25,provincial,EL LIBERAL,Santiago del Estero,NOA,Santiago del Estero,https://www.elliberal.com.ar,ARCA intimó al contratista de Manuel Adorni y le pidió justificar ingresos y obra en su casa de Indio Cuá
2026-06-18,2026-W25,provincial,EL LIBERAL,Santiago del Estero,NOA,Santiago del Estero,https://www.elliberal.com.ar,Gran noticia: Nicolás Tagliafico evoluciona bien y apunta a estar disponible frente a Austria
2026-06-18,2026-W25,provincial,EL LIBERAL,Santiago del Estero,NOA,Santiago del Estero,https://www.elliberal.com.ar,Una discusión por un menor terminó en forcejeo y amenazas de muerte
2026-06-18,2026-W25,provincial,EL LIBERAL,Santiago del Estero,NOA,Santiago del Estero,https://www.elliberal.com.ar,Piden indagatoria de Francisco Adorni por presunto enriquecimiento ilícito
2026-06-18,2026-W25,provincial,EL LIBERAL,Santiago del Estero,NOA,Santiago del Estero,https://www.elliberal.com.ar,PolĂ­tica La Iglesia fijó postura por la ley sobre propiedad privada
2026-06-18,2026-W25,provincial,EL LIBERAL,Santiago del Estero,NOA,Santiago del Estero,https://www.elliberal.com.ar,La Justicia falló a favor de la AFA y convalidó el traslado de su sede
2026-06-18,2026-W25,provincial,EL LIBERAL,Santiago del Estero,NOA,Santiago del Estero,https://www.elliberal.com.ar,"EconomĂ­a La inflación mayorista se desaceleró a 2,5% en mayo y acumuló 34,5% en 12 meses"
2026-06-18,2026-W25,provincial,EL LIBERAL,Santiago del Estero,NOA,Santiago del Estero,https://www.elliberal.com.ar,"El costo de Construcción, subió 2,7% en mayo y llevó al 29% el interanual"
2026-06-18,2026-W25,provincial,NUEVO DIARIO,Santiago del Estero,NOA,Santiago del Estero,https://www.nuevodiarioweb.com.ar,Hoy en Santiago del Estero ver clima
2026-06-18,2026-W25,provincial,NUEVO DIARIO,Santiago del Estero,NOA,Santiago del Estero,https://www.nuevodiarioweb.com.ar,El obrador del abandono: una postal de la gestión de Roger Nediani
2026-06-18,2026-W25,provincial,NUEVO DIARIO,Santiago del Estero,NOA,Santiago del Estero,https://www.nuevodiarioweb.com.ar,Cómo seguirá el tiempo en Santiago del Estero durante este jueves
2026-06-18,2026-W25,provincial,NUEVO DIARIO,Santiago del Estero,NOA,Santiago del Estero,https://www.nuevodiarioweb.com.ar,"Una joven entró de urgencia al Regional por ingerir pastillas para abortar un ""falso embarazo"""
2026-06-18,2026-W25,provincial,NUEVO DIARIO,Santiago del Estero,NOA,Santiago del Estero,https://www.nuevodiarioweb.com.ar,Polémica en LUZU y el descargo de Nico Occhiato por Jorge Messi
2026-06-18,2026-W25,provincial,NUEVO DIARIO,Santiago del Estero,NOA,Santiago del Estero,https://www.nuevodiarioweb.com.ar,La familia Messi rompió el silencio y habló sobre la salud de Jorge
2026-06-18,2026-W25,provincial,NUEVO DIARIO,Santiago del Estero,NOA,Santiago del Estero,https://www.nuevodiarioweb.com.ar,Conmoción en Santiago | Encontró muerto a su hijo de 24 años en su habitación
2026-06-18,2026-W25,provincial,NUEVO DIARIO,Santiago del Estero,NOA,Santiago del Estero,https://www.nuevodiarioweb.com.ar,Edición impresa
2026-06-18,2026-W25,provincial,NUEVO DIARIO,Santiago del Estero,NOA,Santiago del Estero,https://www.nuevodiarioweb.com.ar,Santiago Valentín Miranda alzó su voz en la columna de discapacidad y le exigió al Gobierno nacional el cumplimiento de sus derechos
2026-06-18,2026-W25,provincial,NUEVO DIARIO,Santiago del Estero,NOA,Santiago del Estero,https://www.nuevodiarioweb.com.ar,El profesor Sergio Sosa y sus alumnos le pusieron ritmo y color a la mañana de LV11 antes del debut de la Selección
2026-06-18,2026-W25,provincial,NUEVO DIARIO,Santiago del Estero,NOA,Santiago del Estero,https://www.nuevodiarioweb.com.ar,Caso Lourdes Mariana Ibáñez: el reclamo de justicia de la familia llegó a LV11 y piden cambiar la imputación a homicidio con dolo eventual
2026-06-18,2026-W25,provincial,NUEVO DIARIO,Santiago del Estero,NOA,Santiago del Estero,https://www.nuevodiarioweb.com.ar,Flor Peña anunció por error la supuesta muerte del padre de Messi
2026-06-18,2026-W25,provincial,NUEVO DIARIO,Santiago del Estero,NOA,Santiago del Estero,https://www.nuevodiarioweb.com.ar,El candidato elegido para el futuro que ya empezó
2026-06-18,2026-W25,provincial,NUEVO DIARIO,Santiago del Estero,NOA,Santiago del Estero,https://www.nuevodiarioweb.com.ar,Apareció el video del terrible choque del conductor borracho con las motos en la Av. Solís
2026-06-18,2026-W25,provincial,NUEVO DIARIO,Santiago del Estero,NOA,Santiago del Estero,https://www.nuevodiarioweb.com.ar,Vergonzoso episodio de violencia se registró en la puerta de una escuela de calle Libertad (video)
2026-06-18,2026-W25,provincial,NUEVO DIARIO,Santiago del Estero,NOA,Santiago del Estero,https://www.nuevodiarioweb.com.ar,Vialidad Nacional pidió extremar cuidados en dos tramos de la Ruta 9
2026-06-18,2026-W25,provincial,NUEVO DIARIO,Santiago del Estero,NOA,Santiago del Estero,https://www.nuevodiarioweb.com.ar,El motivo por el que se incendió la casa del barrio Jardín donde murió calcinado el docente
2026-06-18,2026-W25,provincial,NUEVO DIARIO,Santiago del Estero,NOA,Santiago del Estero,https://www.nuevodiarioweb.com.ar,La Banda: este viernes vence el plazo para la presentación de alianzas y frentes electorales
2026-06-18,2026-W25,provincial,NUEVO DIARIO,Santiago del Estero,NOA,Santiago del Estero,https://www.nuevodiarioweb.com.ar,Exclusiva | El Multimedio presente en Norteamérica con todo el color de los hinchas argentinos
2026-06-18,2026-W25,provincial,NUEVO DIARIO,Santiago del Estero,NOA,Santiago del Estero,https://www.nuevodiarioweb.com.ar,Cambia el scoring para licencias y unifican multas en todo el país
2026-06-18,2026-W25,provincial,NUEVO DIARIO,Santiago del Estero,NOA,Santiago del Estero,https://www.nuevodiarioweb.com.ar,"Es santiagueña, fue elegida por FIFA y vive el Mundial 2026 desde adentro del Estadio Azteca"
2026-06-18,2026-W25,provincial,NUEVO DIARIO,Santiago del Estero,NOA,Santiago del Estero,https://www.nuevodiarioweb.com.ar,"Qué selecciones juegan hoy jueves, los horarios y por dónde ver"
2026-06-18,2026-W25,provincial,NUEVO DIARIO,Santiago del Estero,NOA,Santiago del Estero,https://www.nuevodiarioweb.com.ar,Presentaron “Ecos de Sabiduría” para fortalecer derechos de adultos mayores
2026-06-18,2026-W25,provincial,NUEVO DIARIO,Santiago del Estero,NOA,Santiago del Estero,https://www.nuevodiarioweb.com.ar,Defensoría del Pueblo alertó por estafas con imágenes de medios nacionales y famosos
2026-06-18,2026-W25,provincial,NUEVO DIARIO,Santiago del Estero,NOA,Santiago del Estero,https://www.nuevodiarioweb.com.ar,El trámite de ANSES que permite cambiar quién cobra la AUH
2026-06-18,2026-W25,provincial,NUEVO DIARIO,Santiago del Estero,NOA,Santiago del Estero,https://www.nuevodiarioweb.com.ar,Una pareja fue a comprar droga en el barrio La Isla y les robaron 100 mil pesos
2026-06-18,2026-W25,provincial,NUEVO DIARIO,Santiago del Estero,NOA,Santiago del Estero,https://www.nuevodiarioweb.com.ar,Crece la preocupación por Jorge Messi y esperan un nuevo parte médico
2026-06-18,2026-W25,provincial,NUEVO DIARIO,Santiago del Estero,NOA,Santiago del Estero,https://www.nuevodiarioweb.com.ar,Cómo evitar una intoxicación por monóxido de carbono en invierno
2026-06-18,2026-W25,provincial,NUEVO DIARIO,Santiago del Estero,NOA,Santiago del Estero,https://www.nuevodiarioweb.com.ar,Avanza la construcción de la moderna Plaza de las Ciencias en el barrio Alberdi
2026-06-18,2026-W25,provincial,NUEVO DIARIO,Santiago del Estero,NOA,Santiago del Estero,https://www.nuevodiarioweb.com.ar,"Quimsa aplastó a Gimnasia, ganó por 28 puntos y sigue con vida en la final"
2026-06-18,2026-W25,provincial,NUEVO DIARIO,Santiago del Estero,NOA,Santiago del Estero,https://www.nuevodiarioweb.com.ar,Quimsa U17 arrancó con triunfo en la Copa Kenia en Brasil
2026-06-18,2026-W25,provincial,NUEVO DIARIO,Santiago del Estero,NOA,Santiago del Estero,https://www.nuevodiarioweb.com.ar,Quimsa superó a Gimnasia en un duelo clave
2026-06-18,2026-W25,provincial,NUEVO DIARIO,Santiago del Estero,NOA,Santiago del Estero,https://www.nuevodiarioweb.com.ar,Exigen explicaciones al contratista vinculado a la causa de Adorni
2026-06-18,2026-W25,provincial,NUEVO DIARIO,Santiago del Estero,NOA,Santiago del Estero,https://www.nuevodiarioweb.com.ar,Detienen a añatuyense en un allanamiento y secuestran bienes que fueron robados
2026-06-18,2026-W25,provincial,NUEVO DIARIO,Santiago del Estero,NOA,Santiago del Estero,https://www.nuevodiarioweb.com.ar,Veía los goles de Argentina un minuto antes y terminó peleado con un vecino
2026-06-18,2026-W25,provincial,NUEVO DIARIO,Santiago del Estero,NOA,Santiago del Estero,https://www.nuevodiarioweb.com.ar,"Salió de cobrar en el banco y un ladrón le pegó una ""trompada"" para robarle casi un millón"
2026-06-18,2026-W25,provincial,NUEVO DIARIO,Santiago del Estero,NOA,Santiago del Estero,https://www.nuevodiarioweb.com.ar,La UNSE firma un convenio para fortalecer la educación en Remes
2026-06-18,2026-W25,provincial,NUEVO DIARIO,Santiago del Estero,NOA,Santiago del Estero,https://www.nuevodiarioweb.com.ar,Santiago del Estero tendrá una jornada inestable con lluvias aisladas y ambiente fresco
2026-06-18,2026-W25,provincial,NUEVO DIARIO,Santiago del Estero,NOA,Santiago del Estero,https://www.nuevodiarioweb.com.ar,Alertan por la presencia de apuestas deportivas entre estudiantes
2026-06-18,2026-W25,provincial,NUEVO DIARIO,Santiago del Estero,NOA,Santiago del Estero,https://www.nuevodiarioweb.com.ar,Olvidó a su beba en el auto para ir a trabajar y la encontró muerta
2026-06-18,2026-W25,provincial,NUEVO DIARIO,Santiago del Estero,NOA,Santiago del Estero,https://www.nuevodiarioweb.com.ar,"Jugó la Selección, pero hubo poco movimiento en las calles"
2026-06-18,2026-W25,provincial,NUEVO DIARIO,Santiago del Estero,NOA,Santiago del Estero,https://www.nuevodiarioweb.com.ar,Cremarán a dueño de la estatua de San La Muerte y esparcirían sus cenizas en el predio
2026-06-18,2026-W25,provincial,NUEVO DIARIO,Santiago del Estero,NOA,Santiago del Estero,https://www.nuevodiarioweb.com.ar,"En una pelea campal entre dos grupos, un adolescente fue baleado en el tobillo"
2026-06-18,2026-W25,provincial,NUEVO DIARIO,Santiago del Estero,NOA,Santiago del Estero,https://www.nuevodiarioweb.com.ar,"María Elena Figueroa: ""Hay que recuperar la esperanza y oportunidad"""
2026-06-18,2026-W25,provincial,NUEVO DIARIO,Santiago del Estero,NOA,Santiago del Estero,https://www.nuevodiarioweb.com.ar,Soledad Banco busca consolidar una alternativa política en Suncho Corral
2026-06-18,2026-W25,provincial,NUEVO DIARIO,Santiago del Estero,NOA,Santiago del Estero,https://www.nuevodiarioweb.com.ar,Discutían por una jineteada y un concejal golpeó al intendente
2026-06-18,2026-W25,provincial,NUEVO DIARIO,Santiago del Estero,NOA,Santiago del Estero,https://www.nuevodiarioweb.com.ar,Jubilados cobrarán bono de $70.000 y aumento en julio
2026-06-18,2026-W25,provincial,NUEVO DIARIO,Santiago del Estero,NOA,Santiago del Estero,https://www.nuevodiarioweb.com.ar,Por qué se frenó el juicio por Loan hasta la próxima semana
2026-06-18,2026-W25,provincial,NUEVO DIARIO,Santiago del Estero,NOA,Santiago del Estero,https://www.nuevodiarioweb.com.ar,Seguirá detenido el santiagueño procesado por racismo en Brasil
2026-06-18,2026-W25,provincial,NUEVO DIARIO,Santiago del Estero,NOA,Santiago del Estero,https://www.nuevodiarioweb.com.ar,"Militancia, aplausos y emoción| El primer plenario de Llamil Abdala mostró un fuerte respaldo"
2026-06-18,2026-W25,provincial,PANORAMA,Santiago del Estero,NOA,Santiago del Estero,https://www.diariopanorama.com,Sumate a nuestra comunidad
2026-06-18,2026-W25,provincial,PANORAMA,Santiago del Estero,NOA,Santiago del Estero,https://www.diariopanorama.com,OPI NIÓN Y ACTUALIDAD
2026-06-18,2026-W25,provincial,PANORAMA,Santiago del Estero,NOA,Santiago del Estero,https://www.diariopanorama.com,LAS + LEÍDAS AHORA EN SANTIAGO DEL ESTERO
2026-06-18,2026-W25,provincial,PANORAMA,Santiago del Estero,NOA,Santiago del Estero,https://www.diariopanorama.com,SANTIAGO DEL ESTERO
2026-06-18,2026-W25,provincial,PANORAMA,Santiago del Estero,NOA,Santiago del Estero,https://www.diariopanorama.com,ALQUILO DEPARTAMENTO DOS DORMITORIO RIOJA Y MORENO
2026-06-18,2026-W25,provincial,PANORAMA,Santiago del Estero,NOA,Santiago del Estero,https://www.diariopanorama.com,Vendo finca en el Puestito de San Antonio
2026-06-18,2026-W25,provincial,PANORAMA,Santiago del Estero,NOA,Santiago del Estero,https://www.diariopanorama.com,VENDO Citroën C4 Lounge
2026-06-18,2026-W25,provincial,PANORAMA,Santiago del Estero,NOA,Santiago del Estero,https://www.diariopanorama.com,Volkswagen Suran Track 2018
2026-06-18,2026-W25,provincial,PANORAMA,Santiago del Estero,NOA,Santiago del Estero,https://www.diariopanorama.com,EVENTOS & SALIDAS
2026-06-18,2026-W25,provincial,PANORAMA,Santiago del Estero,NOA,Santiago del Estero,https://www.diariopanorama.com,Marcelo Barbur confirmó que impulsarán una moción…
2026-06-18,2026-W25,provincial,PANORAMA,Santiago del Estero,NOA,Santiago del Estero,https://www.diariopanorama.com,Facundo Londero en Radio Panorama: “La violencia…
2026-06-18,2026-W25,provincial,PANORAMA,Santiago del Estero,NOA,Santiago del Estero,https://www.diariopanorama.com,“Era un compromiso de la Nación”: Aldo Hid denunció…
2026-06-18,2026-W25,provincial,PANORAMA,Santiago del Estero,NOA,Santiago del Estero,https://www.diariopanorama.com,NOT ICIAS DE LA GENTE
2026-06-18,2026-W25,provincial,PANORAMA,Santiago del Estero,NOA,Santiago del Estero,https://www.diariopanorama.com,LAS TAPAS DEL DÍA
2026-06-18,2026-W25,provincial,PANORAMA,Santiago del Estero,NOA,Santiago del Estero,https://www.diariopanorama.com,La familia Messi emitió un comunicado sobre la salud de Jorge y pidió respeto
2026-06-18,2026-W25,provincial,PANORAMA,Santiago del Estero,NOA,Santiago del Estero,https://www.diariopanorama.com,República Checa y Sudáfrica empataron y complican su clasificación en el Mundial 2026
2026-06-18,2026-W25,provincial,PANORAMA,Santiago del Estero,NOA,Santiago del Estero,https://www.diariopanorama.com,Flor Peña anunció por error la muerte del padre de Messi y quedó en el centro de la polémica
2026-06-18,2026-W25,provincial,PANORAMA,Santiago del Estero,NOA,Santiago del Estero,https://www.diariopanorama.com,Scaloni analiza cambios en la Selección Argentina para enfrentar a Austria por el Mundial 2026
2026-06-18,2026-W25,provincial,PANORAMA,Santiago del Estero,NOA,Santiago del Estero,https://www.diariopanorama.com,"""Como profesionales tenemos que informar y demostrar que las vacunas salvan vidas, son seguras y efectivas"""
2026-06-18,2026-W25,provincial,PANORAMA,Santiago del Estero,NOA,Santiago del Estero,https://www.diariopanorama.com,Arruabarrena tomó decisiones fuertes en Boca y borró a cuatro jugadores en el inicio de la pretemporada
2026-06-18,2026-W25,provincial,PANORAMA,Santiago del Estero,NOA,Santiago del Estero,https://www.diariopanorama.com,Video: así fue el momento en que un conductor alcoholizado embistió varias motos sobre Av. Solís
2026-06-18,2026-W25,provincial,PANORAMA,Santiago del Estero,NOA,Santiago del Estero,https://www.diariopanorama.com,"Femicidio de Agostina Vega: declara Osvaldo Fassetta, acusado de encubrir el crimen"
2026-06-18,2026-W25,provincial,PANORAMA,Santiago del Estero,NOA,Santiago del Estero,https://www.diariopanorama.com,En Sportsman llevate el regalo ideal para papá y participá por una moto 0 km
2026-06-18,2026-W25,provincial,PANORAMA,Santiago del Estero,NOA,Santiago del Estero,https://www.diariopanorama.com,El fiscal Marijuan pidió la indagatoria del hermano de Manuel Adorni por presunto enriquecimiento ilícito
2026-06-18,2026-W25,provincial,PANORAMA,Santiago del Estero,NOA,Santiago del Estero,https://www.diariopanorama.com,Irán amenazó con romper el acuerdo con EE.UU. si Israel no abandona el sur del Líbano
2026-06-18,2026-W25,provincial,PANORAMA,Santiago del Estero,NOA,Santiago del Estero,https://www.diariopanorama.com,Maxihogar y Maximoto lanzan una nueva edición de “La Gran Barata” con ofertas especiales para el Día del Padre
2026-06-18,2026-W25,provincial,PANORAMA,Santiago del Estero,NOA,Santiago del Estero,https://www.diariopanorama.com,Victoria Villarruel desafía al Gobierno y asistirá al acto por el Día de la Bandera en Rosario
2026-06-18,2026-W25,provincial,PANORAMA,Santiago del Estero,NOA,Santiago del Estero,https://www.diariopanorama.com,¿Se derriba la estatua de San La Muerte? El fallecimiento de Quinteros reabre la disputa legal por el predio
2026-06-18,2026-W25,provincial,PANORAMA,Santiago del Estero,NOA,Santiago del Estero,https://www.diariopanorama.com,Trágico hallazgo: un padre fue a despertar a su hijo y lo encontró sin vida
2026-06-18,2026-W25,provincial,PANORAMA,Santiago del Estero,NOA,Santiago del Estero,https://www.diariopanorama.com,El futuro que visualizó Keynes
2026-06-18,2026-W25,provincial,PANORAMA,Santiago del Estero,NOA,Santiago del Estero,https://www.diariopanorama.com,"Crítica de ""Resurrection"""
2026-06-18,2026-W25,provincial,PANORAMA,Santiago del Estero,NOA,Santiago del Estero,https://www.diariopanorama.com,Adorni: la inocencia por decreto
2026-06-18,2026-W25,provincial,PANORAMA,Santiago del Estero,NOA,Santiago del Estero,https://www.diariopanorama.com,El último baile de Leo Messi
2026-06-18,2026-W25,provincial,PANORAMA,Santiago del Estero,NOA,Santiago del Estero,https://www.diariopanorama.com,La Escuela Normal Manuel Belgrano lanzó el proyecto “Ecos de Sabiduría: derechos que resuenan”
2026-06-18,2026-W25,provincial,PANORAMA,Santiago del Estero,NOA,Santiago del Estero,https://www.diariopanorama.com,La quinta parte de Toy Story se suma a la cartelera de Cine Sunstar
2026-06-18,2026-W25,provincial,PANORAMA,Santiago del Estero,NOA,Santiago del Estero,https://www.diariopanorama.com,"""Pertenezco a la generación que quiere ver una ciudad pujante pero con problemas básicos resueltos"""
2026-06-18,2026-W25,provincial,PANORAMA,Santiago del Estero,NOA,Santiago del Estero,https://www.diariopanorama.com,Violento choque entre un auto y una moto deja un hombre herido en Av. Colón
2026-06-18,2026-W25,provincial,PANORAMA,Santiago del Estero,NOA,Santiago del Estero,https://www.diariopanorama.com,Intentó escapar durante un control y descubrieron que era buscado por la Justicia
2026-06-18,2026-W25,provincial,PANORAMA,Santiago del Estero,NOA,Santiago del Estero,https://www.diariopanorama.com,Las Termas: identificaron en la calle a un hombre que tenía pedido de captura nacional
2026-06-18,2026-W25,provincial,PANORAMA,Santiago del Estero,NOA,Santiago del Estero,https://www.diariopanorama.com,Tómbola Santiagueña: conocé los números ganadores de este jueves 18 de junio del 2026
2026-06-18,2026-W25,provincial,PANORAMA,Santiago del Estero,NOA,Santiago del Estero,https://www.diariopanorama.com,"En medio de la polémica, Bullrich dijo que “Milei considera que no hay motivos para echar a Adorni”"
2026-06-18,2026-W25,provincial,PANORAMA,Santiago del Estero,NOA,Santiago del Estero,https://www.diariopanorama.com,El CCB dictará un taller gratuito de fotoproducto y edición con celular para mayores de 16 años
2026-06-18,2026-W25,provincial,PANORAMA,Santiago del Estero,NOA,Santiago del Estero,https://www.diariopanorama.com,Tragedia en Colonia Dora: falleció la anciana intoxicada con monóxido de carbono
2026-06-18,2026-W25,provincial,PANORAMA,Santiago del Estero,NOA,Santiago del Estero,https://www.diariopanorama.com,Boca dio por terminada la negociación por Sebastián Villa y se aleja su regreso al club
2026-06-18,2026-W25,provincial,PANORAMA,Santiago del Estero,NOA,Santiago del Estero,https://www.diariopanorama.com,Esequiel Barco fue ofrecido a Boca y la dirigencia analiza una incorporación que sorprende
2026-06-18,2026-W25,provincial,PANORAMA,Santiago del Estero,NOA,Santiago del Estero,https://www.diariopanorama.com,México y Corea del Sur se juegan la cima del grupo A del Mundial 2026
2026-06-18,2026-W25,provincial,PANORAMA,Santiago del Estero,NOA,Santiago del Estero,https://www.diariopanorama.com,Suiza y Bosnia van por su primer triunfo en el Mundial 2026
2026-06-18,2026-W25,provincial,PANORAMA,Santiago del Estero,NOA,Santiago del Estero,https://www.diariopanorama.com,Canadá y Qatar buscan su primer triunfo en el Mundial 2026
2026-06-18,2026-W25,provincial,PANORAMA,Santiago del Estero,NOA,Santiago del Estero,https://www.diariopanorama.com,OSVALDO GRANADOS
2026-06-18,2026-W25,provincial,PANORAMA,Santiago del Estero,NOA,Santiago del Estero,https://www.diariopanorama.com,TÓMBOLA SANTIAGUEÑA
2026-06-18,2026-W25,provincial,EL TUCUMANO,Tucumán,NOA,Tucumán,https://www.eltucumano.com,Los concejales sesionan por tercera vez en lo que va del año y llevarían el boleto de colectivo a $1.700
2026-06-18,2026-W25,provincial,EL TUCUMANO,Tucumán,NOA,Tucumán,https://www.eltucumano.com,tribuna abierta
2026-06-18,2026-W25,provincial,EL TUCUMANO,Tucumán,NOA,Tucumán,https://www.eltucumano.com,El poder de Carlos Cisneros en Tucumán y el caso Vélez
2026-06-18,2026-W25,provincial,EL TUCUMANO,Tucumán,NOA,Tucumán,https://www.eltucumano.com,Interés General
2026-06-18,2026-W25,provincial,EL TUCUMANO,Tucumán,NOA,Tucumán,https://www.eltucumano.com,La Legislatura sesiona con reformas en el Poder Judicial y el Estatuto Docente como ejes centrales
2026-06-18,2026-W25,provincial,EL TUCUMANO,Tucumán,NOA,Tucumán,https://www.eltucumano.com,Osvaldo Jaldo: “Vamos a ir por el camino que la militancia y cada uno de los tucumanos nos indiquen”
2026-06-18,2026-W25,provincial,EL TUCUMANO,Tucumán,NOA,Tucumán,https://www.eltucumano.com,Anuncian cortes de tránsito alrededor de Plaza Independencia por el acto de Promesa de Lealtad a la Bandera
2026-06-18,2026-W25,provincial,EL TUCUMANO,Tucumán,NOA,Tucumán,https://www.eltucumano.com,Mundial 2026 en vivo: estos son los partidos de este jueves 18 de junio
2026-06-18,2026-W25,provincial,EL TUCUMANO,Tucumán,NOA,Tucumán,https://www.eltucumano.com,"""Solo una de las 14 empresas de colectivos presentó informes de costos para justificar el aumento"""
2026-06-18,2026-W25,provincial,EL TUCUMANO,Tucumán,NOA,Tucumán,https://www.eltucumano.com,"""La Policía y la ambulancia"": dramático, la noticia que golpea al influencer tucumano Jorgito Díaz"
2026-06-18,2026-W25,provincial,EL TUCUMANO,Tucumán,NOA,Tucumán,https://www.eltucumano.com,Primera semana sin nuevos casos de chikungunya en Tucumán desde el inicio del brote
2026-06-18,2026-W25,provincial,EL TUCUMANO,Tucumán,NOA,Tucumán,https://www.eltucumano.com,Cada hospital de Tucumán tendrá su propio pozo para garantizar el suministro de agua potable
2026-06-18,2026-W25,provincial,EL TUCUMANO,Tucumán,NOA,Tucumán,https://www.eltucumano.com,"""Entre noviembre y marzo"": la Municipalidad convocó a expertos para prevenir el impacto de El Niño"
2026-06-18,2026-W25,provincial,EL TUCUMANO,Tucumán,NOA,Tucumán,https://www.eltucumano.com,Histórico: Pity Álvarez anunció el día y el lugar de su esperadísimo show en Tucumán
2026-06-18,2026-W25,provincial,EL TUCUMANO,Tucumán,NOA,Tucumán,https://www.eltucumano.com,El drama de los padres separados de sus hijos: denuncian fallas críticas en el sistema de revinculación de Tucumán
2026-06-18,2026-W25,provincial,EL TUCUMANO,Tucumán,NOA,Tucumán,https://www.eltucumano.com,Jaldo encabezó un encuentro político e institucional con 500 dirigentes peronistas
2026-06-18,2026-W25,provincial,EL TUCUMANO,Tucumán,NOA,Tucumán,https://www.eltucumano.com,Milei obligaría a todo el Gabinete a respaldar a Adorni si zafa de la moción de censura del Congreso
2026-06-18,2026-W25,provincial,EL TUCUMANO,Tucumán,NOA,Tucumán,https://www.eltucumano.com,"Víctor Zanotta, un profesor tucumano es el único representante de la provincia en el certamen nacional ""Docentes que Inspiran"""
2026-06-18,2026-W25,provincial,EL TUCUMANO,Tucumán,NOA,Tucumán,https://www.eltucumano.com,"En pleno Mundial 2026, los concejales tratarán y aumentarán a $1.700 el boleto de colectivo de San Miguel de Tucumán"
2026-06-18,2026-W25,provincial,EL TUCUMANO,Tucumán,NOA,Tucumán,https://www.eltucumano.com,El robo a la humanidad: los verdaderos creadores de la IA
2026-06-18,2026-W25,provincial,EL TUCUMANO,Tucumán,NOA,Tucumán,https://www.eltucumano.com,Las bombas del 55
2026-06-18,2026-W25,provincial,EL TUCUMANO,Tucumán,NOA,Tucumán,https://www.eltucumano.com,"Adorni, el Monguito de la corrupción, y el triunfo de la boludez criolla"
2026-06-18,2026-W25,provincial,EL TUCUMANO,Tucumán,NOA,Tucumán,https://www.eltucumano.com,"""¡Eh, paren! ¡Somos todos Argentina!"": se picó en el Mundial después de la imagen entre hinchas de Atlético y San Martín"
2026-06-18,2026-W25,provincial,EL TUCUMANO,Tucumán,NOA,Tucumán,https://www.eltucumano.com,Mundial 2026 en vivo: estos son los partidos de este miércoles 17 de junio
2026-06-18,2026-W25,provincial,EL TUCUMANO,Tucumán,NOA,Tucumán,https://www.eltucumano.com,"""¡Gritalos, Lionel! ¡Gritalos, Argentina!"": video, mirá lo que hizo Messi en Argentina-Argelia"
2026-06-18,2026-W25,provincial,EL TUCUMANO,Tucumán,NOA,Tucumán,https://www.eltucumano.com,"""¡Me volvió el alma al cuerpo!"": video, mirá qué pasó en el comienzo de Argentina-Argelia"
2026-06-18,2026-W25,provincial,EL TUCUMANO,Tucumán,NOA,Tucumán,https://www.eltucumano.com,"""¡Aquí está el link del partido!"": mirá Argentina vs Argelia, Mundial 2026, en vivo y en directo"
2026-06-18,2026-W25,provincial,EL TUCUMANO,Tucumán,NOA,Tucumán,https://www.eltucumano.com,"""Lograr la autonomía"": cómo trabaja el Centro de Día del Hospital del Carmen con sus salidas terapéuticas"
2026-06-18,2026-W25,provincial,EL TUCUMANO,Tucumán,NOA,Tucumán,https://www.eltucumano.com,"“Estaré eternamente agradecido"": el conmovedor gesto de un policía que salvó la vida de una perrita en Yerba Buena"
2026-06-18,2026-W25,provincial,EL TUCUMANO,Tucumán,NOA,Tucumán,https://www.eltucumano.com,¿A salir con paraguas? Así estará el tiempo este jueves en Tucumán
2026-06-18,2026-W25,provincial,EL TUCUMANO,Tucumán,NOA,Tucumán,https://www.eltucumano.com,"""¡Pasame la escobaaaaa!"": bombazo en Ciudadela, la decisión tomada por el DT de San Martín de Tucumán"
2026-06-18,2026-W25,provincial,EL TUCUMANO,Tucumán,NOA,Tucumán,https://www.eltucumano.com,"""Profundo pesar"": tristísimo adiós y sentido homenaje en un día de luto para la cultura tucumana"
2026-06-18,2026-W25,provincial,EL TUCUMANO,Tucumán,NOA,Tucumán,https://www.eltucumano.com,"MAFIA PARAESTATAL. La Justicia confirmó que la denuncia por ""violación en manada"" contra los exjugadores de Vélez fue falsa y extorsiva, dejó firme la derivación por trata y anticipan pedidos de detención contra Cisneros y sus operadores"
2026-06-18,2026-W25,provincial,EL TUCUMANO,Tucumán,NOA,Tucumán,https://www.eltucumano.com,"MAFIA PARAESTATAL. Federico Petraglia, el joven empleado bancario y testaferro de Carlos Cisneros que acumula ocho inmuebles millonarios a su nombre"
2026-06-18,2026-W25,provincial,EL TUCUMANO,Tucumán,NOA,Tucumán,https://www.eltucumano.com,"MAFIA PARAESTATAL. Confirman el sobreseimiento de los exjugadores de Vélez: “Fue un daño irreversible; no hay estadio al que vaya donde no me griten ‘violador’"""
2026-06-18,2026-W25,provincial,EL TUCUMANO,Tucumán,NOA,Tucumán,https://www.eltucumano.com,MAFIA PARAESTATAL. Causa Vélez: Milagros Castellote entró al Banco Macro el día que declaró y luego le otorgaron un crédito para comprar un departamento de $85 millones
2026-06-18,2026-W25,provincial,EL TUCUMANO,Tucumán,NOA,Tucumán,https://www.eltucumano.com,"MAFIA PARAESTATAL. El Cisnerismo ""arruga"" judicialmente con eltucumano: Petraglia, el ""hijo de cariño"" de Carlos Cisneros desistió de las dos demandas millonarias que impulsó contra este diario"
2026-06-18,2026-W25,provincial,EL TUCUMANO,Tucumán,NOA,Tucumán,https://www.eltucumano.com,"ANSES: cuánto aumentarán las jubilaciones, la AUH y otras asignaciones en julio de 2026"
2026-06-18,2026-W25,provincial,EL TUCUMANO,Tucumán,NOA,Tucumán,https://www.eltucumano.com,ANSES confirmó el calendario de julio 2026 para jubilados y pensionados
2026-06-18,2026-W25,provincial,EL TUCUMANO,Tucumán,NOA,Tucumán,https://www.eltucumano.com,Tiempo agradable en Amaicha: así será este jueves
2026-06-18,2026-W25,provincial,EL TUCUMANO,Tucumán,NOA,Tucumán,https://www.eltucumano.com,Nubes dispersas y jornada fresca: así será este jueves en Tafí del Valle
2026-06-18,2026-W25,provincial,EL TUCUMANO,Tucumán,NOA,Tucumán,https://www.eltucumano.com,El Cadillal: el clima anticipa nubes dispersas y una máxima de 18°C
2026-06-18,2026-W25,provincial,EL TUCUMANO,Tucumán,NOA,Tucumán,https://www.eltucumano.com,¡Llega la revancha a Banda del Río Salí! Yuhmak liquida todo al costo: Motos y Hogar en 24 cuotas
2026-06-18,2026-W25,provincial,EL TUCUMANO,Tucumán,NOA,Tucumán,https://www.eltucumano.com,El Ingenio Famaillá cumple diez años impulsando el desarrollo productivo de Tucumán
2026-06-18,2026-W25,provincial,EL TUCUMANO,Tucumán,NOA,Tucumán,https://www.eltucumano.com,"De una carnicería de barrio en Tucumán a una distribuidora en expansión: Los Paisanitos, 15 años ofreciendo calidad"
2026-06-18,2026-W25,provincial,EL TUCUMANO,Tucumán,NOA,Tucumán,https://www.eltucumano.com,"""Esta noche"": el accidente que movilizó a los Bomberos en pleno centro tucumano"
2026-06-18,2026-W25,provincial,EL TUCUMANO,Tucumán,NOA,Tucumán,https://www.eltucumano.com,Motos 0 km y todo para el hogar: Gran Feria de Liquidación “al costo” en Yuhmak de Banda del Río Salí
2026-06-18,2026-W25,provincial,EL TUCUMANO,Tucumán,NOA,Tucumán,https://www.eltucumano.com,Vuelve la Retrofiesta a Tucumán y Sucrédito reafirma su lugar como la tarjeta de los espectáculos
2026-06-18,2026-W25,provincial,EL TUCUMANO,Tucumán,NOA,Tucumán,https://www.eltucumano.com,¡Oportunidad única! Llega la Gran Feria de Motos de Yuhmak con un outlet de motos 0 km
2026-06-18,2026-W25,provincial,EL TUCUMANO,Tucumán,NOA,Tucumán,https://www.eltucumano.com,Innovación agrícola en Tucumán: impulsan el uso de macrotúneles para revolucionar la producción de frutillas
2026-06-18,2026-W25,provincial,LA GACETA,Tucumán,NOA,Tucumán,https://www.lagaceta.com.ar,"Entre quejas, críticas y un desempate, se aprobó la suba del boleto a $1.700"
2026-06-18,2026-W25,provincial,LA GACETA,Tucumán,NOA,Tucumán,https://www.lagaceta.com.ar,"La familia Messi rompió el silencio sobre la salud de Jorge: ""Evoluciona favorablemente"""
2026-06-18,2026-W25,provincial,LA GACETA,Tucumán,NOA,Tucumán,https://www.lagaceta.com.ar,La Legislatura aprobó correcciones para la desafectación de una calle sin debate y con polémica
2026-06-18,2026-W25,provincial,LA GACETA,Tucumán,NOA,Tucumán,https://www.lagaceta.com.ar,Guillermo Marijuan pidió la indagatoria del hermano de Manuel Adorni por presuntas irregularidades en sus declaraciones juradas
2026-06-18,2026-W25,provincial,LA GACETA,Tucumán,NOA,Tucumán,https://www.lagaceta.com.ar,Por qué Argentina usa chalecos refrigerantes en el Mundial 2026 y cómo cuida a Messi
2026-06-18,2026-W25,provincial,LA GACETA,Tucumán,NOA,Tucumán,https://www.lagaceta.com.ar,"""Experiencia Innovación Sostenible"": Santiago Bulat dijo que Argentina tiene cosas que el mundo demanda"
2026-06-18,2026-W25,provincial,LA GACETA,Tucumán,NOA,Tucumán,https://www.lagaceta.com.ar,Scaloni analiza la evolución de Tagliafico para el duelo ante Austria
2026-06-18,2026-W25,provincial,LA GACETA,Tucumán,NOA,Tucumán,https://www.lagaceta.com.ar,"El mensaje de Manzur y Yedlin, un fallo por la interna de la UCR y la apuesta libertaria"
2026-06-18,2026-W25,provincial,LA GACETA,Tucumán,NOA,Tucumán,https://www.lagaceta.com.ar,"El PJ buscó reagruparse en El Cadillal, pero dejó mensajes de múltiples interpretaciones"
2026-06-18,2026-W25,provincial,LA GACETA,Tucumán,NOA,Tucumán,https://www.lagaceta.com.ar,Orfila ya tiene dos bajas confirmadas y otras dos salidas encaminadas en San Martín
2026-06-18,2026-W25,provincial,LA GACETA,Tucumán,NOA,Tucumán,https://www.lagaceta.com.ar,"Entre quejas y críticas, se aprobó la suba del boleto a $1.700"
2026-06-18,2026-W25,provincial,LA GACETA,Tucumán,NOA,Tucumán,https://www.lagaceta.com.ar,"La transformación de Flow y los desafíos de sostener negocios ante los cambios, eje de Innovación Sostenible"
2026-06-18,2026-W25,provincial,LA GACETA,Tucumán,NOA,Tucumán,https://www.lagaceta.com.ar,“La salud de una persona no debería ser objeto de especulación”: el fuerte comunicado de la familia Messi tras los rumores
2026-06-18,2026-W25,provincial,LA GACETA,Tucumán,NOA,Tucumán,https://www.lagaceta.com.ar,"La familia de Lionel Messi rompió el silencio sobre la salud de su padre: ""Evoluciona favorablemente"""
2026-06-18,2026-W25,provincial,LA GACETA,Tucumán,NOA,Tucumán,https://www.lagaceta.com.ar,La vuelta de “Serú Girán”: el recuerdo de Spinetta y la emoción de David Lebón en “Otro día perdido”
2026-06-18,2026-W25,provincial,LA GACETA,Tucumán,NOA,Tucumán,https://www.lagaceta.com.ar,“La salud de una persona no debería ser objeto de especulación”
2026-06-18,2026-W25,provincial,LA GACETA,Tucumán,NOA,Tucumán,https://www.lagaceta.com.ar,"Mundial 2026: tabla posiciones, agenda y goleadores"
2026-06-18,2026-W25,provincial,LA GACETA,Tucumán,NOA,Tucumán,https://www.lagaceta.com.ar,Habló la madre de Messi: qué dijo de la salud de su esposo
2026-06-18,2026-W25,provincial,LA GACETA,Tucumán,NOA,Tucumán,https://www.lagaceta.com.ar,Un hincha de Atlético se volvió viral en el Mundial por su parecido a Neymar
2026-06-18,2026-W25,provincial,LA GACETA,Tucumán,NOA,Tucumán,https://www.lagaceta.com.ar,LA GACETA y Marathon te regalan una bandera para alentar a la Selección
2026-06-18,2026-W25,provincial,LA GACETA,Tucumán,NOA,Tucumán,https://www.lagaceta.com.ar,Crece la preocupación por la salud de Jorge Messi: qué se sabe hasta ahora
2026-06-18,2026-W25,provincial,LA GACETA,Tucumán,NOA,Tucumán,https://www.lagaceta.com.ar,El silencio alrededor de las madres que consumen
2026-06-18,2026-W25,provincial,LA GACETA,Tucumán,NOA,Tucumán,https://www.lagaceta.com.ar,"Periodismo sin humor y sin crítica, ¿la utopía libertaria?"
2026-06-18,2026-W25,provincial,LA GACETA,Tucumán,NOA,Tucumán,https://www.lagaceta.com.ar,"El ""poroteo"" para la suba del boleto a $1.700 anticipa una votación reñida en el Concejo capitalino"
2026-06-18,2026-W25,provincial,LA GACETA,Tucumán,NOA,Tucumán,https://www.lagaceta.com.ar,"“Pato” Gentilini, el arquitecto musical del noroeste que eligió despedirse con una milonga"
2026-06-18,2026-W25,provincial,LA GACETA,Tucumán,NOA,Tucumán,https://www.lagaceta.com.ar,Tensión en el Día de la Bandera: Villarruel desafía el desplante de la Rosada y asistirá al acto en Rosario
2026-06-18,2026-W25,provincial,LA GACETA,Tucumán,NOA,Tucumán,https://www.lagaceta.com.ar,Pity Álvarez tocará en Tucumán antes de enfrentar el juicio por homicidio
2026-06-18,2026-W25,provincial,LA GACETA,Tucumán,NOA,Tucumán,https://www.lagaceta.com.ar,Revés judicial para el Gobierno: la AFA muda su sede a Pilar y queda fuera del control de la IGJ
2026-06-18,2026-W25,provincial,LA GACETA,Tucumán,NOA,Tucumán,https://www.lagaceta.com.ar,"Patricia Bullrich: “El Presidente considera que Adorni dio una explicación razonable"""
2026-06-18,2026-W25,provincial,LA GACETA,Tucumán,NOA,Tucumán,https://www.lagaceta.com.ar,"Elección a rector de la UNT: los decanos respaldan a Pagani, pero esperan definiciones"
2026-06-18,2026-W25,provincial,LA GACETA,Tucumán,NOA,Tucumán,https://www.lagaceta.com.ar,"Así fue la última presentación de Pity Álvarez en Tucumán: seis horas de demora, incidentes y un recital que nunca pudo realizarse"
2026-06-18,2026-W25,provincial,LA GACETA,Tucumán,NOA,Tucumán,https://www.lagaceta.com.ar,Experiencia Innovación Sostenible: la mujer que conoce el cerebro de los deportistas de élite llega a Tucumán
2026-06-18,2026-W25,provincial,LA GACETA,Tucumán,NOA,Tucumán,https://www.lagaceta.com.ar,Experiencia Innovación Sostenible: “El impacto social ya no puede ser un área aislada en la empresa”
2026-06-18,2026-W25,provincial,LA GACETA,Tucumán,NOA,Tucumán,https://www.lagaceta.com.ar,Quién es Sofía Ferrari y por qué dice que la sostenibilidad dejó de ser una tendencia para convertirse en una condición para competir
2026-06-18,2026-W25,provincial,LA GACETA,Tucumán,NOA,Tucumán,https://www.lagaceta.com.ar,"Cuál es el paso previo e indispensable que deben tomar las empresas antes de automatizar procesos, según una dirigente de la Unión Industrial Tucumana"
2026-06-18,2026-W25,provincial,LA GACETA,Tucumán,NOA,Tucumán,https://www.lagaceta.com.ar,Nutrición de vanguardia para el Norte Grande: La Cabaña inauguró su nuevo centro logístico pensado por y para el bienestar de las mascotas
2026-06-18,2026-W25,provincial,LA GACETA,Tucumán,NOA,Tucumán,https://www.lagaceta.com.ar,"Medellín, un espejo en el cual soñar un Tucumán distinto"
2026-06-18,2026-W25,provincial,LA GACETA,Tucumán,NOA,Tucumán,https://www.lagaceta.com.ar,La historia detrás de un avión sanitario desde Cusco
2026-06-18,2026-W25,provincial,LA GACETA,Tucumán,NOA,Tucumán,https://www.lagaceta.com.ar,"Creó una empresa que ayudó a cientos de personas a conseguir trabajo y asegura: ""Tu resultado es igual a tu conocimiento multiplicado por la IA"""
2026-06-18,2026-W25,provincial,LA GACETA,Tucumán,NOA,Tucumán,https://www.lagaceta.com.ar,"En un mundo de cambios vertiginosos, estas son algunas claves para no quedar fuera del sistema"
2026-06-18,2026-W25,provincial,LA GACETA,Tucumán,NOA,Tucumán,https://www.lagaceta.com.ar,"La escuela y la Inteligencia Artificial: “No es un jugador cualquiera; es el Messi que estamos enfrentando"""
2026-06-18,2026-W25,provincial,LA GACETA,Tucumán,NOA,Tucumán,https://www.lagaceta.com.ar,"""Antes uno estudiaba una carrera para toda la vida; ahora estudia toda la vida para una carrera"""
2026-06-18,2026-W25,provincial,LA GACETA,Tucumán,NOA,Tucumán,https://www.lagaceta.com.ar,Aprender a convivir: cómo las escuelas se reinventan para enseñar
2026-06-18,2026-W25,provincial,LA GACETA,Tucumán,NOA,Tucumán,https://www.lagaceta.com.ar,¿La escuela de hoy enseña lo que los chicos van a necesitar en el futuro?
2026-06-18,2026-W25,provincial,LA GACETA,Tucumán,NOA,Tucumán,https://www.lagaceta.com.ar,La flor del fuego del Pato Gentilini
2026-06-18,2026-W25,provincial,LA GACETA,Tucumán,NOA,Tucumán,https://www.lagaceta.com.ar,Obra póstuma de Ramón Leoni Pinto: un libro fundamental para entender la historia tucumana
2026-06-18,2026-W25,provincial,LA GACETA,Tucumán,NOA,Tucumán,https://www.lagaceta.com.ar,“La Bohème” despliega su tragedia en el teatro San Martín
2026-06-18,2026-W25,provincial,LA GACETA,Tucumán,NOA,Tucumán,https://www.lagaceta.com.ar,"La nueva vida de Evangelina Salazar a los 80 años: sus nietos, el amor con ""Palito"" Ortega y la única condición para volver a actuar"
2026-06-18,2026-W25,provincial,LA GACETA,Tucumán,NOA,Tucumán,https://www.lagaceta.com.ar,Las bajas que podrían producirse en San Martín mientras Orfila diseña su nuevo proyecto deportivo
2026-06-18,2026-W25,provincial,LA GACETA,Tucumán,NOA,Tucumán,https://www.lagaceta.com.ar,Inglaterra venció 4 a 2 a Croacia y presentó credenciales
2026-06-18,2026-W25,provincial,DIARIO CHACO,Chaco,NEA,Resistencia,https://www.diariochaco.com,Así encontraron a Jonathan Blanco: una sonrisa y la misma ropa con la que desapareció
2026-06-18,2026-W25,provincial,DIARIO CHACO,Chaco,NEA,Resistencia,https://www.diariochaco.com,Apareció con vida Jonathan Blanco: estaba en un basural de Puerto Tirol
2026-06-18,2026-W25,provincial,DIARIO CHACO,Chaco,NEA,Resistencia,https://www.diariochaco.com,El Gobierno refuerza medidas para garantizar la continuidad del transporte público
2026-06-18,2026-W25,provincial,DIARIO CHACO,Chaco,NEA,Resistencia,https://www.diariochaco.com,"Entre gestos, silencios y una ausencia que obligó a retroceder: las primeras dos jornadas del juicio por Loan"
2026-06-18,2026-W25,provincial,DIARIO CHACO,Chaco,NEA,Resistencia,https://www.diariochaco.com,"""Hay que optimizar cada peso"": el plan del nuevo ministro para ordenar la inversión sanitaria"
2026-06-18,2026-W25,provincial,DIARIO CHACO,Chaco,NEA,Resistencia,https://www.diariochaco.com,Margarita Belén suma nuevas cuadras de pavimento y obras de desagüe
2026-06-18,2026-W25,provincial,DIARIO CHACO,Chaco,NEA,Resistencia,https://www.diariochaco.com,"""Buscamos una condena por hechos aberrantes"", dijo el abogado de la denunciante de Simoni"
2026-06-18,2026-W25,provincial,DIARIO CHACO,Chaco,NEA,Resistencia,https://www.diariochaco.com,Chaco invertirá más de $ 106 millones en infraestructura eléctrica para el Hospital Perrando
2026-06-18,2026-W25,provincial,DIARIO CHACO,Chaco,NEA,Resistencia,https://www.diariochaco.com,Mundial 2026: comienza la segunda fecha de la fase de grupos con cuatro partidos
2026-06-18,2026-W25,provincial,DIARIO CHACO,Chaco,NEA,Resistencia,https://www.diariochaco.com,Portugal empató 1-1 con Congo y cedió la cima del Grupo K en el Mundial 2026
2026-06-18,2026-W25,provincial,DIARIO CHACO,Chaco,NEA,Resistencia,https://www.diariochaco.com,"Colombia sufrió, pero logró una valiosa victoria 3-1 sobre Uzbekistán"
2026-06-18,2026-W25,provincial,DIARIO CHACO,Chaco,NEA,Resistencia,https://www.diariochaco.com,"En un partidazo, Inglaterra goleó 4-2 a Croacia"
2026-06-18,2026-W25,provincial,DIARIO CHACO,Chaco,NEA,Resistencia,https://www.diariochaco.com,La denunciante de Simoni sumó delitos más graves a la acusación y apuntó contra la fiscal Benítez
2026-06-18,2026-W25,provincial,DIARIO CHACO,Chaco,NEA,Resistencia,https://www.diariochaco.com,Quién asumiría en Legislatura si Magda Ayala volviera a la Intendencia de Barranqueras
2026-06-18,2026-W25,provincial,DIARIO CHACO,Chaco,NEA,Resistencia,https://www.diariochaco.com,Sáenz Peña homenajeó a Carmen Vidal y dio su nombre a una calle del barrio San Martín
2026-06-18,2026-W25,provincial,DIARIO CHACO,Chaco,NEA,Resistencia,https://www.diariochaco.com,Edición 17/06/26
2026-06-18,2026-W25,provincial,DIARIO CHACO,Chaco,NEA,Resistencia,https://www.diariochaco.com,Pacientes oncológicos se atrincheraron en la Fundación Hoy Soy Yo
2026-06-18,2026-W25,provincial,DIARIO CHACO,Chaco,NEA,Resistencia,https://www.diariochaco.com,La Justicia avaló el traslado de la AFA a Pilar y el Gobierno anunció que apelará el fallo
2026-06-18,2026-W25,provincial,DIARIO CHACO,Chaco,NEA,Resistencia,https://www.diariochaco.com,"ERSA dejó varados a miles de pasajeros y UTA advirtió que la crisis es ""gravísima"""
2026-06-18,2026-W25,provincial,DIARIO CHACO,Chaco,NEA,Resistencia,https://www.diariochaco.com,"Sin previo aviso, ERSA paralizó los servicios de las líneas 2 y 106 en el Gran Resistencia"
2026-06-18,2026-W25,provincial,DIARIO CHACO,Chaco,NEA,Resistencia,https://www.diariochaco.com,Pidieron la indagatoria del hermano de Adorni por presunto enriquecimiento ilícito
2026-06-18,2026-W25,provincial,DIARIO CHACO,Chaco,NEA,Resistencia,https://www.diariochaco.com,Filicidio en Tres Isletas: la madre acusada de matar a su hija se abstuvo a declarar
2026-06-18,2026-W25,provincial,DIARIO CHACO,Chaco,NEA,Resistencia,https://www.diariochaco.com,PUEBLO DE MEMORIA FRÁGIL
2026-06-18,2026-W25,provincial,DIARIO CHACO,Chaco,NEA,Resistencia,https://www.diariochaco.com,El superávit fiscal y el ajuste a los trabajadores
2026-06-18,2026-W25,provincial,DIARIO CHACO,Chaco,NEA,Resistencia,https://www.diariochaco.com,La Provincia destinará más de $ 3.685 millones a insumos nutricionales pacientes pediátricos y adultos
2026-06-18,2026-W25,provincial,DIARIO CHACO,Chaco,NEA,Resistencia,https://www.diariochaco.com,UNCAUS fortalece su proyección internacional con iniciativas de vanguardia en ingeniería y salud digital
2026-06-18,2026-W25,provincial,DIARIO CHACO,Chaco,NEA,Resistencia,https://www.diariochaco.com,Un enfermero del Hospital de Basail fue denunciado por abuso sexual y lo exoneraron
2026-06-18,2026-W25,provincial,DIARIO CHACO,Chaco,NEA,Resistencia,https://www.diariochaco.com,Vecinos iniciaron reuniones para organizar actividades por los 150 años de Resistencia
2026-06-18,2026-W25,provincial,DIARIO CHACO,Chaco,NEA,Resistencia,https://www.diariochaco.com,"Secuestraron 127 dosis de cocaína y detuvieron a un ""dealer"" en el barrio Santa Rita"
2026-06-18,2026-W25,provincial,DIARIO CHACO,Chaco,NEA,Resistencia,https://www.diariochaco.com,"Belforte y Carbajal, los jueces asignados para la causa Tierras Fiscales contra López y Soneira"
2026-06-18,2026-W25,provincial,DIARIO CHACO,Chaco,NEA,Resistencia,https://www.diariochaco.com,"Vargas destacó el inicio de exportaciones caprinas: ""El Impenetrable produce y el mundo compra"""
2026-06-18,2026-W25,provincial,DIARIO CHACO,Chaco,NEA,Resistencia,https://www.diariochaco.com,Comienza la promoción Día del Padre con Tuya para elegir el mejor regalo
2026-06-18,2026-W25,provincial,DIARIO CHACO,Chaco,NEA,Resistencia,https://www.diariochaco.com,Ganó más de $ 442 millones en la Poceada y cumplirá el sueño de la casa propia
2026-06-18,2026-W25,provincial,DIARIO CHACO,Chaco,NEA,Resistencia,https://www.diariochaco.com,"Tras el conflicto por sueldos, Sarmiento informó pagos y confirmó salidas en el plantel"
2026-06-18,2026-W25,provincial,DIARIO CHACO,Chaco,NEA,Resistencia,https://www.diariochaco.com,Madre Canción vuelve en el marco de la Bienal del Chaco 2026
2026-06-18,2026-W25,provincial,DIARIO CHACO,Chaco,NEA,Resistencia,https://www.diariochaco.com,Detuvieron a un joven acusado de disparar contra otro en Fontana
2026-06-18,2026-W25,provincial,DIARIO CHACO,Chaco,NEA,Resistencia,https://www.diariochaco.com,"Milei sostiene a Adorni, pero en la Casa Rosada ya analizan escenarios ante una posible salida"
2026-06-18,2026-W25,provincial,DIARIO CHACO,Chaco,NEA,Resistencia,https://www.diariochaco.com,Agredió a su expareja y la amenazó con un arma en Fontana: está detenido
2026-06-18,2026-W25,provincial,DIARIO CHACO,Chaco,NEA,Resistencia,https://www.diariochaco.com,Restó Ruta 11 y Bodega Ruca Malen presentan una nueva Cena Maridaje en Resistencia
2026-06-18,2026-W25,provincial,DIARIO CHACO,Chaco,NEA,Resistencia,https://www.diariochaco.com,Confirmaron una visita del Papa a Perú y crece la expectativa por una posible llegada a la Argentina
2026-06-18,2026-W25,provincial,DIARIO CHACO,Chaco,NEA,Resistencia,https://www.diariochaco.com,UNCAUS abrió inscripciones para un nuevo curso de Planificación Fiscal
2026-06-18,2026-W25,provincial,DIARIO CHACO,Chaco,NEA,Resistencia,https://www.diariochaco.com,"""El mundo no es de izquierda, yo nunca fui de izquierda"", admitió Lula da Silva"
2026-06-18,2026-W25,provincial,DIARIO CHACO,Chaco,NEA,Resistencia,https://www.diariochaco.com,Peche destacó el impacto del Tren 25 de Mayo en Sáenz Peña
2026-06-18,2026-W25,provincial,DIARIO CHACO,Chaco,NEA,Resistencia,https://www.diariochaco.com,El BID aprobó una garantía por US$ 500 millones para seguridad y justicia en Argentina
2026-06-18,2026-W25,provincial,DIARIO CHACO,Chaco,NEA,Resistencia,https://www.diariochaco.com,Fin de ciclo: Cavani acordó su salida de Boca y rescindirá su contrato
2026-06-18,2026-W25,provincial,DIARIO CHACO,Chaco,NEA,Resistencia,https://www.diariochaco.com,"Desde El Impenetrable, comenzaron a exportar chivos y cabras chaqueñas"
2026-06-18,2026-W25,provincial,DIARIO CHACO,Chaco,NEA,Resistencia,https://www.diariochaco.com,Balberdi y Feldmann representarán a la abogacía del interior ante el Consejo de la Magistratura
2026-06-18,2026-W25,provincial,DIARIO CHACO,Chaco,NEA,Resistencia,https://www.diariochaco.com,Ratifican la prisión domiciliaria de Cristina Kirchner al cumplirse un año de detención
2026-06-18,2026-W25,provincial,DIARIO CHACO,Chaco,NEA,Resistencia,https://www.diariochaco.com,El Senado postergó la sesión de este jueves y define la fecha de interpelación a Adorni
2026-06-18,2026-W25,provincial,DIARIO CHACO,Chaco,NEA,Resistencia,https://www.diariochaco.com,Emitieron alerta nacional por el robo de una cápsula radiactiva con cesio-137
2026-06-18,2026-W25,provincial,LA VOZ DEL CHACO,Chaco,NEA,Resistencia,https://www.diariolavozdelchaco.com,Diario La Voz / Noticias de Chaco
2026-06-18,2026-W25,provincial,LA VOZ DEL CHACO,Chaco,NEA,Resistencia,https://www.diariolavozdelchaco.com,"Tras 50 años, el hombre vuelve a la luna en la Misión Artemis II"
2026-06-18,2026-W25,provincial,LA VOZ DEL CHACO,Chaco,NEA,Resistencia,https://www.diariolavozdelchaco.com,Hallaron con vida a Jonathan Blanco: estaba en un monte cercano al basural de Puerto Tirol
2026-06-18,2026-W25,provincial,LA VOZ DEL CHACO,Chaco,NEA,Resistencia,https://www.diariolavozdelchaco.com,Crisis del transporte: ERSA suspendió dos líneas y el Gobierno busca garantizar la continuidad
2026-06-18,2026-W25,provincial,LA VOZ DEL CHACO,Chaco,NEA,Resistencia,https://www.diariolavozdelchaco.com,Villarruel desafía a Milei e irá al acto por el Día de la Bandera en Rosario: también asistirá Manuel Adorni
2026-06-18,2026-W25,provincial,LA VOZ DEL CHACO,Chaco,NEA,Resistencia,https://www.diariolavozdelchaco.com,Transporte público en crisis: el Gobierno fiscaliza a ERSA y analiza multas tras la suspensión de ramales
2026-06-18,2026-W25,provincial,LA VOZ DEL CHACO,Chaco,NEA,Resistencia,https://www.diariolavozdelchaco.com,Julio Barrios Cima: «El nivel de morosidad está en los niveles máximos en la historia»
2026-06-18,2026-W25,provincial,LA VOZ DEL CHACO,Chaco,NEA,Resistencia,https://www.diariolavozdelchaco.com,Un misterio: continúa la búsqueda de Axel González y Jonathan Blanco en Fontana
2026-06-18,2026-W25,provincial,LA VOZ DEL CHACO,Chaco,NEA,Resistencia,https://www.diariolavozdelchaco.com,Caso Lorena Romero: dos nuevos allanamientos en Resistencia y Puerto Vilelas finalizaron sin hallazgos relevantes
2026-06-18,2026-W25,provincial,LA VOZ DEL CHACO,Chaco,NEA,Resistencia,https://www.diariolavozdelchaco.com,Caso Axel: la defensa de Íñiguez y Silva pidió anular toda la actuación del Equipo Fiscal Especial
2026-06-18,2026-W25,provincial,LA VOZ DEL CHACO,Chaco,NEA,Resistencia,https://www.diariolavozdelchaco.com,La Comisión Estratégica de Emergencia Municipal de Barranqueras intensifica trabajos sobre el canal Mosconi
2026-06-18,2026-W25,provincial,LA VOZ DEL CHACO,Chaco,NEA,Resistencia,https://www.diariolavozdelchaco.com,ERSA suspendió la Línea 2 y la 106 BC: miles de usuarios quedaron sin colectivos y crece la incertidumbre laboral
2026-06-18,2026-W25,provincial,LA VOZ DEL CHACO,Chaco,NEA,Resistencia,https://www.diariolavozdelchaco.com,Preocupación por la salud del papá de Lionel Messi: «Tiene un problema bastante grave»
2026-06-18,2026-W25,provincial,LA VOZ DEL CHACO,Chaco,NEA,Resistencia,https://www.diariolavozdelchaco.com,Justicia por Nelson Gusak y los jóvenes desaparecidos: convocan a una movilización provincial este domingo en Resistencia
2026-06-18,2026-W25,provincial,LA VOZ DEL CHACO,Chaco,NEA,Resistencia,https://www.diariolavozdelchaco.com,El lunes 22 recién se acredita el refrigerio
2026-06-18,2026-W25,provincial,LA VOZ DEL CHACO,Chaco,NEA,Resistencia,https://www.diariolavozdelchaco.com,Fontana: detuvieron a sujeto que amenazó a su pareja
2026-06-18,2026-W25,provincial,LA VOZ DEL CHACO,Chaco,NEA,Resistencia,https://www.diariolavozdelchaco.com,Chaco For Ever confirmó el regreso de Daniel Cravero como entrenador del plantel profesional
2026-06-18,2026-W25,provincial,LA VOZ DEL CHACO,Chaco,NEA,Resistencia,https://www.diariolavozdelchaco.com,Hospital Perrando: familiares denuncian trabas burocráticas para conseguir turnos de donación de sangre
2026-06-18,2026-W25,provincial,LA VOZ DEL CHACO,Chaco,NEA,Resistencia,https://www.diariolavozdelchaco.com,Salud en crisis: renunció Sergio Rodríguez y Zdero cambia al ministro tras meses de polémicas en Chaco
2026-06-18,2026-W25,provincial,LA VOZ DEL CHACO,Chaco,NEA,Resistencia,https://www.diariolavozdelchaco.com,"«La Bienal de los sobreprecios», denuncian que Nikisch destinó más de $ 3.000 millones a obras contratadas «en la oscuridad»"
2026-06-18,2026-W25,provincial,LA VOZ DEL CHACO,Chaco,NEA,Resistencia,https://www.diariolavozdelchaco.com,"Ante El Niño, el Gobierno pide acciones preventivas en cada municipio"
2026-06-18,2026-W25,provincial,LA VOZ DEL CHACO,Chaco,NEA,Resistencia,https://www.diariolavozdelchaco.com,UNCAUS participó del XI Congreso Nacional de Extensión Universitaria
2026-06-18,2026-W25,provincial,LA VOZ DEL CHACO,Chaco,NEA,Resistencia,https://www.diariolavozdelchaco.com,La Uncaus lanzó su Escuela de Práctica Jurídica para abogados
2026-06-18,2026-W25,provincial,LA VOZ DEL CHACO,Chaco,NEA,Resistencia,https://www.diariolavozdelchaco.com,El Segundo Acueducto suma tecnología para asegurar el abastecimiento de agua
2026-06-18,2026-W25,provincial,LA VOZ DEL CHACO,Chaco,NEA,Resistencia,https://www.diariolavozdelchaco.com,Contrató un electricista para que relizara arreglos en la casa y abusó de su hija menor de edad
2026-06-18,2026-W25,provincial,LA VOZ DEL CHACO,Chaco,NEA,Resistencia,https://www.diariolavozdelchaco.com,Zdero anunció un nuevo aumento salarial para el sector público pero no confirmó fecha ni montos
2026-06-18,2026-W25,provincial,LA VOZ DEL CHACO,Chaco,NEA,Resistencia,https://www.diariolavozdelchaco.com,"Alerta por tormentas en Resistencia: prevén lluvias intensas, ráfagas de hasta 50 km/h y fuerte baja de temperatura"
2026-06-18,2026-W25,provincial,LA VOZ DEL CHACO,Chaco,NEA,Resistencia,https://www.diariolavozdelchaco.com,Secuestraron cocaína y más de $8 millones tras una requisa en villa Itatí
2026-06-18,2026-W25,provincial,LA VOZ DEL CHACO,Chaco,NEA,Resistencia,https://www.diariolavozdelchaco.com,Sigue la búsqueda de Jonathan Blanco y Axel González en Fontana
2026-06-18,2026-W25,provincial,LA VOZ DEL CHACO,Chaco,NEA,Resistencia,https://www.diariolavozdelchaco.com,Choque fatal entre moto y una bicicleta en la ruta 4
2026-06-18,2026-W25,provincial,LA VOZ DEL CHACO,Chaco,NEA,Resistencia,https://www.diariolavozdelchaco.com,Fatal choque vial involucró a un chaqueño
2026-06-18,2026-W25,provincial,LA VOZ DEL CHACO,Chaco,NEA,Resistencia,https://www.diariolavozdelchaco.com,For Ever no se entrega y confirmó el regreso de Daniel Cravero
2026-06-18,2026-W25,provincial,LA VOZ DEL CHACO,Chaco,NEA,Resistencia,https://www.diariolavozdelchaco.com,Villa San Martín fue imparable en casa y gritó campeón provincial
2026-06-18,2026-W25,provincial,LA VOZ DEL CHACO,Chaco,NEA,Resistencia,https://www.diariolavozdelchaco.com,"YPF lanzó «Argentina llena de energía», su plataforma mundialista con Messi como figura central"
2026-06-18,2026-W25,provincial,LA VOZ DEL CHACO,Chaco,NEA,Resistencia,https://www.diariolavozdelchaco.com,"Triplete de Messi, partido 200 e hito histórico en la cima de los mundiales"
2026-06-18,2026-W25,provincial,LA VOZ DEL CHACO,Chaco,NEA,Resistencia,https://www.diariolavozdelchaco.com,Copa NEA Federal: Municipal tuvo una exigente jornada de vóley
2026-06-18,2026-W25,provincial,LA VOZ DEL CHACO,Chaco,NEA,Resistencia,https://www.diariolavozdelchaco.com,Caso Axel González: por qué la Justicia mantuvo detenido a Ramón “Cuno” Gómez
2026-06-18,2026-W25,provincial,LA VOZ DEL CHACO,Chaco,NEA,Resistencia,https://www.diariolavozdelchaco.com,Caso Axel González: trasladaron a Íñiguez y Silva a la U7 y la defensa presentó un hábeas corpus
2026-06-18,2026-W25,provincial,LA VOZ DEL CHACO,Chaco,NEA,Resistencia,https://www.diariolavozdelchaco.com,"20 años y fue detenido por narcomenudeo: secuestran cocaína, una Jeep Renegade y documentación sospechosa"
2026-06-18,2026-W25,provincial,LA VOZ DEL CHACO,Chaco,NEA,Resistencia,https://www.diariolavozdelchaco.com,Caso Milagros Machuca: elevan la causa a juicio oral y la familia pedirá la pena máxima para las imputadas
2026-06-18,2026-W25,provincial,LA VOZ DEL CHACO,Chaco,NEA,Resistencia,https://www.diariolavozdelchaco.com,"Goyo Pomar: «La gente apoyaba, pretendía, quería y pedía el golpe de Estado en 1976»"
2026-06-18,2026-W25,provincial,LA VOZ DEL CHACO,Chaco,NEA,Resistencia,https://www.diariolavozdelchaco.com,"Horacio Silvestri: «Hagamos arte con lo que nos hace raros, monstruosos y peligrosos»"
2026-06-18,2026-W25,provincial,LA VOZ DEL CHACO,Chaco,NEA,Resistencia,https://www.diariolavozdelchaco.com,Sociedad Un misterio: continúa la búsqueda de Axel González y Jonathan Blanco en Fontana
2026-06-18,2026-W25,provincial,LA VOZ DEL CHACO,Chaco,NEA,Resistencia,https://www.diariolavozdelchaco.com,Policiales Caso Lorena Romero: dos nuevos allanamientos en Resistencia y Puerto Vilelas finalizaron sin hallazgos relevantes
2026-06-18,2026-W25,provincial,LA VOZ DEL CHACO,Chaco,NEA,Resistencia,https://www.diariolavozdelchaco.com,Policiales Caso Axel: la defensa de Íñiguez y Silva pidió anular toda la actuación del Equipo Fiscal Especial
2026-06-18,2026-W25,provincial,NORTE,Chaco,NEA,Resistencia,https://www.diarionorte.com,Apareció con vida Jonathan Blanco en Puerto Tirol
2026-06-18,2026-W25,provincial,NORTE,Chaco,NEA,Resistencia,https://www.diarionorte.com,Villarruel desafía a Milei e irá al acto por el Día de la Bandera en Rosario: también asistirá Manuel Adorni
2026-06-18,2026-W25,provincial,NORTE,Chaco,NEA,Resistencia,https://www.diarionorte.com,Hasta el 31 de agosto hay tiempo. Invitan a participar en La Fiesta del Papel
2026-06-18,2026-W25,provincial,NORTE,Chaco,NEA,Resistencia,https://www.diarionorte.com,El fiscal Guillermo Marijuan pidió la indagatoria de Francisco Adorni por presentar declaraciones juradas falsas
2026-06-18,2026-W25,provincial,NORTE,Chaco,NEA,Resistencia,https://www.diarionorte.com,Internaron a César Sena en salud mental del Perrando
2026-06-18,2026-W25,provincial,NORTE,Chaco,NEA,Resistencia,https://www.diarionorte.com,Ghana derrotó sobre la hora a Panamá para cerrar la primera fecha del Grupo L
2026-06-18,2026-W25,provincial,NORTE,Chaco,NEA,Resistencia,https://www.diarionorte.com,Grupo K. Colombia debutó con victoria en el Mundial 2026: triunfo 3-1 sobre Uzbekistán
2026-06-18,2026-W25,provincial,NORTE,Chaco,NEA,Resistencia,https://www.diarionorte.com,Petkovic elogió a la selección y a Messi tras la goleada
2026-06-18,2026-W25,provincial,NORTE,Chaco,NEA,Resistencia,https://www.diarionorte.com,Mundial 2026. El predominio de los botines rosados y fucsias
2026-06-18,2026-W25,provincial,NORTE,Chaco,NEA,Resistencia,https://www.diarionorte.com,Mundial 2026. Inglaterra le ganó a Croacia en un partidazo en su estreno
2026-06-18,2026-W25,provincial,NORTE,Chaco,NEA,Resistencia,https://www.diarionorte.com,"20 de junio, Día del Refugiado. Historias que también merecen ser contadas durante el Mundial"
2026-06-18,2026-W25,provincial,NORTE,Chaco,NEA,Resistencia,https://www.diarionorte.com,"Sin gluten y fácil de hacer. Ñoquis de polenta: una receta económica, rendidora y perfecta para los días fríos"
2026-06-18,2026-W25,provincial,NORTE,Chaco,NEA,Resistencia,https://www.diarionorte.com,Receta sencilla. Polenta con queso: el clásico que nunca falla en los días frescos
2026-06-18,2026-W25,provincial,NORTE,Chaco,NEA,Resistencia,https://www.diarionorte.com,"Receta infaltable. Sopa de espinaca y papa: la receta fácil, económica y perfecta para los días de frío"
2026-06-18,2026-W25,provincial,NORTE,Chaco,NEA,Resistencia,https://www.diarionorte.com,Edición del 18-06-2026
2026-06-18,2026-W25,provincial,NORTE,Chaco,NEA,Resistencia,https://www.diarionorte.com,El artista Marcos Benítez inaugura este viernes La fiera entre las fieras
2026-06-18,2026-W25,provincial,NORTE,Chaco,NEA,Resistencia,https://www.diarionorte.com,"Segunda audiencia en Corrientes. Juicio por el caso Loan: cruces, fallas y la orden de reiniciar la lectura de cargos"
2026-06-18,2026-W25,provincial,NORTE,Chaco,NEA,Resistencia,https://www.diarionorte.com,Memoria de Resistencia. Un día como hoy de 1942 se fundaba la Filial Chaco de La SADE
2026-06-18,2026-W25,provincial,NORTE,Chaco,NEA,Resistencia,https://www.diarionorte.com,Carta de lectores. Deseos que son leyes
2026-06-18,2026-W25,provincial,NORTE,Chaco,NEA,Resistencia,https://www.diarionorte.com,Alivio para la economía mundial
2026-06-18,2026-W25,provincial,NORTE,Chaco,NEA,Resistencia,https://www.diarionorte.com,Investigación de la UNNE. Alertan sobre el crecimiento sin control de los barrios privados en el Gran Resistencia
2026-06-18,2026-W25,provincial,NORTE,Chaco,NEA,Resistencia,https://www.diarionorte.com,ABR Primera. Villa se adueñó del clásico y le quitó el invicto a Hindú
2026-06-18,2026-W25,provincial,NORTE,Chaco,NEA,Resistencia,https://www.diarionorte.com,Paraguas en mano. Se esperan tormentas para la tarde de este jueves en Resistencia
2026-06-18,2026-W25,provincial,NORTE,Chaco,NEA,Resistencia,https://www.diarionorte.com,"Alerta climática y planificación hídrica. ""Lo correcto es trabajar ahora, en seco, y no cuando el agua nos llegue al cuello"""
2026-06-18,2026-W25,provincial,NORTE,Chaco,NEA,Resistencia,https://www.diarionorte.com,ERSA dejó sin servicio a la Línea 2 y la 106 BC: miles de vecinos quedaron varados sin aviso previo
2026-06-18,2026-W25,provincial,NORTE,Chaco,NEA,Resistencia,https://www.diarionorte.com,"Desaparición de dos jóvenes. Sin pistas firmes y a más de un mes, amplían los rastrillajes por Jonathan Blanco y Axel González"
2026-06-18,2026-W25,provincial,NORTE,Chaco,NEA,Resistencia,https://www.diarionorte.com,Del Chaco a la mesa de la Scaloneta. El emprendedor que abastece con carbón los asados de la Selección Argentina
2026-06-18,2026-W25,provincial,NORTE,Chaco,NEA,Resistencia,https://www.diarionorte.com,Espectacular anochecer por la conjunción de la Luna y Venus
2026-06-18,2026-W25,provincial,NORTE,Chaco,NEA,Resistencia,https://www.diarionorte.com,"Operativo antidrogas en Resistencia. Cayó ""Nata"" Bogado: detienen a un presunto narco y secuestran cocaína, dinero y municiones"
2026-06-18,2026-W25,provincial,NORTE,Chaco,NEA,Resistencia,https://www.diarionorte.com,Mecanismos moleculares que explican el envejecimiento. El guardián silencioso del genoma femenino
2026-06-18,2026-W25,provincial,NORTE,Chaco,NEA,Resistencia,https://www.diarionorte.com,"Alfredo González, presidente de la Fechaco, sobre las expectativas por el Día del Padre. ""Hoy no se vende si no hay un descuento o una atención especial"""
2026-06-18,2026-W25,provincial,NORTE,Chaco,NEA,Resistencia,https://www.diarionorte.com,Día del Padre. Tuya lanza una promoción especial con cuotas sin interés y bonificaciones para celebrar
2026-06-18,2026-W25,provincial,NORTE,Chaco,NEA,Resistencia,https://www.diarionorte.com,"Fernando Facal: ""La gente no perdió la fe, perdió la confianza en las instituciones"""
2026-06-18,2026-W25,provincial,NORTE,Chaco,NEA,Resistencia,https://www.diarionorte.com,"""Entre el cielo y la tierra"". El Museo de Ciencias Naturales inaugura una muestra sobre Campo del Cielo y la cosmovisión mocoví"
2026-06-18,2026-W25,provincial,NORTE,Chaco,NEA,Resistencia,https://www.diarionorte.com,"Preocupante baja de la vacunación infantil. Doctor Sergio Antunez: ""Las vacunas no enferman: salvan vidas"""
2026-06-18,2026-W25,provincial,NORTE,Chaco,NEA,Resistencia,https://www.diarionorte.com,Rosca en la Cámara Alta. El Senado levantó la sesión que estaba prevista para este jueves
2026-06-18,2026-W25,provincial,NORTE,Chaco,NEA,Resistencia,https://www.diarionorte.com,Su histórico hat-trick tuvo gran repercusión. Messi volvió a ocupar el centro de la escena mundial por su grandeza
2026-06-18,2026-W25,provincial,NORTE,Chaco,NEA,Resistencia,https://www.diarionorte.com,"Federal A. Sarmiento, complicado: se fueron tres jugadores y podrían rescindir varios más"
2026-06-18,2026-W25,provincial,NORTE,Chaco,NEA,Resistencia,https://www.diarionorte.com,Impulsan iniciativa de acondicionamiento del Guarnieri para su funcionamiento
2026-06-18,2026-W25,provincial,NORTE,Chaco,NEA,Resistencia,https://www.diarionorte.com,"Fe, devoción y súplicas ante San Antonio de Padua"
2026-06-18,2026-W25,provincial,NORTE,Chaco,NEA,Resistencia,https://www.diarionorte.com,"Marcha por Axel López, a casi un mes de su desaparición"
2026-06-18,2026-W25,provincial,NORTE,Chaco,NEA,Resistencia,https://www.diarionorte.com,"El grito de ""Ni Una Menos"" volvió a llenar las calles del país"
2026-06-18,2026-W25,provincial,NORTE,Chaco,NEA,Resistencia,https://www.diarionorte.com,Santa Rita en imágenes: la fe y la esperanza volvieron a colmar las calles de Puerto Tirol
2026-06-18,2026-W25,provincial,NORTE,Chaco,NEA,Resistencia,https://www.diarionorte.com,"Daniel Juárez, entre la concentración y los Juegos Parasuramericanos"
2026-06-18,2026-W25,provincial,NORTE,Chaco,NEA,Resistencia,https://www.diarionorte.com,Saenz Peña fue sede de un encuentro provincial sobre alfabetización
2026-06-18,2026-W25,provincial,NORTE,Chaco,NEA,Resistencia,https://www.diarionorte.com,Turismo y naturaleza. Dormir en el monte y avistar fauna silvestre: la experiencia que conquista a visitantes de El Impenetrable
2026-06-18,2026-W25,provincial,NORTE,Chaco,NEA,Resistencia,https://www.diarionorte.com,Quiénes son las niñas de la selección Mini en básquet del Chaco
2026-06-18,2026-W25,provincial,NORTE,Chaco,NEA,Resistencia,https://www.diarionorte.com,Sin precedentes. Formosa recibió minerales de hierro para pruebas de producción de arrabio verde
2026-06-18,2026-W25,provincial,NORTE,Chaco,NEA,Resistencia,https://www.diarionorte.com,Las profesionales son las más afectadas. Belleza y estética femeninas golpeadas por la crisis en General San Martín
2026-06-18,2026-W25,provincial,NORTE,Chaco,NEA,Resistencia,https://www.diarionorte.com,"Ni tibios ni vagos: sangre caliente sin burocracia, o la decadencia"
2026-06-18,2026-W25,provincial,EL LIBERTADOR,Corrientes,NEA,Corrientes,https://www.diarioellibertador.com.ar,Diario El Libertador / Noticias de Corrientes
2026-06-18,2026-W25,provincial,EL LIBERTADOR,Corrientes,NEA,Corrientes,https://www.diarioellibertador.com.ar,Loreto: una camioneta atropelló a un peatón y se encuentra grave
2026-06-18,2026-W25,provincial,EL LIBERTADOR,Corrientes,NEA,Corrientes,https://www.diarioellibertador.com.ar,Valdés se reunió con Santilli y anticipó novedades sobre la Autovía 12
2026-06-18,2026-W25,provincial,EL LIBERTADOR,Corrientes,NEA,Corrientes,https://www.diarioellibertador.com.ar,Ante rumores «fake»: la familia Messi aclaró la situación del papá del 10
2026-06-18,2026-W25,provincial,EL LIBERTADOR,Corrientes,NEA,Corrientes,https://www.diarioellibertador.com.ar,"YPF lanzó «Argentina llena de energía», su plataforma mundialista con Messi como figura central"
2026-06-18,2026-W25,provincial,EL LIBERTADOR,Corrientes,NEA,Corrientes,https://www.diarioellibertador.com.ar,Controles de tránsito: el Municipio retiró más de 5.900 vehículos de la vía pública
2026-06-18,2026-W25,provincial,EL LIBERTADOR,Corrientes,NEA,Corrientes,https://www.diarioellibertador.com.ar,Buscan a un auto que se fugó tras chocar a una moto con dos ocupantes
2026-06-18,2026-W25,provincial,EL LIBERTADOR,Corrientes,NEA,Corrientes,https://www.diarioellibertador.com.ar,"Sabor, herencia y multitud en el cierre de la 7ª Fiesta Provincial del Estofado"
2026-06-18,2026-W25,provincial,EL LIBERTADOR,Corrientes,NEA,Corrientes,https://www.diarioellibertador.com.ar,Monte Caseros: el río Uruguay es una fiesta en el Torneo de la Triple Frontera
2026-06-18,2026-W25,provincial,EL LIBERTADOR,Corrientes,NEA,Corrientes,https://www.diarioellibertador.com.ar,"«Caá Catí, Tierra de Luces»: llega el primer encuentro ufológico para debatir los enigmas del cielo correntino"
2026-06-18,2026-W25,provincial,EL LIBERTADOR,Corrientes,NEA,Corrientes,https://www.diarioellibertador.com.ar,Esquina: los ataques de perros abrieron el debate por la tenencia responsable
2026-06-18,2026-W25,provincial,EL LIBERTADOR,Corrientes,NEA,Corrientes,https://www.diarioellibertador.com.ar,Los veteranos que pusieron cuerpo y vida en las Malvinas se convocan
2026-06-18,2026-W25,provincial,EL LIBERTADOR,Corrientes,NEA,Corrientes,https://www.diarioellibertador.com.ar,Tres hermanitas necesitan un hogar que las acompañe en su crecimiento y proyecto de vida
2026-06-18,2026-W25,provincial,EL LIBERTADOR,Corrientes,NEA,Corrientes,https://www.diarioellibertador.com.ar,Martín Villagrán es el DT elegido por Regatas
2026-06-18,2026-W25,provincial,EL LIBERTADOR,Corrientes,NEA,Corrientes,https://www.diarioellibertador.com.ar,Empedrado: un hombre murió tras caer de un caballo mientras arreaba ganado
2026-06-18,2026-W25,provincial,EL LIBERTADOR,Corrientes,NEA,Corrientes,https://www.diarioellibertador.com.ar,Alerta amarilla: rige un aviso por tormentas fuertes en toda la provincia
2026-06-18,2026-W25,provincial,EL LIBERTADOR,Corrientes,NEA,Corrientes,https://www.diarioellibertador.com.ar,Mandiyú dejó en claro que Lautaro Mendoza tomó la decisión de alejarse de Boca Unidos
2026-06-18,2026-W25,provincial,EL LIBERTADOR,Corrientes,NEA,Corrientes,https://www.diarioellibertador.com.ar,Boca Unidos lanzó dardos contra Mandiyú por la ida de Lautaro Mendoza
2026-06-18,2026-W25,provincial,EL LIBERTADOR,Corrientes,NEA,Corrientes,https://www.diarioellibertador.com.ar,Transporte: alerta por despidos en el Interior
2026-06-18,2026-W25,provincial,EL LIBERTADOR,Corrientes,NEA,Corrientes,https://www.diarioellibertador.com.ar,Conmoción por dos feroces ataques de perros: una niña fue mordida en el rostro
2026-06-18,2026-W25,provincial,EL LIBERTADOR,Corrientes,NEA,Corrientes,https://www.diarioellibertador.com.ar,Goya: insisten en que los motociclistas usen casco
2026-06-18,2026-W25,provincial,EL LIBERTADOR,Corrientes,NEA,Corrientes,https://www.diarioellibertador.com.ar,Ex combatientes con abrazo mburucuyano
2026-06-18,2026-W25,provincial,EL LIBERTADOR,Corrientes,NEA,Corrientes,https://www.diarioellibertador.com.ar,Tumores cerebrales: enfatizan la importancia de la detección a tiempo
2026-06-18,2026-W25,provincial,EL LIBERTADOR,Corrientes,NEA,Corrientes,https://www.diarioellibertador.com.ar,Madrugada dramática en el puente Corrientes-Chaco: se descompensó al volante y un policía evitó una tragedia
2026-06-18,2026-W25,provincial,EL LIBERTADOR,Corrientes,NEA,Corrientes,https://www.diarioellibertador.com.ar,Comenzó el juicio por la desaparición Loan Danilo Peña
2026-06-18,2026-W25,provincial,EL LIBERTADOR,Corrientes,NEA,Corrientes,https://www.diarioellibertador.com.ar,El semanario francés que mostró a Corrientes durante la Guerra Guasú
2026-06-18,2026-W25,provincial,EL LIBERTADOR,Corrientes,NEA,Corrientes,https://www.diarioellibertador.com.ar,"Ramón Beaudot, el fraile combativo que fundó el primer diario correntino"
2026-06-18,2026-W25,provincial,EL LIBERTADOR,Corrientes,NEA,Corrientes,https://www.diarioellibertador.com.ar,¿Por qué da tanto miedo La Pora? Una leyenda viva en todo el Litoral
2026-06-18,2026-W25,provincial,EL LIBERTADOR,Corrientes,NEA,Corrientes,https://www.diarioellibertador.com.ar,Decomisaron más de 200 kilos de carne con restos de tierra y pasto
2026-06-18,2026-W25,provincial,EL LIBERTADOR,Corrientes,NEA,Corrientes,https://www.diarioellibertador.com.ar,Caso Loan: la Justicia unifica las causas y todos los imputados irán a un solo juicio
2026-06-18,2026-W25,provincial,EL LIBERTADOR,Corrientes,NEA,Corrientes,https://www.diarioellibertador.com.ar,Conocé los destacados de la cuarta fecha del Campeonato Correntino de MTB
2026-06-18,2026-W25,provincial,EL LIBERTADOR,Corrientes,NEA,Corrientes,https://www.diarioellibertador.com.ar,Tiempo de semifinales en las Copas «Palacio” y “Fabián Sosa»
2026-06-18,2026-W25,provincial,EL LIBERTADOR,Corrientes,NEA,Corrientes,https://www.diarioellibertador.com.ar,Todo listo para el Argentino de Federaciones de Mini en Corrientes
2026-06-18,2026-W25,provincial,EL LIBERTADOR,Corrientes,NEA,Corrientes,https://www.diarioellibertador.com.ar,Furia en la noche correntina: brutal «ring» femenino a la salida de un boliche
2026-06-18,2026-W25,provincial,EL LIBERTADOR,Corrientes,NEA,Corrientes,https://www.diarioellibertador.com.ar,Pánico en una playa correntina: bañistas tuvieron que huir de un convoy de barcazas a la deriva
2026-06-18,2026-W25,provincial,EL LIBERTADOR,Corrientes,NEA,Corrientes,https://www.diarioellibertador.com.ar,"La Pilarcita, Ariel Báez y Valdés opinaron sobre los dichos del «Bocha» Sheridan"
2026-06-18,2026-W25,provincial,EL LIBERTADOR,Corrientes,NEA,Corrientes,https://www.diarioellibertador.com.ar,Los Vecinos “la rompieron” en el Cocomarola: del pop de Miranda al “sapucay” de la gente
2026-06-18,2026-W25,provincial,EL LIBERTADOR,Corrientes,NEA,Corrientes,https://www.diarioellibertador.com.ar,«Hay que establecer prioridades para que los recursos alcancen»
2026-06-18,2026-W25,provincial,EL LIBERTADOR,Corrientes,NEA,Corrientes,https://www.diarioellibertador.com.ar,"Goyo Pomar: «En el ’76, la gente pedía el golpe»"
2026-06-18,2026-W25,provincial,EL LIBERTADOR,Corrientes,NEA,Corrientes,https://www.diarioellibertador.com.ar,"Peteco, contundente: «Adorni debería dar un paso al costado»"
2026-06-18,2026-W25,provincial,EL LIBERTADOR,Corrientes,NEA,Corrientes,https://www.diarioellibertador.com.ar,Policiales Buscan a un auto que se fugó tras chocar a una moto con dos ocupantes
2026-06-18,2026-W25,provincial,EL LIBERTADOR,Corrientes,NEA,Corrientes,https://www.diarioellibertador.com.ar,"Interior Sabor, herencia y multitud en el cierre de la 7ª Fiesta Provincial del Estofado"
2026-06-18,2026-W25,provincial,EL LIBERTADOR,Corrientes,NEA,Corrientes,https://www.diarioellibertador.com.ar,Interior Monte Caseros: el río Uruguay es una fiesta en el Torneo de la Triple Frontera
2026-06-18,2026-W25,provincial,EL LITORAL,Corrientes,NEA,Corrientes,https://www.ellitoral.com.ar,El Litoral | Novedades de Corrientes
2026-06-18,2026-W25,provincial,EL LITORAL,Corrientes,NEA,Corrientes,https://www.ellitoral.com.ar,Caso Loan: la Fiscalía asegura que “hay algunos imputados que quieren declarar”
2026-06-18,2026-W25,provincial,EL LITORAL,Corrientes,NEA,Corrientes,https://www.ellitoral.com.ar,Corrientes: un hombre de 72 años murió tras caer de su caballo mientras arreaba ganado
2026-06-18,2026-W25,provincial,EL LITORAL,Corrientes,NEA,Corrientes,https://www.ellitoral.com.ar,Tránsito en Corrientes: en seis meses hubo cerca de 60.000 multas por exceso de velocidad
2026-06-18,2026-W25,provincial,EL LITORAL,Corrientes,NEA,Corrientes,https://www.ellitoral.com.ar,🔴EN VIVO AHORA🔴
2026-06-18,2026-W25,provincial,EL LITORAL,Corrientes,NEA,Corrientes,https://www.ellitoral.com.ar,Últimas noticias
2026-06-18,2026-W25,provincial,EL LITORAL,Corrientes,NEA,Corrientes,https://www.ellitoral.com.ar,Caza furtiva en Corrientes: llevaban un animales salvajes faenados en una camioneta
2026-06-18,2026-W25,provincial,EL LITORAL,Corrientes,NEA,Corrientes,https://www.ellitoral.com.ar,Fortalecimiento institucional: más de 10 localidades coordinan asistencia en territorio
2026-06-18,2026-W25,provincial,EL LITORAL,Corrientes,NEA,Corrientes,https://www.ellitoral.com.ar,Canadá le negó la visa a un jugador de Costa de Marfil por una causa de apuestas ilegales
2026-06-18,2026-W25,provincial,EL LITORAL,Corrientes,NEA,Corrientes,https://www.ellitoral.com.ar,Mundial 2026: cuáles son los partidos de este jueves
2026-06-18,2026-W25,provincial,EL LITORAL,Corrientes,NEA,Corrientes,https://www.ellitoral.com.ar,Cruce entre Mandiyú y Boca Unidos por la salida de Lautaro Mendoza a la Primera Nacional
2026-06-18,2026-W25,provincial,EL LITORAL,Corrientes,NEA,Corrientes,https://www.ellitoral.com.ar,Presentan en Corrientes una propuesta para reorganizar el transporte urbano
2026-06-18,2026-W25,provincial,EL LITORAL,Corrientes,NEA,Corrientes,https://www.ellitoral.com.ar,"Mundial 2026: fixture, resultados y todos los partidos"
2026-06-18,2026-W25,provincial,EL LITORAL,Corrientes,NEA,Corrientes,https://www.ellitoral.com.ar,Juan Pablo Valdés se reunió con Diego Santilli: avanza la reactivación de la Autovía 12
2026-06-18,2026-W25,provincial,EL LITORAL,Corrientes,NEA,Corrientes,https://www.ellitoral.com.ar,Tres hermanitas correntinas esperan ser adoptadas juntas: cómo es la postulación
2026-06-18,2026-W25,provincial,EL LITORAL,Corrientes,NEA,Corrientes,https://www.ellitoral.com.ar,Corrientes: un hombre de 64 años murió en el incendio de su casa
2026-06-18,2026-W25,provincial,EL LITORAL,Corrientes,NEA,Corrientes,https://www.ellitoral.com.ar,Cofesa: Lanari confirmó que Nación continuará con los planes de salud y fármacos
2026-06-18,2026-W25,provincial,EL LITORAL,Corrientes,NEA,Corrientes,https://www.ellitoral.com.ar,Corrientes: demoraron a un hombre buscado por el robo de palas en la Municipalidad
2026-06-18,2026-W25,provincial,EL LITORAL,Corrientes,NEA,Corrientes,https://www.ellitoral.com.ar,Encontraron al hombre de 27 años que era buscado en Corrientes
2026-06-18,2026-W25,provincial,EL LITORAL,Corrientes,NEA,Corrientes,https://www.ellitoral.com.ar,Capacitación a la Policía Rural sobre control ganadero y delitos en Corrientes
2026-06-18,2026-W25,provincial,EL LITORAL,Corrientes,NEA,Corrientes,https://www.ellitoral.com.ar,Allanaron un asilo de Sauce por la muerte por desnutrición de un anciano
2026-06-18,2026-W25,provincial,EL LITORAL,Corrientes,NEA,Corrientes,https://www.ellitoral.com.ar,La lluvia de dólares y el país que no se construye solo
2026-06-18,2026-W25,provincial,EL LITORAL,Corrientes,NEA,Corrientes,https://www.ellitoral.com.ar,Se canceló una audiencia y no se sabe cuándo podrán hablar los padres de Loan en el juicio
2026-06-18,2026-W25,provincial,EL LITORAL,Corrientes,NEA,Corrientes,https://www.ellitoral.com.ar,Así continúa hoy el juicio por Loan en Corrientes
2026-06-18,2026-W25,provincial,EL LITORAL,Corrientes,NEA,Corrientes,https://www.ellitoral.com.ar,¿Hacia dónde vamos?
2026-06-18,2026-W25,provincial,EL LITORAL,Corrientes,NEA,Corrientes,https://www.ellitoral.com.ar,"Loan, el juicio: dos años después, con un rebelde perdonado y varios caos por resolver"
2026-06-18,2026-W25,provincial,EL LITORAL,Corrientes,NEA,Corrientes,https://www.ellitoral.com.ar,"La honestidad no se blanquea, se demuestra"
2026-06-18,2026-W25,provincial,EL LITORAL,Corrientes,NEA,Corrientes,https://www.ellitoral.com.ar,Por adorar al demonio se ocasionó la muerte
2026-06-18,2026-W25,provincial,EL LITORAL,Corrientes,NEA,Corrientes,https://www.ellitoral.com.ar,El riesgo de exigir milagros y no reconocer progresos
2026-06-18,2026-W25,provincial,EL LITORAL,Corrientes,NEA,Corrientes,https://www.ellitoral.com.ar,Historias inmortales
2026-06-18,2026-W25,provincial,EL LITORAL,Corrientes,NEA,Corrientes,https://www.ellitoral.com.ar,El Baile en lo de la Tere
2026-06-18,2026-W25,provincial,EL LITORAL,Corrientes,NEA,Corrientes,https://www.ellitoral.com.ar,"Pascual Pérez, el primer campeón mundial"
2026-06-18,2026-W25,provincial,EL LITORAL,Corrientes,NEA,Corrientes,https://www.ellitoral.com.ar,Curiosidades mundialistas
2026-06-18,2026-W25,provincial,EL LITORAL,Corrientes,NEA,Corrientes,https://www.ellitoral.com.ar,Caso Loan: a dos años del almuerzo familiar donde desapareció el niño sin dejar rastros
2026-06-18,2026-W25,provincial,EL LITORAL,Corrientes,NEA,Corrientes,https://www.ellitoral.com.ar,Los padres de Loan serán los primeros en declarar en el juicio
2026-06-18,2026-W25,provincial,EL LITORAL,Corrientes,NEA,Corrientes,https://www.ellitoral.com.ar,IA sin normativa y el regreso de los privilegios pre republicanos
2026-06-18,2026-W25,provincial,EL LITORAL,Corrientes,NEA,Corrientes,https://www.ellitoral.com.ar,La impactante depredación de dorados y un negocio ilegal y millonario
2026-06-18,2026-W25,provincial,EL LITORAL,Corrientes,NEA,Corrientes,https://www.ellitoral.com.ar,La política sigue buscando a Maradona cuando el mundo ya eligió a Scaloni
2026-06-18,2026-W25,provincial,EL LITORAL,Corrientes,NEA,Corrientes,https://www.ellitoral.com.ar,Los jueces no aceptan que haya más de dos fiscales y el juicio por Loan suma reclamos
2026-06-18,2026-W25,provincial,EL LITORAL,Corrientes,NEA,Corrientes,https://www.ellitoral.com.ar,Más de 150 testigos para el juicio por Loan: quiénes estarán y quiénes no fueron citados
2026-06-18,2026-W25,provincial,EL LITORAL,Corrientes,NEA,Corrientes,https://www.ellitoral.com.ar,Indio Solari: el último ritual
2026-06-18,2026-W25,provincial,EL LITORAL,Corrientes,NEA,Corrientes,https://www.ellitoral.com.ar,El Real Madrid quiere a una figura de la Selección Argentina y apunta a romper el mercado
2026-06-18,2026-W25,provincial,EL LITORAL,Corrientes,NEA,Corrientes,https://www.ellitoral.com.ar,Colombia debutó con una victoria aplastante ante Uzbekistán
2026-06-18,2026-W25,provincial,EL LITORAL,Corrientes,NEA,Corrientes,https://www.ellitoral.com.ar,Una sembradora de precisión potenciará los ensayos del INTA
2026-06-18,2026-W25,provincial,EL LITORAL,Corrientes,NEA,Corrientes,https://www.ellitoral.com.ar,Juicio por Loan: chocó el micro que traslada a los detenidos
2026-06-18,2026-W25,provincial,EL LITORAL,Corrientes,NEA,Corrientes,https://www.ellitoral.com.ar,Alerta amarilla por tormentas fuertes en Corrientes: por cuánto tiempo se extiende
2026-06-18,2026-W25,provincial,EL LITORAL,Corrientes,NEA,Corrientes,https://www.ellitoral.com.ar,Un remisero correntino recorrió kilómetros para devolver dinero cobrado por error
2026-06-18,2026-W25,provincial,EL LITORAL,Corrientes,NEA,Corrientes,https://www.ellitoral.com.ar,La Dpec lanzó un plan para regularizar facturas de luz impagas: cómo acceder
2026-06-18,2026-W25,provincial,EL LITORAL,Corrientes,NEA,Corrientes,https://www.ellitoral.com.ar,"Quién es Jorge Messi, y el por qué es tan importante para el capitán argentino"
2026-06-18,2026-W25,provincial,EL LITORAL,Corrientes,NEA,Corrientes,https://www.ellitoral.com.ar,Otro golpe para Boca Unidos: se queda sin su goleador
2026-06-18,2026-W25,provincial,ÉPOCA,Corrientes,NEA,Corrientes,https://www.diarioepoca.com,Corrientes: en seis meses se registraron más de 58 mil multas por exceso de velocidad
2026-06-18,2026-W25,provincial,ÉPOCA,Corrientes,NEA,Corrientes,https://www.diarioepoca.com,Un anciano murió calcinado tras incendiarse su casa
2026-06-18,2026-W25,provincial,ÉPOCA,Corrientes,NEA,Corrientes,https://www.diarioepoca.com,Chaco: uno de los jovenes buscados fue hallado deambulando por un basural
2026-06-18,2026-W25,provincial,ÉPOCA,Corrientes,NEA,Corrientes,https://www.diarioepoca.com,"El comunicado de la familia Messi: ""Jorge atraviesa una situación de salud"""
2026-06-18,2026-W25,provincial,ÉPOCA,Corrientes,NEA,Corrientes,https://www.diarioepoca.com,Peatón murió tras ser atropellado por una camioneta
2026-06-18,2026-W25,provincial,ÉPOCA,Corrientes,NEA,Corrientes,https://www.diarioepoca.com,Cuánto podría costarle a un hincha seguir a la Selección Argentina en caso de avanzar de ronda
2026-06-18,2026-W25,provincial,ÉPOCA,Corrientes,NEA,Corrientes,https://www.diarioepoca.com,Tagliafico evoluciona bien y apunta a estar disponible frente a Austria
2026-06-18,2026-W25,provincial,ÉPOCA,Corrientes,NEA,Corrientes,https://www.diarioepoca.com,Paredes se acerca a su regreso y Scaloni suma una alternativa para el mediocampo
2026-06-18,2026-W25,provincial,ÉPOCA,Corrientes,NEA,Corrientes,https://www.diarioepoca.com,Edu Aguirre salió al rescate de Cristiano Ronaldo tras el debut de Portugal
2026-06-18,2026-W25,provincial,ÉPOCA,Corrientes,NEA,Corrientes,https://www.diarioepoca.com,"""El Michael Chaco"": un joven coreógrafo chaqueño se volvió viral con una versión de Billie Jean"
2026-06-18,2026-W25,provincial,ÉPOCA,Corrientes,NEA,Corrientes,https://www.diarioepoca.com,Gustavo Puerta se ganó los elogios tras el debut triunfal de Colombia en el Mundial 2026
2026-06-18,2026-W25,provincial,ÉPOCA,Corrientes,NEA,Corrientes,https://www.diarioepoca.com,Insólito momento: un periodista intentó entrevistar a un arquero saudí sin hablar su idioma y se volvió viral
2026-06-18,2026-W25,provincial,ÉPOCA,Corrientes,NEA,Corrientes,https://www.diarioepoca.com,Un hombre de 72 años murió tras caer de su caballo mientras arreaba ganado
2026-06-18,2026-W25,provincial,ÉPOCA,Corrientes,NEA,Corrientes,https://www.diarioepoca.com,Anularon un gol de Argelia y una argentina reaccionó desde la tribuna
2026-06-18,2026-W25,provincial,ÉPOCA,Corrientes,NEA,Corrientes,https://www.diarioepoca.com,Villarruel confirmó su presencia en Rosario para el Día de la Bandera
2026-06-18,2026-W25,provincial,ÉPOCA,Corrientes,NEA,Corrientes,https://www.diarioepoca.com,Edición del 18/06/2026
2026-06-18,2026-W25,provincial,ÉPOCA,Corrientes,NEA,Corrientes,https://www.diarioepoca.com,Capacitan sobre periodismo de calidad e inteligencia artificial en la carrera de Comunicación Social
2026-06-18,2026-W25,provincial,ÉPOCA,Corrientes,NEA,Corrientes,https://www.diarioepoca.com,Alerta nacional por la desaparición de una cápsula radiactiva de cesio-137 en Rosario
2026-06-18,2026-W25,provincial,ÉPOCA,Corrientes,NEA,Corrientes,https://www.diarioepoca.com,Demolieron el histórico tanque de agua del ex Batallón Logístico 3 de Curuzú Cuatiá
2026-06-18,2026-W25,provincial,ÉPOCA,Corrientes,NEA,Corrientes,https://www.diarioepoca.com,El Gobierno de Corrientes lanza programa de formación en Inteligencia Artificial Generativa
2026-06-18,2026-W25,provincial,ÉPOCA,Corrientes,NEA,Corrientes,https://www.diarioepoca.com,Todo listo para el arranque del Campeonato Argentino de Federaciones en Corrientes
2026-06-18,2026-W25,provincial,ÉPOCA,Corrientes,NEA,Corrientes,https://www.diarioepoca.com,Buscan intensamente a un joven que salió de su casa y no regresó
2026-06-18,2026-W25,provincial,ÉPOCA,Corrientes,NEA,Corrientes,https://www.diarioepoca.com,"Investigan el hallazgo de un hombre sin vida a la vera de la Ruta 12, cerca de Goya"
2026-06-18,2026-W25,provincial,ÉPOCA,Corrientes,NEA,Corrientes,https://www.diarioepoca.com,Vela encendida provocó incendio y destrucción de un inquilinato
2026-06-18,2026-W25,provincial,ÉPOCA,Corrientes,NEA,Corrientes,https://www.diarioepoca.com,"Por la baja natalidad, estiman que no será necesario construir jardines de infantes en 2027"
2026-06-18,2026-W25,provincial,ÉPOCA,Corrientes,NEA,Corrientes,https://www.diarioepoca.com,Gran Resistencia: impulsan normativas para barrios cerrados
2026-06-18,2026-W25,provincial,ÉPOCA,Corrientes,NEA,Corrientes,https://www.diarioepoca.com,El tierno gesto de Messi con la hija de una figura argelina tras el triunfo argentino
2026-06-18,2026-W25,provincial,ÉPOCA,Corrientes,NEA,Corrientes,https://www.diarioepoca.com,Un intendente fue atacado por un concejal y sufrió lesiones en la cabeza
2026-06-18,2026-W25,provincial,ÉPOCA,Corrientes,NEA,Corrientes,https://www.diarioepoca.com,"Un jugador de Congo fue lapidario con Cristiano Ronaldo: ""Está más viejo ahora"""
2026-06-18,2026-W25,provincial,ÉPOCA,Corrientes,NEA,Corrientes,https://www.diarioepoca.com,Cuatro detenidos por depredación y secuestro de fauna protegida
2026-06-18,2026-W25,provincial,ÉPOCA,Corrientes,NEA,Corrientes,https://www.diarioepoca.com,Investigan si Adorni llevó a su madre a vivir a un country y si gastó $ 8 millones en blanquería
2026-06-18,2026-W25,provincial,ÉPOCA,Corrientes,NEA,Corrientes,https://www.diarioepoca.com,Agustín Brocal sigue en OTC
2026-06-18,2026-W25,provincial,ÉPOCA,Corrientes,NEA,Corrientes,https://www.diarioepoca.com,Corrientes se alista para otra Noche de Titanes
2026-06-18,2026-W25,provincial,ÉPOCA,Corrientes,NEA,Corrientes,https://www.diarioepoca.com,Martín Villagrán será el nuevo DT de Regatas
2026-06-18,2026-W25,provincial,ÉPOCA,Corrientes,NEA,Corrientes,https://www.diarioepoca.com,Se supo el motivo del llanto de Lionel Messi en el debut de la Selección argentina
2026-06-18,2026-W25,provincial,ÉPOCA,Corrientes,NEA,Corrientes,https://www.diarioepoca.com,El campeón salió a la cancha y no defraudó
2026-06-18,2026-W25,provincial,ÉPOCA,Corrientes,NEA,Corrientes,https://www.diarioepoca.com,Messi y el tiempo: la vigencia de un capitán en el estreno mundialista de Argentina
2026-06-18,2026-W25,provincial,ÉPOCA,Corrientes,NEA,Corrientes,https://www.diarioepoca.com,Corrientes: Motociclista se estrelló contra un bache señalizado y resultó herido
2026-06-18,2026-W25,provincial,ÉPOCA,Corrientes,NEA,Corrientes,https://www.diarioepoca.com,La ciudad procesó casi 100.000 toneladas de residuos en seis meses
2026-06-18,2026-W25,provincial,ÉPOCA,Corrientes,NEA,Corrientes,https://www.diarioepoca.com,Vendió la caja sustraída a súper
2026-06-18,2026-W25,provincial,ÉPOCA,Corrientes,NEA,Corrientes,https://www.diarioepoca.com,Violento choque de motos en barrio Concepción: la imprudencia quedó registrada en cámaras
2026-06-18,2026-W25,provincial,ÉPOCA,Corrientes,NEA,Corrientes,https://www.diarioepoca.com,"Alvear rinde homenaje al capitán: el ""Messi Correntino"" ya tiene sus murales"
2026-06-18,2026-W25,provincial,ÉPOCA,Corrientes,NEA,Corrientes,https://www.diarioepoca.com,"Aumentaron los casos de pagos de ""rescate"" por motos robadas"
2026-06-18,2026-W25,provincial,ÉPOCA,Corrientes,NEA,Corrientes,https://www.diarioepoca.com,Fueron de pesca y volvieron con ovejas ajenas
2026-06-18,2026-W25,provincial,ÉPOCA,Corrientes,NEA,Corrientes,https://www.diarioepoca.com,Juli Savioli reaccionó con incredulidad tras la muerte de Gaspi
2026-06-18,2026-W25,provincial,ÉPOCA,Corrientes,NEA,Corrientes,https://www.diarioepoca.com,El padre de Gaspi cree que hubo un atentado
2026-06-18,2026-W25,provincial,ÉPOCA,Corrientes,NEA,Corrientes,https://www.diarioepoca.com,Andrea del Boca acusó a los gritos a Solange Abraham de querer pegarle
2026-06-18,2026-W25,provincial,ÉPOCA,Corrientes,NEA,Corrientes,https://www.diarioepoca.com,Pergolini: confundieron a Curuzú Cuatiá con Curazao en vivo
2026-06-18,2026-W25,provincial,ÉPOCA,Corrientes,NEA,Corrientes,https://www.diarioepoca.com,Desde Monti hasta Messi: los 95 años mundialistas que vivió Mirtha Legrand junto a la Selección
2026-06-18,2026-W25,provincial,ÉPOCA,Corrientes,NEA,Corrientes,https://www.diarioepoca.com,"CRISTOBAL CAFE CORRIENTES - Show en Vivo: ""PALOMA ACQUARONE"" - San Juan esq. Plácido Martínez"
2026-06-18,2026-W25,provincial,EL COMERCIAL,Formosa,NEA,Formosa,https://www.elcomercial.com.ar,Mundial 2026: se pone en marcha la segunda fecha de la fase de grupos
2026-06-18,2026-W25,provincial,EL COMERCIAL,Formosa,NEA,Formosa,https://www.elcomercial.com.ar,La Cámara de Comercio de Formosa reclama frenar embargos y multas de ARCA sobre las pymes
2026-06-18,2026-W25,provincial,EL COMERCIAL,Formosa,NEA,Formosa,https://www.elcomercial.com.ar,"El procurador municipal acusó a un concejal de ""usurpar atribuciones"" al inaugurar una plaza que aún estaba en obra"
2026-06-18,2026-W25,provincial,EL COMERCIAL,Formosa,NEA,Formosa,https://www.elcomercial.com.ar,Se confirmó la visita del papa León XIV a Perú y crece la expectativa de una gira que incluiría a la Argentina
2026-06-18,2026-W25,provincial,EL COMERCIAL,Formosa,NEA,Formosa,https://www.elcomercial.com.ar,De Formosa a Lima: la bailarina que convirtió su pasión en una carrera internacional
2026-06-18,2026-W25,provincial,EL COMERCIAL,Formosa,NEA,Formosa,https://www.elcomercial.com.ar,Formosa fue sede de un exitoso encuentro de jóvenes líderes de la región
2026-06-18,2026-W25,provincial,EL COMERCIAL,Formosa,NEA,Formosa,https://www.elcomercial.com.ar,Docentes autoconvocados marcharon por el centro de Formosa en reclamo de una recomposición salarial
2026-06-18,2026-W25,provincial,EL COMERCIAL,Formosa,NEA,Formosa,https://www.elcomercial.com.ar,Confirman que en el predio del ex Casino Worest proyectan construir un edificio corporativo
2026-06-18,2026-W25,provincial,EL COMERCIAL,Formosa,NEA,Formosa,https://www.elcomercial.com.ar,"Empresarios elogian el orden macroeconómico de Milei, pero alertan sobre una ""apertura ingenua"" y el deterioro de la infraestructura"
2026-06-18,2026-W25,provincial,EL COMERCIAL,Formosa,NEA,Formosa,https://www.elcomercial.com.ar,Formosa se prepara para honrar a su Patrona: se conocieron los detalles del programa para la Fiesta de la Virgen del Carmen
2026-06-18,2026-W25,provincial,EL COMERCIAL,Formosa,NEA,Formosa,https://www.elcomercial.com.ar,Últimos días para aprovechar descuentos y ahorros en compras por el día del padre
2026-06-18,2026-W25,provincial,EL COMERCIAL,Formosa,NEA,Formosa,https://www.elcomercial.com.ar,"Mendoza: peleaba con su novia policía, le sacó el arma reglamentaria y se suicidó de un disparo"
2026-06-18,2026-W25,provincial,EL COMERCIAL,Formosa,NEA,Formosa,https://www.elcomercial.com.ar,ANSES: quiénes cobran hoy jueves 18 de junio de 2026
2026-06-18,2026-W25,provincial,EL COMERCIAL,Formosa,NEA,Formosa,https://www.elcomercial.com.ar,Los precios del petróleo se desploman tras la firma del acuerdo de paz entre Estados Unidos e Irán
2026-06-18,2026-W25,provincial,EL COMERCIAL,Formosa,NEA,Formosa,https://www.elcomercial.com.ar,El fiscal Guillermo Marijuan pidió la indagatoria de Francisco Adorni por presentar declaraciones juradas falsas
2026-06-18,2026-W25,provincial,EL COMERCIAL,Formosa,NEA,Formosa,https://www.elcomercial.com.ar,El Gobierno aprobó un nuevo anticipo financiero para tres provincias
2026-06-18,2026-W25,provincial,EL COMERCIAL,Formosa,NEA,Formosa,https://www.elcomercial.com.ar,"La inflación mayorista se desaceleró a 2,5% en mayo y acumuló 34,5% en los últimos doce meses"
2026-06-18,2026-W25,provincial,EL COMERCIAL,Formosa,NEA,Formosa,https://www.elcomercial.com.ar,La Justicia ordenó nuevas medidas para verificar la coartada cripto de Adorni y revisarán los ingresos al country Indio Cuá
2026-06-18,2026-W25,provincial,EL COMERCIAL,Formosa,NEA,Formosa,https://www.elcomercial.com.ar,Mundial 2026: crece la preocupación de los especialistas en salud mental por las apuestas online
2026-06-18,2026-W25,provincial,EL COMERCIAL,Formosa,NEA,Formosa,https://www.elcomercial.com.ar,River anunció un amistoso internacional ante Flamengo en Portugal
2026-06-18,2026-W25,provincial,EL COMERCIAL,Formosa,NEA,Formosa,https://www.elcomercial.com.ar,La Academia Juan Vicente cosechó importantes triunfos en Corrientes y dejó a Formosa en lo más alto del kickboxing
2026-06-18,2026-W25,provincial,EL COMERCIAL,Formosa,NEA,Formosa,https://www.elcomercial.com.ar,Mundial 2026: Colombia superó 3-1 a Uzbekistán en su debut y lidera el Grupo K
2026-06-18,2026-W25,provincial,EL COMERCIAL,Formosa,NEA,Formosa,https://www.elcomercial.com.ar,"Con Cristiano Ronaldo, Portugal defraudó en su debut en el Mundial y empató 1-1 con RD Congo"
2026-06-18,2026-W25,provincial,EL COMERCIAL,Formosa,NEA,Formosa,https://www.elcomercial.com.ar,Mundial 2026 | Inglaterra debutó con una victoria espectacular por 4 a 2 ante Croacia
2026-06-18,2026-W25,provincial,EL COMERCIAL,Formosa,NEA,Formosa,https://www.elcomercial.com.ar,El día después del hat-trick: Messi entrenó con baja intensidad y ya piensa en Austria
2026-06-18,2026-W25,provincial,EL COMERCIAL,Formosa,NEA,Formosa,https://www.elcomercial.com.ar,Se realizó un nuevo operativo de castración y vacunación gratuita para animales de compañía
2026-06-18,2026-W25,provincial,EL COMERCIAL,Formosa,NEA,Formosa,https://www.elcomercial.com.ar,La comuna capitalina accionó en distintos frentes para la puesta a punto de servicios
2026-06-18,2026-W25,provincial,EL COMERCIAL,Formosa,NEA,Formosa,https://www.elcomercial.com.ar,Más de 2300 personas pasaron el fin de semana por el stand del Municipio consultando y pagando tasas municipales
2026-06-18,2026-W25,provincial,EL COMERCIAL,Formosa,NEA,Formosa,https://www.elcomercial.com.ar,"Con la presencia de jóvenes de toda la ciudad, el Municipio puso en marcha ""Ciudad Joven"""
2026-06-18,2026-W25,provincial,EL COMERCIAL,Formosa,NEA,Formosa,https://www.elcomercial.com.ar,Comenzaron trabajos en el predio del ex Casino Worest y crecen las expectativas por un nuevo edificio
2026-06-18,2026-W25,provincial,EL COMERCIAL,Formosa,NEA,Formosa,https://www.elcomercial.com.ar,Habitar agotó en una semana su stock de televisores de 85 pulgadas por el furor del Mundial
2026-06-18,2026-W25,provincial,EL COMERCIAL,Formosa,NEA,Formosa,https://www.elcomercial.com.ar,Compró una moto por internet y cuando fue a buscarla lo asesinaron: condenaron a dos jóvenes a perpetua
2026-06-18,2026-W25,provincial,EL COMERCIAL,Formosa,NEA,Formosa,https://www.elcomercial.com.ar,No declararán los padres de Loan: se reanuda el juicio el miércoles 24 de junio
2026-06-18,2026-W25,provincial,EL COMERCIAL,Formosa,NEA,Formosa,https://www.elcomercial.com.ar,"Tensión, un pedido de detención y la ausencia de un imputado en la primera audiencia"
2026-06-18,2026-W25,provincial,EL COMERCIAL,Formosa,NEA,Formosa,https://www.elcomercial.com.ar,La defensa pedirá que se coteje el ADN hallado en el cuerpo de Xiomara con otras personas mencionadas en la causa
2026-06-18,2026-W25,provincial,EL COMERCIAL,Formosa,NEA,Formosa,https://www.elcomercial.com.ar,Detuvieron a una mujer acusada de matar a su hija: la impactante frase de la joven en sus redes sociales
2026-06-18,2026-W25,provincial,EL COMERCIAL,Formosa,NEA,Formosa,https://www.elcomercial.com.ar,Intensa búsqueda de una embarcación con cinco tripulantes que se perdió en el Río de la Plata
2026-06-18,2026-W25,provincial,EL COMERCIAL,Formosa,NEA,Formosa,https://www.elcomercial.com.ar,"El papa León XIV elogió el acuerdo entre EEUU e Irán y reclamó ""caminos de diálogo"" para Ucrania"
2026-06-18,2026-W25,provincial,EL COMERCIAL,Formosa,NEA,Formosa,https://www.elcomercial.com.ar,"Donald Trump afirmó que el acuerdo con Irán evitó una ""catástrofe económica"" en Estados Unidos"
2026-06-18,2026-W25,provincial,EL COMERCIAL,Formosa,NEA,Formosa,https://www.elcomercial.com.ar,Irán dijo que está evaluando un encuentro entre Trump y Pezeshkian para sellar el acuerdo que pondrá fin a la guerra
2026-06-18,2026-W25,provincial,EL COMERCIAL,Formosa,NEA,Formosa,https://www.elcomercial.com.ar,Paraguay: Peligrosa gavilla asalta con explosivos tres bancos y una casa de cambios en Santa Rita
2026-06-18,2026-W25,provincial,EL COMERCIAL,Formosa,NEA,Formosa,https://www.elcomercial.com.ar,Reino Unido avanza con una fuerte restricción y los menores de 16 años no podrán usar redes sociales
2026-06-18,2026-W25,provincial,EL COMERCIAL,Formosa,NEA,Formosa,https://www.elcomercial.com.ar,"Trump confirmó que el acuerdo con Irán ya está firmado y adelantó que el texto se conocerá ""muy pronto"""
2026-06-18,2026-W25,provincial,EL COMERCIAL,Formosa,NEA,Formosa,https://www.elcomercial.com.ar,Agenda de partidos
2026-06-18,2026-W25,provincial,EL COMERCIAL,Formosa,NEA,Formosa,https://www.elcomercial.com.ar,Calendario + Grupos:
2026-06-18,2026-W25,provincial,EL COMERCIAL,Formosa,NEA,Formosa,https://www.elcomercial.com.ar,ULTIMAS NOTICIAS
2026-06-18,2026-W25,provincial,EL COMERCIAL,Formosa,NEA,Formosa,https://www.elcomercial.com.ar,ULTIMAS 24 HORAS
2026-06-18,2026-W25,provincial,FORMOSA,Formosa,NEA,Formosa,https://www.diarioformosa.net,"YPF lanzó ""Argentina llena de energía"", su plataforma mundialista con Messi como figura central"
2026-06-18,2026-W25,provincial,FORMOSA,Formosa,NEA,Formosa,https://www.diarioformosa.net,Refsa anunció cortes programados para este sábado
2026-06-18,2026-W25,provincial,FORMOSA,Formosa,NEA,Formosa,https://www.diarioformosa.net,Día del Padre: Dónde y cuándo conseguir el mejor chivito formoseño
2026-06-18,2026-W25,provincial,FORMOSA,Formosa,NEA,Formosa,https://www.diarioformosa.net,Formosa sostiene la inversión en obra pública con fondos propios
2026-06-18,2026-W25,provincial,FORMOSA,Formosa,NEA,Formosa,https://www.diarioformosa.net,Lanzaron la diplomatura ejecutiva para emprendedores
2026-06-18,2026-W25,provincial,FORMOSA,Formosa,NEA,Formosa,https://www.diarioformosa.net,Unidades policiales dañadas tras los dos allanamientos contra el contrabando
2026-06-18,2026-W25,provincial,FORMOSA,Formosa,NEA,Formosa,https://www.diarioformosa.net,Allanamientos contra el contrabando: un hombre muerto y tres policías heridos
2026-06-18,2026-W25,provincial,FORMOSA,Formosa,NEA,Formosa,https://www.diarioformosa.net,Messi confirmó su último partido de Eliminatorias en Argentina
2026-06-18,2026-W25,provincial,FORMOSA,Formosa,NEA,Formosa,https://www.diarioformosa.net,"La inflación mayorista bajó un 2,5% en mayo"
2026-06-18,2026-W25,provincial,FORMOSA,Formosa,NEA,Formosa,https://www.diarioformosa.net,Mariana Mobilio disputará la Copa Panamericana de Buenos Aires
2026-06-18,2026-W25,provincial,FORMOSA,Formosa,NEA,Formosa,https://www.diarioformosa.net,La fecha 14 tiene su programación
2026-06-18,2026-W25,provincial,FORMOSA,Formosa,NEA,Formosa,https://www.diarioformosa.net,Adolescente retenido con marihuana
2026-06-18,2026-W25,provincial,FORMOSA,Formosa,NEA,Formosa,https://www.diarioformosa.net,"Pequeños cambios, grandes beneficios: charla de educación alimentaria y nutricional"
2026-06-18,2026-W25,provincial,FORMOSA,Formosa,NEA,Formosa,https://www.diarioformosa.net,Recibí las noticias en tu email
2026-06-18,2026-W25,provincial,FORMOSA,Formosa,NEA,Formosa,https://www.diarioformosa.net,El Colorado: fuerte operativo de la Uear ante un masivo remate de 1.500 vacunos
2026-06-18,2026-W25,provincial,FORMOSA,Formosa,NEA,Formosa,https://www.diarioformosa.net,Ibarreta: destacan compromiso con la salud pública a pesar de los ajustes nacionales
2026-06-18,2026-W25,provincial,FORMOSA,Formosa,NEA,Formosa,https://www.diarioformosa.net,Paisajes de mi tierra y Guardianes de Formosa llegaron a la EPEE N.o 14 de Las Lomitas
2026-06-18,2026-W25,provincial,FORMOSA,Formosa,NEA,Formosa,https://www.diarioformosa.net,Sonia Mosmann: educación y superación en Ingeniero Juárez
2026-06-18,2026-W25,provincial,FORMOSA,Formosa,NEA,Formosa,https://www.diarioformosa.net,El Municipio de Ingeniero Juárez ejecuta diariamente compromiso de servir a la comunidad
2026-06-18,2026-W25,provincial,FORMOSA,Formosa,NEA,Formosa,https://www.diarioformosa.net,Messi eterno: un debut a puro gol en el Mundial 2026
2026-06-18,2026-W25,provincial,FORMOSA,Formosa,NEA,Formosa,https://www.diarioformosa.net,Se cerró la novena fecha del Torneo Clasificatorio
2026-06-18,2026-W25,provincial,FORMOSA,Formosa,NEA,Formosa,https://www.diarioformosa.net,Elvis Pineda convocado a la Selección Argentina Juvenil de Fútbol Playa
2026-06-18,2026-W25,provincial,FORMOSA,Formosa,NEA,Formosa,https://www.diarioformosa.net,Estudiantes recibieron una charla de técnicos de la empresa Nutrifor
2026-06-18,2026-W25,provincial,FORMOSA,Formosa,NEA,Formosa,https://www.diarioformosa.net,Expo motor: más de 2300 vecinos pasaron por el estand municipal para regularizar tributos
2026-06-18,2026-W25,provincial,FORMOSA,Formosa,NEA,Formosa,https://www.diarioformosa.net,Continúan las capacitaciones para potenciar a emprendedores formoseños
2026-06-18,2026-W25,provincial,FORMOSA,Formosa,NEA,Formosa,https://www.diarioformosa.net,Zanín respaldó declaraciones de Ibáñez y destacó el acompañamiento del Gobierno a las pymes
2026-06-18,2026-W25,provincial,FORMOSA,Formosa,NEA,Formosa,https://www.diarioformosa.net,Insfrán presidió la llegada a Formosa del primer cargamento de mineral de hierro
2026-06-18,2026-W25,provincial,FORMOSA,Formosa,NEA,Formosa,https://www.diarioformosa.net,El Pro evalúa apoyar remoción de Manuel Adorni en el Senado
2026-06-18,2026-W25,provincial,FORMOSA,Formosa,NEA,Formosa,https://www.diarioformosa.net,Formosa refuerza el control sobre tierras fiscales
2026-06-18,2026-W25,provincial,FORMOSA,Formosa,NEA,Formosa,https://www.diarioformosa.net,Red de hemoterapia: las colectas externas crecieron un 1300%
2026-06-18,2026-W25,provincial,FORMOSA,Formosa,NEA,Formosa,https://www.diarioformosa.net,"YPF lanzó ""Argentina llena de energía"", su plataforma mundialista con Messi como figura central Nacionales"
2026-06-18,2026-W25,provincial,FORMOSA,Formosa,NEA,Formosa,https://www.diarioformosa.net,VIDEO GALERÍA + NOTAS
2026-06-18,2026-W25,provincial,FORMOSA,Formosa,NEA,Formosa,https://www.diarioformosa.net,Interior + NOTAS
2026-06-18,2026-W25,provincial,FORMOSA,Formosa,NEA,Formosa,https://www.diarioformosa.net,El Colorado: fuerte operativo de la Uear ante un masivo remate de 1.500 vacunos Interior
2026-06-18,2026-W25,provincial,FORMOSA,Formosa,NEA,Formosa,https://www.diarioformosa.net,Deportes + NOTAS
2026-06-18,2026-W25,provincial,FORMOSA,Formosa,NEA,Formosa,https://www.diarioformosa.net,Recibir newsletter
2026-06-18,2026-W25,provincial,FORMOSA AHORA,Formosa,NEA,Formosa,https://www.formosaahora.com.ar,Más de 2300 personas pasaron el fin de semana por el stand del Municipio consultando y pagando tasas municipales
2026-06-18,2026-W25,provincial,FORMOSA AHORA,Formosa,NEA,Formosa,https://www.formosaahora.com.ar,Enrique Zanin respaldó las declaraciones del ministro Jorge Ibáñez y destacó el acompañamiento permanente del Gobierno provincial a las pymes formoseñas
2026-06-18,2026-W25,provincial,FORMOSA AHORA,Formosa,NEA,Formosa,https://www.formosaahora.com.ar,Malena Gamarra cuestionó la utilización política de obras todavía en ejecución vulnerando la seguridad de los vecinos
2026-06-18,2026-W25,provincial,FORMOSA AHORA,Formosa,NEA,Formosa,https://www.formosaahora.com.ar,El Municipio de Ingeniero Juárez y el Instituto Politécnico Formosa capacitaron a 28 juarenses en oficio con inmediata salida laboral
2026-06-18,2026-W25,provincial,FORMOSA AHORA,Formosa,NEA,Formosa,https://www.formosaahora.com.ar,Actualización de conocimientos: Realizan IV Jornada de Ingeniería en la UNaF
2026-06-18,2026-W25,provincial,FORMOSA AHORA,Formosa,NEA,Formosa,https://www.formosaahora.com.ar,JOREIC IX: Se realizaron talleres y charlas en los laboratorios de la UNaF
2026-06-18,2026-W25,provincial,FORMOSA AHORA,Formosa,NEA,Formosa,https://www.formosaahora.com.ar,DEFENSORIAS DEL PUEBLO SE REUNIERON CON EL SINDICATO DE TRABAJADORES VIALES DE LA REPUBLICA ARGENTINA
2026-06-18,2026-W25,provincial,FORMOSA AHORA,Formosa,NEA,Formosa,https://www.formosaahora.com.ar,Se vivió la segunda jornada de Expo Motor con alta participación en el Paseo Ferroviario
2026-06-18,2026-W25,provincial,FORMOSA AHORA,Formosa,NEA,Formosa,https://www.formosaahora.com.ar,EL CONSUMO DE CARNE VACUNA CAYÓ AL NIVEL MÁS BAJO DE LOS ÚLTIMOS 20 AÑOS
2026-06-18,2026-W25,provincial,FORMOSA AHORA,Formosa,NEA,Formosa,https://www.formosaahora.com.ar,Rechazan habeas corpus en favor de un niño al comprobarse que no existe ninguna irregularidad ni privación de libertad
2026-06-18,2026-W25,provincial,FORMOSA AHORA,Formosa,NEA,Formosa,https://www.formosaahora.com.ar,Compensación económica a una mujer que tras su separación quedó en evidente estado de desprotección y vulnerabilidad
2026-06-18,2026-W25,provincial,FORMOSA AHORA,Formosa,NEA,Formosa,https://www.formosaahora.com.ar,Sonia Mosmann; una historia de superacion que demuestra el impacto de la educación universitaria en Ingeniero Juárez
2026-06-18,2026-W25,provincial,FORMOSA AHORA,Formosa,NEA,Formosa,https://www.formosaahora.com.ar,FormosaAhora entrevistó al pastor Gonzalo Martearena sobre la gran campaña evangelística “Cambia Tu Mundo”
2026-06-18,2026-W25,provincial,FORMOSA AHORA,Formosa,NEA,Formosa,https://www.formosaahora.com.ar,El Municipio de Ingeniero Juárez ejecuta diariamente el compromiso de servir a su comunidad
2026-06-18,2026-W25,provincial,FORMOSA AHORA,Formosa,NEA,Formosa,https://www.formosaahora.com.ar,Con exitosa participación se desarrolló el primer encuentro “CAMEFOR Conecta”
2026-06-18,2026-W25,provincial,FORMOSA AHORA,Formosa,NEA,Formosa,https://www.formosaahora.com.ar,"Jofré designó nuevas autoridades en áreas de Obras, Servicios, Gobierno y Transporte"
2026-06-18,2026-W25,provincial,FORMOSA AHORA,Formosa,NEA,Formosa,https://www.formosaahora.com.ar,EL GOBIERNO NACIONAL RECORTÓ PENSIONES Y VACIÓ LA ANDIS PERO AHORA ANUNCIA UN “AVANCE” DE ACCESO EN EL TRANSPORTE
2026-06-18,2026-W25,provincial,FORMOSA AHORA,Formosa,NEA,Formosa,https://www.formosaahora.com.ar,TRANSNEA ADELANTO QUE EL AUTOTRANSFORMADOR INCENDIADO EN CLORINDA NO CONTENIA PCB Y TAMPOCO NINGUNA SUSTANCIA PELIGROSA
2026-06-18,2026-W25,provincial,FORMOSA AHORA,Formosa,NEA,Formosa,https://www.formosaahora.com.ar,Violencia de género: Realizan una jornada de sensibilización en la Facultad de Ciencias de la Salud
2026-06-18,2026-W25,provincial,EL TERRITORIO,Misiones,NEA,Posadas,https://www.elterritorio.com.ar,"Cáncer de riñón, una enfermedad silenciosa que causa más de 2.300 muertes al año en Argentina"
2026-06-18,2026-W25,provincial,EL TERRITORIO,Misiones,NEA,Posadas,https://www.elterritorio.com.ar,La familia Messi emitió un comunicado sobre la salud de Jorge y pidió respeto a su privacidad
2026-06-18,2026-W25,provincial,EL TERRITORIO,Misiones,NEA,Posadas,https://www.elterritorio.com.ar,Posadas tendrá una nueva conexión aérea directa con Buenos Aires a partir de noviembre
2026-06-18,2026-W25,provincial,EL TERRITORIO,Misiones,NEA,Posadas,https://www.elterritorio.com.ar,"Canadá le negó la entrada a Elye Wahi, de Costa de Marfil, sospechado de apuestas ilegales"
2026-06-18,2026-W25,provincial,EL TERRITORIO,Misiones,NEA,Posadas,https://www.elterritorio.com.ar,México y Corea del Sur protagonizan un duelo decisivo por el liderazgo del Grupo A
2026-06-18,2026-W25,provincial,EL TERRITORIO,Misiones,NEA,Posadas,https://www.elterritorio.com.ar,Canadá y Qatar buscan dar el golpe en un Grupo B que llega totalmente igualado
2026-06-18,2026-W25,provincial,EL TERRITORIO,Misiones,NEA,Posadas,https://www.elterritorio.com.ar,Suiza y Bosnia buscan dar un paso clave hacia la clasificación en el Mundial 2026
2026-06-18,2026-W25,provincial,EL TERRITORIO,Misiones,NEA,Posadas,https://www.elterritorio.com.ar,República Checa y Sudáfrica se juegan una final anticipada en el Grupo A del Mundial 2026
2026-06-18,2026-W25,provincial,EL TERRITORIO,Misiones,NEA,Posadas,https://www.elterritorio.com.ar,Colombia debutó en el Mundial con victoria 3-1 sobre Uzbekistán
2026-06-18,2026-W25,provincial,EL TERRITORIO,Misiones,NEA,Posadas,https://www.elterritorio.com.ar,Más de 70 proyectos deslumbraron a la Feria Zonal de Ciencias y Tecnología en San Pedro
2026-06-18,2026-W25,provincial,EL TERRITORIO,Misiones,NEA,Posadas,https://www.elterritorio.com.ar,"Entre escombros y canciones, la Murga de la Estación prepara un San Juan a puro fuego y comunidad"
2026-06-18,2026-W25,provincial,EL TERRITORIO,Misiones,NEA,Posadas,https://www.elterritorio.com.ar,Conmoción en Eldorado por la muerte del médico Enzo Londero y su esposa en un choque frontal sobre la Ruta 12
2026-06-18,2026-W25,provincial,EL TERRITORIO,Misiones,NEA,Posadas,https://www.elterritorio.com.ar,"Juzgarán en Posadas al “rey de las mulas” y a su banda narco, entre ellos una misionera"
2026-06-18,2026-W25,provincial,EL TERRITORIO,Misiones,NEA,Posadas,https://www.elterritorio.com.ar,Allanaron una vivienda en Itaembé Miní y retiraron a tres pitbulls tras denuncias por ataques
2026-06-18,2026-W25,provincial,EL TERRITORIO,Misiones,NEA,Posadas,https://www.elterritorio.com.ar,"Vecinos denunciaron cortes, pérdidas y sobrefacturación en una Audiencia Pública por el agua en Eldorado"
2026-06-18,2026-W25,provincial,EL TERRITORIO,Misiones,NEA,Posadas,https://www.elterritorio.com.ar,"Con Arruabarrena a la cabeza, Boca arranca la pretemporada con doble turno de entrenamientos"
2026-06-18,2026-W25,provincial,EL TERRITORIO,Misiones,NEA,Posadas,https://www.elterritorio.com.ar,Realizarán en Puerto Rico la Primera Jornada Provincial sobre ofidismo y animales ponzoñosos
2026-06-18,2026-W25,provincial,EL TERRITORIO,Misiones,NEA,Posadas,https://www.elterritorio.com.ar,Consideran que el nuevo decreto para designación de jueces en la Corte Suprema es un retroceso en “transparencia”
2026-06-18,2026-W25,provincial,EL TERRITORIO,Misiones,NEA,Posadas,https://www.elterritorio.com.ar,La Justicia falló a favor de la AFA y convalidó el traslado de su sede a Pilar
2026-06-18,2026-W25,provincial,EL TERRITORIO,Misiones,NEA,Posadas,https://www.elterritorio.com.ar,El Colegio Notarial de Misiones celebra 70 años con una jornada histórica marcada por la formación y la solidaridad
2026-06-18,2026-W25,provincial,EL TERRITORIO,Misiones,NEA,Posadas,https://www.elterritorio.com.ar,"Con el objetivo de reducir el desperdicio de alimentos, lanzan un relevamiento en comercios gastronómicos de Posadas"
2026-06-18,2026-W25,provincial,EL TERRITORIO,Misiones,NEA,Posadas,https://www.elterritorio.com.ar,Excarcelaron a joven acusado de apuñalar y provocar la muerte de su primo en Posadas
2026-06-18,2026-W25,provincial,EL TERRITORIO,Misiones,NEA,Posadas,https://www.elterritorio.com.ar,Vecinos de Pozo Azul reparan los sectores más deteriorados de la Ruta Provincial 224 Bis
2026-06-18,2026-W25,provincial,EL TERRITORIO,Misiones,NEA,Posadas,https://www.elterritorio.com.ar,Misiones tendrá un jueves estable y frío antes de la llegada de lluvias y tormentas
2026-06-18,2026-W25,provincial,EL TERRITORIO,Misiones,NEA,Posadas,https://www.elterritorio.com.ar,A partir de mañana estará en vigencia el Ahora Papá con financiamiento y reintegros
2026-06-18,2026-W25,provincial,EL TERRITORIO,Misiones,NEA,Posadas,https://www.elterritorio.com.ar,"Capioví se prepara para celebrar la Fiesta Provincial de la Meliponicultura con capacitación, cultura y sabores regionales"
2026-06-18,2026-W25,provincial,EL TERRITORIO,Misiones,NEA,Posadas,https://www.elterritorio.com.ar,"La baja natalidad abre una oportunidad educativa, pero Misiones sigue rezagada en la sala de 3 años"
2026-06-18,2026-W25,provincial,EL TERRITORIO,Misiones,NEA,Posadas,https://www.elterritorio.com.ar,Tragedia en la ruta 12: una pareja murió en el acto tras un brutal choque en Loreto
2026-06-18,2026-W25,provincial,EL TERRITORIO,Misiones,NEA,Posadas,https://www.elterritorio.com.ar,Eduardo Oderigo llega a Posadas para compartir el modelo Espartanos y fortalecer el trabajo de reinserción social en Misiones
2026-06-18,2026-W25,provincial,EL TERRITORIO,Misiones,NEA,Posadas,https://www.elterritorio.com.ar,El Pays aprovecha el caso Adorni y propone transparentar las declaraciones juradas en Misiones
2026-06-18,2026-W25,provincial,EL TERRITORIO,Misiones,NEA,Posadas,https://www.elterritorio.com.ar,"Tras la muerte de Gaspi, su familia publicó un comunicado con una dura denuncia"
2026-06-18,2026-W25,provincial,EL TERRITORIO,Misiones,NEA,Posadas,https://www.elterritorio.com.ar,"Enredadas, una obra internacional para reír y desafiarse a cambiar"
2026-06-18,2026-W25,provincial,EL TERRITORIO,Misiones,NEA,Posadas,https://www.elterritorio.com.ar,Preguntas y certezas sobre derechos y belleza
2026-06-18,2026-W25,provincial,EL TERRITORIO,Misiones,NEA,Posadas,https://www.elterritorio.com.ar,La Copa El Territorio de golf ingresó en su etapa decisiva: mañana se conocerán a los semifinalistas
2026-06-18,2026-W25,provincial,EL TERRITORIO,Misiones,NEA,Posadas,https://www.elterritorio.com.ar,"No va más, Boca rescindirá el contrato de Edinson Cavani"
2026-06-18,2026-W25,provincial,EL TERRITORIO,Misiones,NEA,Posadas,https://www.elterritorio.com.ar,Misiones ya tiene a sus representantes para el Argentino de Federaciones U11 Masculino
2026-06-18,2026-W25,provincial,EL TERRITORIO,Misiones,NEA,Posadas,https://www.elterritorio.com.ar,La oposición y los aliados le dieron un ultimátum a Manuel Adorni en el Senado
2026-06-18,2026-W25,provincial,EL TERRITORIO,Misiones,NEA,Posadas,https://www.elterritorio.com.ar,"Qué pasó en Goiânia, el peor desastre radiológico fuera de una central nuclear, y su conexión con el caso de Rosario"
2026-06-18,2026-W25,provincial,EL TERRITORIO,Misiones,NEA,Posadas,https://www.elterritorio.com.ar,El papá de Gaspi expresó dudas sobre la muerte de su hijo: “Para mí fue un atentado”
2026-06-18,2026-W25,provincial,EL TERRITORIO,Misiones,NEA,Posadas,https://www.elterritorio.com.ar,"El BOP de Paraíso se vistió de cultura, tradición y pasión futbolera con la realización del Mundial en la Escuela"
2026-06-18,2026-W25,provincial,EL TERRITORIO,Misiones,NEA,Posadas,https://www.elterritorio.com.ar,Ghana derrotó agónicamente a Panamá
2026-06-18,2026-W25,provincial,EL TERRITORIO,Misiones,NEA,Posadas,https://www.elterritorio.com.ar,"En pleno Mundial, Neymar sorprendió con el video en el que reveló que tendrá otra hija"
2026-06-18,2026-W25,provincial,EL TERRITORIO,Misiones,NEA,Posadas,https://www.elterritorio.com.ar,Selección argentina: los titulares descansaron en el primer entrenamiento tras el debut soñado ante Argelia
2026-06-18,2026-W25,provincial,EL TERRITORIO,Misiones,NEA,Posadas,https://www.elterritorio.com.ar,"Docencia y defensa, caminos de una larga trayectoria en el derecho"
2026-06-18,2026-W25,provincial,EL TERRITORIO,Misiones,NEA,Posadas,https://www.elterritorio.com.ar,“Dirigir bien una orquesta es lograr que cada músico logre la mejor versión de su partitura”
2026-06-18,2026-W25,provincial,EL TERRITORIO,Misiones,NEA,Posadas,https://www.elterritorio.com.ar,“La función social de los clubes es clave y el valor no es solamente si se gana o no”
2026-06-18,2026-W25,provincial,EL TERRITORIO,Misiones,NEA,Posadas,https://www.elterritorio.com.ar,"“A la persona que sufre no le importa si escribiste artículos, quiere que estés ahí”"
2026-06-18,2026-W25,provincial,EL TERRITORIO,Misiones,NEA,Posadas,https://www.elterritorio.com.ar,"Desafíos para la convivencia vial motos en ascenso, el fenómeno que crece en Misiones"
2026-06-18,2026-W25,provincial,EL TERRITORIO,Misiones,NEA,Posadas,https://www.elterritorio.com.ar,"""Evidentemente no estamos llegando con el mensaje"""
2026-06-18,2026-W25,provincial,EL TERRITORIO,Misiones,NEA,Posadas,https://www.elterritorio.com.ar,Accidentes de moto incrementan la demanda en el Banco de Prótesis
2026-06-18,2026-W25,provincial,MISIONES ON LINE,Misiones,NEA,Posadas,https://www.misionesonline.net,🔴 En vivo | Así está la Costanera de Posadas ahora
2026-06-18,2026-W25,provincial,MISIONES ON LINE,Misiones,NEA,Posadas,https://www.misionesonline.net,JetSMART volverá a operar en Posadas desde noviembre con pasajes desde $44.900 por tramo
2026-06-18,2026-W25,provincial,MISIONES ON LINE,Misiones,NEA,Posadas,https://www.misionesonline.net,"Inversión de USD 2,5 millones: el Litoral tendrá en Misiones su primera planta de biochar a base de bambú"
2026-06-18,2026-W25,provincial,MISIONES ON LINE,Misiones,NEA,Posadas,https://www.misionesonline.net,Scaloni analiza cambios para enfrentar a Austria: Molina y Julián Álvarez podrían volver al once
2026-06-18,2026-W25,provincial,MISIONES ON LINE,Misiones,NEA,Posadas,https://www.misionesonline.net,Mundial 2026: Así quedaron los grupos tras el debut de las 48 selecciones en la Fecha 1
2026-06-18,2026-W25,provincial,MISIONES ON LINE,Misiones,NEA,Posadas,https://www.misionesonline.net,"México, Canadá y Suiza salen a la cancha en una jornada clave del Mundial 2026"
2026-06-18,2026-W25,provincial,MISIONES ON LINE,Misiones,NEA,Posadas,https://www.misionesonline.net,Facundo Medina: de cartonero e irse de River sin debutar a titular en el Mundial 2026 con la Selección Argentina
2026-06-18,2026-W25,provincial,MISIONES ON LINE,Misiones,NEA,Posadas,https://www.misionesonline.net,"Tras golear a Argelia, cuándo vuelve a jugar la Selección Argentina en el Mundial 2026"
2026-06-18,2026-W25,provincial,MISIONES ON LINE,Misiones,NEA,Posadas,https://www.misionesonline.net,Passalacqua lanzó la Fericoop y reivindicó al cooperativismo como motor del desarrollo misionero
2026-06-18,2026-W25,provincial,MISIONES ON LINE,Misiones,NEA,Posadas,https://www.misionesonline.net,Encuentro Misionero impulsará hoy una Ley de Digitalización y Despapelización total del Estado con la firma de Carlos Rovira y Paula Franco
2026-06-18,2026-W25,provincial,MISIONES ON LINE,Misiones,NEA,Posadas,https://www.misionesonline.net,La familia de Messi confirmó que el padre de Lionel atraviesa un problema de salud y pidió respeto por su privacidad
2026-06-18,2026-W25,provincial,MISIONES ON LINE,Misiones,NEA,Posadas,https://www.misionesonline.net,Hallazgo de un feto en Posadas: la autopsia determinó un nacimiento sin vida y descartó signos de violencia
2026-06-18,2026-W25,provincial,MISIONES ON LINE,Misiones,NEA,Posadas,https://www.misionesonline.net,Posadas | Allanaron una vivienda en Itaembé Miní y retiraron tres perros tras denuncias por agresividad
2026-06-18,2026-W25,provincial,MISIONES ON LINE,Misiones,NEA,Posadas,https://www.misionesonline.net,“Con un doble portón sería más adecuado”: la Policía marcó las condiciones para que los pitbulls puedan permanecer en la vivienda en Posadas
2026-06-18,2026-W25,provincial,MISIONES ON LINE,Misiones,NEA,Posadas,https://www.misionesonline.net,“No son asesinos”: el dueño de los pitbulls secuestrados en Posadas rompió el silencio tras entrenar a los perros a la Policía
2026-06-18,2026-W25,provincial,MISIONES ON LINE,Misiones,NEA,Posadas,https://www.misionesonline.net,"Tras los ataques en Itaembé Miní, exigen controles y sanciones para dueños de perros peligrosos"
2026-06-18,2026-W25,provincial,MISIONES ON LINE,Misiones,NEA,Posadas,https://www.misionesonline.net,"Tras la denuncia por ataques de pitbulls en Posadas, veterinario insistió en identificar mascotas con microchips y responsabilizar a los tutores"
2026-06-18,2026-W25,provincial,MISIONES ON LINE,Misiones,NEA,Posadas,https://www.misionesonline.net,"Tras ataque de pitbulls en Posadas, vecinos denuncian amenazas de los dueños y la Justicia amplía la investigación"
2026-06-18,2026-W25,provincial,MISIONES ON LINE,Misiones,NEA,Posadas,https://www.misionesonline.net,Silvana Kelm adelantó cómo será “Vida entre Árboles”: “Las esculturas se van a donar”
2026-06-18,2026-W25,provincial,MISIONES ON LINE,Misiones,NEA,Posadas,https://www.misionesonline.net,"Alberto Mathot, artista plástico misionero, exhibe su obra en “Vida entre árboles” y reflexiona sobre la deforestación"
2026-06-18,2026-W25,provincial,MISIONES ON LINE,Misiones,NEA,Posadas,https://www.misionesonline.net,“Vida entre Árboles” desembarca en Posadas con esculturas inspiradas en la biodiversidad misionera
2026-06-18,2026-W25,provincial,MISIONES ON LINE,Misiones,NEA,Posadas,https://www.misionesonline.net,“Vida entre Árboles” se presenta mañana en Posadas con esculturas de lechuzas para visibilizar la biodiversidad misionera
2026-06-18,2026-W25,provincial,MISIONES ON LINE,Misiones,NEA,Posadas,https://www.misionesonline.net,Eldorado | Fundación Reto inauguró un centro exclusivo para mujeres con adicciones y proyecta ampliar su capacidad ante la alta demanda
2026-06-18,2026-W25,provincial,MISIONES ON LINE,Misiones,NEA,Posadas,https://www.misionesonline.net,Muerte en un edificio de Posadas: el joven acusado de tirar a su amigo por el tercer piso recuperó la libertad y no...
2026-06-18,2026-W25,provincial,MISIONES ON LINE,Misiones,NEA,Posadas,https://www.misionesonline.net,Industria y diseño: más de 20 empresas y creativos transformarán el mobiliario nacional en el Laboratorio del Mueble Argentino 2026
2026-06-18,2026-W25,provincial,MISIONES ON LINE,Misiones,NEA,Posadas,https://www.misionesonline.net,Misiones avanza en protección de menores ante apuestas en línea: una ley regula la publicidad y crea un fondo de prevención
2026-06-18,2026-W25,provincial,MISIONES ON LINE,Misiones,NEA,Posadas,https://www.misionesonline.net,Misiones | La baja natalidad impacta en salas de Nivel Inicial: cómo redistribuir recursos y garantizar el acceso
2026-06-18,2026-W25,provincial,MISIONES ON LINE,Misiones,NEA,Posadas,https://www.misionesonline.net,Passalacqua recibió al cónsul de Polonia en Argentina y destacó el legado de la inmigración polaca en Misiones
2026-06-18,2026-W25,provincial,MISIONES ON LINE,Misiones,NEA,Posadas,https://www.misionesonline.net,Papelón en vivo | Florencia Peña y Luzu TV anunciaron la falsa muerte del padre de Messi y desató una ola de críticas: “Acaba...
2026-06-18,2026-W25,provincial,MISIONES ON LINE,Misiones,NEA,Posadas,https://www.misionesonline.net,"Salud renal: el control de la glucemia y la presión arterial, claves para prevenir la falla de riñones"
2026-06-18,2026-W25,provincial,MISIONES ON LINE,Misiones,NEA,Posadas,https://www.misionesonline.net,Eldorado garantiza el pago del aguinaldo y destaca su solidez financiera en un contexto complejo
2026-06-18,2026-W25,provincial,MISIONES ON LINE,Misiones,NEA,Posadas,https://www.misionesonline.net,Sesión N° 13 del HCD de Posadas | Buscan implementar “cajones de espera” para motociclistas en avenidas de alta circulación
2026-06-18,2026-W25,provincial,MISIONES ON LINE,Misiones,NEA,Posadas,https://www.misionesonline.net,Había salido de la cárcel hace un mes y volvió a ser detenido por robar un celular y transferir más de 200 mil pesos...
2026-06-18,2026-W25,provincial,MISIONES ON LINE,Misiones,NEA,Posadas,https://www.misionesonline.net,Control sobre la Ruta 101: secuestraron más de medio kilo de marihuana y demoraron a dos hombres en Piñalito Norte
2026-06-18,2026-W25,provincial,MISIONES ON LINE,Misiones,NEA,Posadas,https://www.misionesonline.net,El Intendente de San Javier denunció el retiro no autorizado de módulos alimentarios para personas celíacas
2026-06-18,2026-W25,provincial,MISIONES ON LINE,Misiones,NEA,Posadas,https://www.misionesonline.net,Eldorado promovió una jornada de concientización y reconocimiento a los adultos mayores
2026-06-18,2026-W25,provincial,MISIONES ON LINE,Misiones,NEA,Posadas,https://www.misionesonline.net,Neymar seguirá sin debutar en el Mundial: se perderá el duelo ante Haití y acelera su recuperación para llegar al 100% frente a Escocia
2026-06-18,2026-W25,provincial,MISIONES ON LINE,Misiones,NEA,Posadas,https://www.misionesonline.net,Fundación Barceló abre en Posadas el ciclo introductorio de Medicina con inicio en agosto
2026-06-18,2026-W25,provincial,MISIONES ON LINE,Misiones,NEA,Posadas,https://www.misionesonline.net,Leandro N. Alem fue sede del cierre provincial de un programa de educación ambiental para docentes
2026-06-18,2026-W25,provincial,MISIONES ON LINE,Misiones,NEA,Posadas,https://www.misionesonline.net,Rumbo al Nacional: diez atletas representarán a Misiones en el principal torneo de powerlifting del país
2026-06-18,2026-W25,provincial,MISIONES ON LINE,Misiones,NEA,Posadas,https://www.misionesonline.net,Sesión N° 13 del HCD de Posadas | Impulsan un proyecto para prevenir consumos problemáticos en los barrios y fortalecer el acompañamiento a las...
2026-06-18,2026-W25,provincial,MISIONES ON LINE,Misiones,NEA,Posadas,https://www.misionesonline.net,Emiratos Árabes Unidos prohibirá el uso de redes sociales a menores de 15 años
2026-06-18,2026-W25,provincial,MISIONES ON LINE,Misiones,NEA,Posadas,https://www.misionesonline.net,"La inclusión digital debería estar en el centro de las agendas de desarrollo social inclusivo de la región ante la acelerada transformación tecnológica, advierte..."
2026-06-18,2026-W25,provincial,MISIONES ON LINE,Misiones,NEA,Posadas,https://www.misionesonline.net,Reino Unido prohibirá redes sociales a menores: ¿Es viable una medida similar en Argentina?
2026-06-18,2026-W25,provincial,MISIONES ON LINE,Misiones,NEA,Posadas,https://www.misionesonline.net,El Banco Mundial aprobó garantías para que Argentina acceda a un crédito comercial de hasta US$2000 millones
2026-06-18,2026-W25,provincial,MISIONES ON LINE,Misiones,NEA,Posadas,https://www.misionesonline.net,"Más de mil millones de niños enfrentan múltiples riesgos climáticos, según un informe de UNICEF"
2026-06-18,2026-W25,provincial,MISIONES ON LINE,Misiones,NEA,Posadas,https://www.misionesonline.net,"Pese a todo, seguimos siendo inocentes"
2026-06-18,2026-W25,provincial,MISIONES ON LINE,Misiones,NEA,Posadas,https://www.misionesonline.net,El botón que desnudó la grieta: cómo la IA de X expuso el crudo racismo del fútbol hispanohablante ante el mundo sajón
2026-06-18,2026-W25,provincial,MISIONES ON LINE,Misiones,NEA,Posadas,https://www.misionesonline.net,Análisis semanal | Otro tropiezo de Adorni y el nuevo tablero político de Misiones
2026-06-18,2026-W25,provincial,MISIONES ON LINE,Misiones,NEA,Posadas,https://www.misionesonline.net,Una Justicia a la altura de las demandas de la sociedad
2026-06-18,2026-W25,provincial,PRIMERA EDICIÓN,Misiones,NEA,Posadas,https://www.primeraedicion.com.ar,Primera Edición
2026-06-18,2026-W25,provincial,PRIMERA EDICIÓN,Misiones,NEA,Posadas,https://www.primeraedicion.com.ar,"Emoción, nostalgia y expectativa de chicos y grandes en el pre-estreno de “Toy Story 5” en Posadas"
2026-06-18,2026-W25,provincial,PRIMERA EDICIÓN,Misiones,NEA,Posadas,https://www.primeraedicion.com.ar,"En medio del Mundial, el astro brasileño Neymar anunció que va a ser papá por quinta vez"
2026-06-18,2026-W25,provincial,PRIMERA EDICIÓN,Misiones,NEA,Posadas,https://www.primeraedicion.com.ar,El cielo que volvió con ella
2026-06-18,2026-W25,provincial,PRIMERA EDICIÓN,Misiones,NEA,Posadas,https://www.primeraedicion.com.ar,La respiración profunda
2026-06-18,2026-W25,provincial,PRIMERA EDICIÓN,Misiones,NEA,Posadas,https://www.primeraedicion.com.ar,Armonía y metas familiares para la libertad financiera
2026-06-18,2026-W25,provincial,PRIMERA EDICIÓN,Misiones,NEA,Posadas,https://www.primeraedicion.com.ar,Aseguran que los jubilados cobran casi $100 mil menos por el cambio en la fórmula de movilidad
2026-06-18,2026-W25,provincial,PRIMERA EDICIÓN,Misiones,NEA,Posadas,https://www.primeraedicion.com.ar,Arjona hace historia en Argentina: agotó nuevas funciones y alcanzará los 18 Movistar Arena
2026-06-18,2026-W25,provincial,PRIMERA EDICIÓN,Misiones,NEA,Posadas,https://www.primeraedicion.com.ar,Premios Gardel 2026: Milo J se quedó con el Oro
2026-06-18,2026-W25,provincial,PRIMERA EDICIÓN,Misiones,NEA,Posadas,https://www.primeraedicion.com.ar,ANSES confirmó el aumento para jubilados en junio 2026: cuánto cobrarán con aguinaldo y nuevos haberes
2026-06-18,2026-W25,provincial,PRIMERA EDICIÓN,Misiones,NEA,Posadas,https://www.primeraedicion.com.ar,ANSeS oficializó los nuevos haberes de junio: cuánto cobrarán jubilados y pensionados
2026-06-18,2026-W25,provincial,PRIMERA EDICIÓN,Misiones,NEA,Posadas,https://www.primeraedicion.com.ar,“El de la foto del Che”
2026-06-18,2026-W25,provincial,PRIMERA EDICIÓN,Misiones,NEA,Posadas,https://www.primeraedicion.com.ar,Capacitan a agricultores para desarrollar semillas adaptadas
2026-06-18,2026-W25,provincial,PRIMERA EDICIÓN,Misiones,NEA,Posadas,https://www.primeraedicion.com.ar,El regreso de El Niño obliga a las chacras a proteger cultivos y ganado
2026-06-18,2026-W25,provincial,PRIMERA EDICIÓN,Misiones,NEA,Posadas,https://www.primeraedicion.com.ar,Técnicas para producir tomate cherry en pequeñas macetas
2026-06-18,2026-W25,provincial,PRIMERA EDICIÓN,Misiones,NEA,Posadas,https://www.primeraedicion.com.ar,El mercado inmobiliario y el derecho del consumidor: una protección que muchos aún desconocen
2026-06-18,2026-W25,provincial,PRIMERA EDICIÓN,Misiones,NEA,Posadas,https://www.primeraedicion.com.ar,"¿Loteo, barrio privado o club de campo? La elección que va más allá del precio del terreno"
2026-06-18,2026-W25,provincial,PRIMERA EDICIÓN,Misiones,NEA,Posadas,https://www.primeraedicion.com.ar,Derecho de superficie: la herramienta legal para generar valor sin vender la propiedad
2026-06-18,2026-W25,provincial,PRIMERA EDICIÓN,Misiones,NEA,Posadas,https://www.primeraedicion.com.ar,Quién financiará la naturaleza: el gran dilema económico del siglo XXI
2026-06-18,2026-W25,provincial,PRIMERA EDICIÓN,Misiones,NEA,Posadas,https://www.primeraedicion.com.ar,Generación del Grado Cero: la educación bajo presión extrema
2026-06-18,2026-W25,provincial,PRIMERA EDICIÓN,Misiones,NEA,Posadas,https://www.primeraedicion.com.ar,El laboratorio climático del planeta
2026-06-18,2026-W25,provincial,PRIMERA EDICIÓN,Misiones,NEA,Posadas,https://www.primeraedicion.com.ar,"Pollo General Tso: el bocado crujiente, picante y adictivo que podés hacer en casa"
2026-06-18,2026-W25,provincial,PRIMERA EDICIÓN,Misiones,NEA,Posadas,https://www.primeraedicion.com.ar,"Feijoada con todo, para cocinar sin apuro y disfrutar con amigos"
2026-06-18,2026-W25,provincial,PRIMERA EDICIÓN,Misiones,NEA,Posadas,https://www.primeraedicion.com.ar,Patamuslo cuatro quesos: el plato bomba para combatir el frío
2026-06-18,2026-W25,provincial,PRIMERA EDICIÓN,Misiones,NEA,Posadas,https://www.primeraedicion.com.ar,"El guiso carrero que pide el frío: cuchara, olla y sobremesa larga"
2026-06-18,2026-W25,provincial,PRIMERA EDICIÓN,Misiones,NEA,Posadas,https://www.primeraedicion.com.ar,Empanadas salteñas: el secreto está en el relleno (y en el jugo que no perdona)
2026-06-18,2026-W25,provincial,PRIMERA EDICIÓN,Misiones,NEA,Posadas,https://www.primeraedicion.com.ar,Posadas recupera una low cost y suma competencia aérea desde noviembre
2026-06-18,2026-W25,provincial,PRIMERA EDICIÓN,Misiones,NEA,Posadas,https://www.primeraedicion.com.ar,Qué se saber de la salud de Jorge Messi: el comunicado oficial de la familia
2026-06-18,2026-W25,provincial,PRIMERA EDICIÓN,Misiones,NEA,Posadas,https://www.primeraedicion.com.ar,"Fericoop 2026: Alem se prepara para vivir tres días de producción, cooperación y encuentro"
2026-06-18,2026-W25,provincial,PRIMERA EDICIÓN,Misiones,NEA,Posadas,https://www.primeraedicion.com.ar,Histórico: realizaron un trasplante simultáneo a dos hermanas gemelas en el Hospital Garrahan
2026-06-18,2026-W25,provincial,PRIMERA EDICIÓN,Misiones,NEA,Posadas,https://www.primeraedicion.com.ar,Básquetbol: Misiones ya tiene a sus elegidos para el Argentino de Federaciones U11 Masculino
2026-06-18,2026-W25,provincial,PRIMERA EDICIÓN,Misiones,NEA,Posadas,https://www.primeraedicion.com.ar,Ibrahimović llenó de elogios a Messi tras su triplete en el Mundial: “El rey todavía está aquí”
2026-06-18,2026-W25,provincial,PRIMERA EDICIÓN,Misiones,NEA,Posadas,https://www.primeraedicion.com.ar,Productores yerbateros advierten que la crisis se profundiza: “Vamos a perder otra cosecha”
2026-06-18,2026-W25,provincial,PRIMERA EDICIÓN,Misiones,NEA,Posadas,https://www.primeraedicion.com.ar,Casino Club Posadas tendrá un set mundialista para ver los partidos de Argentina
2026-06-18,2026-W25,provincial,PRIMERA EDICIÓN,Misiones,NEA,Posadas,https://www.primeraedicion.com.ar,"El Mundial disparó la venta de televisores, pero el repunte todavía no alcanza las expectativas"
2026-06-18,2026-W25,provincial,PRIMERA EDICIÓN,Misiones,NEA,Posadas,https://www.primeraedicion.com.ar,"El mercado automotor registra una caída en las ventas de usados, pero mantiene expectativas"
2026-06-18,2026-W25,provincial,PRIMERA EDICIÓN,Misiones,NEA,Posadas,https://www.primeraedicion.com.ar,Créditos hipotecarios parados y precios fuera de mercado: radiografía del sector inmobiliario en Misiones
2026-06-18,2026-W25,provincial,PRIMERA EDICIÓN,Misiones,NEA,Posadas,https://www.primeraedicion.com.ar,Dictan prisión preventiva para imputado por MASI
2026-06-18,2026-W25,provincial,PRIMERA EDICIÓN,Misiones,NEA,Posadas,https://www.primeraedicion.com.ar,"Tras ataques denunciados en Itaembé Miní, pitbulls quedaron bajo custodia del IMUSA"
2026-06-18,2026-W25,provincial,PRIMERA EDICIÓN,Misiones,NEA,Posadas,https://www.primeraedicion.com.ar,"Estudiantes del Santa, conectados con Base Marambio en la Antártida"
2026-06-18,2026-W25,provincial,PRIMERA EDICIÓN,Misiones,NEA,Posadas,https://www.primeraedicion.com.ar,"Financiamiento productivo: Misiones anunció líneas para pymes, industrias y economías regionales"
2026-06-18,2026-W25,provincial,PRIMERA EDICIÓN,Misiones,NEA,Posadas,https://www.primeraedicion.com.ar,OTC continúa reforzando su base: se queda Sansimoni
2026-06-18,2026-W25,provincial,PRIMERA EDICIÓN,Misiones,NEA,Posadas,https://www.primeraedicion.com.ar,"El Gobierno amplió exenciones del impuesto al cheque para empresas de pagos, tarjetas y activos virtuales"
2026-06-18,2026-W25,provincial,PRIMERA EDICIÓN,Misiones,NEA,Posadas,https://www.primeraedicion.com.ar,Argentina aprobó convenio para reclamar cuotas alimentarias cuando el deudor vive en otro país
2026-06-18,2026-W25,provincial,PRIMERA EDICIÓN,Misiones,NEA,Posadas,https://www.primeraedicion.com.ar,Crisis en el PAMI: clínicas en todo el país amenazan con suspender turnos y cirugías
2026-06-18,2026-W25,provincial,PRIMERA EDICIÓN,Misiones,NEA,Posadas,https://www.primeraedicion.com.ar,"Juani, listo para la final en España"
2026-06-18,2026-W25,provincial,PRIMERA EDICIÓN,Misiones,NEA,Posadas,https://www.primeraedicion.com.ar,Proponen a Simon como fiscal del TP1 de Posadas y a Olivera como juez del TP obereño
2026-06-18,2026-W25,provincial,PRIMERA EDICIÓN,Misiones,NEA,Posadas,https://www.primeraedicion.com.ar,El Mundial 2026 abre la segunda fecha de la fase de grupos
2026-06-18,2026-W25,provincial,PRIMERA EDICIÓN,Misiones,NEA,Posadas,https://www.primeraedicion.com.ar,Abren plazo de 360 días para regularizar armas de fuego no registradas
2026-06-18,2026-W25,provincial,PRIMERA EDICIÓN,Misiones,NEA,Posadas,https://www.primeraedicion.com.ar,"La garrafa pasó de $5.200 a $30 mil en dos años y medio, más del doble de la inflación"
2026-06-18,2026-W25,provincial,ADN SUR,Chubut,Patagonia,Comodoro Rivadavia,https://www.adnsur.com.ar,Farmacias de turno
2026-06-18,2026-W25,provincial,ADN SUR,Chubut,Patagonia,Comodoro Rivadavia,https://www.adnsur.com.ar,Clausuraron una chanchería ilegal en Comodoro tras detectar graves irregularidades
2026-06-18,2026-W25,provincial,ADN SUR,Chubut,Patagonia,Comodoro Rivadavia,https://www.adnsur.com.ar,Caso Ángel López: la defensa insiste con nuevas pericias y la Fiscalía busca frenar el pedido
2026-06-18,2026-W25,provincial,ADN SUR,Chubut,Patagonia,Comodoro Rivadavia,https://www.adnsur.com.ar,"Chenque Bot, la herramienta que avisa qué productos aumentaron antes de ir al súper en Comodoro"
2026-06-18,2026-W25,provincial,ADN SUR,Chubut,Patagonia,Comodoro Rivadavia,https://www.adnsur.com.ar,La familia Messi rompió el silencio y confirmó el verdadero estado de salud de Jorge Messi
2026-06-18,2026-W25,provincial,ADN SUR,Chubut,Patagonia,Comodoro Rivadavia,https://www.adnsur.com.ar,"Tras un acalorado debate, la Legislatura prorrogó los beneficios fiscales para empresas radicadas en Chubut"
2026-06-18,2026-W25,provincial,ADN SUR,Chubut,Patagonia,Comodoro Rivadavia,https://www.adnsur.com.ar,Cuál es el dictamen clave que esperan en el Concejo para definir si aprueban o no el contrato con Grupo MR
2026-06-18,2026-W25,provincial,ADN SUR,Chubut,Patagonia,Comodoro Rivadavia,https://www.adnsur.com.ar,¿Nieve y lluvia en Chubut?: qué dice el alerta amarillo emitido para este viernes
2026-06-18,2026-W25,provincial,ADN SUR,Chubut,Patagonia,Comodoro Rivadavia,https://www.adnsur.com.ar,Qué se sabe sobre la salud de Jorge Messi: el cuadro que preocupa a Lionel en pleno Mundial 2026
2026-06-18,2026-W25,provincial,ADN SUR,Chubut,Patagonia,Comodoro Rivadavia,https://www.adnsur.com.ar,Alerta nacional por el robo de una cápsula radiactiva con cesio-137: qué se sabe y por qué preocupa
2026-06-18,2026-W25,provincial,ADN SUR,Chubut,Patagonia,Comodoro Rivadavia,https://www.adnsur.com.ar,Desaparición de una cápsula de cesio-137: “Es indispensable que nadie la toque si llegara a encontrarla”
2026-06-18,2026-W25,provincial,ADN SUR,Chubut,Patagonia,Comodoro Rivadavia,https://www.adnsur.com.ar,Promulgaron el blanqueo de armas: ¿cómo se podrá regularizar la tenencia sin sanciones penales?
2026-06-18,2026-W25,provincial,ADN SUR,Chubut,Patagonia,Comodoro Rivadavia,https://www.adnsur.com.ar,Creó un home banking y estafó a los abuelos de su novio con préstamos bancarios por más de $3 millones
2026-06-18,2026-W25,provincial,ADN SUR,Chubut,Patagonia,Comodoro Rivadavia,https://www.adnsur.com.ar,La Fiscalía descartó que haya participado un segundo asesino en el homicidio de Bernardino “Nino” Villarroel
2026-06-18,2026-W25,provincial,ADN SUR,Chubut,Patagonia,Comodoro Rivadavia,https://www.adnsur.com.ar,Ferreira advirtió que el municipio llega tarde a la disputa por las tierras de YPF y alertó sobre posibles negocios inmobiliarios
2026-06-18,2026-W25,provincial,ADN SUR,Chubut,Patagonia,Comodoro Rivadavia,https://www.adnsur.com.ar,Cambia el sistema de la licencia de conducir y así funcionará el nuevo scoring con las multas
2026-06-18,2026-W25,provincial,ADN SUR,Chubut,Patagonia,Comodoro Rivadavia,https://www.adnsur.com.ar,14:40 La reacción de Nico Ochiatto luego de la fake news en Luzu sobre la muerte del papá de Messi
2026-06-18,2026-W25,provincial,ADN SUR,Chubut,Patagonia,Comodoro Rivadavia,https://www.adnsur.com.ar,14:23 Buscan una familia adoptiva para un adolescente de 14 años en Comodoro
2026-06-18,2026-W25,provincial,ADN SUR,Chubut,Patagonia,Comodoro Rivadavia,https://www.adnsur.com.ar,14:23 Banco del Chubut lanzó una promoción por el Día del Padre con descuentos y cuotas sin interés
2026-06-18,2026-W25,provincial,ADN SUR,Chubut,Patagonia,Comodoro Rivadavia,https://www.adnsur.com.ar,14:13 Escándalo: Flor Peña anunció en vivo la muerte del papá de Lionel Messi y desató una ola de críticas
2026-06-18,2026-W25,provincial,ADN SUR,Chubut,Patagonia,Comodoro Rivadavia,https://www.adnsur.com.ar,13:59 La familia Messi rompió el silencio y confirmó el verdadero estado de salud de Jorge Messi
2026-06-18,2026-W25,provincial,ADN SUR,Chubut,Patagonia,Comodoro Rivadavia,https://www.adnsur.com.ar,¿Habrá fin de semana largo?: el Gobierno nacional confirmó qué pasará con el feriado del 20 de junio
2026-06-18,2026-W25,provincial,ADN SUR,Chubut,Patagonia,Comodoro Rivadavia,https://www.adnsur.com.ar,Ofrecen $20 millones por información sobre un hombre buscado por el homicidio de un policía federal
2026-06-18,2026-W25,provincial,ADN SUR,Chubut,Patagonia,Comodoro Rivadavia,https://www.adnsur.com.ar,Murió la mujer que sufrió graves quemaduras tras la explosión de un celular mientras viajaba en auto
2026-06-18,2026-W25,provincial,ADN SUR,Chubut,Patagonia,Comodoro Rivadavia,https://www.adnsur.com.ar,Buscan una familia adoptiva para un adolescente de 14 años en Comodoro
2026-06-18,2026-W25,provincial,ADN SUR,Chubut,Patagonia,Comodoro Rivadavia,https://www.adnsur.com.ar,Investigan a un hombre por doble tentativa de homicidio en Chubut y quedó con arresto domiciliario
2026-06-18,2026-W25,provincial,ADN SUR,Chubut,Patagonia,Comodoro Rivadavia,https://www.adnsur.com.ar,Piden indagar al hermano de Manuel Adorni en una causa por presunto enriquecimiento ilícito
2026-06-18,2026-W25,provincial,ADN SUR,Chubut,Patagonia,Comodoro Rivadavia,https://www.adnsur.com.ar,Banco del Chubut lanzó una promoción por el Día del Padre con descuentos y cuotas sin interés
2026-06-18,2026-W25,provincial,ADN SUR,Chubut,Patagonia,Comodoro Rivadavia,https://www.adnsur.com.ar,"Menos nacimientos, más vacantes: estiman que para 2027 no será necesario construir jardines de infantes"
2026-06-18,2026-W25,provincial,ADN SUR,Chubut,Patagonia,Comodoro Rivadavia,https://www.adnsur.com.ar,Un abogado será juzgado por extorsionar al intendente de Trelew con una denuncia de abuso
2026-06-18,2026-W25,provincial,ADN SUR,Chubut,Patagonia,Comodoro Rivadavia,https://www.adnsur.com.ar,El petróleo se desploma: así reacciona el mercado al acuerdo entre EE.UU. e Irán
2026-06-18,2026-W25,provincial,ADN SUR,Chubut,Patagonia,Comodoro Rivadavia,https://www.adnsur.com.ar,Vaca Muerta: el intendente de Añelo pidió no llegar con familias sin trabajo seguro
2026-06-18,2026-W25,provincial,ADN SUR,Chubut,Patagonia,Comodoro Rivadavia,https://www.adnsur.com.ar,Cuáles son las principales críticas que enfrenta el acuerdo de GNL entre Neuquén e YPF
2026-06-18,2026-W25,provincial,ADN SUR,Chubut,Patagonia,Comodoro Rivadavia,https://www.adnsur.com.ar,Combustibles: por qué podrían bajar los precios en los surtidores argentinos
2026-06-18,2026-W25,provincial,ADN SUR,Chubut,Patagonia,Comodoro Rivadavia,https://www.adnsur.com.ar,El hombre más rico de asia compró el 51% de una naviera argentina y desembarca en el GNL del Golfo San Matías
2026-06-18,2026-W25,provincial,ADN SUR,Chubut,Patagonia,Comodoro Rivadavia,https://www.adnsur.com.ar,"Añelo, empleo y housing corporativo: el nuevo desafío detrás del crecimiento de Vaca Muerta"
2026-06-18,2026-W25,provincial,ADN SUR,Chubut,Patagonia,Comodoro Rivadavia,https://www.adnsur.com.ar,¿Fin del veranito financiero para Chubut?: las regalías de abril alcanzaron su máximo nivel en 3 años pero el petróleo bajó
2026-06-18,2026-W25,provincial,ADN SUR,Chubut,Patagonia,Comodoro Rivadavia,https://www.adnsur.com.ar,Canasta Básica en Comodoro: cuánto necesitó una familia en mayo para no ser pobre
2026-06-18,2026-W25,provincial,ADN SUR,Chubut,Patagonia,Comodoro Rivadavia,https://www.adnsur.com.ar,Milei recibió a autoridades del Banco Mundial tras la aprobación de un financiamiento por US$ 2.000 millones
2026-06-18,2026-W25,provincial,ADN SUR,Chubut,Patagonia,Comodoro Rivadavia,https://www.adnsur.com.ar,Avanza el Camino Petrolero: el municipio anunció que reactivará 8 kilómetros de traza con fondos propios
2026-06-18,2026-W25,provincial,ADN SUR,Chubut,Patagonia,Comodoro Rivadavia,https://www.adnsur.com.ar,"Reabrió el Patio Food Hall en Comodoro: renovado, con más oferta gastronómica y apuesta al empleo local"
2026-06-18,2026-W25,provincial,ADN SUR,Chubut,Patagonia,Comodoro Rivadavia,https://www.adnsur.com.ar,"Santa Cruz confirmó cuándo pagará el aguinaldo para empleados públicos, jubilados y pensionados"
2026-06-18,2026-W25,provincial,ADN SUR,Chubut,Patagonia,Comodoro Rivadavia,https://www.adnsur.com.ar,Los miembros de las Fuerzas Armadas podrán sumar hasta un 25 % extra a su sueldo: cuál es el requisito
2026-06-18,2026-W25,provincial,ADN SUR,Chubut,Patagonia,Comodoro Rivadavia,https://www.adnsur.com.ar,Dólar oficial en Argentina: ¿a cuánto cotiza este jueves?
2026-06-18,2026-W25,provincial,ADN SUR,Chubut,Patagonia,Comodoro Rivadavia,https://www.adnsur.com.ar,Quimsa goleó a Gimnasia por 88 a 60 y estiró la final de la Liga Nacional
2026-06-18,2026-W25,provincial,ADN SUR,Chubut,Patagonia,Comodoro Rivadavia,https://www.adnsur.com.ar,Escándalo: Flor Peña anunció en vivo la muerte del papá de Lionel Messi y desató una ola de críticas
2026-06-18,2026-W25,provincial,ADN SUR,Chubut,Patagonia,Comodoro Rivadavia,https://www.adnsur.com.ar,San Martín de Comodoro tomó una iniciativa ejemplar tras la dolorosa pérdida de Leandro Barría
2026-06-18,2026-W25,provincial,ADN SUR,Chubut,Patagonia,Comodoro Rivadavia,https://www.adnsur.com.ar,Congo sorprendió a Portugal y Cristiano Ronaldo tuvo un amargo debut en el Mundial 2026
2026-06-18,2026-W25,provincial,ADN SUR,Chubut,Patagonia,Comodoro Rivadavia,https://www.adnsur.com.ar,El último adiós a Leandro Barría que emocionó a todo el fútbol de Comodoro
2026-06-18,2026-W25,provincial,ADN SUR,Chubut,Patagonia,Comodoro Rivadavia,https://www.adnsur.com.ar,Se reveló el doloroso motivo detrás de la emoción de Messi en el debut de la selección argentina
2026-06-18,2026-W25,provincial,CRÓNICA,Chubut,Patagonia,Comodoro Rivadavia,https://www.diariocronica.com.ar,Carne de burro prohibida por una polémica decisión judicial
2026-06-18,2026-W25,provincial,CRÓNICA,Chubut,Patagonia,Comodoro Rivadavia,https://www.diariocronica.com.ar,Jueves 18 de junio de 2026
2026-06-18,2026-W25,provincial,CRÓNICA,Chubut,Patagonia,Comodoro Rivadavia,https://www.diariocronica.com.ar,La familia Messi emitió un comunicado sobre la salud de Jorge Messi y desmintió las versiones falsas que circularon en redes
2026-06-18,2026-W25,provincial,CRÓNICA,Chubut,Patagonia,Comodoro Rivadavia,https://www.diariocronica.com.ar,Fiscalía sostiene que el crimen de Nino Villarroel tiene un único autor
2026-06-18,2026-W25,provincial,CRÓNICA,Chubut,Patagonia,Comodoro Rivadavia,https://www.diariocronica.com.ar,Enfermeros en contra de un proyecto que busca crear la figura del Técnico en Urgencias Médicas
2026-06-18,2026-W25,provincial,CRÓNICA,Chubut,Patagonia,Comodoro Rivadavia,https://www.diariocronica.com.ar,Avanzan las obras para el CAPS de Stella Maris
2026-06-18,2026-W25,provincial,CRÓNICA,Chubut,Patagonia,Comodoro Rivadavia,https://www.diariocronica.com.ar,Dos automóviles colisionaron en el Máximo Abásolo
2026-06-18,2026-W25,provincial,CRÓNICA,Chubut,Patagonia,Comodoro Rivadavia,https://www.diariocronica.com.ar,Le prendieron fuego el auto a un vecino mientras dormía
2026-06-18,2026-W25,provincial,CRÓNICA,Chubut,Patagonia,Comodoro Rivadavia,https://www.diariocronica.com.ar,La extorsión a Merino irá a juicio oral y público
2026-06-18,2026-W25,provincial,CRÓNICA,Chubut,Patagonia,Comodoro Rivadavia,https://www.diariocronica.com.ar,Advierten un aumento de casos de gripe A en niños
2026-06-18,2026-W25,provincial,CRÓNICA,Chubut,Patagonia,Comodoro Rivadavia,https://www.diariocronica.com.ar,Rawson conmemora el Día de la Bandera
2026-06-18,2026-W25,provincial,CRÓNICA,Chubut,Patagonia,Comodoro Rivadavia,https://www.diariocronica.com.ar,Vecinos de Chacra 49 se reunieron con Biss por servicios e infraestructura para el sector
2026-06-18,2026-W25,provincial,CRÓNICA,Chubut,Patagonia,Comodoro Rivadavia,https://www.diariocronica.com.ar,El arquero de Cabo Verde que es tendencia mundial tras su debut en el Mundial 2026
2026-06-18,2026-W25,provincial,CRÓNICA,Chubut,Patagonia,Comodoro Rivadavia,https://www.diariocronica.com.ar,Una madre organiza un bingo para evitar que su hijo suspenda sus tratamientos terapéuticos
2026-06-18,2026-W25,provincial,CRÓNICA,Chubut,Patagonia,Comodoro Rivadavia,https://www.diariocronica.com.ar,El robo de material nuclear en Rosario y el recuerdo de la tragedia en Brasil
2026-06-18,2026-W25,provincial,CRÓNICA,Chubut,Patagonia,Comodoro Rivadavia,https://www.diariocronica.com.ar,Jornada de detenciones en Trelew: dos sujetos con pedidos de captura fueron aprehendidos
2026-06-18,2026-W25,provincial,CRÓNICA,Chubut,Patagonia,Comodoro Rivadavia,https://www.diariocronica.com.ar,Confirmaron la visita del papa León XIV a Perú y crecen las expectativas en Argentina
2026-06-18,2026-W25,provincial,CRÓNICA,Chubut,Patagonia,Comodoro Rivadavia,https://www.diariocronica.com.ar,La Justicia ratificó el traslado de la AFA a la provincia de Buenos Aires
2026-06-18,2026-W25,provincial,CRÓNICA,Chubut,Patagonia,Comodoro Rivadavia,https://www.diariocronica.com.ar,"Entró por los techos para robar, cayó al vacío y fue atrapado"
2026-06-18,2026-W25,provincial,CRÓNICA,Chubut,Patagonia,Comodoro Rivadavia,https://www.diariocronica.com.ar,Intentaron vaciar un depósito y fueron descubiertos por un taxista
2026-06-18,2026-W25,provincial,CRÓNICA,Chubut,Patagonia,Comodoro Rivadavia,https://www.diariocronica.com.ar,Pakistán formalizó con su firma la mediación en el acuerdo entre Estados Unidos e Irán
2026-06-18,2026-W25,provincial,CRÓNICA,Chubut,Patagonia,Comodoro Rivadavia,https://www.diariocronica.com.ar,Ucrania lanza el mayor ataque con drones contra Rusia en dos años
2026-06-18,2026-W25,provincial,CRÓNICA,Chubut,Patagonia,Comodoro Rivadavia,https://www.diariocronica.com.ar,Dos vehículos colisionaron en la rotonda de ingreso a Rada Tilly
2026-06-18,2026-W25,provincial,CRÓNICA,Chubut,Patagonia,Comodoro Rivadavia,https://www.diariocronica.com.ar,Conflicto en Gaza: la cifra de muertos supera los 73 000
2026-06-18,2026-W25,provincial,CRÓNICA,Chubut,Patagonia,Comodoro Rivadavia,https://www.diariocronica.com.ar,Publicaron los detalles del acuerdo de paz entre Irán y EE.UU
2026-06-18,2026-W25,provincial,CRÓNICA,Chubut,Patagonia,Comodoro Rivadavia,https://www.diariocronica.com.ar,Dos vehículos protagonizaron una colisión en Km 4
2026-06-18,2026-W25,provincial,CRÓNICA,Chubut,Patagonia,Comodoro Rivadavia,https://www.diariocronica.com.ar,Chubut Crece: Se presentó el Plan Provincial de Primera Infancia
2026-06-18,2026-W25,provincial,CRÓNICA,Chubut,Patagonia,Comodoro Rivadavia,https://www.diariocronica.com.ar,Perdió Gimnasia y habrá sexto juego en el Socios
2026-06-18,2026-W25,provincial,CRÓNICA,Chubut,Patagonia,Comodoro Rivadavia,https://www.diariocronica.com.ar,Boca Juniors rescindirá el contrato de Edinson Cavani
2026-06-18,2026-W25,provincial,CRÓNICA,Chubut,Patagonia,Comodoro Rivadavia,https://www.diariocronica.com.ar,Incendiaron un auto y cayeron tras una persecución
2026-06-18,2026-W25,provincial,CRÓNICA,Chubut,Patagonia,Comodoro Rivadavia,https://www.diariocronica.com.ar,Colombia arrancó con el pie derecho: venció a Uzbekistán y lidera su grupo
2026-06-18,2026-W25,provincial,CRÓNICA,Chubut,Patagonia,Comodoro Rivadavia,https://www.diariocronica.com.ar,Descubren a un empleado retirando productos sin pagar de un supermercado
2026-06-18,2026-W25,provincial,CRÓNICA,Chubut,Patagonia,Comodoro Rivadavia,https://www.diariocronica.com.ar,Madryn: condenaron a un médico por abusar sexualmente de pacientes durante consultas
2026-06-18,2026-W25,provincial,CRÓNICA,Chubut,Patagonia,Comodoro Rivadavia,https://www.diariocronica.com.ar,La caída de la natalidad permitiría cubrir las vacantes del nivel inicial en 2027
2026-06-18,2026-W25,provincial,CRÓNICA,Chubut,Patagonia,Comodoro Rivadavia,https://www.diariocronica.com.ar,"Resumen del pronóstico: Ráfagas intensas, cielo nublado y una máxima que podría alcanzar los 11°."
2026-06-18,2026-W25,provincial,CRÓNICA,Chubut,Patagonia,Comodoro Rivadavia,https://www.diariocronica.com.ar,"Pese al crecimiento macroeconómico, en la gestión Milei cerraron más de 26.000 empresas"
2026-06-18,2026-W25,provincial,CRÓNICA,Chubut,Patagonia,Comodoro Rivadavia,https://www.diariocronica.com.ar,Othar supervisó el inicio del plan de obras eléctricas en el Camino Roque González
2026-06-18,2026-W25,provincial,CRÓNICA,Chubut,Patagonia,Comodoro Rivadavia,https://www.diariocronica.com.ar,Inglaterra le ganó a Croacia en un partidazo en su estreno en el Mundial 2026
2026-06-18,2026-W25,provincial,CRÓNICA,Chubut,Patagonia,Comodoro Rivadavia,https://www.diariocronica.com.ar,Apuñalaron a un joven en inmediaciones de una escuela de Trelew
2026-06-18,2026-W25,provincial,CRÓNICA,Chubut,Patagonia,Comodoro Rivadavia,https://www.diariocronica.com.ar,Amplio operativo ante usurpaciones en Rawson
2026-06-18,2026-W25,provincial,CRÓNICA,Chubut,Patagonia,Comodoro Rivadavia,https://www.diariocronica.com.ar,"Allanaron cinco casas por un caso de amenazas: secuestraron armas, balas y marihuana"
2026-06-18,2026-W25,provincial,CRÓNICA,Chubut,Patagonia,Comodoro Rivadavia,https://www.diariocronica.com.ar,Panorama mundial
2026-06-18,2026-W25,provincial,CRÓNICA,Chubut,Patagonia,Comodoro Rivadavia,https://www.diariocronica.com.ar,Boca hizo una oferta para la vuelta de Villa
2026-06-18,2026-W25,provincial,CRÓNICA,Chubut,Patagonia,Comodoro Rivadavia,https://www.diariocronica.com.ar,Los parches que tenía Messi
2026-06-18,2026-W25,provincial,CRÓNICA,Chubut,Patagonia,Comodoro Rivadavia,https://www.diariocronica.com.ar,Enzo Fernández es el principal objetivo del Real Madrid
2026-06-18,2026-W25,provincial,CRÓNICA,Chubut,Patagonia,Comodoro Rivadavia,https://www.diariocronica.com.ar,Los botines rosas
2026-06-18,2026-W25,provincial,CRÓNICA,Chubut,Patagonia,Comodoro Rivadavia,https://www.diariocronica.com.ar,Portugal no pasó del empate con RD Congo
2026-06-18,2026-W25,provincial,CRÓNICA,Chubut,Patagonia,Comodoro Rivadavia,https://www.diariocronica.com.ar,Los cambios que analiza Scaloni para el partido ante Austria
2026-06-18,2026-W25,provincial,CRÓNICA,Chubut,Patagonia,Comodoro Rivadavia,https://www.diariocronica.com.ar,"Ronaldo: ""Es el mejor de todos los tiempos"""
2026-06-18,2026-W25,provincial,CRÓNICA,Chubut,Patagonia,Comodoro Rivadavia,https://www.diariocronica.com.ar,Trelew lanzó un Pasaporte Turístico digital para promocionar sus atractivos y servicios
2026-06-18,2026-W25,provincial,EL PATAGÓNICO,Chubut,Patagonia,Comodoro Rivadavia,https://www.elpatagonico.com,Todas las secciones
2026-06-18,2026-W25,provincial,EL PATAGÓNICO,Chubut,Patagonia,Comodoro Rivadavia,https://www.elpatagonico.com,De que se habla
2026-06-18,2026-W25,provincial,EL PATAGÓNICO,Chubut,Patagonia,Comodoro Rivadavia,https://www.elpatagonico.com,Irregularidades en un sitio donde crían y venden carne de cerdo
2026-06-18,2026-W25,provincial,EL PATAGÓNICO,Chubut,Patagonia,Comodoro Rivadavia,https://www.elpatagonico.com,Rechazó una fortuna: cuánto le ofrecieron a la pareja de Mac Allister
2026-06-18,2026-W25,provincial,EL PATAGÓNICO,Chubut,Patagonia,Comodoro Rivadavia,https://www.elpatagonico.com,Ponen en marcha las obras para transformar el Camino Roque González
2026-06-18,2026-W25,provincial,EL PATAGÓNICO,Chubut,Patagonia,Comodoro Rivadavia,https://www.elpatagonico.com,Salarios: policías rechazaron otras dos propuestas y sigue el conflicto
2026-06-18,2026-W25,provincial,EL PATAGÓNICO,Chubut,Patagonia,Comodoro Rivadavia,https://www.elpatagonico.com,Querían huir con un taxi lleno de mercadería robada y los atraparon
2026-06-18,2026-W25,provincial,EL PATAGÓNICO,Chubut,Patagonia,Comodoro Rivadavia,https://www.elpatagonico.com,Vandalismo en el CAPS de Stella Maris: reclaman vigilancia urgente
2026-06-18,2026-W25,provincial,EL PATAGÓNICO,Chubut,Patagonia,Comodoro Rivadavia,https://www.elpatagonico.com,Futsal: Cinco comodorenses en octavos del Nacional C20
2026-06-18,2026-W25,provincial,EL PATAGÓNICO,Chubut,Patagonia,Comodoro Rivadavia,https://www.elpatagonico.com,Las Más Leídas de El Patagónico
2026-06-18,2026-W25,provincial,EL PATAGÓNICO,Chubut,Patagonia,Comodoro Rivadavia,https://www.elpatagonico.com,Del desarraigo a la exposición: una convocatoria que busca reunir miradas sobre Chubut
2026-06-18,2026-W25,provincial,EL PATAGÓNICO,Chubut,Patagonia,Comodoro Rivadavia,https://www.elpatagonico.com,Noticias Insólitas
2026-06-18,2026-W25,provincial,EL PATAGÓNICO,Chubut,Patagonia,Comodoro Rivadavia,https://www.elpatagonico.com,Choque en el Abásolo terminó con una infracción de tránsito
2026-06-18,2026-W25,provincial,EL PATAGÓNICO,Chubut,Patagonia,Comodoro Rivadavia,https://www.elpatagonico.com,Empleado de super quiso llevarse mercadería por más de $240 mil
2026-06-18,2026-W25,provincial,EL PATAGÓNICO,Chubut,Patagonia,Comodoro Rivadavia,https://www.elpatagonico.com,Choque de vehículos sobre Ruta 3
2026-06-18,2026-W25,provincial,EL PATAGÓNICO,Chubut,Patagonia,Comodoro Rivadavia,https://www.elpatagonico.com,El Municipio desmintió que Comodoro tenga la tasa impositiva más alta del país en la compra de vehículos
2026-06-18,2026-W25,provincial,EL PATAGÓNICO,Chubut,Patagonia,Comodoro Rivadavia,https://www.elpatagonico.com,Consiguió los datos de los abuelos de su novio y pidió dos préstamos
2026-06-18,2026-W25,provincial,EL PATAGÓNICO,Chubut,Patagonia,Comodoro Rivadavia,https://www.elpatagonico.com,Las Orquídeas: el Municipio dio respuesta a demandas de vecinos
2026-06-18,2026-W25,provincial,EL PATAGÓNICO,Chubut,Patagonia,Comodoro Rivadavia,https://www.elpatagonico.com,Incendio destruyó un auto en la extensión del Abásolo
2026-06-18,2026-W25,provincial,EL PATAGÓNICO,Chubut,Patagonia,Comodoro Rivadavia,https://www.elpatagonico.com,Un profesor de Cushamen renunció a su trabajo para ir a EEUU a ver el Mundial
2026-06-18,2026-W25,provincial,EL PATAGÓNICO,Chubut,Patagonia,Comodoro Rivadavia,https://www.elpatagonico.com,"De ""Matador"" a Los Palmeras: las canciones que eligió la Selección para festejar sus goles"
2026-06-18,2026-W25,provincial,EL PATAGÓNICO,Chubut,Patagonia,Comodoro Rivadavia,https://www.elpatagonico.com,Colombia arrancó con un triunfo y es líder en su grupo
2026-06-18,2026-W25,provincial,EL PATAGÓNICO,Chubut,Patagonia,Comodoro Rivadavia,https://www.elpatagonico.com,Ghana derrotó a Panamá en la última jugada
2026-06-18,2026-W25,provincial,EL PATAGÓNICO,Chubut,Patagonia,Comodoro Rivadavia,https://www.elpatagonico.com,Inglaterra le ganó a Croacia en un partidazo
2026-06-18,2026-W25,provincial,EL PATAGÓNICO,Chubut,Patagonia,Comodoro Rivadavia,https://www.elpatagonico.com,Portugal y Cristiano Ronaldo decepcionaron en el debut
2026-06-18,2026-W25,provincial,EL PATAGÓNICO,Chubut,Patagonia,Comodoro Rivadavia,https://www.elpatagonico.com,"Polémica por los ""torneos de amigos"" de Mercado Pago para apostar por el Mundial"
2026-06-18,2026-W25,provincial,EL PATAGÓNICO,Chubut,Patagonia,Comodoro Rivadavia,https://www.elpatagonico.com,A la madre del arquero sensación de Cabo Verde le negaron el ingreso a EEUU
2026-06-18,2026-W25,provincial,EL PATAGÓNICO,Chubut,Patagonia,Comodoro Rivadavia,https://www.elpatagonico.com,Toy Story 5 en Cine Coliseo
2026-06-18,2026-W25,provincial,EL PATAGÓNICO,Chubut,Patagonia,Comodoro Rivadavia,https://www.elpatagonico.com,Próximamente en pantalla: Supergirl
2026-06-18,2026-W25,provincial,EL PATAGÓNICO,Chubut,Patagonia,Comodoro Rivadavia,https://www.elpatagonico.com,Próximos estrenos
2026-06-18,2026-W25,provincial,EL PATAGÓNICO,Chubut,Patagonia,Comodoro Rivadavia,https://www.elpatagonico.com,Versión gráfica C+
2026-06-18,2026-W25,provincial,EL PATAGÓNICO,Chubut,Patagonia,Comodoro Rivadavia,https://www.elpatagonico.com,Intentaron incendiar un automóvil en Km 8 y fueron detenidos
2026-06-18,2026-W25,provincial,EL PATAGÓNICO,Chubut,Patagonia,Comodoro Rivadavia,https://www.elpatagonico.com,Murió la mujer que sufrió graves quemaduras tras la explosión de un celular
2026-06-18,2026-W25,provincial,EL PATAGÓNICO,Chubut,Patagonia,Comodoro Rivadavia,https://www.elpatagonico.com,La salud de Jorge Messi genera preocupación en pleno Mundial 2026
2026-06-18,2026-W25,provincial,EL PATAGÓNICO,Chubut,Patagonia,Comodoro Rivadavia,https://www.elpatagonico.com,Vendían alcohol en forma clandestina en Km 8
2026-06-18,2026-W25,provincial,EL PATAGÓNICO,Chubut,Patagonia,Comodoro Rivadavia,https://www.elpatagonico.com,Juan Hernández continuará detenido por el tiroteo en la Oficina Judicial
2026-06-18,2026-W25,provincial,EL PATAGÓNICO,Chubut,Patagonia,Comodoro Rivadavia,https://www.elpatagonico.com,El Municipio concretará encuentros sobre violencia digital
2026-06-18,2026-W25,provincial,EL PATAGÓNICO,Chubut,Patagonia,Comodoro Rivadavia,https://www.elpatagonico.com,Ahora revelan que Adorni se gastó 8 millones en sábanas de lujo
2026-06-18,2026-W25,provincial,EL PATAGÓNICO,Chubut,Patagonia,Comodoro Rivadavia,https://www.elpatagonico.com,La belleza escrita entre rejas: cómo Mariano Avilez convirtió el encierro en poesía
2026-06-18,2026-W25,provincial,EL PATAGÓNICO,Chubut,Patagonia,Comodoro Rivadavia,https://www.elpatagonico.com,Yhosva Montoya inicia una nueva etapa con una gira por la Patagonia
2026-06-18,2026-W25,provincial,EL PATAGÓNICO,Chubut,Patagonia,Comodoro Rivadavia,https://www.elpatagonico.com,"Homenaje a Güemes, en el Día de la Libertad Latinoamericana"
2026-06-18,2026-W25,provincial,EL PATAGÓNICO,Chubut,Patagonia,Comodoro Rivadavia,https://www.elpatagonico.com,Dispararon 12 balazos contra un vivienda en Cañadón Seco
2026-06-18,2026-W25,provincial,EL PATAGÓNICO,Chubut,Patagonia,Comodoro Rivadavia,https://www.elpatagonico.com,Pampita compró figuritas y le mandaron tomates
2026-06-18,2026-W25,provincial,EL PATAGÓNICO,Chubut,Patagonia,Comodoro Rivadavia,https://www.elpatagonico.com,Valentina Cervantes ventiló la intimidad del chat de las mujeres de la Selección
2026-06-18,2026-W25,provincial,EL PATAGÓNICO,Chubut,Patagonia,Comodoro Rivadavia,https://www.elpatagonico.com,Escándalo en el teatro: Hernán Piquín fue agredido durante una función
2026-06-18,2026-W25,provincial,EL PATAGÓNICO,Chubut,Patagonia,Comodoro Rivadavia,https://www.elpatagonico.com,Roberto Piazza canceló a Milei de su desfile benéfico
2026-06-18,2026-W25,provincial,EL PATAGÓNICO,Chubut,Patagonia,Comodoro Rivadavia,https://www.elpatagonico.com,El Municipio entregó equipamiento deportivo y becas a clubes de la Asociación Costa Austral
2026-06-18,2026-W25,provincial,EL PATAGÓNICO,Chubut,Patagonia,Comodoro Rivadavia,https://www.elpatagonico.com,Gimnasia volvió a perder ante Quimsa y habrá sexto partido
2026-06-18,2026-W25,provincial,EL PATAGÓNICO,Chubut,Patagonia,Comodoro Rivadavia,https://www.elpatagonico.com,"Wissa, de sufrir un ataque con ácido en los ojos a anotar un gol para Congo ante Portugal"
2026-06-18,2026-W25,provincial,EL PATAGÓNICO,Chubut,Patagonia,Comodoro Rivadavia,https://www.elpatagonico.com,Exitoso encuentro de hóckey infantil en la CAI
2026-06-18,2026-W25,provincial,EL DIARIO DE LA PAMPA,La Pampa,Patagonia,Santa Rosa,https://www.eldiariodelapampa.com.ar,Radio El Diario
2026-06-18,2026-W25,provincial,EL DIARIO DE LA PAMPA,La Pampa,Patagonia,Santa Rosa,https://www.eldiariodelapampa.com.ar,Eleg├Ł una secci├│n
2026-06-18,2026-W25,provincial,EL DIARIO DE LA PAMPA,La Pampa,Patagonia,Santa Rosa,https://www.eldiariodelapampa.com.ar,LA TAPA INTELIGENTE
2026-06-18,2026-W25,provincial,EL DIARIO DE LA PAMPA,La Pampa,Patagonia,Santa Rosa,https://www.eldiariodelapampa.com.ar,Colombia pisó fuerte
2026-06-18,2026-W25,provincial,EL DIARIO DE LA PAMPA,La Pampa,Patagonia,Santa Rosa,https://www.eldiariodelapampa.com.ar,Día de recuperación para la Argentina
2026-06-18,2026-W25,provincial,EL DIARIO DE LA PAMPA,La Pampa,Patagonia,Santa Rosa,https://www.eldiariodelapampa.com.ar,"Ferro y All Boys, a un paso nada más"
2026-06-18,2026-W25,provincial,EL DIARIO DE LA PAMPA,La Pampa,Patagonia,Santa Rosa,https://www.eldiariodelapampa.com.ar,Quimsa aplastó a Gimnasia y llevó la final al sexto juego
2026-06-18,2026-W25,provincial,EL DIARIO DE LA PAMPA,La Pampa,Patagonia,Santa Rosa,https://www.eldiariodelapampa.com.ar,Volvieron a internar a Chiche Gelblung a días de recibir el alta
2026-06-18,2026-W25,provincial,EL DIARIO DE LA PAMPA,La Pampa,Patagonia,Santa Rosa,https://www.eldiariodelapampa.com.ar,Disney on Ice regresa al país estas vacaciones de invierno
2026-06-18,2026-W25,provincial,EL DIARIO DE LA PAMPA,La Pampa,Patagonia,Santa Rosa,https://www.eldiariodelapampa.com.ar,Maná vuelve a la Argentina y presentará su show en River
2026-06-18,2026-W25,provincial,EL DIARIO DE LA PAMPA,La Pampa,Patagonia,Santa Rosa,https://www.eldiariodelapampa.com.ar,"""El día de la revelación"": el regreso de Spielberg a los extraterrestres"
2026-06-18,2026-W25,provincial,EL DIARIO DE LA PAMPA,La Pampa,Patagonia,Santa Rosa,https://www.eldiariodelapampa.com.ar,El turismo de nieve impulsa la temporada invernal
2026-06-18,2026-W25,provincial,EL DIARIO DE LA PAMPA,La Pampa,Patagonia,Santa Rosa,https://www.eldiariodelapampa.com.ar,Estados Unidos ofrecerá un servicio premium y exprés para visas de turismo
2026-06-18,2026-W25,provincial,EL DIARIO DE LA PAMPA,La Pampa,Patagonia,Santa Rosa,https://www.eldiariodelapampa.com.ar,"Sports tripping, la tendencia del viaje que gana fuerza"
2026-06-18,2026-W25,provincial,EL DIARIO DE LA PAMPA,La Pampa,Patagonia,Santa Rosa,https://www.eldiariodelapampa.com.ar,"""Furor por Argentina"": entusiasmo de cara a la temporada invernal argentina"
2026-06-18,2026-W25,provincial,EL DIARIO DE LA PAMPA,La Pampa,Patagonia,Santa Rosa,https://www.eldiariodelapampa.com.ar,Polémica por el loteo de Santa Rosa Rugby: otro pedido de postergar audiencia
2026-06-18,2026-W25,provincial,EL DIARIO DE LA PAMPA,La Pampa,Patagonia,Santa Rosa,https://www.eldiariodelapampa.com.ar,"El misterio del hornero: revelan por qué tienen la ""puerta"" a la derecha o a la izquierda"
2026-06-18,2026-W25,provincial,EL DIARIO DE LA PAMPA,La Pampa,Patagonia,Santa Rosa,https://www.eldiariodelapampa.com.ar,"Ley de Glaciares: Dillon desmontó los argumentos de Ravier, uno por uno"
2026-06-18,2026-W25,provincial,EL DIARIO DE LA PAMPA,La Pampa,Patagonia,Santa Rosa,https://www.eldiariodelapampa.com.ar,Ravier y Ardohain votaron a favor de cambios que pueden afectar al Colorado
2026-06-18,2026-W25,provincial,EL DIARIO DE LA PAMPA,La Pampa,Patagonia,Santa Rosa,https://www.eldiariodelapampa.com.ar,Artemis III: cuándo anunciará la NASA la nueva tripulación que busca acercarnos a la Luna
2026-06-18,2026-W25,provincial,EL DIARIO DE LA PAMPA,La Pampa,Patagonia,Santa Rosa,https://www.eldiariodelapampa.com.ar,"""Super Niño"": hay un 90% de probabilidad de un evento extremo en el segundo semestre"
2026-06-18,2026-W25,provincial,EL DIARIO DE LA PAMPA,La Pampa,Patagonia,Santa Rosa,https://www.eldiariodelapampa.com.ar,Descubren por qué algunos recuerdos perduran y otros se desvanecen
2026-06-18,2026-W25,provincial,EL DIARIO DE LA PAMPA,La Pampa,Patagonia,Santa Rosa,https://www.eldiariodelapampa.com.ar,Un atlas mapea por primera vez el sistema hormonal humano tejido por tejido
2026-06-18,2026-W25,provincial,EL DIARIO DE LA PAMPA,La Pampa,Patagonia,Santa Rosa,https://www.eldiariodelapampa.com.ar,La interna del PJ: Tensión entre el vernismo y el Ejecutivo en la Legislatura
2026-06-18,2026-W25,provincial,EL DIARIO DE LA PAMPA,La Pampa,Patagonia,Santa Rosa,https://www.eldiariodelapampa.com.ar,Crisis del Sindicato Gráfico: Schmidt no quiere renunciar
2026-06-18,2026-W25,provincial,EL DIARIO DE LA PAMPA,La Pampa,Patagonia,Santa Rosa,https://www.eldiariodelapampa.com.ar,La Provincia no aprueba el informe ambiental que hizo PCR sobre Medanito
2026-06-18,2026-W25,provincial,EL DIARIO DE LA PAMPA,La Pampa,Patagonia,Santa Rosa,https://www.eldiariodelapampa.com.ar,"Acuerdo universitario: ""plata había, fue un capricho"""
2026-06-18,2026-W25,provincial,EL DIARIO DE LA PAMPA,La Pampa,Patagonia,Santa Rosa,https://www.eldiariodelapampa.com.ar,Estudiante piquense resistió a las piñas un intento de asalto en Nueva Córdoba
2026-06-18,2026-W25,provincial,EL DIARIO DE LA PAMPA,La Pampa,Patagonia,Santa Rosa,https://www.eldiariodelapampa.com.ar,Inician investigación judicial por presunto abuso sexual en el Hospital Centeno
2026-06-18,2026-W25,provincial,EL DIARIO DE LA PAMPA,La Pampa,Patagonia,Santa Rosa,https://www.eldiariodelapampa.com.ar,Pidieron la indagatoria para el hermano de Manuel Adorni
2026-06-18,2026-W25,provincial,EL DIARIO DE LA PAMPA,La Pampa,Patagonia,Santa Rosa,https://www.eldiariodelapampa.com.ar,"Miguel Riglos construye un gran ""Muro de la Patria"", una bandera comunitaria de 100 metros"
2026-06-18,2026-W25,provincial,EL DIARIO DE LA PAMPA,La Pampa,Patagonia,Santa Rosa,https://www.eldiariodelapampa.com.ar,Detectan graves deficiencias en la Unidad 4 de Santa Rosa
2026-06-18,2026-W25,provincial,EL DIARIO DE LA PAMPA,La Pampa,Patagonia,Santa Rosa,https://www.eldiariodelapampa.com.ar,Comunicado y enojo de Lionel Messi por versiones sobre la salud del padre
2026-06-18,2026-W25,provincial,EL DIARIO DE LA PAMPA,La Pampa,Patagonia,Santa Rosa,https://www.eldiariodelapampa.com.ar,"El Gobierno de Milei duplicó la caja de gastos de Karina, pero oculta en qué se usa"
2026-06-18,2026-W25,provincial,EL DIARIO DE LA PAMPA,La Pampa,Patagonia,Santa Rosa,https://www.eldiariodelapampa.com.ar,"Arquitectos cuestionan el proyecto inmobiliario y advierten sobre un ""pasivo ambiental y sanitario incalculable"""
2026-06-18,2026-W25,provincial,EL DIARIO DE LA PAMPA,La Pampa,Patagonia,Santa Rosa,https://www.eldiariodelapampa.com.ar,La FIA recomendó sumariar al director del Hospital Favaloro por una muerte no informada
2026-06-18,2026-W25,provincial,EL DIARIO DE LA PAMPA,La Pampa,Patagonia,Santa Rosa,https://www.eldiariodelapampa.com.ar,"El Barrio Popular El Amanecer denunció ""recortes"" tras la demolición de una casa"
2026-06-18,2026-W25,provincial,EL DIARIO DE LA PAMPA,La Pampa,Patagonia,Santa Rosa,https://www.eldiariodelapampa.com.ar,Recuperan elementos robados tras un allanamiento
2026-06-18,2026-W25,provincial,EL DIARIO DE LA PAMPA,La Pampa,Patagonia,Santa Rosa,https://www.eldiariodelapampa.com.ar,Alerta laboral: en el último año cerraron 66 empresas empleadoras en La Pampa
2026-06-18,2026-W25,provincial,EL DIARIO DE LA PAMPA,La Pampa,Patagonia,Santa Rosa,https://www.eldiariodelapampa.com.ar,Orgullo y memoria: las luchas LGBTIQ+ en la Legislatura
2026-06-18,2026-W25,provincial,EL DIARIO DE LA PAMPA,La Pampa,Patagonia,Santa Rosa,https://www.eldiariodelapampa.com.ar,Orozco - Barrientos vuelve a Santa Rosa
2026-06-18,2026-W25,provincial,EL DIARIO DE LA PAMPA,La Pampa,Patagonia,Santa Rosa,https://www.eldiariodelapampa.com.ar,Agentes públicos se capacitaron en Acceso a la Información
2026-06-18,2026-W25,provincial,EL DIARIO DE LA PAMPA,La Pampa,Patagonia,Santa Rosa,https://www.eldiariodelapampa.com.ar,Se oficializó la Emergencia en Salud Mental
2026-06-18,2026-W25,provincial,EL DIARIO DE LA PAMPA,La Pampa,Patagonia,Santa Rosa,https://www.eldiariodelapampa.com.ar,Crimen de Felisa Acevedo: condenada a perpetua podrá pedir la condicional
2026-06-18,2026-W25,provincial,EL DIARIO DE LA PAMPA,La Pampa,Patagonia,Santa Rosa,https://www.eldiariodelapampa.com.ar,Dos menores hospitalizados tras un vuelco en la ruta 5
2026-06-18,2026-W25,provincial,EL DIARIO DE LA PAMPA,La Pampa,Patagonia,Santa Rosa,https://www.eldiariodelapampa.com.ar,Senado: los bloques opositores votarán la próxima semana interpelar a Adorni
2026-06-18,2026-W25,provincial,EL DIARIO DE LA PAMPA,La Pampa,Patagonia,Santa Rosa,https://www.eldiariodelapampa.com.ar,Los 14 puntos del acuerdo entre Estados Unidos e Irán para la paz en Medio Oriente
2026-06-18,2026-W25,provincial,EL DIARIO DE LA PAMPA,La Pampa,Patagonia,Santa Rosa,https://www.eldiariodelapampa.com.ar,Bensusán advirtió que el proyecto de biocombustibles pone en peligro plantas pampeanas
2026-06-18,2026-W25,provincial,EL DIARIO DE LA PAMPA,La Pampa,Patagonia,Santa Rosa,https://www.eldiariodelapampa.com.ar,El BID aprobó una garantía por USD 550 millones para la Argentina
2026-06-18,2026-W25,provincial,EL DIARIO DE LA PAMPA,La Pampa,Patagonia,Santa Rosa,https://www.eldiariodelapampa.com.ar,Un camión de yerba quedó encajado y bloqueó el acceso al Club La Barranca
2026-06-18,2026-W25,provincial,LA ARENA,La Pampa,Patagonia,Santa Rosa,https://www.laarena.com.ar,"“El gobernador gestiona, no se distrae con ninguna interna”"
2026-06-18,2026-W25,provincial,LA ARENA,La Pampa,Patagonia,Santa Rosa,https://www.laarena.com.ar,¿Sabotaje del vernismo? sus diputados no bajan al recinto
2026-06-18,2026-W25,provincial,LA ARENA,La Pampa,Patagonia,Santa Rosa,https://www.laarena.com.ar,Medanito: no aprobaron el Informe Ambiental que hizo PCR
2026-06-18,2026-W25,provincial,LA ARENA,La Pampa,Patagonia,Santa Rosa,https://www.laarena.com.ar,El ministro Fernández visitó el EPRC para abordar “desafíos y oportunidades de la región”
2026-06-18,2026-W25,provincial,LA ARENA,La Pampa,Patagonia,Santa Rosa,https://www.laarena.com.ar,Florencia Peña anunció por error la muerte del padre de Lionel Messi
2026-06-18,2026-W25,provincial,LA ARENA,La Pampa,Patagonia,Santa Rosa,https://www.laarena.com.ar,La familia de Messi publicó un comunicado sobre la salud de Jorge
2026-06-18,2026-W25,provincial,LA ARENA,La Pampa,Patagonia,Santa Rosa,https://www.laarena.com.ar,Ganó el Quini 6 pero no pasa a cobrar: cuántos millones se pierde
2026-06-18,2026-W25,provincial,LA ARENA,La Pampa,Patagonia,Santa Rosa,https://www.laarena.com.ar,Se profundiza la crisis en el sindicato de gráficos
2026-06-18,2026-W25,provincial,LA ARENA,La Pampa,Patagonia,Santa Rosa,https://www.laarena.com.ar,Abrieron las inscripciones para FeriArte: cómo anotarse desde un link
2026-06-18,2026-W25,provincial,LA ARENA,La Pampa,Patagonia,Santa Rosa,https://www.laarena.com.ar,"Robó un cartel de ""máquinas trabajando"" y terminó detenido"
2026-06-18,2026-W25,provincial,LA ARENA,La Pampa,Patagonia,Santa Rosa,https://www.laarena.com.ar,En La Pampa convocan a contar “Mitos y Leyendas”
2026-06-18,2026-W25,provincial,LA ARENA,La Pampa,Patagonia,Santa Rosa,https://www.laarena.com.ar,Leonardo Santesteban en El Aire de la Mañana del 18/06
2026-06-18,2026-W25,provincial,LA ARENA,La Pampa,Patagonia,Santa Rosa,https://www.laarena.com.ar,Aprobaron fusión de Clarín pero sin 6 millones de abonados
2026-06-18,2026-W25,provincial,LA ARENA,La Pampa,Patagonia,Santa Rosa,https://www.laarena.com.ar,Cuáles son las restricciones impuestas al GNC por la ola polar
2026-06-18,2026-W25,provincial,LA ARENA,La Pampa,Patagonia,Santa Rosa,https://www.laarena.com.ar,Está vigente la nueva tarifa en el boleto de colectivo
2026-06-18,2026-W25,provincial,LA ARENA,La Pampa,Patagonia,Santa Rosa,https://www.laarena.com.ar,Detuvieron a un hombre y secuestraron drogas y celulares
2026-06-18,2026-W25,provincial,LA ARENA,La Pampa,Patagonia,Santa Rosa,https://www.laarena.com.ar,Le prohibieron el fútbol y las carreras de caballos por no pagar cuota alimentaria
2026-06-18,2026-W25,provincial,LA ARENA,La Pampa,Patagonia,Santa Rosa,https://www.laarena.com.ar,Video: un estudiante pampeano se resistió a las piñas de un asalto en Córdoba
2026-06-18,2026-W25,provincial,LA ARENA,La Pampa,Patagonia,Santa Rosa,https://www.laarena.com.ar,"Pese a que no fue invitada, Villarruel desafía a Milei y viaja a Rosario por el Día de la Bandera"
2026-06-18,2026-W25,provincial,LA ARENA,La Pampa,Patagonia,Santa Rosa,https://www.laarena.com.ar,Liberan 1000 millones de moscas para proteger a los frutales de plagas
2026-06-18,2026-W25,provincial,LA ARENA,La Pampa,Patagonia,Santa Rosa,https://www.laarena.com.ar,Modo Testigo: cómo funcionará el sistema para reportar infracciones viales
2026-06-18,2026-W25,provincial,LA ARENA,La Pampa,Patagonia,Santa Rosa,https://www.laarena.com.ar,Vacaciones de invierno: cuánto hay que gastar y cuáles son las ciudades más elegidas
2026-06-18,2026-W25,provincial,LA ARENA,La Pampa,Patagonia,Santa Rosa,https://www.laarena.com.ar,De nuevo cerraron el Paso Cristo Redentor por posibles nevadas
2026-06-18,2026-W25,provincial,LA ARENA,La Pampa,Patagonia,Santa Rosa,https://www.laarena.com.ar,"ANSES: qué jubilados, pensionados y asignaciones se cobran este jueves 18"
2026-06-18,2026-W25,provincial,LA ARENA,La Pampa,Patagonia,Santa Rosa,https://www.laarena.com.ar,El pronóstico del tiempo para hoy en Santa Rosa
2026-06-18,2026-W25,provincial,LA ARENA,La Pampa,Patagonia,Santa Rosa,https://www.laarena.com.ar,Hallaron deficiencias en la Unidad Nº 4
2026-06-18,2026-W25,provincial,LA ARENA,La Pampa,Patagonia,Santa Rosa,https://www.laarena.com.ar,Vuelco a la altura de La Campiña
2026-06-18,2026-W25,provincial,LA ARENA,La Pampa,Patagonia,Santa Rosa,https://www.laarena.com.ar,Vuelco con heridos frente a La Campiña
2026-06-18,2026-W25,provincial,LA ARENA,La Pampa,Patagonia,Santa Rosa,https://www.laarena.com.ar,Violenta batalla campal frente a la Terminal de Santa Rosa
2026-06-18,2026-W25,provincial,LA ARENA,La Pampa,Patagonia,Santa Rosa,https://www.laarena.com.ar,Hallan en Traslasierra un mamífero que era desconocido para la ciencia
2026-06-18,2026-W25,provincial,LA ARENA,La Pampa,Patagonia,Santa Rosa,https://www.laarena.com.ar,Una mujer mayor está sin agua hace meses y sufrió un accidente al querer sacar de una cisterna
2026-06-18,2026-W25,provincial,LA ARENA,La Pampa,Patagonia,Santa Rosa,https://www.laarena.com.ar,"Un hombre fue baleado con un arma ""tumbera"""
2026-06-18,2026-W25,provincial,LA ARENA,La Pampa,Patagonia,Santa Rosa,https://www.laarena.com.ar,Proponen girar el proyecto a Provincia
2026-06-18,2026-W25,provincial,LA ARENA,La Pampa,Patagonia,Santa Rosa,https://www.laarena.com.ar,“El deterioro de la clase media se nota cada vez más”
2026-06-18,2026-W25,provincial,LA ARENA,La Pampa,Patagonia,Santa Rosa,https://www.laarena.com.ar,Milei pone en riesgo a plantas pampeanas
2026-06-18,2026-W25,provincial,LA ARENA,La Pampa,Patagonia,Santa Rosa,https://www.laarena.com.ar,La Pampa: se oficializó la Emergencia en Salud Mental y Consumos Problemáticos
2026-06-18,2026-W25,provincial,LA ARENA,La Pampa,Patagonia,Santa Rosa,https://www.laarena.com.ar,El consumo de Internet subió 35% en La Pampa
2026-06-18,2026-W25,provincial,LA ARENA,La Pampa,Patagonia,Santa Rosa,https://www.laarena.com.ar,Interpelarían a Adorni la próxima semana
2026-06-18,2026-W25,provincial,LA ARENA,La Pampa,Patagonia,Santa Rosa,https://www.laarena.com.ar,“No hay que dejar pasar actos autocráticos”
2026-06-18,2026-W25,provincial,LA ARENA,La Pampa,Patagonia,Santa Rosa,https://www.laarena.com.ar,Buena cosecha pampeana
2026-06-18,2026-W25,provincial,LA ARENA,La Pampa,Patagonia,Santa Rosa,https://www.laarena.com.ar,El Mundo a los pies de Lionel Messi
2026-06-18,2026-W25,provincial,LA ARENA,La Pampa,Patagonia,Santa Rosa,https://www.laarena.com.ar,Messi tuvo día tranquilo
2026-06-18,2026-W25,provincial,LA ARENA,La Pampa,Patagonia,Santa Rosa,https://www.laarena.com.ar,Murió “Mingo” Guette
2026-06-18,2026-W25,provincial,LA ARENA,La Pampa,Patagonia,Santa Rosa,https://www.laarena.com.ar,Inglaterra se impuso a Croacia
2026-06-18,2026-W25,provincial,LA ARENA,La Pampa,Patagonia,Santa Rosa,https://www.laarena.com.ar,Se pone en marcha la segunda fecha
2026-06-18,2026-W25,provincial,LA ARENA,La Pampa,Patagonia,Santa Rosa,https://www.laarena.com.ar,Músicos pampeanos viajan a Ecuador
2026-06-18,2026-W25,provincial,LA ARENA,La Pampa,Patagonia,Santa Rosa,https://www.laarena.com.ar,Reconocen a Liliana Cabral
2026-06-18,2026-W25,provincial,LA ARENA,La Pampa,Patagonia,Santa Rosa,https://www.laarena.com.ar,El loteo de la Ruta 35 quedará en Secretaría
2026-06-18,2026-W25,provincial,LA ARENA,La Pampa,Patagonia,Santa Rosa,https://www.laarena.com.ar,La Sociedad Rural pasó por la Legislatura
2026-06-18,2026-W25,provincial,LA ARENA,La Pampa,Patagonia,Santa Rosa,https://www.laarena.com.ar,Alumnos viajaron a Rosario para prometer la bandera
2026-06-18,2026-W25,provincial,PLAN B NOTICIAS,La Pampa,Patagonia,Santa Rosa,https://www.planbnoticias.com.ar,La Emergencia en Salud Mental “Reforzará el acceso a la atención”
2026-06-18,2026-W25,provincial,PLAN B NOTICIAS,La Pampa,Patagonia,Santa Rosa,https://www.planbnoticias.com.ar,La Provincia no aprueba el Informe Ambiental de Medanito y vuelve a la Legislatura
2026-06-18,2026-W25,provincial,PLAN B NOTICIAS,La Pampa,Patagonia,Santa Rosa,https://www.planbnoticias.com.ar,La Pampa entre las provincias con mayor escolarización en el nivel inicial
2026-06-18,2026-W25,provincial,PLAN B NOTICIAS,La Pampa,Patagonia,Santa Rosa,https://www.planbnoticias.com.ar,Ravier evitó cuestionar al confeso evasor impositivo: “Adorni cumplió con su declaración jurada”
2026-06-18,2026-W25,provincial,PLAN B NOTICIAS,La Pampa,Patagonia,Santa Rosa,https://www.planbnoticias.com.ar,Tarjetas de Presidencia: la caja de $1.135 millones que depende de Karina Milei
2026-06-18,2026-W25,provincial,PLAN B NOTICIAS,La Pampa,Patagonia,Santa Rosa,https://www.planbnoticias.com.ar,“Hasta que amanezca”: Teresa Parodi regresa a La Pampa con nuevo disco
2026-06-18,2026-W25,provincial,PLAN B NOTICIAS,La Pampa,Patagonia,Santa Rosa,https://www.planbnoticias.com.ar,Pidieron la indagatoria para el hermano de Manuel Adorni
2026-06-18,2026-W25,provincial,PLAN B NOTICIAS,La Pampa,Patagonia,Santa Rosa,https://www.planbnoticias.com.ar,Por no cumplir con la cuota alimentaria le prohíben ir a las carreras de caballos y jugar al fútbol
2026-06-18,2026-W25,provincial,PLAN B NOTICIAS,La Pampa,Patagonia,Santa Rosa,https://www.planbnoticias.com.ar,Escala la tensión por Medanito en el oficialismo: el vernismo no bajó a la sesión ordinaria
2026-06-18,2026-W25,provincial,PLAN B NOTICIAS,La Pampa,Patagonia,Santa Rosa,https://www.planbnoticias.com.ar,“Se OyE Cine”: OyE presenta su Segundo Concierto de la Temporada 2026 en el Aula Magna de la UNLPam
2026-06-18,2026-W25,provincial,PLAN B NOTICIAS,La Pampa,Patagonia,Santa Rosa,https://www.planbnoticias.com.ar,Conflicto universitario: “A los estudiantes nos dejaron tirados”
2026-06-18,2026-W25,provincial,PLAN B NOTICIAS,La Pampa,Patagonia,Santa Rosa,https://www.planbnoticias.com.ar,Nación exige que Clarín se desprenda de 6 millones de clientes para aprobar su fusión con Telefónica
2026-06-18,2026-W25,provincial,PLAN B NOTICIAS,La Pampa,Patagonia,Santa Rosa,https://www.planbnoticias.com.ar,Mundial 2026: ¿Cómo quedaron los grupos tras la finalización de la Fecha 1?
2026-06-18,2026-W25,provincial,PLAN B NOTICIAS,La Pampa,Patagonia,Santa Rosa,https://www.planbnoticias.com.ar,Trapaglia propone regular e incorporar a los “Paramédicos”
2026-06-18,2026-W25,provincial,PLAN B NOTICIAS,La Pampa,Patagonia,Santa Rosa,https://www.planbnoticias.com.ar,Pobreza: cuestionan la medición del gobierno porque tiene un desfasaje entre los ingresos registrados y los precios
2026-06-18,2026-W25,provincial,PLAN B NOTICIAS,La Pampa,Patagonia,Santa Rosa,https://www.planbnoticias.com.ar,Mundial 2026: con cuatro partidos se pone en marcha la segunda fecha de la fase de grupos
2026-06-18,2026-W25,provincial,PLAN B NOTICIAS,La Pampa,Patagonia,Santa Rosa,https://www.planbnoticias.com.ar,Postergaron la sesión del Senado e intentarán interpelar a Adorni el mismo día del informe de gestión
2026-06-18,2026-W25,provincial,PLAN B NOTICIAS,La Pampa,Patagonia,Santa Rosa,https://www.planbnoticias.com.ar,Colombia se impuso ante Uzbekistán y cerró la primera fecha del Mundial
2026-06-18,2026-W25,provincial,PLAN B NOTICIAS,La Pampa,Patagonia,Santa Rosa,https://www.planbnoticias.com.ar,Altolaguirre pidió rechazar la aprobación del Informe Ambiental de El Medanito
2026-06-18,2026-W25,provincial,PLAN B NOTICIAS,La Pampa,Patagonia,Santa Rosa,https://www.planbnoticias.com.ar,Una mujer volcó cerca de La Campiña junto a sus dos hijos
2026-06-18,2026-W25,provincial,PLAN B NOTICIAS,La Pampa,Patagonia,Santa Rosa,https://www.planbnoticias.com.ar,Los domingos Termo Tango: mate y baile en las escalinatas de la UNLPam
2026-06-18,2026-W25,provincial,PLAN B NOTICIAS,La Pampa,Patagonia,Santa Rosa,https://www.planbnoticias.com.ar,Audiencia: Posturas divididas entre el desarrollo urbano y la protección del acuífero
2026-06-18,2026-W25,provincial,PLAN B NOTICIAS,La Pampa,Patagonia,Santa Rosa,https://www.planbnoticias.com.ar,"En un partidazo, Inglaterra le ganó a Croacia"
2026-06-18,2026-W25,provincial,PLAN B NOTICIAS,La Pampa,Patagonia,Santa Rosa,https://www.planbnoticias.com.ar,La Sociedad Rural pidió cambios permanentes en la ley de fraccionamiento rural
2026-06-18,2026-W25,provincial,PLAN B NOTICIAS,La Pampa,Patagonia,Santa Rosa,https://www.planbnoticias.com.ar,Bensusán alertó que estarán en riesgo las plantas de biocombustibles de La Pampa
2026-06-18,2026-W25,provincial,PLAN B NOTICIAS,La Pampa,Patagonia,Santa Rosa,https://www.planbnoticias.com.ar,Se oficializó la Emergencia en Salud Mental en La Pampa: “Reforzará el acceso a la atención”
2026-06-18,2026-W25,provincial,PLAN B NOTICIAS,La Pampa,Patagonia,Santa Rosa,https://www.planbnoticias.com.ar,"El costo de construcción subió un 2,7% en en mayo"
2026-06-18,2026-W25,provincial,PLAN B NOTICIAS,La Pampa,Patagonia,Santa Rosa,https://www.planbnoticias.com.ar,Quetrequén y Speluzzi quedaron a un paso de convertirse en municipios
2026-06-18,2026-W25,provincial,PLAN B NOTICIAS,La Pampa,Patagonia,Santa Rosa,https://www.planbnoticias.com.ar,Detectaron a 10 conductores alcoholizados
2026-06-18,2026-W25,provincial,PLAN B NOTICIAS,La Pampa,Patagonia,Santa Rosa,https://www.planbnoticias.com.ar,Portugal sufrió y apenas igualó con RD Congo
2026-06-18,2026-W25,provincial,PLAN B NOTICIAS,La Pampa,Patagonia,Santa Rosa,https://www.planbnoticias.com.ar,La UNLPam y el Ministerio de Educación profundizan líneas de trabajo en conjunto
2026-06-18,2026-W25,provincial,PLAN B NOTICIAS,La Pampa,Patagonia,Santa Rosa,https://www.planbnoticias.com.ar,Buscan avanzar en la modificación en la regulación de las residencias para personas mayores
2026-06-18,2026-W25,provincial,PLAN B NOTICIAS,La Pampa,Patagonia,Santa Rosa,https://www.planbnoticias.com.ar,Milei recibirá a autoridades del Banco Mundial
2026-06-18,2026-W25,provincial,PLAN B NOTICIAS,La Pampa,Patagonia,Santa Rosa,https://www.planbnoticias.com.ar,Corte de luz en el Inti hue
2026-06-18,2026-W25,provincial,PLAN B NOTICIAS,La Pampa,Patagonia,Santa Rosa,https://www.planbnoticias.com.ar,Orgullo y memoria: las luchas LGBTIQ+ en la Legislatura
2026-06-18,2026-W25,provincial,PLAN B NOTICIAS,La Pampa,Patagonia,Santa Rosa,https://www.planbnoticias.com.ar,"Camargo y la postergación del loteo sobre Ruta 35: “Me parece sensato, era desprolijo avanzar así”"
2026-06-18,2026-W25,provincial,PLAN B NOTICIAS,La Pampa,Patagonia,Santa Rosa,https://www.planbnoticias.com.ar,"Resurgió la fiebre mundialista: “Me fue muy bien”, la confesión de un vendedor"
2026-06-18,2026-W25,provincial,PLAN B NOTICIAS,La Pampa,Patagonia,Santa Rosa,https://www.planbnoticias.com.ar,Postergan el tratamiento exprés del loteo de la ruta 35
2026-06-18,2026-W25,provincial,PLAN B NOTICIAS,La Pampa,Patagonia,Santa Rosa,https://www.planbnoticias.com.ar,"La CPE invita a una charla abierta sobre nueva APP, funciones y trámites"
2026-06-18,2026-W25,provincial,PLAN B NOTICIAS,La Pampa,Patagonia,Santa Rosa,https://www.planbnoticias.com.ar,Ziliotto: “La Patria también nació en las provincias”
2026-06-18,2026-W25,provincial,PLAN B NOTICIAS,La Pampa,Patagonia,Santa Rosa,https://www.planbnoticias.com.ar,"“¿Candidatos? No, amigo”: el mensaje de Dibu Martínez tras el debut triunfal de Argentina"
2026-06-18,2026-W25,provincial,PLAN B NOTICIAS,La Pampa,Patagonia,Santa Rosa,https://www.planbnoticias.com.ar,Buscan a un cachorro Ovejero Alemán
2026-06-18,2026-W25,provincial,PLAN B NOTICIAS,La Pampa,Patagonia,Santa Rosa,https://www.planbnoticias.com.ar,"Buscan recaudar dinero para la cirugía de “Negrita”, una perrita rescatada"
2026-06-18,2026-W25,provincial,PLAN B NOTICIAS,La Pampa,Patagonia,Santa Rosa,https://www.planbnoticias.com.ar,LIBERTAD DE EXPRESION Sale o Sale Webe@ando
2026-06-18,2026-W25,provincial,CUTRAL CO AL INSTANTE,Neuquén,Patagonia,Cutral Có,https://www.cutralcoalinstante.com,Últimas noticias
2026-06-18,2026-W25,provincial,CUTRAL CO AL INSTANTE,Neuquén,Patagonia,Cutral Có,https://www.cutralcoalinstante.com,Noticias locales
2026-06-18,2026-W25,provincial,CUTRAL CO AL INSTANTE,Neuquén,Patagonia,Cutral Có,https://www.cutralcoalinstante.com,Cutral Co: el barrio Progreso entregará árboles gratuitos
2026-06-18,2026-W25,provincial,CUTRAL CO AL INSTANTE,Neuquén,Patagonia,Cutral Có,https://www.cutralcoalinstante.com,Fortaleza Jrs abre convocatoria para incorporar jugadores
2026-06-18,2026-W25,provincial,CUTRAL CO AL INSTANTE,Neuquén,Patagonia,Cutral Có,https://www.cutralcoalinstante.com,Figueroa entregó escrituras a familias de Cutral Co y Plaza Huincul
2026-06-18,2026-W25,provincial,CUTRAL CO AL INSTANTE,Neuquén,Patagonia,Cutral Có,https://www.cutralcoalinstante.com,Actividades por el Día del Skate en el Polideportivo Parque Oeste
2026-06-18,2026-W25,provincial,CUTRAL CO AL INSTANTE,Neuquén,Patagonia,Cutral Có,https://www.cutralcoalinstante.com,El barrio Centro Sur de Cutral Co suma actividades de kinesiología
2026-06-18,2026-W25,provincial,CUTRAL CO AL INSTANTE,Neuquén,Patagonia,Cutral Có,https://www.cutralcoalinstante.com,Marín viaja a Europa para negociar con italianos y árabes el avance del Proyecto GNL
2026-06-18,2026-W25,provincial,CUTRAL CO AL INSTANTE,Neuquén,Patagonia,Cutral Có,https://www.cutralcoalinstante.com,Más de mil jóvenes fueron asesorados para acceder a financiamiento y capacitación en Neuquén
2026-06-18,2026-W25,provincial,CUTRAL CO AL INSTANTE,Neuquén,Patagonia,Cutral Có,https://www.cutralcoalinstante.com,Alertan en la comarca por la sustracción de una fuente radiactiva en Rosario
2026-06-18,2026-W25,provincial,CUTRAL CO AL INSTANTE,Neuquén,Patagonia,Cutral Có,https://www.cutralcoalinstante.com,CARLOS ALBERTO ARROYO
2026-06-18,2026-W25,provincial,CUTRAL CO AL INSTANTE,Neuquén,Patagonia,Cutral Có,https://www.cutralcoalinstante.com,FIDELINA QUILAPE
2026-06-18,2026-W25,provincial,CUTRAL CO AL INSTANTE,Neuquén,Patagonia,Cutral Có,https://www.cutralcoalinstante.com,ERNESTINA CORTEZ (VDA DE VILLAR)
2026-06-18,2026-W25,provincial,CUTRAL CO AL INSTANTE,Neuquén,Patagonia,Cutral Có,https://www.cutralcoalinstante.com,Familiares agradecen la atención en el hospital de Cutral Co y Plaza Huincul
2026-06-18,2026-W25,provincial,CUTRAL CO AL INSTANTE,Neuquén,Patagonia,Cutral Có,https://www.cutralcoalinstante.com,Piden cadena de oración para Elías Muñoz
2026-06-18,2026-W25,provincial,CUTRAL CO AL INSTANTE,Neuquén,Patagonia,Cutral Có,https://www.cutralcoalinstante.com,¡Saludos de cumple!
2026-06-18,2026-W25,provincial,CUTRAL CO AL INSTANTE,Neuquén,Patagonia,Cutral Có,https://www.cutralcoalinstante.com,Cancelan la tercera fecha del Rally Neuquino en Senillosa
2026-06-18,2026-W25,provincial,CUTRAL CO AL INSTANTE,Neuquén,Patagonia,Cutral Có,https://www.cutralcoalinstante.com,Seguinos en Facebook
2026-06-18,2026-W25,provincial,CUTRAL CO AL INSTANTE,Neuquén,Patagonia,Cutral Có,https://www.cutralcoalinstante.com,Seguinos en Youtube
2026-06-18,2026-W25,provincial,CUTRAL CO AL INSTANTE,Neuquén,Patagonia,Cutral Có,https://www.cutralcoalinstante.com,"Cutral Co: el barrio Progreso entregará árboles gratuitos 18 junio, 2026 No hay comentarios Hoy jueves Leer más"
2026-06-18,2026-W25,provincial,CUTRAL CO AL INSTANTE,Neuquén,Patagonia,Cutral Có,https://www.cutralcoalinstante.com,"Figueroa entregó escrituras a familias de Cutral Co y Plaza Huincul 18 junio, 2026 No hay comentarios Lo hizo en un acto realizado en el Centro Cultural José Rioseco Leer más"
2026-06-18,2026-W25,provincial,CUTRAL CO AL INSTANTE,Neuquén,Patagonia,Cutral Có,https://www.cutralcoalinstante.com,"El barrio Centro Sur de Cutral Co suma actividades de kinesiología 18 junio, 2026 No hay comentarios Todos los jueves por la tarde Leer más"
2026-06-18,2026-W25,provincial,CUTRAL CO AL INSTANTE,Neuquén,Patagonia,Cutral Có,https://www.cutralcoalinstante.com,"Marín viaja a Europa para negociar con italianos y árabes el avance del Proyecto GNL 18 junio, 2026 No hay comentarios Marín dijo que irá personalmente para avanzar más rápido con los documentos de la financiación Leer más"
2026-06-18,2026-W25,provincial,CUTRAL CO AL INSTANTE,Neuquén,Patagonia,Cutral Có,https://www.cutralcoalinstante.com,"De la región Marín viaja a Europa para negociar con italianos y árabes el avance del Proyecto GNL Marín dijo que irá personalmente para avanzar más rápido con los documentos de la financiación Leer más» 18 junio, 2026 No hay comentarios"
2026-06-18,2026-W25,provincial,CUTRAL CO AL INSTANTE,Neuquén,Patagonia,Cutral Có,https://www.cutralcoalinstante.com,"Noticias locales Cutral Co: el barrio Progreso entregará árboles gratuitos Hoy jueves leer más» 18 junio, 2026 No hay comentarios"
2026-06-18,2026-W25,provincial,CUTRAL CO AL INSTANTE,Neuquén,Patagonia,Cutral Có,https://www.cutralcoalinstante.com,"Noticias locales Figueroa entregó escrituras a familias de Cutral Co y Plaza Huincul Lo hizo en un acto realizado en el Centro Cultural José Rioseco leer más» 18 junio, 2026 No hay comentarios"
2026-06-18,2026-W25,provincial,CUTRAL CO AL INSTANTE,Neuquén,Patagonia,Cutral Có,https://www.cutralcoalinstante.com,"Noticias locales El barrio Centro Sur de Cutral Co suma actividades de kinesiología Todos los jueves por la tarde leer más» 18 junio, 2026 No hay comentarios"
2026-06-18,2026-W25,provincial,LM NEUQUÉN,Neuquén,Patagonia,Neuquén,https://www.lmneuquen.com,En la conexión con la ruta a Vaca Muerta: así es el lugar donde se construirá el estadio Neuquén Arena
2026-06-18,2026-W25,provincial,LM NEUQUÉN,Neuquén,Patagonia,Neuquén,https://www.lmneuquen.com,El profundo malestar de la familia Messi ante rumores: el comunicado oficial sobre la salud de Jorge
2026-06-18,2026-W25,provincial,LM NEUQUÉN,Neuquén,Patagonia,Neuquén,https://www.lmneuquen.com,Un neuquino donó sus órganos y salvó cinco vidas: el video del operativo que emocionó en TikTok
2026-06-18,2026-W25,provincial,LM NEUQUÉN,Neuquén,Patagonia,Neuquén,https://www.lmneuquen.com,Un conocido empresario se suicidó días después de ser denunciado por abuso sexual contra su hijastra con discapacidad
2026-06-18,2026-W25,provincial,LM NEUQUÉN,Neuquén,Patagonia,Neuquén,https://www.lmneuquen.com,Repudiable: robaron dos veces en menos de 24 horas en un comedor del oeste y hasta cocinaron en el lugar
2026-06-18,2026-W25,provincial,LM NEUQUÉN,Neuquén,Patagonia,Neuquén,https://www.lmneuquen.com,León XIV confirmó su visita a Perú en noviembre y crece la expectativa de que llegue a la Argentina
2026-06-18,2026-W25,provincial,LM NEUQUÉN,Neuquén,Patagonia,Neuquén,https://www.lmneuquen.com,Precio de las naftas: por qué podrían bajar en los surtidores
2026-06-18,2026-W25,provincial,LM NEUQUÉN,Neuquén,Patagonia,Neuquén,https://www.lmneuquen.com,"Jubilado rompió un local a hachazos, al irse gritó ""muerte a los traidores"" y volvió para disparar"
2026-06-18,2026-W25,provincial,LM NEUQUÉN,Neuquén,Patagonia,Neuquén,https://www.lmneuquen.com,Cayó un prófugo en Almafuerte: se escapó de la Comisaría durante el partido de Argentina contra Argelia
2026-06-18,2026-W25,provincial,LM NEUQUÉN,Neuquén,Patagonia,Neuquén,https://www.lmneuquen.com,Ganó el Quini 6 en Cipolletti pero no pasa a cobrar: los millones que se pierde
2026-06-18,2026-W25,provincial,LM NEUQUÉN,Neuquén,Patagonia,Neuquén,https://www.lmneuquen.com,"Ángel de Brito fue tajante sobre la salud de Jorge Messi: ""Hablé recién"""
2026-06-18,2026-W25,provincial,LM NEUQUÉN,Neuquén,Patagonia,Neuquén,https://www.lmneuquen.com,"Dejó su trabajo y viajó de Chubut al Mundial, pagó una fortuna por una entrada y no tiene pasaje para volver"
2026-06-18,2026-W25,provincial,LM NEUQUÉN,Neuquén,Patagonia,Neuquén,https://www.lmneuquen.com,Llega Le Pain Quotidien a Neuquén: el local que combina el mejor café y la gastronomía saludable
2026-06-18,2026-W25,provincial,LM NEUQUÉN,Neuquén,Patagonia,Neuquén,https://www.lmneuquen.com,Copa LMN: el Mundial 2026 ya arrancó y todavía podés sumarte para ganar la Ford Territory 0km
2026-06-18,2026-W25,provincial,LM NEUQUÉN,Neuquén,Patagonia,Neuquén,https://www.lmneuquen.com,Rafael Nadal respondió los elogios de Lionel Messi
2026-06-18,2026-W25,provincial,LM NEUQUÉN,Neuquén,Patagonia,Neuquén,https://www.lmneuquen.com,Brasil procesó al argentino acusado de enviar mensajes racistas sobre un nene
2026-06-18,2026-W25,provincial,LM NEUQUÉN,Neuquén,Patagonia,Neuquén,https://www.lmneuquen.com,Capacitate gratis: la Academia Tecnológica Neuquina mantiene su convocatoria abierta
2026-06-18,2026-W25,provincial,LM NEUQUÉN,Neuquén,Patagonia,Neuquén,https://www.lmneuquen.com,Fin a las históricas inundaciones en un sector del oeste: quedó inaugurada la obra pluvial de El Trébol
2026-06-18,2026-W25,provincial,LM NEUQUÉN,Neuquén,Patagonia,Neuquén,https://www.lmneuquen.com,Jorge Messi: quién es el padre y sostén de Lionel cuya salud conmueve en pleno Mundial 2026
2026-06-18,2026-W25,provincial,LM NEUQUÉN,Neuquén,Patagonia,Neuquén,https://www.lmneuquen.com,El misterio resuelto: ¿Qué tema suena cuando los equipos salen a la cancha en el Mundial 2026?
2026-06-18,2026-W25,provincial,LM NEUQUÉN,Neuquén,Patagonia,Neuquén,https://www.lmneuquen.com,¿Habrá feriado puente este viernes 19 de junio por el Día de la Bandera? La decisión del Gobierno
2026-06-18,2026-W25,provincial,LM NEUQUÉN,Neuquén,Patagonia,Neuquén,https://www.lmneuquen.com,"Termas Nieve vuelve a Copahue: aguas calientes, nieve profunda y una experiencia única en la montaña neuquina"
2026-06-18,2026-W25,provincial,LM NEUQUÉN,Neuquén,Patagonia,Neuquén,https://www.lmneuquen.com,Arranca la venta de chivitos del norte neuquino en el Mercado Concentrador: los precios
2026-06-18,2026-W25,provincial,LM NEUQUÉN,Neuquén,Patagonia,Neuquén,https://www.lmneuquen.com,"Video: para evadir una persecución policial, saltó a un arroyo con más de 16 mil dólares y casi se ahoga"
2026-06-18,2026-W25,provincial,LM NEUQUÉN,Neuquén,Patagonia,Neuquén,https://www.lmneuquen.com,Voraz incendio en un desarmadero: una perra murió calcinada en un tráiler y más de 400 autos en riesgo
2026-06-18,2026-W25,provincial,LM NEUQUÉN,Neuquén,Patagonia,Neuquén,https://www.lmneuquen.com,La novia ideal: sacó créditos por $3 millones a nombre de los abuelos de su pareja y salió de compras
2026-06-18,2026-W25,provincial,LM NEUQUÉN,Neuquén,Patagonia,Neuquén,https://www.lmneuquen.com,"Trabajo en petróleo: YPF, PAE y Chevron buscan empleados en Neuquén y Chubut, cómo postularse"
2026-06-18,2026-W25,provincial,LM NEUQUÉN,Neuquén,Patagonia,Neuquén,https://www.lmneuquen.com,Qué le pasa a Luis Miguel: internado y preocupación en su entorno
2026-06-18,2026-W25,provincial,LM NEUQUÉN,Neuquén,Patagonia,Neuquén,https://www.lmneuquen.com,Más de 700 estudiantes prometerán lealtad a la bandera en el Ruca Che
2026-06-18,2026-W25,provincial,LM NEUQUÉN,Neuquén,Patagonia,Neuquén,https://www.lmneuquen.com,La mendocina que se mudó por un amor de cibercafé y hoy tiene el búnker argentino en Kansas
2026-06-18,2026-W25,provincial,LM NEUQUÉN,Neuquén,Patagonia,Neuquén,https://www.lmneuquen.com,Narcos que no llegan a fin de mes: los planteos a la hora de pagar multas y donaciones
2026-06-18,2026-W25,provincial,LM NEUQUÉN,Neuquén,Patagonia,Neuquén,https://www.lmneuquen.com,¿Ritual satánico? La insólita situación registrada en una localidad de Neuquén
2026-06-18,2026-W25,provincial,LM NEUQUÉN,Neuquén,Patagonia,Neuquén,https://www.lmneuquen.com,"Mundial 2026 en VIVO: empieza la segunda fecha, partidos de hoy 18 de junio, horarios y cómo ver"
2026-06-18,2026-W25,provincial,LM NEUQUÉN,Neuquén,Patagonia,Neuquén,https://www.lmneuquen.com,COPA DEL MUNDO 2026
2026-06-18,2026-W25,provincial,LM NEUQUÉN,Neuquén,Patagonia,Neuquén,https://www.lmneuquen.com,Mundial 2026: con quién podría cruzarse Argentina en 16avos y cuáles son los nuevos criterios de clasificación
2026-06-18,2026-W25,provincial,LM NEUQUÉN,Neuquén,Patagonia,Neuquén,https://www.lmneuquen.com,El neuquino Darío Herrera debuta en el Mundial 2026: qué partido dirigirá
2026-06-18,2026-W25,provincial,LM NEUQUÉN,Neuquén,Patagonia,Neuquén,https://www.lmneuquen.com,Piñas en el Concejo: un concejal le partió la cara al intendente tras discutir por una jineteada
2026-06-18,2026-W25,provincial,LM NEUQUÉN,Neuquén,Patagonia,Neuquén,https://www.lmneuquen.com,Murió la mujer que sufrió la explosión de su celular mientras lo cargaba en el auto
2026-06-18,2026-W25,provincial,LM NEUQUÉN,Neuquén,Patagonia,Neuquén,https://www.lmneuquen.com,¿Peligra el prode del Mundial? Intiman a Mercado Pago por supuesto juego ilegal
2026-06-18,2026-W25,provincial,LM NEUQUÉN,Neuquén,Patagonia,Neuquén,https://www.lmneuquen.com,Murió una pareja en brutal accidente: se cruzaron de carril y terminaron arrollados por un camión
2026-06-18,2026-W25,provincial,LM NEUQUÉN,Neuquén,Patagonia,Neuquén,https://www.lmneuquen.com,"Jimena Rincón: ""Vaca Muerta es un socio estratégico para la seguridad energética de Chile"""
2026-06-18,2026-W25,provincial,LM NEUQUÉN,Neuquén,Patagonia,Neuquén,https://www.lmneuquen.com,"Calcatreu impulsa el empleo en Río Negro: ya concentra el 13,3% de los nuevos puestos de trabajo registrados en la provincia"
2026-06-18,2026-W25,provincial,LM NEUQUÉN,Neuquén,Patagonia,Neuquén,https://www.lmneuquen.com,Histórico: el mercado interno recibe la menor cantidad de peras y manzanas de los últimos diez años
2026-06-18,2026-W25,provincial,LM NEUQUÉN,Neuquén,Patagonia,Neuquén,https://www.lmneuquen.com,¿Retención o menor oferta? Lo que esconden los números de la faena de hembras
2026-06-18,2026-W25,provincial,LM NEUQUÉN,Neuquén,Patagonia,Neuquén,https://www.lmneuquen.com,Argentina arrasa en los 5 rankings más influyentes del vino: récord histórico en 2025
2026-06-18,2026-W25,provincial,LM NEUQUÉN,Neuquén,Patagonia,Neuquén,https://www.lmneuquen.com,Postergan pagos de créditos a productores afectados por granizo y heladas en el Alto Valle
2026-06-18,2026-W25,provincial,LM NEUQUÉN,Neuquén,Patagonia,Neuquén,https://www.lmneuquen.com,River anunció un amistoso con un gigante de Sudamérica en medio del mundial: cuándo y dónde se jugará
2026-06-18,2026-W25,provincial,LM NEUQUÉN,Neuquén,Patagonia,Neuquén,https://www.lmneuquen.com,Edinson Cavani se va de Boca: Arruabarrena no lo tendrá en cuenta
2026-06-18,2026-W25,provincial,LM NEUQUÉN,Neuquén,Patagonia,Neuquén,https://www.lmneuquen.com,River oficializó a su segundo refuerzo después de Otamendi
2026-06-18,2026-W25,provincial,LM NEUQUÉN,Neuquén,Patagonia,Neuquén,https://www.lmneuquen.com,Con doblete: el hijo de Diego Milito debutó en la reserva de Racing
2026-06-18,2026-W25,provincial,LIMAY NOTICIAS,Neuquén,Patagonia,Plottier,https://www.limaynoticias.com.ar,Últimas noticias
2026-06-18,2026-W25,provincial,LIMAY NOTICIAS,Neuquén,Patagonia,Plottier,https://www.limaynoticias.com.ar,Mundial 2026: Exitosa jornada organizada por el EDEP y habrá nueva edición el sábado 20
2026-06-18,2026-W25,provincial,LIMAY NOTICIAS,Neuquén,Patagonia,Plottier,https://www.limaynoticias.com.ar,Destacada actuación de la Escuela Municipal de Judo en el Torneo Patagónico Femenino
2026-06-18,2026-W25,provincial,LIMAY NOTICIAS,Neuquén,Patagonia,Plottier,https://www.limaynoticias.com.ar,Desde las 22 Argentina juega con Argelia: los 11 confirmados
2026-06-18,2026-W25,provincial,LIMAY NOTICIAS,Neuquén,Patagonia,Plottier,https://www.limaynoticias.com.ar,Neuquén incorporó la totalidad del Trabun Mapu al himno
2026-06-18,2026-W25,provincial,LIMAY NOTICIAS,Neuquén,Patagonia,Plottier,https://www.limaynoticias.com.ar,Con ayuda de perros secuestraron droga en la ciudad
2026-06-18,2026-W25,provincial,LIMAY NOTICIAS,Neuquén,Patagonia,Plottier,https://www.limaynoticias.com.ar,Escuchá una nueva edición de Vaca Muerta News Radio
2026-06-18,2026-W25,provincial,LIMAY NOTICIAS,Neuquén,Patagonia,Plottier,https://www.limaynoticias.com.ar,Los hospitales Heller y Plottier habilitan consultorios externos con turnos por Andes
2026-06-18,2026-W25,provincial,LIMAY NOTICIAS,Neuquén,Patagonia,Plottier,https://www.limaynoticias.com.ar,"La inflación en Neuquén fue del 2,3% en mayo y acumuló 14,8% en los primeros cinco meses del año"
2026-06-18,2026-W25,provincial,LIMAY NOTICIAS,Neuquén,Patagonia,Plottier,https://www.limaynoticias.com.ar,Plottier: la obra de ampliación de la EPET 9 ya supera el 55 por ciento de avance
2026-06-18,2026-W25,provincial,LIMAY NOTICIAS,Neuquén,Patagonia,Plottier,https://www.limaynoticias.com.ar,Llega el primer programa de junio de Vaca Muerta News Radio
2026-06-18,2026-W25,provincial,LIMAY NOTICIAS,Neuquén,Patagonia,Plottier,https://www.limaynoticias.com.ar,"El Registro Civil estará en distintos sectores de Neuquén capital, Plottier y Rincón de los Sauces"
2026-06-18,2026-W25,provincial,LIMAY NOTICIAS,Neuquén,Patagonia,Plottier,https://www.limaynoticias.com.ar,Cruces entre la municipalidad y ATE ante los reclamos por mejoras salariales
2026-06-18,2026-W25,provincial,LIMAY NOTICIAS,Neuquén,Patagonia,Plottier,https://www.limaynoticias.com.ar,Sindicatos protestaron frente al municipio por reclamos salariales e indumentaria
2026-06-18,2026-W25,provincial,LIMAY NOTICIAS,Neuquén,Patagonia,Plottier,https://www.limaynoticias.com.ar,El Gobierno habilitó a talleres mecánicos particulares para realizar la RTO
2026-06-18,2026-W25,provincial,LIMAY NOTICIAS,Neuquén,Patagonia,Plottier,https://www.limaynoticias.com.ar,Asaltaron a la jefa comunal Malena Resa
2026-06-18,2026-W25,provincial,LIMAY NOTICIAS,Neuquén,Patagonia,Plottier,https://www.limaynoticias.com.ar,Abren las inscripciones a las Becas Gregorio Álvarez para la terminalidad secundaria
2026-06-18,2026-W25,provincial,LIMAY NOTICIAS,Neuquén,Patagonia,Plottier,https://www.limaynoticias.com.ar,Este domingo corte de energía en Plottier
2026-06-18,2026-W25,provincial,LIMAY NOTICIAS,Neuquén,Patagonia,Plottier,https://www.limaynoticias.com.ar,Nueva edición de Vaca Muerta News Radio
2026-06-18,2026-W25,provincial,LIMAY NOTICIAS,Neuquén,Patagonia,Plottier,https://www.limaynoticias.com.ar,Provincia construirá un nuevo SUM para la EPET Nº19 de Plottier | Neuquen Informa
2026-06-18,2026-W25,provincial,LIMAY NOTICIAS,Neuquén,Patagonia,Plottier,https://www.limaynoticias.com.ar,El barrio 120 Viviendas celebró su 24° aniversario
2026-06-18,2026-W25,provincial,LIMAY NOTICIAS,Neuquén,Patagonia,Plottier,https://www.limaynoticias.com.ar,Lanzan capacitaciones gratuitas para potenciar habilidades digitales
2026-06-18,2026-W25,provincial,LIMAY NOTICIAS,Neuquén,Patagonia,Plottier,https://www.limaynoticias.com.ar,La Municipalidad lanzó un nuevo plan de regularización fiscal con quitas de hasta el 80%
2026-06-18,2026-W25,provincial,LIMAY NOTICIAS,Neuquén,Patagonia,Plottier,https://www.limaynoticias.com.ar,¿Cuándo juega Argentina en el Mundial 2026 y cuáles podrían ser sus próximas fechas?
2026-06-18,2026-W25,provincial,LIMAY NOTICIAS,Neuquén,Patagonia,Plottier,https://www.limaynoticias.com.ar,La Municipalidad de Plottier abrió una convocatoria para cubrir cargos en Obras Públicas y Hábitat
2026-06-18,2026-W25,provincial,LIMAY NOTICIAS,Neuquén,Patagonia,Plottier,https://www.limaynoticias.com.ar,Detectaron 16 alcoholemias positivas y secuestraron 19 vehículos en operativos de tránsito
2026-06-18,2026-W25,provincial,LIMAY NOTICIAS,Neuquén,Patagonia,Plottier,https://www.limaynoticias.com.ar,Escuchá el nuevo programa de Vaca Muerta News Radio
2026-06-18,2026-W25,provincial,LIMAY NOTICIAS,Neuquén,Patagonia,Plottier,https://www.limaynoticias.com.ar,La población de Neuquén roza los 800 mil habitantes
2026-06-18,2026-W25,provincial,LIMAY NOTICIAS,Neuquén,Patagonia,Plottier,https://www.limaynoticias.com.ar,Provincia invertirá más de 580 millones de pesos en equipamiento para Bomberos
2026-06-18,2026-W25,provincial,LIMAY NOTICIAS,Neuquén,Patagonia,Plottier,https://www.limaynoticias.com.ar,YPF aumentó los combustibles 1% y extendió el congelamiento por otros 45 días
2026-06-18,2026-W25,provincial,LIMAY NOTICIAS,Neuquén,Patagonia,Plottier,https://www.limaynoticias.com.ar,Ingresá al simulador y conocé los montos necesarios para acceder a los créditos hipotecarios
2026-06-18,2026-W25,provincial,LIMAY NOTICIAS,Neuquén,Patagonia,Plottier,https://www.limaynoticias.com.ar,Escuchá Vaca Muerta News Radio con todo lo que pasó en la OTC
2026-06-18,2026-W25,provincial,LIMAY NOTICIAS,Neuquén,Patagonia,Plottier,https://www.limaynoticias.com.ar,"La pobreza trepó al 44,7% en el país y ya afecta a 17,5 millones de personas"
2026-06-18,2026-W25,provincial,LIMAY NOTICIAS,Neuquén,Patagonia,Plottier,https://www.limaynoticias.com.ar,Aprueban el proyecto de tolerancia cero para el consumo de alcohol a conductores de vehículos
2026-06-18,2026-W25,provincial,LIMAY NOTICIAS,Neuquén,Patagonia,Plottier,https://www.limaynoticias.com.ar,"El 61,7% de la población ocupada registró un ingreso promedio de $83.755"
2026-06-18,2026-W25,provincial,LIMAY NOTICIAS,Neuquén,Patagonia,Plottier,https://www.limaynoticias.com.ar,"Según informe de CAME, la producción de pymes industriales creció en septiembre 1,3% interanual"
2026-06-18,2026-W25,provincial,LIMAY NOTICIAS,Neuquén,Patagonia,Plottier,https://www.limaynoticias.com.ar,"Murió Carlitos Balá, el ícono del humor argentino que con sus chistes y su ingenio marcó a generaciones"
2026-06-18,2026-W25,provincial,LIMAY NOTICIAS,Neuquén,Patagonia,Plottier,https://www.limaynoticias.com.ar,Secuestraron más de dos kilos de cocaína en la capital neuquina
2026-06-18,2026-W25,provincial,LIMAY NOTICIAS,Neuquén,Patagonia,Plottier,https://www.limaynoticias.com.ar,Un hombre murió tras un enfrentamiento con armas blancas en el barrio Antena de Zapala
2026-06-18,2026-W25,provincial,LIMAY NOTICIAS,Neuquén,Patagonia,Plottier,https://www.limaynoticias.com.ar,"San Martín de los Andes: secuestraron 9,7 kilos de drogas"
2026-06-18,2026-W25,provincial,LIMAY NOTICIAS,Neuquén,Patagonia,Plottier,https://www.limaynoticias.com.ar,Hallaron a una mujer que se encontraba perdida desde el jueves
2026-06-18,2026-W25,provincial,LIMAY NOTICIAS,Neuquén,Patagonia,Plottier,https://www.limaynoticias.com.ar,La Península Hiroki tiene un nuevo destacamento policial
2026-06-18,2026-W25,provincial,LIMAY NOTICIAS,Neuquén,Patagonia,Plottier,https://www.limaynoticias.com.ar,"La lista para el Mundial 2026: Messi, la base de Qatar y nuevas promesas"
2026-06-18,2026-W25,provincial,LIMAY NOTICIAS,Neuquén,Patagonia,Plottier,https://www.limaynoticias.com.ar,Gran convocatoria en el Duatlón por Malvinas
2026-06-18,2026-W25,provincial,LIMAY NOTICIAS,Neuquén,Patagonia,Plottier,https://www.limaynoticias.com.ar,Deportivo Rincón perdió 3 a 1 con Atenas en Córdoba
2026-06-18,2026-W25,provincial,LIMAY NOTICIAS,Neuquén,Patagonia,Plottier,https://www.limaynoticias.com.ar,Neuquén sumó 7 medallas de oro en los Juegos Patagónicos Unificados
2026-06-18,2026-W25,provincial,LIMAY NOTICIAS,Neuquén,Patagonia,Plottier,https://www.limaynoticias.com.ar,Deportivo Rincón le ganó a Sport Club Pacífico en Mendoza
2026-06-18,2026-W25,provincial,LIMAY NOTICIAS,Neuquén,Patagonia,Plottier,https://www.limaynoticias.com.ar,Plottier lanza descuentos por pago anticipado de tasas municipales para 2026
2026-06-18,2026-W25,provincial,LIMAY NOTICIAS,Neuquén,Patagonia,Plottier,https://www.limaynoticias.com.ar,Plottier abre la convocatoria para los “Domingos Culturales 2026”
2026-06-18,2026-W25,provincial,LIMAY NOTICIAS,Neuquén,Patagonia,Plottier,https://www.limaynoticias.com.ar,Se lanza la 50° Regata Internacional de Río Negro
2026-06-18,2026-W25,provincial,EL CORDILLERANO,Río Negro,Patagonia,Bariloche / Rio negro,https://www.elcordillerano.com.ar,"Reforma de la Carta Orgánica: luego de horas de debate, ya hay fecha para las elecciones convencionales constituyentes"
2026-06-18,2026-W25,provincial,EL CORDILLERANO,Río Negro,Patagonia,Bariloche / Rio negro,https://www.elcordillerano.com.ar,"""El jabalí es un animal cómodo y nosotros le facilitamos la comida"": siguen los avistamientos en el este de Bariloche"
2026-06-18,2026-W25,provincial,EL CORDILLERANO,Río Negro,Patagonia,Bariloche / Rio negro,https://www.elcordillerano.com.ar,"Expo Bariloche Smart City, Tecnología y Ambiente: ""Un puente para aplicar la ciencia en el día a día de los vecinos"""
2026-06-18,2026-W25,provincial,EL CORDILLERANO,Río Negro,Patagonia,Bariloche / Rio negro,https://www.elcordillerano.com.ar,Gastronomía de lujo en Bariloche: se desarrolla la ronda clasificatoria para el Torneo Federal de Chefs
2026-06-18,2026-W25,provincial,EL CORDILLERANO,Río Negro,Patagonia,Bariloche / Rio negro,https://www.elcordillerano.com.ar,Llegaron los caños del último tramo del VMOS y se acopiarán en San Antonio Este
2026-06-18,2026-W25,provincial,EL CORDILLERANO,Río Negro,Patagonia,Bariloche / Rio negro,https://www.elcordillerano.com.ar,"Alerta amarilla por lluvias, nevadas y fuertes ráfagas para este viernes y sábado"
2026-06-18,2026-W25,provincial,EL CORDILLERANO,Río Negro,Patagonia,Bariloche / Rio negro,https://www.elcordillerano.com.ar,Le pidieron la renuncia a la intendenta del Parque Nacional Lanín
2026-06-18,2026-W25,provincial,EL CORDILLERANO,Río Negro,Patagonia,Bariloche / Rio negro,https://www.elcordillerano.com.ar,Un fallo judicial autorizó a un adolescente de Bariloche a viajar a Chile para competir en regatas
2026-06-18,2026-W25,provincial,EL CORDILLERANO,Río Negro,Patagonia,Bariloche / Rio negro,https://www.elcordillerano.com.ar,"Comienzan trabajos de bacheo, veredas y mejoras en Pasaje Gutiérrez"
2026-06-18,2026-W25,provincial,EL CORDILLERANO,Río Negro,Patagonia,Bariloche / Rio negro,https://www.elcordillerano.com.ar,"Expo Smart City: “Queremos llevar los servicios a la calidad que el vecino merece”, destacó Pozas"
2026-06-18,2026-W25,provincial,EL CORDILLERANO,Río Negro,Patagonia,Bariloche / Rio negro,https://www.elcordillerano.com.ar,El fiscal Marijuan pidió la indagatoria de Francisco Adorni por presunto enriquecimiento ilícito
2026-06-18,2026-W25,provincial,EL CORDILLERANO,Río Negro,Patagonia,Bariloche / Rio negro,https://www.elcordillerano.com.ar,El desagradable gesto de Zaira Nara en el partido de la Selección Argentina que generó rechazo
2026-06-18,2026-W25,provincial,EL CORDILLERANO,Río Negro,Patagonia,Bariloche / Rio negro,https://www.elcordillerano.com.ar,El intendente de Añelo preocupado por la inmigración a Vaca Muerta: “Les pido a las familias que no vengan”
2026-06-18,2026-W25,provincial,EL CORDILLERANO,Río Negro,Patagonia,Bariloche / Rio negro,https://www.elcordillerano.com.ar,Recordando los primeros viajes de egresados a Bariloche
2026-06-18,2026-W25,provincial,EL CORDILLERANO,Río Negro,Patagonia,Bariloche / Rio negro,https://www.elcordillerano.com.ar,"“Más crisis, más estudiantes vienen”, aseguró el presidente de la Cámara de Turismo de Bariloche"
2026-06-18,2026-W25,provincial,EL CORDILLERANO,Río Negro,Patagonia,Bariloche / Rio negro,https://www.elcordillerano.com.ar,Presidente de la Cámara de Turismo: “Somos un destino que está por arriba de la media a nivel nacional”
2026-06-18,2026-W25,provincial,EL CORDILLERANO,Río Negro,Patagonia,Bariloche / Rio negro,https://www.elcordillerano.com.ar,El Museo de la Patagonia reabrió la Sala Cecilia Girgenti con la muestra “Paisajes”
2026-06-18,2026-W25,provincial,EL CORDILLERANO,Río Negro,Patagonia,Bariloche / Rio negro,https://www.elcordillerano.com.ar,Rocío Oliva atacó a los hijos de Maradona por publicitar apuestas con su IA: “Lucran con eso y…”
2026-06-18,2026-W25,provincial,EL CORDILLERANO,Río Negro,Patagonia,Bariloche / Rio negro,https://www.elcordillerano.com.ar,Robaron dinero de las oficinas de una reconocida carnicería
2026-06-18,2026-W25,provincial,EL CORDILLERANO,Río Negro,Patagonia,Bariloche / Rio negro,https://www.elcordillerano.com.ar,Río Negro y Fundación UOCRA suman más formación para el empleo local
2026-06-18,2026-W25,provincial,EL CORDILLERANO,Río Negro,Patagonia,Bariloche / Rio negro,https://www.elcordillerano.com.ar,La foto sensual con la que Gimena Accardi y Seven Kayne confirmaron su romance
2026-06-18,2026-W25,provincial,EL CORDILLERANO,Río Negro,Patagonia,Bariloche / Rio negro,https://www.elcordillerano.com.ar,Murieron dos automovilistas tras un choque frontal en la Ruta 2
2026-06-18,2026-W25,provincial,EL CORDILLERANO,Río Negro,Patagonia,Bariloche / Rio negro,https://www.elcordillerano.com.ar,Impulsan alternativas al aumento del boleto en Bariloche
2026-06-18,2026-W25,provincial,EL CORDILLERANO,Río Negro,Patagonia,Bariloche / Rio negro,https://www.elcordillerano.com.ar,Habló la mamá de Lionel Messi con Mariana Brey tras los alarmantes rumores sobre la salud de Jorge
2026-06-18,2026-W25,provincial,EL CORDILLERANO,Río Negro,Patagonia,Bariloche / Rio negro,https://www.elcordillerano.com.ar,"Financiamiento, pymes y economía: Banco Patagonia reunió al sector productivo en Choele Choel"
2026-06-18,2026-W25,provincial,EL CORDILLERANO,Río Negro,Patagonia,Bariloche / Rio negro,https://www.elcordillerano.com.ar,Emergencia silenciosa: la paradoja climática que golpea y divide a la Región Sur
2026-06-18,2026-W25,provincial,EL CORDILLERANO,Río Negro,Patagonia,Bariloche / Rio negro,https://www.elcordillerano.com.ar,Peligro bajo nailon: por qué el clima actual amenaza con destruir la producción hortícola regional
2026-06-18,2026-W25,provincial,EL CORDILLERANO,Río Negro,Patagonia,Bariloche / Rio negro,https://www.elcordillerano.com.ar,El Concejo busca definir hoy la fecha de elección para la reforma de la Carta Orgánica
2026-06-18,2026-W25,provincial,EL CORDILLERANO,Río Negro,Patagonia,Bariloche / Rio negro,https://www.elcordillerano.com.ar,Río Negro acompaña ocho nuevos proyectos deportivos con Ley de Patrocinio
2026-06-18,2026-W25,provincial,EL CORDILLERANO,Río Negro,Patagonia,Bariloche / Rio negro,https://www.elcordillerano.com.ar,Chiche Gelblung volvió a ser internado de urgencia: qué problema de salud tuvo ahora
2026-06-18,2026-W25,provincial,EL CORDILLERANO,Río Negro,Patagonia,Bariloche / Rio negro,https://www.elcordillerano.com.ar,Expo Bariloche Smart City: la CEB reúne hoy empresas tecnológicas chinas y referentes internacionales
2026-06-18,2026-W25,provincial,EL CORDILLERANO,Río Negro,Patagonia,Bariloche / Rio negro,https://www.elcordillerano.com.ar,Mundial 2026: partidos que se juegan este jueves 18 de junio
2026-06-18,2026-W25,provincial,EL CORDILLERANO,Río Negro,Patagonia,Bariloche / Rio negro,https://www.elcordillerano.com.ar,Por qué Lionel Messi le escribió a Ángel de Brito antes del debut de Argentina en el Mundial
2026-06-18,2026-W25,provincial,EL CORDILLERANO,Río Negro,Patagonia,Bariloche / Rio negro,https://www.elcordillerano.com.ar,"El clima en Bariloche: rumbo a un fin de semana con fuertes vientos, lluvias y nevadas"
2026-06-18,2026-W25,provincial,EL CORDILLERANO,Río Negro,Patagonia,Bariloche / Rio negro,https://www.elcordillerano.com.ar,“Bariloche podría tener restaurantes con menciones Michelin”
2026-06-18,2026-W25,provincial,EL CORDILLERANO,Río Negro,Patagonia,Bariloche / Rio negro,https://www.elcordillerano.com.ar,La escandalosa reacción de Nicole Neumann al ver el coqueteo en vivo de Juana Viale y Manu Urcera
2026-06-18,2026-W25,provincial,EL CORDILLERANO,Río Negro,Patagonia,Bariloche / Rio negro,https://www.elcordillerano.com.ar,"Desesperado pedido del Voluntariado del Hospital: ""Devuelvan los elementos ortopédicos prestados"""
2026-06-18,2026-W25,provincial,EL CORDILLERANO,Río Negro,Patagonia,Bariloche / Rio negro,https://www.elcordillerano.com.ar,Milei recibió a autoridades del Banco Mundial tras la aprobación de US$ 2.000 millones
2026-06-18,2026-W25,provincial,EL CORDILLERANO,Río Negro,Patagonia,Bariloche / Rio negro,https://www.elcordillerano.com.ar,Wanda Nara posó desnuda para competir con la China Suárez: sus fotos más jugadas
2026-06-18,2026-W25,provincial,EL CORDILLERANO,Río Negro,Patagonia,Bariloche / Rio negro,https://www.elcordillerano.com.ar,Monóxido de carbono en Bariloche: últimas charlas gratuitas y talleres de RCP antes del invierno
2026-06-18,2026-W25,provincial,EL CORDILLERANO,Río Negro,Patagonia,Bariloche / Rio negro,https://www.elcordillerano.com.ar,Estados Unidos e Irán firmaron el acuerdo que pone fin a la guerra en Medio Oriente
2026-06-18,2026-W25,provincial,EL CORDILLERANO,Río Negro,Patagonia,Bariloche / Rio negro,https://www.elcordillerano.com.ar,Dalma Maradona rompió el silencio sobre el duro momento de Lionel Messi: “A la familia…”
2026-06-18,2026-W25,provincial,EL CORDILLERANO,Río Negro,Patagonia,Bariloche / Rio negro,https://www.elcordillerano.com.ar,Lo encontraron dentro de una camioneta ajena y terminó detenido
2026-06-18,2026-W25,provincial,EL CORDILLERANO,Río Negro,Patagonia,Bariloche / Rio negro,https://www.elcordillerano.com.ar,Seguirá preso el único imputado por el crimen de Diego Cid
2026-06-18,2026-W25,provincial,EL CORDILLERANO,Río Negro,Patagonia,Bariloche / Rio negro,https://www.elcordillerano.com.ar,Luis Miguel fue operado de urgencia y hay preocupación por su salud: cómo está ahora
2026-06-18,2026-W25,provincial,EL CORDILLERANO,Río Negro,Patagonia,Bariloche / Rio negro,https://www.elcordillerano.com.ar,El Tren Patagónico abrió la venta de pasajes y vuelve el coche cine en invierno
2026-06-18,2026-W25,provincial,EL CORDILLERANO,Río Negro,Patagonia,Bariloche / Rio negro,https://www.elcordillerano.com.ar,"El frío se siente en Bariloche, pero ¿cuándo va a nevar?"
2026-06-18,2026-W25,provincial,EL CORDILLERANO,Río Negro,Patagonia,Bariloche / Rio negro,https://www.elcordillerano.com.ar,Cuántos millones de dólares rechazó la esposa de Alexis Mac Allister para bajarse del documental de la Selección
2026-06-18,2026-W25,provincial,EL CORDILLERANO,Río Negro,Patagonia,Bariloche / Rio negro,https://www.elcordillerano.com.ar,Weretilneck entregó 146 notebooks para estudiantes rurales
2026-06-18,2026-W25,provincial,EL CORDILLERANO,Río Negro,Patagonia,Bariloche / Rio negro,https://www.elcordillerano.com.ar,Cortés endurece su discurso : propone reducir la cantidad de concejales
2026-06-18,2026-W25,provincial,RÍO NEGRO,Río Negro,Patagonia,General Roca / Rio negro,https://www.rionegro.com.ar,La oposición aliada al oficialismo en Diputados espera al Senado para avanzar en la interpelación a Manuel Adorni
2026-06-18,2026-W25,provincial,RÍO NEGRO,Río Negro,Patagonia,General Roca / Rio negro,https://www.rionegro.com.ar,Dependerá en gran parte de la postura que tome el PRO y la UCR al pedido que impulsó el peronismo.
2026-06-18,2026-W25,provincial,RÍO NEGRO,Río Negro,Patagonia,General Roca / Rio negro,https://www.rionegro.com.ar,El plan del Gobierno para evitar la destitución de Manuel Adorni en el Senado
2026-06-18,2026-W25,provincial,RÍO NEGRO,Río Negro,Patagonia,General Roca / Rio negro,https://www.rionegro.com.ar,Ultimátum a Adorni en el Senado: aliados y opositores buscarán interpelarlo el 2 de julio y están cerca de removerlo
2026-06-18,2026-W25,provincial,RÍO NEGRO,Río Negro,Patagonia,General Roca / Rio negro,https://www.rionegro.com.ar,Bariloche votará el 1 de noviembre para reformar la Carta Orgánica Municipal
2026-06-18,2026-W25,provincial,RÍO NEGRO,Río Negro,Patagonia,General Roca / Rio negro,https://www.rionegro.com.ar,Preocupación por Jorge Messi: el comunicado de la familia que despeja dudas sobre su salud
2026-06-18,2026-W25,provincial,RÍO NEGRO,Río Negro,Patagonia,General Roca / Rio negro,https://www.rionegro.com.ar,Cese de hostilidades y negociación nuclear: los detalles del acuerdo entre Estados Unidos e Irán
2026-06-18,2026-W25,provincial,RÍO NEGRO,Río Negro,Patagonia,General Roca / Rio negro,https://www.rionegro.com.ar,"La Copa Davis, cada vez más cerca de Neuquén: no tiene sedes rivales y hay fecha para cerrar el Ruca Che"
2026-06-18,2026-W25,provincial,RÍO NEGRO,Río Negro,Patagonia,General Roca / Rio negro,https://www.rionegro.com.ar,Día de la Bandera: Victoria Villarruel desafió la exclusión de la Casa Rosada y asistirá al acto de Javier Milei en Rosario
2026-06-18,2026-W25,provincial,RÍO NEGRO,Río Negro,Patagonia,General Roca / Rio negro,https://www.rionegro.com.ar,Nuevo sorteo de Diario RÍO NEGRO: llegan dos Toyota Yaris 0KM para el Día de la Madre
2026-06-18,2026-W25,provincial,RÍO NEGRO,Río Negro,Patagonia,General Roca / Rio negro,https://www.rionegro.com.ar,"República Checa lo ganaba, se relajó y Sudáfrica lo empató sobre el final: así quedó el grupo A del Mundial 2026"
2026-06-18,2026-W25,provincial,RÍO NEGRO,Río Negro,Patagonia,General Roca / Rio negro,https://www.rionegro.com.ar,Qué cambios hizo Mercado Pago en el prode del Mundial 2026 tras la polémica con Loterías Argentinas
2026-06-18,2026-W25,provincial,RÍO NEGRO,Río Negro,Patagonia,General Roca / Rio negro,https://www.rionegro.com.ar,La pausa de hidratación en el Mundial 2026: una polémica que genera un cambio de paradigma
2026-06-18,2026-W25,provincial,RÍO NEGRO,Río Negro,Patagonia,General Roca / Rio negro,https://www.rionegro.com.ar,Problemas para Senegal: Elye Wahi no recibió permiso migratorio para ingresar a Canadá
2026-06-18,2026-W25,provincial,RÍO NEGRO,Río Negro,Patagonia,General Roca / Rio negro,https://www.rionegro.com.ar,Confirmado: Neymar es baja en Brasil para el partido ante Haití por el Mundial 2026
2026-06-18,2026-W25,provincial,RÍO NEGRO,Río Negro,Patagonia,General Roca / Rio negro,https://www.rionegro.com.ar,La prensa fulminó a Portugal y a Cristiano Ronaldo tras el debut en el Mundial: «Así no se puede»
2026-06-18,2026-W25,provincial,RÍO NEGRO,Río Negro,Patagonia,General Roca / Rio negro,https://www.rionegro.com.ar,El neuquino Darío Herrera tendrá su debut mundialista en la segunda fecha de la Copa del Mundo
2026-06-18,2026-W25,provincial,RÍO NEGRO,Río Negro,Patagonia,General Roca / Rio negro,https://www.rionegro.com.ar,Mapa | Dónde va a estar el Neuquén Arena: el punto sobre la Autovía Norte que adelantó Rolando Figueroa
2026-06-18,2026-W25,provincial,RÍO NEGRO,Río Negro,Patagonia,General Roca / Rio negro,https://www.rionegro.com.ar,Nico Occhiato pidió disculpas tras el error de Flor Peña sobre Jorge Messi: qué dijo al aire
2026-06-18,2026-W25,provincial,RÍO NEGRO,Río Negro,Patagonia,General Roca / Rio negro,https://www.rionegro.com.ar,¡No te la podes perder! A qué hora empieza la venta de chivos y corderos de Neuquén en el Mercado Concentrador
2026-06-18,2026-W25,provincial,RÍO NEGRO,Río Negro,Patagonia,General Roca / Rio negro,https://www.rionegro.com.ar,Mirá como está la avenida Mosconi
2026-06-18,2026-W25,provincial,RÍO NEGRO,Río Negro,Patagonia,General Roca / Rio negro,https://www.rionegro.com.ar,Tarjeta SUBE: dónde comprarla para asociar el CUD en junio 2026 y cómo tramitar el envío a domicilio
2026-06-18,2026-W25,provincial,RÍO NEGRO,Río Negro,Patagonia,General Roca / Rio negro,https://www.rionegro.com.ar,"Rolando Figueroa y el GNL: «Hay que adecuarse para poder ser exitoso», dijo en Cutral Co"
2026-06-18,2026-W25,provincial,RÍO NEGRO,Río Negro,Patagonia,General Roca / Rio negro,https://www.rionegro.com.ar,Tiro: Alejandro Villani se subió al podio en el torneo nacional disputado en San Rafael
2026-06-18,2026-W25,provincial,RÍO NEGRO,Río Negro,Patagonia,General Roca / Rio negro,https://www.rionegro.com.ar,Inauguraron la obra pluvial del barrio de Neuquén que se inundaba por un mal cálculo de ingeniería
2026-06-18,2026-W25,provincial,RÍO NEGRO,Río Negro,Patagonia,General Roca / Rio negro,https://www.rionegro.com.ar,Bariloche impulsa el desembarco de la tecnología china con la primera Expo Smart City
2026-06-18,2026-W25,provincial,RÍO NEGRO,Río Negro,Patagonia,General Roca / Rio negro,https://www.rionegro.com.ar,"La increíble mansión que Lionel Messi prepara para su retiro en Rosario: cochera para 15 autos, cine privado y máxima privacidad"
2026-06-18,2026-W25,provincial,RÍO NEGRO,Río Negro,Patagonia,General Roca / Rio negro,https://www.rionegro.com.ar,Murieron dos personas en un choque sobre la Ruta 2 de Río Negro: un sobreviviente fue derivado a San Antonio Oeste
2026-06-18,2026-W25,provincial,RÍO NEGRO,Río Negro,Patagonia,General Roca / Rio negro,https://www.rionegro.com.ar,Vaca Muerta crece en Río Negro: TanGo comenzó los trabajos para sus primeros pozos no convencionales
2026-06-18,2026-W25,provincial,RÍO NEGRO,Río Negro,Patagonia,General Roca / Rio negro,https://www.rionegro.com.ar,"Ingresos bajo la lupa: ARCA intimó a Matías Tabar, el contratista que reformó la casa country de Manuel Adorni"
2026-06-18,2026-W25,provincial,RÍO NEGRO,Río Negro,Patagonia,General Roca / Rio negro,https://www.rionegro.com.ar,"Formularon cargos contra el intendente de Allen, Marcelo Román, y se encamina al juicio"
2026-06-18,2026-W25,provincial,RÍO NEGRO,Río Negro,Patagonia,General Roca / Rio negro,https://www.rionegro.com.ar,"Estrés y defensas bajas: las variables que aumentan el riesgo de sufrir herpes zóster, como le pasó a Lionel Scaloni"
2026-06-18,2026-W25,provincial,RÍO NEGRO,Río Negro,Patagonia,General Roca / Rio negro,https://www.rionegro.com.ar,Jueves 18/06/26
2026-06-18,2026-W25,provincial,RÍO NEGRO,Río Negro,Patagonia,General Roca / Rio negro,https://www.rionegro.com.ar,El premio de Diario RÍO NEGRO y Decker Camiones ya tiene ganadora
2026-06-18,2026-W25,provincial,RÍO NEGRO,Río Negro,Patagonia,General Roca / Rio negro,https://www.rionegro.com.ar,Más sorteos de Diario RÍO NEGRO: llegan dos motos eléctricas 0KM para el Día del Amigo
2026-06-18,2026-W25,provincial,RÍO NEGRO,Río Negro,Patagonia,General Roca / Rio negro,https://www.rionegro.com.ar,"Más sorteos de Diario RÍO NEGRO: un horno pizzero, un fogonero móvil y un horno ahumador para el Día del Amigo"
2026-06-18,2026-W25,provincial,RÍO NEGRO,Río Negro,Patagonia,General Roca / Rio negro,https://www.rionegro.com.ar,¡Atención! Nuevo sorteo de Diario RÍO NEGRO: llegan dos Toyota Yaris 0KM para el Día de la Madre
2026-06-18,2026-W25,provincial,RÍO NEGRO,Río Negro,Patagonia,General Roca / Rio negro,https://www.rionegro.com.ar,La opinión del Mono Navarro Montoya sobre el debut de Argentina en el Mundial: «Todo comienza y termina con Messi»
2026-06-18,2026-W25,provincial,RÍO NEGRO,Río Negro,Patagonia,General Roca / Rio negro,https://www.rionegro.com.ar,"El extraordinario ex arquero de Boca, enviado especial para Río Negro en el Mundial 2026, explica cómo es que Lionel Messi, a casi 39 años, sigue siendo capaz de cambiar el destino de cualquier partido."
2026-06-18,2026-W25,provincial,RÍO NEGRO,Río Negro,Patagonia,General Roca / Rio negro,https://www.rionegro.com.ar,Farmatips ¿Se pueden tomar medicamentos con café? Los riesgos ocultos detrás del hábito más común de las mañanas
2026-06-18,2026-W25,provincial,RÍO NEGRO,Río Negro,Patagonia,General Roca / Rio negro,https://www.rionegro.com.ar,"Todo hombre, si se lo propone, puede ser escultor de su propio cerebro"
2026-06-18,2026-W25,provincial,RÍO NEGRO,Río Negro,Patagonia,General Roca / Rio negro,https://www.rionegro.com.ar,La principal plaza inmobiliaria de la Patagonia se transforma: una obra de 70.000 m² llega al oeste de Neuquén capital
2026-06-18,2026-W25,provincial,RÍO NEGRO,Río Negro,Patagonia,General Roca / Rio negro,https://www.rionegro.com.ar,Kimi Antonelli/Ferrari: el dilema de una Italia sin Mundial
2026-06-18,2026-W25,provincial,RÍO NEGRO,Río Negro,Patagonia,General Roca / Rio negro,https://www.rionegro.com.ar,De la Patagonia al mundo: el paleontólogo que viajará a Sudáfrica para exponer sobre dinosaurios exóticos
2026-06-18,2026-W25,provincial,RÍO NEGRO,Río Negro,Patagonia,General Roca / Rio negro,https://www.rionegro.com.ar,«Parecía un sueño»: nunca imaginaron lo que podían hacer en 1.000 hectáreas de desierto en la Patagonia
2026-06-18,2026-W25,provincial,RÍO NEGRO,Río Negro,Patagonia,General Roca / Rio negro,https://www.rionegro.com.ar,Licencias de conducir: oficializan un nuevo sistema para identificar las infracciones de tránsito
2026-06-18,2026-W25,provincial,RÍO NEGRO,Río Negro,Patagonia,General Roca / Rio negro,https://www.rionegro.com.ar,Microbasurales en Neuquén: multas millonarias para frenar una práctica histórica
2026-06-18,2026-W25,provincial,RÍO NEGRO,Río Negro,Patagonia,General Roca / Rio negro,https://www.rionegro.com.ar,Entraderas en el Alto Valle: sumaron cargos a uno de los acusados de integrar una asociación ilícita
2026-06-18,2026-W25,provincial,RÍO NEGRO,Río Negro,Patagonia,General Roca / Rio negro,https://www.rionegro.com.ar,Gran operativo para hallar a un hombre desaparecido en Roca: fue visto por última vez entre la Ruta 65 y el puente de la Ruta 6
2026-06-18,2026-W25,provincial,RÍO NEGRO,Río Negro,Patagonia,General Roca / Rio negro,https://www.rionegro.com.ar,Grave choque entre dos camionetas sobre la Ruta 6 en Roca: ¿qué se sabe de los heridos?
2026-06-18,2026-W25,provincial,NOTICIASNET,Río Negro,Patagonia,Viedma / Rio negro,https://www.noticiasnet.com.ar,Condenaron a un chofer y al dueño de un camión por destruir una camioneta oficial
2026-06-18,2026-W25,provincial,NOTICIASNET,Río Negro,Patagonia,Viedma / Rio negro,https://www.noticiasnet.com.ar,Embistió un vehículo y sufrió las peores consecuencias
2026-06-18,2026-W25,provincial,NOTICIASNET,Río Negro,Patagonia,Viedma / Rio negro,https://www.noticiasnet.com.ar,Apelaron la condena contra un pai umbanda que estafó a una pareja
2026-06-18,2026-W25,provincial,NOTICIASNET,Río Negro,Patagonia,Viedma / Rio negro,https://www.noticiasnet.com.ar,Muerte en la Ruta 2: se conocieron más detalles del hecho
2026-06-18,2026-W25,provincial,NOTICIASNET,Río Negro,Patagonia,Viedma / Rio negro,https://www.noticiasnet.com.ar,Llegaron los caños del último tramo del VMOS y se acopiarán en San Antonio Este
2026-06-18,2026-W25,provincial,NOTICIASNET,Río Negro,Patagonia,Viedma / Rio negro,https://www.noticiasnet.com.ar,¿Cómo quedará el nuevo acceso al aeropuerto de Viedma?
2026-06-18,2026-W25,provincial,NOTICIASNET,Río Negro,Patagonia,Viedma / Rio negro,https://www.noticiasnet.com.ar,Encontraron a un conductor alcoholizado y tendrá que pagar millonaria multa
2026-06-18,2026-W25,provincial,NOTICIASNET,Río Negro,Patagonia,Viedma / Rio negro,https://www.noticiasnet.com.ar,Cayó en el piso y le pegó varias patadas con intenciones de matarlo: cuál fue la sentencia de la Justicia
2026-06-18,2026-W25,provincial,NOTICIASNET,Río Negro,Patagonia,Viedma / Rio negro,https://www.noticiasnet.com.ar,La Liga Barrial suspendió la fecha y analizará sanciones tras los incidentes en San Javier - Lavalle
2026-06-18,2026-W25,provincial,NOTICIASNET,Río Negro,Patagonia,Viedma / Rio negro,https://www.noticiasnet.com.ar,El intendente de Añelo preocupado por la inmigración a Vaca Muerta: “Les pido a las familias que no vengan”
2026-06-18,2026-W25,provincial,NOTICIASNET,Río Negro,Patagonia,Viedma / Rio negro,https://www.noticiasnet.com.ar,El fiscal Marijuan pidió la indagatoria de Francisco Adorni por presunto enriquecimiento ilícito
2026-06-18,2026-W25,provincial,NOTICIASNET,Río Negro,Patagonia,Viedma / Rio negro,https://www.noticiasnet.com.ar,Inédito fallo: una empleada judicial en estado desesperante pidió la quiebra
2026-06-18,2026-W25,provincial,NOTICIASNET,Río Negro,Patagonia,Viedma / Rio negro,https://www.noticiasnet.com.ar,Sol de Mayo ya tiene autoridades confirmadas para su visita a Guillermo Brown de Madryn
2026-06-18,2026-W25,provincial,NOTICIASNET,Río Negro,Patagonia,Viedma / Rio negro,https://www.noticiasnet.com.ar,Murieron dos automovilistas tras un choque frontal en la Ruta 2
2026-06-18,2026-W25,provincial,NOTICIASNET,Río Negro,Patagonia,Viedma / Rio negro,https://www.noticiasnet.com.ar,Deportivo Patagones se prepara para el domingo: “Tenemos confianza en el trabajo que venimos haciendo”
2026-06-18,2026-W25,provincial,NOTICIASNET,Río Negro,Patagonia,Viedma / Rio negro,https://www.noticiasnet.com.ar,Final feliz: apareció la mujer que era intensamente buscada
2026-06-18,2026-W25,provincial,NOTICIASNET,Río Negro,Patagonia,Viedma / Rio negro,https://www.noticiasnet.com.ar,"Cuestionan por ""inacción"" a un fiscal de Río Negro y lo denuncian ante el Consejo de la Magistratura"
2026-06-18,2026-W25,provincial,NOTICIASNET,Río Negro,Patagonia,Viedma / Rio negro,https://www.noticiasnet.com.ar,Río Negro y Fundación UOCRA suman más formación para el empleo local
2026-06-18,2026-W25,provincial,NOTICIASNET,Río Negro,Patagonia,Viedma / Rio negro,https://www.noticiasnet.com.ar,Avanza el proyecto para crear una Guardia Urbana Ambiental en Viedma
2026-06-18,2026-W25,provincial,NOTICIASNET,Río Negro,Patagonia,Viedma / Rio negro,https://www.noticiasnet.com.ar,Los avellanos se hacen notar en el Valle Inferior del río Negro
2026-06-18,2026-W25,provincial,NOTICIASNET,Río Negro,Patagonia,Viedma / Rio negro,https://www.noticiasnet.com.ar,"Financiamiento, pymes y economía: Banco Patagonia reunió al sector productivo en Choele Choel"
2026-06-18,2026-W25,provincial,NOTICIASNET,Río Negro,Patagonia,Viedma / Rio negro,https://www.noticiasnet.com.ar,Emergencia silenciosa: la paradoja climática que golpea y divide a la Región Sur
2026-06-18,2026-W25,provincial,NOTICIASNET,Río Negro,Patagonia,Viedma / Rio negro,https://www.noticiasnet.com.ar,Peligro bajo nailon: por qué el clima actual amenaza con destruir la producción hortícola regional
2026-06-18,2026-W25,provincial,NOTICIASNET,Río Negro,Patagonia,Viedma / Rio negro,https://www.noticiasnet.com.ar,Carlos Rosas se consagró campeón en Neuquén y logró su mejor marca personal
2026-06-18,2026-W25,provincial,NOTICIASNET,Río Negro,Patagonia,Viedma / Rio negro,https://www.noticiasnet.com.ar,Con multas millonarias buscarán hacerle la guerra a los “taxis truchos”
2026-06-18,2026-W25,provincial,NOTICIASNET,Río Negro,Patagonia,Viedma / Rio negro,https://www.noticiasnet.com.ar,Secuestraron una combi mientras transportaba obreros rurales
2026-06-18,2026-W25,provincial,NOTICIASNET,Río Negro,Patagonia,Viedma / Rio negro,https://www.noticiasnet.com.ar,Río Negro acompaña ocho nuevos proyectos deportivos con Ley de Patrocinio
2026-06-18,2026-W25,provincial,NOTICIASNET,Río Negro,Patagonia,Viedma / Rio negro,https://www.noticiasnet.com.ar,Mundial 2026: partidos que se juegan este jueves 18 de junio
2026-06-18,2026-W25,provincial,NOTICIASNET,Río Negro,Patagonia,Viedma / Rio negro,https://www.noticiasnet.com.ar,Sufría una crisis y policías salvaron su vida en el puente Villarino entre Viedma y Patagones
2026-06-18,2026-W25,provincial,NOTICIASNET,Río Negro,Patagonia,Viedma / Rio negro,https://www.noticiasnet.com.ar,Cómo sigue el clima en Viedma y la región este jueves
2026-06-18,2026-W25,provincial,NOTICIASNET,Río Negro,Patagonia,Viedma / Rio negro,https://www.noticiasnet.com.ar,Alivio con pinzas: ¿qué está pasando con los precios en la región según las últimas mediciones?
2026-06-18,2026-W25,provincial,NOTICIASNET,Río Negro,Patagonia,Viedma / Rio negro,https://www.noticiasnet.com.ar,"El ""ojo"" policial en las fronteras: cómo funciona el software que escanea vehículos en movimiento en Río Negro"
2026-06-18,2026-W25,provincial,NOTICIASNET,Río Negro,Patagonia,Viedma / Rio negro,https://www.noticiasnet.com.ar,Nuevo aumento del estacionamiento medido en Viedma: cuánto costará y cuándo empieza
2026-06-18,2026-W25,provincial,NOTICIASNET,Río Negro,Patagonia,Viedma / Rio negro,https://www.noticiasnet.com.ar,Milei recibió a autoridades del Banco Mundial tras la aprobación de US$ 2.000 millones
2026-06-18,2026-W25,provincial,NOTICIASNET,Río Negro,Patagonia,Viedma / Rio negro,https://www.noticiasnet.com.ar,Estados Unidos e Irán firmaron el acuerdo que pone fin a la guerra en Medio Oriente
2026-06-18,2026-W25,provincial,NOTICIASNET,Río Negro,Patagonia,Viedma / Rio negro,https://www.noticiasnet.com.ar,"Tras el anuncio de Weretilneck, ¿cuándo podría comenzar la obra del camino al aeropuerto?"
2026-06-18,2026-W25,provincial,NOTICIASNET,Río Negro,Patagonia,Viedma / Rio negro,https://www.noticiasnet.com.ar,Buscan a una mujer: su familia perdió contacto desde hace más de una semana
2026-06-18,2026-W25,provincial,NOTICIASNET,Río Negro,Patagonia,Viedma / Rio negro,https://www.noticiasnet.com.ar,Proponen que un espacio clave de Viedma lleve el nombre de Gladys Castaños
2026-06-18,2026-W25,provincial,NOTICIASNET,Río Negro,Patagonia,Viedma / Rio negro,https://www.noticiasnet.com.ar,"La muerte de una niña reavivó el debate sobre la tenencia responsable: “En ninguna situación es culpa del animal"""
2026-06-18,2026-W25,provincial,NOTICIASNET,Río Negro,Patagonia,Viedma / Rio negro,https://www.noticiasnet.com.ar,Diseñar el futuro verde de Viedma: abre la inscripción para una carrera clave con rápida salida laboral
2026-06-18,2026-W25,provincial,NOTICIASNET,Río Negro,Patagonia,Viedma / Rio negro,https://www.noticiasnet.com.ar,Los 36 hospitales de Río Negro definen acciones para mejorar la atención
2026-06-18,2026-W25,provincial,NOTICIASNET,Río Negro,Patagonia,Viedma / Rio negro,https://www.noticiasnet.com.ar,"Caso $LIBRA: la defensa de Novelli negó estafa, defendió el tuit de Milei y pidió apartar querellantes"
2026-06-18,2026-W25,provincial,NOTICIASNET,Río Negro,Patagonia,Viedma / Rio negro,https://www.noticiasnet.com.ar,Weretilneck entregó 146 notebooks para estudiantes rurales
2026-06-18,2026-W25,provincial,NOTICIASNET,Río Negro,Patagonia,Viedma / Rio negro,https://www.noticiasnet.com.ar,"La inflación mayorista se moderó al 2,5% en mayo"
2026-06-18,2026-W25,provincial,NOTICIASNET,Río Negro,Patagonia,Viedma / Rio negro,https://www.noticiasnet.com.ar,Imputaron a un joven acusado de golpear y patear a un hombre en plena calle
2026-06-18,2026-W25,provincial,NOTICIASNET,Río Negro,Patagonia,Viedma / Rio negro,https://www.noticiasnet.com.ar,Estos signos se volverán irresistibles con la entrada de venus en leo
2026-06-18,2026-W25,provincial,NOTICIASNET,Río Negro,Patagonia,Viedma / Rio negro,https://www.noticiasnet.com.ar,Dejó de funcionar un semáforo y muchos pasan sin aminorar la marcha
2026-06-18,2026-W25,provincial,NOTICIASNET,Río Negro,Patagonia,Viedma / Rio negro,https://www.noticiasnet.com.ar,Quini 6: 47 ganadores se llevaron más de $7 millones
2026-06-18,2026-W25,provincial,NOTICIASNET,Río Negro,Patagonia,Viedma / Rio negro,https://www.noticiasnet.com.ar,El DT de Austria elogió a la Selección argentina antes del partido por el Mundial: qué dijo
2026-06-18,2026-W25,provincial,NOTICIASNET,Río Negro,Patagonia,Viedma / Rio negro,https://www.noticiasnet.com.ar,Jubilaciones y asignaciones de Anses: quiénes cobran el jueves 18
2026-06-18,2026-W25,provincial,LA OPINIÓN AUSTRAL,Santa Cruz,Patagonia,Santa Cruz,https://www.laopinionaustral.com.ar,Conflicto Policial: el Gobierno de Santa Cruz presentó nueve propuestas salariales y ratificó que continuará con el diálogo
2026-06-18,2026-W25,provincial,LA OPINIÓN AUSTRAL,Santa Cruz,Patagonia,Santa Cruz,https://www.laopinionaustral.com.ar,"La familia Messi dio detalles sobre la salud de Jorge Messi y cuestionó las versiones falsas: “Pedimos responsabilidad, prudencia y humanidad”"
2026-06-18,2026-W25,provincial,LA OPINIÓN AUSTRAL,Santa Cruz,Patagonia,Santa Cruz,https://www.laopinionaustral.com.ar,Corte de agua en Caleta Olivia: interrumpirán el suministro durante 18 horas por reparaciones en el acueducto
2026-06-18,2026-W25,provincial,LA OPINIÓN AUSTRAL,Santa Cruz,Patagonia,Santa Cruz,https://www.laopinionaustral.com.ar,Detuvieron en Puerto San Julián a un hombre buscado por la Justicia Federal en una causa por drogas
2026-06-18,2026-W25,provincial,LA OPINIÓN AUSTRAL,Santa Cruz,Patagonia,Santa Cruz,https://www.laopinionaustral.com.ar,Reik regresa a la Argentina: ¿Cuándo y cómo comprar las entradas?
2026-06-18,2026-W25,provincial,LA OPINIÓN AUSTRAL,Santa Cruz,Patagonia,Santa Cruz,https://www.laopinionaustral.com.ar,"El Gobierno de Santa Cruz ofreció el 16,8% de aumento a los docentes pero dijo que trabajará para “fortalecer” la propuesta"
2026-06-18,2026-W25,provincial,LA OPINIÓN AUSTRAL,Santa Cruz,Patagonia,Santa Cruz,https://www.laopinionaustral.com.ar,Jubilados y pensionados de Santa Cruz tendrán descuentos en frutas y verduras en el Mercado Concentrador
2026-06-18,2026-W25,provincial,LA OPINIÓN AUSTRAL,Santa Cruz,Patagonia,Santa Cruz,https://www.laopinionaustral.com.ar,Othar supervisó el inicio del plan de obras eléctricas en el Camino Roque González
2026-06-18,2026-W25,provincial,LA OPINIÓN AUSTRAL,Santa Cruz,Patagonia,Santa Cruz,https://www.laopinionaustral.com.ar,Caso Ángel: la Justicia define pasos clave tras la auditoría por la tenencia del niño
2026-06-18,2026-W25,provincial,LA OPINIÓN AUSTRAL,Santa Cruz,Patagonia,Santa Cruz,https://www.laopinionaustral.com.ar,"Pollo al curry: la receta gourmet más fácil y rápida, en pocos pasos"
2026-06-18,2026-W25,provincial,LA OPINIÓN AUSTRAL,Santa Cruz,Patagonia,Santa Cruz,https://www.laopinionaustral.com.ar,Últimas noticias
2026-06-18,2026-W25,provincial,LA OPINIÓN AUSTRAL,Santa Cruz,Patagonia,Santa Cruz,https://www.laopinionaustral.com.ar,Política y Economía
2026-06-18,2026-W25,provincial,LA OPINIÓN AUSTRAL,Santa Cruz,Patagonia,Santa Cruz,https://www.laopinionaustral.com.ar,"Paritaria de Salud: el Gobierno Provincial presentó una propuesta salarial del 16,8%"
2026-06-18,2026-W25,provincial,LA OPINIÓN AUSTRAL,Santa Cruz,Patagonia,Santa Cruz,https://www.laopinionaustral.com.ar,Diputados avanzó con el dictamen del “Súper RIGI” para atraer inversiones tecnológicas y de inteligencia artificial
2026-06-18,2026-W25,provincial,LA OPINIÓN AUSTRAL,Santa Cruz,Patagonia,Santa Cruz,https://www.laopinionaustral.com.ar,"Finales Liga Nacional de Básquet: Gimnasia cayó otra vez ante Quimsa, la serie se puso 3-2 y vuelve a Comodoro este sábado"
2026-06-18,2026-W25,provincial,LA OPINIÓN AUSTRAL,Santa Cruz,Patagonia,Santa Cruz,https://www.laopinionaustral.com.ar,"Llega la 3ra edición de la Argentina Energy Week: la década energética del país convoca a los operadores, al capital y a las provincias"
2026-06-18,2026-W25,provincial,LA OPINIÓN AUSTRAL,Santa Cruz,Patagonia,Santa Cruz,https://www.laopinionaustral.com.ar,"El oficialismo logró postergar una semana la sesión, pero avanza la interpelación de Manuel Adorni en el Senado"
2026-06-18,2026-W25,provincial,LA OPINIÓN AUSTRAL,Santa Cruz,Patagonia,Santa Cruz,https://www.laopinionaustral.com.ar,WIM Argentina celebra el “mes de la mujer en la minería” con hitos en participación y una agenda federal de acción
2026-06-18,2026-W25,provincial,LA OPINIÓN AUSTRAL,Santa Cruz,Patagonia,Santa Cruz,https://www.laopinionaustral.com.ar,Zafra 2025/2026: las exportaciones de lana argentina aumentaron 57%
2026-06-18,2026-W25,provincial,LA OPINIÓN AUSTRAL,Santa Cruz,Patagonia,Santa Cruz,https://www.laopinionaustral.com.ar,El precio del petróleo perforó la barrera de los USD 80 ante la inminencia de un acuerdo entre EE.UU. e Irán
2026-06-18,2026-W25,provincial,LA OPINIÓN AUSTRAL,Santa Cruz,Patagonia,Santa Cruz,https://www.laopinionaustral.com.ar,Servicios Públicos informó cuáles son los barrios afectados que tiene problemas con el suministro de agua
2026-06-18,2026-W25,provincial,LA OPINIÓN AUSTRAL,Santa Cruz,Patagonia,Santa Cruz,https://www.laopinionaustral.com.ar,Cristina Kirchner podría perder el arresto domiciliario e ir a la cárcel por colocar una bandera argentina en su balcón
2026-06-18,2026-W25,provincial,LA OPINIÓN AUSTRAL,Santa Cruz,Patagonia,Santa Cruz,https://www.laopinionaustral.com.ar,Claudio Vidal destacó la compra centralizada de medicamentos y aseguró el abastecimiento en toda Santa Cruz
2026-06-18,2026-W25,provincial,LA OPINIÓN AUSTRAL,Santa Cruz,Patagonia,Santa Cruz,https://www.laopinionaustral.com.ar,Causa Cuadernos: un expiloto declaró que Daniel Muñoz viajaba solo a Santa Cruz y con valijas
2026-06-18,2026-W25,provincial,LA OPINIÓN AUSTRAL,Santa Cruz,Patagonia,Santa Cruz,https://www.laopinionaustral.com.ar,"Con apenas 5 años, Ciro López ya fue fichado por Argentinos Juniors"
2026-06-18,2026-W25,provincial,LA OPINIÓN AUSTRAL,Santa Cruz,Patagonia,Santa Cruz,https://www.laopinionaustral.com.ar,“No me cierran las cuentas”: Fasola cuestionó la explicación de Adorni sobre sus criptomonedas
2026-06-18,2026-W25,provincial,LA OPINIÓN AUSTRAL,Santa Cruz,Patagonia,Santa Cruz,https://www.laopinionaustral.com.ar,Elena la pastelera argentina que convirtió su pastafrola en la cábala de la Scaloneta
2026-06-18,2026-W25,provincial,LA OPINIÓN AUSTRAL,Santa Cruz,Patagonia,Santa Cruz,https://www.laopinionaustral.com.ar,Fuera del Aire – Nos ponemos al día
2026-06-18,2026-W25,provincial,LA OPINIÓN AUSTRAL,Santa Cruz,Patagonia,Santa Cruz,https://www.laopinionaustral.com.ar,Nazareno Infante: el trasplante le dio una segunda oportunidad y hoy es doble campeón nacional
2026-06-18,2026-W25,provincial,LA OPINIÓN AUSTRAL,Santa Cruz,Patagonia,Santa Cruz,https://www.laopinionaustral.com.ar,choque fatal en circunvalación: un auto impactó contra un caballo suelto en Río Gallegos
2026-06-18,2026-W25,provincial,LA OPINIÓN AUSTRAL,Santa Cruz,Patagonia,Santa Cruz,https://www.laopinionaustral.com.ar,Jauría de perros genera tensión y reclamos urgentes en el barrio Virgen del Valle
2026-06-18,2026-W25,provincial,LA OPINIÓN AUSTRAL,Santa Cruz,Patagonia,Santa Cruz,https://www.laopinionaustral.com.ar,Río Gallegos festejó el Hat-Trick de Lionel Messi en el centro de la ciudad
2026-06-18,2026-W25,provincial,LA OPINIÓN AUSTRAL,Santa Cruz,Patagonia,Santa Cruz,https://www.laopinionaustral.com.ar,"El Turco García confirmó su separación de Mariela Prieto, actual participante de Gran Hermano: “La desconoce”"
2026-06-18,2026-W25,provincial,LA OPINIÓN AUSTRAL,Santa Cruz,Patagonia,Santa Cruz,https://www.laopinionaustral.com.ar,MODO MUNDIAL –SORTEO ARGENTINA – ARGELIA
2026-06-18,2026-W25,provincial,LA OPINIÓN AUSTRAL,Santa Cruz,Patagonia,Santa Cruz,https://www.laopinionaustral.com.ar,Andrea del Boca se volvió a caer en Gran Hermano: “Yo bailo igual”
2026-06-18,2026-W25,provincial,LA OPINIÓN AUSTRAL,Santa Cruz,Patagonia,Santa Cruz,https://www.laopinionaustral.com.ar,Falleció Taty Almeida: el legado de una referente histórica de los derechos humanos
2026-06-18,2026-W25,provincial,LA OPINIÓN AUSTRAL,Santa Cruz,Patagonia,Santa Cruz,https://www.laopinionaustral.com.ar,Conmoción en Caleta Olivia: hallaron muerto a un hombre en su domicilio
2026-06-18,2026-W25,provincial,LA OPINIÓN AUSTRAL,Santa Cruz,Patagonia,Santa Cruz,https://www.laopinionaustral.com.ar,Caleta Olivia se vistió de celeste y blanco tras el triunfo de Argentina en el Mundial 2026
2026-06-18,2026-W25,provincial,LA OPINIÓN AUSTRAL,Santa Cruz,Patagonia,Santa Cruz,https://www.laopinionaustral.com.ar,Puerto Deseado suma actividad y espera el arribo de nuevos buques en los próximos días
2026-06-18,2026-W25,provincial,LA OPINIÓN AUSTRAL,Santa Cruz,Patagonia,Santa Cruz,https://www.laopinionaustral.com.ar,Lo detuvieron tras atacar con un destornillador a su expareja y al novio de ella mientras dormían en Pico Truncado
2026-06-18,2026-W25,provincial,LA OPINIÓN AUSTRAL,Santa Cruz,Patagonia,Santa Cruz,https://www.laopinionaustral.com.ar,"Iba en por una ruta de Santa Cruz con 2,28 de alcohol en sangre, sin carné ni seguro cruzándose de carril: “No fue tragedia de milagro”"
2026-06-18,2026-W25,provincial,LA OPINIÓN AUSTRAL,Santa Cruz,Patagonia,Santa Cruz,https://www.laopinionaustral.com.ar,"Después de 20 años, Caleta Olivia vuelve a tener una sede Pre Cosquín: “Nos llena de orgullo”"
2026-06-18,2026-W25,provincial,LA OPINIÓN AUSTRAL,Santa Cruz,Patagonia,Santa Cruz,https://www.laopinionaustral.com.ar,Fueron por una causa de amenazas y encontraron un invernadero de marihuana
2026-06-18,2026-W25,provincial,LA OPINIÓN AUSTRAL,Santa Cruz,Patagonia,Santa Cruz,https://www.laopinionaustral.com.ar,Perito Moreno: bomberos rescataron a un hombre descompensado en el techo de una vivienda
2026-06-18,2026-W25,provincial,LA OPINIÓN AUSTRAL,Santa Cruz,Patagonia,Santa Cruz,https://www.laopinionaustral.com.ar,Caleta Olivia: SPSE informó fallas en una línea de alta tensión
2026-06-18,2026-W25,provincial,LA OPINIÓN AUSTRAL,Santa Cruz,Patagonia,Santa Cruz,https://www.laopinionaustral.com.ar,Caleta Olivia vuelve a tener sede del Pre Cosquín tras 20 años y renueva la ilusión del folklore local
2026-06-18,2026-W25,provincial,LA OPINIÓN AUSTRAL,Santa Cruz,Patagonia,Santa Cruz,https://www.laopinionaustral.com.ar,Reforma Laboral y Ley de Glaciares: qué busca la minería argentina antes del nuevo evento de PDAC
2026-06-18,2026-W25,provincial,LA OPINIÓN AUSTRAL,Santa Cruz,Patagonia,Santa Cruz,https://www.laopinionaustral.com.ar,¿Patagonia “maicera”?: ensayos buscan encontrar el híbrido que mejor se adapte
2026-06-18,2026-W25,provincial,LA OPINIÓN AUSTRAL,Santa Cruz,Patagonia,Santa Cruz,https://www.laopinionaustral.com.ar,Argentina fortalece su competitividad y afronta los desafíos mineros de 2026
2026-06-18,2026-W25,provincial,LA OPINIÓN AUSTRAL,Santa Cruz,Patagonia,Santa Cruz,https://www.laopinionaustral.com.ar,Ley de Glaciares: el Gobierno reabre el debate con inversiones condicionadas
2026-06-18,2026-W25,provincial,NUEVO DÍA,Santa Cruz,Patagonia,Santa Cruz,https://www.eldiarionuevodia.com.ar,"Escuchá ""Siempre llegué tarde"""
2026-06-18,2026-W25,provincial,NUEVO DÍA,Santa Cruz,Patagonia,Santa Cruz,https://www.eldiarionuevodia.com.ar,Nueva marcha del Frente Sindical de Santa Cruz: cuándo será y los motivos
2026-06-18,2026-W25,provincial,NUEVO DÍA,Santa Cruz,Patagonia,Santa Cruz,https://www.eldiarionuevodia.com.ar,"Acta de paritaria docente: en qué consiste lo ofrecido por el Gobierno, y sus argumentos sobre la situación de Santa Cruz"
2026-06-18,2026-W25,provincial,NUEVO DÍA,Santa Cruz,Patagonia,Santa Cruz,https://www.eldiarionuevodia.com.ar,ADOSAC contó cuánto fue el ofrecimiento salarial y adelantó que el Gobierno mejorará la oferta
2026-06-18,2026-W25,provincial,NUEVO DÍA,Santa Cruz,Patagonia,Santa Cruz,https://www.eldiarionuevodia.com.ar,Pedido de captura nacional y buscado en Santa Cruz: $20 millones de recompensa a prófugo investigado por homicidio de un policía
2026-06-18,2026-W25,provincial,NUEVO DÍA,Santa Cruz,Patagonia,Santa Cruz,https://www.eldiarionuevodia.com.ar,"Endeudamiento de hasta USD 600 millones: según Echazú, las dudas del proyecto alcanzan a diputados oficialistas"
2026-06-18,2026-W25,provincial,NUEVO DÍA,Santa Cruz,Patagonia,Santa Cruz,https://www.eldiarionuevodia.com.ar,Jubilados y pensionados tendrán rebajas en frutas y verduras en el Mercado Concentrador Patagónico
2026-06-18,2026-W25,provincial,NUEVO DÍA,Santa Cruz,Patagonia,Santa Cruz,https://www.eldiarionuevodia.com.ar,Minería realizó una inspección técnica en el proyecto Cap Oeste
2026-06-18,2026-W25,provincial,NUEVO DÍA,Santa Cruz,Patagonia,Santa Cruz,https://www.eldiarionuevodia.com.ar,La familia Messi confirmó la evolución de Jorge tras rumores sobre su salud
2026-06-18,2026-W25,provincial,NUEVO DÍA,Santa Cruz,Patagonia,Santa Cruz,https://www.eldiarionuevodia.com.ar,Un pedido solidario por Axel: necesita acompañamiento durante su tratamiento médico
2026-06-18,2026-W25,provincial,NUEVO DÍA,Santa Cruz,Patagonia,Santa Cruz,https://www.eldiarionuevodia.com.ar,Río Gallegos tendrá un torneo femenino de ajedrez
2026-06-18,2026-W25,provincial,NUEVO DÍA,Santa Cruz,Patagonia,Santa Cruz,https://www.eldiarionuevodia.com.ar,¿Cómo operaba el profesor acusado de vender droga en Punta Arenas?
2026-06-18,2026-W25,provincial,NUEVO DÍA,Santa Cruz,Patagonia,Santa Cruz,https://www.eldiarionuevodia.com.ar,Duelo de líderes: México y Corea del Sur ponen en juego la cima del Grupo A
2026-06-18,2026-W25,provincial,NUEVO DÍA,Santa Cruz,Patagonia,Santa Cruz,https://www.eldiarionuevodia.com.ar,Canadá y Qatar van por una victoria que puede cambiar la tabla
2026-06-18,2026-W25,provincial,NUEVO DÍA,Santa Cruz,Patagonia,Santa Cruz,https://www.eldiarionuevodia.com.ar,Suiza y Bosnia juegan un duelo clave para acercarse a la clasificación
2026-06-18,2026-W25,provincial,NUEVO DÍA,Santa Cruz,Patagonia,Santa Cruz,https://www.eldiarionuevodia.com.ar,República Checa y Sudáfrica buscan seguir con vida en el Grupo A
2026-06-18,2026-W25,provincial,NUEVO DÍA,Santa Cruz,Patagonia,Santa Cruz,https://www.eldiarionuevodia.com.ar,"El DT de Argelia elogió a la Selección Argentina y a Messi tras la goleada en el Mundial: ""Nuestro rival estuvo a otro nivel"""
2026-06-18,2026-W25,provincial,NUEVO DÍA,Santa Cruz,Patagonia,Santa Cruz,https://www.eldiarionuevodia.com.ar,Uzbekistán juega su primer Mundial y enfrenta a Colombia en México
2026-06-18,2026-W25,provincial,NUEVO DÍA,Santa Cruz,Patagonia,Santa Cruz,https://www.eldiarionuevodia.com.ar,"Victoria Villarruel desafía a Javier Milei y confirma asistencia en Rosario: ""Tengo más verdades para decir"""
2026-06-18,2026-W25,provincial,NUEVO DÍA,Santa Cruz,Patagonia,Santa Cruz,https://www.eldiarionuevodia.com.ar,Bahía Blanca: el bebé intoxicado con cocaína ya había sido internado hace un mes por un cuadro similar
2026-06-18,2026-W25,provincial,NUEVO DÍA,Santa Cruz,Patagonia,Santa Cruz,https://www.eldiarionuevodia.com.ar,El fiscal Marijuan pidió la indagatoria de Francisco Adorni por enriquecimiento ilícito
2026-06-18,2026-W25,provincial,NUEVO DÍA,Santa Cruz,Patagonia,Santa Cruz,https://www.eldiarionuevodia.com.ar,Avanza la interpelación a Adorni tras postergarse la sesión en el Senado
2026-06-18,2026-W25,provincial,NUEVO DÍA,Santa Cruz,Patagonia,Santa Cruz,https://www.eldiarionuevodia.com.ar,Se salvó de Barrelier y su relato sacude la causa por el femicidio de Agostina
2026-06-18,2026-W25,provincial,NUEVO DÍA,Santa Cruz,Patagonia,Santa Cruz,https://www.eldiarionuevodia.com.ar,Juegos Evita: ocho plazas en juego para el karate de Río Gallegos
2026-06-18,2026-W25,provincial,NUEVO DÍA,Santa Cruz,Patagonia,Santa Cruz,https://www.eldiarionuevodia.com.ar,Santa Cruz: una fuga de gas y un hombre con quemaduras en un complejo habitacional
2026-06-18,2026-W25,provincial,NUEVO DÍA,Santa Cruz,Patagonia,Santa Cruz,https://www.eldiarionuevodia.com.ar,"Con expectativa de oferta salarial, comenzó la paritaria docente en Santa Cruz"
2026-06-18,2026-W25,provincial,NUEVO DÍA,Santa Cruz,Patagonia,Santa Cruz,https://www.eldiarionuevodia.com.ar,"""Contra el ajuste y por el salario"": ADOSAC se suma a a una jornada nacional por la educación pública"
2026-06-18,2026-W25,provincial,NUEVO DÍA,Santa Cruz,Patagonia,Santa Cruz,https://www.eldiarionuevodia.com.ar,"Paritaria de Salud: el Gobierno propuso un 16,8% de incremento y pasan a cuarto intermedio hasta el viernes"
2026-06-18,2026-W25,provincial,NUEVO DÍA,Santa Cruz,Patagonia,Santa Cruz,https://www.eldiarionuevodia.com.ar,"Misterioso ataque: 12 disparos contra una casa en Santa Cruz, con daños a la vivienda y un auto"
2026-06-18,2026-W25,provincial,NUEVO DÍA,Santa Cruz,Patagonia,Santa Cruz,https://www.eldiarionuevodia.com.ar,Paritaria central: ATE rechazó el 13% y anunció un paro de 72 horas
2026-06-18,2026-W25,provincial,NUEVO DÍA,Santa Cruz,Patagonia,Santa Cruz,https://www.eldiarionuevodia.com.ar,Presunto intento de homicidio en Santa Cruz: una de las víctimas permanece en terapia intensiva
2026-06-18,2026-W25,provincial,NUEVO DÍA,Santa Cruz,Patagonia,Santa Cruz,https://www.eldiarionuevodia.com.ar,"""Todos nos podemos volver creativos"": la invitación de Ballinou a Juegos y Juguetes en el Museo Minnicelli"
2026-06-18,2026-W25,provincial,NUEVO DÍA,Santa Cruz,Patagonia,Santa Cruz,https://www.eldiarionuevodia.com.ar,Una persona sufrió quemaduras tras un incidente por acumulación de gas en un complejo de departamentos en Santa Cruz
2026-06-18,2026-W25,provincial,NUEVO DÍA,Santa Cruz,Patagonia,Santa Cruz,https://www.eldiarionuevodia.com.ar,"Gobernador Vidal criticó a la oposición y confirmó la fecha de las votaciones:""Están pensando en las elecciones de octubre de 2027"""
2026-06-18,2026-W25,provincial,NUEVO DÍA,Santa Cruz,Patagonia,Santa Cruz,https://www.eldiarionuevodia.com.ar,SPSE normalizó el servicio de agua potable en Ayres Argentinos y completó la reparación de red en Río Gallegos
2026-06-18,2026-W25,provincial,NUEVO DÍA,Santa Cruz,Patagonia,Santa Cruz,https://www.eldiarionuevodia.com.ar,Río Gallegos recordó a Martín Miguel de Güemes con el acto oficial por el Día Nacional de la Libertad Latinoamericana
2026-06-18,2026-W25,provincial,NUEVO DÍA,Santa Cruz,Patagonia,Santa Cruz,https://www.eldiarionuevodia.com.ar,Hernán Gallegos reveló por qué una inesperada canción mundialista captó la atención de fanáticos y especialistas
2026-06-18,2026-W25,provincial,NUEVO DÍA,Santa Cruz,Patagonia,Santa Cruz,https://www.eldiarionuevodia.com.ar,"ATSA rechazó la oferta salarial de Salud: ""No podemos seguir siendo la variable de ajuste"""
2026-06-18,2026-W25,provincial,NUEVO DÍA,Santa Cruz,Patagonia,Santa Cruz,https://www.eldiarionuevodia.com.ar,¿Por qué CAPROMISA pidió fortalecer a los proveedores mineros?
2026-06-18,2026-W25,provincial,NUEVO DÍA,Santa Cruz,Patagonia,Santa Cruz,https://www.eldiarionuevodia.com.ar,"¿Lluvia, granizo, nieve o ninguna en Río Gallegos?: cuánto será la temperatura más baja de mañana jueves"
2026-06-18,2026-W25,provincial,NUEVO DÍA,Santa Cruz,Patagonia,Santa Cruz,https://www.eldiarionuevodia.com.ar,Cuántos santacruceños accedieron al plan de alivio de deudas en el Banco Santa Cruz
2026-06-18,2026-W25,provincial,NUEVO DÍA,Santa Cruz,Patagonia,Santa Cruz,https://www.eldiarionuevodia.com.ar,Nueva sesión extraordinaria en la legislatura de Santa Cruz: los motivos y cuándo será
2026-06-18,2026-W25,provincial,NUEVO DÍA,Santa Cruz,Patagonia,Santa Cruz,https://www.eldiarionuevodia.com.ar,Caso Ángel López: audiencia clave este viernes por pericias
2026-06-18,2026-W25,provincial,NUEVO DÍA,Santa Cruz,Patagonia,Santa Cruz,https://www.eldiarionuevodia.com.ar,Recuperan elementos de un robo calificado en un operativo sobre la Ruta Nacional N°281
2026-06-18,2026-W25,provincial,NUEVO DÍA,Santa Cruz,Patagonia,Santa Cruz,https://www.eldiarionuevodia.com.ar,El Calafate: municipales ya cobraron el aguinaldo
2026-06-18,2026-W25,provincial,NUEVO DÍA,Santa Cruz,Patagonia,Santa Cruz,https://www.eldiarionuevodia.com.ar,Roblox lanza nueva guía para padres y actualiza cuentas para menores de 16 años
2026-06-18,2026-W25,provincial,NUEVO DÍA,Santa Cruz,Patagonia,Santa Cruz,https://www.eldiarionuevodia.com.ar,Fácil y gratis: cómo crear tu propia figurita del Mundial 2026 personalizada con inteligencia artificial
2026-06-18,2026-W25,provincial,NUEVO DÍA,Santa Cruz,Patagonia,Santa Cruz,https://www.eldiarionuevodia.com.ar,Construcción 3D en Argentina: una impresora levanta una casa de 120 m² en solo 48 horas
2026-06-18,2026-W25,provincial,NUEVO DÍA,Santa Cruz,Patagonia,Santa Cruz,https://www.eldiarionuevodia.com.ar,Pocos lo hacen: cada cuánto conviene reiniciar el celular para que funcione mejor
2026-06-18,2026-W25,provincial,NUEVO DÍA,Santa Cruz,Patagonia,Santa Cruz,https://www.eldiarionuevodia.com.ar,Construir casas impresas en 3D ya es una realidad: cuánto cuestan y por qué esta tecnología avanza en todo el mundo
2026-06-18,2026-W25,provincial,TIEMPO SUR,Santa Cruz,Patagonia,Santa Cruz,https://www.tiemposur.com.ar,"Paritaria docente Educación: Provincia ofreció un 16,8% de aumento escalonado hasta diciembre"
2026-06-18,2026-W25,provincial,TIEMPO SUR,Santa Cruz,Patagonia,Santa Cruz,https://www.tiemposur.com.ar,Río Gallegos Tsuyoi presenta la Semana del Híbrido con importantes descuentos
2026-06-18,2026-W25,provincial,TIEMPO SUR,Santa Cruz,Patagonia,Santa Cruz,https://www.tiemposur.com.ar,"Conferencia de prensa Frente Sindical: “Sin empréstito apareció plata, el atraso salarial fue intencional”"
2026-06-18,2026-W25,provincial,TIEMPO SUR,Santa Cruz,Patagonia,Santa Cruz,https://www.tiemposur.com.ar,Municipios con fecha de pago PIrri Martinez anunció el aguinaldo con recursos propios
2026-06-18,2026-W25,provincial,TIEMPO SUR,Santa Cruz,Patagonia,Santa Cruz,https://www.tiemposur.com.ar,Una mujer herida Colisionó contra un auto y terminó estrellado en un poste de luz
2026-06-18,2026-W25,provincial,TIEMPO SUR,Santa Cruz,Patagonia,Santa Cruz,https://www.tiemposur.com.ar,Fuerzas Policiales “Estamos en un grito desesperado para que escuchen nuestros reclamos”
2026-06-18,2026-W25,provincial,TIEMPO SUR,Santa Cruz,Patagonia,Santa Cruz,https://www.tiemposur.com.ar,Expectativa de consumo La confianza del consumidor subió por segundo mes consecutivo
2026-06-18,2026-W25,provincial,TIEMPO SUR,Santa Cruz,Patagonia,Santa Cruz,https://www.tiemposur.com.ar,Vóley El anfitrión Boxing y otros cuatro equipos capitalinos juegan el Provincial Sub-13
2026-06-18,2026-W25,provincial,TIEMPO SUR,Santa Cruz,Patagonia,Santa Cruz,https://www.tiemposur.com.ar,Paritaria APROSA Andrea Pérez: “Plantear un 16% en seis cuotas es vergonzoso”
2026-06-18,2026-W25,provincial,TIEMPO SUR,Santa Cruz,Patagonia,Santa Cruz,https://www.tiemposur.com.ar,Experiencia internacional La organización AFS promueve la hospitalidad y el intercambio juvenil
2026-06-18,2026-W25,provincial,TIEMPO SUR,Santa Cruz,Patagonia,Santa Cruz,https://www.tiemposur.com.ar,Proyectos y capacitaciones El Departamento de Políticas para Personas Mayores presenta Tejiendo Lazos
2026-06-18,2026-W25,provincial,TIEMPO SUR,Santa Cruz,Patagonia,Santa Cruz,https://www.tiemposur.com.ar,Ampliación del Peliche Quirino Pereira: “La demanda en Salud Mental es muy alta”
2026-06-18,2026-W25,provincial,TIEMPO SUR,Santa Cruz,Patagonia,Santa Cruz,https://www.tiemposur.com.ar,"Básquet Quimsa mostró su mejor versión en la serie, ganó como local y habrá sexto partido"
2026-06-18,2026-W25,provincial,TIEMPO SUR,Santa Cruz,Patagonia,Santa Cruz,https://www.tiemposur.com.ar,Elecciones CPE Laura Hindi: “Las escuelas privadas no están siendo tan escuchadas”
2026-06-18,2026-W25,provincial,TIEMPO SUR,Santa Cruz,Patagonia,Santa Cruz,https://www.tiemposur.com.ar,Río Gallegos Diego Robles: “Trabajamos para pagar el aguinaldo en el menor tiempo posible”
2026-06-18,2026-W25,provincial,TIEMPO SUR,Santa Cruz,Patagonia,Santa Cruz,https://www.tiemposur.com.ar,"Fútbol de Salón La 2001, ACBR y La Reserva se metieron entre los dieciséis mejores en el Argentino C20"
2026-06-18,2026-W25,provincial,TIEMPO SUR,Santa Cruz,Patagonia,Santa Cruz,https://www.tiemposur.com.ar,Estudio internacional La UNPA y su constante compromiso con la generación de conocimiento científico
2026-06-18,2026-W25,provincial,TIEMPO SUR,Santa Cruz,Patagonia,Santa Cruz,https://www.tiemposur.com.ar,APEL David Catrihuala: “Llevamos 6 meses de congelamiento salarial y 3 años sin categorías”
2026-06-18,2026-W25,provincial,TIEMPO SUR,Santa Cruz,Patagonia,Santa Cruz,https://www.tiemposur.com.ar,redes sociales Los mejores memes tras la ceremonia de inauguración del Mundial 2026
2026-06-18,2026-W25,provincial,TIEMPO SUR,Santa Cruz,Patagonia,Santa Cruz,https://www.tiemposur.com.ar,Tras cuarto intermedio Comenzó la paritaria docente
2026-06-18,2026-W25,provincial,TIEMPO SUR,Santa Cruz,Patagonia,Santa Cruz,https://www.tiemposur.com.ar,Fuga de gas Un hombre sufrió quemaduras al prender la cocina
2026-06-18,2026-W25,provincial,TIEMPO SUR,Santa Cruz,Patagonia,Santa Cruz,https://www.tiemposur.com.ar,Pronóstico Cómo estará el clima hoy 18 de junio en Río Gallegos
2026-06-18,2026-W25,provincial,TIEMPO SUR,Santa Cruz,Patagonia,Santa Cruz,https://www.tiemposur.com.ar,Capacitación Río Gallegos: Actualización en Reproducción Ovina
2026-06-18,2026-W25,provincial,TIEMPO SUR,Santa Cruz,Patagonia,Santa Cruz,https://www.tiemposur.com.ar,Gobierno Sesión extraordinaria para presentar el informe de gestión del primer semestre
2026-06-18,2026-W25,provincial,TIEMPO SUR,Santa Cruz,Patagonia,Santa Cruz,https://www.tiemposur.com.ar,Industrial 6 Llegó a Río Gallegos una aeronave para fortalecer la formación
2026-06-18,2026-W25,provincial,TIEMPO SUR,Santa Cruz,Patagonia,Santa Cruz,https://www.tiemposur.com.ar,Accidente vial en el acceso norte Un Peugeot 206 derrapó e impactó contra el guardarraíl en el ingreso al Aeropuerto de Río Gallegos
2026-06-18,2026-W25,provincial,TIEMPO SUR,Santa Cruz,Patagonia,Santa Cruz,https://www.tiemposur.com.ar,Básquet Quinto capítulo en Santiago
2026-06-18,2026-W25,provincial,TIEMPO SUR,Santa Cruz,Patagonia,Santa Cruz,https://www.tiemposur.com.ar,Defensa de la Ley de Financiamiento Claudio Vidal: “Pedimos pensar menos en las especulaciones políticas”
2026-06-18,2026-W25,provincial,TIEMPO SUR,Santa Cruz,Patagonia,Santa Cruz,https://www.tiemposur.com.ar,Cultura y Memoria Malvinas en la Casa del Chubut
2026-06-18,2026-W25,provincial,TIEMPO SUR,Santa Cruz,Patagonia,Santa Cruz,https://www.tiemposur.com.ar,En frutas y verduras Jubilados y pensionados de la CPS accederán a descuentos
2026-06-18,2026-W25,provincial,TIEMPO SUR,Santa Cruz,Patagonia,Santa Cruz,https://www.tiemposur.com.ar,Con sus cachorros Avistaron una puma en el corredor Río Mitre-Glaciar Moreno
2026-06-18,2026-W25,provincial,TIEMPO SUR,Santa Cruz,Patagonia,Santa Cruz,https://www.tiemposur.com.ar,Córdoba Descubren una especie y la nombran en honor a Parques Nacionales y CONICET
2026-06-18,2026-W25,provincial,TIEMPO SUR,Santa Cruz,Patagonia,Santa Cruz,https://www.tiemposur.com.ar,"Hay cuarto intermedio hasta el viernes Paritaria de Salud: Gobierno presentó una propuesta salarial del 16,8%"
2026-06-18,2026-W25,provincial,TIEMPO SUR,Santa Cruz,Patagonia,Santa Cruz,https://www.tiemposur.com.ar,SPSE Se normalizó el servicio de agua potable en Ayres Argentinos y finalizó la reparación
2026-06-18,2026-W25,provincial,TIEMPO SUR,Santa Cruz,Patagonia,Santa Cruz,https://www.tiemposur.com.ar,Desde septiembre Francia se suma a la política de Cielos Abiertos con Argentina
2026-06-18,2026-W25,provincial,TIEMPO SUR,Santa Cruz,Patagonia,Santa Cruz,https://www.tiemposur.com.ar,España Scioli en la 126ª Reunión del Consejo Ejecutivo de ONU Turismo
2026-06-18,2026-W25,provincial,TIEMPO SUR,Santa Cruz,Patagonia,Santa Cruz,https://www.tiemposur.com.ar,"""Ahorramos en negro” Adorni admitió haber ocultado USD 500.000 en sus declaraciones juradas"
2026-06-18,2026-W25,provincial,TIEMPO SUR,Santa Cruz,Patagonia,Santa Cruz,https://www.tiemposur.com.ar,Mercados en movimiento El oro sigue brillando: Precio actual y su impacto en el mercado
2026-06-18,2026-W25,provincial,TIEMPO SUR,Santa Cruz,Patagonia,Santa Cruz,https://www.tiemposur.com.ar,Clima Actual Cómo estará el clima hoy jueves 11 de junio en Río Gallegos
2026-06-18,2026-W25,provincial,TIEMPO SUR,Santa Cruz,Patagonia,Santa Cruz,https://www.tiemposur.com.ar,ISSyS Nueva reunión del Consejo de Obras y Servicios Sociales Provinciales de la Argentina
2026-06-18,2026-W25,provincial,TIEMPO SUR,Santa Cruz,Patagonia,Santa Cruz,https://www.tiemposur.com.ar,Asociación Costa Austral El Municipio entregó equipamiento deportivo y becas
2026-06-18,2026-W25,provincial,TIEMPO SUR,Santa Cruz,Patagonia,Santa Cruz,https://www.tiemposur.com.ar,Chile Una nueva empresa se suma a la estrategia “PUQ 30/30”
2026-06-18,2026-W25,provincial,TIEMPO SUR,Santa Cruz,Patagonia,Santa Cruz,https://www.tiemposur.com.ar,Obras Nación certificó la regularización del Puerto de Caleta Paula
2026-06-18,2026-W25,provincial,TIEMPO SUR,Santa Cruz,Patagonia,Santa Cruz,https://www.tiemposur.com.ar,Educación La Universidad del Chubut presentó oficialmente su proceso de evaluación institucional
2026-06-18,2026-W25,provincial,TIEMPO SUR,Santa Cruz,Patagonia,Santa Cruz,https://www.tiemposur.com.ar,Paritarias ATE rechaza el ofrecimiento salarial
2026-06-18,2026-W25,provincial,TIEMPO SUR,Santa Cruz,Patagonia,Santa Cruz,https://www.tiemposur.com.ar,Caso Ángel La Justicia de Chubut aguarda el resultado de la autoría para saber qué medidas tomar
2026-06-18,2026-W25,provincial,TIEMPO SUR,Santa Cruz,Patagonia,Santa Cruz,https://www.tiemposur.com.ar,Puerto San Julián Detienen a un hombre requerido por la Justicia Federal
2026-06-18,2026-W25,provincial,TIEMPO SUR,Santa Cruz,Patagonia,Santa Cruz,https://www.tiemposur.com.ar,Conflicto salarial en ascenso Policías y penitenciarios marchan esta noche en Río Gallegos tras el fracaso de las negociaciones
2026-06-18,2026-W25,provincial,TIEMPO SUR,Santa Cruz,Patagonia,Santa Cruz,https://www.tiemposur.com.ar,Allanan la casa Fueron por problemas familiares y encontraron plantas de cannabis
2026-06-18,2026-W25,provincial,TIEMPO SUR,Santa Cruz,Patagonia,Santa Cruz,https://www.tiemposur.com.ar,Tenía el horno prendido Encuentran a un hombre sin vida en su casa
2026-06-18,2026-W25,provincial,EL SUREÑO,Tierra del Fuego,Patagonia,Río Grande,https://www.surenio.com.ar,Diario El Sureño
2026-06-18,2026-W25,provincial,EL SUREÑO,Tierra del Fuego,Patagonia,Río Grande,https://www.surenio.com.ar,Ley de propiedad privada: La Iglesia pide al Congreso que vote en contra
2026-06-18,2026-W25,provincial,EL SUREÑO,Tierra del Fuego,Patagonia,Río Grande,https://www.surenio.com.ar,Río Grande Activa presentó su balance anual con resultados positivos
2026-06-18,2026-W25,provincial,EL SUREÑO,Tierra del Fuego,Patagonia,Río Grande,https://www.surenio.com.ar,El Juzgado Electoral concedió el recurso de apelación que presentó el Gobierno
2026-06-18,2026-W25,provincial,EL SUREÑO,Tierra del Fuego,Patagonia,Río Grande,https://www.surenio.com.ar,"Designaciones judiciales: menos participación, menos diversidad"
2026-06-18,2026-W25,provincial,EL SUREÑO,Tierra del Fuego,Patagonia,Río Grande,https://www.surenio.com.ar,Melella firmó una carta de intención con Wanchese Cook
2026-06-18,2026-W25,provincial,EL SUREÑO,Tierra del Fuego,Patagonia,Río Grande,https://www.surenio.com.ar,Piden 15 años de prisión para el acusado de abuso sexual
2026-06-18,2026-W25,provincial,EL SUREÑO,Tierra del Fuego,Patagonia,Río Grande,https://www.surenio.com.ar,Incendio accidental en un comercio céntrico
2026-06-18,2026-W25,provincial,EL SUREÑO,Tierra del Fuego,Patagonia,Río Grande,https://www.surenio.com.ar,Informe de transferencias a las provincias
2026-06-18,2026-W25,provincial,EL SUREÑO,Tierra del Fuego,Patagonia,Río Grande,https://www.surenio.com.ar,"«El diálogo es clave para defender el trabajo fueguino», afirmó Von Der Thusen"
2026-06-18,2026-W25,provincial,EL SUREÑO,Tierra del Fuego,Patagonia,Río Grande,https://www.surenio.com.ar,AGENDA CULTURAL
2026-06-18,2026-W25,provincial,EL SUREÑO,Tierra del Fuego,Patagonia,Río Grande,https://www.surenio.com.ar,INTERNACIONALES
2026-06-18,2026-W25,provincial,EL SUREÑO,Tierra del Fuego,Patagonia,Río Grande,https://www.surenio.com.ar,San Martín ganó la Copa de Plata
2026-06-18,2026-W25,provincial,EL SUREÑO,Tierra del Fuego,Patagonia,Río Grande,https://www.surenio.com.ar,Vigésima fecha del Campeonato Apertura de la AVRG
2026-06-18,2026-W25,provincial,EL SUREÑO,Tierra del Fuego,Patagonia,Río Grande,https://www.surenio.com.ar,Jeremías Sosa combate en la Copa Panamericana
2026-06-18,2026-W25,provincial,EL SUREÑO,Tierra del Fuego,Patagonia,Río Grande,https://www.surenio.com.ar,"El Fiestas Patrias, en el Cabo Domingo"
2026-06-18,2026-W25,provincial,EL SUREÑO,Tierra del Fuego,Patagonia,Río Grande,https://www.surenio.com.ar,El BIM 5 conmemoró el Día de la «Máxima Resistencia» junto a sus héroes
2026-06-18,2026-W25,provincial,EL SUREÑO,Tierra del Fuego,Patagonia,Río Grande,https://www.surenio.com.ar,Documentos secretos de EEUU revelan que la derrota argentina era anticipada antes de la rendición
2026-06-18,2026-W25,provincial,EL SUREÑO,Tierra del Fuego,Patagonia,Río Grande,https://www.surenio.com.ar,Con una cena show recaudarán fondos para LUCCAU
2026-06-18,2026-W25,provincial,EL SUREÑO,Tierra del Fuego,Patagonia,Río Grande,https://www.surenio.com.ar,Jornada abierta y gratuita de yoga
2026-06-18,2026-W25,provincial,EL SUREÑO,Tierra del Fuego,Patagonia,Río Grande,https://www.surenio.com.ar,Arce recibió a estudiantes del Colegio Alicia Moreau de Justo
2026-06-18,2026-W25,provincial,EL SUREÑO,Tierra del Fuego,Patagonia,Río Grande,https://www.surenio.com.ar,Luis Schreiber: “La gente se está endeudando para poder comer”
2026-06-18,2026-W25,provincial,EL SUREÑO,Tierra del Fuego,Patagonia,Río Grande,https://www.surenio.com.ar,Recomendaciones para las mascotas durante los días de frío
2026-06-18,2026-W25,provincial,EL SUREÑO,Tierra del Fuego,Patagonia,Río Grande,https://www.surenio.com.ar,Programa de becas UMET para el segundo cuatrimestre
2026-06-18,2026-W25,provincial,EL SUREÑO,Tierra del Fuego,Patagonia,Río Grande,https://www.surenio.com.ar,UNTDF: Prórroga para inscribirse a la Licenciatura en Seguridad Pública
2026-06-18,2026-W25,provincial,EL SUREÑO,Tierra del Fuego,Patagonia,Río Grande,https://www.surenio.com.ar,Impulso Egreso: Requisitos para el retiro de talonarios
2026-06-18,2026-W25,provincial,EL SUREÑO,Tierra del Fuego,Patagonia,Río Grande,https://www.surenio.com.ar,Las Olimpíadas Estudiantiles sumaron una nueva jornada
2026-06-18,2026-W25,provincial,EL SUREÑO,Tierra del Fuego,Patagonia,Río Grande,https://www.surenio.com.ar,Se dictará un taller de inglés aplicado a la flora fueguina
2026-06-18,2026-W25,provincial,EL SUREÑO,Tierra del Fuego,Patagonia,Río Grande,https://www.surenio.com.ar,Estrategia de prevención y diagnóstico del ACV
2026-06-18,2026-W25,provincial,EL SUREÑO,Tierra del Fuego,Patagonia,Río Grande,https://www.surenio.com.ar,Importante capacitación en RCP y uso del DEA
2026-06-18,2026-W25,provincial,EL SUREÑO,Tierra del Fuego,Patagonia,Río Grande,https://www.surenio.com.ar,Así será la atención de los CAPS durante el fin de semana
2026-06-18,2026-W25,provincial,EL SUREÑO,Tierra del Fuego,Patagonia,Río Grande,https://www.surenio.com.ar,Los prospectos de medicamentos pasarán a ser digitales
2026-06-18,2026-W25,provincial,EL SUREÑO,Tierra del Fuego,Patagonia,Río Grande,https://www.surenio.com.ar,Finalizó el primer ciclo de encuentros formativos del PRE-PRUNAPE
2026-06-18,2026-W25,provincial,EL SUREÑO,Tierra del Fuego,Patagonia,Río Grande,https://www.surenio.com.ar,Retoman los paros en las universidades
2026-06-18,2026-W25,provincial,EL SUREÑO,Tierra del Fuego,Patagonia,Río Grande,https://www.surenio.com.ar,Paro docente el jueves: SUTEF se suma a la medida de fuerza nacional
2026-06-18,2026-W25,provincial,EL SUREÑO,Tierra del Fuego,Patagonia,Río Grande,https://www.surenio.com.ar,Agenda “Fiesta Nacional de la Noche Más Larga 2026”
2026-06-18,2026-W25,provincial,EL SUREÑO,Tierra del Fuego,Patagonia,Río Grande,https://www.surenio.com.ar,“Biblioteca en Comunidad: Palabras que circulan”
2026-06-18,2026-W25,provincial,EL SUREÑO,Tierra del Fuego,Patagonia,Río Grande,https://www.surenio.com.ar,“Gigantes de la Isla del Fuego” se expone en la UNTDF
2026-06-18,2026-W25,provincial,EL SUREÑO,Tierra del Fuego,Patagonia,Río Grande,https://www.surenio.com.ar,Fin de semana largo para disfrutar la ciudad en familia
2026-06-18,2026-W25,provincial,EL SUREÑO,Tierra del Fuego,Patagonia,Río Grande,https://www.surenio.com.ar,“Graciosos y Valientes” un homenaje al Indio Solari
2026-06-18,2026-W25,provincial,EL SUREÑO,Tierra del Fuego,Patagonia,Río Grande,https://www.surenio.com.ar,Crece en Argentina la inversión en hotelería turística
2026-06-18,2026-W25,provincial,EL SUREÑO,Tierra del Fuego,Patagonia,Río Grande,https://www.surenio.com.ar,Gira por los pueblos de Argentina que compiten este año para ser los mejores del mundo
2026-06-18,2026-W25,provincial,EL SUREÑO,Tierra del Fuego,Patagonia,Río Grande,https://www.surenio.com.ar,Kansas City y Dallas disparan las búsquedas de hospedajes de los argentinos
2026-06-18,2026-W25,provincial,EL SUREÑO,Tierra del Fuego,Patagonia,Río Grande,https://www.surenio.com.ar,¿Cómo y en qué ahorra el argentino cuando decide viajar para ver un partido de fútbol?
2026-06-18,2026-W25,provincial,EL SUREÑO,Tierra del Fuego,Patagonia,Río Grande,https://www.surenio.com.ar,La caída del turismo reduce la clientela de pequeños negocios en Cuba
2026-06-18,2026-W25,provincial,EL SUREÑO,Tierra del Fuego,Patagonia,Río Grande,https://www.surenio.com.ar,Tristeza en el mundo del espectáculo: murió actriz y vedette que trabajó con Tato Bores y Mirtha Legrand
2026-06-18,2026-W25,provincial,EL SUREÑO,Tierra del Fuego,Patagonia,Río Grande,https://www.surenio.com.ar,Los Premios Gardel serán conducidos por Diego Leuco y contarán con público general por primera vez
2026-06-18,2026-W25,provincial,EL SUREÑO,Tierra del Fuego,Patagonia,Río Grande,https://www.surenio.com.ar,La V Jornada Federal de Vinculación Tecnológica en la UNDAV redefine el futuro de la IA y la inclusión social en Argentina
2026-06-18,2026-W25,provincial,EL SUREÑO,Tierra del Fuego,Patagonia,Río Grande,https://www.surenio.com.ar,China envía ocho satélites al espacio con cohete portador Lijian-1 Y14
2026-06-18,2026-W25,provincial,EL SUREÑO,Tierra del Fuego,Patagonia,Río Grande,https://www.surenio.com.ar,Mi único héroe en este lío: adiós Indio Solari
2026-06-18,2026-W25,provincial,RED 23 NOTICIAS,Tierra del Fuego,Patagonia,Río Grande,https://www.red23noticias.com.ar,Suspenden las clases del turno mañana por los trabajos de reparación en la red de agua
2026-06-18,2026-W25,provincial,RED 23 NOTICIAS,Tierra del Fuego,Patagonia,Río Grande,https://www.red23noticias.com.ar,La UOM salió al choque y rechazó de plano el Banco de Horas
2026-06-18,2026-W25,provincial,RED 23 NOTICIAS,Tierra del Fuego,Patagonia,Río Grande,https://www.red23noticias.com.ar,La actividad maderera atraviesa un momento crítico y crece la preocupación por el empleo en Tolhuin
2026-06-18,2026-W25,provincial,RED 23 NOTICIAS,Tierra del Fuego,Patagonia,Río Grande,https://www.red23noticias.com.ar,Quedó oficialmente derogada la ley que impulsaba la reforma parcial de la Constitución fueguina
2026-06-18,2026-W25,provincial,RED 23 NOTICIAS,Tierra del Fuego,Patagonia,Río Grande,https://www.red23noticias.com.ar,Quedaron suspendidos los cambios en el régimen de asistencia al gas para hogares sin red
2026-06-18,2026-W25,provincial,RED 23 NOTICIAS,Tierra del Fuego,Patagonia,Río Grande,https://www.red23noticias.com.ar,Lapadula pidió investigar responsabilidades políticas por el radar de Leo Labs
2026-06-18,2026-W25,provincial,RED 23 NOTICIAS,Tierra del Fuego,Patagonia,Río Grande,https://www.red23noticias.com.ar,Ybars cuestionó años de discusión por la reforma: “Fue un desperdicio de tiempo”
2026-06-18,2026-W25,provincial,RED 23 NOTICIAS,Tierra del Fuego,Patagonia,Río Grande,https://www.red23noticias.com.ar,Gamarra puso el foco en los imprudentes: “La seguridad no es opcional”
2026-06-18,2026-W25,provincial,RED 23 NOTICIAS,Tierra del Fuego,Patagonia,Río Grande,https://www.red23noticias.com.ar,"Dora Sánchez liquidó la paritaria: “El aumento da vergüenza, son apenas 5 mil pesos más”"
2026-06-18,2026-W25,provincial,RED 23 NOTICIAS,Tierra del Fuego,Patagonia,Río Grande,https://www.red23noticias.com.ar,Adorni blanqueó USD 513 mil en Bitcoin y la Justicia profundiza la investigación por enriquecimiento ilícito
2026-06-18,2026-W25,provincial,RED 23 NOTICIAS,Tierra del Fuego,Patagonia,Río Grande,https://www.red23noticias.com.ar,Arroyo presionó a la ANPyN: “Deberán devolverlos o pagar un canon”
2026-06-18,2026-W25,provincial,RED 23 NOTICIAS,Tierra del Fuego,Patagonia,Río Grande,https://www.red23noticias.com.ar,Deluca apuntó al FAMP: “Los recursos se van a Ushuaia mientras Río Grande sufre la crisis”
2026-06-18,2026-W25,provincial,RED 23 NOTICIAS,Tierra del Fuego,Patagonia,Río Grande,https://www.red23noticias.com.ar,China mira a Río Grande: una gigante de los drones visitará la ciudad para analizar inversiones
2026-06-18,2026-W25,provincial,RED 23 NOTICIAS,Tierra del Fuego,Patagonia,Río Grande,https://www.red23noticias.com.ar,Pauli cruzó las versiones de pacto con Vuoto y explotó la polémica
2026-06-18,2026-W25,provincial,RED 23 NOTICIAS,Tierra del Fuego,Patagonia,Río Grande,https://www.red23noticias.com.ar,Golpe a la producción: faenaron dos toros de alto valor en la Misión Salesiana
2026-06-18,2026-W25,provincial,RED 23 NOTICIAS,Tierra del Fuego,Patagonia,Río Grande,https://www.red23noticias.com.ar,Santilli recibió a Melella para discutir la reforma electoral
2026-06-18,2026-W25,provincial,RED 23 NOTICIAS,Tierra del Fuego,Patagonia,Río Grande,https://www.red23noticias.com.ar,"Jorge Canals destacó el inicio del diálogo con Nación, pero sin avances inmediatos para la provincia"
2026-06-18,2026-W25,provincial,RED 23 NOTICIAS,Tierra del Fuego,Patagonia,Río Grande,https://www.red23noticias.com.ar,Deluca celebró un año récord: Río Grande Activa creció 53% en plena crisis
2026-06-18,2026-W25,provincial,RED 23 NOTICIAS,Tierra del Fuego,Patagonia,Río Grande,https://www.red23noticias.com.ar,Hallaron muertos a dos adultos mayores y nadie sabe qué ocurrió
2026-06-18,2026-W25,provincial,RED 23 NOTICIAS,Tierra del Fuego,Patagonia,Río Grande,https://www.red23noticias.com.ar,La supuesta explosión en la venta de televisores por el Mundial resultó ser falsa
2026-06-18,2026-W25,provincial,RED 23 NOTICIAS,Tierra del Fuego,Patagonia,Río Grande,https://www.red23noticias.com.ar,SIPROSA logró abrir el diálogo con Economía después de meses de reclamos
2026-06-18,2026-W25,provincial,RED 23 NOTICIAS,Tierra del Fuego,Patagonia,Río Grande,https://www.red23noticias.com.ar,Pidieron la renuncia de Ariel Ciares
2026-06-18,2026-W25,provincial,RED 23 NOTICIAS,Tierra del Fuego,Patagonia,Río Grande,https://www.red23noticias.com.ar,Expo PyME Fueguina: 37 empresas salen a mostrar el potencial productivo de Tierra del Fuego
2026-06-18,2026-W25,provincial,RED 23 NOTICIAS,Tierra del Fuego,Patagonia,Río Grande,https://www.red23noticias.com.ar,Se registraron 36 bajas comerciales y crece la preocupación en Tolhuin
2026-06-18,2026-W25,provincial,RED 23 NOTICIAS,Tierra del Fuego,Patagonia,Río Grande,https://www.red23noticias.com.ar,"Evacuación, perímetro y TEDAX: así fue el operativo por explosivos hallados en Río Grande"
2026-06-18,2026-W25,provincial,RED 23 NOTICIAS,Tierra del Fuego,Patagonia,Río Grande,https://www.red23noticias.com.ar,Von der Thusen celebró que la Provincia vuelva a sentarse a negociar con el Gobierno nacional
2026-06-18,2026-W25,provincial,RED 23 NOTICIAS,Tierra del Fuego,Patagonia,Río Grande,https://www.red23noticias.com.ar,Tierra del Fuego llega a las vacaciones con un ciclo lectivo atravesado por más paros
2026-06-18,2026-W25,provincial,RED 23 NOTICIAS,Tierra del Fuego,Patagonia,Río Grande,https://www.red23noticias.com.ar,El Colegio de Ingenieros abrió su sede propia en Río Grande tras años de gestión
2026-06-18,2026-W25,provincial,RED 23 NOTICIAS,Tierra del Fuego,Patagonia,Río Grande,https://www.red23noticias.com.ar,Gastón Díaz acusó al Gobierno nacional de querer una Tierra del Fuego sin industria
2026-06-18,2026-W25,provincial,RED 23 NOTICIAS,Tierra del Fuego,Patagonia,Río Grande,https://www.red23noticias.com.ar,Tres años parada y miles de vecinos afectados: una obra clave abandonada en la Margen Sur
2026-06-18,2026-W25,provincial,RED 23 NOTICIAS,Tierra del Fuego,Patagonia,Río Grande,https://www.red23noticias.com.ar,"Voto, polémica y denuncias: la despedida de Gladis Andrade terminó en escándalo"
2026-06-18,2026-W25,provincial,RED 23 NOTICIAS,Tierra del Fuego,Patagonia,Río Grande,https://www.red23noticias.com.ar,Ushuaia avanza con una central china y crecen las dudas por dependencia tecnológica
2026-06-18,2026-W25,provincial,RED 23 NOTICIAS,Tierra del Fuego,Patagonia,Río Grande,https://www.red23noticias.com.ar,Tierra del Fuego se hunde en una crisis laboral sin precedentes: ya se perdieron más de 15 mil puestos
2026-06-18,2026-W25,provincial,RED 23 NOTICIAS,Tierra del Fuego,Patagonia,Río Grande,https://www.red23noticias.com.ar,Funcionarios libertarios se acogieron al régimen que permite blanquear patrimonio sin explicar
2026-06-18,2026-W25,provincial,RED 23 NOTICIAS,Tierra del Fuego,Patagonia,Río Grande,https://www.red23noticias.com.ar,Tierra del Fuego sumó tecnología de última generación para mejorar el diagnóstico del cáncer de próstata
2026-06-18,2026-W25,provincial,RED 23 NOTICIAS,Tierra del Fuego,Patagonia,Río Grande,https://www.red23noticias.com.ar,Las verduras impulsaron la inflación de alimentos en Tierra del Fuego durante mayo
2026-06-18,2026-W25,provincial,RED 23 NOTICIAS,Tierra del Fuego,Patagonia,Río Grande,https://www.red23noticias.com.ar,Rige una alerta amarilla por vientos para toda Tierra del Fuego durante este lunes
2026-06-18,2026-W25,provincial,RED 23 NOTICIAS,Tierra del Fuego,Patagonia,Río Grande,https://www.red23noticias.com.ar,Adiós a Taty Almeida: falleció la histórica Madre de Plaza de Mayo
2026-06-18,2026-W25,provincial,RED 23 NOTICIAS,Tierra del Fuego,Patagonia,Río Grande,https://www.red23noticias.com.ar,Argentina rompe otro récord: el combustible subió más que en cualquier país petrolero vecino
2026-06-18,2026-W25,provincial,RED 23 NOTICIAS,Tierra del Fuego,Patagonia,Río Grande,https://www.red23noticias.com.ar,Con un martillo destrozó un patrullero y terminó detenido junto a otros dos hombres
2026-06-18,2026-W25,provincial,RED 23 NOTICIAS,Tierra del Fuego,Patagonia,Río Grande,https://www.red23noticias.com.ar,Del asado al cerdo: la carne que más crece en la mesa de los argentinos
2026-06-18,2026-W25,provincial,RED 23 NOTICIAS,Tierra del Fuego,Patagonia,Río Grande,https://www.red23noticias.com.ar,Emitieron una alerta amarilla por fuertes vientos para este fin de semana en Tierra del Fuego
2026-06-18,2026-W25,provincial,RED 23 NOTICIAS,Tierra del Fuego,Patagonia,Río Grande,https://www.red23noticias.com.ar,Loreto disparó contra la Provincia: “No existe una ley que defienda a las empresas fueguinas”
2026-06-18,2026-W25,provincial,RED 23 NOTICIAS,Tierra del Fuego,Patagonia,Río Grande,https://www.red23noticias.com.ar,El reclamo por el GLP escala: presentan proyecto propio ante la falta de respuestas
2026-06-18,2026-W25,provincial,RED 23 NOTICIAS,Tierra del Fuego,Patagonia,Río Grande,https://www.red23noticias.com.ar,"Tras la crisis judicial, Pagano Zavalía celebró el diálogo que destrabó el conflicto"
2026-06-18,2026-W25,provincial,RED 23 NOTICIAS,Tierra del Fuego,Patagonia,Río Grande,https://www.red23noticias.com.ar,"El ""milagro financiero"" de Adorni que las redes hicieron trizas"
2026-06-18,2026-W25,provincial,RED 23 NOTICIAS,Tierra del Fuego,Patagonia,Río Grande,https://www.red23noticias.com.ar,"Acosta alertó: “La 19.640 sigue vigente, pero la están vaciando por decreto”"
2026-06-18,2026-W25,provincial,RED 23 NOTICIAS,Tierra del Fuego,Patagonia,Río Grande,https://www.red23noticias.com.ar,Arroyo confirmó que la reforma sigue en carrera y espera una definición urgente
2026-06-18,2026-W25,provincial,RED 23 NOTICIAS,Tierra del Fuego,Patagonia,Río Grande,https://www.red23noticias.com.ar,Sahade confirmó que no hubo homicidio: consumió crack durante horas y murió por una cardiopatía
2026-06-18,2026-W25,provincial,RED 23 NOTICIAS,Tierra del Fuego,Patagonia,Río Grande,https://www.red23noticias.com.ar,Fossatto cruzó a la Justicia Electoral y habló de un exceso jurisdiccional
2026-06-18,2026-W25,nacional,INFOBAE,Nacional,Nacional,Nacional,https://www.infobae.com,Los dialoguistas en Diputados esperan al Senado para avanzar en la interpelación a Manuel Adorni
2026-06-18,2026-W25,nacional,INFOBAE,Nacional,Nacional,Nacional,https://www.infobae.com,La familia Messi publicó un comunicado sobre la salud del padre del capitán de la selección argentina
2026-06-18,2026-W25,nacional,INFOBAE,Nacional,Nacional,Nacional,https://www.infobae.com,Cómo afecta una sola noche de insomnio al cerebro y cuál es su relación con el Alzheimer
2026-06-18,2026-W25,nacional,INFOBAE,Nacional,Nacional,Nacional,https://www.infobae.com,"Con Manu Jove, Maia Jastreblansky, Paula Guardia Bourdin y Tomás Trapé"
2026-06-18,2026-W25,nacional,INFOBAE,Nacional,Nacional,Nacional,https://www.infobae.com,Luciana Rubinska anticipó qué jugador de la selección argentina podría debutar el lunes ante Austria
2026-06-18,2026-W25,nacional,INFOBAE,Nacional,Nacional,Nacional,https://www.infobae.com,El fiscal Guillermo Marijuan pidió la indagatoria de Francisco Adorni por presentar declaraciones juradas falsas
2026-06-18,2026-W25,nacional,INFOBAE,Nacional,Nacional,Nacional,https://www.infobae.com,"Londres frente a la desinformación: una ciudad dinámica, diversa y preparada para recibir al mundo"
2026-06-18,2026-W25,nacional,INFOBAE,Nacional,Nacional,Nacional,https://www.infobae.com,"“Les pido a las familias que no vengan”: el intendente del corazón de Vaca Muerta, en alerta por la fuerte inmigración"
2026-06-18,2026-W25,nacional,INFOBAE,Nacional,Nacional,Nacional,https://www.infobae.com,EEUU levantó el bloqueo sobre los puertos iraníes tras la entrada en vigor del pacto con Teherán
2026-06-18,2026-W25,nacional,INFOBAE,Nacional,Nacional,Nacional,https://www.infobae.com,República Checa empató 1-1 con Sudáfrica en la segunda fecha del Mundial
2026-06-18,2026-W25,nacional,INFOBAE,Nacional,Nacional,Nacional,https://www.infobae.com,El curioso análisis sobre la selección argentina que realizó un periodista en el Mundial
2026-06-18,2026-W25,nacional,INFOBAE,Nacional,Nacional,Nacional,https://www.infobae.com,Las emotivas palabras de Carolina Baldini al Cholo Simeone por el gran momento de su hijo Giuliano
2026-06-18,2026-W25,nacional,INFOBAE,Nacional,Nacional,Nacional,https://www.infobae.com,El periodista amigo de Cristiano lo defendió y criticó a los compañeros tras el empate ante Congo
2026-06-18,2026-W25,nacional,INFOBAE,Nacional,Nacional,Nacional,https://www.infobae.com,Cami Mayan reveló cómo sus videos en Qatar la ayudaron a superar su ruptura con Mac Allister
2026-06-18,2026-W25,nacional,INFOBAE,Nacional,Nacional,Nacional,https://www.infobae.com,Cristina Kirchner apeló las restricciones a su prisión domiciliaria: qué argumentó
2026-06-18,2026-W25,nacional,INFOBAE,Nacional,Nacional,Nacional,https://www.infobae.com,Cayó el último acusado de torturar y matar a un jubilado: es el hijo de la empleada de la víctima
2026-06-18,2026-W25,nacional,INFOBAE,Nacional,Nacional,Nacional,https://www.infobae.com,Qué autos bajaron de precio y cuáles subieron tras la llegada de nuevos híbridos y eléctricos
2026-06-18,2026-W25,nacional,INFOBAE,Nacional,Nacional,Nacional,https://www.infobae.com,María Becerra habló de su frecuencia sexual con J Rei y sorprendió a todos en la TV española
2026-06-18,2026-W25,nacional,INFOBAE,Nacional,Nacional,Nacional,https://www.infobae.com,Villarruel desafía a Milei e irá al acto por el Día de la Bandera en Rosario: también asistirá Manuel Adorni
2026-06-18,2026-W25,nacional,INFOBAE,Nacional,Nacional,Nacional,https://www.infobae.com,La Dama de Hierro que enfrenta a un régimen imperialista logró incluir un punto clave en la declaración del G7
2026-06-18,2026-W25,nacional,INFOBAE,Nacional,Nacional,Nacional,https://www.infobae.com,Juicio por Maradona: un testigo recordó que Diego estuvo bien una semana antes de morir
2026-06-18,2026-W25,nacional,INFOBAE,Nacional,Nacional,Nacional,https://www.infobae.com,VIDEOS DESTACADOS
2026-06-18,2026-W25,nacional,INFOBAE,Nacional,Nacional,Nacional,https://www.infobae.com,Quién es el multimillonario indio que apuesta a un megaproyecto de exportación de GNL en Argentina
2026-06-18,2026-W25,nacional,INFOBAE,Nacional,Nacional,Nacional,https://www.infobae.com,La NASA busca rescatar al telescopio espacial Swift y que no caiga a la Tierra
2026-06-18,2026-W25,nacional,INFOBAE,Nacional,Nacional,Nacional,https://www.infobae.com,Se confirmó la visita del papa León XIV a Perú y crece la expectativa de una gira que incluiría a la Argentina
2026-06-18,2026-W25,nacional,INFOBAE,Nacional,Nacional,Nacional,https://www.infobae.com,Colectivos en riesgo: empresas advierten por crisis y posibles cancelaciones en el interior
2026-06-18,2026-W25,nacional,INFOBAE,Nacional,Nacional,Nacional,https://www.infobae.com,Contrabando VIP: cómo son y cuánto valen los cuatro superautos que secuestró la Aduana
2026-06-18,2026-W25,nacional,INFOBAE,Nacional,Nacional,Nacional,https://www.infobae.com,Cuadernos: declararon más pilotos que participaron de los vuelos presidenciales
2026-06-18,2026-W25,nacional,INFOBAE,Nacional,Nacional,Nacional,https://www.infobae.com,Cáncer de riñón: por qué es un tumor silencioso y qué señales pueden alertar a tiempo
2026-06-18,2026-W25,nacional,INFOBAE,Nacional,Nacional,Nacional,https://www.infobae.com,"Zozobra en la Casa Rosada: Adorni ganó una sobrevida, pero Milei sale de gira y no hay un plan"
2026-06-18,2026-W25,nacional,INFOBAE,Nacional,Nacional,Nacional,https://www.infobae.com,"“Adorni ya debería haber renunciado: le miente al Congreso y al Gabinete”, aseguró la senadora Carolina Moisés"
2026-06-18,2026-W25,nacional,INFOBAE,Nacional,Nacional,Nacional,https://www.infobae.com,"Tras un nuevo foco de conflicto, en el PJ exigen unidad pese a las diferencias para no dañar el armado opositor"
2026-06-18,2026-W25,nacional,INFOBAE,Nacional,Nacional,Nacional,https://www.infobae.com,Tensa discusión con insultos entre Juan Grabois y Bertie Benegas Lynch: “No te hagas el canchero”
2026-06-18,2026-W25,nacional,INFOBAE,Nacional,Nacional,Nacional,https://www.infobae.com,"Ciudadanía, ¿estás?"
2026-06-18,2026-W25,nacional,INFOBAE,Nacional,Nacional,Nacional,https://www.infobae.com,El argentino que convivió con una tribu nómade en la Siberia rusa a 50 grados bajo cero: “Fue como volver a la prehistoria”
2026-06-18,2026-W25,nacional,INFOBAE,Nacional,Nacional,Nacional,https://www.infobae.com,Qué desayuno sugieren los expertos para ayudar a bajar el colesterol y cuidar la salud intestinal
2026-06-18,2026-W25,nacional,INFOBAE,Nacional,Nacional,Nacional,https://www.infobae.com,El Gobierno eliminó el impuesto al cheque para las criptomonedas y otras operaciones digitales: quiénes dejarán de pagarlo
2026-06-18,2026-W25,nacional,INFOBAE,Nacional,Nacional,Nacional,https://www.infobae.com,El Gobierno otorgó un año para declarar armas no registradas o con documentación irregular
2026-06-18,2026-W25,nacional,INFOBAE,Nacional,Nacional,Nacional,https://www.infobae.com,Zaira Nara le propuso a Pampita un intenso ritual para el Mundial 2026: “Equipo todo terreno”
2026-06-18,2026-W25,nacional,INFOBAE,Nacional,Nacional,Nacional,https://www.infobae.com,La vacuna contra el VPH reduce 100% el riesgo muerte por cáncer de cuello uterino en menores de 30 años
2026-06-18,2026-W25,nacional,INFOBAE,Nacional,Nacional,Nacional,https://www.infobae.com,GENERACIÓN SILVER
2026-06-18,2026-W25,nacional,INFOBAE,Nacional,Nacional,Nacional,https://www.infobae.com,"El Indio Solari ante la vida, la enfermedad y la vejez: “Un ángel amateur me condenó al paraíso”"
2026-06-18,2026-W25,nacional,INFOBAE,Nacional,Nacional,Nacional,https://www.infobae.com,"Daniel Valdez: “La inclusión no es un favor que depende de la buena voluntad de un maestro, debe ser un marco institucional, social y político a largo plazo”"
2026-06-18,2026-W25,nacional,INFOBAE,Nacional,Nacional,Nacional,https://www.infobae.com,Universidades como agentes de cambio: de la formación en sostenibilidad al impacto social
2026-06-18,2026-W25,nacional,INFOBAE,Nacional,Nacional,Nacional,https://www.infobae.com,“Esto no es una camiseta”: el homenaje de la selección de Bélgica a Magritte
2026-06-18,2026-W25,nacional,INFOBAE,Nacional,Nacional,Nacional,https://www.infobae.com,Es una de las máximas figuras del Mundial y sorprendió con su paseo como un turista más por las calles de Nueva York
2026-06-18,2026-W25,nacional,INFOBAE,Nacional,Nacional,Nacional,https://www.infobae.com,"La historia de Cho Gue-Sung, el goleador modelo de Corea del Sur que sorprendió con su mate"
2026-06-18,2026-W25,nacional,INFOBAE,Nacional,Nacional,Nacional,https://www.infobae.com,El Mundial 2026 se mira en varias pantallas: se disparó el tráfico en Internet durante el debut de la Selección
2026-06-18,2026-W25,nacional,INFOBAE,Nacional,Nacional,Nacional,https://www.infobae.com,La reacción de Nadal tras las elogiosas declaraciones de Messi en el Mundial 2026
2026-06-18,2026-W25,nacional,INFOBAE,Nacional,Nacional,Nacional,https://www.infobae.com,Habló la Miss Universo CABA 2026 tras ser agredida por un taxista en Mar del Plata: “Me decía que todos los porteños somos soberbios”
2026-06-18,2026-W25,nacional,LA NACIÓN,Nacional,Nacional,Nacional,https://www.lanacion.com.ar,Apoyo a Adorni. Milei estaría dispuesto a sostenerlo hasta que la Justicia defina si hubo un delito
2026-06-18,2026-W25,nacional,LA NACIÓN,Nacional,Nacional,Nacional,https://www.lanacion.com.ar,En la Casa Rosada dicen que el Presidente no reemplazará al jefe de Gabinete hasta que no haya avances judiciales; alivio oficial por la postergación de la interpelación y la moción de censura
2026-06-18,2026-W25,nacional,LA NACIÓN,Nacional,Nacional,Nacional,https://www.lanacion.com.ar,"""Pedimos responsabilidad"". La familia Messi emitió un comunicado por el estado de salud de Jorge, el padre de Lionel"
2026-06-18,2026-W25,nacional,LA NACIÓN,Nacional,Nacional,Nacional,https://www.lanacion.com.ar,"Por sus declaraciones juradas. El fiscal Marijuan pidió la indagatoria de Francisco Adorni, hermano del jefe de Gabinete"
2026-06-18,2026-W25,nacional,LA NACIÓN,Nacional,Nacional,Nacional,https://www.lanacion.com.ar,"""Le dio la mano a Trump"". La grieta anti-Messi y anti-selección, lo más absurdo que se haya visto y cien por ciento argenta"
2026-06-18,2026-W25,nacional,LA NACIÓN,Nacional,Nacional,Nacional,https://www.lanacion.com.ar,La ciencia detrás del sueño. El curioso método de recuperación física inspirado en los Juegos Olímpicos que ayuda a la selección
2026-06-18,2026-W25,nacional,LA NACIÓN,Nacional,Nacional,Nacional,https://www.lanacion.com.ar,"El análisis del acuerdo. Trump exigió la “rendición incondicional” de Irán, pero el régimen le tenía preparada una sorpresa"
2026-06-18,2026-W25,nacional,LA NACIÓN,Nacional,Nacional,Nacional,https://www.lanacion.com.ar,"El convento de los bolsos de López. Cómo está hoy, quiénes lo habitan, los objetos que quedaron y la leyenda del dinero enterrado"
2026-06-18,2026-W25,nacional,LA NACIÓN,Nacional,Nacional,Nacional,https://www.lanacion.com.ar,Feroz pelea low cost. Sorpresiva jugada de una aerolínea para quedarse con el negocio de Flybondi
2026-06-18,2026-W25,nacional,LA NACIÓN,Nacional,Nacional,Nacional,https://www.lanacion.com.ar,"“Si arde Ucrania, Moscú arderá”. Incendios, heridos y aeropuertos evacuados en la capital de Rusia tras uno de los mayores ataques ucranianos"
2026-06-18,2026-W25,nacional,LA NACIÓN,Nacional,Nacional,Nacional,https://www.lanacion.com.ar,El gran objetivo. La Argentina está a las puertas de recuperar algo que perdió hace siete años
2026-06-18,2026-W25,nacional,LA NACIÓN,Nacional,Nacional,Nacional,https://www.lanacion.com.ar,"A FONDO ¿El fin de la obesidad? Avances, dudas y expectativa detrás de los fármacos que marcan una bisagra en la lucha contra el sobrepeso"
2026-06-18,2026-W25,nacional,LA NACIÓN,Nacional,Nacional,Nacional,https://www.lanacion.com.ar,Festeja Chiqui Tapia. La Justicia validó el cambio de domicilio de la AFA y anuló la designación de veedores
2026-06-18,2026-W25,nacional,LA NACIÓN,Nacional,Nacional,Nacional,https://www.lanacion.com.ar,"""Cazar en el zoológico"". Por qué el dólar está planchado y hasta cuándo puede durar"
2026-06-18,2026-W25,nacional,LA NACIÓN,Nacional,Nacional,Nacional,https://www.lanacion.com.ar,Subsidios. Los trenes y el carbón lideran el ranking de empresas públicas que viven de la billetera estatal
2026-06-18,2026-W25,nacional,LA NACIÓN,Nacional,Nacional,Nacional,https://www.lanacion.com.ar,"Para hacer negocios. Por qué Uruguay provoca un ""éxodo de argentinos"""
2026-06-18,2026-W25,nacional,LA NACIÓN,Nacional,Nacional,Nacional,https://www.lanacion.com.ar,Con cargos clave. El Gobierno estrenó su polémico decreto de designación de jueces
2026-06-18,2026-W25,nacional,LA NACIÓN,Nacional,Nacional,Nacional,https://www.lanacion.com.ar,"""Lo sostengo porque quiero"". Adorni: la inocencia por decreto"
2026-06-18,2026-W25,nacional,LA NACIÓN,Nacional,Nacional,Nacional,https://www.lanacion.com.ar,En noviembre. Confirman una gira del papa León XIV por Sudamérica e incluiría un paso por la Argentina
2026-06-18,2026-W25,nacional,LA NACIÓN,Nacional,Nacional,Nacional,https://www.lanacion.com.ar,"Tenía 47 años. Puso a cargar su celular en el auto, se prendió fuego y provocó un choque: murió por las quemaduras"
2026-06-18,2026-W25,nacional,LA NACIÓN,Nacional,Nacional,Nacional,https://www.lanacion.com.ar,Repoblar la Patagonia. La titánica misión de un plan para atraer familias y demostrar que un sueño no está perdido
2026-06-18,2026-W25,nacional,LA NACIÓN,Nacional,Nacional,Nacional,https://www.lanacion.com.ar,Iguales en Atlanta. Sudáfrica rescató un empate en el final ante República Checa y mantiene la ilusión de seguir en el Mundial
2026-06-18,2026-W25,nacional,LA NACIÓN,Nacional,Nacional,Nacional,https://www.lanacion.com.ar,La respuesta de la empresa. Lotería acusó a Mercado Pago por el prode del Mundial 2026: dice que ejerce “juego ilegal”
2026-06-18,2026-W25,nacional,LA NACIÓN,Nacional,Nacional,Nacional,https://www.lanacion.com.ar,Quedó grabado. Tomaba un helado con su hija y lo asaltaron tres delincuentes: le apuntaron a la cara y le sacaron todo
2026-06-18,2026-W25,nacional,LA NACIÓN,Nacional,Nacional,Nacional,https://www.lanacion.com.ar,150 frases y saludos para compartir el Día del Padre en la Argentina
2026-06-18,2026-W25,nacional,LA NACIÓN,Nacional,Nacional,Nacional,https://www.lanacion.com.ar,Entre el frío y la nieve artificial: el centro de esquí más grande del país ampliará sus días de apertura
2026-06-18,2026-W25,nacional,LA NACIÓN,Nacional,Nacional,Nacional,https://www.lanacion.com.ar,"Mundial 2026, en vivo: la preparación de Messi de cara al partido contra Austria y el comienzo de la segunda fecha"
2026-06-18,2026-W25,nacional,LA NACIÓN,Nacional,Nacional,Nacional,https://www.lanacion.com.ar,República Checa vs. Sudáfrica: un empate que sostiene la ilusión de ambos para alcanzar la próxima fase
2026-06-18,2026-W25,nacional,LA NACIÓN,Nacional,Nacional,Nacional,https://www.lanacion.com.ar,Fenómeno astronómico. ¿Por qué la Luna y Venus parecían estar pegados en el cielo?
2026-06-18,2026-W25,nacional,LA NACIÓN,Nacional,Nacional,Nacional,https://www.lanacion.com.ar,"Huida a toda velocidad. Procesaron a ""uno de los narcos más buscados"" que llevaba 260 kilos de cocaína en un Mercedes Benz"
2026-06-18,2026-W25,nacional,LA NACIÓN,Nacional,Nacional,Nacional,https://www.lanacion.com.ar,ACV. Vacuna contra el Covid: el beneficio cardíaco que ahora confirma la ciencia
2026-06-18,2026-W25,nacional,LA NACIÓN,Nacional,Nacional,Nacional,https://www.lanacion.com.ar,En fotos. Todos los invitados a la Fiesta de los Lauros del Rotary Club
2026-06-18,2026-W25,nacional,LA NACIÓN,Nacional,Nacional,Nacional,https://www.lanacion.com.ar,"""No tú"". La filosa crítica de Henry a Cristiano Ronaldo tras el fiasco de Portugal en el debut"
2026-06-18,2026-W25,nacional,LA NACIÓN,Nacional,Nacional,Nacional,https://www.lanacion.com.ar,Deslumbra en el Mundial. Estudia matemáticas y ganó un curso de oratoria: la joya intelectual que Marruecos le arrebató a Francia
2026-06-18,2026-W25,nacional,LA NACIÓN,Nacional,Nacional,Nacional,https://www.lanacion.com.ar,"""Meter la pata"". Un laboratorio 24/7: la selección gana porque sabe cambiar y cambia porque sabe ganar"
2026-06-18,2026-W25,nacional,LA NACIÓN,Nacional,Nacional,Nacional,https://www.lanacion.com.ar,Live de LA NACION. Reaccionamos en vivo al partido de República Checa contra Sudáfrica
2026-06-18,2026-W25,nacional,LA NACIÓN,Nacional,Nacional,Nacional,https://www.lanacion.com.ar,¿Cuál es mejor? El curioso ranking que enfrenta a la Argentina con Nueva Zelanda
2026-06-18,2026-W25,nacional,LA NACIÓN,Nacional,Nacional,Nacional,https://www.lanacion.com.ar,“Reagan se revuelve en su tumba”. Furia republicana con Trump: califican el acuerdo como el peor error de política exterior en décadas
2026-06-18,2026-W25,nacional,LA NACIÓN,Nacional,Nacional,Nacional,https://www.lanacion.com.ar,“Italia obtuvo un gran éxito”. Meloni festeja una importante victoria política que la habilita a avanzar con un polémico plan migratorio
2026-06-18,2026-W25,nacional,LA NACIÓN,Nacional,Nacional,Nacional,https://www.lanacion.com.ar,Veto y 74 latigazos. El duro castigo que recibió una cantante por desafiar una de las normas más estrictas del régimen iraní
2026-06-18,2026-W25,nacional,LA NACIÓN,Nacional,Nacional,Nacional,https://www.lanacion.com.ar,En el segmento de lujo. Un informe revela cuál es el factor que puede hacer que tu propiedad valga millones
2026-06-18,2026-W25,nacional,LA NACIÓN,Nacional,Nacional,Nacional,https://www.lanacion.com.ar,Dos Porsche y dos Aston Martin. Contrabando: secuestraron cuatro autos valuados en US$4.000.000
2026-06-18,2026-W25,nacional,LA NACIÓN,Nacional,Nacional,Nacional,https://www.lanacion.com.ar,El femicidio de Agostina Vega. Indagan hoy a uno de los acusados de encubrimiento
2026-06-18,2026-W25,nacional,LA NACIÓN,Nacional,Nacional,Nacional,https://www.lanacion.com.ar,“El secreto no está en el pescado”. Nueve lugares para comer versiones de un plato que adoptamos como propio
2026-06-18,2026-W25,nacional,LA NACIÓN,Nacional,Nacional,Nacional,https://www.lanacion.com.ar,Florencia Macri. La hermana menor del ex presidente lanzó su carrera como cantante: cómo se llama su banda
2026-06-18,2026-W25,nacional,LA NACIÓN,Nacional,Nacional,Nacional,https://www.lanacion.com.ar,5 años de estudio. El “efecto Zoolander”: por qué casi todos giramos hacia el mismo lado sin notarlo
2026-06-18,2026-W25,nacional,LA NACIÓN,Nacional,Nacional,Nacional,https://www.lanacion.com.ar,367 medallas. La mayor premiación de la historia para vinos argentinos en Decanter
2026-06-18,2026-W25,nacional,LA NACIÓN,Nacional,Nacional,Nacional,https://www.lanacion.com.ar,"""Mi alma gemela"". Las nuevas y las de siempre: las historias de amor detrás de la Scaloneta"
2026-06-18,2026-W25,nacional,LA NACIÓN,Nacional,Nacional,Nacional,https://www.lanacion.com.ar,Mundial 2026 El partido de Messi que nadie mostró: así se vivió desde uno de los pueblos más al norte de la Argentina
2026-06-18,2026-W25,nacional,LA NACIÓN,Nacional,Nacional,Nacional,https://www.lanacion.com.ar,"Mourinho no descansa. Mientras todos miran la Copa del Mundo, Real Madrid fichó a otro mundialista y va con todo por Enzo Fernández"
2026-06-18,2026-W25,nacional,CLARÍN,Nacional,Nacional,Nacional,https://www.clarin.com,Selección argentina
2026-06-18,2026-W25,nacional,CLARÍN,Nacional,Nacional,Nacional,https://www.clarin.com,República Checa vs Sudáfrica
2026-06-18,2026-W25,nacional,CLARÍN,Nacional,Nacional,Nacional,https://www.clarin.com,Suiza vs Bosnia Herzegovina
2026-06-18,2026-W25,nacional,CLARÍN,Nacional,Nacional,Nacional,https://www.clarin.com,México vs Corea del Sur
2026-06-18,2026-W25,nacional,CLARÍN,Nacional,Nacional,Nacional,https://www.clarin.com,Canadá vs Qatar
2026-06-18,2026-W25,nacional,CLARÍN,Nacional,Nacional,Nacional,https://www.clarin.com,"En otro polémico fallo, la Cámara Civil avaló el cambio de domicilio de la AFA a Provincia y anuló los veedores"
2026-06-18,2026-W25,nacional,CLARÍN,Nacional,Nacional,Nacional,https://www.clarin.com,La familia de Messi sacó un comunicado sobre la salud de su padre y mostró su “profundo malestar” por los rumores
2026-06-18,2026-W25,nacional,CLARÍN,Nacional,Nacional,Nacional,https://www.clarin.com,"Caso Cuadernos: ex pilotos contaron que volaban a El Calafate con muebles, sillones y diarios para los Kirchner"
2026-06-18,2026-W25,nacional,CLARÍN,Nacional,Nacional,Nacional,https://www.clarin.com,Nueva encuesta electoral y sorpresa: ventaja de 10 puntos para primera vuelta y empate en el balotaje
2026-06-18,2026-W25,nacional,CLARÍN,Nacional,Nacional,Nacional,https://www.clarin.com,Adorni mudó a su madre a un country por los carteles en su contra frente a su domicilio
2026-06-18,2026-W25,nacional,CLARÍN,Nacional,Nacional,Nacional,https://www.clarin.com,Karina Milei ordenó trasladar la biblioteca y renueva la vajilla con un logo nuevo
2026-06-18,2026-W25,nacional,CLARÍN,Nacional,Nacional,Nacional,https://www.clarin.com,¿Las nuevas reglas del Mundial 2026 mejoran el fútbol o lo arruinan?
2026-06-18,2026-W25,nacional,CLARÍN,Nacional,Nacional,Nacional,https://www.clarin.com,La Justicia pidió la indagatoria de Francisco Adorni por enriquecimiento ilícito y declaraciones juradas falsas
2026-06-18,2026-W25,nacional,CLARÍN,Nacional,Nacional,Nacional,https://www.clarin.com,Florencia Peña anunció la fake news de la muerte del padre de Messi y tuvo que pedir disculpas
2026-06-18,2026-W25,nacional,CLARÍN,Nacional,Nacional,Nacional,https://www.clarin.com,Duro mensaje de Nico Occhiato contra Florencia Peña por la fake news del padre de Messi: “Me indigna como a ustedes”
2026-06-18,2026-W25,nacional,CLARÍN,Nacional,Nacional,Nacional,https://www.clarin.com,Así quedaron las tablas de los 12 grupos tras completarse la primera fecha
2026-06-18,2026-W25,nacional,CLARÍN,Nacional,Nacional,Nacional,https://www.clarin.com,Arruabarrena inició su segundo ciclo con decisiones fuertes: borró a cuatro jugadores
2026-06-18,2026-W25,nacional,CLARÍN,Nacional,Nacional,Nacional,https://www.clarin.com,Mini casas premium desde US$10.000: se realizan en seco y son furor entre los hijos de los famosos
2026-06-18,2026-W25,nacional,CLARÍN,Nacional,Nacional,Nacional,https://www.clarin.com,Locos X el Asado: la transformación del pibe que desde las redes construyó una marca internacional
2026-06-18,2026-W25,nacional,CLARÍN,Nacional,Nacional,Nacional,https://www.clarin.com,Advierten por un nuevo factor de riesgo cardíaco diferente a los típicos y no siempre asociado a la edad
2026-06-18,2026-W25,nacional,CLARÍN,Nacional,Nacional,Nacional,https://www.clarin.com,Murió la mujer que sufrió quemaduras tras la explosión de su celular mientras lo cargaba en el auto
2026-06-18,2026-W25,nacional,CLARÍN,Nacional,Nacional,Nacional,https://www.clarin.com,"Quién era María Lucila Pagani, la mujer que falleció por la explosión del celular"
2026-06-18,2026-W25,nacional,CLARÍN,Nacional,Nacional,Nacional,https://www.clarin.com,Promo Mundial: leé sin límites los contenidos exclusivos de Clarín y Olé
2026-06-18,2026-W25,nacional,CLARÍN,Nacional,Nacional,Nacional,https://www.clarin.com,República Checa y Sudáfrica protagonizaron un empate que les sirve de poco pero que los mantiene vivos
2026-06-18,2026-W25,nacional,CLARÍN,Nacional,Nacional,Nacional,https://www.clarin.com,La Selección tuvo un día distinto: entrenamiento liviano y otra inyección familiar clave
2026-06-18,2026-W25,nacional,CLARÍN,Nacional,Nacional,Nacional,https://www.clarin.com,"Las críticas lapidarias a Cristiano Ronaldo: de “envejeció un poco” a “el equipo debe marcar, no tú”"
2026-06-18,2026-W25,nacional,CLARÍN,Nacional,Nacional,Nacional,https://www.clarin.com,"Agua va, negocio viene: la pausa de rehidratación, el último invento del fútbol moderno me hace engordar"
2026-06-18,2026-W25,nacional,CLARÍN,Nacional,Nacional,Nacional,https://www.clarin.com,"Adorni, correte que está jugando Messi"
2026-06-18,2026-W25,nacional,CLARÍN,Nacional,Nacional,Nacional,https://www.clarin.com,"Patricia Bullrich, como recambio de Adorni y las dudas de los seguidores de Cristina Kirchner"
2026-06-18,2026-W25,nacional,CLARÍN,Nacional,Nacional,Nacional,https://www.clarin.com,Las demoras en los trenes y una gran batalla de derrotados
2026-06-18,2026-W25,nacional,CLARÍN,Nacional,Nacional,Nacional,https://www.clarin.com,"India, una política exterior independiente y multidireccional"
2026-06-18,2026-W25,nacional,CLARÍN,Nacional,Nacional,Nacional,https://www.clarin.com,La nariz de Cleopatra y las hemorroides de Napoleón
2026-06-18,2026-W25,nacional,CLARÍN,Nacional,Nacional,Nacional,https://www.clarin.com,El acuerdo de Trump con Irán dispara feroces críticas entre republicanos: “El peor error de política exterior en décadas”
2026-06-18,2026-W25,nacional,CLARÍN,Nacional,Nacional,Nacional,https://www.clarin.com,"Luis Caputo ganó una interna en el ala económica, pero en el mercado prendieron alertas"
2026-06-18,2026-W25,nacional,CLARÍN,Nacional,Nacional,Nacional,https://www.clarin.com,El viaje del Papa a Sudamérica toma forma: Perú confirma la visita y crece la expectativa por la fecha en Argentina
2026-06-18,2026-W25,nacional,CLARÍN,Nacional,Nacional,Nacional,https://www.clarin.com,Moscú bajo fuego: un ataque ucraniano a gran escala alcanzó una refinería e hizo volar un techo por el aire
2026-06-18,2026-W25,nacional,CLARÍN,Nacional,Nacional,Nacional,https://www.clarin.com,Tenso cruce entre Bertie Benegas Lynch y Juan Grabois en plena comisión de Diputados
2026-06-18,2026-W25,nacional,CLARÍN,Nacional,Nacional,Nacional,https://www.clarin.com,"Como con el cigarrillo, la Ciudad prohibirá el vapeo en los lugares cerrados"
2026-06-18,2026-W25,nacional,CLARÍN,Nacional,Nacional,Nacional,https://www.clarin.com,Autos chinos en Argentina: los 60 modelos disponibles y sus precios
2026-06-18,2026-W25,nacional,CLARÍN,Nacional,Nacional,Nacional,https://www.clarin.com,Pollo a la cacerola en salsa de mostaza
2026-06-18,2026-W25,nacional,CLARÍN,Nacional,Nacional,Nacional,https://www.clarin.com,Potaje de lentejas
2026-06-18,2026-W25,nacional,CLARÍN,Nacional,Nacional,Nacional,https://www.clarin.com,Sopa light de calabaza
2026-06-18,2026-W25,nacional,CLARÍN,Nacional,Nacional,Nacional,https://www.clarin.com,Batatas al horno
2026-06-18,2026-W25,nacional,CLARÍN,Nacional,Nacional,Nacional,https://www.clarin.com,Selección Clarín
2026-06-18,2026-W25,nacional,CLARÍN,Nacional,Nacional,Nacional,https://www.clarin.com,"Una noche inesperada con Trump en Versalles: diplomacia, lujo y caos protocolar"
2026-06-18,2026-W25,nacional,CLARÍN,Nacional,Nacional,Nacional,https://www.clarin.com,Cuánto cuesta esquiar en los principales destinos de Argentina y qué lugar ya abrió las pistas
2026-06-18,2026-W25,nacional,CLARÍN,Nacional,Nacional,Nacional,https://www.clarin.com,"Las 5 mejores pizzerías de Buenos Aires para comer pizza al molde, según Roberto Petersen"
2026-06-18,2026-W25,nacional,CLARÍN,Nacional,Nacional,Nacional,https://www.clarin.com,El hall del teatro San Martín se abre a la danza popular: dos obras con creadoras que vienen del musical y los shows a gran escala
2026-06-18,2026-W25,nacional,CLARÍN,Nacional,Nacional,Nacional,https://www.clarin.com,"El semáforo de los seis DTs argentinos: Pochettino, verdugo de Alfaro, la gran revelación"
2026-06-18,2026-W25,nacional,CLARÍN,Nacional,Nacional,Nacional,https://www.clarin.com,Del parche de Messi a los debutantes: las nuevas insignias que transforman las camisetas
2026-06-18,2026-W25,nacional,PÁGINA 12,Nacional,Nacional,Nacional,https://www.pagina12.com.ar,donación de órganos
2026-06-18,2026-W25,nacional,PÁGINA 12,Nacional,Nacional,Nacional,https://www.pagina12.com.ar,Causa LIBRA: la estrategia de Mauricio Novelli es culpar a las víctimas
2026-06-18,2026-W25,nacional,PÁGINA 12,Nacional,Nacional,Nacional,https://www.pagina12.com.ar,La familia Messi emitió un comunicado por la salud de Jorge y aseguró que está “evolucionando favorablemente”
2026-06-18,2026-W25,nacional,PÁGINA 12,Nacional,Nacional,Nacional,https://www.pagina12.com.ar,"Adorni, el ancla que amarra a Milei"
2026-06-18,2026-W25,nacional,PÁGINA 12,Nacional,Nacional,Nacional,https://www.pagina12.com.ar,Declaraciones juradas que no cierran: piden la indagatoria de Francisco Adorni
2026-06-18,2026-W25,nacional,PÁGINA 12,Nacional,Nacional,Nacional,https://www.pagina12.com.ar,El Gobierno lanza un peligroso blanqueo de armas de fuego
2026-06-18,2026-W25,nacional,PÁGINA 12,Nacional,Nacional,Nacional,https://www.pagina12.com.ar,Histórica donación de órganos en Mar del Plata: un solo paciente permitió ocho trasplantes
2026-06-18,2026-W25,nacional,PÁGINA 12,Nacional,Nacional,Nacional,https://www.pagina12.com.ar,"A qué hora juegan Suiza vs. Bosnia-Herzegovina, dónde verlo y posibles formaciones"
2026-06-18,2026-W25,nacional,PÁGINA 12,Nacional,Nacional,Nacional,https://www.pagina12.com.ar,Así quedaron las tabla de posiciones tras la fecha 1
2026-06-18,2026-W25,nacional,PÁGINA 12,Nacional,Nacional,Nacional,https://www.pagina12.com.ar,Escuchá Página|12
2026-06-18,2026-W25,nacional,PÁGINA 12,Nacional,Nacional,Nacional,https://www.pagina12.com.ar,Damos la vuelta
2026-06-18,2026-W25,nacional,PÁGINA 12,Nacional,Nacional,Nacional,https://www.pagina12.com.ar,Estrenos de cine
2026-06-18,2026-W25,nacional,PÁGINA 12,Nacional,Nacional,Nacional,https://www.pagina12.com.ar,Cultura y Espectáculos
2026-06-18,2026-W25,nacional,PÁGINA 12,Nacional,Nacional,Nacional,https://www.pagina12.com.ar,Suplementos Especiales
2026-06-18,2026-W25,nacional,PÁGINA 12,Nacional,Nacional,Nacional,https://www.pagina12.com.ar,La Casa Rosada tuvo que ceder en el Congreso para salvar a Adorni
2026-06-18,2026-W25,nacional,PÁGINA 12,Nacional,Nacional,Nacional,https://www.pagina12.com.ar,Cristina Libre: convocan a un banderazo en Parque Lezama
2026-06-18,2026-W25,nacional,PÁGINA 12,Nacional,Nacional,Nacional,https://www.pagina12.com.ar,El Papa visitará Perú en noviembre y se acerca a la Argentina
2026-06-18,2026-W25,nacional,PÁGINA 12,Nacional,Nacional,Nacional,https://www.pagina12.com.ar,La cotización del dólar este jueves
2026-06-18,2026-W25,nacional,PÁGINA 12,Nacional,Nacional,Nacional,https://www.pagina12.com.ar,Tarjeta amarilla
2026-06-18,2026-W25,nacional,PÁGINA 12,Nacional,Nacional,Nacional,https://www.pagina12.com.ar,"Adorni, la foto y la película"
2026-06-18,2026-W25,nacional,PÁGINA 12,Nacional,Nacional,Nacional,https://www.pagina12.com.ar,Los jardines de infantes llegarían al 100% de cobertura en 2027
2026-06-18,2026-W25,nacional,PÁGINA 12,Nacional,Nacional,Nacional,https://www.pagina12.com.ar,La UBA se mantiene entre las 100 mejores del mundo y lidera en América Latina
2026-06-18,2026-W25,nacional,PÁGINA 12,Nacional,Nacional,Nacional,https://www.pagina12.com.ar,República Checa y Sudáfrica empataron 1-1
2026-06-18,2026-W25,nacional,PÁGINA 12,Nacional,Nacional,Nacional,https://www.pagina12.com.ar,"Entre chalecos refrigerantes, Argentina se prepara para enfrentar a Austria"
2026-06-18,2026-W25,nacional,PÁGINA 12,Nacional,Nacional,Nacional,https://www.pagina12.com.ar,Los números en rojo de la Conmebol en el debut
2026-06-18,2026-W25,nacional,PÁGINA 12,Nacional,Nacional,Nacional,https://www.pagina12.com.ar,La patria de los desangelados
2026-06-18,2026-W25,nacional,PÁGINA 12,Nacional,Nacional,Nacional,https://www.pagina12.com.ar,Trump no alcanzó sus objetivos militares ni nucleares
2026-06-18,2026-W25,nacional,PÁGINA 12,Nacional,Nacional,Nacional,https://www.pagina12.com.ar,"Una testigo clave complica a Andreani, encargada del bar Wachitas"
2026-06-18,2026-W25,nacional,PÁGINA 12,Nacional,Nacional,Nacional,https://www.pagina12.com.ar,El voto negro desafía a la ultraderecha en la elección más reñida de Colombia
2026-06-18,2026-W25,nacional,PÁGINA 12,Nacional,Nacional,Nacional,https://www.pagina12.com.ar,"Miguel Angel Butrón y Irene C. Krichmar, Enrique Gregorio Coreau, Jorge Oscar Scarimbolo, Juan Takara"
2026-06-18,2026-W25,nacional,PÁGINA 12,Nacional,Nacional,Nacional,https://www.pagina12.com.ar,Trabajadores de plataformas celebraron el nuevo convenio de la OIT
2026-06-18,2026-W25,nacional,PÁGINA 12,Nacional,Nacional,Nacional,https://www.pagina12.com.ar,"Víctor Hugo Morales, sobre Adorni: “Este infernal mamarracho toca fondo”"
2026-06-18,2026-W25,nacional,PÁGINA 12,Nacional,Nacional,Nacional,https://www.pagina12.com.ar,"Por una falla eléctrica, problemas en los trenes del Roca"
2026-06-18,2026-W25,nacional,PÁGINA 12,Nacional,Nacional,Nacional,https://www.pagina12.com.ar,Pierde fuerza el superávit fiscal
2026-06-18,2026-W25,nacional,PÁGINA 12,Nacional,Nacional,Nacional,https://www.pagina12.com.ar,"La industria cae, los servicios repuntan"
2026-06-18,2026-W25,nacional,PÁGINA 12,Nacional,Nacional,Nacional,https://www.pagina12.com.ar,La Justicia le puso un freno a los desalojos administrativos del Gobierno porteño
2026-06-18,2026-W25,nacional,PÁGINA 12,Nacional,Nacional,Nacional,https://www.pagina12.com.ar,No hubo acuerdo con la UTA y podría haber paro de colectivos
2026-06-18,2026-W25,nacional,PÁGINA 12,Nacional,Nacional,Nacional,https://www.pagina12.com.ar,Intiman al contratista de Adorni a entregar documentación sobre su actividad económica
2026-06-18,2026-W25,nacional,PÁGINA 12,Nacional,Nacional,Nacional,https://www.pagina12.com.ar,El PRO sigue presionando a Milei para que lo eche a Adorni
2026-06-18,2026-W25,nacional,PÁGINA 12,Nacional,Nacional,Nacional,https://www.pagina12.com.ar,Piden indagar a José Luis Espert por lavado de dinero
2026-06-18,2026-W25,nacional,PÁGINA 12,Nacional,Nacional,Nacional,https://www.pagina12.com.ar,"Investigan gastos familiares, una compra de $8 millones en sábanas y movimientos en Indio Cuá"
2026-06-18,2026-W25,nacional,PÁGINA 12,Nacional,Nacional,Nacional,https://www.pagina12.com.ar,“Norma Plá abrazó la causa más por los otros que por ella misma”
2026-06-18,2026-W25,nacional,PÁGINA 12,Nacional,Nacional,Nacional,https://www.pagina12.com.ar,Lula le exigió a Trump que no se meta con las elecciones de Brasil
2026-06-18,2026-W25,nacional,PÁGINA 12,Nacional,Nacional,Nacional,https://www.pagina12.com.ar,Trump afirmó que el bombardeo a la escuela en Irán fue un error
2026-06-18,2026-W25,nacional,PÁGINA 12,Nacional,Nacional,Nacional,https://www.pagina12.com.ar,“Toy Story 5″: una reivindicación de la imaginación
2026-06-18,2026-W25,nacional,PÁGINA 12,Nacional,Nacional,Nacional,https://www.pagina12.com.ar,"“Alphaville”, de Jean-Luc Godard: la distopía es el presente"
2026-06-18,2026-W25,nacional,PÁGINA 12,Nacional,Nacional,Nacional,https://www.pagina12.com.ar,“Lo que mata”: entre lo real y lo onírico
2026-06-18,2026-W25,nacional,PÁGINA 12,Nacional,Nacional,Nacional,https://www.pagina12.com.ar,Chiche Gelblung volvió a ser internado
2026-06-18,2026-W25,nacional,PÁGINA 12,Nacional,Nacional,Nacional,https://www.pagina12.com.ar,Dos amigos de Gaspi viajaron a Brasil para repatriar sus restos: el comunicado de la familia
2026-06-18,2026-W25,nacional,PÁGINA 12,Nacional,Nacional,Nacional,https://www.pagina12.com.ar,Edinson Cavani deja Boca
2026-06-18,2026-W25,nacional,PERFIL,Nacional,Nacional,Nacional,https://www.perfil.com,La familia Messi emitió un comunicado oficial ante los rumores sobre la salud de Jorge Messi
2026-06-18,2026-W25,nacional,PERFIL,Nacional,Nacional,Nacional,https://www.perfil.com,Desmienten rumores sobre el estado de salud de Jorge Messi
2026-06-18,2026-W25,nacional,PERFIL,Nacional,Nacional,Nacional,https://www.perfil.com,La verdad sobre la salud del padre de Lionel Messi: todo lo que se sabe
2026-06-18,2026-W25,nacional,PERFIL,Nacional,Nacional,Nacional,https://www.perfil.com,Día 920: Cuánto falta para que Macri rompa con Milei
2026-06-18,2026-W25,nacional,PERFIL,Nacional,Nacional,Nacional,https://www.perfil.com,"Milei, el dilema de Adorni y las enseñanzas de George Kennan"
2026-06-18,2026-W25,nacional,PERFIL,Nacional,Nacional,Nacional,https://www.perfil.com,Florencia Peña anunció en vivo la muerte del papá de Messi y luego pidió disculpas: “Me comí la curva”
2026-06-18,2026-W25,nacional,PERFIL,Nacional,Nacional,Nacional,https://www.perfil.com,"Quién es Jorge Messi, el histórico sostén de Lionel que hoy enciende las alarmas por su salud"
2026-06-18,2026-W25,nacional,PERFIL,Nacional,Nacional,Nacional,https://www.perfil.com,"Lamentable: tras tomar la foto de Adorni y su mujer, el director de Radio JAI anunció el cierre de su emisora"
2026-06-18,2026-W25,nacional,PERFIL,Nacional,Nacional,Nacional,https://www.perfil.com,"Marcos Galperin aparece vinculado a Dialog, el club de la élite global fundado por Peter Thiel"
2026-06-18,2026-W25,nacional,PERFIL,Nacional,Nacional,Nacional,https://www.perfil.com,República Checa y Sudáfrica empatan 1-1 por la segunda fecha del Mundial 2026: seguí el minuto a minuto
2026-06-18,2026-W25,nacional,PERFIL,Nacional,Nacional,Nacional,https://www.perfil.com,Quiénes son y cómo se llaman las mascotas de la Copa del Mundo
2026-06-18,2026-W25,nacional,PERFIL,Nacional,Nacional,Nacional,https://www.perfil.com,Denegaron la entrada a Canadá al delantero marfileño Elye Wahi por una causa de corrupción y no jugará la segunda fecha de la Copa del Mundo
2026-06-18,2026-W25,nacional,PERFIL,Nacional,Nacional,Nacional,https://www.perfil.com,El embajador Marcelo Cesa explicó por qué Bangladesh vive los triunfos de la Selección como propios
2026-06-18,2026-W25,nacional,PERFIL,Nacional,Nacional,Nacional,https://www.perfil.com,"Inauguraron en Neuquén una estatua de Messi de 26 metros, la más alta del mundo"
2026-06-18,2026-W25,nacional,PERFIL,Nacional,Nacional,Nacional,https://www.perfil.com,Horarios del Mundial 2026: qué partidos se juegan hoy y dónde verlos en Argentina
2026-06-18,2026-W25,nacional,PERFIL,Nacional,Nacional,Nacional,https://www.perfil.com,"Suiza y Bosnia se enfrentarán en un duelo clave por el Grupo B de la Copa Mundial 2026: hora, TV y formaciones"
2026-06-18,2026-W25,nacional,PERFIL,Nacional,Nacional,Nacional,https://www.perfil.com,"Canadá y Qatar buscarán un triunfo histórico en la segunda fecha de la Copa Mundial 2026: hora, TV y formaciones"
2026-06-18,2026-W25,nacional,PERFIL,Nacional,Nacional,Nacional,https://www.perfil.com,"México enfrenta a Corea del Sur por el primer boleto a 16avos del Mundial 2026: hora, TV y qué necesita cada uno para clasificar"
2026-06-18,2026-W25,nacional,PERFIL,Nacional,Nacional,Nacional,https://www.perfil.com,Fiebre mundialista: cuánto cuesta viajar a Texas para alentar a la Selección frente a Austria
2026-06-18,2026-W25,nacional,PERFIL,Nacional,Nacional,Nacional,https://www.perfil.com,Debut ideal para la Colombia de Lorenzo: venció 3-1 al debutante Uzbekistán y lidera el Grupo K de la Copa Mundial 2026
2026-06-18,2026-W25,nacional,PERFIL,Nacional,Nacional,Nacional,https://www.perfil.com,"El Gobierno aprueba la fusión de Telefónica y Telecom, pero le pide a Clarín desprenderse de 6 millones de usuarios"
2026-06-18,2026-W25,nacional,PERFIL,Nacional,Nacional,Nacional,https://www.perfil.com,Piden indagatoria para el hermano de Adorni por haber omitido información en su declaración jurada
2026-06-18,2026-W25,nacional,PERFIL,Nacional,Nacional,Nacional,https://www.perfil.com,Preocupación por la salud de Chiche Gelblung: volvió a ser internado y enfrenta un cuadro complejo
2026-06-18,2026-W25,nacional,PERFIL,Nacional,Nacional,Nacional,https://www.perfil.com,Se confirma la visita del Papa a Perú en noviembre: grandes expectativas de que venga a Argentina
2026-06-18,2026-W25,nacional,PERFIL,Nacional,Nacional,Nacional,https://www.perfil.com,Empresas IA sin humanos: ¿innovación o delirio?
2026-06-18,2026-W25,nacional,PERFIL,Nacional,Nacional,Nacional,https://www.perfil.com,La construcción se desplomó 70% en Buenos Aires y crece la preocupación por la falta de demanda
2026-06-18,2026-W25,nacional,PERFIL,Nacional,Nacional,Nacional,https://www.perfil.com,Morgan Stanley define una señal clave para la Argentina: qué acciones pueden subir si el país deja de ser “standalone”
2026-06-18,2026-W25,nacional,PERFIL,Nacional,Nacional,Nacional,https://www.perfil.com,ARCA intimó al contratista de Manuel Adorni tras su declaración judicial sobre la reforma en el country Indio Cuá
2026-06-18,2026-W25,nacional,PERFIL,Nacional,Nacional,Nacional,https://www.perfil.com,Encuesta: Macri no logra recuperar al PRO y queda relegado en la carrera hacia 2027
2026-06-18,2026-W25,nacional,PERFIL,Nacional,Nacional,Nacional,https://www.perfil.com,Revés para la IGJ: la Justicia avaló la mudanza de la AFA a la provincia de Buenos Aires y anuló los veedores
2026-06-18,2026-W25,nacional,PERFIL,Nacional,Nacional,Nacional,https://www.perfil.com,"Día 919: Argentina, el Mundial 2026 y la instantánea de una época"
2026-06-18,2026-W25,nacional,PERFIL,Nacional,Nacional,Nacional,https://www.perfil.com,Ministra de educación de Macri: Por qué enseñar empatía en lo colegios nos dará mejores políticos
2026-06-18,2026-W25,nacional,PERFIL,Nacional,Nacional,Nacional,https://www.perfil.com,"Consejo de la Magistratura: “Mientras miramos los goles de Messi, el Gobierno quita instancias de participación ciudadana”"
2026-06-18,2026-W25,nacional,PERFIL,Nacional,Nacional,Nacional,https://www.perfil.com,El biógrafo de Scaloni revela los secretos del DT argentino y su manejo del vestuario
2026-06-18,2026-W25,nacional,PERFIL,Nacional,Nacional,Nacional,https://www.perfil.com,"Guillermo Oliveto: ""'El no hay plata' de Milei inhibió el deseo a consumir y es un problema económico"""
2026-06-18,2026-W25,nacional,PERFIL,Nacional,Nacional,Nacional,https://www.perfil.com,¿Podrá YPF volver a valer más que Mercado Libre? Responde Marcos Buscaglia
2026-06-18,2026-W25,nacional,PERFIL,Nacional,Nacional,Nacional,https://www.perfil.com,"“Kicillof tiene posibilidades de ser presidente, pero todavía carga con la mochila kirchnerista”"
2026-06-18,2026-W25,nacional,PERFIL,Nacional,Nacional,Nacional,https://www.perfil.com,"""58 senadores que votaron por Mahiques apoyarían dos jueces y el procurador que quiere Milei"""
2026-06-18,2026-W25,nacional,PERFIL,Nacional,Nacional,Nacional,https://www.perfil.com,“El acuerdo de paz de Irán y EE.UU. llevará mucho más de 60 días de negociaciones”
2026-06-18,2026-W25,nacional,PERFIL,Nacional,Nacional,Nacional,https://www.perfil.com,"Villarruel confirmó que estará en Rosario el Día de la Bandera, pese a no ser invitada al acto oficial"
2026-06-18,2026-W25,nacional,PERFIL,Nacional,Nacional,Nacional,https://www.perfil.com,Los organismos estatales que regulan el juego acusan a Mercado Libre de hacer un prode Mundial ilegal
2026-06-18,2026-W25,nacional,PERFIL,Nacional,Nacional,Nacional,https://www.perfil.com,Milei a contramano de Trump: envía a Menem a Israel mientras EE.UU. sella el acuerdo con Irán
2026-06-18,2026-W25,nacional,PERFIL,Nacional,Nacional,Nacional,https://www.perfil.com,¡Mirá en vivo Canal E!: toda la información económica
2026-06-18,2026-W25,nacional,PERFIL,Nacional,Nacional,Nacional,https://www.perfil.com,El Gobierno aprobó la fusión entre Telecom y Telefónica: “Se terminaría conformando un duopolio”
2026-06-18,2026-W25,nacional,PERFIL,Nacional,Nacional,Nacional,https://www.perfil.com,"Alberto Ruskolekier analizó el acuerdo entre Estados Unidos e Irán: ""No remueve ninguna de las causas del conflicto"""
2026-06-18,2026-W25,nacional,PERFIL,Nacional,Nacional,Nacional,https://www.perfil.com,Por qué los inversores pagan valuaciones récord por SpaceX pese a sus negocios aún no rentables
2026-06-18,2026-W25,nacional,PERFIL,Nacional,Nacional,Nacional,https://www.perfil.com,Se agrava la pérdida de empleo en Argentina: “El 68% de los trabajadores echados son de empresas grandes”
2026-06-18,2026-W25,nacional,PERFIL,Nacional,Nacional,Nacional,https://www.perfil.com,"A qué se debe el éxito de SpaceX en el mercado financiero local: “Es una empresa que ya funciona, que ya está establecida”"
2026-06-18,2026-W25,nacional,PERFIL,Nacional,Nacional,Nacional,https://www.perfil.com,El acuerdo entre Estados Unidos e Irán puede aliviar el precio del petróleo y reordenar la economía global
2026-06-18,2026-W25,nacional,PERFIL,Nacional,Nacional,Nacional,https://www.perfil.com,Corte Suprema: Milei modificó por decreto el sistema de designación y recortó la participación ciudadana
2026-06-18,2026-W25,nacional,EL DESTAPE,Nacional,Nacional,Nacional,https://www.eldestapeweb.com,El Destape - Sigamos Haciendo Historia
2026-06-18,2026-W25,nacional,EL DESTAPE,Nacional,Nacional,Nacional,https://www.eldestapeweb.com,"Milei amenaza al Congreso: si echan a Adorni, lo vuelve a designar"
2026-06-18,2026-W25,nacional,EL DESTAPE,Nacional,Nacional,Nacional,https://www.eldestapeweb.com,El 77% de las familias resigna comer bien por falta de ingresos
2026-06-18,2026-W25,nacional,EL DESTAPE,Nacional,Nacional,Nacional,https://www.eldestapeweb.com,"La familia de Messi reveló el estado de salud del padre y pidió ""responsabilidad"""
2026-06-18,2026-W25,nacional,EL DESTAPE,Nacional,Nacional,Nacional,https://www.eldestapeweb.com,Revelan que las tarifas eléctricas que más aumentaron son las de familas pobres
2026-06-18,2026-W25,nacional,EL DESTAPE,Nacional,Nacional,Nacional,https://www.eldestapeweb.com,"En medio del caso Adorni, Milei y Clarín escalan artificios por la fusión de Telecom"
2026-06-18,2026-W25,nacional,EL DESTAPE,Nacional,Nacional,Nacional,https://www.eldestapeweb.com,La Selección mira a Austria: confianza plena y alivio por Tagliafico
2026-06-18,2026-W25,nacional,EL DESTAPE,Nacional,Nacional,Nacional,https://www.eldestapeweb.com,"República Checa vs. Sudáfrica: quién gana, predicciones y pronóstico"
2026-06-18,2026-W25,nacional,EL DESTAPE,Nacional,Nacional,Nacional,https://www.eldestapeweb.com,"Messi, 20 años de vigencia para el crack que nació con el papel y se mantiene con tik tok"
2026-06-18,2026-W25,nacional,EL DESTAPE,Nacional,Nacional,Nacional,https://www.eldestapeweb.com,Jugá al Desafío Mundialista de El Destape: el Mundial 2026 también lo podés ganar vos
2026-06-18,2026-W25,nacional,EL DESTAPE,Nacional,Nacional,Nacional,https://www.eldestapeweb.com,Un histórico jugador no fue al nacimiento de su hija para ir al Mundial
2026-06-18,2026-W25,nacional,EL DESTAPE,Nacional,Nacional,Nacional,https://www.eldestapeweb.com,"Occhiato confirmó la medida que tomarán con Flor Peña: ""Sanción"""
2026-06-18,2026-W25,nacional,EL DESTAPE,Nacional,Nacional,Nacional,https://www.eldestapeweb.com,Dos argentinos en la secta del fin del mundo de Peter Thiel
2026-06-18,2026-W25,nacional,EL DESTAPE,Nacional,Nacional,Nacional,https://www.eldestapeweb.com,Mate amargo: la desregulación hunde a yerbateros y acelera la concentración
2026-06-18,2026-W25,nacional,EL DESTAPE,Nacional,Nacional,Nacional,https://www.eldestapeweb.com,Un equilibrio hermoso
2026-06-18,2026-W25,nacional,EL DESTAPE,Nacional,Nacional,Nacional,https://www.eldestapeweb.com,"El fiscal pidió la indagatoria de Espert por lavado, pero el juez resolvió dilatar la cita"
2026-06-18,2026-W25,nacional,EL DESTAPE,Nacional,Nacional,Nacional,https://www.eldestapeweb.com,"Netanyahu dice que Israel permanecerá en el Líbano ""mientras sea necesario"""
2026-06-18,2026-W25,nacional,EL DESTAPE,Nacional,Nacional,Nacional,https://www.eldestapeweb.com,Robo de cápsula Cesio 137: alerta en Rosario y el recuerdo de la tragedia en Brasil
2026-06-18,2026-W25,nacional,EL DESTAPE,Nacional,Nacional,Nacional,https://www.eldestapeweb.com,En qué provincia cuesta más comprar un televisor o un par de zapatillas
2026-06-18,2026-W25,nacional,EL DESTAPE,Nacional,Nacional,Nacional,https://www.eldestapeweb.com,El Gobierno adquirirá energía que será almacenada en baterías para evitar cortes
2026-06-18,2026-W25,nacional,EL DESTAPE,Nacional,Nacional,Nacional,https://www.eldestapeweb.com,Piden indagar al hermano de Manuel Adorni por inconsistencias patrimoniales
2026-06-18,2026-W25,nacional,EL DESTAPE,Nacional,Nacional,Nacional,https://www.eldestapeweb.com,Fuerte suba del dólar oficial y los financieros acompañan al alza
2026-06-18,2026-W25,nacional,EL DESTAPE,Nacional,Nacional,Nacional,https://www.eldestapeweb.com,Majul quiso defender a Adorni y Mercedes Ninci lo domó en vivo
2026-06-18,2026-W25,nacional,EL DESTAPE,Nacional,Nacional,Nacional,https://www.eldestapeweb.com,Google Trends sigue el pulso del Mundial 2026 en Argentina
2026-06-18,2026-W25,nacional,EL DESTAPE,Nacional,Nacional,Nacional,https://www.eldestapeweb.com,Cambia para siempre una de las líneas de colectivo más usadas del AMBA
2026-06-18,2026-W25,nacional,EL DESTAPE,Nacional,Nacional,Nacional,https://www.eldestapeweb.com,Florencia Peña anunció la fake news de la muerte del papá de Messi al aire
2026-06-18,2026-W25,nacional,EL DESTAPE,Nacional,Nacional,Nacional,https://www.eldestapeweb.com,"Alemania enfrenta primera prueba de fuego en Mundial ante ""tren expreso"" de Costa de Marfil Diomande"
2026-06-18,2026-W25,nacional,EL DESTAPE,Nacional,Nacional,Nacional,https://www.eldestapeweb.com,Seth Rogen estrena una película que popularizaron Diego Peretti y Flor Peña
2026-06-18,2026-W25,nacional,EL DESTAPE,Nacional,Nacional,Nacional,https://www.eldestapeweb.com,"Ferroviarios advierten por los trenes: ""En cualquier momento podemos chocar"""
2026-06-18,2026-W25,nacional,EL DESTAPE,Nacional,Nacional,Nacional,https://www.eldestapeweb.com,Universidad de de La Plata desmiente la baja de 10 puntos en pobreza que aduce Milei
2026-06-18,2026-W25,nacional,EL DESTAPE,Nacional,Nacional,Nacional,https://www.eldestapeweb.com,Caso Agostina: la defensa de Fassetta apuntó contra la investigación
2026-06-18,2026-W25,nacional,EL DESTAPE,Nacional,Nacional,Nacional,https://www.eldestapeweb.com,”No se hicieron cargo de repatriarlo”: el padre de Gaspi criticó al gobierno de Milei
2026-06-18,2026-W25,nacional,EL DESTAPE,Nacional,Nacional,Nacional,https://www.eldestapeweb.com,Racismo en el Mundial: el lamentable comentario de una leyenda de Países Bajos
2026-06-18,2026-W25,nacional,EL DESTAPE,Nacional,Nacional,Nacional,https://www.eldestapeweb.com,"Suiza vs. Bosnia y Herzegovina: quién gana, predicciones y pronóstico del partido de la IA"
2026-06-18,2026-W25,nacional,EL DESTAPE,Nacional,Nacional,Nacional,https://www.eldestapeweb.com,"Fue figura ante España, llegó a 13 millones de seguidores y torció una ley migratoria"
2026-06-18,2026-W25,nacional,EL DESTAPE,Nacional,Nacional,Nacional,https://www.eldestapeweb.com,Ver Suiza vs. Bosnia y Herzegovina en vivo de forma legal por el Mundial 2026
2026-06-18,2026-W25,nacional,EL DESTAPE,Nacional,Nacional,Nacional,https://www.eldestapeweb.com,"Messi, con la emoción a flor de piel tras brillar: ""Pasé días difíciles"""
2026-06-18,2026-W25,nacional,EL DESTAPE,Nacional,Nacional,Nacional,https://www.eldestapeweb.com,"Mónica Cahen D’Anvers mostró como es La Campiña, su ambicioso proyecto rural"
2026-06-18,2026-W25,nacional,EL DESTAPE,Nacional,Nacional,Nacional,https://www.eldestapeweb.com,Día del Padre en CABA: cinco planes gratis o económicos
2026-06-18,2026-W25,nacional,EL DESTAPE,Nacional,Nacional,Nacional,https://www.eldestapeweb.com,La explicación científica detrás de los antojos de invierno
2026-06-18,2026-W25,nacional,EL DESTAPE,Nacional,Nacional,Nacional,https://www.eldestapeweb.com,Una nena de 5 años atacada por un pitbull se someterá a una cirugía reconstructiva
2026-06-18,2026-W25,nacional,EL DESTAPE,Nacional,Nacional,Nacional,https://www.eldestapeweb.com,Crisis financiera en Corrientes: otro municipio se declaró en emergencia económica
2026-06-18,2026-W25,nacional,EL DESTAPE,Nacional,Nacional,Nacional,https://www.eldestapeweb.com,Trabajadores de Vialidad denuncian reducción de fondos y posibles despidos
2026-06-18,2026-W25,nacional,EL DESTAPE,Nacional,Nacional,Nacional,https://www.eldestapeweb.com,Homenaje a Taty Almeida: la Legislatura porteña inicia un ciclo sobre memoria y justicia
2026-06-18,2026-W25,nacional,EL DESTAPE,Nacional,Nacional,Nacional,https://www.eldestapeweb.com,El Gobierno promulgó una ley que permite el blanqueo de armas sin registrar
2026-06-18,2026-W25,nacional,EL DESTAPE,Nacional,Nacional,Nacional,https://www.eldestapeweb.com,Milei vuelve a auxiliar en cuentagotas a provincias asfixiadas por la crisis
2026-06-18,2026-W25,nacional,EL DESTAPE,Nacional,Nacional,Nacional,https://www.eldestapeweb.com,"Cuándo vuelve a jugar Argentina en el Mundial: próximo rival, fecha y horario"
2026-06-18,2026-W25,nacional,EL DESTAPE,Nacional,Nacional,Nacional,https://www.eldestapeweb.com,El ajuste de Milei golpea los hogares: seis de cada diez cree que el país está en crisis
2026-06-18,2026-W25,nacional,EL DESTAPE,Nacional,Nacional,Nacional,https://www.eldestapeweb.com,"Cavallo cuestionó al RIGI, mandó a Sturzenegger al frente y cruzó a Milei"
2026-06-18,2026-W25,nacional,EL DESTAPE,Nacional,Nacional,Nacional,https://www.eldestapeweb.com,Impacto digital: el pedido de renuncia de Adorni ya es una corriente central en redes
2026-06-18,2026-W25,nacional,LA POLÍTICA ONLINE,Nacional,Nacional,Nacional,https://www.lapoliticaonline.com.ar,Dura decisión de Milei contra Clarín: obliga a Telecom a desprenderse de 6 millones de abonados
2026-06-18,2026-W25,nacional,LA POLÍTICA ONLINE,Nacional,Nacional,Nacional,https://www.lapoliticaonline.com.ar,Sáenz le propuso a Jaldo y Jalil no voltear a Adorni para evitar que Milei se victimice
2026-06-18,2026-W25,nacional,LA POLÍTICA ONLINE,Nacional,Nacional,Nacional,https://www.lapoliticaonline.com.ar,"Ultimátum de los aliados a Milei, le dan dos semanas para que eche a Adorni"
2026-06-18,2026-W25,nacional,LA POLÍTICA ONLINE,Nacional,Nacional,Nacional,https://www.lapoliticaonline.com.ar,Llaryora se desmarca de Schiaretti y no avanzará contra Adorni
2026-06-18,2026-W25,nacional,LA POLÍTICA ONLINE,Nacional,Nacional,Nacional,https://www.lapoliticaonline.com.ar,Marijuan pidió la indagatoria del hermano de Adorni por mentir en las declaraciones juradas
2026-06-18,2026-W25,nacional,LA POLÍTICA ONLINE,Nacional,Nacional,Nacional,https://www.lapoliticaonline.com.ar,Denuncian que ARCA intimó al contratista que declaró contra Adorni
2026-06-18,2026-W25,nacional,LA POLÍTICA ONLINE,Nacional,Nacional,Nacional,https://www.lapoliticaonline.com.ar,Ahora revelan que Adorni se gastó 8 millones en sábanas de lujo
2026-06-18,2026-W25,nacional,LA POLÍTICA ONLINE,Nacional,Nacional,Nacional,https://www.lapoliticaonline.com.ar,Fuerte presión del gabinete a Milei para que eche a Adorni y mencionan a Quirno
2026-06-18,2026-W25,nacional,LA POLÍTICA ONLINE,Nacional,Nacional,Nacional,https://www.lapoliticaonline.com.ar,La candidata de Macri en Rosario le pidió a Milei que no llegue con Adorni al acto de la Bandera
2026-06-18,2026-W25,nacional,LA POLÍTICA ONLINE,Nacional,Nacional,Nacional,https://www.lapoliticaonline.com.ar,El PRO confirmó que apoyará la remoción de Adorni en el Senado
2026-06-18,2026-W25,nacional,LA POLÍTICA ONLINE,Nacional,Nacional,Nacional,https://www.lapoliticaonline.com.ar,Caputo encontró una nueva forma de frenar al dólar sin vender reservas
2026-06-18,2026-W25,nacional,LA POLÍTICA ONLINE,Nacional,Nacional,Nacional,https://www.lapoliticaonline.com.ar,"El superávit se achica, pero presionado por los fallos Caputo tuvo que aumentar el gasto en universidades"
2026-06-18,2026-W25,nacional,LA POLÍTICA ONLINE,Nacional,Nacional,Nacional,https://www.lapoliticaonline.com.ar,Córdoba y Santa Fe las más golpeadas por el cierre de industrias de la era Milei
2026-06-18,2026-W25,nacional,LA POLÍTICA ONLINE,Nacional,Nacional,Nacional,https://www.lapoliticaonline.com.ar,Espinoza armó un fan fest para 50 mil personas y no juntó ni 100
2026-06-18,2026-W25,nacional,LA POLÍTICA ONLINE,Nacional,Nacional,Nacional,https://www.lapoliticaonline.com.ar,El Central sale a comprar billetes en el exterior tras el desguace de Sturzenegger a Casa de Moneda
2026-06-18,2026-W25,nacional,LA POLÍTICA ONLINE,Nacional,Nacional,Nacional,https://www.lapoliticaonline.com.ar,Los bonos que elige el mercado tras la baja del riesgo país
2026-06-18,2026-W25,nacional,LA POLÍTICA ONLINE,Nacional,Nacional,Nacional,https://www.lapoliticaonline.com.ar,Los ejecutivos de Galperin salen a comprar acciones de Mercado Libre para subirle el precio
2026-06-18,2026-W25,nacional,LA POLÍTICA ONLINE,Nacional,Nacional,Nacional,https://www.lapoliticaonline.com.ar,Peter Schiff vs. Michael Saylor: el debate que divide al mundo Bitcoin
2026-06-18,2026-W25,nacional,LA POLÍTICA ONLINE,Nacional,Nacional,Nacional,https://www.lapoliticaonline.com.ar,El juez Gallardo suspendió los desalojos de Jorge Macri
2026-06-18,2026-W25,nacional,LA POLÍTICA ONLINE,Nacional,Nacional,Nacional,https://www.lapoliticaonline.com.ar,El juez Barroetaveña quiere quedarse en la Magistratura y desata una interna con Llorens y Basso
2026-06-18,2026-W25,nacional,LA POLÍTICA ONLINE,Nacional,Nacional,Nacional,https://www.lapoliticaonline.com.ar,"Pullaro terminó la restauración del Monumento a la Bandera que Macri, Alberto y Milei dejaron inconclusa"
2026-06-18,2026-W25,nacional,LA POLÍTICA ONLINE,Nacional,Nacional,Nacional,https://www.lapoliticaonline.com.ar,Gremios y la AGN extreman las alertas por el colapso del sistema ferroviario
2026-06-18,2026-W25,nacional,LA POLÍTICA ONLINE,Nacional,Nacional,Nacional,https://www.lapoliticaonline.com.ar,Maniobra urgente de Santilli y Lule para voltear la sesión del Senado y evitar que interpelen a Adorni
2026-06-18,2026-W25,nacional,LA POLÍTICA ONLINE,Nacional,Nacional,Nacional,https://www.lapoliticaonline.com.ar,La mujer de Adorni recibió 55 millones de una empresa que compite por Tecnópolis
2026-06-18,2026-W25,nacional,LA POLÍTICA ONLINE,Nacional,Nacional,Nacional,https://www.lapoliticaonline.com.ar,Giro sorpresivo en la guerra de arenas: La Nación le vendió el Movistar Arena a Finkelstein
2026-06-18,2026-W25,nacional,LA POLÍTICA ONLINE,Nacional,Nacional,Nacional,https://www.lapoliticaonline.com.ar,"""Esto no es un modelo de consumo, es de inversión"", explica uno de los ganadores de la era Milei"
2026-06-18,2026-W25,nacional,LA POLÍTICA ONLINE,Nacional,Nacional,Nacional,https://www.lapoliticaonline.com.ar,VMOS: la máquina de dólares a la que apuestan Milei y Caputo entra en su etapa final
2026-06-18,2026-W25,nacional,LA POLÍTICA ONLINE,Nacional,Nacional,Nacional,https://www.lapoliticaonline.com.ar,Milei va a la fundación Faro en un guiño a Santiago y desautoriza a Karina
2026-06-18,2026-W25,nacional,LA POLÍTICA ONLINE,Nacional,Nacional,Nacional,https://www.lapoliticaonline.com.ar,Un informe binacional confirmó que Botnia contaminó el Río Uruguay
2026-06-18,2026-W25,nacional,LA POLÍTICA ONLINE,Nacional,Nacional,Nacional,https://www.lapoliticaonline.com.ar,Las pymes del biodiesel denuncian que Bullrich les entrega el negocio a las cerealeras y pone en riesgo 25 fábricas
2026-06-18,2026-W25,nacional,LA POLÍTICA ONLINE,Nacional,Nacional,Nacional,https://www.lapoliticaonline.com.ar,Argentina compró el 75% de la soja paraguaya en lo que va del año para alimentar su industria aceitera
2026-06-18,2026-W25,nacional,LA POLÍTICA ONLINE,Nacional,Nacional,Nacional,https://www.lapoliticaonline.com.ar,"Martilleros dicen que el proyecto de desregulación inmobiliaria ""retrocede más de medio siglo"""
2026-06-18,2026-W25,nacional,LA POLÍTICA ONLINE,Nacional,Nacional,Nacional,https://www.lapoliticaonline.com.ar,Los comerciantes avisan que los free shops en la frontera con Argentina podrían restar ventas y turistas a Paraguay
2026-06-18,2026-W25,nacional,LA POLÍTICA ONLINE,Nacional,Nacional,Nacional,https://www.lapoliticaonline.com.ar,Los testigos ratifican el hallazgo de los dólares y complican a Kueider
2026-06-18,2026-W25,nacional,LA POLÍTICA ONLINE,Nacional,Nacional,Nacional,https://www.lapoliticaonline.com.ar,Karina analiza exiliar a Adorni y le buscan un consulado para evitar el Senado
2026-06-18,2026-W25,nacional,LA POLÍTICA ONLINE,Nacional,Nacional,Nacional,https://www.lapoliticaonline.com.ar,Milei oficializó el decreto que elimina controles en la designación de jueces de la Corte
2026-06-18,2026-W25,nacional,LA POLÍTICA ONLINE,Nacional,Nacional,Nacional,https://www.lapoliticaonline.com.ar,Los gobernadores aliados no quieren pagar el costo de salvar a Adorni en el Senado
2026-06-18,2026-W25,nacional,LA POLÍTICA ONLINE,Nacional,Nacional,Nacional,https://www.lapoliticaonline.com.ar,"""Karina le está buscando reemplazante a Adorni"""
2026-06-18,2026-W25,nacional,LA POLÍTICA ONLINE,Nacional,Nacional,Nacional,https://www.lapoliticaonline.com.ar,Investigan como asesinato la muerte del socio de Menem y detienen a una mujer
2026-06-18,2026-W25,nacional,LA POLÍTICA ONLINE,Nacional,Nacional,Nacional,https://www.lapoliticaonline.com.ar,"Detienen al Narigón Vázquez, acusado de organizar el asesinato de Pillín Bracamonte"
2026-06-18,2026-W25,nacional,LA POLÍTICA ONLINE,Nacional,Nacional,Nacional,https://www.lapoliticaonline.com.ar,Milei elimina controles en la designación de jueces de la Corte Suprema en medio del escándalo Adorni
2026-06-18,2026-W25,nacional,LA POLÍTICA ONLINE,Nacional,Nacional,Nacional,https://www.lapoliticaonline.com.ar,La agonía de la industria: cómo destruir un sector
2026-06-18,2026-W25,nacional,LA POLÍTICA ONLINE,Nacional,Nacional,Nacional,https://www.lapoliticaonline.com.ar,Los intendentes refuerzan contactos con la Iglesia para contener la crisis social
2026-06-18,2026-W25,nacional,LA POLÍTICA ONLINE,Nacional,Nacional,Nacional,https://www.lapoliticaonline.com.ar,Salmain y la Justicia Federal de Rosario
2026-06-18,2026-W25,nacional,LA POLÍTICA ONLINE,Nacional,Nacional,Nacional,https://www.lapoliticaonline.com.ar,Lula logró defender a Pix de los ataques de Trump y la billetera es un ejemplo de soberanía monetaria
2026-06-18,2026-W25,nacional,LA POLÍTICA ONLINE,Nacional,Nacional,Nacional,https://www.lapoliticaonline.com.ar,"El fin de semana largo fue el menos concurrido del año y el gasto de los turistas cayó 3,5%"
2026-06-18,2026-W25,nacional,LA POLÍTICA ONLINE,Nacional,Nacional,Nacional,https://www.lapoliticaonline.com.ar,Abappra cambió su estatuto después de casi 20 años
2026-06-18,2026-W25,nacional,LA POLÍTICA ONLINE,Nacional,Nacional,Nacional,https://www.lapoliticaonline.com.ar,El consumo de carne se hunde y es el más bajo en más de 20 años
2026-06-18,2026-W25,nacional,LA POLÍTICA ONLINE,Nacional,Nacional,Nacional,https://www.lapoliticaonline.com.ar,Acuerdo marco entre YPF y Tesla para explorar una red de cargadores eléctricos rápidos
2026-06-18,2026-W25,nacional,LA POLÍTICA ONLINE,Nacional,Nacional,Nacional,https://www.lapoliticaonline.com.ar,Sáenz lidera el ranking de gobernadores
2026-06-18,2026-W25,nacional,TIEMPO ARGENTINO,Nacional,Nacional,Nacional,https://www.tiempoar.com.ar,Tiempo Argentino
2026-06-18,2026-W25,nacional,TIEMPO ARGENTINO,Nacional,Nacional,Nacional,https://www.tiempoar.com.ar,acusado de encubrimiento
2026-06-18,2026-W25,nacional,TIEMPO ARGENTINO,Nacional,Nacional,Nacional,https://www.tiempoar.com.ar,Andis: la Justicia mandó a juicio al jefe de seguridad de Nordelta por entorpecer el allanamiento a Kovalivker
2026-06-18,2026-W25,nacional,TIEMPO ARGENTINO,Nacional,Nacional,Nacional,https://www.tiempoar.com.ar,concierto mundialista
2026-06-18,2026-W25,nacional,TIEMPO ARGENTINO,Nacional,Nacional,Nacional,https://www.tiempoar.com.ar,Apuntes de la primera fecha del inoxidable show del Mundial
2026-06-18,2026-W25,nacional,TIEMPO ARGENTINO,Nacional,Nacional,Nacional,https://www.tiempoar.com.ar,Complicación familiar
2026-06-18,2026-W25,nacional,TIEMPO ARGENTINO,Nacional,Nacional,Nacional,https://www.tiempoar.com.ar,El fiscal pidió la indagatoria para el hermano de Adorni
2026-06-18,2026-W25,nacional,TIEMPO ARGENTINO,Nacional,Nacional,Nacional,https://www.tiempoar.com.ar,Informe de ISEPCI
2026-06-18,2026-W25,nacional,TIEMPO ARGENTINO,Nacional,Nacional,Nacional,https://www.tiempoar.com.ar,Cuatro de cada 10 familias comieron menos para pagar deudas en mayo
2026-06-18,2026-W25,nacional,TIEMPO ARGENTINO,Nacional,Nacional,Nacional,https://www.tiempoar.com.ar,"Sumate a Correo Mundial, el nuevo newsletter"
2026-06-18,2026-W25,nacional,TIEMPO ARGENTINO,Nacional,Nacional,Nacional,https://www.tiempoar.com.ar,Alejandro Wall y Andrés Burgo escribirán cada mañana y de manera conjunta un ida y vuelta de la Copa 2026.
2026-06-18,2026-W25,nacional,TIEMPO ARGENTINO,Nacional,Nacional,Nacional,https://www.tiempoar.com.ar,argentina juega el lunes
2026-06-18,2026-W25,nacional,TIEMPO ARGENTINO,Nacional,Nacional,Nacional,https://www.tiempoar.com.ar,Mundial 2026: se pone en marcha la segunda fecha de la fase de grupos
2026-06-18,2026-W25,nacional,TIEMPO ARGENTINO,Nacional,Nacional,Nacional,https://www.tiempoar.com.ar,una pasión sin límites
2026-06-18,2026-W25,nacional,TIEMPO ARGENTINO,Nacional,Nacional,Nacional,https://www.tiempoar.com.ar,Ya es ritual: multitudinario festejo en Bangladesh por el triunfo de Argentina en el mundial
2026-06-18,2026-W25,nacional,TIEMPO ARGENTINO,Nacional,Nacional,Nacional,https://www.tiempoar.com.ar,"Messi, un fabricante de felicidad"
2026-06-18,2026-W25,nacional,TIEMPO ARGENTINO,Nacional,Nacional,Nacional,https://www.tiempoar.com.ar,otra noche inolvidable
2026-06-18,2026-W25,nacional,TIEMPO ARGENTINO,Nacional,Nacional,Nacional,https://www.tiempoar.com.ar,"La revelación de Messi tras sus lágrimas: “Totalmente ajeno a lo deportivo, pasé unos días difíciles”"
2026-06-18,2026-W25,nacional,TIEMPO ARGENTINO,Nacional,Nacional,Nacional,https://www.tiempoar.com.ar,Las horas frenéticas en las que el Gobierno hizo malabares para salvar a un Adorni cada vez más aislado
2026-06-18,2026-W25,nacional,TIEMPO ARGENTINO,Nacional,Nacional,Nacional,https://www.tiempoar.com.ar,cada día más complicado
2026-06-18,2026-W25,nacional,TIEMPO ARGENTINO,Nacional,Nacional,Nacional,https://www.tiempoar.com.ar,Adorni en el ojo de la tormenta: los senadores que responden a Macri votarán la moción para removerlo
2026-06-18,2026-W25,nacional,TIEMPO ARGENTINO,Nacional,Nacional,Nacional,https://www.tiempoar.com.ar,Cascada de medidas
2026-06-18,2026-W25,nacional,TIEMPO ARGENTINO,Nacional,Nacional,Nacional,https://www.tiempoar.com.ar,Ordenaron nuevas medidas de prueba sobre el patrimonio e ingresos formales de Adorni
2026-06-18,2026-W25,nacional,TIEMPO ARGENTINO,Nacional,Nacional,Nacional,https://www.tiempoar.com.ar,LOS GUSTOS DE LA CASTA
2026-06-18,2026-W25,nacional,TIEMPO ARGENTINO,Nacional,Nacional,Nacional,https://www.tiempoar.com.ar,A la cama con Adorni: $ 8 millones en sábanas de lujo se suman a los gastos premium del jefe de Gabinete
2026-06-18,2026-W25,nacional,TIEMPO ARGENTINO,Nacional,Nacional,Nacional,https://www.tiempoar.com.ar,SERVICIO PENITENCIARIO BONAERENSE
2026-06-18,2026-W25,nacional,TIEMPO ARGENTINO,Nacional,Nacional,Nacional,https://www.tiempoar.com.ar,Otro detenido apareció ahorcado en la unidad penal 47 de San Martín
2026-06-18,2026-W25,nacional,TIEMPO ARGENTINO,Nacional,Nacional,Nacional,https://www.tiempoar.com.ar,búsqueda en todo el país
2026-06-18,2026-W25,nacional,TIEMPO ARGENTINO,Nacional,Nacional,Nacional,https://www.tiempoar.com.ar,Alerta en Rosario: qué se sabe de la cápsula con material radioactivo robada de un instituto médico
2026-06-18,2026-W25,nacional,TIEMPO ARGENTINO,Nacional,Nacional,Nacional,https://www.tiempoar.com.ar,balotaje el domingo
2026-06-18,2026-W25,nacional,TIEMPO ARGENTINO,Nacional,Nacional,Nacional,https://www.tiempoar.com.ar,Colombia: la derecha regional pide votar a De la Espriella
2026-06-18,2026-W25,nacional,TIEMPO ARGENTINO,Nacional,Nacional,Nacional,https://www.tiempoar.com.ar,una mujer murió
2026-06-18,2026-W25,nacional,TIEMPO ARGENTINO,Nacional,Nacional,Nacional,https://www.tiempoar.com.ar,Bielorrusia acusa a Ucrania por el ataque a un micro donde viajaban niños
2026-06-18,2026-W25,nacional,TIEMPO ARGENTINO,Nacional,Nacional,Nacional,https://www.tiempoar.com.ar,60 días para negociar
2026-06-18,2026-W25,nacional,TIEMPO ARGENTINO,Nacional,Nacional,Nacional,https://www.tiempoar.com.ar,Trump firmó el acuerdo con Irán y llama «idiotas» a los que lo critican
2026-06-18,2026-W25,nacional,TIEMPO ARGENTINO,Nacional,Nacional,Nacional,https://www.tiempoar.com.ar,Escenario internacional
2026-06-18,2026-W25,nacional,TIEMPO ARGENTINO,Nacional,Nacional,Nacional,https://www.tiempoar.com.ar,La dictadura del algoritmo y sus enigmas políticos
2026-06-18,2026-W25,nacional,TIEMPO ARGENTINO,Nacional,Nacional,Nacional,https://www.tiempoar.com.ar,salarios a la baja
2026-06-18,2026-W25,nacional,TIEMPO ARGENTINO,Nacional,Nacional,Nacional,https://www.tiempoar.com.ar,Sigue el paro universitario: cuánto cobrará un docente con el acuerdo y cuánto debería cobrar según la Ley de Financiamiento
2026-06-18,2026-W25,nacional,TIEMPO ARGENTINO,Nacional,Nacional,Nacional,https://www.tiempoar.com.ar,contra las cuerdas
2026-06-18,2026-W25,nacional,TIEMPO ARGENTINO,Nacional,Nacional,Nacional,https://www.tiempoar.com.ar,"La fiscalía pidió la indagatoria para José Luis Espert, investigado por lavado de dinero"
2026-06-18,2026-W25,nacional,TIEMPO ARGENTINO,Nacional,Nacional,Nacional,https://www.tiempoar.com.ar,Comenzó el juicio por la Masacre de José León Suárez: declaró uno de los sobrevivientes y familiares
2026-06-18,2026-W25,nacional,TIEMPO ARGENTINO,Nacional,Nacional,Nacional,https://www.tiempoar.com.ar,gracias a un amparo
2026-06-18,2026-W25,nacional,TIEMPO ARGENTINO,Nacional,Nacional,Nacional,https://www.tiempoar.com.ar,La Justicia porteña ordenó frenar los desalojos por supuesto peligro de derrumbe
2026-06-18,2026-W25,nacional,TIEMPO ARGENTINO,Nacional,Nacional,Nacional,https://www.tiempoar.com.ar,"Pese a postergar dos veces la licitación, el macrismo avanza en aprobar una deuda millonaria para la Línea F"
2026-06-18,2026-W25,nacional,TIEMPO ARGENTINO,Nacional,Nacional,Nacional,https://www.tiempoar.com.ar,preocupación sanitaria
2026-06-18,2026-W25,nacional,TIEMPO ARGENTINO,Nacional,Nacional,Nacional,https://www.tiempoar.com.ar,Alerta nacional por el robo de una cápsula radioactiva en un centro médico de Rosario
2026-06-18,2026-W25,nacional,TIEMPO ARGENTINO,Nacional,Nacional,Nacional,https://www.tiempoar.com.ar,Tragedia en Brasil
2026-06-18,2026-W25,nacional,TIEMPO ARGENTINO,Nacional,Nacional,Nacional,https://www.tiempoar.com.ar,El papá de Gaspi expresó dudas sobre la muerte de su hijo: “Para mí fue un atentado”
2026-06-18,2026-W25,nacional,TIEMPO ARGENTINO,Nacional,Nacional,Nacional,https://www.tiempoar.com.ar,datos del indec
2026-06-18,2026-W25,nacional,LA PRENSA,Nacional,Nacional,Nacional,https://www.laprensa.com.ar,Pidieron la indagatoria para el hermano de Manuel Adorni
2026-06-18,2026-W25,nacional,LA PRENSA,Nacional,Nacional,Nacional,https://www.laprensa.com.ar,La familia de Lionel Messi llevó tranquilidad por el estado de salud de su padre: “Evolucionando favorablemente”
2026-06-18,2026-W25,nacional,LA PRENSA,Nacional,Nacional,Nacional,https://www.laprensa.com.ar,El Papa confirma que viajará a Perú la primera quincena de noviembre
2026-06-18,2026-W25,nacional,LA PRENSA,Nacional,Nacional,Nacional,https://www.laprensa.com.ar,La Justicia avaló el traslado de la AFA a Pilar y anuló la designación de veedores de la IGJ
2026-06-18,2026-W25,nacional,LA PRENSA,Nacional,Nacional,Nacional,https://www.laprensa.com.ar,"Vance le pide a Israel ""respetar"" el proceso de paz con Irán"
2026-06-18,2026-W25,nacional,LA PRENSA,Nacional,Nacional,Nacional,https://www.laprensa.com.ar,"Según una encuesta, Milei ganaría la primera vuelta, pero Kicillof se impondría por décimas en un eventual balotaje"
2026-06-18,2026-W25,nacional,LA PRENSA,Nacional,Nacional,Nacional,https://www.laprensa.com.ar,"ARCA intimó a Matías Tabar, el contratista de Manuel Adorni, para que dé cuentas de sus ingresos y su patrimonio"
2026-06-18,2026-W25,nacional,LA PRENSA,Nacional,Nacional,Nacional,https://www.laprensa.com.ar,"Récord de divisas: la agroindustria, la minería y la energía aportaron US$17.600 millones en el primer cuatrimestre"
2026-06-18,2026-W25,nacional,LA PRENSA,Nacional,Nacional,Nacional,https://www.laprensa.com.ar,Una nueva ley otorga un plazo de un año para declarar armas no registradas o con documentación irregular
2026-06-18,2026-W25,nacional,LA PRENSA,Nacional,Nacional,Nacional,https://www.laprensa.com.ar,Boca inició la era Arruabarrena con una pretemporada a doble turno
2026-06-18,2026-W25,nacional,LA PRENSA,Nacional,Nacional,Nacional,https://www.laprensa.com.ar,El Gobierno dispuso nuevas exenciones al Impuesto al Cheque para el sector fintech y cripto
2026-06-18,2026-W25,nacional,LA PRENSA,Nacional,Nacional,Nacional,https://www.laprensa.com.ar,La Justicia investiga a una clínica privada de La Plata tras la muerte de un paciente
2026-06-18,2026-W25,nacional,LA PRENSA,Nacional,Nacional,Nacional,https://www.laprensa.com.ar,Solo queda contar la historia
2026-06-18,2026-W25,nacional,LA PRENSA,Nacional,Nacional,Nacional,https://www.laprensa.com.ar,"“Si Argentina tiene éxito, va a ser cara”"
2026-06-18,2026-W25,nacional,LA PRENSA,Nacional,Nacional,Nacional,https://www.laprensa.com.ar,Colombia se impuso a Uzbekistán en el cierre de la primera fecha del Mundial
2026-06-18,2026-W25,nacional,LA PRENSA,Nacional,Nacional,Nacional,https://www.laprensa.com.ar,Ghana derrotó sobre la hora a Panamá en el cierre de la primera fecha del Grupo L
2026-06-18,2026-W25,nacional,LA PRENSA,Nacional,Nacional,Nacional,https://www.laprensa.com.ar,El brasileño Ronaldo cubrió de elogios a Messi: “Es el mejor de todos los tiempos”
2026-06-18,2026-W25,nacional,LA PRENSA,Nacional,Nacional,Nacional,https://www.laprensa.com.ar,"Kane, Bellingham y Rashford acaban con la resistencia croata"
2026-06-18,2026-W25,nacional,LA PRENSA,Nacional,Nacional,Nacional,https://www.laprensa.com.ar,Portugal y Cristiano fallan en su estreno contra República de Congo
2026-06-18,2026-W25,nacional,LA PRENSA,Nacional,Nacional,Nacional,https://www.laprensa.com.ar,"Messi agiganta su figura, pulverizando récords históricos"
2026-06-18,2026-W25,nacional,LA PRENSA,Nacional,Nacional,Nacional,https://www.laprensa.com.ar,"Austria venció a la debutante Jordania por 3-1, su primer triunfo en en 36 años"
2026-06-18,2026-W25,nacional,LA PRENSA,Nacional,Nacional,Nacional,https://www.laprensa.com.ar,Debut soñado para Haaland con Noruega: dos tantos y goleada ante Iraq
2026-06-18,2026-W25,nacional,LA PRENSA,Nacional,Nacional,Nacional,https://www.laprensa.com.ar,"Conceden el premio Princesa de Asturias a Christina Koch, la primera mujer en viajar a la Luna"
2026-06-18,2026-W25,nacional,LA PRENSA,Nacional,Nacional,Nacional,https://www.laprensa.com.ar,Ataque israelí en un café de Gaza
2026-06-18,2026-W25,nacional,LA PRENSA,Nacional,Nacional,Nacional,https://www.laprensa.com.ar,El G7 da espaldarazo a Ucrania y acuerda más sanciones a Rusia para empujarla a negociar
2026-06-18,2026-W25,nacional,LA PRENSA,Nacional,Nacional,Nacional,https://www.laprensa.com.ar,Pakistán anuncia el texto final para la paz Irán-Estados Unidos tras los anuncios de un acuerdo inminente
2026-06-18,2026-W25,nacional,LA PRENSA,Nacional,Nacional,Nacional,https://www.laprensa.com.ar,Díaz-Canel anuncia medidas para reformar áreas clave de la economía cubana
2026-06-18,2026-W25,nacional,LA PRENSA,Nacional,Nacional,Nacional,https://www.laprensa.com.ar,Colapinto tuvo una discreta actuación en la segunda práctica libre del GP de España
2026-06-18,2026-W25,nacional,LA PRENSA,Nacional,Nacional,Nacional,https://www.laprensa.com.ar,León XIV cerró su visita a España con un fuerte llamado a favor de la integración de los migrantes
2026-06-18,2026-W25,nacional,LA PRENSA,Nacional,Nacional,Nacional,https://www.laprensa.com.ar,"Bobby Charlton, el crack que hizo jugar a Inglaterra"
2026-06-18,2026-W25,nacional,LA PRENSA,Nacional,Nacional,Nacional,https://www.laprensa.com.ar,"Garrincha, el rey de la gambeta"
2026-06-18,2026-W25,nacional,LA PRENSA,Nacional,Nacional,Nacional,https://www.laprensa.com.ar,"Just Fontaine, el goleador que marcó un récord con botines prestados"
2026-06-18,2026-W25,nacional,LA PRENSA,Nacional,Nacional,Nacional,https://www.laprensa.com.ar,"Fritz Walter, el tímido capitán que salvó su vida de milagro y lideró a Alemania hacia una victoria imposible"
2026-06-18,2026-W25,nacional,LA PRENSA,Nacional,Nacional,Nacional,https://www.laprensa.com.ar,"Meazza, el niño que se hizo grande y llevó a Italia a la cima"
2026-06-18,2026-W25,nacional,LA PRENSA,Nacional,Nacional,Nacional,https://www.laprensa.com.ar,"Luis Monti, el único finalista con dos camisetas diferentes"
2026-06-18,2026-W25,nacional,LA PRENSA,Nacional,Nacional,Nacional,https://www.laprensa.com.ar,"Nasazzi, el símbolo de la garra charrúa que conquistó al mundo"
2026-06-18,2026-W25,nacional,LA PRENSA,Nacional,Nacional,Nacional,https://www.laprensa.com.ar,La pedagogía del honor en un mundo en disputa
2026-06-18,2026-W25,nacional,LA PRENSA,Nacional,Nacional,Nacional,https://www.laprensa.com.ar,Una odisea de supervivencia y coraje
2026-06-18,2026-W25,nacional,LA PRENSA,Nacional,Nacional,Nacional,https://www.laprensa.com.ar,“Todas las cosas que se hicieron fueron con temple y patriotismo”
2026-06-18,2026-W25,nacional,LA PRENSA,Nacional,Nacional,Nacional,https://www.laprensa.com.ar,La Argentina está obligada a crear poder
2026-06-18,2026-W25,nacional,LA PRENSA,Nacional,Nacional,Nacional,https://www.laprensa.com.ar,Mis reales superhéroes
2026-06-18,2026-W25,nacional,LA PRENSA,Nacional,Nacional,Nacional,https://www.laprensa.com.ar,Pañuelos blancos
2026-06-18,2026-W25,nacional,LA PRENSA,Nacional,Nacional,Nacional,https://www.laprensa.com.ar,Preso por el Señor
2026-06-18,2026-W25,nacional,LA PRENSA,Nacional,Nacional,Nacional,https://www.laprensa.com.ar,Jueces heroicos y jueces indignos
2026-06-18,2026-W25,nacional,LA PRENSA,Nacional,Nacional,Nacional,https://www.laprensa.com.ar,Aniversario del combate de Manchalá
2026-06-18,2026-W25,nacional,LA PRENSA,Nacional,Nacional,Nacional,https://www.laprensa.com.ar,ARA General Belgrano
2026-06-18,2026-W25,nacional,LA PRENSA,Nacional,Nacional,Nacional,https://www.laprensa.com.ar,Hospital Pirovano
2026-06-18,2026-W25,nacional,LA PRENSA,Nacional,Nacional,Nacional,https://www.laprensa.com.ar,Muertos civiles
2026-06-18,2026-W25,nacional,LA PRENSA,Nacional,Nacional,Nacional,https://www.laprensa.com.ar,Carta a monseñor Jorge García Cuerva Arzobispo de Buenos Aires
2026-06-18,2026-W25,nacional,LA PRENSA,Nacional,Nacional,Nacional,https://www.laprensa.com.ar,Ford confirmó la Ranger híbrida de producción nacional
2026-06-18,2026-W25,nacional,ÁMBITO FINANCIERO,Nacional,Nacional,Nacional,https://www.ambito.com,MSCI: qué acciones argentinas podrían captar más de u$s4.000 millones si el país logra una mejora de categoría
2026-06-18,2026-W25,nacional,ÁMBITO FINANCIERO,Nacional,Nacional,Nacional,https://www.ambito.com,Aguinaldo y Ganancias: qué cambia según la forma de liquidación que elija el empleador
2026-06-18,2026-W25,nacional,ÁMBITO FINANCIERO,Nacional,Nacional,Nacional,https://www.ambito.com,"Los ADRs operan dispares, pero los papeles bancarios suben hasta 6%"
2026-06-18,2026-W25,nacional,ÁMBITO FINANCIERO,Nacional,Nacional,Nacional,https://www.ambito.com,"Ante la preocupación por la salud de Jorge Messi, la familia desmintió rumores y aseguró que ""evoluciona favorablemente"""
2026-06-18,2026-W25,nacional,ÁMBITO FINANCIERO,Nacional,Nacional,Nacional,https://www.ambito.com,Qué dice el comunicado sobre la salud del padre de Messi
2026-06-18,2026-W25,nacional,ÁMBITO FINANCIERO,Nacional,Nacional,Nacional,https://www.ambito.com,"A diferencia del Senado, en Diputados los aliados no definen si avanzan contra Adorni"
2026-06-18,2026-W25,nacional,ÁMBITO FINANCIERO,Nacional,Nacional,Nacional,https://www.ambito.com,República Checa le gana Sudáfrica en la segunda fecha del Mundial 2026
2026-06-18,2026-W25,nacional,ÁMBITO FINANCIERO,Nacional,Nacional,Nacional,https://www.ambito.com,"La confianza al consumidor subió al 6,4% en junio pero pierde 6,1% contra 2025"
2026-06-18,2026-W25,nacional,ÁMBITO FINANCIERO,Nacional,Nacional,Nacional,https://www.ambito.com,El Gobierno suspendió la aprobación de nuevos FCI con activos en el exterior y evaluará su costo fiscal
2026-06-18,2026-W25,nacional,ÁMBITO FINANCIERO,Nacional,Nacional,Nacional,https://www.ambito.com,"Villarruel desafía a Milei y confirma asistencia en Rosario: ""Tengo más verdades para decir"""
2026-06-18,2026-W25,nacional,ÁMBITO FINANCIERO,Nacional,Nacional,Nacional,https://www.ambito.com,El fiscal Marijuan pidió la indagatoria del hermano de Manuel Adorni
2026-06-18,2026-W25,nacional,ÁMBITO FINANCIERO,Nacional,Nacional,Nacional,https://www.ambito.com,Buenas noticias para Scaloni: Tagliafico acelera su recuperación y podría estar disponible ante Austria
2026-06-18,2026-W25,nacional,ÁMBITO FINANCIERO,Nacional,Nacional,Nacional,https://www.ambito.com,"Gorchs, de Siemens Sudamérica: ""Girar dividendos fue central para decir que hoy se puede confiar más en Argentina"""
2026-06-18,2026-W25,nacional,ÁMBITO FINANCIERO,Nacional,Nacional,Nacional,https://www.ambito.com,JetSmart se expande con 10 nuevos aviones y suma nuevas rutas
2026-06-18,2026-W25,nacional,ÁMBITO FINANCIERO,Nacional,Nacional,Nacional,https://www.ambito.com,"Santa Cruz: según datos oficiales, entre 2023 y 2025 cerraron casi dos empresas por día"
2026-06-18,2026-W25,nacional,ÁMBITO FINANCIERO,Nacional,Nacional,Nacional,https://www.ambito.com,"Empresarios satisfechos con el rumbo del gobierno de Milei, pero con reparos"
2026-06-18,2026-W25,nacional,ÁMBITO FINANCIERO,Nacional,Nacional,Nacional,https://www.ambito.com,Crisis del transporte: advierten por recorte de servicios y dificultades para pagar aguinaldos en provincias
2026-06-18,2026-W25,nacional,ÁMBITO FINANCIERO,Nacional,Nacional,Nacional,https://www.ambito.com,El dólar oficial sube por tercera rueda al hilo y toca su nivel más alto desde febrero
2026-06-18,2026-W25,nacional,ÁMBITO FINANCIERO,Nacional,Nacional,Nacional,https://www.ambito.com,"El historial de Argentina ante Austria, el próximo rival del Mundial 2026"
2026-06-18,2026-W25,nacional,ÁMBITO FINANCIERO,Nacional,Nacional,Nacional,https://www.ambito.com,Las selecciones africanas consolidan su salto de calidad y buscan hacer historia en el Mundial
2026-06-18,2026-W25,nacional,ÁMBITO FINANCIERO,Nacional,Nacional,Nacional,https://www.ambito.com,"El mensaje de Neymar en su vuelta a las prácticas con Brasil: ""¿Me extrañaban?"""
2026-06-18,2026-W25,nacional,ÁMBITO FINANCIERO,Nacional,Nacional,Nacional,https://www.ambito.com,"Chalecos de hielo, la innovación que utilizó la Selección argentina en el entrenamiento: cómo son"
2026-06-18,2026-W25,nacional,ÁMBITO FINANCIERO,Nacional,Nacional,Nacional,https://www.ambito.com,Economía y Finanzas
2026-06-18,2026-W25,nacional,ÁMBITO FINANCIERO,Nacional,Nacional,Nacional,https://www.ambito.com,"Suben las acciones y el dólar, mientras el mercado espera novedades de MSCI"
2026-06-18,2026-W25,nacional,ÁMBITO FINANCIERO,Nacional,Nacional,Nacional,https://www.ambito.com,Elon Musk ganó en solo 24 horas más que Warren Buffett en toda su vida
2026-06-18,2026-W25,nacional,ÁMBITO FINANCIERO,Nacional,Nacional,Nacional,https://www.ambito.com,MSCI evalúa a la Argentina: expectativa por la decisión que puede cambiar el rumbo del mercado local
2026-06-18,2026-W25,nacional,ÁMBITO FINANCIERO,Nacional,Nacional,Nacional,https://www.ambito.com,El apetito por el oro sigue firme y crece el interés de los bancos centrales
2026-06-18,2026-W25,nacional,ÁMBITO FINANCIERO,Nacional,Nacional,Nacional,https://www.ambito.com,China promueve el yuan digital: ¿un desafío a la hegemonía del dólar?
2026-06-18,2026-W25,nacional,ÁMBITO FINANCIERO,Nacional,Nacional,Nacional,https://www.ambito.com,"El Banco de Inglaterra mantuvo las tasas sin cambios, aunque no descartó nuevas subas en el año"
2026-06-18,2026-W25,nacional,ÁMBITO FINANCIERO,Nacional,Nacional,Nacional,https://www.ambito.com,La CNV flexibilizó otra restricción cambiaria para operadores del mercado financiero
2026-06-18,2026-W25,nacional,ÁMBITO FINANCIERO,Nacional,Nacional,Nacional,https://www.ambito.com,Bitcoin opera en rojo y agudiza su debilidad tras el tono duro de la Fed
2026-06-18,2026-W25,nacional,ÁMBITO FINANCIERO,Nacional,Nacional,Nacional,https://www.ambito.com,El petróleo extiende las bajas y Wall Street rebota tras la firma del acuerdo entre EEUU e Irán
2026-06-18,2026-W25,nacional,ÁMBITO FINANCIERO,Nacional,Nacional,Nacional,https://www.ambito.com,El impacto del RIGI en el mercado laboral: estiman que puede generar entre 200.000 y 300.000 empleos
2026-06-18,2026-W25,nacional,ÁMBITO FINANCIERO,Nacional,Nacional,Nacional,https://www.ambito.com,Mercado inmobiliario: el conurbano no logra replicar la recuperación de alquileres que se ve en CABA
2026-06-18,2026-W25,nacional,ÁMBITO FINANCIERO,Nacional,Nacional,Nacional,https://www.ambito.com,La nieve gana protagonismo: abren los centros de esquí y crece la expectativa por la temporada invernal
2026-06-18,2026-W25,nacional,ÁMBITO FINANCIERO,Nacional,Nacional,Nacional,https://www.ambito.com,"Tienen 23 años, dejaron sus trabajos y lanzaron una startup que busca simplificar alquileres con Inquilinos calificados en IA"
2026-06-18,2026-W25,nacional,ÁMBITO FINANCIERO,Nacional,Nacional,Nacional,https://www.ambito.com,Nodum busca triplicar sus negocios en Argentina con una fuerte apuesta por el desarrollo de la Inteligencia Artificial
2026-06-18,2026-W25,nacional,ÁMBITO FINANCIERO,Nacional,Nacional,Nacional,https://www.ambito.com,Todo sobre energía y minería
2026-06-18,2026-W25,nacional,ÁMBITO FINANCIERO,Nacional,Nacional,Nacional,https://www.ambito.com,China encontró un inédito fin para los residuos de minas de carbón: la construcción
2026-06-18,2026-W25,nacional,ÁMBITO FINANCIERO,Nacional,Nacional,Nacional,https://www.ambito.com,La plata no alcanza: tres países concentran la mitad de la producción y crece la presión de la demanda industrial
2026-06-18,2026-W25,nacional,ÁMBITO FINANCIERO,Nacional,Nacional,Nacional,https://www.ambito.com,Mendoza inauguró el gasoducto San Rafael que beneficiará a todo el sur de la provincia
2026-06-18,2026-W25,nacional,ÁMBITO FINANCIERO,Nacional,Nacional,Nacional,https://www.ambito.com,Cuáles son los autos 0km más baratos y cuánto salen en junio
2026-06-18,2026-W25,nacional,ÁMBITO FINANCIERO,Nacional,Nacional,Nacional,https://www.ambito.com,Llegan nuevos autos eléctricos chinos a la Argentina: qué modelos son y cuánto cuestan
2026-06-18,2026-W25,nacional,ÁMBITO FINANCIERO,Nacional,Nacional,Nacional,https://www.ambito.com,"""Un auto no es comida rápida"": la frase que sacudió a la industria automotriz china"
2026-06-18,2026-W25,nacional,ÁMBITO FINANCIERO,Nacional,Nacional,Nacional,https://www.ambito.com,Perú confirmó la visita del papa León XIV y crecen las versiones sobre un posible viaje a la Argentina
2026-06-18,2026-W25,nacional,ÁMBITO FINANCIERO,Nacional,Nacional,Nacional,https://www.ambito.com,La Justicia se interpone en los planes de Milei y ordena suspender la privatización de AySA hasta determinar el pasivo ambiental
2026-06-18,2026-W25,nacional,ÁMBITO FINANCIERO,Nacional,Nacional,Nacional,https://www.ambito.com,"Ormuz, petróleo y sanciones: los 14 puntos del acuerdo entre EEUU e Irán"
2026-06-18,2026-W25,nacional,ÁMBITO FINANCIERO,Nacional,Nacional,Nacional,https://www.ambito.com,FAdeA: audios escandalosos y contratos paralizados generan una crisis en Defensa
2026-06-18,2026-W25,nacional,ÁMBITO FINANCIERO,Nacional,Nacional,Nacional,https://www.ambito.com,La Justicia anuló las medidas de la IGJ y confirmó el cambio de jurisdicción de la AFA
2026-06-18,2026-W25,nacional,ÁMBITO FINANCIERO,Nacional,Nacional,Nacional,https://www.ambito.com,"Vance aseguró que Irán no recibirá ""ni un solo centavo de EEUU"""
