fecha,semana_iso,corpus,diario,provincia,region,ciudad_origen,url_medio,titular
2026-06-01,2026-W23,provincial,EL DÍA,Buenos Aires,AMBA,La Plata,https://www.eldia.com,El índice de precios en La Plata mantuvo la tendencia durante mayo: qué sector registró el mayor impacto
2026-06-01,2026-W23,provincial,EL DÍA,Buenos Aires,AMBA,La Plata,https://www.eldia.com,Un piloto debió ser hospitalizado tras un accidente en el Autódromo Roberto Mouras
2026-06-01,2026-W23,provincial,EL DÍA,Buenos Aires,AMBA,La Plata,https://www.eldia.com,Caso Agostina Vega: se conocieron los resultados de la autopsia y la Justicia agravó la acusación contra Barrelier
2026-06-01,2026-W23,provincial,EL DÍA,Buenos Aires,AMBA,La Plata,https://www.eldia.com,VIDEO. Caos en La Plata por los vehículos en doble fila: la mirada de los conductores y la escasez de espacios
2026-06-01,2026-W23,provincial,EL DÍA,Buenos Aires,AMBA,La Plata,https://www.eldia.com,Absolvieron a los tres acusados por el crimen de un joven ocurrido hace más de diez años en La Plata
2026-06-01,2026-W23,provincial,EL DÍA,Buenos Aires,AMBA,La Plata,https://www.eldia.com,"""El Niño"" en La Plata: el SMN anticipa meses más cálidos y con lluvias superiores a lo normal"
2026-06-01,2026-W23,provincial,EL DÍA,Buenos Aires,AMBA,La Plata,https://www.eldia.com,Advierten que las camas de cuidados críticos superan el 80% de ocupación en la Provincia
2026-06-01,2026-W23,provincial,EL DÍA,Buenos Aires,AMBA,La Plata,https://www.eldia.com,Revés para AUBASA: rechazaron su pedido para frenar la licitación de rutas nacionales
2026-06-01,2026-W23,provincial,EL DÍA,Buenos Aires,AMBA,La Plata,https://www.eldia.com,"A menos de un mes de su asunción, renunció Néstor Lamboglia, titular del Ente Nacional del Gas y la Electricidad"
2026-06-01,2026-W23,provincial,EL DÍA,Buenos Aires,AMBA,La Plata,https://www.eldia.com,Blanqueo laboral: cómo funciona el nuevo régimen para registrar empleados en negro
2026-06-01,2026-W23,provincial,EL DÍA,Buenos Aires,AMBA,La Plata,https://www.eldia.com,Malestar por uso de edificios públicos para actos partidarios
2026-06-01,2026-W23,provincial,EL DÍA,Buenos Aires,AMBA,La Plata,https://www.eldia.com,Efecto Kansas City: la Selección Argentina cambió el horario de las prácticas por las altas temperaturas
2026-06-01,2026-W23,provincial,EL DÍA,Buenos Aires,AMBA,La Plata,https://www.eldia.com,No serán 11 mil dólares por día: la verdad detrás del pago de la FIFA a Estudiantes por Muslera
2026-06-01,2026-W23,provincial,EL DÍA,Buenos Aires,AMBA,La Plata,https://www.eldia.com,"Meza y Faravelli, sueños imposibles para Gimnasia"
2026-06-01,2026-W23,provincial,EL DÍA,Buenos Aires,AMBA,La Plata,https://www.eldia.com,Cayó una banda tras frustradas entraderas en City Bell y Gonnet: persecución y secuestro de armas
2026-06-01,2026-W23,provincial,EL DÍA,Buenos Aires,AMBA,La Plata,https://www.eldia.com,Caso Agostina Vega: quién es quién en la investigación y cuáles son las claves de la causa
2026-06-01,2026-W23,provincial,EL DÍA,Buenos Aires,AMBA,La Plata,https://www.eldia.com,Nuevo DNI: los problemas que podrías tener si no renovás a tiempo
2026-06-01,2026-W23,provincial,EL DÍA,Buenos Aires,AMBA,La Plata,https://www.eldia.com,"Messi y De Paul, separados: el 10 de Argentina dormirá solo en su última habitación mundialista"
2026-06-01,2026-W23,provincial,EL DÍA,Buenos Aires,AMBA,La Plata,https://www.eldia.com,Personal y empresas para reparación de viviendas y service del hogar
2026-06-01,2026-W23,provincial,EL DÍA,Buenos Aires,AMBA,La Plata,https://www.eldia.com,¿Te perdiste EL DIA del domingo? Lee las noticias que otros medios eligen no mostrar
2026-06-01,2026-W23,provincial,EL DÍA,Buenos Aires,AMBA,La Plata,https://www.eldia.com,Nosotros jugamos el Mundial: sumá tu marca a la cobertura especial de EL DIA
2026-06-01,2026-W23,provincial,EL DÍA,Buenos Aires,AMBA,La Plata,https://www.eldia.com,La actriz Silvia Kutika y su pasado en la UNLP: ¿cómo descubrió su verdadera vocación?
2026-06-01,2026-W23,provincial,EL DÍA,Buenos Aires,AMBA,La Plata,https://www.eldia.com,Alquileres: el impactante decreto del Gobierno que cambia cuánto ganan los propietarios
2026-06-01,2026-W23,provincial,EL DÍA,Buenos Aires,AMBA,La Plata,https://www.eldia.com,"La UNLP es la 2º universidad de Argentina y la 15° de América Latina, según el ranking CWUR 2026"
2026-06-01,2026-W23,provincial,EL DÍA,Buenos Aires,AMBA,La Plata,https://www.eldia.com,VIDEO.- Susto y desesperación para una monja al incendiarse su auto en La Plata
2026-06-01,2026-W23,provincial,EL DÍA,Buenos Aires,AMBA,La Plata,https://www.eldia.com,La interna libertaria impacta de lleno en la relación con los gobernadores
2026-06-01,2026-W23,provincial,EL DÍA,Buenos Aires,AMBA,La Plata,https://www.eldia.com,Edelap no pagará una deuda por electricidad consumida en la Región
2026-06-01,2026-W23,provincial,EL DÍA,Buenos Aires,AMBA,La Plata,https://www.eldia.com,"El Tren Roca a La Plata, con demoras: accidente, ""chispazos"" y pasajeros caminando por las vías"
2026-06-01,2026-W23,provincial,EL DÍA,Buenos Aires,AMBA,La Plata,https://www.eldia.com,Liberan a un detenido por un asesinato en Villa Alba
2026-06-01,2026-W23,provincial,EL DÍA,Buenos Aires,AMBA,La Plata,https://www.eldia.com,Define el Senado el pliego de la platense Michelli
2026-06-01,2026-W23,provincial,EL DÍA,Buenos Aires,AMBA,La Plata,https://www.eldia.com,¡Atención! Cortes de tránsito en La Plata: qué calles evitar este lunes
2026-06-01,2026-W23,provincial,EL DÍA,Buenos Aires,AMBA,La Plata,https://www.eldia.com,"Le robaron la medalla de campeón a Leonardo Morales, el ex Gimnasia que hizo historia en Belgrano de Córdoba"
2026-06-01,2026-W23,provincial,EL DÍA,Buenos Aires,AMBA,La Plata,https://www.eldia.com,"Vacunación, controles y testeos: barrio por barrio, las jornadas de salud en La Plata"
2026-06-01,2026-W23,provincial,EL DÍA,Buenos Aires,AMBA,La Plata,https://www.eldia.com,La intimidad del cumpleaños de Gimena Accardi: impactante vestido rosa con el que celebró sus 41
2026-06-01,2026-W23,provincial,EL DÍA,Buenos Aires,AMBA,La Plata,https://www.eldia.com,"Darío Barassi visitó la tumba de su madre y emocionó a sus seguidores: ""Dolor en el alma"""
2026-06-01,2026-W23,provincial,EL DÍA,Buenos Aires,AMBA,La Plata,https://www.eldia.com,"Final de una era: se confirmó el retiro de Clint Eastwood, una leyenda viva de Hollywood"
2026-06-01,2026-W23,provincial,EL DÍA,Buenos Aires,AMBA,La Plata,https://www.eldia.com,BTS en La Plata: preparan un megaevento gratuito para celebrar el aniversario de la banda
2026-06-01,2026-W23,provincial,EL DÍA,Buenos Aires,AMBA,La Plata,https://www.eldia.com,"Cien años de Marilyn: el mito, la herida y la mujer que Hollywood prefirió no ver"
2026-06-01,2026-W23,provincial,EL DÍA,Buenos Aires,AMBA,La Plata,https://www.eldia.com,Se fue Úbeda y Boca ya busca nuevo DT
2026-06-01,2026-W23,provincial,EL DÍA,Buenos Aires,AMBA,La Plata,https://www.eldia.com,"""Se habla de más"": Carrillo recuperó el gol y alcanzó una nueva marca con Estudiantes"
2026-06-01,2026-W23,provincial,EL DÍA,Buenos Aires,AMBA,La Plata,https://www.eldia.com,El mejor rendimiento del ciclo instaló a Estudiantes en octavos y despierta otra ilusión
2026-06-01,2026-W23,provincial,EL DÍA,Buenos Aires,AMBA,La Plata,https://www.eldia.com,Uno por uno: el boletín de calificaciones de los jugadores de Estudiantes de La Plata vs. Rosario Central
2026-06-01,2026-W23,provincial,EL DÍA,Buenos Aires,AMBA,La Plata,https://www.eldia.com,El Pincha y el Lobo aguardan por sus rivales
2026-06-01,2026-W23,provincial,EL DÍA,Buenos Aires,AMBA,La Plata,https://www.eldia.com,Cuenta DNI reactiva una promo clave para este invierno en junio 2026: descuento y tope
2026-06-01,2026-W23,provincial,EL DÍA,Buenos Aires,AMBA,La Plata,https://www.eldia.com,"Corregir amonestaciones, expulsiones y córners: la nueva regla que llega para el Mundial"
2026-06-01,2026-W23,provincial,EL DÍA,Buenos Aires,AMBA,La Plata,https://www.eldia.com,"Kicillof cierra los ojos ante los resultados de una encuesta: bonaerenses exigen ""motosierra"""
2026-06-01,2026-W23,provincial,EL DÍA,Buenos Aires,AMBA,La Plata,https://www.eldia.com,"Elton John, el invitado de lujo que tendrá la mega fiesta de casamiento de Dua Lipa y Callum Turner"
2026-06-01,2026-W23,provincial,EL DÍA,Buenos Aires,AMBA,La Plata,https://www.eldia.com,Reveladores datos de un parásito resistente a los fármacos que amenaza a la producción de ganado en la Región
2026-06-01,2026-W23,provincial,EL DÍA,Buenos Aires,AMBA,La Plata,https://www.eldia.com,"El presidente no se habla con la vice, la corte suprema no está integrada..."
2026-06-01,2026-W23,provincial,EL DÍA,Buenos Aires,AMBA,La Plata,https://www.eldia.com,Un episodio de película en plena madrugada
2026-06-01,2026-W23,provincial,EN ORSAI,Buenos Aires,AMBA,Morón,https://www.enorsai.com.ar,Alfredo Zaiat desnudó el documento del FMI: El Fondo advierte por la recesión y le baja el pulgar al plan de Milei
2026-06-01,2026-W23,provincial,EN ORSAI,Buenos Aires,AMBA,Morón,https://www.enorsai.com.ar,La trampa del RIGI: Alejandro Bercovich desnudó el esquema de megaganancias corporativas y más impuestos para el pueblo
2026-06-01,2026-W23,provincial,EN ORSAI,Buenos Aires,AMBA,Morón,https://www.enorsai.com.ar,"El ""Cuento de las tías"": Adorni acorralado por su patrimonio y el trasfondo de la política de Estado en YPF"
2026-06-01,2026-W23,provincial,EN ORSAI,Buenos Aires,AMBA,Morón,https://www.enorsai.com.ar,El auge del metaverso en el casino virtual: La nueva era del juego
2026-06-01,2026-W23,provincial,EN ORSAI,Buenos Aires,AMBA,Morón,https://www.enorsai.com.ar,Argentina Mundial 2026 con preparación del plantel y apuestas
2026-06-01,2026-W23,provincial,EN ORSAI,Buenos Aires,AMBA,Morón,https://www.enorsai.com.ar,"El desafío de Villarruel, el blindaje de Milei a Adorni y la crisis de la basura en CABA"
2026-06-01,2026-W23,provincial,EN ORSAI,Buenos Aires,AMBA,Morón,https://www.enorsai.com.ar,Mayra Mendoza: “Si Evita estuviera entre nosotras militaría por la libertad de Cristina”
2026-06-01,2026-W23,provincial,EN ORSAI,Buenos Aires,AMBA,Morón,https://www.enorsai.com.ar,El fracaso del modelo Milei: Hasta Cavallo advierte que Caputo no tiene plan y el riesgo país no baja
2026-06-01,2026-W23,provincial,EN ORSAI,Buenos Aires,AMBA,Morón,https://www.enorsai.com.ar,Kun Agüero casino oficial: realidad o estafa
2026-06-01,2026-W23,provincial,EN ORSAI,Buenos Aires,AMBA,Morón,https://www.enorsai.com.ar,"Melconian fulminó el esquema económico de Milei: ""Es un plan de supervivencia, no de estabilidad"""
2026-06-01,2026-W23,provincial,EN ORSAI,Buenos Aires,AMBA,Morón,https://www.enorsai.com.ar,Declaración Jurada de Manuel Adorni: La investigación de Alconada Mon sobre bienes omitidos
2026-06-01,2026-W23,provincial,EN ORSAI,Buenos Aires,AMBA,Morón,https://www.enorsai.com.ar,¿Vuelve la guerra por Malvinas? El informe filtrado del Pentágono que alarma a Gran Bretaña y el rol de Milei
2026-06-01,2026-W23,provincial,EN ORSAI,Buenos Aires,AMBA,Morón,https://www.enorsai.com.ar,Guía completa para comprar un departamento en venta
2026-06-01,2026-W23,provincial,EN ORSAI,Buenos Aires,AMBA,Morón,https://www.enorsai.com.ar,La economía de los insumos gastronómicos: cómo los nuevos formatos de óxido nitroso redefinen el consumo en la cocina moderna
2026-06-01,2026-W23,provincial,EN ORSAI,Buenos Aires,AMBA,Morón,https://www.enorsai.com.ar,El fin de la luna de miel: Tenembaum revela encuestas con más del 60% de imagen negativa para Milei
2026-06-01,2026-W23,provincial,EN ORSAI,Buenos Aires,AMBA,Morón,https://www.enorsai.com.ar,"Álvarez Agis advierte sobre el plan de Milei para YPF: ""Es un retiro del Estado que pagarán las provincias"""
2026-06-01,2026-W23,provincial,EN ORSAI,Buenos Aires,AMBA,Morón,https://www.enorsai.com.ar,"Alfredo Zaiat explica por qué el modelo de Milei entró en un tobogán: el atraso cambiario destruye la industria, los dólares se van ""por la canaleta"" del ahorro y el FMI le soltó la mano."
2026-06-01,2026-W23,provincial,EN ORSAI,Buenos Aires,AMBA,Morón,https://www.enorsai.com.ar,"El mito de la ""inflación cero"": Las prepagas suben un 28,7% y asfixian a la clase media"
2026-06-01,2026-W23,provincial,EN ORSAI,Buenos Aires,AMBA,Morón,https://www.enorsai.com.ar,El crecimiento del juego online en Latinoamérica y su impacto económico
2026-06-01,2026-W23,provincial,EN ORSAI,Buenos Aires,AMBA,Morón,https://www.enorsai.com.ar,"Jorge Asís advierte sobre la crisis en el ""Triángulo de Hierro"" y el despertar del peronismo"
2026-06-01,2026-W23,provincial,EN ORSAI,Buenos Aires,AMBA,Morón,https://www.enorsai.com.ar,"Andrés Asiaín advierte sobre el regreso del ""Corralito"": El riesgo de los Argendólares"
2026-06-01,2026-W23,provincial,EN ORSAI,Buenos Aires,AMBA,Morón,https://www.enorsai.com.ar,"Álvarez Agis advirtió: ""No podés bajar la inflación a lo Fate, matando el empleo"""
2026-06-01,2026-W23,provincial,EN ORSAI,Buenos Aires,AMBA,Morón,https://www.enorsai.com.ar,Corrientes al límite: empresas pagan salarios con vales
2026-06-01,2026-W23,provincial,EN ORSAI,Buenos Aires,AMBA,Morón,https://www.enorsai.com.ar,Tenembaum alerta sobre la Tercera Guerra Mundial: El ataque de Trump a Irán y el riesgo para Argentina
2026-06-01,2026-W23,provincial,EN ORSAI,Buenos Aires,AMBA,Morón,https://www.enorsai.com.ar,"Miguel Kiguel advierte que el ajuste de Milei será ""más doloroso que en los 90"""
2026-06-01,2026-W23,provincial,EN ORSAI,Buenos Aires,AMBA,Morón,https://www.enorsai.com.ar,"Juan José Giani: ""Milei mutó hacia una derecha clásica y exige un peronismo más inteligente"""
2026-06-01,2026-W23,provincial,EN ORSAI,Buenos Aires,AMBA,Morón,https://www.enorsai.com.ar,"Melconian fulminó el optimismo de Caputo: ""¿Tema terminado? No sobra nada"""
2026-06-01,2026-W23,provincial,EN ORSAI,Buenos Aires,AMBA,Morón,https://www.enorsai.com.ar,"Alfredo Zaiat denuncia la ""estafa electoral"": El mercado persa detrás de la reforma laboral"
2026-06-01,2026-W23,provincial,EN ORSAI,Buenos Aires,AMBA,Morón,https://www.enorsai.com.ar,Tu WhatsApp ahora acepta cuotas: la guía para cobrar con link de pago con tarjeta de crédito
2026-06-01,2026-W23,provincial,EN ORSAI,Buenos Aires,AMBA,Morón,https://www.enorsai.com.ar,Venezuela cortó la mufa: el título que fue mucho más que un jonrón
2026-06-01,2026-W23,provincial,EN ORSAI,Buenos Aires,AMBA,Morón,https://www.enorsai.com.ar,La nueva economía del ocio digital en Argentina
2026-06-01,2026-W23,provincial,EN ORSAI,Buenos Aires,AMBA,Morón,https://www.enorsai.com.ar,Trump y la obsesión por Groenlandia: el nuevo capítulo del imperialismo ártico
2026-06-01,2026-W23,provincial,EN ORSAI,Buenos Aires,AMBA,Morón,https://www.enorsai.com.ar,El fiscal que debe investigar a Ritondo tiene a su hijo asociado al círculo íntimo del diputado
2026-06-01,2026-W23,provincial,EN ORSAI,Buenos Aires,AMBA,Morón,https://www.enorsai.com.ar,¿Cómo ganar en Joker Jewels y por qué este slot es tan popular?
2026-06-01,2026-W23,provincial,EN ORSAI,Buenos Aires,AMBA,Morón,https://www.enorsai.com.ar,"Federico Poli alertó a Sturzenegger: ""Esto es mucho peor que la convertibilidad"""
2026-06-01,2026-W23,provincial,EN ORSAI,Buenos Aires,AMBA,Morón,https://www.enorsai.com.ar,"Diego Genoud: El Partido Militar de Milei, el golpe a Villarruel y la alineación con Trump"
2026-06-01,2026-W23,provincial,EN ORSAI,Buenos Aires,AMBA,Morón,https://www.enorsai.com.ar,Álvarez Agis advierte: el modelo de Milei genera dólares pero vacía el Conurbano
2026-06-01,2026-W23,provincial,EN ORSAI,Buenos Aires,AMBA,Morón,https://www.enorsai.com.ar,¿Trucho? El escandaloso secreto detrás del DNI del viceministro de Caputo que el Gobierno intenta ocultar
2026-06-01,2026-W23,provincial,EN ORSAI,Buenos Aires,AMBA,Morón,https://www.enorsai.com.ar,Hugo Alconada Mon: La causa Libra complica a Javier Milei según la justicia de Estados Unidos
2026-06-01,2026-W23,provincial,EN ORSAI,Buenos Aires,AMBA,Morón,https://www.enorsai.com.ar,"DESTACADOS Economía argentina Miguel Kiguel advierte que el ajuste de Milei será ""más doloroso que en los 90"""
2026-06-01,2026-W23,provincial,EN ORSAI,Buenos Aires,AMBA,Morón,https://www.enorsai.com.ar,"opinión Juan José Giani: ""Milei mutó hacia una derecha clásica y exige un peronismo más inteligente"" Economía argentina Melconian fulminó el optimismo de Caputo: ""¿Tema terminado? No sobra nada"""
2026-06-01,2026-W23,provincial,EN ORSAI,Buenos Aires,AMBA,Morón,https://www.enorsai.com.ar,"POLÍTICA ARGENTINA Alfredo Zaiat denuncia la ""estafa electoral"": El mercado persa detrás de la reforma laboral ECONOMÍA Tu WhatsApp ahora acepta cuotas: la guía para cobrar con link de pago con tarjeta de crédito"
2026-06-01,2026-W23,provincial,EN ORSAI,Buenos Aires,AMBA,Morón,https://www.enorsai.com.ar,ÉPICO Venezuela cortó la mufa: el título que fue mucho más que un jonrón Análisis de Mercado La nueva economía del ocio digital en Argentina
2026-06-01,2026-W23,provincial,EN ORSAI,Buenos Aires,AMBA,Morón,https://www.enorsai.com.ar,"Geopolítica Trump y la obsesión por Groenlandia: el nuevo capítulo del imperialismo ártico ""JUSTICIA"" - CORRUPCIÓN El fiscal que debe investigar a Ritondo tiene a su hijo asociado al círculo íntimo del diputado"
2026-06-01,2026-W23,provincial,EN ORSAI,Buenos Aires,AMBA,Morón,https://www.enorsai.com.ar,"Datos ¿Cómo ganar en Joker Jewels y por qué este slot es tan popular? FUEGO AMIGO Federico Poli alertó a Sturzenegger: ""Esto es mucho peor que la convertibilidad"""
2026-06-01,2026-W23,provincial,EN ORSAI,Buenos Aires,AMBA,Morón,https://www.enorsai.com.ar,"análisis profundo Diego Genoud: El Partido Militar de Milei, el golpe a Villarruel y la alineación con Trump Economía argentina Álvarez Agis advierte: el modelo de Milei genera dólares pero vacía el Conurbano"
2026-06-01,2026-W23,provincial,EN ORSAI,Buenos Aires,AMBA,Morón,https://www.enorsai.com.ar,NUEVO ESCÁNDALO ¿Trucho? El escandaloso secreto detrás del DNI del viceministro de Caputo que el Gobierno intenta ocultar Datos importantes Hugo Alconada Mon: La causa Libra complica a Javier Milei según la justicia de Estados Unidos
2026-06-01,2026-W23,provincial,5 DÍAS,Buenos Aires,AMBA,Quilmes,https://www.diario5dias.com.ar,Quilmes: detuvieron a un hombre armado que circulaba en una moto robada y hubo un ataque a piedrazos contra la Policía
2026-06-01,2026-W23,provincial,5 DÍAS,Buenos Aires,AMBA,Quilmes,https://www.diario5dias.com.ar,ACTUALIDAD Leer +
2026-06-01,2026-W23,provincial,5 DÍAS,Buenos Aires,AMBA,Quilmes,https://www.diario5dias.com.ar,El Club Mitre de Quilmes celebró sus 92 años
2026-06-01,2026-W23,provincial,5 DÍAS,Buenos Aires,AMBA,Quilmes,https://www.diario5dias.com.ar,"Quilmes venció a Atlético de Rafaela, salió de la zona de descenso y tomó aire en la Primera Nacional"
2026-06-01,2026-W23,provincial,5 DÍAS,Buenos Aires,AMBA,Quilmes,https://www.diario5dias.com.ar,Un muerto en un accidente de moto ocurrido este sábado en Quilmes
2026-06-01,2026-W23,provincial,5 DÍAS,Buenos Aires,AMBA,Quilmes,https://www.diario5dias.com.ar,Presentaron la obra del nuevo polideportivo de Ezpeleta
2026-06-01,2026-W23,provincial,5 DÍAS,Buenos Aires,AMBA,Quilmes,https://www.diario5dias.com.ar,Choque múltiple en La Florida: una persona herida fue trasladada al hospital
2026-06-01,2026-W23,provincial,5 DÍAS,Buenos Aires,AMBA,Quilmes,https://www.diario5dias.com.ar,Misterio en el barrio La Paz de Quilmes Oeste: prendieron fuego un vehículo y no hay detenidos
2026-06-01,2026-W23,provincial,5 DÍAS,Buenos Aires,AMBA,Quilmes,https://www.diario5dias.com.ar,BERAZATEGUI leer +
2026-06-01,2026-W23,provincial,5 DÍAS,Buenos Aires,AMBA,Quilmes,https://www.diario5dias.com.ar,Juicio en Quilmes por una golpiza fatal en Hudson: tres imputados llegan en libertad
2026-06-01,2026-W23,provincial,5 DÍAS,Buenos Aires,AMBA,Quilmes,https://www.diario5dias.com.ar,Desvío por obras en calle 13 entre Lisandro de la Torre y 155 en Berazategui
2026-06-01,2026-W23,provincial,5 DÍAS,Buenos Aires,AMBA,Quilmes,https://www.diario5dias.com.ar,Quilmes: Entregaron en Berazategui 129 dispositivos electrónicos para reciclar ambiental
2026-06-01,2026-W23,provincial,5 DÍAS,Buenos Aires,AMBA,Quilmes,https://www.diario5dias.com.ar,Comienza en Quilmes un nuevo Juicio por Jurados por una causa de abuso sexual
2026-06-01,2026-W23,provincial,5 DÍAS,Buenos Aires,AMBA,Quilmes,https://www.diario5dias.com.ar,Intentó robar un Peugeot 208 con un handy inhibidor y fue reducido por vecinos en Quilmes Oeste
2026-06-01,2026-W23,provincial,5 DÍAS,Buenos Aires,AMBA,Quilmes,https://www.diario5dias.com.ar,"Allanamientos, criptomonedas y un detenido: Investigación en Quilmes a una banda de estafadores digitales"
2026-06-01,2026-W23,provincial,5 DÍAS,Buenos Aires,AMBA,Quilmes,https://www.diario5dias.com.ar,PROVINCIA leer +
2026-06-01,2026-W23,provincial,5 DÍAS,Buenos Aires,AMBA,Quilmes,https://www.diario5dias.com.ar,"Presentaron en la UNAJ de Varela la novela ""insilio, los gritos del silencio"""
2026-06-01,2026-W23,provincial,5 DÍAS,Buenos Aires,AMBA,Quilmes,https://www.diario5dias.com.ar,"La Provincia prorrogó hasta el 2035 la concesión de la línea 324 que une Quilmes, Berazategui, Varela y La Plata"
2026-06-01,2026-W23,provincial,5 DÍAS,Buenos Aires,AMBA,Quilmes,https://www.diario5dias.com.ar,"Santalla: “No podemos dejar a nuestros hijos en manos de los algoritmos"""
2026-06-01,2026-W23,provincial,5 DÍAS,Buenos Aires,AMBA,Quilmes,https://www.diario5dias.com.ar,De Quilmes a Lima 2026: Lautaro Zea Sosa fue convocado para representar a la Argentina en los Juegos Universitarios FISU
2026-06-01,2026-W23,provincial,5 DÍAS,Buenos Aires,AMBA,Quilmes,https://www.diario5dias.com.ar,Chango Spasiuk vuelve a Bernal para celebrar la Música Argentina
2026-06-01,2026-W23,provincial,5 DÍAS,Buenos Aires,AMBA,Quilmes,https://www.diario5dias.com.ar,Vecina de Quilmes participará en la 8º Copa Argentina del Helado Artesanal
2026-06-01,2026-W23,provincial,5 DÍAS,Buenos Aires,AMBA,Quilmes,https://www.diario5dias.com.ar,Operativo de Cibercrimen en Berazategui por una investigación de grooming
2026-06-01,2026-W23,provincial,5 DÍAS,Buenos Aires,AMBA,Quilmes,https://www.diario5dias.com.ar,Cuenta DNI sorprendió con nuevos descuentos: vuelven las garrafas y aumentan los reintegros
2026-06-01,2026-W23,provincial,5 DÍAS,Buenos Aires,AMBA,Quilmes,https://www.diario5dias.com.ar,Allanaron una casa en Berazategui y secuestraron potenciadores sexuales prohibidos por ANMAT
2026-06-01,2026-W23,provincial,5 DÍAS,Buenos Aires,AMBA,Quilmes,https://www.diario5dias.com.ar,"Quilmes venció a Atlético de Rafaela, salió de la zona de descenso y tomó aire en la Primera Nacional Quilmes consiguió este domingo un triunfo fundamental al derrotar por 2 a 0 a Atlético de Rafaela en el estadio Centenario y abandonar la zona de descenso de la Primera Nacional. Leer más"
2026-06-01,2026-W23,provincial,5 DÍAS,Buenos Aires,AMBA,Quilmes,https://www.diario5dias.com.ar,"Presentaron la obra del nuevo polideportivo de Ezpeleta Estará ubicado en República de Francia y Concordia, cerca de la escuela secundaria de la UNQ. Leer más"
2026-06-01,2026-W23,provincial,5 DÍAS,Buenos Aires,AMBA,Quilmes,https://www.diario5dias.com.ar,"Misterio en el barrio La Paz de Quilmes Oeste: prendieron fuego un vehículo y no hay detenidos Un automóvil (Fiat) fue incendiado durante la madrugada en el barrio La Paz, en Quilmes Oeste, en un hecho que es investigado por las autoridades y que, afortunadamente, no dejó personas heridas. Leer más"
2026-06-01,2026-W23,provincial,5 DÍAS,Buenos Aires,AMBA,Quilmes,https://www.diario5dias.com.ar,Desvío por obras en calle 13 entre Lisandro de la Torre y 155 en Berazategui A partir del lunes 1 de junio y hasta la finalización de los trabajos Leer más
2026-06-01,2026-W23,provincial,5 DÍAS,Buenos Aires,AMBA,Quilmes,https://www.diario5dias.com.ar,"Comienza en Quilmes un nuevo Juicio por Jurados por una causa de abuso sexual Este lunes dará inicio en los Tribunales Penales de Quilmes un nuevo Juicio por Jurados, en el que un hombre será juzgado acusado de un delito de abuso sexual. Sería un caso de violencia intrafamiliar. Leer más"
2026-06-01,2026-W23,provincial,5 DÍAS,Buenos Aires,AMBA,Quilmes,https://www.diario5dias.com.ar,"Allanamientos, criptomonedas y un detenido: Investigación en Quilmes a una banda de estafadores digitales . Como resultado del operativo fue detenido un hombre señalado como el presunto jefe de la maniobra criminal y se secuestraron activos digitales equivalentes a 20.000 dólares. Leer más"
2026-06-01,2026-W23,provincial,5 DÍAS,Buenos Aires,AMBA,Quilmes,https://www.diario5dias.com.ar,"Presentaron en la UNAJ de Varela la novela ""insilio, los gritos del silencio"" Esta semana fue presentada en la Universidad Arturo Jauretche la obra Insilio, los gritos del silencio, novela del escritor Agustín Zaninovich, con compilación de Zunilda Quatrin Leer más"
2026-06-01,2026-W23,provincial,5 DÍAS,Buenos Aires,AMBA,Quilmes,https://www.diario5dias.com.ar,"Chango Spasiuk vuelve a Bernal para celebrar la Música Argentina El sábado 6 de junio, Chango Spasiuk (acordeón), Nadia Larcher (voz) y Marcelo Dellamea (guitarra) presentan Música Argentina en el teatro de La Moreno de Bernal. Leer más"
2026-06-01,2026-W23,provincial,5 DÍAS,Buenos Aires,AMBA,Quilmes,https://www.diario5dias.com.ar,Vecina de Quilmes participará en la 8º Copa Argentina del Helado Artesanal La competencia convocará a ocho duplas de profesionales de todo el país que buscarán consagrarse como campeones nacionales. Una de los binomios está compuesto por una quilmeña. Leer más
2026-06-01,2026-W23,provincial,LA VOZ DEL INTERIOR,Córdoba,Centro,Córdoba,https://www.lavoz.com.ar,Córdoba. Agostina fue ahorcada y Barrelier quedó imputado por femicidio
2026-06-01,2026-W23,provincial,LA VOZ DEL INTERIOR,Córdoba,Centro,Córdoba,https://www.lavoz.com.ar,"Femicidio. El dolor del remisero que llevó a Agostina a la casa de Barrelier, y el santuario que se armó en su memoria"
2026-06-01,2026-W23,provincial,LA VOZ DEL INTERIOR,Córdoba,Centro,Córdoba,https://www.lavoz.com.ar,Córdoba. Dolor y duelo en el colegio de Agostina Vega: “Atravesamos un momento de vacío inmenso”
2026-06-01,2026-W23,provincial,LA VOZ DEL INTERIOR,Córdoba,Centro,Córdoba,https://www.lavoz.com.ar,"Femicidio. Caso Agostina Vega: el audio que le adjudican a Claudio Barrelier en el que niega el crimen y asegura que ""quedó pegado"""
2026-06-01,2026-W23,provincial,LA VOZ DEL INTERIOR,Córdoba,Centro,Córdoba,https://www.lavoz.com.ar,"Ministra. Crimen de Agostina Vega: Monteoliva pidió catalogar el caso como femicidio y exigió ""la verdad completa"""
2026-06-01,2026-W23,provincial,LA VOZ DEL INTERIOR,Córdoba,Centro,Córdoba,https://www.lavoz.com.ar,"Desgarrador. ""Podría haber sido yo"": estremecedor relato de la joven que escapó atada de la casa de Claudio Barrelier en 2025"
2026-06-01,2026-W23,provincial,LA VOZ DEL INTERIOR,Córdoba,Centro,Córdoba,https://www.lavoz.com.ar,La Voz en Vivo. Moreno se desligó del contrato de Barrelier y defendió el accionar judicial previo al femicidio de Agostina
2026-06-01,2026-W23,provincial,LA VOZ DEL INTERIOR,Córdoba,Centro,Córdoba,https://www.lavoz.com.ar,"La Voz en Vivo. Caso Agostina: Juez denunció encubrimiento político y cargó contra Garzón: ""Es el fiscal del poder"""
2026-06-01,2026-W23,provincial,LA VOZ DEL INTERIOR,Córdoba,Centro,Córdoba,https://www.lavoz.com.ar,"Caso Agostina. Mestre dijo que Llaryora y Passerini ""echaron por tierra"" los ingresos por concurso a la Municipalidad"
2026-06-01,2026-W23,provincial,LA VOZ DEL INTERIOR,Córdoba,Centro,Córdoba,https://www.lavoz.com.ar,🔴 CASO AGOSTINA: La polémica por cómo ingresan los becarios municipales 👉🏼 | Entrevista a Ricardo Moreno
2026-06-01,2026-W23,provincial,LA VOZ DEL INTERIOR,Córdoba,Centro,Córdoba,https://www.lavoz.com.ar,Río Segundo. Intentaron quedarse con una millonaria herencia ajena y terminaron condenados: codicia y delito
2026-06-01,2026-W23,provincial,LA VOZ DEL INTERIOR,Córdoba,Centro,Córdoba,https://www.lavoz.com.ar,Tarifas. Vuelve a aumentar el peaje en Córdoba: desde cuándo y a cuánto se va
2026-06-01,2026-W23,provincial,LA VOZ DEL INTERIOR,Córdoba,Centro,Córdoba,https://www.lavoz.com.ar,Reforma laboral. El Gobierno reglamentó el fondo para despidos y licencias médicas digitales: qué cambia para los trabajadores
2026-06-01,2026-W23,provincial,LA VOZ DEL INTERIOR,Córdoba,Centro,Córdoba,https://www.lavoz.com.ar,Decreto. Alquileres sin Ganancias: el Gobierno oficializó la exención y los propietarios tendrán más rentabilidad
2026-06-01,2026-W23,provincial,LA VOZ DEL INTERIOR,Córdoba,Centro,Córdoba,https://www.lavoz.com.ar,Aulas y docentes. La crisis de autoridad en la escuela
2026-06-01,2026-W23,provincial,LA VOZ DEL INTERIOR,Córdoba,Centro,Córdoba,https://www.lavoz.com.ar,"El crimen de Agostina. El Gobierno provincial, impactado por un caso de alcance nacional"
2026-06-01,2026-W23,provincial,LA VOZ DEL INTERIOR,Córdoba,Centro,Córdoba,https://www.lavoz.com.ar,Justicia Federal. Se reconfigura el poder en la Cámara Federal de Apelaciones
2026-06-01,2026-W23,provincial,LA VOZ DEL INTERIOR,Córdoba,Centro,Córdoba,https://www.lavoz.com.ar,"Defensor. De cartonear en Fiorito al Mundial: la historia de Facu, el ""tapado"" de Scaloni y la plusvalía que tiene Talleres"
2026-06-01,2026-W23,provincial,LA VOZ DEL INTERIOR,Córdoba,Centro,Córdoba,https://www.lavoz.com.ar,"Bajo Palabra. Naranjitas, un tema que divide aguas hasta en el propio PJ"
2026-06-01,2026-W23,provincial,LA VOZ DEL INTERIOR,Córdoba,Centro,Córdoba,https://www.lavoz.com.ar,"Clima. Llega ""El Niño"": el SMN anticipa un invierno inusual con más calor y lluvias en el país"
2026-06-01,2026-W23,provincial,LA VOZ DEL INTERIOR,Córdoba,Centro,Córdoba,https://www.lavoz.com.ar,Senado. Polémica y confusión por el veto a una candidata a jueza que es cuñada de un periodista
2026-06-01,2026-W23,provincial,LA VOZ DEL INTERIOR,Córdoba,Centro,Córdoba,https://www.lavoz.com.ar,"Parricidio en Almafuerte. Mató a su padre, que la abusó desde niña: la Justicia define ahora el fallo, entre dos opciones"
2026-06-01,2026-W23,provincial,LA VOZ DEL INTERIOR,Córdoba,Centro,Córdoba,https://www.lavoz.com.ar,"Inseguridad. Córdoba: un robo ""piraña"" de 60 motos invadió la estación y asaltó al playero"
2026-06-01,2026-W23,provincial,LA VOZ DEL INTERIOR,Córdoba,Centro,Córdoba,https://www.lavoz.com.ar,Entrevista. Dieter Lamlé y Romain Nadal: Apoyamos a la Argentina y apostamos por su éxito
2026-06-01,2026-W23,provincial,LA VOZ DEL INTERIOR,Córdoba,Centro,Córdoba,https://www.lavoz.com.ar,Quilino. Coima millonaria en Córdoba: intentó sobornar a la Policía con 127 mil dólares y quedó detenido
2026-06-01,2026-W23,provincial,LA VOZ DEL INTERIOR,Córdoba,Centro,Córdoba,https://www.lavoz.com.ar,Violencia de género. Asesinadas y descartadas: seis femicidios de espanto en cuatro años en Córdoba
2026-06-01,2026-W23,provincial,LA VOZ DEL INTERIOR,Córdoba,Centro,Córdoba,https://www.lavoz.com.ar,Lamboglia. Asumió hace menos de un mes y ya renunció el presidente del Ente Nacional del Gas y la Electricidad
2026-06-01,2026-W23,provincial,LA VOZ DEL INTERIOR,Córdoba,Centro,Córdoba,https://www.lavoz.com.ar,Panaholma. Recuperan en Traslasierra una casa histórica vinculada al legado del Santo Cura Brochero
2026-06-01,2026-W23,provincial,LA VOZ DEL INTERIOR,Córdoba,Centro,Córdoba,https://www.lavoz.com.ar,"Gobierno K. Arsat: todo lo que se sabe sobre la detención de Facundo Leal con drogas y más de U$S 2,5 millones en efectivo"
2026-06-01,2026-W23,provincial,LA VOZ DEL INTERIOR,Córdoba,Centro,Córdoba,https://www.lavoz.com.ar,Mundial 2026. Furor mundialista: un cordobés desarrolló una app para saber dónde comprar y cambiar figuritas
2026-06-01,2026-W23,provincial,LA VOZ DEL INTERIOR,Córdoba,Centro,Córdoba,https://www.lavoz.com.ar,"Su trayectoria. Quién es Raúl Garzón, el fiscal a cargo del asesinato de Agostina Vega"
2026-06-01,2026-W23,provincial,LA VOZ DEL INTERIOR,Córdoba,Centro,Córdoba,https://www.lavoz.com.ar,Mercados. Dólar blue y oficial hoy en Córdoba: a cuánto cotiza este lunes 1 de junio
2026-06-01,2026-W23,provincial,LA VOZ DEL INTERIOR,Córdoba,Centro,Córdoba,https://www.lavoz.com.ar,Ciudad de Córdoba. Convocan a una nueva marcha de Ni Una Menos este miércoles
2026-06-01,2026-W23,provincial,LA VOZ DEL INTERIOR,Córdoba,Centro,Córdoba,https://www.lavoz.com.ar,"Piden ayuda. ONG rescata a un dogo desnutrido en la casa de Claudio Barrelier: lo llamaron ""Agosto"" por Agostina Vega"
2026-06-01,2026-W23,provincial,LA VOZ DEL INTERIOR,Córdoba,Centro,Córdoba,https://www.lavoz.com.ar,Cerca de Villa María. Una mujer logró escapar y denunció a su expareja por encerrarla
2026-06-01,2026-W23,provincial,LA VOZ DEL INTERIOR,Córdoba,Centro,Córdoba,https://www.lavoz.com.ar,Femicidio. “Mi novio me tiene de rehén”: la víctima de Temperley pidió ayuda al 911 pero la Policía no llegó a tiempo
2026-06-01,2026-W23,provincial,LA VOZ DEL INTERIOR,Córdoba,Centro,Córdoba,https://www.lavoz.com.ar,Investigación. Detuvieron en Paraguay al ganador del concurso de MrBeast: viajaba con 260 kilos de marihuana
2026-06-01,2026-W23,provincial,LA VOZ DEL INTERIOR,Córdoba,Centro,Córdoba,https://www.lavoz.com.ar,"Ingresos de dólares. El agro liquidó U$S 2.677 millones en mayo, 7% más que en abril, pero 12% menos en lo que va del año"
2026-06-01,2026-W23,provincial,LA VOZ DEL INTERIOR,Córdoba,Centro,Córdoba,https://www.lavoz.com.ar,Triunfo de la derecha. Elecciones en Colombia: De la Espriella y Cepeda irán a un balotaje tras una participación récord
2026-06-01,2026-W23,provincial,LA VOZ DEL INTERIOR,Córdoba,Centro,Córdoba,https://www.lavoz.com.ar,Lotería. El Quini 6 acumula un pozo multimillonario para el sorteo de este miércoles 3 de junio
2026-06-01,2026-W23,provincial,LA VOZ DEL INTERIOR,Córdoba,Centro,Córdoba,https://www.lavoz.com.ar,Caso Agostina. El fiscal Garzón y la Justicia que no entendió el momento
2026-06-01,2026-W23,provincial,LA VOZ DEL INTERIOR,Córdoba,Centro,Córdoba,https://www.lavoz.com.ar,Justicia. El crimen de Gabriela Pérez durante un acto sindical ya tiene fecha de juicio en Córdoba
2026-06-01,2026-W23,provincial,LA VOZ DEL INTERIOR,Córdoba,Centro,Córdoba,https://www.lavoz.com.ar,"Encuentro. Caso Agostina Vega: el gobernador recibió a sus abuelos y se comprometió a ""profundizar la investigación"""
2026-06-01,2026-W23,provincial,LA VOZ DEL INTERIOR,Córdoba,Centro,Córdoba,https://www.lavoz.com.ar,"Tres ex ""T"". Alexandro Maidana al Mundial 2026 con Paraguay: volverá a Talleres cerca del debut en el Clausura"
2026-06-01,2026-W23,provincial,LA VOZ DEL INTERIOR,Córdoba,Centro,Córdoba,https://www.lavoz.com.ar,El gol que abre una puerta. Lázaro pide pista en la Gloria y Flores suma razones para creer
2026-06-01,2026-W23,provincial,LA VOZ DEL INTERIOR,Córdoba,Centro,Córdoba,https://www.lavoz.com.ar,La tabla aprieta. Racing tendrá dos bajas de peso para visitar a All Boys
2026-06-01,2026-W23,provincial,LA VOZ DEL INTERIOR,Córdoba,Centro,Córdoba,https://www.lavoz.com.ar,Agenda. Misión cuarta estrella: la selección argentina está en Kansas City y este lunes empieza con los entrenamientos
2026-06-01,2026-W23,provincial,LA VOZ DEL INTERIOR,Córdoba,Centro,Córdoba,https://www.lavoz.com.ar,"Adiós para siempre. Euphoria se despidió definitivamente con su tercera temporada, plagada de pesimismo, decadencia y venganza"
2026-06-01,2026-W23,provincial,LA VOZ DEL INTERIOR,Córdoba,Centro,Córdoba,https://www.lavoz.com.ar,"Justicia. Fabiana Cantilo pidió un minuto de silencio por Agostina Vega: Siguen igual, siguen matando"
2026-06-01,2026-W23,provincial,LA VOZ DEL INTERIOR,Córdoba,Centro,Córdoba,https://www.lavoz.com.ar,Festivales. Lollapalooza Argentina empieza a vender entradas para su edición 2027: lo que hay que saber
2026-06-01,2026-W23,provincial,EL DIARIO,Córdoba,Centro,Villa Carlos Paz,https://www.eldiariodecarlospaz.com.ar,Córdoba prohíbe hacer fuego y activa la alerta por incendios
2026-06-01,2026-W23,provincial,EL DIARIO,Córdoba,Centro,Villa Carlos Paz,https://www.eldiariodecarlospaz.com.ar,Más de 200 familias cordobesas recibieron la escritura gratuita de su vivienda
2026-06-01,2026-W23,provincial,EL DIARIO,Córdoba,Centro,Villa Carlos Paz,https://www.eldiariodecarlospaz.com.ar,"Ante una multitud, Chapur ganó en Córdoba y fue ovacionado"
2026-06-01,2026-W23,provincial,EL DIARIO,Córdoba,Centro,Villa Carlos Paz,https://www.eldiariodecarlospaz.com.ar,Plantaron 220 árboles nativos en la central Las Playas de Villa María
2026-06-01,2026-W23,provincial,EL DIARIO,Córdoba,Centro,Villa Carlos Paz,https://www.eldiariodecarlospaz.com.ar,Córdoba apuesta a la tecnología para transformar la gestión de residuos
2026-06-01,2026-W23,provincial,EL DIARIO,Córdoba,Centro,Villa Carlos Paz,https://www.eldiariodecarlospaz.com.ar,Un cordobés brilló en Estados Unidos y se quedó con el US Masters
2026-06-01,2026-W23,provincial,EL DIARIO,Córdoba,Centro,Villa Carlos Paz,https://www.eldiariodecarlospaz.com.ar,El informe forense confirmó lo peor en el caso Agostina Vega
2026-06-01,2026-W23,provincial,EL DIARIO,Córdoba,Centro,Villa Carlos Paz,https://www.eldiariodecarlospaz.com.ar,Capacitaron a Defensas Civiles de Santa María para actuar ante emergencias complejas
2026-06-01,2026-W23,provincial,EL DIARIO,Córdoba,Centro,Villa Carlos Paz,https://www.eldiariodecarlospaz.com.ar,Reclaman el jury para los fiscales Rodríguez y Garzón y la renuncia de Quinteros
2026-06-01,2026-W23,provincial,EL DIARIO,Córdoba,Centro,Villa Carlos Paz,https://www.eldiariodecarlospaz.com.ar,El vínculo entre el fiscal que liberó a Barrelier y el Caso Castana
2026-06-01,2026-W23,provincial,EL DIARIO,Córdoba,Centro,Villa Carlos Paz,https://www.eldiariodecarlospaz.com.ar,"Iba armado con un revólver y una cuchilla, persecución policial en Villa Giardino"
2026-06-01,2026-W23,provincial,EL DIARIO,Córdoba,Centro,Villa Carlos Paz,https://www.eldiariodecarlospaz.com.ar,Concentraciones en Carlos Paz y Punilla para pedir justicia por Agostina Vega
2026-06-01,2026-W23,provincial,EL DIARIO,Córdoba,Centro,Villa Carlos Paz,https://www.eldiariodecarlospaz.com.ar,Comienza el juicio contra un vecino de Carlos Paz acusado de abusar de tres jóvenes
2026-06-01,2026-W23,provincial,EL DIARIO,Córdoba,Centro,Villa Carlos Paz,https://www.eldiariodecarlospaz.com.ar,Misterio en La Falda: Hallaron un cráneo humano en el patio de una casa
2026-06-01,2026-W23,provincial,EL DIARIO,Córdoba,Centro,Villa Carlos Paz,https://www.eldiariodecarlospaz.com.ar,Claudio Úbeda dejo de ser el entrenador de Boca
2026-06-01,2026-W23,provincial,EL DIARIO,Córdoba,Centro,Villa Carlos Paz,https://www.eldiariodecarlospaz.com.ar,Villa María se sumó a una rodada mundial por la salud masculina
2026-06-01,2026-W23,provincial,EL DIARIO,Córdoba,Centro,Villa Carlos Paz,https://www.eldiariodecarlospaz.com.ar,Operativos de seguridad dejaron 35 detenidos en toda la provincia
2026-06-01,2026-W23,provincial,EL DIARIO,Córdoba,Centro,Villa Carlos Paz,https://www.eldiariodecarlospaz.com.ar,Punilla: diez meses sin rastros de Germán García y cuatro hipótesis abiertas
2026-06-01,2026-W23,provincial,EL DIARIO,Córdoba,Centro,Villa Carlos Paz,https://www.eldiariodecarlospaz.com.ar,«Estos carroñeros miserables por un puñado de votos se cagan en todo»
2026-06-01,2026-W23,provincial,EL DIARIO,Córdoba,Centro,Villa Carlos Paz,https://www.eldiariodecarlospaz.com.ar,«Podría haber sido yo»: El terrible relato de la joven que logró escapar de Barrelier
2026-06-01,2026-W23,provincial,EL DIARIO,Córdoba,Centro,Villa Carlos Paz,https://www.eldiariodecarlospaz.com.ar,Impulsan la legalización de la eutanasia: quiénes podrían acceder
2026-06-01,2026-W23,provincial,EL DIARIO,Córdoba,Centro,Villa Carlos Paz,https://www.eldiariodecarlospaz.com.ar,Cosquín pegó el portazo y abandonó la Comunidad Regional Punilla
2026-06-01,2026-W23,provincial,EL DIARIO,Córdoba,Centro,Villa Carlos Paz,https://www.eldiariodecarlospaz.com.ar,Villa General Belgrano competirá por el título de mejor pueblo turístico del mundo
2026-06-01,2026-W23,provincial,EL DIARIO,Córdoba,Centro,Villa Carlos Paz,https://www.eldiariodecarlospaz.com.ar,"Abren las inscripciones para el festival estudiantil ""Nuestro Arte es Trabajo"""
2026-06-01,2026-W23,provincial,EL DIARIO,Córdoba,Centro,Villa Carlos Paz,https://www.eldiariodecarlospaz.com.ar,Los recibos de sueldo tendrán un cambio clave para millones de trabajadores
2026-06-01,2026-W23,provincial,EL DIARIO,Córdoba,Centro,Villa Carlos Paz,https://www.eldiariodecarlospaz.com.ar,Cronograma de pagos: quienes cobran este lunes
2026-06-01,2026-W23,provincial,EL DIARIO,Córdoba,Centro,Villa Carlos Paz,https://www.eldiariodecarlospaz.com.ar,Córdoba cerró mayo con lluvias muy por debajo de los valores históricos
2026-06-01,2026-W23,provincial,EL DIARIO,Córdoba,Centro,Villa Carlos Paz,https://www.eldiariodecarlospaz.com.ar,Así fue el gran festejo por el Día de los Jardines en Valle Hermoso
2026-06-01,2026-W23,provincial,EL DIARIO,Córdoba,Centro,Villa Carlos Paz,https://www.eldiariodecarlospaz.com.ar,Los signos del zodiaco que tendrían una segunda oportunidad en junio
2026-06-01,2026-W23,provincial,EL DIARIO,Córdoba,Centro,Villa Carlos Paz,https://www.eldiariodecarlospaz.com.ar,Dólar hoy: a cuánto cotizan el blue y el oficial este lunes 1 de junio
2026-06-01,2026-W23,provincial,EL DIARIO,Córdoba,Centro,Villa Carlos Paz,https://www.eldiariodecarlospaz.com.ar,Murió el líder de una banda de cumbia tras chocar contra un camión cisterna en la autopista
2026-06-01,2026-W23,provincial,EL DIARIO,Córdoba,Centro,Villa Carlos Paz,https://www.eldiariodecarlospaz.com.ar,Los signos del horóscopo chino que podrían hacer un cambio importante en su hogar
2026-06-01,2026-W23,provincial,EL DIARIO,Córdoba,Centro,Villa Carlos Paz,https://www.eldiariodecarlospaz.com.ar,De Loredo pide jury al fiscal que liberó a Barrelier y reclama la expulsión de Moreno
2026-06-01,2026-W23,provincial,EL DIARIO,Córdoba,Centro,Villa Carlos Paz,https://www.eldiariodecarlospaz.com.ar,La nueva sede de la Universidad Provincial en Morteros ya tiene un 84% de avance
2026-06-01,2026-W23,provincial,EL DIARIO,Córdoba,Centro,Villa Carlos Paz,https://www.eldiariodecarlospaz.com.ar,Los vínculos políticos de Barrelier: quién lo hizo ingresar a la Municipalidad
2026-06-01,2026-W23,provincial,EL DIARIO,Córdoba,Centro,Villa Carlos Paz,https://www.eldiariodecarlospaz.com.ar,La Policía realizó operativos en Carlos Paz y otras ciudades: hay 13 detenidos
2026-06-01,2026-W23,provincial,EL DIARIO,Córdoba,Centro,Villa Carlos Paz,https://www.eldiariodecarlospaz.com.ar,Por qué el potus es la planta más recomendada para oficinas
2026-06-01,2026-W23,provincial,EL DIARIO,Córdoba,Centro,Villa Carlos Paz,https://www.eldiariodecarlospaz.com.ar,¡Arranca el sueño mundialista! La Selección Argentina desembarcó en Kansas
2026-06-01,2026-W23,provincial,EL DIARIO,Córdoba,Centro,Villa Carlos Paz,https://www.eldiariodecarlospaz.com.ar,"La Reina de la Vendimia tendrá salario, metas y obligaciones durante su mandato"
2026-06-01,2026-W23,provincial,EL DIARIO,Córdoba,Centro,Villa Carlos Paz,https://www.eldiariodecarlospaz.com.ar,Tragedia en Tucumán: fallecieron un matrimonio y su hijo de 9 años
2026-06-01,2026-W23,provincial,EL DIARIO,Córdoba,Centro,Villa Carlos Paz,https://www.eldiariodecarlospaz.com.ar,Concluyeron las obras y se normaliza el servicio de agua en Tanti
2026-06-01,2026-W23,provincial,EL DIARIO,Córdoba,Centro,Villa Carlos Paz,https://www.eldiariodecarlospaz.com.ar,El programa gratuito que ayuda a dejar de fumar cumple cinco años en Córdoba
2026-06-01,2026-W23,provincial,EL DIARIO,Córdoba,Centro,Villa Carlos Paz,https://www.eldiariodecarlospaz.com.ar,La Noche de las Lecturas reunió a vecinos y familias en Valle Hermoso
2026-06-01,2026-W23,provincial,EL DIARIO,Córdoba,Centro,Villa Carlos Paz,https://www.eldiariodecarlospaz.com.ar,Quince detenidos y más de treinta galgos rescatados en campos de Córdoba
2026-06-01,2026-W23,provincial,EL DIARIO,Córdoba,Centro,Villa Carlos Paz,https://www.eldiariodecarlospaz.com.ar,Desmienten que Barrelier haya intentado quitarse la vida en Bouwer
2026-06-01,2026-W23,provincial,EL DIARIO,Córdoba,Centro,Villa Carlos Paz,https://www.eldiariodecarlospaz.com.ar,Dónde se registró el mayor frío de la madrugada en Punilla
2026-06-01,2026-W23,provincial,EL DIARIO,Córdoba,Centro,Villa Carlos Paz,https://www.eldiariodecarlospaz.com.ar,Golpe al narcomenudeo en Punilla: Tres detenidos en Tanti y Estancia Vieja
2026-06-01,2026-W23,provincial,EL DIARIO,Córdoba,Centro,Villa Carlos Paz,https://www.eldiariodecarlospaz.com.ar,"Hacía maniobras peligrosas, confesó un delito y ofreció 127 mil dólares para huir"
2026-06-01,2026-W23,provincial,EL DIARIO,Córdoba,Centro,Villa Carlos Paz,https://www.eldiariodecarlospaz.com.ar,"Carlos Paz: Se emborrachó, provocó disturbios y terminó tras las rejas"
2026-06-01,2026-W23,provincial,EL DIARIO,Córdoba,Centro,Villa Carlos Paz,https://www.eldiariodecarlospaz.com.ar,"Números de la suerte para hoy, 1 de junio de 2026"
2026-06-01,2026-W23,provincial,EL DIARIO DEL CENTRO DEL PAÍS,Córdoba,Centro,Villa María,https://www.eldiariocba.com.ar,[ÚLTIMO MOMENTO] La Justicia agravó la acusación e imputó a Barrelier por femicidio
2026-06-01,2026-W23,provincial,EL DIARIO DEL CENTRO DEL PAÍS,Córdoba,Centro,Villa María,https://www.eldiariocba.com.ar,Detenido por amenazar a otras personas con un arma blanca
2026-06-01,2026-W23,provincial,EL DIARIO DEL CENTRO DEL PAÍS,Córdoba,Centro,Villa María,https://www.eldiariocba.com.ar,Comenzó el período de poda habilitada en Villa Nueva
2026-06-01,2026-W23,provincial,EL DIARIO DEL CENTRO DEL PAÍS,Córdoba,Centro,Villa María,https://www.eldiariocba.com.ar,Bloques opositores piden el jury para los fiscales Rodríguez y Garzón
2026-06-01,2026-W23,provincial,EL DIARIO DEL CENTRO DEL PAÍS,Córdoba,Centro,Villa María,https://www.eldiariocba.com.ar,Declaran el Estado de Alerta Ambiental por riesgo de incendios
2026-06-01,2026-W23,provincial,EL DIARIO DEL CENTRO DEL PAÍS,Córdoba,Centro,Villa María,https://www.eldiariocba.com.ar,Intentó sobornar a policías con una suma millonaria y quedó detenido
2026-06-01,2026-W23,provincial,EL DIARIO DEL CENTRO DEL PAÍS,Córdoba,Centro,Villa María,https://www.eldiariocba.com.ar,Bell Ville: confirman tres casos de fiebre hemorrágica y refuerzan el alerta sanitaria
2026-06-01,2026-W23,provincial,EL DIARIO DEL CENTRO DEL PAÍS,Córdoba,Centro,Villa María,https://www.eldiariocba.com.ar,Una huida fallida en moto desde la costanera: terminó en la comisaría
2026-06-01,2026-W23,provincial,EL DIARIO DEL CENTRO DEL PAÍS,Córdoba,Centro,Villa María,https://www.eldiariocba.com.ar,Denunció que su ex la encerró impidiéndole que se vaya de su casa
2026-06-01,2026-W23,provincial,EL DIARIO DEL CENTRO DEL PAÍS,Córdoba,Centro,Villa María,https://www.eldiariocba.com.ar,"Le robaron todas las herramientas, y mucho más, de su chata durante la madrugada"
2026-06-01,2026-W23,provincial,EL DIARIO DEL CENTRO DEL PAÍS,Córdoba,Centro,Villa María,https://www.eldiariocba.com.ar,Mirá las fotos: recuperaron seis vehículos que habían sido robados
2026-06-01,2026-W23,provincial,EL DIARIO DEL CENTRO DEL PAÍS,Córdoba,Centro,Villa María,https://www.eldiariocba.com.ar,"Rivadavia, ni de carambola"
2026-06-01,2026-W23,provincial,EL DIARIO DEL CENTRO DEL PAÍS,Córdoba,Centro,Villa María,https://www.eldiariocba.com.ar,Un Santo paciente y escolta
2026-06-01,2026-W23,provincial,EL DIARIO DEL CENTRO DEL PAÍS,Córdoba,Centro,Villa María,https://www.eldiariocba.com.ar,"Los Zorros, el octavo pasajero"
2026-06-01,2026-W23,provincial,EL DIARIO DEL CENTRO DEL PAÍS,Córdoba,Centro,Villa María,https://www.eldiariocba.com.ar,Con la fe de un Santo…
2026-06-01,2026-W23,provincial,EL DIARIO DEL CENTRO DEL PAÍS,Córdoba,Centro,Villa María,https://www.eldiariocba.com.ar,Hola a todos...
2026-06-01,2026-W23,provincial,EL DIARIO DEL CENTRO DEL PAÍS,Córdoba,Centro,Villa María,https://www.eldiariocba.com.ar,"Código de Convivencia: en detalle, por qué se produjo una quincena de detenciones"
2026-06-01,2026-W23,provincial,EL DIARIO DEL CENTRO DEL PAÍS,Córdoba,Centro,Villa María,https://www.eldiariocba.com.ar,Fuego en una casa durante la madrugada
2026-06-01,2026-W23,provincial,EL DIARIO DEL CENTRO DEL PAÍS,Córdoba,Centro,Villa María,https://www.eldiariocba.com.ar,Utilizaba comercios como fachada para vender drogas
2026-06-01,2026-W23,provincial,EL DIARIO DEL CENTRO DEL PAÍS,Córdoba,Centro,Villa María,https://www.eldiariocba.com.ar,Con elementos “de dudosa procedencia”
2026-06-01,2026-W23,provincial,EL DIARIO DEL CENTRO DEL PAÍS,Córdoba,Centro,Villa María,https://www.eldiariocba.com.ar,Victorias de San Martín y Jockey
2026-06-01,2026-W23,provincial,EL DIARIO DEL CENTRO DEL PAÍS,Córdoba,Centro,Villa María,https://www.eldiariocba.com.ar,"Chapur, de punta a punta"
2026-06-01,2026-W23,provincial,EL DIARIO DEL CENTRO DEL PAÍS,Córdoba,Centro,Villa María,https://www.eldiariocba.com.ar,Se definieron los rivales de Unión Central y Sparta
2026-06-01,2026-W23,provincial,EL DIARIO DEL CENTRO DEL PAÍS,Córdoba,Centro,Villa María,https://www.eldiariocba.com.ar,Dan más apoyos a escuelas
2026-06-01,2026-W23,provincial,EL DIARIO DEL CENTRO DEL PAÍS,Córdoba,Centro,Villa María,https://www.eldiariocba.com.ar,Pavimento en barrio Industrial
2026-06-01,2026-W23,provincial,EL DIARIO DEL CENTRO DEL PAÍS,Córdoba,Centro,Villa María,https://www.eldiariocba.com.ar,Corte Suprema y feminismos
2026-06-01,2026-W23,provincial,EL DIARIO DEL CENTRO DEL PAÍS,Córdoba,Centro,Villa María,https://www.eldiariocba.com.ar,Tiara Tignani sumó otro podio
2026-06-01,2026-W23,provincial,EL DIARIO DEL CENTRO DEL PAÍS,Córdoba,Centro,Villa María,https://www.eldiariocba.com.ar,Córdoba terminó sexta
2026-06-01,2026-W23,provincial,EL DIARIO DEL CENTRO DEL PAÍS,Córdoba,Centro,Villa María,https://www.eldiariocba.com.ar,Ganó Alexander Zverev y está en cuartos de final
2026-06-01,2026-W23,provincial,EL DIARIO DEL CENTRO DEL PAÍS,Córdoba,Centro,Villa María,https://www.eldiariocba.com.ar,Ya tiene fecha la Fiesta de las Colectividades
2026-06-01,2026-W23,provincial,EL DIARIO DEL CENTRO DEL PAÍS,Córdoba,Centro,Villa María,https://www.eldiariocba.com.ar,"El Gobierno equipó a la Caminera, entrenó ante los incendios rurales y realizó aportes en el sur"
2026-06-01,2026-W23,provincial,EL DIARIO DEL CENTRO DEL PAÍS,Córdoba,Centro,Villa María,https://www.eldiariocba.com.ar,Cumpleaños de un hogar de día para personas de Hernando
2026-06-01,2026-W23,provincial,EL DIARIO DEL CENTRO DEL PAÍS,Córdoba,Centro,Villa María,https://www.eldiariocba.com.ar,Grandes artistas llegan al Verdi
2026-06-01,2026-W23,provincial,EL DIARIO DEL CENTRO DEL PAÍS,Córdoba,Centro,Villa María,https://www.eldiariocba.com.ar,La cardióloga Mildren del Sueldo fue elegida para presidir la FAC
2026-06-01,2026-W23,provincial,EL DIARIO DEL CENTRO DEL PAÍS,Córdoba,Centro,Villa María,https://www.eldiariocba.com.ar,Los bomberos voluntarios preparan los festejos
2026-06-01,2026-W23,provincial,EL DIARIO DEL CENTRO DEL PAÍS,Córdoba,Centro,Villa María,https://www.eldiariocba.com.ar,Las promesas incumplidas por Milei a lo largo de 900 días de gobierno
2026-06-01,2026-W23,provincial,EL DIARIO DEL CENTRO DEL PAÍS,Córdoba,Centro,Villa María,https://www.eldiariocba.com.ar,La ultraderecha y el progresismo definirán en la segunda vuelta
2026-06-01,2026-W23,provincial,EL DIARIO DEL CENTRO DEL PAÍS,Córdoba,Centro,Villa María,https://www.eldiariocba.com.ar,La morosidad saltó un 254% entre los años 2024 y 2025
2026-06-01,2026-W23,provincial,EL DIARIO DEL CENTRO DEL PAÍS,Córdoba,Centro,Villa María,https://www.eldiariocba.com.ar,Avisos Fúnebres 01/06/2026
2026-06-01,2026-W23,provincial,EL DIARIO DEL CENTRO DEL PAÍS,Córdoba,Centro,Villa María,https://www.eldiariocba.com.ar,Humor 01/06/2026
2026-06-01,2026-W23,provincial,EL DIARIO DEL CENTRO DEL PAÍS,Córdoba,Centro,Villa María,https://www.eldiariocba.com.ar,Una donación histórica terminó en escándalo y en la Justicia
2026-06-01,2026-W23,provincial,EL DIARIO DEL CENTRO DEL PAÍS,Córdoba,Centro,Villa María,https://www.eldiariocba.com.ar,Pedirán que se incorpore la figura de femicidio
2026-06-01,2026-W23,provincial,EL DIARIO DEL CENTRO DEL PAÍS,Córdoba,Centro,Villa María,https://www.eldiariocba.com.ar,Circulaba con un televisor y otros elementos de dudosa procedencia
2026-06-01,2026-W23,provincial,EL DIARIO DEL CENTRO DEL PAÍS,Córdoba,Centro,Villa María,https://www.eldiariocba.com.ar,Habrá cortes de luz en distintos barrios
2026-06-01,2026-W23,provincial,EL DIARIO DEL CENTRO DEL PAÍS,Córdoba,Centro,Villa María,https://www.eldiariocba.com.ar,Organizan jornadas para intercambiar figuritas del Mundial
2026-06-01,2026-W23,provincial,EL DIARIO DEL CENTRO DEL PAÍS,Córdoba,Centro,Villa María,https://www.eldiariocba.com.ar,Marcha Ni Una Menos: la convocatoria será en plaza Centenario
2026-06-01,2026-W23,provincial,EL DIARIO DEL CENTRO DEL PAÍS,Córdoba,Centro,Villa María,https://www.eldiariocba.com.ar,La abogada del padre de Agostina pedirá cambiar la carátula a femicidio
2026-06-01,2026-W23,provincial,EL DIARIO DEL CENTRO DEL PAÍS,Córdoba,Centro,Villa María,https://www.eldiariocba.com.ar,El municipio entregó nuevo equipamiento a más escuelas
2026-06-01,2026-W23,provincial,EL DIARIO DEL CENTRO DEL PAÍS,Córdoba,Centro,Villa María,https://www.eldiariocba.com.ar,Llega una nueva edición de la Fiesta de las Colectividades: cuándo será
2026-06-01,2026-W23,provincial,EL DIARIO DEL CENTRO DEL PAÍS,Córdoba,Centro,Villa María,https://www.eldiariocba.com.ar,Atraparon a dos ladrones acusados de sendos robos
2026-06-01,2026-W23,provincial,EL DIARIO,Entre Ríos,Centro,Entre rios,https://www.eldiario.com.ar,Últimas noticias
2026-06-01,2026-W23,provincial,EL DIARIO,Entre Ríos,Centro,Entre rios,https://www.eldiario.com.ar,Siete años de prisión para la pareja narco que movía kilos en Concordia
2026-06-01,2026-W23,provincial,EL DIARIO,Entre Ríos,Centro,Entre rios,https://www.eldiario.com.ar,Frigerio ya tiene la reforma laboral que cambió las reglas del juego
2026-06-01,2026-W23,provincial,EL DIARIO,Entre Ríos,Centro,Entre rios,https://www.eldiario.com.ar,Micro de Concordia chocó en Panamericana: 12 heridos y chofer atrapado
2026-06-01,2026-W23,provincial,EL DIARIO,Entre Ríos,Centro,Entre rios,https://www.eldiario.com.ar,Una mujer asesinada cada 44 horas: las cifras que duelen de 2025
2026-06-01,2026-W23,provincial,EL DIARIO,Entre Ríos,Centro,Entre rios,https://www.eldiario.com.ar,Paro y ruidazo: Paraná se prepara para la marcha Ni Una Menos del 3 de junio
2026-06-01,2026-W23,provincial,EL DIARIO,Entre Ríos,Centro,Entre rios,https://www.eldiario.com.ar,Rossi en Concordia: “Hay que armar un peronismo sin ladrones”
2026-06-01,2026-W23,provincial,EL DIARIO,Entre Ríos,Centro,Entre rios,https://www.eldiario.com.ar,La economia volvio a caer en abril: el dato que preocupa a Caputo
2026-06-01,2026-W23,provincial,EL DIARIO,Entre Ríos,Centro,Entre rios,https://www.eldiario.com.ar,General Campos: $214 millones para refaccionar el hospital María Eva Duarte
2026-06-01,2026-W23,provincial,EL DIARIO,Entre Ríos,Centro,Entre rios,https://www.eldiario.com.ar,Dayub vuelve a casa: ultima funcion de El Equilibrista en Parana
2026-06-01,2026-W23,provincial,EL DIARIO,Entre Ríos,Centro,Entre rios,https://www.eldiario.com.ar,Club Ciclista cumple 105 años: la historia que sigue pedaleando en Paraná
2026-06-01,2026-W23,provincial,EL DIARIO,Entre Ríos,Centro,Entre rios,https://www.eldiario.com.ar,“Con $500 no sé cuántos caramelos te dan”: la frase de Lampazzi que incendió todo
2026-06-01,2026-W23,provincial,EL DIARIO,Entre Ríos,Centro,Entre rios,https://www.eldiario.com.ar,El tarifazo del estacionamiento que tiene en llamas al centro de Parana
2026-06-01,2026-W23,provincial,EL DIARIO,Entre Ríos,Centro,Entre rios,https://www.eldiario.com.ar,Bitrenes en el Túnel Subfluvial: la prueba nocturna que podría cambiar todo
2026-06-01,2026-W23,provincial,EL DIARIO,Entre Ríos,Centro,Entre rios,https://www.eldiario.com.ar,Invierno atípico en Entre Ríos: temperaturas altas y más lluvia de lo normal
2026-06-01,2026-W23,provincial,EL DIARIO,Entre Ríos,Centro,Entre rios,https://www.eldiario.com.ar,Cazador terminó internado tras discutir por caza ilegal en Aldea San Antonio
2026-06-01,2026-W23,provincial,EL DIARIO,Entre Ríos,Centro,Entre rios,https://www.eldiario.com.ar,Caos en Capital: paro sorpresivo en el Subte C por asbesto
2026-06-01,2026-W23,provincial,EL DIARIO,Entre Ríos,Centro,Entre rios,https://www.eldiario.com.ar,Se desplomaron los precios del ganado en Entre Ríos: el duro golpe de mayo
2026-06-01,2026-W23,provincial,EL DIARIO,Entre Ríos,Centro,Entre rios,https://www.eldiario.com.ar,El pasaporte secreto de la madre del Che y su detencion en Concordia
2026-06-01,2026-W23,provincial,EL DIARIO,Entre Ríos,Centro,Entre rios,https://www.eldiario.com.ar,Escándalo en Corrientes: equipo de Santa Elena protagonizó batalla campal
2026-06-01,2026-W23,provincial,EL DIARIO,Entre Ríos,Centro,Entre rios,https://www.eldiario.com.ar,Agostina Vega: las pericias que pueden cambiar todo en el caso
2026-06-01,2026-W23,provincial,EL DIARIO,Entre Ríos,Centro,Entre rios,https://www.eldiario.com.ar,Alerta por bancos de niebla en toda Entre Ríos: las rutas que hay que evitar
2026-06-01,2026-W23,provincial,EL DIARIO,Entre Ríos,Centro,Entre rios,https://www.eldiario.com.ar,Arranca la vacunación contra aftosa: el detalle que deben saber los productores
2026-06-01,2026-W23,provincial,EL DIARIO,Entre Ríos,Centro,Entre rios,https://www.eldiario.com.ar,Frigerio respira: el Gobierno postergó hasta julio la suba de combustibles
2026-06-01,2026-W23,provincial,EL DIARIO,Entre Ríos,Centro,Entre rios,https://www.eldiario.com.ar,El boom de las motos: ventas subieron 25% en mayo y ya van 43% en el año
2026-06-01,2026-W23,provincial,EL DIARIO,Entre Ríos,Centro,Entre rios,https://www.eldiario.com.ar,Las Camelias apuesta fuerte: 6 millones de dólares en Villaguay
2026-06-01,2026-W23,provincial,EL DIARIO,Entre Ríos,Centro,Entre rios,https://www.eldiario.com.ar,"Se desplomó la venta de autos: cayó 25,6% en mayo y el sector pide auxilio"
2026-06-01,2026-W23,provincial,EL DIARIO,Entre Ríos,Centro,Entre rios,https://www.eldiario.com.ar,Cayeron con motos robadas en las picadas del autodromo de Concepcion
2026-06-01,2026-W23,provincial,EL DIARIO,Entre Ríos,Centro,Entre rios,https://www.eldiario.com.ar,Renuncio el secretario Legal de Economia por razones familiares
2026-06-01,2026-W23,provincial,EL DIARIO,Entre Ríos,Centro,Entre rios,https://www.eldiario.com.ar,Últimas noticias Todas
2026-06-01,2026-W23,provincial,ELONCE,Entre Ríos,Centro,Entre rios,https://www.elonce.com,Panamericana: un micro de Concordia chocó contra un camión y hubo una docena de heridos
2026-06-01,2026-W23,provincial,ELONCE,Entre Ríos,Centro,Entre rios,https://www.elonce.com,Selección Argentina se aloja en moderno centro de entrenamiento mientras se prepara para el Mundial
2026-06-01,2026-W23,provincial,ELONCE,Entre Ríos,Centro,Entre rios,https://www.elonce.com,Marcha Ni Una Menos: convocan a un paro activo y movilización este 3 de junio en Paraná
2026-06-01,2026-W23,provincial,ELONCE,Entre Ríos,Centro,Entre rios,https://www.elonce.com,"La Cocina del Once volvió con noticias, recetas entrerrianas y un menú de tres pasos"
2026-06-01,2026-W23,provincial,ELONCE,Entre Ríos,Centro,Entre rios,https://www.elonce.com,Negocian las indemnizaciones de seis empleados tras el cierre de histórica metalúrgica de Paraná
2026-06-01,2026-W23,provincial,ELONCE,Entre Ríos,Centro,Entre rios,https://www.elonce.com,Se reglamentó el nuevo recibo de sueldo: cómo se debe generar y qué características tiene
2026-06-01,2026-W23,provincial,ELONCE,Entre Ríos,Centro,Entre rios,https://www.elonce.com,Detuvieron en la Terminal de Retiro a un entrerriano buscado por homicidio agravado por el vínculo
2026-06-01,2026-W23,provincial,ELONCE,Entre Ríos,Centro,Entre rios,https://www.elonce.com,El estremecedor relato de la joven que denunció a Barrelier antes del crimen de Agostina: “Podría haber sido yo”
2026-06-01,2026-W23,provincial,ELONCE,Entre Ríos,Centro,Entre rios,https://www.elonce.com,Estudiantes universitarios accederán a descuentos en Cotapa
2026-06-01,2026-W23,provincial,ELONCE,Entre Ríos,Centro,Entre rios,https://www.elonce.com,La provincia emitió el decreto Reglamento General de Concursos para la administración pública
2026-06-01,2026-W23,provincial,ELONCE,Entre Ríos,Centro,Entre rios,https://www.elonce.com,"Mauricio Dayub despedirá su emblemática obra ""El Equilibrista"" en Paraná"
2026-06-01,2026-W23,provincial,ELONCE,Entre Ríos,Centro,Entre rios,https://www.elonce.com,"Según el Registro Nacional de Femicidios, en 2025 hubo una víctima directa cada 44 horas en Argentina"
2026-06-01,2026-W23,provincial,ELONCE,Entre Ríos,Centro,Entre rios,https://www.elonce.com,Abuso sexual grupal contra una joven en Feliciano: allanaron vivienda y secuestraron celulares
2026-06-01,2026-W23,provincial,ELONCE,Entre Ríos,Centro,Entre rios,https://www.elonce.com,Qué feriados hay en junio y cuándo se celebra el día del Padre en Argentina
2026-06-01,2026-W23,provincial,ELONCE,Entre Ríos,Centro,Entre rios,https://www.elonce.com,"Pidió ayuda al 911 pero cuando llegó la Policía, su novio ya la había matado"
2026-06-01,2026-W23,provincial,ELONCE,Entre Ríos,Centro,Entre rios,https://www.elonce.com,Entre Ríos registró 63 muertes en siniestros viales durante el primer semestre de 2026
2026-06-01,2026-W23,provincial,ELONCE,Entre Ríos,Centro,Entre rios,https://www.elonce.com,Repararon el tobogán vandalizado en Plaza Mujeres Entrerrianas de Paraná
2026-06-01,2026-W23,provincial,ELONCE,Entre Ríos,Centro,Entre rios,https://www.elonce.com,"Delincuentes robaron en centenaria escuela de Gualguaychú, causaron daños y “desvalijaron” el comedor"
2026-06-01,2026-W23,provincial,ELONCE,Entre Ríos,Centro,Entre rios,https://www.elonce.com,Piden cadena de oración por arquero e integrante del carnaval entrerriano que sufrió fuerte golpe en un partido
2026-06-01,2026-W23,provincial,ELONCE,Entre Ríos,Centro,Entre rios,https://www.elonce.com,"Iniciaron sumario a un agente estatal entrerriano y le reclaman devolver más de $8,7 millones"
2026-06-01,2026-W23,provincial,ELONCE,Entre Ríos,Centro,Entre rios,https://www.elonce.com,Fondo para despidos: reglamentaron cómo funcionará el nuevo sistema y cuándo entrará en vigencia
2026-06-01,2026-W23,provincial,ELONCE,Entre Ríos,Centro,Entre rios,https://www.elonce.com,Siniestralidad vial: recuerdan que las multas por exceso de velocidad superan los $800.000 en Entre Ríos
2026-06-01,2026-W23,provincial,ELONCE,Entre Ríos,Centro,Entre rios,https://www.elonce.com,Discutió con otros cazadores en un campo y terminó internado con una herida en el cuello
2026-06-01,2026-W23,provincial,ELONCE,Entre Ríos,Centro,Entre rios,https://www.elonce.com,Demoraron a dos adolescentes tras ingresar al patio de una escuela en Paraná
2026-06-01,2026-W23,provincial,ELONCE,Entre Ríos,Centro,Entre rios,https://www.elonce.com,"Leñerías registran más ventas, pero los clientes compran menos cantidad"
2026-06-01,2026-W23,provincial,ELONCE,Entre Ríos,Centro,Entre rios,https://www.elonce.com,"Atacó a policías con un palo y un cuchillo, hirió a un comisario y terminó internado"
2026-06-01,2026-W23,provincial,ELONCE,Entre Ríos,Centro,Entre rios,https://www.elonce.com,Evalúan habilitar camiones bitrenes en el Túnel Subfluvial y preparan una prueba técnica nocturna
2026-06-01,2026-W23,provincial,ELONCE,Entre Ríos,Centro,Entre rios,https://www.elonce.com,Investigan el crimen de una adolescente misionera: no descartan que haya sido violada y ahorcada
2026-06-01,2026-W23,provincial,ELONCE,Entre Ríos,Centro,Entre rios,https://www.elonce.com,El Banco de Alimentos de Paraná impulsa una colecta de leche en supermercados: cómo colaborar
2026-06-01,2026-W23,provincial,ELONCE,Entre Ríos,Centro,Entre rios,https://www.elonce.com,Murió un reconocido cantante de cumbia tras un choque fatal en la autopista Rosario-Santa Fe
2026-06-01,2026-W23,provincial,ELONCE,Entre Ríos,Centro,Entre rios,https://www.elonce.com,Robaron la medalla de campeón al entrerriano Leonardo Morales tras un asalto en su casa
2026-06-01,2026-W23,provincial,ELONCE,Entre Ríos,Centro,Entre rios,https://www.elonce.com,“Hay mucho potencial entre los jóvenes”: estudiante entrerriana representó al país ante instituciones de la Unión Europea
2026-06-01,2026-W23,provincial,ELONCE,Entre Ríos,Centro,Entre rios,https://www.elonce.com,El VAR tendrá más poder en el Mundial 2026 y podrá intervenir en nuevas jugadas
2026-06-01,2026-W23,provincial,ELONCE,Entre Ríos,Centro,Entre rios,https://www.elonce.com,Fin de ciclo en Boca: Claudio Úbeda deja de ser el entrenador y ya buscan su reemplazo
2026-06-01,2026-W23,provincial,ELONCE,Entre Ríos,Centro,Entre rios,https://www.elonce.com,Club Ciclista celebra 105 años de historia y proyecta nuevas obras
2026-06-01,2026-W23,provincial,ELONCE,Entre Ríos,Centro,Entre rios,https://www.elonce.com,Se juega el Nacional de Clubes de futsal femenino en el Parque Berduc
2026-06-01,2026-W23,provincial,ELONCE,Entre Ríos,Centro,Entre rios,https://www.elonce.com,Haciendo comunidad
2026-06-01,2026-W23,provincial,ELONCE,Entre Ríos,Centro,Entre rios,https://www.elonce.com,La provincia participó de un encuentro estratégico de comercio internacional
2026-06-01,2026-W23,provincial,ELONCE,Entre Ríos,Centro,Entre rios,https://www.elonce.com,Inauguraron una muestra con obras realizadas por jóvenes y adultos con discapacidad
2026-06-01,2026-W23,provincial,ELONCE,Entre Ríos,Centro,Entre rios,https://www.elonce.com,El gobierno invertirá $214 millones en obras en el hospital de General Campos
2026-06-01,2026-W23,provincial,ELONCE,Entre Ríos,Centro,Entre rios,https://www.elonce.com,Amigos del Museo Martiniano Leguizamón celebrarán su día con una charla abierta
2026-06-01,2026-W23,provincial,ELONCE,Entre Ríos,Centro,Entre rios,https://www.elonce.com,Patronato empató 1 a 1 con Tristán Suárez en el Grella: el resumen y los goles
2026-06-01,2026-W23,provincial,ELONCE,Entre Ríos,Centro,Entre rios,https://www.elonce.com,Estudiante entrerriana representó al país ante instituciones de la Unión Europea
2026-06-01,2026-W23,provincial,ELONCE,Entre Ríos,Centro,Entre rios,https://www.elonce.com,“Me parte el corazón”: el emotivo posteo de Darío Barassi tras su visita a San Juan
2026-06-01,2026-W23,provincial,ELONCE,Entre Ríos,Centro,Entre rios,https://www.elonce.com,Gran Hermano: La Bomba Tucumana abandonó la casa y regresó otra jugadora a quien habían expulsado
2026-06-01,2026-W23,provincial,ELONCE,Entre Ríos,Centro,Entre rios,https://www.elonce.com,"Quién es Frida Mazza, la hermana menor que busca abrirse camino en el modelaje"
2026-06-01,2026-W23,provincial,ELONCE,Entre Ríos,Centro,Entre rios,https://www.elonce.com,Pampita y Martín Pepa confirmaron su reconciliación con románticas fotos en Inglaterra
2026-06-01,2026-W23,provincial,ELONCE,Entre Ríos,Centro,Entre rios,https://www.elonce.com,Panorama municipal
2026-06-01,2026-W23,provincial,ELONCE,Entre Ríos,Centro,Entre rios,https://www.elonce.com,El Municipio impulsa un paseo urbano con eje en la cultura y el patrimonio
2026-06-01,2026-W23,provincial,ELONCE,Entre Ríos,Centro,Entre rios,https://www.elonce.com,Ampliaron espacios de atención en el CAPS La Milagrosa
2026-06-01,2026-W23,provincial,UNO ENTRE RÍOS,Entre Ríos,Centro,Entre rios,https://www.unoentrerios.com.ar,Ni Una Menos: convocan a paro activo y movilización
2026-06-01,2026-W23,provincial,UNO ENTRE RÍOS,Entre Ríos,Centro,Entre rios,https://www.unoentrerios.com.ar,Agostina Vega: se conoció el resultado de la autopsia
2026-06-01,2026-W23,provincial,UNO ENTRE RÍOS,Entre Ríos,Centro,Entre rios,https://www.unoentrerios.com.ar,La ministra Sandra Pettovello cerró una gira en Italia con una audiencia con el papa León XIV
2026-06-01,2026-W23,provincial,UNO ENTRE RÍOS,Entre Ríos,Centro,Entre rios,https://www.unoentrerios.com.ar,Claudio Úbeda dejó de ser el entrenador de Boca Juniors
2026-06-01,2026-W23,provincial,UNO ENTRE RÍOS,Entre Ríos,Centro,Entre rios,https://www.unoentrerios.com.ar,Evalúan habilitar el paso de bitrenes por el Túnel Subfluvial
2026-06-01,2026-W23,provincial,UNO ENTRE RÍOS,Entre Ríos,Centro,Entre rios,https://www.unoentrerios.com.ar,Le robaron la medalla de campeón al defensor de Belgrano Leonardo Morales
2026-06-01,2026-W23,provincial,UNO ENTRE RÍOS,Entre Ríos,Centro,Entre rios,https://www.unoentrerios.com.ar,Ni Una Menos: 3.424 víctimas fatales de violencia de género en Argentina
2026-06-01,2026-W23,provincial,UNO ENTRE RÍOS,Entre Ríos,Centro,Entre rios,https://www.unoentrerios.com.ar,"Bianco cruzó a Milei: ""Vive en Narnia y se informa con tuits de Yrigoyen que le hacen sus amigos"""
2026-06-01,2026-W23,provincial,UNO ENTRE RÍOS,Entre Ríos,Centro,Entre rios,https://www.unoentrerios.com.ar,Estudiantes universitarios accederán a descuentos en Cotapa
2026-06-01,2026-W23,provincial,UNO ENTRE RÍOS,Entre Ríos,Centro,Entre rios,https://www.unoentrerios.com.ar,Reforma laboral: ya rige el FAL que modifica pago de indemnizaciones
2026-06-01,2026-W23,provincial,UNO ENTRE RÍOS,Entre Ríos,Centro,Entre rios,https://www.unoentrerios.com.ar,Influenza aviar: claves sanitarias para la crianza de aves de traspatio
2026-06-01,2026-W23,provincial,UNO ENTRE RÍOS,Entre Ríos,Centro,Entre rios,https://www.unoentrerios.com.ar,Farer: el remate de hacienda registra una baja promedio inferior a 1%
2026-06-01,2026-W23,provincial,UNO ENTRE RÍOS,Entre Ríos,Centro,Entre rios,https://www.unoentrerios.com.ar,Paraná: vandalizaron juego de plaza Mujeres Entrerrianas
2026-06-01,2026-W23,provincial,UNO ENTRE RÍOS,Entre Ríos,Centro,Entre rios,https://www.unoentrerios.com.ar,Bulldog llega a Paraná con un show que recorre todas sus épocas
2026-06-01,2026-W23,provincial,UNO ENTRE RÍOS,Entre Ríos,Centro,Entre rios,https://www.unoentrerios.com.ar,Herrera: hombre atacó a cuchillazos a un comisario y terminó herido.
2026-06-01,2026-W23,provincial,UNO ENTRE RÍOS,Entre Ríos,Centro,Entre rios,https://www.unoentrerios.com.ar,"Fonbec realizará un encuentro entre padrinos y becarios, e invita a sumarse al proyecto"
2026-06-01,2026-W23,provincial,UNO ENTRE RÍOS,Entre Ríos,Centro,Entre rios,https://www.unoentrerios.com.ar,CAME cuestionó las recomendaciones del FMI sobre la Reforma Tributaria
2026-06-01,2026-W23,provincial,UNO ENTRE RÍOS,Entre Ríos,Centro,Entre rios,https://www.unoentrerios.com.ar,Anses difundió el cronograma de pagos de junio
2026-06-01,2026-W23,provincial,UNO ENTRE RÍOS,Entre Ríos,Centro,Entre rios,https://www.unoentrerios.com.ar,Rechazan planteo de nulidad de Leonardo Airaldi en la antesala de declaraciones policiales
2026-06-01,2026-W23,provincial,UNO ENTRE RÍOS,Entre Ríos,Centro,Entre rios,https://www.unoentrerios.com.ar,Ocho detenidos en Diamante tras el secuestro de armas y drogas
2026-06-01,2026-W23,provincial,UNO ENTRE RÍOS,Entre Ríos,Centro,Entre rios,https://www.unoentrerios.com.ar,Cayó capo narco en Entre Ríos con 250 kilos de cocaína
2026-06-01,2026-W23,provincial,UNO ENTRE RÍOS,Entre Ríos,Centro,Entre rios,https://www.unoentrerios.com.ar,Nogoyá: detenidos y secuentro de drogas en allanamientos
2026-06-01,2026-W23,provincial,UNO ENTRE RÍOS,Entre Ríos,Centro,Entre rios,https://www.unoentrerios.com.ar,Impactante vuelco en Santa Elena: joven conductor resultó con lesiones menores
2026-06-01,2026-W23,provincial,UNO ENTRE RÍOS,Entre Ríos,Centro,Entre rios,https://www.unoentrerios.com.ar,Luana Cabral: la Justicia avanza en la investigación pese a una autopsia sin resultados concluyentes
2026-06-01,2026-W23,provincial,UNO ENTRE RÍOS,Entre Ríos,Centro,Entre rios,https://www.unoentrerios.com.ar,Murió el hombre accidentado en el acceso a Paraná
2026-06-01,2026-W23,provincial,UNO ENTRE RÍOS,Entre Ríos,Centro,Entre rios,https://www.unoentrerios.com.ar,Paraná: detenido por tentativa de homicidio de 2019
2026-06-01,2026-W23,provincial,UNO ENTRE RÍOS,Entre Ríos,Centro,Entre rios,https://www.unoentrerios.com.ar,Paraná: robos y violencia familiar con intervención policial
2026-06-01,2026-W23,provincial,UNO ENTRE RÍOS,Entre Ríos,Centro,Entre rios,https://www.unoentrerios.com.ar,"Autos 0KM: cayó 25,6% interanual la venta, en mayo"
2026-06-01,2026-W23,provincial,UNO ENTRE RÍOS,Entre Ríos,Centro,Entre rios,https://www.unoentrerios.com.ar,Banco Entre Ríos estará en Agroactiva 2026
2026-06-01,2026-W23,provincial,UNO ENTRE RÍOS,Entre Ríos,Centro,Entre rios,https://www.unoentrerios.com.ar,Salarios perdieron 39% de capacidad adquisitiva desde 2023
2026-06-01,2026-W23,provincial,UNO ENTRE RÍOS,Entre Ríos,Centro,Entre rios,https://www.unoentrerios.com.ar,Crisis energética: Denuncian sobrecostos en Enarsa y ya hay 130 industrias con cortes de gas
2026-06-01,2026-W23,provincial,UNO ENTRE RÍOS,Entre Ríos,Centro,Entre rios,https://www.unoentrerios.com.ar,"""El cierre de Menghi SRL es el síntoma de un círculo vicioso que asfixia a nuestras pymes"""
2026-06-01,2026-W23,provincial,UNO ENTRE RÍOS,Entre Ríos,Centro,Entre rios,https://www.unoentrerios.com.ar,PyMEs: alertan por cierre de una 25.000 empresas y la caída de 364.000 empleos
2026-06-01,2026-W23,provincial,UNO ENTRE RÍOS,Entre Ríos,Centro,Entre rios,https://www.unoentrerios.com.ar,Así es el hotel en Kansas donde se hospedará la selección argentina en el Mundial 2026
2026-06-01,2026-W23,provincial,UNO ENTRE RÍOS,Entre Ríos,Centro,Entre rios,https://www.unoentrerios.com.ar,Scaloni dio la lista de la Selección Argentina para el Mundial 2026
2026-06-01,2026-W23,provincial,UNO ENTRE RÍOS,Entre Ríos,Centro,Entre rios,https://www.unoentrerios.com.ar,"Desde Paraná, Triple E homenajeó a Messi con una cumbia rumbo al Mundial"
2026-06-01,2026-W23,provincial,UNO ENTRE RÍOS,Entre Ríos,Centro,Entre rios,https://www.unoentrerios.com.ar,"Lionel Scaloni reveló que tiene ""una duda"" en la lista de la Selección Argentina"
2026-06-01,2026-W23,provincial,UNO ENTRE RÍOS,Entre Ríos,Centro,Entre rios,https://www.unoentrerios.com.ar,"Fernando Alloco, el otro paranaense que dirá presente en el Mundial 2026"
2026-06-01,2026-W23,provincial,UNO ENTRE RÍOS,Entre Ríos,Centro,Entre rios,https://www.unoentrerios.com.ar,Alivio en la Selección Argentina: Lionel Messi no tendría una lesión muscular
2026-06-01,2026-W23,provincial,UNO ENTRE RÍOS,Entre Ríos,Centro,Entre rios,https://www.unoentrerios.com.ar,"Bombazo en Inglaterra: afuera Foden, Palmer y Alexander-Arnold del Mundial"
2026-06-01,2026-W23,provincial,UNO ENTRE RÍOS,Entre Ríos,Centro,Entre rios,https://www.unoentrerios.com.ar,Colombia presentó su lista de convocados para el Mundial 2026
2026-06-01,2026-W23,provincial,UNO ENTRE RÍOS,Entre Ríos,Centro,Entre rios,https://www.unoentrerios.com.ar,"Stéfano Di Carlo aseguró que de River ""Van a salir 15 jugadores"""
2026-06-01,2026-W23,provincial,UNO ENTRE RÍOS,Entre Ríos,Centro,Entre rios,https://www.unoentrerios.com.ar,Estudiantes se coronó campeón de la Liga Provincial Femenina de Cadetes
2026-06-01,2026-W23,provincial,UNO ENTRE RÍOS,Entre Ríos,Centro,Entre rios,https://www.unoentrerios.com.ar,Liga Federal: Recreativo cerró la Etapa Regular con una categórica victoria
2026-06-01,2026-W23,provincial,UNO ENTRE RÍOS,Entre Ríos,Centro,Entre rios,https://www.unoentrerios.com.ar,Pasó la séptima fecha del Torneo Provincial de la UER
2026-06-01,2026-W23,provincial,UNO ENTRE RÍOS,Entre Ríos,Centro,Entre rios,https://www.unoentrerios.com.ar,Maquinita Martínez calienta motores para volver a la acción
2026-06-01,2026-W23,provincial,UNO ENTRE RÍOS,Entre Ríos,Centro,Entre rios,https://www.unoentrerios.com.ar,En Paraná inicia el Nacional de Clubes femeninos
2026-06-01,2026-W23,provincial,UNO ENTRE RÍOS,Entre Ríos,Centro,Entre rios,https://www.unoentrerios.com.ar,Talleres celebra sus 119 años junto a la comunidad en Plaza Sáenz Peña
2026-06-01,2026-W23,provincial,UNO ENTRE RÍOS,Entre Ríos,Centro,Entre rios,https://www.unoentrerios.com.ar,Liga Paranaense: Atlético Paraná quedó a un paso de la consagración en el femenino
2026-06-01,2026-W23,provincial,UNO ENTRE RÍOS,Entre Ríos,Centro,Entre rios,https://www.unoentrerios.com.ar,Patronato empató con Tristán Suárez en el Grella
2026-06-01,2026-W23,provincial,LA CAPITAL,Santa Fe,Centro,Rosario,https://www.lacapital.com.ar,Nuevo round en La Favorita: empresarios culpan a los García y los comercios se van
2026-06-01,2026-W23,provincial,LA CAPITAL,Santa Fe,Centro,Rosario,https://www.lacapital.com.ar,La UNR cayó 105 puestos en un ranking mundial que reflejó el retroceso de las universidades argentinas
2026-06-01,2026-W23,provincial,LA CAPITAL,Santa Fe,Centro,Rosario,https://www.lacapital.com.ar,Zona Fría: concejales de Unidos le exigen a Losada y Galaretto que voten contra el tarifazo del gas
2026-06-01,2026-W23,provincial,LA CAPITAL,Santa Fe,Centro,Rosario,https://www.lacapital.com.ar,Crimen de Benjamín Scerra: cayó una hermana de los Hereñú y ya son cuatro los familiares detenidos
2026-06-01,2026-W23,provincial,LA CAPITAL,Santa Fe,Centro,Rosario,https://www.lacapital.com.ar,Bioceres denuncia una presunta estafa de una exdirectiva por 12 millones de dólares
2026-06-01,2026-W23,provincial,LA CAPITAL,Santa Fe,Centro,Rosario,https://www.lacapital.com.ar,Rosario suma vuelos directos a un popular destino de Brasil el próximo verano
2026-06-01,2026-W23,provincial,LA CAPITAL,Santa Fe,Centro,Rosario,https://www.lacapital.com.ar,Femicidio Agostina Vega: se conocieron los datos preliminares de la autopsia
2026-06-01,2026-W23,provincial,LA CAPITAL,Santa Fe,Centro,Rosario,https://www.lacapital.com.ar,Malcorra bancó a Quintana tras su salida de Central y la polémica con Almirón
2026-06-01,2026-W23,provincial,LA CAPITAL,Santa Fe,Centro,Rosario,https://www.lacapital.com.ar,Newell's arranca una semana donde comenzará a resolver temas pendientes
2026-06-01,2026-W23,provincial,LA CAPITAL,Santa Fe,Centro,Rosario,https://www.lacapital.com.ar,Leda Bergonzi se arrima a la política con el partido de los evangélicos
2026-06-01,2026-W23,provincial,LA CAPITAL,Santa Fe,Centro,Rosario,https://www.lacapital.com.ar,Condenan al hombre que mató a un joven e hirió a un jugador de Racing en barrio Tablada
2026-06-01,2026-W23,provincial,LA CAPITAL,Santa Fe,Centro,Rosario,https://www.lacapital.com.ar,"Quién era Elías Morel, el cantante que murió en un accidente en la autopista Rosario-Santa Fe"
2026-06-01,2026-W23,provincial,LA CAPITAL,Santa Fe,Centro,Rosario,https://www.lacapital.com.ar,"Monumento a la Bandera: ""Faltan detalles finales, se llegará muy bien para el 20 de junio"""
2026-06-01,2026-W23,provincial,LA CAPITAL,Santa Fe,Centro,Rosario,https://www.lacapital.com.ar,Qué trae el desembarco de Federico Angelini en Unidos
2026-06-01,2026-W23,provincial,LA CAPITAL,Santa Fe,Centro,Rosario,https://www.lacapital.com.ar,Milei compite contra sí mismo y Pullaro busca blindar su modelo
2026-06-01,2026-W23,provincial,LA CAPITAL,Santa Fe,Centro,Rosario,https://www.lacapital.com.ar,Quintana se despidió de Central y ya firmó con otro club del fútbol argentino
2026-06-01,2026-W23,provincial,LA CAPITAL,Santa Fe,Centro,Rosario,https://www.lacapital.com.ar,Claudio Úbeda dejó de ser el director técnico de Boca
2026-06-01,2026-W23,provincial,LA CAPITAL,Santa Fe,Centro,Rosario,https://www.lacapital.com.ar,Guía para el Mundial 2026: todos los cambios que se aplicarán en el VAR y el arbitraje
2026-06-01,2026-W23,provincial,LA CAPITAL,Santa Fe,Centro,Rosario,https://www.lacapital.com.ar,Así es el hotel en Kansas donde se hospedará la selección argentina en el Mundial 2026
2026-06-01,2026-W23,provincial,LA CAPITAL,Santa Fe,Centro,Rosario,https://www.lacapital.com.ar,Cuándo juega la selección argentina: los amistosos en la previa del Mundial 2026
2026-06-01,2026-W23,provincial,LA CAPITAL,Santa Fe,Centro,Rosario,https://www.lacapital.com.ar,Femicidio de Vanesa Celma: un memorial por una justicia con perspectiva de género
2026-06-01,2026-W23,provincial,LA CAPITAL,Santa Fe,Centro,Rosario,https://www.lacapital.com.ar,"Santa Fe mejoró sus índices de lectura: subió 22,6% el grupo de chicos que lee bien o fluidamente"
2026-06-01,2026-W23,provincial,LA CAPITAL,Santa Fe,Centro,Rosario,https://www.lacapital.com.ar,Reforma laboral: ya rige el sistema que modifica el pago de indemnizaciones
2026-06-01,2026-W23,provincial,LA CAPITAL,Santa Fe,Centro,Rosario,https://www.lacapital.com.ar,Ejercicios de Kegel: con sus consejos en redes sociales se volvió influencer mundial
2026-06-01,2026-W23,provincial,LA CAPITAL,Santa Fe,Centro,Rosario,https://www.lacapital.com.ar,Cuánto falta para el próximo feriado y cuándo llega otro fin de semana semana largo
2026-06-01,2026-W23,provincial,LA CAPITAL,Santa Fe,Centro,Rosario,https://www.lacapital.com.ar,El campo aceleró la liquidación y el Gran Rosario en la cima de un ranking mundial
2026-06-01,2026-W23,provincial,LA CAPITAL,Santa Fe,Centro,Rosario,https://www.lacapital.com.ar,"Mujeres taxistas pidieron una ""refuncionalización"" de la dársena de taxis de la Terminal"
2026-06-01,2026-W23,provincial,LA CAPITAL,Santa Fe,Centro,Rosario,https://www.lacapital.com.ar,El tiempo en Rosario: nuevamente habrá niebla para arrancar el lunes
2026-06-01,2026-W23,provincial,LA CAPITAL,Santa Fe,Centro,Rosario,https://www.lacapital.com.ar,El caso del juez Salmain lo dice todo
2026-06-01,2026-W23,provincial,LA CAPITAL,Santa Fe,Centro,Rosario,https://www.lacapital.com.ar,Alquileres en Rosario: la oferta se triplicó y cambió el mapa inmobiliario
2026-06-01,2026-W23,provincial,LA CAPITAL,Santa Fe,Centro,Rosario,https://www.lacapital.com.ar,Modistas y sastres: unas 400 personas ya integran el mapa de un oficio que da pelea
2026-06-01,2026-W23,provincial,LA CAPITAL,Santa Fe,Centro,Rosario,https://www.lacapital.com.ar,"Florencia Iglesias: ""Hay que evitar que haya territorios ganadores y perdedores"""
2026-06-01,2026-W23,provincial,LA CAPITAL,Santa Fe,Centro,Rosario,https://www.lacapital.com.ar,"Roberto Falistocco: ""Es insuficiente el número de jueces laborales"""
2026-06-01,2026-W23,provincial,LA CAPITAL,Santa Fe,Centro,Rosario,https://www.lacapital.com.ar,Gastronomía y crisis: en Rosario venden comercios a precio de remate
2026-06-01,2026-W23,provincial,LA CAPITAL,Santa Fe,Centro,Rosario,https://www.lacapital.com.ar,Crisis en La Favorita: los reclamos entre la operadora y los dueños puede derivar en desalojo
2026-06-01,2026-W23,provincial,LA CAPITAL,Santa Fe,Centro,Rosario,https://www.lacapital.com.ar,Una nena sufre cardiopatía severa y le niegan el certificado de discapacidad
2026-06-01,2026-W23,provincial,LA CAPITAL,Santa Fe,Centro,Rosario,https://www.lacapital.com.ar,Qué factores intervienen en la formación de la niebla en Rosario
2026-06-01,2026-W23,provincial,LA CAPITAL,Santa Fe,Centro,Rosario,https://www.lacapital.com.ar,"Jorge Almirón: ""El balance de Central en la Libertadores es súper positivo"""
2026-06-01,2026-W23,provincial,LA CAPITAL,Santa Fe,Centro,Rosario,https://www.lacapital.com.ar,Los sueldos universitarios están en el nivel más bajo de los últimos 23 años
2026-06-01,2026-W23,provincial,LA CAPITAL,Santa Fe,Centro,Rosario,https://www.lacapital.com.ar,Dua Lipa se casó con Callum Turner: la curiosa conexión argentina detrás de su historia de amor
2026-06-01,2026-W23,provincial,LA CAPITAL,Santa Fe,Centro,Rosario,https://www.lacapital.com.ar,Fito Páez lanzó un nuevo video protagonizado por Sofía Gala y con muchos invitados
2026-06-01,2026-W23,provincial,LA CAPITAL,Santa Fe,Centro,Rosario,https://www.lacapital.com.ar,El Festival de Jazz vuelve a Rosario con más escenarios y una apuesta por las nuevas generaciones
2026-06-01,2026-W23,provincial,LA CAPITAL,Santa Fe,Centro,Rosario,https://www.lacapital.com.ar,"Mirtha Legrand volvió a hablar de su estatua homenaje: ""¡Yo soy hermosa y eso es horrible!"""
2026-06-01,2026-W23,provincial,LA CAPITAL,Santa Fe,Centro,Rosario,https://www.lacapital.com.ar,"Junio en plataformas: los estrenos que llegan a Netflix, Amazon, HBO Max, Mubi, Apple TV, y Disney+"
2026-06-01,2026-W23,provincial,LA CAPITAL,Santa Fe,Centro,Rosario,https://www.lacapital.com.ar,"Harán una serie basada en ""Nueve reinas"" con un actor de ""La casa de papel"""
2026-06-01,2026-W23,provincial,LA CAPITAL,Santa Fe,Centro,Rosario,https://www.lacapital.com.ar,Pity Álvarez sorprendió con una versión de un clásico de Virus
2026-06-01,2026-W23,provincial,LA CAPITAL,Santa Fe,Centro,Rosario,https://www.lacapital.com.ar,Roldán conmemorará el Día Mundial del Ambiente con propuestas para toda la familia
2026-06-01,2026-W23,provincial,LA CAPITAL,Santa Fe,Centro,Rosario,https://www.lacapital.com.ar,La ciudad de Alvear llevará todo su potencial a Agroactiva 2026
2026-06-01,2026-W23,provincial,LA CAPITAL,Santa Fe,Centro,Rosario,https://www.lacapital.com.ar,El fan fest de los Juegos Suramericanos pasó por Villa Gobernador Gálvez
2026-06-01,2026-W23,provincial,LA CAPITAL,Santa Fe,Centro,Rosario,https://www.lacapital.com.ar,Puerto General San Martín impulsó un foro sobre innovación y educación ambiental
2026-06-01,2026-W23,provincial,AIRE DIGITAL,Santa Fe,Centro,Santa Fe,https://www.airedesantafe.com.ar,"Cuidacoches: Poletti respaldó la ley, pero advirtió que ""no va a solucionar la pobreza"""
2026-06-01,2026-W23,provincial,AIRE DIGITAL,Santa Fe,Centro,Santa Fe,https://www.airedesantafe.com.ar,"Cambia el recibo de sueldo: incluirá un gráfico con aportes, descuentos y el costo laboral"
2026-06-01,2026-W23,provincial,AIRE DIGITAL,Santa Fe,Centro,Santa Fe,https://www.airedesantafe.com.ar,Volvió el descontrol a barrio Las Flores: los videos que muestran peleas y una marea de motos en la madrugada
2026-06-01,2026-W23,provincial,AIRE DIGITAL,Santa Fe,Centro,Santa Fe,https://www.airedesantafe.com.ar,Últimas Noticias
2026-06-01,2026-W23,provincial,AIRE DIGITAL,Santa Fe,Centro,Santa Fe,https://www.airedesantafe.com.ar,Tucumán: mató a puñaladas a su hermano durante una pelea y seguirá preso mientras avanza la causa
2026-06-01,2026-W23,provincial,AIRE DIGITAL,Santa Fe,Centro,Santa Fe,https://www.airedesantafe.com.ar,Dos policías caminantes salvaron la vida de una bebé de un año en Santa Fe
2026-06-01,2026-W23,provincial,AIRE DIGITAL,Santa Fe,Centro,Santa Fe,https://www.airedesantafe.com.ar,Cotillón Fiesta ya vive el Mundial: el furor hace crecer las ventas de productos de la Selección
2026-06-01,2026-W23,provincial,AIRE DIGITAL,Santa Fe,Centro,Santa Fe,https://www.airedesantafe.com.ar,La autopsia reveló que Agostina Vega fue asfixiada y abusada sexualmente
2026-06-01,2026-W23,provincial,AIRE DIGITAL,Santa Fe,Centro,Santa Fe,https://www.airedesantafe.com.ar,Circunvalación: delincuentes armados y un menor le apuntaron al pecho para robarle la moto
2026-06-01,2026-W23,provincial,AIRE DIGITAL,Santa Fe,Centro,Santa Fe,https://www.airedesantafe.com.ar,"Gálvez: ya son dos los empresarios que emitieron 1.393 cheques sin fondo, por casi 2.250 millones"
2026-06-01,2026-W23,provincial,AIRE DIGITAL,Santa Fe,Centro,Santa Fe,https://www.airedesantafe.com.ar,Colón ya tiene día y horario para recibir a Central Norte y estará más de un mes sin jugar en Santa Fe
2026-06-01,2026-W23,provincial,AIRE DIGITAL,Santa Fe,Centro,Santa Fe,https://www.airedesantafe.com.ar,¿Cuándo juega la Selección Argentina los amistosos contra Honduras e Islandia?
2026-06-01,2026-W23,provincial,AIRE DIGITAL,Santa Fe,Centro,Santa Fe,https://www.airedesantafe.com.ar,"Nueva edición de Milla Extra: industria, finanzas y el análisis de la realidad productiva de Santa Fe"
2026-06-01,2026-W23,provincial,AIRE DIGITAL,Santa Fe,Centro,Santa Fe,https://www.airedesantafe.com.ar,Banco Santa Fe y Banco Entre Ríos llevan a Agroactiva una propuesta financiera para el campo y la producción
2026-06-01,2026-W23,provincial,AIRE DIGITAL,Santa Fe,Centro,Santa Fe,https://www.airedesantafe.com.ar,"""Prefiero cerrar, porque es para renegar"": la desazón de un comerciante que sufrió un robo en pleno centro"
2026-06-01,2026-W23,provincial,AIRE DIGITAL,Santa Fe,Centro,Santa Fe,https://www.airedesantafe.com.ar,Bajar el ausentismo estudiantil: el nuevo objetivo del Ministerio de Educación
2026-06-01,2026-W23,provincial,AIRE DIGITAL,Santa Fe,Centro,Santa Fe,https://www.airedesantafe.com.ar,"Según una encuesta, más de la mitad de los santafesinos aprueba la gestión del gobernador Pullaro"
2026-06-01,2026-W23,provincial,AIRE DIGITAL,Santa Fe,Centro,Santa Fe,https://www.airedesantafe.com.ar,El MPA deberá elegir un nuevo fiscal para la reapertura de la causa Moderno House
2026-06-01,2026-W23,provincial,AIRE DIGITAL,Santa Fe,Centro,Santa Fe,https://www.airedesantafe.com.ar,La historia detrás de la alumna que llevó droga a la escuela y expuso una filtración policial
2026-06-01,2026-W23,provincial,AIRE DIGITAL,Santa Fe,Centro,Santa Fe,https://www.airedesantafe.com.ar,Once motociclistas ingresaron al hospital Cullen por siniestros viales entre sábado y domingo
2026-06-01,2026-W23,provincial,AIRE DIGITAL,Santa Fe,Centro,Santa Fe,https://www.airedesantafe.com.ar,San José del Rincón: un nene resultó herido al explotar una bala con la que jugaba en su casa
2026-06-01,2026-W23,provincial,AIRE DIGITAL,Santa Fe,Centro,Santa Fe,https://www.airedesantafe.com.ar,Caso Trigatti: rechazaron el pedido de jury a los jueces que absolvieron al docente santafesino
2026-06-01,2026-W23,provincial,AIRE DIGITAL,Santa Fe,Centro,Santa Fe,https://www.airedesantafe.com.ar,"Fue técnico de Colón, amigo de Maradona y ahora le dijo que no a Boca"
2026-06-01,2026-W23,provincial,AIRE DIGITAL,Santa Fe,Centro,Santa Fe,https://www.airedesantafe.com.ar,"Colón y Unión deberán aprender la ""regla de los 10 segundos"": ¿Cuándo llega a la Argentina?"
2026-06-01,2026-W23,provincial,AIRE DIGITAL,Santa Fe,Centro,Santa Fe,https://www.airedesantafe.com.ar,Policiales y locales
2026-06-01,2026-W23,provincial,AIRE DIGITAL,Santa Fe,Centro,Santa Fe,https://www.airedesantafe.com.ar,Crisis del transporte en Santa Fe: qué medidas reclaman las empresas para sostener el sistema
2026-06-01,2026-W23,provincial,AIRE DIGITAL,Santa Fe,Centro,Santa Fe,https://www.airedesantafe.com.ar,"El Plan Raíz mejoró un 22,6 % la lectura de los chicos: ""Estamos construyendo el camino correcto"", marcó Pullaro"
2026-06-01,2026-W23,provincial,AIRE DIGITAL,Santa Fe,Centro,Santa Fe,https://www.airedesantafe.com.ar,Santa Fe es la ciudad que menos se expandió en Argentina: las claves detrás de un dato inusual
2026-06-01,2026-W23,provincial,AIRE DIGITAL,Santa Fe,Centro,Santa Fe,https://www.airedesantafe.com.ar,"El tráfico ilegal de fauna y la falta de control, las claves del aumento de casos de psitacosis"
2026-06-01,2026-W23,provincial,AIRE DIGITAL,Santa Fe,Centro,Santa Fe,https://www.airedesantafe.com.ar,Un hombre de 26 años fue baleado en barrio Coronel Dorrego
2026-06-01,2026-W23,provincial,AIRE DIGITAL,Santa Fe,Centro,Santa Fe,https://www.airedesantafe.com.ar,Agroactiva 2026: el plan de JyD Forconi para revolucionar la siembra y la fertilización con tecnología nacional
2026-06-01,2026-W23,provincial,AIRE DIGITAL,Santa Fe,Centro,Santa Fe,https://www.airedesantafe.com.ar,Pasión Lechera vuelve a Rafaela con una destacada oferta de genética Holando
2026-06-01,2026-W23,provincial,AIRE DIGITAL,Santa Fe,Centro,Santa Fe,https://www.airedesantafe.com.ar,"Agroactiva 2026: todo lo que habrá en el gran espacio de Santa Fe, entre créditos, negocios y tecnología"
2026-06-01,2026-W23,provincial,AIRE DIGITAL,Santa Fe,Centro,Santa Fe,https://www.airedesantafe.com.ar,La inteligencia artificial nos salvó del desastre: productores sin retenciones que seguían quejándose
2026-06-01,2026-W23,provincial,AIRE DIGITAL,Santa Fe,Centro,Santa Fe,https://www.airedesantafe.com.ar,"Agricultura regenerativa y valor agregado: el proyecto que une producción, alimentos y comunidad"
2026-06-01,2026-W23,provincial,AIRE DIGITAL,Santa Fe,Centro,Santa Fe,https://www.airedesantafe.com.ar,Mas notas de Agro
2026-06-01,2026-W23,provincial,AIRE DIGITAL,Santa Fe,Centro,Santa Fe,https://www.airedesantafe.com.ar,AIRE en Rosario
2026-06-01,2026-W23,provincial,AIRE DIGITAL,Santa Fe,Centro,Santa Fe,https://www.airedesantafe.com.ar,Rosario refuerza su conectividad internacional: se confirma el vuelo directo a Maceió para el verano
2026-06-01,2026-W23,provincial,AIRE DIGITAL,Santa Fe,Centro,Santa Fe,https://www.airedesantafe.com.ar,"El contador de Bailaque, clave para esclarecer un entramado de dinero, corrupción y narcotráfico"
2026-06-01,2026-W23,provincial,AIRE DIGITAL,Santa Fe,Centro,Santa Fe,https://www.airedesantafe.com.ar,Cayó el principal acusado por el crimen de Benjamín Scerra: lo atraparon en San Nicolás
2026-06-01,2026-W23,provincial,AIRE DIGITAL,Santa Fe,Centro,Santa Fe,https://www.airedesantafe.com.ar,"Es figura de su Selección, se rompió la rodilla en un amistoso y se pierde el Mundial 2026"
2026-06-01,2026-W23,provincial,AIRE DIGITAL,Santa Fe,Centro,Santa Fe,https://www.airedesantafe.com.ar,Caruso Lombardi acusó a Leandro Paredes de haber dejado afuera de la lista del Mundial a un jugador de River
2026-06-01,2026-W23,provincial,AIRE DIGITAL,Santa Fe,Centro,Santa Fe,https://www.airedesantafe.com.ar,Se terminó la ilusión de Juan Manuel Cerúndolo en Roland Garros tras caer ante Berrettini en octavos
2026-06-01,2026-W23,provincial,AIRE DIGITAL,Santa Fe,Centro,Santa Fe,https://www.airedesantafe.com.ar,La tremenda marca que logró Tim Payne en la previa del Mundial 2026: 4 millones de seguidores en Instagram
2026-06-01,2026-W23,provincial,AIRE DIGITAL,Santa Fe,Centro,Santa Fe,https://www.airedesantafe.com.ar,Claudio Úbeda dejó Boca y el club busca nuevo entrenador para el segundo semestre
2026-06-01,2026-W23,provincial,AIRE DIGITAL,Santa Fe,Centro,Santa Fe,https://www.airedesantafe.com.ar,"Arrollado de merengue de Maru Botana: la receta fácil y fresca que lleva dulce de leche, crema y frutillas"
2026-06-01,2026-W23,provincial,AIRE DIGITAL,Santa Fe,Centro,Santa Fe,https://www.airedesantafe.com.ar,Tortitas negras con jamón crudo: la combinación viral que divide a los argentinos y sorprende por su sabor
2026-06-01,2026-W23,provincial,AIRE DIGITAL,Santa Fe,Centro,Santa Fe,https://www.airedesantafe.com.ar,Skincare para el otoño: cómo proteger la piel sensible y combatir la deshidratación
2026-06-01,2026-W23,provincial,AIRE DIGITAL,Santa Fe,Centro,Santa Fe,https://www.airedesantafe.com.ar,Las flores que se siembran en invierno y transforman el jardín meses después
2026-06-01,2026-W23,provincial,AIRE DIGITAL,Santa Fe,Centro,Santa Fe,https://www.airedesantafe.com.ar,Ni potus ni monstera: las plantas de interior que mejor sobreviven al invierno
2026-06-01,2026-W23,provincial,DIARIO UNO,Mendoza,Cuyo,Mendoza,https://www.diariouno.com.ar,La emotiva despedida familiar a Julio Le Parc y el legado inmortal del maestro de la luz
2026-06-01,2026-W23,provincial,DIARIO UNO,Mendoza,Cuyo,Mendoza,https://www.diariouno.com.ar,VIDEOS DESTACADOS
2026-06-01,2026-W23,provincial,DIARIO UNO,Mendoza,Cuyo,Mendoza,https://www.diariouno.com.ar,ÚLTIMAS NOTICIAS
2026-06-01,2026-W23,provincial,DIARIO UNO,Mendoza,Cuyo,Mendoza,https://www.diariouno.com.ar,La Universidad Maza inauguró el Espacio Chiara Yacopini para favorecer el desarrollo estudiantil
2026-06-01,2026-W23,provincial,DIARIO UNO,Mendoza,Cuyo,Mendoza,https://www.diariouno.com.ar,Imputaron a la pareja que quedó filmada en el robo a la casa de Agustín Vila dentro del barrio Dalvian
2026-06-01,2026-W23,provincial,DIARIO UNO,Mendoza,Cuyo,Mendoza,https://www.diariouno.com.ar,Redujeron frente a una escuela a un supuesto veterano de guerra estadounidense que estaba fuera de sí
2026-06-01,2026-W23,provincial,DIARIO UNO,Mendoza,Cuyo,Mendoza,https://www.diariouno.com.ar,Un conductor de 73 años murió al estrellarse contra un árbol en Guaymallén
2026-06-01,2026-W23,provincial,DIARIO UNO,Mendoza,Cuyo,Mendoza,https://www.diariouno.com.ar,"Investigan a otro ex funcionario nacional y ya se habla de ""la banda de los mendocinos"""
2026-06-01,2026-W23,provincial,DIARIO UNO,Mendoza,Cuyo,Mendoza,https://www.diariouno.com.ar,Casi 2.000 mendocinos figuran en el Registro de Deudores Alimentarios Morosos
2026-06-01,2026-W23,provincial,DIARIO UNO,Mendoza,Cuyo,Mendoza,https://www.diariouno.com.ar,Ulpiano Suarez le metió presión a los senadores para que defiendan Zona Fría
2026-06-01,2026-W23,provincial,DIARIO UNO,Mendoza,Cuyo,Mendoza,https://www.diariouno.com.ar,Fuera de agenda
2026-06-01,2026-W23,provincial,DIARIO UNO,Mendoza,Cuyo,Mendoza,https://www.diariouno.com.ar,POLICIALES Y JUDICIALES
2026-06-01,2026-W23,provincial,DIARIO UNO,Mendoza,Cuyo,Mendoza,https://www.diariouno.com.ar,Series y Películas
2026-06-01,2026-W23,provincial,DIARIO UNO,Mendoza,Cuyo,Mendoza,https://www.diariouno.com.ar,Análisis y Opinión
2026-06-01,2026-W23,provincial,DIARIO UNO,Mendoza,Cuyo,Mendoza,https://www.diariouno.com.ar,libros y cultura
2026-06-01,2026-W23,provincial,DIARIO UNO,Mendoza,Cuyo,Mendoza,https://www.diariouno.com.ar,"La conexión de un Spinetta con Mendoza: amor, arte y cruzada solidaria por caballos maltratados"
2026-06-01,2026-W23,provincial,DIARIO UNO,Mendoza,Cuyo,Mendoza,https://www.diariouno.com.ar,El enólogo mendocino que vivió mil vidas y creó la primera bebida alcohólica a base de flores
2026-06-01,2026-W23,provincial,DIARIO UNO,Mendoza,Cuyo,Mendoza,https://www.diariouno.com.ar,El abogado Alejandro Poquet traslada al teatro el juicio a Cristina y lo hace en clave de sátira
2026-06-01,2026-W23,provincial,DIARIO UNO,Mendoza,Cuyo,Mendoza,https://www.diariouno.com.ar,De Mendoza a la Scaloneta: diseñaron botines para los jugadores y quieren dárselos antes del Mundial
2026-06-01,2026-W23,provincial,DIARIO UNO,Mendoza,Cuyo,Mendoza,https://www.diariouno.com.ar,Dos perras custodian el ADN del vino: un viaje al interior del olfato más preciso de la industria
2026-06-01,2026-W23,provincial,DIARIO UNO,Mendoza,Cuyo,Mendoza,https://www.diariouno.com.ar,"La IA llegó al consultorio: el médico mendocino que creó una app para ""mapear"" la nariz de sus pacientes"
2026-06-01,2026-W23,provincial,DIARIO UNO,Mendoza,Cuyo,Mendoza,https://www.diariouno.com.ar,"Alumnos mendocinos en el Mundial de Robótica: cuando la escuela desafía las ""amenazas"" del aula"
2026-06-01,2026-W23,provincial,DIARIO UNO,Mendoza,Cuyo,Mendoza,https://www.diariouno.com.ar,Tres artistas mendocinas transforman el desierto de Lavalle en joyas con memoria
2026-06-01,2026-W23,provincial,DIARIO UNO,Mendoza,Cuyo,Mendoza,https://www.diariouno.com.ar,Alfredo Cornejo presentó a Mendoza en Londres como un destino seguro para inversiones financieras y mineras
2026-06-01,2026-W23,provincial,DIARIO UNO,Mendoza,Cuyo,Mendoza,https://www.diariouno.com.ar,"Por el crimen del jubilado desaparecido José Massó, la Justicia fijó una audiencia clave"
2026-06-01,2026-W23,provincial,DIARIO UNO,Mendoza,Cuyo,Mendoza,https://www.diariouno.com.ar,"El drama del crecimiento desigual, que no cambia con la reforma laboral"
2026-06-01,2026-W23,provincial,DIARIO UNO,Mendoza,Cuyo,Mendoza,https://www.diariouno.com.ar,Cuánto cuestan y cómo son las casas prefabricadas chinas que llegaron a Argentina: se montan en 10 horas
2026-06-01,2026-W23,provincial,DIARIO UNO,Mendoza,Cuyo,Mendoza,https://www.diariouno.com.ar,"Cómo hacer tiramisú clásico italiano: la receta auténtica, paso a paso"
2026-06-01,2026-W23,provincial,DIARIO UNO,Mendoza,Cuyo,Mendoza,https://www.diariouno.com.ar,El país de América del Sur que quiere instalar megaturbinas submarinas y utilizar a su favor una de las corrientes más fuerte del planeta
2026-06-01,2026-W23,provincial,DIARIO UNO,Mendoza,Cuyo,Mendoza,https://www.diariouno.com.ar,"El desgarrador relato de la joven secuestrada por Barrelier en 2025: ""Salí corriendo casi desnuda"""
2026-06-01,2026-W23,provincial,DIARIO UNO,Mendoza,Cuyo,Mendoza,https://www.diariouno.com.ar,"""Estás invitado"": la nueva modalidad de estafa que puede vaciar tu cuenta de banco en pocos minutos"
2026-06-01,2026-W23,provincial,DIARIO UNO,Mendoza,Cuyo,Mendoza,https://www.diariouno.com.ar,"Imponente laguna, relax, historia y un restaurante furor: el pueblo ideal para la próxima escapada familiar"
2026-06-01,2026-W23,provincial,DIARIO UNO,Mendoza,Cuyo,Mendoza,https://www.diariouno.com.ar,Mendoza amplió los casos en que los policías pueden usar armas de fuego
2026-06-01,2026-W23,provincial,DIARIO UNO,Mendoza,Cuyo,Mendoza,https://www.diariouno.com.ar,Reforma laboral: se reglamentaron cambios en el sistema indemnizatorio y con las licencias
2026-06-01,2026-W23,provincial,DIARIO UNO,Mendoza,Cuyo,Mendoza,https://www.diariouno.com.ar,"La coparticipación de San Martín, la llave para pagar las expropiaciones del Polo Logístico del Este"
2026-06-01,2026-W23,provincial,DIARIO UNO,Mendoza,Cuyo,Mendoza,https://www.diariouno.com.ar,La Iglesia criticó con dureza la política migratoria y sumó tensión con el gobierno
2026-06-01,2026-W23,provincial,DIARIO UNO,Mendoza,Cuyo,Mendoza,https://www.diariouno.com.ar,Irán endureció su postura y advirtió que no firmará un acuerdo sin garantías de Estados Unidos
2026-06-01,2026-W23,provincial,DIARIO UNO,Mendoza,Cuyo,Mendoza,https://www.diariouno.com.ar,Asfixiar municipios: el estilo Milei aprieta a intendentes y complica a Cornejo
2026-06-01,2026-W23,provincial,DIARIO UNO,Mendoza,Cuyo,Mendoza,https://www.diariouno.com.ar,Un jugador de Belgrano sufrió un importante robo: se llevaron hasta su medalla de campeón
2026-06-01,2026-W23,provincial,DIARIO UNO,Mendoza,Cuyo,Mendoza,https://www.diariouno.com.ar,Serena Williams retorna al tenis profesional de WTA Tour próxima a cumplir 45 años
2026-06-01,2026-W23,provincial,DIARIO UNO,Mendoza,Cuyo,Mendoza,https://www.diariouno.com.ar,Cuándo corre Colapinto: días y horarios del GP de Mónaco de Fórmula 1
2026-06-01,2026-W23,provincial,DIARIO UNO,Mendoza,Cuyo,Mendoza,https://www.diariouno.com.ar,"Perdió en Roland Garros, hizo un comentario machista y recibió la sanción económica más importante"
2026-06-01,2026-W23,provincial,DIARIO UNO,Mendoza,Cuyo,Mendoza,https://www.diariouno.com.ar,Cuánto dinero recibirán River y Benfica por Nicolás Otamendi en el Mundial
2026-06-01,2026-W23,provincial,DIARIO UNO,Mendoza,Cuyo,Mendoza,https://www.diariouno.com.ar,Stefano Di Carlo dijo que habrá una gran limpieza en River: cuántos jugadores se irán
2026-06-01,2026-W23,provincial,DIARIO UNO,Mendoza,Cuyo,Mendoza,https://www.diariouno.com.ar,Crimen en San Martín: juzgan a dos empleados de una finca que habrían prendido fuego vivo al encargado
2026-06-01,2026-W23,provincial,DIARIO UNO,Mendoza,Cuyo,Mendoza,https://www.diariouno.com.ar,La médica mendocina que volvió de Dubai con una lección clave para salvar vidas en terapia intensiva
2026-06-01,2026-W23,provincial,DIARIO UNO,Mendoza,Cuyo,Mendoza,https://www.diariouno.com.ar,"""Es culpa del femicida que mató a Agostina Vega, peeero...."""
2026-06-01,2026-W23,provincial,DIARIO UNO,Mendoza,Cuyo,Mendoza,https://www.diariouno.com.ar,¿Cuánto cuesta completar el álbum del Mundial 2026 sin intercambiar? La respuesta te va a doler
2026-06-01,2026-W23,provincial,DIARIO UNO,Mendoza,Cuyo,Mendoza,https://www.diariouno.com.ar,La Universidad Austral realiza en Mendoza su primera jornada de orientación universitaria
2026-06-01,2026-W23,provincial,DIARIO UNO,Mendoza,Cuyo,Mendoza,https://www.diariouno.com.ar,"Verisure innova en el sector de alarmas con su nueva tecnología PreSense™, diseñada para anticiparse"
2026-06-01,2026-W23,provincial,LOS ANDES,Mendoza,Cuyo,Mendoza,https://www.losandes.com.ar,"Coviar: a la espera de la resolución judicial, qué puede pasar con el organismo"
2026-06-01,2026-W23,provincial,LOS ANDES,Mendoza,Cuyo,Mendoza,https://www.losandes.com.ar,"Después de la cumbre Macri-Cornejo, el PRO de Mendoza se encamina a renovar sus autoridades"
2026-06-01,2026-W23,provincial,LOS ANDES,Mendoza,Cuyo,Mendoza,https://www.losandes.com.ar,Un hombre de 73 años murió tras impactar contra un árbol en Guaymallén
2026-06-01,2026-W23,provincial,LOS ANDES,Mendoza,Cuyo,Mendoza,https://www.losandes.com.ar,Crimen de Agostina Vega: la autopsia reveló detalles estremecedores sobre la macabra muerte
2026-06-01,2026-W23,provincial,LOS ANDES,Mendoza,Cuyo,Mendoza,https://www.losandes.com.ar,"""Escapé casi desnuda"": el fuerte relato de la joven que había denunciado a Claudio Barrelier en 2025"
2026-06-01,2026-W23,provincial,LOS ANDES,Mendoza,Cuyo,Mendoza,https://www.losandes.com.ar,Dos hoteles de lujo llegarán a Mendoza de la mano de una cadena internacional
2026-06-01,2026-W23,provincial,LOS ANDES,Mendoza,Cuyo,Mendoza,https://www.losandes.com.ar,Aumentó un 50% la aplicación de la vacuna antigripal en Mendoza: en 3 meses ya se colocaron 204.130 dosis
2026-06-01,2026-W23,provincial,LOS ANDES,Mendoza,Cuyo,Mendoza,https://www.losandes.com.ar,"El Tomba festeja 105 años de vida: el video inédito de ""El Loco"" Julio que recuperó Los Andes"
2026-06-01,2026-W23,provincial,LOS ANDES,Mendoza,Cuyo,Mendoza,https://www.losandes.com.ar,Reforma laboral: el bono de sueldo sumará un dato que hasta ahora no veía el trabajador
2026-06-01,2026-W23,provincial,LOS ANDES,Mendoza,Cuyo,Mendoza,https://www.losandes.com.ar,Qué cadena de comida rápida desembarca este miércoles en el Mendoza Shopping
2026-06-01,2026-W23,provincial,LOS ANDES,Mendoza,Cuyo,Mendoza,https://www.losandes.com.ar,Conmoción en San Martín por la muerte de una joven referente barrial: fue hallada sin vida en la vía pública
2026-06-01,2026-W23,provincial,LOS ANDES,Mendoza,Cuyo,Mendoza,https://www.losandes.com.ar,"Ya podés jugar aquí a Conexia, el juego de palabras que entretiene a millones en el mundo"
2026-06-01,2026-W23,provincial,LOS ANDES,Mendoza,Cuyo,Mendoza,https://www.losandes.com.ar,"Crucigrama, el juego más popular del mundo ya está disponible para jugar online"
2026-06-01,2026-W23,provincial,LOS ANDES,Mendoza,Cuyo,Mendoza,https://www.losandes.com.ar,Cazapalabras es el juego más desafiante y ya podés poner a prueba tu habilidad
2026-06-01,2026-W23,provincial,LOS ANDES,Mendoza,Cuyo,Mendoza,https://www.losandes.com.ar,Los Andes te trae los mejores juegos online gratis: entrá y jugá
2026-06-01,2026-W23,provincial,LOS ANDES,Mendoza,Cuyo,Mendoza,https://www.losandes.com.ar,Investigan un ataque vandálico contra la sede de una conocida obra social en pleno centro mendocino
2026-06-01,2026-W23,provincial,LOS ANDES,Mendoza,Cuyo,Mendoza,https://www.losandes.com.ar,"Ulpiano Suárez se plantó ante el proyecto de Zona Fría: ""Se deben mantener los beneficios para Mendoza"""
2026-06-01,2026-W23,provincial,LOS ANDES,Mendoza,Cuyo,Mendoza,https://www.losandes.com.ar,Cuándo empiezan las vacaciones de invierno en Mendoza y en todo el país
2026-06-01,2026-W23,provincial,LOS ANDES,Mendoza,Cuyo,Mendoza,https://www.losandes.com.ar,Mundial en el aula: las escuelas mendocinas ya usan el fútbol para fortalecer aprendizajes
2026-06-01,2026-W23,provincial,LOS ANDES,Mendoza,Cuyo,Mendoza,https://www.losandes.com.ar,Un pedido urgente derivó en una red solidaria de mendocinos con sangre 0 negativo
2026-06-01,2026-W23,provincial,LOS ANDES,Mendoza,Cuyo,Mendoza,https://www.losandes.com.ar,Gastarán 300 millones de pesos más en el Ecoparque: la llamativa obra que han proyectado
2026-06-01,2026-W23,provincial,LOS ANDES,Mendoza,Cuyo,Mendoza,https://www.losandes.com.ar,Insólita practica ilegal de tiro en una ripiera de Godoy Cruz: armas de última generación y siete detenidos
2026-06-01,2026-W23,provincial,LOS ANDES,Mendoza,Cuyo,Mendoza,https://www.losandes.com.ar,Femicidio de Agostina Vega: Barrelier está con custodia psiquiátrica y definen si hubo más involucrados
2026-06-01,2026-W23,provincial,LOS ANDES,Mendoza,Cuyo,Mendoza,https://www.losandes.com.ar,Tarifas eléctricas: un nuevo subsidio reducirá las facturas de algunos usuarios en junio
2026-06-01,2026-W23,provincial,LOS ANDES,Mendoza,Cuyo,Mendoza,https://www.losandes.com.ar,Los Andes Siempre: 142 años de historia viva y el desafío de conectar el pasado con el futuro digital
2026-06-01,2026-W23,provincial,LOS ANDES,Mendoza,Cuyo,Mendoza,https://www.losandes.com.ar,Descargá aquí la edición impresa
2026-06-01,2026-W23,provincial,LOS ANDES,Mendoza,Cuyo,Mendoza,https://www.losandes.com.ar,Serena Williams regresa al tenis a los 44 años: jugará el dobles de Queen's antes de Wimbledon
2026-06-01,2026-W23,provincial,LOS ANDES,Mendoza,Cuyo,Mendoza,https://www.losandes.com.ar,El campus de Estefanía Banini regresa a Mendoza y abre las puertas del fútbol europeo a jóvenes mendocinos
2026-06-01,2026-W23,provincial,LOS ANDES,Mendoza,Cuyo,Mendoza,https://www.losandes.com.ar,Argentina se cuelga la medalla de plata en el Circuito Mundial de rugby seven
2026-06-01,2026-W23,provincial,LOS ANDES,Mendoza,Cuyo,Mendoza,https://www.losandes.com.ar,Triunfo de película del Deportivo Maipú sobre Chacarita por 3 a 2
2026-06-01,2026-W23,provincial,LOS ANDES,Mendoza,Cuyo,Mendoza,https://www.losandes.com.ar,"A dos meses de dejar Gimnasia de Mendoza, Ariel Broggi está cerca de dar un salto importante"
2026-06-01,2026-W23,provincial,LOS ANDES,Mendoza,Cuyo,Mendoza,https://www.losandes.com.ar,El millonario premio que recibirá Independiente Rivadavia por la presencia de Alex Arce en el Mundial 2026
2026-06-01,2026-W23,provincial,LOS ANDES,Mendoza,Cuyo,Mendoza,https://www.losandes.com.ar,Sin Adam Bareiro y con Alex Arce: los 26 elegidos de la Selección de Paraguay para el Mundial 2026
2026-06-01,2026-W23,provincial,LOS ANDES,Mendoza,Cuyo,Mendoza,https://www.losandes.com.ar,Independiente Rivadavia al Mundial 2026: Alex Arce corta una racha de 92 años para el fútbol de Mendoza
2026-06-01,2026-W23,provincial,LOS ANDES,Mendoza,Cuyo,Mendoza,https://www.losandes.com.ar,El estadio más grande del Mundial 2026: cuántas personas entran y dónde está
2026-06-01,2026-W23,provincial,LOS ANDES,Mendoza,Cuyo,Mendoza,https://www.losandes.com.ar,Tradición mística en la Selección Argentina: la habitación de Messi ya genera teorías para el Mundial 2026
2026-06-01,2026-W23,provincial,LOS ANDES,Mendoza,Cuyo,Mendoza,https://www.losandes.com.ar,Mendoza busca en Londres consolidarse como polo estratégico para la inversión global
2026-06-01,2026-W23,provincial,LOS ANDES,Mendoza,Cuyo,Mendoza,https://www.losandes.com.ar,Argentina Rocks: Santiago Gigola revela dónde podría producirse un gran hallazgo de cobre en Mendoza
2026-06-01,2026-W23,provincial,LOS ANDES,Mendoza,Cuyo,Mendoza,https://www.losandes.com.ar,Argentina Rocks: hallaron casi 2 kilos de oro por tonelada en algunas perforaciones en Lunahuasi
2026-06-01,2026-W23,provincial,LOS ANDES,Mendoza,Cuyo,Mendoza,https://www.losandes.com.ar,"Jerónimo Shantal habló del futuro de los proveedores mineros: ""Tenemos que ser más competitivos"""
2026-06-01,2026-W23,provincial,LOS ANDES,Mendoza,Cuyo,Mendoza,https://www.losandes.com.ar,La ciudad empresaria de Luján propuso una sede institucional para impulsar las inversiones con China
2026-06-01,2026-W23,provincial,LOS ANDES,Mendoza,Cuyo,Mendoza,https://www.losandes.com.ar,Luján de Cuyo: la frontera urbana se expande con proyectos de identidad contemporánea
2026-06-01,2026-W23,provincial,LOS ANDES,Mendoza,Cuyo,Mendoza,https://www.losandes.com.ar,Cuyo Construye: ya podés descargar gratis la nueva edición del suplemento
2026-06-01,2026-W23,provincial,LOS ANDES,Mendoza,Cuyo,Mendoza,https://www.losandes.com.ar,Gemelos Digitales: cómo funciona el sistema que predice el futuro con IA y por qué genera polémica
2026-06-01,2026-W23,provincial,LOS ANDES,Mendoza,Cuyo,Mendoza,https://www.losandes.com.ar,"Apenas 30% de Pymes argentinas usan IA, pero no es por falta de tecnología o presupuesto: qué las frena"
2026-06-01,2026-W23,provincial,LOS ANDES,Mendoza,Cuyo,Mendoza,https://www.losandes.com.ar,En Argentina hubo 5.700 millones de intentos de ciberataque durante 2025 y el uso de IA multiplicó los casos
2026-06-01,2026-W23,provincial,LOS ANDES,Mendoza,Cuyo,Mendoza,https://www.losandes.com.ar,Inteligencia Artificial aplicada a empresas: claves del nuevo ciclo Pilares en Mendoza y cómo participar
2026-06-01,2026-W23,provincial,LOS ANDES,Mendoza,Cuyo,Mendoza,https://www.losandes.com.ar,Salud laboral: las actividades donde más accidentes ocurren en Argentina y una nueva amenaza
2026-06-01,2026-W23,provincial,LOS ANDES,Mendoza,Cuyo,Mendoza,https://www.losandes.com.ar,"¿Comer más saludable? El ABC para dar los primeros pasos hacia una mejor alimentación, según una especialista"
2026-06-01,2026-W23,provincial,LOS ANDES,Mendoza,Cuyo,Mendoza,https://www.losandes.com.ar,Tecnología aplicada a la salud: Argentina aprobó inteligencia artificial para pacientes con diabetes
2026-06-01,2026-W23,provincial,MDZ ONLINE,Mendoza,Cuyo,Mendoza,https://www.mdzol.com,Confirmaron que Agostina Vega murió por asfixia y fue abusada: qué se sabe sobre el supuesto embarazo
2026-06-01,2026-W23,provincial,MDZ ONLINE,Mendoza,Cuyo,Mendoza,https://www.mdzol.com,Claudio Úbeda dejó de ser oficialmente el DT de Boca: cómo y dónde se lo comunicaron
2026-06-01,2026-W23,provincial,MDZ ONLINE,Mendoza,Cuyo,Mendoza,https://www.mdzol.com,"Javier Milei y Luis Caputo cumplen: hoy se paga el Bopreal, tercera serie"
2026-06-01,2026-W23,provincial,MDZ ONLINE,Mendoza,Cuyo,Mendoza,https://www.mdzol.com,Quién es quién en el caso de Agostina Vega: todos los actores que rodean la causa que conmocionó al país
2026-06-01,2026-W23,provincial,MDZ ONLINE,Mendoza,Cuyo,Mendoza,https://www.mdzol.com,Messi no compartirá habitación con De Paul en la concentración en Kansas: con quién estará cada uno
2026-06-01,2026-W23,provincial,MDZ ONLINE,Mendoza,Cuyo,Mendoza,https://www.mdzol.com,Adorni se sigue demorando: ahora dice que presentará su DD.JJ. antes del 15 de junio
2026-06-01,2026-W23,provincial,MDZ ONLINE,Mendoza,Cuyo,Mendoza,https://www.mdzol.com,Reforma laboral: el recibo de sueldo mostrará un dato que hasta ahora casi ningún trabajador podía ver
2026-06-01,2026-W23,provincial,MDZ ONLINE,Mendoza,Cuyo,Mendoza,https://www.mdzol.com,Últimas Noticias
2026-06-01,2026-W23,provincial,MDZ ONLINE,Mendoza,Cuyo,Mendoza,https://www.mdzol.com,Cuánto cuesta viajar al Mundial 2026 desde Argentina con presupuesto mínimo
2026-06-01,2026-W23,provincial,MDZ ONLINE,Mendoza,Cuyo,Mendoza,https://www.mdzol.com,Los zapallitos rellenos con carne es una de las recetas infaltables en la cocina
2026-06-01,2026-W23,provincial,MDZ ONLINE,Mendoza,Cuyo,Mendoza,https://www.mdzol.com,"Atento, Scaloni: Austria, primer rival de Argentina, venció 1-0 a Túnez con un hombre menos"
2026-06-01,2026-W23,provincial,MDZ ONLINE,Mendoza,Cuyo,Mendoza,https://www.mdzol.com,"""Algo estatista"": con un Senado enredado, el oficialismo ya piensa en cambios al proyecto de Sturzenegger"
2026-06-01,2026-W23,provincial,MDZ ONLINE,Mendoza,Cuyo,Mendoza,https://www.mdzol.com,Di Carlo fue tajante sobre la ausencia del Huevo Acuña en la lista de Argentina para el Mundial
2026-06-01,2026-W23,provincial,MDZ ONLINE,Mendoza,Cuyo,Mendoza,https://www.mdzol.com,La Justicia frenó el intento de suspender la Ley de Glaciares en Santa Cruz: qué dice el fallo
2026-06-01,2026-W23,provincial,MDZ ONLINE,Mendoza,Cuyo,Mendoza,https://www.mdzol.com,"Marcha por Ni Una Menos: el Gobierno afirma que ""no hay motivos"" para criticar y sostiene que bajaron los femicidios"
2026-06-01,2026-W23,provincial,MDZ ONLINE,Mendoza,Cuyo,Mendoza,https://www.mdzol.com,Cuál es la nueva función de WhatsApp para no perderse ningún partido del Mundial 2026
2026-06-01,2026-W23,provincial,MDZ ONLINE,Mendoza,Cuyo,Mendoza,https://www.mdzol.com,La Ciudad de Buenos Aires lidera los trasplantes con una red de 210 centros especializados
2026-06-01,2026-W23,provincial,MDZ ONLINE,Mendoza,Cuyo,Mendoza,https://www.mdzol.com,Alerta máxima: Irán advirtió que atacará Israel si Netanyahu bombardea Beirut
2026-06-01,2026-W23,provincial,MDZ ONLINE,Mendoza,Cuyo,Mendoza,https://www.mdzol.com,Femicidio en Temperley: tomó de rehén a su novia y la asesinó a puñaladas antes de intentar suicidarse
2026-06-01,2026-W23,provincial,MDZ ONLINE,Mendoza,Cuyo,Mendoza,https://www.mdzol.com,Ley de Sociedades: ingresó el nuevo proyecto de Sturzenegger que regula las empresas hechas por IA
2026-06-01,2026-W23,provincial,MDZ ONLINE,Mendoza,Cuyo,Mendoza,https://www.mdzol.com,Stéfano Di Carlo anunció una profunda depuración en River: cuántos jugadores se irán del club
2026-06-01,2026-W23,provincial,MDZ ONLINE,Mendoza,Cuyo,Mendoza,https://www.mdzol.com,"Inflación: las consultoras estiman una desaceleración para mayo, aunque se mantendría por encima del 2%"
2026-06-01,2026-W23,provincial,MDZ ONLINE,Mendoza,Cuyo,Mendoza,https://www.mdzol.com,Caso agostina vega
2026-06-01,2026-W23,provincial,MDZ ONLINE,Mendoza,Cuyo,Mendoza,https://www.mdzol.com,Los fuertes detalles de la autopsia preliminar a Agostina Vega: qué se sabe sobre el brutal femicidio
2026-06-01,2026-W23,provincial,MDZ ONLINE,Mendoza,Cuyo,Mendoza,https://www.mdzol.com,"Solo y desnutrido: así encontraron a ""Agosto"", el dogo rescatado de la casa de Claudio Barrelier"
2026-06-01,2026-W23,provincial,MDZ ONLINE,Mendoza,Cuyo,Mendoza,https://www.mdzol.com,"""La estaba ayudando"": el fuerte audio de Barrelier sobre el momento en que se encontró con Agostina"
2026-06-01,2026-W23,provincial,MDZ ONLINE,Mendoza,Cuyo,Mendoza,https://www.mdzol.com,El último viaje de Agostina Vega: el desgarrador relato del remisero que la llevó hasta la casa de Barrelier
2026-06-01,2026-W23,provincial,MDZ ONLINE,Mendoza,Cuyo,Mendoza,https://www.mdzol.com,Polémico: vieron a Marcelo Porcel en una misa en Luján tras ser procesado por abuso sexual a menores
2026-06-01,2026-W23,provincial,MDZ ONLINE,Mendoza,Cuyo,Mendoza,https://www.mdzol.com,"Los números del FAL: fondos para inversiones, costo fiscal e impacto en jubilaciones"
2026-06-01,2026-W23,provincial,MDZ ONLINE,Mendoza,Cuyo,Mendoza,https://www.mdzol.com,"""Podría haber sido yo"": el estremecedor testimonio de la mujer que denunció a Claudio Barrelier en 2025"
2026-06-01,2026-W23,provincial,MDZ ONLINE,Mendoza,Cuyo,Mendoza,https://www.mdzol.com,Cuándo debuta Tim Payne en el Mundial 2026 con Nueva Zelanda
2026-06-01,2026-W23,provincial,MDZ ONLINE,Mendoza,Cuyo,Mendoza,https://www.mdzol.com,"Sandra Pettovello fue recibida por el papa León XIV, mientras se espera la confirmación de su visita a Argentina"
2026-06-01,2026-W23,provincial,MDZ ONLINE,Mendoza,Cuyo,Mendoza,https://www.mdzol.com,"Caso Agostina Vega: Monteoliva reclamó ""conocer la verdad completa"" tras los avances de la causa"
2026-06-01,2026-W23,provincial,MDZ ONLINE,Mendoza,Cuyo,Mendoza,https://www.mdzol.com,Empleo no registrado: cómo funciona el nuevo blanqueo laboral y qué beneficios tendrán los trabajadores
2026-06-01,2026-W23,provincial,MDZ ONLINE,Mendoza,Cuyo,Mendoza,https://www.mdzol.com,Escándalo de corrupción en Arsat: quién es el otro mendocino investigado en la causa
2026-06-01,2026-W23,provincial,MDZ ONLINE,Mendoza,Cuyo,Mendoza,https://www.mdzol.com,Reforma laboral: así es el nuevo sistema que financiará indemnizaciones
2026-06-01,2026-W23,provincial,MDZ ONLINE,Mendoza,Cuyo,Mendoza,https://www.mdzol.com,"Caso de Agostina Vega: desde Ni Una Menos aseguran que ""tiene todas las características de un femicidio"""
2026-06-01,2026-W23,provincial,MDZ ONLINE,Mendoza,Cuyo,Mendoza,https://www.mdzol.com,Tensión en Medio Oriente: Irán congeló las negociaciones con EE.UU. y amenaza con bloquear nuevamente Ormuz
2026-06-01,2026-W23,provincial,MDZ ONLINE,Mendoza,Cuyo,Mendoza,https://www.mdzol.com,Quién es la esposa modelo de Tim Payne: su reacción a la explosión viral en Argentina
2026-06-01,2026-W23,provincial,MDZ ONLINE,Mendoza,Cuyo,Mendoza,https://www.mdzol.com,"Guía total del Mundial 2026: fechas, sedes, formato y todos los cambios"
2026-06-01,2026-W23,provincial,MDZ ONLINE,Mendoza,Cuyo,Mendoza,https://www.mdzol.com,Caso Agostina: quién es la dueña del Ford Ka y por qué podría ser imputada por encubrimiento
2026-06-01,2026-W23,provincial,MDZ ONLINE,Mendoza,Cuyo,Mendoza,https://www.mdzol.com,"El Gobierno reglamentó la reforma laboral: cambios en sindicatos, convenios colectivos y plataformas digitales"
2026-06-01,2026-W23,provincial,MDZ ONLINE,Mendoza,Cuyo,Mendoza,https://www.mdzol.com,Alquileres: qué dice el decreto de Milei que elimina el Impuesto a las Ganancias para los propietarios
2026-06-01,2026-W23,provincial,MDZ ONLINE,Mendoza,Cuyo,Mendoza,https://www.mdzol.com,Nafta y gasoil: frenan por un mes un aumento que podía impactar en los precios
2026-06-01,2026-W23,provincial,MDZ ONLINE,Mendoza,Cuyo,Mendoza,https://www.mdzol.com,"El desopilante posteo de Kapanga, con canción incluida, que se llenó de likes en el perfil de Tim Payne"
2026-06-01,2026-W23,provincial,MDZ ONLINE,Mendoza,Cuyo,Mendoza,https://www.mdzol.com,Coparticipación bonaerense: 102 intendentes tuvieron caída real en 2025
2026-06-01,2026-W23,provincial,MDZ ONLINE,Mendoza,Cuyo,Mendoza,https://www.mdzol.com,El crimen de Agostina Vega suma presión política: impulsan un jury contra dos fiscales
2026-06-01,2026-W23,provincial,MDZ ONLINE,Mendoza,Cuyo,Mendoza,https://www.mdzol.com,Banda de los grafitis: de los contratos para limpiar pintadas al juicio oral por lavado de activos
2026-06-01,2026-W23,provincial,MDZ ONLINE,Mendoza,Cuyo,Mendoza,https://www.mdzol.com,Cómo llegó esta joya patagónica a ser el destino de invierno más elegido de Argentina
2026-06-01,2026-W23,provincial,MDZ ONLINE,Mendoza,Cuyo,Mendoza,https://www.mdzol.com,MDZ se suma a Fuentes Preferidas de Google: cómo activarlo
2026-06-01,2026-W23,provincial,DIARIO DE CUYO,San Juan,Cuyo,San Juan,https://www.diariodecuyo.com.ar,"Caso Acueducto Gran Tulum: amplían la denuncia penal y solicitan la intervención de un ""Amigo del Tribunal"""
2026-06-01,2026-W23,provincial,DIARIO DE CUYO,San Juan,Cuyo,San Juan,https://www.diariodecuyo.com.ar,Las cámaras de la construcción y la UOCRA respaldaron el plan de obras de Orrego con créditos internacionales
2026-06-01,2026-W23,provincial,DIARIO DE CUYO,San Juan,Cuyo,San Juan,https://www.diariodecuyo.com.ar,El video que frustró un presunto robo en Angaco: filmó a tres hombres en pleno campo y terminaron detenidos
2026-06-01,2026-W23,provincial,DIARIO DE CUYO,San Juan,Cuyo,San Juan,https://www.diariodecuyo.com.ar,Buscan desesperadamente a una abuela de 78 años con Alzheimer que desapareció en Chimbas
2026-06-01,2026-W23,provincial,DIARIO DE CUYO,San Juan,Cuyo,San Juan,https://www.diariodecuyo.com.ar,"En julio, empezará el juicio contra el gendarme sanjuanino acusado de matar por la espalda a un ladrón en Rosario"
2026-06-01,2026-W23,provincial,DIARIO DE CUYO,San Juan,Cuyo,San Juan,https://www.diariodecuyo.com.ar,La UNSJ ampliará la Escuela Universitaria de Ciencias de la Salud ante el inminente aumento de alumnado por Medicina
2026-06-01,2026-W23,provincial,DIARIO DE CUYO,San Juan,Cuyo,San Juan,https://www.diariodecuyo.com.ar,"El Gobierno provincial recuperó el Canal del Norte: con plata de la minería, se mejora el riego de unas 10.000 hectáreas en Jáchal"
2026-06-01,2026-W23,provincial,DIARIO DE CUYO,San Juan,Cuyo,San Juan,https://www.diariodecuyo.com.ar,Caso Agostina Páez: el informe preliminar de la autopsia determinó que la niña habría sido abusada y asfixiada
2026-06-01,2026-W23,provincial,DIARIO DE CUYO,San Juan,Cuyo,San Juan,https://www.diariodecuyo.com.ar,"Polémica en La Rioja: un docente condenado por abuso sexual se recibió de psicopedagogo y en el Penal lo marcaron como un ""hito"""
2026-06-01,2026-W23,provincial,DIARIO DE CUYO,San Juan,Cuyo,San Juan,https://www.diariodecuyo.com.ar,"Una promo imperdible: con DIARIO DE CUYO, podés conseguir figuritas del Mundial un 20% más baratas"
2026-06-01,2026-W23,provincial,DIARIO DE CUYO,San Juan,Cuyo,San Juan,https://www.diariodecuyo.com.ar,Cambia el recibo de sueldo: cómo es el modelo que entrará en vigencia tras los cambios de la reforma laboral
2026-06-01,2026-W23,provincial,DIARIO DE CUYO,San Juan,Cuyo,San Juan,https://www.diariodecuyo.com.ar,El Gobierno volvió a postergar el aumento de impuestos para contener los precios de la nafta y el gasoil
2026-06-01,2026-W23,provincial,DIARIO DE CUYO,San Juan,Cuyo,San Juan,https://www.diariodecuyo.com.ar,"Mundial 2026: difundieron una guía clave para los argentinos que viajen a EEUU, Canadá o México"
2026-06-01,2026-W23,provincial,DIARIO DE CUYO,San Juan,Cuyo,San Juan,https://www.diariodecuyo.com.ar,Renunció el titular del Ente Nacional del Gas y la Electricidad a menos de un mes de haber asumido
2026-06-01,2026-W23,provincial,DIARIO DE CUYO,San Juan,Cuyo,San Juan,https://www.diariodecuyo.com.ar,Se terminó el sueño de Juan Manuel Cerúndolo en Roland Garros: perdió con Berrettini en octavos de final
2026-06-01,2026-W23,provincial,DIARIO DE CUYO,San Juan,Cuyo,San Juan,https://www.diariodecuyo.com.ar,Más de 800 alumnos participaron de talleres para prevenir amenazas escolares y promover el uso responsable de redes
2026-06-01,2026-W23,provincial,DIARIO DE CUYO,San Juan,Cuyo,San Juan,https://www.diariodecuyo.com.ar,San Juan y una nueva marcha de Ni Una Menos en medio del dolor por dos crímenes que conmocionan al país
2026-06-01,2026-W23,provincial,DIARIO DE CUYO,San Juan,Cuyo,San Juan,https://www.diariodecuyo.com.ar,"Rawson impulsa la ""Ruedatón 2026"" para eliminar los neumáticos de las viviendas: cómo participar y obtener beneficios"
2026-06-01,2026-W23,provincial,DIARIO DE CUYO,San Juan,Cuyo,San Juan,https://www.diariodecuyo.com.ar,"Mayormente nublado, así estará el tiempo en San Juan en el primer día de junio"
2026-06-01,2026-W23,provincial,DIARIO DE CUYO,San Juan,Cuyo,San Juan,https://www.diariodecuyo.com.ar,"Crucigrama, un clásico que desafía la mente"
2026-06-01,2026-W23,provincial,DIARIO DE CUYO,San Juan,Cuyo,San Juan,https://www.diariodecuyo.com.ar,"Conexia, el juego de palabras que entretiene a millones"
2026-06-01,2026-W23,provincial,DIARIO DE CUYO,San Juan,Cuyo,San Juan,https://www.diariodecuyo.com.ar,Jugá y activá tu mente con Geo-Puzzle
2026-06-01,2026-W23,provincial,DIARIO DE CUYO,San Juan,Cuyo,San Juan,https://www.diariodecuyo.com.ar,"CazaPalabras, toda una prueba para tu memoria"
2026-06-01,2026-W23,provincial,DIARIO DE CUYO,San Juan,Cuyo,San Juan,https://www.diariodecuyo.com.ar,Murió un nene de 7 años en un choque
2026-06-01,2026-W23,provincial,DIARIO DE CUYO,San Juan,Cuyo,San Juan,https://www.diariodecuyo.com.ar,Encuentran muerta a psicóloga en su cama
2026-06-01,2026-W23,provincial,DIARIO DE CUYO,San Juan,Cuyo,San Juan,https://www.diariodecuyo.com.ar,"Brutal femicidio en Temperley: secuestró a su pareja, la asesinó a puñaladas y luego intentó quitarse la vida"
2026-06-01,2026-W23,provincial,DIARIO DE CUYO,San Juan,Cuyo,San Juan,https://www.diariodecuyo.com.ar,Buscan a una adolescente de 15 años que está desaparecida en Comodoro Rivadavia
2026-06-01,2026-W23,provincial,DIARIO DE CUYO,San Juan,Cuyo,San Juan,https://www.diariodecuyo.com.ar,Conmoción: hallan flotando el cuerpo de Carlos María Ezpeleta
2026-06-01,2026-W23,provincial,DIARIO DE CUYO,San Juan,Cuyo,San Juan,https://www.diariodecuyo.com.ar,Una figura de Belgrano sufrió un robo en su casa en Córdoba: se llevaron hasta la medalla de campeón
2026-06-01,2026-W23,provincial,DIARIO DE CUYO,San Juan,Cuyo,San Juan,https://www.diariodecuyo.com.ar,¡Jugar también es aprender!
2026-06-01,2026-W23,provincial,DIARIO DE CUYO,San Juan,Cuyo,San Juan,https://www.diariodecuyo.com.ar,¡Descubrir nuevas formas de aprender!
2026-06-01,2026-W23,provincial,DIARIO DE CUYO,San Juan,Cuyo,San Juan,https://www.diariodecuyo.com.ar,Crecer aprendiendo juntos
2026-06-01,2026-W23,provincial,DIARIO DE CUYO,San Juan,Cuyo,San Juan,https://www.diariodecuyo.com.ar,Denuncias de corrupción y una renuncia: el escándalo que sacude al nuevo ente energético genera dudas por la audiencia que involucra a Vicuña
2026-06-01,2026-W23,provincial,DIARIO DE CUYO,San Juan,Cuyo,San Juan,https://www.diariodecuyo.com.ar,La actividad económica se estancó en abril y los pronósticos de Caputo quedaron bajo la lupa
2026-06-01,2026-W23,provincial,DIARIO DE CUYO,San Juan,Cuyo,San Juan,https://www.diariodecuyo.com.ar,Las ventas minoristas cayeron 15% en San Juan y el comercio apuesta a junio para revertir la crisis
2026-06-01,2026-W23,provincial,DIARIO DE CUYO,San Juan,Cuyo,San Juan,https://www.diariodecuyo.com.ar,Paños fríos: La Rioja le pidió a la UNSJ que haga su inventario de glaciares
2026-06-01,2026-W23,provincial,DIARIO DE CUYO,San Juan,Cuyo,San Juan,https://www.diariodecuyo.com.ar,"Cómo es la plataforma de proveedores de Vicuña, que incentiva las buenas prácticas en pymes"
2026-06-01,2026-W23,provincial,DIARIO DE CUYO,San Juan,Cuyo,San Juan,https://www.diariodecuyo.com.ar,Los Azules se reunió con las cámaras de proveedores mineros de Calingasta para compartir el avance y los próximos pasos del proyecto
2026-06-01,2026-W23,provincial,DIARIO DE CUYO,San Juan,Cuyo,San Juan,https://www.diariodecuyo.com.ar,"La minería le dijo a inmobiliarios que necesitará casas amplias, oficinas y servicios bilingües"
2026-06-01,2026-W23,provincial,DIARIO DE CUYO,San Juan,Cuyo,San Juan,https://www.diariodecuyo.com.ar,Vicuña incorporó flota de camiones para comenzar con trabajos tempranos
2026-06-01,2026-W23,provincial,DIARIO DE CUYO,San Juan,Cuyo,San Juan,https://www.diariodecuyo.com.ar,"Con foco en la minería, se viene la 'Semana de la Ingeniería 2026' en San Juan"
2026-06-01,2026-W23,provincial,DIARIO DE CUYO,San Juan,Cuyo,San Juan,https://www.diariodecuyo.com.ar,Lunahuasi confirma más mineralización de alta ley y sorprende con oro de hasta dos kilos por tonelada
2026-06-01,2026-W23,provincial,DIARIO DE CUYO,San Juan,Cuyo,San Juan,https://www.diariodecuyo.com.ar,Hualilán y el compromiso con los emprendedores locales: apuntan a un relevamiento para elaborar estrategias concretas
2026-06-01,2026-W23,provincial,DIARIO DE CUYO,San Juan,Cuyo,San Juan,https://www.diariodecuyo.com.ar,"Revestimientos en piedra: una tendencia que transforma, jerarquiza y conecta con la naturaleza"
2026-06-01,2026-W23,provincial,DIARIO DE CUYO,San Juan,Cuyo,San Juan,https://www.diariodecuyo.com.ar,Créditos hipotecarios en San Juan y Mendoza: crecen las consultas para comprar viviendas pese al freno de la construcción
2026-06-01,2026-W23,provincial,DIARIO DE CUYO,San Juan,Cuyo,San Juan,https://www.diariodecuyo.com.ar,"INDEC informó la suba del 3,1% del costo de construcción en abril"
2026-06-01,2026-W23,provincial,DIARIO DE CUYO,San Juan,Cuyo,San Juan,https://www.diariodecuyo.com.ar,"Cemento: la segunda mayor productora del país, con números en rojo"
2026-06-01,2026-W23,provincial,DIARIO DE CUYO,San Juan,Cuyo,San Juan,https://www.diariodecuyo.com.ar,Espacio de Marca
2026-06-01,2026-W23,provincial,DIARIO DE CUYO,San Juan,Cuyo,San Juan,https://www.diariodecuyo.com.ar,"Plantillas inteligentes: Nuevo soporte correctivo de alta precisión diseñado para eliminar dolores articulares, y evitar desgaste prematuro articular"
2026-06-01,2026-W23,provincial,DIARIO DE CUYO,San Juan,Cuyo,San Juan,https://www.diariodecuyo.com.ar,Grupo Modular Homes – MH Evolution cumple 25 años en San Juan
2026-06-01,2026-W23,provincial,EL ZONDA,San Juan,Cuyo,San Juan,https://www.diarioelzondasj.com.ar,Nuevo capítulo. Amplían la denuncia por el Acueducto Gran Tulum y aseguran que un informe revelaría que funcionarios conocían las fallas técnicas desde el 2020
2026-06-01,2026-W23,provincial,EL ZONDA,San Juan,Cuyo,San Juan,https://www.diarioelzondasj.com.ar,Seguridad y delito. La Policía sanjuanina advirtió sobre el avance del narcomenudeo en sectores vulnerables
2026-06-01,2026-W23,provincial,EL ZONDA,San Juan,Cuyo,San Juan,https://www.diarioelzondasj.com.ar,Cobertura especial. TELESOL lanza su propuesta para seguir el Mundial 2026 con Messi como figura central
2026-06-01,2026-W23,provincial,EL ZONDA,San Juan,Cuyo,San Juan,https://www.diarioelzondasj.com.ar,Sigue el conflicto. Iberte demandó a Fecovita por el lucro cesante producido por el incumplimiento de sus obligaciones con EVISA
2026-06-01,2026-W23,provincial,EL ZONDA,San Juan,Cuyo,San Juan,https://www.diarioelzondasj.com.ar,Reclamo judicial. Damnificados del barrio Textil exigen avances en la investigación por la presunta estafa
2026-06-01,2026-W23,provincial,EL ZONDA,San Juan,Cuyo,San Juan,https://www.diarioelzondasj.com.ar,Expectativa económica. Junio podría traer la inflación más baja del año
2026-06-01,2026-W23,provincial,EL ZONDA,San Juan,Cuyo,San Juan,https://www.diarioelzondasj.com.ar,Salud y conciencia. San Juan reforzó la promoción de la donación de órganos con una jornada comunitaria
2026-06-01,2026-W23,provincial,EL ZONDA,San Juan,Cuyo,San Juan,https://www.diarioelzondasj.com.ar,Pulso social y político. Una encuesta ubica a la inflación como principal inquietud y mide la imagen de 18 dirigentes
2026-06-01,2026-W23,provincial,EL ZONDA,San Juan,Cuyo,San Juan,https://www.diarioelzondasj.com.ar,Avance judicial. La autopsia preliminar de Agostina Vega confirmó asfixia mecánica y abrió nuevas líneas de análisis
2026-06-01,2026-W23,provincial,EL ZONDA,San Juan,Cuyo,San Juan,https://www.diarioelzondasj.com.ar,Mundial en marcha. Argentina ajusta los horarios de entrenamiento en Kansas por el intenso calor
2026-06-01,2026-W23,provincial,EL ZONDA,San Juan,Cuyo,San Juan,https://www.diarioelzondasj.com.ar,Alerta en el Gran San Juan. Buscan a una mujer de 78 años con Alzheimer que desapareció en Chimbas
2026-06-01,2026-W23,provincial,EL ZONDA,San Juan,Cuyo,San Juan,https://www.diarioelzondasj.com.ar,Energía y producción. Royón propone actualizar la ley de biocombustibles con mayores mezclas obligatorias
2026-06-01,2026-W23,provincial,EL ZONDA,San Juan,Cuyo,San Juan,https://www.diarioelzondasj.com.ar,Agenda diplomática. Pettovello fue recibida por León XIV en el Vaticano en medio de las versiones sobre un viaje a la Argentina
2026-06-01,2026-W23,provincial,EL ZONDA,San Juan,Cuyo,San Juan,https://www.diarioelzondasj.com.ar,Balance criminal. Seguridad difundirá un informe con baja de delitos y datos de 2025
2026-06-01,2026-W23,provincial,EL ZONDA,San Juan,Cuyo,San Juan,https://www.diarioelzondasj.com.ar,Tenis internacional. Cerúndolo quedó eliminado en Roland Garros tras una dura serie ante Berrettini
2026-06-01,2026-W23,provincial,EL ZONDA,San Juan,Cuyo,San Juan,https://www.diarioelzondasj.com.ar,Tecnología y deporte. WhatsApp suma un centro especial para seguir el Mundial 2026
2026-06-01,2026-W23,provincial,EL ZONDA,San Juan,Cuyo,San Juan,https://www.diarioelzondasj.com.ar,Formación y empleo. Entregaron 146 carnets de Manipulación de Alimentos en Rawson
2026-06-01,2026-W23,provincial,EL ZONDA,San Juan,Cuyo,San Juan,https://www.diarioelzondasj.com.ar,Tensión en la Rosada. Crece la inquietud oficial por la inminente declaración jurada de Manuel Adorni
2026-06-01,2026-W23,provincial,EL ZONDA,San Juan,Cuyo,San Juan,https://www.diarioelzondasj.com.ar,Vóley regional en escena. La Copa Italia cerró su tercera edición con títulos para UNSJ e Hispano
2026-06-01,2026-W23,provincial,EL ZONDA,San Juan,Cuyo,San Juan,https://www.diarioelzondasj.com.ar,Reglamentación laboral. El Gobierno puso en marcha la reglamentación de ejes centrales de la Reforma Laboral
2026-06-01,2026-W23,provincial,EL ZONDA,San Juan,Cuyo,San Juan,https://www.diarioelzondasj.com.ar,Balance judicial de género. CAVIG registró 1.270 denuncias y 6.691 intervenciones en los primeros cinco meses de 2026
2026-06-01,2026-W23,provincial,EL ZONDA,San Juan,Cuyo,San Juan,https://www.diarioelzondasj.com.ar,Regreso inesperado. Serena Williams confirma su vuelta al circuito a los 44 años
2026-06-01,2026-W23,provincial,EL ZONDA,San Juan,Cuyo,San Juan,https://www.diarioelzondasj.com.ar,Salud y consumo. IDESA pide revisar el etiquetado frontal y mantener la advertencia en alimentos
2026-06-01,2026-W23,provincial,EL ZONDA,San Juan,Cuyo,San Juan,https://www.diarioelzondasj.com.ar,Obra hídrica provincial. San Juan puso nuevamente en servicio el Canal del Norte y restableció el riego en Jáchal
2026-06-01,2026-W23,provincial,EL ZONDA,San Juan,Cuyo,San Juan,https://www.diarioelzondasj.com.ar,Reforma societaria. El Ejecutivo remitió al Senado un nuevo régimen para sociedades comerciales
2026-06-01,2026-W23,provincial,EL ZONDA,San Juan,Cuyo,San Juan,https://www.diarioelzondasj.com.ar,Actividad militar programada. El Ejército realizará prácticas de tiro en el Campo Militar General Sarmiento
2026-06-01,2026-W23,provincial,EL ZONDA,San Juan,Cuyo,San Juan,https://www.diarioelzondasj.com.ar,Regreso internacional. Def Leppard confirmo una nueva fecha en Buenos Aires
2026-06-01,2026-W23,provincial,EL ZONDA,San Juan,Cuyo,San Juan,https://www.diarioelzondasj.com.ar,Prevención escolar. Un programa de seguridad alcanzó a más de 800 alumnos en escuelas secundarias
2026-06-01,2026-W23,provincial,EL ZONDA,San Juan,Cuyo,San Juan,https://www.diarioelzondasj.com.ar,"Financiamiento provincial. Un crédito de hasta US$600 millones para viviendas y obras estratégicas, el plan de obras de San Juan"
2026-06-01,2026-W23,provincial,EL ZONDA,San Juan,Cuyo,San Juan,https://www.diarioelzondasj.com.ar,Energía y regulación. Crisis interna en el nuevo ente energético tras la salida de su presidente
2026-06-01,2026-W23,provincial,EL ZONDA,San Juan,Cuyo,San Juan,https://www.diarioelzondasj.com.ar,Movimiento en Boca. Úbeda no seguirá al frente del primer equipo de Boca Juniors
2026-06-01,2026-W23,provincial,EL ZONDA,San Juan,Cuyo,San Juan,https://www.diarioelzondasj.com.ar,En Córdoba. Rescataron a un dogo desnutrido en la casa de Claudio Barrelier y lo bautizaron Agosto
2026-06-01,2026-W23,provincial,EL ZONDA,San Juan,Cuyo,San Juan,https://www.diarioelzondasj.com.ar,Salud y solidaridad. Impulsan una colecta para cubrir la cirugía urgente de Valentín Vicente Mercado
2026-06-01,2026-W23,provincial,EL ZONDA,San Juan,Cuyo,San Juan,https://www.diarioelzondasj.com.ar,Obra pública. Qué contempla el mega plan de infraestructura que Orrego envió a la Legislatura
2026-06-01,2026-W23,provincial,EL ZONDA,San Juan,Cuyo,San Juan,https://www.diarioelzondasj.com.ar,Operativo policial en el centro. Dos jóvenes fueron detenidos tras ser vistos sobre techos de comercios y viviendas en Capital
2026-06-01,2026-W23,provincial,EL ZONDA,San Juan,Cuyo,San Juan,https://www.diarioelzondasj.com.ar,Accidente fatal en 9 de Julio. Comenzó una audiencia clave y el caso por la tragedia vial de 9 de Julio se acerca al juicio
2026-06-01,2026-W23,provincial,EL ZONDA,San Juan,Cuyo,San Juan,https://www.diarioelzondasj.com.ar,Regularización laboral. El Gobierno puso en marcha un esquema para formalizar empleo informal con alivio de deudas
2026-06-01,2026-W23,provincial,EL ZONDA,San Juan,Cuyo,San Juan,https://www.diarioelzondasj.com.ar,Visita educativa. Cultura vincula a estudiantes de arte con los oficios tradicionales
2026-06-01,2026-W23,provincial,EL ZONDA,San Juan,Cuyo,San Juan,https://www.diarioelzondasj.com.ar,Agenda cultural. El Chalet Cantoni suma siete cursos presenciales para junio
2026-06-01,2026-W23,provincial,EL ZONDA,San Juan,Cuyo,San Juan,https://www.diarioelzondasj.com.ar,Espectáculo natural. La magia de la luna llena vuelve a iluminar Ischigualasto
2026-06-01,2026-W23,provincial,EL ZONDA,San Juan,Cuyo,San Juan,https://www.diarioelzondasj.com.ar,Hace 39 años. La última visita de un Papa a la Argentina
2026-06-01,2026-W23,provincial,EL ZONDA,San Juan,Cuyo,San Juan,https://www.diarioelzondasj.com.ar,"Propuestas atractivas. Fin de semana largo con música, teatro y cultura en San Juan"
2026-06-01,2026-W23,provincial,EL ZONDA,San Juan,Cuyo,San Juan,https://www.diarioelzondasj.com.ar,Actividad teatral. Llega un taller intensivo de clown en el Chalet Cantoni
2026-06-01,2026-W23,provincial,EL ZONDA,San Juan,Cuyo,San Juan,https://www.diarioelzondasj.com.ar,Alerta sanitaria. Especialistas advierten por el avance de los vapeadores entre adolescentes
2026-06-01,2026-W23,provincial,EL ZONDA,San Juan,Cuyo,San Juan,https://www.diarioelzondasj.com.ar,Salud y Justicia. La Justicia federal atribuyó a la Sputnik V la muerte de una joven cordobesa
2026-06-01,2026-W23,provincial,EL ZONDA,San Juan,Cuyo,San Juan,https://www.diarioelzondasj.com.ar,Salud y concientización. La donación de órganos en Argentina subió de 14 a 20 por millón tras la Ley Justina
2026-06-01,2026-W23,provincial,EL ZONDA,San Juan,Cuyo,San Juan,https://www.diarioelzondasj.com.ar,Salud y prevención. Más de 80 personas dejaron de fumar gracias al consultorio del Hospital Marcial Quiroga
2026-06-01,2026-W23,provincial,EL ZONDA,San Juan,Cuyo,San Juan,https://www.diarioelzondasj.com.ar,Seguridad digital. Cuáles son las señales para detectar un acceso indebido a WhatsApp y cómo recuperar la cuenta
2026-06-01,2026-W23,provincial,EL ZONDA,San Juan,Cuyo,San Juan,https://www.diarioelzondasj.com.ar,Privacidad digital. WhatsApp ensaya un nuevo temporizador para mensajes que se borran tras ser leídos
2026-06-01,2026-W23,provincial,EL ZONDA,San Juan,Cuyo,San Juan,https://www.diarioelzondasj.com.ar,Prevención doméstica. Cucarachas en casa: qué hábitos facilitan su aparición y cómo reducir el riesgo
2026-06-01,2026-W23,provincial,HUARPE,San Juan,Cuyo,San Juan,https://www.diariohuarpe.com,"Llega UPD, el programa de HUARPE TV que premia a tu curso con un viaje a Bariloche"
2026-06-01,2026-W23,provincial,HUARPE,San Juan,Cuyo,San Juan,https://www.diariohuarpe.com,Plan de concientización sobre donación de órganos
2026-06-01,2026-W23,provincial,HUARPE,San Juan,Cuyo,San Juan,https://www.diariohuarpe.com,Recuperan el Canal del Norte: 10.000 hectáreas de Jáchal vuelven a tener riego
2026-06-01,2026-W23,provincial,HUARPE,San Juan,Cuyo,San Juan,https://www.diariohuarpe.com,Agravaron la acusación contra Barrelier y lo imputaron por femicidio
2026-06-01,2026-W23,provincial,HUARPE,San Juan,Cuyo,San Juan,https://www.diariohuarpe.com,"Ley de Glaciares, la Cámara Federal dejó sin efecto el freno judicial"
2026-06-01,2026-W23,provincial,HUARPE,San Juan,Cuyo,San Juan,https://www.diariohuarpe.com,Gobierno buscará financiamiento para avanzar en un plan de megaobras
2026-06-01,2026-W23,provincial,HUARPE,San Juan,Cuyo,San Juan,https://www.diariohuarpe.com,Ricardo Darín y otros actores reclaman por la regulación de la IA en el cine y la televisión
2026-06-01,2026-W23,provincial,HUARPE,San Juan,Cuyo,San Juan,https://www.diariohuarpe.com,Estudiantes de arte de Albardón se vincularon para desarrollar oficios tradicionales
2026-06-01,2026-W23,provincial,HUARPE,San Juan,Cuyo,San Juan,https://www.diariohuarpe.com,Qué obras se harán con los US$ 600 millones que se buscará en los mercados internacionales
2026-06-01,2026-W23,provincial,HUARPE,San Juan,Cuyo,San Juan,https://www.diariohuarpe.com,40 personas recibieron el alta y certificación laboral tras superar el consumo problemático
2026-06-01,2026-W23,provincial,HUARPE,San Juan,Cuyo,San Juan,https://www.diariohuarpe.com,Un testigo denunció que declaró extorsionado por Bonadio y que no vio bolsos ni valijas
2026-06-01,2026-W23,provincial,HUARPE,San Juan,Cuyo,San Juan,https://www.diariohuarpe.com,Las frases más destacadas de Orrego en el anuncio en Diputados
2026-06-01,2026-W23,provincial,HUARPE,San Juan,Cuyo,San Juan,https://www.diariohuarpe.com,Últimas noticias
2026-06-01,2026-W23,provincial,HUARPE,San Juan,Cuyo,San Juan,https://www.diariohuarpe.com,Qué rutas quiere mejorar San Juan con el financiamiento por hasta US$ 600 millones
2026-06-01,2026-W23,provincial,HUARPE,San Juan,Cuyo,San Juan,https://www.diariohuarpe.com,Fijan fecha de juicio para el gendarme jachallero preso por abatir a un ladrón en Rosario
2026-06-01,2026-W23,provincial,HUARPE,San Juan,Cuyo,San Juan,https://www.diariohuarpe.com,"Tras el robo en una parada inteligente, Rivadavia apela al cuidado ciudadano"
2026-06-01,2026-W23,provincial,HUARPE,San Juan,Cuyo,San Juan,https://www.diariohuarpe.com,Más de 30 barrios y 1.000 créditos: la apuesta habitacional del plan por US$ 600 millones
2026-06-01,2026-W23,provincial,HUARPE,San Juan,Cuyo,San Juan,https://www.diariohuarpe.com,"Salud, energía y seguridad: las áreas que San Juan busca fortalecer con USD 600 millones"
2026-06-01,2026-W23,provincial,HUARPE,San Juan,Cuyo,San Juan,https://www.diariohuarpe.com,Acueducto Gran Tulum: un informe de 2020 advirtió fallas durante la obra
2026-06-01,2026-W23,provincial,HUARPE,San Juan,Cuyo,San Juan,https://www.diariohuarpe.com,Carlos María Moyano vs Nuestra Señora de los Desamparados: ¡un enfrentamiento imperdible en UPD!
2026-06-01,2026-W23,provincial,HUARPE,San Juan,Cuyo,San Juan,https://www.diariohuarpe.com,🏁🔥 “Casi volcamos”: el relato del sanjuanino Lisandro Sisterna en plena carrera del Desafío Ruta 4
2026-06-01,2026-W23,provincial,HUARPE,San Juan,Cuyo,San Juan,https://www.diariohuarpe.com,El mileismo quiere financiamiento privado para campañas en San Juan
2026-06-01,2026-W23,provincial,HUARPE,San Juan,Cuyo,San Juan,https://www.diariohuarpe.com,La Maratón de la Esperanza vuelve a las calles con una meta solidaria
2026-06-01,2026-W23,provincial,HUARPE,San Juan,Cuyo,San Juan,https://www.diariohuarpe.com,San Juan recibe un congreso de guías turísticos de todo el país
2026-06-01,2026-W23,provincial,HUARPE,San Juan,Cuyo,San Juan,https://www.diariohuarpe.com,Balearon dos hermanos en Capital y buscan a tres prófugos
2026-06-01,2026-W23,provincial,HUARPE,San Juan,Cuyo,San Juan,https://www.diariohuarpe.com,Quién es el famoso que bajó y 18 kilos y reveló el secreto de su dieta
2026-06-01,2026-W23,provincial,HUARPE,San Juan,Cuyo,San Juan,https://www.diariohuarpe.com,El doloroso mensaje de Darío Barassi tras visitar la tumba de su mamá
2026-06-01,2026-W23,provincial,HUARPE,San Juan,Cuyo,San Juan,https://www.diariohuarpe.com,Una experta explicó el porqué el mundo se obsesionó con el jugador Tim Payne
2026-06-01,2026-W23,provincial,HUARPE,San Juan,Cuyo,San Juan,https://www.diariohuarpe.com,Multaron a un tenista por decir que el árbitro debía ser hombre
2026-06-01,2026-W23,provincial,HUARPE,San Juan,Cuyo,San Juan,https://www.diariohuarpe.com,Cómo funcionan los nueve niveles del infierno de Dante y sus castigos
2026-06-01,2026-W23,provincial,HUARPE,San Juan,Cuyo,San Juan,https://www.diariohuarpe.com,Un auto y una camioneta chocaron en una transitada esquina de Capital
2026-06-01,2026-W23,provincial,HUARPE,San Juan,Cuyo,San Juan,https://www.diariohuarpe.com,El plato económico de Coco Carreño para disfrutar papas rellenas
2026-06-01,2026-W23,provincial,HUARPE,San Juan,Cuyo,San Juan,https://www.diariohuarpe.com,El DT de Argelia se cansó de las preguntas sobre Argentina
2026-06-01,2026-W23,provincial,HUARPE,San Juan,Cuyo,San Juan,https://www.diariohuarpe.com,Independencia y Alfonsina Storni vivieron un duelo intenso en UPD
2026-06-01,2026-W23,provincial,HUARPE,San Juan,Cuyo,San Juan,https://www.diariohuarpe.com,"UPD: tensión, empate y definición entre Capital y Rivadavia"
2026-06-01,2026-W23,provincial,HUARPE,San Juan,Cuyo,San Juan,https://www.diariohuarpe.com,"Programa peleadísimo en UPD, con empate y baile flamenco"
2026-06-01,2026-W23,provincial,HUARPE,San Juan,Cuyo,San Juan,https://www.diariohuarpe.com,"Chimbas y San Martín se enfrentaron ""por el asado"" en UPD"
2026-06-01,2026-W23,provincial,HUARPE,San Juan,Cuyo,San Juan,https://www.diariohuarpe.com,"Judiciales quieren cobrar conectividad, como los docentes, y lo plantearon a la Corte"
2026-06-01,2026-W23,provincial,HUARPE,San Juan,Cuyo,San Juan,https://www.diariohuarpe.com,Salud dio las recomendaciones para vacunarse antes del Mundial 2026
2026-06-01,2026-W23,provincial,HUARPE,San Juan,Cuyo,San Juan,https://www.diariohuarpe.com,El detalle en la habitación de Messi en Kansas que ilusiona a la Argentina
2026-06-01,2026-W23,provincial,HUARPE,San Juan,Cuyo,San Juan,https://www.diariohuarpe.com,Garrafa Hogar arranca la semana en Sarmiento con precios desde $20.000
2026-06-01,2026-W23,provincial,HUARPE,San Juan,Cuyo,San Juan,https://www.diariohuarpe.com,El cuerpo de Agostina Vega habría sido trasladado en tres conservadoras
2026-06-01,2026-W23,provincial,HUARPE,San Juan,Cuyo,San Juan,https://www.diariohuarpe.com,Edición impresa
2026-06-01,2026-W23,provincial,HUARPE,San Juan,Cuyo,San Juan,https://www.diariohuarpe.com,Intendentes cruzaron al mileísta por su plan de fusionar municipios
2026-06-01,2026-W23,provincial,HUARPE,San Juan,Cuyo,San Juan,https://www.diariohuarpe.com,¡Escrache al bache!
2026-06-01,2026-W23,provincial,HUARPE,San Juan,Cuyo,San Juan,https://www.diariohuarpe.com,Un mileista plantea fusionar municipios de San Juan para ahorrar
2026-06-01,2026-W23,provincial,HUARPE,San Juan,Cuyo,San Juan,https://www.diariohuarpe.com,Moyano y Desamparados protagonizaron el duelo en UPD
2026-06-01,2026-W23,provincial,HUARPE,San Juan,Cuyo,San Juan,https://www.diariohuarpe.com,San Juan ya alcanzó el 69% de los fallecidos de todo 2025
2026-06-01,2026-W23,provincial,HUARPE,San Juan,Cuyo,San Juan,https://www.diariohuarpe.com,Escuchar de nuevo: cómo los implantes cocleares transforman vidas
2026-06-01,2026-W23,provincial,HUARPE,San Juan,Cuyo,San Juan,https://www.diariohuarpe.com,Messi llegó a Kansas y se sumó a la Selección para buscar la cuarta
2026-06-01,2026-W23,provincial,DIARIO DE LA REPÚBLICA,San Luis,Cuyo,San Luis,https://www.eldiariodelarepublica.com,El Diario de la República
2026-06-01,2026-W23,provincial,DIARIO DE LA REPÚBLICA,San Luis,Cuyo,San Luis,https://www.eldiariodelarepublica.com,"Dolor por la muerte de Micaela Díaz Vallejos, la docente que había sido becada a España"
2026-06-01,2026-W23,provincial,DIARIO DE LA REPÚBLICA,San Luis,Cuyo,San Luis,https://www.eldiariodelarepublica.com,El furor por el Mundial le jugó una mala pasada
2026-06-01,2026-W23,provincial,DIARIO DE LA REPÚBLICA,San Luis,Cuyo,San Luis,https://www.eldiariodelarepublica.com,El pedido de ayuda de una madre por su hijo que aún no nació
2026-06-01,2026-W23,provincial,DIARIO DE LA REPÚBLICA,San Luis,Cuyo,San Luis,https://www.eldiariodelarepublica.com,Caso Agostina Vega: la autopsia reveló que murió por asfixia mecánica
2026-06-01,2026-W23,provincial,DIARIO DE LA REPÚBLICA,San Luis,Cuyo,San Luis,https://www.eldiariodelarepublica.com,"Proyectan un espacio comunitario, social y deportivo en un predio abandonado"
2026-06-01,2026-W23,provincial,DIARIO DE LA REPÚBLICA,San Luis,Cuyo,San Luis,https://www.eldiariodelarepublica.com,"Alarma en San Luis: el empleo en la construcción bajó 10,5% interanual"
2026-06-01,2026-W23,provincial,DIARIO DE LA REPÚBLICA,San Luis,Cuyo,San Luis,https://www.eldiariodelarepublica.com,"“Potrero de los Funes debe ir a elecciones, no hay excusa legal para no convocar’"""
2026-06-01,2026-W23,provincial,DIARIO DE LA REPÚBLICA,San Luis,Cuyo,San Luis,https://www.eldiariodelarepublica.com,Entraron a robar al negocio donde les daban de comer
2026-06-01,2026-W23,provincial,DIARIO DE LA REPÚBLICA,San Luis,Cuyo,San Luis,https://www.eldiariodelarepublica.com,"Está preso por un abuso, lo acusan de otro a un nene de 8 años y quiere la prescripción"
2026-06-01,2026-W23,provincial,DIARIO DE LA REPÚBLICA,San Luis,Cuyo,San Luis,https://www.eldiariodelarepublica.com,"Junio empieza con días nublados, plenamente otoñales"
2026-06-01,2026-W23,provincial,DIARIO DE LA REPÚBLICA,San Luis,Cuyo,San Luis,https://www.eldiariodelarepublica.com,"Partido por partido, la primera fase que promete ser emocionante"
2026-06-01,2026-W23,provincial,DIARIO DE LA REPÚBLICA,San Luis,Cuyo,San Luis,https://www.eldiariodelarepublica.com,La historia del defensor que hizo historia
2026-06-01,2026-W23,provincial,DIARIO DE LA REPÚBLICA,San Luis,Cuyo,San Luis,https://www.eldiariodelarepublica.com,"La Selección Argentina, con Balerdi, ya está en Estados Unidos"
2026-06-01,2026-W23,provincial,DIARIO DE LA REPÚBLICA,San Luis,Cuyo,San Luis,https://www.eldiariodelarepublica.com,"El Centro de Convenciones de Merlo es mío, mío, mío"
2026-06-01,2026-W23,provincial,DIARIO DE LA REPÚBLICA,San Luis,Cuyo,San Luis,https://www.eldiariodelarepublica.com,¿Agenda o silencio selectivo?: qué pasa con lo que se dice y se omite en los medios
2026-06-01,2026-W23,provincial,DIARIO DE LA REPÚBLICA,San Luis,Cuyo,San Luis,https://www.eldiariodelarepublica.com,Silbidos y abucheos en un acto con Poggi
2026-06-01,2026-W23,provincial,DIARIO DE LA REPÚBLICA,San Luis,Cuyo,San Luis,https://www.eldiariodelarepublica.com,Escándalo en San Luis por el excesivo monto que Hissa pagó por camiones compactadores
2026-06-01,2026-W23,provincial,DIARIO DE LA REPÚBLICA,San Luis,Cuyo,San Luis,https://www.eldiariodelarepublica.com,Vecinos de Cerro de Oro se organizan contra un plan de urbanización
2026-06-01,2026-W23,provincial,DIARIO DE LA REPÚBLICA,San Luis,Cuyo,San Luis,https://www.eldiariodelarepublica.com,El acusado de matar a Agostina intentó suicidarse
2026-06-01,2026-W23,provincial,DIARIO DE LA REPÚBLICA,San Luis,Cuyo,San Luis,https://www.eldiariodelarepublica.com,La viuda de Renato Fuentes cruzó a Poggi y denunció promesas incumplidas
2026-06-01,2026-W23,provincial,DIARIO DE LA REPÚBLICA,San Luis,Cuyo,San Luis,https://www.eldiariodelarepublica.com,"Colombia: De la Espriella sacó más votos, pero habrá balotaje con Cepeda"
2026-06-01,2026-W23,provincial,DIARIO DE LA REPÚBLICA,San Luis,Cuyo,San Luis,https://www.eldiariodelarepublica.com,Buscan a una chica de 22 años en Villa Mercedes
2026-06-01,2026-W23,provincial,DIARIO DE LA REPÚBLICA,San Luis,Cuyo,San Luis,https://www.eldiariodelarepublica.com,Encuentran muerta a una joven de 29 años en Santa Rosa del Conlara
2026-06-01,2026-W23,provincial,DIARIO DE LA REPÚBLICA,San Luis,Cuyo,San Luis,https://www.eldiariodelarepublica.com,"El femicidio de Agostina será una de las consignas de la marcha federal de ""Ni una Menos"""
2026-06-01,2026-W23,provincial,DIARIO DE LA REPÚBLICA,San Luis,Cuyo,San Luis,https://www.eldiariodelarepublica.com,Podio de patentes: San Luis tiene la tercera tasa más alta del país
2026-06-01,2026-W23,provincial,DIARIO DE LA REPÚBLICA,San Luis,Cuyo,San Luis,https://www.eldiariodelarepublica.com,Alejinho se saca el corazón en un disco que es pura transparencia
2026-06-01,2026-W23,provincial,DIARIO DE LA REPÚBLICA,San Luis,Cuyo,San Luis,https://www.eldiariodelarepublica.com,Un destacado jurista diserta en la provincia
2026-06-01,2026-W23,provincial,DIARIO DE LA REPÚBLICA,San Luis,Cuyo,San Luis,https://www.eldiariodelarepublica.com,Adiós al cardio eterno: la rutina de fuerza + HIIT que podés empezar hoy
2026-06-01,2026-W23,provincial,DIARIO DE LA REPÚBLICA,San Luis,Cuyo,San Luis,https://www.eldiariodelarepublica.com,Candelaria: se robaron un inodoro del cementerio y la bandera de un monumento
2026-06-01,2026-W23,provincial,DIARIO DE LA REPÚBLICA,San Luis,Cuyo,San Luis,https://www.eldiariodelarepublica.com,El caso de una mamá que repitió el drama que vivió con sus otros cuatro hijos
2026-06-01,2026-W23,provincial,DIARIO DE LA REPÚBLICA,San Luis,Cuyo,San Luis,https://www.eldiariodelarepublica.com,"""A Fernando lo mataron adentro de la cantera"""
2026-06-01,2026-W23,provincial,DIARIO DE LA REPÚBLICA,San Luis,Cuyo,San Luis,https://www.eldiariodelarepublica.com,Bielsa presentó la lista de Uruguay y no incluyó a Nández
2026-06-01,2026-W23,provincial,DIARIO DE LA REPÚBLICA,San Luis,Cuyo,San Luis,https://www.eldiariodelarepublica.com,Tres chicas de Concarán van por su sueño en el Mundial de Kickboxing
2026-06-01,2026-W23,provincial,DIARIO DE LA REPÚBLICA,San Luis,Cuyo,San Luis,https://www.eldiariodelarepublica.com,"""Kuity"" Delfino a un paso de jugar entre los grandes"
2026-06-01,2026-W23,provincial,DIARIO DE LA REPÚBLICA,San Luis,Cuyo,San Luis,https://www.eldiariodelarepublica.com,El prisma nunca objetivo de la Historia
2026-06-01,2026-W23,provincial,DIARIO DE LA REPÚBLICA,San Luis,Cuyo,San Luis,https://www.eldiariodelarepublica.com,Marcelo Di Gennaro hace por primera vez gira por España
2026-06-01,2026-W23,provincial,DIARIO DE LA REPÚBLICA,San Luis,Cuyo,San Luis,https://www.eldiariodelarepublica.com,"Almodóvar, un poco de terror, encierro y una bomba en Londres"
2026-06-01,2026-W23,provincial,DIARIO DE LA REPÚBLICA,San Luis,Cuyo,San Luis,https://www.eldiariodelarepublica.com,"Murió Julio Le Parc, el gran maestro de arte cinético y lumínico"
2026-06-01,2026-W23,provincial,DIARIO DE LA REPÚBLICA,San Luis,Cuyo,San Luis,https://www.eldiariodelarepublica.com,"Graciana Apart & Rooms: inversión, naturaleza y turismo en un destino único de San Luis"
2026-06-01,2026-W23,provincial,DIARIO DE LA REPÚBLICA,San Luis,Cuyo,San Luis,https://www.eldiariodelarepublica.com,Figuritas del Mundial en San Luis: furor repetido y escasez de álbumes
2026-06-01,2026-W23,provincial,DIARIO DE LA REPÚBLICA,San Luis,Cuyo,San Luis,https://www.eldiariodelarepublica.com,"""¿Qué están esperando? ¿Que se mate alguien?"""
2026-06-01,2026-W23,provincial,DIARIO DE LA REPÚBLICA,San Luis,Cuyo,San Luis,https://www.eldiariodelarepublica.com,"“El sistema de salud mental en San Luis es excluyente y está colapsado'"""
2026-06-01,2026-W23,provincial,DIARIO DE LA REPÚBLICA,San Luis,Cuyo,San Luis,https://www.eldiariodelarepublica.com,"Mabel Becerra: ""Somos indigentes y eso no tiene partido"""
2026-06-01,2026-W23,provincial,DIARIO DE LA REPÚBLICA,San Luis,Cuyo,San Luis,https://www.eldiariodelarepublica.com,"El ángel de los milagros: el enigma de ""Carmelito"", entre fe y misterio"
2026-06-01,2026-W23,provincial,DIARIO DE LA REPÚBLICA,San Luis,Cuyo,San Luis,https://www.eldiariodelarepublica.com,El pueblo más lindo: El Trapiche entre los 8 finalistas para representar al país
2026-06-01,2026-W23,provincial,DIARIO DE LA REPÚBLICA,San Luis,Cuyo,San Luis,https://www.eldiariodelarepublica.com,"Murió Gladys Accastello, un ejemplo de vida universitaria"
2026-06-01,2026-W23,provincial,DIARIO DE LA REPÚBLICA,San Luis,Cuyo,San Luis,https://www.eldiariodelarepublica.com,Análisis del impacto de los eSports en la innovación digital
2026-06-01,2026-W23,provincial,DIARIO DE LA REPÚBLICA,San Luis,Cuyo,San Luis,https://www.eldiariodelarepublica.com,El partido cambia cuando el banco se mueve
2026-06-01,2026-W23,provincial,DIARIO DE LA REPÚBLICA,San Luis,Cuyo,San Luis,https://www.eldiariodelarepublica.com,Grupo Lorenzo presentó en San Luis la nueva línea eléctrica premium de ARCFOX
2026-06-01,2026-W23,provincial,EL CHORRILLERO,San Luis,Cuyo,San Luis,https://www.elchorrillero.com,La nueva plataforma “Compre San Luis” suma empresas y usuarios
2026-06-01,2026-W23,provincial,EL CHORRILLERO,San Luis,Cuyo,San Luis,https://www.elchorrillero.com,El Gobierno reglamentó el Fondo de Asistencia Laboral: cómo se pagarán desde ahora las indemnizaciones
2026-06-01,2026-W23,provincial,EL CHORRILLERO,San Luis,Cuyo,San Luis,https://www.elchorrillero.com,Reforma laboral: cómo será el nuevo recibo de sueldo
2026-06-01,2026-W23,provincial,EL CHORRILLERO,San Luis,Cuyo,San Luis,https://www.elchorrillero.com,Poggi firmó las licitaciones. El Gobierno realizará una fuerte inversión en las maternidades
2026-06-01,2026-W23,provincial,EL CHORRILLERO,San Luis,Cuyo,San Luis,https://www.elchorrillero.com,Condenaron a dos militares por la muerte de José Javier Bechis durante un entrenamiento en Salinas del Bebedero
2026-06-01,2026-W23,provincial,EL CHORRILLERO,San Luis,Cuyo,San Luis,https://www.elchorrillero.com,"Se conoció el informe preliminar de la autopsia a Agostina, la nena de 14 años asesinada en Córdoba"
2026-06-01,2026-W23,provincial,EL CHORRILLERO,San Luis,Cuyo,San Luis,https://www.elchorrillero.com,Torneo Provincial: la paridad dominó los cruces de cuartos de final
2026-06-01,2026-W23,provincial,EL CHORRILLERO,San Luis,Cuyo,San Luis,https://www.elchorrillero.com,Villa Mercedes. Irá a juicio el camionero que mató a Laura Oviedo en la autopista y piden 4 años de prisión
2026-06-01,2026-W23,provincial,EL CHORRILLERO,San Luis,Cuyo,San Luis,https://www.elchorrillero.com,La FICA comenzó a celebrar la Semana de la Ingeniería: habrá más de 100 exposiciones y actividades abiertas a toda la comunidad
2026-06-01,2026-W23,provincial,EL CHORRILLERO,San Luis,Cuyo,San Luis,https://www.elchorrillero.com,El Ministerio de Seguridad informó que Argentina registró en 2025 “la menor tasa de homicidios de su historia”
2026-06-01,2026-W23,provincial,EL CHORRILLERO,San Luis,Cuyo,San Luis,https://www.elchorrillero.com,Concentración en crisis: cómo entrenar la mente para evitar las distracciones
2026-06-01,2026-W23,provincial,EL CHORRILLERO,San Luis,Cuyo,San Luis,https://www.elchorrillero.com,Poggi se reunió con el subdirector de la Agencia Federal de Emergencias durante una capacitación en San Luis
2026-06-01,2026-W23,provincial,EL CHORRILLERO,San Luis,Cuyo,San Luis,https://www.elchorrillero.com,"Villa Mercedes tendrá su primera Feria Mundialera: convocan a emprendedores, gastronómicos y productores a formar parte"
2026-06-01,2026-W23,provincial,EL CHORRILLERO,San Luis,Cuyo,San Luis,https://www.elchorrillero.com,Video. Otra vez la violencia dijo presente en el fútbol: graves incidentes en Carpintería
2026-06-01,2026-W23,provincial,EL CHORRILLERO,San Luis,Cuyo,San Luis,https://www.elchorrillero.com,Encontraron sin vida a una joven de 29 años en una vivienda de Santa Rosa del Conlara
2026-06-01,2026-W23,provincial,EL CHORRILLERO,San Luis,Cuyo,San Luis,https://www.elchorrillero.com,Dólar: el oficial cerró a $1.445 y el Banco Central compró US$ 55 millones
2026-06-01,2026-W23,provincial,EL CHORRILLERO,San Luis,Cuyo,San Luis,https://www.elchorrillero.com,"Escupieron, insultaron y golpearon a policías: uno de los acusados quedó en libertad y deberá firmar el libro de imputados"
2026-06-01,2026-W23,provincial,EL CHORRILLERO,San Luis,Cuyo,San Luis,https://www.elchorrillero.com,“Es difícil de creer”: la defensa pone en duda el relato del último hombre que vio a Fernando Gil
2026-06-01,2026-W23,provincial,EL CHORRILLERO,San Luis,Cuyo,San Luis,https://www.elchorrillero.com,"Habló la joven secuestrada por Barrelier en 2025: “Me ató los pies, las manos y me tapó la boca con cinta”"
2026-06-01,2026-W23,provincial,EL CHORRILLERO,San Luis,Cuyo,San Luis,https://www.elchorrillero.com,Claudio Úbeda dejó de ser el entrenador de Boca
2026-06-01,2026-W23,provincial,EL CHORRILLERO,San Luis,Cuyo,San Luis,https://www.elchorrillero.com,"Con la fiebre del Mundial latente, locales gastronómicos de San Luis preparan diversas propuestas para alentar a la Albiceleste"
2026-06-01,2026-W23,provincial,EL CHORRILLERO,San Luis,Cuyo,San Luis,https://www.elchorrillero.com,Merlo: el intendente anunció nuevas obras de infraestructura para la ciudad
2026-06-01,2026-W23,provincial,EL CHORRILLERO,San Luis,Cuyo,San Luis,https://www.elchorrillero.com,Guerra en Medio Oriente. Irán paraliza las negociaciones con EE.UU. y amenaza con atacar si Beirut es bombardeado
2026-06-01,2026-W23,provincial,EL CHORRILLERO,San Luis,Cuyo,San Luis,https://www.elchorrillero.com,Crimen de Agostina Vega en Córdoba: los estremecedores detalles del hallazgo del cuerpo en el barrio Ampliación Ferreyra
2026-06-01,2026-W23,provincial,EL CHORRILLERO,San Luis,Cuyo,San Luis,https://www.elchorrillero.com,Demoraron a un hombre de 36 años que golpeó a su madre en Villa Mercedes
2026-06-01,2026-W23,provincial,EL CHORRILLERO,San Luis,Cuyo,San Luis,https://www.elchorrillero.com,El plan desestabilizador de Alberto Rodríguez Saá
2026-06-01,2026-W23,provincial,EL CHORRILLERO,San Luis,Cuyo,San Luis,https://www.elchorrillero.com,"“Gracias Alberto, el dinero está ´robado´”"
2026-06-01,2026-W23,provincial,EL CHORRILLERO,San Luis,Cuyo,San Luis,https://www.elchorrillero.com,Ya no es un sueño: la bandera de San Luis tendrá en Balerdi a su primer mundialista
2026-06-01,2026-W23,provincial,EL CHORRILLERO,San Luis,Cuyo,San Luis,https://www.elchorrillero.com,Mundial 2026: cronograma y horarios de la primera fecha de la fase de grupos
2026-06-01,2026-W23,provincial,EL CHORRILLERO,San Luis,Cuyo,San Luis,https://www.elchorrillero.com,"Exclusivo de El Chorrillero. “Sería increíble, sé que represento a San Luis”: Leo Balerdi antes de hacer historia como el primer sanluiseño mundialista"
2026-06-01,2026-W23,provincial,EL CHORRILLERO,San Luis,Cuyo,San Luis,https://www.elchorrillero.com,Así es el centro de entrenamiento donde se alojará la Selección argentina durante el Mundial 2026
2026-06-01,2026-W23,provincial,EL CHORRILLERO,San Luis,Cuyo,San Luis,https://www.elchorrillero.com,"Con Balerdi, la Selección argentina aterrizó en Estados Unidos para afrontar la preparación final antes del Mundial 2026"
2026-06-01,2026-W23,provincial,EL CHORRILLERO,San Luis,Cuyo,San Luis,https://www.elchorrillero.com,"Franco Colapinto en el GP de Mónaco: días, horarios y cronograma completo de la Fórmula 1"
2026-06-01,2026-W23,provincial,EL CHORRILLERO,San Luis,Cuyo,San Luis,https://www.elchorrillero.com,Autopsia y pericias clave: las pruebas que buscan reconstruir las últimas horas de Agostina Vega
2026-06-01,2026-W23,provincial,EL CHORRILLERO,San Luis,Cuyo,San Luis,https://www.elchorrillero.com,Quién es la dueña del auto negro que Claudio Barrelier pidió prestado tras el asesinato de Agostina Vega
2026-06-01,2026-W23,provincial,EL CHORRILLERO,San Luis,Cuyo,San Luis,https://www.elchorrillero.com,"Con un niño a bordo, volcó en Juana Koslay y dio 1,64 g/l de alcohol en sangre"
2026-06-01,2026-W23,provincial,EL CHORRILLERO,San Luis,Cuyo,San Luis,https://www.elchorrillero.com,"Se robó una camiseta de la Selección argentina, la devolvió, pero fue imputado"
2026-06-01,2026-W23,provincial,EL CHORRILLERO,San Luis,Cuyo,San Luis,https://www.elchorrillero.com,¿Con quién compartirá habitación Messi en el Mundial 2026?
2026-06-01,2026-W23,provincial,EL CHORRILLERO,San Luis,Cuyo,San Luis,https://www.elchorrillero.com,"¿Colombia ante la hiperpolarización?: el ultraconservador Abelardo De la Espriella y el oficialista Iván Cepeda, dos extremos políticos van al balotaje"
2026-06-01,2026-W23,provincial,EL CHORRILLERO,San Luis,Cuyo,San Luis,https://www.elchorrillero.com,Fanáticos del fútbol se reunieron en la Villa de Merlo para intercambiar figuritas del Mundial 2026
2026-06-01,2026-W23,provincial,EL CHORRILLERO,San Luis,Cuyo,San Luis,https://www.elchorrillero.com,“No entiendo por qué quedé pegado en todo esto”: el audio que Barrelier le mandó al papá de Agostina
2026-06-01,2026-W23,provincial,EL CHORRILLERO,San Luis,Cuyo,San Luis,https://www.elchorrillero.com,Cómo sigue Chiche Gelblung: dialogó con periodistas desde su internación
2026-06-01,2026-W23,provincial,EL CHORRILLERO,San Luis,Cuyo,San Luis,https://www.elchorrillero.com,Está disponible el cronograma de vuelos del Aeropuerto Internacional Valle del Conlara para junio
2026-06-01,2026-W23,provincial,EL CHORRILLERO,San Luis,Cuyo,San Luis,https://www.elchorrillero.com,Taylor Swift formará parte de Toy Story 5: cuál será su rol en la película de Disney
2026-06-01,2026-W23,provincial,EL CHORRILLERO,San Luis,Cuyo,San Luis,https://www.elchorrillero.com,"Arranca junio con nubosidad, viento y temperaturas agradables en San Luis"
2026-06-01,2026-W23,provincial,EL CHORRILLERO,San Luis,Cuyo,San Luis,https://www.elchorrillero.com,Más de mil controles y 11 alcoholemias positivas durante operativos en la ruta N°9
2026-06-01,2026-W23,provincial,EL CHORRILLERO,San Luis,Cuyo,San Luis,https://www.elchorrillero.com,Las empresas ya pueden pagar el aguinaldo y esta es la fecha límite para cobrarlo
2026-06-01,2026-W23,provincial,EL CHORRILLERO,San Luis,Cuyo,San Luis,https://www.elchorrillero.com,Conflictos entre vecinos en San Luis: cuáles son los límites legales y qué hacer antes de ir a juicio
2026-06-01,2026-W23,provincial,EL CHORRILLERO,San Luis,Cuyo,San Luis,https://www.elchorrillero.com,La IA y el uso de la segunda pantalla reescribirán la retransmisión del Mundial en EEUU
2026-06-01,2026-W23,provincial,EL CHORRILLERO,San Luis,Cuyo,San Luis,https://www.elchorrillero.com,Feriados de junio: cuántos fines de semana largo hay antes de las vacaciones de invierno
2026-06-01,2026-W23,provincial,VILLA MERCEDES INFO,San Luis,Cuyo,Villa Mercedes,https://www.villamercedes.info,La Diffusione di PayPal nelle Scommesse secondo Betzoid Italia
2026-06-01,2026-W23,provincial,VILLA MERCEDES INFO,San Luis,Cuyo,Villa Mercedes,https://www.villamercedes.info,Caso Agostina Vega: la abogada del padre relató el dramático momento en que confirmaron el hallazgo del cuerpo
2026-06-01,2026-W23,provincial,VILLA MERCEDES INFO,San Luis,Cuyo,Villa Mercedes,https://www.villamercedes.info,El Gobierno evalúa suspender el desfile militar del 9 de Julio por el ajuste en el Ministerio de Defensa
2026-06-01,2026-W23,provincial,VILLA MERCEDES INFO,San Luis,Cuyo,Villa Mercedes,https://www.villamercedes.info,Conmoción total: hallaron muerta a Agostina Vega en Córdoba
2026-06-01,2026-W23,provincial,VILLA MERCEDES INFO,San Luis,Cuyo,Villa Mercedes,https://www.villamercedes.info,Reforma laboral: el Gobierno reglamentó el Fondo de Asistencia Laboral para el pago de indemnizaciones
2026-06-01,2026-W23,provincial,VILLA MERCEDES INFO,San Luis,Cuyo,Villa Mercedes,https://www.villamercedes.info,Los hermanos Villegas volvieron a hacer historia: medalla de plata para Argentina en el Iberoamericano de Atletismo
2026-06-01,2026-W23,provincial,VILLA MERCEDES INFO,San Luis,Cuyo,Villa Mercedes,https://www.villamercedes.info,Villa Mercedes: demoraron a un joven de 19 años que portaba una réplica de arma de fuego en una feria
2026-06-01,2026-W23,provincial,VILLA MERCEDES INFO,San Luis,Cuyo,Villa Mercedes,https://www.villamercedes.info,Crimen de Agostina Vega: los resultados preliminares de la autopsia revelan abuso y estrangulamiento
2026-06-01,2026-W23,provincial,VILLA MERCEDES INFO,San Luis,Cuyo,Villa Mercedes,https://www.villamercedes.info,Villa Mercedes: demoraron a un hombre acusado de agredir físicamente a su madre en el barrio Jardín del Sur
2026-06-01,2026-W23,provincial,VILLA MERCEDES INFO,San Luis,Cuyo,Villa Mercedes,https://www.villamercedes.info,Villa Mercedes: demoraron a dos hombres acusados de robar y faenar una vaquillona
2026-06-01,2026-W23,provincial,VILLA MERCEDES INFO,San Luis,Cuyo,Villa Mercedes,https://www.villamercedes.info,"Anuncian dos jornadas con abundante nubosidad, niebla y temperaturas de hasta 18°C"
2026-06-01,2026-W23,provincial,VILLA MERCEDES INFO,San Luis,Cuyo,Villa Mercedes,https://www.villamercedes.info,Nicolás Otamendi firmó su contrato y será jugador de River después del Mundial 2026
2026-06-01,2026-W23,provincial,VILLA MERCEDES INFO,San Luis,Cuyo,Villa Mercedes,https://www.villamercedes.info,El Trapiche representará a Argentina en el programa internacional “Best Tourism Villages” de ONU Turismo
2026-06-01,2026-W23,provincial,VILLA MERCEDES INFO,San Luis,Cuyo,Villa Mercedes,https://www.villamercedes.info,Desarticularon cinco centros de venta de droga en Villa de Merlo y Santa Rosa del Conlara: secuestraron estupefacientes por casi $6 millones
2026-06-01,2026-W23,provincial,VILLA MERCEDES INFO,San Luis,Cuyo,Villa Mercedes,https://www.villamercedes.info,Recuperaron un celular robado y demoraron a dos hombres en Villa Mercedes
2026-06-01,2026-W23,provincial,VILLA MERCEDES INFO,San Luis,Cuyo,Villa Mercedes,https://www.villamercedes.info,Caso Agostina Vega: nuevas revelaciones periodísticas apuntan a las últimas horas antes de su desaparición
2026-06-01,2026-W23,provincial,VILLA MERCEDES INFO,San Luis,Cuyo,Villa Mercedes,https://www.villamercedes.info,Semana de los Jardines en Villa Mercedes: más de 4 mil niños participaron de un colorido desfile sobre Avenida Mitre
2026-06-01,2026-W23,provincial,VILLA MERCEDES INFO,San Luis,Cuyo,Villa Mercedes,https://www.villamercedes.info,Caso Agostina Vega: confirman que el auto utilizado por Barrelier fue lavado y analizan un inquietante mensaje recibido por la madre
2026-06-01,2026-W23,provincial,VILLA MERCEDES INFO,San Luis,Cuyo,Villa Mercedes,https://www.villamercedes.info,"Día Mundial de la Leche: La proteína, mucho más que un nutriente clave para el mantenimiento de la masa muscular"
2026-06-01,2026-W23,provincial,VILLA MERCEDES INFO,San Luis,Cuyo,Villa Mercedes,https://www.villamercedes.info,Caso Agostina Vega: investigan un mensaje recibido por la madre y refuerzan la hipótesis de que la adolescente está en Córdoba
2026-06-01,2026-W23,provincial,VILLA MERCEDES INFO,San Luis,Cuyo,Villa Mercedes,https://www.villamercedes.info,Canticuénticos llega a Villa Mercedes con un show para toda la familia en el Teatro del Viejo Mercado
2026-06-01,2026-W23,provincial,VILLA MERCEDES INFO,San Luis,Cuyo,Villa Mercedes,https://www.villamercedes.info,Airbag en San Luis: fanáticos de todo el país se organizan para el esperado show en el Coliseo
2026-06-01,2026-W23,provincial,VILLA MERCEDES INFO,San Luis,Cuyo,Villa Mercedes,https://www.villamercedes.info,"COMA BERENICES: belleza, experiencia y confianza en un solo lugar"
2026-06-01,2026-W23,provincial,VILLA MERCEDES INFO,San Luis,Cuyo,Villa Mercedes,https://www.villamercedes.info,Paz tiene 9 años y lucha por una cirugía cardíaca: su mamá pide ayuda para poder viajar
2026-06-01,2026-W23,provincial,VILLA MERCEDES INFO,San Luis,Cuyo,Villa Mercedes,https://www.villamercedes.info,San Luis: el SEMPRO recibió dos nuevos premios internacionales por su sistema de atención de ACV
2026-06-01,2026-W23,provincial,VILLA MERCEDES INFO,San Luis,Cuyo,Villa Mercedes,https://www.villamercedes.info,El Hospital Central Ramón Carrillo realizó las primeras cirugías laparoscópicas de páncreas en San Luis
2026-06-01,2026-W23,provincial,VILLA MERCEDES INFO,San Luis,Cuyo,Villa Mercedes,https://www.villamercedes.info,Premios Gardel 2026: Milo J ganó el Gardel de Oro y fue el gran protagonista de la noche
2026-06-01,2026-W23,provincial,VILLA MERCEDES INFO,San Luis,Cuyo,Villa Mercedes,https://www.villamercedes.info,Un estudio reveló que amar a los perros podría estar “escrito” en los genes
2026-06-01,2026-W23,provincial,VILLA MERCEDES INFO,San Luis,Cuyo,Villa Mercedes,https://www.villamercedes.info,Soledad Pastorutti presentó “El Mundo que Queremos | 30 Pueblos: San Luis” y destacó la identidad cultural de Villa Mercedes
2026-06-01,2026-W23,provincial,VILLA MERCEDES INFO,San Luis,Cuyo,Villa Mercedes,https://www.villamercedes.info,Guido Kaczka ganó el Martín Fierro de Oro 2026 en una noche dominada por Telefe
2026-06-01,2026-W23,provincial,VILLA MERCEDES INFO,San Luis,Cuyo,Villa Mercedes,https://www.villamercedes.info,Día de la Escarapela: por qué se conmemora hoy en Argentina
2026-06-01,2026-W23,provincial,VILLA MERCEDES INFO,San Luis,Cuyo,Villa Mercedes,https://www.villamercedes.info,Cuatro hombres fueron enviados a prisión por integrar centros de venta de drogas en Merlo y Santa Rosa del Conlara
2026-06-01,2026-W23,provincial,VILLA MERCEDES INFO,San Luis,Cuyo,Villa Mercedes,https://www.villamercedes.info,Leo Balerdi hará historia: será el primer futbolista de San Luis en disputar un Mundial con la Selección Argentina
2026-06-01,2026-W23,provincial,VILLA MERCEDES INFO,San Luis,Cuyo,Villa Mercedes,https://www.villamercedes.info,Canadian Grand Prix: Franco Colapinto terminó sexto y logró su mejor resultado en la Fórmula 1
2026-06-01,2026-W23,provincial,VILLA MERCEDES INFO,San Luis,Cuyo,Villa Mercedes,https://www.villamercedes.info,Belgrano hizo historia: le ganó a River en una final inolvidable y se consagró campeón del Torneo Apertura
2026-06-01,2026-W23,provincial,VILLA MERCEDES INFO,San Luis,Cuyo,Villa Mercedes,https://www.villamercedes.info,Franco Colapinto va por otro gran resultado en el GP de Canadá de Fórmula 1
2026-06-01,2026-W23,provincial,VILLA MERCEDES INFO,San Luis,Cuyo,Villa Mercedes,https://www.villamercedes.info,"River y Belgrano jugarán la final del Torneo Apertura 2026: día, horario y sede confirmada"
2026-06-01,2026-W23,provincial,VILLA MERCEDES INFO,San Luis,Cuyo,Villa Mercedes,https://www.villamercedes.info,L’Evoluzione di PayPal nel Mercato Italiano delle Scommesse
2026-06-01,2026-W23,provincial,VILLA MERCEDES INFO,San Luis,Cuyo,Villa Mercedes,https://www.villamercedes.info,I Vantaggi dell’Utilizzo di PayPal per le Scommesse Online
2026-06-01,2026-W23,provincial,VILLA MERCEDES INFO,San Luis,Cuyo,Villa Mercedes,https://www.villamercedes.info,Le Sfide e i Limiti della Diffusione di PayPal
2026-06-01,2026-W23,provincial,VILLA MERCEDES INFO,San Luis,Cuyo,Villa Mercedes,https://www.villamercedes.info,Prospettive Future e Tendenze di Mercato
2026-06-01,2026-W23,provincial,VILLA MERCEDES INFO,San Luis,Cuyo,Villa Mercedes,https://www.villamercedes.info,"El Gobierno deja de cubrir los pasajes gratuitos por discapacidad, trasplante y a niños con cáncer: deberán ser absorbidos por las empresas"
2026-06-01,2026-W23,provincial,VILLA MERCEDES INFO,San Luis,Cuyo,Villa Mercedes,https://www.villamercedes.info,Zona Fría: los distintos relatos que dejó la media sanción y el fuerte debate en San Luis
2026-06-01,2026-W23,provincial,VILLA MERCEDES INFO,San Luis,Cuyo,Villa Mercedes,https://www.villamercedes.info,Javier Milei volvió a cargar contra la oposición y los medios durante un foro económico
2026-06-01,2026-W23,provincial,VILLA MERCEDES INFO,San Luis,Cuyo,Villa Mercedes,https://www.villamercedes.info,Zona Fría: César Albarracín cuestionó a la diputada Mónica Becerra y advirtió sobre el impacto de los cambios en subsidios al gas
2026-06-01,2026-W23,provincial,VILLA MERCEDES INFO,San Luis,Cuyo,Villa Mercedes,https://www.villamercedes.info,El papa León XIV publicó la encíclica “Magnifica Humanitas” y advirtió sobre el avance de la inteligencia artificial
2026-06-01,2026-W23,provincial,VILLA MERCEDES INFO,San Luis,Cuyo,Villa Mercedes,https://www.villamercedes.info,Impactante choque de aviones militares en un show aéreo de Estados Unidos: cuatro tripulantes lograron eyectarse
2026-06-01,2026-W23,provincial,VILLA MERCEDES INFO,San Luis,Cuyo,Villa Mercedes,https://www.villamercedes.info,Avance histórico contra el cáncer de páncreas: un nuevo fármaco logra prolongar la vida de los pacientes
2026-06-01,2026-W23,provincial,VILLA MERCEDES INFO,San Luis,Cuyo,Villa Mercedes,https://www.villamercedes.info,Villa Mercedes Info
2026-06-01,2026-W23,provincial,EL ANCASTI,Catamarca,NOA,Catamarca,https://www.elancasti.com.ar,Caso Agostina Vega: la autopsia reveló que murió por asfixia mecánica
2026-06-01,2026-W23,provincial,EL ANCASTI,Catamarca,NOA,Catamarca,https://www.elancasti.com.ar,Grave accidente sobre ruta provincial N1
2026-06-01,2026-W23,provincial,EL ANCASTI,Catamarca,NOA,Catamarca,https://www.elancasti.com.ar,"Crisis en Textilana: ""Llegamos a ser más de 800 empleados y hoy somos 200"""
2026-06-01,2026-W23,provincial,EL ANCASTI,Catamarca,NOA,Catamarca,https://www.elancasti.com.ar,Raúl Jalil estudia eliminar coseguros de la OSEP
2026-06-01,2026-W23,provincial,EL ANCASTI,Catamarca,NOA,Catamarca,https://www.elancasti.com.ar,Adorni fijó el 15 de junio como plazo para presentar su patrimonio
2026-06-01,2026-W23,provincial,EL ANCASTI,Catamarca,NOA,Catamarca,https://www.elancasti.com.ar,Femicidio en Temperley: un hombre asesinó a su novia y luego intentó quitarse la vida
2026-06-01,2026-W23,provincial,EL ANCASTI,Catamarca,NOA,Catamarca,https://www.elancasti.com.ar,Cerca de 100 alumnos quedaron sin transporte escolar
2026-06-01,2026-W23,provincial,EL ANCASTI,Catamarca,NOA,Catamarca,https://www.elancasti.com.ar,El Gobierno nacional reglamentó el fondo para financiar indemnizaciones
2026-06-01,2026-W23,provincial,EL ANCASTI,Catamarca,NOA,Catamarca,https://www.elancasti.com.ar,¿Con quién compartirá habitación Messi en el Mundial 2026?
2026-06-01,2026-W23,provincial,EL ANCASTI,Catamarca,NOA,Catamarca,https://www.elancasti.com.ar,Comenzó a regir el descuento del 50% en boletos con el programa Marcatón Transporte
2026-06-01,2026-W23,provincial,EL ANCASTI,Catamarca,NOA,Catamarca,https://www.elancasti.com.ar,Multa millonaria por talar arrayanes: un vecino pagará casi $67 millones
2026-06-01,2026-W23,provincial,EL ANCASTI,Catamarca,NOA,Catamarca,https://www.elancasti.com.ar,Una encuesta reveló que el 70% de los argentinos tiene preocupaciones económicas
2026-06-01,2026-W23,provincial,EL ANCASTI,Catamarca,NOA,Catamarca,https://www.elancasti.com.ar,"""No es serio que empiecen a aparecer testigos de cualquier forma"""
2026-06-01,2026-W23,provincial,EL ANCASTI,Catamarca,NOA,Catamarca,https://www.elancasti.com.ar,"Carlos Muia: ""El Gobierno nacional prometió una luz al final del camino y hoy eso no se ve"""
2026-06-01,2026-W23,provincial,EL ANCASTI,Catamarca,NOA,Catamarca,https://www.elancasti.com.ar,Gran convocatoria en el Encuentro Punto Rosa Pádel
2026-06-01,2026-W23,provincial,EL ANCASTI,Catamarca,NOA,Catamarca,https://www.elancasti.com.ar,Diputadas acompañaron la declaración de interés el Encuentro de Mujeres Indígenas y Salud
2026-06-01,2026-W23,provincial,EL ANCASTI,Catamarca,NOA,Catamarca,https://www.elancasti.com.ar,Gran convocatoria en el intercambio de figuritas durante la Liga Freestyle Catamarca
2026-06-01,2026-W23,provincial,EL ANCASTI,Catamarca,NOA,Catamarca,https://www.elancasti.com.ar,El corto catamarqueño Watukuy se exhibe en Buenos Aires
2026-06-01,2026-W23,provincial,EL ANCASTI,Catamarca,NOA,Catamarca,https://www.elancasti.com.ar,Pusieron en marcha una planta de ósmosis inversa con energía solar en Telaritos
2026-06-01,2026-W23,provincial,EL ANCASTI,Catamarca,NOA,Catamarca,https://www.elancasti.com.ar,"En la era Milei, el Banco Nación otorgó 1.120 créditos hipotecarios a personas políticamente expuestas"
2026-06-01,2026-W23,provincial,EL ANCASTI,Catamarca,NOA,Catamarca,https://www.elancasti.com.ar,Murió al volante y su camioneta terminó incrustada en un cantero sobre avenida Illia
2026-06-01,2026-W23,provincial,EL ANCASTI,Catamarca,NOA,Catamarca,https://www.elancasti.com.ar,El secretario legal de Caputo renunció por diferencias con el Súper RIGI
2026-06-01,2026-W23,provincial,EL ANCASTI,Catamarca,NOA,Catamarca,https://www.elancasti.com.ar,"Raúl Jalil participará de una cumbre de gobernadores en el CFI, tras cambios en el Régimen de zonas frías"
2026-06-01,2026-W23,provincial,EL ANCASTI,Catamarca,NOA,Catamarca,https://www.elancasti.com.ar,La posverdad de Javier Galán
2026-06-01,2026-W23,provincial,EL ANCASTI,Catamarca,NOA,Catamarca,https://www.elancasti.com.ar,La pelea por los estacionamientos ya llegó al Poncho y la Fiesta todavía no empezó
2026-06-01,2026-W23,provincial,EL ANCASTI,Catamarca,NOA,Catamarca,https://www.elancasti.com.ar,EL TALIÓN - EPISODIO 12 / TEMPORADA 2026
2026-06-01,2026-W23,provincial,EL ANCASTI,Catamarca,NOA,Catamarca,https://www.elancasti.com.ar,Miedo a denunciar
2026-06-01,2026-W23,provincial,EL ANCASTI,Catamarca,NOA,Catamarca,https://www.elancasti.com.ar,"La vuelta del ""Grillo"""
2026-06-01,2026-W23,provincial,EL ANCASTI,Catamarca,NOA,Catamarca,https://www.elancasti.com.ar,Matar a una niña: el lenguaje más brutal del poder
2026-06-01,2026-W23,provincial,EL ANCASTI,Catamarca,NOA,Catamarca,https://www.elancasti.com.ar,Siniestro vial en La Cocha: dos víctimas fatales
2026-06-01,2026-W23,provincial,EL ANCASTI,Catamarca,NOA,Catamarca,https://www.elancasti.com.ar,Detuvieron a un exdirigente de la Juventud Radical por incidentes en un comercio
2026-06-01,2026-W23,provincial,EL ANCASTI,Catamarca,NOA,Catamarca,https://www.elancasti.com.ar,Audios y chats del expediente comprometen a Alfredo Aydar
2026-06-01,2026-W23,provincial,EL ANCASTI,Catamarca,NOA,Catamarca,https://www.elancasti.com.ar,"Tráfico de medicamentos para COVID, un ruso en Recreo y un escriba abusador"
2026-06-01,2026-W23,provincial,EL ANCASTI,Catamarca,NOA,Catamarca,https://www.elancasti.com.ar,El Gobierno envió al Senado la nueva ley de sociedades
2026-06-01,2026-W23,provincial,EL ANCASTI,Catamarca,NOA,Catamarca,https://www.elancasti.com.ar,Culminó el 1° Curso Nacional de Custodia VIP
2026-06-01,2026-W23,provincial,EL ANCASTI,Catamarca,NOA,Catamarca,https://www.elancasti.com.ar,La Comisión Evaluadora y la Oficina de la Mujer firmarán un convenio
2026-06-01,2026-W23,provincial,EL ANCASTI,Catamarca,NOA,Catamarca,https://www.elancasti.com.ar,Renovaron el ingreso a la localidad de Los Ángeles
2026-06-01,2026-W23,provincial,EL ANCASTI,Catamarca,NOA,Catamarca,https://www.elancasti.com.ar,Salud trabaja en acciones para fortalecer la salud integral de adolescentes
2026-06-01,2026-W23,provincial,EL ANCASTI,Catamarca,NOA,Catamarca,https://www.elancasti.com.ar,Boca decidió que Claudio Úbeda no seguirá como entrenador después de junio
2026-06-01,2026-W23,provincial,EL ANCASTI,Catamarca,NOA,Catamarca,https://www.elancasti.com.ar,El fenómeno Tim Payne: lo buscan las marcas y hasta la FIFA le dedicó un posteo
2026-06-01,2026-W23,provincial,EL ANCASTI,Catamarca,NOA,Catamarca,https://www.elancasti.com.ar,Exitoso homenaje a don José Félix Castro
2026-06-01,2026-W23,provincial,EL ANCASTI,Catamarca,NOA,Catamarca,https://www.elancasti.com.ar,El cronograma y horarios de la primera fecha de la fase de grupos
2026-06-01,2026-W23,provincial,EL ANCASTI,Catamarca,NOA,Catamarca,https://www.elancasti.com.ar,El PSG festejó en París el bicampeonato
2026-06-01,2026-W23,provincial,EL ANCASTI,Catamarca,NOA,Catamarca,https://www.elancasti.com.ar,El Urbano Girardi será escenario del 1° Concurso Municipal de Monólogos
2026-06-01,2026-W23,provincial,EL ANCASTI,Catamarca,NOA,Catamarca,https://www.elancasti.com.ar,La Biblioteca Provincial Julio Herrera celebró 131 años de historia con una velada cultural
2026-06-01,2026-W23,provincial,EL ANCASTI,Catamarca,NOA,Catamarca,https://www.elancasti.com.ar,"Gran Hermano: Gladys ""La Bomba Tucumana"" abandonó la casa y Sol regresó al reality"
2026-06-01,2026-W23,provincial,EL ANCASTI,Catamarca,NOA,Catamarca,https://www.elancasti.com.ar,Gran Hermano: Yanina Zilli ganó el auto 0km
2026-06-01,2026-W23,provincial,EL ANCASTI,Catamarca,NOA,Catamarca,https://www.elancasti.com.ar,"Preocupación por la salud de Chiche Gelblung: ""glóbulos blancos por las nubes"""
2026-06-01,2026-W23,provincial,EL ANCASTI,Catamarca,NOA,Catamarca,https://www.elancasti.com.ar,"De la Espriella consiguió una victoria ajustada contra Cepeda, pero habrá balotaje"
2026-06-01,2026-W23,provincial,EL ANCASTI,Catamarca,NOA,Catamarca,https://www.elancasti.com.ar,"""Son unos genios"": el mensaje de la novia de Tim Payne tras la locura argentina"
2026-06-01,2026-W23,provincial,EL ESQUIÚ,Catamarca,NOA,Catamarca,https://www.elesquiu.com,La UNCA fortaleció lazos culturales con Chile a través de un intercambio en la Universidad de Talca
2026-06-01,2026-W23,provincial,EL ESQUIÚ,Catamarca,NOA,Catamarca,https://www.elesquiu.com,El Gobierno impulsa una reforma societaria que habilita empresas gestionadas con IA
2026-06-01,2026-W23,provincial,EL ESQUIÚ,Catamarca,NOA,Catamarca,https://www.elesquiu.com,Milei lideró encuentro internacional sobre el Holocausto
2026-06-01,2026-W23,provincial,EL ESQUIÚ,Catamarca,NOA,Catamarca,https://www.elesquiu.com,Adorni presentará su declaración jurada antes del 15 de junio y prepara su informe para el Senado
2026-06-01,2026-W23,provincial,EL ESQUIÚ,Catamarca,NOA,Catamarca,https://www.elesquiu.com,La Comisión Evaluadora y la Oficina de la Mujer firmarán un convenio
2026-06-01,2026-W23,provincial,EL ESQUIÚ,Catamarca,NOA,Catamarca,https://www.elesquiu.com,Salud trabaja en acciones para fortalecer la salud integral de adolescentes en Valle Viejo
2026-06-01,2026-W23,provincial,EL ESQUIÚ,Catamarca,NOA,Catamarca,https://www.elesquiu.com,"El cortometraje catamarqueño ""Watukuy"" llega a la pantalla del Cine Gaumont"
2026-06-01,2026-W23,provincial,EL ESQUIÚ,Catamarca,NOA,Catamarca,https://www.elesquiu.com,"Un final a puro festejo ""solo para pocos"""
2026-06-01,2026-W23,provincial,EL ESQUIÚ,Catamarca,NOA,Catamarca,https://www.elesquiu.com,La minería es de todos
2026-06-01,2026-W23,provincial,EL ESQUIÚ,Catamarca,NOA,Catamarca,https://www.elesquiu.com,Noticias más leídas
2026-06-01,2026-W23,provincial,EL ESQUIÚ,Catamarca,NOA,Catamarca,https://www.elesquiu.com,Viajá a mitad de precio: ya rige el 50% de descuento en el boleto de colectivo en Catamarca
2026-06-01,2026-W23,provincial,EL ESQUIÚ,Catamarca,NOA,Catamarca,https://www.elesquiu.com,Recreo: ATE logró la reincorporación de 10 trabajadores y denunció persecución laboral
2026-06-01,2026-W23,provincial,EL ESQUIÚ,Catamarca,NOA,Catamarca,https://www.elesquiu.com,"Convocan al 3J en Catamarca: organizaciones marcharán a 11 años del primer ""Ni Una Menos"""
2026-06-01,2026-W23,provincial,EL ESQUIÚ,Catamarca,NOA,Catamarca,https://www.elesquiu.com,Renunció el presidente del ente regulador de gas y electricidad a un mes de asumir
2026-06-01,2026-W23,provincial,EL ESQUIÚ,Catamarca,NOA,Catamarca,https://www.elesquiu.com,"ATE apoyó la eliminación de coseguros, pidió eliminar los plus médicos y ratificó el paro"
2026-06-01,2026-W23,provincial,EL ESQUIÚ,Catamarca,NOA,Catamarca,https://www.elesquiu.com,Gordillo defendió la compra de la casa de U$D 40 mil y denunció una maniobra política en Pomán
2026-06-01,2026-W23,provincial,EL ESQUIÚ,Catamarca,NOA,Catamarca,https://www.elesquiu.com,¿Por la China Suárez? La terrible exigencia de Mauro Icardi para ver a las hijas que tiene con Wanda
2026-06-01,2026-W23,provincial,EL ESQUIÚ,Catamarca,NOA,Catamarca,https://www.elesquiu.com,Hallaron sin vida a un hombre dentro de una camioneta en el Oeste de la Capital
2026-06-01,2026-W23,provincial,EL ESQUIÚ,Catamarca,NOA,Catamarca,https://www.elesquiu.com,Giro en el caso Natalia Ríos: el fiscal desestimó la acusación y se quedó sin defensa
2026-06-01,2026-W23,provincial,EL ESQUIÚ,Catamarca,NOA,Catamarca,https://www.elesquiu.com,Santa María: arrestaron a un joven que intentó agredir a su novia y a su propia madre
2026-06-01,2026-W23,provincial,EL ESQUIÚ,Catamarca,NOA,Catamarca,https://www.elesquiu.com,River prepara una profunda renovación: podrían salir hasta 15 jugadores del plantel
2026-06-01,2026-W23,provincial,EL ESQUIÚ,Catamarca,NOA,Catamarca,https://www.elesquiu.com,Cómo están los siete lesionados a días del inicio del Mundial 2026
2026-06-01,2026-W23,provincial,EL ESQUIÚ,Catamarca,NOA,Catamarca,https://www.elesquiu.com,Montmartre hizo valer la localía y superó a 9 de Julio en el cierre de la fase regular
2026-06-01,2026-W23,provincial,EL ESQUIÚ,Catamarca,NOA,Catamarca,https://www.elesquiu.com,Teros RC ganó de visitante y es único líder del Regional Centro
2026-06-01,2026-W23,provincial,EL ESQUIÚ,Catamarca,NOA,Catamarca,https://www.elesquiu.com,"Caso Coria: ratifican condena por abuso pero la querella tildó el fallo de ""nula"""
2026-06-01,2026-W23,provincial,EL ESQUIÚ,Catamarca,NOA,Catamarca,https://www.elesquiu.com,"Piden sea devuelta una moto secuestrada en un ""Operativo Anti-Uber"""
2026-06-01,2026-W23,provincial,EL ESQUIÚ,Catamarca,NOA,Catamarca,https://www.elesquiu.com,No se repara la abundante pérdida de agua en la calle Adolfo Carranza al 300 del barrio Villa Bosch
2026-06-01,2026-W23,provincial,EL ESQUIÚ,Catamarca,NOA,Catamarca,https://www.elesquiu.com,Toda la verdad: por este motivo Mauro Icardi no puede volver a Argentina con la China Suárez
2026-06-01,2026-W23,provincial,EL ESQUIÚ,Catamarca,NOA,Catamarca,https://www.elesquiu.com,María Becerra con un nuevo hombre que le cambiará la vida: el famoso que confirmó con la cantante
2026-06-01,2026-W23,provincial,EL ESQUIÚ,Catamarca,NOA,Catamarca,https://www.elesquiu.com,"Aníbal Pachano reveló lo que nadie sabe de su nieto y la fuerte decisión que tomaron: ""No tenemos.."""
2026-06-01,2026-W23,provincial,EL ESQUIÚ,Catamarca,NOA,Catamarca,https://www.elesquiu.com,Rodrigo de Paul fumando a días del inicio del Mundial: el escándalo que desató con Tini Stoessel
2026-06-01,2026-W23,provincial,EL ESQUIÚ,Catamarca,NOA,Catamarca,https://www.elesquiu.com,"La hija de Eduardo Fort rompió el silencio en medio del escándalo con Rocío Marengo: ""Me pagaron"""
2026-06-01,2026-W23,provincial,EL ESQUIÚ,Catamarca,NOA,Catamarca,https://www.elesquiu.com,Reporte Ciudadano
2026-06-01,2026-W23,provincial,EL ESQUIÚ,Catamarca,NOA,Catamarca,https://www.elesquiu.com,Violenta gresca en Santa María: un hombre resultó gravemente herido tras ser atacado con un trozo de
2026-06-01,2026-W23,provincial,EL ESQUIÚ,Catamarca,NOA,Catamarca,https://www.elesquiu.com,Sturzenegger explicó los cambios en los recibos de sueldo: ¿qué información mostrarán?
2026-06-01,2026-W23,provincial,EL ESQUIÚ,Catamarca,NOA,Catamarca,https://www.elesquiu.com,Dengue: operativos control focal en barrios de la Capital
2026-06-01,2026-W23,provincial,EL ESQUIÚ,Catamarca,NOA,Catamarca,https://www.elesquiu.com,Convenio para implementar mecanismo de movilidad de profesionales públicos al Poder Judicial
2026-06-01,2026-W23,provincial,EL ESQUIÚ,Catamarca,NOA,Catamarca,https://www.elesquiu.com,Jalil analiza eliminar el coseguro médico de OSEP
2026-06-01,2026-W23,provincial,EL ESQUIÚ,Catamarca,NOA,Catamarca,https://www.elesquiu.com,Navarro pidió unificar al radicalismo y sostuvo que las PASO son “lo más democrático”
2026-06-01,2026-W23,provincial,EL ESQUIÚ,Catamarca,NOA,Catamarca,https://www.elesquiu.com,Cavallo insiste en la necesidad de liberalización total del cepo
2026-06-01,2026-W23,provincial,EL ESQUIÚ,Catamarca,NOA,Catamarca,https://www.elesquiu.com,Adabel Guerrero confirmó en qué hombre se refugia tras su escandalosa separación por infidelidades
2026-06-01,2026-W23,provincial,EL ESQUIÚ,Catamarca,NOA,Catamarca,https://www.elesquiu.com,La Capital inició el camino para convertirse en un Destino Turístico Inteligente
2026-06-01,2026-W23,provincial,EL ESQUIÚ,Catamarca,NOA,Catamarca,https://www.elesquiu.com,Nueva marcha de Ni Una Menos: “Seguimos reclamando exactamente lo mismo que hace 11 años”
2026-06-01,2026-W23,provincial,EL ESQUIÚ,Catamarca,NOA,Catamarca,https://www.elesquiu.com,Baja de patentamientos: así quedó el ránking de los 10 autos 0 km más vendidos en mayo
2026-06-01,2026-W23,provincial,EL ESQUIÚ,Catamarca,NOA,Catamarca,https://www.elesquiu.com,El Centro de Monitoreo Meteorológico cumplió un año y ya cuenta con cinco estaciones en la Capital
2026-06-01,2026-W23,provincial,EL ESQUIÚ,Catamarca,NOA,Catamarca,https://www.elesquiu.com,"A más de cinco años del furor por los billetes de $2 y $5, ¿a cuánto cotizan hoy?"
2026-06-01,2026-W23,provincial,EL ESQUIÚ,Catamarca,NOA,Catamarca,https://www.elesquiu.com,Nico Cabré mostró el reencuentro con su hijas tras 2 meses separados por la China Suárez
2026-06-01,2026-W23,provincial,EL ESQUIÚ,Catamarca,NOA,Catamarca,https://www.elesquiu.com,“Cualquiera de nosotras podría ser la próxima víctima de un feminicida”
2026-06-01,2026-W23,provincial,EL ESQUIÚ,Catamarca,NOA,Catamarca,https://www.elesquiu.com,Un catamarqueño ganó 150 millones en la lotería
2026-06-01,2026-W23,provincial,EL ESQUIÚ,Catamarca,NOA,Catamarca,https://www.elesquiu.com,"Calendario de ANSES: cuánto cobrarán los jubilados en junio con el aumento, el bono y el aguinaldo"
2026-06-01,2026-W23,provincial,LA UNIÓN,Catamarca,NOA,Catamarca,https://www.launion.digital,Impactante choque entre dos motociclistas sobre la Ruta Provincial N° 1
2026-06-01,2026-W23,provincial,LA UNIÓN,Catamarca,NOA,Catamarca,https://www.launion.digital,Accidente de Avda. Illia: la autopsia confirmó la causa de la muerte
2026-06-01,2026-W23,provincial,LA UNIÓN,Catamarca,NOA,Catamarca,https://www.launion.digital,El fenómeno Tim Payne: suma millones de seguidores y tiene impacto en Catamarca
2026-06-01,2026-W23,provincial,LA UNIÓN,Catamarca,NOA,Catamarca,https://www.launion.digital,Padres tomaron la Escuela N° 275 de Las Cañas: piden por docentes
2026-06-01,2026-W23,provincial,LA UNIÓN,Catamarca,NOA,Catamarca,https://www.launion.digital,Aprehendieron a un hombre acusado de agredir físicamente a su pareja
2026-06-01,2026-W23,provincial,LA UNIÓN,Catamarca,NOA,Catamarca,https://www.launion.digital,Comenzó a regir el beneficio del Marcatón Transporte
2026-06-01,2026-W23,provincial,LA UNIÓN,Catamarca,NOA,Catamarca,https://www.launion.digital,Resultado del sorteo matutino de la quiniela de Catamarca
2026-06-01,2026-W23,provincial,LA UNIÓN,Catamarca,NOA,Catamarca,https://www.launion.digital,Catamarca crea un mecanismo de movilidad de profesionales públicos para cubrir vacantes judiciales
2026-06-01,2026-W23,provincial,LA UNIÓN,Catamarca,NOA,Catamarca,https://www.launion.digital,Control focal: Salud desplegará operativos en una decena de barrios
2026-06-01,2026-W23,provincial,LA UNIÓN,Catamarca,NOA,Catamarca,https://www.launion.digital,Jalil analiza eliminar el coseguro médico de OSEP y avanza en negociaciones con los gremios
2026-06-01,2026-W23,provincial,LA UNIÓN,Catamarca,NOA,Catamarca,https://www.launion.digital,Escapó atada y casi desnuda: la joven que denunció a Barrelier en 2025 rompió el silencio
2026-06-01,2026-W23,provincial,LA UNIÓN,Catamarca,NOA,Catamarca,https://www.launion.digital,La Capital inició el camino para convertirse en un Destino Turístico Inteligente
2026-06-01,2026-W23,provincial,LA UNIÓN,Catamarca,NOA,Catamarca,https://www.launion.digital,Giro en el pronóstico: el invierno será más cálido de lo habitual en Catamarca
2026-06-01,2026-W23,provincial,LA UNIÓN,Catamarca,NOA,Catamarca,https://www.launion.digital,El Parque de los Vientos cierra por un plan de recuperación y puesta en valor: ¿por cuánto tiempo?
2026-06-01,2026-W23,provincial,LA UNIÓN,Catamarca,NOA,Catamarca,https://www.launion.digital,Catamarca inicia junio con 21 grados de máxima y chances de lluvias
2026-06-01,2026-W23,provincial,LA UNIÓN,Catamarca,NOA,Catamarca,https://www.launion.digital,Tragedia en la Ruta 38: falleció el menor hijo de la pareja siniestrada anoche
2026-06-01,2026-W23,provincial,LA UNIÓN,Catamarca,NOA,Catamarca,https://www.launion.digital,Juanma Cerúndolo va por otro golpe: busca los cuartos ante Berrettini en Roland Garros
2026-06-01,2026-W23,provincial,LA UNIÓN,Catamarca,NOA,Catamarca,https://www.launion.digital,"En la previa de las vacaciones de invierno, Junio se viene con dos findes largos"
2026-06-01,2026-W23,provincial,LA UNIÓN,Catamarca,NOA,Catamarca,https://www.launion.digital,La Cancillería Argentina publicó una guía de viaje y estadía para el Mundial 2026
2026-06-01,2026-W23,provincial,LA UNIÓN,Catamarca,NOA,Catamarca,https://www.launion.digital,Adorni define la fecha para presentar su declaración jurada: ¿será esta semana?
2026-06-01,2026-W23,provincial,LA UNIÓN,Catamarca,NOA,Catamarca,https://www.launion.digital,"A días del debut mundialista, preocupa el estado físico de varios convocados de la Selección argentina"
2026-06-01,2026-W23,provincial,LA UNIÓN,Catamarca,NOA,Catamarca,https://www.launion.digital,Conmoción: una beba de 27 días murió aplastada por su hermana mientras dormían
2026-06-01,2026-W23,provincial,LA UNIÓN,Catamarca,NOA,Catamarca,https://www.launion.digital,Telekino: cuáles fueron los números ganadores del sorteo del domingo 31 de mayo de 2026
2026-06-01,2026-W23,provincial,LA UNIÓN,Catamarca,NOA,Catamarca,https://www.launion.digital,"Horóscopo de hoy, domingo 31 de mayo de 2026"
2026-06-01,2026-W23,provincial,LA UNIÓN,Catamarca,NOA,Catamarca,https://www.launion.digital,Resultado del sorteo nocturno de la quiniela de Catamarca
2026-06-01,2026-W23,provincial,LA UNIÓN,Catamarca,NOA,Catamarca,https://www.launion.digital,Catamarca: Un hombre fue apuñalado en el abdomen tras una violenta pelea en Santa María
2026-06-01,2026-W23,provincial,LA UNIÓN,Catamarca,NOA,Catamarca,https://www.launion.digital,Milei respaldó a Abelardo de la Espriella tras la primera vuelta y apuntó contra Gustavo Petro
2026-06-01,2026-W23,provincial,LA UNIÓN,Catamarca,NOA,Catamarca,https://www.launion.digital,Dos figuras se quedan sin Mundial: Escocia y Canadá sufren bajas sensibles por lesión
2026-06-01,2026-W23,provincial,LA UNIÓN,Catamarca,NOA,Catamarca,https://www.launion.digital,Buscan intensamente a una adolescente de 15 años desaparecida en Comodoro Rivadavia
2026-06-01,2026-W23,provincial,LA UNIÓN,Catamarca,NOA,Catamarca,https://www.launion.digital,Colombia irá al balotaje: Iván Cepeda y Abelardo de la Espriella definirán al próximo presidente
2026-06-01,2026-W23,provincial,LA UNIÓN,Catamarca,NOA,Catamarca,https://www.launion.digital,Inflación: qué productos siguen subiendo por encima del promedio
2026-06-01,2026-W23,provincial,LA UNIÓN,Catamarca,NOA,Catamarca,https://www.launion.digital,Caso Agostina Vega: desmienten que el acusado haya intentado suicidarse en la cárcel
2026-06-01,2026-W23,provincial,LA UNIÓN,Catamarca,NOA,Catamarca,https://www.launion.digital,El Banco Central quedó a un paso de cumplir su meta anual tras comprar casi USD 2.600 millones en mayo
2026-06-01,2026-W23,provincial,LA UNIÓN,Catamarca,NOA,Catamarca,https://www.launion.digital,EC SAPEM lanza una bonificación del 10% para el pago de facturas de luz
2026-06-01,2026-W23,provincial,LA UNIÓN,Catamarca,NOA,Catamarca,https://www.launion.digital,Listo el cronograma de pago de los haberes de mayo de la Administración Pública
2026-06-01,2026-W23,provincial,LA UNIÓN,Catamarca,NOA,Catamarca,https://www.launion.digital,Identificaron al conductor que murió tras descompensarse y chocar contra un árbol
2026-06-01,2026-W23,provincial,LA UNIÓN,Catamarca,NOA,Catamarca,https://www.launion.digital,Detuvieron a la misma pareja tres veces en lo que va del año en Catamarca
2026-06-01,2026-W23,provincial,LA UNIÓN,Catamarca,NOA,Catamarca,https://www.launion.digital,La madre de Agostina ya fue informada de la muerte de su hija: debieron sedarla
2026-06-01,2026-W23,provincial,LA UNIÓN,Catamarca,NOA,Catamarca,https://www.launion.digital,Se casó Dua Lipa: por qué un escritor argentino fue crucial en esta historia de amor
2026-06-01,2026-W23,provincial,LA UNIÓN,Catamarca,NOA,Catamarca,https://www.launion.digital,"Famosas reclamaron justicia por Agostina tras el hallazgo de su cuerpo: ""El horror no para"""
2026-06-01,2026-W23,provincial,LA UNIÓN,Catamarca,NOA,Catamarca,https://www.launion.digital,Catamarca: cerca de 100 alumnos no pueden asistir a clases por la falta de transporte escolar en El Portezuelo
2026-06-01,2026-W23,provincial,LA UNIÓN,Catamarca,NOA,Catamarca,https://www.launion.digital,El Gobierno impulsa una Ley de Lobby inspirada en modelos de Estados Unidos y debate quién controlará su aplicación
2026-06-01,2026-W23,provincial,LA UNIÓN,Catamarca,NOA,Catamarca,https://www.launion.digital,La Selección argentina ajusta detalles para el Mundial 2026: cuándo y dónde jugará los amistosos previos
2026-06-01,2026-W23,provincial,LA UNIÓN,Catamarca,NOA,Catamarca,https://www.launion.digital,ANSES: lo que cobrará un jubilado con 30 años de aportes durante junio 2026
2026-06-01,2026-W23,provincial,LA UNIÓN,Catamarca,NOA,Catamarca,https://www.launion.digital,"Jordania, rival de Argentina, cayó por goleada ante Suiza en un amistoso"
2026-06-01,2026-W23,provincial,LA UNIÓN,Catamarca,NOA,Catamarca,https://www.launion.digital,Alarma sanitaria en Brasil por dos casos sospechosos de ébola
2026-06-01,2026-W23,provincial,LA UNIÓN,Catamarca,NOA,Catamarca,https://www.launion.digital,Estudiantes goleó 3-0 a Central y pasó a octavos de final de la Copa Argentina
2026-06-01,2026-W23,provincial,LA UNIÓN,Catamarca,NOA,Catamarca,https://www.launion.digital,Atacó a policías durante un operatido: quedó tras las rejas
2026-06-01,2026-W23,provincial,LA UNIÓN,Catamarca,NOA,Catamarca,https://www.launion.digital,Siniestro en F.M.E
2026-06-01,2026-W23,provincial,LA UNIÓN,Catamarca,NOA,Catamarca,https://www.launion.digital,Adorni fijó como fecha límite el 15 de junio para la presentación de su declaración jurada
2026-06-01,2026-W23,provincial,EL TRIBUNO,Jujuy,NOA,San Salvador de Jujuy,https://www.eltribunodejujuy.com,Noticias de interés general actualizadas 24HS
2026-06-01,2026-W23,provincial,EL TRIBUNO,Jujuy,NOA,San Salvador de Jujuy,https://www.eltribunodejujuy.com,Iban desde Jujuy por la Ruta 9 con 376 cápsulas de cocaína en el estómago
2026-06-01,2026-W23,provincial,EL TRIBUNO,Jujuy,NOA,San Salvador de Jujuy,https://www.eltribunodejujuy.com,Capacitación y formación fortalecen el crecimiento del Newcom
2026-06-01,2026-W23,provincial,EL TRIBUNO,Jujuy,NOA,San Salvador de Jujuy,https://www.eltribunodejujuy.com,Iniciaron las capacitaciones del programa “Promotores Mascoteros”
2026-06-01,2026-W23,provincial,EL TRIBUNO,Jujuy,NOA,San Salvador de Jujuy,https://www.eltribunodejujuy.com,Profesionales estatales anuncian paro y movilización para este viernes
2026-06-01,2026-W23,provincial,EL TRIBUNO,Jujuy,NOA,San Salvador de Jujuy,https://www.eltribunodejujuy.com,Un detenido por el crimen de Los Lapachos
2026-06-01,2026-W23,provincial,EL TRIBUNO,Jujuy,NOA,San Salvador de Jujuy,https://www.eltribunodejujuy.com,Rescataron a un dogo en estado de desnutrición en la casa de Claudio Barrelier
2026-06-01,2026-W23,provincial,EL TRIBUNO,Jujuy,NOA,San Salvador de Jujuy,https://www.eltribunodejujuy.com,El Gobierno reglamentó el nuevo fondo para financiar indemnizaciones
2026-06-01,2026-W23,provincial,EL TRIBUNO,Jujuy,NOA,San Salvador de Jujuy,https://www.eltribunodejujuy.com,Palpalá: en 45 minutos le saquearon el auto y le gastaron $100.000 con su tarjeta
2026-06-01,2026-W23,provincial,EL TRIBUNO,Jujuy,NOA,San Salvador de Jujuy,https://www.eltribunodejujuy.com,Jujuy recibió más de $16 mil millones en regalías mineras en lo que va del año
2026-06-01,2026-W23,provincial,EL TRIBUNO,Jujuy,NOA,San Salvador de Jujuy,https://www.eltribunodejujuy.com,“No existe el mal uso del Certificado Único de Discapacidad”
2026-06-01,2026-W23,provincial,EL TRIBUNO,Jujuy,NOA,San Salvador de Jujuy,https://www.eltribunodejujuy.com,Caso Agostina Vega
2026-06-01,2026-W23,provincial,EL TRIBUNO,Jujuy,NOA,San Salvador de Jujuy,https://www.eltribunodejujuy.com,Se conoció el informe preliminar de la autopsia a Agostina
2026-06-01,2026-W23,provincial,EL TRIBUNO,Jujuy,NOA,San Salvador de Jujuy,https://www.eltribunodejujuy.com,Habló la joven secuestrada por Barrelier en 2025
2026-06-01,2026-W23,provincial,EL TRIBUNO,Jujuy,NOA,San Salvador de Jujuy,https://www.eltribunodejujuy.com,Familiares y amigos realizaron un altar en la casa de la familia
2026-06-01,2026-W23,provincial,EL TRIBUNO,Jujuy,NOA,San Salvador de Jujuy,https://www.eltribunodejujuy.com,Los detalles del hallazgo del cuerpo de la menor
2026-06-01,2026-W23,provincial,EL TRIBUNO,Jujuy,NOA,San Salvador de Jujuy,https://www.eltribunodejujuy.com,Cómo sigue la investigación por el asesinato de Agostina Vega
2026-06-01,2026-W23,provincial,EL TRIBUNO,Jujuy,NOA,San Salvador de Jujuy,https://www.eltribunodejujuy.com,Onda Estudiantil 2026
2026-06-01,2026-W23,provincial,EL TRIBUNO,Jujuy,NOA,San Salvador de Jujuy,https://www.eltribunodejujuy.com,Playlist para el Finde Estudiantil
2026-06-01,2026-W23,provincial,EL TRIBUNO,Jujuy,NOA,San Salvador de Jujuy,https://www.eltribunodejujuy.com,Catalina Orellano Arias fue coronada Representante 2026 del Colegio FASTA San Alberto Magno
2026-06-01,2026-W23,provincial,EL TRIBUNO,Jujuy,NOA,San Salvador de Jujuy,https://www.eltribunodejujuy.com,Luna Pereyra Mallagray es la nueva representante del Colegio Los Lapachos
2026-06-01,2026-W23,provincial,EL TRIBUNO,Jujuy,NOA,San Salvador de Jujuy,https://www.eltribunodejujuy.com,Finde Estudiantil: 11 y 12 de julio en el estadio 23 de Agosto
2026-06-01,2026-W23,provincial,EL TRIBUNO,Jujuy,NOA,San Salvador de Jujuy,https://www.eltribunodejujuy.com,El colegio “Los Lapachos” elegirá a la nueva sucesora de Luciana Anze Salazar
2026-06-01,2026-W23,provincial,EL TRIBUNO,Jujuy,NOA,San Salvador de Jujuy,https://www.eltribunodejujuy.com,"""El Imperio"" coronó a Florencia Vargas"
2026-06-01,2026-W23,provincial,EL TRIBUNO,Jujuy,NOA,San Salvador de Jujuy,https://www.eltribunodejujuy.com,Abril Carrizo Trangoni es la nueva representante del Provi 1
2026-06-01,2026-W23,provincial,EL TRIBUNO,Jujuy,NOA,San Salvador de Jujuy,https://www.eltribunodejujuy.com,"María Juliana Romero, la nueva cara del Bachillerato Provincial Nº24 de Lozano"
2026-06-01,2026-W23,provincial,EL TRIBUNO,Jujuy,NOA,San Salvador de Jujuy,https://www.eltribunodejujuy.com,Morena Perini es la nueva representante del Colegio Blaise Pascal
2026-06-01,2026-W23,provincial,EL TRIBUNO,Jujuy,NOA,San Salvador de Jujuy,https://www.eltribunodejujuy.com,El Secundario N° 33 de Reyes ya tiene a su nueva soberana
2026-06-01,2026-W23,provincial,EL TRIBUNO,Jujuy,NOA,San Salvador de Jujuy,https://www.eltribunodejujuy.com,Trabajo conjunto en Palpalá contra la violencia de género
2026-06-01,2026-W23,provincial,EL TRIBUNO,Jujuy,NOA,San Salvador de Jujuy,https://www.eltribunodejujuy.com,Conocé el estado de las rutas en Jujuy
2026-06-01,2026-W23,provincial,EL TRIBUNO,Jujuy,NOA,San Salvador de Jujuy,https://www.eltribunodejujuy.com,Las mujeres protagonistas en la actividad tabacalera
2026-06-01,2026-W23,provincial,EL TRIBUNO,Jujuy,NOA,San Salvador de Jujuy,https://www.eltribunodejujuy.com,"""El Trabajador Tabacalero es una pieza clave en el desarrollo de Jujuy"""
2026-06-01,2026-W23,provincial,EL TRIBUNO,Jujuy,NOA,San Salvador de Jujuy,https://www.eltribunodejujuy.com,Profesionales de Apuap exigen reapertura de paritaria
2026-06-01,2026-W23,provincial,EL TRIBUNO,Jujuy,NOA,San Salvador de Jujuy,https://www.eltribunodejujuy.com,Lanzaron el programa “Promotores mascoteros”
2026-06-01,2026-W23,provincial,EL TRIBUNO,Jujuy,NOA,San Salvador de Jujuy,https://www.eltribunodejujuy.com,El Municipio impulsa acciones por el Día del Ambiente
2026-06-01,2026-W23,provincial,EL TRIBUNO,Jujuy,NOA,San Salvador de Jujuy,https://www.eltribunodejujuy.com,Personas con discapacidad: encuentro de grupo de apoyo
2026-06-01,2026-W23,provincial,EL TRIBUNO,Jujuy,NOA,San Salvador de Jujuy,https://www.eltribunodejujuy.com,La intendente de Humahuaca espera el llamado de Villada
2026-06-01,2026-W23,provincial,EL TRIBUNO,Jujuy,NOA,San Salvador de Jujuy,https://www.eltribunodejujuy.com,"A partir de hoy, suben los boletos de media distancia en Jujuy"
2026-06-01,2026-W23,provincial,EL TRIBUNO,Jujuy,NOA,San Salvador de Jujuy,https://www.eltribunodejujuy.com,La selección argentina partió para jugar el Mundial
2026-06-01,2026-W23,provincial,EL TRIBUNO,Jujuy,NOA,San Salvador de Jujuy,https://www.eltribunodejujuy.com,A 17 días del Mundial se lesionó Leandro Paredes
2026-06-01,2026-W23,provincial,EL TRIBUNO,Jujuy,NOA,San Salvador de Jujuy,https://www.eltribunodejujuy.com,El parte médico de Neymar que preocupa a Brasil de cara al Mundial
2026-06-01,2026-W23,provincial,EL TRIBUNO,Jujuy,NOA,San Salvador de Jujuy,https://www.eltribunodejujuy.com,Un sueño mundialista impulsó a una pareja jujeña a emprender en tecnología
2026-06-01,2026-W23,provincial,EL TRIBUNO,Jujuy,NOA,San Salvador de Jujuy,https://www.eltribunodejujuy.com,Dos hombres fueron aprehendidos tras violenta pelea en plena vía pública
2026-06-01,2026-W23,provincial,EL TRIBUNO,Jujuy,NOA,San Salvador de Jujuy,https://www.eltribunodejujuy.com,Herido en una mano con un machete
2026-06-01,2026-W23,provincial,EL TRIBUNO,Jujuy,NOA,San Salvador de Jujuy,https://www.eltribunodejujuy.com,Discutió con su hermano y lo mató
2026-06-01,2026-W23,provincial,EL TRIBUNO,Jujuy,NOA,San Salvador de Jujuy,https://www.eltribunodejujuy.com,Violó medida de restricción perimetral y fue asesinado
2026-06-01,2026-W23,provincial,EL TRIBUNO,Jujuy,NOA,San Salvador de Jujuy,https://www.eltribunodejujuy.com,Fueron amenazados con un arma de fuego
2026-06-01,2026-W23,provincial,EL TRIBUNO,Jujuy,NOA,San Salvador de Jujuy,https://www.eltribunodejujuy.com,Fin de Ciclo para Claudio Úbeda
2026-06-01,2026-W23,provincial,EL TRIBUNO,Jujuy,NOA,San Salvador de Jujuy,https://www.eltribunodejujuy.com,Gimnasia piensa en el duelo ante Atlanta
2026-06-01,2026-W23,provincial,EL TRIBUNO,Jujuy,NOA,San Salvador de Jujuy,https://www.eltribunodejujuy.com,Talleres eliminó a Gorriti y se metió en las semifinales
2026-06-01,2026-W23,provincial,LEA,Jujuy,NOA,San Salvador de Jujuy,https://www.periodicolea.com.ar,JUJUY ACTUALIDAD
2026-06-01,2026-W23,provincial,LEA,Jujuy,NOA,San Salvador de Jujuy,https://www.periodicolea.com.ar,Para atender a Jujuy y a la Región
2026-06-01,2026-W23,provincial,LEA,Jujuy,NOA,San Salvador de Jujuy,https://www.periodicolea.com.ar,DEPORTE NACIONAL
2026-06-01,2026-W23,provincial,LEA,Jujuy,NOA,San Salvador de Jujuy,https://www.periodicolea.com.ar,CULTURA & ESPECTÁCULOS
2026-06-01,2026-W23,provincial,LEA,Jujuy,NOA,San Salvador de Jujuy,https://www.periodicolea.com.ar,INTERNACIONALES
2026-06-01,2026-W23,provincial,LEA,Jujuy,NOA,San Salvador de Jujuy,https://www.periodicolea.com.ar,LEA LO MÁS VISTO
2026-06-01,2026-W23,provincial,LEA,Jujuy,NOA,San Salvador de Jujuy,https://www.periodicolea.com.ar,LEA NUESTRA PORTADA
2026-06-01,2026-W23,provincial,LEA,Jujuy,NOA,San Salvador de Jujuy,https://www.periodicolea.com.ar,Las obras viales en Jujuy se ejecutan y financian con recursos provinciales
2026-06-01,2026-W23,provincial,LEA,Jujuy,NOA,San Salvador de Jujuy,https://www.periodicolea.com.ar,El Gobierno de Jujuy presentó la Cuenta de Inversión 2025
2026-06-01,2026-W23,provincial,LEA,Jujuy,NOA,San Salvador de Jujuy,https://www.periodicolea.com.ar,Millón destacó el proceso de capacitación en materia de formulación y presentación
2026-06-01,2026-W23,provincial,LEA,Jujuy,NOA,San Salvador de Jujuy,https://www.periodicolea.com.ar,El intendente Jorge encabezó el lanzamiento del Programa “Presupuesto Participativo 2026”
2026-06-01,2026-W23,provincial,LEA,Jujuy,NOA,San Salvador de Jujuy,https://www.periodicolea.com.ar,Jujuy no recibió un peso para arreglar las rutas nacionales
2026-06-01,2026-W23,provincial,LEA,Jujuy,NOA,San Salvador de Jujuy,https://www.periodicolea.com.ar,Carlos Sadir acompañó el inicio de la zafra 2026 del ingenio La Esperanza
2026-06-01,2026-W23,provincial,LEA,Jujuy,NOA,San Salvador de Jujuy,https://www.periodicolea.com.ar,Sáenz se reunió con Santilli y “Lule” Menem para avanzar en una agenda de políticas de desarrollo federal
2026-06-01,2026-W23,provincial,LEA,Jujuy,NOA,San Salvador de Jujuy,https://www.periodicolea.com.ar,Zafra: ya son nueve los ingenios que iniciaron la molienda en Tucumán
2026-06-01,2026-W23,provincial,LEA,Jujuy,NOA,San Salvador de Jujuy,https://www.periodicolea.com.ar,Hombre Muerto Oeste logra su primera producción de cloruro de litio en Catamarca
2026-06-01,2026-W23,provincial,LEA,Jujuy,NOA,San Salvador de Jujuy,https://www.periodicolea.com.ar,"PAMI: unos 5,5 millones de jubilados no consiguen turnos ni tratamientos en sanatorios"
2026-06-01,2026-W23,provincial,LEA,Jujuy,NOA,San Salvador de Jujuy,https://www.periodicolea.com.ar,El Súper RIGI abre un conflicto con los gobernadores por la quita de recaudación a provincias
2026-06-01,2026-W23,provincial,LEA,Jujuy,NOA,San Salvador de Jujuy,https://www.periodicolea.com.ar,Paro nacional universitario: cuándo es y a qué hora
2026-06-01,2026-W23,provincial,LEA,Jujuy,NOA,San Salvador de Jujuy,https://www.periodicolea.com.ar,Revés judicial para Cristina Kirchner y sus hijos: Casación avaló el decomiso de bienes por la causa Vialidad
2026-06-01,2026-W23,provincial,LEA,Jujuy,NOA,San Salvador de Jujuy,https://www.periodicolea.com.ar,El FMI quiere que más de 1 millón de trabajadores que hoy no están alcanzados empiecen a pagar Ganancias
2026-06-01,2026-W23,provincial,LEA,Jujuy,NOA,San Salvador de Jujuy,https://www.periodicolea.com.ar,"Milei, incómodo frente a una Iglesia que presagió un “desmembramiento social”"
2026-06-01,2026-W23,provincial,LEA,Jujuy,NOA,San Salvador de Jujuy,https://www.periodicolea.com.ar,Hoy arranca la venta de entradas para el duelo de Gimnasia por Copa Argentina contra Belgrano
2026-06-01,2026-W23,provincial,LEA,Jujuy,NOA,San Salvador de Jujuy,https://www.periodicolea.com.ar,El “Lobo” jujeño viaja a Santiago con la ilusión de bajar al campeón y seguir haciendo historia
2026-06-01,2026-W23,provincial,LEA,Jujuy,NOA,San Salvador de Jujuy,https://www.periodicolea.com.ar,Federico Paradela sufrió una luxación y se pierde el duelo por Copa Argentina
2026-06-01,2026-W23,provincial,LEA,Jujuy,NOA,San Salvador de Jujuy,https://www.periodicolea.com.ar,Qué rivales le pueden tocar a River en octavos de final
2026-06-01,2026-W23,provincial,LEA,Jujuy,NOA,San Salvador de Jujuy,https://www.periodicolea.com.ar,Boca Juniors sufrió un duro golpe en La Bombonera: perdió 1-0 con Universidad Católica y quedó eliminado
2026-06-01,2026-W23,provincial,LEA,Jujuy,NOA,San Salvador de Jujuy,https://www.periodicolea.com.ar,Agenda completa de los partidos en la fase de grupos y el posible camino hasta la final para la Selección Argentina
2026-06-01,2026-W23,provincial,LEA,Jujuy,NOA,San Salvador de Jujuy,https://www.periodicolea.com.ar,Cómo aprovechar la IA de Google para convertir documentos en podcast
2026-06-01,2026-W23,provincial,LEA,Jujuy,NOA,San Salvador de Jujuy,https://www.periodicolea.com.ar,Qué hacer cuando tu Google Chrome funciona de manera lenta
2026-06-01,2026-W23,provincial,LEA,Jujuy,NOA,San Salvador de Jujuy,https://www.periodicolea.com.ar,"Lanzan o1, la inteligencia artificial que «piensa» antes de responder"
2026-06-01,2026-W23,provincial,LEA,Jujuy,NOA,San Salvador de Jujuy,https://www.periodicolea.com.ar,"Con presencia pública y privada, Jujuy participa en el 51° Congreso de Agentes de Viajes en Mendoza"
2026-06-01,2026-W23,provincial,LEA,Jujuy,NOA,San Salvador de Jujuy,https://www.periodicolea.com.ar,«Galope» consolida a Jujuy como polo audiovisual con proyección internacional
2026-06-01,2026-W23,provincial,LEA,Jujuy,NOA,San Salvador de Jujuy,https://www.periodicolea.com.ar,"Miss Universo Argentina 2026: las perlitas, las imágenes y el discurso que consagró a Tamara Rogouski como reina"
2026-06-01,2026-W23,provincial,LEA,Jujuy,NOA,San Salvador de Jujuy,https://www.periodicolea.com.ar,"Chile lidera un acuerdo contra la delincuencia transnacional con Argentina, Bolivia, Ecuador y Perú"
2026-06-01,2026-W23,provincial,LEA,Jujuy,NOA,San Salvador de Jujuy,https://www.periodicolea.com.ar,Comisión de Minería sesionará en Calama por situación de Codelco: Diputado Videla pide presencia de ejecutivos
2026-06-01,2026-W23,provincial,LEA,Jujuy,NOA,San Salvador de Jujuy,https://www.periodicolea.com.ar,Geoglifos de Pintados celebrará el Día del Patrimonio con experiencia astronómica nocturna
2026-06-01,2026-W23,provincial,LEA,Jujuy,NOA,San Salvador de Jujuy,https://www.periodicolea.com.ar,Paz promete $us 5.000 millones del FMI para “sectores sociales en la calle” en medio de la crisis y los bloqueos
2026-06-01,2026-W23,provincial,LEA,Jujuy,NOA,San Salvador de Jujuy,https://www.periodicolea.com.ar,Transporte pesado da 48 horas para desbloquear rutas
2026-06-01,2026-W23,provincial,LEA,Jujuy,NOA,San Salvador de Jujuy,https://www.periodicolea.com.ar,Cae el comercio de sábalos en Villa Montes por los bloqueos
2026-06-01,2026-W23,provincial,LEA,Jujuy,NOA,San Salvador de Jujuy,https://www.periodicolea.com.ar,Un nuevo vuelo de repatriación procedente de Estados Unidos llegó a Venezuela con 115 migrantes
2026-06-01,2026-W23,provincial,LEA,Jujuy,NOA,San Salvador de Jujuy,https://www.periodicolea.com.ar,La Cámara de Diputados de Brasil aprobó la reducción de la jornada laboral
2026-06-01,2026-W23,provincial,LEA,Jujuy,NOA,San Salvador de Jujuy,https://www.periodicolea.com.ar,Colombia define su futuro: la elección que puede cambiar el equilibrio político de América Latina
2026-06-01,2026-W23,provincial,LEA,Jujuy,NOA,San Salvador de Jujuy,https://www.periodicolea.com.ar,Alemania y Países Bajos refuerzan el mando militar aliado en el Báltico y asumen más responsabilidad en la defensa europea
2026-06-01,2026-W23,provincial,LEA,Jujuy,NOA,San Salvador de Jujuy,https://www.periodicolea.com.ar,China proclama su firme decisión de apoyar a Cuba
2026-06-01,2026-W23,provincial,LEA,Jujuy,NOA,San Salvador de Jujuy,https://www.periodicolea.com.ar,"Estados Unidos e Irán alcanzan un acuerdo tentativo para extender el alto el fuego y reabrir el estrecho de Ormuz, según funcionarios estadounidenses"
2026-06-01,2026-W23,provincial,PREGÓN,Jujuy,NOA,San Salvador de Jujuy,https://www.pregon.com.ar,La Selección argentina ya esta en la ciudad de Kansas
2026-06-01,2026-W23,provincial,PREGÓN,Jujuy,NOA,San Salvador de Jujuy,https://www.pregon.com.ar,"Sorpresa en el Cabildo de Jujuy, apareció un zorro"
2026-06-01,2026-W23,provincial,PREGÓN,Jujuy,NOA,San Salvador de Jujuy,https://www.pregon.com.ar,"Inauguraron una obra vial ""clave"" en Alto Comedero"
2026-06-01,2026-W23,provincial,PREGÓN,Jujuy,NOA,San Salvador de Jujuy,https://www.pregon.com.ar,Same permitió rescatar a un paciente en una zona de difícil acceso
2026-06-01,2026-W23,provincial,PREGÓN,Jujuy,NOA,San Salvador de Jujuy,https://www.pregon.com.ar,Una mujer fue detenida tras la muerte de su pareja en Alto Comedero
2026-06-01,2026-W23,provincial,PREGÓN,Jujuy,NOA,San Salvador de Jujuy,https://www.pregon.com.ar,El PSG le ganó por penales al Arsenal y es nuevamente campeón
2026-06-01,2026-W23,provincial,PREGÓN,Jujuy,NOA,San Salvador de Jujuy,https://www.pregon.com.ar,El cierre de comercios es una cruda realidad en Jujuy
2026-06-01,2026-W23,provincial,PREGÓN,Jujuy,NOA,San Salvador de Jujuy,https://www.pregon.com.ar,Diputados pone en discusión un proyecto sobre personas electrodependientes
2026-06-01,2026-W23,provincial,PREGÓN,Jujuy,NOA,San Salvador de Jujuy,https://www.pregon.com.ar,El Colegio de Farmacéuticos de Jujuy rechaza la venta de medicamentos fuera de farmacias
2026-06-01,2026-W23,provincial,PREGÓN,Jujuy,NOA,San Salvador de Jujuy,https://www.pregon.com.ar,Conmovedora ceremonia para recibir al Niño del Chañi
2026-06-01,2026-W23,provincial,PREGÓN,Jujuy,NOA,San Salvador de Jujuy,https://www.pregon.com.ar,"El ""Finde Estudiantil"" se realizará el 11 y 12 de julio"
2026-06-01,2026-W23,provincial,PREGÓN,Jujuy,NOA,San Salvador de Jujuy,https://www.pregon.com.ar,"Cinco motociclistas murieron en dos semanas, preocupación por siniestros viales"
2026-06-01,2026-W23,provincial,PREGÓN,Jujuy,NOA,San Salvador de Jujuy,https://www.pregon.com.ar,Violento asalto en el puente San Martín: motochorros lo apuñalaron para robarle
2026-06-01,2026-W23,provincial,PREGÓN,Jujuy,NOA,San Salvador de Jujuy,https://www.pregon.com.ar,Motociclista chocó con un camión y murió en Libertador General San Martín
2026-06-01,2026-W23,provincial,PREGÓN,Jujuy,NOA,San Salvador de Jujuy,https://www.pregon.com.ar,Gestiones ante Nación para agilizar la aprobación de programas para tabacalero
2026-06-01,2026-W23,provincial,PREGÓN,Jujuy,NOA,San Salvador de Jujuy,https://www.pregon.com.ar,Atauche representó a la Argentina en encuentro para la prevención del narcotráfico
2026-06-01,2026-W23,provincial,PREGÓN,Jujuy,NOA,San Salvador de Jujuy,https://www.pregon.com.ar,"""Jujuy no recibió un peso para arreglar rutas nacionales"""
2026-06-01,2026-W23,provincial,PREGÓN,Jujuy,NOA,San Salvador de Jujuy,https://www.pregon.com.ar,"Mattia Colnaghi en la Fórmula 3: días, horarios y cronograma completo del GP de Mónaco"
2026-06-01,2026-W23,provincial,PREGÓN,Jujuy,NOA,San Salvador de Jujuy,https://www.pregon.com.ar,"Nicolás Varrone en la Fórmula 2: días, horarios y cronograma completo del GP de Mónaco"
2026-06-01,2026-W23,provincial,PREGÓN,Jujuy,NOA,San Salvador de Jujuy,https://www.pregon.com.ar,"Franco Colapinto en el GP de Mónaco: días, horarios y cronograma completo de la Fórmula 1"
2026-06-01,2026-W23,provincial,PREGÓN,Jujuy,NOA,San Salvador de Jujuy,https://www.pregon.com.ar,¿Con quién compartirá habitación Messi en el Mundial 2026?
2026-06-01,2026-W23,provincial,PREGÓN,Jujuy,NOA,San Salvador de Jujuy,https://www.pregon.com.ar,Di Carlo anticipó una profunda renovación en River: “Se van a ir 15 jugadores”
2026-06-01,2026-W23,provincial,PREGÓN,Jujuy,NOA,San Salvador de Jujuy,https://www.pregon.com.ar,Sorpresa en el mundo del tenis: la histórica Serena Williams vuelve del retiro a los 44 años
2026-06-01,2026-W23,provincial,PREGÓN,Jujuy,NOA,San Salvador de Jujuy,https://www.pregon.com.ar,Senado dictaminará el proyecto ''Hojarasca'' que busca derogar unas 70 leyes obsoletas
2026-06-01,2026-W23,provincial,PREGÓN,Jujuy,NOA,San Salvador de Jujuy,https://www.pregon.com.ar,Fintech Meetups 2026 con foco en innovación financiera y Vaca Muerta
2026-06-01,2026-W23,provincial,PREGÓN,Jujuy,NOA,San Salvador de Jujuy,https://www.pregon.com.ar,La Justicia rechazó la suspensión de la Ley de Glaciares en Santa Cruz
2026-06-01,2026-W23,provincial,PREGÓN,Jujuy,NOA,San Salvador de Jujuy,https://www.pregon.com.ar,Netanyahu dice que Israel atacará Beirut si continúan los bombardeos de Hezbolá
2026-06-01,2026-W23,provincial,PREGÓN,Jujuy,NOA,San Salvador de Jujuy,https://www.pregon.com.ar,Bolivia inicia segundo mes de bloqueos en cerca de 100 puntos del país
2026-06-01,2026-W23,provincial,PREGÓN,Jujuy,NOA,San Salvador de Jujuy,https://www.pregon.com.ar,Netanyahu y Trump mantuvieron una conversación telefónica en medio de la escalada de tensiones con Irán y Hezbolá
2026-06-01,2026-W23,provincial,PREGÓN,Jujuy,NOA,San Salvador de Jujuy,https://www.pregon.com.ar,Hollywood festeja los 100 años de Marilyn Monroe
2026-06-01,2026-W23,provincial,PREGÓN,Jujuy,NOA,San Salvador de Jujuy,https://www.pregon.com.ar,HBO confirma que no habrá una cuarta temporada de Euphoria
2026-06-01,2026-W23,provincial,PREGÓN,Jujuy,NOA,San Salvador de Jujuy,https://www.pregon.com.ar,Gran Hermano sancionó a Matías Hanssen por tapar el micrófono tras comentario con posible tono racista
2026-06-01,2026-W23,provincial,PREGÓN,Jujuy,NOA,San Salvador de Jujuy,https://www.pregon.com.ar,¿Y dónde están los Rectores?
2026-06-01,2026-W23,provincial,PREGÓN,Jujuy,NOA,San Salvador de Jujuy,https://www.pregon.com.ar,Plan Nacional de Alfabetización: ¡Afuera!
2026-06-01,2026-W23,provincial,PREGÓN,Jujuy,NOA,San Salvador de Jujuy,https://www.pregon.com.ar,"JUJUY Sorpresa en el Cabildo de Jujuy, apareció un zorro 10:01 AM"
2026-06-01,2026-W23,provincial,PREGÓN,Jujuy,NOA,San Salvador de Jujuy,https://www.pregon.com.ar,"POLITICA Inauguraron una obra vial ""clave"" en Alto Comedero 9:00 AM"
2026-06-01,2026-W23,provincial,PREGÓN,Jujuy,NOA,San Salvador de Jujuy,https://www.pregon.com.ar,JUJUY Same permitió rescatar a un paciente en una zona de difícil acceso 8:21 AM
2026-06-01,2026-W23,provincial,PREGÓN,Jujuy,NOA,San Salvador de Jujuy,https://www.pregon.com.ar,POLICIAL Una mujer fue detenida tras la muerte de su pareja en Alto Comedero 31-05-2026
2026-06-01,2026-W23,provincial,PREGÓN,Jujuy,NOA,San Salvador de Jujuy,https://www.pregon.com.ar,DEPORTES El PSG le ganó por penales al Arsenal y es nuevamente campeón 30-05-2026
2026-06-01,2026-W23,provincial,PREGÓN,Jujuy,NOA,San Salvador de Jujuy,https://www.pregon.com.ar,POLITICA El cierre de comercios es una cruda realidad en Jujuy 30-05-2026
2026-06-01,2026-W23,provincial,PREGÓN,Jujuy,NOA,San Salvador de Jujuy,https://www.pregon.com.ar,NACIONAL Diputados pone en discusión un proyecto sobre personas electrodependientes 5:28 PM
2026-06-01,2026-W23,provincial,PREGÓN,Jujuy,NOA,San Salvador de Jujuy,https://www.pregon.com.ar,JUJUY El Colegio de Farmacéuticos de Jujuy rechaza la venta de medicamentos fuera de farmacias 30-05-2026
2026-06-01,2026-W23,provincial,PREGÓN,Jujuy,NOA,San Salvador de Jujuy,https://www.pregon.com.ar,JUJUY Conmovedora ceremonia para recibir al Niño del Chañi 29-05-2026
2026-06-01,2026-W23,provincial,PREGÓN,Jujuy,NOA,San Salvador de Jujuy,https://www.pregon.com.ar,"JUJUY El ""Finde Estudiantil"" se realizará el 11 y 12 de julio 29-05-2026"
2026-06-01,2026-W23,provincial,PREGÓN,Jujuy,NOA,San Salvador de Jujuy,https://www.pregon.com.ar,"POLICIAL Cinco motociclistas murieron en dos semanas, preocupación por siniestros viales 29-05-2026"
2026-06-01,2026-W23,provincial,PREGÓN,Jujuy,NOA,San Salvador de Jujuy,https://www.pregon.com.ar,POLICIAL Violento asalto en el puente San Martín: motochorros lo apuñalaron para robarle 29-05-2026
2026-06-01,2026-W23,provincial,PREGÓN,Jujuy,NOA,San Salvador de Jujuy,https://www.pregon.com.ar,POLICIAL Motociclista chocó con un camión y murió en Libertador General San Martín 29-05-2026
2026-06-01,2026-W23,provincial,PREGÓN,Jujuy,NOA,San Salvador de Jujuy,https://www.pregon.com.ar,POLITICA Gestiones ante Nación para agilizar la aprobación de programas para tabacalero 29-05-2026
2026-06-01,2026-W23,provincial,PREGÓN,Jujuy,NOA,San Salvador de Jujuy,https://www.pregon.com.ar,POLITICA Atauche representó a la Argentina en encuentro para la prevención del narcotráfico 29-05-2026
2026-06-01,2026-W23,provincial,PREGÓN,Jujuy,NOA,San Salvador de Jujuy,https://www.pregon.com.ar,"POLITICA ""Jujuy no recibió un peso para arreglar rutas nacionales"" 29-05-2026"
2026-06-01,2026-W23,provincial,EL INDEPENDIENTE,La Rioja,NOA,La Rioja,https://www.elindependiente.com.ar,Agostina Vega: se conoció el resultado de la autopsia
2026-06-01,2026-W23,provincial,EL INDEPENDIENTE,La Rioja,NOA,La Rioja,https://www.elindependiente.com.ar,"""Cumplimos con el compromiso asumido con la comunidad religiosa"""
2026-06-01,2026-W23,provincial,EL INDEPENDIENTE,La Rioja,NOA,La Rioja,https://www.elindependiente.com.ar,"Colapinto en el GP de Mónaco: días, horarios y cronograma"
2026-06-01,2026-W23,provincial,EL INDEPENDIENTE,La Rioja,NOA,La Rioja,https://www.elindependiente.com.ar,"El 71,8% de los argentinos expresa preocupaciones económicas, según una encuesta"
2026-06-01,2026-W23,provincial,EL INDEPENDIENTE,La Rioja,NOA,La Rioja,https://www.elindependiente.com.ar,Myriam Espinosa participó en un congreso bonaerense de Trabajo
2026-06-01,2026-W23,provincial,EL INDEPENDIENTE,La Rioja,NOA,La Rioja,https://www.elindependiente.com.ar,Continúa este martes el cronograma de pago a estatales
2026-06-01,2026-W23,provincial,EL INDEPENDIENTE,La Rioja,NOA,La Rioja,https://www.elindependiente.com.ar,Sanagasta es finalista argentina en los Best Tourism Villages 2026
2026-06-01,2026-W23,provincial,EL INDEPENDIENTE,La Rioja,NOA,La Rioja,https://www.elindependiente.com.ar,Primer ateneo universitario sobre compostaje y economía circular
2026-06-01,2026-W23,provincial,EL INDEPENDIENTE,La Rioja,NOA,La Rioja,https://www.elindependiente.com.ar,Motociclista murió tras una caída e investigan si hubo otro vehículo
2026-06-01,2026-W23,provincial,EL INDEPENDIENTE,La Rioja,NOA,La Rioja,https://www.elindependiente.com.ar,Vialidad Provincial avanza con tareas de conservación y mejora vial
2026-06-01,2026-W23,provincial,EL INDEPENDIENTE,La Rioja,NOA,La Rioja,https://www.elindependiente.com.ar,Realizaron festiva ceremonia por el Día de los Jardines de Infantes en San Blas
2026-06-01,2026-W23,provincial,EL INDEPENDIENTE,La Rioja,NOA,La Rioja,https://www.elindependiente.com.ar,Quintela entregó dos nuevas viviendas en Vinchina y ya son 52 las familias beneficiadas
2026-06-01,2026-W23,provincial,EL INDEPENDIENTE,La Rioja,NOA,La Rioja,https://www.elindependiente.com.ar,Chilecito: Suspenden recorrido de colectivos por vandalismo
2026-06-01,2026-W23,provincial,EL INDEPENDIENTE,La Rioja,NOA,La Rioja,https://www.elindependiente.com.ar,UNdeC: taller para acompañar a alumnos en preparación de finales
2026-06-01,2026-W23,provincial,EL INDEPENDIENTE,La Rioja,NOA,La Rioja,https://www.elindependiente.com.ar,El Municipio capitalino trabaja por una transitabilidad más segura en Rodadera Norte
2026-06-01,2026-W23,provincial,EL INDEPENDIENTE,La Rioja,NOA,La Rioja,https://www.elindependiente.com.ar,Caso Maradona: declaran empleados de Swiss Medical y un médico ligado a Stinfale
2026-06-01,2026-W23,provincial,EL INDEPENDIENTE,La Rioja,NOA,La Rioja,https://www.elindependiente.com.ar,Un hombre resultó con el 60% del cuerpo quemado tras un incendio en su vivienda
2026-06-01,2026-W23,provincial,EL INDEPENDIENTE,La Rioja,NOA,La Rioja,https://www.elindependiente.com.ar,"""Cuidadores de Esperanza"": Espacio de inclusión y contención para jóvenes y familias"
2026-06-01,2026-W23,provincial,EL INDEPENDIENTE,La Rioja,NOA,La Rioja,https://www.elindependiente.com.ar,Cobertura DAI 2026: Se abre la 2da etapa de presentación de documentación
2026-06-01,2026-W23,provincial,EL INDEPENDIENTE,La Rioja,NOA,La Rioja,https://www.elindependiente.com.ar,Científicos piden a la ciudadanía realizar un registro sobre los nidos del hornero
2026-06-01,2026-W23,provincial,EL INDEPENDIENTE,La Rioja,NOA,La Rioja,https://www.elindependiente.com.ar,Ni Una Menos La Rioja ejecuta actividades rumbo al 3J
2026-06-01,2026-W23,provincial,EL INDEPENDIENTE,La Rioja,NOA,La Rioja,https://www.elindependiente.com.ar,Efemérides del 1 de junio: ¿Qué pasó un día como hoy?
2026-06-01,2026-W23,provincial,EL INDEPENDIENTE,La Rioja,NOA,La Rioja,https://www.elindependiente.com.ar,Anuncian un lunes con cielo algo nublado
2026-06-01,2026-W23,provincial,EL INDEPENDIENTE,La Rioja,NOA,La Rioja,https://www.elindependiente.com.ar,Iván Cepeda también cuestiona los resultados preliminares en Colombia
2026-06-01,2026-W23,provincial,EL INDEPENDIENTE,La Rioja,NOA,La Rioja,https://www.elindependiente.com.ar,"Con el ""fondo"" de olla"
2026-06-01,2026-W23,provincial,EL INDEPENDIENTE,La Rioja,NOA,La Rioja,https://www.elindependiente.com.ar,Gobierno posterga al 1 de julio la aplicación plena de impuestos a los combustibles
2026-06-01,2026-W23,provincial,EL INDEPENDIENTE,La Rioja,NOA,La Rioja,https://www.elindependiente.com.ar,"Asignaron a Transporte el control de Uber, Cabify, Rappi y otras plataformas digitales"
2026-06-01,2026-W23,provincial,EL INDEPENDIENTE,La Rioja,NOA,La Rioja,https://www.elindependiente.com.ar,Dua Lipa y Callum Turner se casaron en Londres
2026-06-01,2026-W23,provincial,EL INDEPENDIENTE,La Rioja,NOA,La Rioja,https://www.elindependiente.com.ar,Ángela Torres pidió justicia por el crimen de Agostina Vega
2026-06-01,2026-W23,provincial,EL INDEPENDIENTE,La Rioja,NOA,La Rioja,https://www.elindependiente.com.ar,Llega una nueva edición de Creamfields Argentina a Buenos Aires
2026-06-01,2026-W23,provincial,EL INDEPENDIENTE,La Rioja,NOA,La Rioja,https://www.elindependiente.com.ar,Ricardo Arjona: las entradas para el 6 de julio ya están a la venta
2026-06-01,2026-W23,provincial,EL INDEPENDIENTE,La Rioja,NOA,La Rioja,https://www.elindependiente.com.ar,Ángela Torres agregó nueva fecha para su segundo Movistar Arena
2026-06-01,2026-W23,provincial,EL INDEPENDIENTE,La Rioja,NOA,La Rioja,https://www.elindependiente.com.ar,Reforma laboral: el Gobierno reglamentó el fondo para financiar indemnizaciones
2026-06-01,2026-W23,provincial,EL INDEPENDIENTE,La Rioja,NOA,La Rioja,https://www.elindependiente.com.ar,La Rioja entre las provincias que registró mayor baja en venta de combustible en abril
2026-06-01,2026-W23,provincial,EL INDEPENDIENTE,La Rioja,NOA,La Rioja,https://www.elindependiente.com.ar,El Paseo de Los Sauces continúa creciendo y ya recibió a más de 50 mil visitantes
2026-06-01,2026-W23,provincial,EL INDEPENDIENTE,La Rioja,NOA,La Rioja,https://www.elindependiente.com.ar,La Rioja expuso a nivel nacional sus herramientas de gestión en salud adolescente
2026-06-01,2026-W23,provincial,EL INDEPENDIENTE,La Rioja,NOA,La Rioja,https://www.elindependiente.com.ar,Las principales noticias de la semana que pasó
2026-06-01,2026-W23,provincial,EL INDEPENDIENTE,La Rioja,NOA,La Rioja,https://www.elindependiente.com.ar,Adorni se pone como plazo el 15 de junio para presentar su declaración jurada
2026-06-01,2026-W23,provincial,EL INDEPENDIENTE,La Rioja,NOA,La Rioja,https://www.elindependiente.com.ar,Diputados buscan impulsar el jury a fiscales del caso Agostina Vega
2026-06-01,2026-W23,provincial,EL INDEPENDIENTE,La Rioja,NOA,La Rioja,https://www.elindependiente.com.ar,La Iglesia profundizó sus críticas a la política migratoria y desafió al Gobierno
2026-06-01,2026-W23,provincial,EL INDEPENDIENTE,La Rioja,NOA,La Rioja,https://www.elindependiente.com.ar,Encontraron muerto a un hombre que era intensamente buscado
2026-06-01,2026-W23,provincial,EL INDEPENDIENTE,La Rioja,NOA,La Rioja,https://www.elindependiente.com.ar,"""Barrelier reconoció que Agostina es la del video"", sostuvo su defensor"
2026-06-01,2026-W23,provincial,EL INDEPENDIENTE,La Rioja,NOA,La Rioja,https://www.elindependiente.com.ar,Desbarataron una organización ilícita de hackers que operaba en La Rioja
2026-06-01,2026-W23,provincial,EL INDEPENDIENTE,La Rioja,NOA,La Rioja,https://www.elindependiente.com.ar,Claudio Úbeda dejó de ser el entrenador de Boca
2026-06-01,2026-W23,provincial,EL INDEPENDIENTE,La Rioja,NOA,La Rioja,https://www.elindependiente.com.ar,La Selección argentina se prepara para el Mundial 2026: cuándo son los amistosos
2026-06-01,2026-W23,provincial,EL INDEPENDIENTE,La Rioja,NOA,La Rioja,https://www.elindependiente.com.ar,Roland Garros: Cerúndolo enfrenta a Berrettini buscando un pase a cuartos de final
2026-06-01,2026-W23,provincial,EL INDEPENDIENTE,La Rioja,NOA,La Rioja,https://www.elindependiente.com.ar,La actualidad de los jugadores argentinos lesionados que irán al Mundial 2026
2026-06-01,2026-W23,provincial,EL INDEPENDIENTE,La Rioja,NOA,La Rioja,https://www.elindependiente.com.ar,Elecciones en Colombia: Milei felicitó a De La Espriella
2026-06-01,2026-W23,provincial,EL INDEPENDIENTE,La Rioja,NOA,La Rioja,https://www.elindependiente.com.ar,"Gustavo Petro no reconoce los resultados de Colombia: ""Como presidente no los acepto"""
2026-06-01,2026-W23,provincial,EL INDEPENDIENTE,La Rioja,NOA,La Rioja,https://www.elindependiente.com.ar,"Los robots impresionan a la sociedad en China, con múltiples actividades"
2026-06-01,2026-W23,provincial,NUEVA RIOJA,La Rioja,NOA,La Rioja,https://www.nuevarioja.com.ar,Gobernadores del Norte Grande se reúnen tras cambios en zonas frías
2026-06-01,2026-W23,provincial,NUEVA RIOJA,La Rioja,NOA,La Rioja,https://www.nuevarioja.com.ar,Caso Agostina: Ni Una Menos Córdoba pedirá el jury contra el fiscal y la destitución del ministro de seguridad
2026-06-01,2026-W23,provincial,NUEVA RIOJA,La Rioja,NOA,La Rioja,https://www.nuevarioja.com.ar,Claudio Úbeda dejó de ser el entrenador de Boca Juniors
2026-06-01,2026-W23,provincial,NUEVA RIOJA,La Rioja,NOA,La Rioja,https://www.nuevarioja.com.ar,El Gobierno reglamentó diversos capítulos de la reforma laboral
2026-06-01,2026-W23,provincial,NUEVA RIOJA,La Rioja,NOA,La Rioja,https://www.nuevarioja.com.ar,Crimen de Agostina Vega : los estremecedores detalles del hallazgo del cuerpo en Ampliación Ferreyra
2026-06-01,2026-W23,provincial,NUEVA RIOJA,La Rioja,NOA,La Rioja,https://www.nuevarioja.com.ar,San Francisco goleó y se metió en la final del Torneo Provincial
2026-06-01,2026-W23,provincial,NUEVA RIOJA,La Rioja,NOA,La Rioja,https://www.nuevarioja.com.ar,Un proyecto riojano fue seleccionado por Netflix y la Academia de Cine para impulsar nuevas series argentinas
2026-06-01,2026-W23,provincial,NUEVA RIOJA,La Rioja,NOA,La Rioja,https://www.nuevarioja.com.ar,"Dos menores iban en una moto, chocaron con un automóvil y una de ellas sufrió heridas"
2026-06-01,2026-W23,provincial,NUEVA RIOJA,La Rioja,NOA,La Rioja,https://www.nuevarioja.com.ar,Reintegran a su hábitat a un flamenco rescatado por una familia de Famatina
2026-06-01,2026-W23,provincial,NUEVA RIOJA,La Rioja,NOA,La Rioja,https://www.nuevarioja.com.ar,Últimas noticias
2026-06-01,2026-W23,provincial,NUEVA RIOJA,La Rioja,NOA,La Rioja,https://www.nuevarioja.com.ar,El Paseo de Los Sauces continúa creciendo y ya recibió a más de 50 mil visitantes
2026-06-01,2026-W23,provincial,NUEVA RIOJA,La Rioja,NOA,La Rioja,https://www.nuevarioja.com.ar,Dos heridos tras un nuevo choque entre un automóvil y una motocicleta
2026-06-01,2026-W23,provincial,NUEVA RIOJA,La Rioja,NOA,La Rioja,https://www.nuevarioja.com.ar,"Robó en una farmacia, escapó en moto y terminó preso tras caer de su rodado"
2026-06-01,2026-W23,provincial,NUEVA RIOJA,La Rioja,NOA,La Rioja,https://www.nuevarioja.com.ar,La Justicia ordenó la detención de un policía por incumplimiento a restricciones
2026-06-01,2026-W23,provincial,NUEVA RIOJA,La Rioja,NOA,La Rioja,https://www.nuevarioja.com.ar,Vialidad Provincial intensifica tareas de conservación y mejora vial
2026-06-01,2026-W23,provincial,NUEVA RIOJA,La Rioja,NOA,La Rioja,https://www.nuevarioja.com.ar,Boxeo: Lapidaria victoria de Contreras en la FAB
2026-06-01,2026-W23,provincial,NUEVA RIOJA,La Rioja,NOA,La Rioja,https://www.nuevarioja.com.ar,Andino goleó en Vargas y es finalista del Torneo Provincial de Clubes
2026-06-01,2026-W23,provincial,NUEVA RIOJA,La Rioja,NOA,La Rioja,https://www.nuevarioja.com.ar,La Rioja trabaja en la elaboración de un inventario provincial de glaciares
2026-06-01,2026-W23,provincial,NUEVA RIOJA,La Rioja,NOA,La Rioja,https://www.nuevarioja.com.ar,Chocó contra un vehículo que esperaba el paso del semáforo y dio positivo de alcoholemia
2026-06-01,2026-W23,provincial,NUEVA RIOJA,La Rioja,NOA,La Rioja,https://www.nuevarioja.com.ar,Camino a la gran escala: Vicuña activa operaciones las 24 horas para consolidar sus trabajos tempranos
2026-06-01,2026-W23,provincial,NUEVA RIOJA,La Rioja,NOA,La Rioja,https://www.nuevarioja.com.ar,La Policía de La Rioja realizó operativos de prevención en diferentes puntos de la provincia
2026-06-01,2026-W23,provincial,NUEVA RIOJA,La Rioja,NOA,La Rioja,https://www.nuevarioja.com.ar,La UNLaR anunció más pasantías rentadas
2026-06-01,2026-W23,provincial,NUEVA RIOJA,La Rioja,NOA,La Rioja,https://www.nuevarioja.com.ar,Vialidad Nacional licitará los trabajos en Ruta Nacional 38 y 79
2026-06-01,2026-W23,provincial,NUEVA RIOJA,La Rioja,NOA,La Rioja,https://www.nuevarioja.com.ar,Rugby: Contundente triunfo de Chelcos en el clásico riojano
2026-06-01,2026-W23,provincial,NUEVA RIOJA,La Rioja,NOA,La Rioja,https://www.nuevarioja.com.ar,El secreto mejor guardado de La Rioja que la ONU quiere premiar ante los ojos del mundo
2026-06-01,2026-W23,provincial,NUEVA RIOJA,La Rioja,NOA,La Rioja,https://www.nuevarioja.com.ar,La Rioja será sede por primera vez del Torneo Itinerante de Natación de ocho horas continuas
2026-06-01,2026-W23,provincial,NUEVA RIOJA,La Rioja,NOA,La Rioja,https://www.nuevarioja.com.ar,El Gobierno Provincial trabaja en un plan de desendeudamiento para estatales
2026-06-01,2026-W23,provincial,NUEVA RIOJA,La Rioja,NOA,La Rioja,https://www.nuevarioja.com.ar,Fútbol de Chilecito: Los Andes aplastó a Los Chuyos con el regreso goleador del Coreano Páez
2026-06-01,2026-W23,provincial,NUEVA RIOJA,La Rioja,NOA,La Rioja,https://www.nuevarioja.com.ar,Fútbol: Andino - Alas completan la fecha
2026-06-01,2026-W23,provincial,NUEVA RIOJA,La Rioja,NOA,La Rioja,https://www.nuevarioja.com.ar,Triunfazo de Unión en Vichigasta y es puntero en la Zona B
2026-06-01,2026-W23,provincial,NUEVA RIOJA,La Rioja,NOA,La Rioja,https://www.nuevarioja.com.ar,Hospital Escuela destacó avances en su primer año de gestión
2026-06-01,2026-W23,provincial,NUEVA RIOJA,La Rioja,NOA,La Rioja,https://www.nuevarioja.com.ar,Newell's de Chilecito empató con Joaquín en Nonogasta
2026-06-01,2026-W23,provincial,NUEVA RIOJA,La Rioja,NOA,La Rioja,https://www.nuevarioja.com.ar,Una nueva regla de la FIFA se aplicó en un amistoso y será toda una revolución en el Mundial 2026
2026-06-01,2026-W23,provincial,NUEVA RIOJA,La Rioja,NOA,La Rioja,https://www.nuevarioja.com.ar,Sorpresa en Gran Hermano: Gladys “La Bomba Tucumana” abandonó la casa y Sol regresó al reality
2026-06-01,2026-W23,provincial,NUEVA RIOJA,La Rioja,NOA,La Rioja,https://www.nuevarioja.com.ar,Motociclista chocó en Chepes y dio positivo de alcoholemia
2026-06-01,2026-W23,provincial,NUEVA RIOJA,La Rioja,NOA,La Rioja,https://www.nuevarioja.com.ar,¡Dos veces campeón de la Champions League: el Paris Saint-Germain confirma su estatus como la mejor dinastía del fútbol junto a 1xBet!
2026-06-01,2026-W23,provincial,NUEVA RIOJA,La Rioja,NOA,La Rioja,https://www.nuevarioja.com.ar,¿Elijo creer? El místico detalle en la habitación de Lionel Messi en Kansas que ilusiona a todos
2026-06-01,2026-W23,provincial,NUEVA RIOJA,La Rioja,NOA,La Rioja,https://www.nuevarioja.com.ar,Messi afronta su sexto Mundial: llegó a Kansas y se suma a la delegación
2026-06-01,2026-W23,provincial,NUEVA RIOJA,La Rioja,NOA,La Rioja,https://www.nuevarioja.com.ar,Estrella Roja no lo aguantó y NOB se lo igualó en Sañogasta
2026-06-01,2026-W23,provincial,NUEVA RIOJA,La Rioja,NOA,La Rioja,https://www.nuevarioja.com.ar,La actividad económica se estancó en abril
2026-06-01,2026-W23,provincial,NUEVA RIOJA,La Rioja,NOA,La Rioja,https://www.nuevarioja.com.ar,La interna del Gobierno se profundiza: las posturas en pugna por el vínculo con las provincias
2026-06-01,2026-W23,provincial,NUEVA RIOJA,La Rioja,NOA,La Rioja,https://www.nuevarioja.com.ar,"Alquileres, transporte, salud, servicios y educación: todos los aumentos que rigen desde junio"
2026-06-01,2026-W23,provincial,NUEVA RIOJA,La Rioja,NOA,La Rioja,https://www.nuevarioja.com.ar,La Iglesia criticó la política migratoria nacional y mantiene la tensión con el Gobierno
2026-06-01,2026-W23,provincial,NUEVA RIOJA,La Rioja,NOA,La Rioja,https://www.nuevarioja.com.ar,"Universidad, transformación tecnológica y desarrollo nacional"
2026-06-01,2026-W23,provincial,NUEVA RIOJA,La Rioja,NOA,La Rioja,https://www.nuevarioja.com.ar,Regular la inteligencia artificial: una decisión que La Rioja no puede mirar de costado
2026-06-01,2026-W23,provincial,NUEVA RIOJA,La Rioja,NOA,La Rioja,https://www.nuevarioja.com.ar,Concejo Deliberante avanzó en obras y pedidos vecinales
2026-06-01,2026-W23,provincial,NUEVA RIOJA,La Rioja,NOA,La Rioja,https://www.nuevarioja.com.ar,Internacionales
2026-06-01,2026-W23,provincial,NUEVA RIOJA,La Rioja,NOA,La Rioja,https://www.nuevarioja.com.ar,Irán endureció su postura y advirtió que no firmará un acuerdo con Estados Unidos sin garantías concretas
2026-06-01,2026-W23,provincial,NUEVA RIOJA,La Rioja,NOA,La Rioja,https://www.nuevarioja.com.ar,Elecciones en Colombia: los primeros resultados muestran una extrema paridad entre dos candidatos
2026-06-01,2026-W23,provincial,NUEVA RIOJA,La Rioja,NOA,La Rioja,https://www.nuevarioja.com.ar,Ángela Torres pidió justicia por el crimen de Agostina Vega y se sumó al reclamo de distintas artistas
2026-06-01,2026-W23,provincial,RIOJA VIRTUAL,La Rioja,NOA,La Rioja,https://www.riojavirtual.com.ar,LA RIOJA MARCHARÁ OTRA VEZ POR ‘NI UNA MENOS’: TODOS LOS DETALLES
2026-06-01,2026-W23,provincial,RIOJA VIRTUAL,La Rioja,NOA,La Rioja,https://www.riojavirtual.com.ar,REFORMA LABORAL. SE REGLAMENTÓ EL NUEVO SISTEMA DE INDEMNIZACIONES
2026-06-01,2026-W23,provincial,RIOJA VIRTUAL,La Rioja,NOA,La Rioja,https://www.riojavirtual.com.ar,PROYECTO AUDIOVISUAL RIOJANO FUE SELECCIONADO POR NETFLIX Y PODRÍA CONVERTIRSE EN SERIE
2026-06-01,2026-W23,provincial,RIOJA VIRTUAL,La Rioja,NOA,La Rioja,https://www.riojavirtual.com.ar,PESE AL VERANO LLUVIOSO SE MANTIENE LA EMERGENCIA HÍDRICA EN LA CAPITAL
2026-06-01,2026-W23,provincial,RIOJA VIRTUAL,La Rioja,NOA,La Rioja,https://www.riojavirtual.com.ar,BOCA ECHÓ A UBEDA. LOS MOTIVOS DE SU SALIDA Y EL DESAFÍO QUE AHORA AFRONTA RIQUELME
2026-06-01,2026-W23,provincial,RIOJA VIRTUAL,La Rioja,NOA,La Rioja,https://www.riojavirtual.com.ar,SALARIOS 2026. LAS EMPRESAS PROYECTAN AUMENTOS DEL 26% PERO EL PODER ADQUISITIVO SEGUIRÁ EN CAÍDA
2026-06-01,2026-W23,provincial,RIOJA VIRTUAL,La Rioja,NOA,La Rioja,https://www.riojavirtual.com.ar,ELECCIONES EN COLOMBIA. HABRÁ SEGUNDA VUELTA ENTRE ABELARDO DE LA ESPRIELLA E IVÁN DE CEPEDA
2026-06-01,2026-W23,provincial,RIOJA VIRTUAL,La Rioja,NOA,La Rioja,https://www.riojavirtual.com.ar,¡Cargando por favor esperar!
2026-06-01,2026-W23,provincial,EL TRIBUNO,Salta,NOA,Salta,https://www.eltribuno.com,Noticias de interés general actualizadas 24HS
2026-06-01,2026-W23,provincial,EL TRIBUNO,Salta,NOA,Salta,https://www.eltribuno.com,"Crimen de Agostina Vega: asfixia, extrema violencia e indicios sobre abuso sexual, lo que reveló la autopsia preliminar"
2026-06-01,2026-W23,provincial,EL TRIBUNO,Salta,NOA,Salta,https://www.eltribuno.com,Barrio Juan Manuel de Rosas: prisión preventiva para el hombre que embistió a un adolescente al que le amputaron una pierna
2026-06-01,2026-W23,provincial,EL TRIBUNO,Salta,NOA,Salta,https://www.eltribuno.com,Detienen a un supuesto abogado vinculado a la estafa de lotes inhabitables en Atocha
2026-06-01,2026-W23,provincial,EL TRIBUNO,Salta,NOA,Salta,https://www.eltribuno.com,Nación reglamentó los cambios en el recibo de sueldo: ¿Cuáles son las modificaciones?
2026-06-01,2026-W23,provincial,EL TRIBUNO,Salta,NOA,Salta,https://www.eltribuno.com,Confirmado: el exfiscal José Luis Bruno no irá a la cárcel y tendrá un retiro acomodado
2026-06-01,2026-W23,provincial,EL TRIBUNO,Salta,NOA,Salta,https://www.eltribuno.com,"Por el recorte del servicio nocturno de Saeta, Educación cambia los horarios de las clases nocturnas"
2026-06-01,2026-W23,provincial,EL TRIBUNO,Salta,NOA,Salta,https://www.eltribuno.com,Recortes del transporte nocturno: la decisión política sobre una crisis que quisieron ocultar
2026-06-01,2026-W23,provincial,EL TRIBUNO,Salta,NOA,Salta,https://www.eltribuno.com,"Omar Exeni: ""Más de la mitad de las familias, con deudas"""
2026-06-01,2026-W23,provincial,EL TRIBUNO,Salta,NOA,Salta,https://www.eltribuno.com,Cuántos feriados tiene junio y cómo se toma el 17 en Salta por el fallecimiento de Güemes
2026-06-01,2026-W23,provincial,EL TRIBUNO,Salta,NOA,Salta,https://www.eltribuno.com,La Orquesta Sinfónica vuelve a acercar la música clásica
2026-06-01,2026-W23,provincial,EL TRIBUNO,Salta,NOA,Salta,https://www.eltribuno.com,Reforma laboral: qué es el Fondo de Asistencia Laboral para las indemnizaciones
2026-06-01,2026-W23,provincial,EL TRIBUNO,Salta,NOA,Salta,https://www.eltribuno.com,Isonza: escuela y comunidad sin acceso al agua segura
2026-06-01,2026-W23,provincial,EL TRIBUNO,Salta,NOA,Salta,https://www.eltribuno.com,Joven mujer quemada tras una juntada
2026-06-01,2026-W23,provincial,EL TRIBUNO,Salta,NOA,Salta,https://www.eltribuno.com,Valiente rescate de interfuerzas sobre un puente ferroviario
2026-06-01,2026-W23,provincial,EL TRIBUNO,Salta,NOA,Salta,https://www.eltribuno.com,Lollapalooza Argentina 2027: cuándo será y todo sobre la venta de los Early Bird
2026-06-01,2026-W23,provincial,EL TRIBUNO,Salta,NOA,Salta,https://www.eltribuno.com,Más de 7 años de prisión para un hombre que abusó sexualmente de un adolescente en barrio Costanera
2026-06-01,2026-W23,provincial,EL TRIBUNO,Salta,NOA,Salta,https://www.eltribuno.com,Claudio Úbeda dejó de ser el entrenador de Boca
2026-06-01,2026-W23,provincial,EL TRIBUNO,Salta,NOA,Salta,https://www.eltribuno.com,La UNSa resolvió que las clases presenciales finalicen a las 21 debido al recorte del servicio de nocturno de Saeta
2026-06-01,2026-W23,provincial,EL TRIBUNO,Salta,NOA,Salta,https://www.eltribuno.com,Tubonor abrió un coworking único en Salta para capacitar
2026-06-01,2026-W23,provincial,EL TRIBUNO,Salta,NOA,Salta,https://www.eltribuno.com,¡Suscribite al Club y jugá al Prode Mundial!
2026-06-01,2026-W23,provincial,EL TRIBUNO,Salta,NOA,Salta,https://www.eltribuno.com,Cómo registrarte y cargar tus pronósticos
2026-06-01,2026-W23,provincial,EL TRIBUNO,Salta,NOA,Salta,https://www.eltribuno.com,Los premios que podés ganar en el Prode
2026-06-01,2026-W23,provincial,EL TRIBUNO,Salta,NOA,Salta,https://www.eltribuno.com,Nuevo Casino Alberdi revoluciona junio con premios millonarios y mística mundialista
2026-06-01,2026-W23,provincial,EL TRIBUNO,Salta,NOA,Salta,https://www.eltribuno.com,"Salta, capital latinoamericana de la ciencia espacial con la II Conferencia de la IAA"
2026-06-01,2026-W23,provincial,EL TRIBUNO,Salta,NOA,Salta,https://www.eltribuno.com,Recapturaron a uno de los detenidos que se escapó de una Comisaría en Embarcación
2026-06-01,2026-W23,provincial,EL TRIBUNO,Salta,NOA,Salta,https://www.eltribuno.com,Escala el conflicto en Los Blancos: para resolver la toma de escuela mandaron a la Policía
2026-06-01,2026-W23,provincial,EL TRIBUNO,Salta,NOA,Salta,https://www.eltribuno.com,Lanzarán un globo hacia la estratosfera desde la Puna salteña
2026-06-01,2026-W23,provincial,EL TRIBUNO,Salta,NOA,Salta,https://www.eltribuno.com,Las críticas de la Iglesia al Gobierno y el complejo vínculo ante la potencial visita del Papa
2026-06-01,2026-W23,provincial,EL TRIBUNO,Salta,NOA,Salta,https://www.eltribuno.com,"Salteños por el mundo: Lorena, junto a un grupo argentinos, se prepara para el debut de la Selección en Kansas"
2026-06-01,2026-W23,provincial,EL TRIBUNO,Salta,NOA,Salta,https://www.eltribuno.com,Asesinaron a un comerciante cerca de Pampa Blanca
2026-06-01,2026-W23,provincial,EL TRIBUNO,Salta,NOA,Salta,https://www.eltribuno.com,Se agrava la interna en el Gobierno: las dos posturas en pugna por el vínculo con las provincias
2026-06-01,2026-W23,provincial,EL TRIBUNO,Salta,NOA,Salta,https://www.eltribuno.com,El Gobierno busca salvar una sesión clave en el Senado
2026-06-01,2026-W23,provincial,EL TRIBUNO,Salta,NOA,Salta,https://www.eltribuno.com,Becas municipales para 80 alumnos
2026-06-01,2026-W23,provincial,EL TRIBUNO,Salta,NOA,Salta,https://www.eltribuno.com,Hablemos de lo que viene - Comer en el siglo XXI
2026-06-01,2026-W23,provincial,EL TRIBUNO,Salta,NOA,Salta,https://www.eltribuno.com,"Del ambiente a la economía: el clima decide quién accede a crédito, inversión y seguros"
2026-06-01,2026-W23,provincial,EL TRIBUNO,Salta,NOA,Salta,https://www.eltribuno.com,El futuro de nuestra alimentación está en la diversidad
2026-06-01,2026-W23,provincial,EL TRIBUNO,Salta,NOA,Salta,https://www.eltribuno.com,Del vapor a los datos: la evolución que ya cambió la comida
2026-06-01,2026-W23,provincial,EL TRIBUNO,Salta,NOA,Salta,https://www.eltribuno.com,Redescubrir las plantas para comprender mejor lo que comemos
2026-06-01,2026-W23,provincial,EL TRIBUNO,Salta,NOA,Salta,https://www.eltribuno.com,"El clima, desperdicio y tecnología: la alimentación en 2050"
2026-06-01,2026-W23,provincial,EL TRIBUNO,Salta,NOA,Salta,https://www.eltribuno.com,PRECYT: soluciones para crecer seguro
2026-06-01,2026-W23,provincial,EL TRIBUNO,Salta,NOA,Salta,https://www.eltribuno.com,"Las abejas, custodias de la seguridad alimentaria"
2026-06-01,2026-W23,provincial,EL TRIBUNO,Salta,NOA,Salta,https://www.eltribuno.com,Piden que el tabaco calentado quede gravado y con aportes para el FET
2026-06-01,2026-W23,provincial,EL TRIBUNO,Salta,NOA,Salta,https://www.eltribuno.com,"Lo que dejó un nuevo encuentro de ""Hablemos de lo que viene"": repercusiones y buenas sensaciones"
2026-06-01,2026-W23,provincial,EL TRIBUNO,Salta,NOA,Salta,https://www.eltribuno.com,Cofruthos busca alternativas ecológicas y sociales para sus residuos orgánicos
2026-06-01,2026-W23,provincial,EL TRIBUNO,Salta,NOA,Salta,https://www.eltribuno.com,El Tribuno Campo
2026-06-01,2026-W23,provincial,EL TRIBUNO,Salta,NOA,Salta,https://www.eltribuno.com,Asociarse para ganar mercados
2026-06-01,2026-W23,provincial,EL TRIBUNO,Salta,NOA,Salta,https://www.eltribuno.com,Maravillas de la vida animal: nacidos para pelear o trabajar
2026-06-01,2026-W23,provincial,EL TRIBUNO,Salta,NOA,Salta,https://www.eltribuno.com,Parásitos que afectan la producción ganadera
2026-06-01,2026-W23,provincial,EL TRIBUNO,Salta,NOA,Salta,https://www.eltribuno.com,"""La única forma de que la genética se exprese es con buen manejo y confort"""
2026-06-01,2026-W23,provincial,NUEVO DIARIO,Salta,NOA,Salta,https://www.nuevodiariodesalta.com.ar,Nuevo Diario de Salta | El diario chiquito | Salta y Argentina
2026-06-01,2026-W23,provincial,NUEVO DIARIO,Salta,NOA,Salta,https://www.nuevodiariodesalta.com.ar,Morillo se suma al debate del Corredor Bioceánico y reclama participación de comunidades locales
2026-06-01,2026-W23,provincial,NUEVO DIARIO,Salta,NOA,Salta,https://www.nuevodiariodesalta.com.ar,El Galpón insiste con mejorar rutas provinciales y pone a disposición recursos propios
2026-06-01,2026-W23,provincial,NUEVO DIARIO,Salta,NOA,Salta,https://www.nuevodiariodesalta.com.ar,Vecinos de Cerrillos avanzan hacia la titularidad definitiva de sus hogares
2026-06-01,2026-W23,provincial,NUEVO DIARIO,Salta,NOA,Salta,https://www.nuevodiariodesalta.com.ar,Incendio en una playa de camiones de General Güemes: se quemó un semirremolque
2026-06-01,2026-W23,provincial,NUEVO DIARIO,Salta,NOA,Salta,https://www.nuevodiariodesalta.com.ar,Molinos celebró los 200 años de su iglesia y Cargnello llamó a ser “constructores de armonía y paz”
2026-06-01,2026-W23,provincial,NUEVO DIARIO,Salta,NOA,Salta,https://www.nuevodiariodesalta.com.ar,Realizan una intervención histórica para preservar el Acta Fundacional de Orán
2026-06-01,2026-W23,provincial,NUEVO DIARIO,Salta,NOA,Salta,https://www.nuevodiariodesalta.com.ar,La Iglesia argentina espera la visita del Papa León XIV y Salta podría estar entre los destinos posibles
2026-06-01,2026-W23,provincial,NUEVO DIARIO,Salta,NOA,Salta,https://www.nuevodiariodesalta.com.ar,El “Pincha” sorprendió a Rosario Central y avanza en la Copa Argentina
2026-06-01,2026-W23,provincial,NUEVO DIARIO,Salta,NOA,Salta,https://www.nuevodiariodesalta.com.ar,"Agostina: no solo la mató, sino que dejó su cuerpo en dos bolsas"
2026-06-01,2026-W23,provincial,NUEVO DIARIO,Salta,NOA,Salta,https://www.nuevodiariodesalta.com.ar,"El campeón argentino, Belgrano de Córdoba, avanzó a octavos en Copa Argentina"
2026-06-01,2026-W23,provincial,NUEVO DIARIO,Salta,NOA,Salta,https://www.nuevodiariodesalta.com.ar,La Justicia avanza con el peritaje de los audios que involucran al exdirector de la ANDIS
2026-06-01,2026-W23,provincial,NUEVO DIARIO,Salta,NOA,Salta,https://www.nuevodiariodesalta.com.ar,La “Scaloneta” tendrá hoy su primera práctica pensando en los amistosos pre mundial
2026-06-01,2026-W23,provincial,NUEVO DIARIO,Salta,NOA,Salta,https://www.nuevodiariodesalta.com.ar,"En el Campeonato Iberoamericano de Atletismo, Damico se colgó dos medallas"
2026-06-01,2026-W23,provincial,NUEVO DIARIO,Salta,NOA,Salta,https://www.nuevodiariodesalta.com.ar,"Por penales, el PSG se coronó bicampeón de la Champions League en Hungría"
2026-06-01,2026-W23,provincial,NUEVO DIARIO,Salta,NOA,Salta,https://www.nuevodiariodesalta.com.ar,Histórico: Juan Manuel Cerúndolo avanzó a octavos de Roland Garros
2026-06-01,2026-W23,provincial,NUEVO DIARIO,Salta,NOA,Salta,https://www.nuevodiariodesalta.com.ar,"Gimnasia y Tiro, de visita, sacó un punto valioso ante el líder Atlanta"
2026-06-01,2026-W23,provincial,NUEVO DIARIO,Salta,NOA,Salta,https://www.nuevodiariodesalta.com.ar,La suspensión nocturna de SAETA afecta a miles de estudiantes
2026-06-01,2026-W23,provincial,NUEVO DIARIO,Salta,NOA,Salta,https://www.nuevodiariodesalta.com.ar,Uranio en Salta: Cornejo pidió “informarse más” y defendió su proyecto
2026-06-01,2026-W23,provincial,NUEVO DIARIO,Salta,NOA,Salta,https://www.nuevodiariodesalta.com.ar,Acampe y vigilia para comprar entradas para Tini
2026-06-01,2026-W23,provincial,NUEVO DIARIO,Salta,NOA,Salta,https://www.nuevodiariodesalta.com.ar,El Senado salteño homenajeó a las Voces de Oran por sus 50 años
2026-06-01,2026-W23,provincial,NUEVO DIARIO,Salta,NOA,Salta,https://www.nuevodiariodesalta.com.ar,Accidente Hinchas de Central
2026-06-01,2026-W23,provincial,NUEVO DIARIO,Salta,NOA,Salta,https://www.nuevodiariodesalta.com.ar,Nuevo Diario de Salta festejó sus 20 años en familia.
2026-06-01,2026-W23,provincial,NUEVO DIARIO,Salta,NOA,Salta,https://www.nuevodiariodesalta.com.ar,Incidentes en la Popular Norte de la parcialidad de Central Norte
2026-06-01,2026-W23,provincial,NUEVO DIARIO,Salta,NOA,Salta,https://www.nuevodiariodesalta.com.ar,El Pilcomayo está a punto de llevarse una casa en Santa Victoria Este
2026-06-01,2026-W23,provincial,NUEVO DIARIO,Salta,NOA,Salta,https://www.nuevodiariodesalta.com.ar,Crecida del Rio Pilcomayo en Santa Victoria Este
2026-06-01,2026-W23,provincial,NUEVO DIARIO,Salta,NOA,Salta,https://www.nuevodiariodesalta.com.ar,"Así agredían al periodista de Pichanal, Gustavo Mendieta"
2026-06-01,2026-W23,provincial,NUEVO DIARIO,Salta,NOA,Salta,https://www.nuevodiariodesalta.com.ar,Interés general
2026-06-01,2026-W23,provincial,NUEVO DIARIO,Salta,NOA,Salta,https://www.nuevodiariodesalta.com.ar,Últimas noticias
2026-06-01,2026-W23,provincial,NUEVO DIARIO,Salta,NOA,Salta,https://www.nuevodiariodesalta.com.ar,Deporte Ver más
2026-06-01,2026-W23,provincial,NUEVO DIARIO,Salta,NOA,Salta,https://www.nuevodiariodesalta.com.ar,Interés general Ver más
2026-06-01,2026-W23,provincial,NUEVO DIARIO,Salta,NOA,Salta,https://www.nuevodiariodesalta.com.ar,La fiscalía ordenó la detención de Celayeta por riesgo de suicidio
2026-06-01,2026-W23,provincial,NUEVO DIARIO,Salta,NOA,Salta,https://www.nuevodiariodesalta.com.ar,Ameal y su par de Fluminense sellaron la pipa de la paz
2026-06-01,2026-W23,provincial,NUEVO DIARIO,Salta,NOA,Salta,https://www.nuevodiariodesalta.com.ar,Aguas del Norte en apuros por las altas temperaturas y sequía
2026-06-01,2026-W23,provincial,NUEVO DIARIO,Salta,NOA,Salta,https://www.nuevodiariodesalta.com.ar,Despiden los restos del actor y humorista Enrique Pinti en el Multiteatro
2026-06-01,2026-W23,provincial,NUEVO DIARIO,Salta,NOA,Salta,https://www.nuevodiariodesalta.com.ar,"Como era previsible, la Defensa de los Castedo solicitó su absolución"
2026-06-01,2026-W23,provincial,NUEVO DIARIO,Salta,NOA,Salta,https://www.nuevodiariodesalta.com.ar,Multimedia 1 / 8 Videos
2026-06-01,2026-W23,provincial,NUEVO DIARIO,Salta,NOA,Salta,https://www.nuevodiariodesalta.com.ar,Horario de atención
2026-06-01,2026-W23,provincial,NUEVO DIARIO,Salta,NOA,Salta,https://www.nuevodiariodesalta.com.ar,Más noticias Salta País Mundo Deporte Interés general Licitaciones Obituario Clasificados
2026-06-01,2026-W23,provincial,NUEVO DIARIO,Salta,NOA,Salta,https://www.nuevodiariodesalta.com.ar,Salta País Mundo Deporte Interés general Licitaciones Obituario Clasificados
2026-06-01,2026-W23,provincial,NUEVO DIARIO,Salta,NOA,Salta,https://www.nuevodiariodesalta.com.ar,Pilcomayo: Crece el rechazo en el Chaco Salteño al proyecto boliviano para intervenir la cuenca alta
2026-06-01,2026-W23,provincial,NUEVO DIARIO,Salta,NOA,Salta,https://www.nuevodiariodesalta.com.ar,"Regulación de deliverys y emergencia para deudores, los temas que tratarán en Diputados"
2026-06-01,2026-W23,provincial,NUEVO DIARIO,Salta,NOA,Salta,https://www.nuevodiariodesalta.com.ar,Imputarán al conductor de un camión que atropelló a un menor al que debieron amputar
2026-06-01,2026-W23,provincial,EL LIBERAL,Santiago del Estero,NOA,Santiago del Estero,https://www.elliberal.com.ar,El Liberal - Diario de Santiago del Estero
2026-06-01,2026-W23,provincial,EL LIBERAL,Santiago del Estero,NOA,Santiago del Estero,https://www.elliberal.com.ar,Sumampa: una adolescente de 15 años murió tras chocar en motocicleta contra un automóvil
2026-06-01,2026-W23,provincial,EL LIBERAL,Santiago del Estero,NOA,Santiago del Estero,https://www.elliberal.com.ar,Se profundiza la crisis textil: la producción cayó fuerte y ya está más de 30% por debajo de 2023
2026-06-01,2026-W23,provincial,EL LIBERAL,Santiago del Estero,NOA,Santiago del Estero,https://www.elliberal.com.ar,SEGUI NUESTRAS REDES
2026-06-01,2026-W23,provincial,EL LIBERAL,Santiago del Estero,NOA,Santiago del Estero,https://www.elliberal.com.ar,"Desgarrador caso en Las Termas: ""Mi papá lucha contra el cáncer y casi lo matan a golpes"""
2026-06-01,2026-W23,provincial,EL LIBERAL,Santiago del Estero,NOA,Santiago del Estero,https://www.elliberal.com.ar,Tintina: motociclista adolescente choca a un perro en la ruta 92 y muere horas después
2026-06-01,2026-W23,provincial,EL LIBERAL,Santiago del Estero,NOA,Santiago del Estero,https://www.elliberal.com.ar,Termeño obliga a cerdito a beber vino tinto y termina denunciado
2026-06-01,2026-W23,provincial,EL LIBERAL,Santiago del Estero,NOA,Santiago del Estero,https://www.elliberal.com.ar,Central retoma hoy las prácticas con un mercado de pases sin grandes novedades
2026-06-01,2026-W23,provincial,EL LIBERAL,Santiago del Estero,NOA,Santiago del Estero,https://www.elliberal.com.ar,Viví el camino al Mundial 2026 con EL LIBERAL y sus fichas digitales gratuitas
2026-06-01,2026-W23,provincial,EL LIBERAL,Santiago del Estero,NOA,Santiago del Estero,https://www.elliberal.com.ar,El Gobierno Provincial y el CFI firmaron convenio para fortalecer el desarrollo productivo y el financiamiento para el sector privado
2026-06-01,2026-W23,provincial,EL LIBERAL,Santiago del Estero,NOA,Santiago del Estero,https://www.elliberal.com.ar,Los 15 jugadores que podrían dejar River en el próximo mercado de pases
2026-06-01,2026-W23,provincial,EL LIBERAL,Santiago del Estero,NOA,Santiago del Estero,https://www.elliberal.com.ar,El informe preliminar de la autopsia confirmó que Agostina Vega murió por asfixia
2026-06-01,2026-W23,provincial,EL LIBERAL,Santiago del Estero,NOA,Santiago del Estero,https://www.elliberal.com.ar,"Di Carlo anunció una profunda renovación en River: ""Van a salir unos 15 jugadores"""
2026-06-01,2026-W23,provincial,EL LIBERAL,Santiago del Estero,NOA,Santiago del Estero,https://www.elliberal.com.ar,El Gobierno afirmó que Argentina alcanzó en 2025 la menor tasa de homicidios de su historia
2026-06-01,2026-W23,provincial,EL LIBERAL,Santiago del Estero,NOA,Santiago del Estero,https://www.elliberal.com.ar,Una encuesta reveló que más del 70% de los argentinos mantiene preocupaciones económicas
2026-06-01,2026-W23,provincial,EL LIBERAL,Santiago del Estero,NOA,Santiago del Estero,https://www.elliberal.com.ar,"Los ""sueños"" que escribió Agostina Vega: quería terminar la escuela y ser psicóloga"
2026-06-01,2026-W23,provincial,EL LIBERAL,Santiago del Estero,NOA,Santiago del Estero,https://www.elliberal.com.ar,Conmoción en el Bº Saint Germés: hallan muerta a psicóloga en su cama
2026-06-01,2026-W23,provincial,EL LIBERAL,Santiago del Estero,NOA,Santiago del Estero,https://www.elliberal.com.ar,"Mujer descubre a su pequeño hijo de 1,6 años flotando en pileta de una cabaña, en La Curva"
2026-06-01,2026-W23,provincial,EL LIBERAL,Santiago del Estero,NOA,Santiago del Estero,https://www.elliberal.com.ar,Escándalo en La Banda: policía terminó preso tras protagonizar una pelea con un colega en conocido boliche
2026-06-01,2026-W23,provincial,EL LIBERAL,Santiago del Estero,NOA,Santiago del Estero,https://www.elliberal.com.ar,Lentes de farmacia: cuándo sirven y qué riesgos esconden para la salud visual
2026-06-01,2026-W23,provincial,EL LIBERAL,Santiago del Estero,NOA,Santiago del Estero,https://www.elliberal.com.ar,"""La vida es positiva"": historias de amor, esperanza y segundas oportunidades en el Día Nacional de la Donación de Órganos"
2026-06-01,2026-W23,provincial,EL LIBERAL,Santiago del Estero,NOA,Santiago del Estero,https://www.elliberal.com.ar,Un psicólogo santiagueño da las claves para vivir mejor y hacer frente a la crisis
2026-06-01,2026-W23,provincial,EL LIBERAL,Santiago del Estero,NOA,Santiago del Estero,https://www.elliberal.com.ar,Fundación Mujer: la microbiota intestinal e importancia de los probióticos y prebióticos
2026-06-01,2026-W23,provincial,EL LIBERAL,Santiago del Estero,NOA,Santiago del Estero,https://www.elliberal.com.ar,Crónicas de una pelea que nadie gana con i.a.
2026-06-01,2026-W23,provincial,EL LIBERAL,Santiago del Estero,NOA,Santiago del Estero,https://www.elliberal.com.ar,El Kun Agüero cruzó a Pablo Duggan por difundir un mensaje falso y hubo disculpas
2026-06-01,2026-W23,provincial,EL LIBERAL,Santiago del Estero,NOA,Santiago del Estero,https://www.elliberal.com.ar,Trump anunció un alto de ataques entre Israel y Hezbollah y aseguró avances con Irán
2026-06-01,2026-W23,provincial,EL LIBERAL,Santiago del Estero,NOA,Santiago del Estero,https://www.elliberal.com.ar,Renunció el presidente del Ente Nacional del Gas y la Electricidad a menos de un mes de haber asumido
2026-06-01,2026-W23,provincial,EL LIBERAL,Santiago del Estero,NOA,Santiago del Estero,https://www.elliberal.com.ar,Pretemporada en marcha: Central Córdoba puso primera
2026-06-01,2026-W23,provincial,EL LIBERAL,Santiago del Estero,NOA,Santiago del Estero,https://www.elliberal.com.ar,"Fue a buscar a su hermana al trabajo, la golpeó y terminó detenido"
2026-06-01,2026-W23,provincial,EL LIBERAL,Santiago del Estero,NOA,Santiago del Estero,https://www.elliberal.com.ar,"Bajo la lupa judicial, Adorni ultima su declaración jurada y organiza su próximo paso por el Congreso"
2026-06-01,2026-W23,provincial,EL LIBERAL,Santiago del Estero,NOA,Santiago del Estero,https://www.elliberal.com.ar,"Con perimetral incluida, liberan a la abogada acusada de llevar droga para Sebastián Corti"
2026-06-01,2026-W23,provincial,EL LIBERAL,Santiago del Estero,NOA,Santiago del Estero,https://www.elliberal.com.ar,El campeón del mundo ya está en Kansas con Messi que carga una lesión
2026-06-01,2026-W23,provincial,EL LIBERAL,Santiago del Estero,NOA,Santiago del Estero,https://www.elliberal.com.ar,"Otro triunfazo del ""Profe"" que ya es cosa seria"
2026-06-01,2026-W23,provincial,EL LIBERAL,Santiago del Estero,NOA,Santiago del Estero,https://www.elliberal.com.ar,"Maradona y Messi, unidos en un mural para celebrar los 107 años de Central Córdoba"
2026-06-01,2026-W23,provincial,EL LIBERAL,Santiago del Estero,NOA,Santiago del Estero,https://www.elliberal.com.ar,Güemes no pudo con Almagro y volvió a caer en zona de descenso directo
2026-06-01,2026-W23,provincial,EL LIBERAL,Santiago del Estero,NOA,Santiago del Estero,https://www.elliberal.com.ar,"El ""Pincha"" fue puro gol y se metió en los octavos"
2026-06-01,2026-W23,provincial,EL LIBERAL,Santiago del Estero,NOA,Santiago del Estero,https://www.elliberal.com.ar,Identidad por oposición paradojas del deporte
2026-06-01,2026-W23,provincial,EL LIBERAL,Santiago del Estero,NOA,Santiago del Estero,https://www.elliberal.com.ar,La historia detrás del éxito de Scaloni
2026-06-01,2026-W23,provincial,EL LIBERAL,Santiago del Estero,NOA,Santiago del Estero,https://www.elliberal.com.ar,Tabaquismo: cuando el daño también se justifica en la mente
2026-06-01,2026-W23,provincial,EL LIBERAL,Santiago del Estero,NOA,Santiago del Estero,https://www.elliberal.com.ar,La Justicia deportiva el dopaje y la salud de los atletas
2026-06-01,2026-W23,provincial,EL LIBERAL,Santiago del Estero,NOA,Santiago del Estero,https://www.elliberal.com.ar,"La misión de un científico santiagueño en Europa: ""Llevo las costumbres de Ojo de Agua donde tomé mis primeros mates"""
2026-06-01,2026-W23,provincial,EL LIBERAL,Santiago del Estero,NOA,Santiago del Estero,https://www.elliberal.com.ar,Lanzaron la campaña provincial de prevención y combate de incendios forestales 2026
2026-06-01,2026-W23,provincial,EL LIBERAL,Santiago del Estero,NOA,Santiago del Estero,https://www.elliberal.com.ar,Un informe expuso que uno de cada 23 créditos hipotecarios del Banco Nación fue para una persona expuesta políticamente
2026-06-01,2026-W23,provincial,EL LIBERAL,Santiago del Estero,NOA,Santiago del Estero,https://www.elliberal.com.ar,Moratoria: desde mañana se podrá acceder a los planes
2026-06-01,2026-W23,provincial,EL LIBERAL,Santiago del Estero,NOA,Santiago del Estero,https://www.elliberal.com.ar,Política Milei apuesta a la baja de la inflación y la recuperación económica para consolidar su proyecto hacia 2027
2026-06-01,2026-W23,provincial,EL LIBERAL,Santiago del Estero,NOA,Santiago del Estero,https://www.elliberal.com.ar,Santiago y el CFI firmarán acuerdos para fortalecer desarrollo productivo y ampliar acceso a financiamiento
2026-06-01,2026-W23,provincial,EL LIBERAL,Santiago del Estero,NOA,Santiago del Estero,https://www.elliberal.com.ar,Economía Seis de cada diez trabajadores argentinos confían en el futuro de su sector laboral
2026-06-01,2026-W23,provincial,EL LIBERAL,Santiago del Estero,NOA,Santiago del Estero,https://www.elliberal.com.ar,"Advierten que la economía mejora, pero sin más empleo"
2026-06-01,2026-W23,provincial,EL LIBERAL,Santiago del Estero,NOA,Santiago del Estero,https://www.elliberal.com.ar,"CAME rechazó cambios tributarios del FMI y pide ""nuevo consenso fiscal"""
2026-06-01,2026-W23,provincial,EL LIBERAL,Santiago del Estero,NOA,Santiago del Estero,https://www.elliberal.com.ar,Cuatreros actuaron con crudeza: dejaron vísceras y feto en el campo
2026-06-01,2026-W23,provincial,NUEVO DIARIO,Santiago del Estero,NOA,Santiago del Estero,https://www.nuevodiarioweb.com.ar,Hoy en Santiago del Estero ver clima
2026-06-01,2026-W23,provincial,NUEVO DIARIO,Santiago del Estero,NOA,Santiago del Estero,https://www.nuevodiarioweb.com.ar,"Chabay Ruiz, la política, el divorcio y una pregunta: ¿con $100.000 se cría a un hijo?"
2026-06-01,2026-W23,provincial,NUEVO DIARIO,Santiago del Estero,NOA,Santiago del Estero,https://www.nuevodiarioweb.com.ar,Lunes negro en Santiago | Una adolescente de 15 años murió en brutal accidente
2026-06-01,2026-W23,provincial,NUEVO DIARIO,Santiago del Estero,NOA,Santiago del Estero,https://www.nuevodiarioweb.com.ar,Un tiro en la cabeza no se tapa con un comunicado
2026-06-01,2026-W23,provincial,NUEVO DIARIO,Santiago del Estero,NOA,Santiago del Estero,https://www.nuevodiarioweb.com.ar,Santiago del Estero ya tiene fecha electoral: los municipios votarán el 2 de agosto
2026-06-01,2026-W23,provincial,NUEVO DIARIO,Santiago del Estero,NOA,Santiago del Estero,https://www.nuevodiarioweb.com.ar,El Gobierno provincial y el CFI firmaron convenios para fortalecer el desarrollo productivo y el financiamiento para el sector privado
2026-06-01,2026-W23,provincial,NUEVO DIARIO,Santiago del Estero,NOA,Santiago del Estero,https://www.nuevodiarioweb.com.ar,Cuándo se paga el aguinaldo y cómo calcular cuánto corresponde
2026-06-01,2026-W23,provincial,NUEVO DIARIO,Santiago del Estero,NOA,Santiago del Estero,https://www.nuevodiarioweb.com.ar,Edición impresa
2026-06-01,2026-W23,provincial,NUEVO DIARIO,Santiago del Estero,NOA,Santiago del Estero,https://www.nuevodiarioweb.com.ar,"Montinho reconoció una ""prolija administración de los recursos públicos santiagueños"""
2026-06-01,2026-W23,provincial,NUEVO DIARIO,Santiago del Estero,NOA,Santiago del Estero,https://www.nuevodiarioweb.com.ar,"Araujo destacó ""una visión que no se interrumpe por un cambio de gobierno"""
2026-06-01,2026-W23,provincial,NUEVO DIARIO,Santiago del Estero,NOA,Santiago del Estero,https://www.nuevodiarioweb.com.ar,"La UNSE estará de paro hasta el viernes, junto a todas las universidades del país"
2026-06-01,2026-W23,provincial,NUEVO DIARIO,Santiago del Estero,NOA,Santiago del Estero,https://www.nuevodiarioweb.com.ar,Renunció el presidente del nuevo ente regulador de la energía a un mes de asumir
2026-06-01,2026-W23,provincial,NUEVO DIARIO,Santiago del Estero,NOA,Santiago del Estero,https://www.nuevodiarioweb.com.ar,El CCB realizará un conversatorio y clínicas de danza junto al bailarín santiagueño Luis “Luchyn” López
2026-06-01,2026-W23,provincial,NUEVO DIARIO,Santiago del Estero,NOA,Santiago del Estero,https://www.nuevodiarioweb.com.ar,Cambian los recibos de sueldo y esta es la nueva información que deberán mostrar
2026-06-01,2026-W23,provincial,NUEVO DIARIO,Santiago del Estero,NOA,Santiago del Estero,https://www.nuevodiarioweb.com.ar,Augusto lanzó su candidatura a intendente y llamó a construir una nueva etapa para La Banda
2026-06-01,2026-W23,provincial,NUEVO DIARIO,Santiago del Estero,NOA,Santiago del Estero,https://www.nuevodiarioweb.com.ar,Se realizó un juicio abreviado en una causa por abuso sexual
2026-06-01,2026-W23,provincial,NUEVO DIARIO,Santiago del Estero,NOA,Santiago del Estero,https://www.nuevodiarioweb.com.ar,"Excarcelaron a la abogada Fabiola Arce, acusada de suministrarle cocaína a Sebastián Corti"
2026-06-01,2026-W23,provincial,NUEVO DIARIO,Santiago del Estero,NOA,Santiago del Estero,https://www.nuevodiarioweb.com.ar,Buscan a un hombre de 46 años que desapareció hace más de dos meses en Las Termas
2026-06-01,2026-W23,provincial,NUEVO DIARIO,Santiago del Estero,NOA,Santiago del Estero,https://www.nuevodiarioweb.com.ar,Hallaron muerto a un hombre dentro de una camioneta estacionada sobre una vereda
2026-06-01,2026-W23,provincial,NUEVO DIARIO,Santiago del Estero,NOA,Santiago del Estero,https://www.nuevodiarioweb.com.ar,"Fue a buscar a su hermana al trabajo, la golpeó delante de todos y terminó detenido"
2026-06-01,2026-W23,provincial,NUEVO DIARIO,Santiago del Estero,NOA,Santiago del Estero,https://www.nuevodiarioweb.com.ar,La autopsia reveló que Agostina Vega murió por asfixia y analizan posibles signos de abuso sexual
2026-06-01,2026-W23,provincial,NUEVO DIARIO,Santiago del Estero,NOA,Santiago del Estero,https://www.nuevodiarioweb.com.ar,Imputaron por femicidio a Claudio Barrelier por el crimen de Agostina Vega
2026-06-01,2026-W23,provincial,NUEVO DIARIO,Santiago del Estero,NOA,Santiago del Estero,https://www.nuevodiarioweb.com.ar,Aumentan las entradas a los parques nacionales en la antesala de las vacaciones de invierno
2026-06-01,2026-W23,provincial,NUEVO DIARIO,Santiago del Estero,NOA,Santiago del Estero,https://www.nuevodiarioweb.com.ar,"Video | ""Perdón a esa familia, nunca pensé que mi hijo pudiera hacer algo así"""
2026-06-01,2026-W23,provincial,NUEVO DIARIO,Santiago del Estero,NOA,Santiago del Estero,https://www.nuevodiarioweb.com.ar,Denunció que fue sometido a una cirugía sin consentimiento y el caso conmociona
2026-06-01,2026-W23,provincial,NUEVO DIARIO,Santiago del Estero,NOA,Santiago del Estero,https://www.nuevodiarioweb.com.ar,Un incendio consumió una vivienda y terminó con la vida de un pequeño
2026-06-01,2026-W23,provincial,NUEVO DIARIO,Santiago del Estero,NOA,Santiago del Estero,https://www.nuevodiarioweb.com.ar,Denuncian a una docente por presunta agresión a un alumno de segundo grado
2026-06-01,2026-W23,provincial,NUEVO DIARIO,Santiago del Estero,NOA,Santiago del Estero,https://www.nuevodiarioweb.com.ar,Un caballo quedó atrapado en un parterre y debió ser rescatado por bomberos
2026-06-01,2026-W23,provincial,NUEVO DIARIO,Santiago del Estero,NOA,Santiago del Estero,https://www.nuevodiarioweb.com.ar,Denuncian a un vecino de Las Termas que habría obligado a un cerdo a beber vino tinto
2026-06-01,2026-W23,provincial,NUEVO DIARIO,Santiago del Estero,NOA,Santiago del Estero,https://www.nuevodiarioweb.com.ar,River va por Borré y crece la ilusión de un regreso muy esperado
2026-06-01,2026-W23,provincial,NUEVO DIARIO,Santiago del Estero,NOA,Santiago del Estero,https://www.nuevodiarioweb.com.ar,Quiénes son los candidatos para reemplazar a Claudio Úbeda en Boca
2026-06-01,2026-W23,provincial,NUEVO DIARIO,Santiago del Estero,NOA,Santiago del Estero,https://www.nuevodiarioweb.com.ar,Central Córdoba volvió al trabajo y puso primera para afrontar un exigente segundo semestre
2026-06-01,2026-W23,provincial,NUEVO DIARIO,Santiago del Estero,NOA,Santiago del Estero,https://www.nuevodiarioweb.com.ar,El Termas de Río Hondo Golf Club celebra un nuevo aniversario como emblema deportivo y turístico
2026-06-01,2026-W23,provincial,NUEVO DIARIO,Santiago del Estero,NOA,Santiago del Estero,https://www.nuevodiarioweb.com.ar,Un matrimonio y su hijo murieron en un brutal choque
2026-06-01,2026-W23,provincial,NUEVO DIARIO,Santiago del Estero,NOA,Santiago del Estero,https://www.nuevodiarioweb.com.ar,Intentó sobornar a policías con una fortuna y quedó arrestado
2026-06-01,2026-W23,provincial,NUEVO DIARIO,Santiago del Estero,NOA,Santiago del Estero,https://www.nuevodiarioweb.com.ar,"Una ONG rescató a un dogo desnutrido de una casa y le pusieron ""Agosto"" por Agostina Vega"
2026-06-01,2026-W23,provincial,NUEVO DIARIO,Santiago del Estero,NOA,Santiago del Estero,https://www.nuevodiarioweb.com.ar,La abuela de Agostina Vega defendió a su hija y pidió que cesen las críticas
2026-06-01,2026-W23,provincial,NUEVO DIARIO,Santiago del Estero,NOA,Santiago del Estero,https://www.nuevodiarioweb.com.ar,"Quiso esquivar un perro, chocó contra un edificio y su auto terminó incendiado"
2026-06-01,2026-W23,provincial,NUEVO DIARIO,Santiago del Estero,NOA,Santiago del Estero,https://www.nuevodiarioweb.com.ar,Una mujer cayó de la moto mientras llevaba una torta en la mano luego de que la campera se le enganchara en la cadena
2026-06-01,2026-W23,provincial,NUEVO DIARIO,Santiago del Estero,NOA,Santiago del Estero,https://www.nuevodiarioweb.com.ar,Manuel Adorni presentará su declaración jurada antes del 15 de junio
2026-06-01,2026-W23,provincial,NUEVO DIARIO,Santiago del Estero,NOA,Santiago del Estero,https://www.nuevodiarioweb.com.ar,Familiares despidieron con profundo dolor a Noelia Rivero tras su asesinato
2026-06-01,2026-W23,provincial,NUEVO DIARIO,Santiago del Estero,NOA,Santiago del Estero,https://www.nuevodiarioweb.com.ar,Cantó coplas en un cumpleaños y horas después apareció muerto
2026-06-01,2026-W23,provincial,NUEVO DIARIO,Santiago del Estero,NOA,Santiago del Estero,https://www.nuevodiarioweb.com.ar,Secuestraron una grúa porque su chofer estaba alcoholizado
2026-06-01,2026-W23,provincial,NUEVO DIARIO,Santiago del Estero,NOA,Santiago del Estero,https://www.nuevodiarioweb.com.ar,Cada vez más argentinos eligen la moto como medio de transporte
2026-06-01,2026-W23,provincial,NUEVO DIARIO,Santiago del Estero,NOA,Santiago del Estero,https://www.nuevodiarioweb.com.ar,Descubrió a un ladrón robando combustible y lo persiguió en moto por varias cuadras
2026-06-01,2026-W23,provincial,NUEVO DIARIO,Santiago del Estero,NOA,Santiago del Estero,https://www.nuevodiarioweb.com.ar,Mía consiguió su andador pediátrico gracias a la solidaridad de los hinchas de Mitre
2026-06-01,2026-W23,provincial,NUEVO DIARIO,Santiago del Estero,NOA,Santiago del Estero,https://www.nuevodiarioweb.com.ar,Hallan muerta a una reconocida influencer de 30 años
2026-06-01,2026-W23,provincial,NUEVO DIARIO,Santiago del Estero,NOA,Santiago del Estero,https://www.nuevodiarioweb.com.ar,Habló una víctima que había denunciado a Barrelier en 2025
2026-06-01,2026-W23,provincial,NUEVO DIARIO,Santiago del Estero,NOA,Santiago del Estero,https://www.nuevodiarioweb.com.ar,Dolor y duelo en el colegio de Agostina Vega: “En el aula faltás vos”
2026-06-01,2026-W23,provincial,NUEVO DIARIO,Santiago del Estero,NOA,Santiago del Estero,https://www.nuevodiarioweb.com.ar,"Robó una PlayStation, intentó escapar de la Policía y terminó detenido en Termas"
2026-06-01,2026-W23,provincial,PANORAMA,Santiago del Estero,NOA,Santiago del Estero,https://www.diariopanorama.com,Sumate a nuestra comunidad
2026-06-01,2026-W23,provincial,PANORAMA,Santiago del Estero,NOA,Santiago del Estero,https://www.diariopanorama.com,OPI NIÓN Y ACTUALIDAD
2026-06-01,2026-W23,provincial,PANORAMA,Santiago del Estero,NOA,Santiago del Estero,https://www.diariopanorama.com,LAS + LEÍDAS AHORA EN SANTIAGO DEL ESTERO
2026-06-01,2026-W23,provincial,PANORAMA,Santiago del Estero,NOA,Santiago del Estero,https://www.diariopanorama.com,SANTIAGO DEL ESTERO
2026-06-01,2026-W23,provincial,PANORAMA,Santiago del Estero,NOA,Santiago del Estero,https://www.diariopanorama.com,Vendo finca en el Puestito de San Antonio
2026-06-01,2026-W23,provincial,PANORAMA,Santiago del Estero,NOA,Santiago del Estero,https://www.diariopanorama.com,ALQUILO DEPARTAMENTO DOS DORMITORIO RIOJA Y MORENO
2026-06-01,2026-W23,provincial,PANORAMA,Santiago del Estero,NOA,Santiago del Estero,https://www.diariopanorama.com,Vendemos Predio en Maco
2026-06-01,2026-W23,provincial,PANORAMA,Santiago del Estero,NOA,Santiago del Estero,https://www.diariopanorama.com,Tagliavini Inmobiliaria
2026-06-01,2026-W23,provincial,PANORAMA,Santiago del Estero,NOA,Santiago del Estero,https://www.diariopanorama.com,Volkswagen Suran Track 2018
2026-06-01,2026-W23,provincial,PANORAMA,Santiago del Estero,NOA,Santiago del Estero,https://www.diariopanorama.com,Volkswagen Taos 2023
2026-06-01,2026-W23,provincial,PANORAMA,Santiago del Estero,NOA,Santiago del Estero,https://www.diariopanorama.com,Maranello Automotores
2026-06-01,2026-W23,provincial,PANORAMA,Santiago del Estero,NOA,Santiago del Estero,https://www.diariopanorama.com,EVENTOS & SALIDAS
2026-06-01,2026-W23,provincial,PANORAMA,Santiago del Estero,NOA,Santiago del Estero,https://www.diariopanorama.com,“Era un compromiso de la Nación”: Aldo Hid denunció…
2026-06-01,2026-W23,provincial,PANORAMA,Santiago del Estero,NOA,Santiago del Estero,https://www.diariopanorama.com,"""Como sindicato, para ADUNSE la prioridad son los salarios"""
2026-06-01,2026-W23,provincial,PANORAMA,Santiago del Estero,NOA,Santiago del Estero,https://www.diariopanorama.com,"""Donar órganos es un gesto altruista con el que se…"
2026-06-01,2026-W23,provincial,PANORAMA,Santiago del Estero,NOA,Santiago del Estero,https://www.diariopanorama.com,NOT ICIAS DE LA GENTE
2026-06-01,2026-W23,provincial,PANORAMA,Santiago del Estero,NOA,Santiago del Estero,https://www.diariopanorama.com,LAS TAPAS DEL DÍA
2026-06-01,2026-W23,provincial,PANORAMA,Santiago del Estero,NOA,Santiago del Estero,https://www.diariopanorama.com,"EN VIVO: pasá la tarde junto a ""Qué, no me has visto?"" en Panorama Play"
2026-06-01,2026-W23,provincial,PANORAMA,Santiago del Estero,NOA,Santiago del Estero,https://www.diariopanorama.com,Javier Milei advirtió que “el antisemitismo no retrocedió” y ratificó su respaldo a Israel
2026-06-01,2026-W23,provincial,PANORAMA,Santiago del Estero,NOA,Santiago del Estero,https://www.diariopanorama.com,La autopsia reveló que Agostina Vega fue asfixiada y detectaron posibles signos de abuso sexual
2026-06-01,2026-W23,provincial,PANORAMA,Santiago del Estero,NOA,Santiago del Estero,https://www.diariopanorama.com,"A un mes de asumir, renunció el presidente del nuevo ente regulador de la energía"
2026-06-01,2026-W23,provincial,PANORAMA,Santiago del Estero,NOA,Santiago del Estero,https://www.diariopanorama.com,Central Córdoba volvió al trabajo y ya piensa en el segundo semestre
2026-06-01,2026-W23,provincial,PANORAMA,Santiago del Estero,NOA,Santiago del Estero,https://www.diariopanorama.com,“Nunca me escucharon”: el doloroso relato de la abuela de la niña embarazada de 12 años
2026-06-01,2026-W23,provincial,PANORAMA,Santiago del Estero,NOA,Santiago del Estero,https://www.diariopanorama.com,Cuándo y dónde arrancará Quimsa la gran final de la Liga Nacional de Básquet
2026-06-01,2026-W23,provincial,PANORAMA,Santiago del Estero,NOA,Santiago del Estero,https://www.diariopanorama.com,“Dejen de matarnos”: Anita Espósito habló de Agostina Vega y de la niña santiagueña embarazada a los 12 años
2026-06-01,2026-W23,provincial,PANORAMA,Santiago del Estero,NOA,Santiago del Estero,https://www.diariopanorama.com,Limpieza profunda en River: el presidente anticipó que se irán unos 15 jugadores del plantel
2026-06-01,2026-W23,provincial,PANORAMA,Santiago del Estero,NOA,Santiago del Estero,https://www.diariopanorama.com,Manuel Adorni fijó el 15 de junio como fecha límite para presentar su declaración jurada
2026-06-01,2026-W23,provincial,PANORAMA,Santiago del Estero,NOA,Santiago del Estero,https://www.diariopanorama.com,“Podría haber sido yo”: habló la joven que denunció a Barrelier por secuestro en 2025
2026-06-01,2026-W23,provincial,PANORAMA,Santiago del Estero,NOA,Santiago del Estero,https://www.diariopanorama.com,Desnutrido y abandonado: rescataron al perro que estaba en la casa de Barrelier
2026-06-01,2026-W23,provincial,PANORAMA,Santiago del Estero,NOA,Santiago del Estero,https://www.diariopanorama.com,La emotiva imagen de Pablo Ledesma que conmovió a todos con el recuerdo de su hija Nahiara
2026-06-01,2026-W23,provincial,PANORAMA,Santiago del Estero,NOA,Santiago del Estero,https://www.diariopanorama.com,"Gran inauguración de Santiago Mates, la casa matera más grande del norte"
2026-06-01,2026-W23,provincial,PANORAMA,Santiago del Estero,NOA,Santiago del Estero,https://www.diariopanorama.com,"Medio Oriente se inflama y complica a Trump: cierre total de Ormuz, misiles en Kuwait y ataques en el Líbano"
2026-06-01,2026-W23,provincial,PANORAMA,Santiago del Estero,NOA,Santiago del Estero,https://www.diariopanorama.com,“La gente no puede comprar”: preocupa la caída del consumo de carne en Santiago
2026-06-01,2026-W23,provincial,PANORAMA,Santiago del Estero,NOA,Santiago del Estero,https://www.diariopanorama.com,Nuevos detalles en el caso Agostina: se conocieron los resultados preliminares de la autopsia
2026-06-01,2026-W23,provincial,PANORAMA,Santiago del Estero,NOA,Santiago del Estero,https://www.diariopanorama.com,Felicitar a un perro
2026-06-01,2026-W23,provincial,PANORAMA,Santiago del Estero,NOA,Santiago del Estero,https://www.diariopanorama.com,"Crítica de ""¿Qué te dice esa naturaleza?"""
2026-06-01,2026-W23,provincial,PANORAMA,Santiago del Estero,NOA,Santiago del Estero,https://www.diariopanorama.com,La universidad no debería ser ni gratuita ni obligatoria
2026-06-01,2026-W23,provincial,PANORAMA,Santiago del Estero,NOA,Santiago del Estero,https://www.diariopanorama.com,El Gobierno adelanta el calendario electoral
2026-06-01,2026-W23,provincial,PANORAMA,Santiago del Estero,NOA,Santiago del Estero,https://www.diariopanorama.com,El caso Agostina reabrió el debate: más de 3.400 femicidios desde Ni Una Menos
2026-06-01,2026-W23,provincial,PANORAMA,Santiago del Estero,NOA,Santiago del Estero,https://www.diariopanorama.com,"Femicidio de Agostina Vega: ""Nunca fue un caso complejo, el fiscal es un analfabeto funcional"""
2026-06-01,2026-W23,provincial,PANORAMA,Santiago del Estero,NOA,Santiago del Estero,https://www.diariopanorama.com,Cambian los recibos de sueldo: qué información nueva deberán mostrar
2026-06-01,2026-W23,provincial,PANORAMA,Santiago del Estero,NOA,Santiago del Estero,https://www.diariopanorama.com,El Gobierno provincial y el CFI firmaron convenios para fortalecer el desarrollo productivo y el financiamiento del sector privado
2026-06-01,2026-W23,provincial,PANORAMA,Santiago del Estero,NOA,Santiago del Estero,https://www.diariopanorama.com,Excarcelaron a la abogada acusada de intentar pasarle droga a Sebastián Corti
2026-06-01,2026-W23,provincial,PANORAMA,Santiago del Estero,NOA,Santiago del Estero,https://www.diariopanorama.com,"Santiago se prepara para el primer Foro de Economías Regionales: ""La provincia tiene mucho potencial exportador"""
2026-06-01,2026-W23,provincial,PANORAMA,Santiago del Estero,NOA,Santiago del Estero,https://www.diariopanorama.com,En la marcha por Agostina: una madre buscaba a su hija y la halló tras más de dos semanas
2026-06-01,2026-W23,provincial,PANORAMA,Santiago del Estero,NOA,Santiago del Estero,https://www.diariopanorama.com,Claudio Úbeda no continuará en Boca y ya hay varios entrenadores que suenan para reemplazarlo
2026-06-01,2026-W23,provincial,PANORAMA,Santiago del Estero,NOA,Santiago del Estero,https://www.diariopanorama.com,Se terminó el sueño de Juan Manuel Cerúndolo en Roland Garros: cayó ante Berrettini en octavos
2026-06-01,2026-W23,provincial,PANORAMA,Santiago del Estero,NOA,Santiago del Estero,https://www.diariopanorama.com,La Selección Argentina ultima detalles para el Mundial: cuándo juega los amistosos ante Honduras e Islandia
2026-06-01,2026-W23,provincial,PANORAMA,Santiago del Estero,NOA,Santiago del Estero,https://www.diariopanorama.com,Cómo es el complejo de la Selección Argentina en Kansas y los cambios para que “La Scaloneta se sienta como en casa”
2026-06-01,2026-W23,provincial,PANORAMA,Santiago del Estero,NOA,Santiago del Estero,https://www.diariopanorama.com,A 10 días del Mundial 2026: el repaso de todas las participaciones de la Selección Argentina
2026-06-01,2026-W23,provincial,EL TUCUMANO,Tucumán,NOA,Tucumán,https://www.eltucumano.com,Revés para el cisnerismo: archivan el pedido de destitución de Miguel Chaiben Terraf
2026-06-01,2026-W23,provincial,EL TUCUMANO,Tucumán,NOA,Tucumán,https://www.eltucumano.com,tribuna abierta
2026-06-01,2026-W23,provincial,EL TUCUMANO,Tucumán,NOA,Tucumán,https://www.eltucumano.com,El poder de Carlos Cisneros en Tucumán y el caso Vélez
2026-06-01,2026-W23,provincial,EL TUCUMANO,Tucumán,NOA,Tucumán,https://www.eltucumano.com,Interés General
2026-06-01,2026-W23,provincial,EL TUCUMANO,Tucumán,NOA,Tucumán,https://www.eltucumano.com,La reparación de una fuga podría provocar baja presión o falta de agua potable en San Miguel de Tucumán
2026-06-01,2026-W23,provincial,EL TUCUMANO,Tucumán,NOA,Tucumán,https://www.eltucumano.com,"Accidente con rastra cañera: ""Les está vedado el tránsito entre las 18 y las 7 de la mañana"""
2026-06-01,2026-W23,provincial,EL TUCUMANO,Tucumán,NOA,Tucumán,https://www.eltucumano.com,"""Esto es gravísimo"": video, revelan cómo fue el salvaje ataque en pleno partido del fútbol tucumano"
2026-06-01,2026-W23,provincial,EL TUCUMANO,Tucumán,NOA,Tucumán,https://www.eltucumano.com,Este lunes vence el plazo judicial para que el saabismo justifique el freno de la Asamblea
2026-06-01,2026-W23,provincial,EL TUCUMANO,Tucumán,NOA,Tucumán,https://www.eltucumano.com,"""Soy la madre"": urgente, el pedido desesperado en el crimen del fin de semana que enlutó a Tucumán"
2026-06-01,2026-W23,provincial,EL TUCUMANO,Tucumán,NOA,Tucumán,https://www.eltucumano.com,Atención estatales: se confirmó la fecha de cobro del medio aguinaldo en Tucumán
2026-06-01,2026-W23,provincial,EL TUCUMANO,Tucumán,NOA,Tucumán,https://www.eltucumano.com,"""Es de no creer"": los mensajes de dolor y despedida para la familia tucumana fallecida en la Ruta 38"
2026-06-01,2026-W23,provincial,EL TUCUMANO,Tucumán,NOA,Tucumán,https://www.eltucumano.com,Tragedia en la Ruta 38: una familia tucumana falleció tras un violento choque contra una rastra cañera
2026-06-01,2026-W23,provincial,EL TUCUMANO,Tucumán,NOA,Tucumán,https://www.eltucumano.com,Más de 8.000 personas disfrutaron de la edición 2026 del Birra Fest en el Parque Avellaneda
2026-06-01,2026-W23,provincial,EL TUCUMANO,Tucumán,NOA,Tucumán,https://www.eltucumano.com,"Piden la destitución de María Florencia Casas por blindar al ""violador en suspenso"" Rodolfo Burgos"
2026-06-01,2026-W23,provincial,EL TUCUMANO,Tucumán,NOA,Tucumán,https://www.eltucumano.com,Expte. N° 4079/23: CABRERA OCTAVIO MARTIN c/ SANCHEZ FERNANDEZ ELISEO s/ COBRO EJECUTIVO
2026-06-01,2026-W23,provincial,EL TUCUMANO,Tucumán,NOA,Tucumán,https://www.eltucumano.com,Controles de salud y Ecolentes para familias de Villa Angelina y Barrio Parodi
2026-06-01,2026-W23,provincial,EL TUCUMANO,Tucumán,NOA,Tucumán,https://www.eltucumano.com,La Caja Popular de Ahorros de Tucumán reforzó la prevención del lavado de activos
2026-06-01,2026-W23,provincial,EL TUCUMANO,Tucumán,NOA,Tucumán,https://www.eltucumano.com,Hallan muerto y maniatado a un comerciante tucumano dentro de una camioneta en Jujuy
2026-06-01,2026-W23,provincial,EL TUCUMANO,Tucumán,NOA,Tucumán,https://www.eltucumano.com,Comenzó la entrega del boleto gratuito para jubilados: así continúa el calendario durante la semana
2026-06-01,2026-W23,provincial,EL TUCUMANO,Tucumán,NOA,Tucumán,https://www.eltucumano.com,Dolor en Concepción: murió el cadete de Bomberos de 17 años que permanecía internado tras el trágico choque en Arcadia
2026-06-01,2026-W23,provincial,EL TUCUMANO,Tucumán,NOA,Tucumán,https://www.eltucumano.com,"La IA y el apocalipsis laboral, la pausa de Engels y Magnifica Humanitas de León XIV"
2026-06-01,2026-W23,provincial,EL TUCUMANO,Tucumán,NOA,Tucumán,https://www.eltucumano.com,Otra política para las adolescencias es posible
2026-06-01,2026-W23,provincial,EL TUCUMANO,Tucumán,NOA,Tucumán,https://www.eltucumano.com,Gemelos sin ley
2026-06-01,2026-W23,provincial,EL TUCUMANO,Tucumán,NOA,Tucumán,https://www.eltucumano.com,El Día Internacional del Té: Una Celebración Milenaria en Cada Taza
2026-06-01,2026-W23,provincial,EL TUCUMANO,Tucumán,NOA,Tucumán,https://www.eltucumano.com,"""¿Quién lo dirigirá?"": última noticia de un domingo difícil para San Martín de Tucumán"
2026-06-01,2026-W23,provincial,EL TUCUMANO,Tucumán,NOA,Tucumán,https://www.eltucumano.com,"""La dirigencia está decidida"": video, bomba total en San Martín de Tucumán tras la derrota"
2026-06-01,2026-W23,provincial,EL TUCUMANO,Tucumán,NOA,Tucumán,https://www.eltucumano.com,"""¡Último momento!"": habló Yllana después de otro bochorno en San Martín de Tucumán"
2026-06-01,2026-W23,provincial,EL TUCUMANO,Tucumán,NOA,Tucumán,https://www.eltucumano.com,"""A los besos y abrazos"": video, las imágenes del final que indignan en San Martín de Tucumán"
2026-06-01,2026-W23,provincial,EL TUCUMANO,Tucumán,NOA,Tucumán,https://www.eltucumano.com,"""Nunca vi algo así"": video, la decisión de Yllana antes de irse derrotado de San Martín de Tucumán"
2026-06-01,2026-W23,provincial,EL TUCUMANO,Tucumán,NOA,Tucumán,https://www.eltucumano.com,Las Mamás: “Al público le copaba mucho que no sepamos tocar y toquemos igual”
2026-06-01,2026-W23,provincial,EL TUCUMANO,Tucumán,NOA,Tucumán,https://www.eltucumano.com,"""Si, quiero irme"": La Bomba Tucumana abandonó la casa de Gran Hermano y hay polémica por la participante que entró en su lugar"
2026-06-01,2026-W23,provincial,EL TUCUMANO,Tucumán,NOA,Tucumán,https://www.eltucumano.com,"Julieta Ruiz: “ojalá mis poemas me lleven lejos, pero nunca muy lejos de mi corazón”"
2026-06-01,2026-W23,provincial,EL TUCUMANO,Tucumán,NOA,Tucumán,https://www.eltucumano.com,"¿Un adiós primaveral? Así estará el tiempo este domingo, último día de mayo en Tucumán"
2026-06-01,2026-W23,provincial,EL TUCUMANO,Tucumán,NOA,Tucumán,https://www.eltucumano.com,"“Este me quiere de verdad”: Jorge Luengo, el fotógrafo tucumano que retrató la intimidad de Maradona"
2026-06-01,2026-W23,provincial,EL TUCUMANO,Tucumán,NOA,Tucumán,https://www.eltucumano.com,"MAFIA PARAESTATAL. El Cisnerismo ""arruga"" judicialmente con eltucumano: Petraglia, el ""hijo de cariño"" de Carlos Cisneros desistió de las dos demandas millonarias que impulsó contra este diario"
2026-06-01,2026-W23,provincial,EL TUCUMANO,Tucumán,NOA,Tucumán,https://www.eltucumano.com,MAFIA PARAESTATAL. El Tribunal de Cuentas indaga a Díaz y Neme: licencias psiquiátricas con goce de haberes y ejercicio profesional simultáneo en la Caja Popular
2026-06-01,2026-W23,provincial,EL TUCUMANO,Tucumán,NOA,Tucumán,https://www.eltucumano.com,MAFIA PARAESTATAL. Causa Vélez: Milagros Castellote entró al Banco Macro el día que declaró y luego le otorgaron un crédito para comprar un departamento de $85 millones
2026-06-01,2026-W23,provincial,EL TUCUMANO,Tucumán,NOA,Tucumán,https://www.eltucumano.com,"MAFIA PARAESTATAL. Una semana de encubrimiento: La Gaceta oculta a sus lectores la denuncia del Tribunal de Cuentas por el doble sueldo ""fantasma"" de José Díaz que costó $700 millones a la Caja Popular"
2026-06-01,2026-W23,provincial,EL TUCUMANO,Tucumán,NOA,Tucumán,https://www.eltucumano.com,MAFIA PARAESTATAL. Causa Vélez: los abogados 'psiquiátricos' de Cisneros impugnan el fallo que demolió la querella de Lourdes Parache y derivó la causa al fuero federal por trata
2026-06-01,2026-W23,provincial,EL TUCUMANO,Tucumán,NOA,Tucumán,https://www.eltucumano.com,¿Salió el gran pozo? Resultados del sorteo del Tuqui 10 del domingo 31 de mayo de 2026
2026-06-01,2026-W23,provincial,EL TUCUMANO,Tucumán,NOA,Tucumán,https://www.eltucumano.com,Temperaturas entre 8°C y 19°C este lunes en Amaicha
2026-06-01,2026-W23,provincial,EL TUCUMANO,Tucumán,NOA,Tucumán,https://www.eltucumano.com,Así estará el clima en Tafí del Valle este lunes
2026-06-01,2026-W23,provincial,EL TUCUMANO,Tucumán,NOA,Tucumán,https://www.eltucumano.com,El Cadillal: el clima anticipa lluvia ligera y una máxima de 22°C
2026-06-01,2026-W23,provincial,EL TUCUMANO,Tucumán,NOA,Tucumán,https://www.eltucumano.com,San Pedro de Colalao se prepara para una jornada muy nuboso este lunes
2026-06-01,2026-W23,provincial,EL TUCUMANO,Tucumán,NOA,Tucumán,https://www.eltucumano.com,¡Llega la revancha a Banda del Río Salí! Yuhmak liquida todo al costo: Motos y Hogar en 24 cuotas
2026-06-01,2026-W23,provincial,EL TUCUMANO,Tucumán,NOA,Tucumán,https://www.eltucumano.com,El Ingenio Famaillá cumple diez años impulsando el desarrollo productivo de Tucumán
2026-06-01,2026-W23,provincial,EL TUCUMANO,Tucumán,NOA,Tucumán,https://www.eltucumano.com,"De una carnicería de barrio en Tucumán a una distribuidora en expansión: Los Paisanitos, 15 años ofreciendo calidad"
2026-06-01,2026-W23,provincial,EL TUCUMANO,Tucumán,NOA,Tucumán,https://www.eltucumano.com,"""Esta noche"": el accidente que movilizó a los Bomberos en pleno centro tucumano"
2026-06-01,2026-W23,provincial,EL TUCUMANO,Tucumán,NOA,Tucumán,https://www.eltucumano.com,Motos 0 km y todo para el hogar: Gran Feria de Liquidación “al costo” en Yuhmak de Banda del Río Salí
2026-06-01,2026-W23,provincial,EL TUCUMANO,Tucumán,NOA,Tucumán,https://www.eltucumano.com,Vuelve la Retrofiesta a Tucumán y Sucrédito reafirma su lugar como la tarjeta de los espectáculos
2026-06-01,2026-W23,provincial,LA GACETA,Tucumán,NOA,Tucumán,https://www.lagaceta.com.ar,Cómo llegan los lesionados al Mundial 2026 y cuál es la preocupación de Lionel Scaloni
2026-06-01,2026-W23,provincial,LA GACETA,Tucumán,NOA,Tucumán,https://www.lagaceta.com.ar,Caso Agostina Vega: qué reveló la autopsia preliminar de la adolescente de 14 años asesinada en Córdoba
2026-06-01,2026-W23,provincial,LA GACETA,Tucumán,NOA,Tucumán,https://www.lagaceta.com.ar,El dólar oficial subió con fuerza y se acercó a los $1.430: el BCRA quedó a un paso de cumplir su meta de reservas
2026-06-01,2026-W23,provincial,LA GACETA,Tucumán,NOA,Tucumán,https://www.lagaceta.com.ar,El trasfondo de las tensiones por el precio del boleto y qué podría motivar un paro de UTA
2026-06-01,2026-W23,provincial,LA GACETA,Tucumán,NOA,Tucumán,https://www.lagaceta.com.ar,Un informe reveló que uno de cada 23 créditos hipotecarios del Banco Nación fue para Personas Expuestas Políticamente
2026-06-01,2026-W23,provincial,LA GACETA,Tucumán,NOA,Tucumán,https://www.lagaceta.com.ar,Selección Argentina: quiénes son los siete futbolistas que Scaloni llevó Kansas para acompañar al plantel
2026-06-01,2026-W23,provincial,LA GACETA,Tucumán,NOA,Tucumán,https://www.lagaceta.com.ar,Golpe a las drogas sintéticas: “Es importante sacar el veneno de las calles y de las fiestas electrónicas”
2026-06-01,2026-W23,provincial,LA GACETA,Tucumán,NOA,Tucumán,https://www.lagaceta.com.ar,El caso Agostina Vega revive el recuerdo de otros homicidios que conmocionaron a Tucumán
2026-06-01,2026-W23,provincial,LA GACETA,Tucumán,NOA,Tucumán,https://www.lagaceta.com.ar,"En evolución: los números de la ""era Falcioni"" en Atlético Tucumán"
2026-06-01,2026-W23,provincial,LA GACETA,Tucumán,NOA,Tucumán,https://www.lagaceta.com.ar,Qué decidió la CD de San Martín sobre el futuro de Yllana tras la derrota con Midland
2026-06-01,2026-W23,provincial,LA GACETA,Tucumán,NOA,Tucumán,https://www.lagaceta.com.ar,La original propuesta de Tarucas para acompañar al equipo en una final anticipada
2026-06-01,2026-W23,provincial,LA GACETA,Tucumán,NOA,Tucumán,https://www.lagaceta.com.ar,Prepará el paraguas: cómo estará el tiempo en Tucumán este martes 2 de junio
2026-06-01,2026-W23,provincial,LA GACETA,Tucumán,NOA,Tucumán,https://www.lagaceta.com.ar,Tres tucumanos fueron convocados a una nueva concentración nacional de Los Pumitas
2026-06-01,2026-W23,provincial,LA GACETA,Tucumán,NOA,Tucumán,https://www.lagaceta.com.ar,"Por primera vez en nueve meses, la recaudación tributaria superó a la inflación, impulsada por Ganancias"
2026-06-01,2026-W23,provincial,LA GACETA,Tucumán,NOA,Tucumán,https://www.lagaceta.com.ar,Boca busca entrenador y un ex DT de la Selección ganó fuerza en las últimas horas
2026-06-01,2026-W23,provincial,LA GACETA,Tucumán,NOA,Tucumán,https://www.lagaceta.com.ar,Cómo es el nuevo formato del recibo de sueldo que defendió Federico Sturzenegger
2026-06-01,2026-W23,provincial,LA GACETA,Tucumán,NOA,Tucumán,https://www.lagaceta.com.ar,Archivaron el pedido de destitución contra el titular del Tribunal de Cuentas
2026-06-01,2026-W23,provincial,LA GACETA,Tucumán,NOA,Tucumán,https://www.lagaceta.com.ar,Un niño y un adolescente murieron en un choque sobre la ruta 38
2026-06-01,2026-W23,provincial,LA GACETA,Tucumán,NOA,Tucumán,https://www.lagaceta.com.ar,El Gobierno reglamentó el Fondo de Asistencia Laboral: cómo se pagarán desde ahora las indemnizaciones
2026-06-01,2026-W23,provincial,LA GACETA,Tucumán,NOA,Tucumán,https://www.lagaceta.com.ar,"Tras el crimen de Agostina Vega, “Ni Una Menos” convoca a marchar en Tucumán: “Nuestras vidas no les importan”"
2026-06-01,2026-W23,provincial,LA GACETA,Tucumán,NOA,Tucumán,https://www.lagaceta.com.ar,El verdadero método Scaloni: cómo hizo para que la selección argentina dejara de ser un problema
2026-06-01,2026-W23,provincial,LA GACETA,Tucumán,NOA,Tucumán,https://www.lagaceta.com.ar,Diego Reynoso: “Las cuestiones microeconómicas afectan más que Adorni a la gestión de Milei”
2026-06-01,2026-W23,provincial,LA GACETA,Tucumán,NOA,Tucumán,https://www.lagaceta.com.ar,Del “apretado” al sánguche de autor: la nueva escena entre panes que gana espacio en Tucumán
2026-06-01,2026-W23,provincial,LA GACETA,Tucumán,NOA,Tucumán,https://www.lagaceta.com.ar,El FMI a contramano del momento económico
2026-06-01,2026-W23,provincial,LA GACETA,Tucumán,NOA,Tucumán,https://www.lagaceta.com.ar,Caso Agostina Vega: el oscuro antecedente de Claudio Barrelier que ahora vuelve a ser investigado
2026-06-01,2026-W23,provincial,LA GACETA,Tucumán,NOA,Tucumán,https://www.lagaceta.com.ar,Crimen de Agostina Vega: esperan el resultado de la autopsia y analizan si hubo más personas involucradas
2026-06-01,2026-W23,provincial,LA GACETA,Tucumán,NOA,Tucumán,https://www.lagaceta.com.ar,El asesinato de Agostina Vega: el único detenido amenazó con suicidarse
2026-06-01,2026-W23,provincial,LA GACETA,Tucumán,NOA,Tucumán,https://www.lagaceta.com.ar,Crimen de Agostina Vega: quiénes son los protagonistas clave del caso que conmociona a Córdoba
2026-06-01,2026-W23,provincial,LA GACETA,Tucumán,NOA,Tucumán,https://www.lagaceta.com.ar,Un supermercado lanzó una canasta con más de 200 productos a precios del año pasado
2026-06-01,2026-W23,provincial,LA GACETA,Tucumán,NOA,Tucumán,https://www.lagaceta.com.ar,Cronograma de pago del aguinaldo para los estatales tucumanos: desde el miércoles 17 al sábado 20 de junio
2026-06-01,2026-W23,provincial,LA GACETA,Tucumán,NOA,Tucumán,https://www.lagaceta.com.ar,Mete goles los fines de semana y vende figuritas de sol a sombra para criar a su hijo
2026-06-01,2026-W23,provincial,LA GACETA,Tucumán,NOA,Tucumán,https://www.lagaceta.com.ar,"Es docente, creó una cumbia para Tim Payne y recibió mensajes desde Nueva Zelanda"
2026-06-01,2026-W23,provincial,LA GACETA,Tucumán,NOA,Tucumán,https://www.lagaceta.com.ar,Recuerdos fotográficos: 1919. La tragedia del intrépido Benjamín Matienzo
2026-06-01,2026-W23,provincial,LA GACETA,Tucumán,NOA,Tucumán,https://www.lagaceta.com.ar,¿Es sostenible la actual cotización del dólar?
2026-06-01,2026-W23,provincial,LA GACETA,Tucumán,NOA,Tucumán,https://www.lagaceta.com.ar,Mundo de saldos: TU MUNDO Constructor lanza nuevamente una liquidación masiva con precios muy bajos y oportunidades únicas
2026-06-01,2026-W23,provincial,LA GACETA,Tucumán,NOA,Tucumán,https://www.lagaceta.com.ar,"Día de la Hamburguesa: la nueva campaña de Ruddy’s que apuesta a un producto ""hecho de verdad"""
2026-06-01,2026-W23,provincial,LA GACETA,Tucumán,NOA,Tucumán,https://www.lagaceta.com.ar,Llega Uber Mujeres a Tucumán: más opciones para las usuarias en la app
2026-06-01,2026-W23,provincial,LA GACETA,Tucumán,NOA,Tucumán,https://www.lagaceta.com.ar,Vuelos narco: los pilotos vuelan las avionetas como si manejaran de noche una moto sin luces
2026-06-01,2026-W23,provincial,LA GACETA,Tucumán,NOA,Tucumán,https://www.lagaceta.com.ar,Vuelos narco: el eterno debate sobre la implementación de la ley de derribo en la Argentina
2026-06-01,2026-W23,provincial,LA GACETA,Tucumán,NOA,Tucumán,https://www.lagaceta.com.ar,Las estrategias que usan los narcos para transportar la cocaína por el cielo
2026-06-01,2026-W23,provincial,LA GACETA,Tucumán,NOA,Tucumán,https://www.lagaceta.com.ar,Los otros eslabones que intervienen en el transporte aéreo de droga
2026-06-01,2026-W23,provincial,LA GACETA,Tucumán,NOA,Tucumán,https://www.lagaceta.com.ar,Se multiplican las pistas para aviones con droga por la falta de controles y de registros
2026-06-01,2026-W23,provincial,LA GACETA,Tucumán,NOA,Tucumán,https://www.lagaceta.com.ar,Asesinaron a un tucumano en Jujuy: identificaron a la víctima y hay un detenido
2026-06-01,2026-W23,provincial,LA GACETA,Tucumán,NOA,Tucumán,https://www.lagaceta.com.ar,"Quién es Michelle Peters, la esposa de Tim Payne que también se volvió viral en la previa al Mundial 2026"
2026-06-01,2026-W23,provincial,LA GACETA,Tucumán,NOA,Tucumán,https://www.lagaceta.com.ar,Se terminó el sueño de Juan Manuel Cerúndolo en Roland Garros: cayó ante Berrettini en octavos
2026-06-01,2026-W23,provincial,LA GACETA,Tucumán,NOA,Tucumán,https://www.lagaceta.com.ar,Feriados de Junio: una provincia tendrá un día de descanso extra este mes
2026-06-01,2026-W23,provincial,LA GACETA,Tucumán,NOA,Tucumán,https://www.lagaceta.com.ar,La web del conocimiento está en peligro
2026-06-01,2026-W23,provincial,LA GACETA,Tucumán,NOA,Tucumán,https://www.lagaceta.com.ar,Cómo estará el clima esta semana en Tucumán: lluvia y nada de frío extremo
2026-06-01,2026-W23,provincial,LA GACETA,Tucumán,NOA,Tucumán,https://www.lagaceta.com.ar,Trabajar para empatar: la nueva lógica de la clase media argentina
2026-06-01,2026-W23,provincial,LA GACETA,Tucumán,NOA,Tucumán,https://www.lagaceta.com.ar,"La trampa del pluriempleo en Tucumán: ""Al bajar la inflación quedó al descubierto la cruda realidad de los sueldos"""
2026-06-01,2026-W23,provincial,DIARIO CHACO,Chaco,NEA,Resistencia,https://www.diariochaco.com,"Cuestionan una investigación por presunto abuso infantil: ""No escucharon a la niña"""
2026-06-01,2026-W23,provincial,DIARIO CHACO,Chaco,NEA,Resistencia,https://www.diariochaco.com,Caso Axel González: habrían visto en Makallé al joven desaparecido
2026-06-01,2026-W23,provincial,DIARIO CHACO,Chaco,NEA,Resistencia,https://www.diariochaco.com,Resistencia quedó en el fondo del ranking de las mejores ciudades para vivir
2026-06-01,2026-W23,provincial,DIARIO CHACO,Chaco,NEA,Resistencia,https://www.diariochaco.com,"Urban Covadonga: legado y evolución en un proyecto que promete un ""impacto"" en la ciudad"
2026-06-01,2026-W23,provincial,DIARIO CHACO,Chaco,NEA,Resistencia,https://www.diariochaco.com,Autopsia a Agostina Vega reveló signos de extrema violencia y desmembramiento
2026-06-01,2026-W23,provincial,DIARIO CHACO,Chaco,NEA,Resistencia,https://www.diariochaco.com,"El chaqueño Lencina, en el listado de 15 jugadores que se irían de River"
2026-06-01,2026-W23,provincial,DIARIO CHACO,Chaco,NEA,Resistencia,https://www.diariochaco.com,"""Un chico sin límites no es libre"": el video que abrió un fuerte debate sobre la crianza"
2026-06-01,2026-W23,provincial,DIARIO CHACO,Chaco,NEA,Resistencia,https://www.diariochaco.com,Una cadena solidaria transformó el drama de un vendedor de pan en una historia de esperanza
2026-06-01,2026-W23,provincial,DIARIO CHACO,Chaco,NEA,Resistencia,https://www.diariochaco.com,Ni Una Menos en Sáenz Peña: semana de actividades y marcha contra la violencia de género
2026-06-01,2026-W23,provincial,DIARIO CHACO,Chaco,NEA,Resistencia,https://www.diariochaco.com,Sin rastros de Axel González y Jonathan Blanco: refuerzan los operativos de búsqueda
2026-06-01,2026-W23,provincial,DIARIO CHACO,Chaco,NEA,Resistencia,https://www.diariochaco.com,Histórica sanción: multado por enviar mensajes ofensivos a 19 dependencias judiciales
2026-06-01,2026-W23,provincial,DIARIO CHACO,Chaco,NEA,Resistencia,https://www.diariochaco.com,Renovación de tarjetas Maestro Chaco24: nuevos plásticos con más seguridad y tecnología
2026-06-01,2026-W23,provincial,DIARIO CHACO,Chaco,NEA,Resistencia,https://www.diariochaco.com,Legisladores acompañaron la puesta en marcha de los servicios del Tren 25 de Mayo
2026-06-01,2026-W23,provincial,DIARIO CHACO,Chaco,NEA,Resistencia,https://www.diariochaco.com,Asaltaron un kiosco 24 horas en el barrio Primero de Mayo y se llevaron $150 mil
2026-06-01,2026-W23,provincial,DIARIO CHACO,Chaco,NEA,Resistencia,https://www.diariochaco.com,Hermoso Campo recibió al Tren 25 de Mayo con atención médica y vacunación
2026-06-01,2026-W23,provincial,DIARIO CHACO,Chaco,NEA,Resistencia,https://www.diariochaco.com,Edición 31/05/2026
2026-06-01,2026-W23,provincial,DIARIO CHACO,Chaco,NEA,Resistencia,https://www.diariochaco.com,Un brote psicótico y otra desaparición reciente: los antecedentes de Jonathan Blanco
2026-06-01,2026-W23,provincial,DIARIO CHACO,Chaco,NEA,Resistencia,https://www.diariochaco.com,El Gobierno volvió a postergar la actualización de los impuestos a los combustibles
2026-06-01,2026-W23,provincial,DIARIO CHACO,Chaco,NEA,Resistencia,https://www.diariochaco.com,El Gobierno asegura que Adorni entregará su declaración jurada antes del 15 de junio
2026-06-01,2026-W23,provincial,DIARIO CHACO,Chaco,NEA,Resistencia,https://www.diariochaco.com,Habilitaron el servicio de energía eléctrica en el paraje La Armonía
2026-06-01,2026-W23,provincial,DIARIO CHACO,Chaco,NEA,Resistencia,https://www.diariochaco.com,Afiliados de Camioneros denunciaron recortes en la cobertura de medicamentos en farmacias
2026-06-01,2026-W23,provincial,DIARIO CHACO,Chaco,NEA,Resistencia,https://www.diariochaco.com,El Plan Sáenz Peña Sustentable y Circular fortalece su trabajo en comedores y merenderos
2026-06-01,2026-W23,provincial,DIARIO CHACO,Chaco,NEA,Resistencia,https://www.diariochaco.com,Boca no renovará a Úbeda y acelera la búsqueda de un entrenador
2026-06-01,2026-W23,provincial,DIARIO CHACO,Chaco,NEA,Resistencia,https://www.diariochaco.com,La Justicia ordenó al Estado pagar millones por naturalizar la violencia en una escuela
2026-06-01,2026-W23,provincial,DIARIO CHACO,Chaco,NEA,Resistencia,https://www.diariochaco.com,Causa Milagros Machuca: las defensas pidieron juicio abreviado y se definirá este miércoles
2026-06-01,2026-W23,provincial,DIARIO CHACO,Chaco,NEA,Resistencia,https://www.diariochaco.com,Las lluvias estivales pueden generar una creciente del Paraná: qué anticipan los especialistas
2026-06-01,2026-W23,provincial,DIARIO CHACO,Chaco,NEA,Resistencia,https://www.diariochaco.com,Honcheruk impulsa una ley para evitar descuentos automáticos sobre salarios estatales
2026-06-01,2026-W23,provincial,DIARIO CHACO,Chaco,NEA,Resistencia,https://www.diariochaco.com,Una adolescente fue víctima de un robo piraña en el centro de Sáenz Peña y detuvieron a cuatro sospechosos
2026-06-01,2026-W23,provincial,DIARIO CHACO,Chaco,NEA,Resistencia,https://www.diariochaco.com,Capitanich admitió que una parte del peronismo respalda que las primarias no sean obligatorias
2026-06-01,2026-W23,provincial,DIARIO CHACO,Chaco,NEA,Resistencia,https://www.diariochaco.com,Aradas criticó al Comité contra la Tortura y al PJ por la problemática de los trapitos
2026-06-01,2026-W23,provincial,DIARIO CHACO,Chaco,NEA,Resistencia,https://www.diariochaco.com,El gobernador Zdero inauguró el Refugio de Monte La Armonía en El Impenetrable
2026-06-01,2026-W23,provincial,DIARIO CHACO,Chaco,NEA,Resistencia,https://www.diariochaco.com,Solo siete universidades argentinas figuran entre las 2000 mejores del mundo
2026-06-01,2026-W23,provincial,DIARIO CHACO,Chaco,NEA,Resistencia,https://www.diariochaco.com,El pastor sumaría una nueva acusación por abuso y el lunes 8 dictarían su prisión preventiva
2026-06-01,2026-W23,provincial,DIARIO CHACO,Chaco,NEA,Resistencia,https://www.diariochaco.com,La liquidación de divisas del agro creció 7% en mayo y alcanzó los US$ 2.677 millones
2026-06-01,2026-W23,provincial,DIARIO CHACO,Chaco,NEA,Resistencia,https://www.diariochaco.com,La F1 analiza alternativas ante la incertidumbre por las carreras en Medio Oriente
2026-06-01,2026-W23,provincial,DIARIO CHACO,Chaco,NEA,Resistencia,https://www.diariochaco.com,Comienza el pago de sueldos para empleados de la administración pública
2026-06-01,2026-W23,provincial,DIARIO CHACO,Chaco,NEA,Resistencia,https://www.diariochaco.com,El oficialismo acelera su agenda en el Congreso con el super-RIGI y la ley de Lobby
2026-06-01,2026-W23,provincial,DIARIO CHACO,Chaco,NEA,Resistencia,https://www.diariochaco.com,Sáenz Peña será sede del IX Congreso sobre Historia del Chaco y sus Pueblos
2026-06-01,2026-W23,provincial,DIARIO CHACO,Chaco,NEA,Resistencia,https://www.diariochaco.com,Inicia el juicio al exsenador Kueider por el traslado de más de US$ 200.000 sin declarar
2026-06-01,2026-W23,provincial,DIARIO CHACO,Chaco,NEA,Resistencia,https://www.diariochaco.com,Buscan a Jonathan Blanco: desapareció el sábado y su celular fue hallado en una zona de pastizales
2026-06-01,2026-W23,provincial,DIARIO CHACO,Chaco,NEA,Resistencia,https://www.diariochaco.com,Clint Eastwood y el fin de una era: la declaración de su hijo que sorprendió a Hollywood
2026-06-01,2026-W23,provincial,DIARIO CHACO,Chaco,NEA,Resistencia,https://www.diariochaco.com,"El Gobierno reglamentó el FAL, el fondo creado para financiar indemnizaciones"
2026-06-01,2026-W23,provincial,DIARIO CHACO,Chaco,NEA,Resistencia,https://www.diariochaco.com,Más de 50 motos secuestradas y 15 casos de alcoholemias positiva durante el fin de semana
2026-06-01,2026-W23,provincial,DIARIO CHACO,Chaco,NEA,Resistencia,https://www.diariochaco.com,"A 52 años de la maniobra de Heimlich, la técnica que revolucionó los primeros auxilios"
2026-06-01,2026-W23,provincial,DIARIO CHACO,Chaco,NEA,Resistencia,https://www.diariochaco.com,Dos detenidos por una presunta tentativa de homicidio contra un adolescente en Santa Sylvina
2026-06-01,2026-W23,provincial,DIARIO CHACO,Chaco,NEA,Resistencia,https://www.diariochaco.com,Junio arranca con uno de los procesos más esperados: el caso Loan llega a juicio
2026-06-01,2026-W23,provincial,DIARIO CHACO,Chaco,NEA,Resistencia,https://www.diariochaco.com,"Con un video de Hugo Chávez, Milei cruzó al kirchnerismo: ""Lobo con piel de cordero"""
2026-06-01,2026-W23,provincial,DIARIO CHACO,Chaco,NEA,Resistencia,https://www.diariochaco.com,Este lunes comenzará a atender el Tren 25 de Mayo en Hermoso Campo
2026-06-01,2026-W23,provincial,DIARIO CHACO,Chaco,NEA,Resistencia,https://www.diariochaco.com,CAME rechazó la reforma tributaria del FMI y pidió otro rumbo fiscal
2026-06-01,2026-W23,provincial,DIARIO CHACO,Chaco,NEA,Resistencia,https://www.diariochaco.com,"Pérez Pons aseguró que ""Chaco tiene la fuerza y la gente para salir adelante"""
2026-06-01,2026-W23,provincial,LA VOZ DEL CHACO,Chaco,NEA,Resistencia,https://www.diariolavozdelchaco.com,Diario La Voz / Noticias de Chaco
2026-06-01,2026-W23,provincial,LA VOZ DEL CHACO,Chaco,NEA,Resistencia,https://www.diariolavozdelchaco.com,"Tras 50 años, el hombre vuelve a la luna en la Misión Artemis II"
2026-06-01,2026-W23,provincial,LA VOZ DEL CHACO,Chaco,NEA,Resistencia,https://www.diariolavozdelchaco.com,FECHACO: el empleo privado continúa en caída en la Provincia
2026-06-01,2026-W23,provincial,LA VOZ DEL CHACO,Chaco,NEA,Resistencia,https://www.diariolavozdelchaco.com,Caso Axel: la Fiscalía pidió la intervención de fuerzas federales en la búsqueda del joven
2026-06-01,2026-W23,provincial,LA VOZ DEL CHACO,Chaco,NEA,Resistencia,https://www.diariolavozdelchaco.com,Tren 25 de Mayo llegó a Hermoso Campo y hubo gran participación de vecinos
2026-06-01,2026-W23,provincial,LA VOZ DEL CHACO,Chaco,NEA,Resistencia,https://www.diariolavozdelchaco.com,Femicidio de Agostina: la autopsia confirmó abuso sexual seguido de asfixia
2026-06-01,2026-W23,provincial,LA VOZ DEL CHACO,Chaco,NEA,Resistencia,https://www.diariolavozdelchaco.com,Pía Cavana denunció abandono estatal y violencia institucional en el caso Gusak
2026-06-01,2026-W23,provincial,LA VOZ DEL CHACO,Chaco,NEA,Resistencia,https://www.diariolavozdelchaco.com,"Caso Axel, día 15: el MPF lanzó una convocatoria pública y la Policía intensificó los rastrillajes"
2026-06-01,2026-W23,provincial,LA VOZ DEL CHACO,Chaco,NEA,Resistencia,https://www.diariolavozdelchaco.com,Inseguridad en Sáenz Peña: otro violento robo a un kiosco 24 horas y crece la preocupación de comerciantes
2026-06-01,2026-W23,provincial,LA VOZ DEL CHACO,Chaco,NEA,Resistencia,https://www.diariolavozdelchaco.com,Cambia el recibo de sueldo: el modelo que deberán usar los empleadores tras los cambios de la reforma laboral
2026-06-01,2026-W23,provincial,LA VOZ DEL CHACO,Chaco,NEA,Resistencia,https://www.diariolavozdelchaco.com,Resistencia: robó una panadería y lo atraparon
2026-06-01,2026-W23,provincial,LA VOZ DEL CHACO,Chaco,NEA,Resistencia,https://www.diariolavozdelchaco.com,Otro joven desaparecido en Chaco: hallaron el celular de Jonathan Blanco en una zona rural de Puerto Tirol y la Policía intensifica la búsqueda
2026-06-01,2026-W23,provincial,LA VOZ DEL CHACO,Chaco,NEA,Resistencia,https://www.diariolavozdelchaco.com,MEU lanzó “Movilidad Solidaria” y asistió a todos los adultos mayores pese al temporal en Resistencia
2026-06-01,2026-W23,provincial,LA VOZ DEL CHACO,Chaco,NEA,Resistencia,https://www.diariolavozdelchaco.com,Resistencia: inauguraron la Plaza 12 Octubre
2026-06-01,2026-W23,provincial,LA VOZ DEL CHACO,Chaco,NEA,Resistencia,https://www.diariolavozdelchaco.com,«Acá estamos»: semana de actividades por Ni Una Menos en Sáenz Peña
2026-06-01,2026-W23,provincial,LA VOZ DEL CHACO,Chaco,NEA,Resistencia,https://www.diariolavozdelchaco.com,Villagra denunció contrataciones directas en Resistencia: «No hay obras por licitación»
2026-06-01,2026-W23,provincial,LA VOZ DEL CHACO,Chaco,NEA,Resistencia,https://www.diariolavozdelchaco.com,Bonfanti advirtió sobre la urgencia de fortalecer la donación de órganos
2026-06-01,2026-W23,provincial,LA VOZ DEL CHACO,Chaco,NEA,Resistencia,https://www.diariolavozdelchaco.com,Valeria Di Croce: «Hoy el poder político y económico se disputa desde las plataformas y la IA»
2026-06-01,2026-W23,provincial,LA VOZ DEL CHACO,Chaco,NEA,Resistencia,https://www.diariolavozdelchaco.com,Gobernadores del Norte Grande se reunirán por la agenda energética
2026-06-01,2026-W23,provincial,LA VOZ DEL CHACO,Chaco,NEA,Resistencia,https://www.diariolavozdelchaco.com,El Impenetrable: la laguna El Suri en todo su esplendor
2026-06-01,2026-W23,provincial,LA VOZ DEL CHACO,Chaco,NEA,Resistencia,https://www.diariolavozdelchaco.com,Se realizó el sorteo de espacios de la 23ª edición de Agronea 2026 en Charata
2026-06-01,2026-W23,provincial,LA VOZ DEL CHACO,Chaco,NEA,Resistencia,https://www.diariolavozdelchaco.com,Papp recibió material histórico para el centro de veteranos de Malvinas
2026-06-01,2026-W23,provincial,LA VOZ DEL CHACO,Chaco,NEA,Resistencia,https://www.diariolavozdelchaco.com,"Papp: «Villa Ángela crece gracias al trabajo, la inversión privada y una gestión honesta»"
2026-06-01,2026-W23,provincial,LA VOZ DEL CHACO,Chaco,NEA,Resistencia,https://www.diariolavozdelchaco.com,Tragedia en Ruta 16: dos fallecidos y un herido tras un grave choque cerca de Pampa del Infierno
2026-06-01,2026-W23,provincial,LA VOZ DEL CHACO,Chaco,NEA,Resistencia,https://www.diariolavozdelchaco.com,Hallaron ahorcado a un joven de 16 años en una vivienda de Resistencia
2026-06-01,2026-W23,provincial,LA VOZ DEL CHACO,Chaco,NEA,Resistencia,https://www.diariolavozdelchaco.com,Condena a penitenciarios por fuerte golpiza y muerte de un preso
2026-06-01,2026-W23,provincial,LA VOZ DEL CHACO,Chaco,NEA,Resistencia,https://www.diariolavozdelchaco.com,Denuncian que el Insssep incumple una orden judicial por un joven con discapacidad severa
2026-06-01,2026-W23,provincial,LA VOZ DEL CHACO,Chaco,NEA,Resistencia,https://www.diariolavozdelchaco.com,Rechazaron un juicio abreviado por la muerte de Milagros Machuca y la familia exige un juicio oral
2026-06-01,2026-W23,provincial,LA VOZ DEL CHACO,Chaco,NEA,Resistencia,https://www.diariolavozdelchaco.com,Violento incidente por la clausura de local comercial
2026-06-01,2026-W23,provincial,LA VOZ DEL CHACO,Chaco,NEA,Resistencia,https://www.diariolavozdelchaco.com,"For Ever no se entregó, reaccionó a tiempo y rescató un punto en Salta"
2026-06-01,2026-W23,provincial,LA VOZ DEL CHACO,Chaco,NEA,Resistencia,https://www.diariolavozdelchaco.com,Ghidini: «Sabemos que podemos competir en cualquier cancha»
2026-06-01,2026-W23,provincial,LA VOZ DEL CHACO,Chaco,NEA,Resistencia,https://www.diariolavozdelchaco.com,For Ever visita a Central Norte buscando acercarse al resto de los equipos
2026-06-01,2026-W23,provincial,LA VOZ DEL CHACO,Chaco,NEA,Resistencia,https://www.diariolavozdelchaco.com,"Hindú aseguró el segundo puesto, pero puede quedarse con el primer lugar"
2026-06-01,2026-W23,provincial,LA VOZ DEL CHACO,Chaco,NEA,Resistencia,https://www.diariolavozdelchaco.com,Curne busca su primera victoria en el Torneo del Interior
2026-06-01,2026-W23,provincial,LA VOZ DEL CHACO,Chaco,NEA,Resistencia,https://www.diariolavozdelchaco.com,Don Bosco depende de sí mismo y quedó a un paso de los play off
2026-06-01,2026-W23,provincial,LA VOZ DEL CHACO,Chaco,NEA,Resistencia,https://www.diariolavozdelchaco.com,Nuevo torneo de powerlifting organizado junto a Pampa Gym
2026-06-01,2026-W23,provincial,LA VOZ DEL CHACO,Chaco,NEA,Resistencia,https://www.diariolavozdelchaco.com,"Escándalo en Resistencia: clausuras selectivas, acusaciones de coimas y un operativo municipal que terminó con detenidos"
2026-06-01,2026-W23,provincial,LA VOZ DEL CHACO,Chaco,NEA,Resistencia,https://www.diariolavozdelchaco.com,“Entre el cielo y la tierra” ya abrió sus puertas en el Museo de Ciencias Naturales Augusto Schulz
2026-06-01,2026-W23,provincial,LA VOZ DEL CHACO,Chaco,NEA,Resistencia,https://www.diariolavozdelchaco.com,"Nuevos dispositivos duales para la prevención de la violencia de género: «Esto es una pandemia», reconoció la subsecretaria de Justicia"
2026-06-01,2026-W23,provincial,LA VOZ DEL CHACO,Chaco,NEA,Resistencia,https://www.diariolavozdelchaco.com,Samuel Vargas: «Necesitábamos abrir la puerta para la inversión privada»
2026-06-01,2026-W23,provincial,LA VOZ DEL CHACO,Chaco,NEA,Resistencia,https://www.diariolavozdelchaco.com,Szymula: «El Puerto de Barranqueras no es competitivo; hay que apostar al ferrocarril»
2026-06-01,2026-W23,provincial,LA VOZ DEL CHACO,Chaco,NEA,Resistencia,https://www.diariolavozdelchaco.com,Leila Guarnieri: «Eliminar el etiquetado sería un retroceso en términos de salud»
2026-06-01,2026-W23,provincial,LA VOZ DEL CHACO,Chaco,NEA,Resistencia,https://www.diariolavozdelchaco.com,Sociedad Pía Cavana denunció abandono estatal y violencia institucional en el caso Gusak
2026-06-01,2026-W23,provincial,LA VOZ DEL CHACO,Chaco,NEA,Resistencia,https://www.diariolavozdelchaco.com,"Policiales Caso Axel, día 15: el MPF lanzó una convocatoria pública y la Policía intensificó los rastrillajes"
2026-06-01,2026-W23,provincial,LA VOZ DEL CHACO,Chaco,NEA,Resistencia,https://www.diariolavozdelchaco.com,Policiales Inseguridad en Sáenz Peña: otro violento robo a un kiosco 24 horas y crece la preocupación de comerciantes
2026-06-01,2026-W23,provincial,NORTE,Chaco,NEA,Resistencia,https://www.diarionorte.com,Por la desaparición de Axel González. La fiscal Arolfo en sintonía con su par Santos pidió asistencia de fuerzas federales
2026-06-01,2026-W23,provincial,NORTE,Chaco,NEA,Resistencia,https://www.diarionorte.com,Hace quince días no aparece. Caso Axel González: la Fiscalía pide aportar datos y garantiza protección
2026-06-01,2026-W23,provincial,NORTE,Chaco,NEA,Resistencia,https://www.diarionorte.com,"Búsqueda de personas. Con más operativos y rastrillajes, intensifican la búsqueda de Axel y Jonathan"
2026-06-01,2026-W23,provincial,NORTE,Chaco,NEA,Resistencia,https://www.diarionorte.com,"Un intendente de Santa Fe pidió licencia para ir al Mundial con los amigos: ""Lo necesito, trabajo mucho"""
2026-06-01,2026-W23,provincial,NORTE,Chaco,NEA,Resistencia,https://www.diarionorte.com,"Renovación en River. El presidente Di Carlo anticipó que ""se van a ir 15 jugadores"""
2026-06-01,2026-W23,provincial,NORTE,Chaco,NEA,Resistencia,https://www.diarionorte.com,"Conociendo Rusia presenta ""Mateo"" en Corrientes y Resistencia"
2026-06-01,2026-W23,provincial,NORTE,Chaco,NEA,Resistencia,https://www.diarionorte.com,Inseguridad en Sáenz Peña. Asaltó un kiosco 24 horas y escapó con más de $150 mil: la empleada se defendió con gas pimienta
2026-06-01,2026-W23,provincial,NORTE,Chaco,NEA,Resistencia,https://www.diarionorte.com,La Armonía ya tiene energía eléctrica: el sueño de décadas que cambia la vida en El Impenetrable
2026-06-01,2026-W23,provincial,NORTE,Chaco,NEA,Resistencia,https://www.diarionorte.com,Claudio Úbeda dejó de ser el entrenador de Boca
2026-06-01,2026-W23,provincial,NORTE,Chaco,NEA,Resistencia,https://www.diarionorte.com,Día Mundial de la Leche: sus múltiples beneficios para la salud respaldados por la ciencia
2026-06-01,2026-W23,provincial,NORTE,Chaco,NEA,Resistencia,https://www.diarionorte.com,Inmunosenescencia. Siete cambios de rutina que protegen el sistema inmunológico a partir de los 40 años
2026-06-01,2026-W23,provincial,NORTE,Chaco,NEA,Resistencia,https://www.diarionorte.com,Guiso de fideos: un plato económico y fácil de hacer 🍲
2026-06-01,2026-W23,provincial,NORTE,Chaco,NEA,Resistencia,https://www.diarionorte.com,Manjar. Así se preparan las más ricas pechugas rellenas con espinaca y queso
2026-06-01,2026-W23,provincial,NORTE,Chaco,NEA,Resistencia,https://www.diarionorte.com,Accesibilidad y bajo costo relativo frente a otras opciones. Diez beneficios que convierten el huevo duro en un alimento casi perfecto
2026-06-01,2026-W23,provincial,NORTE,Chaco,NEA,Resistencia,https://www.diarionorte.com,Edición del 01-06-2026
2026-06-01,2026-W23,provincial,NORTE,Chaco,NEA,Resistencia,https://www.diarionorte.com,"Ni Una Menos. Sáenz Peña se moviliza con una semana de actividades, debates y marcha contra la violencia de género"
2026-06-01,2026-W23,provincial,NORTE,Chaco,NEA,Resistencia,https://www.diarionorte.com,El rumbo de la gestión. El Gobierno oficializó el régimen para regularizar trabajadores que incluye la condonación de deudas por falta de pago de aportes
2026-06-01,2026-W23,provincial,NORTE,Chaco,NEA,Resistencia,https://www.diarionorte.com,Memorias de Resistencia. Cuando Noetinger Lepetit SA fue un emporio en La Escondida
2026-06-01,2026-W23,provincial,NORTE,Chaco,NEA,Resistencia,https://www.diarionorte.com,Carta de lectores. Peronismo inconcluso: ¿quién le teme a la planificación?
2026-06-01,2026-W23,provincial,NORTE,Chaco,NEA,Resistencia,https://www.diarionorte.com,Inmunización y su rol en la salud pública
2026-06-01,2026-W23,provincial,NORTE,Chaco,NEA,Resistencia,https://www.diarionorte.com,Intensa búsqueda en Puerto Tirol. Hallaron el celular de Jonathan Blanco y refuerzan los rastrillajes con drones y perros
2026-06-01,2026-W23,provincial,NORTE,Chaco,NEA,Resistencia,https://www.diarionorte.com,Plataforma de comercio internacional con impacto. El Gran Chaco Americano se convierte en el primer bioma RITA
2026-06-01,2026-W23,provincial,NORTE,Chaco,NEA,Resistencia,https://www.diarionorte.com,Liga Federal de Básquet. Mitre se quedó con el uno e Hindú confirmó su gran campaña: así quedó el camino hacia los playoffs del NEA
2026-06-01,2026-W23,provincial,NORTE,Chaco,NEA,Resistencia,https://www.diarionorte.com,Madrugada agitada. Desorden callejero en Resistencia: tres menores demorados y cartuchos secuestrados
2026-06-01,2026-W23,provincial,NORTE,Chaco,NEA,Resistencia,https://www.diarionorte.com,Otoño. Resistencia comienza junio con mañanas frescas y tardes agradables: así seguirá el tiempo durante la semana
2026-06-01,2026-W23,provincial,NORTE,Chaco,NEA,Resistencia,https://www.diarionorte.com,Debate sobre el futuro del organismo. Advierten que la investigación para pequeños productores quedará sin respaldo si se reduce el rol del INTA
2026-06-01,2026-W23,provincial,NORTE,Chaco,NEA,Resistencia,https://www.diarionorte.com,La tecnología fue clave: rastrearon botín robado en Corrientes y lo recuperan en Resistencia
2026-06-01,2026-W23,provincial,NORTE,Chaco,NEA,Resistencia,https://www.diarionorte.com,Matilda y “Pipi”. La historia de la niña chaqueña que volvió a vivir gracias a un trasplante renal
2026-06-01,2026-W23,provincial,NORTE,Chaco,NEA,Resistencia,https://www.diarionorte.com,"Los centros de datos. El nuevo ""paciente crítico"" del sistema eléctrico europeo"
2026-06-01,2026-W23,provincial,NORTE,Chaco,NEA,Resistencia,https://www.diarionorte.com,"La IA irrumpe en la sanidad. Los juristas alertan de un ""vacío normativo"" que expone la responsabilidad médica"
2026-06-01,2026-W23,provincial,NORTE,Chaco,NEA,Resistencia,https://www.diarionorte.com,"Valeria Luiselli: ""Es una postura política no sucumbir a la tentación de la catástrofe"""
2026-06-01,2026-W23,provincial,NORTE,Chaco,NEA,Resistencia,https://www.diarionorte.com,Tras el fallo de Casación penal. El gobierno inició rondas técnicas para avanzar con el ordenamiento de bosques
2026-06-01,2026-W23,provincial,NORTE,Chaco,NEA,Resistencia,https://www.diarionorte.com,"""Entre el cielo y la tierra"". El Museo de Ciencias Naturales inaugura una muestra sobre Campo del Cielo y la cosmovisión mocoví"
2026-06-01,2026-W23,provincial,NORTE,Chaco,NEA,Resistencia,https://www.diarionorte.com,"Preocupante baja de la vacunación infantil. Doctor Sergio Antunez: ""Las vacunas no enferman: salvan vidas"""
2026-06-01,2026-W23,provincial,NORTE,Chaco,NEA,Resistencia,https://www.diarionorte.com,Nuevos perfiles docentes. Educación inclusiva: futuros docentes del Chaco se capacitaron para afrontar nuevos desafíos en el aula
2026-06-01,2026-W23,provincial,NORTE,Chaco,NEA,Resistencia,https://www.diarionorte.com,Debate por los cuidacoches en Resistencia. Exfuncionario cuestionó el proyecto para prohibir a trapitos y pidió una política de inclusión
2026-06-01,2026-W23,provincial,NORTE,Chaco,NEA,Resistencia,https://www.diarionorte.com,Federal A. Sarmiento sumó su tercera derrota en fila
2026-06-01,2026-W23,provincial,NORTE,Chaco,NEA,Resistencia,https://www.diarionorte.com,Por un choque. Otro mal momento en el puente Chaco - Corrientes
2026-06-01,2026-W23,provincial,NORTE,Chaco,NEA,Resistencia,https://www.diarionorte.com,Día Mundial Sin Tabaco. Advierten sobre el riesgo de los vapeadores
2026-06-01,2026-W23,provincial,NORTE,Chaco,NEA,Resistencia,https://www.diarionorte.com,Veda extraordinaria. Rige la prohibición de pesca en el Chaco y refuerzan controles
2026-06-01,2026-W23,provincial,NORTE,Chaco,NEA,Resistencia,https://www.diarionorte.com,Santa Rita en imágenes: la fe y la esperanza volvieron a colmar las calles de Puerto Tirol
2026-06-01,2026-W23,provincial,NORTE,Chaco,NEA,Resistencia,https://www.diarionorte.com,Dolor y pedido de justicia: las imágenes de la marcha por Graciela López
2026-06-01,2026-W23,provincial,NORTE,Chaco,NEA,Resistencia,https://www.diarionorte.com,"Condena histórica a Tito López: las imágenes de una jornada caliente, en lente de NORTE"
2026-06-01,2026-W23,provincial,NORTE,Chaco,NEA,Resistencia,https://www.diarionorte.com,"El análisis del especialista con foco en la eficiencia logística. Szymula: ""El Chaco debe apostar fuertemente al ferrocarril para sacar su producción"""
2026-06-01,2026-W23,provincial,NORTE,Chaco,NEA,Resistencia,https://www.diarionorte.com,"Machagai. Buscan a Carla Silvana Cruz, de 22 años de edad"
2026-06-01,2026-W23,provincial,NORTE,Chaco,NEA,Resistencia,https://www.diarionorte.com,El Tren 25 de Mayo llegó al Chaco: desde este lunes brindará atención médica y trámites gratuitos en Hermoso Campo
2026-06-01,2026-W23,provincial,NORTE,Chaco,NEA,Resistencia,https://www.diarionorte.com,Federal A. Defensores no hizo pie
2026-06-01,2026-W23,provincial,NORTE,Chaco,NEA,Resistencia,https://www.diarionorte.com,Asesinato de Agostina. Concejala cordobesa reclamó el Jury contra el fiscal Garzón
2026-06-01,2026-W23,provincial,NORTE,Chaco,NEA,Resistencia,https://www.diarionorte.com,La selección llegó a Estados Unidos para defender su título en el Mundial
2026-06-01,2026-W23,provincial,NORTE,Chaco,NEA,Resistencia,https://www.diarionorte.com,Los días eran así
2026-06-01,2026-W23,provincial,EL LIBERTADOR,Corrientes,NEA,Corrientes,https://www.diarioellibertador.com.ar,Diario El Libertador / Noticias de Corrientes
2026-06-01,2026-W23,provincial,EL LIBERTADOR,Corrientes,NEA,Corrientes,https://www.diarioellibertador.com.ar,"Virasoro: para el CEO de la firma inversora, “Corrientes fue el Plan A, el B y el C”"
2026-06-01,2026-W23,provincial,EL LIBERTADOR,Corrientes,NEA,Corrientes,https://www.diarioellibertador.com.ar,El precio para ver el Mundial: 15 mil dólares que pocos pueden pagar
2026-06-01,2026-W23,provincial,EL LIBERTADOR,Corrientes,NEA,Corrientes,https://www.diarioellibertador.com.ar,Gran inversión en Virasoro: el intendente De La Cruz explicó lo que se viene
2026-06-01,2026-W23,provincial,EL LIBERTADOR,Corrientes,NEA,Corrientes,https://www.diarioellibertador.com.ar,Desarrollo forestal: Virasoro albergará la primera planta de madera estructural
2026-06-01,2026-W23,provincial,EL LIBERTADOR,Corrientes,NEA,Corrientes,https://www.diarioellibertador.com.ar,«Salvar vidas y estar cerca del vecino»: las historias detrás de los 20 años de la Guardia Urbana
2026-06-01,2026-W23,provincial,EL LIBERTADOR,Corrientes,NEA,Corrientes,https://www.diarioellibertador.com.ar,La mañana en que Corrientes desapareció bajo un manto blanco
2026-06-01,2026-W23,provincial,EL LIBERTADOR,Corrientes,NEA,Corrientes,https://www.diarioellibertador.com.ar,Un camión de residuos se incrustó contra un poste en plena avenida Independencia
2026-06-01,2026-W23,provincial,EL LIBERTADOR,Corrientes,NEA,Corrientes,https://www.diarioellibertador.com.ar,Scaloni dio la lista para el Mundial: hay un correntino entre los elegidos
2026-06-01,2026-W23,provincial,EL LIBERTADOR,Corrientes,NEA,Corrientes,https://www.diarioellibertador.com.ar,A escena los cuartos de final del fútbol liguista
2026-06-01,2026-W23,provincial,EL LIBERTADOR,Corrientes,NEA,Corrientes,https://www.diarioellibertador.com.ar,Una correntina fue convocada a la Selección Argentina U18 para la AmeriCup
2026-06-01,2026-W23,provincial,EL LIBERTADOR,Corrientes,NEA,Corrientes,https://www.diarioellibertador.com.ar,Amad y Regatas Corrientes campeones
2026-06-01,2026-W23,provincial,EL LIBERTADOR,Corrientes,NEA,Corrientes,https://www.diarioellibertador.com.ar,Identificaron al joven que murió en la ruta 27
2026-06-01,2026-W23,provincial,EL LIBERTADOR,Corrientes,NEA,Corrientes,https://www.diarioellibertador.com.ar,¿Cuándo es el próximo «finde» largo? Los días de descanso previos a las vacaciones de invierno
2026-06-01,2026-W23,provincial,EL LIBERTADOR,Corrientes,NEA,Corrientes,https://www.diarioellibertador.com.ar,Goya Atletismo descolló en la Copa Nacional de Clubes de Lanzamientos
2026-06-01,2026-W23,provincial,EL LIBERTADOR,Corrientes,NEA,Corrientes,https://www.diarioellibertador.com.ar,Goya palpita el Mundial con un masivo intercambio de figuritas
2026-06-01,2026-W23,provincial,EL LIBERTADOR,Corrientes,NEA,Corrientes,https://www.diarioellibertador.com.ar,Operativos nocturnos de la Policía dejaron varios demorados y secuestros en la ciudad
2026-06-01,2026-W23,provincial,EL LIBERTADOR,Corrientes,NEA,Corrientes,https://www.diarioellibertador.com.ar,"En el 220º aniversario de San Luis, Juan Pablo anunció obras clave"
2026-06-01,2026-W23,provincial,EL LIBERTADOR,Corrientes,NEA,Corrientes,https://www.diarioellibertador.com.ar,Está todo listo para que la Agencia de Desarrollo e Inversiones sea ley
2026-06-01,2026-W23,provincial,EL LIBERTADOR,Corrientes,NEA,Corrientes,https://www.diarioellibertador.com.ar,La Municipalidad paga las becas estudiantiles
2026-06-01,2026-W23,provincial,EL LIBERTADOR,Corrientes,NEA,Corrientes,https://www.diarioellibertador.com.ar,El IPS amplía la atención y servicios en el Interior
2026-06-01,2026-W23,provincial,EL LIBERTADOR,Corrientes,NEA,Corrientes,https://www.diarioellibertador.com.ar,"Saladas homenajeó a Marciano Verón, el hijo de su tierra que se convirtió en héroe nacional"
2026-06-01,2026-W23,provincial,EL LIBERTADOR,Corrientes,NEA,Corrientes,https://www.diarioellibertador.com.ar,Día de oración «por las necesidades del pueblo»
2026-06-01,2026-W23,provincial,EL LIBERTADOR,Corrientes,NEA,Corrientes,https://www.diarioellibertador.com.ar,Sueldos de mayo para la administración pública: el Gobierno confirmó el cronograma
2026-06-01,2026-W23,provincial,EL LIBERTADOR,Corrientes,NEA,Corrientes,https://www.diarioellibertador.com.ar,El costo de la crisis: por qué cierra la histórica estación Shell tras tres décadas de actividad
2026-06-01,2026-W23,provincial,EL LIBERTADOR,Corrientes,NEA,Corrientes,https://www.diarioellibertador.com.ar,"Tras la detección de radares ilegales, solo hay 52 autorizados en Corrientes"
2026-06-01,2026-W23,provincial,EL LIBERTADOR,Corrientes,NEA,Corrientes,https://www.diarioellibertador.com.ar,Pedro firmó convenios para fortalecer la formación educativa y productiva
2026-06-01,2026-W23,provincial,EL LIBERTADOR,Corrientes,NEA,Corrientes,https://www.diarioellibertador.com.ar,¿Por qué da tanto miedo La Pora? Una leyenda viva en todo el Litoral
2026-06-01,2026-W23,provincial,EL LIBERTADOR,Corrientes,NEA,Corrientes,https://www.diarioellibertador.com.ar,"La Opinión, el diario correntino que una vez logró espantar a un fantasma"
2026-06-01,2026-W23,provincial,EL LIBERTADOR,Corrientes,NEA,Corrientes,https://www.diarioellibertador.com.ar,¿Alguien recuerda al cine Ferré? Una gran pantalla olvidada en Corrientes
2026-06-01,2026-W23,provincial,EL LIBERTADOR,Corrientes,NEA,Corrientes,https://www.diarioellibertador.com.ar,La Justicia quema hoy más de 20 kilos de marihuana secuestrados en San Luis del Palmar
2026-06-01,2026-W23,provincial,EL LIBERTADOR,Corrientes,NEA,Corrientes,https://www.diarioellibertador.com.ar,Tragedia en la Ruta 27: un motociclista murió en un violento choque múltiple
2026-06-01,2026-W23,provincial,EL LIBERTADOR,Corrientes,NEA,Corrientes,https://www.diarioellibertador.com.ar,Una muerte volvió a abrir el debate sobre la «justicia» por mano propia
2026-06-01,2026-W23,provincial,EL LIBERTADOR,Corrientes,NEA,Corrientes,https://www.diarioellibertador.com.ar,Corrientes: grabaron el momento exacto en que un delincuente robó una cartera
2026-06-01,2026-W23,provincial,EL LIBERTADOR,Corrientes,NEA,Corrientes,https://www.diarioellibertador.com.ar,El Abuelo y Las Vikingas se adjudicaron la “Goya Handball Cup”
2026-06-01,2026-W23,provincial,EL LIBERTADOR,Corrientes,NEA,Corrientes,https://www.diarioellibertador.com.ar,"Victoria, el rival de Lipton en la final Provincial"
2026-06-01,2026-W23,provincial,EL LIBERTADOR,Corrientes,NEA,Corrientes,https://www.diarioellibertador.com.ar,Boca Unidos y un triunfo super necesario
2026-06-01,2026-W23,provincial,EL LIBERTADOR,Corrientes,NEA,Corrientes,https://www.diarioellibertador.com.ar,Furia en la noche correntina: brutal «ring» femenino a la salida de un boliche
2026-06-01,2026-W23,provincial,EL LIBERTADOR,Corrientes,NEA,Corrientes,https://www.diarioellibertador.com.ar,Pánico en una playa correntina: bañistas tuvieron que huir de un convoy de barcazas a la deriva
2026-06-01,2026-W23,provincial,EL LIBERTADOR,Corrientes,NEA,Corrientes,https://www.diarioellibertador.com.ar,"La Pilarcita, Ariel Báez y Valdés opinaron sobre los dichos del «Bocha» Sheridan"
2026-06-01,2026-W23,provincial,EL LIBERTADOR,Corrientes,NEA,Corrientes,https://www.diarioellibertador.com.ar,Los Vecinos “la rompieron” en el Cocomarola: del pop de Miranda al “sapucay” de la gente
2026-06-01,2026-W23,provincial,EL LIBERTADOR,Corrientes,NEA,Corrientes,https://www.diarioellibertador.com.ar,Lazaroff: «El Estado nacional le debe 5 meses a quienes no tienen a nadie más»
2026-06-01,2026-W23,provincial,EL LIBERTADOR,Corrientes,NEA,Corrientes,https://www.diarioellibertador.com.ar,"Bocalón: «Al problema vecinal hay que verlo, no es lo mismo que te lo cuenten»"
2026-06-01,2026-W23,provincial,EL LIBERTADOR,Corrientes,NEA,Corrientes,https://www.diarioellibertador.com.ar,Juan Pablo Valdés: «Debemos diagramar una Argentina mucho más federal y equitativa»
2026-06-01,2026-W23,provincial,EL LIBERTADOR,Corrientes,NEA,Corrientes,https://www.diarioellibertador.com.ar,Ñante Arte tuvo su primera jornada educativa en el jardín Manuelita
2026-06-01,2026-W23,provincial,EL LIBERTADOR,Corrientes,NEA,Corrientes,https://www.diarioellibertador.com.ar,Sociedad La mañana en que Corrientes desapareció bajo un manto blanco
2026-06-01,2026-W23,provincial,EL LIBERTADOR,Corrientes,NEA,Corrientes,https://www.diarioellibertador.com.ar,Policiales Un camión de residuos se incrustó contra un poste en plena avenida Independencia
2026-06-01,2026-W23,provincial,EL LIBERTADOR,Corrientes,NEA,Corrientes,https://www.diarioellibertador.com.ar,Deportes Scaloni dio la lista para el Mundial: hay un correntino entre los elegidos
2026-06-01,2026-W23,provincial,EL LITORAL,Corrientes,NEA,Corrientes,https://www.ellitoral.com.ar,El Litoral | Novedades de Corrientes
2026-06-01,2026-W23,provincial,EL LITORAL,Corrientes,NEA,Corrientes,https://www.ellitoral.com.ar,Procesamientos por presunta apropiación de bienes en Corrientes
2026-06-01,2026-W23,provincial,EL LITORAL,Corrientes,NEA,Corrientes,https://www.ellitoral.com.ar,Robaron una camioneta en Corrientes y recuperaron el botín por un rastreador satelital
2026-06-01,2026-W23,provincial,EL LITORAL,Corrientes,NEA,Corrientes,https://www.ellitoral.com.ar,Valdés anunció la primera fábrica de CLT del país: del bosque correntino a la construcción
2026-06-01,2026-W23,provincial,EL LITORAL,Corrientes,NEA,Corrientes,https://www.ellitoral.com.ar,🔴EN VIVO AHORA🔴
2026-06-01,2026-W23,provincial,EL LITORAL,Corrientes,NEA,Corrientes,https://www.ellitoral.com.ar,Últimas noticias
2026-06-01,2026-W23,provincial,EL LITORAL,Corrientes,NEA,Corrientes,https://www.ellitoral.com.ar,Axel Kicillof en Corrientes: la agenda completa de reuniones y la cumbre con Valdés
2026-06-01,2026-W23,provincial,EL LITORAL,Corrientes,NEA,Corrientes,https://www.ellitoral.com.ar,Crimen de Agostina: la autopsia reveló que fue abusada y luego murió tras ser asfixiada
2026-06-01,2026-W23,provincial,EL LITORAL,Corrientes,NEA,Corrientes,https://www.ellitoral.com.ar,Corrientes: una persona lesionada en un accidente en plena avenida
2026-06-01,2026-W23,provincial,EL LITORAL,Corrientes,NEA,Corrientes,https://www.ellitoral.com.ar,Condenaron a una abogada correntina por estafas y falsificación de documentos públicos
2026-06-01,2026-W23,provincial,EL LITORAL,Corrientes,NEA,Corrientes,https://www.ellitoral.com.ar,El Gobierno reglamentó el Fondo de Asistencia Laboral: cómo funcionará el nuevo sistema
2026-06-01,2026-W23,provincial,EL LITORAL,Corrientes,NEA,Corrientes,https://www.ellitoral.com.ar,Caso Sussini: condenaron a tres años y medio de cárcel al exlegislador por abuso sexual
2026-06-01,2026-W23,provincial,EL LITORAL,Corrientes,NEA,Corrientes,https://www.ellitoral.com.ar,Destruyeron más de 23 kilos de marihuana secuestrados en San Luis del Palmar
2026-06-01,2026-W23,provincial,EL LITORAL,Corrientes,NEA,Corrientes,https://www.ellitoral.com.ar,Lipton y Victoria definirán el Provincial 2026
2026-06-01,2026-W23,provincial,EL LITORAL,Corrientes,NEA,Corrientes,https://www.ellitoral.com.ar,Claudio Úbeda dejó de ser el entrenador de Boca Juniors
2026-06-01,2026-W23,provincial,EL LITORAL,Corrientes,NEA,Corrientes,https://www.ellitoral.com.ar,Corrientes: diferentes operativos dejaron varios demorados y elementos secuestrados
2026-06-01,2026-W23,provincial,EL LITORAL,Corrientes,NEA,Corrientes,https://www.ellitoral.com.ar,Encontraron dos vacas baleadas durante un rastrillaje en la costa del río Uruguay
2026-06-01,2026-W23,provincial,EL LITORAL,Corrientes,NEA,Corrientes,https://www.ellitoral.com.ar,Allanamiento en un campo de Corrientes: recuperaron 40 colmenas robadas en Entre Ríos
2026-06-01,2026-W23,provincial,EL LITORAL,Corrientes,NEA,Corrientes,https://www.ellitoral.com.ar,Caso Andis: la Justicia autorizó a Gendarmería a analizar los audios de Spagnuolo
2026-06-01,2026-W23,provincial,EL LITORAL,Corrientes,NEA,Corrientes,https://www.ellitoral.com.ar,Empedrado avanza con la creación de su primer museo paleontológico por el Bicentenario
2026-06-01,2026-W23,provincial,EL LITORAL,Corrientes,NEA,Corrientes,https://www.ellitoral.com.ar,Corrientes: habilitan puntos de vacunación y anuncian La Noche de las Vacunas
2026-06-01,2026-W23,provincial,EL LITORAL,Corrientes,NEA,Corrientes,https://www.ellitoral.com.ar,Las tres caras de la corrupción y la voracidad de los nuevos
2026-06-01,2026-W23,provincial,EL LITORAL,Corrientes,NEA,Corrientes,https://www.ellitoral.com.ar,"Con Madariaga en el Gobierno, la grieta se ensanchó"
2026-06-01,2026-W23,provincial,EL LITORAL,Corrientes,NEA,Corrientes,https://www.ellitoral.com.ar,Mi vecino Carlos
2026-06-01,2026-W23,provincial,EL LITORAL,Corrientes,NEA,Corrientes,https://www.ellitoral.com.ar,La silenciosa mutación del consumo y sus derivaciones ineludibles
2026-06-01,2026-W23,provincial,EL LITORAL,Corrientes,NEA,Corrientes,https://www.ellitoral.com.ar,El derrotero oscuro de un pesado y su junior correntino con mamá narco
2026-06-01,2026-W23,provincial,EL LITORAL,Corrientes,NEA,Corrientes,https://www.ellitoral.com.ar,Memorias entrelazadas
2026-06-01,2026-W23,provincial,EL LITORAL,Corrientes,NEA,Corrientes,https://www.ellitoral.com.ar,El eclipse del arquitecto: Europa y la crisis del Orden Internacional Liberal
2026-06-01,2026-W23,provincial,EL LITORAL,Corrientes,NEA,Corrientes,https://www.ellitoral.com.ar,Las utopías libertarias frente al cordón cuneta. El caso Grafton
2026-06-01,2026-W23,provincial,EL LITORAL,Corrientes,NEA,Corrientes,https://www.ellitoral.com.ar,"La salud pública, el Hospital de Campaña y el factor humano"
2026-06-01,2026-W23,provincial,EL LITORAL,Corrientes,NEA,Corrientes,https://www.ellitoral.com.ar,Alquilar en la Argentina de 2026
2026-06-01,2026-W23,provincial,EL LITORAL,Corrientes,NEA,Corrientes,https://www.ellitoral.com.ar,"Apipé no es solo Corrientes: es soberanía, federalismo y Constitución"
2026-06-01,2026-W23,provincial,EL LITORAL,Corrientes,NEA,Corrientes,https://www.ellitoral.com.ar,La incómoda encrucijada de los “siperistas”
2026-06-01,2026-W23,provincial,EL LITORAL,Corrientes,NEA,Corrientes,https://www.ellitoral.com.ar,En el que podría ser el mejor momento
2026-06-01,2026-W23,provincial,EL LITORAL,Corrientes,NEA,Corrientes,https://www.ellitoral.com.ar,Curiosidades mundialistas
2026-06-01,2026-W23,provincial,EL LITORAL,Corrientes,NEA,Corrientes,https://www.ellitoral.com.ar,Hechos curiosos de la Revolución de Mayo
2026-06-01,2026-W23,provincial,EL LITORAL,Corrientes,NEA,Corrientes,https://www.ellitoral.com.ar,Pedro R. Fernández
2026-06-01,2026-W23,provincial,EL LITORAL,Corrientes,NEA,Corrientes,https://www.ellitoral.com.ar,Bonavena-Alí: la gran pelea
2026-06-01,2026-W23,provincial,EL LITORAL,Corrientes,NEA,Corrientes,https://www.ellitoral.com.ar,Fosas comunes en San Juan Curuzú
2026-06-01,2026-W23,provincial,EL LITORAL,Corrientes,NEA,Corrientes,https://www.ellitoral.com.ar,"Crimen de Santa Lucía: una trama de abuso sexual, condena, y disputa de vieja data"
2026-06-01,2026-W23,provincial,EL LITORAL,Corrientes,NEA,Corrientes,https://www.ellitoral.com.ar,Así fue el operativo en la zona 0 de la desaparición de Loan
2026-06-01,2026-W23,provincial,EL LITORAL,Corrientes,NEA,Corrientes,https://www.ellitoral.com.ar,Boca Juniors: los nombres que empiezan a sonar como reemplazo de Úbeda
2026-06-01,2026-W23,provincial,EL LITORAL,Corrientes,NEA,Corrientes,https://www.ellitoral.com.ar,Estudiantes goleó a Rosario Central y pasó a octavos de final de la Copa Argentina
2026-06-01,2026-W23,provincial,EL LITORAL,Corrientes,NEA,Corrientes,https://www.ellitoral.com.ar,Boca Unidos cambió de técnico y volvió al triunfo
2026-06-01,2026-W23,provincial,EL LITORAL,Corrientes,NEA,Corrientes,https://www.ellitoral.com.ar,Traverso tuvo su revancha y logró un histórico triunfo
2026-06-01,2026-W23,provincial,EL LITORAL,Corrientes,NEA,Corrientes,https://www.ellitoral.com.ar,Así es la logística de los convocados por Scaloni a EE.UU. para el Mundial
2026-06-01,2026-W23,provincial,EL LITORAL,Corrientes,NEA,Corrientes,https://www.ellitoral.com.ar,"Valdés habló de la autovía, la visita de Kicillof y nuevas inversiones para Corrientes"
2026-06-01,2026-W23,provincial,EL LITORAL,Corrientes,NEA,Corrientes,https://www.ellitoral.com.ar,Juan Pablo Valdés anunció una millonaria obra hídrica para San Luis del Palmar
2026-06-01,2026-W23,provincial,EL LITORAL,Corrientes,NEA,Corrientes,https://www.ellitoral.com.ar,Crimen de Agostina Vega en Córdoba: los estremecedores detalles del hallazgo del cuerpo
2026-06-01,2026-W23,provincial,EL LITORAL,Corrientes,NEA,Corrientes,https://www.ellitoral.com.ar,ANUNCIOS CLASIFICADOS
2026-06-01,2026-W23,provincial,ÉPOCA,Corrientes,NEA,Corrientes,https://www.diarioepoca.com,Incendio destruyó por completo una pensión en el barrio Sol de Mayo
2026-06-01,2026-W23,provincial,ÉPOCA,Corrientes,NEA,Corrientes,https://www.diarioepoca.com,Corrientes fue elegida para radicar la primera planta industrial de Mass Timber de la Argentina
2026-06-01,2026-W23,provincial,ÉPOCA,Corrientes,NEA,Corrientes,https://www.diarioepoca.com,"Corrientes acumuló 58,8 milímetros de lluvia en mayo"
2026-06-01,2026-W23,provincial,ÉPOCA,Corrientes,NEA,Corrientes,https://www.diarioepoca.com,Condenaron a Manuel Sussini por abuso sexual simple continuado
2026-06-01,2026-W23,provincial,ÉPOCA,Corrientes,NEA,Corrientes,https://www.diarioepoca.com,Tres hermanos buscan una familia para crecer juntos y construir un futuro
2026-06-01,2026-W23,provincial,ÉPOCA,Corrientes,NEA,Corrientes,https://www.diarioepoca.com,La Justicia destruyó más de 23 kilos de marihuana secuestrados en Corrientes
2026-06-01,2026-W23,provincial,ÉPOCA,Corrientes,NEA,Corrientes,https://www.diarioepoca.com,Junio inicia con un nuevo recorrido de las Ferias de la Ciudad
2026-06-01,2026-W23,provincial,ÉPOCA,Corrientes,NEA,Corrientes,https://www.diarioepoca.com,Raúl Andrés Duarte es el nuevo Delegado Rectoral del Instituto de Servicios Sociales de la UNNE
2026-06-01,2026-W23,provincial,ÉPOCA,Corrientes,NEA,Corrientes,https://www.diarioepoca.com,Salud presentó la evaluación preliminar de la vacuna contra el Virus Sincicial Respiratorio
2026-06-01,2026-W23,provincial,ÉPOCA,Corrientes,NEA,Corrientes,https://www.diarioepoca.com,Pettovello fue recibida por el papa León XIV durante su visita al Vaticano
2026-06-01,2026-W23,provincial,ÉPOCA,Corrientes,NEA,Corrientes,https://www.diarioepoca.com,Monseñor Canecín recibió a los fundadores de la Fazenda de la Esperanza
2026-06-01,2026-W23,provincial,ÉPOCA,Corrientes,NEA,Corrientes,https://www.diarioepoca.com,Edición del 01/06/2026
2026-06-01,2026-W23,provincial,ÉPOCA,Corrientes,NEA,Corrientes,https://www.diarioepoca.com,La Guardia Urbana cumple 20 años de servicio en las calles
2026-06-01,2026-W23,provincial,ÉPOCA,Corrientes,NEA,Corrientes,https://www.diarioepoca.com,Recomiendan completar el calendario de vacunación y antigripal para grupos de riesgo
2026-06-01,2026-W23,provincial,ÉPOCA,Corrientes,NEA,Corrientes,https://www.diarioepoca.com,Venta de álbumes Panini del Mundial sin cargo
2026-06-01,2026-W23,provincial,ÉPOCA,Corrientes,NEA,Corrientes,https://www.diarioepoca.com,Gobierno posterga al 1 de julio la aplicación plena de impuestos a los combustibles
2026-06-01,2026-W23,provincial,ÉPOCA,Corrientes,NEA,Corrientes,https://www.diarioepoca.com,Lionel Messi llegó a Kansas City para sumarse a la Selección Argentina
2026-06-01,2026-W23,provincial,ÉPOCA,Corrientes,NEA,Corrientes,https://www.diarioepoca.com,Cuatreros brasileños volvieron a atacar ganado en suelo correntino
2026-06-01,2026-W23,provincial,ÉPOCA,Corrientes,NEA,Corrientes,https://www.diarioepoca.com,"Quema de droga: ""Es un resultado necesario para la comunidad"""
2026-06-01,2026-W23,provincial,ÉPOCA,Corrientes,NEA,Corrientes,https://www.diarioepoca.com,Recuperaron una motocicleta robada dos días antes
2026-06-01,2026-W23,provincial,ÉPOCA,Corrientes,NEA,Corrientes,https://www.diarioepoca.com,Fredy Acuña solicita ayuda
2026-06-01,2026-W23,provincial,ÉPOCA,Corrientes,NEA,Corrientes,https://www.diarioepoca.com,La Justicia y el STJ avanzan en la digitalización total del Registro de las Personas
2026-06-01,2026-W23,provincial,ÉPOCA,Corrientes,NEA,Corrientes,https://www.diarioepoca.com,"Asignaron a Transporte el control de Uber, Cabify, Rappi y otras plataformas digitales"
2026-06-01,2026-W23,provincial,ÉPOCA,Corrientes,NEA,Corrientes,https://www.diarioepoca.com,"Un programador creó una plataforma gratuita para ayudar a encontrar, adoptar y asistir animales"
2026-06-01,2026-W23,provincial,ÉPOCA,Corrientes,NEA,Corrientes,https://www.diarioepoca.com,JP Valdés confirmó millonaria inversión privada destinada al sector forestal
2026-06-01,2026-W23,provincial,ÉPOCA,Corrientes,NEA,Corrientes,https://www.diarioepoca.com,"Operativos de prevención, millonario secuestro y lucha contra el narcomenudeo en Corrientes"
2026-06-01,2026-W23,provincial,ÉPOCA,Corrientes,NEA,Corrientes,https://www.diarioepoca.com,La comunidad de Cristo Obrero se prepara para celebrar Corpus Christi con una caravana
2026-06-01,2026-W23,provincial,ÉPOCA,Corrientes,NEA,Corrientes,https://www.diarioepoca.com,"Brisa Insaurralde, medalla de plata en el Nacional de lanzamiento"
2026-06-01,2026-W23,provincial,ÉPOCA,Corrientes,NEA,Corrientes,https://www.diarioepoca.com,Victoria y ventaja para San Lorenzo de Monte Caseros
2026-06-01,2026-W23,provincial,ÉPOCA,Corrientes,NEA,Corrientes,https://www.diarioepoca.com,Boca Unidos despertó con una gran reacción para frenar a Mitre
2026-06-01,2026-W23,provincial,ÉPOCA,Corrientes,NEA,Corrientes,https://www.diarioepoca.com,Lineamientos para la próxima temporada
2026-06-01,2026-W23,provincial,ÉPOCA,Corrientes,NEA,Corrientes,https://www.diarioepoca.com,Victoria de Curuzú Cuatiá avanzó a la definición del Provincial
2026-06-01,2026-W23,provincial,ÉPOCA,Corrientes,NEA,Corrientes,https://www.diarioepoca.com,Tres esquinenses se probarán en Vélez : ¿de Corrientes al fútbol de primera?
2026-06-01,2026-W23,provincial,ÉPOCA,Corrientes,NEA,Corrientes,https://www.diarioepoca.com,Valdés ratificó obras clave y anunció el plan integral de desagües
2026-06-01,2026-W23,provincial,ÉPOCA,Corrientes,NEA,Corrientes,https://www.diarioepoca.com,"Unos llegan, otros se van: anuncian nuevo cierre en la peatonal Junín"
2026-06-01,2026-W23,provincial,ÉPOCA,Corrientes,NEA,Corrientes,https://www.diarioepoca.com,"Chocó con otra moto en ruta, cayó y lo aplastó una camioneta"
2026-06-01,2026-W23,provincial,ÉPOCA,Corrientes,NEA,Corrientes,https://www.diarioepoca.com,Fin de semana con varios avistamientos de zorro gris pampeano en la zona de Mburucuyá
2026-06-01,2026-W23,provincial,ÉPOCA,Corrientes,NEA,Corrientes,https://www.diarioepoca.com,Braillard destacó la fe y la identidad sanluiseña
2026-06-01,2026-W23,provincial,ÉPOCA,Corrientes,NEA,Corrientes,https://www.diarioepoca.com,La Muni en tu barrio inicia su recorrido de junio en el Santa Rita
2026-06-01,2026-W23,provincial,ÉPOCA,Corrientes,NEA,Corrientes,https://www.diarioepoca.com,"Contramano, motos sin casco y reglas ignoradas: las esquinas que preocupan a vecinos"
2026-06-01,2026-W23,provincial,ÉPOCA,Corrientes,NEA,Corrientes,https://www.diarioepoca.com,Maxi López lanza su propio reality tras mudarse a la Argentina
2026-06-01,2026-W23,provincial,ÉPOCA,Corrientes,NEA,Corrientes,https://www.diarioepoca.com,"Expulsión en Gran Hermano Generación Dorada: ""Andá sin valija hacia la puerta giratoria"""
2026-06-01,2026-W23,provincial,ÉPOCA,Corrientes,NEA,Corrientes,https://www.diarioepoca.com,Gran Hermano habilitó un Golden Ticket: quién es la participante que volvería al reality este jueves
2026-06-01,2026-W23,provincial,ÉPOCA,Corrientes,NEA,Corrientes,https://www.diarioepoca.com,"Una participante de ""Gran Hermano 2026"" colapsó y abandonaría la casa este miércoles"
2026-06-01,2026-W23,provincial,ÉPOCA,Corrientes,NEA,Corrientes,https://www.diarioepoca.com,Eduardo Carrera habló del vínculo con su hija y de las denuncias de su ex
2026-06-01,2026-W23,provincial,ÉPOCA,Corrientes,NEA,Corrientes,https://www.diarioepoca.com,"CRISTOBAL CAFE CORRIENTES - Show en Vivo: ""PALOMA ACQUARONE"" - San Juan esq. Plácido Martínez"
2026-06-01,2026-W23,provincial,ÉPOCA,Corrientes,NEA,Corrientes,https://www.diarioepoca.com,"63° ANIVERSARIO ""ARANDUROGA RUGBY CLUB""."
2026-06-01,2026-W23,provincial,ÉPOCA,Corrientes,NEA,Corrientes,https://www.diarioepoca.com,ENCUENTRO ANUAL DERMOCONSEJERAS FARMALIFE
2026-06-01,2026-W23,provincial,ÉPOCA,Corrientes,NEA,Corrientes,https://www.diarioepoca.com,"GOLF CLUB CORRIENTES - TORNEO: ""COPA FARMALIFE"" - (Entrega de Premios)."
2026-06-01,2026-W23,provincial,ÉPOCA,Corrientes,NEA,Corrientes,https://www.diarioepoca.com,CUMPLE DE LOURDES SANCHEZ EN JACK TOWER
2026-06-01,2026-W23,provincial,EL COMERCIAL,Formosa,NEA,Formosa,https://www.elcomercial.com.ar,"A un mes de haber asumido, renunció el presidente del ente que regula el gas y la electricidad"
2026-06-01,2026-W23,provincial,EL COMERCIAL,Formosa,NEA,Formosa,https://www.elcomercial.com.ar,La Justicia rechazó la suspensión de la Ley de Glaciares en Santa Cruz
2026-06-01,2026-W23,provincial,EL COMERCIAL,Formosa,NEA,Formosa,https://www.elcomercial.com.ar,Un supermercado lanzó una canasta con precios del año pasado: cuáles son los más de 200 productos alcanzados
2026-06-01,2026-W23,provincial,EL COMERCIAL,Formosa,NEA,Formosa,https://www.elcomercial.com.ar,Cambia el recibo de sueldo: cómo es el modelo que deberán usar los empleadores tras los cambios de la reforma laboral
2026-06-01,2026-W23,provincial,EL COMERCIAL,Formosa,NEA,Formosa,https://www.elcomercial.com.ar,La querella pedirá prisión perpetua en la causa por el femicidio de Gisela Mendoza
2026-06-01,2026-W23,provincial,EL COMERCIAL,Formosa,NEA,Formosa,https://www.elcomercial.com.ar,Creó una comunidad para orientar a personas que buscan trabajo en todo el país
2026-06-01,2026-W23,provincial,EL COMERCIAL,Formosa,NEA,Formosa,https://www.elcomercial.com.ar,Garantizan los pasajes gratuitos para personas con Certificado Único de Discapacidad
2026-06-01,2026-W23,provincial,EL COMERCIAL,Formosa,NEA,Formosa,https://www.elcomercial.com.ar,El inicio del juicio contra Edgardo Kueider en Paraguay fue postergado una semana
2026-06-01,2026-W23,provincial,EL COMERCIAL,Formosa,NEA,Formosa,https://www.elcomercial.com.ar,Un especialista explicó cómo funciona LinkedIn y por qué gana espacio en las búsquedas laborales
2026-06-01,2026-W23,provincial,EL COMERCIAL,Formosa,NEA,Formosa,https://www.elcomercial.com.ar,Hallaron sin vida a una joven en el barrio San Agustín y esperan el resultado de la autopsia
2026-06-01,2026-W23,provincial,EL COMERCIAL,Formosa,NEA,Formosa,https://www.elcomercial.com.ar,El Gobierno reglamentó el Fondo de Asistencia Laboral: cómo funcionará el nuevo sistema de indemnizaciones
2026-06-01,2026-W23,provincial,EL COMERCIAL,Formosa,NEA,Formosa,https://www.elcomercial.com.ar,"Con llamado a debate y posibles amenazas de fraude, Iván Cepeda y Abelardo de la Espriella se vuelven a enfrentar"
2026-06-01,2026-W23,provincial,EL COMERCIAL,Formosa,NEA,Formosa,https://www.elcomercial.com.ar,Paraguay consolida su modelo de atracción de inversiones y empleo industrial
2026-06-01,2026-W23,provincial,EL COMERCIAL,Formosa,NEA,Formosa,https://www.elcomercial.com.ar,"Formosa recibió en mayo 8,9% más por Coparticipación"
2026-06-01,2026-W23,provincial,EL COMERCIAL,Formosa,NEA,Formosa,https://www.elcomercial.com.ar,Un desafortunado cruce de un perro terminó con un motociclista hospitalizado
2026-06-01,2026-W23,provincial,EL COMERCIAL,Formosa,NEA,Formosa,https://www.elcomercial.com.ar,"Desmienten el incendio en Unitán: ""Se hizo con Inteligencia Artificial"""
2026-06-01,2026-W23,provincial,EL COMERCIAL,Formosa,NEA,Formosa,https://www.elcomercial.com.ar,Gabriela Neme participó como observadora internacional en las elecciones presidenciales de Colombia
2026-06-01,2026-W23,provincial,EL COMERCIAL,Formosa,NEA,Formosa,https://www.elcomercial.com.ar,La Selección Argentina ultima detalles para el Mundial: cuándo juega los amistosos ante Honduras e Islandia
2026-06-01,2026-W23,provincial,EL COMERCIAL,Formosa,NEA,Formosa,https://www.elcomercial.com.ar,"Con presencia de jugadores del fútbol argentino, Paraguay oficializó la lista de convocados para el Mundial 2026"
2026-06-01,2026-W23,provincial,EL COMERCIAL,Formosa,NEA,Formosa,https://www.elcomercial.com.ar,Claudio Úbeda dejó de ser el entrenador de Boca Juniors
2026-06-01,2026-W23,provincial,EL COMERCIAL,Formosa,NEA,Formosa,https://www.elcomercial.com.ar,Ecuador presentó su lista con dos finalistas de Champions y tres figuras del fútbol argentino
2026-06-01,2026-W23,provincial,EL COMERCIAL,Formosa,NEA,Formosa,https://www.elcomercial.com.ar,"Sol de América de Formosa volvió a ganar de local y es nuevo ""puntero"" de la zona 2"
2026-06-01,2026-W23,provincial,EL COMERCIAL,Formosa,NEA,Formosa,https://www.elcomercial.com.ar,Quiénes son los ganadores y los perdedores de la lista de la selección argentina para el Mundial
2026-06-01,2026-W23,provincial,EL COMERCIAL,Formosa,NEA,Formosa,https://www.elcomercial.com.ar,"Sin Neymar y con un golazo de Vinicius, Brasil vapuleó 6-2 a Panamá en su despedida del Maracaná antes del Mundial"
2026-06-01,2026-W23,provincial,EL COMERCIAL,Formosa,NEA,Formosa,https://www.elcomercial.com.ar,El día 2 de junio vence su factura de Aguas de Formosa
2026-06-01,2026-W23,provincial,EL COMERCIAL,Formosa,NEA,Formosa,https://www.elcomercial.com.ar,La comuna capitalina profundiza el mantenimiento de los desagües pluviales en la ciudad
2026-06-01,2026-W23,provincial,EL COMERCIAL,Formosa,NEA,Formosa,https://www.elcomercial.com.ar,"Llega una nueva edición del Mercado Comunitario de Emprendedores ""Estilo Urbano"""
2026-06-01,2026-W23,provincial,EL COMERCIAL,Formosa,NEA,Formosa,https://www.elcomercial.com.ar,"Construir en Formosa cuesta alrededor de 1,2 millones de pesos por metro cuadrado y las obras nuevas casi desaparecieron"
2026-06-01,2026-W23,provincial,EL COMERCIAL,Formosa,NEA,Formosa,https://www.elcomercial.com.ar,"La camiseta de la Selección supera los 165 mil pesos en Formosa, pero las ventas no se detienen"
2026-06-01,2026-W23,provincial,EL COMERCIAL,Formosa,NEA,Formosa,https://www.elcomercial.com.ar,Prefectura busca nuevos aspirantes: los alumnos reciben beca y salario desde el ingreso
2026-06-01,2026-W23,provincial,EL COMERCIAL,Formosa,NEA,Formosa,https://www.elcomercial.com.ar,Una niña habría sido abusada en un hogar: piden respuestas a la Justicia
2026-06-01,2026-W23,provincial,EL COMERCIAL,Formosa,NEA,Formosa,https://www.elcomercial.com.ar,"Encontraron muerta a Agostina Vega, la adolescente de 14 años que buscaban en Córdoba"
2026-06-01,2026-W23,provincial,EL COMERCIAL,Formosa,NEA,Formosa,https://www.elcomercial.com.ar,Allanaron el Hospital Durand: investigan si una paciente le desconectó el respirador a un hombre que murió
2026-06-01,2026-W23,provincial,EL COMERCIAL,Formosa,NEA,Formosa,https://www.elcomercial.com.ar,Hallaron muerta a una adolescente que era buscada desde hacía casi dos semanas en Misiones
2026-06-01,2026-W23,provincial,EL COMERCIAL,Formosa,NEA,Formosa,https://www.elcomercial.com.ar,Piden ampliar la indagatoria del único detenido mientras la familia marcha para reclamar por la menor desaparecida en Córdoba
2026-06-01,2026-W23,provincial,EL COMERCIAL,Formosa,NEA,Formosa,https://www.elcomercial.com.ar,"Cayó el cerebro del robo de USD 1.340.000 a una transportadora de caudales en Chile, pero el botín no aparece"
2026-06-01,2026-W23,provincial,EL COMERCIAL,Formosa,NEA,Formosa,https://www.elcomercial.com.ar,"Elecciones en Colombia 2026: Todos los resultados de la primera vuelta, se esperan los discursos de Cepeda, De la Espriella y Valencia"
2026-06-01,2026-W23,provincial,EL COMERCIAL,Formosa,NEA,Formosa,https://www.elcomercial.com.ar,Elecciones en Colombia 2026: los ojos de la región puestos en una definición presidencial clave
2026-06-01,2026-W23,provincial,EL COMERCIAL,Formosa,NEA,Formosa,https://www.elcomercial.com.ar,"Donald Trump aseguró que Estados Unidos está ""muy cerca"" de lograr un acuerdo de paz con Irán"
2026-06-01,2026-W23,provincial,EL COMERCIAL,Formosa,NEA,Formosa,https://www.elcomercial.com.ar,Irán endureció su postura negociadora y dijo haber derribado un dron estadounidense en medio de las conversaciones de paz
2026-06-01,2026-W23,provincial,EL COMERCIAL,Formosa,NEA,Formosa,https://www.elcomercial.com.ar,"París amaneció con graves destrozos, un fallecido y más de 700 detenidos por los disturbios durante los festejos del PSG"
2026-06-01,2026-W23,provincial,EL COMERCIAL,Formosa,NEA,Formosa,https://www.elcomercial.com.ar,"Elecciones en Colombia: el heredero de Petro, un ""outsider"" y una senadora cercana a Uribe buscan el balotaje"
2026-06-01,2026-W23,provincial,EL COMERCIAL,Formosa,NEA,Formosa,https://www.elcomercial.com.ar,ULTIMAS NOTICIAS
2026-06-01,2026-W23,provincial,EL COMERCIAL,Formosa,NEA,Formosa,https://www.elcomercial.com.ar,ULTIMAS 24 HORAS
2026-06-01,2026-W23,provincial,FORMOSA,Formosa,NEA,Formosa,https://www.diarioformosa.net,Motociclista de 25 años falleció al despistar en la avenida Néstor Kirchner
2026-06-01,2026-W23,provincial,FORMOSA,Formosa,NEA,Formosa,https://www.diarioformosa.net,Sol de América derrotó a Antoniana y volvió a ser líder
2026-06-01,2026-W23,provincial,FORMOSA,Formosa,NEA,Formosa,https://www.diarioformosa.net,Gran participación en el primer encuentro de Postas Formoseñas
2026-06-01,2026-W23,provincial,FORMOSA,Formosa,NEA,Formosa,https://www.diarioformosa.net,El Poder Judicial implementó un protocolo de autopsias psicológicas pionero en el país
2026-06-01,2026-W23,provincial,FORMOSA,Formosa,NEA,Formosa,https://www.diarioformosa.net,Roberto Vizcaíno destacó las capacitaciones de REFSA Hidrocarburos en El Potrillo
2026-06-01,2026-W23,provincial,FORMOSA,Formosa,NEA,Formosa,https://www.diarioformosa.net,Unidades policiales dañadas tras los dos allanamientos contra el contrabando
2026-06-01,2026-W23,provincial,FORMOSA,Formosa,NEA,Formosa,https://www.diarioformosa.net,Allanamientos contra el contrabando: un hombre muerto y tres policías heridos
2026-06-01,2026-W23,provincial,FORMOSA,Formosa,NEA,Formosa,https://www.diarioformosa.net,Messi confirmó su último partido de Eliminatorias en Argentina
2026-06-01,2026-W23,provincial,FORMOSA,Formosa,NEA,Formosa,https://www.diarioformosa.net,EPEP N.o 82: variadas propuestas presentaron en la Feria de Ciencias y Tecnologías
2026-06-01,2026-W23,provincial,FORMOSA,Formosa,NEA,Formosa,https://www.diarioformosa.net,La Subsecretaría de Recursos Humanos sigue capacitando al personal estatal administrativo
2026-06-01,2026-W23,provincial,FORMOSA,Formosa,NEA,Formosa,https://www.diarioformosa.net,Fuerte caída del consumo en supermercados y farmacias enciende señales de alarma
2026-06-01,2026-W23,provincial,FORMOSA,Formosa,NEA,Formosa,https://www.diarioformosa.net,Califican como “un absoluto fracaso” al proyecto intervencionista de Paoltroni
2026-06-01,2026-W23,provincial,FORMOSA,Formosa,NEA,Formosa,https://www.diarioformosa.net,Fuertes críticas al Gobierno nacional por querer derogar la Ley de Etiquetado Frontal
2026-06-01,2026-W23,provincial,FORMOSA,Formosa,NEA,Formosa,https://www.diarioformosa.net,Recibí las noticias en tu email
2026-06-01,2026-W23,provincial,FORMOSA,Formosa,NEA,Formosa,https://www.diarioformosa.net,Ratificaron la defensa de la salud de la comunidad en Formosa
2026-06-01,2026-W23,provincial,FORMOSA,Formosa,NEA,Formosa,https://www.diarioformosa.net,Se desarrolló en Clorinda el Encuentro de Organizaciones Estudiantiles
2026-06-01,2026-W23,provincial,FORMOSA,Formosa,NEA,Formosa,https://www.diarioformosa.net,En junio se preparan tres remates ganaderos en distintos puntos de la provincia de Formosa
2026-06-01,2026-W23,provincial,FORMOSA,Formosa,NEA,Formosa,https://www.diarioformosa.net,Herradura celebró 127 años con identidad patria y tradición gaucha
2026-06-01,2026-W23,provincial,FORMOSA,Formosa,NEA,Formosa,https://www.diarioformosa.net,Investigan un incendio intencional en una iglesia evangélica de Clorinda
2026-06-01,2026-W23,provincial,FORMOSA,Formosa,NEA,Formosa,https://www.diarioformosa.net,San Isidro empató la serie con una muestra de carácter
2026-06-01,2026-W23,provincial,FORMOSA,Formosa,NEA,Formosa,https://www.diarioformosa.net,Sol de América recibe a Juventud Antoniana de Salta
2026-06-01,2026-W23,provincial,FORMOSA,Formosa,NEA,Formosa,https://www.diarioformosa.net,Ferro le ganó a Gimnasia y descontó en la semifinal
2026-06-01,2026-W23,provincial,FORMOSA,Formosa,NEA,Formosa,https://www.diarioformosa.net,Estudiantes del Politécnico fortalecen su formación tecnológica con prácticas en el CID
2026-06-01,2026-W23,provincial,FORMOSA,Formosa,NEA,Formosa,https://www.diarioformosa.net,Un adolescente de 15 años falleció tras sufrir una descarga eléctrica
2026-06-01,2026-W23,provincial,FORMOSA,Formosa,NEA,Formosa,https://www.diarioformosa.net,Mundial 2026: Salud recomienda completar el calendario de vacunación antes de viajar
2026-06-01,2026-W23,provincial,FORMOSA,Formosa,NEA,Formosa,https://www.diarioformosa.net,"En una exitosa jornada en Pirané, se realizaron 40 mamografías gratuitas"
2026-06-01,2026-W23,provincial,FORMOSA,Formosa,NEA,Formosa,https://www.diarioformosa.net,Lanzaron la tercera edición del Parlamento Juvenil
2026-06-01,2026-W23,provincial,FORMOSA,Formosa,NEA,Formosa,https://www.diarioformosa.net,Jofré recibió a los protagonistas del Proyecto Defiant: una travesía aérea que une a todo el país
2026-06-01,2026-W23,provincial,FORMOSA,Formosa,NEA,Formosa,https://www.diarioformosa.net,"El empleo en la construcción creció 5,2% en Formosa, una de las mejores subas del país"
2026-06-01,2026-W23,provincial,FORMOSA,Formosa,NEA,Formosa,https://www.diarioformosa.net,La CGT Formosa condenó el “bochornoso y vergonzoso” proyecto de intervención federal
2026-06-01,2026-W23,provincial,FORMOSA,Formosa,NEA,Formosa,https://www.diarioformosa.net,Motociclista de 25 años falleció al despistar en la avenida Néstor Kirchner Policiales
2026-06-01,2026-W23,provincial,FORMOSA,Formosa,NEA,Formosa,https://www.diarioformosa.net,VIDEO GALERÍA + NOTAS
2026-06-01,2026-W23,provincial,FORMOSA,Formosa,NEA,Formosa,https://www.diarioformosa.net,Interior + NOTAS
2026-06-01,2026-W23,provincial,FORMOSA,Formosa,NEA,Formosa,https://www.diarioformosa.net,Ratificaron la defensa de la salud de la comunidad en Formosa Sociedad
2026-06-01,2026-W23,provincial,FORMOSA,Formosa,NEA,Formosa,https://www.diarioformosa.net,Deportes + NOTAS
2026-06-01,2026-W23,provincial,FORMOSA,Formosa,NEA,Formosa,https://www.diarioformosa.net,Recibir newsletter
2026-06-01,2026-W23,provincial,FORMOSA AHORA,Formosa,NEA,Formosa,https://www.formosaahora.com.ar,María Nacif convocó a fortalecer la participación de las mujeres y construir una agenda común para Ingeniero Juárez
2026-06-01,2026-W23,provincial,FORMOSA AHORA,Formosa,NEA,Formosa,https://www.formosaahora.com.ar,Consejo Superior de la UNaF aprobó modificaciones al plan de estudios de Ingeniería Forestal
2026-06-01,2026-W23,provincial,FORMOSA AHORA,Formosa,NEA,Formosa,https://www.formosaahora.com.ar,La biblioteca de la UNaF ya cuenta con más de 140000 títulos en su plataforma digital
2026-06-01,2026-W23,provincial,FORMOSA AHORA,Formosa,NEA,Formosa,https://www.formosaahora.com.ar,POR UNANIMIDAD LA CÁMARA FEDERAL DE RESISTENCIA RECHAZÓ LA INTENCIÓN DEL ESTADO NACIONAL DE LLEVAR LA CAUSA DE PENSIONADOS A LA CSJN
2026-06-01,2026-W23,provincial,FORMOSA AHORA,Formosa,NEA,Formosa,https://www.formosaahora.com.ar,FALLO DEL STJ Intiman al Instituto Provincial del Seguro a pagar indemnización por accidente de trabajo
2026-06-01,2026-W23,provincial,FORMOSA AHORA,Formosa,NEA,Formosa,https://www.formosaahora.com.ar,Tribunal de Casación confirmó condena a un médico ginecólogo por abuso sexual en clínica de Clorinda
2026-06-01,2026-W23,provincial,FORMOSA AHORA,Formosa,NEA,Formosa,https://www.formosaahora.com.ar,El Poder Judicial conformó un equipo interdisciplinario para realizar autopsias psicológicas y es pionero en el país en este tipo de pericias
2026-06-01,2026-W23,provincial,FORMOSA AHORA,Formosa,NEA,Formosa,https://www.formosaahora.com.ar,La diputada Villarruel juró como integrante del Consejo de la Magistratura
2026-06-01,2026-W23,provincial,FORMOSA AHORA,Formosa,NEA,Formosa,https://www.formosaahora.com.ar,Nacif “ detrás de un reclamo genuino se evidencia el interes político de intervenir la Provincia”
2026-06-01,2026-W23,provincial,FORMOSA AHORA,Formosa,NEA,Formosa,https://www.formosaahora.com.ar,DENUNCIAN QUE LAS EMPRESAS PRIVADAS CUESTIONAN LA MEDIDA DEL GOBIERNO NACIONAL SOBRE PASAJES GRATUITOS PARA PERSONAS CON DISCAPACIDAD
2026-06-01,2026-W23,provincial,FORMOSA AHORA,Formosa,NEA,Formosa,https://www.formosaahora.com.ar,DEFENSORES DEL PUEBLO DE TODO EL PAIS EXIGEN AL GOBIERNO NACIONAL ASEGURE EL DERECHO AL TRANSPORTE GRATUITO A PERSONAS CON DISCAPACIDAD
2026-06-01,2026-W23,provincial,FORMOSA AHORA,Formosa,NEA,Formosa,https://www.formosaahora.com.ar,Jofré presentó la Expo Motor Formosa junto a referentes del sector automotor
2026-06-01,2026-W23,provincial,FORMOSA AHORA,Formosa,NEA,Formosa,https://www.formosaahora.com.ar,El Castramovil municipal estuvo en el barrio Mariano Moreno
2026-06-01,2026-W23,provincial,FORMOSA AHORA,Formosa,NEA,Formosa,https://www.formosaahora.com.ar,La doble vara de la política Liliana Dorrego – Analista política y comunicadora social
2026-06-01,2026-W23,provincial,FORMOSA AHORA,Formosa,NEA,Formosa,https://www.formosaahora.com.ar,Transformación digital: importante inversión de la UNaF en equipamiento informático
2026-06-01,2026-W23,provincial,FORMOSA AHORA,Formosa,NEA,Formosa,https://www.formosaahora.com.ar,La UNaF trasciende fronteras: docente investigadora becada por una universidad de Brasil
2026-06-01,2026-W23,provincial,FORMOSA AHORA,Formosa,NEA,Formosa,https://www.formosaahora.com.ar,Actividades de interés para estudiantes e investigadores cierran la V Jornada Académica de FAEN
2026-06-01,2026-W23,provincial,FORMOSA AHORA,Formosa,NEA,Formosa,https://www.formosaahora.com.ar,"V Jornada de Administración, Economía y Negocios: La UNaF potencia vínculos internacionales"
2026-06-01,2026-W23,provincial,FORMOSA AHORA,Formosa,NEA,Formosa,https://www.formosaahora.com.ar,La Municipalidad presentará este jueves la primera Expo Motor Formosa 2026
2026-06-01,2026-W23,provincial,EL TERRITORIO,Misiones,NEA,Posadas,https://www.elterritorio.com.ar,Detuvieron a un hombre de 46 años por el femicidio de Dulce Candia en Eldorado
2026-06-01,2026-W23,provincial,EL TERRITORIO,Misiones,NEA,Posadas,https://www.elterritorio.com.ar,"Jubilado demanda a bancos, tarjetas y fintech por sobreendeudamiento inducido"
2026-06-01,2026-W23,provincial,EL TERRITORIO,Misiones,NEA,Posadas,https://www.elterritorio.com.ar,Se definen los pasajes a semis de la Súper Liga Posadeña
2026-06-01,2026-W23,provincial,EL TERRITORIO,Misiones,NEA,Posadas,https://www.elterritorio.com.ar,El operativo de poda retiró más de 13 mil camiones de residuos verdes en Posadas
2026-06-01,2026-W23,provincial,EL TERRITORIO,Misiones,NEA,Posadas,https://www.elterritorio.com.ar,Revelan que Misiones tuvo una campaña tabacalera récord este año
2026-06-01,2026-W23,provincial,EL TERRITORIO,Misiones,NEA,Posadas,https://www.elterritorio.com.ar,Detuvieron a prófugo de la justicia correntina en causa por abuso a una menor
2026-06-01,2026-W23,provincial,EL TERRITORIO,Misiones,NEA,Posadas,https://www.elterritorio.com.ar,Escalandrum brindará una clínica abierta y un concierto especial en el Montoya
2026-06-01,2026-W23,provincial,EL TERRITORIO,Misiones,NEA,Posadas,https://www.elterritorio.com.ar,Misiones: 269 profesionales de la salud se inscribieron al Concurso de Residencias
2026-06-01,2026-W23,provincial,EL TERRITORIO,Misiones,NEA,Posadas,https://www.elterritorio.com.ar,Dolor en Puerto Piray: Despiden los restos del concejal Remigio Smith
2026-06-01,2026-W23,provincial,EL TERRITORIO,Misiones,NEA,Posadas,https://www.elterritorio.com.ar,Caso Dulce María: la Policía detalló los avances de la investigación a la familia
2026-06-01,2026-W23,provincial,EL TERRITORIO,Misiones,NEA,Posadas,https://www.elterritorio.com.ar,El básquet misionero pisa fuerte en la Liga Federal
2026-06-01,2026-W23,provincial,EL TERRITORIO,Misiones,NEA,Posadas,https://www.elterritorio.com.ar,“Una golosina por un cigarrillo”; una iniciativa para concientizar en San Pedro
2026-06-01,2026-W23,provincial,EL TERRITORIO,Misiones,NEA,Posadas,https://www.elterritorio.com.ar,"Una caravana cargada de historia, sentido de pertenencia y ritmo mundialista"
2026-06-01,2026-W23,provincial,EL TERRITORIO,Misiones,NEA,Posadas,https://www.elterritorio.com.ar,Presentaron el segundo encuentro de autos clásicos en Jardín América
2026-06-01,2026-W23,provincial,EL TERRITORIO,Misiones,NEA,Posadas,https://www.elterritorio.com.ar,Fiesta total en la Expo Yerba: se definieron los campeones del Futsal apostoleño
2026-06-01,2026-W23,provincial,EL TERRITORIO,Misiones,NEA,Posadas,https://www.elterritorio.com.ar,Golpe al narcomenudeo en Iguazú: una pareja cayó con dosis listas para vender
2026-06-01,2026-W23,provincial,EL TERRITORIO,Misiones,NEA,Posadas,https://www.elterritorio.com.ar,La segunda fecha del Clasificatorio Regional de Rugby tuvo acción y festejos en Posadas
2026-06-01,2026-W23,provincial,EL TERRITORIO,Misiones,NEA,Posadas,https://www.elterritorio.com.ar,Irán suspende el diálogo con EEUU tras los ataques de Israel en el Líbano
2026-06-01,2026-W23,provincial,EL TERRITORIO,Misiones,NEA,Posadas,https://www.elterritorio.com.ar,Qué es una ciudad inteligente y por qué cada vez más municipios apuestan a este modelo
2026-06-01,2026-W23,provincial,EL TERRITORIO,Misiones,NEA,Posadas,https://www.elterritorio.com.ar,Informe detalla que casi el 60% de las ramas productivas privadas perdieron puestos de trabajo registrado
2026-06-01,2026-W23,provincial,EL TERRITORIO,Misiones,NEA,Posadas,https://www.elterritorio.com.ar,Liga de Puerto Rico: se conocen los semifinalistas
2026-06-01,2026-W23,provincial,EL TERRITORIO,Misiones,NEA,Posadas,https://www.elterritorio.com.ar,Boca le comunicó a Claudio Úbeda que no le renovará el contrato
2026-06-01,2026-W23,provincial,EL TERRITORIO,Misiones,NEA,Posadas,https://www.elterritorio.com.ar,Alfaro presentó a los elegidos para representar a Paraguay en el Mundial 2026
2026-06-01,2026-W23,provincial,EL TERRITORIO,Misiones,NEA,Posadas,https://www.elterritorio.com.ar,Montecarlo vivió un nuevo desafío del Triatlón Aventura
2026-06-01,2026-W23,provincial,EL TERRITORIO,Misiones,NEA,Posadas,https://www.elterritorio.com.ar,Chiche Gelblung continúa internado en terapia intensiva tras sufrir complicaciones de salud
2026-06-01,2026-W23,provincial,EL TERRITORIO,Misiones,NEA,Posadas,https://www.elterritorio.com.ar,Che Roga Chamamé presenta “Show Íntimo” en la Sala Quiroga
2026-06-01,2026-W23,provincial,EL TERRITORIO,Misiones,NEA,Posadas,https://www.elterritorio.com.ar,El Hito de las Tres Fronteras fue escenario de la primera Feria de Vinilos
2026-06-01,2026-W23,provincial,EL TERRITORIO,Misiones,NEA,Posadas,https://www.elterritorio.com.ar,Puerto Argentino marcó diferencia de local y ya está en las semifinales de la Liga de Veteranos
2026-06-01,2026-W23,provincial,EL TERRITORIO,Misiones,NEA,Posadas,https://www.elterritorio.com.ar,Básquet: Mitre ganó en Resistencia y llega a los playoffs como el mejor del NEA
2026-06-01,2026-W23,provincial,EL TERRITORIO,Misiones,NEA,Posadas,https://www.elterritorio.com.ar,La tercera fecha del Misionero de Pista tuvo un cierre caliente y entregó nuevos ganadores
2026-06-01,2026-W23,provincial,EL TERRITORIO,Misiones,NEA,Posadas,https://www.elterritorio.com.ar,"Buenos Aires: “Mi novio me tiene de rehén”, llamó al 911 para pedir ayuda y, cuando la policía llegó, ya la habían asesinado"
2026-06-01,2026-W23,provincial,EL TERRITORIO,Misiones,NEA,Posadas,https://www.elterritorio.com.ar,Se reglamentó una parte sustancial de la Ley de Modernización Laboral
2026-06-01,2026-W23,provincial,EL TERRITORIO,Misiones,NEA,Posadas,https://www.elterritorio.com.ar,'Ni Una Menos' convocó a una marcha por el femicidio de Agostina Vega
2026-06-01,2026-W23,provincial,EL TERRITORIO,Misiones,NEA,Posadas,https://www.elterritorio.com.ar,"Tenso e incómodo momento en la conferencia de Scaloni con un intruso: ""¡Lo quiero ayudar!"""
2026-06-01,2026-W23,provincial,EL TERRITORIO,Misiones,NEA,Posadas,https://www.elterritorio.com.ar,"Grupos del Mundial 2026, uno por uno"
2026-06-01,2026-W23,provincial,EL TERRITORIO,Misiones,NEA,Posadas,https://www.elterritorio.com.ar,"En la despedida de Argentina, la Selección goleó a Zambia en La Bombonera"
2026-06-01,2026-W23,provincial,EL TERRITORIO,Misiones,NEA,Posadas,https://www.elterritorio.com.ar,"“A la persona que sufre no le importa si escribiste artículos, quiere que estés ahí”"
2026-06-01,2026-W23,provincial,EL TERRITORIO,Misiones,NEA,Posadas,https://www.elterritorio.com.ar,“Hay que volver a explicar lo importante que es la universidad pública”
2026-06-01,2026-W23,provincial,EL TERRITORIO,Misiones,NEA,Posadas,https://www.elterritorio.com.ar,"Benja, el motor de una familia tenaz que le dio vida a la Fundación Idear"
2026-06-01,2026-W23,provincial,EL TERRITORIO,Misiones,NEA,Posadas,https://www.elterritorio.com.ar,Cuando la pasión por el chamamé se convierte en esencia
2026-06-01,2026-W23,provincial,EL TERRITORIO,Misiones,NEA,Posadas,https://www.elterritorio.com.ar,Muerte súbita qué es y qué se puede hacer
2026-06-01,2026-W23,provincial,EL TERRITORIO,Misiones,NEA,Posadas,https://www.elterritorio.com.ar,Se estima que 40 mil personas al año padecen de muerte súbita en el país
2026-06-01,2026-W23,provincial,EL TERRITORIO,Misiones,NEA,Posadas,https://www.elterritorio.com.ar,Policías como primera respuesta de emergencias en la vía pública
2026-06-01,2026-W23,provincial,EL TERRITORIO,Misiones,NEA,Posadas,https://www.elterritorio.com.ar,“Cada minuto que pasa reduce 10% las chances de sobrevivir”
2026-06-01,2026-W23,provincial,EL TERRITORIO,Misiones,NEA,Posadas,https://www.elterritorio.com.ar,Muerte súbita: el 80% es de origen cardiológico
2026-06-01,2026-W23,provincial,EL TERRITORIO,Misiones,NEA,Posadas,https://www.elterritorio.com.ar,Cuatro muertes en el año y 110 intervenciones en la vía pública
2026-06-01,2026-W23,provincial,EL TERRITORIO,Misiones,NEA,Posadas,https://www.elterritorio.com.ar,McDonald’s desembarcó en Plaza Shopping
2026-06-01,2026-W23,provincial,EL TERRITORIO,Misiones,NEA,Posadas,https://www.elterritorio.com.ar,El territorio Fun
2026-06-01,2026-W23,provincial,EL TERRITORIO,Misiones,NEA,Posadas,https://www.elterritorio.com.ar,Eldorado: la CEEL informó un aumento de precio de las garrafas
2026-06-01,2026-W23,provincial,EL TERRITORIO,Misiones,NEA,Posadas,https://www.elterritorio.com.ar,"El lunes comenzó fresco, pero se espera una tarde agradable y soleada"
2026-06-01,2026-W23,provincial,MISIONES ON LINE,Misiones,NEA,Posadas,https://www.misionesonline.net,🔴En vivo | “Más allá de las barreras” por el streaming de Misiones Online
2026-06-01,2026-W23,provincial,MISIONES ON LINE,Misiones,NEA,Posadas,https://www.misionesonline.net,La Policía de Misiones afirma que “está esclarecido en un 99%” el femicidio de la adolescente Dulce Candia en Eldorado
2026-06-01,2026-W23,provincial,MISIONES ON LINE,Misiones,NEA,Posadas,https://www.misionesonline.net,"Caso Dulce Candia: “La investigación sigue avanzando”, informó la Policía tras reunirse con los familiares"
2026-06-01,2026-W23,provincial,MISIONES ON LINE,Misiones,NEA,Posadas,https://www.misionesonline.net,"Femicidio de Dulce Candia en Eldorado: “Estoy destrozado y quiero justicia por mi nena”, expresó su padre en medio lagrimas"
2026-06-01,2026-W23,provincial,MISIONES ON LINE,Misiones,NEA,Posadas,https://www.misionesonline.net,Femicidio de Dulce Candia en Eldorado: detuvieron a un remisero mientras avanzan las pericias telefónicas
2026-06-01,2026-W23,provincial,MISIONES ON LINE,Misiones,NEA,Posadas,https://www.misionesonline.net,"Misiones registra tres femicidios en lo que va del año: convocan a marchar este miércoles bajo la consigna “No más a la violencia, nos..."
2026-06-01,2026-W23,provincial,MISIONES ON LINE,Misiones,NEA,Posadas,https://www.misionesonline.net,Adorni presentará su declaración jurada antes del 15 de junio en medio de la investigación judicial
2026-06-01,2026-W23,provincial,MISIONES ON LINE,Misiones,NEA,Posadas,https://www.misionesonline.net,"A menos de un mes de haber asumido, renunció el titular del Ente Nacional del Gas y la Electricidad"
2026-06-01,2026-W23,provincial,MISIONES ON LINE,Misiones,NEA,Posadas,https://www.misionesonline.net,La Cámara Federal revocó la cautelar y restituyó la vigencia plena de la reforma de la Ley de Glaciares
2026-06-01,2026-W23,provincial,MISIONES ON LINE,Misiones,NEA,Posadas,https://www.misionesonline.net,Passalacqua participó del acto por los 400 años de Santa María la Mayor reivindicando el legado guaraní-jesuítico
2026-06-01,2026-W23,provincial,MISIONES ON LINE,Misiones,NEA,Posadas,https://www.misionesonline.net,Caso Agostina Vega: la Justicia agravó la acusación contra Claudio Barrelier y lo imputó por femicidio
2026-06-01,2026-W23,provincial,MISIONES ON LINE,Misiones,NEA,Posadas,https://www.misionesonline.net,Se conoció el informe preliminar de la autopsia a Agostina Vega: los datos que aportó a la investigación del crimen
2026-06-01,2026-W23,provincial,MISIONES ON LINE,Misiones,NEA,Posadas,https://www.misionesonline.net,Avanza la investigación por el crimen de Agostina Vega y esperan los resultados de la autopsia
2026-06-01,2026-W23,provincial,MISIONES ON LINE,Misiones,NEA,Posadas,https://www.misionesonline.net,El duro testimonio de una amiga de Agostina Vega: “Me dijo que necesitaba ayuda porque se estaba yendo por mal camino”
2026-06-01,2026-W23,provincial,MISIONES ON LINE,Misiones,NEA,Posadas,https://www.misionesonline.net,Crisis del consumo: comerciantes de Posadas apuestan al Día del Padre y al aguinaldo para impulsar las ventas de junio
2026-06-01,2026-W23,provincial,MISIONES ON LINE,Misiones,NEA,Posadas,https://www.misionesonline.net,Misiones | Más de 260 profesionales se inscribieron al Concurso de Residencias 2026 y superaron la convocatoria anterior
2026-06-01,2026-W23,provincial,MISIONES ON LINE,Misiones,NEA,Posadas,https://www.misionesonline.net,La Selección Argentina tuvo su primer entrenamiento e inició su preparación para el Mundial 2026
2026-06-01,2026-W23,provincial,MISIONES ON LINE,Misiones,NEA,Posadas,https://www.misionesonline.net,El misionero Andrés Cubas fue convocado por Paraguay y jugará su primer Mundial
2026-06-01,2026-W23,provincial,MISIONES ON LINE,Misiones,NEA,Posadas,https://www.misionesonline.net,Los 19 futbolistas de la Liga Profesional que jugarán en el Mundial 2026
2026-06-01,2026-W23,provincial,MISIONES ON LINE,Misiones,NEA,Posadas,https://www.misionesonline.net,Paraguay definió su lista de convocados para el Mundial 2026 con seis jugadores del fútbol argentino
2026-06-01,2026-W23,provincial,MISIONES ON LINE,Misiones,NEA,Posadas,https://www.misionesonline.net,"Cuenta regresiva para el Mundial 2026: resultados, días y horarios de todos los partidos amistosos de selecciones"
2026-06-01,2026-W23,provincial,MISIONES ON LINE,Misiones,NEA,Posadas,https://www.misionesonline.net,La nueva regla del Mundial 2026 tuvo su primera gran polémica y terminó siendo clave en un amistoso
2026-06-01,2026-W23,provincial,MISIONES ON LINE,Misiones,NEA,Posadas,https://www.misionesonline.net,Messi jugará su sexto Mundial: llegó a Kansas con De Paul para sumarse a la Selección Argentina
2026-06-01,2026-W23,provincial,MISIONES ON LINE,Misiones,NEA,Posadas,https://www.misionesonline.net,"Tras cuatro años de investigación, comenzó el juicio por abusos contra una menor en Garuhapé"
2026-06-01,2026-W23,provincial,MISIONES ON LINE,Misiones,NEA,Posadas,https://www.misionesonline.net,Misiones llevará su modelo de educación disruptiva e innovación tecnológica a un encuentro de Naciones Unidas
2026-06-01,2026-W23,provincial,MISIONES ON LINE,Misiones,NEA,Posadas,https://www.misionesonline.net,Especialistas del Garrahan encabezaron una jornada sobre enfermedades poco frecuentes en Posadas
2026-06-01,2026-W23,provincial,MISIONES ON LINE,Misiones,NEA,Posadas,https://www.misionesonline.net,"Motos 0KM: El patentamiento cayó 18% en mayo, pero superó en 25% las ventas de 2025"
2026-06-01,2026-W23,provincial,MISIONES ON LINE,Misiones,NEA,Posadas,https://www.misionesonline.net,La Fórmula 1 analiza cancelar carreras del cierre de temporada y activa un plan alternativo por el conflicto en Medio Oriente
2026-06-01,2026-W23,provincial,MISIONES ON LINE,Misiones,NEA,Posadas,https://www.misionesonline.net,Detuvieron a un “mechero” acusado de robar prendas de vestir en un comercio de Oberá
2026-06-01,2026-W23,provincial,MISIONES ON LINE,Misiones,NEA,Posadas,https://www.misionesonline.net,Ticket Misiones | En Posadas este sábado Escalandrum festeja 27 años y sus mil conciertos presentando “Piazzolla 74”
2026-06-01,2026-W23,provincial,MISIONES ON LINE,Misiones,NEA,Posadas,https://www.misionesonline.net,Discutió con su hermano por refacciones en una vivienda y lo mató de varias puñaladas
2026-06-01,2026-W23,provincial,MISIONES ON LINE,Misiones,NEA,Posadas,https://www.misionesonline.net,Denuncian violento asalto en Garupá: un delincuente armado con un destornillador robó $96.000 en un local de 24 horas
2026-06-01,2026-W23,provincial,MISIONES ON LINE,Misiones,NEA,Posadas,https://www.misionesonline.net,"Tini Stoessel se sumó al pedido de Justicia por Dulce, la adolescente asesinada en Eldorado"
2026-06-01,2026-W23,provincial,MISIONES ON LINE,Misiones,NEA,Posadas,https://www.misionesonline.net,Posadas marca un hito con la primera Cumbre de Negocios RNR 2026
2026-06-01,2026-W23,provincial,MISIONES ON LINE,Misiones,NEA,Posadas,https://www.misionesonline.net,Opinión | Interpretar el pulso de la sociedad y actuar en consecuencia
2026-06-01,2026-W23,provincial,MISIONES ON LINE,Misiones,NEA,Posadas,https://www.misionesonline.net,Bombazo en el tenis mundial: Serena Williams vuelve al tenis profesional a los 44 años
2026-06-01,2026-W23,provincial,MISIONES ON LINE,Misiones,NEA,Posadas,https://www.misionesonline.net,"Con más de un millón de espectadores en simultaneo, Luzu TV venció a 412 por penales en un partido histórico del streaming argentino"
2026-06-01,2026-W23,provincial,MISIONES ON LINE,Misiones,NEA,Posadas,https://www.misionesonline.net,"La UCR busca “competir con candidato nacional propio a presidente” en 2027, afirmó Luis Pastori, histórico dirigente del partido"
2026-06-01,2026-W23,provincial,MISIONES ON LINE,Misiones,NEA,Posadas,https://www.misionesonline.net,Misiones impulsó un espacio de intercambio sobre oportunidades comerciales con Brasil
2026-06-01,2026-W23,provincial,MISIONES ON LINE,Misiones,NEA,Posadas,https://www.misionesonline.net,Irán frenó las negociaciones con Estados Unidos en medio de una nueva escalada del conflicto en Oriente Medio
2026-06-01,2026-W23,provincial,MISIONES ON LINE,Misiones,NEA,Posadas,https://www.misionesonline.net,Elecciones en Colombia: Abelardo de la Espriella e Iván Cepeda definirán la presidencia en balotaje el 21 de junio
2026-06-01,2026-W23,provincial,MISIONES ON LINE,Misiones,NEA,Posadas,https://www.misionesonline.net,Elecciones en Colombia: habrá balotaje entre Iván Cepeda y Abelardo de la Espriella
2026-06-01,2026-W23,provincial,MISIONES ON LINE,Misiones,NEA,Posadas,https://www.misionesonline.net,Alarma sanitaria en Brasil por dos pacientes sospechosos de ébola tras regresar de África
2026-06-01,2026-W23,provincial,MISIONES ON LINE,Misiones,NEA,Posadas,https://www.misionesonline.net,Elecciones en Colombia: más de 41 millones de votantes eligen entre la continuidad del petrismo o un giro hacia la derecha
2026-06-01,2026-W23,provincial,MISIONES ON LINE,Misiones,NEA,Posadas,https://www.misionesonline.net,"París | Graves destrozos, un muerto y más de 700 detenidos tras los disturbios en festejos del PSG"
2026-06-01,2026-W23,provincial,MISIONES ON LINE,Misiones,NEA,Posadas,https://www.misionesonline.net,Análisis semanal | Provincias se endeudan para suplir el retiro la inversión nacional y Misiones busca una salida a la suiza
2026-06-01,2026-W23,provincial,MISIONES ON LINE,Misiones,NEA,Posadas,https://www.misionesonline.net,"León XIV en una gira por Perú, Uruguay y Argentina llegaría a Santiago del Estero y otras dos ciudades del país"
2026-06-01,2026-W23,provincial,MISIONES ON LINE,Misiones,NEA,Posadas,https://www.misionesonline.net,Paraguay estudia alternativa a Corpus en Corrientes para convertirse en un “hub” de comercialización energética
2026-06-01,2026-W23,provincial,MISIONES ON LINE,Misiones,NEA,Posadas,https://www.misionesonline.net,San Pedro: un motociclista alcoholizado sufrió lesiones tras despistar
2026-06-01,2026-W23,provincial,MISIONES ON LINE,Misiones,NEA,Posadas,https://www.misionesonline.net,Eldorado: un choque entre una camioneta y una motocicleta dejó dos personas con lesiones graves
2026-06-01,2026-W23,provincial,PRIMERA EDICIÓN,Misiones,NEA,Posadas,https://www.primeraedicion.com.ar,Primera Edición
2026-06-01,2026-W23,provincial,PRIMERA EDICIÓN,Misiones,NEA,Posadas,https://www.primeraedicion.com.ar,"“Trabajaría con Wanda Nara, si me lo proponen y la historia lo amerita”, sorprendió el actor Sbaraglia"
2026-06-01,2026-W23,provincial,PRIMERA EDICIÓN,Misiones,NEA,Posadas,https://www.primeraedicion.com.ar,Netflix lanzó el tráiler de la II temporada de Cien años de soledad
2026-06-01,2026-W23,provincial,PRIMERA EDICIÓN,Misiones,NEA,Posadas,https://www.primeraedicion.com.ar,El cielo que volvió con ella
2026-06-01,2026-W23,provincial,PRIMERA EDICIÓN,Misiones,NEA,Posadas,https://www.primeraedicion.com.ar,La respiración profunda
2026-06-01,2026-W23,provincial,PRIMERA EDICIÓN,Misiones,NEA,Posadas,https://www.primeraedicion.com.ar,Armonía y metas familiares para la libertad financiera
2026-06-01,2026-W23,provincial,PRIMERA EDICIÓN,Misiones,NEA,Posadas,https://www.primeraedicion.com.ar,Arjona hace historia en Argentina: agotó nuevas funciones y alcanzará los 18 Movistar Arena
2026-06-01,2026-W23,provincial,PRIMERA EDICIÓN,Misiones,NEA,Posadas,https://www.primeraedicion.com.ar,Premios Gardel 2026: Milo J se quedó con el Oro
2026-06-01,2026-W23,provincial,PRIMERA EDICIÓN,Misiones,NEA,Posadas,https://www.primeraedicion.com.ar,Los 80 años de una diva: Cher sigue brillando
2026-06-01,2026-W23,provincial,PRIMERA EDICIÓN,Misiones,NEA,Posadas,https://www.primeraedicion.com.ar,ANSES confirmó el aumento para jubilados en junio 2026: cuánto cobrarán con aguinaldo y nuevos haberes
2026-06-01,2026-W23,provincial,PRIMERA EDICIÓN,Misiones,NEA,Posadas,https://www.primeraedicion.com.ar,ANSeS oficializó los nuevos haberes de junio: cuánto cobrarán jubilados y pensionados
2026-06-01,2026-W23,provincial,PRIMERA EDICIÓN,Misiones,NEA,Posadas,https://www.primeraedicion.com.ar,“El de la foto del Che”
2026-06-01,2026-W23,provincial,PRIMERA EDICIÓN,Misiones,NEA,Posadas,https://www.primeraedicion.com.ar,Qué especies podar y por qué es fundamental hacerlo a tiempo
2026-06-01,2026-W23,provincial,PRIMERA EDICIÓN,Misiones,NEA,Posadas,https://www.primeraedicion.com.ar,"Más ganadería, más forestación y menos dependencia del tabaco"
2026-06-01,2026-W23,provincial,PRIMERA EDICIÓN,Misiones,NEA,Posadas,https://www.primeraedicion.com.ar,Aportes para el desarrollo del té de especialidad en Misiones
2026-06-01,2026-W23,provincial,PRIMERA EDICIÓN,Misiones,NEA,Posadas,https://www.primeraedicion.com.ar,Derecho de superficie: la herramienta legal para generar valor sin vender la propiedad
2026-06-01,2026-W23,provincial,PRIMERA EDICIÓN,Misiones,NEA,Posadas,https://www.primeraedicion.com.ar,Cuando la carga mata: consecuencias penales y millonarias por objetos desprendidos en la ruta
2026-06-01,2026-W23,provincial,PRIMERA EDICIÓN,Misiones,NEA,Posadas,https://www.primeraedicion.com.ar,"Ruidos sobre ruedas: derechos, límites y sanciones frente a motos que perturban la tranquilidad pública"
2026-06-01,2026-W23,provincial,PRIMERA EDICIÓN,Misiones,NEA,Posadas,https://www.primeraedicion.com.ar,Quién financiará la naturaleza: el gran dilema económico del siglo XXI
2026-06-01,2026-W23,provincial,PRIMERA EDICIÓN,Misiones,NEA,Posadas,https://www.primeraedicion.com.ar,Generación del Grado Cero: la educación bajo presión extrema
2026-06-01,2026-W23,provincial,PRIMERA EDICIÓN,Misiones,NEA,Posadas,https://www.primeraedicion.com.ar,El laboratorio climático del planeta
2026-06-01,2026-W23,provincial,PRIMERA EDICIÓN,Misiones,NEA,Posadas,https://www.primeraedicion.com.ar,"Feijoada con todo, para cocinar sin apuro y disfrutar con amigos"
2026-06-01,2026-W23,provincial,PRIMERA EDICIÓN,Misiones,NEA,Posadas,https://www.primeraedicion.com.ar,Patamuslo cuatro quesos: el plato bomba para combatir el frío
2026-06-01,2026-W23,provincial,PRIMERA EDICIÓN,Misiones,NEA,Posadas,https://www.primeraedicion.com.ar,"El guiso carrero que pide el frío: cuchara, olla y sobremesa larga"
2026-06-01,2026-W23,provincial,PRIMERA EDICIÓN,Misiones,NEA,Posadas,https://www.primeraedicion.com.ar,Empanadas salteñas: el secreto está en el relleno (y en el jugo que no perdona)
2026-06-01,2026-W23,provincial,PRIMERA EDICIÓN,Misiones,NEA,Posadas,https://www.primeraedicion.com.ar,Pizzas a la parrilla: el plan perfecto
2026-06-01,2026-W23,provincial,PRIMERA EDICIÓN,Misiones,NEA,Posadas,https://www.primeraedicion.com.ar,Está abierta la inscripción al “Premio Federal de Pintura” que tendrá 50 mil dólares en premios
2026-06-01,2026-W23,provincial,PRIMERA EDICIÓN,Misiones,NEA,Posadas,https://www.primeraedicion.com.ar,“Encontrarnos en nuestras raíces” muestra en homenaje al “Día Nacional del Folklorista”
2026-06-01,2026-W23,provincial,PRIMERA EDICIÓN,Misiones,NEA,Posadas,https://www.primeraedicion.com.ar,Selección Argentina 2026: Los números que se repiten y los herederos de los campeones en Qatar
2026-06-01,2026-W23,provincial,PRIMERA EDICIÓN,Misiones,NEA,Posadas,https://www.primeraedicion.com.ar,"La violencia avisa, el problema es que seguimos sin escuchar"
2026-06-01,2026-W23,provincial,PRIMERA EDICIÓN,Misiones,NEA,Posadas,https://www.primeraedicion.com.ar,El único acusado por el asesinato de Agostina Vega tiene “ideas y pensamientos suicidas”
2026-06-01,2026-W23,provincial,PRIMERA EDICIÓN,Misiones,NEA,Posadas,https://www.primeraedicion.com.ar,Sueño mundialista en marcha: 18 de los 26 futbolistas argentinos ya llegaron a Kansas
2026-06-01,2026-W23,provincial,PRIMERA EDICIÓN,Misiones,NEA,Posadas,https://www.primeraedicion.com.ar,Femicidio de Dulce María Candia: la familia reclamó justicia y la Policía confirmó que el detenido pertenece al entorno de la adolescente asesinada
2026-06-01,2026-W23,provincial,PRIMERA EDICIÓN,Misiones,NEA,Posadas,https://www.primeraedicion.com.ar,Narcopareja cayó en Puerto Iguazú tras una persecución policial
2026-06-01,2026-W23,provincial,PRIMERA EDICIÓN,Misiones,NEA,Posadas,https://www.primeraedicion.com.ar,Detuvieron a un remisero por el caso de femicidio de Dulce Candia
2026-06-01,2026-W23,provincial,PRIMERA EDICIÓN,Misiones,NEA,Posadas,https://www.primeraedicion.com.ar,Crónica de un final anunciado: Claudio Úbeda dejó de ser el entrenador de Boca Juniors
2026-06-01,2026-W23,provincial,PRIMERA EDICIÓN,Misiones,NEA,Posadas,https://www.primeraedicion.com.ar,La autopsia reveló que Agostina Vega murió por asfixia y la Justicia investiga un posible abuso
2026-06-01,2026-W23,provincial,PRIMERA EDICIÓN,Misiones,NEA,Posadas,https://www.primeraedicion.com.ar,“Viuda negra” misionera quedó a un paso del juicio por una serie de robos a hombres contactados por Tinder
2026-06-01,2026-W23,provincial,PRIMERA EDICIÓN,Misiones,NEA,Posadas,https://www.primeraedicion.com.ar,¿En qué barrios estará el IMuSa esta semana?
2026-06-01,2026-W23,provincial,PRIMERA EDICIÓN,Misiones,NEA,Posadas,https://www.primeraedicion.com.ar,"Profunda renovación en River: “Se van a ir 15 jugadores”, anticipó su presidente Di Carlo"
2026-06-01,2026-W23,provincial,PRIMERA EDICIÓN,Misiones,NEA,Posadas,https://www.primeraedicion.com.ar,CAPRI cerró la fase regular de la Liga Federal con triunfo
2026-06-01,2026-W23,provincial,PRIMERA EDICIÓN,Misiones,NEA,Posadas,https://www.primeraedicion.com.ar,"Eldorado: Dos jóvenes a bordo de una motocicleta lesionados, tras colisionar con una furgoneta"
2026-06-01,2026-W23,provincial,PRIMERA EDICIÓN,Misiones,NEA,Posadas,https://www.primeraedicion.com.ar,"Conducía alcoholizado, perdió el control de la moto y terminó hospitalizado"
2026-06-01,2026-W23,provincial,PRIMERA EDICIÓN,Misiones,NEA,Posadas,https://www.primeraedicion.com.ar,Orgullo misionero y guaraní: Andrés Cubas jugará el Mundial con Paraguay
2026-06-01,2026-W23,provincial,PRIMERA EDICIÓN,Misiones,NEA,Posadas,https://www.primeraedicion.com.ar,"Dos jóvenes fueron detenidos en Misiones por hacer “willy”, ruidos molestos y evadir controles"
2026-06-01,2026-W23,provincial,PRIMERA EDICIÓN,Misiones,NEA,Posadas,https://www.primeraedicion.com.ar,Julio Cáceres y una vuelta cargada de emoción: “Pensé muchas veces que no iba a volver a jugar”
2026-06-01,2026-W23,provincial,PRIMERA EDICIÓN,Misiones,NEA,Posadas,https://www.primeraedicion.com.ar,El segundo detenido por el homicidio de Brítez negó haber participado del crimen
2026-06-01,2026-W23,provincial,PRIMERA EDICIÓN,Misiones,NEA,Posadas,https://www.primeraedicion.com.ar,“El casino está en el celular”: preocupación y alerta por la ludopatía juvenil
2026-06-01,2026-W23,provincial,PRIMERA EDICIÓN,Misiones,NEA,Posadas,https://www.primeraedicion.com.ar,Rigen nuevas tarifas para el Parque Nacional Iguazú y otras áreas protegidas del país
2026-06-01,2026-W23,provincial,PRIMERA EDICIÓN,Misiones,NEA,Posadas,https://www.primeraedicion.com.ar,"A puro gol, Garupá sueña con las semis de la Súper Liga posadeña"
2026-06-01,2026-W23,provincial,ADN SUR,Chubut,Patagonia,Comodoro Rivadavia,https://www.adnsur.com.ar,Farmacias de turno
2026-06-01,2026-W23,provincial,ADN SUR,Chubut,Patagonia,Comodoro Rivadavia,https://www.adnsur.com.ar,Colectivos en Comodoro: MR confirmó que el Municipio le puso fecha a la firma del contrato
2026-06-01,2026-W23,provincial,ADN SUR,Chubut,Patagonia,Comodoro Rivadavia,https://www.adnsur.com.ar,"A cinco meses de la muerte de su hijo, la madre de Diego Serón reclama el resultado de pericias clave"
2026-06-01,2026-W23,provincial,ADN SUR,Chubut,Patagonia,Comodoro Rivadavia,https://www.adnsur.com.ar,Una cámara captó el momento exacto en que un ladrón intentó matar de un tiro a un comerciante de Comodoro
2026-06-01,2026-W23,provincial,ADN SUR,Chubut,Patagonia,Comodoro Rivadavia,https://www.adnsur.com.ar,Arrasó con un bosque patagónico de arrayanes y deberá pagar casi 67 millones de pesos
2026-06-01,2026-W23,provincial,ADN SUR,Chubut,Patagonia,Comodoro Rivadavia,https://www.adnsur.com.ar,La Municipalidad encabezará la redistribución de los inmuebles que dejará YPF en Comodoro
2026-06-01,2026-W23,provincial,ADN SUR,Chubut,Patagonia,Comodoro Rivadavia,https://www.adnsur.com.ar,El IPV no da tregua con los controles y quita otras tres casas en Chubut por trueques irregulares
2026-06-01,2026-W23,provincial,ADN SUR,Chubut,Patagonia,Comodoro Rivadavia,https://www.adnsur.com.ar,Qué estudios se pueden hacer con la cabina de telemedicina que ya funciona en Comodoro
2026-06-01,2026-W23,provincial,ADN SUR,Chubut,Patagonia,Comodoro Rivadavia,https://www.adnsur.com.ar,Le dieron tres días para demoler su casa y un desesperado reclamo logró frenar la medida
2026-06-01,2026-W23,provincial,ADN SUR,Chubut,Patagonia,Comodoro Rivadavia,https://www.adnsur.com.ar,"La SCPL, junto a la Fundación Luz de Esperanza, firmó un convenio para fortalecer la asistencia a personas electrodependientes"
2026-06-01,2026-W23,provincial,ADN SUR,Chubut,Patagonia,Comodoro Rivadavia,https://www.adnsur.com.ar,Femicidio de Agostina Vega: se conocieron los resultados preliminares de la autopsia
2026-06-01,2026-W23,provincial,ADN SUR,Chubut,Patagonia,Comodoro Rivadavia,https://www.adnsur.com.ar,La industria pesquera pidió la emergencia en Chubut y advirtió sobre el riesgo para miles de puestos de trabajo
2026-06-01,2026-W23,provincial,ADN SUR,Chubut,Patagonia,Comodoro Rivadavia,https://www.adnsur.com.ar,"Cuánto cobrarán los jubilados y pensionados de ANSES con el aguinaldo, aumento y bono en junio de 2026"
2026-06-01,2026-W23,provincial,ADN SUR,Chubut,Patagonia,Comodoro Rivadavia,https://www.adnsur.com.ar,"“Si te acercas, te apuñalo”: quiso atacar con un cuchillo a policías, intentó escapar y terminó detenido"
2026-06-01,2026-W23,provincial,ADN SUR,Chubut,Patagonia,Comodoro Rivadavia,https://www.adnsur.com.ar,Atacaron a tiros a un grupo frente a un almacén: el joven que recibió un disparo en la cara está grave
2026-06-01,2026-W23,provincial,ADN SUR,Chubut,Patagonia,Comodoro Rivadavia,https://www.adnsur.com.ar,"Muerte y resurrección de la licitación del transporte: una semana cargada, mientras la pesca genera sabores amargos"
2026-06-01,2026-W23,provincial,ADN SUR,Chubut,Patagonia,Comodoro Rivadavia,https://www.adnsur.com.ar,"17:40 Medio aguinaldo de junio 2026: quiénes lo cobran, cómo se calcula y qué pasa con los trabajadores informales"
2026-06-01,2026-W23,provincial,ADN SUR,Chubut,Patagonia,Comodoro Rivadavia,https://www.adnsur.com.ar,17:21 Colectivos en Comodoro: MR confirmó que el Municipio le puso fecha a la firma del contrato
2026-06-01,2026-W23,provincial,ADN SUR,Chubut,Patagonia,Comodoro Rivadavia,https://www.adnsur.com.ar,16:56 Ingeniería financiera en Río Negro y un inédito canje de regalías petroleras para garantizar el gas del Plan Calor
2026-06-01,2026-W23,provincial,ADN SUR,Chubut,Patagonia,Comodoro Rivadavia,https://www.adnsur.com.ar,16:48 El IPV no da tregua con los controles y quita otras tres casas en Chubut por trueques irregulares
2026-06-01,2026-W23,provincial,ADN SUR,Chubut,Patagonia,Comodoro Rivadavia,https://www.adnsur.com.ar,16:34 Qué estudios se pueden hacer con la cabina de telemedicina que ya funciona en Comodoro
2026-06-01,2026-W23,provincial,ADN SUR,Chubut,Patagonia,Comodoro Rivadavia,https://www.adnsur.com.ar,"Sueldos récord y alquileres impagables, la brecha que deja afuera a los no petroleros en Neuquén"
2026-06-01,2026-W23,provincial,ADN SUR,Chubut,Patagonia,Comodoro Rivadavia,https://www.adnsur.com.ar,"“Esto es un asalto”: ingresó armado a un local, le disparó al empleado de una verdulería y escapó"
2026-06-01,2026-W23,provincial,ADN SUR,Chubut,Patagonia,Comodoro Rivadavia,https://www.adnsur.com.ar,Avanza la investigación por la muerte de dos bebés en Santa Cruz con la orden de exhumar un cuerpo
2026-06-01,2026-W23,provincial,ADN SUR,Chubut,Patagonia,Comodoro Rivadavia,https://www.adnsur.com.ar,Un polémico audio vincula a un dirigente peronista con el detenido por el femicidio de Agostina Vega
2026-06-01,2026-W23,provincial,ADN SUR,Chubut,Patagonia,Comodoro Rivadavia,https://www.adnsur.com.ar,Irá a juicio el acusado de envenenar y matar a tres perros en Chubut con un pesticida prohibido
2026-06-01,2026-W23,provincial,ADN SUR,Chubut,Patagonia,Comodoro Rivadavia,https://www.adnsur.com.ar,Nuevo sistema de indemnizaciones: el Gobierno reglamentó el Fondo de Asistencia Laboral y redefine el esquema de despidos
2026-06-01,2026-W23,provincial,ADN SUR,Chubut,Patagonia,Comodoro Rivadavia,https://www.adnsur.com.ar,Adorni deberá presentar su declaración jurada antes del 15 de junio
2026-06-01,2026-W23,provincial,ADN SUR,Chubut,Patagonia,Comodoro Rivadavia,https://www.adnsur.com.ar,Cómo serán a partir de ahora los recibos de sueldo tras la eliminación del histórico libro laboral
2026-06-01,2026-W23,provincial,ADN SUR,Chubut,Patagonia,Comodoro Rivadavia,https://www.adnsur.com.ar,El emotivo mensaje al subcomisario de Santa Cruz que sufrió un accidente en moto y pelea por su vida
2026-06-01,2026-W23,provincial,ADN SUR,Chubut,Patagonia,Comodoro Rivadavia,https://www.adnsur.com.ar,Siwork Coworking realizará una charla abierta y gratuita sobre autonomía financiera y planificación económica
2026-06-01,2026-W23,provincial,ADN SUR,Chubut,Patagonia,Comodoro Rivadavia,https://www.adnsur.com.ar,Santa Cruz puso en marcha seis equipos para el abandono de más de 1.200 pozos de las áreas que devolvió YPF
2026-06-01,2026-W23,provincial,ADN SUR,Chubut,Patagonia,Comodoro Rivadavia,https://www.adnsur.com.ar,Chubut enviará a la Legislatura el RIMI para potenciar inversiones y empleo en las PyMEs
2026-06-01,2026-W23,provincial,ADN SUR,Chubut,Patagonia,Comodoro Rivadavia,https://www.adnsur.com.ar,El lado B de Vaca Muerta: el boom demográfico que preocupa a la política de Neuquén
2026-06-01,2026-W23,provincial,ADN SUR,Chubut,Patagonia,Comodoro Rivadavia,https://www.adnsur.com.ar,YPF sumó cinco nuevas concesiones en Vaca Muerta y refuerza el proyecto de GNL
2026-06-01,2026-W23,provincial,ADN SUR,Chubut,Patagonia,Comodoro Rivadavia,https://www.adnsur.com.ar,Más de un centenar de cateos mineros fueron autorizados en Chubut y en el sector aumenta la intención sobre el desarrollo del Uranio
2026-06-01,2026-W23,provincial,ADN SUR,Chubut,Patagonia,Comodoro Rivadavia,https://www.adnsur.com.ar,Energía en clave de tango: los “Gardel” de la energía afinan negocios y licitaciones millonarias
2026-06-01,2026-W23,provincial,ADN SUR,Chubut,Patagonia,Comodoro Rivadavia,https://www.adnsur.com.ar,Japón también pone el foco en Vaca Muerta: la agencia estatal JOGMEC analiza el RIGI y el GNL argentino
2026-06-01,2026-W23,provincial,ADN SUR,Chubut,Patagonia,Comodoro Rivadavia,https://www.adnsur.com.ar,"Río Negro adjudicó dos áreas maduras a Geopetrol con inversiones por casi USD 6,2 millones y regalías reducidas"
2026-06-01,2026-W23,provincial,ADN SUR,Chubut,Patagonia,Comodoro Rivadavia,https://www.adnsur.com.ar,"El Gobierno mantiene subsidios a la energía para hogares de bajos ingresos, hasta 75% en gas y 62% en luz"
2026-06-01,2026-W23,provincial,ADN SUR,Chubut,Patagonia,Comodoro Rivadavia,https://www.adnsur.com.ar,Alianza inmobiliaria en Rada Tilly promete vender propiedades en 90 días con home staging y marketing profesional
2026-06-01,2026-W23,provincial,ADN SUR,Chubut,Patagonia,Comodoro Rivadavia,https://www.adnsur.com.ar,"Nuevo golpe al bolsillo: uno por uno, todos los aumentos que llegan en junio"
2026-06-01,2026-W23,provincial,ADN SUR,Chubut,Patagonia,Comodoro Rivadavia,https://www.adnsur.com.ar,Dólar oficial en Argentina: ¿A cuánto cotizó este lunes?
2026-06-01,2026-W23,provincial,ADN SUR,Chubut,Patagonia,Comodoro Rivadavia,https://www.adnsur.com.ar,"Aguinaldo, aumento y bono extraordinario: cuánto cobrarán los jubilados y pensionados de ANSES en junio de 2026"
2026-06-01,2026-W23,provincial,ADN SUR,Chubut,Patagonia,Comodoro Rivadavia,https://www.adnsur.com.ar,Jorge Newbery se quedó con el clásico ante Huracán bajo la lluvia
2026-06-01,2026-W23,provincial,ADN SUR,Chubut,Patagonia,Comodoro Rivadavia,https://www.adnsur.com.ar,Las mejores postales del triunfo de Newbery ante Huracán en La Madriguera
2026-06-01,2026-W23,provincial,ADN SUR,Chubut,Patagonia,Comodoro Rivadavia,https://www.adnsur.com.ar,"Comodoro se derrumbó en el complemento, cayó ante Mendoza y terminó como subcampeón argentino"
2026-06-01,2026-W23,provincial,ADN SUR,Chubut,Patagonia,Comodoro Rivadavia,https://www.adnsur.com.ar,Escándalo en Caballito: denunciaron agresiones a hinchas de Gimnasia durante la semifinal ante Ferro
2026-06-01,2026-W23,provincial,ADN SUR,Chubut,Patagonia,Comodoro Rivadavia,https://www.adnsur.com.ar,Madrugada accidentada: una Hilux embistió a un caballo y otra camioneta se despistó
2026-06-01,2026-W23,provincial,ADN SUR,Chubut,Patagonia,Comodoro Rivadavia,https://www.adnsur.com.ar,Conarpesa pidió procesar la mitad de sus capturas a bordo y busca llevar calma a las plantas en tierra
2026-06-01,2026-W23,provincial,CRÓNICA,Chubut,Patagonia,Comodoro Rivadavia,https://www.diariocronica.com.ar,Confirman que firmarán el contrato con MR: el servicio podría comenzar en julio
2026-06-01,2026-W23,provincial,CRÓNICA,Chubut,Patagonia,Comodoro Rivadavia,https://www.diariocronica.com.ar,Lunes 1 de junio de 2026
2026-06-01,2026-W23,provincial,CRÓNICA,Chubut,Patagonia,Comodoro Rivadavia,https://www.diariocronica.com.ar,Confirmaron que Agostina Vega fue abusada y asesinada por asfixia
2026-06-01,2026-W23,provincial,CRÓNICA,Chubut,Patagonia,Comodoro Rivadavia,https://www.diariocronica.com.ar,Una camioneta atropelló a una mujer en zona centro
2026-06-01,2026-W23,provincial,CRÓNICA,Chubut,Patagonia,Comodoro Rivadavia,https://www.diariocronica.com.ar,"Panorama Político: a la realidad, hay que ponerle “flow”"
2026-06-01,2026-W23,provincial,CRÓNICA,Chubut,Patagonia,Comodoro Rivadavia,https://www.diariocronica.com.ar,"""Esto es un asalto"": entró armado a una feria, disparó y escapó"
2026-06-01,2026-W23,provincial,CRÓNICA,Chubut,Patagonia,Comodoro Rivadavia,https://www.diariocronica.com.ar,Conductor alcoholizado volcó en la doble trocha a Madryn y salió ileso
2026-06-01,2026-W23,provincial,CRÓNICA,Chubut,Patagonia,Comodoro Rivadavia,https://www.diariocronica.com.ar,ATE ratificó el paro por tres días en Chubut
2026-06-01,2026-W23,provincial,CRÓNICA,Chubut,Patagonia,Comodoro Rivadavia,https://www.diariocronica.com.ar,"Megasorteo Crónica: ganate camisetas para alentar a la selección, pelotas y premios mundialeros"
2026-06-01,2026-W23,provincial,CRÓNICA,Chubut,Patagonia,Comodoro Rivadavia,https://www.diariocronica.com.ar,Irán suspende diálogo con Estados Unidos ante conflicto en Líbano
2026-06-01,2026-W23,provincial,CRÓNICA,Chubut,Patagonia,Comodoro Rivadavia,https://www.diariocronica.com.ar,Todo lo que hay que saber sobre el medio aguinaldo de junio
2026-06-01,2026-W23,provincial,CRÓNICA,Chubut,Patagonia,Comodoro Rivadavia,https://www.diariocronica.com.ar,Reunión de pilotos para conformar la categoría Turismo Provincial Mara
2026-06-01,2026-W23,provincial,CRÓNICA,Chubut,Patagonia,Comodoro Rivadavia,https://www.diariocronica.com.ar,Leonel Chiorazzo con un presente de proyección internacional
2026-06-01,2026-W23,provincial,CRÓNICA,Chubut,Patagonia,Comodoro Rivadavia,https://www.diariocronica.com.ar,"Después de diez años, vuelven a llevar gas a las comunas rurales y alcanzará, en una primera etapa, a 6 localidades del interior de Chubut"
2026-06-01,2026-W23,provincial,CRÓNICA,Chubut,Patagonia,Comodoro Rivadavia,https://www.diariocronica.com.ar,La jornada de financiamiento para el desarrollo productivo local tuvo una gran convocatoria
2026-06-01,2026-W23,provincial,CRÓNICA,Chubut,Patagonia,Comodoro Rivadavia,https://www.diariocronica.com.ar,Misión del Banco Mundial arribó a Chubut para consolidar corredores turísticos sostenibles e impulsar nuevas inversiones
2026-06-01,2026-W23,provincial,CRÓNICA,Chubut,Patagonia,Comodoro Rivadavia,https://www.diariocronica.com.ar,Pesca bajo la lupa: el sector pesquero de Chubut frente a una investigación judicial
2026-06-01,2026-W23,provincial,CRÓNICA,Chubut,Patagonia,Comodoro Rivadavia,https://www.diariocronica.com.ar,La importancia de cumplir con medidas de prevención ante el aumento de enfermedades respiratorias
2026-06-01,2026-W23,provincial,CRÓNICA,Chubut,Patagonia,Comodoro Rivadavia,https://www.diariocronica.com.ar,Ingresaron 25 nuevos residentes a los Hospitales de Chubut
2026-06-01,2026-W23,provincial,CRÓNICA,Chubut,Patagonia,Comodoro Rivadavia,https://www.diariocronica.com.ar,El miércoles se jugará el pendiente entre Rada Tilly y Jorge Newbery
2026-06-01,2026-W23,provincial,CRÓNICA,Chubut,Patagonia,Comodoro Rivadavia,https://www.diariocronica.com.ar,El femenino jugó fecha completa
2026-06-01,2026-W23,provincial,CRÓNICA,Chubut,Patagonia,Comodoro Rivadavia,https://www.diariocronica.com.ar,"Chubut habilita la segunda instancia de presentación de Proyectos Especiales, Innovación y Formación Docente Continua para 2026"
2026-06-01,2026-W23,provincial,CRÓNICA,Chubut,Patagonia,Comodoro Rivadavia,https://www.diariocronica.com.ar,"Provincia fortalece el trabajo territorial de acompañamiento y cuidado de la Niñez, la Adolescencia y la Familia"
2026-06-01,2026-W23,provincial,CRÓNICA,Chubut,Patagonia,Comodoro Rivadavia,https://www.diariocronica.com.ar,Investigan un ataque a tiros en barrio Pietrobelli: un joven continúa en estado reservado
2026-06-01,2026-W23,provincial,CRÓNICA,Chubut,Patagonia,Comodoro Rivadavia,https://www.diariocronica.com.ar,Boca confirmó la salida de Claudio Úbeda y busca nuevo entrenador
2026-06-01,2026-W23,provincial,CRÓNICA,Chubut,Patagonia,Comodoro Rivadavia,https://www.diariocronica.com.ar,Fue aprehendido tras agredir a su pareja y resistirse a la policía
2026-06-01,2026-W23,provincial,CRÓNICA,Chubut,Patagonia,Comodoro Rivadavia,https://www.diariocronica.com.ar,Cámaras de Chubut exigen declarar la emergencia pesquera en Chubut
2026-06-01,2026-W23,provincial,CRÓNICA,Chubut,Patagonia,Comodoro Rivadavia,https://www.diariocronica.com.ar,Una gigantografía gigante de Messi recorrió las calles de India y se volvió viral
2026-06-01,2026-W23,provincial,CRÓNICA,Chubut,Patagonia,Comodoro Rivadavia,https://www.diariocronica.com.ar,El Merendero Caritas Felices consiguió la cocina pero necesita insumos para seguir
2026-06-01,2026-W23,provincial,CRÓNICA,Chubut,Patagonia,Comodoro Rivadavia,https://www.diariocronica.com.ar,Rawson: se renovarán las instalaciones del Servicio Solidario de Sepelio
2026-06-01,2026-W23,provincial,CRÓNICA,Chubut,Patagonia,Comodoro Rivadavia,https://www.diariocronica.com.ar,La Universidad del Chubut firmó un acuerdo para impulsar prácticas profesionales
2026-06-01,2026-W23,provincial,CRÓNICA,Chubut,Patagonia,Comodoro Rivadavia,https://www.diariocronica.com.ar,Una conductora perdió el control y chocó contra un poste de luz
2026-06-01,2026-W23,provincial,CRÓNICA,Chubut,Patagonia,Comodoro Rivadavia,https://www.diariocronica.com.ar,Amenazó a policías con un cuchillo y terminó detenido en el Moure
2026-06-01,2026-W23,provincial,CRÓNICA,Chubut,Patagonia,Comodoro Rivadavia,https://www.diariocronica.com.ar,Playa Unión: Biss recorrió la obra finalizada de la calle Canónigo Vivaldi
2026-06-01,2026-W23,provincial,CRÓNICA,Chubut,Patagonia,Comodoro Rivadavia,https://www.diariocronica.com.ar,Rawson: El playon deportivo del barrio 3 de abril comienza a tener otra fisionomía
2026-06-01,2026-W23,provincial,CRÓNICA,Chubut,Patagonia,Comodoro Rivadavia,https://www.diariocronica.com.ar,"""Hackeando conceptos"", un programa que llegó para quedarse"
2026-06-01,2026-W23,provincial,CRÓNICA,Chubut,Patagonia,Comodoro Rivadavia,https://www.diariocronica.com.ar,Reforma laboral: el Gobierno nacional oficializó cambios en convenios y sindicatos
2026-06-01,2026-W23,provincial,CRÓNICA,Chubut,Patagonia,Comodoro Rivadavia,https://www.diariocronica.com.ar,Cómo la tecnología agiliza la detección de cáncer de mama en hospitales públicos
2026-06-01,2026-W23,provincial,CRÓNICA,Chubut,Patagonia,Comodoro Rivadavia,https://www.diariocronica.com.ar,Plataformas digitales: designan a la Secretaría de Transporte como autoridad de aplicación
2026-06-01,2026-W23,provincial,CRÓNICA,Chubut,Patagonia,Comodoro Rivadavia,https://www.diariocronica.com.ar,Debate en Estados Unidos por la aplicación de IA en operaciones militares
2026-06-01,2026-W23,provincial,CRÓNICA,Chubut,Patagonia,Comodoro Rivadavia,https://www.diariocronica.com.ar,Una camioneta impactó contra un caballo en la Ruta 26
2026-06-01,2026-W23,provincial,CRÓNICA,Chubut,Patagonia,Comodoro Rivadavia,https://www.diariocronica.com.ar,Postergan el aumento de impuestos a los combustibles hasta julio
2026-06-01,2026-W23,provincial,CRÓNICA,Chubut,Patagonia,Comodoro Rivadavia,https://www.diariocronica.com.ar,"El proyecto ""Arte Público"" redobla la apuesta con un nuevo mural en Rada Tilly"
2026-06-01,2026-W23,provincial,CRÓNICA,Chubut,Patagonia,Comodoro Rivadavia,https://www.diariocronica.com.ar,Día Mundial de la Leche: importancia del consumo lácteo en la nutrición
2026-06-01,2026-W23,provincial,CRÓNICA,Chubut,Patagonia,Comodoro Rivadavia,https://www.diariocronica.com.ar,Explosión en planta aeroespacial de Corea del Sur causa cuatro muertes
2026-06-01,2026-W23,provincial,CRÓNICA,Chubut,Patagonia,Comodoro Rivadavia,https://www.diariocronica.com.ar,Intentó hurtar un vino y detergente de un supermercado: fue capturada
2026-06-01,2026-W23,provincial,CRÓNICA,Chubut,Patagonia,Comodoro Rivadavia,https://www.diariocronica.com.ar,"En Chubut crece la incertidumbre, mientras Santa Cruz y Mar del Plata ven positivamente la zafra de langostino 2026"
2026-06-01,2026-W23,provincial,CRÓNICA,Chubut,Patagonia,Comodoro Rivadavia,https://www.diariocronica.com.ar,El “Lobo” lo dio vuelta y ganó tres puntos que valen “Oros”
2026-06-01,2026-W23,provincial,CRÓNICA,Chubut,Patagonia,Comodoro Rivadavia,https://www.diariocronica.com.ar,Adultos mayores coparon el Hospital Alvear para amigarse con la tecnología
2026-06-01,2026-W23,provincial,CRÓNICA,Chubut,Patagonia,Comodoro Rivadavia,https://www.diariocronica.com.ar,Subastarán un manuscrito medieval del rey Arturo por más de 2 millones de dólares
2026-06-01,2026-W23,provincial,EL PATAGÓNICO,Chubut,Patagonia,Comodoro Rivadavia,https://www.elpatagonico.com,Todas las secciones
2026-06-01,2026-W23,provincial,EL PATAGÓNICO,Chubut,Patagonia,Comodoro Rivadavia,https://www.elpatagonico.com,De que se habla
2026-06-01,2026-W23,provincial,EL PATAGÓNICO,Chubut,Patagonia,Comodoro Rivadavia,https://www.elpatagonico.com,Amenazaron a un empleado y horas después balearon el comercio
2026-06-01,2026-W23,provincial,EL PATAGÓNICO,Chubut,Patagonia,Comodoro Rivadavia,https://www.elpatagonico.com,"""Mi novio me tiene de rehén"": cuando la policía llegó, ya la habían asesinado"
2026-06-01,2026-W23,provincial,EL PATAGÓNICO,Chubut,Patagonia,Comodoro Rivadavia,https://www.elpatagonico.com,Convenio para asistir a personas electrodependientes
2026-06-01,2026-W23,provincial,EL PATAGÓNICO,Chubut,Patagonia,Comodoro Rivadavia,https://www.elpatagonico.com,Comodoro reunió a jóvenes líderes de Chubut y Santa Cruz
2026-06-01,2026-W23,provincial,EL PATAGÓNICO,Chubut,Patagonia,Comodoro Rivadavia,https://www.elpatagonico.com,Stéfano Di Carlo adelantó que de River se irán 15 jugadores
2026-06-01,2026-W23,provincial,EL PATAGÓNICO,Chubut,Patagonia,Comodoro Rivadavia,https://www.elpatagonico.com,Las Más Leídas de El Patagónico
2026-06-01,2026-W23,provincial,EL PATAGÓNICO,Chubut,Patagonia,Comodoro Rivadavia,https://www.elpatagonico.com,El Musicoirón ya reúne más de 1200 discos de todo Chubut
2026-06-01,2026-W23,provincial,EL PATAGÓNICO,Chubut,Patagonia,Comodoro Rivadavia,https://www.elpatagonico.com,Noticias Insólitas
2026-06-01,2026-W23,provincial,EL PATAGÓNICO,Chubut,Patagonia,Comodoro Rivadavia,https://www.elpatagonico.com,Ingresó a robar en una vivienda de la calle Colonos Sudafricanos
2026-06-01,2026-W23,provincial,EL PATAGÓNICO,Chubut,Patagonia,Comodoro Rivadavia,https://www.elpatagonico.com,"Pablo Favarel: ""el equipo va a dar todo lo que tiene"""
2026-06-01,2026-W23,provincial,EL PATAGÓNICO,Chubut,Patagonia,Comodoro Rivadavia,https://www.elpatagonico.com,El transporte funcionó con normalidad este lunes
2026-06-01,2026-W23,provincial,EL PATAGÓNICO,Chubut,Patagonia,Comodoro Rivadavia,https://www.elpatagonico.com,La autopsia reveló que Agostina fue abusada y murió tras ser asfixiada
2026-06-01,2026-W23,provincial,EL PATAGÓNICO,Chubut,Patagonia,Comodoro Rivadavia,https://www.elpatagonico.com,Más de 70 arquitectos se capacitaron en Inteligencia Artificial
2026-06-01,2026-W23,provincial,EL PATAGÓNICO,Chubut,Patagonia,Comodoro Rivadavia,https://www.elpatagonico.com,Una mujer sufrió lesiones leves tras ser atropellada por una camioneta
2026-06-01,2026-W23,provincial,EL PATAGÓNICO,Chubut,Patagonia,Comodoro Rivadavia,https://www.elpatagonico.com,Agostina pudo haber sido drogada por Barrelier
2026-06-01,2026-W23,provincial,EL PATAGÓNICO,Chubut,Patagonia,Comodoro Rivadavia,https://www.elpatagonico.com,"Amenazó a policías con un cuchillo, escapó y fue detenido"
2026-06-01,2026-W23,provincial,EL PATAGÓNICO,Chubut,Patagonia,Comodoro Rivadavia,https://www.elpatagonico.com,Urbana sumó nuevos pasantes de la Escuela de Formación Integral N° 521
2026-06-01,2026-W23,provincial,EL PATAGÓNICO,Chubut,Patagonia,Comodoro Rivadavia,https://www.elpatagonico.com,Conductora despista en el acceso a la rotonda de las rutas 3 y 26
2026-06-01,2026-W23,provincial,EL PATAGÓNICO,Chubut,Patagonia,Comodoro Rivadavia,https://www.elpatagonico.com,"El subcomisario mandó a la oficial a trabajar de ""cajera"""
2026-06-01,2026-W23,provincial,EL PATAGÓNICO,Chubut,Patagonia,Comodoro Rivadavia,https://www.elpatagonico.com,Tuvieron que sedar a la madre de Agostina al enterarse de su muerte
2026-06-01,2026-W23,provincial,EL PATAGÓNICO,Chubut,Patagonia,Comodoro Rivadavia,https://www.elpatagonico.com,"Enfrentó a Raúl Garzón: ""El tono del fiscal fue indignante"""
2026-06-01,2026-W23,provincial,EL PATAGÓNICO,Chubut,Patagonia,Comodoro Rivadavia,https://www.elpatagonico.com,"""Nunca pensé que mi hijo pudiera hacer algo así"": la madre del acusado"
2026-06-01,2026-W23,provincial,EL PATAGÓNICO,Chubut,Patagonia,Comodoro Rivadavia,https://www.elpatagonico.com,En 2027 Caleta será sede de los Juegos de la Araucanía
2026-06-01,2026-W23,provincial,EL PATAGÓNICO,Chubut,Patagonia,Comodoro Rivadavia,https://www.elpatagonico.com,Cultura Jugona celebrará su 10ma edición con actividades para toda la familia
2026-06-01,2026-W23,provincial,EL PATAGÓNICO,Chubut,Patagonia,Comodoro Rivadavia,https://www.elpatagonico.com,Uno de los baleados en el Pietrobelli permanece en estado crítico
2026-06-01,2026-W23,provincial,EL PATAGÓNICO,Chubut,Patagonia,Comodoro Rivadavia,https://www.elpatagonico.com,Más de 50 participantes en la jornada de financiamiento para el desarrollo productivo local
2026-06-01,2026-W23,provincial,EL PATAGÓNICO,Chubut,Patagonia,Comodoro Rivadavia,https://www.elpatagonico.com,Conflicto familiar en el Moure: agredió a una mujer y está preso
2026-06-01,2026-W23,provincial,EL PATAGÓNICO,Chubut,Patagonia,Comodoro Rivadavia,https://www.elpatagonico.com,El ministro de Energía confirma reactivación de industria petrolera
2026-06-01,2026-W23,provincial,EL PATAGÓNICO,Chubut,Patagonia,Comodoro Rivadavia,https://www.elpatagonico.com,Es crítico el estado del policía atropellado por un vehículo
2026-06-01,2026-W23,provincial,EL PATAGÓNICO,Chubut,Patagonia,Comodoro Rivadavia,https://www.elpatagonico.com,Milei reglamentó el mecanismo para financiar despidos con plata de los jubilados
2026-06-01,2026-W23,provincial,EL PATAGÓNICO,Chubut,Patagonia,Comodoro Rivadavia,https://www.elpatagonico.com,Padres de Newbery apelan a la solidaridad para sostener la merienda de las inferiores
2026-06-01,2026-W23,provincial,EL PATAGÓNICO,Chubut,Patagonia,Comodoro Rivadavia,https://www.elpatagonico.com,Chubut impulsa un régimen de incentivos para PyMEs
2026-06-01,2026-W23,provincial,EL PATAGÓNICO,Chubut,Patagonia,Comodoro Rivadavia,https://www.elpatagonico.com,Detenido en Corrientes: está acusado de abusar de una menor en Madryn
2026-06-01,2026-W23,provincial,EL PATAGÓNICO,Chubut,Patagonia,Comodoro Rivadavia,https://www.elpatagonico.com,Un herido con un disparo en la cara en el Pietrobelli
2026-06-01,2026-W23,provincial,EL PATAGÓNICO,Chubut,Patagonia,Comodoro Rivadavia,https://www.elpatagonico.com,CAME rechaza la reforma tributaria que pide el FMI
2026-06-01,2026-W23,provincial,EL PATAGÓNICO,Chubut,Patagonia,Comodoro Rivadavia,https://www.elpatagonico.com,Funcionario de Milei sorprendido con millones de dólares y droga
2026-06-01,2026-W23,provincial,EL PATAGÓNICO,Chubut,Patagonia,Comodoro Rivadavia,https://www.elpatagonico.com,Alarma por la salud de Chiche Gelblung
2026-06-01,2026-W23,provincial,EL PATAGÓNICO,Chubut,Patagonia,Comodoro Rivadavia,https://www.elpatagonico.com,"Nogoyá declaró ""Ciudadana Ilustre"" a Emilia Mernes y la viceintendenta dejó la sesión"
2026-06-01,2026-W23,provincial,EL PATAGÓNICO,Chubut,Patagonia,Comodoro Rivadavia,https://www.elpatagonico.com,Chechu Bonelli se enojó por las críticas que recibió por regalar una perra
2026-06-01,2026-W23,provincial,EL PATAGÓNICO,Chubut,Patagonia,Comodoro Rivadavia,https://www.elpatagonico.com,"Robertito Funes Ugarte se brotó en vivo porque le dijeron ""rosca floja"""
2026-06-01,2026-W23,provincial,EL PATAGÓNICO,Chubut,Patagonia,Comodoro Rivadavia,https://www.elpatagonico.com,Vóley: Waiwen recibió el respaldo para la próxima Liga Argentina
2026-06-01,2026-W23,provincial,EL PATAGÓNICO,Chubut,Patagonia,Comodoro Rivadavia,https://www.elpatagonico.com,"Polla: ""precisamos que nuestra fortaleza sea el trabajo de equipo"""
2026-06-01,2026-W23,provincial,EL PATAGÓNICO,Chubut,Patagonia,Comodoro Rivadavia,https://www.elpatagonico.com,Olas del Sur viaja al Nacional de Danza en San Juan
2026-06-01,2026-W23,provincial,EL PATAGÓNICO,Chubut,Patagonia,Comodoro Rivadavia,https://www.elpatagonico.com,La Cigarra ganó la final de ida en la C-09 2018
2026-06-01,2026-W23,provincial,EL PATAGÓNICO,Chubut,Patagonia,Comodoro Rivadavia,https://www.elpatagonico.com,El Apertura de básquet sigue con dos juegos en Primera Femenino
2026-06-01,2026-W23,provincial,EL PATAGÓNICO,Chubut,Patagonia,Comodoro Rivadavia,https://www.elpatagonico.com,Gimnasia festeja dos décadas de su primer título de Liga Nacional
2026-06-01,2026-W23,provincial,EL PATAGÓNICO,Chubut,Patagonia,Comodoro Rivadavia,https://www.elpatagonico.com,Quimsa eliminó al bicampeón Boca y es el primer finalista
2026-06-01,2026-W23,provincial,EL PATAGÓNICO,Chubut,Patagonia,Comodoro Rivadavia,https://www.elpatagonico.com,Newbery le ganó a Huracán el clásico y se acercó a la punta
2026-06-01,2026-W23,provincial,EL DIARIO DE LA PAMPA,La Pampa,Patagonia,Santa Rosa,https://www.eldiariodelapampa.com.ar,Radio El Diario
2026-06-01,2026-W23,provincial,EL DIARIO DE LA PAMPA,La Pampa,Patagonia,Santa Rosa,https://www.eldiariodelapampa.com.ar,Eleg├Ł una secci├│n
2026-06-01,2026-W23,provincial,EL DIARIO DE LA PAMPA,La Pampa,Patagonia,Santa Rosa,https://www.eldiariodelapampa.com.ar,LA TAPA INTELIGENTE
2026-06-01,2026-W23,provincial,EL DIARIO DE LA PAMPA,La Pampa,Patagonia,Santa Rosa,https://www.eldiariodelapampa.com.ar,Úbeda dejó de ser el entrenador de Boca
2026-06-01,2026-W23,provincial,EL DIARIO DE LA PAMPA,La Pampa,Patagonia,Santa Rosa,https://www.eldiariodelapampa.com.ar,Guardia del Monte tendrá su propio álbum de figuritas
2026-06-01,2026-W23,provincial,EL DIARIO DE LA PAMPA,La Pampa,Patagonia,Santa Rosa,https://www.eldiariodelapampa.com.ar,Barrientos ganó el GP Venado Tuerto
2026-06-01,2026-W23,provincial,EL DIARIO DE LA PAMPA,La Pampa,Patagonia,Santa Rosa,https://www.eldiariodelapampa.com.ar,Messi llegó a Kansas y se sumó a la delegación de Argentina
2026-06-01,2026-W23,provincial,EL DIARIO DE LA PAMPA,La Pampa,Patagonia,Santa Rosa,https://www.eldiariodelapampa.com.ar,"Murió Julio Le Parc, el gran maestro argentino del arte cinético y de luz"
2026-06-01,2026-W23,provincial,EL DIARIO DE LA PAMPA,La Pampa,Patagonia,Santa Rosa,https://www.eldiariodelapampa.com.ar,Todos los ganadores de los Premios Carlos Gardel 2026
2026-06-01,2026-W23,provincial,EL DIARIO DE LA PAMPA,La Pampa,Patagonia,Santa Rosa,https://www.eldiariodelapampa.com.ar,Ricardo Arjona agotó otra fecha en el Movistar Arena
2026-06-01,2026-W23,provincial,EL DIARIO DE LA PAMPA,La Pampa,Patagonia,Santa Rosa,https://www.eldiariodelapampa.com.ar,Ricardo Darín adelantó la segunda temporada de El Eternauta
2026-06-01,2026-W23,provincial,EL DIARIO DE LA PAMPA,La Pampa,Patagonia,Santa Rosa,https://www.eldiariodelapampa.com.ar,"Sports tripping, la tendencia del viaje que gana fuerza"
2026-06-01,2026-W23,provincial,EL DIARIO DE LA PAMPA,La Pampa,Patagonia,Santa Rosa,https://www.eldiariodelapampa.com.ar,"""Furor por Argentina"": entusiasmo de cara a la temporada invernal argentina"
2026-06-01,2026-W23,provincial,EL DIARIO DE LA PAMPA,La Pampa,Patagonia,Santa Rosa,https://www.eldiariodelapampa.com.ar,Dónde viajar en Semana Santa 2026: Mejores destinos argentinos para el finde largo
2026-06-01,2026-W23,provincial,EL DIARIO DE LA PAMPA,La Pampa,Patagonia,Santa Rosa,https://www.eldiariodelapampa.com.ar,El lujo turístico redefine su valor en 2026
2026-06-01,2026-W23,provincial,EL DIARIO DE LA PAMPA,La Pampa,Patagonia,Santa Rosa,https://www.eldiariodelapampa.com.ar,"El misterio del hornero: revelan por qué tienen la ""puerta"" a la derecha o a la izquierda"
2026-06-01,2026-W23,provincial,EL DIARIO DE LA PAMPA,La Pampa,Patagonia,Santa Rosa,https://www.eldiariodelapampa.com.ar,"Ley de Glaciares: Dillon desmontó los argumentos de Ravier, uno por uno"
2026-06-01,2026-W23,provincial,EL DIARIO DE LA PAMPA,La Pampa,Patagonia,Santa Rosa,https://www.eldiariodelapampa.com.ar,Ravier y Ardohain votaron a favor de cambios que pueden afectar al Colorado
2026-06-01,2026-W23,provincial,EL DIARIO DE LA PAMPA,La Pampa,Patagonia,Santa Rosa,https://www.eldiariodelapampa.com.ar,Un concreto que absorbe carbono: avance de la Universidad de Pensilvania para una construcción más sostenible
2026-06-01,2026-W23,provincial,EL DIARIO DE LA PAMPA,La Pampa,Patagonia,Santa Rosa,https://www.eldiariodelapampa.com.ar,Descubren por qué algunos recuerdos perduran y otros se desvanecen
2026-06-01,2026-W23,provincial,EL DIARIO DE LA PAMPA,La Pampa,Patagonia,Santa Rosa,https://www.eldiariodelapampa.com.ar,Un atlas mapea por primera vez el sistema hormonal humano tejido por tejido
2026-06-01,2026-W23,provincial,EL DIARIO DE LA PAMPA,La Pampa,Patagonia,Santa Rosa,https://www.eldiariodelapampa.com.ar,Los avances científicos que podrían mejorar el tratamiento del cáncer de páncreas
2026-06-01,2026-W23,provincial,EL DIARIO DE LA PAMPA,La Pampa,Patagonia,Santa Rosa,https://www.eldiariodelapampa.com.ar,Qué señales ocultas en la escritura podrían anticipar deterioro cognitivo
2026-06-01,2026-W23,provincial,EL DIARIO DE LA PAMPA,La Pampa,Patagonia,Santa Rosa,https://www.eldiariodelapampa.com.ar,Ribeiro fue adjudicada para operar El Medanito durante la transición
2026-06-01,2026-W23,provincial,EL DIARIO DE LA PAMPA,La Pampa,Patagonia,Santa Rosa,https://www.eldiariodelapampa.com.ar,Clausuraron una obra de Catoni por violar el Código Urbanístico
2026-06-01,2026-W23,provincial,EL DIARIO DE LA PAMPA,La Pampa,Patagonia,Santa Rosa,https://www.eldiariodelapampa.com.ar,Una pollería arrojó residuos a la vereda y fue denunciada
2026-06-01,2026-W23,provincial,EL DIARIO DE LA PAMPA,La Pampa,Patagonia,Santa Rosa,https://www.eldiariodelapampa.com.ar,"Por primera vez, las declaraciones juradas de funcionarios tendrán una versión pública online"
2026-06-01,2026-W23,provincial,EL DIARIO DE LA PAMPA,La Pampa,Patagonia,Santa Rosa,https://www.eldiariodelapampa.com.ar,"Entre reculadas, cruces y chicanas"
2026-06-01,2026-W23,provincial,EL DIARIO DE LA PAMPA,La Pampa,Patagonia,Santa Rosa,https://www.eldiariodelapampa.com.ar,Un interés renovado por Medanito y otro ninguneo a la Educación
2026-06-01,2026-W23,provincial,EL DIARIO DE LA PAMPA,La Pampa,Patagonia,Santa Rosa,https://www.eldiariodelapampa.com.ar,Discutieron por unos animales y un jubilado le disparó a su vecina con un aire comprimido
2026-06-01,2026-W23,provincial,EL DIARIO DE LA PAMPA,La Pampa,Patagonia,Santa Rosa,https://www.eldiariodelapampa.com.ar,"Auxilio financiero al ISS, incentivos para escuelas técnicas y nuevo parque industrial de Pico"
2026-06-01,2026-W23,provincial,EL DIARIO DE LA PAMPA,La Pampa,Patagonia,Santa Rosa,https://www.eldiariodelapampa.com.ar,La autopsia confirmó que Agostina Vega murió por asfixia mecánica
2026-06-01,2026-W23,provincial,EL DIARIO DE LA PAMPA,La Pampa,Patagonia,Santa Rosa,https://www.eldiariodelapampa.com.ar,"Llega ""El Niño"" y anuncian un invierno lluvioso y menos frío"
2026-06-01,2026-W23,provincial,EL DIARIO DE LA PAMPA,La Pampa,Patagonia,Santa Rosa,https://www.eldiariodelapampa.com.ar,"Para frenar la suba de la nafta y el gasoil, vuelven a postergar el aumento del impuesto"
2026-06-01,2026-W23,provincial,EL DIARIO DE LA PAMPA,La Pampa,Patagonia,Santa Rosa,https://www.eldiariodelapampa.com.ar,El 73% de los negocios sufrió una fuerte caída de ventas y ya hay riesgo en el empleo
2026-06-01,2026-W23,provincial,EL DIARIO DE LA PAMPA,La Pampa,Patagonia,Santa Rosa,https://www.eldiariodelapampa.com.ar,"La coparticipación repuntó, pero La Pampa aún pierde casi $17.000 millones en el año"
2026-06-01,2026-W23,provincial,EL DIARIO DE LA PAMPA,La Pampa,Patagonia,Santa Rosa,https://www.eldiariodelapampa.com.ar,Renunció el titular del ENRGE a menos de un mes de haber asumido
2026-06-01,2026-W23,provincial,EL DIARIO DE LA PAMPA,La Pampa,Patagonia,Santa Rosa,https://www.eldiariodelapampa.com.ar,"Habló la joven secuestrada por Barrelier en 2025: ""Me ató los pies, las manos y me tapó la boca"""
2026-06-01,2026-W23,provincial,EL DIARIO DE LA PAMPA,La Pampa,Patagonia,Santa Rosa,https://www.eldiariodelapampa.com.ar,"Reforma laboral: oficializan cambios en convenios, sindicatos y plataformas digitales"
2026-06-01,2026-W23,provincial,EL DIARIO DE LA PAMPA,La Pampa,Patagonia,Santa Rosa,https://www.eldiariodelapampa.com.ar,"Tenía 11,8 gramos de cocaína: el TOF lo sobreseyó por considerarlo ""consumo personal"""
2026-06-01,2026-W23,provincial,EL DIARIO DE LA PAMPA,La Pampa,Patagonia,Santa Rosa,https://www.eldiariodelapampa.com.ar,Denuncian que colapsó la obra social de Camioneros
2026-06-01,2026-W23,provincial,EL DIARIO DE LA PAMPA,La Pampa,Patagonia,Santa Rosa,https://www.eldiariodelapampa.com.ar,Comienza el juicio contra el ex senador Kueider por contrabando por más de USD 200.000
2026-06-01,2026-W23,provincial,EL DIARIO DE LA PAMPA,La Pampa,Patagonia,Santa Rosa,https://www.eldiariodelapampa.com.ar,"Tenía pedido de captura por robo, trepó por los techos y terminó tras las rejas"
2026-06-01,2026-W23,provincial,EL DIARIO DE LA PAMPA,La Pampa,Patagonia,Santa Rosa,https://www.eldiariodelapampa.com.ar,"Quiso robar una moto, no pudo darle arranque y lo atraparon"
2026-06-01,2026-W23,provincial,EL DIARIO DE LA PAMPA,La Pampa,Patagonia,Santa Rosa,https://www.eldiariodelapampa.com.ar,Una semana completa de cielo gris y con posible lloviznas
2026-06-01,2026-W23,provincial,EL DIARIO DE LA PAMPA,La Pampa,Patagonia,Santa Rosa,https://www.eldiariodelapampa.com.ar,El camionero que volcó en la Ruta 35 estaba alcoholizado
2026-06-01,2026-W23,provincial,EL DIARIO DE LA PAMPA,La Pampa,Patagonia,Santa Rosa,https://www.eldiariodelapampa.com.ar,Recuperan en Catriló agroquímicos robados en un galpón de Anguil
2026-06-01,2026-W23,provincial,EL DIARIO DE LA PAMPA,La Pampa,Patagonia,Santa Rosa,https://www.eldiariodelapampa.com.ar,"Alquileres y salud, los aumentos que rigen desde este lunes"
2026-06-01,2026-W23,provincial,EL DIARIO DE LA PAMPA,La Pampa,Patagonia,Santa Rosa,https://www.eldiariodelapampa.com.ar,Toay: un auto chocó una columna en la 13 de Caballería
2026-06-01,2026-W23,provincial,EL DIARIO DE LA PAMPA,La Pampa,Patagonia,Santa Rosa,https://www.eldiariodelapampa.com.ar,Elecciones en Colombia: habrá segunda vuelta entre Cepeda y De la Espriella
2026-06-01,2026-W23,provincial,LA ARENA,La Pampa,Patagonia,Santa Rosa,https://www.laarena.com.ar,Transición de Medanito: Ribeiro SRL fue la empresa seleccionada
2026-06-01,2026-W23,provincial,LA ARENA,La Pampa,Patagonia,Santa Rosa,https://www.laarena.com.ar,Exportadores de granos demoran la liquidación por el atraso cambiario
2026-06-01,2026-W23,provincial,LA ARENA,La Pampa,Patagonia,Santa Rosa,https://www.laarena.com.ar,Caso Agostina Vega: la autopsia reveló que murió por asfixia mecánica
2026-06-01,2026-W23,provincial,LA ARENA,La Pampa,Patagonia,Santa Rosa,https://www.laarena.com.ar,Realicó: ediles proponen crear un sistema para prevenir incendios en basureros
2026-06-01,2026-W23,provincial,LA ARENA,La Pampa,Patagonia,Santa Rosa,https://www.laarena.com.ar,ONU Turismo: ningún pueblo pampeano quedó entre los ocho elegidos
2026-06-01,2026-W23,provincial,LA ARENA,La Pampa,Patagonia,Santa Rosa,https://www.laarena.com.ar,Aprovechó una marcha por Agostina para pedir por su hija desaparecida y la encontró
2026-06-01,2026-W23,provincial,LA ARENA,La Pampa,Patagonia,Santa Rosa,https://www.laarena.com.ar,Fuerte suba del dólar oficial en el inicio de junio: rozó los $1.430
2026-06-01,2026-W23,provincial,LA ARENA,La Pampa,Patagonia,Santa Rosa,https://www.laarena.com.ar,Milagro en plena calle: Dos policías salvaron a una bebé que no respiraba
2026-06-01,2026-W23,provincial,LA ARENA,La Pampa,Patagonia,Santa Rosa,https://www.laarena.com.ar,La Justicia rechazó la suspensión de la Ley de Glaciares en Santa Cruz
2026-06-01,2026-W23,provincial,LA ARENA,La Pampa,Patagonia,Santa Rosa,https://www.laarena.com.ar,"Alerta en Victorica por suicidios, homicidios y consumos problemáticos"
2026-06-01,2026-W23,provincial,LA ARENA,La Pampa,Patagonia,Santa Rosa,https://www.laarena.com.ar,Chile: organizaciones sociales protestan contra políticas de Kast
2026-06-01,2026-W23,provincial,LA ARENA,La Pampa,Patagonia,Santa Rosa,https://www.laarena.com.ar,Renunció el titular del ENRGE a menos de un mes de haber asumido
2026-06-01,2026-W23,provincial,LA ARENA,La Pampa,Patagonia,Santa Rosa,https://www.laarena.com.ar,Villa Mirasol: demoraron a una pareja con pedido de captura de Córdoba
2026-06-01,2026-W23,provincial,LA ARENA,La Pampa,Patagonia,Santa Rosa,https://www.laarena.com.ar,"La mamá de Agustina Fernández pidió ""Justicia"" para Agostina y convocó a una marcha en Santa Rosa"
2026-06-01,2026-W23,provincial,LA ARENA,La Pampa,Patagonia,Santa Rosa,https://www.laarena.com.ar,Advirtieron por niebla e imputaron a dos jóvenes
2026-06-01,2026-W23,provincial,LA ARENA,La Pampa,Patagonia,Santa Rosa,https://www.laarena.com.ar,Dos hospitalizados por el incendio de una casa en Luiggi
2026-06-01,2026-W23,provincial,LA ARENA,La Pampa,Patagonia,Santa Rosa,https://www.laarena.com.ar,Comienza el ritual más esperado de la Patagonia
2026-06-01,2026-W23,provincial,LA ARENA,La Pampa,Patagonia,Santa Rosa,https://www.laarena.com.ar,"El dramático relato de la joven víctima de Barrelier en 2025: ""Me ató y me tapó la boca con cinta"""
2026-06-01,2026-W23,provincial,LA ARENA,La Pampa,Patagonia,Santa Rosa,https://www.laarena.com.ar,"""Es una enorme mentira que solo nos ocupamos del centro"""
2026-06-01,2026-W23,provincial,LA ARENA,La Pampa,Patagonia,Santa Rosa,https://www.laarena.com.ar,Insólito: secuestraron autos por alcoholemia y el conductor de la grúa dio positivo
2026-06-01,2026-W23,provincial,LA ARENA,La Pampa,Patagonia,Santa Rosa,https://www.laarena.com.ar,Plan que refuerza la lectura y la escritura en ingresantes al secundario
2026-06-01,2026-W23,provincial,LA ARENA,La Pampa,Patagonia,Santa Rosa,https://www.laarena.com.ar,El mundo de las abejas: las claves de una especie que es fundamental
2026-06-01,2026-W23,provincial,LA ARENA,La Pampa,Patagonia,Santa Rosa,https://www.laarena.com.ar,Pelea por un árbol histórico: vecinos buscan proteger un arrayán de 100 años
2026-06-01,2026-W23,provincial,LA ARENA,La Pampa,Patagonia,Santa Rosa,https://www.laarena.com.ar,Ocho pueblos buscan ganar un prestigioso premio internacional
2026-06-01,2026-W23,provincial,LA ARENA,La Pampa,Patagonia,Santa Rosa,https://www.laarena.com.ar,Increíble: aparecieron más de 500 delfines en la costa
2026-06-01,2026-W23,provincial,LA ARENA,La Pampa,Patagonia,Santa Rosa,https://www.laarena.com.ar,Consultora realiza búsqueda laboral
2026-06-01,2026-W23,provincial,LA ARENA,La Pampa,Patagonia,Santa Rosa,https://www.laarena.com.ar,Más de 600 militantes se reunieron en Santa Rosa para pedir la liberación de CFK
2026-06-01,2026-W23,provincial,LA ARENA,La Pampa,Patagonia,Santa Rosa,https://www.laarena.com.ar,Una multitud pidió por CFK libre
2026-06-01,2026-W23,provincial,LA ARENA,La Pampa,Patagonia,Santa Rosa,https://www.laarena.com.ar,La municipalidad invertirá $ 2.475 millones en obras
2026-06-01,2026-W23,provincial,LA ARENA,La Pampa,Patagonia,Santa Rosa,https://www.laarena.com.ar,El camionero que volcó en la ruta 35 dio poco más de 2 g/l en el test de alcoholemia
2026-06-01,2026-W23,provincial,LA ARENA,La Pampa,Patagonia,Santa Rosa,https://www.laarena.com.ar,"Camionero que volcó manejaba con más de 2,g/l de alcohol"
2026-06-01,2026-W23,provincial,LA ARENA,La Pampa,Patagonia,Santa Rosa,https://www.laarena.com.ar,Catriló: se oficializó la renuncia de directora administrativa
2026-06-01,2026-W23,provincial,LA ARENA,La Pampa,Patagonia,Santa Rosa,https://www.laarena.com.ar,Dos hombres demorados por disturbios en un boliche
2026-06-01,2026-W23,provincial,LA ARENA,La Pampa,Patagonia,Santa Rosa,https://www.laarena.com.ar,Automovilista se despistó en la ruta 9 y terminó entre los árboles
2026-06-01,2026-W23,provincial,LA ARENA,La Pampa,Patagonia,Santa Rosa,https://www.laarena.com.ar,Agostina: impulsan jury al fiscal y piden la salida del ministro
2026-06-01,2026-W23,provincial,LA ARENA,La Pampa,Patagonia,Santa Rosa,https://www.laarena.com.ar,Toay: se distrajo e impactó contra una columna
2026-06-01,2026-W23,provincial,LA ARENA,La Pampa,Patagonia,Santa Rosa,https://www.laarena.com.ar,El sucesor de Petro se definirá en un balotaje
2026-06-01,2026-W23,provincial,LA ARENA,La Pampa,Patagonia,Santa Rosa,https://www.laarena.com.ar,Más del 20 % de los argentinos usará el aguinaldo para pagar deudas
2026-06-01,2026-W23,provincial,LA ARENA,La Pampa,Patagonia,Santa Rosa,https://www.laarena.com.ar,Conmoción por Agostina: convocan a marchar
2026-06-01,2026-W23,provincial,LA ARENA,La Pampa,Patagonia,Santa Rosa,https://www.laarena.com.ar,Rovira y Wagner ganaron en el autódromo
2026-06-01,2026-W23,provincial,LA ARENA,La Pampa,Patagonia,Santa Rosa,https://www.laarena.com.ar,Se distrajo y chocó una columna
2026-06-01,2026-W23,provincial,LA ARENA,La Pampa,Patagonia,Santa Rosa,https://www.laarena.com.ar,Sobrepeso: La Pampa con indicador cerca del ideal
2026-06-01,2026-W23,provincial,LA ARENA,La Pampa,Patagonia,Santa Rosa,https://www.laarena.com.ar,Comienza el invierno meteorológico
2026-06-01,2026-W23,provincial,LA ARENA,La Pampa,Patagonia,Santa Rosa,https://www.laarena.com.ar,Victoria de Maidana y Cabrera
2026-06-01,2026-W23,provincial,LA ARENA,La Pampa,Patagonia,Santa Rosa,https://www.laarena.com.ar,Un nuevo equilibrio de poderes
2026-06-01,2026-W23,provincial,LA ARENA,La Pampa,Patagonia,Santa Rosa,https://www.laarena.com.ar,Bernasconi goleó y se afianzó
2026-06-01,2026-W23,provincial,LA ARENA,La Pampa,Patagonia,Santa Rosa,https://www.laarena.com.ar,Derrota de Racing
2026-06-01,2026-W23,provincial,LA ARENA,La Pampa,Patagonia,Santa Rosa,https://www.laarena.com.ar,Chapur ganó en su casa
2026-06-01,2026-W23,provincial,LA ARENA,La Pampa,Patagonia,Santa Rosa,https://www.laarena.com.ar,Tres clasificados a cuartos de final
2026-06-01,2026-W23,provincial,LA ARENA,La Pampa,Patagonia,Santa Rosa,https://www.laarena.com.ar,"""Se detectó la presencia de ideas y pensamientos suicidas"""
2026-06-01,2026-W23,provincial,PLAN B NOTICIAS,La Pampa,Patagonia,Santa Rosa,https://www.planbnoticias.com.ar,"Desde que gobierna Milei, la Fundación Faro incrementó su patrimonio un 350%"
2026-06-01,2026-W23,provincial,PLAN B NOTICIAS,La Pampa,Patagonia,Santa Rosa,https://www.planbnoticias.com.ar,Transición del área “El Medanito”: Ribeiro SRL realizó la oferta más conveniente
2026-06-01,2026-W23,provincial,PLAN B NOTICIAS,La Pampa,Patagonia,Santa Rosa,https://www.planbnoticias.com.ar,Bisterfeld garantizó aguinaldos y cuestionó el costo de los créditos del BNA y Mercado Pago
2026-06-01,2026-W23,provincial,PLAN B NOTICIAS,La Pampa,Patagonia,Santa Rosa,https://www.planbnoticias.com.ar,Comercios pampeanos en alerta: más del 73% registró caída de ventas
2026-06-01,2026-W23,provincial,PLAN B NOTICIAS,La Pampa,Patagonia,Santa Rosa,https://www.planbnoticias.com.ar,Amplían período de inscripciones docentes 2026
2026-06-01,2026-W23,provincial,PLAN B NOTICIAS,La Pampa,Patagonia,Santa Rosa,https://www.planbnoticias.com.ar,La Justicia rechazó la suspensión de la Ley de Glaciares en Santa Cruz
2026-06-01,2026-W23,provincial,PLAN B NOTICIAS,La Pampa,Patagonia,Santa Rosa,https://www.planbnoticias.com.ar,UNLPam: abren las inscripciones para la Tecnicatura en Administración y Gestión Pública
2026-06-01,2026-W23,provincial,PLAN B NOTICIAS,La Pampa,Patagonia,Santa Rosa,https://www.planbnoticias.com.ar,Centro Universitario General Pico: inauguraron mural en conmemoración de los 50 años de la última dictadura cívico militar
2026-06-01,2026-W23,provincial,PLAN B NOTICIAS,La Pampa,Patagonia,Santa Rosa,https://www.planbnoticias.com.ar,Caso Agostina: se conoció la autopsia y la Justicia imputó por femicidio Barrelier
2026-06-01,2026-W23,provincial,PLAN B NOTICIAS,La Pampa,Patagonia,Santa Rosa,https://www.planbnoticias.com.ar,Chocaron en moto contra un auto estacionado: uno huyó y el otro fue asistido por el SEM
2026-06-01,2026-W23,provincial,PLAN B NOTICIAS,La Pampa,Patagonia,Santa Rosa,https://www.planbnoticias.com.ar,"Avanzan incentivos para educación, el Parque de Actividades Económicas en Pico y fondos para el ISS"
2026-06-01,2026-W23,provincial,PLAN B NOTICIAS,La Pampa,Patagonia,Santa Rosa,https://www.planbnoticias.com.ar,Conocé la programación de Cine Espacio INCAA para junio (todos los trailers)
2026-06-01,2026-W23,provincial,PLAN B NOTICIAS,La Pampa,Patagonia,Santa Rosa,https://www.planbnoticias.com.ar,Di Nápoli y el plan de obras de 2.475 millones de pesos: “Es producto de una administración ordenada”
2026-06-01,2026-W23,provincial,PLAN B NOTICIAS,La Pampa,Patagonia,Santa Rosa,https://www.planbnoticias.com.ar,Desidia libertaria: Organismos nacionales abandonaron vehículos en La Pampa
2026-06-01,2026-W23,provincial,PLAN B NOTICIAS,La Pampa,Patagonia,Santa Rosa,https://www.planbnoticias.com.ar,Boca echó a Claudio Úbeda
2026-06-01,2026-W23,provincial,PLAN B NOTICIAS,La Pampa,Patagonia,Santa Rosa,https://www.planbnoticias.com.ar,Ministro bonaerense cruzó a Milei: “Vive en Narnia”
2026-06-01,2026-W23,provincial,PLAN B NOTICIAS,La Pampa,Patagonia,Santa Rosa,https://www.planbnoticias.com.ar,"El PRO redobló las críticas al sistema CABI: “Ministro, no mienta más ”"
2026-06-01,2026-W23,provincial,PLAN B NOTICIAS,La Pampa,Patagonia,Santa Rosa,https://www.planbnoticias.com.ar,Lastiri destacó oportunidades para el desarrollo económico y valoró la misión comercial a China
2026-06-01,2026-W23,provincial,PLAN B NOTICIAS,La Pampa,Patagonia,Santa Rosa,https://www.planbnoticias.com.ar,Premios Mercedes Sosa: Atípica Pampa recibe dos nominaciones
2026-06-01,2026-W23,provincial,PLAN B NOTICIAS,La Pampa,Patagonia,Santa Rosa,https://www.planbnoticias.com.ar,Cavallo insiste en la necesidad de la liberalización total del cepo
2026-06-01,2026-W23,provincial,PLAN B NOTICIAS,La Pampa,Patagonia,Santa Rosa,https://www.planbnoticias.com.ar,"Santa Rosa inicia junio con nubosidad, humedad alta y temperaturas moderadas"
2026-06-01,2026-W23,provincial,PLAN B NOTICIAS,La Pampa,Patagonia,Santa Rosa,https://www.planbnoticias.com.ar,El Gobierno lo reglamentó hoy: qué es el Fondo de Asistencia Laboral para las indemnizaciones
2026-06-01,2026-W23,provincial,PLAN B NOTICIAS,La Pampa,Patagonia,Santa Rosa,https://www.planbnoticias.com.ar,La Iglesia desafió al Gobierno y profundizó sus críticas a la política migratoria
2026-06-01,2026-W23,provincial,PLAN B NOTICIAS,La Pampa,Patagonia,Santa Rosa,https://www.planbnoticias.com.ar,Detienen en Villa Mirasol a una pareja oriunda de Córdoba que tenía pedido de captura
2026-06-01,2026-W23,provincial,PLAN B NOTICIAS,La Pampa,Patagonia,Santa Rosa,https://www.planbnoticias.com.ar,Milei reguló el control de las aplicaciones: quedan en la jurisdicción de Transporte
2026-06-01,2026-W23,provincial,PLAN B NOTICIAS,La Pampa,Patagonia,Santa Rosa,https://www.planbnoticias.com.ar,¿Cómo están los lesionados de la selección nacional de fútbol?
2026-06-01,2026-W23,provincial,PLAN B NOTICIAS,La Pampa,Patagonia,Santa Rosa,https://www.planbnoticias.com.ar,Como pedo de buzo: la fundación Faro incrementó su patrimonio un 350 % desde que gobierna Milei
2026-06-01,2026-W23,provincial,PLAN B NOTICIAS,La Pampa,Patagonia,Santa Rosa,https://www.planbnoticias.com.ar,"Alquileres, transporte, salud, servicios y educación: todos los aumentos que rigen desde este lunes"
2026-06-01,2026-W23,provincial,PLAN B NOTICIAS,La Pampa,Patagonia,Santa Rosa,https://www.planbnoticias.com.ar,C.A.B.I. : Enrique Juan pide información al Ministerio de Hacienda y la DGR
2026-06-01,2026-W23,provincial,PLAN B NOTICIAS,La Pampa,Patagonia,Santa Rosa,https://www.planbnoticias.com.ar,Entregaron fondos a productores para el manejo sustentable del bosque nativo
2026-06-01,2026-W23,provincial,PLAN B NOTICIAS,La Pampa,Patagonia,Santa Rosa,https://www.planbnoticias.com.ar,"Elecciones en Colombia: habrá balotaje entre De La Espriella, de la ultraderecha, y Cepeda del oficialismo"
2026-06-01,2026-W23,provincial,PLAN B NOTICIAS,La Pampa,Patagonia,Santa Rosa,https://www.planbnoticias.com.ar,Forte en contra de una posible alianza entre el radicalismo y La Libertad Avanza
2026-06-01,2026-W23,provincial,PLAN B NOTICIAS,La Pampa,Patagonia,Santa Rosa,https://www.planbnoticias.com.ar,“Cristina libre”: multitudinario encuentro provincial en Santa Rosa
2026-06-01,2026-W23,provincial,PLAN B NOTICIAS,La Pampa,Patagonia,Santa Rosa,https://www.planbnoticias.com.ar,No quiso suicidarse: aclararon que el acusado por el asesinato de Agostina Vega tiene “ideas y pensamientos suicidas”
2026-06-01,2026-W23,provincial,PLAN B NOTICIAS,La Pampa,Patagonia,Santa Rosa,https://www.planbnoticias.com.ar,Comunidad Organizada pide informes sobre la aplicación de la Ley de Prevención y Control del Tabaco
2026-06-01,2026-W23,provincial,PLAN B NOTICIAS,La Pampa,Patagonia,Santa Rosa,https://www.planbnoticias.com.ar,Argentina llegó a Kansas y comienza la ilusión mundialista
2026-06-01,2026-W23,provincial,PLAN B NOTICIAS,La Pampa,Patagonia,Santa Rosa,https://www.planbnoticias.com.ar,“Reformas regresivas”: CAME rechazó los cambios tributarios del FMI y pide un “nuevo consenso fiscal”
2026-06-01,2026-W23,provincial,PLAN B NOTICIAS,La Pampa,Patagonia,Santa Rosa,https://www.planbnoticias.com.ar,Los abuelos de Agostina le contaron a la madre que hallaron muerta a su hija
2026-06-01,2026-W23,provincial,PLAN B NOTICIAS,La Pampa,Patagonia,Santa Rosa,https://www.planbnoticias.com.ar,Bielsa presentó la lista de Uruguay con video oficial y la canción elegida por los hinchas
2026-06-01,2026-W23,provincial,PLAN B NOTICIAS,La Pampa,Patagonia,Santa Rosa,https://www.planbnoticias.com.ar,Desde el 1 de junio: habilitan pago electrónico de cuotas de viviendas en sedes del IPAV
2026-06-01,2026-W23,provincial,PLAN B NOTICIAS,La Pampa,Patagonia,Santa Rosa,https://www.planbnoticias.com.ar,Colombia elige al sucesor de Gustavo Petro
2026-06-01,2026-W23,provincial,PLAN B NOTICIAS,La Pampa,Patagonia,Santa Rosa,https://www.planbnoticias.com.ar,"Buscan recaudar dinero para la cirugía de “Negrita”, una perrita rescatada"
2026-06-01,2026-W23,provincial,PLAN B NOTICIAS,La Pampa,Patagonia,Santa Rosa,https://www.planbnoticias.com.ar,Buscan a Matilda: Su familia la extraña y pide ayuda para encontrarla
2026-06-01,2026-W23,provincial,PLAN B NOTICIAS,La Pampa,Patagonia,Santa Rosa,https://www.planbnoticias.com.ar,LIBERTAD DE EXPRESION Sale o Sale Webe@ando
2026-06-01,2026-W23,provincial,CUTRAL CO AL INSTANTE,Neuquén,Patagonia,Cutral Có,https://www.cutralcoalinstante.com,Últimas noticias
2026-06-01,2026-W23,provincial,CUTRAL CO AL INSTANTE,Neuquén,Patagonia,Cutral Có,https://www.cutralcoalinstante.com,Noticias locales
2026-06-01,2026-W23,provincial,CUTRAL CO AL INSTANTE,Neuquén,Patagonia,Cutral Có,https://www.cutralcoalinstante.com,El hospital zonal avanza en la reducción del uso de plásticos de un solo uso
2026-06-01,2026-W23,provincial,CUTRAL CO AL INSTANTE,Neuquén,Patagonia,Cutral Có,https://www.cutralcoalinstante.com,Resultados de la jornada de Predécima de LIFUNE en el Club Alianza
2026-06-01,2026-W23,provincial,CUTRAL CO AL INSTANTE,Neuquén,Patagonia,Cutral Có,https://www.cutralcoalinstante.com,"A tres años del asesinato del soldado Córdoba, Zapala lo homenajeó con un boulevard"
2026-06-01,2026-W23,provincial,CUTRAL CO AL INSTANTE,Neuquén,Patagonia,Cutral Có,https://www.cutralcoalinstante.com,ENRIQUE CESAR FURLOTTI
2026-06-01,2026-W23,provincial,CUTRAL CO AL INSTANTE,Neuquén,Patagonia,Cutral Có,https://www.cutralcoalinstante.com,Así quedaron las posiciones luego de una nueva fecha del Torneo Oficial de Lifune
2026-06-01,2026-W23,provincial,CUTRAL CO AL INSTANTE,Neuquén,Patagonia,Cutral Có,https://www.cutralcoalinstante.com,Hubo un violento robo en la casa de la intendenta de Plottier
2026-06-01,2026-W23,provincial,CUTRAL CO AL INSTANTE,Neuquén,Patagonia,Cutral Có,https://www.cutralcoalinstante.com,Abren las inscripciones para las Becas Gregorio Álvarez
2026-06-01,2026-W23,provincial,CUTRAL CO AL INSTANTE,Neuquén,Patagonia,Cutral Có,https://www.cutralcoalinstante.com,FRANCO EZEQUIEL RIQUELME
2026-06-01,2026-W23,provincial,CUTRAL CO AL INSTANTE,Neuquén,Patagonia,Cutral Có,https://www.cutralcoalinstante.com,MARIO ANÍBAL ZÚÑIGA
2026-06-01,2026-W23,provincial,CUTRAL CO AL INSTANTE,Neuquén,Patagonia,Cutral Có,https://www.cutralcoalinstante.com,Saludan a un reconocido profesional que se jubila en Cutral Co
2026-06-01,2026-W23,provincial,CUTRAL CO AL INSTANTE,Neuquén,Patagonia,Cutral Có,https://www.cutralcoalinstante.com,Felicitan a nuevo egresado
2026-06-01,2026-W23,provincial,CUTRAL CO AL INSTANTE,Neuquén,Patagonia,Cutral Có,https://www.cutralcoalinstante.com,Saludan a Mateo en su cumpleaños
2026-06-01,2026-W23,provincial,CUTRAL CO AL INSTANTE,Neuquén,Patagonia,Cutral Có,https://www.cutralcoalinstante.com,3J: la multisectorial de mujeres convoca a movilizarse en Cutral Co
2026-06-01,2026-W23,provincial,CUTRAL CO AL INSTANTE,Neuquén,Patagonia,Cutral Có,https://www.cutralcoalinstante.com,Atención médica sin turno: atenderán en barrio Otaño de Plaza Huincul
2026-06-01,2026-W23,provincial,CUTRAL CO AL INSTANTE,Neuquén,Patagonia,Cutral Có,https://www.cutralcoalinstante.com,Atletas de la comarca lograron destacados resultados en el torneo Patagónico de Levantamiento Olímpico
2026-06-01,2026-W23,provincial,CUTRAL CO AL INSTANTE,Neuquén,Patagonia,Cutral Có,https://www.cutralcoalinstante.com,Seguinos en Facebook
2026-06-01,2026-W23,provincial,CUTRAL CO AL INSTANTE,Neuquén,Patagonia,Cutral Có,https://www.cutralcoalinstante.com,Seguinos en Youtube
2026-06-01,2026-W23,provincial,CUTRAL CO AL INSTANTE,Neuquén,Patagonia,Cutral Có,https://www.cutralcoalinstante.com,"El hospital zonal avanza en la reducción del uso de plásticos de un solo uso 1 junio, 2026 No hay comentarios Esta iniciativa permitirá disminuir el consumo anual de bolsas plásticas de aproximadamente 7.800 unidades a solo 520 Leer más"
2026-06-01,2026-W23,provincial,CUTRAL CO AL INSTANTE,Neuquén,Patagonia,Cutral Có,https://www.cutralcoalinstante.com,"Noticias locales El hospital zonal avanza en la reducción del uso de plásticos de un solo uso Esta iniciativa permitirá disminuir el consumo anual de bolsas plásticas de aproximadamente 7.800 unidades a solo 520 leer más» 1 junio, 2026 No hay comentarios"
2026-06-01,2026-W23,provincial,CUTRAL CO AL INSTANTE,Neuquén,Patagonia,Cutral Có,https://www.cutralcoalinstante.com,"Noticias locales 3J: la multisectorial de mujeres convoca a movilizarse en Cutral Co El punto de encuentro es el Carlos H. Rodríguez y Roca, desde las 18. leer más» 1 junio, 2026 No hay comentarios"
2026-06-01,2026-W23,provincial,CUTRAL CO AL INSTANTE,Neuquén,Patagonia,Cutral Có,https://www.cutralcoalinstante.com,"Noticias locales Atención médica sin turno: atenderán en barrio Otaño de Plaza Huincul Se atiende por orden de llegada de 8 a 20 h leer más» 1 junio, 2026 No hay comentarios"
2026-06-01,2026-W23,provincial,LM NEUQUÉN,Neuquén,Patagonia,Neuquén,https://www.lmneuquen.com,"El duro relato de la mujer atacada por un perro: ""Me tiró al piso y me sacudió"""
2026-06-01,2026-W23,provincial,LM NEUQUÉN,Neuquén,Patagonia,Neuquén,https://www.lmneuquen.com,Rolando Figueroa convocó a empresas españolas a asociarse con Neuquén
2026-06-01,2026-W23,provincial,LM NEUQUÉN,Neuquén,Patagonia,Neuquén,https://www.lmneuquen.com,Alquileres: el Gobierno eliminó Ganancias para propietarios y aumentará la rentabilidad
2026-06-01,2026-W23,provincial,LM NEUQUÉN,Neuquén,Patagonia,Neuquén,https://www.lmneuquen.com,Murió al chocar contra un poste en Rincón de los Sauces: quién es la víctima del grave accidente
2026-06-01,2026-W23,provincial,LM NEUQUÉN,Neuquén,Patagonia,Neuquén,https://www.lmneuquen.com,Le detectaron cáncer embarazada y murió a la semana: conmoción por la partida de una joven funcionaria municipal
2026-06-01,2026-W23,provincial,LM NEUQUÉN,Neuquén,Patagonia,Neuquén,https://www.lmneuquen.com,Denunció que lo secuestraron en un auto a punto de pistola y pudo escapar en el autódromo de Centenario
2026-06-01,2026-W23,provincial,LM NEUQUÉN,Neuquén,Patagonia,Neuquén,https://www.lmneuquen.com,Estremecedor: la autopsia confirmó cómo mataron a Agostina Vega y Barrelier fue imputado por femicidio
2026-06-01,2026-W23,provincial,LM NEUQUÉN,Neuquén,Patagonia,Neuquén,https://www.lmneuquen.com,Hay tres heridos graves tras una explosión en Rincón de los Sauces: ¿Cuál fue la causa?
2026-06-01,2026-W23,provincial,LM NEUQUÉN,Neuquén,Patagonia,Neuquén,https://www.lmneuquen.com,Fue a una marcha por Agostina Vega para reclamar por su hija desaparecida y la encontró
2026-06-01,2026-W23,provincial,LM NEUQUÉN,Neuquén,Patagonia,Neuquén,https://www.lmneuquen.com,Violento robo a Malena Resa en Plottier: cómo entraron los ladrones y la maniobra para que no los encuentren
2026-06-01,2026-W23,provincial,LM NEUQUÉN,Neuquén,Patagonia,Neuquén,https://www.lmneuquen.com,Ya se puede votar el cambio de nombre de la Avenida Mosconi: las opciones y cómo participar
2026-06-01,2026-W23,provincial,LM NEUQUÉN,Neuquén,Patagonia,Neuquén,https://www.lmneuquen.com,Murió un conocido cantante de cumbia en un choque: impactantes imágenes
2026-06-01,2026-W23,provincial,LM NEUQUÉN,Neuquén,Patagonia,Neuquén,https://www.lmneuquen.com,ATEN abre las inscripciones para su programa deportivo gratuito 'Küme Newen'
2026-06-01,2026-W23,provincial,LM NEUQUÉN,Neuquén,Patagonia,Neuquén,https://www.lmneuquen.com,Tarifas de gas: ¿cuánto aumentarán con la Ley de Zonas Frías aprobada?
2026-06-01,2026-W23,provincial,LM NEUQUÉN,Neuquén,Patagonia,Neuquén,https://www.lmneuquen.com,"La Ford Ranger XL llegó al Alto Valle con fuerza: tecnología, capacidad y financiación a medida"
2026-06-01,2026-W23,provincial,LM NEUQUÉN,Neuquén,Patagonia,Neuquén,https://www.lmneuquen.com,¿Sos un experto en fútbol? Demostrá tus habilidades en la Copa LMN
2026-06-01,2026-W23,provincial,LM NEUQUÉN,Neuquén,Patagonia,Neuquén,https://www.lmneuquen.com,El pedido de Florencia Peña por el brutal crimen de Agostina Vega en Córdoba
2026-06-01,2026-W23,provincial,LM NEUQUÉN,Neuquén,Patagonia,Neuquén,https://www.lmneuquen.com,"Quién es Tim Payne, el protagonista detrás del fenómeno viral del Mundial 2026"
2026-06-01,2026-W23,provincial,LM NEUQUÉN,Neuquén,Patagonia,Neuquén,https://www.lmneuquen.com,Lotería La Neuquina tiene su propio monedero virtual
2026-06-01,2026-W23,provincial,LM NEUQUÉN,Neuquén,Patagonia,Neuquén,https://www.lmneuquen.com,El gesto de Rodrigo de Paul en el recital de Tini Stoessel que generó preocupación
2026-06-01,2026-W23,provincial,LM NEUQUÉN,Neuquén,Patagonia,Neuquén,https://www.lmneuquen.com,Trasladan un feriado y habrá un nuevo fin de semana largo en junio 2026: cuándo será
2026-06-01,2026-W23,provincial,LM NEUQUÉN,Neuquén,Patagonia,Neuquén,https://www.lmneuquen.com,"""Guardé mi título en un cajón"": Natalia renunció a su carrera para luchar contra la extraña enfermedad de su hijo"
2026-06-01,2026-W23,provincial,LM NEUQUÉN,Neuquén,Patagonia,Neuquén,https://www.lmneuquen.com,Escalofriante: se conoció un audio de Claudio Barrelier después de matar a Agostina Vega
2026-06-01,2026-W23,provincial,LM NEUQUÉN,Neuquén,Patagonia,Neuquén,https://www.lmneuquen.com,Se veía venir: Deportivo Rincón echó al técnico
2026-06-01,2026-W23,provincial,LM NEUQUÉN,Neuquén,Patagonia,Neuquén,https://www.lmneuquen.com,"La ""motosierra"" de Stéfano Di Carlo: en River echarán a 15 jugadores"
2026-06-01,2026-W23,provincial,LM NEUQUÉN,Neuquén,Patagonia,Neuquén,https://www.lmneuquen.com,Un neuquino murió en una conocida fiesta electrónica: quién era y cuál fue la causa
2026-06-01,2026-W23,provincial,LM NEUQUÉN,Neuquén,Patagonia,Neuquén,https://www.lmneuquen.com,Fue con la grúa a buscar autos secuestrados por alcohol y terminó dando positivo él también: los detalles
2026-06-01,2026-W23,provincial,LM NEUQUÉN,Neuquén,Patagonia,Neuquén,https://www.lmneuquen.com,Taló 15 arrayanes mientras edificaba en su terreno en el bosque de Villa La Angostura: la millonaria sanción que recibió
2026-06-01,2026-W23,provincial,LM NEUQUÉN,Neuquén,Patagonia,Neuquén,https://www.lmneuquen.com,"Amor del bueno en Cipolletti: se conocieron en la secundaria hace 27 años, tuvieron 4 hijos y su hija egresará en el mismo colegio"
2026-06-01,2026-W23,provincial,LM NEUQUÉN,Neuquén,Patagonia,Neuquén,https://www.lmneuquen.com,"Llamó a la policía para pedir ayuda, pero cuando llegaron la encontraron muerta"
2026-06-01,2026-W23,provincial,LM NEUQUÉN,Neuquén,Patagonia,Neuquén,https://www.lmneuquen.com,Atada y semidesnuda: el desgarrador relato de la joven que logró escapar de la casa de Claudio Barrelier
2026-06-01,2026-W23,provincial,LM NEUQUÉN,Neuquén,Patagonia,Neuquén,https://www.lmneuquen.com,"Lo declararon ""no culpable"" de un femicidio y lo corrigieron: dos veredictos de un jurado popular en Neuquén"
2026-06-01,2026-W23,provincial,LM NEUQUÉN,Neuquén,Patagonia,Neuquén,https://www.lmneuquen.com,CAMINO A LA COPA DEL MUNDO 2026
2026-06-01,2026-W23,provincial,LM NEUQUÉN,Neuquén,Patagonia,Neuquén,https://www.lmneuquen.com,"Los récords que podrían romper Messi, Cristiano, Mbappé y Yamal en el Mundial 2026"
2026-06-01,2026-W23,provincial,LM NEUQUÉN,Neuquén,Patagonia,Neuquén,https://www.lmneuquen.com,"Elijo creer: el número ""mágico"" que rodea a Messi e ilusiona a la Selección argentina en el Mundial 2026"
2026-06-01,2026-W23,provincial,LM NEUQUÉN,Neuquén,Patagonia,Neuquén,https://www.lmneuquen.com,El grave antecedente del femicida de Agostina Vega: pedirán jury al fiscal que lo liberó en el 2025
2026-06-01,2026-W23,provincial,LM NEUQUÉN,Neuquén,Patagonia,Neuquén,https://www.lmneuquen.com,Con una demora de nueve meses el Gobierno pondrá en marcha los fondos de despido
2026-06-01,2026-W23,provincial,LM NEUQUÉN,Neuquén,Patagonia,Neuquén,https://www.lmneuquen.com,Femicidio de Agostina Vega: qué se sabe de su muerte y las sospechas que confirmarían la autopsia
2026-06-01,2026-W23,provincial,LM NEUQUÉN,Neuquén,Patagonia,Neuquén,https://www.lmneuquen.com,Lanzan un simulador gratuito para saber si conviene comprar o alquilar
2026-06-01,2026-W23,provincial,LM NEUQUÉN,Neuquén,Patagonia,Neuquén,https://www.lmneuquen.com,¿Dónde está Argentina en el ranking de las potencias petroleras y a qué lugar podría aspirar?
2026-06-01,2026-W23,provincial,LM NEUQUÉN,Neuquén,Patagonia,Neuquén,https://www.lmneuquen.com,Radiografía del RIGI: entre el shock de inversiones y el riesgo de una economía de enclave
2026-06-01,2026-W23,provincial,LM NEUQUÉN,Neuquén,Patagonia,Neuquén,https://www.lmneuquen.com,"Vaca Muerta y litio, los dos gigantes que buscan personal y ofrecen sueldos de hasta 17 millones"
2026-06-01,2026-W23,provincial,LM NEUQUÉN,Neuquén,Patagonia,Neuquén,https://www.lmneuquen.com,La cosecha de peras y manzanas cayó 14% en Río Negro y Neuquén: habrá 140.000 toneladas menos de fruta
2026-06-01,2026-W23,provincial,LM NEUQUÉN,Neuquén,Patagonia,Neuquén,https://www.lmneuquen.com,"El campo vive un momento histórico, pero no todos están preparados para lo que viene"
2026-06-01,2026-W23,provincial,LM NEUQUÉN,Neuquén,Patagonia,Neuquén,https://www.lmneuquen.com,Chau burocracia: 3 resoluciones que cambian por completo el uso de drones en el agro
2026-06-01,2026-W23,provincial,LM NEUQUÉN,Neuquén,Patagonia,Neuquén,https://www.lmneuquen.com,"""Hay voluntad de pago"": Consignatarios hablaron a raíz de interrupción en los pagos"
2026-06-01,2026-W23,provincial,LM NEUQUÉN,Neuquén,Patagonia,Neuquén,https://www.lmneuquen.com,"Temor en la Fórmula 1: prepararon un ""plan de emergencia"" ante la posibilidad de suspender dos GP"
2026-06-01,2026-W23,provincial,LM NEUQUÉN,Neuquén,Patagonia,Neuquén,https://www.lmneuquen.com,"Un histórico de Boca defenestró a Riquelme por su gestión: ""Es una dictadura"""
2026-06-01,2026-W23,provincial,LM NEUQUÉN,Neuquén,Patagonia,Neuquén,https://www.lmneuquen.com,La suma millonaria que recibirá River si Atlético Madrid vende a Julián Alvarez por 150 millones de euros
2026-06-01,2026-W23,provincial,LM NEUQUÉN,Neuquén,Patagonia,Neuquén,https://www.lmneuquen.com,River negocia con un campeón del mundo para contratarlo: cuánto piden
2026-06-01,2026-W23,provincial,LIMAY NOTICIAS,Neuquén,Patagonia,Plottier,https://www.limaynoticias.com.ar,Últimas noticias
2026-06-01,2026-W23,provincial,LIMAY NOTICIAS,Neuquén,Patagonia,Plottier,https://www.limaynoticias.com.ar,Abren las inscripciones a las Becas Gregorio Álvarez para la terminalidad secundaria
2026-06-01,2026-W23,provincial,LIMAY NOTICIAS,Neuquén,Patagonia,Plottier,https://www.limaynoticias.com.ar,Asaltaron a la jefa comunal Malena Resa
2026-06-01,2026-W23,provincial,LIMAY NOTICIAS,Neuquén,Patagonia,Plottier,https://www.limaynoticias.com.ar,Este domingo corte de energía en Plottier
2026-06-01,2026-W23,provincial,LIMAY NOTICIAS,Neuquén,Patagonia,Plottier,https://www.limaynoticias.com.ar,Provincia construirá un nuevo SUM para la EPET Nº19 de Plottier | Neuquen Informa
2026-06-01,2026-W23,provincial,LIMAY NOTICIAS,Neuquén,Patagonia,Plottier,https://www.limaynoticias.com.ar,El barrio 120 Viviendas celebró su 24° aniversario
2026-06-01,2026-W23,provincial,LIMAY NOTICIAS,Neuquén,Patagonia,Plottier,https://www.limaynoticias.com.ar,Lanzan capacitaciones gratuitas para potenciar habilidades digitales
2026-06-01,2026-W23,provincial,LIMAY NOTICIAS,Neuquén,Patagonia,Plottier,https://www.limaynoticias.com.ar,Nueva edición de Vaca Muerta News Radio
2026-06-01,2026-W23,provincial,LIMAY NOTICIAS,Neuquén,Patagonia,Plottier,https://www.limaynoticias.com.ar,La Municipalidad lanzó un nuevo plan de regularización fiscal con quitas de hasta el 80%
2026-06-01,2026-W23,provincial,LIMAY NOTICIAS,Neuquén,Patagonia,Plottier,https://www.limaynoticias.com.ar,Escuchá el nuevo programa de Vaca Muerta News Radio
2026-06-01,2026-W23,provincial,LIMAY NOTICIAS,Neuquén,Patagonia,Plottier,https://www.limaynoticias.com.ar,La población de Neuquén roza los 800 mil habitantes
2026-06-01,2026-W23,provincial,LIMAY NOTICIAS,Neuquén,Patagonia,Plottier,https://www.limaynoticias.com.ar,Provincia invertirá más de 580 millones de pesos en equipamiento para Bomberos
2026-06-01,2026-W23,provincial,LIMAY NOTICIAS,Neuquén,Patagonia,Plottier,https://www.limaynoticias.com.ar,YPF aumentó los combustibles 1% y extendió el congelamiento por otros 45 días
2026-06-01,2026-W23,provincial,LIMAY NOTICIAS,Neuquén,Patagonia,Plottier,https://www.limaynoticias.com.ar,Ingresá al simulador y conocé los montos necesarios para acceder a los créditos hipotecarios
2026-06-01,2026-W23,provincial,LIMAY NOTICIAS,Neuquén,Patagonia,Plottier,https://www.limaynoticias.com.ar,Escuchá Vaca Muerta News Radio con todo lo que pasó en la OTC
2026-06-01,2026-W23,provincial,LIMAY NOTICIAS,Neuquén,Patagonia,Plottier,https://www.limaynoticias.com.ar,Se puso en marcha el módulo potabilizador que beneficiará a más de 4.500 personas
2026-06-01,2026-W23,provincial,LIMAY NOTICIAS,Neuquén,Patagonia,Plottier,https://www.limaynoticias.com.ar,Malena Resa asumió la intendencia de Plottier
2026-06-01,2026-W23,provincial,LIMAY NOTICIAS,Neuquén,Patagonia,Plottier,https://www.limaynoticias.com.ar,Llega la edición 253 de Vaca Muerta News Radio
2026-06-01,2026-W23,provincial,LIMAY NOTICIAS,Neuquén,Patagonia,Plottier,https://www.limaynoticias.com.ar,Luis Bertolini renunció como intendente de Plottier: “Puedo mostrar cómo vivo y de qué vivo”
2026-06-01,2026-W23,provincial,LIMAY NOTICIAS,Neuquén,Patagonia,Plottier,https://www.limaynoticias.com.ar,Jueza rechazó prisión domiciliaria para Bertolini y fijó restricciones
2026-06-01,2026-W23,provincial,LIMAY NOTICIAS,Neuquén,Patagonia,Plottier,https://www.limaynoticias.com.ar,Supermercados e hipermercados deberán exhibir QR con precios actualizados de la canasta básica
2026-06-01,2026-W23,provincial,LIMAY NOTICIAS,Neuquén,Patagonia,Plottier,https://www.limaynoticias.com.ar,Reglamentaron la ley que regula el uso de celulares en las escuelas
2026-06-01,2026-W23,provincial,LIMAY NOTICIAS,Neuquén,Patagonia,Plottier,https://www.limaynoticias.com.ar,Formulan cargos al intendente de Plottier y a una funcionaria del gabinete por direccionar contrataciones
2026-06-01,2026-W23,provincial,LIMAY NOTICIAS,Neuquén,Patagonia,Plottier,https://www.limaynoticias.com.ar,Inauguraron el asfalto en calle Mosconi
2026-06-01,2026-W23,provincial,LIMAY NOTICIAS,Neuquén,Patagonia,Plottier,https://www.limaynoticias.com.ar,Realizaron más de 100 castraciones de mascotas
2026-06-01,2026-W23,provincial,LIMAY NOTICIAS,Neuquén,Patagonia,Plottier,https://www.limaynoticias.com.ar,La municipalidad cedió un espacio a una Escuela de Fútbol
2026-06-01,2026-W23,provincial,LIMAY NOTICIAS,Neuquén,Patagonia,Plottier,https://www.limaynoticias.com.ar,Avanzan las obras en el gimnasio municipal
2026-06-01,2026-W23,provincial,LIMAY NOTICIAS,Neuquén,Patagonia,Plottier,https://www.limaynoticias.com.ar,Salud abrió concurso para cubrir 32 cargos médicos en toda la provincia
2026-06-01,2026-W23,provincial,LIMAY NOTICIAS,Neuquén,Patagonia,Plottier,https://www.limaynoticias.com.ar,Trabajan en un nuevo puente para mejorar el acceso al EPET 25
2026-06-01,2026-W23,provincial,LIMAY NOTICIAS,Neuquén,Patagonia,Plottier,https://www.limaynoticias.com.ar,Actualizan el horario de la feria de productores y artesanos
2026-06-01,2026-W23,provincial,LIMAY NOTICIAS,Neuquén,Patagonia,Plottier,https://www.limaynoticias.com.ar,Llega la edición 251 de Vaca Muerta News Radio
2026-06-01,2026-W23,provincial,LIMAY NOTICIAS,Neuquén,Patagonia,Plottier,https://www.limaynoticias.com.ar,"Alertan y previenen por fuertes vientos, lluvias y nevadas"
2026-06-01,2026-W23,provincial,LIMAY NOTICIAS,Neuquén,Patagonia,Plottier,https://www.limaynoticias.com.ar,"La pobreza trepó al 44,7% en el país y ya afecta a 17,5 millones de personas"
2026-06-01,2026-W23,provincial,LIMAY NOTICIAS,Neuquén,Patagonia,Plottier,https://www.limaynoticias.com.ar,Aprueban el proyecto de tolerancia cero para el consumo de alcohol a conductores de vehículos
2026-06-01,2026-W23,provincial,LIMAY NOTICIAS,Neuquén,Patagonia,Plottier,https://www.limaynoticias.com.ar,"El 61,7% de la población ocupada registró un ingreso promedio de $83.755"
2026-06-01,2026-W23,provincial,LIMAY NOTICIAS,Neuquén,Patagonia,Plottier,https://www.limaynoticias.com.ar,"Según informe de CAME, la producción de pymes industriales creció en septiembre 1,3% interanual"
2026-06-01,2026-W23,provincial,LIMAY NOTICIAS,Neuquén,Patagonia,Plottier,https://www.limaynoticias.com.ar,"Murió Carlitos Balá, el ícono del humor argentino que con sus chistes y su ingenio marcó a generaciones"
2026-06-01,2026-W23,provincial,LIMAY NOTICIAS,Neuquén,Patagonia,Plottier,https://www.limaynoticias.com.ar,Secuestraron más de dos kilos de cocaína en la capital neuquina
2026-06-01,2026-W23,provincial,LIMAY NOTICIAS,Neuquén,Patagonia,Plottier,https://www.limaynoticias.com.ar,Un hombre murió tras un enfrentamiento con armas blancas en el barrio Antena de Zapala
2026-06-01,2026-W23,provincial,LIMAY NOTICIAS,Neuquén,Patagonia,Plottier,https://www.limaynoticias.com.ar,"San Martín de los Andes: secuestraron 9,7 kilos de drogas"
2026-06-01,2026-W23,provincial,LIMAY NOTICIAS,Neuquén,Patagonia,Plottier,https://www.limaynoticias.com.ar,Hallaron a una mujer que se encontraba perdida desde el jueves
2026-06-01,2026-W23,provincial,LIMAY NOTICIAS,Neuquén,Patagonia,Plottier,https://www.limaynoticias.com.ar,La Península Hiroki tiene un nuevo destacamento policial
2026-06-01,2026-W23,provincial,LIMAY NOTICIAS,Neuquén,Patagonia,Plottier,https://www.limaynoticias.com.ar,"La lista para el Mundial 2026: Messi, la base de Qatar y nuevas promesas"
2026-06-01,2026-W23,provincial,LIMAY NOTICIAS,Neuquén,Patagonia,Plottier,https://www.limaynoticias.com.ar,Gran convocatoria en el Duatlón por Malvinas
2026-06-01,2026-W23,provincial,LIMAY NOTICIAS,Neuquén,Patagonia,Plottier,https://www.limaynoticias.com.ar,Deportivo Rincón perdió 3 a 1 con Atenas en Córdoba
2026-06-01,2026-W23,provincial,LIMAY NOTICIAS,Neuquén,Patagonia,Plottier,https://www.limaynoticias.com.ar,Neuquén sumó 7 medallas de oro en los Juegos Patagónicos Unificados
2026-06-01,2026-W23,provincial,LIMAY NOTICIAS,Neuquén,Patagonia,Plottier,https://www.limaynoticias.com.ar,Deportivo Rincón le ganó a Sport Club Pacífico en Mendoza
2026-06-01,2026-W23,provincial,LIMAY NOTICIAS,Neuquén,Patagonia,Plottier,https://www.limaynoticias.com.ar,Plottier lanza descuentos por pago anticipado de tasas municipales para 2026
2026-06-01,2026-W23,provincial,LIMAY NOTICIAS,Neuquén,Patagonia,Plottier,https://www.limaynoticias.com.ar,Plottier abre la convocatoria para los “Domingos Culturales 2026”
2026-06-01,2026-W23,provincial,LIMAY NOTICIAS,Neuquén,Patagonia,Plottier,https://www.limaynoticias.com.ar,Se lanza la 50° Regata Internacional de Río Negro
2026-06-01,2026-W23,provincial,EL CORDILLERANO,Río Negro,Patagonia,Bariloche / Rio negro,https://www.elcordillerano.com.ar,Escondido detrás de un contenedor: así descubrieron un intento de robo en pleno centro de Bariloche
2026-06-01,2026-W23,provincial,EL CORDILLERANO,Río Negro,Patagonia,Bariloche / Rio negro,https://www.elcordillerano.com.ar,"Financiamiento para el turismo estudiantil: ""Es una buena oportunidad para los destinos turísticos"""
2026-06-01,2026-W23,provincial,EL CORDILLERANO,Río Negro,Patagonia,Bariloche / Rio negro,https://www.elcordillerano.com.ar,"Transportaba 180 kilos de carne ilegal, dio positivo en alcoholemia y no tenía licencia de conducir"
2026-06-01,2026-W23,provincial,EL CORDILLERANO,Río Negro,Patagonia,Bariloche / Rio negro,https://www.elcordillerano.com.ar,"Se plantó una concejal de Cortés, se ofendió la oposición peronista y se levantó la sesión por los vetos"
2026-06-01,2026-W23,provincial,EL CORDILLERANO,Río Negro,Patagonia,Bariloche / Rio negro,https://www.elcordillerano.com.ar,Empezó en Bariloche la recarga gratuita de garrafas
2026-06-01,2026-W23,provincial,EL CORDILLERANO,Río Negro,Patagonia,Bariloche / Rio negro,https://www.elcordillerano.com.ar,"Una frase encendió una polémica de género en el Concejo: ""No hablo como mujer, hablo como concejal"""
2026-06-01,2026-W23,provincial,EL CORDILLERANO,Río Negro,Patagonia,Bariloche / Rio negro,https://www.elcordillerano.com.ar,Lanzan líneas para que músicos puedan trascender en el exterior
2026-06-01,2026-W23,provincial,EL CORDILLERANO,Río Negro,Patagonia,Bariloche / Rio negro,https://www.elcordillerano.com.ar,Arco Iris se consagró campeón del Torneo Apertura 'Miriam Mayorga' 2026
2026-06-01,2026-W23,provincial,EL CORDILLERANO,Río Negro,Patagonia,Bariloche / Rio negro,https://www.elcordillerano.com.ar,Femicidio de Agostina Vega: la autopsia reveló signos de extrema violencia
2026-06-01,2026-W23,provincial,EL CORDILLERANO,Río Negro,Patagonia,Bariloche / Rio negro,https://www.elcordillerano.com.ar,Aumentan las entradas a los parques nacionales en la previa de las vacaciones de invierno
2026-06-01,2026-W23,provincial,EL CORDILLERANO,Río Negro,Patagonia,Bariloche / Rio negro,https://www.elcordillerano.com.ar,Alcoholemia en Bariloche: 17 casos positivos el fin de semana
2026-06-01,2026-W23,provincial,EL CORDILLERANO,Río Negro,Patagonia,Bariloche / Rio negro,https://www.elcordillerano.com.ar,"Paula Chaves y Zaira Nara, frente a frente: qué se dijeron en la reunión privada que desmiente la reconciliación"
2026-06-01,2026-W23,provincial,EL CORDILLERANO,Río Negro,Patagonia,Bariloche / Rio negro,https://www.elcordillerano.com.ar,"El colectivo de ""Ni Una Menos Córdoba"" pide jury para el fiscal Garzón y la destitución del ministro Quinteros"
2026-06-01,2026-W23,provincial,EL CORDILLERANO,Río Negro,Patagonia,Bariloche / Rio negro,https://www.elcordillerano.com.ar,Cerro Catedral habilita el acceso para peatones antes del inicio de la temporada invernal
2026-06-01,2026-W23,provincial,EL CORDILLERANO,Río Negro,Patagonia,Bariloche / Rio negro,https://www.elcordillerano.com.ar,Rumbo al invierno: Río Negro presenta su oferta turística en el Congreso de FAEVYT en Mendoza
2026-06-01,2026-W23,provincial,EL CORDILLERANO,Río Negro,Patagonia,Bariloche / Rio negro,https://www.elcordillerano.com.ar,Bariloche refuerza su presencia nacional en el Congreso de Agentes de Viajes
2026-06-01,2026-W23,provincial,EL CORDILLERANO,Río Negro,Patagonia,Bariloche / Rio negro,https://www.elcordillerano.com.ar,"""Sentir Malvinas”: cómo será el nuevo viaje virtual a las islas"
2026-06-01,2026-W23,provincial,EL CORDILLERANO,Río Negro,Patagonia,Bariloche / Rio negro,https://www.elcordillerano.com.ar,Barbie Vélez estalló contra Fede Bal tras sus declaraciones sobre su escandalosa separación
2026-06-01,2026-W23,provincial,EL CORDILLERANO,Río Negro,Patagonia,Bariloche / Rio negro,https://www.elcordillerano.com.ar,Prohíben caminar y patinar sobre lagunas congeladas en el Parque Nacional Nahuel Huapi
2026-06-01,2026-W23,provincial,EL CORDILLERANO,Río Negro,Patagonia,Bariloche / Rio negro,https://www.elcordillerano.com.ar,Soria planea estrategias con un defensor de “Cristina Libre”
2026-06-01,2026-W23,provincial,EL CORDILLERANO,Río Negro,Patagonia,Bariloche / Rio negro,https://www.elcordillerano.com.ar,Juana Viale metió un increíble cambio de look y dejó a todos en shock: qué se hizo
2026-06-01,2026-W23,provincial,EL CORDILLERANO,Río Negro,Patagonia,Bariloche / Rio negro,https://www.elcordillerano.com.ar,Descubren que el Banco Nación otorgó más de 1.100 créditos hipotecarios a funcionarios de Milei
2026-06-01,2026-W23,provincial,EL CORDILLERANO,Río Negro,Patagonia,Bariloche / Rio negro,https://www.elcordillerano.com.ar,Río Negro potencia a El Bolsón y El Manso con obras turísticas
2026-06-01,2026-W23,provincial,EL CORDILLERANO,Río Negro,Patagonia,Bariloche / Rio negro,https://www.elcordillerano.com.ar,Darío Barassi visitó la tumba de su mamá en San Juan y se quebró: “Me parte el corazón”
2026-06-01,2026-W23,provincial,EL CORDILLERANO,Río Negro,Patagonia,Bariloche / Rio negro,https://www.elcordillerano.com.ar,Riego inteligente y más producción: cómo el goteo empieza a cambiar el cultivo de cebolla en Río Negro
2026-06-01,2026-W23,provincial,EL CORDILLERANO,Río Negro,Patagonia,Bariloche / Rio negro,https://www.elcordillerano.com.ar,Innovación: realizaron una siembra con drones durante una capacitación tecnológica
2026-06-01,2026-W23,provincial,EL CORDILLERANO,Río Negro,Patagonia,Bariloche / Rio negro,https://www.elcordillerano.com.ar,Negro Muerto: proyectan una obra eléctrica para potenciar la producción
2026-06-01,2026-W23,provincial,EL CORDILLERANO,Río Negro,Patagonia,Bariloche / Rio negro,https://www.elcordillerano.com.ar,Nuevos aumentos en el bioetanol y biodiesel influirán en los precios de los combustibles
2026-06-01,2026-W23,provincial,EL CORDILLERANO,Río Negro,Patagonia,Bariloche / Rio negro,https://www.elcordillerano.com.ar,Ricardo Arjona eligió Bariloche para un descanso exclusivo: los detalles de su visita secreta a la Patagonia
2026-06-01,2026-W23,provincial,EL CORDILLERANO,Río Negro,Patagonia,Bariloche / Rio negro,https://www.elcordillerano.com.ar,Chiche Gelblung rompió el silencio desde la clínica y estalló por el caso Agostina Vega: “En este país…”
2026-06-01,2026-W23,provincial,EL CORDILLERANO,Río Negro,Patagonia,Bariloche / Rio negro,https://www.elcordillerano.com.ar,Villa La Angostura: un vecino tiene que pagar casi 67 millones por talar arrayanes
2026-06-01,2026-W23,provincial,EL CORDILLERANO,Río Negro,Patagonia,Bariloche / Rio negro,https://www.elcordillerano.com.ar,La nueva Escuela Laboral 6 transformará la inclusión en Bariloche
2026-06-01,2026-W23,provincial,EL CORDILLERANO,Río Negro,Patagonia,Bariloche / Rio negro,https://www.elcordillerano.com.ar,La Bomba Tucumana abandonó Gran Hermano y volvió una histórica jugadora
2026-06-01,2026-W23,provincial,EL CORDILLERANO,Río Negro,Patagonia,Bariloche / Rio negro,https://www.elcordillerano.com.ar,Elecciones en Colombia: habrá segunda vuelta entre Cepeda y De la Espriella
2026-06-01,2026-W23,provincial,EL CORDILLERANO,Río Negro,Patagonia,Bariloche / Rio negro,https://www.elcordillerano.com.ar,Nuevos recibos de sueldo: qué información nueva deberán mostrar
2026-06-01,2026-W23,provincial,EL CORDILLERANO,Río Negro,Patagonia,Bariloche / Rio negro,https://www.elcordillerano.com.ar,El horóscopo de Jimena La Torre para la primera semana de junio: del lunes 1 al viernes 5
2026-06-01,2026-W23,provincial,EL CORDILLERANO,Río Negro,Patagonia,Bariloche / Rio negro,https://www.elcordillerano.com.ar,Banco Patagonia abrió la inscripción para su programa Emprendedoras y Emprendedores de Río Negro 2026
2026-06-01,2026-W23,provincial,EL CORDILLERANO,Río Negro,Patagonia,Bariloche / Rio negro,https://www.elcordillerano.com.ar,Caminata por la discapacidad: viaja a pie desde El Bolsón hasta Buenos Aires
2026-06-01,2026-W23,provincial,EL CORDILLERANO,Río Negro,Patagonia,Bariloche / Rio negro,https://www.elcordillerano.com.ar,Nahir Galarza rompió el silencio y contó toda la verdad: el dato que cambia todo
2026-06-01,2026-W23,provincial,EL CORDILLERANO,Río Negro,Patagonia,Bariloche / Rio negro,https://www.elcordillerano.com.ar,Accidente en Bariloche: se cruzó de carril en Ruta 82 y terminó dentro de la vegetación
2026-06-01,2026-W23,provincial,EL CORDILLERANO,Río Negro,Patagonia,Bariloche / Rio negro,https://www.elcordillerano.com.ar,"Matzen le cierra la puerta a los libertarios: ""Con Tortoriello y Fullone, seguro que no"""
2026-06-01,2026-W23,provincial,EL CORDILLERANO,Río Negro,Patagonia,Bariloche / Rio negro,https://www.elcordillerano.com.ar,Mario Pergolini desató la polémica con un duro consejo para los jóvenes: “Sufran…”
2026-06-01,2026-W23,provincial,EL CORDILLERANO,Río Negro,Patagonia,Bariloche / Rio negro,https://www.elcordillerano.com.ar,Indemnizaciones: cómo funcionará el Fondo de Asistencia Laboral
2026-06-01,2026-W23,provincial,EL CORDILLERANO,Río Negro,Patagonia,Bariloche / Rio negro,https://www.elcordillerano.com.ar,Mirá el video: más de 500 delfines protagonizaron un espectáculo único frente a Las Grutas
2026-06-01,2026-W23,provincial,EL CORDILLERANO,Río Negro,Patagonia,Bariloche / Rio negro,https://www.elcordillerano.com.ar,Explotaron las redes por las fotos hot de Daniela Celis y Nick Sicario: las imágenes
2026-06-01,2026-W23,provincial,EL CORDILLERANO,Río Negro,Patagonia,Bariloche / Rio negro,https://www.elcordillerano.com.ar,IPROSS invirtió más de $800 millones para garantizar trasplantes de órganos
2026-06-01,2026-W23,provincial,EL CORDILLERANO,Río Negro,Patagonia,Bariloche / Rio negro,https://www.elcordillerano.com.ar,Vuelco en Avenida 12 de Octubre: cortado el tránsito en el ingreso a la Terminal
2026-06-01,2026-W23,provincial,EL CORDILLERANO,Río Negro,Patagonia,Bariloche / Rio negro,https://www.elcordillerano.com.ar,"Quién es Emma Ramírez, la novia poco conocida de Nico Paz"
2026-06-01,2026-W23,provincial,EL CORDILLERANO,Río Negro,Patagonia,Bariloche / Rio negro,https://www.elcordillerano.com.ar,Detuvieron a un hombre y secuestraron elementos robados tras un operativo en Virgen Misionera
2026-06-01,2026-W23,provincial,EL CORDILLERANO,Río Negro,Patagonia,Bariloche / Rio negro,https://www.elcordillerano.com.ar,El clima en Bariloche: junio arranca con lluvias y probabilidad de nieve
2026-06-01,2026-W23,provincial,RÍO NEGRO,Río Negro,Patagonia,General Roca / Rio negro,https://www.rionegro.com.ar,Nuevo sorteo de Diario RÍO NEGRO: llegan dos Toyota Yaris 0KM para el Día de la Madre
2026-06-01,2026-W23,provincial,RÍO NEGRO,Río Negro,Patagonia,General Roca / Rio negro,https://www.rionegro.com.ar,"A menos de un mes de asumir, renunció el presidente del nuevo ente regulador de energía: quién es su sucesor"
2026-06-01,2026-W23,provincial,RÍO NEGRO,Río Negro,Patagonia,General Roca / Rio negro,https://www.rionegro.com.ar,"Quién es Juan Ignacio Stampalija, el nuevo secretario Legal de Economía clave en el caso YPF"
2026-06-01,2026-W23,provincial,RÍO NEGRO,Río Negro,Patagonia,General Roca / Rio negro,https://www.rionegro.com.ar,«Podría haber sido yo»: el duro antecedente que vuelve tras el femicidio de Agostina Vega en Córdoba
2026-06-01,2026-W23,provincial,RÍO NEGRO,Río Negro,Patagonia,General Roca / Rio negro,https://www.rionegro.com.ar,Así fue la violenta entradera a Malena Resa en su casa en Plottier: una banda que no actuó al azar
2026-06-01,2026-W23,provincial,RÍO NEGRO,Río Negro,Patagonia,General Roca / Rio negro,https://www.rionegro.com.ar,Crimen de Dobra en Roca: la pista de un ajuste narco sumó pruebas y mantiene detenidos a los imputados
2026-06-01,2026-W23,provincial,RÍO NEGRO,Río Negro,Patagonia,General Roca / Rio negro,https://www.rionegro.com.ar,Acumulación de reservas y riesgo país en baja: por qué Domingo Cavallo coincide con el FMI y marca diferencias con Luis Caputo
2026-06-01,2026-W23,provincial,RÍO NEGRO,Río Negro,Patagonia,General Roca / Rio negro,https://www.rionegro.com.ar,"Con foco en Vaca Muerta, Figueroa se reunió con empresarios en España: «De acá al 2030 se van a generar 14 mil nuevos puestos de trabajo”"
2026-06-01,2026-W23,provincial,RÍO NEGRO,Río Negro,Patagonia,General Roca / Rio negro,https://www.rionegro.com.ar,Amenazas con armas y retos virales en escuelas de Río Negro: se contabilizaron 261 casos en el 2026
2026-06-01,2026-W23,provincial,RÍO NEGRO,Río Negro,Patagonia,General Roca / Rio negro,https://www.rionegro.com.ar,"Entre marzo y mayo de 2026 se registraron 261 casos derivados de mensajes viralizados, publicaciones en redes sociales y amenazas concretas de armas en las escuelas."
2026-06-01,2026-W23,provincial,RÍO NEGRO,Río Negro,Patagonia,General Roca / Rio negro,https://www.rionegro.com.ar,Los jugadores que suma Scaloni para los amistosos y que podrá utilizar si no recupera a los lesionados
2026-06-01,2026-W23,provincial,RÍO NEGRO,Río Negro,Patagonia,General Roca / Rio negro,https://www.rionegro.com.ar,La Casa del Escritor de Cipolletti recibe visitas escolares para acercar la literatura a los chicos
2026-06-01,2026-W23,provincial,RÍO NEGRO,Río Negro,Patagonia,General Roca / Rio negro,https://www.rionegro.com.ar,Así emplazan las bases del puente elevado en Avenida Mosconi
2026-06-01,2026-W23,provincial,RÍO NEGRO,Río Negro,Patagonia,General Roca / Rio negro,https://www.rionegro.com.ar,Claudio Barrelier imputado por el femicidio de Agostina Vega: las incógnitas que dejó el primer informe de la autopsia
2026-06-01,2026-W23,provincial,RÍO NEGRO,Río Negro,Patagonia,General Roca / Rio negro,https://www.rionegro.com.ar,Pastel de limón saludable: la versión sin harina ni azúcar que sorprende por su sabor
2026-06-01,2026-W23,provincial,RÍO NEGRO,Río Negro,Patagonia,General Roca / Rio negro,https://www.rionegro.com.ar,La receta de pizza fit que reemplaza a la tradicional sin perder gusto
2026-06-01,2026-W23,provincial,RÍO NEGRO,Río Negro,Patagonia,General Roca / Rio negro,https://www.rionegro.com.ar,Tambalean las negociaciones en Medio Oriente: Irán suspendió las conversaciones con Estados Unidos
2026-06-01,2026-W23,provincial,RÍO NEGRO,Río Negro,Patagonia,General Roca / Rio negro,https://www.rionegro.com.ar,Así es el nuevo modelo del recibo de sueldo por la reforma laboral: la novedad que se introduce y cómo se aplicará
2026-06-01,2026-W23,provincial,RÍO NEGRO,Río Negro,Patagonia,General Roca / Rio negro,https://www.rionegro.com.ar,"Fecha límite, patrimonio claro: Manuel Adorni definió el día que presentará su declaración jurada"
2026-06-01,2026-W23,provincial,RÍO NEGRO,Río Negro,Patagonia,General Roca / Rio negro,https://www.rionegro.com.ar,María Emilia Soria quiere un candidato a vice de Bariloche y no descarta un extrapartidario o un outsider de la política
2026-06-01,2026-W23,provincial,RÍO NEGRO,Río Negro,Patagonia,General Roca / Rio negro,https://www.rionegro.com.ar,Secta Rusa en Bariloche: la Justicia define si Konstantin Rudnev regresa a prisión bajo una fuerte advertencia de su esposa
2026-06-01,2026-W23,provincial,RÍO NEGRO,Río Negro,Patagonia,General Roca / Rio negro,https://www.rionegro.com.ar,El PJ Río Negro posterga su encuentro y JSRN ratifica su acto en Cipolletti
2026-06-01,2026-W23,provincial,RÍO NEGRO,Río Negro,Patagonia,General Roca / Rio negro,https://www.rionegro.com.ar,"Topes a las retenciones salariales: UPCN planteó la intervención judicial, y actuará la Cámara"
2026-06-01,2026-W23,provincial,RÍO NEGRO,Río Negro,Patagonia,General Roca / Rio negro,https://www.rionegro.com.ar,Lago Lácar: intimaron a San Martín de los Andes por el vertido de líquidos cloacales y habló el intendente
2026-06-01,2026-W23,provincial,RÍO NEGRO,Río Negro,Patagonia,General Roca / Rio negro,https://www.rionegro.com.ar,El premio de Diario RÍO NEGRO y Decker Camiones ya tiene ganadora
2026-06-01,2026-W23,provincial,RÍO NEGRO,Río Negro,Patagonia,General Roca / Rio negro,https://www.rionegro.com.ar,Más sorteos de Diario RÍO NEGRO: llegan dos motos eléctricas 0KM para el Día del Amigo
2026-06-01,2026-W23,provincial,RÍO NEGRO,Río Negro,Patagonia,General Roca / Rio negro,https://www.rionegro.com.ar,"Más sorteos de Diario RÍO NEGRO: un horno pizzero, un fogonero móvil y un horno ahumador para el Día del Amigo"
2026-06-01,2026-W23,provincial,RÍO NEGRO,Río Negro,Patagonia,General Roca / Rio negro,https://www.rionegro.com.ar,¡Atención! Nuevo sorteo de Diario RÍO NEGRO: llegan dos Toyota Yaris 0KM para el Día de la Madre
2026-06-01,2026-W23,provincial,RÍO NEGRO,Río Negro,Patagonia,General Roca / Rio negro,https://www.rionegro.com.ar,Revelan los secretos de más de 20 especies ocultas en el pasado remoto de la Patagonia
2026-06-01,2026-W23,provincial,RÍO NEGRO,Río Negro,Patagonia,General Roca / Rio negro,https://www.rionegro.com.ar,"Científicos del Conicet duplicaron la biodiversidad registrada en la Formación Gaiman, en Chubut. Descubrieron una nueva especie de caracol marino que conecta el pasado profundo con las playas actuales."
2026-06-01,2026-W23,provincial,RÍO NEGRO,Río Negro,Patagonia,General Roca / Rio negro,https://www.rionegro.com.ar,"Río Negro suma a Neuquén, Chubut y La Pampa para perfilar aún más los vinos de la Patagonia"
2026-06-01,2026-W23,provincial,RÍO NEGRO,Río Negro,Patagonia,General Roca / Rio negro,https://www.rionegro.com.ar,Maíz y Angus en la Patagonia: las claves de un sistema mixto que rinde 800 kilos de carne por hectárea
2026-06-01,2026-W23,provincial,RÍO NEGRO,Río Negro,Patagonia,General Roca / Rio negro,https://www.rionegro.com.ar,"Neuquén, una identidad que se bebe: el impacto de sus vinos en Buenos Aires"
2026-06-01,2026-W23,provincial,RÍO NEGRO,Río Negro,Patagonia,General Roca / Rio negro,https://www.rionegro.com.ar,Desde el norte de la Patagonia fabrican ladrillos para 2.000 casas por mes: «Tenemos un Fórmula Uno»
2026-06-01,2026-W23,provincial,RÍO NEGRO,Río Negro,Patagonia,General Roca / Rio negro,https://www.rionegro.com.ar,“Suerte queda chico”: la emoción de encontrarse cara a cara con una ballena azul en medio del mar de la Patagonia
2026-06-01,2026-W23,provincial,RÍO NEGRO,Río Negro,Patagonia,General Roca / Rio negro,https://www.rionegro.com.ar,"“Madama Butterfly”, la imponente ópera de Puccini, llega a Neuquén: los detalles de una producción histórica"
2026-06-01,2026-W23,provincial,RÍO NEGRO,Río Negro,Patagonia,General Roca / Rio negro,https://www.rionegro.com.ar,Femicidio de Agostina en Córdoba: el trasfondo de un crimen que sacude a la Justicia y el poder político
2026-06-01,2026-W23,provincial,RÍO NEGRO,Río Negro,Patagonia,General Roca / Rio negro,https://www.rionegro.com.ar,Elecciones 2027: el armado de una tercera vía y el plan de Javier Milei para eliminar las PASO
2026-06-01,2026-W23,provincial,RÍO NEGRO,Río Negro,Patagonia,General Roca / Rio negro,https://www.rionegro.com.ar,"Fruticultura en la Patagonia: la manzana tiene buen precio, pero el margen se juega después de la cosecha"
2026-06-01,2026-W23,provincial,RÍO NEGRO,Río Negro,Patagonia,General Roca / Rio negro,https://www.rionegro.com.ar,La intimidad de la Selección Argentina en Kansas: cómo es el complejo y la curiosa cábala de Lionel Messi
2026-06-01,2026-W23,provincial,RÍO NEGRO,Río Negro,Patagonia,General Roca / Rio negro,https://www.rionegro.com.ar,"Sesión tensa en Bariloche: ausencias y el retiro de concejales, dejaron sin quórum el tratamiento de vetos de Cortés"
2026-06-01,2026-W23,provincial,RÍO NEGRO,Río Negro,Patagonia,General Roca / Rio negro,https://www.rionegro.com.ar,Sorpresa en el PJ de Neuquén: la oposición se quedó con la conducción del Congreso Provincial
2026-06-01,2026-W23,provincial,RÍO NEGRO,Río Negro,Patagonia,General Roca / Rio negro,https://www.rionegro.com.ar,"En medio de la discusión por los subsidios energéticos, la demanda eléctrica creció un 7,7% interanual"
2026-06-01,2026-W23,provincial,RÍO NEGRO,Río Negro,Patagonia,General Roca / Rio negro,https://www.rionegro.com.ar,"Río Negro ante una nueva economía: educación, energía y reconversión laboral"
2026-06-01,2026-W23,provincial,RÍO NEGRO,Río Negro,Patagonia,General Roca / Rio negro,https://www.rionegro.com.ar,«Quiero abrazarlos y volver a reírnos juntos»: el pedido de una joven del Alto Valle que llegó a la Justicia
2026-06-01,2026-W23,provincial,RÍO NEGRO,Río Negro,Patagonia,General Roca / Rio negro,https://www.rionegro.com.ar,Fórmula 1. Franco Colapinto llega a Mónaco: datos previos y los horarios del fin de semana
2026-06-01,2026-W23,provincial,RÍO NEGRO,Río Negro,Patagonia,General Roca / Rio negro,https://www.rionegro.com.ar,Cómo hacer chips de banana saludables: el paso a paso para un snack natural y nutritivo
2026-06-01,2026-W23,provincial,RÍO NEGRO,Río Negro,Patagonia,General Roca / Rio negro,https://www.rionegro.com.ar,Volver a volar para combatir las plagas: el increíble injerto de plumas que salvó a una lechuza en Neuquén
2026-06-01,2026-W23,provincial,RÍO NEGRO,Río Negro,Patagonia,General Roca / Rio negro,https://www.rionegro.com.ar,Ricardo Arjona y una visita secreta a la Patagonia: eligió Bariloche para descansar previo a los Movistar Arena
2026-06-01,2026-W23,provincial,RÍO NEGRO,Río Negro,Patagonia,General Roca / Rio negro,https://www.rionegro.com.ar,"A tomar nota, Scaloni: Austria, rival de Argentina en el Mundial 2026, derrotó a Túnez en un amistoso"
2026-06-01,2026-W23,provincial,NOTICIASNET,Río Negro,Patagonia,Viedma / Rio negro,https://www.noticiasnet.com.ar,Fuerte expectativa en Río Negro: el nuevo financiamiento que promete impulsar la temporada de invierno
2026-06-01,2026-W23,provincial,NOTICIASNET,Río Negro,Patagonia,Viedma / Rio negro,https://www.noticiasnet.com.ar,Gestionan ayuda desde España para reconstruir el comedor destruido por el incendio
2026-06-01,2026-W23,provincial,NOTICIASNET,Río Negro,Patagonia,Viedma / Rio negro,https://www.noticiasnet.com.ar,Las conductas cotidianas que podrían pasar a ser ilegales en Río Negro
2026-06-01,2026-W23,provincial,NOTICIASNET,Río Negro,Patagonia,Viedma / Rio negro,https://www.noticiasnet.com.ar,Cuidados paliativos: recordaron el 25° aniversario de un servicio pionero en Río Negro
2026-06-01,2026-W23,provincial,NOTICIASNET,Río Negro,Patagonia,Viedma / Rio negro,https://www.noticiasnet.com.ar,Abuso sexual en una comisaría: qué pena solicitaron para el policía acusado
2026-06-01,2026-W23,provincial,NOTICIASNET,Río Negro,Patagonia,Viedma / Rio negro,https://www.noticiasnet.com.ar,El STJ rechazó el planteo de un condenado por supuesta retractación de la víctima de abuso sexual
2026-06-01,2026-W23,provincial,NOTICIASNET,Río Negro,Patagonia,Viedma / Rio negro,https://www.noticiasnet.com.ar,La Comisión de Educación dio dictamen a nuevos proyectos y escuchó aportes gremiales
2026-06-01,2026-W23,provincial,NOTICIASNET,Río Negro,Patagonia,Viedma / Rio negro,https://www.noticiasnet.com.ar,Femicidio de Agostina Vega: la autopsia reveló signos de extrema violencia
2026-06-01,2026-W23,provincial,NOTICIASNET,Río Negro,Patagonia,Viedma / Rio negro,https://www.noticiasnet.com.ar,Licitaron la remodelación total del sistema sanitario de Casa de Gobierno
2026-06-01,2026-W23,provincial,NOTICIASNET,Río Negro,Patagonia,Viedma / Rio negro,https://www.noticiasnet.com.ar,Aumentan las entradas a los parques nacionales en la previa de las vacaciones de invierno
2026-06-01,2026-W23,provincial,NOTICIASNET,Río Negro,Patagonia,Viedma / Rio negro,https://www.noticiasnet.com.ar,Siguen abiertas las inscripciones para el concurso “Río Negro Fotogénica”
2026-06-01,2026-W23,provincial,NOTICIASNET,Río Negro,Patagonia,Viedma / Rio negro,https://www.noticiasnet.com.ar,Apoyo al proyecto nacional Súper RIGI: “Puede abrir una nueva etapa de inversiones en la provincia”
2026-06-01,2026-W23,provincial,NOTICIASNET,Río Negro,Patagonia,Viedma / Rio negro,https://www.noticiasnet.com.ar,Soria planea estrategias con un defensor de “Cristina Libre
2026-06-01,2026-W23,provincial,NOTICIASNET,Río Negro,Patagonia,Viedma / Rio negro,https://www.noticiasnet.com.ar,"El colectivo de ""Ni Una Menos Córdoba"" pide jury para el fiscal Garzón y la destitución del ministro Quinteros"
2026-06-01,2026-W23,provincial,NOTICIASNET,Río Negro,Patagonia,Viedma / Rio negro,https://www.noticiasnet.com.ar,Descubren que el Banco Nación otorgó más de 1.100 créditos hipotecarios a funcionarios de Milei
2026-06-01,2026-W23,provincial,NOTICIASNET,Río Negro,Patagonia,Viedma / Rio negro,https://www.noticiasnet.com.ar,Nuevos aumentos en el bioetanol y biodiesel influirán en los precios de los combustibles
2026-06-01,2026-W23,provincial,NOTICIASNET,Río Negro,Patagonia,Viedma / Rio negro,https://www.noticiasnet.com.ar,"Qué es el RIMI, el mecanismo nacional al que busca adherirse Río Negro"
2026-06-01,2026-W23,provincial,NOTICIASNET,Río Negro,Patagonia,Viedma / Rio negro,https://www.noticiasnet.com.ar,Violencia de género: ampliaron medidas ante un caso de riesgo y para proteger a un grupo familiar
2026-06-01,2026-W23,provincial,NOTICIASNET,Río Negro,Patagonia,Viedma / Rio negro,https://www.noticiasnet.com.ar,Banco Patagonia abrió la inscripción para su programa Emprendedoras y Emprendedores de Río Negro 2026
2026-06-01,2026-W23,provincial,NOTICIASNET,Río Negro,Patagonia,Viedma / Rio negro,https://www.noticiasnet.com.ar,Riego inteligente y más producción: cómo el goteo empieza a cambiar el cultivo de cebolla en Río Negro
2026-06-01,2026-W23,provincial,NOTICIASNET,Río Negro,Patagonia,Viedma / Rio negro,https://www.noticiasnet.com.ar,Innovación: realizaron una siembra con drones durante una capacitación tecnológica
2026-06-01,2026-W23,provincial,NOTICIASNET,Río Negro,Patagonia,Viedma / Rio negro,https://www.noticiasnet.com.ar,Negro Muerto: proyectan una obra eléctrica para potenciar la producción
2026-06-01,2026-W23,provincial,NOTICIASNET,Río Negro,Patagonia,Viedma / Rio negro,https://www.noticiasnet.com.ar,Energía para crecer: Guardia Mitre apuesta a la electrificación rural de la Margen Norte
2026-06-01,2026-W23,provincial,NOTICIASNET,Río Negro,Patagonia,Viedma / Rio negro,https://www.noticiasnet.com.ar,Elecciones en Colombia: habrá segunda vuelta entre Cepeda y De la Espriella
2026-06-01,2026-W23,provincial,NOTICIASNET,Río Negro,Patagonia,Viedma / Rio negro,https://www.noticiasnet.com.ar,Semana clave en la Legislatura de Río Negro de cara a la próxima sesión
2026-06-01,2026-W23,provincial,NOTICIASNET,Río Negro,Patagonia,Viedma / Rio negro,https://www.noticiasnet.com.ar,Mateo Cerda Chiaradia brilló en el Nacional Apertura de Taekwondo y se metió entre los mejores del país
2026-06-01,2026-W23,provincial,NOTICIASNET,Río Negro,Patagonia,Viedma / Rio negro,https://www.noticiasnet.com.ar,Nuevos recibos de sueldo: qué información nueva deberán mostrar
2026-06-01,2026-W23,provincial,NOTICIASNET,Río Negro,Patagonia,Viedma / Rio negro,https://www.noticiasnet.com.ar,Sufrieron un acto de vandalismo en el Polideportivo Municipal de Patagones
2026-06-01,2026-W23,provincial,NOTICIASNET,Río Negro,Patagonia,Viedma / Rio negro,https://www.noticiasnet.com.ar,"Matzen le cierra la puerta a los libertarios: ""Con Tortoriello y Fullone, seguro que no"""
2026-06-01,2026-W23,provincial,NOTICIASNET,Río Negro,Patagonia,Viedma / Rio negro,https://www.noticiasnet.com.ar,Agustín Aballay León fue convocado a la Selección Argentina para el Panamericano de Natación 2026
2026-06-01,2026-W23,provincial,NOTICIASNET,Río Negro,Patagonia,Viedma / Rio negro,https://www.noticiasnet.com.ar,¿Cómo seguirá el clima al inicio del sexto mes del año?
2026-06-01,2026-W23,provincial,NOTICIASNET,Río Negro,Patagonia,Viedma / Rio negro,https://www.noticiasnet.com.ar,Indemnizaciones: cómo funcionará el Fondo de Asistencia Laboral
2026-06-01,2026-W23,provincial,NOTICIASNET,Río Negro,Patagonia,Viedma / Rio negro,https://www.noticiasnet.com.ar,¿Cambios en los cruces?: Una quita de puntos modificaría la tabla general de la Liga Rionegrina
2026-06-01,2026-W23,provincial,NOTICIASNET,Río Negro,Patagonia,Viedma / Rio negro,https://www.noticiasnet.com.ar,"Falta una semana para “La Previa del Mundial”, el gran intercambio de figuritas en Viedma"
2026-06-01,2026-W23,provincial,NOTICIASNET,Río Negro,Patagonia,Viedma / Rio negro,https://www.noticiasnet.com.ar,Se disputó la tercera fecha del hockey de la Comarca en un fin de semana cargado de actividad
2026-06-01,2026-W23,provincial,NOTICIASNET,Río Negro,Patagonia,Viedma / Rio negro,https://www.noticiasnet.com.ar,Atraparon a dos sujetos por caza ilegal
2026-06-01,2026-W23,provincial,NOTICIASNET,Río Negro,Patagonia,Viedma / Rio negro,https://www.noticiasnet.com.ar,Ricardo Arjona eligió Bariloche para un descanso exclusivo: los detalles de su visita secreta a la Patagonia
2026-06-01,2026-W23,provincial,NOTICIASNET,Río Negro,Patagonia,Viedma / Rio negro,https://www.noticiasnet.com.ar,"De la primera casa de té a los alfajores artesanales, la historia detrás del sabor local"
2026-06-01,2026-W23,provincial,NOTICIASNET,Río Negro,Patagonia,Viedma / Rio negro,https://www.noticiasnet.com.ar,Un joven ciclista chocó un auto en una rotonda y quedó herido
2026-06-01,2026-W23,provincial,NOTICIASNET,Río Negro,Patagonia,Viedma / Rio negro,https://www.noticiasnet.com.ar,Murió un multifacético impulsor de la contención social a través del deporte
2026-06-01,2026-W23,provincial,NOTICIASNET,Río Negro,Patagonia,Viedma / Rio negro,https://www.noticiasnet.com.ar,Un grave descuido con un calefactor casi termina en tragedia
2026-06-01,2026-W23,provincial,NOTICIASNET,Río Negro,Patagonia,Viedma / Rio negro,https://www.noticiasnet.com.ar,Villa Congreso cerró su participación en el Patagónico con derrota en Beltrán
2026-06-01,2026-W23,provincial,NOTICIASNET,Río Negro,Patagonia,Viedma / Rio negro,https://www.noticiasnet.com.ar,Agenda de la Selección Argentina antes del Mundial 2026
2026-06-01,2026-W23,provincial,NOTICIASNET,Río Negro,Patagonia,Viedma / Rio negro,https://www.noticiasnet.com.ar,Liga Rionegrina: quedaron definidos los cruces de octavos y comienza la etapa decisiva
2026-06-01,2026-W23,provincial,NOTICIASNET,Río Negro,Patagonia,Viedma / Rio negro,https://www.noticiasnet.com.ar,Violencia y armas blancas dejaron como saldo tres detenidos
2026-06-01,2026-W23,provincial,NOTICIASNET,Río Negro,Patagonia,Viedma / Rio negro,https://www.noticiasnet.com.ar,Sol de Mayo reaccionó a tiempo y logró un triunfo clave ante Santamarina
2026-06-01,2026-W23,provincial,NOTICIASNET,Río Negro,Patagonia,Viedma / Rio negro,https://www.noticiasnet.com.ar,Nuevo hito del VMOS: llegó el cargamento para iniciar las obras submarinas
2026-06-01,2026-W23,provincial,NOTICIASNET,Río Negro,Patagonia,Viedma / Rio negro,https://www.noticiasnet.com.ar,Río Negro transfirió $20.509 millones a municipios y comisiones de fomento
2026-06-01,2026-W23,provincial,NOTICIASNET,Río Negro,Patagonia,Viedma / Rio negro,https://www.noticiasnet.com.ar,Quini 6: cinco apostadores ganaron más de $77 millones en el Siempre Sale
2026-06-01,2026-W23,provincial,NOTICIASNET,Río Negro,Patagonia,Viedma / Rio negro,https://www.noticiasnet.com.ar,Cancillería difundió recomendaciones para quienes viajen al Mundial 2026
2026-06-01,2026-W23,provincial,LA OPINIÓN AUSTRAL,Santa Cruz,Patagonia,Santa Cruz,https://www.laopinionaustral.com.ar,Juicio por el hundimiento del ARA San Juan: día 25
2026-06-01,2026-W23,provincial,LA OPINIÓN AUSTRAL,Santa Cruz,Patagonia,Santa Cruz,https://www.laopinionaustral.com.ar,"“Justicia para Liseth, Zulma y Antonella”: la UNPA adhiere al #NiUnaMenos"
2026-06-01,2026-W23,provincial,LA OPINIÓN AUSTRAL,Santa Cruz,Patagonia,Santa Cruz,https://www.laopinionaustral.com.ar,Ley de Glaciares: la Cámara Federal revocó el fallo de primera instancia de Río Gallegos
2026-06-01,2026-W23,provincial,LA OPINIÓN AUSTRAL,Santa Cruz,Patagonia,Santa Cruz,https://www.laopinionaustral.com.ar,Un fin de semana de color celeste
2026-06-01,2026-W23,provincial,LA OPINIÓN AUSTRAL,Santa Cruz,Patagonia,Santa Cruz,https://www.laopinionaustral.com.ar,Suba de multas por alcoholemia positiva: “Queremos que la sanción sea realmente significativa”
2026-06-01,2026-W23,provincial,LA OPINIÓN AUSTRAL,Santa Cruz,Patagonia,Santa Cruz,https://www.laopinionaustral.com.ar,“El cansancio no es excusa para ir a inmersión”: una audiencia cargada de definiciones en el juicio por el ARA San Juan
2026-06-01,2026-W23,provincial,LA OPINIÓN AUSTRAL,Santa Cruz,Patagonia,Santa Cruz,https://www.laopinionaustral.com.ar,Violencias sexistas: UNPA y Ministerio de Mujeres y Diversidad de Buenos Aires avanzan en un protocolo conjunto
2026-06-01,2026-W23,provincial,LA OPINIÓN AUSTRAL,Santa Cruz,Patagonia,Santa Cruz,https://www.laopinionaustral.com.ar,TRANSMISION ARA SAN JUAN
2026-06-01,2026-W23,provincial,LA OPINIÓN AUSTRAL,Santa Cruz,Patagonia,Santa Cruz,https://www.laopinionaustral.com.ar,Agostina Vega murió por asfixia mecánica y fue abusada sexualmente
2026-06-01,2026-W23,provincial,LA OPINIÓN AUSTRAL,Santa Cruz,Patagonia,Santa Cruz,https://www.laopinionaustral.com.ar,Graciela Echeverría: “El amor que él le puso a Santa Cruz está volcado en este reconocimiento”
2026-06-01,2026-W23,provincial,LA OPINIÓN AUSTRAL,Santa Cruz,Patagonia,Santa Cruz,https://www.laopinionaustral.com.ar,Un fin de semana de fútbol con muchas novedades
2026-06-01,2026-W23,provincial,LA OPINIÓN AUSTRAL,Santa Cruz,Patagonia,Santa Cruz,https://www.laopinionaustral.com.ar,Últimas noticias
2026-06-01,2026-W23,provincial,LA OPINIÓN AUSTRAL,Santa Cruz,Patagonia,Santa Cruz,https://www.laopinionaustral.com.ar,Política y Economía
2026-06-01,2026-W23,provincial,LA OPINIÓN AUSTRAL,Santa Cruz,Patagonia,Santa Cruz,https://www.laopinionaustral.com.ar,Juicio Ara San Juan
2026-06-01,2026-W23,provincial,LA OPINIÓN AUSTRAL,Santa Cruz,Patagonia,Santa Cruz,https://www.laopinionaustral.com.ar,"Ni Una Menos en Santa Cruz: con reclamos a Milei, el Gobierno y la Justicia de Santa Cruz y a la Universidad convocaron a copar las calles el 3 de junio"
2026-06-01,2026-W23,provincial,LA OPINIÓN AUSTRAL,Santa Cruz,Patagonia,Santa Cruz,https://www.laopinionaustral.com.ar,El Gobierno de Santa Cruz ratificó que las proyecciones petroleras pueden respaldar el financiamiento en dólares
2026-06-01,2026-W23,provincial,LA OPINIÓN AUSTRAL,Santa Cruz,Patagonia,Santa Cruz,https://www.laopinionaustral.com.ar,Llegaron más medicamentos de la compra centralizada para los hospitales de Río Gallegos y el interior de Santa Cruz
2026-06-01,2026-W23,provincial,LA OPINIÓN AUSTRAL,Santa Cruz,Patagonia,Santa Cruz,https://www.laopinionaustral.com.ar,Nación postergó al 1 de julio la aplicación plena de impuestos a los combustibles
2026-06-01,2026-W23,provincial,LA OPINIÓN AUSTRAL,Santa Cruz,Patagonia,Santa Cruz,https://www.laopinionaustral.com.ar,"WhatsApp, Instagram y Facebook funcionarán con planes de pago para algunas funciones"
2026-06-01,2026-W23,provincial,LA OPINIÓN AUSTRAL,Santa Cruz,Patagonia,Santa Cruz,https://www.laopinionaustral.com.ar,"Reforma laboral: los trabajadores de Uber, Pedidos Ya, Cabify, Rappi y otras plataformas serán controlados por Transporte"
2026-06-01,2026-W23,provincial,LA OPINIÓN AUSTRAL,Santa Cruz,Patagonia,Santa Cruz,https://www.laopinionaustral.com.ar,Cómo será el nuevo recibo de sueldo con la Reforma Laboral
2026-06-01,2026-W23,provincial,LA OPINIÓN AUSTRAL,Santa Cruz,Patagonia,Santa Cruz,https://www.laopinionaustral.com.ar,Reforma Laboral: Milei reglamentó el Fondo de Asistencia Laboral para financiar indemnizaciones
2026-06-01,2026-W23,provincial,LA OPINIÓN AUSTRAL,Santa Cruz,Patagonia,Santa Cruz,https://www.laopinionaustral.com.ar,ADOSAC inicia su primera semana del año sin paro y rechaza la incorporación de UDA a la paritaria
2026-06-01,2026-W23,provincial,LA OPINIÓN AUSTRAL,Santa Cruz,Patagonia,Santa Cruz,https://www.laopinionaustral.com.ar,Claudio Vidal: “Los trabajadores que están esperando una oportunidad podrán recuperar sus puestos”
2026-06-01,2026-W23,provincial,LA OPINIÓN AUSTRAL,Santa Cruz,Patagonia,Santa Cruz,https://www.laopinionaustral.com.ar,Informe de la UBA: el empleo asalariado formal perdió 106.000 puestos en un año
2026-06-01,2026-W23,provincial,LA OPINIÓN AUSTRAL,Santa Cruz,Patagonia,Santa Cruz,https://www.laopinionaustral.com.ar,"Raúl “Tato” Cereseto, empresario pesquero: “Si el dólar va a quedar quieto, que resuelvan la inflación”"
2026-06-01,2026-W23,provincial,LA OPINIÓN AUSTRAL,Santa Cruz,Patagonia,Santa Cruz,https://www.laopinionaustral.com.ar,El juicio por el ARA San Juan entra en su recta final: semana clave antes de los alegatos
2026-06-01,2026-W23,provincial,LA OPINIÓN AUSTRAL,Santa Cruz,Patagonia,Santa Cruz,https://www.laopinionaustral.com.ar,Zafra del langostino: cámaras empresarias piden al Gobierno de Chubut declarar la “emergencia pesquera” en la provincia
2026-06-01,2026-W23,provincial,LA OPINIÓN AUSTRAL,Santa Cruz,Patagonia,Santa Cruz,https://www.laopinionaustral.com.ar,Minería: los precios de los metales se sostienen hacia el alza
2026-06-01,2026-W23,provincial,LA OPINIÓN AUSTRAL,Santa Cruz,Patagonia,Santa Cruz,https://www.laopinionaustral.com.ar,Donar órganos: el mensaje de esperanza que impulsan familias santacruceñas
2026-06-01,2026-W23,provincial,LA OPINIÓN AUSTRAL,Santa Cruz,Patagonia,Santa Cruz,https://www.laopinionaustral.com.ar,Juntas de clasificación abren la inscripción anual para docentes de toda Santa Cruz
2026-06-01,2026-W23,provincial,LA OPINIÓN AUSTRAL,Santa Cruz,Patagonia,Santa Cruz,https://www.laopinionaustral.com.ar,Jairo Guzmán aseguró que La Libertad Avanza es “la única alternativa” para transformar Santa Cruz
2026-06-01,2026-W23,provincial,LA OPINIÓN AUSTRAL,Santa Cruz,Patagonia,Santa Cruz,https://www.laopinionaustral.com.ar,Luck Ra prepara su homenaje a Messi con una canción mundialista
2026-06-01,2026-W23,provincial,LA OPINIÓN AUSTRAL,Santa Cruz,Patagonia,Santa Cruz,https://www.laopinionaustral.com.ar,Emilia Mernes fue distinguida en su tierra natal: “Acá empezó todo”
2026-06-01,2026-W23,provincial,LA OPINIÓN AUSTRAL,Santa Cruz,Patagonia,Santa Cruz,https://www.laopinionaustral.com.ar,La Escuela de Cadetes de la Policía de Santa Cruz celebra 90 años de historia
2026-06-01,2026-W23,provincial,LA OPINIÓN AUSTRAL,Santa Cruz,Patagonia,Santa Cruz,https://www.laopinionaustral.com.ar,¡La Opinión Austral en Modo Mundial con premios en juegos!
2026-06-01,2026-W23,provincial,LA OPINIÓN AUSTRAL,Santa Cruz,Patagonia,Santa Cruz,https://www.laopinionaustral.com.ar,Wanda Nara estará presente en la mesa de Mirtha Legrand: “Se viene un encuentro picante”
2026-06-01,2026-W23,provincial,LA OPINIÓN AUSTRAL,Santa Cruz,Patagonia,Santa Cruz,https://www.laopinionaustral.com.ar,"“Todavía no llegamos a la gente más carenciada”, el balance del Mercado Concentrador Patagónico"
2026-06-01,2026-W23,provincial,LA OPINIÓN AUSTRAL,Santa Cruz,Patagonia,Santa Cruz,https://www.laopinionaustral.com.ar,Enzo Fernández y Valentina Cervantes presentaron su marca de ropa
2026-06-01,2026-W23,provincial,LA OPINIÓN AUSTRAL,Santa Cruz,Patagonia,Santa Cruz,https://www.laopinionaustral.com.ar,Charlotte Caniggia podría ser expulsada de Gran Hermano Generación Dorada: “Está prohibido”
2026-06-01,2026-W23,provincial,LA OPINIÓN AUSTRAL,Santa Cruz,Patagonia,Santa Cruz,https://www.laopinionaustral.com.ar,Emilia Mernes deslumbró en el show de Los Ángeles Azules: “Feliz de compartir esta noche con ustedes”
2026-06-01,2026-W23,provincial,LA OPINIÓN AUSTRAL,Santa Cruz,Patagonia,Santa Cruz,https://www.laopinionaustral.com.ar,"Subcomisario de Santa Cruz iba a trabajar en moto, se accidentó y está internado grave con fractura de cráneo en el hospital de Caleta Olivia"
2026-06-01,2026-W23,provincial,LA OPINIÓN AUSTRAL,Santa Cruz,Patagonia,Santa Cruz,https://www.laopinionaustral.com.ar,Choque y vuelco en Ruta 12: un efectivo policial permanece internado en terapia intensiva
2026-06-01,2026-W23,provincial,LA OPINIÓN AUSTRAL,Santa Cruz,Patagonia,Santa Cruz,https://www.laopinionaustral.com.ar,En Caleta Olivia: una vecina requirió la ayuda de bomberos para liberar su vehículo
2026-06-01,2026-W23,provincial,LA OPINIÓN AUSTRAL,Santa Cruz,Patagonia,Santa Cruz,https://www.laopinionaustral.com.ar,Cómo sigue el caso de la madre que atacó a docentes en Caleta Olivia
2026-06-01,2026-W23,provincial,LA OPINIÓN AUSTRAL,Santa Cruz,Patagonia,Santa Cruz,https://www.laopinionaustral.com.ar,Una mujer sufrió lesiones tras un choque entre un taxi y un auto en Caleta Olivia
2026-06-01,2026-W23,provincial,LA OPINIÓN AUSTRAL,Santa Cruz,Patagonia,Santa Cruz,https://www.laopinionaustral.com.ar,Ataque a un joven en Caleta Olivia: el agresor permanece internado y evalúan su estado psiquiátrico
2026-06-01,2026-W23,provincial,LA OPINIÓN AUSTRAL,Santa Cruz,Patagonia,Santa Cruz,https://www.laopinionaustral.com.ar,Temporal en Caleta Olivia: más de 12 horas sin energía y complicaciones en distintos sectores
2026-06-01,2026-W23,provincial,LA OPINIÓN AUSTRAL,Santa Cruz,Patagonia,Santa Cruz,https://www.laopinionaustral.com.ar,Violento episodio en una escuela de Caleta Olivia: denunciaron agresiones contra una vicedirectora
2026-06-01,2026-W23,provincial,LA OPINIÓN AUSTRAL,Santa Cruz,Patagonia,Santa Cruz,https://www.laopinionaustral.com.ar,Cómo está la salud de los niños internados tras la tragedia Perito Moreno
2026-06-01,2026-W23,provincial,NUEVO DÍA,Santa Cruz,Patagonia,Santa Cruz,https://www.eldiarionuevodia.com.ar,"Escuchá ""Arriba el Día"""
2026-06-01,2026-W23,provincial,NUEVO DÍA,Santa Cruz,Patagonia,Santa Cruz,https://www.eldiarionuevodia.com.ar,Endeudamiento de hasta USD 600 millones: los diputados de Santa Cruz lo debatirán y comienza el camino para que sea tratado en el recinto
2026-06-01,2026-W23,provincial,NUEVO DÍA,Santa Cruz,Patagonia,Santa Cruz,https://www.eldiarionuevodia.com.ar,El gobierno de Santa Cruz anuncia inversión de más de $4.196 millones para obras en San Julián
2026-06-01,2026-W23,provincial,NUEVO DÍA,Santa Cruz,Patagonia,Santa Cruz,https://www.eldiarionuevodia.com.ar,"""Estamos muy agradecidos al Gobierno de la Provincia de Santa Cruz por una obra que esperábamos"""
2026-06-01,2026-W23,provincial,NUEVO DÍA,Santa Cruz,Patagonia,Santa Cruz,https://www.eldiarionuevodia.com.ar,El Gobierno advierte sobre intentos de estafa a proveedores del Estado mediante mensajes falsos de WhatsApp
2026-06-01,2026-W23,provincial,NUEVO DÍA,Santa Cruz,Patagonia,Santa Cruz,https://www.eldiarionuevodia.com.ar,ADOSAC le pidió por nota al gobernador frenar descuentos antes de la paritaria
2026-06-01,2026-W23,provincial,NUEVO DÍA,Santa Cruz,Patagonia,Santa Cruz,https://www.eldiarionuevodia.com.ar,"Río Gallegos: dudas por la muerte de un disparo de una mujer policía, una cena con el sospechoso, la causa no avanza hace 5 años, y un embarazo"
2026-06-01,2026-W23,provincial,NUEVO DÍA,Santa Cruz,Patagonia,Santa Cruz,https://www.eldiarionuevodia.com.ar,Viales fueron convocados a paritarias para la semana próxima
2026-06-01,2026-W23,provincial,NUEVO DÍA,Santa Cruz,Patagonia,Santa Cruz,https://www.eldiarionuevodia.com.ar,"Cómo se distribuirán los nuevos medicamentos en Santa Cruz, y la cobertura que asumió la Provincia porque Nación eliminó"
2026-06-01,2026-W23,provincial,NUEVO DÍA,Santa Cruz,Patagonia,Santa Cruz,https://www.eldiarionuevodia.com.ar,La Policía de Santa Cruz intensificó controles y operativos preventivos en localidades de la Zona Norte
2026-06-01,2026-W23,provincial,NUEVO DÍA,Santa Cruz,Patagonia,Santa Cruz,https://www.eldiarionuevodia.com.ar,Cuál será la primera paritaria en Santa Cruz esta semana
2026-06-01,2026-W23,provincial,NUEVO DÍA,Santa Cruz,Patagonia,Santa Cruz,https://www.eldiarionuevodia.com.ar,"Santa Cruz: el grave estado de salud del policía embestido por un auto, qué habrían encontrado en el vehículo y el pedido por cadena de oración"
2026-06-01,2026-W23,provincial,NUEVO DÍA,Santa Cruz,Patagonia,Santa Cruz,https://www.eldiarionuevodia.com.ar,Desbaratan una red de acopio y distribución de droga en Ushuaia
2026-06-01,2026-W23,provincial,NUEVO DÍA,Santa Cruz,Patagonia,Santa Cruz,https://www.eldiarionuevodia.com.ar,Antes de hacer un plazo fijo: compará cuánto paga cada banco
2026-06-01,2026-W23,provincial,NUEVO DÍA,Santa Cruz,Patagonia,Santa Cruz,https://www.eldiarionuevodia.com.ar,"La actividad económica se estancó en abril, según informes de consultoras privadas"
2026-06-01,2026-W23,provincial,NUEVO DÍA,Santa Cruz,Patagonia,Santa Cruz,https://www.eldiarionuevodia.com.ar,Las críticas de la Iglesia al Gobierno y el complejo vínculo ante la potencial visita del Papa
2026-06-01,2026-W23,provincial,NUEVO DÍA,Santa Cruz,Patagonia,Santa Cruz,https://www.eldiarionuevodia.com.ar,Invierno 2026: supermercados lanzan ofertas y cuotas en calefacción
2026-06-01,2026-W23,provincial,NUEVO DÍA,Santa Cruz,Patagonia,Santa Cruz,https://www.eldiarionuevodia.com.ar,El crimen de Agostina Vega suma presión política: impulsan un jury contra dos fiscales
2026-06-01,2026-W23,provincial,NUEVO DÍA,Santa Cruz,Patagonia,Santa Cruz,https://www.eldiarionuevodia.com.ar,Caso Agostina: quién es la dueña del Ford Ka y por qué podría ser imputada por encubrimiento
2026-06-01,2026-W23,provincial,NUEVO DÍA,Santa Cruz,Patagonia,Santa Cruz,https://www.eldiarionuevodia.com.ar,"Santa Cruz: una camioneta chocó varios vehículos estacionados, fue grabado y denuncian que era conducida por un menor"
2026-06-01,2026-W23,provincial,NUEVO DÍA,Santa Cruz,Patagonia,Santa Cruz,https://www.eldiarionuevodia.com.ar,"Violenta pelea en Río Gallegos, un arma de fuego y un hombre hospitalizado"
2026-06-01,2026-W23,provincial,NUEVO DÍA,Santa Cruz,Patagonia,Santa Cruz,https://www.eldiarionuevodia.com.ar,"Río Gallegos: con un arma, asaltaron y golpearon a un adolescente en la madrugada"
2026-06-01,2026-W23,provincial,NUEVO DÍA,Santa Cruz,Patagonia,Santa Cruz,https://www.eldiarionuevodia.com.ar,Conocé cómo estará el clima esta semana en Santa Cruz
2026-06-01,2026-W23,provincial,NUEVO DÍA,Santa Cruz,Patagonia,Santa Cruz,https://www.eldiarionuevodia.com.ar,Hispano Americano ganó el clásico ante Boxing Club en la final del Apertura y se coronó en Cuarta División
2026-06-01,2026-W23,provincial,NUEVO DÍA,Santa Cruz,Patagonia,Santa Cruz,https://www.eldiarionuevodia.com.ar,Aguinaldo 2026: cuándo se cobra y cómo calcularlo
2026-06-01,2026-W23,provincial,NUEVO DÍA,Santa Cruz,Patagonia,Santa Cruz,https://www.eldiarionuevodia.com.ar,"ADOSAC irá a paritaria sin paro, pero advierte por descuentos"
2026-06-01,2026-W23,provincial,NUEVO DÍA,Santa Cruz,Patagonia,Santa Cruz,https://www.eldiarionuevodia.com.ar,"Bancruz dio vuelta el partido contra Newells de El Calafate, goleó y es el representante de la Liga de Fútbol Sur en el clasificatorio"
2026-06-01,2026-W23,provincial,NUEVO DÍA,Santa Cruz,Patagonia,Santa Cruz,https://www.eldiarionuevodia.com.ar,"Viva Barrio se desarrolló en barrio Evita con la presencia del DeporBingo, la nueva propuesta de Lotería de Santa Cruz"
2026-06-01,2026-W23,provincial,NUEVO DÍA,Santa Cruz,Patagonia,Santa Cruz,https://www.eldiarionuevodia.com.ar,Balearon en la cara a un joven de 19 años
2026-06-01,2026-W23,provincial,NUEVO DÍA,Santa Cruz,Patagonia,Santa Cruz,https://www.eldiarionuevodia.com.ar,Conocé como se presentará el clima en el inicio de junio en Río Gallegos
2026-06-01,2026-W23,provincial,NUEVO DÍA,Santa Cruz,Patagonia,Santa Cruz,https://www.eldiarionuevodia.com.ar,"Sol Despeinada en Río Gallegos: ""El movimiento feminista no nació de la comodidad, nació para incomodar"""
2026-06-01,2026-W23,provincial,NUEVO DÍA,Santa Cruz,Patagonia,Santa Cruz,https://www.eldiarionuevodia.com.ar,"Ambiente Sur y Municipio destacan que la nueva Reserva Natural Urbana ""El Cañadón"" ayudará a mitigar inundaciones en Río Gallegos"
2026-06-01,2026-W23,provincial,NUEVO DÍA,Santa Cruz,Patagonia,Santa Cruz,https://www.eldiarionuevodia.com.ar,"Vidal sobre acuerdos petroleros: ""Muchos de los trabajadores que hoy están a la espera de una oportunidad podrán recuperar sus puestos de trabajo"""
2026-06-01,2026-W23,provincial,NUEVO DÍA,Santa Cruz,Patagonia,Santa Cruz,https://www.eldiarionuevodia.com.ar,Río Gallegos: Consejo Municipal del Deporte llevó a cabo un taller de primeros auxilios
2026-06-01,2026-W23,provincial,NUEVO DÍA,Santa Cruz,Patagonia,Santa Cruz,https://www.eldiarionuevodia.com.ar,"Realizaron una nueva jornada de ""Juegos en Comunidad"" con actividades deportivas gratuitas en Río Gallegos"
2026-06-01,2026-W23,provincial,NUEVO DÍA,Santa Cruz,Patagonia,Santa Cruz,https://www.eldiarionuevodia.com.ar,Vialidad Provincial lleva adelante el mantenimiento del equipo destinado al desarrollo del Plan Invernal 2026
2026-06-01,2026-W23,provincial,NUEVO DÍA,Santa Cruz,Patagonia,Santa Cruz,https://www.eldiarionuevodia.com.ar,Un llamado al cambio: La Liga de Fútbol Sur ante su propia historia
2026-06-01,2026-W23,provincial,NUEVO DÍA,Santa Cruz,Patagonia,Santa Cruz,https://www.eldiarionuevodia.com.ar,Vialidad realizó riego de líquido antihielo sobre la Ruta Nacional N° 40
2026-06-01,2026-W23,provincial,NUEVO DÍA,Santa Cruz,Patagonia,Santa Cruz,https://www.eldiarionuevodia.com.ar,"Simularon comprar un anillo por Marketplace, entraron a la vivienda y escaparon tras amenazar a una familia con un arma"
2026-06-01,2026-W23,provincial,NUEVO DÍA,Santa Cruz,Patagonia,Santa Cruz,https://www.eldiarionuevodia.com.ar,Conducía con más de cuatro veces el límite permitido y terminó chocando contra un poste de alumbrado
2026-06-01,2026-W23,provincial,NUEVO DÍA,Santa Cruz,Patagonia,Santa Cruz,https://www.eldiarionuevodia.com.ar,Cinco aplicaciones de tu celular que espían tu vida y venden tus datos sin que lo sepas
2026-06-01,2026-W23,provincial,NUEVO DÍA,Santa Cruz,Patagonia,Santa Cruz,https://www.eldiarionuevodia.com.ar,¿Cuánto cuesta Starlink en Argentina y qué incluye el kit?
2026-06-01,2026-W23,provincial,NUEVO DÍA,Santa Cruz,Patagonia,Santa Cruz,https://www.eldiarionuevodia.com.ar,"Motorola ""sale a la cancha"" en Argentina con su colección oficial de la FIFA World Cup 26: cuánto cuesta"
2026-06-01,2026-W23,provincial,NUEVO DÍA,Santa Cruz,Patagonia,Santa Cruz,https://www.eldiarionuevodia.com.ar,¿Borrar Ualá elimina tu deuda?: lo que nadie explica
2026-06-01,2026-W23,provincial,NUEVO DÍA,Santa Cruz,Patagonia,Santa Cruz,https://www.eldiarionuevodia.com.ar,Pasa a retiro uno de los iPhone emblemáticos de Apple: qué deben hacer los usuarios
2026-06-01,2026-W23,provincial,NUEVO DÍA,Santa Cruz,Patagonia,Santa Cruz,https://www.eldiarionuevodia.com.ar,La regla del 20-80: el truco que repara la batería del celular y casi nadie usa
2026-06-01,2026-W23,provincial,NUEVO DÍA,Santa Cruz,Patagonia,Santa Cruz,https://www.eldiarionuevodia.com.ar,¿La carga inalámbrica arruina la batería del celular?: qué dicen los expertos
2026-06-01,2026-W23,provincial,NUEVO DÍA,Santa Cruz,Patagonia,Santa Cruz,https://www.eldiarionuevodia.com.ar,Bielsa presentó la lista de la selección de Uruguay para el Mundial
2026-06-01,2026-W23,provincial,NUEVO DÍA,Santa Cruz,Patagonia,Santa Cruz,https://www.eldiarionuevodia.com.ar,Colombia elige nuevo presidente en elecciones
2026-06-01,2026-W23,provincial,NUEVO DÍA,Santa Cruz,Patagonia,Santa Cruz,https://www.eldiarionuevodia.com.ar,Colombia presentó su lista de convocados para el Mundial 2026
2026-06-01,2026-W23,provincial,TIEMPO SUR,Santa Cruz,Patagonia,Santa Cruz,https://www.tiemposur.com.ar,Ingresó al Frente Sindical APEL rechazó persecución del vicegobernador y exige paritarias
2026-06-01,2026-W23,provincial,TIEMPO SUR,Santa Cruz,Patagonia,Santa Cruz,https://www.tiemposur.com.ar,Provincia Gardonio valoró el fuerte plan de obras para San Julián
2026-06-01,2026-W23,provincial,TIEMPO SUR,Santa Cruz,Patagonia,Santa Cruz,https://www.tiemposur.com.ar,Inversión Claudio Vidal reactivó obras de agua y cloacas en San Julián
2026-06-01,2026-W23,provincial,TIEMPO SUR,Santa Cruz,Patagonia,Santa Cruz,https://www.tiemposur.com.ar,"A 11 años de la primera movilización Convocan al ""Ni Una Menos"" el 3J"
2026-06-01,2026-W23,provincial,TIEMPO SUR,Santa Cruz,Patagonia,Santa Cruz,https://www.tiemposur.com.ar,Acuerdo paritario en la Cuenca Carbonífera Municipales de Río Turbio aceptaron suba del 17%
2026-06-01,2026-W23,provincial,TIEMPO SUR,Santa Cruz,Patagonia,Santa Cruz,https://www.tiemposur.com.ar,Política Para Grasso: la Ley Electoral “será pensada para quien gobierna la provincia”
2026-06-01,2026-W23,provincial,TIEMPO SUR,Santa Cruz,Patagonia,Santa Cruz,https://www.tiemposur.com.ar,Reactivación petrolera Jaime Álvarez: “Esto tiene que redundar en mayor producción y trabajo”
2026-06-01,2026-W23,provincial,TIEMPO SUR,Santa Cruz,Patagonia,Santa Cruz,https://www.tiemposur.com.ar,Este lunes Vialidad Provincial puso en marcha el Plan Invernal 2026
2026-06-01,2026-W23,provincial,TIEMPO SUR,Santa Cruz,Patagonia,Santa Cruz,https://www.tiemposur.com.ar,En Tiempo FM Nadia Ricci defendió el endeudamiento: “Es todo beneficioso”
2026-06-01,2026-W23,provincial,TIEMPO SUR,Santa Cruz,Patagonia,Santa Cruz,https://www.tiemposur.com.ar,Juicio ARA San Juan Marfort: “El INTERCOM debió ser de 18 o 24 horas”
2026-06-01,2026-W23,provincial,TIEMPO SUR,Santa Cruz,Patagonia,Santa Cruz,https://www.tiemposur.com.ar,Ni Una Menos - 3J Gabriela Ance: “La violencia hacia las mujeres se viene profundizando”
2026-06-01,2026-W23,provincial,TIEMPO SUR,Santa Cruz,Patagonia,Santa Cruz,https://www.tiemposur.com.ar,Ahorro de más de 12 mil millones Llegaron más medicamentos para los hospitales santacruceños
2026-06-01,2026-W23,provincial,TIEMPO SUR,Santa Cruz,Patagonia,Santa Cruz,https://www.tiemposur.com.ar,"Deuda en dólares Pedro Muñoz: “Para mí, el proyecto está incompleto”"
2026-06-01,2026-W23,provincial,TIEMPO SUR,Santa Cruz,Patagonia,Santa Cruz,https://www.tiemposur.com.ar,RNU El Cañadón German Montero: “Esta zona no podrá ser urbanizada”
2026-06-01,2026-W23,provincial,TIEMPO SUR,Santa Cruz,Patagonia,Santa Cruz,https://www.tiemposur.com.ar,Representación gremial SADOP también critica la inclusión de UDA a la paritaria docente
2026-06-01,2026-W23,provincial,TIEMPO SUR,Santa Cruz,Patagonia,Santa Cruz,https://www.tiemposur.com.ar,Deuda en dólares Romanelli cuestionó la falta de proyectos y estudios de impacto ambiental
2026-06-01,2026-W23,provincial,TIEMPO SUR,Santa Cruz,Patagonia,Santa Cruz,https://www.tiemposur.com.ar,Feriantes Martha Méndez: “Cada vez más gente sale a vender lo poco que tiene”
2026-06-01,2026-W23,provincial,TIEMPO SUR,Santa Cruz,Patagonia,Santa Cruz,https://www.tiemposur.com.ar,ADOSAC Adriana Astolfo: “La conciliación obligatoria debería caer”
2026-06-01,2026-W23,provincial,TIEMPO SUR,Santa Cruz,Patagonia,Santa Cruz,https://www.tiemposur.com.ar,"Memes Tim Payne, el fenómeno viral que conquistó las redes a días del Mundial"
2026-06-01,2026-W23,provincial,TIEMPO SUR,Santa Cruz,Patagonia,Santa Cruz,https://www.tiemposur.com.ar,Lagunas La Municipalidad evalúa habilitar espacios para patinar
2026-06-01,2026-W23,provincial,TIEMPO SUR,Santa Cruz,Patagonia,Santa Cruz,https://www.tiemposur.com.ar,Boletín Oficial Gobierno posterga al 1 de julio la aplicación plena de impuestos a los combustibles
2026-06-01,2026-W23,provincial,TIEMPO SUR,Santa Cruz,Patagonia,Santa Cruz,https://www.tiemposur.com.ar,Reforma laboral Qué es el Fondo de Asistencia Laboral que rige desde hoy para las indemnizaciones
2026-06-01,2026-W23,provincial,TIEMPO SUR,Santa Cruz,Patagonia,Santa Cruz,https://www.tiemposur.com.ar,Acuerdos hidrocarburíferos Vidal: “Muchos trabajadores podrán recuperar sus puestos”
2026-06-01,2026-W23,provincial,TIEMPO SUR,Santa Cruz,Patagonia,Santa Cruz,https://www.tiemposur.com.ar,“Estamos Remanija” Se termina la exitosa Campaña de Multimedio Tiempo
2026-06-01,2026-W23,provincial,TIEMPO SUR,Santa Cruz,Patagonia,Santa Cruz,https://www.tiemposur.com.ar,Fútbol Bancruz goleó y sigue soñando con jugar este año el Regional Federal Amateur
2026-06-01,2026-W23,provincial,TIEMPO SUR,Santa Cruz,Patagonia,Santa Cruz,https://www.tiemposur.com.ar,Salud y concientización Destacan la importancia de la donación de órganos durante el izamiento dominical
2026-06-01,2026-W23,provincial,TIEMPO SUR,Santa Cruz,Patagonia,Santa Cruz,https://www.tiemposur.com.ar,Homenaje a Echeverría Baleta Santa Cruz tendrá su Día del Historiador e Investigador
2026-06-01,2026-W23,provincial,TIEMPO SUR,Santa Cruz,Patagonia,Santa Cruz,https://www.tiemposur.com.ar,"Viva Barrio Jornada de integración comunitaria con trámites, salud y economía social"
2026-06-01,2026-W23,provincial,TIEMPO SUR,Santa Cruz,Patagonia,Santa Cruz,https://www.tiemposur.com.ar,Arbolado público Río Gallegos habilitó el nuevo Registro de Podadores Urbanos
2026-06-01,2026-W23,provincial,TIEMPO SUR,Santa Cruz,Patagonia,Santa Cruz,https://www.tiemposur.com.ar,A 11 años de Ni Una Menos Advierten sobre un retroceso en las políticas de género
2026-06-01,2026-W23,provincial,TIEMPO SUR,Santa Cruz,Patagonia,Santa Cruz,https://www.tiemposur.com.ar,Solidaridad Lanzan campaña de abrigo para niños y niñas en Río Gallegos
2026-06-01,2026-W23,provincial,TIEMPO SUR,Santa Cruz,Patagonia,Santa Cruz,https://www.tiemposur.com.ar,Planificación urbana en la ciudad El Municipio definirá el destino de los inmuebles de YPF
2026-06-01,2026-W23,provincial,TIEMPO SUR,Santa Cruz,Patagonia,Santa Cruz,https://www.tiemposur.com.ar,Formación profesional Chubut suma 25 nuevos residentes
2026-06-01,2026-W23,provincial,TIEMPO SUR,Santa Cruz,Patagonia,Santa Cruz,https://www.tiemposur.com.ar,Hito institucional en la Patagonia Tierra del Fuego celebra 35 años como provincia
2026-06-01,2026-W23,provincial,TIEMPO SUR,Santa Cruz,Patagonia,Santa Cruz,https://www.tiemposur.com.ar,Permite publicidad Senado: el nuevo proyecto contra la ludopatía limita el acceso de menores
2026-06-01,2026-W23,provincial,TIEMPO SUR,Santa Cruz,Patagonia,Santa Cruz,https://www.tiemposur.com.ar,25 de Mayo Javier Milei asiste al Tedeum y ensaya una foto de unidad
2026-06-01,2026-W23,provincial,TIEMPO SUR,Santa Cruz,Patagonia,Santa Cruz,https://www.tiemposur.com.ar,"Día patrio ¿Por qué es feriado hoy, 25 de Mayo?"
2026-06-01,2026-W23,provincial,TIEMPO SUR,Santa Cruz,Patagonia,Santa Cruz,https://www.tiemposur.com.ar,Cuenca Carbonífera Más de 25 personas participaron del Curso Básico de Combatiente de Incendios
2026-06-01,2026-W23,provincial,TIEMPO SUR,Santa Cruz,Patagonia,Santa Cruz,https://www.tiemposur.com.ar,Día de la Revolución de Mayo Con un mensaje sobre la crisis social se realizó el Tedeum por el 25 de Mayo en la Catedral
2026-06-01,2026-W23,provincial,TIEMPO SUR,Santa Cruz,Patagonia,Santa Cruz,https://www.tiemposur.com.ar,Cámara de Diputados Godoy advierte sobre los riesgos del endeudamiento en dólares y cuestiona los anuncios para YCRT
2026-06-01,2026-W23,provincial,TIEMPO SUR,Santa Cruz,Patagonia,Santa Cruz,https://www.tiemposur.com.ar,Salud Mirta Castro advirtió sobre el consumo de tabaco y vapeadores en jóvenes
2026-06-01,2026-W23,provincial,TIEMPO SUR,Santa Cruz,Patagonia,Santa Cruz,https://www.tiemposur.com.ar,Chubut Torres impulsa un régimen de incentivos para que más PyMEs inviertan
2026-06-01,2026-W23,provincial,TIEMPO SUR,Santa Cruz,Patagonia,Santa Cruz,https://www.tiemposur.com.ar,"Viva Barrio Somos Comunidad Elmiger: “Siempre que el Estado salga de la oficina y llegue al territorio, el balance es positivo”"
2026-06-01,2026-W23,provincial,TIEMPO SUR,Santa Cruz,Patagonia,Santa Cruz,https://www.tiemposur.com.ar,Alarma en el sector petrolero Perez pidió respaldar a los trabajadores fueguinos
2026-06-01,2026-W23,provincial,TIEMPO SUR,Santa Cruz,Patagonia,Santa Cruz,https://www.tiemposur.com.ar,CAME La reforma tributaria que Argentina necesita no es la que pide el FMI
2026-06-01,2026-W23,provincial,TIEMPO SUR,Santa Cruz,Patagonia,Santa Cruz,https://www.tiemposur.com.ar,Siniestro vial en la Ruta 12 Crítico estado del policía atropellado
2026-06-01,2026-W23,provincial,TIEMPO SUR,Santa Cruz,Patagonia,Santa Cruz,https://www.tiemposur.com.ar,Córdoba Caso Agostina Vega: se esperan los resultados preliminares de la autopsia
2026-06-01,2026-W23,provincial,TIEMPO SUR,Santa Cruz,Patagonia,Santa Cruz,https://www.tiemposur.com.ar,La encontraron Aprovechó la protesta por el caso Agostina para pedir ayuda por su hija desaparecida
2026-06-01,2026-W23,provincial,TIEMPO SUR,Santa Cruz,Patagonia,Santa Cruz,https://www.tiemposur.com.ar,Tragedia en la ruta 12 El Subcomisario Trujillo se encuentra en estado crítico
2026-06-01,2026-W23,provincial,TIEMPO SUR,Santa Cruz,Patagonia,Santa Cruz,https://www.tiemposur.com.ar,Femicidio Los abuelos de Agostina Vega se reunieron con Llaryora
2026-06-01,2026-W23,provincial,EL SUREÑO,Tierra del Fuego,Patagonia,Río Grande,https://www.surenio.com.ar,Diario El Sureño
2026-06-01,2026-W23,provincial,EL SUREÑO,Tierra del Fuego,Patagonia,Río Grande,https://www.surenio.com.ar,¿Qué son las langostillas que aparecieron varadas en las costas de Ushuaia?
2026-06-01,2026-W23,provincial,EL SUREÑO,Tierra del Fuego,Patagonia,Río Grande,https://www.surenio.com.ar,El nacimiento de un Poder Judicial propio
2026-06-01,2026-W23,provincial,EL SUREÑO,Tierra del Fuego,Patagonia,Río Grande,https://www.surenio.com.ar,Estabillo evocó anécdotas de los años que dieron origen a la provincia
2026-06-01,2026-W23,provincial,EL SUREÑO,Tierra del Fuego,Patagonia,Río Grande,https://www.surenio.com.ar,El grito que quedó escrito para siempre en el Diario de Sesiones
2026-06-01,2026-W23,provincial,EL SUREÑO,Tierra del Fuego,Patagonia,Río Grande,https://www.surenio.com.ar,1º de junio de 1991: El nacimiento de una provincia autónoma
2026-06-01,2026-W23,provincial,EL SUREÑO,Tierra del Fuego,Patagonia,Río Grande,https://www.surenio.com.ar,Despistó un vehículo: el conductor estaba alcoholizado
2026-06-01,2026-W23,provincial,EL SUREÑO,Tierra del Fuego,Patagonia,Río Grande,https://www.surenio.com.ar,Incendio afectó una vivienda en la Margen Sur
2026-06-01,2026-W23,provincial,EL SUREÑO,Tierra del Fuego,Patagonia,Río Grande,https://www.surenio.com.ar,Martín Perez pidió resguardar el empleo petrolero
2026-06-01,2026-W23,provincial,EL SUREÑO,Tierra del Fuego,Patagonia,Río Grande,https://www.surenio.com.ar,"Falleció Alejandro Baimacovich, un histórico del MPF"
2026-06-01,2026-W23,provincial,EL SUREÑO,Tierra del Fuego,Patagonia,Río Grande,https://www.surenio.com.ar,AGENDA CULTURAL
2026-06-01,2026-W23,provincial,EL SUREÑO,Tierra del Fuego,Patagonia,Río Grande,https://www.surenio.com.ar,INTERNACIONALES
2026-06-01,2026-W23,provincial,EL SUREÑO,Tierra del Fuego,Patagonia,Río Grande,https://www.surenio.com.ar,"Las chicas juegan desde las 11:00, en la Margen Sur"
2026-06-01,2026-W23,provincial,EL SUREÑO,Tierra del Fuego,Patagonia,Río Grande,https://www.surenio.com.ar,AEP Azul venció en set corridos a Academia TdF Vóley
2026-06-01,2026-W23,provincial,EL SUREÑO,Tierra del Fuego,Patagonia,Río Grande,https://www.surenio.com.ar,El Apertura de la AVRG sigue en el Polivalente
2026-06-01,2026-W23,provincial,EL SUREÑO,Tierra del Fuego,Patagonia,Río Grande,https://www.surenio.com.ar,Actividad variada en el Arquitecto Petrina de Ushuaia
2026-06-01,2026-W23,provincial,EL SUREÑO,Tierra del Fuego,Patagonia,Río Grande,https://www.surenio.com.ar,Malvinas: el documento que da un vuelco al reclamo de soberanía
2026-06-01,2026-W23,provincial,EL SUREÑO,Tierra del Fuego,Patagonia,Río Grande,https://www.surenio.com.ar,Malvinas: Vocero kelper a la reunión de la ONU
2026-06-01,2026-W23,provincial,EL SUREÑO,Tierra del Fuego,Patagonia,Río Grande,https://www.surenio.com.ar,"Aumentan las jubilaciones, pensiones y asignaciones"
2026-06-01,2026-W23,provincial,EL SUREÑO,Tierra del Fuego,Patagonia,Río Grande,https://www.surenio.com.ar,Gobernadores desde el nacimiento hasta la actualidad
2026-06-01,2026-W23,provincial,EL SUREÑO,Tierra del Fuego,Patagonia,Río Grande,https://www.surenio.com.ar,1º de junio de 1991: El nacimiento de los municipios
2026-06-01,2026-W23,provincial,EL SUREÑO,Tierra del Fuego,Patagonia,Río Grande,https://www.surenio.com.ar,La Legislatura destacó a convencionales en el 2022
2026-06-01,2026-W23,provincial,EL SUREÑO,Tierra del Fuego,Patagonia,Río Grande,https://www.surenio.com.ar,El nacimiento de la Legislatura fueguina
2026-06-01,2026-W23,provincial,EL SUREÑO,Tierra del Fuego,Patagonia,Río Grande,https://www.surenio.com.ar,Jóvenes protagonistas en las Olimpíadas Estudiantiles 2026
2026-06-01,2026-W23,provincial,EL SUREÑO,Tierra del Fuego,Patagonia,Río Grande,https://www.surenio.com.ar,La UNTDF abre inscripciones ingreso 2026 – 2º cuatrimestre
2026-06-01,2026-W23,provincial,EL SUREÑO,Tierra del Fuego,Patagonia,Río Grande,https://www.surenio.com.ar,Renovación de la red de gas del Colegio Ernesto Sábato de Ushuaia
2026-06-01,2026-W23,provincial,EL SUREÑO,Tierra del Fuego,Patagonia,Río Grande,https://www.surenio.com.ar,Hoy es el Día de los Jardines de Infantes y de la Maestra Jardinera
2026-06-01,2026-W23,provincial,EL SUREÑO,Tierra del Fuego,Patagonia,Río Grande,https://www.surenio.com.ar,Vacaciones de invierno 2026 confirmadas: fechas oficiales
2026-06-01,2026-W23,provincial,EL SUREÑO,Tierra del Fuego,Patagonia,Río Grande,https://www.surenio.com.ar,El Laboratorio Municipal fortalece su presencia en los barrios
2026-06-01,2026-W23,provincial,EL SUREÑO,Tierra del Fuego,Patagonia,Río Grande,https://www.surenio.com.ar,Campaña de vitamina D en hospitales y Centros de Salud
2026-06-01,2026-W23,provincial,EL SUREÑO,Tierra del Fuego,Patagonia,Río Grande,https://www.surenio.com.ar,Cronograma de atención en los CAPS este fin de semana largo
2026-06-01,2026-W23,provincial,EL SUREÑO,Tierra del Fuego,Patagonia,Río Grande,https://www.surenio.com.ar,El Municipio y el CEMEP efectuaron una jornada sobre parto respetado
2026-06-01,2026-W23,provincial,EL SUREÑO,Tierra del Fuego,Patagonia,Río Grande,https://www.surenio.com.ar,OSEF firmó un nuevo convenio con APROSS
2026-06-01,2026-W23,provincial,EL SUREÑO,Tierra del Fuego,Patagonia,Río Grande,https://www.surenio.com.ar,SUTEF: rechazo a la propuesta de Gobierno y paro de 48 horas
2026-06-01,2026-W23,provincial,EL SUREÑO,Tierra del Fuego,Patagonia,Río Grande,https://www.surenio.com.ar,Sosa comunicó el inicio de acciones gremiales contra Velitec y Terra Ignis
2026-06-01,2026-W23,provincial,EL SUREÑO,Tierra del Fuego,Patagonia,Río Grande,https://www.surenio.com.ar,Exhibición de arte “Retratos de una escuela”
2026-06-01,2026-W23,provincial,EL SUREÑO,Tierra del Fuego,Patagonia,Río Grande,https://www.surenio.com.ar,"FIC.UBA 2026, un compromiso con el cine"
2026-06-01,2026-W23,provincial,EL SUREÑO,Tierra del Fuego,Patagonia,Río Grande,https://www.surenio.com.ar,Llega a Buenos Aires el primer Mundial de la Yerba Mate
2026-06-01,2026-W23,provincial,EL SUREÑO,Tierra del Fuego,Patagonia,Río Grande,https://www.surenio.com.ar,Fin de semana con diferentes actividades en Río Grande
2026-06-01,2026-W23,provincial,EL SUREÑO,Tierra del Fuego,Patagonia,Río Grande,https://www.surenio.com.ar,"“Irse, quedarse, volver”, un cortometraje documental bien nuestro"
2026-06-01,2026-W23,provincial,EL SUREÑO,Tierra del Fuego,Patagonia,Río Grande,https://www.surenio.com.ar,"“Cielo en Movimiento”, una experiencia nocturna de astroturismo"
2026-06-01,2026-W23,provincial,EL SUREÑO,Tierra del Fuego,Patagonia,Río Grande,https://www.surenio.com.ar,Nuevos aumentos en las entradas a los parques nacionales
2026-06-01,2026-W23,provincial,EL SUREÑO,Tierra del Fuego,Patagonia,Río Grande,https://www.surenio.com.ar,Más de 70 personas se capacitan en gastronomía y hotelería en Tolhuin
2026-06-01,2026-W23,provincial,EL SUREÑO,Tierra del Fuego,Patagonia,Río Grande,https://www.surenio.com.ar,Vacaciones de invierno: cambios para una de las fronteras argentinas
2026-06-01,2026-W23,provincial,EL SUREÑO,Tierra del Fuego,Patagonia,Río Grande,https://www.surenio.com.ar,Comenzarán a cobrar el ingreso a Europa: Cuándo sería y cuánto costará
2026-06-01,2026-W23,provincial,EL SUREÑO,Tierra del Fuego,Patagonia,Río Grande,https://www.surenio.com.ar,Tristeza en el mundo del espectáculo: murió actriz y vedette que trabajó con Tato Bores y Mirtha Legrand
2026-06-01,2026-W23,provincial,EL SUREÑO,Tierra del Fuego,Patagonia,Río Grande,https://www.surenio.com.ar,Los Premios Gardel serán conducidos por Diego Leuco y contarán con público general por primera vez
2026-06-01,2026-W23,provincial,EL SUREÑO,Tierra del Fuego,Patagonia,Río Grande,https://www.surenio.com.ar,Robots humanoides chinos desplegados en líneas de montaje para tareas de precisión
2026-06-01,2026-W23,provincial,EL SUREÑO,Tierra del Fuego,Patagonia,Río Grande,https://www.surenio.com.ar,"Una investigación del The New York Times reveló la verdadera identidad de Satoshi Nakamoto, el creador de Bitcoin"
2026-06-01,2026-W23,provincial,EL SUREÑO,Tierra del Fuego,Patagonia,Río Grande,https://www.surenio.com.ar,"Shakira, Madonna y BTS serán el show de medio tiempo de la final del Mundial 2026"
2026-06-01,2026-W23,provincial,RED 23 NOTICIAS,Tierra del Fuego,Patagonia,Río Grande,https://www.red23noticias.com.ar,Desconfianza: la imagen del gobierno de Milei sigue deteriorándose
2026-06-01,2026-W23,provincial,RED 23 NOTICIAS,Tierra del Fuego,Patagonia,Río Grande,https://www.red23noticias.com.ar,Alertan que la proliferación de viajes exclusivos desvirtúa el Tratado Antártico
2026-06-01,2026-W23,provincial,RED 23 NOTICIAS,Tierra del Fuego,Patagonia,Río Grande,https://www.red23noticias.com.ar,Góndolas fueguinas registraron la desaceleración inflacionaria más marcada en lo que va del año
2026-06-01,2026-W23,provincial,RED 23 NOTICIAS,Tierra del Fuego,Patagonia,Río Grande,https://www.red23noticias.com.ar,Tierra del Fuego tuvo un fin de semana largo por debajo de las expectativas
2026-06-01,2026-W23,provincial,RED 23 NOTICIAS,Tierra del Fuego,Patagonia,Río Grande,https://www.red23noticias.com.ar,Licencias de conducir: continúan las capacitaciones presenciales obligatorias para nuevos conductores
2026-06-01,2026-W23,provincial,RED 23 NOTICIAS,Tierra del Fuego,Patagonia,Río Grande,https://www.red23noticias.com.ar,La UOM convoca a una manifestación en rechazo a la intervención nacional del gremio
2026-06-01,2026-W23,provincial,RED 23 NOTICIAS,Tierra del Fuego,Patagonia,Río Grande,https://www.red23noticias.com.ar,García Cuerva pidió frenar la polarización frente a Milei y habló de una Argentina “desmembrada”
2026-06-01,2026-W23,provincial,RED 23 NOTICIAS,Tierra del Fuego,Patagonia,Río Grande,https://www.red23noticias.com.ar,"Chofer de Uber denunció agresión, daños y robo tras un viaje que terminó en una pelea"
2026-06-01,2026-W23,provincial,RED 23 NOTICIAS,Tierra del Fuego,Patagonia,Río Grande,https://www.red23noticias.com.ar,Se desploma el consumo en supermercados y Tierra del Fuego siente el impacto de la crisis
2026-06-01,2026-W23,provincial,RED 23 NOTICIAS,Tierra del Fuego,Patagonia,Río Grande,https://www.red23noticias.com.ar,Centro Papa Francisco: Río Grande suma conectividad para las personas mayores
2026-06-01,2026-W23,provincial,RED 23 NOTICIAS,Tierra del Fuego,Patagonia,Río Grande,https://www.red23noticias.com.ar,"En 2027, la gente votará con el bolsillo"
2026-06-01,2026-W23,provincial,RED 23 NOTICIAS,Tierra del Fuego,Patagonia,Río Grande,https://www.red23noticias.com.ar,La investigación por enriquecimiento ilícito cerca cada vez más a Adorni
2026-06-01,2026-W23,provincial,RED 23 NOTICIAS,Tierra del Fuego,Patagonia,Río Grande,https://www.red23noticias.com.ar,Una pregunta sobre su actividad legislativa incomodó al diputado Agustín Tita
2026-06-01,2026-W23,provincial,RED 23 NOTICIAS,Tierra del Fuego,Patagonia,Río Grande,https://www.red23noticias.com.ar,La crisis petrolera pone en riesgo la producción de gas en Tierra del Fuego
2026-06-01,2026-W23,provincial,RED 23 NOTICIAS,Tierra del Fuego,Patagonia,Río Grande,https://www.red23noticias.com.ar,ATE salió en defensa de Carlos Córdoba y calificó de “injusta” la condena
2026-06-01,2026-W23,provincial,RED 23 NOTICIAS,Tierra del Fuego,Patagonia,Río Grande,https://www.red23noticias.com.ar,Argentina esta en su sede: comenzó la defensa del título y el sueño de la cuarta
2026-06-01,2026-W23,provincial,RED 23 NOTICIAS,Tierra del Fuego,Patagonia,Río Grande,https://www.red23noticias.com.ar,"A 19 años de su creación, el Comedor María sigue asistiendo a familias vulnerables"
2026-06-01,2026-W23,provincial,RED 23 NOTICIAS,Tierra del Fuego,Patagonia,Río Grande,https://www.red23noticias.com.ar,Qué debe saber un argentino para viajar al Mundial 2026
2026-06-01,2026-W23,provincial,RED 23 NOTICIAS,Tierra del Fuego,Patagonia,Río Grande,https://www.red23noticias.com.ar,Ford Ka quedó destruido por un incendio en plena avenida San Martín
2026-06-01,2026-W23,provincial,RED 23 NOTICIAS,Tierra del Fuego,Patagonia,Río Grande,https://www.red23noticias.com.ar,Empleos en riesgo y máxima alerta: Perez pidío respaldar a los trabajadores fueguinos
2026-06-01,2026-W23,provincial,RED 23 NOTICIAS,Tierra del Fuego,Patagonia,Río Grande,https://www.red23noticias.com.ar,Un estudio destacó el aporte de las organizaciones civiles en la lucha contra el suicidio
2026-06-01,2026-W23,provincial,RED 23 NOTICIAS,Tierra del Fuego,Patagonia,Río Grande,https://www.red23noticias.com.ar,Detuvieron a Carlos Córdoba tras ser condenado por las estafas de las 128 viviendas
2026-06-01,2026-W23,provincial,RED 23 NOTICIAS,Tierra del Fuego,Patagonia,Río Grande,https://www.red23noticias.com.ar,OSEF: del millonario convenio con SANOS al regreso de APROSS en apenas seis meses
2026-06-01,2026-W23,provincial,RED 23 NOTICIAS,Tierra del Fuego,Patagonia,Río Grande,https://www.red23noticias.com.ar,Marcado retroceso del empleo en las fábricas de Tierra del Fuego
2026-06-01,2026-W23,provincial,RED 23 NOTICIAS,Tierra del Fuego,Patagonia,Río Grande,https://www.red23noticias.com.ar,Fue detenido: un hombre golpeó con una madera a un niño de 7 años
2026-06-01,2026-W23,provincial,RED 23 NOTICIAS,Tierra del Fuego,Patagonia,Río Grande,https://www.red23noticias.com.ar,Scaloni apuesta a la vieja guardia y nuevas joyas: Argentina confirmó la lista
2026-06-01,2026-W23,provincial,RED 23 NOTICIAS,Tierra del Fuego,Patagonia,Río Grande,https://www.red23noticias.com.ar,"Tierra del Fuego lidera el ranking de empleo público, pero sigue arrastrando problemas de gestión"
2026-06-01,2026-W23,provincial,RED 23 NOTICIAS,Tierra del Fuego,Patagonia,Río Grande,https://www.red23noticias.com.ar,El Ministerio de Energía casi duplicó su estructura y pasó de 51 a 97 cargos
2026-06-01,2026-W23,provincial,RED 23 NOTICIAS,Tierra del Fuego,Patagonia,Río Grande,https://www.red23noticias.com.ar,Martínez cuestionó la generación de “caos y enfrentamiento” en la política fueguina
2026-06-01,2026-W23,provincial,RED 23 NOTICIAS,Tierra del Fuego,Patagonia,Río Grande,https://www.red23noticias.com.ar,Surtidores en baja: el aumento de la nafta profundiza la caída del consumo y el “tanque lleno” desaparece
2026-06-01,2026-W23,provincial,RED 23 NOTICIAS,Tierra del Fuego,Patagonia,Río Grande,https://www.red23noticias.com.ar,Walter Vuoto destinará casi 95 millones de pesos a encuestas y estudios de imagen
2026-06-01,2026-W23,provincial,RED 23 NOTICIAS,Tierra del Fuego,Patagonia,Río Grande,https://www.red23noticias.com.ar,La Justicia podría condenar a la cúpula de ATE por las viviendas del IPV
2026-06-01,2026-W23,provincial,RED 23 NOTICIAS,Tierra del Fuego,Patagonia,Río Grande,https://www.red23noticias.com.ar,Valeria Capotorto: “La Provincia ya nos debe más de 17 mil millones y Río Grande no puede seguir esperando”
2026-06-01,2026-W23,provincial,RED 23 NOTICIAS,Tierra del Fuego,Patagonia,Río Grande,https://www.red23noticias.com.ar,"Crece la tensión política, social y comercial por la intervención del puerto"
2026-06-01,2026-W23,provincial,RED 23 NOTICIAS,Tierra del Fuego,Patagonia,Río Grande,https://www.red23noticias.com.ar,Médicos realizaron una protesta salarial en Río Grande
2026-06-01,2026-W23,provincial,RED 23 NOTICIAS,Tierra del Fuego,Patagonia,Río Grande,https://www.red23noticias.com.ar,"“Hay urgencias, hay prioridades y la reforma de la constitución no es ninguna de las dos”"
2026-06-01,2026-W23,provincial,RED 23 NOTICIAS,Tierra del Fuego,Patagonia,Río Grande,https://www.red23noticias.com.ar,La Justicia le frenó la reforma a Melella y anuló la convocatoria electoral
2026-06-01,2026-W23,provincial,RED 23 NOTICIAS,Tierra del Fuego,Patagonia,Río Grande,https://www.red23noticias.com.ar,"Fotos, inauguración y deuda: la UOM debe $800 millones mientras inaugura una clínica vacía"
2026-06-01,2026-W23,provincial,RED 23 NOTICIAS,Tierra del Fuego,Patagonia,Río Grande,https://www.red23noticias.com.ar,Alerta sanitaria por el fuerte aumento de enfermedades respiratorias
2026-06-01,2026-W23,provincial,RED 23 NOTICIAS,Tierra del Fuego,Patagonia,Río Grande,https://www.red23noticias.com.ar,Martín Romero: “Continúa llegando gente a Tierra del Fuego y crecen los cambios de domicilio”
2026-06-01,2026-W23,provincial,RED 23 NOTICIAS,Tierra del Fuego,Patagonia,Río Grande,https://www.red23noticias.com.ar,FAGDUT profundiza el reclamo con paro docente en todo el país
2026-06-01,2026-W23,provincial,RED 23 NOTICIAS,Tierra del Fuego,Patagonia,Río Grande,https://www.red23noticias.com.ar,Martín Perez y vecinos avanzan en alternativas para descomprimir el Puente Mosconi
2026-06-01,2026-W23,provincial,RED 23 NOTICIAS,Tierra del Fuego,Patagonia,Río Grande,https://www.red23noticias.com.ar,Jorge Lechman: “Melella dejó de construir consensos y quedó aislado políticamente”
2026-06-01,2026-W23,provincial,RED 23 NOTICIAS,Tierra del Fuego,Patagonia,Río Grande,https://www.red23noticias.com.ar,Suman 5 las falsas denuncias de género en Tierra del Fuego
2026-06-01,2026-W23,provincial,RED 23 NOTICIAS,Tierra del Fuego,Patagonia,Río Grande,https://www.red23noticias.com.ar,Hantavirus en Argentina: no hubo nuevos casos
2026-06-01,2026-W23,provincial,RED 23 NOTICIAS,Tierra del Fuego,Patagonia,Río Grande,https://www.red23noticias.com.ar,Crisis textil en Tierra del Fuego: de 1.000 trabajadores quedan solo 245
2026-06-01,2026-W23,provincial,RED 23 NOTICIAS,Tierra del Fuego,Patagonia,Río Grande,https://www.red23noticias.com.ar,La nueva imagen de Sofía Herrera reactivó la esperanza de su familia
2026-06-01,2026-W23,provincial,RED 23 NOTICIAS,Tierra del Fuego,Patagonia,Río Grande,https://www.red23noticias.com.ar,La Provincia ya le debe a Ushuaia $14 mil millones
2026-06-01,2026-W23,provincial,RED 23 NOTICIAS,Tierra del Fuego,Patagonia,Río Grande,https://www.red23noticias.com.ar,“Hay que dejar de gastar plata que no tenemos”: Villegas defendió la derogación de la Ley 1529
2026-06-01,2026-W23,provincial,RED 23 NOTICIAS,Tierra del Fuego,Patagonia,Río Grande,https://www.red23noticias.com.ar,SUTEF confirmó un nuevo paro y crece el deterioro del ciclo lectivo
2026-06-01,2026-W23,nacional,INFOBAE,Nacional,Nacional,Nacional,https://www.infobae.com,"""La banda de los mendocinos"", empresas logísticas y un intermediario: quiénes son los involucrados en la causa ARSAT"
2026-06-01,2026-W23,nacional,INFOBAE,Nacional,Nacional,Nacional,https://www.infobae.com,"La autopsia reveló que Agostina Vega fue asfixiada: se hallaron ""posibles signos de abuso sexual"""
2026-06-01,2026-W23,nacional,INFOBAE,Nacional,Nacional,Nacional,https://www.infobae.com,Reforman el shopping más antiguo del país: así será el proyecto que incorporará una clínica y gastronomía
2026-06-01,2026-W23,nacional,INFOBAE,Nacional,Nacional,Nacional,https://www.infobae.com,"Con Gonzalo Aziz, Diego Iglesias, Malena De Los Ríos, Lacha Lazzari y Matías Barbería"
2026-06-01,2026-W23,nacional,INFOBAE,Nacional,Nacional,Nacional,https://www.infobae.com,"Es abogado, tiene 23 años y su parecido con Néstor Kirchner lo volvió viral"
2026-06-01,2026-W23,nacional,INFOBAE,Nacional,Nacional,Nacional,https://www.infobae.com,Recorrió más de un millón de kilómetros para instalar y mantener teléfonos públicos en 1.600 pueblos sin internet ni luz
2026-06-01,2026-W23,nacional,INFOBAE,Nacional,Nacional,Nacional,https://www.infobae.com,La recaudación tributaria superó a la inflación por primera en nueve meses por el cobro de Ganancias
2026-06-01,2026-W23,nacional,INFOBAE,Nacional,Nacional,Nacional,https://www.infobae.com,Reforma laboral: el Gobierno explicó los cambios para empresas y trabajadores tras la reglamentación
2026-06-01,2026-W23,nacional,INFOBAE,Nacional,Nacional,Nacional,https://www.infobae.com,La hipótesis del “crimen silencioso”: cómo creen los investigadores que fue asesinada Agostina Vega
2026-06-01,2026-W23,nacional,INFOBAE,Nacional,Nacional,Nacional,https://www.infobae.com,Caso Agostina Vega: la Justicia agravó la acusación contra Barrelier y lo imputó por femicidio
2026-06-01,2026-W23,nacional,INFOBAE,Nacional,Nacional,Nacional,https://www.infobae.com,Renunció el titular del Ente Nacional del Gas y la Electricidad a menos de un mes de haber asumido
2026-06-01,2026-W23,nacional,INFOBAE,Nacional,Nacional,Nacional,https://www.infobae.com,El Banco Central compró más de USD 9.800 millones en 2026 y podría alcanzar un objetivo clave en los próximos días
2026-06-01,2026-W23,nacional,INFOBAE,Nacional,Nacional,Nacional,https://www.infobae.com,"La productora de recitales más grande del mundo se quedó con la mayoría de Dale Play Live, de la empresa detrás de Duki y Bizarrap"
2026-06-01,2026-W23,nacional,INFOBAE,Nacional,Nacional,Nacional,https://www.infobae.com,Las impactantes imágenes del temporal que azotó el hotel de la Selección durante su concentración en Kansas para el Mundial
2026-06-01,2026-W23,nacional,INFOBAE,Nacional,Nacional,Nacional,https://www.infobae.com,Ley de Glaciares: la Justicia revocó la cautelar que había suspendido su aplicación en Santa Cruz
2026-06-01,2026-W23,nacional,INFOBAE,Nacional,Nacional,Nacional,https://www.infobae.com,Trump anunció el fin de los ataques entre Israel y Hezbollah y dijo que el diálogo con Irán avanza
2026-06-01,2026-W23,nacional,INFOBAE,Nacional,Nacional,Nacional,https://www.infobae.com,Marcelo Bielsa explicó por qué excluyó a Luis Suárez y Nahitan Nández de la lista de Uruguay para el Mundial
2026-06-01,2026-W23,nacional,INFOBAE,Nacional,Nacional,Nacional,https://www.infobae.com,No debería ser tan fácil drogarse
2026-06-01,2026-W23,nacional,INFOBAE,Nacional,Nacional,Nacional,https://www.infobae.com,Escándalo en Bioceres: accionistas denunciaron a una ex directora por una presunta estafa de USD 12 millones
2026-06-01,2026-W23,nacional,INFOBAE,Nacional,Nacional,Nacional,https://www.infobae.com,Un supermercado lanzó una canasta con precios del año pasado: cuáles son los más de 200 productos alcanzados
2026-06-01,2026-W23,nacional,INFOBAE,Nacional,Nacional,Nacional,https://www.infobae.com,La confesión de Nelson Castro sobre el doping de Maradona en el Mundial 1994: “Yo tenía la información”
2026-06-01,2026-W23,nacional,INFOBAE,Nacional,Nacional,Nacional,https://www.infobae.com,El dólar arrancó junio en alza y tocó su nivel más alto en 4 meses
2026-06-01,2026-W23,nacional,INFOBAE,Nacional,Nacional,Nacional,https://www.infobae.com,La causa ARSAT quedó bajo secreto de sumario: el juez debe definir si cita a los ex funcionarios involucrados
2026-06-01,2026-W23,nacional,INFOBAE,Nacional,Nacional,Nacional,https://www.infobae.com,"Brutal femicidio en PBA: secuestró a su pareja, la asesinó a puñaladas y luego intentó quitarse la vida"
2026-06-01,2026-W23,nacional,INFOBAE,Nacional,Nacional,Nacional,https://www.infobae.com,Impacto en la F1 por la posible suspensión de otras 2 carreras en la temporada: “Plan de emergencia”
2026-06-01,2026-W23,nacional,INFOBAE,Nacional,Nacional,Nacional,https://www.infobae.com,Plazo fijo: cuánto pagan los principales bancos por colocar $1 millón a 30 días
2026-06-01,2026-W23,nacional,INFOBAE,Nacional,Nacional,Nacional,https://www.infobae.com,La ministra Sandra Pettovello cerró una gira en Italia con una audiencia con el papa León XIV
2026-06-01,2026-W23,nacional,INFOBAE,Nacional,Nacional,Nacional,https://www.infobae.com,Claudio Úbeda dejó de ser el entrenador de Boca Juniors
2026-06-01,2026-W23,nacional,INFOBAE,Nacional,Nacional,Nacional,https://www.infobae.com,El detalle de la habitación de Messi en el hotel de la Selección que causó furor en la previa del Mundial
2026-06-01,2026-W23,nacional,INFOBAE,Nacional,Nacional,Nacional,https://www.infobae.com,Mediciones privadas sugieren que la actividad económica habría vuelto a contraerse en abril
2026-06-01,2026-W23,nacional,INFOBAE,Nacional,Nacional,Nacional,https://www.infobae.com,El sector textil profundiza su crisis: volvió a caer fuerte la producción y ya está más de 30% por debajo del 2023
2026-06-01,2026-W23,nacional,INFOBAE,Nacional,Nacional,Nacional,https://www.infobae.com,La profunda reflexión de Araceli González a pocos días de cumplir 59 años
2026-06-01,2026-W23,nacional,INFOBAE,Nacional,Nacional,Nacional,https://www.infobae.com,Cambia el recibo de sueldo: el modelo que deberán usar los empleadores por la reforma laboral
2026-06-01,2026-W23,nacional,INFOBAE,Nacional,Nacional,Nacional,https://www.infobae.com,Desnutrido y abandonado: rescataron a un dogo que Barrelier tenía en la casa donde habría matado a Agostina
2026-06-01,2026-W23,nacional,INFOBAE,Nacional,Nacional,Nacional,https://www.infobae.com,Qué puede revelar la pericia psiquiátrica en el caso Agostina Vega y por qué podría cambiar toda la causa
2026-06-01,2026-W23,nacional,INFOBAE,Nacional,Nacional,Nacional,https://www.infobae.com,Imagen inédita de CFK: su departamento se transformó en Casa Rosada y salió a saludar a la militancia
2026-06-01,2026-W23,nacional,INFOBAE,Nacional,Nacional,Nacional,https://www.infobae.com,Irán suspendió las negociaciones con Estados Unidos para poner fin a la guerra en Oriente Medio
2026-06-01,2026-W23,nacional,INFOBAE,Nacional,Nacional,Nacional,https://www.infobae.com,"La revelación sobre el futuro de Julián Álvarez en plena disputa entre Atlético de Madrid, Barcelona y PSG"
2026-06-01,2026-W23,nacional,INFOBAE,Nacional,Nacional,Nacional,https://www.infobae.com,El polémico momento durante el homenaje a Emilia Mernes en Nogoyá que se volvió viral
2026-06-01,2026-W23,nacional,INFOBAE,Nacional,Nacional,Nacional,https://www.infobae.com,El FMI asegura que hacer reformas estructurales es más útil que aplicar una política industrial
2026-06-01,2026-W23,nacional,INFOBAE,Nacional,Nacional,Nacional,https://www.infobae.com,Los gobernadores del Norte Grande debaten una postura común ante la reforma de Zona Fría
2026-06-01,2026-W23,nacional,INFOBAE,Nacional,Nacional,Nacional,https://www.infobae.com,Detuvieron a un jardinero de Canning y a su hijo por lavado de dinero: el nexo con el Comando Vermelho
2026-06-01,2026-W23,nacional,INFOBAE,Nacional,Nacional,Nacional,https://www.infobae.com,Otro femicidio en Misiones: detuvieron a un hombre por el crimen de la adolescente de 17 años que estaba desaparecida
2026-06-01,2026-W23,nacional,INFOBAE,Nacional,Nacional,Nacional,https://www.infobae.com,Grabaron a Marcelo Porcel en la Basílica de Luján y denunciaron que aún no le colocaron la tobillera electrónica
2026-06-01,2026-W23,nacional,INFOBAE,Nacional,Nacional,Nacional,https://www.infobae.com,"Di Carlo, a fondo: el “agresivo” mercado de River con 15 salidas, la ausencia de Acuña en el Mundial y las polémicas arbitrales"
2026-06-01,2026-W23,nacional,INFOBAE,Nacional,Nacional,Nacional,https://www.infobae.com,“El poncho de 60 listas”: el especial discurso de Gustavo Alfaro para anunciar los convocados de Paraguay para el Mundial
2026-06-01,2026-W23,nacional,INFOBAE,Nacional,Nacional,Nacional,https://www.infobae.com,"La “fortaleza virtual” de Inglaterra para blindar a sus jugadores: antiespionaje, drones y máxima seguridad"
2026-06-01,2026-W23,nacional,INFOBAE,Nacional,Nacional,Nacional,https://www.infobae.com,Los archivos completos de la pesadilla de Argentina en el Mundial 2018: “En Rusia pasó de todo”
2026-06-01,2026-W23,nacional,INFOBAE,Nacional,Nacional,Nacional,https://www.infobae.com,Quiénes son los ganadores y los perdedores de la lista de la selección argentina
2026-06-01,2026-W23,nacional,INFOBAE,Nacional,Nacional,Nacional,https://www.infobae.com,La primera baja oficial: es una de las máximas figuras de su selección y se rompió la rodilla en un amistoso
2026-06-01,2026-W23,nacional,LA NACIÓN,Nacional,Nacional,Nacional,https://www.lanacion.com.ar,Crimen de Agostina. La autopsia reveló que la chica fue abusada y murió tras ser asfixiada
2026-06-01,2026-W23,nacional,LA NACIÓN,Nacional,Nacional,Nacional,https://www.lanacion.com.ar,"Según los datos preliminares de la autopsia, la menor murió en las primeras horas tras su desaparición"
2026-06-01,2026-W23,nacional,LA NACIÓN,Nacional,Nacional,Nacional,https://www.lanacion.com.ar,Fiestas clandestinas y negocios. La trama detrás de “la banda de los mendocinos” que colonizó Arsat con vínculos con el poder
2026-06-01,2026-W23,nacional,LA NACIÓN,Nacional,Nacional,Nacional,https://www.lanacion.com.ar,Coimas y ketamina. Un robo en Arsat destapó la corrupción y expuso a un funcionario con miles de dosis de drogas
2026-06-01,2026-W23,nacional,LA NACIÓN,Nacional,Nacional,Nacional,https://www.lanacion.com.ar,"""Tuve mucho miedo"". Habló la joven que denunció a Claudio Barrelier en 2025 tras un intento de abuso"
2026-06-01,2026-W23,nacional,LA NACIÓN,Nacional,Nacional,Nacional,https://www.lanacion.com.ar,“No tengo nada que ver”. Se conoció el audio que Barrelier le envió al padre de Agostina tras su desaparición
2026-06-01,2026-W23,nacional,LA NACIÓN,Nacional,Nacional,Nacional,https://www.lanacion.com.ar,Coimas en la Andis. Ordenan peritar los audios atribuidos a Spagnuolo en los que se menciona a Karina Milei
2026-06-01,2026-W23,nacional,LA NACIÓN,Nacional,Nacional,Nacional,https://www.lanacion.com.ar,"Bombazo. Se viene la limpieza en River: “Se van a ir 15 jugadores, ya lo decidimos”, dijo Stefano Di Carlo"
2026-06-01,2026-W23,nacional,LA NACIÓN,Nacional,Nacional,Nacional,https://www.lanacion.com.ar,"""Tengo miedo"". La desgarradora carta de una víctima del empresario Marcelo Porcel"
2026-06-01,2026-W23,nacional,LA NACIÓN,Nacional,Nacional,Nacional,https://www.lanacion.com.ar,Desregulación del mercado inmobiliario. Cuáles son los cambios en el proyecto que se presentará en junio
2026-06-01,2026-W23,nacional,LA NACIÓN,Nacional,Nacional,Nacional,https://www.lanacion.com.ar,"“¿Ahora sí, cobarde?”. De la Espriella y Cepeda intercambian agresiones tras la elección y pelean hasta por la camiseta de la selección"
2026-06-01,2026-W23,nacional,LA NACIÓN,Nacional,Nacional,Nacional,https://www.lanacion.com.ar,Con gráfico de torta. Así será el nuevo recibo de sueldo tras la reglamentación de la reforma laboral del Gobierno
2026-06-01,2026-W23,nacional,LA NACIÓN,Nacional,Nacional,Nacional,https://www.lanacion.com.ar,Tax free. Modernizan la devolución de IVA a turistas extranjeros
2026-06-01,2026-W23,nacional,LA NACIÓN,Nacional,Nacional,Nacional,https://www.lanacion.com.ar,Asesora a todos los gobiernos. Un gurú petrolero reveló qué necesita la Argentina para ser potencia
2026-06-01,2026-W23,nacional,LA NACIÓN,Nacional,Nacional,Nacional,https://www.lanacion.com.ar,Brecha de sueldos y parálisis interna. Renunció el primer presidente del nuevo ente regulador de la energía
2026-06-01,2026-W23,nacional,LA NACIÓN,Nacional,Nacional,Nacional,https://www.lanacion.com.ar,"""Está tocado"". Leyenda argentina en México: ganó 5 títulos en un año y medio y, al menos ahora, no será DT de Boca"
2026-06-01,2026-W23,nacional,LA NACIÓN,Nacional,Nacional,Nacional,https://www.lanacion.com.ar,"""Inaceptable"". Un tenista paraguayo recibió una multa económica histórica en Roland Garros por una declaración inapropiada"
2026-06-01,2026-W23,nacional,LA NACIÓN,Nacional,Nacional,Nacional,https://www.lanacion.com.ar,Video. Otamendi mostró el cuarto que compartirá con De Paul en Kansas
2026-06-01,2026-W23,nacional,LA NACIÓN,Nacional,Nacional,Nacional,https://www.lanacion.com.ar,"Cómo participar. Subastan autos, pickups, SUV y utilitarios desde $4,3 millones"
2026-06-01,2026-W23,nacional,LA NACIÓN,Nacional,Nacional,Nacional,https://www.lanacion.com.ar,"""Los chicos lloran para ir a la casa de mi ex"". Agustina Cherri: de su nuevo rol de empresaria a la red que armó con los padres de sus hijos"
2026-06-01,2026-W23,nacional,LA NACIÓN,Nacional,Nacional,Nacional,https://www.lanacion.com.ar,"""Buscaron tarde"" y ""felicitaron al perro"". Las fuertes críticas de Ni Una Menos al operativo de búsqueda de Agostina"
2026-06-01,2026-W23,nacional,LA NACIÓN,Nacional,Nacional,Nacional,https://www.lanacion.com.ar,"Abandonado y desnutrido. Rescataron a un dogo de la casa de Barrelier, el único detenido por el crimen de Agostina"
2026-06-01,2026-W23,nacional,LA NACIÓN,Nacional,Nacional,Nacional,https://www.lanacion.com.ar,“Los números no dan”. Caputo dijo que hubo un salto exportador en la pesca y en la industria le respondieron con un duro diagnóstico
2026-06-01,2026-W23,nacional,LA NACIÓN,Nacional,Nacional,Nacional,https://www.lanacion.com.ar,Insólito episodio en Chile. Un perro antidrogas se abalanzó sobre el bolsillo de un vicealmirante durante una ceremonia de la Armada
2026-06-01,2026-W23,nacional,LA NACIÓN,Nacional,Nacional,Nacional,https://www.lanacion.com.ar,"Las claves. El Gobierno reglamentó la reforma laboral: cambios en convenios, sindicatos y recibos de sueldo"
2026-06-01,2026-W23,nacional,LA NACIÓN,Nacional,Nacional,Nacional,https://www.lanacion.com.ar,Fútbol y política. El Mundial es un tema casi tabú: Milei y Kicillof buscan evitar que sus ministros viajen a EE.UU.
2026-06-01,2026-W23,nacional,LA NACIÓN,Nacional,Nacional,Nacional,https://www.lanacion.com.ar,"""Súper RIGI"". La apuesta de Milei por la IA y el big data que despierta sospechas en la oposición"
2026-06-01,2026-W23,nacional,LA NACIÓN,Nacional,Nacional,Nacional,https://www.lanacion.com.ar,El mercado resiste. Las razones por las que no cae la venta de propiedades pese a que cada vez menos gente saca un crédito hipotecario
2026-06-01,2026-W23,nacional,LA NACIÓN,Nacional,Nacional,Nacional,https://www.lanacion.com.ar,Autos y efectivo. Investigan al extitular de Trenes Argentinos del mileísmo por supuestas coimas en el gobierno anterior
2026-06-01,2026-W23,nacional,LA NACIÓN,Nacional,Nacional,Nacional,https://www.lanacion.com.ar,Billeteras virtuales. La investigación de $LIBRA se frena por la falta de recursos tecnológicos para seguir la ruta del dinero
2026-06-01,2026-W23,nacional,LA NACIÓN,Nacional,Nacional,Nacional,https://www.lanacion.com.ar,"Bienes, gastos y deudas. Qué respuestas podría tener la declaración jurada de Adorni, según expertos"
2026-06-01,2026-W23,nacional,LA NACIÓN,Nacional,Nacional,Nacional,https://www.lanacion.com.ar,"“Buenos Aires es el segundo mercado de Sudamérica"". Live Nation compra la productora argentina Dale Play"
2026-06-01,2026-W23,nacional,LA NACIÓN,Nacional,Nacional,Nacional,https://www.lanacion.com.ar,Opinión. Hay que volver a la función fundamental del Banco Central: eliminar la inflación
2026-06-01,2026-W23,nacional,LA NACIÓN,Nacional,Nacional,Nacional,https://www.lanacion.com.ar,"“Vamos a limpiar el juego”. Nuevas reglas en el Mundial: los cambios en el VAR, las pérdidas de tiempo y la ""roja por confrontación"""
2026-06-01,2026-W23,nacional,LA NACIÓN,Nacional,Nacional,Nacional,https://www.lanacion.com.ar,Intimidad. Las habitaciones de la selección en Kansas: las duplas que se filtraron y por qué Messi duerme solo
2026-06-01,2026-W23,nacional,LA NACIÓN,Nacional,Nacional,Nacional,https://www.lanacion.com.ar,"San Lorenzo. La revancha del ""eterno opositor"": las primeras decisiones del nuevo presidente y qué pasará con el DT y el plantel"
2026-06-01,2026-W23,nacional,LA NACIÓN,Nacional,Nacional,Nacional,https://www.lanacion.com.ar,Irregularidades. Fiscales de Estados Unidos citaron a la FIFA por la venta de entradas para El Mundial 2026
2026-06-01,2026-W23,nacional,LA NACIÓN,Nacional,Nacional,Nacional,https://www.lanacion.com.ar,“Ciencia ficción distópica”. China apunta la IA a predecir quién podría convertirse en un riesgo político en el futuro
2026-06-01,2026-W23,nacional,LA NACIÓN,Nacional,Nacional,Nacional,https://www.lanacion.com.ar,Con grúas y cuerdas. Así desmantelaron una estatua gigante de Messi que había generado polémica en la India
2026-06-01,2026-W23,nacional,LA NACIÓN,Nacional,Nacional,Nacional,https://www.lanacion.com.ar,Según cuatro expertos. Quién parte como favorito y qué hay en juego en el balotaje de extremos que le espera a Colombia
2026-06-01,2026-W23,nacional,LA NACIÓN,Nacional,Nacional,Nacional,https://www.lanacion.com.ar,Recta final en Perú. Fujimori y Sánchez chocaron en un debate clave y llegan al balotaje con un escenario abierto
2026-06-01,2026-W23,nacional,LA NACIÓN,Nacional,Nacional,Nacional,https://www.lanacion.com.ar,En fotos. Todos los invitados al festejo por el Día de África en Belgrano
2026-06-01,2026-W23,nacional,LA NACIÓN,Nacional,Nacional,Nacional,https://www.lanacion.com.ar,"Pronóstico del SMN. Cómo será el inicio del invierno en la Argentina, con temperaturas altas y más lluvias"
2026-06-01,2026-W23,nacional,LA NACIÓN,Nacional,Nacional,Nacional,https://www.lanacion.com.ar,¿Club o comercios? Se reaviva la tensión por el histórico predio que se disputan All Boys y un organismo porteño
2026-06-01,2026-W23,nacional,LA NACIÓN,Nacional,Nacional,Nacional,https://www.lanacion.com.ar,Paisaje de autor. Recorremos un piso ubicado frente a la obra máxima de Clorindo Testa
2026-06-01,2026-W23,nacional,LA NACIÓN,Nacional,Nacional,Nacional,https://www.lanacion.com.ar,Creer o reventar. El detalle oculto de la habitación de Messi en el hotel de la selección que ilusiona a todos
2026-06-01,2026-W23,nacional,LA NACIÓN,Nacional,Nacional,Nacional,https://www.lanacion.com.ar,Tenía 30 años. Encontraron muerta a una reconocida influencer mexicana: investigan qué ocurrió
2026-06-01,2026-W23,nacional,LA NACIÓN,Nacional,Nacional,Nacional,https://www.lanacion.com.ar,“Me sentía muy cargado”. El impactante cambio físico de Walas: bajó 18 kilos y contó cómo fue el tratamiento que transformó su vida
2026-06-01,2026-W23,nacional,LA NACIÓN,Nacional,Nacional,Nacional,https://www.lanacion.com.ar,¿Y Argentina? Una supercomputadora predijo quién ganará el Mundial 2026 y tiemblan los apostadores
2026-06-01,2026-W23,nacional,LA NACIÓN,Nacional,Nacional,Nacional,https://www.lanacion.com.ar,"En Brasil. Por qué Juan Darthés no duerme en la cárcel ni fue arrestado, pese a que su condena está firme"
2026-06-01,2026-W23,nacional,CLARÍN,Nacional,Nacional,Nacional,https://www.clarin.com,Caso Agostina Vega
2026-06-01,2026-W23,nacional,CLARÍN,Nacional,Nacional,Nacional,https://www.clarin.com,Javier Milei y sus medidas
2026-06-01,2026-W23,nacional,CLARÍN,Nacional,Nacional,Nacional,https://www.clarin.com,Selección Argentina
2026-06-01,2026-W23,nacional,CLARÍN,Nacional,Nacional,Nacional,https://www.clarin.com,Los primeros resultados de la autopsia revelaron detalles macabros y creen que fue abusada
2026-06-01,2026-W23,nacional,CLARÍN,Nacional,Nacional,Nacional,https://www.clarin.com,Es oficial la eliminación del Impuesto a las Ganancias para venta de inmuebles y alquileres
2026-06-01,2026-W23,nacional,CLARÍN,Nacional,Nacional,Nacional,https://www.clarin.com,"A un mes de asumir, renunció el presidente del nuevo ente regulador de la energía"
2026-06-01,2026-W23,nacional,CLARÍN,Nacional,Nacional,Nacional,https://www.clarin.com,Irán suspende la negociación con EE.UU. y dice que avanzará con otro bloqueo al estrecho de Ormuz: Trump lo desmiente
2026-06-01,2026-W23,nacional,CLARÍN,Nacional,Nacional,Nacional,https://www.clarin.com,"La recaudación subió 6,4% anual en mayo y frenó nueve meses seguidos de caída"
2026-06-01,2026-W23,nacional,CLARÍN,Nacional,Nacional,Nacional,https://www.clarin.com,Una encuesta evaluó a 18 dirigentes: los dos mejores y los dos peores son de LLA
2026-06-01,2026-W23,nacional,CLARÍN,Nacional,Nacional,Nacional,https://www.clarin.com,"Tras la debacle en la Libertadores, Úbeda dejó de ser el DT de Boca y ya empezó la búsqueda de su sucesor"
2026-06-01,2026-W23,nacional,CLARÍN,Nacional,Nacional,Nacional,https://www.clarin.com,Stéfano Di Carlo habló del River que se viene después del Mundial: “Se van a ir alrededor de quince jugadores”
2026-06-01,2026-W23,nacional,CLARÍN,Nacional,Nacional,Nacional,https://www.clarin.com,Fuerte temporal en la primera noche de la Selección Argentina en Kansas City
2026-06-01,2026-W23,nacional,CLARÍN,Nacional,Nacional,Nacional,https://www.clarin.com,"Cerúndolo dio pelea, pero no pudo contra la experiencia de Berrettini y se despidió de Roland Garros"
2026-06-01,2026-W23,nacional,CLARÍN,Nacional,Nacional,Nacional,https://www.clarin.com,Se confirman las últimas listas: los 26 jugadores de Paraguay que lleva Gustavo Alfaro
2026-06-01,2026-W23,nacional,CLARÍN,Nacional,Nacional,Nacional,https://www.clarin.com,Llega “El Niño” y el primer impacto ya se nota en el pronóstico del invierno
2026-06-01,2026-W23,nacional,CLARÍN,Nacional,Nacional,Nacional,https://www.clarin.com,Comprar para alquilar en Mar del Plata: los precios de un dos ambientes y la renta que puede generar
2026-06-01,2026-W23,nacional,CLARÍN,Nacional,Nacional,Nacional,https://www.clarin.com,La venta de autos 0 km sigue cayendo: cuáles fueron los 10 modelos más elegidos en mayo
2026-06-01,2026-W23,nacional,CLARÍN,Nacional,Nacional,Nacional,https://www.clarin.com,Milei advirtió por el futuro de Occidente y dijo que hay “una alianza entre la izquierda radical y el terrorismo islamita”
2026-06-01,2026-W23,nacional,CLARÍN,Nacional,Nacional,Nacional,https://www.clarin.com,"Arthur Sulzberger, editor de The New York Times: “No dejemos que la IA domine la conversación pública”"
2026-06-01,2026-W23,nacional,CLARÍN,Nacional,Nacional,Nacional,https://www.clarin.com,Tim Payne y su historia viral: el jugador de Nueva Zelanda ya tiene más seguidores que los All Blacks
2026-06-01,2026-W23,nacional,CLARÍN,Nacional,Nacional,Nacional,https://www.clarin.com,Insólito momento en una ceremonia naval : un perro antidrogas se abalanzó sobre el bolsillo de un vicealmirante
2026-06-01,2026-W23,nacional,CLARÍN,Nacional,Nacional,Nacional,https://www.clarin.com,“No entiendo por qué quedo pegado”: el audio de Claudio Barrelier y nuevos hallazgos de los restos de Agostina Vega
2026-06-01,2026-W23,nacional,CLARÍN,Nacional,Nacional,Nacional,https://www.clarin.com,Agravaron la imputación de Barrelier: lo acusan de femicidio y si es condenado recibirá prisión perpetua
2026-06-01,2026-W23,nacional,CLARÍN,Nacional,Nacional,Nacional,https://www.clarin.com,Habló la joven que hace un año escapó atada y desnuda de la casa de Barrelier: “Agostina podría haber sido yo”
2026-06-01,2026-W23,nacional,CLARÍN,Nacional,Nacional,Nacional,https://www.clarin.com,Rescataron un dogo argentino en estado de desnutrición en la casa de Barrelier
2026-06-01,2026-W23,nacional,CLARÍN,Nacional,Nacional,Nacional,https://www.clarin.com,"Bullying: un fallo histórico, una condena millonaria, un mal que crece"
2026-06-01,2026-W23,nacional,CLARÍN,Nacional,Nacional,Nacional,https://www.clarin.com,"La danza de vices de Milei y el dilema de Kicillof, adelantar o no la elección provincial"
2026-06-01,2026-W23,nacional,CLARÍN,Nacional,Nacional,Nacional,https://www.clarin.com,"El PJ denuncia a Villarruel, la guerra que perdió Cristina y el paraíso de Milei"
2026-06-01,2026-W23,nacional,CLARÍN,Nacional,Nacional,Nacional,https://www.clarin.com,Sobre keynesianos y maquiavelistas
2026-06-01,2026-W23,nacional,CLARÍN,Nacional,Nacional,Nacional,https://www.clarin.com,La universidad no debería ser ni gratuita ni obligatoria
2026-06-01,2026-W23,nacional,CLARÍN,Nacional,Nacional,Nacional,https://www.clarin.com,Cómo enfrentar el futuro
2026-06-01,2026-W23,nacional,CLARÍN,Nacional,Nacional,Nacional,https://www.clarin.com,El Gobierno reglamentó el fondo para indemnizaciones: qué cambiará para empresas y empleados
2026-06-01,2026-W23,nacional,CLARÍN,Nacional,Nacional,Nacional,https://www.clarin.com,"Para dar señal de austeridad, Kicillof prohibió a sus funcionarios viajar al Mundial"
2026-06-01,2026-W23,nacional,CLARÍN,Nacional,Nacional,Nacional,https://www.clarin.com,Grabaron en la basílica de Luján al empresario procesado por abuso de menores: debían colocarle tobillera electrónica
2026-06-01,2026-W23,nacional,CLARÍN,Nacional,Nacional,Nacional,https://www.clarin.com,"El giro de Milei, de la pelea con Petro y la indiferencia a sumarse al triunfo del outsider conservador"
2026-06-01,2026-W23,nacional,CLARÍN,Nacional,Nacional,Nacional,https://www.clarin.com,“Activar la cadena de emergencia ante síntomas de un ACV es lo que cambia la historia”
2026-06-01,2026-W23,nacional,CLARÍN,Nacional,Nacional,Nacional,https://www.clarin.com,Todas las universidades caen en un ranking global por el retroceso de la investigación
2026-06-01,2026-W23,nacional,CLARÍN,Nacional,Nacional,Nacional,https://www.clarin.com,Aguinaldo 2026 para empleadas domésticas: cuándo se paga y cómo calcularlo
2026-06-01,2026-W23,nacional,CLARÍN,Nacional,Nacional,Nacional,https://www.clarin.com,Pechuga de pollo keto
2026-06-01,2026-W23,nacional,CLARÍN,Nacional,Nacional,Nacional,https://www.clarin.com,Pan nube fácil sin harina
2026-06-01,2026-W23,nacional,CLARÍN,Nacional,Nacional,Nacional,https://www.clarin.com,Sopa de papa con salchicha
2026-06-01,2026-W23,nacional,CLARÍN,Nacional,Nacional,Nacional,https://www.clarin.com,Torta saludable en taza
2026-06-01,2026-W23,nacional,CLARÍN,Nacional,Nacional,Nacional,https://www.clarin.com,Selección Clarín
2026-06-01,2026-W23,nacional,CLARÍN,Nacional,Nacional,Nacional,https://www.clarin.com,Un experto argentino hace un balance del etiquetado frontal en Chile en el primer estudio global que publica The Lancet
2026-06-01,2026-W23,nacional,CLARÍN,Nacional,Nacional,Nacional,https://www.clarin.com,Adultos mayores y juguetes sexuales: los mejores accesorios después de los 60
2026-06-01,2026-W23,nacional,CLARÍN,Nacional,Nacional,Nacional,https://www.clarin.com,"El autor de Livin' la vida loca que pasó por las adicciones, el cáncer, un divorcio y que encontró la luz en un nuevo amor"
2026-06-01,2026-W23,nacional,CLARÍN,Nacional,Nacional,Nacional,https://www.clarin.com,Argentina 1978: el plan secreto de Menotti y los “espías” que siguieron a todos los rivales del Mundial
2026-06-01,2026-W23,nacional,CLARÍN,Nacional,Nacional,Nacional,https://www.clarin.com,Una foto de Dibu Martínez que sembró preocupación y el plazo de recuperación
2026-06-01,2026-W23,nacional,CLARÍN,Nacional,Nacional,Nacional,https://www.clarin.com,"Austria, el segundo rival de la Selección en el Mundial, dio una muestra de carácter"
2026-06-01,2026-W23,nacional,CLARÍN,Nacional,Nacional,Nacional,https://www.clarin.com,La victoria de Noruega sin Haaland dejó otra advertencia arbitral de cara al Mundial
2026-06-01,2026-W23,nacional,PÁGINA 12,Nacional,Nacional,Nacional,https://www.pagina12.com.ar,Mercado de Pases
2026-06-01,2026-W23,nacional,PÁGINA 12,Nacional,Nacional,Nacional,https://www.pagina12.com.ar,Selección Argentina
2026-06-01,2026-W23,nacional,PÁGINA 12,Nacional,Nacional,Nacional,https://www.pagina12.com.ar,Ni Una Menos convoca a llenar Plaza Congreso este 3J
2026-06-01,2026-W23,nacional,PÁGINA 12,Nacional,Nacional,Nacional,https://www.pagina12.com.ar,Caso Agostina Vega: se conocieron los datos preliminares de la autopsia
2026-06-01,2026-W23,nacional,PÁGINA 12,Nacional,Nacional,Nacional,https://www.pagina12.com.ar,"Por el desfinanciamiento, las universidades pierden prestigio internacional"
2026-06-01,2026-W23,nacional,PÁGINA 12,Nacional,Nacional,Nacional,https://www.pagina12.com.ar,Los jubilados de la mínima perdieron 20% de poder adquisitivo desde la asunción de Javier Milei
2026-06-01,2026-W23,nacional,PÁGINA 12,Nacional,Nacional,Nacional,https://www.pagina12.com.ar,Qué hay detrás del nuevo paquete de leyes del Gobierno
2026-06-01,2026-W23,nacional,PÁGINA 12,Nacional,Nacional,Nacional,https://www.pagina12.com.ar,Más barato por quincena: quiénes podrían irse de River en este mercado
2026-06-01,2026-W23,nacional,PÁGINA 12,Nacional,Nacional,Nacional,https://www.pagina12.com.ar,El femicidio de Agostina Vega
2026-06-01,2026-W23,nacional,PÁGINA 12,Nacional,Nacional,Nacional,https://www.pagina12.com.ar,Después de todo
2026-06-01,2026-W23,nacional,PÁGINA 12,Nacional,Nacional,Nacional,https://www.pagina12.com.ar,Donde quiera que estés
2026-06-01,2026-W23,nacional,PÁGINA 12,Nacional,Nacional,Nacional,https://www.pagina12.com.ar,Los trabajadores de aplicaciones quedaron bajo la órbita de la Secretaría de Transporte
2026-06-01,2026-W23,nacional,PÁGINA 12,Nacional,Nacional,Nacional,https://www.pagina12.com.ar,"La enfermería de la Selección: uno por uno, cómo llegan los lesionados al debut"
2026-06-01,2026-W23,nacional,PÁGINA 12,Nacional,Nacional,Nacional,https://www.pagina12.com.ar,“Prejuicio machista”: habló la periodista que enfrentó al fiscal del caso Agostina Vega
2026-06-01,2026-W23,nacional,PÁGINA 12,Nacional,Nacional,Nacional,https://www.pagina12.com.ar,Cuándo y a qué hora son los partidos amistosos de la Selección Argentina
2026-06-01,2026-W23,nacional,PÁGINA 12,Nacional,Nacional,Nacional,https://www.pagina12.com.ar,La trampa detrás del “boom” de las ONs y el fantasma del quiebre
2026-06-01,2026-W23,nacional,PÁGINA 12,Nacional,Nacional,Nacional,https://www.pagina12.com.ar,Cultura y Espectáculos
2026-06-01,2026-W23,nacional,PÁGINA 12,Nacional,Nacional,Nacional,https://www.pagina12.com.ar,Suplementos Especiales
2026-06-01,2026-W23,nacional,PÁGINA 12,Nacional,Nacional,Nacional,https://www.pagina12.com.ar,Cómo será el “superdomingo” electoral que planean los gobernadores para 2027
2026-06-01,2026-W23,nacional,PÁGINA 12,Nacional,Nacional,Nacional,https://www.pagina12.com.ar,Cómo será el nuevo recibo de sueldo: la transparencia según Sturzenegger
2026-06-01,2026-W23,nacional,PÁGINA 12,Nacional,Nacional,Nacional,https://www.pagina12.com.ar,Justicia por Agostina
2026-06-01,2026-W23,nacional,PÁGINA 12,Nacional,Nacional,Nacional,https://www.pagina12.com.ar,“No puede ser que funcionarios judiciales actúen con esa desidia y que no pase nada”
2026-06-01,2026-W23,nacional,PÁGINA 12,Nacional,Nacional,Nacional,https://www.pagina12.com.ar,"Sin hablar de femicidio, Monteoliva se refirió al caso Agostina Vega y halagó el trabajo de la policía"
2026-06-01,2026-W23,nacional,PÁGINA 12,Nacional,Nacional,Nacional,https://www.pagina12.com.ar,"El transporte, una bomba de tiempo a punto de estallar"
2026-06-01,2026-W23,nacional,PÁGINA 12,Nacional,Nacional,Nacional,https://www.pagina12.com.ar,Claudio Úbeda dejó de ser técnico de Boca
2026-06-01,2026-W23,nacional,PÁGINA 12,Nacional,Nacional,Nacional,https://www.pagina12.com.ar,“Anuncio a la opinión pública”: Cepeda desafió a De la Espreilla a un debate en Colombia
2026-06-01,2026-W23,nacional,PÁGINA 12,Nacional,Nacional,Nacional,https://www.pagina12.com.ar,Llaryora recibió a los abuelos de Agostina y prometió ir a fondo con la investigación
2026-06-01,2026-W23,nacional,PÁGINA 12,Nacional,Nacional,Nacional,https://www.pagina12.com.ar,Felicitar a un perro
2026-06-01,2026-W23,nacional,PÁGINA 12,Nacional,Nacional,Nacional,https://www.pagina12.com.ar,“Los femicidios se mantienen estables”: la advertencia de la UFEM
2026-06-01,2026-W23,nacional,PÁGINA 12,Nacional,Nacional,Nacional,https://www.pagina12.com.ar,Alerta trabajadores: Milei reglamentó puntos clave de su reforma laboral
2026-06-01,2026-W23,nacional,PÁGINA 12,Nacional,Nacional,Nacional,https://www.pagina12.com.ar,Camino de la Segunda Vuelta 2.0 en Colombia
2026-06-01,2026-W23,nacional,PÁGINA 12,Nacional,Nacional,Nacional,https://www.pagina12.com.ar,Ernesto Samper: “América latina está en un proceso de bukelización”
2026-06-01,2026-W23,nacional,PÁGINA 12,Nacional,Nacional,Nacional,https://www.pagina12.com.ar,"Las contratapas de Página/12, en una serie imperdible"
2026-06-01,2026-W23,nacional,PÁGINA 12,Nacional,Nacional,Nacional,https://www.pagina12.com.ar,"Tomás Miguel Curotto Pepe, Nestor Fonseca, Teresita María Scianca, Trabajadores Navales de Astillero Quarton, Desaparecidos de El Vesubio y Puente 12"
2026-06-01,2026-W23,nacional,PÁGINA 12,Nacional,Nacional,Nacional,https://www.pagina12.com.ar,“Son unos guachos”: Víctor Hugo desmoronó una nueva mentira del Gobierno
2026-06-01,2026-W23,nacional,PÁGINA 12,Nacional,Nacional,Nacional,https://www.pagina12.com.ar,"A la espera del fallo de la Corte Suprema, el Gobierno y las universidades se reúnen a negociar"
2026-06-01,2026-W23,nacional,PÁGINA 12,Nacional,Nacional,Nacional,https://www.pagina12.com.ar,La historia desconocida de la madre del Che detenida
2026-06-01,2026-W23,nacional,PÁGINA 12,Nacional,Nacional,Nacional,https://www.pagina12.com.ar,EE.UU se queda con el Río Paraná argentino
2026-06-01,2026-W23,nacional,PÁGINA 12,Nacional,Nacional,Nacional,https://www.pagina12.com.ar,“La lucha de clases en nuestro continente empezó con las rebeliones de los negros contra la esclavitud”
2026-06-01,2026-W23,nacional,PÁGINA 12,Nacional,Nacional,Nacional,https://www.pagina12.com.ar,"Las contratapas de Página/12, final y comienzo"
2026-06-01,2026-W23,nacional,PÁGINA 12,Nacional,Nacional,Nacional,https://www.pagina12.com.ar,La cotización del dólar este lunes
2026-06-01,2026-W23,nacional,PÁGINA 12,Nacional,Nacional,Nacional,https://www.pagina12.com.ar,"“Por favor ayúdennos, son nuestra última esperanza”"
2026-06-01,2026-W23,nacional,PÁGINA 12,Nacional,Nacional,Nacional,https://www.pagina12.com.ar,Sospechas por la recaudación de Fundación Faro
2026-06-01,2026-W23,nacional,PÁGINA 12,Nacional,Nacional,Nacional,https://www.pagina12.com.ar,El Gobierno vuelve a postergar la suba del impuesto a los combustibles
2026-06-01,2026-W23,nacional,PÁGINA 12,Nacional,Nacional,Nacional,https://www.pagina12.com.ar,Subtes cancerígenos: “Es una vergüenza denunciar esto a esta altura del partido”
2026-06-01,2026-W23,nacional,PÁGINA 12,Nacional,Nacional,Nacional,https://www.pagina12.com.ar,TC: Chapur ganó en casa con el Torino
2026-06-01,2026-W23,nacional,PÁGINA 12,Nacional,Nacional,Nacional,https://www.pagina12.com.ar,La Selección ya entrena en Kansas
2026-06-01,2026-W23,nacional,PÁGINA 12,Nacional,Nacional,Nacional,https://www.pagina12.com.ar,"Camino al Mundial, Suiza goleó a Jordania, uno de los rivales de Argentina"
2026-06-01,2026-W23,nacional,PÁGINA 12,Nacional,Nacional,Nacional,https://www.pagina12.com.ar,La larga espera de la RD del Congo y Haití
2026-06-01,2026-W23,nacional,PÁGINA 12,Nacional,Nacional,Nacional,https://www.pagina12.com.ar,Las perlas de la revisión con el FMI
2026-06-01,2026-W23,nacional,PERFIL,Nacional,Nacional,Nacional,https://www.perfil.com,El Ministerio de Seguridad anunció que Argentina tuvo en 2025 un mínimo histórico de homicidios
2026-06-01,2026-W23,nacional,PERFIL,Nacional,Nacional,Nacional,https://www.perfil.com,Nuevo recibo de sueldo: cómo es el formato que deberá usarse tras la reglamentación de la reforma laboral
2026-06-01,2026-W23,nacional,PERFIL,Nacional,Nacional,Nacional,https://www.perfil.com,Día 903: Quién es el Anticristo
2026-06-01,2026-W23,nacional,PERFIL,Nacional,Nacional,Nacional,https://www.perfil.com,Irán acusa a Donald Trump de romper el alto el fuego y suspende las negociaciones de paz
2026-06-01,2026-W23,nacional,PERFIL,Nacional,Nacional,Nacional,https://www.perfil.com,Crimen de Agostina Vega: Qué reveló la autopsia sobre el cuerpo de la niña
2026-06-01,2026-W23,nacional,PERFIL,Nacional,Nacional,Nacional,https://www.perfil.com,"A menos de un mes de su designación, Marcelo Lamboglia renunció al Ente Nacional del Gas y la Electricidad"
2026-06-01,2026-W23,nacional,PERFIL,Nacional,Nacional,Nacional,https://www.perfil.com,Caso $Libra: por falta de recursos tecnológicos se frena la investigación para conocer la ruta del dinero
2026-06-01,2026-W23,nacional,PERFIL,Nacional,Nacional,Nacional,https://www.perfil.com,Crisis textil: 7 de cada 10 máquinas estuvieron paradas en el primer trimestre
2026-06-01,2026-W23,nacional,PERFIL,Nacional,Nacional,Nacional,https://www.perfil.com,Encuesta: las fórmulas presidenciales que mejor representan al oficialismo y al peronismo rumbo a 2027
2026-06-01,2026-W23,nacional,PERFIL,Nacional,Nacional,Nacional,https://www.perfil.com,Manuel Adorni anunció un documental sobre el Garrahan y lo borró tras la reacción de los trabajadores
2026-06-01,2026-W23,nacional,PERFIL,Nacional,Nacional,Nacional,https://www.perfil.com,"Abelardo de la Espriella desafió a Iván Cepeda a un debate con una frase lapidaria: “¿Ahora sí, cobarde?”"
2026-06-01,2026-W23,nacional,PERFIL,Nacional,Nacional,Nacional,https://www.perfil.com,Los activos argentinos extienden las ganancias y el riesgo país se mantiene por debajo de los 500 puntos
2026-06-01,2026-W23,nacional,PERFIL,Nacional,Nacional,Nacional,https://www.perfil.com,"""Ni Una Menos Córdoba"" sobre el femicidio de Agostina: ""La justicia llega muy tarde y nos siguen ninguneando"""
2026-06-01,2026-W23,nacional,PERFIL,Nacional,Nacional,Nacional,https://www.perfil.com,Claudio Úbeda dejó de ser el técnico de Boca: los detalles y sus números
2026-06-01,2026-W23,nacional,PERFIL,Nacional,Nacional,Nacional,https://www.perfil.com,Alerta escolar: la palabra “suicidio” comienza a aparecer en edades más tempranas
2026-06-01,2026-W23,nacional,PERFIL,Nacional,Nacional,Nacional,https://www.perfil.com,Entradas prohibitivas y el nuevo filtro económico que aleja a los hinchas del Mundial 2026
2026-06-01,2026-W23,nacional,PERFIL,Nacional,Nacional,Nacional,https://www.perfil.com,Dólar hoy: cerró este lunes 1 de junio a $1.435 para la venta
2026-06-01,2026-W23,nacional,PERFIL,Nacional,Nacional,Nacional,https://www.perfil.com,La Corte Suprema dejó firme una condena a cadena perpetua por un femicidio
2026-06-01,2026-W23,nacional,PERFIL,Nacional,Nacional,Nacional,https://www.perfil.com,"""¡Mi novio me tiene de rehén!"": el último y desesperado pedido de ayuda de una mujer antes de ser asesinada en Temperley"
2026-06-01,2026-W23,nacional,PERFIL,Nacional,Nacional,Nacional,https://www.perfil.com,Abelardo de la Espriella en Colombia imitó la campaña de Milei y se hizo llamar ‘tigre’
2026-06-01,2026-W23,nacional,PERFIL,Nacional,Nacional,Nacional,https://www.perfil.com,"Caso Agostina: De Loredo denuncia vínculos delictivos entre barras, la policía y la gobernación cordobesa"
2026-06-01,2026-W23,nacional,PERFIL,Nacional,Nacional,Nacional,https://www.perfil.com,Alejandro Vanoli: “La macro se puede despegar de la economía real por poco tiempo”
2026-06-01,2026-W23,nacional,PERFIL,Nacional,Nacional,Nacional,https://www.perfil.com,Peteco Carabajal: “Nos han vendido el personaje de 'El loco'”
2026-06-01,2026-W23,nacional,PERFIL,Nacional,Nacional,Nacional,https://www.perfil.com,"Experto en impuestos sobre las recomendaciones del FMI: “El capital es mimoso, va a donde lo tratan mejor”"
2026-06-01,2026-W23,nacional,PERFIL,Nacional,Nacional,Nacional,https://www.perfil.com,La OIT toma el modelo de contratación de la UOCRA para la relación laboral de las plataformas
2026-06-01,2026-W23,nacional,PERFIL,Nacional,Nacional,Nacional,https://www.perfil.com,María Eugenia Talerico: “Necesitamos que Macri se plante y sea la alternativa a Milei”
2026-06-01,2026-W23,nacional,PERFIL,Nacional,Nacional,Nacional,https://www.perfil.com,Del PRO al “Rufusgate” de Martín Menem
2026-06-01,2026-W23,nacional,PERFIL,Nacional,Nacional,Nacional,https://www.perfil.com,"La demora de ""Infobae"" y el vínculo de Leal con Scatturice y con Santiago Caputo"
2026-06-01,2026-W23,nacional,PERFIL,Nacional,Nacional,Nacional,https://www.perfil.com,El factor Adorni y las verdaderas terminales del poder en la Casa Rosada
2026-06-01,2026-W23,nacional,PERFIL,Nacional,Nacional,Nacional,https://www.perfil.com,El Gobierno reglamentó el nuevo Fondo de Asistencia Laboral que comenzará a operar en noviembre de 2026
2026-06-01,2026-W23,nacional,PERFIL,Nacional,Nacional,Nacional,https://www.perfil.com,¡Mirá en vivo Canal E!: toda la información económica
2026-06-01,2026-W23,nacional,PERFIL,Nacional,Nacional,Nacional,https://www.perfil.com,Orlando Ferreres dijo que el salario real tuvo “una caída importante del 6%” en relación al pico de 2023
2026-06-01,2026-W23,nacional,PERFIL,Nacional,Nacional,Nacional,https://www.perfil.com,Mercados: la tensión en Medio Oriente impulsa al petróleo y mejora las perspectivas para Argentina
2026-06-01,2026-W23,nacional,PERFIL,Nacional,Nacional,Nacional,https://www.perfil.com,"Riesgo país debajo de 500 puntos: qué espera el mercado para el dólar, las reservas y la economía argentina"
2026-06-01,2026-W23,nacional,PERFIL,Nacional,Nacional,Nacional,https://www.perfil.com,Gustavo Neffa: “La inflación es una batalla que todavía el Gobierno no puede decir que la ganó”
2026-06-01,2026-W23,nacional,PERFIL,Nacional,Nacional,Nacional,https://www.perfil.com,"Pablo Sestrari advirtió sobre la situación de las PyMEs: ""Le pedimos al gobierno nacional o provincial que nos dé tiempo"""
2026-06-01,2026-W23,nacional,PERFIL,Nacional,Nacional,Nacional,https://www.perfil.com,Fernando Camusso: “Para el mercado todavía tenemos un tipo de cambio nominal en cuasi equilibrio”
2026-06-01,2026-W23,nacional,PERFIL,Nacional,Nacional,Nacional,https://www.perfil.com,"Quién es Abelardo de la Espriella, el ""outsider"" que busca la presidencia con una derecha radical"
2026-06-01,2026-W23,nacional,PERFIL,Nacional,Nacional,Nacional,https://www.perfil.com,En el Mar Argentino no se puede aplicar ningún programa de protección de bienes comunes globales
2026-06-01,2026-W23,nacional,PERFIL,Nacional,Nacional,Nacional,https://www.perfil.com,"Junio llega con aguinaldo y aumentos: suben transporte, alquileres, prepagas, colegios y servicios"
2026-06-01,2026-W23,nacional,PERFIL,Nacional,Nacional,Nacional,https://www.perfil.com,La Justicia avanza sobre los contratos de la esposa de Adorni con proveedores del Estado
2026-06-01,2026-W23,nacional,PERFIL,Nacional,Nacional,Nacional,https://www.perfil.com,Trabajos físicos y madrugada con alerta de tornados: así fueron las primeras horas de Argentina en Kansas City
2026-06-01,2026-W23,nacional,PERFIL,Nacional,Nacional,Nacional,https://www.perfil.com,"Enzo Fernández: “Siento que todavía no mostré todo lo que puedo dar. Estoy en un momento de crecimiento"""
2026-06-01,2026-W23,nacional,PERFIL,Nacional,Nacional,Nacional,https://www.perfil.com,Otro caso de público enojado: el rapero Travis Scott indignó a sus fans en Turquía con un concierto caro y de 20 minutos
2026-06-01,2026-W23,nacional,PERFIL,Nacional,Nacional,Nacional,https://www.perfil.com,“Comerás flores”: El libro del que todos hablan
2026-06-01,2026-W23,nacional,PERFIL,Nacional,Nacional,Nacional,https://www.perfil.com,"El Club Francés celebró sus 160 años entre libros, homenajes y esgrima"
2026-06-01,2026-W23,nacional,PERFIL,Nacional,Nacional,Nacional,https://www.perfil.com,Vacaciones de invierno fuera de ruta en tu Weekend de junio
2026-06-01,2026-W23,nacional,PERFIL,Nacional,Nacional,Nacional,https://www.perfil.com,"Por qué Thiel eligió Argentina: impuestos, ""afinidad con Milei"" y la sombra de Palantir en el Estado"
2026-06-01,2026-W23,nacional,PERFIL,Nacional,Nacional,Nacional,https://www.perfil.com,El bolsillo se achica y cambian los hábitos de consumo: los argentinos compran menos veces y achican formatos
2026-06-01,2026-W23,nacional,PERFIL,Nacional,Nacional,Nacional,https://www.perfil.com,"Tim Payne, de fugarse manejando borracho un carrito de golf a ser el gran fenómeno viral del Mundial 2026"
2026-06-01,2026-W23,nacional,EL DESTAPE,Nacional,Nacional,Nacional,https://www.eldestapeweb.com,El Destape - Sigamos Haciendo Historia
2026-06-01,2026-W23,nacional,EL DESTAPE,Nacional,Nacional,Nacional,https://www.eldestapeweb.com,Agostina Vega: las tres preguntas que tiene que responder la Justicia
2026-06-01,2026-W23,nacional,EL DESTAPE,Nacional,Nacional,Nacional,https://www.eldestapeweb.com,"Con la carne por las nubes, los bolsillos sufren por las subas del cerdo y el pollo"
2026-06-01,2026-W23,nacional,EL DESTAPE,Nacional,Nacional,Nacional,https://www.eldestapeweb.com,"Por el atraso cambiario, los exportadores de granos retienen la liquidación de su cosecha"
2026-06-01,2026-W23,nacional,EL DESTAPE,Nacional,Nacional,Nacional,https://www.eldestapeweb.com,Agostina Vega fue asesinada por asfixia: qué dice la autopsia
2026-06-01,2026-W23,nacional,EL DESTAPE,Nacional,Nacional,Nacional,https://www.eldestapeweb.com,Los cambios en jubilaciones que se reglamentaron con la reforma laboral
2026-06-01,2026-W23,nacional,EL DESTAPE,Nacional,Nacional,Nacional,https://www.eldestapeweb.com,Cambios en licencias y recibos de sueldos: se reglamentó la reforma laboral
2026-06-01,2026-W23,nacional,EL DESTAPE,Nacional,Nacional,Nacional,https://www.eldestapeweb.com,"A diez días del ""cerrado por Mundial"""
2026-06-01,2026-W23,nacional,EL DESTAPE,Nacional,Nacional,Nacional,https://www.eldestapeweb.com,Cómo participar en el Prode de El Destape: guía paso a paso para jugar el Mundial 2026
2026-06-01,2026-W23,nacional,EL DESTAPE,Nacional,Nacional,Nacional,https://www.eldestapeweb.com,La Selección ya está completa en Kansas y planifica el Mundial: el itinerario
2026-06-01,2026-W23,nacional,EL DESTAPE,Nacional,Nacional,Nacional,https://www.eldestapeweb.com,"Cepeda moderó las denuncias contra el conteo rápido: ""No hemos encontrado evidencia"""
2026-06-01,2026-W23,nacional,EL DESTAPE,Nacional,Nacional,Nacional,https://www.eldestapeweb.com,Kirchner contra Milei: debate sobre los superávits gemelos
2026-06-01,2026-W23,nacional,EL DESTAPE,Nacional,Nacional,Nacional,https://www.eldestapeweb.com,Colombia va al balotaje: el oficialismo no reconoce el conteo y la derecha se ve ganadora
2026-06-01,2026-W23,nacional,EL DESTAPE,Nacional,Nacional,Nacional,https://www.eldestapeweb.com,"La inflación volvió a desacelerar en mayo, pero se mantiene arriba del 2%"
2026-06-01,2026-W23,nacional,EL DESTAPE,Nacional,Nacional,Nacional,https://www.eldestapeweb.com,Menos controles y más impunidad empresaria: el ajuste que desmantela la política laboral
2026-06-01,2026-W23,nacional,EL DESTAPE,Nacional,Nacional,Nacional,https://www.eldestapeweb.com,Otro aumento del transporte: cuánto cuesta viajar en colectivos y subtes
2026-06-01,2026-W23,nacional,EL DESTAPE,Nacional,Nacional,Nacional,https://www.eldestapeweb.com,"A semanas de asumir, renunció el titular del Ente Regulador del Gas y la Electricidad"
2026-06-01,2026-W23,nacional,EL DESTAPE,Nacional,Nacional,Nacional,https://www.eldestapeweb.com,Alerta en PBA por el aumento de ocupación de camas de cara al invierno: “Es grave”
2026-06-01,2026-W23,nacional,EL DESTAPE,Nacional,Nacional,Nacional,https://www.eldestapeweb.com,Irán suspendió las negociaciones con Estados Unidos por los ataques en el Líbano
2026-06-01,2026-W23,nacional,EL DESTAPE,Nacional,Nacional,Nacional,https://www.eldestapeweb.com,Pettovello se reunió con el Papa tras el fuerte discurso de la Iglesia sobre la crisis
2026-06-01,2026-W23,nacional,EL DESTAPE,Nacional,Nacional,Nacional,https://www.eldestapeweb.com,Senado: el peronismo denunciará a Villarruel y Bullrich por discriminación
2026-06-01,2026-W23,nacional,EL DESTAPE,Nacional,Nacional,Nacional,https://www.eldestapeweb.com,Los dólares oficial y financieros cerraron en alza mientras el blue no tuvo cambios
2026-06-01,2026-W23,nacional,EL DESTAPE,Nacional,Nacional,Nacional,https://www.eldestapeweb.com,La industria pesquera encendió las alarmas y pide la emergencia
2026-06-01,2026-W23,nacional,EL DESTAPE,Nacional,Nacional,Nacional,https://www.eldestapeweb.com,Colectivos: la nueva definición del Gobierno que podría afectar las frecuencias
2026-06-01,2026-W23,nacional,EL DESTAPE,Nacional,Nacional,Nacional,https://www.eldestapeweb.com,"Monteoliva pidió ""conocer la verdad completa"" en el caso Agostina Vega"
2026-06-01,2026-W23,nacional,EL DESTAPE,Nacional,Nacional,Nacional,https://www.eldestapeweb.com,"Fixture del Mundial 2026: todos los partidos, grupos y horarios de la Selección Argentina"
2026-06-01,2026-W23,nacional,EL DESTAPE,Nacional,Nacional,Nacional,https://www.eldestapeweb.com,Oficial: la lista de la Selección Argentina para el Mundial
2026-06-01,2026-W23,nacional,EL DESTAPE,Nacional,Nacional,Nacional,https://www.eldestapeweb.com,A contrarreloj: así será la recuperación de Paredes para llegar al Mundial
2026-06-01,2026-W23,nacional,EL DESTAPE,Nacional,Nacional,Nacional,https://www.eldestapeweb.com,Nuevas reglas para el Mundial: límites de tiempo y cambios en el VAR
2026-06-01,2026-W23,nacional,EL DESTAPE,Nacional,Nacional,Nacional,https://www.eldestapeweb.com,Así quedó la lista de 26 jugadores de la Selección Argentina para el Mundial
2026-06-01,2026-W23,nacional,EL DESTAPE,Nacional,Nacional,Nacional,https://www.eldestapeweb.com,Telefe confirmó cuáles son todos los partidos que transmite en el Mundial 2026
2026-06-01,2026-W23,nacional,EL DESTAPE,Nacional,Nacional,Nacional,https://www.eldestapeweb.com,Cavallo presionó a Milei por el fin del cepo y planteó 2 claves para bajar la inflación
2026-06-01,2026-W23,nacional,EL DESTAPE,Nacional,Nacional,Nacional,https://www.eldestapeweb.com,El seleccionador de Bélgica insiste en que Lukaku está en vías de recuperación
2026-06-01,2026-W23,nacional,EL DESTAPE,Nacional,Nacional,Nacional,https://www.eldestapeweb.com,Noruega se impone 3-1 a Suecia antes del Mundial y con Haaland en las tribunas
2026-06-01,2026-W23,nacional,EL DESTAPE,Nacional,Nacional,Nacional,https://www.eldestapeweb.com,F1: la FIA limita la velocidad máxima para el Gran Premio de Mónaco
2026-06-01,2026-W23,nacional,EL DESTAPE,Nacional,Nacional,Nacional,https://www.eldestapeweb.com,"Parece Italia, pero queda en Buenos Aires: el pintoresco paseo para conocer"
2026-06-01,2026-W23,nacional,EL DESTAPE,Nacional,Nacional,Nacional,https://www.eldestapeweb.com,Chau Úbeda: Riquelme le confirmó que se va y busca DT para Boca
2026-06-01,2026-W23,nacional,EL DESTAPE,Nacional,Nacional,Nacional,https://www.eldestapeweb.com,Repudiables declaraciones de Majul sobre el femicidio de Agostina Vega
2026-06-01,2026-W23,nacional,EL DESTAPE,Nacional,Nacional,Nacional,https://www.eldestapeweb.com,Armado federal con miras a 2027: Kicillof viaja a Corrientes y se reúne con Valdés
2026-06-01,2026-W23,nacional,EL DESTAPE,Nacional,Nacional,Nacional,https://www.eldestapeweb.com,"Según Seguridad, en 2025 se registró “la menor tasa de homicidios de su historia"""
2026-06-01,2026-W23,nacional,EL DESTAPE,Nacional,Nacional,Nacional,https://www.eldestapeweb.com,Alpine no se vende: el nuevo bloqueo del Grupo Renault
2026-06-01,2026-W23,nacional,EL DESTAPE,Nacional,Nacional,Nacional,https://www.eldestapeweb.com,Por dónde ver todos los partidos del Mundial 2026 sin pagar extra con una plataforma
2026-06-01,2026-W23,nacional,EL DESTAPE,Nacional,Nacional,Nacional,https://www.eldestapeweb.com,Colapinto explicó por qué Mónaco será difícil para Alpine: “Muy lento”
2026-06-01,2026-W23,nacional,EL DESTAPE,Nacional,Nacional,Nacional,https://www.eldestapeweb.com,Reinventar tu trabajo: consejos claves para cambiar de rumbo sin miedo
2026-06-01,2026-W23,nacional,EL DESTAPE,Nacional,Nacional,Nacional,https://www.eldestapeweb.com,Liberaron cinco ejemplares de un ave amenazada en La Pampa
2026-06-01,2026-W23,nacional,EL DESTAPE,Nacional,Nacional,Nacional,https://www.eldestapeweb.com,"Suben los casos de gripe, VSR y COVID: las señales de alarma que no hay que ignorar"
2026-06-01,2026-W23,nacional,EL DESTAPE,Nacional,Nacional,Nacional,https://www.eldestapeweb.com,"Es como caminar por Japón, pero queda en Buenos Aires"
2026-06-01,2026-W23,nacional,EL DESTAPE,Nacional,Nacional,Nacional,https://www.eldestapeweb.com,Sindicatos docentes de Corrientes rechazan el aumento que busca imponer Valdés
2026-06-01,2026-W23,nacional,EL DESTAPE,Nacional,Nacional,Nacional,https://www.eldestapeweb.com,"En medio del ajuste de Milei y Zdero, Capitanich impulsa un fondo para sostener hospitales"
2026-06-01,2026-W23,nacional,EL DESTAPE,Nacional,Nacional,Nacional,https://www.eldestapeweb.com,Milei busca un Congreso activo previo al Mundial y la oposición analiza sus proyectos
2026-06-01,2026-W23,nacional,LA POLÍTICA ONLINE,Nacional,Nacional,Nacional,https://www.lapoliticaonline.com.ar,En el gobierno preocupa que la declaración jurada de Adorni reavive el escándalo
2026-06-01,2026-W23,nacional,LA POLÍTICA ONLINE,Nacional,Nacional,Nacional,https://www.lapoliticaonline.com.ar,El secretario legal de Caputo renunció por diferencias con el Súper RIGI
2026-06-01,2026-W23,nacional,LA POLÍTICA ONLINE,Nacional,Nacional,Nacional,https://www.lapoliticaonline.com.ar,En Mar del Plata los concejales libertarios quieren crear una tasa para Uber y generan ruido con Caputo
2026-06-01,2026-W23,nacional,LA POLÍTICA ONLINE,Nacional,Nacional,Nacional,https://www.lapoliticaonline.com.ar,"Giro en la estrategia de Karina, ahora analiza bajar candidatos y acordar con los gobernadores en el 2027"
2026-06-01,2026-W23,nacional,LA POLÍTICA ONLINE,Nacional,Nacional,Nacional,https://www.lapoliticaonline.com.ar,Picardi citó a indagatoria a un empresario vinculado a los Menem por sospechas de lavado en Andis
2026-06-01,2026-W23,nacional,LA POLÍTICA ONLINE,Nacional,Nacional,Nacional,https://www.lapoliticaonline.com.ar,El veto a la cuñada de Alconada Mon complica los planes del gobierno para aprobar pliegos de jueces en el Senado
2026-06-01,2026-W23,nacional,LA POLÍTICA ONLINE,Nacional,Nacional,Nacional,https://www.lapoliticaonline.com.ar,"Los 12 diputados del PRO, la barrera del gobierno para eliminar las PASO"
2026-06-01,2026-W23,nacional,LA POLÍTICA ONLINE,Nacional,Nacional,Nacional,https://www.lapoliticaonline.com.ar,"El gobierno festeja la suba de la recaudación en mayo, pero advierten que impacta el pago de Ganancias"
2026-06-01,2026-W23,nacional,LA POLÍTICA ONLINE,Nacional,Nacional,Nacional,https://www.lapoliticaonline.com.ar,La autopsia confirma que el cuerpo de Agostina fue desmembrado
2026-06-01,2026-W23,nacional,LA POLÍTICA ONLINE,Nacional,Nacional,Nacional,https://www.lapoliticaonline.com.ar,"""Si Abelardo no logra definir su modelo de país, el voto puede irse a Cepeda"""
2026-06-01,2026-W23,nacional,LA POLÍTICA ONLINE,Nacional,Nacional,Nacional,https://www.lapoliticaonline.com.ar,El Milei colombiano sorprende y gana la primera vuelta al candidato de Petro
2026-06-01,2026-W23,nacional,LA POLÍTICA ONLINE,Nacional,Nacional,Nacional,https://www.lapoliticaonline.com.ar,Paloma Valencia ya envía señales a favor de De la Espriella y Uribe vive sus horas más bajas
2026-06-01,2026-W23,nacional,LA POLÍTICA ONLINE,Nacional,Nacional,Nacional,https://www.lapoliticaonline.com.ar,El triunfo de De la Espriella fue un revés para Petro y surgen fricciones en el Pacto Histórico
2026-06-01,2026-W23,nacional,LA POLÍTICA ONLINE,Nacional,Nacional,Nacional,https://www.lapoliticaonline.com.ar,Petro desconoció el triunfo de De la Espriella y atacó a la empresa a cargo del escrutinio
2026-06-01,2026-W23,nacional,LA POLÍTICA ONLINE,Nacional,Nacional,Nacional,https://www.lapoliticaonline.com.ar,Cepeda ante el desafío de derrotar al clima de época
2026-06-01,2026-W23,nacional,LA POLÍTICA ONLINE,Nacional,Nacional,Nacional,https://www.lapoliticaonline.com.ar,Protestas en Córdoba después que el fiscal pidiera una medalla para el perro que encontró el cuerpo de Agostina
2026-06-01,2026-W23,nacional,LA POLÍTICA ONLINE,Nacional,Nacional,Nacional,https://www.lapoliticaonline.com.ar,El fracaso que más le duele a Milei
2026-06-01,2026-W23,nacional,LA POLÍTICA ONLINE,Nacional,Nacional,Nacional,https://www.lapoliticaonline.com.ar,Macri imagina que Milei puede terminar siendo su Duhalde y allanarle el regreso en 2027
2026-06-01,2026-W23,nacional,LA POLÍTICA ONLINE,Nacional,Nacional,Nacional,https://www.lapoliticaonline.com.ar,Papelón de Pareja en San Lorenzo: su lista salió cuarta lejos
2026-06-01,2026-W23,nacional,LA POLÍTICA ONLINE,Nacional,Nacional,Nacional,https://www.lapoliticaonline.com.ar,Se derrumba el consumo en Córdoba y los comercios registran caídas de las ventas del 21%
2026-06-01,2026-W23,nacional,LA POLÍTICA ONLINE,Nacional,Nacional,Nacional,https://www.lapoliticaonline.com.ar,"Preocupado por contener intendentes, De Loredo ofrece una salida de tercera vía con Macri"
2026-06-01,2026-W23,nacional,LA POLÍTICA ONLINE,Nacional,Nacional,Nacional,https://www.lapoliticaonline.com.ar,"Por una acusación del juez Salmain, tambalea el pliego de un aspirante a Camarista que debe tratar el Senado"
2026-06-01,2026-W23,nacional,LA POLÍTICA ONLINE,Nacional,Nacional,Nacional,https://www.lapoliticaonline.com.ar,Granata estrenó su avatar de IA y fue blanco de las burlas de Hermana Beba
2026-06-01,2026-W23,nacional,LA POLÍTICA ONLINE,Nacional,Nacional,Nacional,https://www.lapoliticaonline.com.ar,Baja el riesgo país y Milei apuesta a tomar deuda por USD 25.000 millones para la reelección
2026-06-01,2026-W23,nacional,LA POLÍTICA ONLINE,Nacional,Nacional,Nacional,https://www.lapoliticaonline.com.ar,El pliego de la cuñada de Alconada Mon desató una feroz interna entre Bullrich y Mahiques
2026-06-01,2026-W23,nacional,LA POLÍTICA ONLINE,Nacional,Nacional,Nacional,https://www.lapoliticaonline.com.ar,Bronca de los empleados de la Rosada porque Karina los obliga a llevarse su propia leche
2026-06-01,2026-W23,nacional,LA POLÍTICA ONLINE,Nacional,Nacional,Nacional,https://www.lapoliticaonline.com.ar,Cae en picada el consumo de leche y avanzan los sustitutos lácteos más baratos
2026-06-01,2026-W23,nacional,LA POLÍTICA ONLINE,Nacional,Nacional,Nacional,https://www.lapoliticaonline.com.ar,La compra de dólares para ahorro triplica lo que genera Vaca Muerta
2026-06-01,2026-W23,nacional,LA POLÍTICA ONLINE,Nacional,Nacional,Nacional,https://www.lapoliticaonline.com.ar,"Kicillof denunció un ""negocio inmobiliario"" con los hoteles de Chapadmalal y reclama el traspaso a la Provincia"
2026-06-01,2026-W23,nacional,LA POLÍTICA ONLINE,Nacional,Nacional,Nacional,https://www.lapoliticaonline.com.ar,¿El crecimiento en las encuestas de Bregman complica a Milei o Kicillof?
2026-06-01,2026-W23,nacional,LA POLÍTICA ONLINE,Nacional,Nacional,Nacional,https://www.lapoliticaonline.com.ar,La guerra interna de los Neuss impacta en la venta de Metrogas
2026-06-01,2026-W23,nacional,LA POLÍTICA ONLINE,Nacional,Nacional,Nacional,https://www.lapoliticaonline.com.ar,"Lemoine acusó al ""Galleguito"" Álvarez de conspirar con Pagano contra Milei"
2026-06-01,2026-W23,nacional,LA POLÍTICA ONLINE,Nacional,Nacional,Nacional,https://www.lapoliticaonline.com.ar,Ahora revelan que el padre de Adorni también recurrió a dos jubiladas prestamistas para conseguir plata
2026-06-01,2026-W23,nacional,LA POLÍTICA ONLINE,Nacional,Nacional,Nacional,https://www.lapoliticaonline.com.ar,El costo fiscal del RIGI hasta ahora es de 1 punto del PBI
2026-06-01,2026-W23,nacional,LA POLÍTICA ONLINE,Nacional,Nacional,Nacional,https://www.lapoliticaonline.com.ar,El Gobierno apuesta a un Tratado de Libre Comercio con Japón y tensiona con Brasil
2026-06-01,2026-W23,nacional,LA POLÍTICA ONLINE,Nacional,Nacional,Nacional,https://www.lapoliticaonline.com.ar,Karina ahora no descarta cerrar un acuerdo con Jorge Macri
2026-06-01,2026-W23,nacional,LA POLÍTICA ONLINE,Nacional,Nacional,Nacional,https://www.lapoliticaonline.com.ar,Hay compras récord de reservas pero al Tesoro todavía le faltan USD 1000 millones para el vencimiento de julio
2026-06-01,2026-W23,nacional,LA POLÍTICA ONLINE,Nacional,Nacional,Nacional,https://www.lapoliticaonline.com.ar,Sturzenegger ahora choca con el titular del Conicet por la ley de patentes
2026-06-01,2026-W23,nacional,LA POLÍTICA ONLINE,Nacional,Nacional,Nacional,https://www.lapoliticaonline.com.ar,"El rulo contable de Caputo que molesta al FMI: rescata deuda en dólares con pesos para ""sanear"" el Banco Central"
2026-06-01,2026-W23,nacional,LA POLÍTICA ONLINE,Nacional,Nacional,Nacional,https://www.lapoliticaonline.com.ar,El buen balance de Macro confirma el rebote de los bancos
2026-06-01,2026-W23,nacional,LA POLÍTICA ONLINE,Nacional,Nacional,Nacional,https://www.lapoliticaonline.com.ar,Un senador peronista quiere crear un registro oficial de ovnis
2026-06-01,2026-W23,nacional,LA POLÍTICA ONLINE,Nacional,Nacional,Nacional,https://www.lapoliticaonline.com.ar,El intendente Ghi enfrenta una interpelación por el escándalo narco de Morón
2026-06-01,2026-W23,nacional,LA POLÍTICA ONLINE,Nacional,Nacional,Nacional,https://www.lapoliticaonline.com.ar,Intendentes radicales niegan un acercamiento a Kicillof y uno ya se lanzó para la Gobernación
2026-06-01,2026-W23,nacional,LA POLÍTICA ONLINE,Nacional,Nacional,Nacional,https://www.lapoliticaonline.com.ar,"Kicillof multará a Mercado Libre por más de 1.800 millones si no elimina ""cláusulas abusivas"""
2026-06-01,2026-W23,nacional,LA POLÍTICA ONLINE,Nacional,Nacional,Nacional,https://www.lapoliticaonline.com.ar,Malestar en el PJ de Córdoba por la detención de un puntero vinculado al jefe de las 62 organizaciones
2026-06-01,2026-W23,nacional,LA POLÍTICA ONLINE,Nacional,Nacional,Nacional,https://www.lapoliticaonline.com.ar,Main Street vs Wall Street
2026-06-01,2026-W23,nacional,LA POLÍTICA ONLINE,Nacional,Nacional,Nacional,https://www.lapoliticaonline.com.ar,La justicia investiga las tasas que cobra el Santander a sus clientes por las deudas de tarjeta
2026-06-01,2026-W23,nacional,LA POLÍTICA ONLINE,Nacional,Nacional,Nacional,https://www.lapoliticaonline.com.ar,Rosenfeld cruzó a Santacroce por irse al Mundial en medio de un divorcio explosivo
2026-06-01,2026-W23,nacional,LA POLÍTICA ONLINE,Nacional,Nacional,Nacional,https://www.lapoliticaonline.com.ar,La Magistratura dejó al juez federal Salmain al borde del Juicio político y puede ir preso
2026-06-01,2026-W23,nacional,LA POLÍTICA ONLINE,Nacional,Nacional,Nacional,https://www.lapoliticaonline.com.ar,El rechazo a Milei bajó 5 puntos en mayo y está en 58 por ciento
2026-06-01,2026-W23,nacional,TIEMPO ARGENTINO,Nacional,Nacional,Nacional,https://www.tiempoar.com.ar,Tiempo Argentino
2026-06-01,2026-W23,nacional,TIEMPO ARGENTINO,Nacional,Nacional,Nacional,https://www.tiempoar.com.ar,Las vaquitas son ajenas
2026-06-01,2026-W23,nacional,TIEMPO ARGENTINO,Nacional,Nacional,Nacional,https://www.tiempoar.com.ar,Milei reglamentó la reforma que cede el dinero de la indemnización de los trabajadores a la ruleta financiera
2026-06-01,2026-W23,nacional,TIEMPO ARGENTINO,Nacional,Nacional,Nacional,https://www.tiempoar.com.ar,vivir cuesta vida
2026-06-01,2026-W23,nacional,TIEMPO ARGENTINO,Nacional,Nacional,Nacional,https://www.tiempoar.com.ar,Más aumentos: cuánto costará el transporte en el AMBA
2026-06-01,2026-W23,nacional,TIEMPO ARGENTINO,Nacional,Nacional,Nacional,https://www.tiempoar.com.ar,MEDIDAS SORPRESIVAS
2026-06-01,2026-W23,nacional,TIEMPO ARGENTINO,Nacional,Nacional,Nacional,https://www.tiempoar.com.ar,Los metrodelegados levantaron el paro sorpresivo en la Línea C y se normaliza el servicio de subtes
2026-06-01,2026-W23,nacional,TIEMPO ARGENTINO,Nacional,Nacional,Nacional,https://www.tiempoar.com.ar,Sumate a nuestro NEWSLETTER
2026-06-01,2026-W23,nacional,TIEMPO ARGENTINO,Nacional,Nacional,Nacional,https://www.tiempoar.com.ar,"De lunes a viernes, la información necesaria para arrancar el día."
2026-06-01,2026-W23,nacional,TIEMPO ARGENTINO,Nacional,Nacional,Nacional,https://www.tiempoar.com.ar,La muerte ocurrió por asfixia
2026-06-01,2026-W23,nacional,TIEMPO ARGENTINO,Nacional,Nacional,Nacional,https://www.tiempoar.com.ar,Caso Agostina: se conoció la autopsia y la Justicia imputó por femicidio Barrelier
2026-06-01,2026-W23,nacional,TIEMPO ARGENTINO,Nacional,Nacional,Nacional,https://www.tiempoar.com.ar,llamado a una masiva marcha para este miércoles
2026-06-01,2026-W23,nacional,TIEMPO ARGENTINO,Nacional,Nacional,Nacional,https://www.tiempoar.com.ar,La conferencia de prensa por Ni Una Menos
2026-06-01,2026-W23,nacional,TIEMPO ARGENTINO,Nacional,Nacional,Nacional,https://www.tiempoar.com.ar,UNIR LAS LUCHAS ES LA TAREA
2026-06-01,2026-W23,nacional,TIEMPO ARGENTINO,Nacional,Nacional,Nacional,https://www.tiempoar.com.ar,"Nos siguen matando, seguimos marchando"
2026-06-01,2026-W23,nacional,TIEMPO ARGENTINO,Nacional,Nacional,Nacional,https://www.tiempoar.com.ar,ADORNI Y UN POSTEO BORRADO
2026-06-01,2026-W23,nacional,TIEMPO ARGENTINO,Nacional,Nacional,Nacional,https://www.tiempoar.com.ar,De “ñoquis” a “héroes”: el Gobierno lanza su documental sobre el Garrahan y reflota el conflicto
2026-06-01,2026-W23,nacional,TIEMPO ARGENTINO,Nacional,Nacional,Nacional,https://www.tiempoar.com.ar,otro negocio para privados
2026-06-01,2026-W23,nacional,TIEMPO ARGENTINO,Nacional,Nacional,Nacional,https://www.tiempoar.com.ar,"Trenes Argentinos Cargas: pese a la privatización, las obras de infraestructura las pagará el Estado"
2026-06-01,2026-W23,nacional,TIEMPO ARGENTINO,Nacional,Nacional,Nacional,https://www.tiempoar.com.ar,Informe de ACARA
2026-06-01,2026-W23,nacional,TIEMPO ARGENTINO,Nacional,Nacional,Nacional,https://www.tiempoar.com.ar,"Los patentamientos de autos cayeron 25,6% en mayo"
2026-06-01,2026-W23,nacional,TIEMPO ARGENTINO,Nacional,Nacional,Nacional,https://www.tiempoar.com.ar,A 50 años del golpe
2026-06-01,2026-W23,nacional,TIEMPO ARGENTINO,Nacional,Nacional,Nacional,https://www.tiempoar.com.ar,El Canal San Fernando fue señalizado como sitio de memoria
2026-06-01,2026-W23,nacional,TIEMPO ARGENTINO,Nacional,Nacional,Nacional,https://www.tiempoar.com.ar,Once días para el comienzo
2026-06-01,2026-W23,nacional,TIEMPO ARGENTINO,Nacional,Nacional,Nacional,https://www.tiempoar.com.ar,La Selección de Scaloni llegó a Estados Unidos para defender el Mundial de Qatar 2022
2026-06-01,2026-W23,nacional,TIEMPO ARGENTINO,Nacional,Nacional,Nacional,https://www.tiempoar.com.ar,¿Otro ajuste en la educación porteña?
2026-06-01,2026-W23,nacional,TIEMPO ARGENTINO,Nacional,Nacional,Nacional,https://www.tiempoar.com.ar,"Flexibilidad, restricción y virtualidad: algunos puntos de los cambios en la formación docente del PRO"
2026-06-01,2026-W23,nacional,TIEMPO ARGENTINO,Nacional,Nacional,Nacional,https://www.tiempoar.com.ar,PATRIMONIO EN JAQUE
2026-06-01,2026-W23,nacional,TIEMPO ARGENTINO,Nacional,Nacional,Nacional,https://www.tiempoar.com.ar,Kicillof volvió a pedirle a Nación que le transfiera el predio de Chapadmalal
2026-06-01,2026-W23,nacional,TIEMPO ARGENTINO,Nacional,Nacional,Nacional,https://www.tiempoar.com.ar,Karina no logra armar su propia orga digital y Las Fuerzas del Cielo se imponen en la calle tuitera
2026-06-01,2026-W23,nacional,TIEMPO ARGENTINO,Nacional,Nacional,Nacional,https://www.tiempoar.com.ar,LA INTERNA DE LOS SÚPER RICOS
2026-06-01,2026-W23,nacional,TIEMPO ARGENTINO,Nacional,Nacional,Nacional,https://www.tiempoar.com.ar,Círculo Rojo: crece la tensión entre gurkas mileístas y los que quieren recambio
2026-06-01,2026-W23,nacional,TIEMPO ARGENTINO,Nacional,Nacional,Nacional,https://www.tiempoar.com.ar,Tensión en el Atlántico
2026-06-01,2026-W23,nacional,TIEMPO ARGENTINO,Nacional,Nacional,Nacional,https://www.tiempoar.com.ar,Rusia acusa a Francia de “piratería” tras la captura de un petrolero vinculado a Moscú
2026-06-01,2026-W23,nacional,TIEMPO ARGENTINO,Nacional,Nacional,Nacional,https://www.tiempoar.com.ar,guerra en medio oriente
2026-06-01,2026-W23,nacional,TIEMPO ARGENTINO,Nacional,Nacional,Nacional,https://www.tiempoar.com.ar,Irán atacó una base de EEUU en Kuwait en respuesta a nuevos bombardeos de Washington
2026-06-01,2026-W23,nacional,TIEMPO ARGENTINO,Nacional,Nacional,Nacional,https://www.tiempoar.com.ar,rebelión popular
2026-06-01,2026-W23,nacional,TIEMPO ARGENTINO,Nacional,Nacional,Nacional,https://www.tiempoar.com.ar,El Defensor del Pueblo y la Conferencia Episcopal de Bolivia llaman al diálogo tras casi un mes de protestas
2026-06-01,2026-W23,nacional,TIEMPO ARGENTINO,Nacional,Nacional,Nacional,https://www.tiempoar.com.ar,"Mientras Milei felicitó a De La Espriella, Petro no reconoció los resultados de Colombia"
2026-06-01,2026-W23,nacional,TIEMPO ARGENTINO,Nacional,Nacional,Nacional,https://www.tiempoar.com.ar,“Colombia ante una encrucijada”
2026-06-01,2026-W23,nacional,TIEMPO ARGENTINO,Nacional,Nacional,Nacional,https://www.tiempoar.com.ar,Elecciones en Colombia: Cepeda y el ultraderechista de la Espriella competirán en el balojate para definir al nuevo presidente
2026-06-01,2026-W23,nacional,TIEMPO ARGENTINO,Nacional,Nacional,Nacional,https://www.tiempoar.com.ar,LA PELEA POR EL PODER
2026-06-01,2026-W23,nacional,TIEMPO ARGENTINO,Nacional,Nacional,Nacional,https://www.tiempoar.com.ar,Tensas elecciones en Colombia: la derecha ataca de nuevo
2026-06-01,2026-W23,nacional,TIEMPO ARGENTINO,Nacional,Nacional,Nacional,https://www.tiempoar.com.ar,La otra deuda impagable
2026-06-01,2026-W23,nacional,TIEMPO ARGENTINO,Nacional,Nacional,Nacional,https://www.tiempoar.com.ar,CRÓNICA DE LA ASFIXIA
2026-06-01,2026-W23,nacional,TIEMPO ARGENTINO,Nacional,Nacional,Nacional,https://www.tiempoar.com.ar,Familias endeudadas: un drama social al borde de estallar
2026-06-01,2026-W23,nacional,TIEMPO ARGENTINO,Nacional,Nacional,Nacional,https://www.tiempoar.com.ar,El Gobierno bonaerense brinda una conferencia de prensa
2026-06-01,2026-W23,nacional,TIEMPO ARGENTINO,Nacional,Nacional,Nacional,https://www.tiempoar.com.ar,El costo de la vida
2026-06-01,2026-W23,nacional,TIEMPO ARGENTINO,Nacional,Nacional,Nacional,https://www.tiempoar.com.ar,Pobreza oculta: se agotaron los ahorros y las familias recurren a los préstamos con tasas usureras
2026-06-01,2026-W23,nacional,TIEMPO ARGENTINO,Nacional,Nacional,Nacional,https://www.tiempoar.com.ar,LA LIBERTAD DE EMBARGAR
2026-06-01,2026-W23,nacional,LA PRENSA,Nacional,Nacional,Nacional,https://www.laprensa.com.ar,La autopsia reveló que Agostina Vega falleció por asfixia mecánica
2026-06-01,2026-W23,nacional,LA PRENSA,Nacional,Nacional,Nacional,https://www.laprensa.com.ar,Reforma laboral: el Gobierno reglamentó el fondo para financiar indemnizaciones
2026-06-01,2026-W23,nacional,LA PRENSA,Nacional,Nacional,Nacional,https://www.laprensa.com.ar,Renunció el titular del Ente Nacional Regulador del Gas y la Electricidad a menos de un mes de haber asumido
2026-06-01,2026-W23,nacional,LA PRENSA,Nacional,Nacional,Nacional,https://www.laprensa.com.ar,Subte: se levantó el paro y la línea C ya circula entre cabeceras
2026-06-01,2026-W23,nacional,LA PRENSA,Nacional,Nacional,Nacional,https://www.laprensa.com.ar,Di Carlo anticipó una profunda renovación en River: “Se van a ir 15 jugadores”
2026-06-01,2026-W23,nacional,LA PRENSA,Nacional,Nacional,Nacional,https://www.laprensa.com.ar,El Ministerio de Seguridad informó que Argentina registró en 2025 “la menor tasa de homicidios de su historia”
2026-06-01,2026-W23,nacional,LA PRENSA,Nacional,Nacional,Nacional,https://www.laprensa.com.ar,Un micro que venía de La Salada chocó contra un camión y un auto en la Ruta 9 y le provocó heridas a cuatro personas
2026-06-01,2026-W23,nacional,LA PRENSA,Nacional,Nacional,Nacional,https://www.laprensa.com.ar,Habló la joven que fue raptada por Barrelier en 2025: “Me ató y me tapó la boca con cinta”
2026-06-01,2026-W23,nacional,LA PRENSA,Nacional,Nacional,Nacional,https://www.laprensa.com.ar,"Tras la seguidilla de fracasos, Ubeda dejó de ser el DT de Boca"
2026-06-01,2026-W23,nacional,LA PRENSA,Nacional,Nacional,Nacional,https://www.laprensa.com.ar,Netanyahu ataca los suburbios de Beirut mientras Hezbolá golpea el norte de Israel
2026-06-01,2026-W23,nacional,LA PRENSA,Nacional,Nacional,Nacional,https://www.laprensa.com.ar,El Papa recibió a la ministra Pettovello
2026-06-01,2026-W23,nacional,LA PRENSA,Nacional,Nacional,Nacional,https://www.laprensa.com.ar,Caso Agostina Vega: De Loredo impulsa el jury a los fiscales del caso
2026-06-01,2026-W23,nacional,LA PRENSA,Nacional,Nacional,Nacional,https://www.laprensa.com.ar,El paso a la inmortalidad del teniente Estévez
2026-06-01,2026-W23,nacional,LA PRENSA,Nacional,Nacional,Nacional,https://www.laprensa.com.ar,Los ingresos por el alquiler de viviendas no pagarán Ganancias
2026-06-01,2026-W23,nacional,LA PRENSA,Nacional,Nacional,Nacional,https://www.laprensa.com.ar,Los logros de una mujer del siglo XIX: Juana Manuela Gorriti
2026-06-01,2026-W23,nacional,LA PRENSA,Nacional,Nacional,Nacional,https://www.laprensa.com.ar,La expansión del auto eléctrico es ya imparable
2026-06-01,2026-W23,nacional,LA PRENSA,Nacional,Nacional,Nacional,https://www.laprensa.com.ar,Neymar se lesionó y se perderá el debut de Brasil con Marruecos
2026-06-01,2026-W23,nacional,LA PRENSA,Nacional,Nacional,Nacional,https://www.laprensa.com.ar,La Selección irá al Mundial 2026 con casi el mismo promedio de edad que en Qatar
2026-06-01,2026-W23,nacional,LA PRENSA,Nacional,Nacional,Nacional,https://www.laprensa.com.ar,Mundial 2026: Neymar sufrió un desgarro y encendió las alarmas en Brasil
2026-06-01,2026-W23,nacional,LA PRENSA,Nacional,Nacional,Nacional,https://www.laprensa.com.ar,Japón puede dar la sorpresa
2026-06-01,2026-W23,nacional,LA PRENSA,Nacional,Nacional,Nacional,https://www.laprensa.com.ar,Inglaterra presentó a sus convocados y hay polémica por las grandes figuras que quedaron marginadas
2026-06-01,2026-W23,nacional,LA PRENSA,Nacional,Nacional,Nacional,https://www.laprensa.com.ar,"Con el regreso de Neuer, Alemania presentó su lista de convocados para el Mundial 2026"
2026-06-01,2026-W23,nacional,LA PRENSA,Nacional,Nacional,Nacional,https://www.laprensa.com.ar,¿El fin del récord de 27 goles de la Hungría de Puskás?
2026-06-01,2026-W23,nacional,LA PRENSA,Nacional,Nacional,Nacional,https://www.laprensa.com.ar,Scaloni envió la prelista de la Argentina: quiénes son los elegidos
2026-06-01,2026-W23,nacional,LA PRENSA,Nacional,Nacional,Nacional,https://www.laprensa.com.ar,"“Creemos que Agostina fue asesinada en la casa del detenido”, afirmó el fiscal"
2026-06-01,2026-W23,nacional,LA PRENSA,Nacional,Nacional,Nacional,https://www.laprensa.com.ar,Violación del alto el fuego en Medio Oriente: Israel y Hezbolá intensifican los ataques
2026-06-01,2026-W23,nacional,LA PRENSA,Nacional,Nacional,Nacional,https://www.laprensa.com.ar,"El brasileño Fonseca, de 19 años, tumba al legendario Djokovic y lo despide de Roland Garros"
2026-06-01,2026-W23,nacional,LA PRENSA,Nacional,Nacional,Nacional,https://www.laprensa.com.ar,"Según The New York Times, la reunión de Trump con su gabinete en la Casa Blanca concluye sin ""una decisión final"" sobre Irán"
2026-06-01,2026-W23,nacional,LA PRENSA,Nacional,Nacional,Nacional,https://www.laprensa.com.ar,Trascendió el incentivo que Washington ofrece a Irán para firmar el acuerdo de paz
2026-06-01,2026-W23,nacional,LA PRENSA,Nacional,Nacional,Nacional,https://www.laprensa.com.ar,Libertadores: Rosario Central e Independiente Rivadavia jugarán ante clubes brasileños en octavos
2026-06-01,2026-W23,nacional,LA PRENSA,Nacional,Nacional,Nacional,https://www.laprensa.com.ar,China proclama su firme decisión de apoyar a Cuba
2026-06-01,2026-W23,nacional,LA PRENSA,Nacional,Nacional,Nacional,https://www.laprensa.com.ar,Netanyahu ordena al ejército extender el control sobre el 70 por ciento de la Franja de Gaza
2026-06-01,2026-W23,nacional,LA PRENSA,Nacional,Nacional,Nacional,https://www.laprensa.com.ar,"Garrincha, el rey de la gambeta"
2026-06-01,2026-W23,nacional,LA PRENSA,Nacional,Nacional,Nacional,https://www.laprensa.com.ar,"Just Fontaine, el goleador que marcó un récord con botines prestados"
2026-06-01,2026-W23,nacional,LA PRENSA,Nacional,Nacional,Nacional,https://www.laprensa.com.ar,"Fritz Walter, el tímido capitán que salvó su vida de milagro y lideró a Alemania hacia una victoria imposible"
2026-06-01,2026-W23,nacional,LA PRENSA,Nacional,Nacional,Nacional,https://www.laprensa.com.ar,"Meazza, el niño que se hizo grande y llevó a Italia a la cima"
2026-06-01,2026-W23,nacional,LA PRENSA,Nacional,Nacional,Nacional,https://www.laprensa.com.ar,"Luis Monti, el único finalista con dos camisetas diferentes"
2026-06-01,2026-W23,nacional,LA PRENSA,Nacional,Nacional,Nacional,https://www.laprensa.com.ar,"Nasazzi, el símbolo de la garra charrúa que conquistó al mundo"
2026-06-01,2026-W23,nacional,LA PRENSA,Nacional,Nacional,Nacional,https://www.laprensa.com.ar,"“¡Y ya lo ve, y ya lo ve… es el peruano y su ballet!”"
2026-06-01,2026-W23,nacional,LA PRENSA,Nacional,Nacional,Nacional,https://www.laprensa.com.ar,La pedagogía del honor en un mundo en disputa
2026-06-01,2026-W23,nacional,LA PRENSA,Nacional,Nacional,Nacional,https://www.laprensa.com.ar,Una odisea de supervivencia y coraje
2026-06-01,2026-W23,nacional,LA PRENSA,Nacional,Nacional,Nacional,https://www.laprensa.com.ar,“Todas las cosas que se hicieron fueron con temple y patriotismo”
2026-06-01,2026-W23,nacional,LA PRENSA,Nacional,Nacional,Nacional,https://www.laprensa.com.ar,La Argentina está obligada a crear poder
2026-06-01,2026-W23,nacional,LA PRENSA,Nacional,Nacional,Nacional,https://www.laprensa.com.ar,Mis reales superhéroes
2026-06-01,2026-W23,nacional,LA PRENSA,Nacional,Nacional,Nacional,https://www.laprensa.com.ar,Aniversario del combate de Manchalá
2026-06-01,2026-W23,nacional,LA PRENSA,Nacional,Nacional,Nacional,https://www.laprensa.com.ar,ARA General Belgrano
2026-06-01,2026-W23,nacional,LA PRENSA,Nacional,Nacional,Nacional,https://www.laprensa.com.ar,Hospital Pirovano
2026-06-01,2026-W23,nacional,LA PRENSA,Nacional,Nacional,Nacional,https://www.laprensa.com.ar,Muertos civiles
2026-06-01,2026-W23,nacional,LA PRENSA,Nacional,Nacional,Nacional,https://www.laprensa.com.ar,Carta a monseñor Jorge García Cuerva Arzobispo de Buenos Aires
2026-06-01,2026-W23,nacional,LA PRENSA,Nacional,Nacional,Nacional,https://www.laprensa.com.ar,¡Ay de los jueces que no hacen justicia!
2026-06-01,2026-W23,nacional,ÁMBITO FINANCIERO,Nacional,Nacional,Nacional,https://www.ambito.com,"El S&P Merval en dólares saltó a máximos de un año y medio, mientras el riesgo país cayó a 490 unidades"
2026-06-01,2026-W23,nacional,ÁMBITO FINANCIERO,Nacional,Nacional,Nacional,https://www.ambito.com,La Cámara Federal revocó el freno judicial a la reforma de la Ley de Glaciares
2026-06-01,2026-W23,nacional,ÁMBITO FINANCIERO,Nacional,Nacional,Nacional,https://www.ambito.com,La recaudación frenó una racha de nueve bajas seguidas y rebotó en mayo
2026-06-01,2026-W23,nacional,ÁMBITO FINANCIERO,Nacional,Nacional,Nacional,https://www.ambito.com,"El boom exportador que impulsan la energía y la minería: Vaca Muerta, litio y oro detrás de un cambio estructural en la economía"
2026-06-01,2026-W23,nacional,ÁMBITO FINANCIERO,Nacional,Nacional,Nacional,https://www.ambito.com,"El dólar blue subió en el inicio de junio, pero la brecha con el oficial se redujo a mínimos de casi un mes"
2026-06-01,2026-W23,nacional,ÁMBITO FINANCIERO,Nacional,Nacional,Nacional,https://www.ambito.com,Hezbolá aceptó una tregua propuesta por EEUU tras la presión de Trump sobre Israel y el Líbano
2026-06-01,2026-W23,nacional,ÁMBITO FINANCIERO,Nacional,Nacional,Nacional,https://www.ambito.com,"Santilli criticó a Kicillof por su viaje a Corrientes: ""Hay que regalarle un GPS"""
2026-06-01,2026-W23,nacional,ÁMBITO FINANCIERO,Nacional,Nacional,Nacional,https://www.ambito.com,Milei blinda pax con gobernadores y plancha al Gabinete aferrado al Mundial
2026-06-01,2026-W23,nacional,ÁMBITO FINANCIERO,Nacional,Nacional,Nacional,https://www.ambito.com,El dólar oficial subió con fuerza en el inicio de junio y se acercó a los $1.430
2026-06-01,2026-W23,nacional,ÁMBITO FINANCIERO,Nacional,Nacional,Nacional,https://www.ambito.com,RIGI: los proyectos aprobados implicarían perder ingresos fiscales por u$s1.800 millones al año
2026-06-01,2026-W23,nacional,ÁMBITO FINANCIERO,Nacional,Nacional,Nacional,https://www.ambito.com,Femicidio de Agostina Vega: la autopsia reveló signos de extrema violencia y dio indicios sobre la hora de la muerte
2026-06-01,2026-W23,nacional,ÁMBITO FINANCIERO,Nacional,Nacional,Nacional,https://www.ambito.com,Ámbito Debate presenta su evento anual sobre turismo: Business & Travel Experience
2026-06-01,2026-W23,nacional,ÁMBITO FINANCIERO,Nacional,Nacional,Nacional,https://www.ambito.com,"Milei reafirmó su alianza con Israel: ""El antisemitismo global no retrocedió, tan solo se reorganizó"""
2026-06-01,2026-W23,nacional,ÁMBITO FINANCIERO,Nacional,Nacional,Nacional,https://www.ambito.com,Alquileres y venta de propiedades: reglamentan las exenciones en Ganancias y crece el atractivo para invertir
2026-06-01,2026-W23,nacional,ÁMBITO FINANCIERO,Nacional,Nacional,Nacional,https://www.ambito.com,"Reforma laboral: Sturzenegger brindó detalles sobre licencias médicas, recibos de sueldo y convenios colectivos"
2026-06-01,2026-W23,nacional,ÁMBITO FINANCIERO,Nacional,Nacional,Nacional,https://www.ambito.com,Kicillof viaja a Corrientes para reunirse con Valdés: la gira del gobernador y la agenda legislativa pendiente
2026-06-01,2026-W23,nacional,ÁMBITO FINANCIERO,Nacional,Nacional,Nacional,https://www.ambito.com,Banco Santa Fe y Banco Entre Ríos estarán en Agroactiva 2026 con una propuesta financiera muy competitiva para impulsar al campo y la producción
2026-06-01,2026-W23,nacional,ÁMBITO FINANCIERO,Nacional,Nacional,Nacional,https://www.ambito.com,El deporte apuesta por la tecnología y convierte los datos en una nueva arena de competencia
2026-06-01,2026-W23,nacional,ÁMBITO FINANCIERO,Nacional,Nacional,Nacional,https://www.ambito.com,El bunker de la Scaloneta: así es el centro de entrenamiento donde se alojará la Selección
2026-06-01,2026-W23,nacional,ÁMBITO FINANCIERO,Nacional,Nacional,Nacional,https://www.ambito.com,La otra copa: el Mundial 2026 promete inyectar u$s2.570 millones a la economía mexicana
2026-06-01,2026-W23,nacional,ÁMBITO FINANCIERO,Nacional,Nacional,Nacional,https://www.ambito.com,"Croacia ya tiene a sus 26 elegidos para el Mundial 2026, con Luka Modric como gran figura"
2026-06-01,2026-W23,nacional,ÁMBITO FINANCIERO,Nacional,Nacional,Nacional,https://www.ambito.com,Cuáles son las selecciones con los planteles más caros
2026-06-01,2026-W23,nacional,ÁMBITO FINANCIERO,Nacional,Nacional,Nacional,https://www.ambito.com,Economía y Finanzas
2026-06-01,2026-W23,nacional,ÁMBITO FINANCIERO,Nacional,Nacional,Nacional,https://www.ambito.com,"Mercados: en una jornada alcista para el dólar, el oficial lideró las subas; ADRs y bonos treparon en Nueva York"
2026-06-01,2026-W23,nacional,ÁMBITO FINANCIERO,Nacional,Nacional,Nacional,https://www.ambito.com,"FMI: el BCRA recibió una ""ayuda"" de u$s11.800 millones y ahora sobrecumple las metas de reservas"
2026-06-01,2026-W23,nacional,ÁMBITO FINANCIERO,Nacional,Nacional,Nacional,https://www.ambito.com,"Dólar, tasas e inflación: qué espera el mercado y dónde ve los mayores riesgos"
2026-06-01,2026-W23,nacional,ÁMBITO FINANCIERO,Nacional,Nacional,Nacional,https://www.ambito.com,Atención a este Cedear: la tecnológica que Wall Street ve como la próxima Nvidia
2026-06-01,2026-W23,nacional,ÁMBITO FINANCIERO,Nacional,Nacional,Nacional,https://www.ambito.com,"El ""Síndrome del bote de remos"" y el costo oculto de la IA en las empresas argentinas"
2026-06-01,2026-W23,nacional,ÁMBITO FINANCIERO,Nacional,Nacional,Nacional,https://www.ambito.com,Los hedge funds de Wall Street aceleran su ritmo de compra de acciones al nivel más alto en medio año
2026-06-01,2026-W23,nacional,ÁMBITO FINANCIERO,Nacional,Nacional,Nacional,https://www.ambito.com,"Los mercados colombianos festejaron la victoria de Espriella en las elecciones: acciones subieron 3,6%"
2026-06-01,2026-W23,nacional,ÁMBITO FINANCIERO,Nacional,Nacional,Nacional,https://www.ambito.com,Wall Street opera con volatilidad y el petróleo sube ante cortocircuitos en las negociaciones en Medio Oriente
2026-06-01,2026-W23,nacional,ÁMBITO FINANCIERO,Nacional,Nacional,Nacional,https://www.ambito.com,Cuánto aumentan los alquileres en junio y por qué los contratos de la ley derogada empiezan a despedirse
2026-06-01,2026-W23,nacional,ÁMBITO FINANCIERO,Nacional,Nacional,Nacional,https://www.ambito.com,Bitcoin retrocede a los u$s70.000 y las altcoins caen hasta 6%
2026-06-01,2026-W23,nacional,ÁMBITO FINANCIERO,Nacional,Nacional,Nacional,https://www.ambito.com,Mercado inmobiliario: qué zonas lideran las subas de precios de las propiedades
2026-06-01,2026-W23,nacional,ÁMBITO FINANCIERO,Nacional,Nacional,Nacional,https://www.ambito.com,"Messi, Scaloni y la fórmula del éxito en una serie: las lecciones de liderazgo que hoy buscan copiar las empresas"
2026-06-01,2026-W23,nacional,ÁMBITO FINANCIERO,Nacional,Nacional,Nacional,https://www.ambito.com,Avatares empresarios: el pulso del mundo corporativo en pocas líneas
2026-06-01,2026-W23,nacional,ÁMBITO FINANCIERO,Nacional,Nacional,Nacional,https://www.ambito.com,Guarda historias porteñas únicas: cómo es y cuánto vale vivir en el edificio de Jauretche y la legendaria librería L'Amateur
2026-06-01,2026-W23,nacional,ÁMBITO FINANCIERO,Nacional,Nacional,Nacional,https://www.ambito.com,Todo sobre energía y minería
2026-06-01,2026-W23,nacional,ÁMBITO FINANCIERO,Nacional,Nacional,Nacional,https://www.ambito.com,"Vuelven a postergar la actualización de un impuesto, para contener una suba en naftas y gasoil"
2026-06-01,2026-W23,nacional,ÁMBITO FINANCIERO,Nacional,Nacional,Nacional,https://www.ambito.com,Estalló la interna en el ENERGE: renunció Lamboglia a menos de un mes de asumir
2026-06-01,2026-W23,nacional,ÁMBITO FINANCIERO,Nacional,Nacional,Nacional,https://www.ambito.com,"La demanda eléctrica creció 7,7% en abril, mientras persiste una fuerte dependencia de los subsidios"
2026-06-01,2026-W23,nacional,ÁMBITO FINANCIERO,Nacional,Nacional,Nacional,https://www.ambito.com,Ranking de ventas de autos 0km de mayo: cuáles fueron los 10 más vendidos
2026-06-01,2026-W23,nacional,ÁMBITO FINANCIERO,Nacional,Nacional,Nacional,https://www.ambito.com,"Herrero, CEO de Prestige Auto: ""Proyectamos exportar la Sprinter a EEUU y África"""
2026-06-01,2026-W23,nacional,ÁMBITO FINANCIERO,Nacional,Nacional,Nacional,https://www.ambito.com,Los SUV de Honda con rebajas de hasta u$s5.000 y precios congelados
2026-06-01,2026-W23,nacional,ÁMBITO FINANCIERO,Nacional,Nacional,Nacional,https://www.ambito.com,"El Gobierno reglamentó la reforma laboral con cambios en sindicatos, convenios e indemnizaciones"
2026-06-01,2026-W23,nacional,ÁMBITO FINANCIERO,Nacional,Nacional,Nacional,https://www.ambito.com,"Qué es y cómo funcionará el FAL, uno de los cambios de la Reforma laboral para indemnizaciones"
2026-06-01,2026-W23,nacional,ÁMBITO FINANCIERO,Nacional,Nacional,Nacional,https://www.ambito.com,"En la era Milei, el Banco Nación otorgó 1.120 créditos hipotecarios a personas políticamente expuestas"
2026-06-01,2026-W23,nacional,ÁMBITO FINANCIERO,Nacional,Nacional,Nacional,https://www.ambito.com,"El calvario que vivió la joven secuestrada por Barrelier: ""Me ató los pies, las manos y me tapó la boca con cinta"""
2026-06-01,2026-W23,nacional,ÁMBITO FINANCIERO,Nacional,Nacional,Nacional,https://www.ambito.com,Se levantó el paro en el subte C tras horas de caos y demoras que afectaron a miles de pasajeros en Constitución
2026-06-01,2026-W23,nacional,ÁMBITO FINANCIERO,Nacional,Nacional,Nacional,https://www.ambito.com,Irán suspende el diálogo con EEUU tras los ataques de Israel en el Líbano y eleva la tensión en el estrecho de Ormuz
