fecha,semana_iso,corpus,diario,provincia,region,ciudad_origen,url_medio,titular
2026-06-23,2026-W26,provincial,EL DÍA,Buenos Aires,AMBA,La Plata,https://www.eldia.com,"La Plata sin GNC: taxis y remises ""parados"", protestas y por qué afecta solo a esta Región"
2026-06-23,2026-W26,provincial,EL DÍA,Buenos Aires,AMBA,La Plata,https://www.eldia.com,La Selección se entrenó pensando en el cierre ante Jordania y Scaloni analiza un equipo alternativo
2026-06-23,2026-W26,provincial,EL DÍA,Buenos Aires,AMBA,La Plata,https://www.eldia.com,Investigan la muerte de un detenido en la Comisaría Segunda de La Plata
2026-06-23,2026-W26,provincial,EL DÍA,Buenos Aires,AMBA,La Plata,https://www.eldia.com,La Plata: luz verde a los cambios en Parque Saavedra y el Concejo vota el 2 de julio
2026-06-23,2026-W26,provincial,EL DÍA,Buenos Aires,AMBA,La Plata,https://www.eldia.com,Bullrich anunció que se suspendió el informe de gestión de Adorni en el Senado
2026-06-23,2026-W26,provincial,EL DÍA,Buenos Aires,AMBA,La Plata,https://www.eldia.com,"En julio se viene otra suba del boleto de micros del 4,3 por ciento"
2026-06-23,2026-W26,provincial,EL DÍA,Buenos Aires,AMBA,La Plata,https://www.eldia.com,"Los que buscan un segundo trabajo: según el Indec, en La Plata esa cifra duplica al promedio del país"
2026-06-23,2026-W26,provincial,EL DÍA,Buenos Aires,AMBA,La Plata,https://www.eldia.com,"La Plata: por la baja frecuencias de micros, una localidad ""sigue aislada"""
2026-06-23,2026-W26,provincial,EL DÍA,Buenos Aires,AMBA,La Plata,https://www.eldia.com,"""Voy a hacer todo lo posible para volver"": Raphinha rompió el silencio tras lesionarse ante Haití"
2026-06-23,2026-W26,provincial,EL DÍA,Buenos Aires,AMBA,La Plata,https://www.eldia.com,"Portugal, con doblete de Cristiano, goleó 5 a 0 Uzbekistán y dio un paso clave para la clasificación"
2026-06-23,2026-W26,provincial,EL DÍA,Buenos Aires,AMBA,La Plata,https://www.eldia.com,Croacia le gana 1 a 0 a Panamá en un duelo clave por la clasificación a los 16avos de final
2026-06-23,2026-W26,provincial,EL DÍA,Buenos Aires,AMBA,La Plata,https://www.eldia.com,Inglaterra empató 0 a 0 con Ghana y dejó abierta la definición del Grupo L
2026-06-23,2026-W26,provincial,EL DÍA,Buenos Aires,AMBA,La Plata,https://www.eldia.com,Se suman más premios con los cupones que el jueves se publicarán en el diario EL DIA
2026-06-23,2026-W26,provincial,EL DÍA,Buenos Aires,AMBA,La Plata,https://www.eldia.com,"FOTOS | Una postal de ""El Eternauta"" en La Plata: autos amanecieron cubiertos de polvo en pleno centro"
2026-06-23,2026-W26,provincial,EL DÍA,Buenos Aires,AMBA,La Plata,https://www.eldia.com,"La crisis no da tregua: una pizzería tradicional de La Plata ""apagará su horno"""
2026-06-23,2026-W26,provincial,EL DÍA,Buenos Aires,AMBA,La Plata,https://www.eldia.com,"""De Argentina y de Lionel ya no me asombra nada"": Checho Batista y su fe intacta con la Selección"
2026-06-23,2026-W26,provincial,EL DÍA,Buenos Aires,AMBA,La Plata,https://www.eldia.com,VIDEO. Vaciaron dos departamentos en La Plata mientras jugaba la Selección Argentina
2026-06-23,2026-W26,provincial,EL DÍA,Buenos Aires,AMBA,La Plata,https://www.eldia.com,VIDEO. Ardió en llamas un taxi en el centro de La Plata
2026-06-23,2026-W26,provincial,EL DÍA,Buenos Aires,AMBA,La Plata,https://www.eldia.com,La pasión y el color en la tribunas del Mundial 2026
2026-06-23,2026-W26,provincial,EL DÍA,Buenos Aires,AMBA,La Plata,https://www.eldia.com,"La China Suárez ""agarró de los pelos” a una joven por Mauro Icardi en un Boliche: “Él le dio cabida”"
2026-06-23,2026-W26,provincial,EL DÍA,Buenos Aires,AMBA,La Plata,https://www.eldia.com,Espert fue citado a declarar por la causa de presunto lavado de dinero
2026-06-23,2026-W26,provincial,EL DÍA,Buenos Aires,AMBA,La Plata,https://www.eldia.com,El hermano de Carlos Bilardo reveló cómo reacciona el Narigón cuando ve jugar a Messi
2026-06-23,2026-W26,provincial,EL DÍA,Buenos Aires,AMBA,La Plata,https://www.eldia.com,WOW: cuando comunicar también es aportar
2026-06-23,2026-W26,provincial,EL DÍA,Buenos Aires,AMBA,La Plata,https://www.eldia.com,El crimen del cotillón en La Plata: esperan una pericia clave para definir si el acusado es imputable
2026-06-23,2026-W26,provincial,EL DÍA,Buenos Aires,AMBA,La Plata,https://www.eldia.com,"VIDEO: Milei, contra el Congreso: ""Es una orgía que buscaba destruir a los argentinos en el Congreso"""
2026-06-23,2026-W26,provincial,EL DÍA,Buenos Aires,AMBA,La Plata,https://www.eldia.com,Conflicto con IOMA: familias y profesionales se movilizan este miércoles en La Plata en defensa del empleo inclusivo
2026-06-23,2026-W26,provincial,EL DÍA,Buenos Aires,AMBA,La Plata,https://www.eldia.com,"Por pedido de la Justicia, Cirio entregó su celular"
2026-06-23,2026-W26,provincial,EL DÍA,Buenos Aires,AMBA,La Plata,https://www.eldia.com,"Bianco, sobre los dichos de Máximo Kirchner: “Están más preocupados por criticar a Kicillof que a Milei”"
2026-06-23,2026-W26,provincial,EL DÍA,Buenos Aires,AMBA,La Plata,https://www.eldia.com,Breve elogio sobre la libertad académica
2026-06-23,2026-W26,provincial,EL DÍA,Buenos Aires,AMBA,La Plata,https://www.eldia.com,Proponen destinar parte del Impuesto Inmobiliario Rural a la mejora de caminos
2026-06-23,2026-W26,provincial,EL DÍA,Buenos Aires,AMBA,La Plata,https://www.eldia.com,Accidente en 32 y 14: un chofer de Uber y un motociclista heridos
2026-06-23,2026-W26,provincial,EL DÍA,Buenos Aires,AMBA,La Plata,https://www.eldia.com,Dolor en La Plata por la muerte del juez Carlos Ángel Natiello
2026-06-23,2026-W26,provincial,EL DÍA,Buenos Aires,AMBA,La Plata,https://www.eldia.com,"Honorarios, adelantos, fletes y pintura, los gastos que encarecen alquilar"
2026-06-23,2026-W26,provincial,EL DÍA,Buenos Aires,AMBA,La Plata,https://www.eldia.com,Tierno mensaje del Dibu Martínez por el cumpleaños de su hijo Santino: explotaron las redes
2026-06-23,2026-W26,provincial,EL DÍA,Buenos Aires,AMBA,La Plata,https://www.eldia.com,Personal y empresas para reparación de viviendas y service del hogar
2026-06-23,2026-W26,provincial,EL DÍA,Buenos Aires,AMBA,La Plata,https://www.eldia.com,"Rodrigo De Paul y Tini Stoessel más enamorados que nunca y el ""palito"" a Cami Homs: “Con vos es más lindo”"
2026-06-23,2026-W26,provincial,EL DÍA,Buenos Aires,AMBA,La Plata,https://www.eldia.com,“Es especial”: Alexis Mac Allister reveló cómo fue su primer Día del Padre y generó confusión
2026-06-23,2026-W26,provincial,EL DÍA,Buenos Aires,AMBA,La Plata,https://www.eldia.com,Fernando Burlando explicó que Florencia Peña podría demandar a Nico Occhiato
2026-06-23,2026-W26,provincial,EL DÍA,Buenos Aires,AMBA,La Plata,https://www.eldia.com,"Tras el escándalo por la fake news, el papá de Messi recibió el alta médica: ¿puede viajar al Mundial?"
2026-06-23,2026-W26,provincial,EL DÍA,Buenos Aires,AMBA,La Plata,https://www.eldia.com,De Steven Universe a Harley Quinn: Las historias animadas que lideran el Mes del Orgullo en el streaming
2026-06-23,2026-W26,provincial,EL DÍA,Buenos Aires,AMBA,La Plata,https://www.eldia.com,Sigue Steimbach: detalles de un diálogo con Gimnasia que llegó a buen puerto
2026-06-23,2026-W26,provincial,EL DÍA,Buenos Aires,AMBA,La Plata,https://www.eldia.com,Manyoma regresa a Estudiantes y sueña con una revancha: define el DT
2026-06-23,2026-W26,provincial,EL DÍA,Buenos Aires,AMBA,La Plata,https://www.eldia.com,"Colapinto en la Fórmula 1: día por día, los horarios del Gran Premio de Austria"
2026-06-23,2026-W26,provincial,EL DÍA,Buenos Aires,AMBA,La Plata,https://www.eldia.com,"Lozano es de Boca, ya se realizó la revisión médica y aguarda por la firma"
2026-06-23,2026-W26,provincial,EL DÍA,Buenos Aires,AMBA,La Plata,https://www.eldia.com,Augusto Max es pretendido por Aldosivi pero la idea es que continúe en el plantel tripero
2026-06-23,2026-W26,provincial,EL DÍA,Buenos Aires,AMBA,La Plata,https://www.eldia.com,El poder de una red oculta que todavía sostiene la influencia de Martín Insaurralde
2026-06-23,2026-W26,provincial,EL DÍA,Buenos Aires,AMBA,La Plata,https://www.eldia.com,La Plata: un menor fue sorprendido cuando intentaba llevarse una moto a la rastra
2026-06-23,2026-W26,provincial,EL DÍA,Buenos Aires,AMBA,La Plata,https://www.eldia.com,Donald Trump asistirá a la final del Mundial 2026 y le entregará la copa al campeón
2026-06-23,2026-W26,provincial,EL DÍA,Buenos Aires,AMBA,La Plata,https://www.eldia.com,Un incendio en una casa de Villa Elisa paralizó al barrio
2026-06-23,2026-W26,provincial,EL DÍA,Buenos Aires,AMBA,La Plata,https://www.eldia.com,"Detuvieron a padre e hijo en City Bell: les secuestraron dólares, euros y 70 municiones"
2026-06-23,2026-W26,provincial,EN ORSAI,Buenos Aires,AMBA,Morón,https://www.enorsai.com.ar,"En Orsai • Noticias, Política y Economía Argentina • Conurbano Bonaerense"
2026-06-23,2026-W26,provincial,EN ORSAI,Buenos Aires,AMBA,Morón,https://www.enorsai.com.ar,"Fidanza demolió el relato de las redes: ""Milei está séptimo en las encuestas"""
2026-06-23,2026-W26,provincial,EN ORSAI,Buenos Aires,AMBA,Morón,https://www.enorsai.com.ar,Alerta en el Gobierno: Qué pasa con el apoyo económico de EE.UU. si Trump pierde las elecciones
2026-06-23,2026-W26,provincial,EN ORSAI,Buenos Aires,AMBA,Morón,https://www.enorsai.com.ar,"La city en alerta por el ""plan platita"" de Milei: Gorodisch reveló la millonaria emisión oculta del Gobierno"
2026-06-23,2026-W26,provincial,EN ORSAI,Buenos Aires,AMBA,Morón,https://www.enorsai.com.ar,"Alfredo Zaiat desnudó la letra chica del FMI: ""¿Quién pagará la deuda y qué hay detrás de las 'medidas pendientes'?"""
2026-06-23,2026-W26,provincial,EN ORSAI,Buenos Aires,AMBA,Morón,https://www.enorsai.com.ar,"Álvarez Agis desarmó el modelo oficial: ""Los ganadores que eligió el Gobierno no generan empleo"""
2026-06-23,2026-W26,provincial,EN ORSAI,Buenos Aires,AMBA,Morón,https://www.enorsai.com.ar,"La paranoia del Gobierno: ataques a la prensa, el aislamiento de Milei y el colapso de Adorni"
2026-06-23,2026-W26,provincial,EN ORSAI,Buenos Aires,AMBA,Morón,https://www.enorsai.com.ar,De la Casa Rosada a la estafa $Libra: Los oscuros vínculos que esconde la DDJJ de Adorni
2026-06-23,2026-W26,provincial,EN ORSAI,Buenos Aires,AMBA,Morón,https://www.enorsai.com.ar,"Carlos Heller pulverizó el festejo de Caputo: ""El país está enfermo de deuda y celebran que nos prestan más"""
2026-06-23,2026-W26,provincial,EN ORSAI,Buenos Aires,AMBA,Morón,https://www.enorsai.com.ar,Investigador del CONICET advierte que Milei destruye la industria más rápido que Menem y la dictadura
2026-06-23,2026-W26,provincial,EN ORSAI,Buenos Aires,AMBA,Morón,https://www.enorsai.com.ar,"Bercovich destapó la mentira de los ""18 meses espectaculares"" y alertó por una bomba de 6 millones de morosos"
2026-06-23,2026-W26,provincial,EN ORSAI,Buenos Aires,AMBA,Morón,https://www.enorsai.com.ar,"CAME exige frenar los embargos de ARCA y denuncia que la ""Inocencia Fiscal"" solo beneficia a los funcionarios"
2026-06-23,2026-W26,provincial,EN ORSAI,Buenos Aires,AMBA,Morón,https://www.enorsai.com.ar,"El fantasma de la reponderación: La inflación de mayo fue del 2,1% pero el INDEC oculta un impacto mayor en los servicios"
2026-06-23,2026-W26,provincial,EN ORSAI,Buenos Aires,AMBA,Morón,https://www.enorsai.com.ar,Alquilar sin intermediarios en CABA: ventajas y cuidados
2026-06-23,2026-W26,provincial,EN ORSAI,Buenos Aires,AMBA,Morón,https://www.enorsai.com.ar,Remate estratégico: El plan oficial para privatizar Nucleoeléctrica por USD 12 mil millones menos de su valor real
2026-06-23,2026-W26,provincial,EN ORSAI,Buenos Aires,AMBA,Morón,https://www.enorsai.com.ar,"Diego Genoud desnudó la trama de los funcionarios beneficiados por la ""Inocencia Fiscal"" y el despertar de una fuerza plebeya"
2026-06-23,2026-W26,provincial,EN ORSAI,Buenos Aires,AMBA,Morón,https://www.enorsai.com.ar,"Hugo Alconada Mon reveló que la esposa de Manuel Adorni entró a la ""Inocencia Fiscal"" para no explicar sus gastos millonarios"
2026-06-23,2026-W26,provincial,EN ORSAI,Buenos Aires,AMBA,Morón,https://www.enorsai.com.ar,"Gustavo Córdoba desnudó el quiebre del humor social: ""El Gobierno perdió el control de la agenda y el relato ya no tapa el ajuste"""
2026-06-23,2026-W26,provincial,EN ORSAI,Buenos Aires,AMBA,Morón,https://www.enorsai.com.ar,El camino después del Veraz: ¿Dónde conseguir financiamiento cuando los números no ayudan?
2026-06-23,2026-W26,provincial,EN ORSAI,Buenos Aires,AMBA,Morón,https://www.enorsai.com.ar,"Martín Redrado demolió la ""teoría del derrame"" de Milei y alertó que la morosidad bancaria se cuadruplicó por la crisis"
2026-06-23,2026-W26,provincial,EN ORSAI,Buenos Aires,AMBA,Morón,https://www.enorsai.com.ar,El relato libertario choca contra la realidad: Juan Courel desnudó el verdadero impacto del ajuste en la opinión pública
2026-06-23,2026-W26,provincial,EN ORSAI,Buenos Aires,AMBA,Morón,https://www.enorsai.com.ar,"Qué es la ""inocencia fiscal"": La trampa oculta en el blanqueo de Milei para garantizar la impunidad de los grandes empresarios"
2026-06-23,2026-W26,provincial,EN ORSAI,Buenos Aires,AMBA,Morón,https://www.enorsai.com.ar,Colegios privados 2026: Cómo detectar aumentos ilegales en las cuotas y dónde denunciar abusos
2026-06-23,2026-W26,provincial,EN ORSAI,Buenos Aires,AMBA,Morón,https://www.enorsai.com.ar,Aumentos en prepagas 2026: Cómo frenar los copagos indebidos y defender tus prestaciones de salud
2026-06-23,2026-W26,provincial,EN ORSAI,Buenos Aires,AMBA,Morón,https://www.enorsai.com.ar,Tarifa Social 2026: Cómo tramitar el subsidio de luz y gas para frenar el impacto de los aumentos
2026-06-23,2026-W26,provincial,EN ORSAI,Buenos Aires,AMBA,Morón,https://www.enorsai.com.ar,"Raúl Timerman anticipó el límite social del modelo libertario y advirtió sobre la sustentabilidad de Milei: ""No llega"""
2026-06-23,2026-W26,provincial,EN ORSAI,Buenos Aires,AMBA,Morón,https://www.enorsai.com.ar,"""Esto es una tragedia macroeconómica"": El demoledor diagnóstico de Emmanuel Álvarez Agis sobre el plan de Milei y Caputo"
2026-06-23,2026-W26,provincial,EN ORSAI,Buenos Aires,AMBA,Morón,https://www.enorsai.com.ar,"Horacio Rovelli desarmó la trampa financiera de Milei: Endeudamiento, fuga y el saqueo a los trabajadores"
2026-06-23,2026-W26,provincial,EN ORSAI,Buenos Aires,AMBA,Morón,https://www.enorsai.com.ar,El laberinto de Milei y Caputo: Alfredo Zaiat y Pablo Ibáñez desnudaron la encerrona del modelo libertario
2026-06-23,2026-W26,provincial,EN ORSAI,Buenos Aires,AMBA,Morón,https://www.enorsai.com.ar,Jorge Asís desnudó la trastienda de La Libertad Avanza: “La interna actual es por las cajas”
2026-06-23,2026-W26,provincial,EN ORSAI,Buenos Aires,AMBA,Morón,https://www.enorsai.com.ar,El gobierno de Milei ya es otro gobierno: los ejes del contundente editorial de Carlos Pagni
2026-06-23,2026-W26,provincial,EN ORSAI,Buenos Aires,AMBA,Morón,https://www.enorsai.com.ar,Alfredo Zaiat desnudó el documento del FMI: El Fondo advierte por la recesión y le baja el pulgar al plan de Milei
2026-06-23,2026-W26,provincial,EN ORSAI,Buenos Aires,AMBA,Morón,https://www.enorsai.com.ar,La trampa del RIGI: Alejandro Bercovich desnudó el esquema de megaganancias corporativas y más impuestos para el pueblo
2026-06-23,2026-W26,provincial,EN ORSAI,Buenos Aires,AMBA,Morón,https://www.enorsai.com.ar,"El ""Cuento de las tías"": Adorni acorralado por su patrimonio y el trasfondo de la política de Estado en YPF"
2026-06-23,2026-W26,provincial,EN ORSAI,Buenos Aires,AMBA,Morón,https://www.enorsai.com.ar,"El desafío de Villarruel, el blindaje de Milei a Adorni y la crisis de la basura en CABA"
2026-06-23,2026-W26,provincial,EN ORSAI,Buenos Aires,AMBA,Morón,https://www.enorsai.com.ar,"Melconian fulminó el esquema económico de Milei: ""Es un plan de supervivencia, no de estabilidad"""
2026-06-23,2026-W26,provincial,EN ORSAI,Buenos Aires,AMBA,Morón,https://www.enorsai.com.ar,Mayra Mendoza: “Si Evita estuviera entre nosotras militaría por la libertad de Cristina”
2026-06-23,2026-W26,provincial,EN ORSAI,Buenos Aires,AMBA,Morón,https://www.enorsai.com.ar,Declaración Jurada de Manuel Adorni: La investigación de Alconada Mon sobre bienes omitidos
2026-06-23,2026-W26,provincial,EN ORSAI,Buenos Aires,AMBA,Morón,https://www.enorsai.com.ar,El fin de la luna de miel: Tenembaum revela encuestas con más del 60% de imagen negativa para Milei
2026-06-23,2026-W26,provincial,EN ORSAI,Buenos Aires,AMBA,Morón,https://www.enorsai.com.ar,El fracaso del modelo Milei: Hasta Cavallo advierte que Caputo no tiene plan y el riesgo país no baja
2026-06-23,2026-W26,provincial,EN ORSAI,Buenos Aires,AMBA,Morón,https://www.enorsai.com.ar,"DESTACADOS ALERTA EN WALL STREET Raúl Timerman anticipó el límite social del modelo libertario y advirtió sobre la sustentabilidad de Milei: ""No llega"""
2026-06-23,2026-W26,provincial,EN ORSAI,Buenos Aires,AMBA,Morón,https://www.enorsai.com.ar,"ALERTA ESTRUCTURAL ""Esto es una tragedia macroeconómica"": El demoledor diagnóstico de Emmanuel Álvarez Agis sobre el plan de Milei y Caputo RADIOGRAFÍA DE LA CRISIS Horacio Rovelli desarmó la trampa financiera de Milei: Endeudamiento, fuga y el saqueo a los trabajadores"
2026-06-23,2026-W26,provincial,EN ORSAI,Buenos Aires,AMBA,Morón,https://www.enorsai.com.ar,ANÁLISIS ECONÓMICO El laberinto de Milei y Caputo: Alfredo Zaiat y Pablo Ibáñez desnudaron la encerrona del modelo libertario RADIOGRAFÍA DEL PODER Jorge Asís desnudó la trastienda de La Libertad Avanza: “La interna actual es por las cajas”
2026-06-23,2026-W26,provincial,EN ORSAI,Buenos Aires,AMBA,Morón,https://www.enorsai.com.ar,ANÁLISIS POLÍTICO El gobierno de Milei ya es otro gobierno: los ejes del contundente editorial de Carlos Pagni INFORME Alfredo Zaiat desnudó el documento del FMI: El Fondo advierte por la recesión y le baja el pulgar al plan de Milei
2026-06-23,2026-W26,provincial,EN ORSAI,Buenos Aires,AMBA,Morón,https://www.enorsai.com.ar,"ECONOMÍA La trampa del RIGI: Alejandro Bercovich desnudó el esquema de megaganancias corporativas y más impuestos para el pueblo CORRUPCIÓN ARGENTINA El ""Cuento de las tías"": Adorni acorralado por su patrimonio y el trasfondo de la política de Estado en YPF"
2026-06-23,2026-W26,provincial,EN ORSAI,Buenos Aires,AMBA,Morón,https://www.enorsai.com.ar,"INTERNAS Y CAUSAS JUDICIALES El desafío de Villarruel, el blindaje de Milei a Adorni y la crisis de la basura en CABA ECONOMÍA Melconian fulminó el esquema económico de Milei: ""Es un plan de supervivencia, no de estabilidad"""
2026-06-23,2026-W26,provincial,EN ORSAI,Buenos Aires,AMBA,Morón,https://www.enorsai.com.ar,HOMENAJE A EVA PERÓN Mayra Mendoza: “Si Evita estuviera entre nosotras militaría por la libertad de Cristina” DATOS DUROS Declaración Jurada de Manuel Adorni: La investigación de Alconada Mon sobre bienes omitidos
2026-06-23,2026-W26,provincial,EN ORSAI,Buenos Aires,AMBA,Morón,https://www.enorsai.com.ar,DATOS DUROS El fin de la luna de miel: Tenembaum revela encuestas con más del 60% de imagen negativa para Milei ECONOMÍA ARGENTINA El fracaso del modelo Milei: Hasta Cavallo advierte que Caputo no tiene plan y el riesgo país no baja
2026-06-23,2026-W26,provincial,5 DÍAS,Buenos Aires,AMBA,Quilmes,https://www.diario5dias.com.ar,Quilmes: Manu Jove confirmó cambios y anticipó una reestructuración en el área de fútbol
2026-06-23,2026-W26,provincial,5 DÍAS,Buenos Aires,AMBA,Quilmes,https://www.diario5dias.com.ar,ACTUALIDAD Leer +
2026-06-23,2026-W26,provincial,5 DÍAS,Buenos Aires,AMBA,Quilmes,https://www.diario5dias.com.ar,Avanza la puesta en valor de la EEST Nº1 de Quilmes Oeste
2026-06-23,2026-W26,provincial,5 DÍAS,Buenos Aires,AMBA,Quilmes,https://www.diario5dias.com.ar,Choque en Ezpeleta: un automovilista impactó contra postes de videocable y un semáforo
2026-06-23,2026-W26,provincial,5 DÍAS,Buenos Aires,AMBA,Quilmes,https://www.diario5dias.com.ar,"Semana decisiva en Quilmes: venta del predio, reforma estatutaria y el futuro de Caneo"
2026-06-23,2026-W26,provincial,5 DÍAS,Buenos Aires,AMBA,Quilmes,https://www.diario5dias.com.ar,Tercer Sínodo Diocesano de Quilmes: cuáles son las propuestas que marcarán el rumbo de la Iglesia durante los próximos años
2026-06-23,2026-W26,provincial,5 DÍAS,Buenos Aires,AMBA,Quilmes,https://www.diario5dias.com.ar,Quilmes: un operativo conjunto evitó una tragedia en el Puente 14 de Agosto
2026-06-23,2026-W26,provincial,5 DÍAS,Buenos Aires,AMBA,Quilmes,https://www.diario5dias.com.ar,Simulacro de rescate en Quilmes Oeste: drones y bomberos pusieron a prueba un operativo de alta complejidad
2026-06-23,2026-W26,provincial,5 DÍAS,Buenos Aires,AMBA,Quilmes,https://www.diario5dias.com.ar,BERAZATEGUI leer +
2026-06-23,2026-W26,provincial,5 DÍAS,Buenos Aires,AMBA,Quilmes,https://www.diario5dias.com.ar,Juicio en Quilmes: Piden 15 años de prisión para padrastro por el abuso sexual de una nena en Berazategui
2026-06-23,2026-W26,provincial,5 DÍAS,Buenos Aires,AMBA,Quilmes,https://www.diario5dias.com.ar,Drama en el Río de la Plata: confirman que los objetos hallados eran de los pescadores desaparecidos
2026-06-23,2026-W26,provincial,5 DÍAS,Buenos Aires,AMBA,Quilmes,https://www.diario5dias.com.ar,Quilmes: ordenan un embargo inmobiliario contra Hudson Park de Berazategui en una causa iniciada por el Fisco bonaerense
2026-06-23,2026-W26,provincial,5 DÍAS,Buenos Aires,AMBA,Quilmes,https://www.diario5dias.com.ar,Solidaridad y educación: Rotary Club Ezpeleta realizó una importante donación a una escuela especial de Berazategui
2026-06-23,2026-W26,provincial,5 DÍAS,Buenos Aires,AMBA,Quilmes,https://www.diario5dias.com.ar,Quilmes incorporó cinco nuevos camiones volcadores a su flota municipal
2026-06-23,2026-W26,provincial,5 DÍAS,Buenos Aires,AMBA,Quilmes,https://www.diario5dias.com.ar,Choque entre un Fiat y un Peugeot en Quilmes Oeste: un ocupante terminó en el hospital
2026-06-23,2026-W26,provincial,5 DÍAS,Buenos Aires,AMBA,Quilmes,https://www.diario5dias.com.ar,PROVINCIA leer +
2026-06-23,2026-W26,provincial,5 DÍAS,Buenos Aires,AMBA,Quilmes,https://www.diario5dias.com.ar,Controles en la Autopista Buenos Aires-La Plata: 37 conductores dieron positivo en alcoholemia
2026-06-23,2026-W26,provincial,5 DÍAS,Buenos Aires,AMBA,Quilmes,https://www.diario5dias.com.ar,Barrios privados: ahora la Provincia podrá cobrar por el agua aunque no haya datos declarados
2026-06-23,2026-W26,provincial,5 DÍAS,Buenos Aires,AMBA,Quilmes,https://www.diario5dias.com.ar,Avanza el cuarto carril en la Autopista Buenos Aires-La Plata: cómo impactará en Quilmes y Berazategui
2026-06-23,2026-W26,provincial,5 DÍAS,Buenos Aires,AMBA,Quilmes,https://www.diario5dias.com.ar,Argentino de Quilmes goleó a Brown de Adrogué y se ilusiona con entrar al Reducido de la Primera B
2026-06-23,2026-W26,provincial,5 DÍAS,Buenos Aires,AMBA,Quilmes,https://www.diario5dias.com.ar,Quilmes no pudo reaccionar y cayó 3-1 ante Colegiales en Munro
2026-06-23,2026-W26,provincial,5 DÍAS,Buenos Aires,AMBA,Quilmes,https://www.diario5dias.com.ar,Quilmes: la fiscal pidió prisión perpetua para el acusado de asesinar de 30 puñaladas a un hombre en Bernal Oeste
2026-06-23,2026-W26,provincial,5 DÍAS,Buenos Aires,AMBA,Quilmes,https://www.diario5dias.com.ar,Balor pidió a los ediles libertarios gestionar ante Nación la restitución de prestaciones para berazateguenses
2026-06-23,2026-W26,provincial,5 DÍAS,Buenos Aires,AMBA,Quilmes,https://www.diario5dias.com.ar,Bomberos combatieron un voraz incendio en una vieja casona de Quilmes Oeste
2026-06-23,2026-W26,provincial,5 DÍAS,Buenos Aires,AMBA,Quilmes,https://www.diario5dias.com.ar,Crisis en Rigolleau Berazategui: apagaron tres hornos y redujeron la producción al 60%
2026-06-23,2026-W26,provincial,5 DÍAS,Buenos Aires,AMBA,Quilmes,https://www.diario5dias.com.ar,"Avanza la puesta en valor de la EEST Nº1 de Quilmes Oeste La intervención edilicia de la Escuela Técnica Nº 1 era parte de un convenio tripartito entre el Estado Nacional, la provincia de Buenos Aires y el Municipio de Quilmes. Leer más"
2026-06-23,2026-W26,provincial,5 DÍAS,Buenos Aires,AMBA,Quilmes,https://www.diario5dias.com.ar,"Semana decisiva en Quilmes: venta del predio, reforma estatutaria y el futuro de Caneo Quilmes Atlético Club comenzará una semana que podría resultar determinante tanto para su vida institucional como para el futuro de su estructura futbolística. Leer más"
2026-06-23,2026-W26,provincial,5 DÍAS,Buenos Aires,AMBA,Quilmes,https://www.diario5dias.com.ar,"Quilmes: un operativo conjunto evitó una tragedia en el Puente 14 de Agosto Al lugar acudieron efectivos policiales, personal de Bomberos Voluntarios de Quilmes, Defensa Civil, agentes de Patrulla Urbana Quilmes (PUQ) y una ambulancia del SAME. Leer más"
2026-06-23,2026-W26,provincial,5 DÍAS,Buenos Aires,AMBA,Quilmes,https://www.diario5dias.com.ar,Drama en el Río de la Plata: confirman que los objetos hallados eran de los pescadores desaparecidos La búsqueda de los cinco pescadores desaparecidos tras zarpar desde la costa de Hudson sumó en las últimas horas nuevos elementos que podrían resultar clave para la investigación. Leer más
2026-06-23,2026-W26,provincial,5 DÍAS,Buenos Aires,AMBA,Quilmes,https://www.diario5dias.com.ar,Quilmes incorporó cinco nuevos camiones volcadores a su flota municipal Para el área de Servicios Públicos y con fondos 100% municipales Leer más
2026-06-23,2026-W26,provincial,5 DÍAS,Buenos Aires,AMBA,Quilmes,https://www.diario5dias.com.ar,"Choque entre un Fiat y un Peugeot en Quilmes Oeste: un ocupante terminó en el hospital Un hombre mayor resultó herido este domingo a la madrugada luego de una colisión entre dos vehículos particulares ocurrida en la intersección de las calles San Juan y Torcuato de Alvear, en Quilmes Oeste. Leer más"
2026-06-23,2026-W26,provincial,5 DÍAS,Buenos Aires,AMBA,Quilmes,https://www.diario5dias.com.ar,"Argentino de Quilmes goleó a Brown de Adrogué y se ilusiona con entrar al Reducido de la Primera B Argentino de Quilmes consiguió un valioso triunfo como visitante al derrotar por 4 a 2 a Brown de Adrogué, en el marco de la fecha 21 del campeonato de la Primera B Metropolitana. Leer más"
2026-06-23,2026-W26,provincial,5 DÍAS,Buenos Aires,AMBA,Quilmes,https://www.diario5dias.com.ar,Quilmes: la fiscal pidió prisión perpetua para el acusado de asesinar de 30 puñaladas a un hombre en Bernal Oeste El jueves próximo se conocerá el veredicto del TOC Nº1 de Quilmes Leer más
2026-06-23,2026-W26,provincial,LA VOZ DEL INTERIOR,Córdoba,Centro,Córdoba,https://www.lavoz.com.ar,El pulso del día. Scaloni y su mirada sobre el andar de Argentina en el Mundial: detalles para estar atentos
2026-06-23,2026-W26,provincial,LA VOZ DEL INTERIOR,Córdoba,Centro,Córdoba,https://www.lavoz.com.ar,"La Voz en el Mundial. Messi, Messi, Messi: el eco que no se apaga en Dallas"
2026-06-23,2026-W26,provincial,LA VOZ DEL INTERIOR,Córdoba,Centro,Córdoba,https://www.lavoz.com.ar,🔴 EN JUEGO | Panamá y Croacia se enfrentan en busca de su primera victoria en el Grupo L del Mundial
2026-06-23,2026-W26,provincial,LA VOZ DEL INTERIOR,Córdoba,Centro,Córdoba,https://www.lavoz.com.ar,Mundial 2026. Se viene la rotación en la selección argentina: el equipo que asoma para jugar frente a Jordania
2026-06-23,2026-W26,provincial,LA VOZ DEL INTERIOR,Córdoba,Centro,Córdoba,https://www.lavoz.com.ar,Mundial en cordobés. El redoblante de Talleres que convirtió un megabar de Texas en una tribuna argentina
2026-06-23,2026-W26,provincial,LA VOZ DEL INTERIOR,Córdoba,Centro,Córdoba,https://www.lavoz.com.ar,"Córdoba. Hormaeche defiende el Ente en el Concejo: cifras récord, denuncias de mafias y el ""boicot"" del gremio municipal"
2026-06-23,2026-W26,provincial,LA VOZ DEL INTERIOR,Córdoba,Centro,Córdoba,https://www.lavoz.com.ar,Investigación en Córdoba. El femicidio de Agostina: cuáles son las claves que cercan a Claudio Barrelier
2026-06-23,2026-W26,provincial,LA VOZ DEL INTERIOR,Córdoba,Centro,Córdoba,https://www.lavoz.com.ar,Sin quorum. El “cordobesismo” se mostró dividido en la sesión fallida de la oposición contra Adorni
2026-06-23,2026-W26,provincial,LA VOZ DEL INTERIOR,Córdoba,Centro,Córdoba,https://www.lavoz.com.ar,Calificación. MSCI mantuvo a la Argentina fuera de los mercados confiables y posterga el ingreso de capitales
2026-06-23,2026-W26,provincial,LA VOZ DEL INTERIOR,Córdoba,Centro,Córdoba,https://www.lavoz.com.ar,A un mes del FEMICIDIO de AGOSTINA VEGA: cómo avanza la CAUSA
2026-06-23,2026-W26,provincial,LA VOZ DEL INTERIOR,Córdoba,Centro,Córdoba,https://www.lavoz.com.ar,"La Voz En Vivo. A un mes del femicidio de Agostina, hablan sus abuelos: ""Será toda una vida de ausencia"""
2026-06-23,2026-W26,provincial,LA VOZ DEL INTERIOR,Córdoba,Centro,Córdoba,https://www.lavoz.com.ar,"Expectativa. Ante una eventual visita del Papa León XIV, Córdoba lo espera con espíritu de encuentro"
2026-06-23,2026-W26,provincial,LA VOZ DEL INTERIOR,Córdoba,Centro,Córdoba,https://www.lavoz.com.ar,"Encuesta. Después de cinco meses, la confianza en Milei volvió a crecer"
2026-06-23,2026-W26,provincial,LA VOZ DEL INTERIOR,Córdoba,Centro,Córdoba,https://www.lavoz.com.ar,Judiciales. Condenaron en Córdoba a una aerolínea por cancelar un vuelo y dejar varadas a dos pasajeras con un bebé
2026-06-23,2026-W26,provincial,LA VOZ DEL INTERIOR,Córdoba,Centro,Córdoba,https://www.lavoz.com.ar,Crisis política. Los videos de Jésica y el respiro fugaz para Adorni
2026-06-23,2026-W26,provincial,LA VOZ DEL INTERIOR,Córdoba,Centro,Córdoba,https://www.lavoz.com.ar,"Doble tilde. Dos mitades, tres tercios, cuatro cuartos"
2026-06-23,2026-W26,provincial,LA VOZ DEL INTERIOR,Córdoba,Centro,Córdoba,https://www.lavoz.com.ar,"Bajo Palabra. Tras el Mundial, Macri vendrá a Córdoba"
2026-06-23,2026-W26,provincial,LA VOZ DEL INTERIOR,Córdoba,Centro,Córdoba,https://www.lavoz.com.ar,Delitos. Padre e hijos van a juicio acusados de 22 estafas con la venta de viviendas que nunca se hicieron en Córdoba
2026-06-23,2026-W26,provincial,LA VOZ DEL INTERIOR,Córdoba,Centro,Córdoba,https://www.lavoz.com.ar,"Córdoba. ""Simuladores de Azul"": a un año del sismo, se agrava más la situación del exjefe de la Policía Caminera"
2026-06-23,2026-W26,provincial,LA VOZ DEL INTERIOR,Córdoba,Centro,Córdoba,https://www.lavoz.com.ar,"Patín carrera. Agustina, la joven cordobesa que representará a Argentina en los Panamericanos y necesita juntar $ 4 millones"
2026-06-23,2026-W26,provincial,LA VOZ DEL INTERIOR,Córdoba,Centro,Córdoba,https://www.lavoz.com.ar,En cuotas. Causa Bacar: cuánto pagarán de reparación los Barrera y otros imputados para cerrar el caso
2026-06-23,2026-W26,provincial,LA VOZ DEL INTERIOR,Córdoba,Centro,Córdoba,https://www.lavoz.com.ar,"LAM. Ángel de Brito sobre la salud del padre de Messi: ""Ya le dieron el alta"""
2026-06-23,2026-W26,provincial,LA VOZ DEL INTERIOR,Córdoba,Centro,Córdoba,https://www.lavoz.com.ar,Economía. Llaryora incorpora al Directorio de Bancor a Felippa y Lacunza
2026-06-23,2026-W26,provincial,LA VOZ DEL INTERIOR,Córdoba,Centro,Córdoba,https://www.lavoz.com.ar,"Atención. Apagón global de Meta: se cayeron Facebook, Instagram y WhatsApp en todo el mundo"
2026-06-23,2026-W26,provincial,LA VOZ DEL INTERIOR,Córdoba,Centro,Córdoba,https://www.lavoz.com.ar,"Córdoba. Buscaban una Toyota robada y hallaron dos: creen que dieron con un predio de ""enfriamiento"" de camionetas"
2026-06-23,2026-W26,provincial,LA VOZ DEL INTERIOR,Córdoba,Centro,Córdoba,https://www.lavoz.com.ar,"Encuentro sudamericano. Del “zoom” al abrazo: el gran encuentro de ""pajareritos"" en Tucumán que busca padrinos"
2026-06-23,2026-W26,provincial,LA VOZ DEL INTERIOR,Córdoba,Centro,Córdoba,https://www.lavoz.com.ar,La Voz En Vivo. Informalidad laboral en Argentina: por qué crece el empleo precario aunque el desempleo se mantiene estable
2026-06-23,2026-W26,provincial,LA VOZ DEL INTERIOR,Córdoba,Centro,Córdoba,https://www.lavoz.com.ar,Educación. El chino mandarín llega a cuatro escuelas secundarias de Córdoba
2026-06-23,2026-W26,provincial,LA VOZ DEL INTERIOR,Córdoba,Centro,Córdoba,https://www.lavoz.com.ar,Renuncia de Keir Starmer. Reino Unido: un modelo político en crisis
2026-06-23,2026-W26,provincial,LA VOZ DEL INTERIOR,Córdoba,Centro,Córdoba,https://www.lavoz.com.ar,La Voz En Vivo. Controles en la noche de Córdoba: el impacto del caso Agostina y el debate por las habilitaciones
2026-06-23,2026-W26,provincial,LA VOZ DEL INTERIOR,Córdoba,Centro,Córdoba,https://www.lavoz.com.ar,Clima. La ola polar trajo la segunda helada seguida en Córdoba: los 20 lugares más fríos durante este martes
2026-06-23,2026-W26,provincial,LA VOZ DEL INTERIOR,Córdoba,Centro,Córdoba,https://www.lavoz.com.ar,Ciclogénesis. Este miércoles será el día más frío del mes: de cuánto será la mínima en Córdoba y probabilidades de nevadas
2026-06-23,2026-W26,provincial,LA VOZ DEL INTERIOR,Córdoba,Centro,Córdoba,https://www.lavoz.com.ar,Mercados. Dólar blue y oficial hoy en Córdoba: a cuánto cotizó este martes 23 de junio
2026-06-23,2026-W26,provincial,LA VOZ DEL INTERIOR,Córdoba,Centro,Córdoba,https://www.lavoz.com.ar,"Efecto Mundial. En una escuela de Carlos Paz, el álbum de figuritas tiene las caras de los alumnos y de las ""seños"""
2026-06-23,2026-W26,provincial,LA VOZ DEL INTERIOR,Córdoba,Centro,Córdoba,https://www.lavoz.com.ar,"La Voz En Vivo. Milei frena la caída de su imagen: el ""núcleo duro"" del 35% y el impacto del caso Adorni"
2026-06-23,2026-W26,provincial,LA VOZ DEL INTERIOR,Córdoba,Centro,Córdoba,https://www.lavoz.com.ar,"Salud. ""Cada minuto cuenta"": la advertencia médica para detectar un ACV a tiempo y evitar secuelas"
2026-06-23,2026-W26,provincial,LA VOZ DEL INTERIOR,Córdoba,Centro,Córdoba,https://www.lavoz.com.ar,Tiene 15 años. Córdoba: apareció la adolescente que era buscada tras irse de una residencia de la Senaf
2026-06-23,2026-W26,provincial,LA VOZ DEL INTERIOR,Córdoba,Centro,Córdoba,https://www.lavoz.com.ar,Confirmado. De la fake news al juicio: por qué Flor Peña llevará a la justicia a Nico Occhiato y Luzu
2026-06-23,2026-W26,provincial,LA VOZ DEL INTERIOR,Córdoba,Centro,Córdoba,https://www.lavoz.com.ar,"Inseguridad. Córdoba: robó una barbería, intentó escapar con los elementos en un contenedor de residuos y terminó detenido"
2026-06-23,2026-W26,provincial,LA VOZ DEL INTERIOR,Córdoba,Centro,Córdoba,https://www.lavoz.com.ar,La Voz En Vivo. Ni celulares ni pantallas hasta los 3 años: Liliana González explica el riesgo “hipnótico” en los bebés
2026-06-23,2026-W26,provincial,LA VOZ DEL INTERIOR,Córdoba,Centro,Córdoba,https://www.lavoz.com.ar,MV Hondius. Casos de hantavirus en el crucero: finalizó la cuarentena tras 42 días y los pasajeros regresan a sus casas
2026-06-23,2026-W26,provincial,LA VOZ DEL INTERIOR,Córdoba,Centro,Córdoba,https://www.lavoz.com.ar,"Acuerdo histórico. Las aerolíneas no podrán cobrar extras por el equipaje de mano en Europa: quejas de las ""low cost"""
2026-06-23,2026-W26,provincial,LA VOZ DEL INTERIOR,Córdoba,Centro,Córdoba,https://www.lavoz.com.ar,Tránsito. Estado de las rutas en Córdoba: sigue cortado por nieve el Camino de las Altas Cumbres
2026-06-23,2026-W26,provincial,LA VOZ DEL INTERIOR,Córdoba,Centro,Córdoba,https://www.lavoz.com.ar,"Modificación. Belgrano, el nuevo estatuto y los cambios del mismo, a punto de salir a la luz"
2026-06-23,2026-W26,provincial,LA VOZ DEL INTERIOR,Córdoba,Centro,Córdoba,https://www.lavoz.com.ar,De regreso. Vuelve el Sapito: Coleoni es el nuevo DT de Racing
2026-06-23,2026-W26,provincial,LA VOZ DEL INTERIOR,Córdoba,Centro,Córdoba,https://www.lavoz.com.ar,Pretemporada. A todo motor: Instituto ya trabaja en Río Segundo
2026-06-23,2026-W26,provincial,LA VOZ DEL INTERIOR,Córdoba,Centro,Córdoba,https://www.lavoz.com.ar,"Final. ""Caso Garro"": Talleres confirmó el pago de Corinthians y se prepara para repartir los fondos con Instituto"
2026-06-23,2026-W26,provincial,LA VOZ DEL INTERIOR,Córdoba,Centro,Córdoba,https://www.lavoz.com.ar,"La primera del 2026. Después de varios meses, Bizarrap anunció que tiene una nueva sesión: quién es el elegido"
2026-06-23,2026-W26,provincial,LA VOZ DEL INTERIOR,Córdoba,Centro,Córdoba,https://www.lavoz.com.ar,"Confirmado. Bear, el hijo de Liam Payne, será el único beneficiario de la herencia millonaria"
2026-06-23,2026-W26,provincial,LA VOZ DEL INTERIOR,Córdoba,Centro,Córdoba,https://www.lavoz.com.ar,"Gran Hermano. Santiago Del Moro adelantó que el ""congelados"" es un hombre"
2026-06-23,2026-W26,provincial,EL DIARIO,Córdoba,Centro,Villa Carlos Paz,https://www.eldiariodecarlospaz.com.ar,El estado de Thiago se agravó y fue trasladado a terapia intensiva
2026-06-23,2026-W26,provincial,EL DIARIO,Córdoba,Centro,Villa Carlos Paz,https://www.eldiariodecarlospaz.com.ar,Motociclista terminó con graves fracturas tras un choque en Villa María
2026-06-23,2026-W26,provincial,EL DIARIO,Córdoba,Centro,Villa Carlos Paz,https://www.eldiariodecarlospaz.com.ar,Carlos Paz: sufrió una emergencia médica y debieron rescatarlo de su departamento
2026-06-23,2026-W26,provincial,EL DIARIO,Córdoba,Centro,Villa Carlos Paz,https://www.eldiariodecarlospaz.com.ar,APROSS e Instituto firmaron un acuerdo para impulsar acciones de prevención y promoción de la salud
2026-06-23,2026-W26,provincial,EL DIARIO,Córdoba,Centro,Villa Carlos Paz,https://www.eldiariodecarlospaz.com.ar,Córdoba busca fortalecer vínculos con Brasil para potenciar el desarrollo AgTech
2026-06-23,2026-W26,provincial,EL DIARIO,Córdoba,Centro,Villa Carlos Paz,https://www.eldiariodecarlospaz.com.ar,Córdoba incorpora el chino mandarín en escuelas secundarias y pone en marcha una prueba piloto
2026-06-23,2026-W26,provincial,EL DIARIO,Córdoba,Centro,Villa Carlos Paz,https://www.eldiariodecarlospaz.com.ar,Una masa de aire polar congela gran parte del país y anticipan más frío
2026-06-23,2026-W26,provincial,EL DIARIO,Córdoba,Centro,Villa Carlos Paz,https://www.eldiariodecarlospaz.com.ar,La Pampa: cuatro hermanas murieron al caer con su camioneta a una laguna
2026-06-23,2026-W26,provincial,EL DIARIO,Córdoba,Centro,Villa Carlos Paz,https://www.eldiariodecarlospaz.com.ar,Alarma en la Selección: Cuti Romero será evaluado por una lesión en la rodilla
2026-06-23,2026-W26,provincial,EL DIARIO,Córdoba,Centro,Villa Carlos Paz,https://www.eldiariodecarlospaz.com.ar,Carlos Paz: llevaron donaciones y juegos a familias de Villa San Nicolás
2026-06-23,2026-W26,provincial,EL DIARIO,Córdoba,Centro,Villa Carlos Paz,https://www.eldiariodecarlospaz.com.ar,La FIFA anunció que Trump participará en la entrega del trofeo al campeón
2026-06-23,2026-W26,provincial,EL DIARIO,Córdoba,Centro,Villa Carlos Paz,https://www.eldiariodecarlospaz.com.ar,Caída global de Facebook e Instagram: usuarios reportan fallas
2026-06-23,2026-W26,provincial,EL DIARIO,Córdoba,Centro,Villa Carlos Paz,https://www.eldiariodecarlospaz.com.ar,Impactante choque: un colectivo derribó la pared de un centro vecinal
2026-06-23,2026-W26,provincial,EL DIARIO,Córdoba,Centro,Villa Carlos Paz,https://www.eldiariodecarlospaz.com.ar,Intentó frenar un operativo policial y todo terminó de la peor manera
2026-06-23,2026-W26,provincial,EL DIARIO,Córdoba,Centro,Villa Carlos Paz,https://www.eldiariodecarlospaz.com.ar,Dos autos chocaron de frente en uno de los accesos a Carlos Paz
2026-06-23,2026-W26,provincial,EL DIARIO,Córdoba,Centro,Villa Carlos Paz,https://www.eldiariodecarlospaz.com.ar,Capilla del Monte instaló nuevos sistemas de calefacción en dos escuelas
2026-06-23,2026-W26,provincial,EL DIARIO,Córdoba,Centro,Villa Carlos Paz,https://www.eldiariodecarlospaz.com.ar,Robó una barbería y escondió el botín en un contenedor
2026-06-23,2026-W26,provincial,EL DIARIO,Córdoba,Centro,Villa Carlos Paz,https://www.eldiariodecarlospaz.com.ar,Cosquín: invertirán más de $849 millones en la ampliación de la Escuela Julio A. Roca
2026-06-23,2026-W26,provincial,EL DIARIO,Córdoba,Centro,Villa Carlos Paz,https://www.eldiariodecarlospaz.com.ar,Detuvieron a un hombre con medidores de agua robados y un cuchillo
2026-06-23,2026-W26,provincial,EL DIARIO,Córdoba,Centro,Villa Carlos Paz,https://www.eldiariodecarlospaz.com.ar,La reacción de Ronaldo cuando le mencionaron a Messi que se volvió viral
2026-06-23,2026-W26,provincial,EL DIARIO,Córdoba,Centro,Villa Carlos Paz,https://www.eldiariodecarlospaz.com.ar,La PFA recuperó más de 200 documentos históricos vinculados a San Martín
2026-06-23,2026-W26,provincial,EL DIARIO,Córdoba,Centro,Villa Carlos Paz,https://www.eldiariodecarlospaz.com.ar,Básquet: Club de Pesca quedó a un paso del título y el ascenso
2026-06-23,2026-W26,provincial,EL DIARIO,Córdoba,Centro,Villa Carlos Paz,https://www.eldiariodecarlospaz.com.ar,Habilitaron el camino de las Altas Cumbres tras los cortes por la nevada
2026-06-23,2026-W26,provincial,EL DIARIO,Córdoba,Centro,Villa Carlos Paz,https://www.eldiariodecarlospaz.com.ar,Córdoba se ilusiona con una posible visita del papa León XIV
2026-06-23,2026-W26,provincial,EL DIARIO,Córdoba,Centro,Villa Carlos Paz,https://www.eldiariodecarlospaz.com.ar,Dos personas heridas tras un choque entre una moto y una camioneta
2026-06-23,2026-W26,provincial,EL DIARIO,Córdoba,Centro,Villa Carlos Paz,https://www.eldiariodecarlospaz.com.ar,Carlos Paz: Murió el histórico periodista Gerardo Chaín
2026-06-23,2026-W26,provincial,EL DIARIO,Córdoba,Centro,Villa Carlos Paz,https://www.eldiariodecarlospaz.com.ar,Apareció sana y salva la mujer que era intensamente buscada en Carlos Paz
2026-06-23,2026-W26,provincial,EL DIARIO,Córdoba,Centro,Villa Carlos Paz,https://www.eldiariodecarlospaz.com.ar,Carlos Paz: «El Cuti» comentó y los alumnos del IESS vivieron una fiesta mundialista
2026-06-23,2026-W26,provincial,EL DIARIO,Córdoba,Centro,Villa Carlos Paz,https://www.eldiariodecarlospaz.com.ar,Córdoba bajo cero: ¿cuál fue el punto más frío de la provincia?
2026-06-23,2026-W26,provincial,EL DIARIO,Córdoba,Centro,Villa Carlos Paz,https://www.eldiariodecarlospaz.com.ar,«Familias con Huellas»: el nuevo quirófano móvil llegó a barrio El Fantasio
2026-06-23,2026-W26,provincial,EL DIARIO,Córdoba,Centro,Villa Carlos Paz,https://www.eldiariodecarlospaz.com.ar,Continúan los trabajos para habilitar el Camino de las Altas Cumbres
2026-06-23,2026-W26,provincial,EL DIARIO,Córdoba,Centro,Villa Carlos Paz,https://www.eldiariodecarlospaz.com.ar,La nueva conexión vial entre Santa Rosa y Soconcho supera el 35% de ejecución
2026-06-23,2026-W26,provincial,EL DIARIO,Córdoba,Centro,Villa Carlos Paz,https://www.eldiariodecarlospaz.com.ar,Operativo interfuerzas: secuestraron marihuana en Salsipuedes
2026-06-23,2026-W26,provincial,EL DIARIO,Córdoba,Centro,Villa Carlos Paz,https://www.eldiariodecarlospaz.com.ar,Se viene el 42° Festival Nacional de Tango de La Falda
2026-06-23,2026-W26,provincial,EL DIARIO,Córdoba,Centro,Villa Carlos Paz,https://www.eldiariodecarlospaz.com.ar,Una falla en una estufa provocó un incendio en una casa de Villa General Belgrano
2026-06-23,2026-W26,provincial,EL DIARIO,Córdoba,Centro,Villa Carlos Paz,https://www.eldiariodecarlospaz.com.ar,Cosquín celebra los 106 años de su Banda Municipal de Música Blas Parera
2026-06-23,2026-W26,provincial,EL DIARIO,Córdoba,Centro,Villa Carlos Paz,https://www.eldiariodecarlospaz.com.ar,Este viernes habrá ecocanje en la plaza del avión de Carlos Paz
2026-06-23,2026-W26,provincial,EL DIARIO,Córdoba,Centro,Villa Carlos Paz,https://www.eldiariodecarlospaz.com.ar,"¿Sigue la nieve? El pronóstico para Carlos Paz, Punilla y las Altas Cumbres"
2026-06-23,2026-W26,provincial,EL DIARIO,Córdoba,Centro,Villa Carlos Paz,https://www.eldiariodecarlospaz.com.ar,Bialet Massé celebró el Día de la Bandera con música y tradición
2026-06-23,2026-W26,provincial,EL DIARIO,Córdoba,Centro,Villa Carlos Paz,https://www.eldiariodecarlospaz.com.ar,Córdoba: operativos antidrogas terminaron con un detenido y secuestros
2026-06-23,2026-W26,provincial,EL DIARIO,Córdoba,Centro,Villa Carlos Paz,https://www.eldiariodecarlospaz.com.ar,La Falda: alumnos completaron una capacitación clave para el mundo digital
2026-06-23,2026-W26,provincial,EL DIARIO,Córdoba,Centro,Villa Carlos Paz,https://www.eldiariodecarlospaz.com.ar,"Un incendio dejó una persona con quemaduras, ocurrió en Cosquín"
2026-06-23,2026-W26,provincial,EL DIARIO,Córdoba,Centro,Villa Carlos Paz,https://www.eldiariodecarlospaz.com.ar,Más allá del rock: Joaquín Levinton agranda su imperio gastronómico
2026-06-23,2026-W26,provincial,EL DIARIO,Córdoba,Centro,Villa Carlos Paz,https://www.eldiariodecarlospaz.com.ar,Alta Gracia: cayó un hombre acusado de vender drogas desde su casa
2026-06-23,2026-W26,provincial,EL DIARIO,Córdoba,Centro,Villa Carlos Paz,https://www.eldiariodecarlospaz.com.ar,"Lujosas oficinas, falsas promesas y estafas millonarias con casas y piletas"
2026-06-23,2026-W26,provincial,EL DIARIO,Córdoba,Centro,Villa Carlos Paz,https://www.eldiariodecarlospaz.com.ar,"Murió Fernando Rabih, músico, psiquiatra y referente de la canción de autor"
2026-06-23,2026-W26,provincial,EL DIARIO,Córdoba,Centro,Villa Carlos Paz,https://www.eldiariodecarlospaz.com.ar,Cronograma de pagos: quienes cobran este martes
2026-06-23,2026-W26,provincial,EL DIARIO,Córdoba,Centro,Villa Carlos Paz,https://www.eldiariodecarlospaz.com.ar,Una escuela convirtió la pasión mundialista en una experiencia de aprendizaje
2026-06-23,2026-W26,provincial,EL DIARIO,Córdoba,Centro,Villa Carlos Paz,https://www.eldiariodecarlospaz.com.ar,Prometían casas llave en mano y ahora irán a juicio por 22 presuntas estafas
2026-06-23,2026-W26,provincial,EL DIARIO,Córdoba,Centro,Villa Carlos Paz,https://www.eldiariodecarlospaz.com.ar,Así cotiza el dólar este martes 23 de junio
2026-06-23,2026-W26,provincial,EL DIARIO DEL CENTRO DEL PAÍS,Córdoba,Centro,Villa María,https://www.eldiariocba.com.ar,"Encendieron la tradicional Fogata de San Juan: encuentro, fuego y raíces"
2026-06-23,2026-W26,provincial,EL DIARIO DEL CENTRO DEL PAÍS,Córdoba,Centro,Villa María,https://www.eldiariocba.com.ar,Incorporan una inmunización inédita contra la bronquiolitis en bebés
2026-06-23,2026-W26,provincial,EL DIARIO DEL CENTRO DEL PAÍS,Córdoba,Centro,Villa María,https://www.eldiariocba.com.ar,Lo detuvieron por arrebatarle el celular a una joven
2026-06-23,2026-W26,provincial,EL DIARIO DEL CENTRO DEL PAÍS,Córdoba,Centro,Villa María,https://www.eldiariocba.com.ar,Fue hospitalizado por fractura de tibia y peroné luego de un accidente
2026-06-23,2026-W26,provincial,EL DIARIO DEL CENTRO DEL PAÍS,Córdoba,Centro,Villa María,https://www.eldiariocba.com.ar,Mundial 2026: Inglaterra y Ghana empataron sin goles
2026-06-23,2026-W26,provincial,EL DIARIO DEL CENTRO DEL PAÍS,Córdoba,Centro,Villa María,https://www.eldiariocba.com.ar,Motociclista resultó herido tras un choque con un utilitario
2026-06-23,2026-W26,provincial,EL DIARIO DEL CENTRO DEL PAÍS,Córdoba,Centro,Villa María,https://www.eldiariocba.com.ar,Dos jóvenes golpearon a su madre y dañaron su casa
2026-06-23,2026-W26,provincial,EL DIARIO DEL CENTRO DEL PAÍS,Córdoba,Centro,Villa María,https://www.eldiariocba.com.ar,Robó elementos desde un galpón y terminó detenido
2026-06-23,2026-W26,provincial,EL DIARIO DEL CENTRO DEL PAÍS,Córdoba,Centro,Villa María,https://www.eldiariocba.com.ar,Montironi Ford te invita a vivir una jornada especial de Test Drive Ranger
2026-06-23,2026-W26,provincial,EL DIARIO DEL CENTRO DEL PAÍS,Córdoba,Centro,Villa María,https://www.eldiariocba.com.ar,Mundial 2026: Portugal goleó a Uzbekistán y sumó su primer triunfo
2026-06-23,2026-W26,provincial,EL DIARIO DEL CENTRO DEL PAÍS,Córdoba,Centro,Villa María,https://www.eldiariocba.com.ar,Extienden el plazo para que vecinos presenten proyectos al municipio
2026-06-23,2026-W26,provincial,EL DIARIO DEL CENTRO DEL PAÍS,Córdoba,Centro,Villa María,https://www.eldiariocba.com.ar,Realizan trabajos de mantenimiento y limpieza en el Parque y cuatro barrios
2026-06-23,2026-W26,provincial,EL DIARIO DEL CENTRO DEL PAÍS,Córdoba,Centro,Villa María,https://www.eldiariocba.com.ar,Este viernes dictan talleres sobre empleos verdes
2026-06-23,2026-W26,provincial,EL DIARIO DEL CENTRO DEL PAÍS,Córdoba,Centro,Villa María,https://www.eldiariocba.com.ar,En tres escuelas se habló sobre ciberbullying y ciberacoso
2026-06-23,2026-W26,provincial,EL DIARIO DEL CENTRO DEL PAÍS,Córdoba,Centro,Villa María,https://www.eldiariocba.com.ar,El Mercado de Abaratamiento estará este jueves en barrio Las Playas
2026-06-23,2026-W26,provincial,EL DIARIO DEL CENTRO DEL PAÍS,Córdoba,Centro,Villa María,https://www.eldiariocba.com.ar,Generación Zoe: el expediente de Villa María ya está en la Corte Suprema
2026-06-23,2026-W26,provincial,EL DIARIO DEL CENTRO DEL PAÍS,Córdoba,Centro,Villa María,https://www.eldiariocba.com.ar,"Frío intenso, heladas y un repunte de temperatura hacia el fin de semana"
2026-06-23,2026-W26,provincial,EL DIARIO DEL CENTRO DEL PAÍS,Córdoba,Centro,Villa María,https://www.eldiariocba.com.ar,Perdieron Unión y Sparta y se despidieron del torneo
2026-06-23,2026-W26,provincial,EL DIARIO DEL CENTRO DEL PAÍS,Córdoba,Centro,Villa María,https://www.eldiariocba.com.ar,Reunión y entrega de fondos para dos centros vecinales
2026-06-23,2026-W26,provincial,EL DIARIO DEL CENTRO DEL PAÍS,Córdoba,Centro,Villa María,https://www.eldiariocba.com.ar,Villa María fue subcampeón
2026-06-23,2026-W26,provincial,EL DIARIO DEL CENTRO DEL PAÍS,Córdoba,Centro,Villa María,https://www.eldiariocba.com.ar,Inauguraron la “Neurósfera”
2026-06-23,2026-W26,provincial,EL DIARIO DEL CENTRO DEL PAÍS,Córdoba,Centro,Villa María,https://www.eldiariocba.com.ar,"Con asistencia y donaciones, continúa el Ropero Municipal"
2026-06-23,2026-W26,provincial,EL DIARIO DEL CENTRO DEL PAÍS,Córdoba,Centro,Villa María,https://www.eldiariocba.com.ar,Victorias de Destéfanis y Marchetto
2026-06-23,2026-W26,provincial,EL DIARIO DEL CENTRO DEL PAÍS,Córdoba,Centro,Villa María,https://www.eldiariocba.com.ar,Se metió Francia
2026-06-23,2026-W26,provincial,EL DIARIO DEL CENTRO DEL PAÍS,Córdoba,Centro,Villa María,https://www.eldiariocba.com.ar,Ocho villamarienses en el Nacional
2026-06-23,2026-W26,provincial,EL DIARIO DEL CENTRO DEL PAÍS,Córdoba,Centro,Villa María,https://www.eldiariocba.com.ar,Una y una para Naranja Mecánica
2026-06-23,2026-W26,provincial,EL DIARIO DEL CENTRO DEL PAÍS,Córdoba,Centro,Villa María,https://www.eldiariocba.com.ar,VM Conecta: se capacitaron más de 200 comerciantes
2026-06-23,2026-W26,provincial,EL DIARIO DEL CENTRO DEL PAÍS,Córdoba,Centro,Villa María,https://www.eldiariocba.com.ar,De qué planeta viniste
2026-06-23,2026-W26,provincial,EL DIARIO DEL CENTRO DEL PAÍS,Córdoba,Centro,Villa María,https://www.eldiariocba.com.ar,Campaña de vacunación contra la Fiebre Hemorrágica Argentina
2026-06-23,2026-W26,provincial,EL DIARIO DEL CENTRO DEL PAÍS,Córdoba,Centro,Villa María,https://www.eldiariocba.com.ar,La última de González
2026-06-23,2026-W26,provincial,EL DIARIO DEL CENTRO DEL PAÍS,Córdoba,Centro,Villa María,https://www.eldiariocba.com.ar,El Gobierno habilitó a Caputo a tomar otra deuda de USD 5.000 millones
2026-06-23,2026-W26,provincial,EL DIARIO DEL CENTRO DEL PAÍS,Córdoba,Centro,Villa María,https://www.eldiariocba.com.ar,Hay nuevo secretario
2026-06-23,2026-W26,provincial,EL DIARIO DEL CENTRO DEL PAÍS,Córdoba,Centro,Villa María,https://www.eldiariocba.com.ar,Convocaron a debatir en Diputados el régimen de grandes inversiones
2026-06-23,2026-W26,provincial,EL DIARIO DEL CENTRO DEL PAÍS,Córdoba,Centro,Villa María,https://www.eldiariocba.com.ar,Advierten sobre el primer caso en la ciudad de una “mula financiera”
2026-06-23,2026-W26,provincial,EL DIARIO DEL CENTRO DEL PAÍS,Córdoba,Centro,Villa María,https://www.eldiariocba.com.ar,“Sale perjudicado un equipo que ganaba deportivamente”
2026-06-23,2026-W26,provincial,EL DIARIO DEL CENTRO DEL PAÍS,Córdoba,Centro,Villa María,https://www.eldiariocba.com.ar,Falleció uno de los líderes de la Revolución Cubana
2026-06-23,2026-W26,provincial,EL DIARIO DEL CENTRO DEL PAÍS,Córdoba,Centro,Villa María,https://www.eldiariocba.com.ar,"Fin de semana con 23 detenidos, entre ellos varios menores de edad"
2026-06-23,2026-W26,provincial,EL DIARIO DEL CENTRO DEL PAÍS,Córdoba,Centro,Villa María,https://www.eldiariocba.com.ar,Retienen 10 motocicletas y secuestran dos más
2026-06-23,2026-W26,provincial,EL DIARIO DEL CENTRO DEL PAÍS,Córdoba,Centro,Villa María,https://www.eldiariocba.com.ar,Motociclista herido tras chocar con un auto
2026-06-23,2026-W26,provincial,EL DIARIO DEL CENTRO DEL PAÍS,Córdoba,Centro,Villa María,https://www.eldiariocba.com.ar,"Con 400 manos, construyeron la primera bandera comunitaria"
2026-06-23,2026-W26,provincial,EL DIARIO DEL CENTRO DEL PAÍS,Córdoba,Centro,Villa María,https://www.eldiariocba.com.ar,Provincia certifica créditos de carbono bajo el Estándar CBA
2026-06-23,2026-W26,provincial,EL DIARIO DEL CENTRO DEL PAÍS,Córdoba,Centro,Villa María,https://www.eldiariocba.com.ar,Ejecutan un plan integral de señalización en 5.600 kilómetros de rutas provinciales
2026-06-23,2026-W26,provincial,EL DIARIO DEL CENTRO DEL PAÍS,Córdoba,Centro,Villa María,https://www.eldiariocba.com.ar,"“Apoyé a De la Espriella y ganó”, afirmó Trump"
2026-06-23,2026-W26,provincial,EL DIARIO DEL CENTRO DEL PAÍS,Córdoba,Centro,Villa María,https://www.eldiariocba.com.ar,A 10 años del brexit: renunció el primer ministro Starmer
2026-06-23,2026-W26,provincial,EL DIARIO DEL CENTRO DEL PAÍS,Córdoba,Centro,Villa María,https://www.eldiariocba.com.ar,Humor 23/06/2026
2026-06-23,2026-W26,provincial,EL DIARIO DEL CENTRO DEL PAÍS,Córdoba,Centro,Villa María,https://www.eldiariocba.com.ar,Avisos Fúnebres 23/06/2026
2026-06-23,2026-W26,provincial,EL DIARIO DEL CENTRO DEL PAÍS,Córdoba,Centro,Villa María,https://www.eldiariocba.com.ar,El carrusel de la emoción
2026-06-23,2026-W26,provincial,EL DIARIO DEL CENTRO DEL PAÍS,Córdoba,Centro,Villa María,https://www.eldiariocba.com.ar,“Villa María no será el último lugar sin trenes”
2026-06-23,2026-W26,provincial,EL DIARIO DEL CENTRO DEL PAÍS,Córdoba,Centro,Villa María,https://www.eldiariocba.com.ar,Dos motos secuestradas: una por infracción y otra por ser robada
2026-06-23,2026-W26,provincial,EL DIARIO DEL CENTRO DEL PAÍS,Córdoba,Centro,Villa María,https://www.eldiariocba.com.ar,Merodeaban en la madrugada y fueron aprehendidos
2026-06-23,2026-W26,provincial,EL DIARIO,Entre Ríos,Centro,Entre rios,https://www.eldiario.com.ar,Últimas noticias
2026-06-23,2026-W26,provincial,EL DIARIO,Entre Ríos,Centro,Entre rios,https://www.eldiario.com.ar,Frigerio firmó un convenio con Nación que reconoce deudas a favor de Entre Ríos y transfiere inmuebles
2026-06-23,2026-W26,provincial,EL DIARIO,Entre Ríos,Centro,Entre rios,https://www.eldiario.com.ar,Paraná tendrá este fin de semana propuestas de ferias y mercados con motivo del Día de la Bandera
2026-06-23,2026-W26,provincial,EL DIARIO,Entre Ríos,Centro,Entre rios,https://www.eldiario.com.ar,Entre Ríos se destacó en convocatoria nacional para incorporar sistemas de almacenamiento de energía
2026-06-23,2026-W26,provincial,EL DIARIO,Entre Ríos,Centro,Entre rios,https://www.eldiario.com.ar,Entre Ríos recibirá un nuevo adelanto de coparticipación por 150.000 millones de pesos
2026-06-23,2026-W26,provincial,EL DIARIO,Entre Ríos,Centro,Entre rios,https://www.eldiario.com.ar,Frigerio anunció medidas de alivio energético e impositivo para el comercio entrerriano
2026-06-23,2026-W26,provincial,EL DIARIO,Entre Ríos,Centro,Entre rios,https://www.eldiario.com.ar,El Ejecutivo Municipal confirmó la fecha de pago del medio aguinaldo
2026-06-23,2026-W26,provincial,EL DIARIO,Entre Ríos,Centro,Entre rios,https://www.eldiario.com.ar,La denuncia que pone en jaque la contratación de 250 millones en Concordia
2026-06-23,2026-W26,provincial,EL DIARIO,Entre Ríos,Centro,Entre rios,https://www.eldiario.com.ar,Allanaron coto de caza en Gualeguaychu por trafico de ciervos colorados
2026-06-23,2026-W26,provincial,EL DIARIO,Entre Ríos,Centro,Entre rios,https://www.eldiario.com.ar,El temor que crece en Fadea: ¿se viene el cierre de la fábrica de aviones?
2026-06-23,2026-W26,provincial,EL DIARIO,Entre Ríos,Centro,Entre rios,https://www.eldiario.com.ar,Condenaron a 4 años al docente que abusó de nueve alumnos en Entre Ríos
2026-06-23,2026-W26,provincial,EL DIARIO,Entre Ríos,Centro,Entre rios,https://www.eldiario.com.ar,"Angustia en Concordia: buscan a Tatiana, la adolescente que desaparecio sin medicacion"
2026-06-23,2026-W26,provincial,EL DIARIO,Entre Ríos,Centro,Entre rios,https://www.eldiario.com.ar,Identificaron al joven hallado muerto en el arroyo Antoñico: preparan imputación
2026-06-23,2026-W26,provincial,EL DIARIO,Entre Ríos,Centro,Entre rios,https://www.eldiario.com.ar,Nuevo golpe al bolsillo: suben otra vez los peajes de la Ruta 14
2026-06-23,2026-W26,provincial,EL DIARIO,Entre Ríos,Centro,Entre rios,https://www.eldiario.com.ar,Pavimentacion de $2.664 millones: usan articulo de urgencia sin explicar por que
2026-06-23,2026-W26,provincial,EL DIARIO,Entre Ríos,Centro,Entre rios,https://www.eldiario.com.ar,Tragedia en La Paz: murió un adolescente tras chocar en moto contra camión
2026-06-23,2026-W26,provincial,EL DIARIO,Entre Ríos,Centro,Entre rios,https://www.eldiario.com.ar,"IAPSER pagó $29 millones por la camioneta de Walser, pero la bronca sigue"
2026-06-23,2026-W26,provincial,EL DIARIO,Entre Ríos,Centro,Entre rios,https://www.eldiario.com.ar,La feria que convierte a Paraná en el centro de los sabores del país
2026-06-23,2026-W26,provincial,EL DIARIO,Entre Ríos,Centro,Entre rios,https://www.eldiario.com.ar,El botín oculto del cardiólogo: 300 ampollas de fentanilo en plena estafa al PAMI
2026-06-23,2026-W26,provincial,EL DIARIO,Entre Ríos,Centro,Entre rios,https://www.eldiario.com.ar,Ciclista apuesta fuerte al recambio: los pibes que ilusionan en Parana
2026-06-23,2026-W26,provincial,EL DIARIO,Entre Ríos,Centro,Entre rios,https://www.eldiario.com.ar,"El dato que duele: Salto y Concordia, dos ciudades hermanas hundidas en la pobreza"
2026-06-23,2026-W26,provincial,EL DIARIO,Entre Ríos,Centro,Entre rios,https://www.eldiario.com.ar,Tragedia en La Paz: adolescente de 16 años murió sin casco en brutal choque
2026-06-23,2026-W26,provincial,EL DIARIO,Entre Ríos,Centro,Entre rios,https://www.eldiario.com.ar,Concordia renovó el Consejo de Patrimonio: los nombres que definirán el futuro
2026-06-23,2026-W26,provincial,EL DIARIO,Entre Ríos,Centro,Entre rios,https://www.eldiario.com.ar,La Lista Naranja se quedó con SOEVER: Colominas promete nueva etapa
2026-06-23,2026-W26,provincial,EL DIARIO,Entre Ríos,Centro,Entre rios,https://www.eldiario.com.ar,El rescate de las esculturas emblematicas de Parana que ya nadie miraba
2026-06-23,2026-W26,provincial,EL DIARIO,Entre Ríos,Centro,Entre rios,https://www.eldiario.com.ar,“Me quería matar”: la versión del acusado por el crimen del adolescente
2026-06-23,2026-W26,provincial,EL DIARIO,Entre Ríos,Centro,Entre rios,https://www.eldiario.com.ar,Otamendi revelo la formula para que Argentina repita en el Mundial 2026
2026-06-23,2026-W26,provincial,EL DIARIO,Entre Ríos,Centro,Entre rios,https://www.eldiario.com.ar,Concejal de Urdinarrain renunció por incompatibilidad con cargo en Escuelas
2026-06-23,2026-W26,provincial,EL DIARIO,Entre Ríos,Centro,Entre rios,https://www.eldiario.com.ar,El senador entrerriano que desnuda la verdad sobre el ajuste a jubilados
2026-06-23,2026-W26,provincial,EL DIARIO,Entre Ríos,Centro,Entre rios,https://www.eldiario.com.ar,Últimas noticias Todas
2026-06-23,2026-W26,provincial,ELONCE,Entre Ríos,Centro,Entre rios,https://www.elonce.com,Rige alerta amarilla por bajas temperaturas en Entre Ríos: anticipan mínimas bajo cero
2026-06-23,2026-W26,provincial,ELONCE,Entre Ríos,Centro,Entre rios,https://www.elonce.com,Cuatro hermanas murieron al caer con su camioneta en una laguna y quedar atrapadas: la quinta sobrevivió
2026-06-23,2026-W26,provincial,ELONCE,Entre Ríos,Centro,Entre rios,https://www.elonce.com,Cristiano Ronaldo rompió tres récords históricos en el Mundial 2026
2026-06-23,2026-W26,provincial,ELONCE,Entre Ríos,Centro,Entre rios,https://www.elonce.com,Dueño de la cargadora frontal aseguró que pagarán los daños ocasionados por conductor alcoholizado
2026-06-23,2026-W26,provincial,ELONCE,Entre Ríos,Centro,Entre rios,https://www.elonce.com,Interpelación a Manuel Adorni: fracasó la sesión por falta de quórum
2026-06-23,2026-W26,provincial,ELONCE,Entre Ríos,Centro,Entre rios,https://www.elonce.com,"Patronato y Paraná disputarán la final de la Copa Túnel Subfluvial: ""Estamos unidos y con ansias"", dijo Giacinti"
2026-06-23,2026-W26,provincial,ELONCE,Entre Ríos,Centro,Entre rios,https://www.elonce.com,"Atlético Paraná ante Patronato en la final de la Copa Túnel: ""es un clásico, un partido especial"""
2026-06-23,2026-W26,provincial,ELONCE,Entre Ríos,Centro,Entre rios,https://www.elonce.com,"Se cayeron Facebook, Instagram y WhatsApp: qué pasó y cuándo vuelven a funcionar"
2026-06-23,2026-W26,provincial,ELONCE,Entre Ríos,Centro,Entre rios,https://www.elonce.com,"El papá de Kiara Barrios perdió su trabajo y pide ayuda para sostener a sus hijos: ""Quiero sacar adelante a mi familia"""
2026-06-23,2026-W26,provincial,ELONCE,Entre Ríos,Centro,Entre rios,https://www.elonce.com,El Senado debatirá reforma de la ley General de Sociedades: descentralización y empresas sin empleados
2026-06-23,2026-W26,provincial,ELONCE,Entre Ríos,Centro,Entre rios,https://www.elonce.com,Los países con más agua dulce de Latinoamérica enfrentan crecientes amenazas
2026-06-23,2026-W26,provincial,ELONCE,Entre Ríos,Centro,Entre rios,https://www.elonce.com,"“Los docentes hoy se encuentran con un gobierno sordo”, lamentó una de las fundadoras de Agmer"
2026-06-23,2026-W26,provincial,ELONCE,Entre Ríos,Centro,Entre rios,https://www.elonce.com,"Según el INDEC, los salarios subieron 3,5% en abril: cuánto pretenden ganar los argentinos"
2026-06-23,2026-W26,provincial,ELONCE,Entre Ríos,Centro,Entre rios,https://www.elonce.com,Espert fue citado a declarar la semana próxima por la causa de presunto lavado de dinero
2026-06-23,2026-W26,provincial,ELONCE,Entre Ríos,Centro,Entre rios,https://www.elonce.com,"Tuberculosis: Entre Ríos registró un aumento del 38,8% en los casos detectados"
2026-06-23,2026-W26,provincial,ELONCE,Entre Ríos,Centro,Entre rios,https://www.elonce.com,Reforma previsional: intendentes defendieron los recursos municipales y pidieron cambios
2026-06-23,2026-W26,provincial,ELONCE,Entre Ríos,Centro,Entre rios,https://www.elonce.com,"Visa ""express"" para Estados Unidos: cómo acelerar y cuánto cuesta el trámite para ver a Argentina en Miami"
2026-06-23,2026-W26,provincial,ELONCE,Entre Ríos,Centro,Entre rios,https://www.elonce.com,AGMER celebró 45 años de historia gremial y ratificó sus reclamos salariales
2026-06-23,2026-W26,provincial,ELONCE,Entre Ríos,Centro,Entre rios,https://www.elonce.com,Amet convocó al paro y se suma a la protesta docente de Agmer para este miércoles
2026-06-23,2026-W26,provincial,ELONCE,Entre Ríos,Centro,Entre rios,https://www.elonce.com,De otra galaxia
2026-06-23,2026-W26,provincial,ELONCE,Entre Ríos,Centro,Entre rios,https://www.elonce.com,Piden acelerar la reglamentación de la Ley de Mecenazgo Deportivo para asistir a los clubes
2026-06-23,2026-W26,provincial,ELONCE,Entre Ríos,Centro,Entre rios,https://www.elonce.com,"Selección Argentina: día, hora y sede confirmados para los dieciseisavos de final"
2026-06-23,2026-W26,provincial,ELONCE,Entre Ríos,Centro,Entre rios,https://www.elonce.com,Excluyeron de la matrícula a un abogado condenado por múltiples delitos
2026-06-23,2026-W26,provincial,ELONCE,Entre Ríos,Centro,Entre rios,https://www.elonce.com,AGMER y CTERA ratifican su lucha por la educación y los salarios docentes
2026-06-23,2026-W26,provincial,ELONCE,Entre Ríos,Centro,Entre rios,https://www.elonce.com,Prohibieron la venta de una marca de queso en Entre Ríos por irregularidades sanitarias
2026-06-23,2026-W26,provincial,ELONCE,Entre Ríos,Centro,Entre rios,https://www.elonce.com,Jesica Cirio entregó su celular y ya fijó domicilio tras los videos de dólares
2026-06-23,2026-W26,provincial,ELONCE,Entre Ríos,Centro,Entre rios,https://www.elonce.com,Detuvieron a un hombre y secuestraron un arma tras ataque a disparos en barrio Capibá
2026-06-23,2026-W26,provincial,ELONCE,Entre Ríos,Centro,Entre rios,https://www.elonce.com,Qué billeteras virtuales pagan más por los pesos y cuáles superan al plazo fijo
2026-06-23,2026-W26,provincial,ELONCE,Entre Ríos,Centro,Entre rios,https://www.elonce.com,Senadores emitieron dictamen para eliminar las pensiones vitalicias para exgobernadores
2026-06-23,2026-W26,provincial,ELONCE,Entre Ríos,Centro,Entre rios,https://www.elonce.com,“Donar órganos es salvar vidas”: entrerriana fue trasplantada de riñón y el donante fue su hermano
2026-06-23,2026-W26,provincial,ELONCE,Entre Ríos,Centro,Entre rios,https://www.elonce.com,Lanzamiento del EMTURER: Entre Ríos apuesta a una gestión turística compartida
2026-06-23,2026-W26,provincial,ELONCE,Entre Ríos,Centro,Entre rios,https://www.elonce.com,El laboratorio entrerriano Eriochem que emplea a 280 personas fue adquirido por Grupo Bagó
2026-06-23,2026-W26,provincial,ELONCE,Entre Ríos,Centro,Entre rios,https://www.elonce.com,Extienden la entrega de nuevas tarjetas para beneficiarios del programa de Riesgo Social
2026-06-23,2026-W26,provincial,ELONCE,Entre Ríos,Centro,Entre rios,https://www.elonce.com,"Tras declaraciones de Julián Álvarez, Atlético de Madrid denunciaría al Barcelona: ""Nos faltan el respeto"""
2026-06-23,2026-W26,provincial,ELONCE,Entre Ríos,Centro,Entre rios,https://www.elonce.com,Inglaterra y Ghana empataron y dejaron abierta la definición del Grupo L del Mundial
2026-06-23,2026-W26,provincial,ELONCE,Entre Ríos,Centro,Entre rios,https://www.elonce.com,Destacaron el crecimiento del fútbol paranaense en la previa de la final de la Copa Túnel Subfluvial
2026-06-23,2026-W26,provincial,ELONCE,Entre Ríos,Centro,Entre rios,https://www.elonce.com,Cuál puede ser el rival de la Selección Argentina en 16avos de final del Mundial
2026-06-23,2026-W26,provincial,ELONCE,Entre Ríos,Centro,Entre rios,https://www.elonce.com,Haciendo comunidad
2026-06-23,2026-W26,provincial,ELONCE,Entre Ríos,Centro,Entre rios,https://www.elonce.com,Academia de Guitarra ofrecerá un concierto en la Feria de Salta y Nogoyá por el aniversario de Paraná
2026-06-23,2026-W26,provincial,ELONCE,Entre Ríos,Centro,Entre rios,https://www.elonce.com,"La Unión Suiza celebrará sus 135 años con una muestra de objetos históricos, chocolate y gastronomía típica"
2026-06-23,2026-W26,provincial,ELONCE,Entre Ríos,Centro,Entre rios,https://www.elonce.com,Concientizaron a más de 1.500 personas para la prevención de delitos digitales
2026-06-23,2026-W26,provincial,ELONCE,Entre Ríos,Centro,Entre rios,https://www.elonce.com,"Último fin de semana para disfrutar de ""Gurisada y Teatro"" en la Sala Saltimbanquis"
2026-06-23,2026-W26,provincial,ELONCE,Entre Ríos,Centro,Entre rios,https://www.elonce.com,"Denuncian que un sujeto en moto, acosa y toca a mujeres en un barrio de Paraná"
2026-06-23,2026-W26,provincial,ELONCE,Entre Ríos,Centro,Entre rios,https://www.elonce.com,AGMER renovó reclamos salariales en acto de conmemoración por 45 años de historia gremial
2026-06-23,2026-W26,provincial,ELONCE,Entre Ríos,Centro,Entre rios,https://www.elonce.com,Alertan por el aumento de casos de gripe y la baja vacunación infantil
2026-06-23,2026-W26,provincial,ELONCE,Entre Ríos,Centro,Entre rios,https://www.elonce.com,Antonela Roccuzzo repitió una cábala de Qatar junto a sus hijos en el triunfo ante Austria
2026-06-23,2026-W26,provincial,ELONCE,Entre Ríos,Centro,Entre rios,https://www.elonce.com,Nueva gala de eliminación en Gran Hermano: quién abandonó la casa este lunes
2026-06-23,2026-W26,provincial,ELONCE,Entre Ríos,Centro,Entre rios,https://www.elonce.com,La China Suárez habría agarrado del pelo a una joven que se acercó a Mauro Icardi
2026-06-23,2026-W26,provincial,ELONCE,Entre Ríos,Centro,Entre rios,https://www.elonce.com,Pampita disfrutó del mar de Miami y lució una bikini que deslumbró a todos
2026-06-23,2026-W26,provincial,ELONCE,Entre Ríos,Centro,Entre rios,https://www.elonce.com,Panorama municipal
2026-06-23,2026-W26,provincial,UNO ENTRE RÍOS,Entre Ríos,Centro,Entre rios,https://www.unoentrerios.com.ar,Entre Ríos registró un aumento de casi 39% en casos de tuberculosis
2026-06-23,2026-W26,provincial,UNO ENTRE RÍOS,Entre Ríos,Centro,Entre rios,https://www.unoentrerios.com.ar,Diputados: se cayó la sesión de la oposición por Manuel Adorni
2026-06-23,2026-W26,provincial,UNO ENTRE RÍOS,Entre Ríos,Centro,Entre rios,https://www.unoentrerios.com.ar,Argentina ya piensa en Jordania: Scaloni evalúa rotación
2026-06-23,2026-W26,provincial,UNO ENTRE RÍOS,Entre Ríos,Centro,Entre rios,https://www.unoentrerios.com.ar,Granja Tres Arroyos: habrá nueva manifestación de trabajadores sobre la Ruta 14
2026-06-23,2026-W26,provincial,UNO ENTRE RÍOS,Entre Ríos,Centro,Entre rios,https://www.unoentrerios.com.ar,Excluyen de la matrícula a abogado tras seguidilla de hechos violentos y condena
2026-06-23,2026-W26,provincial,UNO ENTRE RÍOS,Entre Ríos,Centro,Entre rios,https://www.unoentrerios.com.ar,Inglaterra y Ghana igualaron sin goles por el Grupo L
2026-06-23,2026-W26,provincial,UNO ENTRE RÍOS,Entre Ríos,Centro,Entre rios,https://www.unoentrerios.com.ar,La Justicia define si homologa el juicio abreviado para el exadministrador acusado de desviar fondos escolares
2026-06-23,2026-W26,provincial,UNO ENTRE RÍOS,Entre Ríos,Centro,Entre rios,https://www.unoentrerios.com.ar,La Región Centro fortalece la integración energética
2026-06-23,2026-W26,provincial,UNO ENTRE RÍOS,Entre Ríos,Centro,Entre rios,https://www.unoentrerios.com.ar,"En seis años, Paraná registró una caída del 38% en la cantidad de viajeros alojados"
2026-06-23,2026-W26,provincial,UNO ENTRE RÍOS,Entre Ríos,Centro,Entre rios,https://www.unoentrerios.com.ar,Salud cardiovascular: el frío no es obstáculo para la actividad física
2026-06-23,2026-W26,provincial,UNO ENTRE RÍOS,Entre Ríos,Centro,Entre rios,https://www.unoentrerios.com.ar,Indignación por robo y destrozos en escuela rural de Concordia
2026-06-23,2026-W26,provincial,UNO ENTRE RÍOS,Entre Ríos,Centro,Entre rios,https://www.unoentrerios.com.ar,Parques Nacionales: el Gobierno abrió los retiros voluntarios
2026-06-23,2026-W26,provincial,UNO ENTRE RÍOS,Entre Ríos,Centro,Entre rios,https://www.unoentrerios.com.ar,Motociclista se salvó de ser aplastado por el conductor ebrio de pala mecánica
2026-06-23,2026-W26,provincial,UNO ENTRE RÍOS,Entre Ríos,Centro,Entre rios,https://www.unoentrerios.com.ar,Hospital Paranacito sumó equipo de diagnóstico por imágenes
2026-06-23,2026-W26,provincial,UNO ENTRE RÍOS,Entre Ríos,Centro,Entre rios,https://www.unoentrerios.com.ar,Villaguay: se firmó el decreto que adjudica la instalación de la planta asfáltica
2026-06-23,2026-W26,provincial,UNO ENTRE RÍOS,Entre Ríos,Centro,Entre rios,https://www.unoentrerios.com.ar,Alerta en La Floresta: mujeres denuncian acoso sexual callejero de un sujeto en moto
2026-06-23,2026-W26,provincial,UNO ENTRE RÍOS,Entre Ríos,Centro,Entre rios,https://www.unoentrerios.com.ar,Concordia: declararon la extinción de la acción penal en el caso Rebollo tras la muerte del imputado
2026-06-23,2026-W26,provincial,UNO ENTRE RÍOS,Entre Ríos,Centro,Entre rios,https://www.unoentrerios.com.ar,Santa Elena: detenido por un violento episodio de violencia de género
2026-06-23,2026-W26,provincial,UNO ENTRE RÍOS,Entre Ríos,Centro,Entre rios,https://www.unoentrerios.com.ar,Condenan a 3 años y 4 meses de prisión a un joven por homicidio en exceso de legítima defensa
2026-06-23,2026-W26,provincial,UNO ENTRE RÍOS,Entre Ríos,Centro,Entre rios,https://www.unoentrerios.com.ar,Una joven está grave tras ser atropellada por un auto que se movió sin conductor en Concordia
2026-06-23,2026-W26,provincial,UNO ENTRE RÍOS,Entre Ríos,Centro,Entre rios,https://www.unoentrerios.com.ar,Dos personas debieron ser asistidas tras incendio de vivienda
2026-06-23,2026-W26,provincial,UNO ENTRE RÍOS,Entre Ríos,Centro,Entre rios,https://www.unoentrerios.com.ar,Seguirán detenidos los acusados de atacar al presunto homicida de Jazmín González
2026-06-23,2026-W26,provincial,UNO ENTRE RÍOS,Entre Ríos,Centro,Entre rios,https://www.unoentrerios.com.ar,Entre Ríos: retrocede el empleo formal y hay menos empleadores
2026-06-23,2026-W26,provincial,UNO ENTRE RÍOS,Entre Ríos,Centro,Entre rios,https://www.unoentrerios.com.ar,"Grupo Bagó compró Eriochem, el laboratorio entrerriano que emplea a 280 personas y opera en tres países"
2026-06-23,2026-W26,provincial,UNO ENTRE RÍOS,Entre Ríos,Centro,Entre rios,https://www.unoentrerios.com.ar,Denuncian al juez de la quiebra de SanCor por graves irregularidades
2026-06-23,2026-W26,provincial,UNO ENTRE RÍOS,Entre Ríos,Centro,Entre rios,https://www.unoentrerios.com.ar,Importaciones: compras a través de courier crecieron 84%
2026-06-23,2026-W26,provincial,UNO ENTRE RÍOS,Entre Ríos,Centro,Entre rios,https://www.unoentrerios.com.ar,"El fisco que ya no pregunta: las dos caras de la nueva ""inocencia"" tributaria"
2026-06-23,2026-W26,provincial,UNO ENTRE RÍOS,Entre Ríos,Centro,Entre rios,https://www.unoentrerios.com.ar,Empleo formal: se perdieron 314.000 puestos en la era Javier Milei
2026-06-23,2026-W26,provincial,UNO ENTRE RÍOS,Entre Ríos,Centro,Entre rios,https://www.unoentrerios.com.ar,Se destapó Portugal: doblete récord de Cristiano Ronaldo y goleada ante Uzbekistán
2026-06-23,2026-W26,provincial,UNO ENTRE RÍOS,Entre Ríos,Centro,Entre rios,https://www.unoentrerios.com.ar,Argelia venció a Jordania y confirmó la clasificación de Argentina como líder del Grupo J
2026-06-23,2026-W26,provincial,UNO ENTRE RÍOS,Entre Ríos,Centro,Entre rios,https://www.unoentrerios.com.ar,Noruega venció a Senegal y definirá con Francia el primer puesto
2026-06-23,2026-W26,provincial,UNO ENTRE RÍOS,Entre Ríos,Centro,Entre rios,https://www.unoentrerios.com.ar,Francia aplastó a Irak y selló su pase a 16vos del Mundial
2026-06-23,2026-W26,provincial,UNO ENTRE RÍOS,Entre Ríos,Centro,Entre rios,https://www.unoentrerios.com.ar,El Récord Guinness homologó cuatro marcas de Messi en el Mundial
2026-06-23,2026-W26,provincial,UNO ENTRE RÍOS,Entre Ríos,Centro,Entre rios,https://www.unoentrerios.com.ar,"Scaloni valoró la clasificación de Argentina y llenó de elogios a Messi: ""Es impresionante"""
2026-06-23,2026-W26,provincial,UNO ENTRE RÍOS,Entre Ríos,Centro,Entre rios,https://www.unoentrerios.com.ar,La FBER confirmó el inicio de la Liga Provincial de Clubes Mayores Masculina 2026
2026-06-23,2026-W26,provincial,UNO ENTRE RÍOS,Entre Ríos,Centro,Entre rios,https://www.unoentrerios.com.ar,Franco Colapinto se ilusiona con sumar en Austria
2026-06-23,2026-W26,provincial,UNO ENTRE RÍOS,Entre Ríos,Centro,Entre rios,https://www.unoentrerios.com.ar,Dos entrerrianas fueron convocadas a Las Panteras para disputar la Copa Latina
2026-06-23,2026-W26,provincial,UNO ENTRE RÍOS,Entre Ríos,Centro,Entre rios,https://www.unoentrerios.com.ar,Liga Federal: Sionista igualó la serie y forzó un tercer partido
2026-06-23,2026-W26,provincial,UNO ENTRE RÍOS,Entre Ríos,Centro,Entre rios,https://www.unoentrerios.com.ar,Adrián Viso le dio una medalla internacional a Entre Ríos en el Iberoamericano U20
2026-06-23,2026-W26,provincial,UNO ENTRE RÍOS,Entre Ríos,Centro,Entre rios,https://www.unoentrerios.com.ar,La Peña de Boca de Concepción del Uruguay recibió una Medalla de Oro por su labor solidaria
2026-06-23,2026-W26,provincial,UNO ENTRE RÍOS,Entre Ríos,Centro,Entre rios,https://www.unoentrerios.com.ar,APB: Talleres se quedó con el primer punto de semifinales
2026-06-23,2026-W26,provincial,UNO ENTRE RÍOS,Entre Ríos,Centro,Entre rios,https://www.unoentrerios.com.ar,Mariano Werner disconforme en comparación con los Chevrolet
2026-06-23,2026-W26,provincial,UNO ENTRE RÍOS,Entre Ríos,Centro,Entre rios,https://www.unoentrerios.com.ar,Liga Paranaense: se reprogramaron los partidos de la 10ª fecha
2026-06-23,2026-W26,provincial,UNO ENTRE RÍOS,Entre Ríos,Centro,Entre rios,https://www.unoentrerios.com.ar,¿Cuándo volverá a jugar Patronato por la Primera Nacional?
2026-06-23,2026-W26,provincial,UNO ENTRE RÍOS,Entre Ríos,Centro,Entre rios,https://www.unoentrerios.com.ar,Patronato no alcanzó el objetivo al cierre de la primera rueda
2026-06-23,2026-W26,provincial,UNO ENTRE RÍOS,Entre Ríos,Centro,Entre rios,https://www.unoentrerios.com.ar,"Marcelo Candia: ""Tuvimos las situaciones para ganarlo y se nos escapó por una jugada de otro partido"""
2026-06-23,2026-W26,provincial,UNO ENTRE RÍOS,Entre Ríos,Centro,Entre rios,https://www.unoentrerios.com.ar,Primera Nacional: Patronato empató 1 a 1 con Ferrocarril Midland
2026-06-23,2026-W26,provincial,UNO ENTRE RÍOS,Entre Ríos,Centro,Entre rios,https://www.unoentrerios.com.ar,"China reactiva compras de soja en EEUU, mientras en Argentina solo tiene precio el 23% de la cosecha"
2026-06-23,2026-W26,provincial,UNO ENTRE RÍOS,Entre Ríos,Centro,Entre rios,https://www.unoentrerios.com.ar,Rosario se prepara para debatir el futuro de la soja
2026-06-23,2026-W26,provincial,UNO ENTRE RÍOS,Entre Ríos,Centro,Entre rios,https://www.unoentrerios.com.ar,"Las exportaciones agroindustriales crecieron 17,1% en los primeros cinco meses del año"
2026-06-23,2026-W26,provincial,LA CAPITAL,Santa Fe,Centro,Rosario,https://www.lacapital.com.ar,Un médico y un enfermero de Wheelwright vendían morfina y fentanilo de manera ilegal
2026-06-23,2026-W26,provincial,LA CAPITAL,Santa Fe,Centro,Rosario,https://www.lacapital.com.ar,En la provincia de Buenos Aires hay cortes de GNC: qué pasa en Rosario
2026-06-23,2026-W26,provincial,LA CAPITAL,Santa Fe,Centro,Rosario,https://www.lacapital.com.ar,Crimen del policía federal: ya son dos los hermanos imputados y un tercero continúa prófugo
2026-06-23,2026-W26,provincial,LA CAPITAL,Santa Fe,Centro,Rosario,https://www.lacapital.com.ar,"Adorni aseguró que está ""a disposición"" para presentar su informe en el Senado"
2026-06-23,2026-W26,provincial,LA CAPITAL,Santa Fe,Centro,Rosario,https://www.lacapital.com.ar,La avanzada sobre Adorni volvió a exponer diferencias en Provincias Unidas
2026-06-23,2026-W26,provincial,LA CAPITAL,Santa Fe,Centro,Rosario,https://www.lacapital.com.ar,"Una ciudad de Santa Fe tuvo la tasa de desempleo más alta del país: llegó al 10,4 %"
2026-06-23,2026-W26,provincial,LA CAPITAL,Santa Fe,Centro,Rosario,https://www.lacapital.com.ar,Jorge Messi recibió el alta y evoluciona favorablemente tras un delicado cuadro de salud
2026-06-23,2026-W26,provincial,LA CAPITAL,Santa Fe,Centro,Rosario,https://www.lacapital.com.ar,Crónica de una pasión Mundial: el periplo y la fe de los hinchas para ver a la Scaloneta
2026-06-23,2026-W26,provincial,LA CAPITAL,Santa Fe,Centro,Rosario,https://www.lacapital.com.ar,Cuál será el rival de Argentina en 16avos del Mundial: los resultados posibles del grupo H
2026-06-23,2026-W26,provincial,LA CAPITAL,Santa Fe,Centro,Rosario,https://www.lacapital.com.ar,"Cristiano Ronaldo, otra de las superestrellas que aparecieron con goles"
2026-06-23,2026-W26,provincial,LA CAPITAL,Santa Fe,Centro,Rosario,https://www.lacapital.com.ar,"Cuti Romero, bajo la lupa: se hará estudios y será baja para Argentina ante Jordania"
2026-06-23,2026-W26,provincial,LA CAPITAL,Santa Fe,Centro,Rosario,https://www.lacapital.com.ar,"Argentina tiene definido el día, hora y sede para los 16avos de final del Mundial 2026"
2026-06-23,2026-W26,provincial,LA CAPITAL,Santa Fe,Centro,Rosario,https://www.lacapital.com.ar,"El ""remo vikingo"": el festejo de Noruega que se volvió furor en el Mundial 2026"
2026-06-23,2026-W26,provincial,LA CAPITAL,Santa Fe,Centro,Rosario,https://www.lacapital.com.ar,Quién es la fan de Lionel Messi de 100 años que se volvió viral durante el encuentro ante Austria
2026-06-23,2026-W26,provincial,LA CAPITAL,Santa Fe,Centro,Rosario,https://www.lacapital.com.ar,Argentina clasificó primera del grupo y podrá guardar en el próximo partido ante Jordania
2026-06-23,2026-W26,provincial,LA CAPITAL,Santa Fe,Centro,Rosario,https://www.lacapital.com.ar,"El Messi que todos ven: ""Disfruto de jugar y pasarla bien dentro de la cancha"""
2026-06-23,2026-W26,provincial,LA CAPITAL,Santa Fe,Centro,Rosario,https://www.lacapital.com.ar,Qué otros récords marcó Lionel Messi en un Mundial luego de los dos goles a Austria
2026-06-23,2026-W26,provincial,LA CAPITAL,Santa Fe,Centro,Rosario,https://www.lacapital.com.ar,"Mbappé: ""Si me centrara en ver lo que hace Leo, tendría que esforzarme aún más"""
2026-06-23,2026-W26,provincial,LA CAPITAL,Santa Fe,Centro,Rosario,https://www.lacapital.com.ar,"Lionel Scaloni, del ""cuando se activa Leo, se activan todos"" a la ""alegría por la clasificación"""
2026-06-23,2026-W26,provincial,LA CAPITAL,Santa Fe,Centro,Rosario,https://www.lacapital.com.ar,Por qué Newell's puede sumar caras nuevas a pesar de la inhibición de Fifa
2026-06-23,2026-W26,provincial,LA CAPITAL,Santa Fe,Centro,Rosario,https://www.lacapital.com.ar,Rescatan material histórico del general San Martín que ofrecían por 100 mil dólares
2026-06-23,2026-W26,provincial,LA CAPITAL,Santa Fe,Centro,Rosario,https://www.lacapital.com.ar,Consumos problemáticos: capacitación sobre prevención y acompañamiento
2026-06-23,2026-W26,provincial,LA CAPITAL,Santa Fe,Centro,Rosario,https://www.lacapital.com.ar,"Docentes piden paritarias ""urgente"", pero el gobierno quiere tras las vacaciones"
2026-06-23,2026-W26,provincial,LA CAPITAL,Santa Fe,Centro,Rosario,https://www.lacapital.com.ar,El oficialismo decidió cancelar el informe de Manuel Adorni en el Senado
2026-06-23,2026-W26,provincial,LA CAPITAL,Santa Fe,Centro,Rosario,https://www.lacapital.com.ar,"Qué pasó con Alta en el Cielo, la bandera de 20 kilómetros que unió y conmovió a los rosarinos"
2026-06-23,2026-W26,provincial,LA CAPITAL,Santa Fe,Centro,Rosario,https://www.lacapital.com.ar,"Colegio de Jueces, otra carrera"
2026-06-23,2026-W26,provincial,LA CAPITAL,Santa Fe,Centro,Rosario,https://www.lacapital.com.ar,"En modo león herbívoro, Javier Milei empieza a reordenar la manada"
2026-06-23,2026-W26,provincial,LA CAPITAL,Santa Fe,Centro,Rosario,https://www.lacapital.com.ar,"Lisandro Bregant: ""Milei, antes que un gran narrador es un organizador de la atención"""
2026-06-23,2026-W26,provincial,LA CAPITAL,Santa Fe,Centro,Rosario,https://www.lacapital.com.ar,"Cuando Central inicie la pretemporada, Juan Cruz Komar será uno más en la pelea"
2026-06-23,2026-W26,provincial,LA CAPITAL,Santa Fe,Centro,Rosario,https://www.lacapital.com.ar,"Vóley: Normal 3 se quedó con la Copa de Oro en el Torneo de la Bandera ""Omar Delgado"""
2026-06-23,2026-W26,provincial,LA CAPITAL,Santa Fe,Centro,Rosario,https://www.lacapital.com.ar,Básquet: la Mini de la Rosarina jugó a lo grande y obtuvo el título
2026-06-23,2026-W26,provincial,LA CAPITAL,Santa Fe,Centro,Rosario,https://www.lacapital.com.ar,Copa Santa Fe: Central Córdoba y Leones FC salen a disputar las revanchas
2026-06-23,2026-W26,provincial,LA CAPITAL,Santa Fe,Centro,Rosario,https://www.lacapital.com.ar,Universitario se consagró campeón de la Superliga de Hóckey 2026
2026-06-23,2026-W26,provincial,LA CAPITAL,Santa Fe,Centro,Rosario,https://www.lacapital.com.ar,Lo imputaron por balear a un hombre que tomaba mates con su beba en brazos
2026-06-23,2026-W26,provincial,LA CAPITAL,Santa Fe,Centro,Rosario,https://www.lacapital.com.ar,El cementerio El Salvador abrirá sus puertas para una visita dedicada a vitralistas
2026-06-23,2026-W26,provincial,LA CAPITAL,Santa Fe,Centro,Rosario,https://www.lacapital.com.ar,En la flamante fuente del Monumento hicieron tareas de mantenimiento
2026-06-23,2026-W26,provincial,LA CAPITAL,Santa Fe,Centro,Rosario,https://www.lacapital.com.ar,"Cayeron doce integrantes de ""La banda del tanque"" en diez allanamientos"
2026-06-23,2026-W26,provincial,LA CAPITAL,Santa Fe,Centro,Rosario,https://www.lacapital.com.ar,Diputados sesiona este miércoles con el Súper Rigi al tope de la agenda
2026-06-23,2026-W26,provincial,LA CAPITAL,Santa Fe,Centro,Rosario,https://www.lacapital.com.ar,"Sin quórum, el proyecto para interpelar a Adorni no prosperó en Diputados"
2026-06-23,2026-W26,provincial,LA CAPITAL,Santa Fe,Centro,Rosario,https://www.lacapital.com.ar,Barrio Banana: denuncian golpiza de policías en tras el crimen de Rodolfo Manfredi
2026-06-23,2026-W26,provincial,LA CAPITAL,Santa Fe,Centro,Rosario,https://www.lacapital.com.ar,Graves daños tras un derrumbe en una panadería de zona sur: necesitan ayuda
2026-06-23,2026-W26,provincial,LA CAPITAL,Santa Fe,Centro,Rosario,https://www.lacapital.com.ar,Cien días con Adorni
2026-06-23,2026-W26,provincial,LA CAPITAL,Santa Fe,Centro,Rosario,https://www.lacapital.com.ar,Búsquedas de paradero en Rosario: 10 denuncias diarias y 500 personas perdidas
2026-06-23,2026-W26,provincial,LA CAPITAL,Santa Fe,Centro,Rosario,https://www.lacapital.com.ar,El dispositivo creado por un mecánico que puede cambiar los partos: ¿se usa en Rosario?
2026-06-23,2026-W26,provincial,LA CAPITAL,Santa Fe,Centro,Rosario,https://www.lacapital.com.ar,La gastronomía apuesta al centro: las aperturas que llegan y las que se vienen
2026-06-23,2026-W26,provincial,LA CAPITAL,Santa Fe,Centro,Rosario,https://www.lacapital.com.ar,Día del Padre en Rosario: las ventas fueron apenas inferiores al año pasado
2026-06-23,2026-W26,provincial,LA CAPITAL,Santa Fe,Centro,Rosario,https://www.lacapital.com.ar,"""Fue un ciudadano ilustre"": el nieto de Ángel Guido recordó al arquitecto del Monumento"
2026-06-23,2026-W26,provincial,LA CAPITAL,Santa Fe,Centro,Rosario,https://www.lacapital.com.ar,Milei en el Monumento: hinchada propia e indiferencia con Villarruel
2026-06-23,2026-W26,provincial,LA CAPITAL,Santa Fe,Centro,Rosario,https://www.lacapital.com.ar,"El campo popular declaró al presidente ""persona no grata en Rosario"""
2026-06-23,2026-W26,provincial,LA CAPITAL,Santa Fe,Centro,Rosario,https://www.lacapital.com.ar,"Más de 350 mil personas celebraron el Día de la Bandera entre asado, folklore y el show de Abel Pintos"
2026-06-23,2026-W26,provincial,AIRE DIGITAL,Santa Fe,Centro,Santa Fe,https://www.airedesantafe.com.ar,Llegó el frío y Santa Fe esquiva por ahora las restricciones de gas y GNC que afectan a otras regiones
2026-06-23,2026-W26,provincial,AIRE DIGITAL,Santa Fe,Centro,Santa Fe,https://www.airedesantafe.com.ar,Identificaron a un preso de la cárcel de Las Flores como presunto coautor del femicidio de Florencia Gómez
2026-06-23,2026-W26,provincial,AIRE DIGITAL,Santa Fe,Centro,Santa Fe,https://www.airedesantafe.com.ar,Cuti Romero sería la única baja por molestia física en la Selección Argentina de cara a Jordania
2026-06-23,2026-W26,provincial,AIRE DIGITAL,Santa Fe,Centro,Santa Fe,https://www.airedesantafe.com.ar,Últimas Noticias
2026-06-23,2026-W26,provincial,AIRE DIGITAL,Santa Fe,Centro,Santa Fe,https://www.airedesantafe.com.ar,Vecinos colocan cadenas y candados en desagües para evitar robos en barrio Parque Garay
2026-06-23,2026-W26,provincial,AIRE DIGITAL,Santa Fe,Centro,Santa Fe,https://www.airedesantafe.com.ar,"Santa Fe ya vivió la mañana más fría del año, pero las heladas con sensación térmica bajo cero continuarán"
2026-06-23,2026-W26,provincial,AIRE DIGITAL,Santa Fe,Centro,Santa Fe,https://www.airedesantafe.com.ar,Provincia impulsa actividades para prevenir consumos problemáticos y promover hábitos saludables
2026-06-23,2026-W26,provincial,AIRE DIGITAL,Santa Fe,Centro,Santa Fe,https://www.airedesantafe.com.ar,Nuevo puente Santa Fe - Santo Tomé: avanza la reparación de los pilotes dañados
2026-06-23,2026-W26,provincial,AIRE DIGITAL,Santa Fe,Centro,Santa Fe,https://www.airedesantafe.com.ar,Se canceló el informe de Manuel Adorni en el Senado porque los legisladores opositores solo quieren interpelarlo
2026-06-23,2026-W26,provincial,AIRE DIGITAL,Santa Fe,Centro,Santa Fe,https://www.airedesantafe.com.ar,Femicidio de Vanesa Troncoso en el barrio Punta Norte: condenaron a su cuñado a prisión perpetua
2026-06-23,2026-W26,provincial,AIRE DIGITAL,Santa Fe,Centro,Santa Fe,https://www.airedesantafe.com.ar,Robo en una escuela de Santa Fe: pegaron carteles con la cara del presunto ladrón de una bicicleta
2026-06-23,2026-W26,provincial,AIRE DIGITAL,Santa Fe,Centro,Santa Fe,https://www.airedesantafe.com.ar,"Tras escaparse de una comisaría hace casi una semana, cayó ""Pistolón"" en una finca de Rincón"
2026-06-23,2026-W26,provincial,AIRE DIGITAL,Santa Fe,Centro,Santa Fe,https://www.airedesantafe.com.ar,Copa mundial 2026
2026-06-23,2026-W26,provincial,AIRE DIGITAL,Santa Fe,Centro,Santa Fe,https://www.airedesantafe.com.ar,"Bonadeo y el presente de Messi en el Mundial 2026: ""Tiene algo diferente"""
2026-06-23,2026-W26,provincial,AIRE DIGITAL,Santa Fe,Centro,Santa Fe,https://www.airedesantafe.com.ar,La terrible reacción de Ronaldo cuando nombraron a Messi en una entrevista
2026-06-23,2026-W26,provincial,AIRE DIGITAL,Santa Fe,Centro,Santa Fe,https://www.airedesantafe.com.ar,¿Cuánto cuesta viajar para ver a Argentina ante Jordania?
2026-06-23,2026-W26,provincial,AIRE DIGITAL,Santa Fe,Centro,Santa Fe,https://www.airedesantafe.com.ar,Argentina ya tiene día y hora para jugar en los 16avos de final
2026-06-23,2026-W26,provincial,AIRE DIGITAL,Santa Fe,Centro,Santa Fe,https://www.airedesantafe.com.ar,¿Contra quién jugaría la Argentina en 16vos de final?: los posibles rivales
2026-06-23,2026-W26,provincial,AIRE DIGITAL,Santa Fe,Centro,Santa Fe,https://www.airedesantafe.com.ar,"Referente de la Selección de Chile rendido ante Argentina: ""Son millonarios y se tiran de cabeza"""
2026-06-23,2026-W26,provincial,AIRE DIGITAL,Santa Fe,Centro,Santa Fe,https://www.airedesantafe.com.ar,Argelia remontó ante Jordania y llega con chances de clasificar en el Mundial 2026
2026-06-23,2026-W26,provincial,AIRE DIGITAL,Santa Fe,Centro,Santa Fe,https://www.airedesantafe.com.ar,Comercio exterior en Santa Fe: claves y oportunidades para que las pymes ganen mercados
2026-06-23,2026-W26,provincial,AIRE DIGITAL,Santa Fe,Centro,Santa Fe,https://www.airedesantafe.com.ar,"El PIB creció 2,3% interanual en el primer trimestre del año, empujado por las exportaciones"
2026-06-23,2026-W26,provincial,AIRE DIGITAL,Santa Fe,Centro,Santa Fe,https://www.airedesantafe.com.ar,Denuncian demoras de hasta un mes en el crematorio del cementerio municipal
2026-06-23,2026-W26,provincial,AIRE DIGITAL,Santa Fe,Centro,Santa Fe,https://www.airedesantafe.com.ar,Se definió la pena para el culpable por un intento de femicidio en Alto Verde: pasará 18 años en prisión
2026-06-23,2026-W26,provincial,AIRE DIGITAL,Santa Fe,Centro,Santa Fe,https://www.airedesantafe.com.ar,Advierten por una estafa en Santa Fe con bonos falsos a nombre de excombatientes de Malvinas
2026-06-23,2026-W26,provincial,AIRE DIGITAL,Santa Fe,Centro,Santa Fe,https://www.airedesantafe.com.ar,Intentó robar una casa en Santa Fe y fue detenido: el dueño también cayó por un arma sin papeles
2026-06-23,2026-W26,provincial,AIRE DIGITAL,Santa Fe,Centro,Santa Fe,https://www.airedesantafe.com.ar,Frenan la limpieza de camalotes en la Laguna Setúbal hasta firmar un convenio con el Ejército
2026-06-23,2026-W26,provincial,AIRE DIGITAL,Santa Fe,Centro,Santa Fe,https://www.airedesantafe.com.ar,Denuncian por estafas a una mutual de Nelson: su presidente murió y los clientes no logran recuperar sus ahorros
2026-06-23,2026-W26,provincial,AIRE DIGITAL,Santa Fe,Centro,Santa Fe,https://www.airedesantafe.com.ar,Se cayó la sesión de Diputados por Manuel Adorni: el plan del oficialismo funcionó a la perfección
2026-06-23,2026-W26,provincial,AIRE DIGITAL,Santa Fe,Centro,Santa Fe,https://www.airedesantafe.com.ar,UDA pide a Provincia que convoque a paritarias para discutir salarios docentes
2026-06-23,2026-W26,provincial,AIRE DIGITAL,Santa Fe,Centro,Santa Fe,https://www.airedesantafe.com.ar,"Cuál es el estado de salud de Joel, el joven con discapacidad que sufrió un incendio en Santa Fe"
2026-06-23,2026-W26,provincial,AIRE DIGITAL,Santa Fe,Centro,Santa Fe,https://www.airedesantafe.com.ar,Santa Fe acompaña la concesión de la Hidrovía y adelanta un rol activo en los controles
2026-06-23,2026-W26,provincial,AIRE DIGITAL,Santa Fe,Centro,Santa Fe,https://www.airedesantafe.com.ar,"Llegó el primer refuerzo de Colón: ""Es un club grandísimo"""
2026-06-23,2026-W26,provincial,AIRE DIGITAL,Santa Fe,Centro,Santa Fe,https://www.airedesantafe.com.ar,El excapitán de Unión tiene nuevo club: Claudio Corvalán es jugador de Deportivo Madryn
2026-06-23,2026-W26,provincial,AIRE DIGITAL,Santa Fe,Centro,Santa Fe,https://www.airedesantafe.com.ar,Policiales y locales
2026-06-23,2026-W26,provincial,AIRE DIGITAL,Santa Fe,Centro,Santa Fe,https://www.airedesantafe.com.ar,El entramado internacional que permitió a una empresa fantasma de Santa Fe fugar 18 millones de dólares del país
2026-06-23,2026-W26,provincial,AIRE DIGITAL,Santa Fe,Centro,Santa Fe,https://www.airedesantafe.com.ar,"La juzgaron por el homicidio de su novio, fue absuelta y ahora terminó detenida por tenencia de droga"
2026-06-23,2026-W26,provincial,AIRE DIGITAL,Santa Fe,Centro,Santa Fe,https://www.airedesantafe.com.ar,Vecinos y comerciantes de Santa Fe detuvieron a un ladrón en plena avenida Facundo Zuviría
2026-06-23,2026-W26,provincial,AIRE DIGITAL,Santa Fe,Centro,Santa Fe,https://www.airedesantafe.com.ar,"Bala perdida: ""Terminaba el partido de Argentina, se escucharon cohetes y mi hermano tenía una herida"""
2026-06-23,2026-W26,provincial,AIRE DIGITAL,Santa Fe,Centro,Santa Fe,https://www.airedesantafe.com.ar,Santa Fe amaneció con frío récord: se registró la temperatura más baja de 2026
2026-06-23,2026-W26,provincial,AIRE DIGITAL,Santa Fe,Centro,Santa Fe,https://www.airedesantafe.com.ar,El gran remate de las Cabañas Santafesinas abre la temporada de reproductores en Emilia
2026-06-23,2026-W26,provincial,AIRE DIGITAL,Santa Fe,Centro,Santa Fe,https://www.airedesantafe.com.ar,"Para Carlos De Lorenzi, sólo la exportación puede salvar a los tambos chicos"
2026-06-23,2026-W26,provincial,AIRE DIGITAL,Santa Fe,Centro,Santa Fe,https://www.airedesantafe.com.ar,Del rechazo al fideicomiso para obras en puertos al pedido de transparencia del IPCVA: la Rural de Santa Fe endurece su agenda gremial
2026-06-23,2026-W26,provincial,AIRE DIGITAL,Santa Fe,Centro,Santa Fe,https://www.airedesantafe.com.ar,La lechería atrae nuevas inversiones y Santa Fe amplía su capacidad industrial
2026-06-23,2026-W26,provincial,AIRE DIGITAL,Santa Fe,Centro,Santa Fe,https://www.airedesantafe.com.ar,La Bolsa de Rosario desplegará en Gálvez una agenda de herramientas y capacitación para la agroindustria
2026-06-23,2026-W26,provincial,AIRE DIGITAL,Santa Fe,Centro,Santa Fe,https://www.airedesantafe.com.ar,Mas notas de Agro
2026-06-23,2026-W26,provincial,AIRE DIGITAL,Santa Fe,Centro,Santa Fe,https://www.airedesantafe.com.ar,AIRE en Rosario
2026-06-23,2026-W26,provincial,AIRE DIGITAL,Santa Fe,Centro,Santa Fe,https://www.airedesantafe.com.ar,La noticia que esperaba Lionel Messi: su padre Jorge recibió el alta médica
2026-06-23,2026-W26,provincial,AIRE DIGITAL,Santa Fe,Centro,Santa Fe,https://www.airedesantafe.com.ar,Homicidio de un agente de la Policía Federal en Rosario: cayó otro integrante de la banda narco
2026-06-23,2026-W26,provincial,AIRE DIGITAL,Santa Fe,Centro,Santa Fe,https://www.airedesantafe.com.ar,Provincia capacitó a emprendedores en una nueva edición de Entrenamiento Nube en Rosario
2026-06-23,2026-W26,provincial,DIARIO UNO,Mendoza,Cuyo,Mendoza,https://www.diariouno.com.ar,Adriana García dio el batacazo y será la rectora de la UNCuyo
2026-06-23,2026-W26,provincial,DIARIO UNO,Mendoza,Cuyo,Mendoza,https://www.diariouno.com.ar,Mundial DE FÚTBOL 2026
2026-06-23,2026-W26,provincial,DIARIO UNO,Mendoza,Cuyo,Mendoza,https://www.diariouno.com.ar,La FIFA estudia cambiar la reglamentación de los penales en pleno Mundial 2026
2026-06-23,2026-W26,provincial,DIARIO UNO,Mendoza,Cuyo,Mendoza,https://www.diariouno.com.ar,VIDEOS DESTACADOS
2026-06-23,2026-W26,provincial,DIARIO UNO,Mendoza,Cuyo,Mendoza,https://www.diariouno.com.ar,ÚLTIMAS NOTICIAS
2026-06-23,2026-W26,provincial,DIARIO UNO,Mendoza,Cuyo,Mendoza,https://www.diariouno.com.ar,"Frío récord: este martes, Malargüe y Uspallata fueron las ciudades más frías de todo el país"
2026-06-23,2026-W26,provincial,DIARIO UNO,Mendoza,Cuyo,Mendoza,https://www.diariouno.com.ar,Mendoza ya tiene ley para impulsar el Polo Logístico del Este
2026-06-23,2026-W26,provincial,DIARIO UNO,Mendoza,Cuyo,Mendoza,https://www.diariouno.com.ar,Se viene la rotación en la Selección argentina tras quedar primera en el Grupo J del Mundial
2026-06-23,2026-W26,provincial,DIARIO UNO,Mendoza,Cuyo,Mendoza,https://www.diariouno.com.ar,Nación habilitó un parque solar en Lavalle y Mendoza suma energía al sistema integrado
2026-06-23,2026-W26,provincial,DIARIO UNO,Mendoza,Cuyo,Mendoza,https://www.diariouno.com.ar,"Celador negó un abuso sexual de la niña que se atrincheró en una escuela de La Paz: ""Soy incapaz"""
2026-06-23,2026-W26,provincial,DIARIO UNO,Mendoza,Cuyo,Mendoza,https://www.diariouno.com.ar,Fuera de agenda
2026-06-23,2026-W26,provincial,DIARIO UNO,Mendoza,Cuyo,Mendoza,https://www.diariouno.com.ar,Agenda y Resultados de Partidos
2026-06-23,2026-W26,provincial,DIARIO UNO,Mendoza,Cuyo,Mendoza,https://www.diariouno.com.ar,POLICIALES Y JUDICIALES
2026-06-23,2026-W26,provincial,DIARIO UNO,Mendoza,Cuyo,Mendoza,https://www.diariouno.com.ar,Series y Películas
2026-06-23,2026-W26,provincial,DIARIO UNO,Mendoza,Cuyo,Mendoza,https://www.diariouno.com.ar,Análisis y Opinión
2026-06-23,2026-W26,provincial,DIARIO UNO,Mendoza,Cuyo,Mendoza,https://www.diariouno.com.ar,libros y cultura
2026-06-23,2026-W26,provincial,DIARIO UNO,Mendoza,Cuyo,Mendoza,https://www.diariouno.com.ar,"El ""Viticultor del Año"" en la lista de Tim Atkin es mendocino y busca cambiar el paradigma del vino"
2026-06-23,2026-W26,provincial,DIARIO UNO,Mendoza,Cuyo,Mendoza,https://www.diariouno.com.ar,La publicidad de un mendocino que emocionó en Rusia y superó a gigantes globales como Netflix
2026-06-23,2026-W26,provincial,DIARIO UNO,Mendoza,Cuyo,Mendoza,https://www.diariouno.com.ar,"Juntar figuritas del Mundial y estampillas, dos rituales que conviven en Mendoza"
2026-06-23,2026-W26,provincial,DIARIO UNO,Mendoza,Cuyo,Mendoza,https://www.diariouno.com.ar,Un nuevo libro sobre Tejada Gómez conecta su obra con los artistas del siglo XXI
2026-06-23,2026-W26,provincial,DIARIO UNO,Mendoza,Cuyo,Mendoza,https://www.diariouno.com.ar,"Mendocina descubrió el oficio de zapatera por casualidad, creó su marca y hoy representa al país en Brasil"
2026-06-23,2026-W26,provincial,DIARIO UNO,Mendoza,Cuyo,Mendoza,https://www.diariouno.com.ar,"La conexión de un Spinetta con Mendoza: amor, arte y cruzada solidaria por caballos maltratados"
2026-06-23,2026-W26,provincial,DIARIO UNO,Mendoza,Cuyo,Mendoza,https://www.diariouno.com.ar,El enólogo mendocino que vivió mil vidas y creó la primera bebida alcohólica a base de flores
2026-06-23,2026-W26,provincial,DIARIO UNO,Mendoza,Cuyo,Mendoza,https://www.diariouno.com.ar,El abogado Alejandro Poquet traslada al teatro el juicio a Cristina y lo hace en clave de sátira
2026-06-23,2026-W26,provincial,DIARIO UNO,Mendoza,Cuyo,Mendoza,https://www.diariouno.com.ar,Por los mendocinos detenidos en Libia hay negociaciones diplomáticas y parece inminente la extradición
2026-06-23,2026-W26,provincial,DIARIO UNO,Mendoza,Cuyo,Mendoza,https://www.diariouno.com.ar,"No es chiste: el 24 de junio debería ser feriado, se lo merece más que otras fechas"
2026-06-23,2026-W26,provincial,DIARIO UNO,Mendoza,Cuyo,Mendoza,https://www.diariouno.com.ar,De los diputados mendocinos sólo Félix y Aveiro dieron quórum en la sesión para interpelar a Adorni
2026-06-23,2026-W26,provincial,DIARIO UNO,Mendoza,Cuyo,Mendoza,https://www.diariouno.com.ar,Conmoción en el Mundial 2026: Didier Deschamps abandonó de urgencia la concentración de Francia
2026-06-23,2026-W26,provincial,DIARIO UNO,Mendoza,Cuyo,Mendoza,https://www.diariouno.com.ar,Cristiano Ronaldo sorprendió con su reacción cuando le preguntaron por el doblete que hizo Messi
2026-06-23,2026-W26,provincial,DIARIO UNO,Mendoza,Cuyo,Mendoza,https://www.diariouno.com.ar,Inglaterra y Ghana se sacaron un cero en su partido por el Grupo L de la Copa Mundial de Fútbol 2026
2026-06-23,2026-W26,provincial,DIARIO UNO,Mendoza,Cuyo,Mendoza,https://www.diariouno.com.ar,Mar del Plata: quién era la joven de 18 años que murió atropellada por un colectivo
2026-06-23,2026-W26,provincial,DIARIO UNO,Mendoza,Cuyo,Mendoza,https://www.diariouno.com.ar,"Declaró el chofer que atropelló y mató a una mujer: ""Se rompió la dirección y no giró el volante"""
2026-06-23,2026-W26,provincial,DIARIO UNO,Mendoza,Cuyo,Mendoza,https://www.diariouno.com.ar,"Mientras el mundo está atento a Irán, Corea del Norte insiste en el rearme nuclear y advierte a Estados Unidos"
2026-06-23,2026-W26,provincial,DIARIO UNO,Mendoza,Cuyo,Mendoza,https://www.diariouno.com.ar,Millones de personas en Brasil reciben una misteriosa alerta: tiene una palabra que demarca odio
2026-06-23,2026-W26,provincial,DIARIO UNO,Mendoza,Cuyo,Mendoza,https://www.diariouno.com.ar,"Es el emblema estadounidense, pero su color original no era verde y tiene un detalle en los pies que pocos notaron"
2026-06-23,2026-W26,provincial,DIARIO UNO,Mendoza,Cuyo,Mendoza,https://www.diariouno.com.ar,Referentes de Nación y Mendoza visitaron Sierra Pintada para coordinar trabajos de remediación ambiental
2026-06-23,2026-W26,provincial,DIARIO UNO,Mendoza,Cuyo,Mendoza,https://www.diariouno.com.ar,El oficialismo no dio quórum y se cayó la sesión que iba a tratar la interpelación a Adorni
2026-06-23,2026-W26,provincial,DIARIO UNO,Mendoza,Cuyo,Mendoza,https://www.diariouno.com.ar,Griselda Petri explicó por qué creció tanto su patrimonio en sólo 3 años
2026-06-23,2026-W26,provincial,DIARIO UNO,Mendoza,Cuyo,Mendoza,https://www.diariouno.com.ar,"Otra condena contra el ex ministro kirchnerista Julio De Vido, ahora por la causa de Odebrecht"
2026-06-23,2026-W26,provincial,DIARIO UNO,Mendoza,Cuyo,Mendoza,https://www.diariouno.com.ar,José Luis Espert fue citado por la Justicia en la causa por lavado de dinero
2026-06-23,2026-W26,provincial,DIARIO UNO,Mendoza,Cuyo,Mendoza,https://www.diariouno.com.ar,Planes de ahorro: la Corte suspendió el fallo que obligó a 30.000 ahorristas a pagar sus deudas
2026-06-23,2026-W26,provincial,DIARIO UNO,Mendoza,Cuyo,Mendoza,https://www.diariouno.com.ar,Lionel Messi sueña con batir el récord de Just Fontaine en el Mundial 2026
2026-06-23,2026-W26,provincial,DIARIO UNO,Mendoza,Cuyo,Mendoza,https://www.diariouno.com.ar,River busca el regreso de uno de los héroes de Madrid para afrontar el segundo semestre del 2026
2026-06-23,2026-W26,provincial,DIARIO UNO,Mendoza,Cuyo,Mendoza,https://www.diariouno.com.ar,Cuántas fechas recibió el primer sancionado en el Mundial por hablar tapándose la boca
2026-06-23,2026-W26,provincial,DIARIO UNO,Mendoza,Cuyo,Mendoza,https://www.diariouno.com.ar,Cristiano Ronaldo alcanzó dos récords que Messi no podrá conseguir
2026-06-23,2026-W26,provincial,DIARIO UNO,Mendoza,Cuyo,Mendoza,https://www.diariouno.com.ar,"Los Pumas, con dos mendocinos, tienen plantel para el nuevo Nations Championship"
2026-06-23,2026-W26,provincial,DIARIO UNO,Mendoza,Cuyo,Mendoza,https://www.diariouno.com.ar,Independiente Rivadavia comenzó la pretemporada con algunas bajas y a la espera de refuerzos
2026-06-23,2026-W26,provincial,DIARIO UNO,Mendoza,Cuyo,Mendoza,https://www.diariouno.com.ar,"Es mendocino, tiene 100 años, vio 23 Mundiales y asegura: ""Nunca he visto un jugador como Messi"""
2026-06-23,2026-W26,provincial,DIARIO UNO,Mendoza,Cuyo,Mendoza,https://www.diariouno.com.ar,Investigan en Mendoza si hay roedores con hantavirus por el brote del crucero que dejó tres muertos
2026-06-23,2026-W26,provincial,DIARIO UNO,Mendoza,Cuyo,Mendoza,https://www.diariouno.com.ar,Roblox lanzó una guía para que los padres sepan cómo prevenir el grooming desde la plataforma
2026-06-23,2026-W26,provincial,LOS ANDES,Mendoza,Cuyo,Mendoza,https://www.losandes.com.ar,Batacazo en la UNCuyo: ganó el peronismo y Adriana García será la nueva rectora
2026-06-23,2026-W26,provincial,LOS ANDES,Mendoza,Cuyo,Mendoza,https://www.losandes.com.ar,"Bullrich anunció que Adorni no dará el informe de gestión en el Senado: ""No tenía sentido hacerlo venir"""
2026-06-23,2026-W26,provincial,LOS ANDES,Mendoza,Cuyo,Mendoza,https://www.losandes.com.ar,Marcelo D'Agostino: se confirmó el tribunal que tomará una decisión clave en la causa por violencia de género
2026-06-23,2026-W26,provincial,LOS ANDES,Mendoza,Cuyo,Mendoza,https://www.losandes.com.ar,"El dólar oficial roza los $ 1.500, acumula una suba de 4,5% en junio y registra su sexta alza consecutiva"
2026-06-23,2026-W26,provincial,LOS ANDES,Mendoza,Cuyo,Mendoza,https://www.losandes.com.ar,Portugal aplastó 5-0 a Uzbekistán en Houston y lidera el Grupo K con un doblete de Cristiano Ronaldo
2026-06-23,2026-W26,provincial,LOS ANDES,Mendoza,Cuyo,Mendoza,https://www.losandes.com.ar,La marca inédita de Cristiano Ronaldo que Messi no podrá alcanzar en el Mundial 2026
2026-06-23,2026-W26,provincial,LOS ANDES,Mendoza,Cuyo,Mendoza,https://www.losandes.com.ar,"Ghana le cerró todos los caminos a Inglaterra, y empataron 0 a 0 en un duelo aburrido"
2026-06-23,2026-W26,provincial,LOS ANDES,Mendoza,Cuyo,Mendoza,https://www.losandes.com.ar,"Cuándo, a qué hora y contra quién jugaría la Selección Argentina en 16avos del Mundial 2026"
2026-06-23,2026-W26,provincial,LOS ANDES,Mendoza,Cuyo,Mendoza,https://www.losandes.com.ar,Todos los récords de Lionel Messi en el Mundial 2026: las marcas que rompió y los hitos que puede alcanzar
2026-06-23,2026-W26,provincial,LOS ANDES,Mendoza,Cuyo,Mendoza,https://www.losandes.com.ar,"Los salarios registrados subieron 3,5% en abril y le ganaron a la inflación: el dato que preocupa"
2026-06-23,2026-W26,provincial,LOS ANDES,Mendoza,Cuyo,Mendoza,https://www.losandes.com.ar,Familias denuncian que pagaron por casas industrializadas a una empresa de Guaymallén y no se las entregaron
2026-06-23,2026-W26,provincial,LOS ANDES,Mendoza,Cuyo,Mendoza,https://www.losandes.com.ar,Habrá transporte gratuito para estudiantes que quieran ir a la Expo Educativa 2026: cómo acceder
2026-06-23,2026-W26,provincial,LOS ANDES,Mendoza,Cuyo,Mendoza,https://www.losandes.com.ar,Ocho de los diez diputados por Mendoza faltaron a la sesión que podía complicar a Manuel Adorni
2026-06-23,2026-W26,provincial,LOS ANDES,Mendoza,Cuyo,Mendoza,https://www.losandes.com.ar,A un mes del femicidio de Agostina Vega: cómo sigue la causa y las claves de la investigación
2026-06-23,2026-W26,provincial,LOS ANDES,Mendoza,Cuyo,Mendoza,https://www.losandes.com.ar,Nación también habilitó denuncias de infracciones de tránsito por WhatsApp: en qué se diferencia de Mendoza
2026-06-23,2026-W26,provincial,LOS ANDES,Mendoza,Cuyo,Mendoza,https://www.losandes.com.ar,Planes de ahorro: la Suprema Corte de Mendoza admitió recurso de ahorristas y suspendió remates de vehículos
2026-06-23,2026-W26,provincial,LOS ANDES,Mendoza,Cuyo,Mendoza,https://www.losandes.com.ar,"Fredi Vivas en Ciclo Pilares: ""Mendoza es el tipo de entorno donde la IA genera impacto real y medible"""
2026-06-23,2026-W26,provincial,LOS ANDES,Mendoza,Cuyo,Mendoza,https://www.losandes.com.ar,Ciclo Pilares IA: quiénes son los expertos que disertarán en Logística e Industria 4.0
2026-06-23,2026-W26,provincial,LOS ANDES,Mendoza,Cuyo,Mendoza,https://www.losandes.com.ar,Ciclo Pilares IA: quiénes son los expertos que disertarán en Health Tech
2026-06-23,2026-W26,provincial,LOS ANDES,Mendoza,Cuyo,Mendoza,https://www.losandes.com.ar,Ciclo Pilares IA: quiénes son los expertos confirmados que disertarán en Agrifood Tech
2026-06-23,2026-W26,provincial,LOS ANDES,Mendoza,Cuyo,Mendoza,https://www.losandes.com.ar,Se quemó al prender una estufa en San Rafael y lo trasladaron en helicóptero al Lagomaggiore: está grave
2026-06-23,2026-W26,provincial,LOS ANDES,Mendoza,Cuyo,Mendoza,https://www.losandes.com.ar,Sanción definitiva para una ley que permitirá acelerar el desalojo de casas otorgadas por el IPV
2026-06-23,2026-W26,provincial,LOS ANDES,Mendoza,Cuyo,Mendoza,https://www.losandes.com.ar,Otra condena para De Vido: tres años de prisión por irregularidades en la contratación de Odebrecht
2026-06-23,2026-W26,provincial,LOS ANDES,Mendoza,Cuyo,Mendoza,https://www.losandes.com.ar,Citaron a indagatoria a José Luis Espert en la causa por lavado de dinero
2026-06-23,2026-W26,provincial,LOS ANDES,Mendoza,Cuyo,Mendoza,https://www.losandes.com.ar,Crece la interna en la CGT: gremios duros impulsan un paro nacional de 36 horas contra Milei
2026-06-23,2026-W26,provincial,LOS ANDES,Mendoza,Cuyo,Mendoza,https://www.losandes.com.ar,Condenaron al activista que golpeó al presidente de la Cámara de Servicios Mineros durante la protesta de Uspallata
2026-06-23,2026-W26,provincial,LOS ANDES,Mendoza,Cuyo,Mendoza,https://www.losandes.com.ar,Murió una mujer por hantavirus en Bariloche tras pasar 21 días de aislamiento preventivo
2026-06-23,2026-W26,provincial,LOS ANDES,Mendoza,Cuyo,Mendoza,https://www.losandes.com.ar,Propiedades y autos importados: quiénes son los legisladores que tienen los patrimonios más altos
2026-06-23,2026-W26,provincial,LOS ANDES,Mendoza,Cuyo,Mendoza,https://www.losandes.com.ar,"""El pescador urbano"": fabricó un gancho para robarle ropa por la ventana a un vecino y terminó detenido"
2026-06-23,2026-W26,provincial,LOS ANDES,Mendoza,Cuyo,Mendoza,https://www.losandes.com.ar,"""Demostrar que yo puedo"": el innovador método de una ONG mendocina para ganarle a la exclusión"
2026-06-23,2026-W26,provincial,LOS ANDES,Mendoza,Cuyo,Mendoza,https://www.losandes.com.ar,Descargá aquí la edición impresa
2026-06-23,2026-W26,provincial,LOS ANDES,Mendoza,Cuyo,Mendoza,https://www.losandes.com.ar,"FIFA confirmó la sanción para Almirón tras el primer caso de la ""Ley Prestianni"""
2026-06-23,2026-W26,provincial,LOS ANDES,Mendoza,Cuyo,Mendoza,https://www.losandes.com.ar,Conmoción en Francia: Deschamps deja el equipo por el fallecimiento de su madre
2026-06-23,2026-W26,provincial,LOS ANDES,Mendoza,Cuyo,Mendoza,https://www.losandes.com.ar,Histórico: Lionel Messi es el máximo goleador en la historia de los Mundiales
2026-06-23,2026-W26,provincial,LOS ANDES,Mendoza,Cuyo,Mendoza,https://www.losandes.com.ar,Amuleto insólito: por qué los hinchas de Japón comen KitKat antes de los partidos importantes
2026-06-23,2026-W26,provincial,LOS ANDES,Mendoza,Cuyo,Mendoza,https://www.losandes.com.ar,Mundial 2026: Lionel Messi y una celebración peculiar de su segundo gol
2026-06-23,2026-W26,provincial,LOS ANDES,Mendoza,Cuyo,Mendoza,https://www.losandes.com.ar,Sierra Pintada: cómo avanza la remediación ambiental del complejo y qué dijeron las autoridades sobre el futuro del yacimiento
2026-06-23,2026-W26,provincial,LOS ANDES,Mendoza,Cuyo,Mendoza,https://www.losandes.com.ar,El Gobierno actualizó el régimen de inversiones mineras por primera vez en 30 años: qué cambia para Cuyo
2026-06-23,2026-W26,provincial,LOS ANDES,Mendoza,Cuyo,Mendoza,https://www.losandes.com.ar,Minería: realizaron un relevamiento social en Uspallata
2026-06-23,2026-W26,provincial,LOS ANDES,Mendoza,Cuyo,Mendoza,https://www.losandes.com.ar,La mina Hualilán garantiza su continuidad operativa en San Juan y retomará el transporte de mineral
2026-06-23,2026-W26,provincial,LOS ANDES,Mendoza,Cuyo,Mendoza,https://www.losandes.com.ar,El futuro del Real Estate experiencial aterriza en el Valle de Uco con un proyecto pionero
2026-06-23,2026-W26,provincial,LOS ANDES,Mendoza,Cuyo,Mendoza,https://www.losandes.com.ar,Edificio en Chacras de Coria: una imponente estructura de oficinas
2026-06-23,2026-W26,provincial,LOS ANDES,Mendoza,Cuyo,Mendoza,https://www.losandes.com.ar,Salió Cuyo Construye: una radiografía completa sobre el presente y el futuro de la construcción
2026-06-23,2026-W26,provincial,LOS ANDES,Mendoza,Cuyo,Mendoza,https://www.losandes.com.ar,La Aldea Alta de Mendoza Norte: el nuevo desarrollo que redefine el concepto de vivir en conexión con la naturaleza
2026-06-23,2026-W26,provincial,LOS ANDES,Mendoza,Cuyo,Mendoza,https://www.losandes.com.ar,De Mendoza a Israel: estudiantes crean un proyecto con Inteligencia Artificial que ganó un premio nacional
2026-06-23,2026-W26,provincial,LOS ANDES,Mendoza,Cuyo,Mendoza,https://www.losandes.com.ar,Avanza la inteligencia artificial en el e-commerce argentino: ya la utilizan 6 de cada 10 empresas
2026-06-23,2026-W26,provincial,LOS ANDES,Mendoza,Cuyo,Mendoza,https://www.losandes.com.ar,¿La IA nos hará más humanos?
2026-06-23,2026-W26,provincial,LOS ANDES,Mendoza,Cuyo,Mendoza,https://www.losandes.com.ar,Tokenización en Argentina: por qué 77% de los jóvenes busca invertir en activos reales digitales
2026-06-23,2026-W26,provincial,LOS ANDES,Mendoza,Cuyo,Mendoza,https://www.losandes.com.ar,"Cirugía General y de alta complejidad en Mendoza: Clínica de Cuyo, tecnología de primer nivel mundial al servicio de la vida"
2026-06-23,2026-W26,provincial,LOS ANDES,Mendoza,Cuyo,Mendoza,https://www.losandes.com.ar,Resonancia magnética de última generación: CDC Imágenes incorpora el SIEMENS SOMATOM Flow ACE
2026-06-23,2026-W26,provincial,MDZ ONLINE,Mendoza,Cuyo,Mendoza,https://www.mdzol.com,"""Estoy a disposición"": Adorni contradijo el blindaje de Bullrich y expuso la interna libertaria"
2026-06-23,2026-W26,provincial,MDZ ONLINE,Mendoza,Cuyo,Mendoza,https://www.mdzol.com,Duro revés a Trump: el Senado de Estados Unidos votó por retirar las tropas del conflicto con Irán
2026-06-23,2026-W26,provincial,MDZ ONLINE,Mendoza,Cuyo,Mendoza,https://www.mdzol.com,"Los salarios aumentaron 3,7% en abril y acumularon una suba de 12,7% en cuatro meses"
2026-06-23,2026-W26,provincial,MDZ ONLINE,Mendoza,Cuyo,Mendoza,https://www.mdzol.com,El irónico cruce entre un hincha y Occhiato que expuso la polémica de Luzu TV
2026-06-23,2026-W26,provincial,MDZ ONLINE,Mendoza,Cuyo,Mendoza,https://www.mdzol.com,"""Matalo, matalo"": el testimonio que complica a los motochorros y asesinos de Lautaro"
2026-06-23,2026-W26,provincial,MDZ ONLINE,Mendoza,Cuyo,Mendoza,https://www.mdzol.com,En vivo: Croacia pudo destrabar el partido y le gana 1-0 a Panamá en Toronto
2026-06-23,2026-W26,provincial,MDZ ONLINE,Mendoza,Cuyo,Mendoza,https://www.mdzol.com,"Sin preguntas de la oposición, se cayó el informe de gestión de Manuel Adorni en el Senado"
2026-06-23,2026-W26,provincial,MDZ ONLINE,Mendoza,Cuyo,Mendoza,https://www.mdzol.com,Últimas Noticias
2026-06-23,2026-W26,provincial,MDZ ONLINE,Mendoza,Cuyo,Mendoza,https://www.mdzol.com,"Dramático forcejeo: la arrastraron a una camioneta, pero logró escapar"
2026-06-23,2026-W26,provincial,MDZ ONLINE,Mendoza,Cuyo,Mendoza,https://www.mdzol.com,El gigante tecnológico Oracle elimina 21.000 empleos al apostar por la IA
2026-06-23,2026-W26,provincial,MDZ ONLINE,Mendoza,Cuyo,Mendoza,https://www.mdzol.com,Luis Suárez dejó un fuerte mensaje para Bielsa y le metió presión antes del Uruguay-España definitorio
2026-06-23,2026-W26,provincial,MDZ ONLINE,Mendoza,Cuyo,Mendoza,https://www.mdzol.com,Se triplicó la demanda de vuelos a Miami para alentar a la Selección Argentina
2026-06-23,2026-W26,provincial,MDZ ONLINE,Mendoza,Cuyo,Mendoza,https://www.mdzol.com,Atlético de Madrid explotó contra el Barcelona por Julián Álvarez y llevará el caso a la FIFA
2026-06-23,2026-W26,provincial,MDZ ONLINE,Mendoza,Cuyo,Mendoza,https://www.mdzol.com,"""Yo no robé"": Adorni se reunió con senadores libertarios y buscó que lo defiendan en la sesión del jueves"
2026-06-23,2026-W26,provincial,MDZ ONLINE,Mendoza,Cuyo,Mendoza,https://www.mdzol.com,Allanan la casa de Piccirillo por supuestas amenazas contra el empresario Hauque
2026-06-23,2026-W26,provincial,MDZ ONLINE,Mendoza,Cuyo,Mendoza,https://www.mdzol.com,"""Te llevaste mi alma"", el desgarrador mensaje del hermano de Gaspi"
2026-06-23,2026-W26,provincial,MDZ ONLINE,Mendoza,Cuyo,Mendoza,https://www.mdzol.com,"Cristiano Ronaldo apareció en el Mundial con un doblete, Portugal aplastó 5-0 a Uzbekistán y sacó la chapa"
2026-06-23,2026-W26,provincial,MDZ ONLINE,Mendoza,Cuyo,Mendoza,https://www.mdzol.com,Inglaterra y Ghana dividieron puntos en uno de los partidos más aburridos en lo que va del Mundial
2026-06-23,2026-W26,provincial,MDZ ONLINE,Mendoza,Cuyo,Mendoza,https://www.mdzol.com,Cristiano Ronaldo miró a la cámara de TV en pleno partido y dejó una advertencia tras su doblete a Uzbekistán
2026-06-23,2026-W26,provincial,MDZ ONLINE,Mendoza,Cuyo,Mendoza,https://www.mdzol.com,"Cuánto cuesta ir a ver a la Selección argentina en Miami: precios de vuelos, alojamiento y comida"
2026-06-23,2026-W26,provincial,MDZ ONLINE,Mendoza,Cuyo,Mendoza,https://www.mdzol.com,Mundial 2026: cómo conseguir y cuánto salen las entradas para alentar a la Selección argentina en Miami
2026-06-23,2026-W26,provincial,MDZ ONLINE,Mendoza,Cuyo,Mendoza,https://www.mdzol.com,"Adrián Ravier renunciará mañana como diputado, pero primero dará quórum en una sesión clave para Milei"
2026-06-23,2026-W26,provincial,MDZ ONLINE,Mendoza,Cuyo,Mendoza,https://www.mdzol.com,"La economía creció 2,3% interanual en el primer trimestre, pero la inversión se desplomó 11,6%"
2026-06-23,2026-W26,provincial,MDZ ONLINE,Mendoza,Cuyo,Mendoza,https://www.mdzol.com,Se conocieron fotos que muestran a Claudio Barrelier tras el femicidio de Agostina Vega
2026-06-23,2026-W26,provincial,MDZ ONLINE,Mendoza,Cuyo,Mendoza,https://www.mdzol.com,Quién era la joven que murió atropellada por un colectivo en Mar del Plata
2026-06-23,2026-W26,provincial,MDZ ONLINE,Mendoza,Cuyo,Mendoza,https://www.mdzol.com,Caos por el GNC: taxistas cortan la autopista La Plata - Buenos Aires tras 11 días sin poder trabajar
2026-06-23,2026-W26,provincial,MDZ ONLINE,Mendoza,Cuyo,Mendoza,https://www.mdzol.com,"Fuertes caídas de las Bolsas en todo el mundo y se dispara el ""índice del miedo"""
2026-06-23,2026-W26,provincial,MDZ ONLINE,Mendoza,Cuyo,Mendoza,https://www.mdzol.com,El drama de los turistas argentinos y chilenos que quedaron atrapados en una favela durante un tiroteo
2026-06-23,2026-W26,provincial,MDZ ONLINE,Mendoza,Cuyo,Mendoza,https://www.mdzol.com,El explosivo cruce entre Flavio Azzaro y Eduardo Feinmann que encendió las redes
2026-06-23,2026-W26,provincial,MDZ ONLINE,Mendoza,Cuyo,Mendoza,https://www.mdzol.com,Concurso MDZ: última oportunidad para participar de la raspadita y ganar premios increíbles
2026-06-23,2026-W26,provincial,MDZ ONLINE,Mendoza,Cuyo,Mendoza,https://www.mdzol.com,"Mientras sigue la euforia mundial por Messi, el dólar blue perfora los $1500 y el oficial toca el máximo del año"
2026-06-23,2026-W26,provincial,MDZ ONLINE,Mendoza,Cuyo,Mendoza,https://www.mdzol.com,"Macri confirmó que buscará la reelección y marcó diferencias con Milei: ""La economía del día a día está tensa"""
2026-06-23,2026-W26,provincial,MDZ ONLINE,Mendoza,Cuyo,Mendoza,https://www.mdzol.com,Citan a indagatoria a José Luis Espert por presunto lavado de dinero
2026-06-23,2026-W26,provincial,MDZ ONLINE,Mendoza,Cuyo,Mendoza,https://www.mdzol.com,CABA habilitó el pago digital de deudas y honorarios judiciales sin intermediarios
2026-06-23,2026-W26,provincial,MDZ ONLINE,Mendoza,Cuyo,Mendoza,https://www.mdzol.com,Julio De Vido sumó otra condena judicial por la adjudicación de obras vinculadas a Odebrecht
2026-06-23,2026-W26,provincial,MDZ ONLINE,Mendoza,Cuyo,Mendoza,https://www.mdzol.com,"Argentina ya es primera de su grupo: cuándo, dónde y contra quién jugará en dieciseisavos de final"
2026-06-23,2026-W26,provincial,MDZ ONLINE,Mendoza,Cuyo,Mendoza,https://www.mdzol.com,Jorge Macri obliga a empresas de transporte y residuos a garantizar el servicio cuando gremios hagan paro
2026-06-23,2026-W26,provincial,MDZ ONLINE,Mendoza,Cuyo,Mendoza,https://www.mdzol.com,Tragedia en Mar del Plata: cómo están los heridos atropellados por un colectivo y los avances en la investigación
2026-06-23,2026-W26,provincial,MDZ ONLINE,Mendoza,Cuyo,Mendoza,https://www.mdzol.com,Bettina Bulgheroni: radiografía de la mendocina que asumió un rol clave en la OEA
2026-06-23,2026-W26,provincial,MDZ ONLINE,Mendoza,Cuyo,Mendoza,https://www.mdzol.com,Macri enamorado: las imágenes exclusivas con su novia durante el partido de Argentina
2026-06-23,2026-W26,provincial,MDZ ONLINE,Mendoza,Cuyo,Mendoza,https://www.mdzol.com,Ya se palpita el Primavera Sound 2026: mirá las fotos de la inauguración del mural del festival en Palermo
2026-06-23,2026-W26,provincial,MDZ ONLINE,Mendoza,Cuyo,Mendoza,https://www.mdzol.com,Juicio por la muerte de Diego Maradona: Luque volvió a declarar ante el tribunal y se desmarcó de la internación domiciliaria
2026-06-23,2026-W26,provincial,MDZ ONLINE,Mendoza,Cuyo,Mendoza,https://www.mdzol.com,Jesica Cirio entregó su celular a la Justicia tras los escandalosos videos de los dólares
2026-06-23,2026-W26,provincial,MDZ ONLINE,Mendoza,Cuyo,Mendoza,https://www.mdzol.com,"Buscan intensamente a Morena Emma Gatica, una adolescente de 15 años desaparecida en Córdoba"
2026-06-23,2026-W26,provincial,MDZ ONLINE,Mendoza,Cuyo,Mendoza,https://www.mdzol.com,La reacción de los medios del mundo al nuevo show de Messi en el Mundial 2026: se acaban las palabras
2026-06-23,2026-W26,provincial,MDZ ONLINE,Mendoza,Cuyo,Mendoza,https://www.mdzol.com,Guillermo Coppola en MDZ: de la intimidad con Diego en el 86 al ritual con Chiqui Tapia en Qatar
2026-06-23,2026-W26,provincial,MDZ ONLINE,Mendoza,Cuyo,Mendoza,https://www.mdzol.com,YPF realizó un acuerdo estratégico con McDonald's para abrir locales en las estaciones de servicio
2026-06-23,2026-W26,provincial,MDZ ONLINE,Mendoza,Cuyo,Mendoza,https://www.mdzol.com,Ola de calor: Francia vivió la noche más cálida de los últimos 80 años
2026-06-23,2026-W26,provincial,MDZ ONLINE,Mendoza,Cuyo,Mendoza,https://www.mdzol.com,El llamativo posteo del Atlético de Madrid tras las declaraciones de Julián Álvarez
2026-06-23,2026-W26,provincial,MDZ ONLINE,Mendoza,Cuyo,Mendoza,https://www.mdzol.com,El motivo por el que la FIFA le anuló la credencial a un periodista paraguayo y lo echó del Mundial 2026
2026-06-23,2026-W26,provincial,DIARIO DE CUYO,San Juan,Cuyo,San Juan,https://www.diariodecuyo.com.ar,San Juan Bautista: con fogata y locro celebran su día en la comunidad de pueblos originarios de Cochagual
2026-06-23,2026-W26,provincial,DIARIO DE CUYO,San Juan,Cuyo,San Juan,https://www.diariodecuyo.com.ar,"El exembajador de Estados Unidos Marc Stanley elogió a San Juan desde Dallas: ""Es una provincia realmente extraordinaria"""
2026-06-23,2026-W26,provincial,DIARIO DE CUYO,San Juan,Cuyo,San Juan,https://www.diariodecuyo.com.ar,El cráneo hallado en Punta Negra pertenece a una mujer y descartan que haya muerto de forma violenta
2026-06-23,2026-W26,provincial,DIARIO DE CUYO,San Juan,Cuyo,San Juan,https://www.diariodecuyo.com.ar,Conmoción por la muerte de un hombre en situación de calle en Rivadavia: investigan si la causa fue hipotermia
2026-06-23,2026-W26,provincial,DIARIO DE CUYO,San Juan,Cuyo,San Juan,https://www.diariodecuyo.com.ar,Tensión en el Gobierno: Adorni contradijo la versión de Bullrich y se puso a disposición para dar su informe de gestión
2026-06-23,2026-W26,provincial,DIARIO DE CUYO,San Juan,Cuyo,San Juan,https://www.diariodecuyo.com.ar,"Impulso a la literatura juvenil: la Legislatura Provincial y el Conte Grand lanzan la ""Expo Ilustra"""
2026-06-23,2026-W26,provincial,DIARIO DE CUYO,San Juan,Cuyo,San Juan,https://www.diariodecuyo.com.ar,Amenazó con matar a unos niños y dejó gravemente herida a una jubilada: lo condenaron a 5 años de prisión
2026-06-23,2026-W26,provincial,DIARIO DE CUYO,San Juan,Cuyo,San Juan,https://www.diariodecuyo.com.ar,Torneo Clausura: Colón Junior arrancó con victoria ante el campeón Minero
2026-06-23,2026-W26,provincial,DIARIO DE CUYO,San Juan,Cuyo,San Juan,https://www.diariodecuyo.com.ar,"Se cayeron Facebook, Instagram y WhatsApp: qué pasó y cuándo vuelven a funcionar"
2026-06-23,2026-W26,provincial,DIARIO DE CUYO,San Juan,Cuyo,San Juan,https://www.diariodecuyo.com.ar,"Tras la ""fake news"" sobre el papá de Messi, Florencia Peña vendrá a San Juan"
2026-06-23,2026-W26,provincial,DIARIO DE CUYO,San Juan,Cuyo,San Juan,https://www.diariodecuyo.com.ar,"Hoy es el Día Internacional de las mujeres viudas, ¿por qué?"
2026-06-23,2026-W26,provincial,DIARIO DE CUYO,San Juan,Cuyo,San Juan,https://www.diariodecuyo.com.ar,Cristiano Ronaldo se enojó con un periodista que le hizo una pregunta sobre Messi: los videos
2026-06-23,2026-W26,provincial,DIARIO DE CUYO,San Juan,Cuyo,San Juan,https://www.diariodecuyo.com.ar,"Mundial 2026: murió la madre de Didier Deschamps, el DT de Francia y no dirigirá ante Noruega"
2026-06-23,2026-W26,provincial,DIARIO DE CUYO,San Juan,Cuyo,San Juan,https://www.diariodecuyo.com.ar,"Inglaterra no pudo con Ghana, empató sin goles y definirán su clasificación en la última fecha"
2026-06-23,2026-W26,provincial,DIARIO DE CUYO,San Juan,Cuyo,San Juan,https://www.diariodecuyo.com.ar,Portugal goleó 5-0 a Uzbekistán con un doblete de Cristiano Ronaldo por el Grupo K
2026-06-23,2026-W26,provincial,DIARIO DE CUYO,San Juan,Cuyo,San Juan,https://www.diariodecuyo.com.ar,Selección Argentina: Scaloni prepara una rotación para cerrar el grupo ante Jordania
2026-06-23,2026-W26,provincial,DIARIO DE CUYO,San Juan,Cuyo,San Juan,https://www.diariodecuyo.com.ar,Revolución en el parqué: la UCCuyo lanza una Actualización Académica en Futsal en pleno año mundialista
2026-06-23,2026-W26,provincial,DIARIO DE CUYO,San Juan,Cuyo,San Juan,https://www.diariodecuyo.com.ar,"El llamativo pedido de una sanjuanina que perdió una cabra, su mascota: ""No me comas"""
2026-06-23,2026-W26,provincial,DIARIO DE CUYO,San Juan,Cuyo,San Juan,https://www.diariodecuyo.com.ar,"Plan de Alfabetización, en números: los datos que reflejan el impacto positivo de las escuelas de San Juan"
2026-06-23,2026-W26,provincial,DIARIO DE CUYO,San Juan,Cuyo,San Juan,https://www.diariodecuyo.com.ar,Ministerio de Familia: 13 nuevas entidades se suman a la Mesa Provincial de Responsabilidad Social
2026-06-23,2026-W26,provincial,DIARIO DE CUYO,San Juan,Cuyo,San Juan,https://www.diariodecuyo.com.ar,"Crucigrama, un clásico que desafía la mente"
2026-06-23,2026-W26,provincial,DIARIO DE CUYO,San Juan,Cuyo,San Juan,https://www.diariodecuyo.com.ar,"Conexia, el juego de palabras que entretiene a millones"
2026-06-23,2026-W26,provincial,DIARIO DE CUYO,San Juan,Cuyo,San Juan,https://www.diariodecuyo.com.ar,Jugá y activá tu mente con Geo-Puzzle
2026-06-23,2026-W26,provincial,DIARIO DE CUYO,San Juan,Cuyo,San Juan,https://www.diariodecuyo.com.ar,"CazaPalabras, toda una prueba para tu memoria"
2026-06-23,2026-W26,provincial,DIARIO DE CUYO,San Juan,Cuyo,San Juan,https://www.diariodecuyo.com.ar,Un tribunal le redujo la pena al albañil que le disparó por la espalda a su pareja
2026-06-23,2026-W26,provincial,DIARIO DE CUYO,San Juan,Cuyo,San Juan,https://www.diariodecuyo.com.ar,"Operativo antidrogas en Pocito: cinco detenidos, cocaína, marihuana y un revólver secuestrado"
2026-06-23,2026-W26,provincial,DIARIO DE CUYO,San Juan,Cuyo,San Juan,https://www.diariodecuyo.com.ar,Jesica Cirio le entregó su celular a la Justicia tras la difusión de los videos de los dólares
2026-06-23,2026-W26,provincial,DIARIO DE CUYO,San Juan,Cuyo,San Juan,https://www.diariodecuyo.com.ar,Motochorros asesinaron a tiros a un alumno de 17 años que iba al colegio con su padre
2026-06-23,2026-W26,provincial,DIARIO DE CUYO,San Juan,Cuyo,San Juan,https://www.diariodecuyo.com.ar,"Caso José Yañez: su amigo, el único detenido en la causa, pidió la libertad y un juez resuelve si se la da o no"
2026-06-23,2026-W26,provincial,DIARIO DE CUYO,San Juan,Cuyo,San Juan,https://www.diariodecuyo.com.ar,"Persiguió a un motociclista y le disparó en La Costanera: fue condenado, pero zafó de la cárcel"
2026-06-23,2026-W26,provincial,DIARIO DE CUYO,San Juan,Cuyo,San Juan,https://www.diariodecuyo.com.ar,¡Nuestra bandera nos une!
2026-06-23,2026-W26,provincial,DIARIO DE CUYO,San Juan,Cuyo,San Juan,https://www.diariodecuyo.com.ar,¡Argentina alienta y celebra!
2026-06-23,2026-W26,provincial,DIARIO DE CUYO,San Juan,Cuyo,San Juan,https://www.diariodecuyo.com.ar,¡Jugar nos une!
2026-06-23,2026-W26,provincial,DIARIO DE CUYO,San Juan,Cuyo,San Juan,https://www.diariodecuyo.com.ar,¡Jugar también es aprender!
2026-06-23,2026-W26,provincial,DIARIO DE CUYO,San Juan,Cuyo,San Juan,https://www.diariodecuyo.com.ar,"La economía argentina creció 0,7% en el primer trimestre de 2026"
2026-06-23,2026-W26,provincial,DIARIO DE CUYO,San Juan,Cuyo,San Juan,https://www.diariodecuyo.com.ar,El dólar oficial subió por sexta jornada al hilo y quedó al borde de alcanzar su máximo anual
2026-06-23,2026-W26,provincial,DIARIO DE CUYO,San Juan,Cuyo,San Juan,https://www.diariodecuyo.com.ar,"El Gobierno de San Juan anunció una línea de crédito para labores culturales, entre ellas la poda: hasta $750.000 por hectárea"
2026-06-23,2026-W26,provincial,DIARIO DE CUYO,San Juan,Cuyo,San Juan,https://www.diariodecuyo.com.ar,El Gobierno nacional modernizó el régimen de inversiones mineras: los principales cambios
2026-06-23,2026-W26,provincial,DIARIO DE CUYO,San Juan,Cuyo,San Juan,https://www.diariodecuyo.com.ar,Créditos hipotecarios: cuánto es la cuota para comprar una vivienda de unos u$s100.000
2026-06-23,2026-W26,provincial,DIARIO DE CUYO,San Juan,Cuyo,San Juan,https://www.diariodecuyo.com.ar,Hualilán confirmó que reanudará el transporte de mineral a Casposo en el cuarto trimestre del año
2026-06-23,2026-W26,provincial,DIARIO DE CUYO,San Juan,Cuyo,San Juan,https://www.diariodecuyo.com.ar,El porqué de la pausa en contratos locales: Hualilán redefine su perfil productivo tras el ingreso de nuevas autoridades
2026-06-23,2026-W26,provincial,DIARIO DE CUYO,San Juan,Cuyo,San Juan,https://www.diariodecuyo.com.ar,Huertas hidropónicas para escuelas de Calingasta
2026-06-23,2026-W26,provincial,DIARIO DE CUYO,San Juan,Cuyo,San Juan,https://www.diariodecuyo.com.ar,Minería en San Juan: suspendieron el transporte de mineral entre Hualilán y Casposo y crece la incertidumbre
2026-06-23,2026-W26,provincial,DIARIO DE CUYO,San Juan,Cuyo,San Juan,https://www.diariodecuyo.com.ar,"José Morea de Vicuña: ""Si se aprueba la inversión vamos a superar las metas que pide el RIGI"""
2026-06-23,2026-W26,provincial,DIARIO DE CUYO,San Juan,Cuyo,San Juan,https://www.diariodecuyo.com.ar,Vicuña tiene RIGI para convencer a sus accionistas y queda más cerca de iniciar la construcción
2026-06-23,2026-W26,provincial,DIARIO DE CUYO,San Juan,Cuyo,San Juan,https://www.diariodecuyo.com.ar,"Mirá Cuyo Construye: todas las novedades de la industria, con foco en las nuevas tendencias"
2026-06-23,2026-W26,provincial,DIARIO DE CUYO,San Juan,Cuyo,San Juan,https://www.diariodecuyo.com.ar,"Graciana Apart & Rooms: una propuesta que combina inversión, renta turística y turismo en San Luis"
2026-06-23,2026-W26,provincial,DIARIO DE CUYO,San Juan,Cuyo,San Juan,https://www.diariodecuyo.com.ar,Biodigestor en San Juan: la nueva tendencia ecológica para tratar aguas residuales y cuidar el medio ambiente
2026-06-23,2026-W26,provincial,DIARIO DE CUYO,San Juan,Cuyo,San Juan,https://www.diariodecuyo.com.ar,Las nuevas tendencias en construcción: qué cambió en el diseño de viviendas en Cuyo
2026-06-23,2026-W26,provincial,DIARIO DE CUYO,San Juan,Cuyo,San Juan,https://www.diariodecuyo.com.ar,Espacio de Marca
2026-06-23,2026-W26,provincial,EL ZONDA,San Juan,Cuyo,San Juan,https://www.diarioelzondasj.com.ar,Accidente vial. Un menor de 6 años fue hospitalizado tras ser embestido por un auto en San Martín
2026-06-23,2026-W26,provincial,EL ZONDA,San Juan,Cuyo,San Juan,https://www.diarioelzondasj.com.ar,Patrimonio en resguardo. Secuestran en Buenos Aires más de 200 piezas históricas ofrecidas en subasta por USD 100.000
2026-06-23,2026-W26,provincial,EL ZONDA,San Juan,Cuyo,San Juan,https://www.diarioelzondasj.com.ar,Transporte urbano. Un pasajero fue detenido tras una denuncia de abuso en un colectivo de Capital
2026-06-23,2026-W26,provincial,EL ZONDA,San Juan,Cuyo,San Juan,https://www.diarioelzondasj.com.ar,Grupo L en suspenso. Inglaterra y Ghana empataron sin goles y dejaron abierta la definición
2026-06-23,2026-W26,provincial,EL ZONDA,San Juan,Cuyo,San Juan,https://www.diarioelzondasj.com.ar,Causa Odebrecht. Nueva condena para De Vido: tres años en suspenso e inhabilitación perpetua
2026-06-23,2026-W26,provincial,EL ZONDA,San Juan,Cuyo,San Juan,https://www.diarioelzondasj.com.ar,Tensión parlamentaria. Adorni ratificó que concurrirá al Senado el 2 de julio para informar sobre la gestión
2026-06-23,2026-W26,provincial,EL ZONDA,San Juan,Cuyo,San Juan,https://www.diarioelzondasj.com.ar,Mundial 2026. Dura crítica de un histórico medio francés al juego de la Selección Argentina
2026-06-23,2026-W26,provincial,EL ZONDA,San Juan,Cuyo,San Juan,https://www.diarioelzondasj.com.ar,Para tener en cuenta. Feria y Mercado de Abasto: conocé la lista de precios de frutas y verduras
2026-06-23,2026-W26,provincial,EL ZONDA,San Juan,Cuyo,San Juan,https://www.diarioelzondasj.com.ar,Escena mundial. Cristiano Ronaldo esquivó una referencia a Messi después de marcar dos goles con Portugal
2026-06-23,2026-W26,provincial,EL ZONDA,San Juan,Cuyo,San Juan,https://www.diarioelzondasj.com.ar,Cultura y educación. Jáchal tendrá su Coro Municipal gracias a un acuerdo con la UNSJ
2026-06-23,2026-W26,provincial,EL ZONDA,San Juan,Cuyo,San Juan,https://www.diarioelzondasj.com.ar,Caso en investigación. Un hombre fue hospitalizado con tres disparos tras un presunto ataque en Pocito
2026-06-23,2026-W26,provincial,EL ZONDA,San Juan,Cuyo,San Juan,https://www.diarioelzondasj.com.ar,Sanción en el Mundial. La FIFA retiró la acreditación a un relator paraguayo tras sus críticas al arbitraje
2026-06-23,2026-W26,provincial,EL ZONDA,San Juan,Cuyo,San Juan,https://www.diarioelzondasj.com.ar,Clausura sanjuanino. Colón Junior sorprendió a Minero y le cortó el inicio ganador al campeón
2026-06-23,2026-W26,provincial,EL ZONDA,San Juan,Cuyo,San Juan,https://www.diarioelzondasj.com.ar,Poder adquisitivo. Los salarios siguen perdiendo terreno frente a la inflación y no logran recuperarse
2026-06-23,2026-W26,provincial,EL ZONDA,San Juan,Cuyo,San Juan,https://www.diarioelzondasj.com.ar,Mercado asegurador. El fraude en seguros presiona costos y obliga a reforzar controles en Argentina
2026-06-23,2026-W26,provincial,EL ZONDA,San Juan,Cuyo,San Juan,https://www.diarioelzondasj.com.ar,Una fecha con sello nacional. 24 de junio: la jornada que reúne nacimientos y muertes de figuras clave de la Argentina
2026-06-23,2026-W26,provincial,EL ZONDA,San Juan,Cuyo,San Juan,https://www.diarioelzondasj.com.ar,Mercados internacionales. MSCI volvió a dejar a la Argentina fuera de su revisión y el país sigue en categoría independiente
2026-06-23,2026-W26,provincial,EL ZONDA,San Juan,Cuyo,San Juan,https://www.diarioelzondasj.com.ar,Tensión en el Senado. Adorni suspendió su informe de gestión y crecen las sospechas en medio del pedido de censura
2026-06-23,2026-W26,provincial,EL ZONDA,San Juan,Cuyo,San Juan,https://www.diarioelzondasj.com.ar,Aclaración pública. Un profesional sanjuanino desmintió cualquier vínculo con la causa por tramadol en el Rawson
2026-06-23,2026-W26,provincial,EL ZONDA,San Juan,Cuyo,San Juan,https://www.diarioelzondasj.com.ar,Reclamo vitivinícola. Productores sanjuaninos exigen a FECOVITA el pago pendiente por sus uvas
2026-06-23,2026-W26,provincial,EL ZONDA,San Juan,Cuyo,San Juan,https://www.diarioelzondasj.com.ar,Investigación en curso. Hallan sin vida a un hombre de 60 años en una vereda de Rivadavia
2026-06-23,2026-W26,provincial,EL ZONDA,San Juan,Cuyo,San Juan,https://www.diarioelzondasj.com.ar,"Mercado laboral. En abril, los salarios crecieron 3,5% y superaron al IPC"
2026-06-23,2026-W26,provincial,EL ZONDA,San Juan,Cuyo,San Juan,https://www.diarioelzondasj.com.ar,Nuevo planteo judicial. Exdirectivos de OSSE denunciaron a la jueza del caso Acueducto Gran Tulum y pidieron su apartamiento
2026-06-23,2026-W26,provincial,EL ZONDA,San Juan,Cuyo,San Juan,https://www.diarioelzondasj.com.ar,Mundial 2026. Portugal ganó con autoridad y Cristiano Ronaldo firmó otra marca histórica
2026-06-23,2026-W26,provincial,EL ZONDA,San Juan,Cuyo,San Juan,https://www.diarioelzondasj.com.ar,Frontera institucional. San Juan sostiene que no hubo notificación de La Rioja y defiende su marco legal
2026-06-23,2026-W26,provincial,EL ZONDA,San Juan,Cuyo,San Juan,https://www.diarioelzondasj.com.ar,Conflicto. La Rioja busca llevar el debate de límites con San Juan al Congreso o la Corte Suprema
2026-06-23,2026-W26,provincial,EL ZONDA,San Juan,Cuyo,San Juan,https://www.diarioelzondasj.com.ar,Investigación sanitaria. Investigan a un enfermero del Rawson por el faltante de tramadol
2026-06-23,2026-W26,provincial,EL ZONDA,San Juan,Cuyo,San Juan,https://www.diarioelzondasj.com.ar,Reacción. Valle Fértil se planta en defensa de su soberanía y el patrimonio de Ischigualasto
2026-06-23,2026-W26,provincial,EL ZONDA,San Juan,Cuyo,San Juan,https://www.diarioelzondasj.com.ar,Vínculo binacional. San Juan y Coquimbo repasaron el cumplimiento de los compromisos del Paso de Agua Negra
2026-06-23,2026-W26,provincial,EL ZONDA,San Juan,Cuyo,San Juan,https://www.diarioelzondasj.com.ar,Fe y travesía. Un viajero a caballo encontró agua junto a un santuario de la Difunta Correa en San Luis
2026-06-23,2026-W26,provincial,EL ZONDA,San Juan,Cuyo,San Juan,https://www.diarioelzondasj.com.ar,"Operativo antidrogas. Allanamientos en Pocito dejan cinco arrestos y secuestro de droga, dinero y armas"
2026-06-23,2026-W26,provincial,EL ZONDA,San Juan,Cuyo,San Juan,https://www.diarioelzondasj.com.ar,Avanza la pericia. Determinan que el cráneo hallado en Punta Negra pertenece a una mujer y tendría muerte reciente
2026-06-23,2026-W26,provincial,EL ZONDA,San Juan,Cuyo,San Juan,https://www.diarioelzondasj.com.ar,Salud pública. Falleció en Bariloche la paciente de 45 años internada por hantavirus
2026-06-23,2026-W26,provincial,EL ZONDA,San Juan,Cuyo,San Juan,https://www.diarioelzondasj.com.ar,"Minería y Patrimonio. El dueño de Gualcamayo, concentra una de las mayores tenencias de oro físico del mundo"
2026-06-23,2026-W26,provincial,EL ZONDA,San Juan,Cuyo,San Juan,https://www.diarioelzondasj.com.ar,Educación y gestión. Orrego resaltó los resultados educativos y distinguió a organizaciones que acompañan la alfabetización
2026-06-23,2026-W26,provincial,EL ZONDA,San Juan,Cuyo,San Juan,https://www.diarioelzondasj.com.ar,Causa judicial. El juez federal convocó a José Luis Espert y a su contador por presunto lavado
2026-06-23,2026-W26,provincial,EL ZONDA,San Juan,Cuyo,San Juan,https://www.diarioelzondasj.com.ar,Agenda deportiva. Colapinto afronta en Austria la octava cita de la Fórmula 1
2026-06-23,2026-W26,provincial,EL ZONDA,San Juan,Cuyo,San Juan,https://www.diarioelzondasj.com.ar,"Día de la Bandera. Jessica Belgrano: ""Si hubiéramos conocido de verdad a Belgrano, la Argentina sería distinta"""
2026-06-23,2026-W26,provincial,EL ZONDA,San Juan,Cuyo,San Juan,https://www.diarioelzondasj.com.ar,"Cultura asiática. La llegada de Gino Drag, el sorteo de Stray Kids y concursos con dinero en efectivo: todo listo para ""Tokyo No Yoru"""
2026-06-23,2026-W26,provincial,EL ZONDA,San Juan,Cuyo,San Juan,https://www.diarioelzondasj.com.ar,Importante. Convocan a bailarines sanjuaninos para integrar la Gala Patria del 9 de Julio
2026-06-23,2026-W26,provincial,EL ZONDA,San Juan,Cuyo,San Juan,https://www.diarioelzondasj.com.ar,"Este sabado. ""Devotion"", la propuesta musical de Kapai Duo llega al Teatro del Bicentenario"
2026-06-23,2026-W26,provincial,EL ZONDA,San Juan,Cuyo,San Juan,https://www.diarioelzondasj.com.ar,Interesante. Sonido Real Reggae Fest celebra la historia y el presente del reggae sanjuanino
2026-06-23,2026-W26,provincial,EL ZONDA,San Juan,Cuyo,San Juan,https://www.diarioelzondasj.com.ar,Música fusión. Piel de Jarilla: El latido electrónico de la raíz cuyana
2026-06-23,2026-W26,provincial,EL ZONDA,San Juan,Cuyo,San Juan,https://www.diarioelzondasj.com.ar,Salud visual en territorio. Anuncian controles oftalmológicos en San Martín y Rawson para personas desde los 6 años
2026-06-23,2026-W26,provincial,EL ZONDA,San Juan,Cuyo,San Juan,https://www.diarioelzondasj.com.ar,Salud y solidaridad. El IPHEM convocó a una colecta de sangre en el Parque de Mayo
2026-06-23,2026-W26,provincial,EL ZONDA,San Juan,Cuyo,San Juan,https://www.diarioelzondasj.com.ar,Atención territorial. Operativo sanitario móvil atenderá en Pedernal durante una semana
2026-06-23,2026-W26,provincial,EL ZONDA,San Juan,Cuyo,San Juan,https://www.diarioelzondasj.com.ar,Festejos fundacionales. La Capital admite fallas en la entrega de entradas para la gala de la Fundación de San Juan
2026-06-23,2026-W26,provincial,EL ZONDA,San Juan,Cuyo,San Juan,https://www.diarioelzondasj.com.ar,Industria espacial. SpaceSail abre una nueva ronda de capital para acelerar su despliegue satelital
2026-06-23,2026-W26,provincial,EL ZONDA,San Juan,Cuyo,San Juan,https://www.diarioelzondasj.com.ar,Salud y neurociencia. La ciencia explica por qué repetir una canción favorita también impacta en el cerebro
2026-06-23,2026-W26,provincial,EL ZONDA,San Juan,Cuyo,San Juan,https://www.diarioelzondasj.com.ar,Firma y personalidad. Qué interpreta la grafología cuando una persona firma solo con la inicial
2026-06-23,2026-W26,provincial,HUARPE,San Juan,Cuyo,San Juan,https://www.diariohuarpe.com,"Diario Huarpe: Últimas noticias de San Juan, Argentina y el mundo"
2026-06-23,2026-W26,provincial,HUARPE,San Juan,Cuyo,San Juan,https://www.diariohuarpe.com,Una mujer espera una prótesis para caminar y reclama que PAMI no da respuesta
2026-06-23,2026-W26,provincial,HUARPE,San Juan,Cuyo,San Juan,https://www.diariohuarpe.com,Productores podrán financiar la poda con créditos de hasta $10.000.000
2026-06-23,2026-W26,provincial,HUARPE,San Juan,Cuyo,San Juan,https://www.diariohuarpe.com,"La actividad minera registró una suba de 12,3% en el inicio de 2026"
2026-06-23,2026-W26,provincial,HUARPE,San Juan,Cuyo,San Juan,https://www.diariohuarpe.com,El contraste del Mundial: calor extremo y asientos vacíos
2026-06-23,2026-W26,provincial,HUARPE,San Juan,Cuyo,San Juan,https://www.diariohuarpe.com,Bochini habló con GRUPO HUARPE: los elogios a la Selección y Messi
2026-06-23,2026-W26,provincial,HUARPE,San Juan,Cuyo,San Juan,https://www.diariohuarpe.com,GRUPO HUARPE y el apoyo internacional para la Selección Argentina desde el Fan Fest
2026-06-23,2026-W26,provincial,HUARPE,San Juan,Cuyo,San Juan,https://www.diariohuarpe.com,El asado que conquista Dallas: la historia del “Bomba” argentino
2026-06-23,2026-W26,provincial,HUARPE,San Juan,Cuyo,San Juan,https://www.diariohuarpe.com,Cuti Romero quedó descartado y preocupa su rodilla derecha
2026-06-23,2026-W26,provincial,HUARPE,San Juan,Cuyo,San Juan,https://www.diariohuarpe.com,Portugal goleó a Uzbekistán y Cristiano rompió otro récord mundialista
2026-06-23,2026-W26,provincial,HUARPE,San Juan,Cuyo,San Juan,https://www.diariohuarpe.com,Cristiano Ronaldo hizo historia con Portugal y sumó tres récords
2026-06-23,2026-W26,provincial,HUARPE,San Juan,Cuyo,San Juan,https://www.diariohuarpe.com,Croacia y Panamá buscan levantar cabeza y seguir en el Mundial
2026-06-23,2026-W26,provincial,HUARPE,San Juan,Cuyo,San Juan,https://www.diariohuarpe.com,Colombia busca la clasificación en el Mundial al enfrentarse a RD Congo
2026-06-23,2026-W26,provincial,HUARPE,San Juan,Cuyo,San Juan,https://www.diariohuarpe.com,Grupos y resultados
2026-06-23,2026-W26,provincial,HUARPE,San Juan,Cuyo,San Juan,https://www.diariohuarpe.com,Fixture: resultados y posiciones en vivo
2026-06-23,2026-W26,provincial,HUARPE,San Juan,Cuyo,San Juan,https://www.diariohuarpe.com,Un camión con arena perdió las ruedas en plena Circunvalación
2026-06-23,2026-W26,provincial,HUARPE,San Juan,Cuyo,San Juan,https://www.diariohuarpe.com,Orrego destacó avances educativos y proyectó el San Juan futuro
2026-06-23,2026-W26,provincial,HUARPE,San Juan,Cuyo,San Juan,https://www.diariohuarpe.com,Diputados aprobó cuatro de los cinco cargos pedidos por la Justicia
2026-06-23,2026-W26,provincial,HUARPE,San Juan,Cuyo,San Juan,https://www.diariohuarpe.com,Croacia le gana a Panamá por 1 a 0 y busca el segundo
2026-06-23,2026-W26,provincial,HUARPE,San Juan,Cuyo,San Juan,https://www.diariohuarpe.com,Encontraron a un hombre muerto en Rivadavia e investigan las causas
2026-06-23,2026-W26,provincial,HUARPE,San Juan,Cuyo,San Juan,https://www.diariohuarpe.com,"Plan de retiro voluntario para estatales en San Juan: ""Ya hay muchos empleados"""
2026-06-23,2026-W26,provincial,HUARPE,San Juan,Cuyo,San Juan,https://www.diariohuarpe.com,Investigan si hubo mala praxis en la muerte de una niña en el Hospital Rawson
2026-06-23,2026-W26,provincial,HUARPE,San Juan,Cuyo,San Juan,https://www.diariohuarpe.com,"Productores denunciaron ""engaño"" en el precio de la uva en una bodega sanjuanina"
2026-06-23,2026-W26,provincial,HUARPE,San Juan,Cuyo,San Juan,https://www.diariohuarpe.com,Últimas noticias
2026-06-23,2026-W26,provincial,HUARPE,San Juan,Cuyo,San Juan,https://www.diariohuarpe.com,NGEx Minerals confirma un pozo de 1.540 metros en Lunahuasi
2026-06-23,2026-W26,provincial,HUARPE,San Juan,Cuyo,San Juan,https://www.diariohuarpe.com,El mileismo frenó la avanzada para interpelar a Adorni
2026-06-23,2026-W26,provincial,HUARPE,San Juan,Cuyo,San Juan,https://www.diariohuarpe.com,Deschamps abandona el Mundial 2026 tras la muerte de su madre
2026-06-23,2026-W26,provincial,HUARPE,San Juan,Cuyo,San Juan,https://www.diariohuarpe.com,Inglaterra y Ghana empatan sin goles en un partido amargo
2026-06-23,2026-W26,provincial,HUARPE,San Juan,Cuyo,San Juan,https://www.diariohuarpe.com,Cambios: simplifican importaciones y beneficios para las inversiones mineras
2026-06-23,2026-W26,provincial,HUARPE,San Juan,Cuyo,San Juan,https://www.diariohuarpe.com,Nación repartirá $36.000.000 entre partidos de San Juan
2026-06-23,2026-W26,provincial,HUARPE,San Juan,Cuyo,San Juan,https://www.diariohuarpe.com,Un megaoperativo antidrogas en Pocito terminó con cinco detenidos
2026-06-23,2026-W26,provincial,HUARPE,San Juan,Cuyo,San Juan,https://www.diariohuarpe.com,Más chicos leen y comprenden mejor: los resultados del plan “Comprendo y Aprendo” en San Juan
2026-06-23,2026-W26,provincial,HUARPE,San Juan,Cuyo,San Juan,https://www.diariohuarpe.com,"Moda Circular, Daniela nos enseña a hacer un Mono de peluche!"
2026-06-23,2026-W26,provincial,HUARPE,San Juan,Cuyo,San Juan,https://www.diariohuarpe.com,Antonella Kappes - voluntaria fan fest en Kansas
2026-06-23,2026-W26,provincial,HUARPE,San Juan,Cuyo,San Juan,https://www.diariohuarpe.com,ANA EN AUSTIN-TEXAS
2026-06-23,2026-W26,provincial,HUARPE,San Juan,Cuyo,San Juan,https://www.diariohuarpe.com,Ana sigue en EEUU con unos invitados muy especiales
2026-06-23,2026-W26,provincial,HUARPE,San Juan,Cuyo,San Juan,https://www.diariohuarpe.com,Brownies de frutos secos muy faciles!
2026-06-23,2026-W26,provincial,HUARPE,San Juan,Cuyo,San Juan,https://www.diariohuarpe.com,Acordaron un precio por uva y reclaman a una bodega que paguen lo acordado
2026-06-23,2026-W26,provincial,HUARPE,San Juan,Cuyo,San Juan,https://www.diariohuarpe.com,Messi y el camino que lo llevó a la cima de los Mundiales
2026-06-23,2026-W26,provincial,HUARPE,San Juan,Cuyo,San Juan,https://www.diariohuarpe.com,Murió la mujer de 45 años que estaba internada por hantavirus en Bariloche
2026-06-23,2026-W26,provincial,HUARPE,San Juan,Cuyo,San Juan,https://www.diariohuarpe.com,Máximo Kirchner mueve fichas para suceder a Cristina y crece la tensión con Kicillof
2026-06-23,2026-W26,provincial,HUARPE,San Juan,Cuyo,San Juan,https://www.diariohuarpe.com,El Gobierno flexibilizó la importación de maquinaria usada
2026-06-23,2026-W26,provincial,HUARPE,San Juan,Cuyo,San Juan,https://www.diariohuarpe.com,Citaron a indagatoria a Espert en una causa por presunto lavado
2026-06-23,2026-W26,provincial,HUARPE,San Juan,Cuyo,San Juan,https://www.diariohuarpe.com,Quién era la joven de 18 años que murió atropellada por un colectivo en Mar del Plata
2026-06-23,2026-W26,provincial,HUARPE,San Juan,Cuyo,San Juan,https://www.diariohuarpe.com,El oficialismo frenó la interpelación a Adorni en Diputados
2026-06-23,2026-W26,provincial,HUARPE,San Juan,Cuyo,San Juan,https://www.diariohuarpe.com,Dante Alighieri y Néstor Kirchner se enfrentaron en UPD
2026-06-23,2026-W26,provincial,HUARPE,San Juan,Cuyo,San Juan,https://www.diariohuarpe.com,"UPD: amistad, anécdotas y emoción en el duelo entre Caucete y Capital"
2026-06-23,2026-W26,provincial,HUARPE,San Juan,Cuyo,San Juan,https://www.diariohuarpe.com,María Auxiliadora y Provincia de Tucumán dieron batalla en UPD
2026-06-23,2026-W26,provincial,HUARPE,San Juan,Cuyo,San Juan,https://www.diariohuarpe.com,"UPD: hubo cumpleaños, apareció el comodín y el duelo parejo"
2026-06-23,2026-W26,provincial,HUARPE,San Juan,Cuyo,San Juan,https://www.diariohuarpe.com,"Ídolos y apuestas online, el riesgo invisible para los menores de edad"
2026-06-23,2026-W26,provincial,DIARIO DE LA REPÚBLICA,San Luis,Cuyo,San Luis,https://www.eldiariodelarepublica.com,El Diario de la República
2026-06-23,2026-W26,provincial,DIARIO DE LA REPÚBLICA,San Luis,Cuyo,San Luis,https://www.eldiariodelarepublica.com,Escándalo en una comisaría: le robaron el arma reglamentaria a un policía mientras dormía
2026-06-23,2026-W26,provincial,DIARIO DE LA REPÚBLICA,San Luis,Cuyo,San Luis,https://www.eldiariodelarepublica.com,Piden que urgente le pongan un freno al robo de ganado en los campos de San Luis
2026-06-23,2026-W26,provincial,DIARIO DE LA REPÚBLICA,San Luis,Cuyo,San Luis,https://www.eldiariodelarepublica.com,Inglaterra y Ghana igualaron sin goles y repartieron puntos
2026-06-23,2026-W26,provincial,DIARIO DE LA REPÚBLICA,San Luis,Cuyo,San Luis,https://www.eldiariodelarepublica.com,"Con doblete de Cristiano Ronaldo, Portugal aplastó 5-0 a Uzbekistán"
2026-06-23,2026-W26,provincial,DIARIO DE LA REPÚBLICA,San Luis,Cuyo,San Luis,https://www.eldiariodelarepublica.com,Argelia venció a Jordania por el grupo de Argentina
2026-06-23,2026-W26,provincial,DIARIO DE LA REPÚBLICA,San Luis,Cuyo,San Luis,https://www.eldiariodelarepublica.com,De opositor ambientalista a denunciante de jueces
2026-06-23,2026-W26,provincial,DIARIO DE LA REPÚBLICA,San Luis,Cuyo,San Luis,https://www.eldiariodelarepublica.com,La Toma: cierran la terminal en la madrugada y los pasajeros deben esperar a la intemperie
2026-06-23,2026-W26,provincial,DIARIO DE LA REPÚBLICA,San Luis,Cuyo,San Luis,https://www.eldiariodelarepublica.com,"""Las políticas públicas del Gobierno y del Ministerio de Turismo no son acertadas"""
2026-06-23,2026-W26,provincial,DIARIO DE LA REPÚBLICA,San Luis,Cuyo,San Luis,https://www.eldiariodelarepublica.com,El abrazo eterno de una escuela a las Malvinas: 649 pasos de memoria viva
2026-06-23,2026-W26,provincial,DIARIO DE LA REPÚBLICA,San Luis,Cuyo,San Luis,https://www.eldiariodelarepublica.com,Crisis humanitaria en las cárceles de Argentina
2026-06-23,2026-W26,provincial,DIARIO DE LA REPÚBLICA,San Luis,Cuyo,San Luis,https://www.eldiariodelarepublica.com,Intiman a Vallejo a llamar a elecciones y rechazan una posible intervención
2026-06-23,2026-W26,provincial,DIARIO DE LA REPÚBLICA,San Luis,Cuyo,San Luis,https://www.eldiariodelarepublica.com,"""Susurros del alma"", relatos escuchados y vividos"
2026-06-23,2026-W26,provincial,DIARIO DE LA REPÚBLICA,San Luis,Cuyo,San Luis,https://www.eldiariodelarepublica.com,Denuncian el despido de una trabajadora con dos hijos discapacitados
2026-06-23,2026-W26,provincial,DIARIO DE LA REPÚBLICA,San Luis,Cuyo,San Luis,https://www.eldiariodelarepublica.com,¿Quién es el empresario puntano acusado por el gobernador de Mendoza de hacer fake news?
2026-06-23,2026-W26,provincial,DIARIO DE LA REPÚBLICA,San Luis,Cuyo,San Luis,https://www.eldiariodelarepublica.com,"Alberto Rodríguez Saá: ""En cuatro o cinco meses se puede reconstruir San Luis"""
2026-06-23,2026-W26,provincial,DIARIO DE LA REPÚBLICA,San Luis,Cuyo,San Luis,https://www.eldiariodelarepublica.com,Cinismo: Poggi festejó que hay más presos mientras los robos no paran
2026-06-23,2026-W26,provincial,DIARIO DE LA REPÚBLICA,San Luis,Cuyo,San Luis,https://www.eldiariodelarepublica.com,"Bartolomé Abdala quiere ser gobernador de San Luis: ""Tengo el traje puesto"""
2026-06-23,2026-W26,provincial,DIARIO DE LA REPÚBLICA,San Luis,Cuyo,San Luis,https://www.eldiariodelarepublica.com,San Luis antes de San Luis: el viaje de millones de años del museo Contacto
2026-06-23,2026-W26,provincial,DIARIO DE LA REPÚBLICA,San Luis,Cuyo,San Luis,https://www.eldiariodelarepublica.com,Diputados puntanos respaldaron el pedido de sesión especial para interpelar a Adorni
2026-06-23,2026-W26,provincial,DIARIO DE LA REPÚBLICA,San Luis,Cuyo,San Luis,https://www.eldiariodelarepublica.com,El invierno impone condiciones desde su primera semana
2026-06-23,2026-W26,provincial,DIARIO DE LA REPÚBLICA,San Luis,Cuyo,San Luis,https://www.eldiariodelarepublica.com,"El rol de Endeiza en ""El Caburé"" desató un escándalo en el Superior Tribunal de Justicia"
2026-06-23,2026-W26,provincial,DIARIO DE LA REPÚBLICA,San Luis,Cuyo,San Luis,https://www.eldiariodelarepublica.com,La trampa perfecta
2026-06-23,2026-W26,provincial,DIARIO DE LA REPÚBLICA,San Luis,Cuyo,San Luis,https://www.eldiariodelarepublica.com,Una empresa láctea hizo una donación al hospital de Villa Mercedes
2026-06-23,2026-W26,provincial,DIARIO DE LA REPÚBLICA,San Luis,Cuyo,San Luis,https://www.eldiariodelarepublica.com,Milei viaja por sexta vez a España en búsqueda de inversiones
2026-06-23,2026-W26,provincial,DIARIO DE LA REPÚBLICA,San Luis,Cuyo,San Luis,https://www.eldiariodelarepublica.com,"Frente al ordenamiento sin consenso, vecinos de Merlo toman la iniciativa en los barrios"
2026-06-23,2026-W26,provincial,DIARIO DE LA REPÚBLICA,San Luis,Cuyo,San Luis,https://www.eldiariodelarepublica.com,El Solar de las Miradas cumple 20 años: el rincón puntano que enseña a observar el cosmos
2026-06-23,2026-W26,provincial,DIARIO DE LA REPÚBLICA,San Luis,Cuyo,San Luis,https://www.eldiariodelarepublica.com,"Un penitenciario, cada vez más complicado en una causa de corrupción y abuso de menores"
2026-06-23,2026-W26,provincial,DIARIO DE LA REPÚBLICA,San Luis,Cuyo,San Luis,https://www.eldiariodelarepublica.com,Tragedia: un micro se subió a una vereda y atropelló a varios peatones
2026-06-23,2026-W26,provincial,DIARIO DE LA REPÚBLICA,San Luis,Cuyo,San Luis,https://www.eldiariodelarepublica.com,Hallaron abandonado el Ford Falcon del escandaloso robo
2026-06-23,2026-W26,provincial,DIARIO DE LA REPÚBLICA,San Luis,Cuyo,San Luis,https://www.eldiariodelarepublica.com,Se acerca el juicio oral por un tremendo accidente
2026-06-23,2026-W26,provincial,DIARIO DE LA REPÚBLICA,San Luis,Cuyo,San Luis,https://www.eldiariodelarepublica.com,"San Lorenzo se quedó sin técnico, renunció Gustavo Álvarez"
2026-06-23,2026-W26,provincial,DIARIO DE LA REPÚBLICA,San Luis,Cuyo,San Luis,https://www.eldiariodelarepublica.com,Juventud empató con Fadep en El Bajo; alerta el presente sin triunfos
2026-06-23,2026-W26,provincial,DIARIO DE LA REPÚBLICA,San Luis,Cuyo,San Luis,https://www.eldiariodelarepublica.com,"La nueva etapa de Cerúndulo, primer título ATP 500, en césped, y con estreno de coach"
2026-06-23,2026-W26,provincial,DIARIO DE LA REPÚBLICA,San Luis,Cuyo,San Luis,https://www.eldiariodelarepublica.com,"Otro empate de San Luis FC, que suma y suma de visitante"
2026-06-23,2026-W26,provincial,DIARIO DE LA REPÚBLICA,San Luis,Cuyo,San Luis,https://www.eldiariodelarepublica.com,"Un festival de teatro con muchas risas, más historia y una pregunta que queda en el aire"
2026-06-23,2026-W26,provincial,DIARIO DE LA REPÚBLICA,San Luis,Cuyo,San Luis,https://www.eldiariodelarepublica.com,"Registro de los restos: la memoria fragmentada de ""Sara"""
2026-06-23,2026-W26,provincial,DIARIO DE LA REPÚBLICA,San Luis,Cuyo,San Luis,https://www.eldiariodelarepublica.com,Disney Suite Arena llega a Roma Multiespacio
2026-06-23,2026-W26,provincial,DIARIO DE LA REPÚBLICA,San Luis,Cuyo,San Luis,https://www.eldiariodelarepublica.com,"Taty, la mujer que convirtió el dolor en memoria"
2026-06-23,2026-W26,provincial,DIARIO DE LA REPÚBLICA,San Luis,Cuyo,San Luis,https://www.eldiariodelarepublica.com,"Axel: ""Soy de los que creen que siempre se sale adelante"""
2026-06-23,2026-W26,provincial,DIARIO DE LA REPÚBLICA,San Luis,Cuyo,San Luis,https://www.eldiariodelarepublica.com,"Ángel sin alas y demonio sin cuernos, el rostro gustoso de un artista sinigual"
2026-06-23,2026-W26,provincial,DIARIO DE LA REPÚBLICA,San Luis,Cuyo,San Luis,https://www.eldiariodelarepublica.com,El consumo sigue estancado y no muestra señales de recuperación
2026-06-23,2026-W26,provincial,DIARIO DE LA REPÚBLICA,San Luis,Cuyo,San Luis,https://www.eldiariodelarepublica.com,“Mantenerse es todo”: la cruda realidad que golpea al turismo y al comercio en Potrero
2026-06-23,2026-W26,provincial,DIARIO DE LA REPÚBLICA,San Luis,Cuyo,San Luis,https://www.eldiariodelarepublica.com,"Con un presente en rojo, la crisis del turismo golpea con fuerza en Merlo"
2026-06-23,2026-W26,provincial,DIARIO DE LA REPÚBLICA,San Luis,Cuyo,San Luis,https://www.eldiariodelarepublica.com,"El Club Rincón celebra 70 años de pasión, identidad y pertenencia"
2026-06-23,2026-W26,provincial,DIARIO DE LA REPÚBLICA,San Luis,Cuyo,San Luis,https://www.eldiariodelarepublica.com,"""Al pan pan"", la sala de teatro en donde el calor humano le ganó al frío"
2026-06-23,2026-W26,provincial,DIARIO DE LA REPÚBLICA,San Luis,Cuyo,San Luis,https://www.eldiariodelarepublica.com,Tilisarao vibró con la Feria de Colectividades del Colegio Nuestra Señora Inmaculada
2026-06-23,2026-W26,provincial,DIARIO DE LA REPÚBLICA,San Luis,Cuyo,San Luis,https://www.eldiariodelarepublica.com,La Cámara de Comercio de Potrero de los Funes lanza un circuito de QR
2026-06-23,2026-W26,provincial,DIARIO DE LA REPÚBLICA,San Luis,Cuyo,San Luis,https://www.eldiariodelarepublica.com,"El Chevrolet Sonic, la ‘nueva maravilla’ que transita por las calles y rutas de San Luis"
2026-06-23,2026-W26,provincial,DIARIO DE LA REPÚBLICA,San Luis,Cuyo,San Luis,https://www.eldiariodelarepublica.com,Día del Padre: Sporting sortea 20 camisetas oficiales de la Selección Argentina
2026-06-23,2026-W26,provincial,EL CHORRILLERO,San Luis,Cuyo,San Luis,https://www.elchorrillero.com,Más puestos de trabajo. Una empresa de San Luis invertirá $6.000 millones para abastecer a Vaca Muerta
2026-06-23,2026-W26,provincial,EL CHORRILLERO,San Luis,Cuyo,San Luis,https://www.elchorrillero.com,Aulas sanas: el Gobierno capacitará a los docentes sobre salud y gestión emocional
2026-06-23,2026-W26,provincial,EL CHORRILLERO,San Luis,Cuyo,San Luis,https://www.elchorrillero.com,Poggi pidió el juicio político y la destitución de la jueza que ordenó una regulación millonaria de honorarios en contra de la Provincia
2026-06-23,2026-W26,provincial,EL CHORRILLERO,San Luis,Cuyo,San Luis,https://www.elchorrillero.com,Poggi anunció una inversión de más de $723 millones para modernizar hospitales de San Luis y Villa Mercedes
2026-06-23,2026-W26,provincial,EL CHORRILLERO,San Luis,Cuyo,San Luis,https://www.elchorrillero.com,Apoyo al sector privado. Una industria de San Luis encara un plan de expansión
2026-06-23,2026-W26,provincial,EL CHORRILLERO,San Luis,Cuyo,San Luis,https://www.elchorrillero.com,"La economía empezó el 2026 con crecimiento: mejoró en el primer trimestre por el agro, la minería y Vaca Muerta"
2026-06-23,2026-W26,provincial,EL CHORRILLERO,San Luis,Cuyo,San Luis,https://www.elchorrillero.com,Inglaterra y Ghana igualaron sin goles y repartieron puntos en el Mundial 2026
2026-06-23,2026-W26,provincial,EL CHORRILLERO,San Luis,Cuyo,San Luis,https://www.elchorrillero.com,"Con un doblete de Cristiano Ronaldo, Portugal goleó 5 a 0 a Uzbekistán"
2026-06-23,2026-W26,provincial,EL CHORRILLERO,San Luis,Cuyo,San Luis,https://www.elchorrillero.com,La puntana Lahiton sigue creciendo en la élite del judo continental
2026-06-23,2026-W26,provincial,EL CHORRILLERO,San Luis,Cuyo,San Luis,https://www.elchorrillero.com,"Se cayeron Facebook, Instagram y WhatsApp: qué pasó y cuándo vuelven a funcionar"
2026-06-23,2026-W26,provincial,EL CHORRILLERO,San Luis,Cuyo,San Luis,https://www.elchorrillero.com,“No respondo”: Cristiano Ronaldo evitó una pregunta en la que le nombraron a Lionel Messi
2026-06-23,2026-W26,provincial,EL CHORRILLERO,San Luis,Cuyo,San Luis,https://www.elchorrillero.com,Condenaron a Julio De Vido en la causa Odebrecht y ya suma cuatro sentencias por corrupción
2026-06-23,2026-W26,provincial,EL CHORRILLERO,San Luis,Cuyo,San Luis,https://www.elchorrillero.com,Jesica Cirio entregó su celular y ya fijó domicilio
2026-06-23,2026-W26,provincial,EL CHORRILLERO,San Luis,Cuyo,San Luis,https://www.elchorrillero.com,Los salarios privados le ganaron por poco a la inflación en abril
2026-06-23,2026-W26,provincial,EL CHORRILLERO,San Luis,Cuyo,San Luis,https://www.elchorrillero.com,Pico récord de consumo de internet en San Luis durante el partido de la Selección argentina
2026-06-23,2026-W26,provincial,EL CHORRILLERO,San Luis,Cuyo,San Luis,https://www.elchorrillero.com,"El dólar oficial tuvo su sexta alza oficial consecutiva y acumula una suba del 4,5% en junio"
2026-06-23,2026-W26,provincial,EL CHORRILLERO,San Luis,Cuyo,San Luis,https://www.elchorrillero.com,"El último adiós a Nut, la perra policía que dejó una huella imborrable en San Luis"
2026-06-23,2026-W26,provincial,EL CHORRILLERO,San Luis,Cuyo,San Luis,https://www.elchorrillero.com,Scaloni prepara una rotación en Argentina para cerrar el grupo ante Jordania
2026-06-23,2026-W26,provincial,EL CHORRILLERO,San Luis,Cuyo,San Luis,https://www.elchorrillero.com,Día de la Madre 2026 en Argentina: cuándo se celebra y por qué cambia de fecha cada año
2026-06-23,2026-W26,provincial,EL CHORRILLERO,San Luis,Cuyo,San Luis,https://www.elchorrillero.com,San Luis amaneció con temperaturas de hasta -8° y heladas generalizadas en gran parte de la provincia
2026-06-23,2026-W26,provincial,EL CHORRILLERO,San Luis,Cuyo,San Luis,https://www.elchorrillero.com,El PANE Invierno entregará bolsones de alimentos a estudiantes durante el receso escolar
2026-06-23,2026-W26,provincial,EL CHORRILLERO,San Luis,Cuyo,San Luis,https://www.elchorrillero.com,Choque fatal en La Pampa: cuatro hermanas murieron al quedar atrapadas tras caer a un canal
2026-06-23,2026-W26,provincial,EL CHORRILLERO,San Luis,Cuyo,San Luis,https://www.elchorrillero.com,Colapinto en la Fórmula 1: los horarios del Gran Premio de Austria
2026-06-23,2026-W26,provincial,EL CHORRILLERO,San Luis,Cuyo,San Luis,https://www.elchorrillero.com,"Con el intendente Hissa. El barrio AMEP inaugurará su renovada plaza, la primera de la ciudad con un espacio para mascotas"
2026-06-23,2026-W26,provincial,EL CHORRILLERO,San Luis,Cuyo,San Luis,https://www.elchorrillero.com,"La Provincia tiene como objetivo ampliar el programa “Hora Más” a 100 escuelas primarias, la mayoría rurales"
2026-06-23,2026-W26,provincial,EL CHORRILLERO,San Luis,Cuyo,San Luis,https://www.elchorrillero.com,Corrupción. La Justicia imputó a la ex intendenta de Fraga por maniobras irregulares con fondos públicos
2026-06-23,2026-W26,provincial,EL CHORRILLERO,San Luis,Cuyo,San Luis,https://www.elchorrillero.com,El plan desestabilizador de Alberto Rodríguez Saá
2026-06-23,2026-W26,provincial,EL CHORRILLERO,San Luis,Cuyo,San Luis,https://www.elchorrillero.com,"“Gracias Alberto, el dinero está ´robado´”"
2026-06-23,2026-W26,provincial,EL CHORRILLERO,San Luis,Cuyo,San Luis,https://www.elchorrillero.com,"Argentina ya tiene día, horario y estadio confirmados para el duelo de 16avos de final del Mundial: los posibles rivales"
2026-06-23,2026-W26,provincial,EL CHORRILLERO,San Luis,Cuyo,San Luis,https://www.elchorrillero.com,Mundial 2026: el impresionante récord que rompió Messi ante Austria
2026-06-23,2026-W26,provincial,EL CHORRILLERO,San Luis,Cuyo,San Luis,https://www.elchorrillero.com,"Messi: “Ya le dimos varias alegrías a la gente, pero intentaremos darle una más”"
2026-06-23,2026-W26,provincial,EL CHORRILLERO,San Luis,Cuyo,San Luis,https://www.elchorrillero.com,"En imágenes, la histórica actuación de Messi y clasificación de Argentina"
2026-06-23,2026-W26,provincial,EL CHORRILLERO,San Luis,Cuyo,San Luis,https://www.elchorrillero.com,Scaloni: “Austria fue un rival duro; estamos contentos por haber clasificado”
2026-06-23,2026-W26,provincial,EL CHORRILLERO,San Luis,Cuyo,San Luis,https://www.elchorrillero.com,"Video. A 40 años de la obra más perfecta de Maradona, Messi se coronó nuevo rey del gol en Mundial"
2026-06-23,2026-W26,provincial,EL CHORRILLERO,San Luis,Cuyo,San Luis,https://www.elchorrillero.com,Los grandes medios del mundo se rinden a los pies de Messi
2026-06-23,2026-W26,provincial,EL CHORRILLERO,San Luis,Cuyo,San Luis,https://www.elchorrillero.com,San Luis advirtió sobre el impacto que podría tener una modificación de la Ley de Biocombustibles
2026-06-23,2026-W26,provincial,EL CHORRILLERO,San Luis,Cuyo,San Luis,https://www.elchorrillero.com,En imágenes. Villa Mercedes vivió la alegría por el triunfo de la Selección ante Austria
2026-06-23,2026-W26,provincial,EL CHORRILLERO,San Luis,Cuyo,San Luis,https://www.elchorrillero.com,Mundial. Las mejores fotos de los festejos de los puntanos por la clasificación de Argentina a 16avos
2026-06-23,2026-W26,provincial,EL CHORRILLERO,San Luis,Cuyo,San Luis,https://www.elchorrillero.com,Jordania cayó ante Argelia y la Argentina aseguró el primer puesto del grupo
2026-06-23,2026-W26,provincial,EL CHORRILLERO,San Luis,Cuyo,San Luis,https://www.elchorrillero.com,¡Plaza Pringles fue una fiesta! La euforia puntana tras la clasificación de la Selección argentina
2026-06-23,2026-W26,provincial,EL CHORRILLERO,San Luis,Cuyo,San Luis,https://www.elchorrillero.com,Murió la madre de Didier Deschamps y el DT de Francia dejó la concentración del Mundial
2026-06-23,2026-W26,provincial,EL CHORRILLERO,San Luis,Cuyo,San Luis,https://www.elchorrillero.com,"Mundial 2026. Portugal, Inglaterra, Croacia y Colombia salen a escena: así se jugará la jornada del martes"
2026-06-23,2026-W26,provincial,EL CHORRILLERO,San Luis,Cuyo,San Luis,https://www.elchorrillero.com,El tráiler de Zoonosis estará desde el jueves en la zona oeste de la ciudad
2026-06-23,2026-W26,provincial,EL CHORRILLERO,San Luis,Cuyo,San Luis,https://www.elchorrillero.com,Mastellone Hnos. entrega más de 250 mil vasos de leche
2026-06-23,2026-W26,provincial,EL CHORRILLERO,San Luis,Cuyo,San Luis,https://www.elchorrillero.com,Festejos por Argentina: dos hombres fueron demorados en Villa Mercedes por causar disturbios en el centro
2026-06-23,2026-W26,provincial,EL CHORRILLERO,San Luis,Cuyo,San Luis,https://www.elchorrillero.com,La Justicia intimó a Jésica Cirio a que entregue su celular por la causa que involucra a su ex esposo Martín Insaurralde
2026-06-23,2026-W26,provincial,EL CHORRILLERO,San Luis,Cuyo,San Luis,https://www.elchorrillero.com,"El ex ministro de Rodríguez Saá, Nicolás Anzulovich apeló la imputación en un nuevo intento por frenar la investigación"
2026-06-23,2026-W26,provincial,EL CHORRILLERO,San Luis,Cuyo,San Luis,https://www.elchorrillero.com,Villa Mercedes: pintó su gomería con los colores de Argentina y la mantiene como cábala del Mundial
2026-06-23,2026-W26,provincial,EL CHORRILLERO,San Luis,Cuyo,San Luis,https://www.elchorrillero.com,"Heladas, mínimas bajo cero y tardes de hasta 15°: cómo seguirá el tiempo en San Luis"
2026-06-23,2026-W26,provincial,EL CHORRILLERO,San Luis,Cuyo,San Luis,https://www.elchorrillero.com,"Con un doblete de Mbappé, Francia aplastó a Irak y manda en su grupo"
2026-06-23,2026-W26,provincial,VILLA MERCEDES INFO,San Luis,Cuyo,Villa Mercedes,https://www.villamercedes.info,La Diffusione di PayPal nelle Scommesse secondo Betzoid Italia
2026-06-23,2026-W26,provincial,VILLA MERCEDES INFO,San Luis,Cuyo,Villa Mercedes,https://www.villamercedes.info,Mundial 2026 y apuestas online: alertan por el crecimiento del juego entre adolescentes y el uso indebido de tarjetas familiares
2026-06-23,2026-W26,provincial,VILLA MERCEDES INFO,San Luis,Cuyo,Villa Mercedes,https://www.villamercedes.info,Milei y Pullaro protagonizaron cruces discursivos sobre Manuel Belgrano durante el acto por el Día de la Bandera en Rosario
2026-06-23,2026-W26,provincial,VILLA MERCEDES INFO,San Luis,Cuyo,Villa Mercedes,https://www.villamercedes.info,“Pequeño J” denunció presuntas “torturas psicológicas” en la cárcel de Marcos Paz y pidió videollamadas con su familia
2026-06-23,2026-W26,provincial,VILLA MERCEDES INFO,San Luis,Cuyo,Villa Mercedes,https://www.villamercedes.info,San Luis: Poggi pidió la remoción de una jueza por una regulación de honorarios superior a $1.100 millones
2026-06-23,2026-W26,provincial,VILLA MERCEDES INFO,San Luis,Cuyo,Villa Mercedes,https://www.villamercedes.info,Femicidio de Agostina Vega: quién es quién en la causa que conmociona a Córdoba a un mes del crimen
2026-06-23,2026-W26,provincial,VILLA MERCEDES INFO,San Luis,Cuyo,Villa Mercedes,https://www.villamercedes.info,Villa Mercedes: dos detenidos durante los festejos por el triunfo de Argentina
2026-06-23,2026-W26,provincial,VILLA MERCEDES INFO,San Luis,Cuyo,Villa Mercedes,https://www.villamercedes.info,Villa Mercedes: demoraron a dos hombres vinculados a un robo en el barrio 960 Viviendas
2026-06-23,2026-W26,provincial,VILLA MERCEDES INFO,San Luis,Cuyo,Villa Mercedes,https://www.villamercedes.info,San Luis advierte sobre el impacto de una posible reforma a la Ley de Biocombustibles y pide respaldo de los legisladores nacionales
2026-06-23,2026-W26,provincial,VILLA MERCEDES INFO,San Luis,Cuyo,Villa Mercedes,https://www.villamercedes.info,Villa Mercedes: demoraron a un hombre por el robo de una bicicleta y recuperaron el rodado
2026-06-23,2026-W26,provincial,VILLA MERCEDES INFO,San Luis,Cuyo,Villa Mercedes,https://www.villamercedes.info,Polémica en Villa Mercedes por la extracción de áridos en el río Quinto: presentan una denuncia penal y responden desde Espejos de Agua
2026-06-23,2026-W26,provincial,VILLA MERCEDES INFO,San Luis,Cuyo,Villa Mercedes,https://www.villamercedes.info,Nicolás González Ferro impulsa un plan para premiar a las empresas que contraten proveedores de San Luis
2026-06-23,2026-W26,provincial,VILLA MERCEDES INFO,San Luis,Cuyo,Villa Mercedes,https://www.villamercedes.info,Argentina venció a Austria con un doblete de Messi y clasificó a la próxima ronda del Mundial 2026
2026-06-23,2026-W26,provincial,VILLA MERCEDES INFO,San Luis,Cuyo,Villa Mercedes,https://www.villamercedes.info,Por qué los botines rosas dominan el Mundial 2026: la estrategia de las marcas detrás del color que invade las canchas
2026-06-23,2026-W26,provincial,VILLA MERCEDES INFO,San Luis,Cuyo,Villa Mercedes,https://www.villamercedes.info,Manuel Adorni reunió a los senadores de La Libertad Avanza en medio de la tensión por una posible interpelación
2026-06-23,2026-W26,provincial,VILLA MERCEDES INFO,San Luis,Cuyo,Villa Mercedes,https://www.villamercedes.info,Denuncian que José Luis Espert presentó un contrato falso para justificar el ingreso de US$200.000 a su cuenta bancaria
2026-06-23,2026-W26,provincial,VILLA MERCEDES INFO,San Luis,Cuyo,Villa Mercedes,https://www.villamercedes.info,"Tras la difusión de los videos con dólares, la Justicia allanó las viviendas de Jesica Cirio y Elías Piccirillo"
2026-06-23,2026-W26,provincial,VILLA MERCEDES INFO,San Luis,Cuyo,Villa Mercedes,https://www.villamercedes.info,Irán y Estados Unidos acordaron una hoja de ruta para intentar cerrar un acuerdo en 60 días
2026-06-23,2026-W26,provincial,VILLA MERCEDES INFO,San Luis,Cuyo,Villa Mercedes,https://www.villamercedes.info,Los videos con dólares reactivan la investigación sobre Insaurralde y Jesica Cirio
2026-06-23,2026-W26,provincial,VILLA MERCEDES INFO,San Luis,Cuyo,Villa Mercedes,https://www.villamercedes.info,Mes de la Leche: Mastellone Hnos. entrega más de 250.000 vasos durante junio
2026-06-23,2026-W26,provincial,VILLA MERCEDES INFO,San Luis,Cuyo,Villa Mercedes,https://www.villamercedes.info,Familia Parra y BYD llegan a San Luis con un test drive masivo de vehículos híbridos y eléctricos
2026-06-23,2026-W26,provincial,VILLA MERCEDES INFO,San Luis,Cuyo,Villa Mercedes,https://www.villamercedes.info,Fiebre mundialista: los principales casinos de San Luis lanzan premios exclusivos para los fanáticos de la Selección
2026-06-23,2026-W26,provincial,VILLA MERCEDES INFO,San Luis,Cuyo,Villa Mercedes,https://www.villamercedes.info,San Luis busca ampliar el programa Hora Más a 100 escuelas primarias de toda la provincia
2026-06-23,2026-W26,provincial,VILLA MERCEDES INFO,San Luis,Cuyo,Villa Mercedes,https://www.villamercedes.info,"Llegó el frío a San Luis: heladas, temperaturas bajo cero y nieve marcan el inicio del invierno"
2026-06-23,2026-W26,provincial,VILLA MERCEDES INFO,San Luis,Cuyo,Villa Mercedes,https://www.villamercedes.info,San Luis: invertirán más de $970 millones para refaccionar el Instituto Superior de Seguridad Pública
2026-06-23,2026-W26,provincial,VILLA MERCEDES INFO,San Luis,Cuyo,Villa Mercedes,https://www.villamercedes.info,"Jésica Cirio: quién es Nicolás Trombino, el empresario vinculado a una investigación por tenencia de armas"
2026-06-23,2026-W26,provincial,VILLA MERCEDES INFO,San Luis,Cuyo,Villa Mercedes,https://www.villamercedes.info,"Luis Miguel internado tras una intervención cardíaca, su evolución ha sido descrita como favorable"
2026-06-23,2026-W26,provincial,VILLA MERCEDES INFO,San Luis,Cuyo,Villa Mercedes,https://www.villamercedes.info,Perfiles falsos en redes sociales: por qué crece el debate por regular la identidad digital en Argentina
2026-06-23,2026-W26,provincial,VILLA MERCEDES INFO,San Luis,Cuyo,Villa Mercedes,https://www.villamercedes.info,Jorge Messi rompió el silencio desde la clínica y reaccionó con humor a la fake news sobre su salud
2026-06-23,2026-W26,provincial,VILLA MERCEDES INFO,San Luis,Cuyo,Villa Mercedes,https://www.villamercedes.info,Villa Mercedes: recuperaron un Ford Falcon robado y ya fue restituido a sus propietarios
2026-06-23,2026-W26,provincial,VILLA MERCEDES INFO,San Luis,Cuyo,Villa Mercedes,https://www.villamercedes.info,Brasil goleó a Haití y quedó como líder del Grupo C en el Mundial 2026
2026-06-23,2026-W26,provincial,VILLA MERCEDES INFO,San Luis,Cuyo,Villa Mercedes,https://www.villamercedes.info,Argelia denunció a la FIFA el arbitraje ante Argentina y pidió revisar una acción de Messi en el Mundial 2026
2026-06-23,2026-W26,provincial,VILLA MERCEDES INFO,San Luis,Cuyo,Villa Mercedes,https://www.villamercedes.info,La familia Messi aclaró el estado de salud de Jorge Messi y pidió responsabilidad ante los rumores
2026-06-23,2026-W26,provincial,VILLA MERCEDES INFO,San Luis,Cuyo,Villa Mercedes,https://www.villamercedes.info,Argentina goleó a Argelia en su debut mundialista: Messi brilló y la Scaloneta arrancó con autoridad en el Mundial 2026
2026-06-23,2026-W26,provincial,VILLA MERCEDES INFO,San Luis,Cuyo,Villa Mercedes,https://www.villamercedes.info,Argentina goleó a Argelia en su debut mundialista con un triplete histórico de Messi
2026-06-23,2026-W26,provincial,VILLA MERCEDES INFO,San Luis,Cuyo,Villa Mercedes,https://www.villamercedes.info,L’Evoluzione di PayPal nel Mercato Italiano delle Scommesse
2026-06-23,2026-W26,provincial,VILLA MERCEDES INFO,San Luis,Cuyo,Villa Mercedes,https://www.villamercedes.info,I Vantaggi dell’Utilizzo di PayPal per le Scommesse Online
2026-06-23,2026-W26,provincial,VILLA MERCEDES INFO,San Luis,Cuyo,Villa Mercedes,https://www.villamercedes.info,Le Sfide e i Limiti della Diffusione di PayPal
2026-06-23,2026-W26,provincial,VILLA MERCEDES INFO,San Luis,Cuyo,Villa Mercedes,https://www.villamercedes.info,Prospettive Future e Tendenze di Mercato
2026-06-23,2026-W26,provincial,VILLA MERCEDES INFO,San Luis,Cuyo,Villa Mercedes,https://www.villamercedes.info,El Gobierno autoriza una nueva toma de deuda por US$5.000 millones y acepta la jurisdicción de Nueva York
2026-06-23,2026-W26,provincial,VILLA MERCEDES INFO,San Luis,Cuyo,Villa Mercedes,https://www.villamercedes.info,"Baja el petróleo tras el acuerdo entre Estados Unidos e Irán, pero las naftas siguen sin cambios en Argentina"
2026-06-23,2026-W26,provincial,VILLA MERCEDES INFO,San Luis,Cuyo,Villa Mercedes,https://www.villamercedes.info,Irán cierra el Estrecho de Ormuz tras ataques en Líbano y acusa a Estados Unidos de “romper el pacto”
2026-06-23,2026-W26,provincial,VILLA MERCEDES INFO,San Luis,Cuyo,Villa Mercedes,https://www.villamercedes.info,Ucrania lanzó el mayor ataque sobre Moscú en dos años y volvió a bombardear una refinería clave
2026-06-23,2026-W26,provincial,VILLA MERCEDES INFO,San Luis,Cuyo,Villa Mercedes,https://www.villamercedes.info,Villa Mercedes Info
2026-06-23,2026-W26,provincial,EL ANCASTI,Catamarca,NOA,Catamarca,https://www.elancasti.com.ar,Incendios provocaron graves daños en dos viviendas de la Capital
2026-06-23,2026-W26,provincial,EL ANCASTI,Catamarca,NOA,Catamarca,https://www.elancasti.com.ar,Versiones cruzadas entre Bullrich y Adorni por el informe en el Senado
2026-06-23,2026-W26,provincial,EL ANCASTI,Catamarca,NOA,Catamarca,https://www.elancasti.com.ar,La oposición no alcanzó el quórum y el oficialismo logró frenar la sesión en la que la oposición buscaba interpelar a Adorni
2026-06-23,2026-W26,provincial,EL ANCASTI,Catamarca,NOA,Catamarca,https://www.elancasti.com.ar,Fallecieron cuatro hermanas al caer al agua
2026-06-23,2026-W26,provincial,EL ANCASTI,Catamarca,NOA,Catamarca,https://www.elancasti.com.ar,Condenaron a De Vido a tres años de prisión por irregularidades en la contratación de Odebrecht
2026-06-23,2026-W26,provincial,EL ANCASTI,Catamarca,NOA,Catamarca,https://www.elancasti.com.ar,La escritora Alejandra Kamiya llega a Catamarca para ser parte de dos propuestas literarias
2026-06-23,2026-W26,provincial,EL ANCASTI,Catamarca,NOA,Catamarca,https://www.elancasti.com.ar,"Video: un globo aerostático se incendió en Brasil y dejó ocho muertos, entre ellos una familia"
2026-06-23,2026-W26,provincial,EL ANCASTI,Catamarca,NOA,Catamarca,https://www.elancasti.com.ar,Trágica ola de calor en Francia: al menos 40 personas murieron ahogadas
2026-06-23,2026-W26,provincial,EL ANCASTI,Catamarca,NOA,Catamarca,https://www.elancasti.com.ar,"Apenas dos años después de comprarla, ponen en venta a la dueña de Ayudín y Poett"
2026-06-23,2026-W26,provincial,EL ANCASTI,Catamarca,NOA,Catamarca,https://www.elancasti.com.ar,"Fiesta del Poncho 2026: se abre la inscripción digital para los food trucks en el ""Espacio Capital"""
2026-06-23,2026-W26,provincial,EL ANCASTI,Catamarca,NOA,Catamarca,https://www.elancasti.com.ar,Portugal le ganó a Uzbekistán 5 a 0 por la fase de grupos del Mundial 2026
2026-06-23,2026-W26,provincial,EL ANCASTI,Catamarca,NOA,Catamarca,https://www.elancasti.com.ar,Javier Galán cuestionó el proceso en su contra y aseguró que buscan apartarlo de la política
2026-06-23,2026-W26,provincial,EL ANCASTI,Catamarca,NOA,Catamarca,https://www.elancasti.com.ar,Espert fue citado a declarar por la causa de presunto lavado de dinero
2026-06-23,2026-W26,provincial,EL ANCASTI,Catamarca,NOA,Catamarca,https://www.elancasti.com.ar,"Solicitan dadores de sangre para Juan ""Tun"" González"
2026-06-23,2026-W26,provincial,EL ANCASTI,Catamarca,NOA,Catamarca,https://www.elancasti.com.ar,Cristiano Ronaldo convirtió un doblete para Portugal en el Mundial 2026 y logró tres récords
2026-06-23,2026-W26,provincial,EL ANCASTI,Catamarca,NOA,Catamarca,https://www.elancasti.com.ar,"Claudia Espeche pidió ""unir fuerzas"" de cara a la reunión entre el SOEM y el municipio de Valle Viejo"
2026-06-23,2026-W26,provincial,EL ANCASTI,Catamarca,NOA,Catamarca,https://www.elancasti.com.ar,Mañana habrá asueto municipal y judicial en la Capital por el Día de San Juan Bautista
2026-06-23,2026-W26,provincial,EL ANCASTI,Catamarca,NOA,Catamarca,https://www.elancasti.com.ar,Catamarca registró más de 320 millones de dólares en exportaciones en los primeros meses del año
2026-06-23,2026-W26,provincial,EL ANCASTI,Catamarca,NOA,Catamarca,https://www.elancasti.com.ar,Integrante de ballet catamarqueño busca recuperar su porta trajes que se cayó del baúl de un auto
2026-06-23,2026-W26,provincial,EL ANCASTI,Catamarca,NOA,Catamarca,https://www.elancasti.com.ar,Peña solidaria del Hospital San Juan Bautista con Los Hermanos Rodríguez y Emilio Morales
2026-06-23,2026-W26,provincial,EL ANCASTI,Catamarca,NOA,Catamarca,https://www.elancasti.com.ar,Récord histórico de la informalidad: ya afecta a casi 10 millones de trabajadores
2026-06-23,2026-W26,provincial,EL ANCASTI,Catamarca,NOA,Catamarca,https://www.elancasti.com.ar,"Melconian advirtió que la mitad del país está ""hundido"" en lo económico"
2026-06-23,2026-W26,provincial,EL ANCASTI,Catamarca,NOA,Catamarca,https://www.elancasti.com.ar,"Jesica Cirio entregó su celular a la Justicia en la investigación por el ""yategate"""
2026-06-23,2026-W26,provincial,EL ANCASTI,Catamarca,NOA,Catamarca,https://www.elancasti.com.ar,¿Quién cuida a nuestros adultos mayores?
2026-06-23,2026-W26,provincial,EL ANCASTI,Catamarca,NOA,Catamarca,https://www.elancasti.com.ar,Locura albiceleste en Dallas
2026-06-23,2026-W26,provincial,EL ANCASTI,Catamarca,NOA,Catamarca,https://www.elancasti.com.ar,"La palabra de los hinchas tras la victoria de la ""Scaloneta"""
2026-06-23,2026-W26,provincial,EL ANCASTI,Catamarca,NOA,Catamarca,https://www.elancasti.com.ar,Una sociedad bajo tensión
2026-06-23,2026-W26,provincial,EL ANCASTI,Catamarca,NOA,Catamarca,https://www.elancasti.com.ar,Agente de la fractura
2026-06-23,2026-W26,provincial,EL ANCASTI,Catamarca,NOA,Catamarca,https://www.elancasti.com.ar,Los desequilibrios detrás del superávit
2026-06-23,2026-W26,provincial,EL ANCASTI,Catamarca,NOA,Catamarca,https://www.elancasti.com.ar,Confirmaron el cronograma de pago del medio aguinaldo para empleados municipales
2026-06-23,2026-W26,provincial,EL ANCASTI,Catamarca,NOA,Catamarca,https://www.elancasti.com.ar,"Desafuero: mientras se activa el expediente de Saseta, se cumplen los plazos de Galán"
2026-06-23,2026-W26,provincial,EL ANCASTI,Catamarca,NOA,Catamarca,https://www.elancasti.com.ar,La familia de la mujer que sufrió un infarto quiere ser querellante en la causa
2026-06-23,2026-W26,provincial,EL ANCASTI,Catamarca,NOA,Catamarca,https://www.elancasti.com.ar,"""Remo vikingo"": el festejo viral de Noruega en el Mundial"
2026-06-23,2026-W26,provincial,EL ANCASTI,Catamarca,NOA,Catamarca,https://www.elancasti.com.ar,Caso Agostina Vega: imágenes clave
2026-06-23,2026-W26,provincial,EL ANCASTI,Catamarca,NOA,Catamarca,https://www.elancasti.com.ar,Intento de robo: adolescente de 17 años fue asesinado cuando iba camino a la escuela
2026-06-23,2026-W26,provincial,EL ANCASTI,Catamarca,NOA,Catamarca,https://www.elancasti.com.ar,Catamarca participa de la Encuesta Nacional de Lactancia 2026
2026-06-23,2026-W26,provincial,EL ANCASTI,Catamarca,NOA,Catamarca,https://www.elancasti.com.ar,Scaloni prepara un equipo alternativo para enfrentar a Jordania
2026-06-23,2026-W26,provincial,EL ANCASTI,Catamarca,NOA,Catamarca,https://www.elancasti.com.ar,La UNCA fue sede de la primera fecha del Campeonato Provincial de Karate-do 2026
2026-06-23,2026-W26,provincial,EL ANCASTI,Catamarca,NOA,Catamarca,https://www.elancasti.com.ar,Exitosa jornada ecuestre de capacitación y competencia en Atlántico Centro Ecuestre
2026-06-23,2026-W26,provincial,EL ANCASTI,Catamarca,NOA,Catamarca,https://www.elancasti.com.ar,Convocan a registrar los eventos deportivos del segundo semestre de 2026
2026-06-23,2026-W26,provincial,EL ANCASTI,Catamarca,NOA,Catamarca,https://www.elancasti.com.ar,"Antonio y Meliza Prevedello, locales en una de las citas más especiales del año"
2026-06-23,2026-W26,provincial,EL ANCASTI,Catamarca,NOA,Catamarca,https://www.elancasti.com.ar,Exitosa edición de la 17° Feria Andina en Belén
2026-06-23,2026-W26,provincial,EL ANCASTI,Catamarca,NOA,Catamarca,https://www.elancasti.com.ar,Titi fue eliminada de Gran Hermano
2026-06-23,2026-W26,provincial,EL ANCASTI,Catamarca,NOA,Catamarca,https://www.elancasti.com.ar,Juanita Tinelli desmintió la denuncia por violencia de género y apuntó a la madre de Bautista Cuiña
2026-06-23,2026-W26,provincial,EL ANCASTI,Catamarca,NOA,Catamarca,https://www.elancasti.com.ar,Nico Occhiato echó a la producción y Flor Peña se va de Luzu TV tras la fake news sobre el padre de Messi
2026-06-23,2026-W26,provincial,EL ANCASTI,Catamarca,NOA,Catamarca,https://www.elancasti.com.ar,"Trump advirtió que volverán los ataques si Irán no deja de ""ocasionar problemas"" en Líbano"
2026-06-23,2026-W26,provincial,EL ANCASTI,Catamarca,NOA,Catamarca,https://www.elancasti.com.ar,Un uruguayo le pidió matrimonio a su pareja en pleno partido y Cabo Verde amargó el festejo
2026-06-23,2026-W26,provincial,EL ANCASTI,Catamarca,NOA,Catamarca,https://www.elancasti.com.ar,Desde Catamarca al Mundial: el video de una academia de baile que emociona en redes
2026-06-23,2026-W26,provincial,EL ANCASTI,Catamarca,NOA,Catamarca,https://www.elancasti.com.ar,"""Me gustaría vivir del deporte"""
2026-06-23,2026-W26,provincial,EL ANCASTI,Catamarca,NOA,Catamarca,https://www.elancasti.com.ar,El debut discográfico de Natalia Brizuela César
2026-06-23,2026-W26,provincial,EL ESQUIÚ,Catamarca,NOA,Catamarca,https://www.elesquiu.com,Edición impresa
2026-06-23,2026-W26,provincial,EL ESQUIÚ,Catamarca,NOA,Catamarca,https://www.elesquiu.com,Reporte Ciudadano (3834901025)
2026-06-23,2026-W26,provincial,EL ESQUIÚ,Catamarca,NOA,Catamarca,https://www.elesquiu.com,Un incendio destruyó por completo un monoambiente en la zona sur de la Capital
2026-06-23,2026-W26,provincial,EL ESQUIÚ,Catamarca,NOA,Catamarca,https://www.elesquiu.com,"Los salarios de los trabajadores registrados subieron 3,5% en abril y le ganaron a la inflación"
2026-06-23,2026-W26,provincial,EL ESQUIÚ,Catamarca,NOA,Catamarca,https://www.elesquiu.com,"Caída global de Meta: fallas en Instagram, Facebook y WhatsApp afectaron a millones de usuarios"
2026-06-23,2026-W26,provincial,EL ESQUIÚ,Catamarca,NOA,Catamarca,https://www.elesquiu.com,Crece el reclamo en El Portezuelo: padres protestan por la falta de transporte escolar
2026-06-23,2026-W26,provincial,EL ESQUIÚ,Catamarca,NOA,Catamarca,https://www.elesquiu.com,Quiniela de la tarde
2026-06-23,2026-W26,provincial,EL ESQUIÚ,Catamarca,NOA,Catamarca,https://www.elesquiu.com,"Jubilados autoconvocados marcharán en Catamarca para reclamar mejoras en haberes, salud y atención del PAMI"
2026-06-23,2026-W26,provincial,EL ESQUIÚ,Catamarca,NOA,Catamarca,https://www.elesquiu.com,La Escuela de Cadetes celebró su 73° aniversario con un acto y desfile protocolar en Catamarca
2026-06-23,2026-W26,provincial,EL ESQUIÚ,Catamarca,NOA,Catamarca,https://www.elesquiu.com,El oficialismo logró frenar la interpelación a Manuel Adorni en Diputados
2026-06-23,2026-W26,provincial,EL ESQUIÚ,Catamarca,NOA,Catamarca,https://www.elesquiu.com,Agenda deportiva
2026-06-23,2026-W26,provincial,EL ESQUIÚ,Catamarca,NOA,Catamarca,https://www.elesquiu.com,70 años después
2026-06-23,2026-W26,provincial,EL ESQUIÚ,Catamarca,NOA,Catamarca,https://www.elesquiu.com,Solidaridad y folclore: organizan una peña a beneficio del Hospital San Juan Bautista
2026-06-23,2026-W26,provincial,EL ESQUIÚ,Catamarca,NOA,Catamarca,https://www.elesquiu.com,Croacia enfrenta a Panamá en busca de su primer triunfo
2026-06-23,2026-W26,provincial,EL ESQUIÚ,Catamarca,NOA,Catamarca,https://www.elesquiu.com,La importancia de la proteína después de los 45 años: clave para preservar la masa muscular y prevenir enfermedades
2026-06-23,2026-W26,provincial,EL ESQUIÚ,Catamarca,NOA,Catamarca,https://www.elesquiu.com,"Las uvas, una aliada natural para proteger la memoria y prevenir el deterioro cognitivo"
2026-06-23,2026-W26,provincial,EL ESQUIÚ,Catamarca,NOA,Catamarca,https://www.elesquiu.com,"""Este plan de lucha va a seguir hasta que se cumpla la Ley de Financiamiento Universitario”"
2026-06-23,2026-W26,provincial,EL ESQUIÚ,Catamarca,NOA,Catamarca,https://www.elesquiu.com,"""Una oportunidad para Lulú"": la campaña solidaria para que una niña catamarqueña reciba un tratamiento en México"
2026-06-23,2026-W26,provincial,EL ESQUIÚ,Catamarca,NOA,Catamarca,https://www.elesquiu.com,Cómo funcionarán los bancos este miércoles
2026-06-23,2026-W26,provincial,EL ESQUIÚ,Catamarca,NOA,Catamarca,https://www.elesquiu.com,Darío Nieto cargó contra Manuel Adorni: “Es un gran mentiroso y toma de boludos a los argentinos”
2026-06-23,2026-W26,provincial,EL ESQUIÚ,Catamarca,NOA,Catamarca,https://www.elesquiu.com,Catamarca registró más de 320 millones de dólares en exportaciones en los primeros meses del año
2026-06-23,2026-W26,provincial,EL ESQUIÚ,Catamarca,NOA,Catamarca,https://www.elesquiu.com,La Cámara de Diputados debatirá la interpelación al jefe de Gabinete Manuel Adorni
2026-06-23,2026-W26,provincial,EL ESQUIÚ,Catamarca,NOA,Catamarca,https://www.elesquiu.com,"Monti criticó los anuncios de Jalil: ""Tiene el hábito de hablar de cosas que después no se materializan"""
2026-06-23,2026-W26,provincial,EL ESQUIÚ,Catamarca,NOA,Catamarca,https://www.elesquiu.com,"La Legislatura define agenda con proyectos de minería, riego y debate por ingresos brutos"
2026-06-23,2026-W26,provincial,EL ESQUIÚ,Catamarca,NOA,Catamarca,https://www.elesquiu.com,"José Luis Espert, bajo investigación por presunto lavado de activos vinculado al financiamiento de campaña"
2026-06-23,2026-W26,provincial,EL ESQUIÚ,Catamarca,NOA,Catamarca,https://www.elesquiu.com,"Horror en el barrio Santa Lucía Sur: acosaba a su vecina de 84 años, le tiró gasoil y la prendió fuego"
2026-06-23,2026-W26,provincial,EL ESQUIÚ,Catamarca,NOA,Catamarca,https://www.elesquiu.com,El cura Renato Rasgido se encuentra internado y custodiado
2026-06-23,2026-W26,provincial,EL ESQUIÚ,Catamarca,NOA,Catamarca,https://www.elesquiu.com,Vecinos del barrio San Jorge reclaman por una pérdida que empeora día a día
2026-06-23,2026-W26,provincial,EL ESQUIÚ,Catamarca,NOA,Catamarca,https://www.elesquiu.com,“La dura realidad de enfermarse hoy: hospitales que rebotan y clínicas impagables”
2026-06-23,2026-W26,provincial,EL ESQUIÚ,Catamarca,NOA,Catamarca,https://www.elesquiu.com,Importante pérdida de agua en Manuel Navarro y Arturo Oviedo
2026-06-23,2026-W26,provincial,EL ESQUIÚ,Catamarca,NOA,Catamarca,https://www.elesquiu.com,Cristian Romero sufrió una molestia y será evaluado en las próximas horas
2026-06-23,2026-W26,provincial,EL ESQUIÚ,Catamarca,NOA,Catamarca,https://www.elesquiu.com,La tecnología que ayuda a la Scaloneta a combatir el calor extremo en el Mundial 2026
2026-06-23,2026-W26,provincial,EL ESQUIÚ,Catamarca,NOA,Catamarca,https://www.elesquiu.com,Argentina ya conoce cuándo y dónde jugará los 16avos de final del Mundial 2026
2026-06-23,2026-W26,provincial,EL ESQUIÚ,Catamarca,NOA,Catamarca,https://www.elesquiu.com,Cristiano Ronaldo brilló con un doblete y Portugal aplastó a Uzbekistán en el Mundial 2026
2026-06-23,2026-W26,provincial,EL ESQUIÚ,Catamarca,NOA,Catamarca,https://www.elesquiu.com,Camioneros analiza una oferta de revisión salarial mientras otros gremios cierran nuevas paritarias
2026-06-23,2026-W26,provincial,EL ESQUIÚ,Catamarca,NOA,Catamarca,https://www.elesquiu.com,La FIFA tapó los logos de Heinz en el Mundial 2026 y la marca respondió con una ingeniosa campaña viral
2026-06-23,2026-W26,provincial,EL ESQUIÚ,Catamarca,NOA,Catamarca,https://www.elesquiu.com,Qué ver en Netflix hoy: la serie española que es la más vista a 4 días de su estreno
2026-06-23,2026-W26,provincial,EL ESQUIÚ,Catamarca,NOA,Catamarca,https://www.elesquiu.com,La economía argentina alcanzó un nuevo récord histórico y acumuló ocho trimestres consecutivos de crecimiento
2026-06-23,2026-W26,provincial,EL ESQUIÚ,Catamarca,NOA,Catamarca,https://www.elesquiu.com,Las escalofriantes fotos de la hija de Wanda Nara tirada en una camilla luego de accidentarse
2026-06-23,2026-W26,provincial,EL ESQUIÚ,Catamarca,NOA,Catamarca,https://www.elesquiu.com,"Se accientó la hija de Wanda Nara y recibió el peor diagnóstico siendo apenas una niña: ""Se rompió"""
2026-06-23,2026-W26,provincial,EL ESQUIÚ,Catamarca,NOA,Catamarca,https://www.elesquiu.com,"El Turco García habló de su separación de Mariela Prieto, tras sus infidelidades en Gran Hermano"
2026-06-23,2026-W26,provincial,EL ESQUIÚ,Catamarca,NOA,Catamarca,https://www.elesquiu.com,"La escena de celos de la China Suárez a Icardi por una chica en un boliche: ""La agarró de los pelos"""
2026-06-23,2026-W26,provincial,EL ESQUIÚ,Catamarca,NOA,Catamarca,https://www.elesquiu.com,"Nico Occhiato le pudrió todo a Flor Peña por lo que pasó en Luzu con Messi: ""Le gritó y la cagó a pedos"""
2026-06-23,2026-W26,provincial,EL ESQUIÚ,Catamarca,NOA,Catamarca,https://www.elesquiu.com,El descargo de Ariel Rodriguez luego de insultar en vivo en pleno Mundial de la Selección Argentina
2026-06-23,2026-W26,provincial,EL ESQUIÚ,Catamarca,NOA,Catamarca,https://www.elesquiu.com,Agostina Vega: los abuelos maternos denunciaron abandono y violencia por parte del padre de la adolescente asesinada
2026-06-23,2026-W26,provincial,EL ESQUIÚ,Catamarca,NOA,Catamarca,https://www.elesquiu.com,El eclipse solar más largo del siglo XXI se producirá en 2027 y podrá durar más de 6 minutos
2026-06-23,2026-W26,provincial,EL ESQUIÚ,Catamarca,NOA,Catamarca,https://www.elesquiu.com,"Buscan con urgencia a ""Chocolate"", un perrito que necesita medicación"
2026-06-23,2026-W26,provincial,EL ESQUIÚ,Catamarca,NOA,Catamarca,https://www.elesquiu.com,"Buscan desesperadamente a ""Princesa"" en Fray Mamerto Esquiú"
2026-06-23,2026-W26,provincial,EL ESQUIÚ,Catamarca,NOA,Catamarca,https://www.elesquiu.com,"Murió “Chichi” Cano, emblema de Sarmiento y de la música popular"
2026-06-23,2026-W26,provincial,EL ESQUIÚ,Catamarca,NOA,Catamarca,https://www.elesquiu.com,"Tragedia en Mar del Plata: un colectivo se subió a la vereda, atropelló a siete personas y una joven murió"
2026-06-23,2026-W26,provincial,LA UNIÓN,Catamarca,NOA,Catamarca,https://www.launion.digital,Manuel Adorni desmintió a Patricia Bullrich y ratificó su presencia en el Senado
2026-06-23,2026-W26,provincial,LA UNIÓN,Catamarca,NOA,Catamarca,https://www.launion.digital,"Los salarios crecieron 3,5% en abril y superaron a la inflación, según el INDEC"
2026-06-23,2026-W26,provincial,LA UNIÓN,Catamarca,NOA,Catamarca,https://www.launion.digital,"Apagón global de Facebook, Instagram y WhatsApp: qué pasó con las apps"
2026-06-23,2026-W26,provincial,LA UNIÓN,Catamarca,NOA,Catamarca,https://www.launion.digital,Inglaterra no pudo con Ghana y quedó abierta la definición del Grupo L
2026-06-23,2026-W26,provincial,LA UNIÓN,Catamarca,NOA,Catamarca,https://www.launion.digital,Catamarca: ingresó a una vivienda y amenazó con un cuchillo para robar un celular
2026-06-23,2026-W26,provincial,LA UNIÓN,Catamarca,NOA,Catamarca,https://www.launion.digital,VIDEO: la curiosa reacción de Cristiano cuando le preguntaron por Messi
2026-06-23,2026-W26,provincial,LA UNIÓN,Catamarca,NOA,Catamarca,https://www.launion.digital,Scaloni analiza una rotación en Argentina para el duelo ante Jordania
2026-06-23,2026-W26,provincial,LA UNIÓN,Catamarca,NOA,Catamarca,https://www.launion.digital,Le robaron una TV a una abuela: los atraparon
2026-06-23,2026-W26,provincial,LA UNIÓN,Catamarca,NOA,Catamarca,https://www.launion.digital,Robó una rueda de una vivienda y la escondió en un descampado: lo atraparon
2026-06-23,2026-W26,provincial,LA UNIÓN,Catamarca,NOA,Catamarca,https://www.launion.digital,Bomberos sofocaron un incendio en un monoambiente: las pérdidas fueron totales
2026-06-23,2026-W26,provincial,LA UNIÓN,Catamarca,NOA,Catamarca,https://www.launion.digital,Desesperada búsqueda de un porta trajes perdido: bailarina catamarqueña pide ayuda
2026-06-23,2026-W26,provincial,LA UNIÓN,Catamarca,NOA,Catamarca,https://www.launion.digital,La causa del desafuero contra Javier Galán entra en una etapa de pausa judicial
2026-06-23,2026-W26,provincial,LA UNIÓN,Catamarca,NOA,Catamarca,https://www.launion.digital,San Juan Bautista: qué pasará con los servicios y los bancos durante el asueto
2026-06-23,2026-W26,provincial,LA UNIÓN,Catamarca,NOA,Catamarca,https://www.launion.digital,Alerta amarilla por frío extremo: Catamarca entre las 15 provincias alcanzadas
2026-06-23,2026-W26,provincial,LA UNIÓN,Catamarca,NOA,Catamarca,https://www.launion.digital,El Fogón de San Juan Bautista del ISAC se viene: fecha y horarios
2026-06-23,2026-W26,provincial,LA UNIÓN,Catamarca,NOA,Catamarca,https://www.launion.digital,Bullrich se ausentará de la reunión de los senadores libertarios con Adorni
2026-06-23,2026-W26,provincial,LA UNIÓN,Catamarca,NOA,Catamarca,https://www.launion.digital,La Capital confirmó las fechas de pago del aguinaldo y de un adicional para contratados
2026-06-23,2026-W26,provincial,LA UNIÓN,Catamarca,NOA,Catamarca,https://www.launion.digital,Argentina es primera en su grupo: cuándo y contra quién jugará por los 16avos
2026-06-23,2026-W26,provincial,LA UNIÓN,Catamarca,NOA,Catamarca,https://www.launion.digital,Argelia venció 2-1 a Jordania y confirmó la clasificación de Argentina como líder del Grupo J
2026-06-23,2026-W26,provincial,LA UNIÓN,Catamarca,NOA,Catamarca,https://www.launion.digital,"Jornada clave en el Mundial: Portugal, Inglaterra, Croacia y Colombia vuelven a escena"
2026-06-23,2026-W26,provincial,LA UNIÓN,Catamarca,NOA,Catamarca,https://www.launion.digital,Abren las inscripciones para una capacitación virtual en Enoturismo
2026-06-23,2026-W26,provincial,LA UNIÓN,Catamarca,NOA,Catamarca,https://www.launion.digital,Resultado del sorteo de La Primera de la quiniela de Catamarca
2026-06-23,2026-W26,provincial,LA UNIÓN,Catamarca,NOA,Catamarca,https://www.launion.digital,ANSES Catamarca: calendario de pagos para hoy martes 23 de junio
2026-06-23,2026-W26,provincial,LA UNIÓN,Catamarca,NOA,Catamarca,https://www.launion.digital,Resultado del sorteo nocturno de la quiniela de Catamarca
2026-06-23,2026-W26,provincial,LA UNIÓN,Catamarca,NOA,Catamarca,https://www.launion.digital,Resultado del sorteo de la tarde de la quiniela de Catamarca
2026-06-23,2026-W26,provincial,LA UNIÓN,Catamarca,NOA,Catamarca,https://www.launion.digital,Milei compartirá su primera actividad pública con Adrián Ravier en un evento del liberalismo
2026-06-23,2026-W26,provincial,LA UNIÓN,Catamarca,NOA,Catamarca,https://www.launion.digital,Se cumple un mes del femicidio de Agostina Vega: tres detenidos y una investigación que sigue abierta
2026-06-23,2026-W26,provincial,LA UNIÓN,Catamarca,NOA,Catamarca,https://www.launion.digital,Nuevo eliminado de Gran Hermano: quién abandonó la casa este lunes
2026-06-23,2026-W26,provincial,LA UNIÓN,Catamarca,NOA,Catamarca,https://www.launion.digital,El padre de Lionel Messi recibió el alta médica y regresó a Rosario
2026-06-23,2026-W26,provincial,LA UNIÓN,Catamarca,NOA,Catamarca,https://www.launion.digital,"Con doblete de Haaland, Noruega venció a Senegal y clasificó a la siguiente ronda"
2026-06-23,2026-W26,provincial,LA UNIÓN,Catamarca,NOA,Catamarca,https://www.launion.digital,Horror en Canadá: al menos tres muertos en un tiroteo
2026-06-23,2026-W26,provincial,LA UNIÓN,Catamarca,NOA,Catamarca,https://www.launion.digital,Catamarca: robó un celular de alta gama y terminó preso
2026-06-23,2026-W26,provincial,LA UNIÓN,Catamarca,NOA,Catamarca,https://www.launion.digital,"El mercado laboral mostró una tasa de desocupación del 7,8% en el primer trimestre de 2026"
2026-06-23,2026-W26,provincial,LA UNIÓN,Catamarca,NOA,Catamarca,https://www.launion.digital,Antonela le declaró la guerra a Luzu y a Flor Peña: la drástica decisión que tomó tras la noticia falsa sobre el papá de Messi
2026-06-23,2026-W26,provincial,LA UNIÓN,Catamarca,NOA,Catamarca,https://www.launion.digital,Once alumnos de Catamarca viajaron casi 900 kilómetros para hacer su promesa a la bandera
2026-06-23,2026-W26,provincial,LA UNIÓN,Catamarca,NOA,Catamarca,https://www.launion.digital,Flor Peña evalúa una millonaria demanda contra Nicolás Occhiato y Luzu TV
2026-06-23,2026-W26,provincial,LA UNIÓN,Catamarca,NOA,Catamarca,https://www.launion.digital,Categórica: Antonela Roccuzzo salió al cruce en medio del escándalo de la fake news
2026-06-23,2026-W26,provincial,LA UNIÓN,Catamarca,NOA,Catamarca,https://www.launion.digital,Repatriaron los restos de Gaspi a una semana del accidente aéreo en Río de Janeiro
2026-06-23,2026-W26,provincial,LA UNIÓN,Catamarca,NOA,Catamarca,https://www.launion.digital,Solcito Fijo reveló por primera vez a su padre Piñón sin maquillaje: el video inédito
2026-06-23,2026-W26,provincial,LA UNIÓN,Catamarca,NOA,Catamarca,https://www.launion.digital,Julián Álvarez pidió ser transferido y los hinchas del Atlético de Madrid estallaron
2026-06-23,2026-W26,provincial,LA UNIÓN,Catamarca,NOA,Catamarca,https://www.launion.digital,Brutal episodio de violencia: roció a su vecina con combustible y la prendió fuego
2026-06-23,2026-W26,provincial,LA UNIÓN,Catamarca,NOA,Catamarca,https://www.launion.digital,Francia goleó a Irak y se clasificó a los dieciseisavos de final
2026-06-23,2026-W26,provincial,LA UNIÓN,Catamarca,NOA,Catamarca,https://www.launion.digital,"""Estamos presenciando la historia"": el Récord Guinness homologó cuatro nuevas marcas de Messi"
2026-06-23,2026-W26,provincial,LA UNIÓN,Catamarca,NOA,Catamarca,https://www.launion.digital,Dólares bajo presión: advierten sobre un escenario externo volátil y desafíos clave para el segundo semestre
2026-06-23,2026-W26,provincial,LA UNIÓN,Catamarca,NOA,Catamarca,https://www.launion.digital,Jalil visitó a las empresas que impulsan el crecimiento olivícola en Catamarca
2026-06-23,2026-W26,provincial,LA UNIÓN,Catamarca,NOA,Catamarca,https://www.launion.digital,Reconfiguran el servicio de colectivos en Andalgalá
2026-06-23,2026-W26,provincial,LA UNIÓN,Catamarca,NOA,Catamarca,https://www.launion.digital,Las motos 0km más baratas de junio: 20 modelos por menos de $3.000.000
2026-06-23,2026-W26,provincial,LA UNIÓN,Catamarca,NOA,Catamarca,https://www.launion.digital,Interna oficialista
2026-06-23,2026-W26,provincial,LA UNIÓN,Catamarca,NOA,Catamarca,https://www.launion.digital,La Libertad Avanza frenó en Diputados la sesión que buscaba interpelar a Adorni
2026-06-23,2026-W26,provincial,LA UNIÓN,Catamarca,NOA,Catamarca,https://www.launion.digital,Catamarca superó los 320 millones de dólares en exportaciones y es récord
2026-06-23,2026-W26,provincial,EL TRIBUNO,Jujuy,NOA,San Salvador de Jujuy,https://www.eltribunodejujuy.com,Noticias de interés general actualizadas 24HS
2026-06-23,2026-W26,provincial,EL TRIBUNO,Jujuy,NOA,San Salvador de Jujuy,https://www.eltribunodejujuy.com,Abra Pampa inauguró la esperada pavimentación de la Avenida Mitre
2026-06-23,2026-W26,provincial,EL TRIBUNO,Jujuy,NOA,San Salvador de Jujuy,https://www.eltribunodejujuy.com,Cortes de luz programados para mañana
2026-06-23,2026-W26,provincial,EL TRIBUNO,Jujuy,NOA,San Salvador de Jujuy,https://www.eltribunodejujuy.com,Taller gratuito de creación de historietas en Alto Comedero
2026-06-23,2026-W26,provincial,EL TRIBUNO,Jujuy,NOA,San Salvador de Jujuy,https://www.eltribunodejujuy.com,Se cancela informe de Adorni en el Senado
2026-06-23,2026-W26,provincial,EL TRIBUNO,Jujuy,NOA,San Salvador de Jujuy,https://www.eltribunodejujuy.com,Refuerzan la asistencia a personas en situación de calle
2026-06-23,2026-W26,provincial,EL TRIBUNO,Jujuy,NOA,San Salvador de Jujuy,https://www.eltribunodejujuy.com,Inglaterra empató 0-0 con Ghana
2026-06-23,2026-W26,provincial,EL TRIBUNO,Jujuy,NOA,San Salvador de Jujuy,https://www.eltribunodejujuy.com,"Con un doblete de Cristiano Ronaldo, Portugal goleó a Uzbekistán y se destapó en el Mundial 2026"
2026-06-23,2026-W26,provincial,EL TRIBUNO,Jujuy,NOA,San Salvador de Jujuy,https://www.eltribunodejujuy.com,"Argentina ya tiene día, hora y sede para los 16avos de final"
2026-06-23,2026-W26,provincial,EL TRIBUNO,Jujuy,NOA,San Salvador de Jujuy,https://www.eltribunodejujuy.com,"Los partidos de hoy martes, horarios y cómo verlos en vivo por TV y streaming"
2026-06-23,2026-W26,provincial,EL TRIBUNO,Jujuy,NOA,San Salvador de Jujuy,https://www.eltribunodejujuy.com,Argelia le ganó a Jordania y se juega la clasificación con Austria
2026-06-23,2026-W26,provincial,EL TRIBUNO,Jujuy,NOA,San Salvador de Jujuy,https://www.eltribunodejujuy.com,Noruega se impone 3-2 a Senegal
2026-06-23,2026-W26,provincial,EL TRIBUNO,Jujuy,NOA,San Salvador de Jujuy,https://www.eltribunodejujuy.com,Francia le ganó a Irak y clasificó
2026-06-23,2026-W26,provincial,EL TRIBUNO,Jujuy,NOA,San Salvador de Jujuy,https://www.eltribunodejujuy.com,"Messi: “Ya le dimos varias alegrías a la gente, pero intentaremos darle una más”"
2026-06-23,2026-W26,provincial,EL TRIBUNO,Jujuy,NOA,San Salvador de Jujuy,https://www.eltribunodejujuy.com,Histórico Messi y Argentina a la próxima fase
2026-06-23,2026-W26,provincial,EL TRIBUNO,Jujuy,NOA,San Salvador de Jujuy,https://www.eltribunodejujuy.com,Últimas noticias
2026-06-23,2026-W26,provincial,EL TRIBUNO,Jujuy,NOA,San Salvador de Jujuy,https://www.eltribunodejujuy.com,"Conducía alcoholizado una retroexcavadora, chocó siete vehículos y dejó dos heridos"
2026-06-23,2026-W26,provincial,EL TRIBUNO,Jujuy,NOA,San Salvador de Jujuy,https://www.eltribunodejujuy.com,Palpalá fue reconocida por UNICEF por su gestión en niñez
2026-06-23,2026-W26,provincial,EL TRIBUNO,Jujuy,NOA,San Salvador de Jujuy,https://www.eltribunodejujuy.com,Profesionales expondrán experiencias sobre liderazgo y empleabilidad
2026-06-23,2026-W26,provincial,EL TRIBUNO,Jujuy,NOA,San Salvador de Jujuy,https://www.eltribunodejujuy.com,Una escuela de Tinogasta recreó el Éxodo Jujeño en un documental sobre Belgrano
2026-06-23,2026-W26,provincial,EL TRIBUNO,Jujuy,NOA,San Salvador de Jujuy,https://www.eltribunodejujuy.com,Martes invernal en San Salvador de Jujuy
2026-06-23,2026-W26,provincial,EL TRIBUNO,Jujuy,NOA,San Salvador de Jujuy,https://www.eltribunodejujuy.com,Reconocimiento por el Día del Gaucho Jujeño
2026-06-23,2026-W26,provincial,EL TRIBUNO,Jujuy,NOA,San Salvador de Jujuy,https://www.eltribunodejujuy.com,Floricultores jujeños buscan fortalecer el sector
2026-06-23,2026-W26,provincial,EL TRIBUNO,Jujuy,NOA,San Salvador de Jujuy,https://www.eltribunodejujuy.com,“Envejecer con dignidad”
2026-06-23,2026-W26,provincial,EL TRIBUNO,Jujuy,NOA,San Salvador de Jujuy,https://www.eltribunodejujuy.com,Inauguran en Abra Pampa una obra de gran importancia
2026-06-23,2026-W26,provincial,EL TRIBUNO,Jujuy,NOA,San Salvador de Jujuy,https://www.eltribunodejujuy.com,4 alumnos en Tumbaya Grande juraron lealtad a la Bandera
2026-06-23,2026-W26,provincial,EL TRIBUNO,Jujuy,NOA,San Salvador de Jujuy,https://www.eltribunodejujuy.com,"Orígenes y actualidad de Areni, destacada institución"
2026-06-23,2026-W26,provincial,EL TRIBUNO,Jujuy,NOA,San Salvador de Jujuy,https://www.eltribunodejujuy.com,Conocé el estado de las rutas
2026-06-23,2026-W26,provincial,EL TRIBUNO,Jujuy,NOA,San Salvador de Jujuy,https://www.eltribunodejujuy.com,Capacitación laboral sobre jardinería en Appace
2026-06-23,2026-W26,provincial,EL TRIBUNO,Jujuy,NOA,San Salvador de Jujuy,https://www.eltribunodejujuy.com,Docente jujeña distinguida por prestigiosa institución
2026-06-23,2026-W26,provincial,EL TRIBUNO,Jujuy,NOA,San Salvador de Jujuy,https://www.eltribunodejujuy.com,El neuquino Federico Prieto es el interventor del PJ Jujuy
2026-06-23,2026-W26,provincial,EL TRIBUNO,Jujuy,NOA,San Salvador de Jujuy,https://www.eltribunodejujuy.com,La Legislatura entre sesión y el Parlamento del NOA
2026-06-23,2026-W26,provincial,EL TRIBUNO,Jujuy,NOA,San Salvador de Jujuy,https://www.eltribunodejujuy.com,Amra Jujuy advirtió sobre la precarización laboral
2026-06-23,2026-W26,provincial,EL TRIBUNO,Jujuy,NOA,San Salvador de Jujuy,https://www.eltribunodejujuy.com,Trabajo cooperativo permitió finalizar viviendas de Los Alisos
2026-06-23,2026-W26,provincial,EL TRIBUNO,Jujuy,NOA,San Salvador de Jujuy,https://www.eltribunodejujuy.com,Onda Estudiantil 2026
2026-06-23,2026-W26,provincial,EL TRIBUNO,Jujuy,NOA,San Salvador de Jujuy,https://www.eltribunodejujuy.com,Elección embajadora y paje 10
2026-06-23,2026-W26,provincial,EL TRIBUNO,Jujuy,NOA,San Salvador de Jujuy,https://www.eltribunodejujuy.com,Tres colegios tienen representantes
2026-06-23,2026-W26,provincial,EL TRIBUNO,Jujuy,NOA,San Salvador de Jujuy,https://www.eltribunodejujuy.com,Los Marineros coronaron a Selene Juárez como su representante 2026
2026-06-23,2026-W26,provincial,EL TRIBUNO,Jujuy,NOA,San Salvador de Jujuy,https://www.eltribunodejujuy.com,"Lola Etchecopar, flamante representante del Colegio del Salvador"
2026-06-23,2026-W26,provincial,EL TRIBUNO,Jujuy,NOA,San Salvador de Jujuy,https://www.eltribunodejujuy.com,El IPSEL ya tiene a su representante 2026
2026-06-23,2026-W26,provincial,EL TRIBUNO,Jujuy,NOA,San Salvador de Jujuy,https://www.eltribunodejujuy.com,Los mapaches ya tienen representante para la FNE 2026
2026-06-23,2026-W26,provincial,EL TRIBUNO,Jujuy,NOA,San Salvador de Jujuy,https://www.eltribunodejujuy.com,Hoy eligen 4 representantes
2026-06-23,2026-W26,provincial,EL TRIBUNO,Jujuy,NOA,San Salvador de Jujuy,https://www.eltribunodejujuy.com,Este fin de semana se suman cinco nombres para la FNE 2026
2026-06-23,2026-W26,provincial,EL TRIBUNO,Jujuy,NOA,San Salvador de Jujuy,https://www.eltribunodejujuy.com,"Luisana Cabrera es la nueva representante de ""los mineros"""
2026-06-23,2026-W26,provincial,EL TRIBUNO,Jujuy,NOA,San Salvador de Jujuy,https://www.eltribunodejujuy.com,Lo identificaron por cámaras de seguridad tras una gresca con arma blanca
2026-06-23,2026-W26,provincial,EL TRIBUNO,Jujuy,NOA,San Salvador de Jujuy,https://www.eltribunodejujuy.com,Conductor fue hospitalizado tras un grave siniestro vial
2026-06-23,2026-W26,provincial,EL TRIBUNO,Jujuy,NOA,San Salvador de Jujuy,https://www.eltribunodejujuy.com,Motociclista grave tras ser víctima de un siniestro vial
2026-06-23,2026-W26,provincial,EL TRIBUNO,Jujuy,NOA,San Salvador de Jujuy,https://www.eltribunodejujuy.com,Persecución y tres detenciones tras el robo de una motocicleta
2026-06-23,2026-W26,provincial,EL TRIBUNO,Jujuy,NOA,San Salvador de Jujuy,https://www.eltribunodejujuy.com,Recuperan motocicletas
2026-06-23,2026-W26,provincial,EL TRIBUNO,Jujuy,NOA,San Salvador de Jujuy,https://www.eltribunodejujuy.com,Culminó la primera rueda de gran manera y sueña
2026-06-23,2026-W26,provincial,LEA,Jujuy,NOA,San Salvador de Jujuy,https://www.periodicolea.com.ar,JUJUY ACTUALIDAD
2026-06-23,2026-W26,provincial,LEA,Jujuy,NOA,San Salvador de Jujuy,https://www.periodicolea.com.ar,Para atender a Jujuy y a la Región
2026-06-23,2026-W26,provincial,LEA,Jujuy,NOA,San Salvador de Jujuy,https://www.periodicolea.com.ar,DEPORTE NACIONAL
2026-06-23,2026-W26,provincial,LEA,Jujuy,NOA,San Salvador de Jujuy,https://www.periodicolea.com.ar,CULTURA & ESPECTÁCULOS
2026-06-23,2026-W26,provincial,LEA,Jujuy,NOA,San Salvador de Jujuy,https://www.periodicolea.com.ar,INTERNACIONALES
2026-06-23,2026-W26,provincial,LEA,Jujuy,NOA,San Salvador de Jujuy,https://www.periodicolea.com.ar,LEA LO MÁS VISTO
2026-06-23,2026-W26,provincial,LEA,Jujuy,NOA,San Salvador de Jujuy,https://www.periodicolea.com.ar,LEA NUESTRA PORTADA
2026-06-23,2026-W26,provincial,LEA,Jujuy,NOA,San Salvador de Jujuy,https://www.periodicolea.com.ar,Sadir acompañó la conmemoración del Día del Graduado en Ciencias Económicas
2026-06-23,2026-W26,provincial,LEA,Jujuy,NOA,San Salvador de Jujuy,https://www.periodicolea.com.ar,Alumnos del Complejo Educativo José Hernández visitaron la Legislatura
2026-06-23,2026-W26,provincial,LEA,Jujuy,NOA,San Salvador de Jujuy,https://www.periodicolea.com.ar,Jorge recibió a autoridades de Endeavor NOA para avanzar en la Experiencia 2026
2026-06-23,2026-W26,provincial,LEA,Jujuy,NOA,San Salvador de Jujuy,https://www.periodicolea.com.ar,Vecinos y autoridades del Concejo Deliberante celebraron 86° Aniversario del Barrio Belgrano
2026-06-23,2026-W26,provincial,LEA,Jujuy,NOA,San Salvador de Jujuy,https://www.periodicolea.com.ar,Reconocieron a Guadalupe Sosa por el premio obtenido en un certamen de matemática
2026-06-23,2026-W26,provincial,LEA,Jujuy,NOA,San Salvador de Jujuy,https://www.periodicolea.com.ar,Bernis en la conmemoración del Día del Graduado en Ciencias Económicas
2026-06-23,2026-W26,provincial,LEA,Jujuy,NOA,San Salvador de Jujuy,https://www.periodicolea.com.ar,Los candidatos de Mauricio Macri ganaron una interna en el PRO de Salta y hubo dardos contra Patricia Bullrich y Larreta
2026-06-23,2026-W26,provincial,LEA,Jujuy,NOA,San Salvador de Jujuy,https://www.periodicolea.com.ar,Aumento del boleto a $1.700 en Tucumán: cuándo impactará en la tarjeta SUBE
2026-06-23,2026-W26,provincial,LEA,Jujuy,NOA,San Salvador de Jujuy,https://www.periodicolea.com.ar,"Según la Iglesia, la visita del Papa León XIV a la Argentina podría incluir a Catamarca"
2026-06-23,2026-W26,provincial,LEA,Jujuy,NOA,San Salvador de Jujuy,https://www.periodicolea.com.ar,"La confianza en el Gobierno de Javier Milei subió 3,9% en junio, tras cinco meses de caídas"
2026-06-23,2026-W26,provincial,LEA,Jujuy,NOA,San Salvador de Jujuy,https://www.periodicolea.com.ar,Crisis en la construcción: se perdieron más de 80 mil empleos registrados durante el gobierno de Javier Milei
2026-06-23,2026-W26,provincial,LEA,Jujuy,NOA,San Salvador de Jujuy,https://www.periodicolea.com.ar,"Pullaro apuró a Milei: «Si Adorni fuera funcionario de Santa Fe, no estaría desde hace rato en su cargo»"
2026-06-23,2026-W26,provincial,LEA,Jujuy,NOA,San Salvador de Jujuy,https://www.periodicolea.com.ar,Carlos Melconian: «El 50% del país está hundido»
2026-06-23,2026-W26,provincial,LEA,Jujuy,NOA,San Salvador de Jujuy,https://www.periodicolea.com.ar,El 60% de los argentinos se endeudó para gastos esenciales del hogar
2026-06-23,2026-W26,provincial,LEA,Jujuy,NOA,San Salvador de Jujuy,https://www.periodicolea.com.ar,Por qué Milei es el enemigo de Milei
2026-06-23,2026-W26,provincial,LEA,Jujuy,NOA,San Salvador de Jujuy,https://www.periodicolea.com.ar,"“Este equipo emociona y terminar punteros es un premio al grupo”, destacó el DT Hernán Pellerano"
2026-06-23,2026-W26,provincial,LEA,Jujuy,NOA,San Salvador de Jujuy,https://www.periodicolea.com.ar,El Club Los Perales solicitó su licencia deportiva para volver al plano nacional
2026-06-23,2026-W26,provincial,LEA,Jujuy,NOA,San Salvador de Jujuy,https://www.periodicolea.com.ar,A. H. Zapla busca redención ante Malvinas por el último boleto del certamen federal
2026-06-23,2026-W26,provincial,LEA,Jujuy,NOA,San Salvador de Jujuy,https://www.periodicolea.com.ar,“Austria fue un rival duro; estamos contentos por haber clasificado»
2026-06-23,2026-W26,provincial,LEA,Jujuy,NOA,San Salvador de Jujuy,https://www.periodicolea.com.ar,"Con un Messi histórico, Argentina venció 2-0 a Austria y clasificó a 16avos de final"
2026-06-23,2026-W26,provincial,LEA,Jujuy,NOA,San Salvador de Jujuy,https://www.periodicolea.com.ar,Inglaterra y Ghana abren la tarde y Panamá busca el milagro ante Croacia en jornada decisiva del Grupo L
2026-06-23,2026-W26,provincial,LEA,Jujuy,NOA,San Salvador de Jujuy,https://www.periodicolea.com.ar,Cómo aprovechar la IA de Google para convertir documentos en podcast
2026-06-23,2026-W26,provincial,LEA,Jujuy,NOA,San Salvador de Jujuy,https://www.periodicolea.com.ar,Qué hacer cuando tu Google Chrome funciona de manera lenta
2026-06-23,2026-W26,provincial,LEA,Jujuy,NOA,San Salvador de Jujuy,https://www.periodicolea.com.ar,"Lanzan o1, la inteligencia artificial que «piensa» antes de responder"
2026-06-23,2026-W26,provincial,LEA,Jujuy,NOA,San Salvador de Jujuy,https://www.periodicolea.com.ar,El sentido posteo de Shakira a Leo Messi tras el triunfo de la Selección Argentina: “Sigue brillando”
2026-06-23,2026-W26,provincial,LEA,Jujuy,NOA,San Salvador de Jujuy,https://www.periodicolea.com.ar,Mural del músico sobre el local de Zivals Charly García nos mira desde arriba
2026-06-23,2026-W26,provincial,LEA,Jujuy,NOA,San Salvador de Jujuy,https://www.periodicolea.com.ar,El Tren del Vino: llega una nueva nueva experiencia del Tren Solar de la Quebrada
2026-06-23,2026-W26,provincial,LEA,Jujuy,NOA,San Salvador de Jujuy,https://www.periodicolea.com.ar,Gobierno compromete 50 mil empleos en 4 meses: Tres regiones son las más golpeadas por crisis laboral
2026-06-23,2026-W26,provincial,LEA,Jujuy,NOA,San Salvador de Jujuy,https://www.periodicolea.com.ar,Desaladora en Tocopilla ya bombea agua a la División Radomiro Tomic: nuevo hito en la minería regional
2026-06-23,2026-W26,provincial,LEA,Jujuy,NOA,San Salvador de Jujuy,https://www.periodicolea.com.ar,Diputado Jofré ofició al SAG y a la Subsecretaría de Agricultura para conocer los efectos de la mosca de la fruta en Tarapacá
2026-06-23,2026-W26,provincial,LEA,Jujuy,NOA,San Salvador de Jujuy,https://www.periodicolea.com.ar,“Los violentos se quedan solos”: Gobierno dice que el cuarto intermedio de los evistas
2026-06-23,2026-W26,provincial,LEA,Jujuy,NOA,San Salvador de Jujuy,https://www.periodicolea.com.ar,"Oviedo anuncia operativo en el Trópico y acción penal contra Evo, pero los cocaleros desafían la intervención"
2026-06-23,2026-W26,provincial,LEA,Jujuy,NOA,San Salvador de Jujuy,https://www.periodicolea.com.ar,Cívicos de Tarija piden la renuncia del vicepresidente Edmand Lara
2026-06-23,2026-W26,provincial,LEA,Jujuy,NOA,San Salvador de Jujuy,https://www.periodicolea.com.ar,Brasil investiga un cargamento de al menos 50 toneladas de cocaína ocultas en madera procedente de Bolivia
2026-06-23,2026-W26,provincial,LEA,Jujuy,NOA,San Salvador de Jujuy,https://www.periodicolea.com.ar,Keiko Fujimori espera que no se “haga caso” a denuncia de Juntos por el Perú contra canciller por ser un “acto desesperado”
2026-06-23,2026-W26,provincial,LEA,Jujuy,NOA,San Salvador de Jujuy,https://www.periodicolea.com.ar,Elecciones en Colombia: el triunfo de De la Espriella profundiza el giro a la derecha en Latinoamérica
2026-06-23,2026-W26,provincial,LEA,Jujuy,NOA,San Salvador de Jujuy,https://www.periodicolea.com.ar,China despliega una “muralla flotante” de 300 kilómetros y eleva la tensión en Asia
2026-06-23,2026-W26,provincial,LEA,Jujuy,NOA,San Salvador de Jujuy,https://www.periodicolea.com.ar,Europa en alerta por ola de calor: 18 muertos en Francia y récords de temperatura en varios países
2026-06-23,2026-W26,provincial,LEA,Jujuy,NOA,San Salvador de Jujuy,https://www.periodicolea.com.ar,Irán cita “importantes avances” tras largas conversaciones con EE.UU.
2026-06-23,2026-W26,provincial,PREGÓN,Jujuy,NOA,San Salvador de Jujuy,https://www.pregon.com.ar,"Doblete de Messi, la Selección argentina le ganó a Austria"
2026-06-23,2026-W26,provincial,PREGÓN,Jujuy,NOA,San Salvador de Jujuy,https://www.pregon.com.ar,El Tren del Vino: experiencia única entre viñedos de altura
2026-06-23,2026-W26,provincial,PREGÓN,Jujuy,NOA,San Salvador de Jujuy,https://www.pregon.com.ar,El impresionante récord que rompió Messi ante Austria
2026-06-23,2026-W26,provincial,PREGÓN,Jujuy,NOA,San Salvador de Jujuy,https://www.pregon.com.ar,Endeavor NOA llegará a Jujuy con speakers nacionales e internacionales
2026-06-23,2026-W26,provincial,PREGÓN,Jujuy,NOA,San Salvador de Jujuy,https://www.pregon.com.ar,Manu Ginóbili en Dallas para alentar a la Selección
2026-06-23,2026-W26,provincial,PREGÓN,Jujuy,NOA,San Salvador de Jujuy,https://www.pregon.com.ar,Matemáticas: alumna jujeña brilló en un concurso nacional
2026-06-23,2026-W26,provincial,PREGÓN,Jujuy,NOA,San Salvador de Jujuy,https://www.pregon.com.ar,Atlético San Pedro se quedó con el clásico ante Tiro y pasó de ronda
2026-06-23,2026-W26,provincial,PREGÓN,Jujuy,NOA,San Salvador de Jujuy,https://www.pregon.com.ar,Puerto Madryn le respondió a Leonel Messi desde la Patagonia
2026-06-23,2026-W26,provincial,PREGÓN,Jujuy,NOA,San Salvador de Jujuy,https://www.pregon.com.ar,Jorge coronó a la nueva representante de la Escuela Municipal Marina Vilte
2026-06-23,2026-W26,provincial,PREGÓN,Jujuy,NOA,San Salvador de Jujuy,https://www.pregon.com.ar,Promueven un lenguaje respetuoso e inclusivo hacia las personas mayores
2026-06-23,2026-W26,provincial,PREGÓN,Jujuy,NOA,San Salvador de Jujuy,https://www.pregon.com.ar,Tilcara se prepara para recibir una nueva fecha del Campeonato Regional
2026-06-23,2026-W26,provincial,PREGÓN,Jujuy,NOA,San Salvador de Jujuy,https://www.pregon.com.ar,Vuelven a marchar pidiendo justicia por Rolando Vergara
2026-06-23,2026-W26,provincial,PREGÓN,Jujuy,NOA,San Salvador de Jujuy,https://www.pregon.com.ar,Su familia no cree en la hipótesis del suicidio
2026-06-23,2026-W26,provincial,PREGÓN,Jujuy,NOA,San Salvador de Jujuy,https://www.pregon.com.ar,Cuatro adolescentes atacaron a patadas a una menor
2026-06-23,2026-W26,provincial,PREGÓN,Jujuy,NOA,San Salvador de Jujuy,https://www.pregon.com.ar,Graduados en Ciencias Económicas y el desafío de actualización permanente
2026-06-23,2026-W26,provincial,PREGÓN,Jujuy,NOA,San Salvador de Jujuy,https://www.pregon.com.ar,Avanza la implementación de ley destinada a recuperar inmuebles usados por el narcotráfico
2026-06-23,2026-W26,provincial,PREGÓN,Jujuy,NOA,San Salvador de Jujuy,https://www.pregon.com.ar,La Justicia electoral designó a Federico Prieto como interventor del PJ
2026-06-23,2026-W26,provincial,PREGÓN,Jujuy,NOA,San Salvador de Jujuy,https://www.pregon.com.ar,Los Pumas tienen plantel confirmado para iniciar el Nations Championship
2026-06-23,2026-W26,provincial,PREGÓN,Jujuy,NOA,San Salvador de Jujuy,https://www.pregon.com.ar,"Con doblete de Cristiano Ronaldo, Portugal aplastó 5-0 a Uzbekistán"
2026-06-23,2026-W26,provincial,PREGÓN,Jujuy,NOA,San Salvador de Jujuy,https://www.pregon.com.ar,Cristiano Ronaldo superó tres récords en Mundiales con su doblete ante Uzbekistán
2026-06-23,2026-W26,provincial,PREGÓN,Jujuy,NOA,San Salvador de Jujuy,https://www.pregon.com.ar,“Cuti” Romero sería la única baja de la Selección para enfrentar a Jordania
2026-06-23,2026-W26,provincial,PREGÓN,Jujuy,NOA,San Salvador de Jujuy,https://www.pregon.com.ar,Mundial 2026: los posibles rivales de la Selección argentina en 16avos de final
2026-06-23,2026-W26,provincial,PREGÓN,Jujuy,NOA,San Salvador de Jujuy,https://www.pregon.com.ar,Volar a Dallas para seguir a la Selección Nacional por 500 dólares
2026-06-23,2026-W26,provincial,PREGÓN,Jujuy,NOA,San Salvador de Jujuy,https://www.pregon.com.ar,Fin de la esperanza: MSCI mantiene a la Argentina en “standalone” y no la reclasificará este año
2026-06-23,2026-W26,provincial,PREGÓN,Jujuy,NOA,San Salvador de Jujuy,https://www.pregon.com.ar,Se cancela informe de Adorni en el Senado porque los legisladores opositores solo quieren interpelarlo
2026-06-23,2026-W26,provincial,PREGÓN,Jujuy,NOA,San Salvador de Jujuy,https://www.pregon.com.ar,El Senado debate la ley de Sociedades que permite armar empresas sin control estatal y con IA
2026-06-23,2026-W26,provincial,PREGÓN,Jujuy,NOA,San Salvador de Jujuy,https://www.pregon.com.ar,Marco Rubio sobre el estrecho de Ormuz: “Ningún país puede cobrar peaje”
2026-06-23,2026-W26,provincial,PREGÓN,Jujuy,NOA,San Salvador de Jujuy,https://www.pregon.com.ar,Irán propone una “nueva arquitectura de seguridad regional”
2026-06-23,2026-W26,provincial,PREGÓN,Jujuy,NOA,San Salvador de Jujuy,https://www.pregon.com.ar,Marco Rubio en gira por el Golfo Pérsico: “Queremos escuchar las opiniones de nuestros socios”
2026-06-23,2026-W26,provincial,PREGÓN,Jujuy,NOA,San Salvador de Jujuy,https://www.pregon.com.ar,“Es especial”: Alexis Mac Allister reveló cómo fue su primer Día del Padre y generó confusión
2026-06-23,2026-W26,provincial,PREGÓN,Jujuy,NOA,San Salvador de Jujuy,https://www.pregon.com.ar,“Un pasito más…”: la Scaloneta celebró el triunfo ante Austria en redes sociales
2026-06-23,2026-W26,provincial,PREGÓN,Jujuy,NOA,San Salvador de Jujuy,https://www.pregon.com.ar,Shakira estrenará una versión en español de Dai Dai durante el partido de Colombia
2026-06-23,2026-W26,provincial,PREGÓN,Jujuy,NOA,San Salvador de Jujuy,https://www.pregon.com.ar,l Estado reducido a Vigilante
2026-06-23,2026-W26,provincial,PREGÓN,Jujuy,NOA,San Salvador de Jujuy,https://www.pregon.com.ar,¿Y dónde están los Rectores?
2026-06-23,2026-W26,provincial,PREGÓN,Jujuy,NOA,San Salvador de Jujuy,https://www.pregon.com.ar,JUJUY El Tren del Vino: experiencia única entre viñedos de altura 10:00 AM
2026-06-23,2026-W26,provincial,PREGÓN,Jujuy,NOA,San Salvador de Jujuy,https://www.pregon.com.ar,DEPORTES El impresionante récord que rompió Messi ante Austria 22-06-2026
2026-06-23,2026-W26,provincial,PREGÓN,Jujuy,NOA,San Salvador de Jujuy,https://www.pregon.com.ar,JUJUY Endeavor NOA llegará a Jujuy con speakers nacionales e internacionales 22-06-2026
2026-06-23,2026-W26,provincial,PREGÓN,Jujuy,NOA,San Salvador de Jujuy,https://www.pregon.com.ar,DEPORTES Manu Ginóbili en Dallas para alentar a la Selección 22-06-2026
2026-06-23,2026-W26,provincial,PREGÓN,Jujuy,NOA,San Salvador de Jujuy,https://www.pregon.com.ar,JUJUY Matemáticas: alumna jujeña brilló en un concurso nacional 22-06-2026
2026-06-23,2026-W26,provincial,PREGÓN,Jujuy,NOA,San Salvador de Jujuy,https://www.pregon.com.ar,DEPORTES Atlético San Pedro se quedó con el clásico ante Tiro y pasó de ronda 22-06-2026
2026-06-23,2026-W26,provincial,PREGÓN,Jujuy,NOA,San Salvador de Jujuy,https://www.pregon.com.ar,DEPORTES Puerto Madryn le respondió a Leonel Messi desde la Patagonia 6:39 PM
2026-06-23,2026-W26,provincial,PREGÓN,Jujuy,NOA,San Salvador de Jujuy,https://www.pregon.com.ar,JUJUY Jorge coronó a la nueva representante de la Escuela Municipal Marina Vilte 22-06-2026
2026-06-23,2026-W26,provincial,PREGÓN,Jujuy,NOA,San Salvador de Jujuy,https://www.pregon.com.ar,JUJUY Promueven un lenguaje respetuoso e inclusivo hacia las personas mayores 22-06-2026
2026-06-23,2026-W26,provincial,PREGÓN,Jujuy,NOA,San Salvador de Jujuy,https://www.pregon.com.ar,JUJUY Tilcara se prepara para recibir una nueva fecha del Campeonato Regional 22-06-2026
2026-06-23,2026-W26,provincial,PREGÓN,Jujuy,NOA,San Salvador de Jujuy,https://www.pregon.com.ar,POLICIAL Vuelven a marchar pidiendo justicia por Rolando Vergara 22-06-2026
2026-06-23,2026-W26,provincial,PREGÓN,Jujuy,NOA,San Salvador de Jujuy,https://www.pregon.com.ar,POLICIAL Su familia no cree en la hipótesis del suicidio 22-06-2026
2026-06-23,2026-W26,provincial,PREGÓN,Jujuy,NOA,San Salvador de Jujuy,https://www.pregon.com.ar,POLICIAL Cuatro adolescentes atacaron a patadas a una menor 22-06-2026
2026-06-23,2026-W26,provincial,PREGÓN,Jujuy,NOA,San Salvador de Jujuy,https://www.pregon.com.ar,POLITICA Graduados en Ciencias Económicas y el desafío de actualización permanente 22-06-2026
2026-06-23,2026-W26,provincial,PREGÓN,Jujuy,NOA,San Salvador de Jujuy,https://www.pregon.com.ar,POLITICA Avanza la implementación de ley destinada a recuperar inmuebles usados por el narcotráfico 22-06-2026
2026-06-23,2026-W26,provincial,PREGÓN,Jujuy,NOA,San Salvador de Jujuy,https://www.pregon.com.ar,POLITICA La Justicia electoral designó a Federico Prieto como interventor del PJ 22-06-2026
2026-06-23,2026-W26,provincial,EL INDEPENDIENTE,La Rioja,NOA,La Rioja,https://www.elindependiente.com.ar,Convocan a familiares de desaparecidos para una jornada de toma de muestras de ADN
2026-06-23,2026-W26,provincial,EL INDEPENDIENTE,La Rioja,NOA,La Rioja,https://www.elindependiente.com.ar,Los riojanos acompañaron a la Selección Argentina en el primer Fan Fest Mundialista
2026-06-23,2026-W26,provincial,EL INDEPENDIENTE,La Rioja,NOA,La Rioja,https://www.elindependiente.com.ar,El oficialismo activó su plan y prepara demostración de apoyo masiva a Adorni
2026-06-23,2026-W26,provincial,EL INDEPENDIENTE,La Rioja,NOA,La Rioja,https://www.elindependiente.com.ar,Kicillof se reunió con el embajador de la Unión Europea
2026-06-23,2026-W26,provincial,EL INDEPENDIENTE,La Rioja,NOA,La Rioja,https://www.elindependiente.com.ar,"Irán propone una ""nueva arquitectura de seguridad regional"""
2026-06-23,2026-W26,provincial,EL INDEPENDIENTE,La Rioja,NOA,La Rioja,https://www.elindependiente.com.ar,Condenaron a De Vido por irregularidades en la contratación de Odebrecht
2026-06-23,2026-W26,provincial,EL INDEPENDIENTE,La Rioja,NOA,La Rioja,https://www.elindependiente.com.ar,Portugal queda primero del Grupo K tras ganarle a Uzbekistán
2026-06-23,2026-W26,provincial,EL INDEPENDIENTE,La Rioja,NOA,La Rioja,https://www.elindependiente.com.ar,Los posibles rivales de la Selección argentina en 16avos de final
2026-06-23,2026-W26,provincial,EL INDEPENDIENTE,La Rioja,NOA,La Rioja,https://www.elindependiente.com.ar,Rodrigo De Paul y Tini Stoessel más enamorados que nunca
2026-06-23,2026-W26,provincial,EL INDEPENDIENTE,La Rioja,NOA,La Rioja,https://www.elindependiente.com.ar,Scaloni prepara una rotación en Argentina para cerrar el grupo ante Jordania
2026-06-23,2026-W26,provincial,EL INDEPENDIENTE,La Rioja,NOA,La Rioja,https://www.elindependiente.com.ar,La Rioja vivió su primer Fan Fest Mundialista para alentar a la Scaloneta
2026-06-23,2026-W26,provincial,EL INDEPENDIENTE,La Rioja,NOA,La Rioja,https://www.elindependiente.com.ar,Shakira estrenará una versión en español de Dai Dai durante el partido de Colombia
2026-06-23,2026-W26,provincial,EL INDEPENDIENTE,La Rioja,NOA,La Rioja,https://www.elindependiente.com.ar,Argelia le ganó a Jordania y se juega la clasificación con Austria
2026-06-23,2026-W26,provincial,EL INDEPENDIENTE,La Rioja,NOA,La Rioja,https://www.elindependiente.com.ar,"Argentina ya tiene día, hora y sede para los 16avos de final del Mundial"
2026-06-23,2026-W26,provincial,EL INDEPENDIENTE,La Rioja,NOA,La Rioja,https://www.elindependiente.com.ar,"La Rioja se prepara para la 11° Caminata Ecológica ""Ambientes Saludables"""
2026-06-23,2026-W26,provincial,EL INDEPENDIENTE,La Rioja,NOA,La Rioja,https://www.elindependiente.com.ar,Espert fue citado a declarar por la causa de presunto lavado de dinero
2026-06-23,2026-W26,provincial,EL INDEPENDIENTE,La Rioja,NOA,La Rioja,https://www.elindependiente.com.ar,Apartan al fiscal Lopez de una causa por presuntos apremios ilegales en Ulapes
2026-06-23,2026-W26,provincial,EL INDEPENDIENTE,La Rioja,NOA,La Rioja,https://www.elindependiente.com.ar,Presentaron el programa de la novena a San Nicolás de Bari
2026-06-23,2026-W26,provincial,EL INDEPENDIENTE,La Rioja,NOA,La Rioja,https://www.elindependiente.com.ar,Efemérides del 23 de junio: ¿Qué pasó un día como hoy?
2026-06-23,2026-W26,provincial,EL INDEPENDIENTE,La Rioja,NOA,La Rioja,https://www.elindependiente.com.ar,Anunciaron un martes soleado en Capital
2026-06-23,2026-W26,provincial,EL INDEPENDIENTE,La Rioja,NOA,La Rioja,https://www.elindependiente.com.ar,Pagos de ANSES del 23 de junio
2026-06-23,2026-W26,provincial,EL INDEPENDIENTE,La Rioja,NOA,La Rioja,https://www.elindependiente.com.ar,Convocan a donar rosales para homenajear a los mártires riojanos
2026-06-23,2026-W26,provincial,EL INDEPENDIENTE,La Rioja,NOA,La Rioja,https://www.elindependiente.com.ar,Investigadores de la UNLaR descubren beneficios del Omega 3 contra el dolor neuropático
2026-06-23,2026-W26,provincial,EL INDEPENDIENTE,La Rioja,NOA,La Rioja,https://www.elindependiente.com.ar,Alertan por el impacto de los bloqueos de carreteras sobre la democracia boliviana
2026-06-23,2026-W26,provincial,EL INDEPENDIENTE,La Rioja,NOA,La Rioja,https://www.elindependiente.com.ar,Scaloneta para todos
2026-06-23,2026-W26,provincial,EL INDEPENDIENTE,La Rioja,NOA,La Rioja,https://www.elindependiente.com.ar,Burlando explicó por qué Florencia Peña podría demandar al streaming de Nico Occhiato
2026-06-23,2026-W26,provincial,EL INDEPENDIENTE,La Rioja,NOA,La Rioja,https://www.elindependiente.com.ar,Jesica Cirio entregó su celular a la justicia
2026-06-23,2026-W26,provincial,EL INDEPENDIENTE,La Rioja,NOA,La Rioja,https://www.elindependiente.com.ar,Repatriaron los restos de Gaspi
2026-06-23,2026-W26,provincial,EL INDEPENDIENTE,La Rioja,NOA,La Rioja,https://www.elindependiente.com.ar,"Confirmaron dos allanamientos en la causa Insaurralde, Piccirillo y Cirio"
2026-06-23,2026-W26,provincial,EL INDEPENDIENTE,La Rioja,NOA,La Rioja,https://www.elindependiente.com.ar,"Benjamín Vicuña, Esteban Lamothe y su sí automático a ""Secreto en la montaña"""
2026-06-23,2026-W26,provincial,EL INDEPENDIENTE,La Rioja,NOA,La Rioja,https://www.elindependiente.com.ar,Elías y Florencia López recorrieron instituciones y acompañaron actividades en Chamical
2026-06-23,2026-W26,provincial,EL INDEPENDIENTE,La Rioja,NOA,La Rioja,https://www.elindependiente.com.ar,Se cayó la sesión de la oposición por Adorni: el operativo del oficialismo funcionó
2026-06-23,2026-W26,provincial,EL INDEPENDIENTE,La Rioja,NOA,La Rioja,https://www.elindependiente.com.ar,Quintela tomó la Promesa de Lealtad a la Bandera a estudiantes de Famatina
2026-06-23,2026-W26,provincial,EL INDEPENDIENTE,La Rioja,NOA,La Rioja,https://www.elindependiente.com.ar,La Cámara de Comercio chileciteña respaldó el regreso de Los Chachos
2026-06-23,2026-W26,provincial,EL INDEPENDIENTE,La Rioja,NOA,La Rioja,https://www.elindependiente.com.ar,La Provincia relanza el Previaje Riojano para la temporada de invierno
2026-06-23,2026-W26,provincial,EL INDEPENDIENTE,La Rioja,NOA,La Rioja,https://www.elindependiente.com.ar,Cuatro hermanas murieron al quedar atrapadas tras caer a un canal
2026-06-23,2026-W26,provincial,EL INDEPENDIENTE,La Rioja,NOA,La Rioja,https://www.elindependiente.com.ar,Bullrich no va a la reunión convocada por Adorni y se tensa la relación con los Milei
2026-06-23,2026-W26,provincial,EL INDEPENDIENTE,La Rioja,NOA,La Rioja,https://www.elindependiente.com.ar,Hantavirus: murió una mujer que se encontraba internada en Bariloche
2026-06-23,2026-W26,provincial,EL INDEPENDIENTE,La Rioja,NOA,La Rioja,https://www.elindependiente.com.ar,Motociclista herido tras perder el control de su rodado en el centro de la ciudad
2026-06-23,2026-W26,provincial,EL INDEPENDIENTE,La Rioja,NOA,La Rioja,https://www.elindependiente.com.ar,Jorge Oviedo fue condenado a prisión perpetua por el homicidio de Roque Romero
2026-06-23,2026-W26,provincial,EL INDEPENDIENTE,La Rioja,NOA,La Rioja,https://www.elindependiente.com.ar,La Policía Federal secuestró más de 75 kilos de marihuana
2026-06-23,2026-W26,provincial,EL INDEPENDIENTE,La Rioja,NOA,La Rioja,https://www.elindependiente.com.ar,Las inferiores inician el Torneo Copa de la Liga Riojana de Fútbol
2026-06-23,2026-W26,provincial,EL INDEPENDIENTE,La Rioja,NOA,La Rioja,https://www.elindependiente.com.ar,Colapinto en la Fórmula 1: Horarios del Gran Premio de Austria
2026-06-23,2026-W26,provincial,EL INDEPENDIENTE,La Rioja,NOA,La Rioja,https://www.elindependiente.com.ar,Jazmín Ortenzi vuelve a desafiar Wimbledon
2026-06-23,2026-W26,provincial,EL INDEPENDIENTE,La Rioja,NOA,La Rioja,https://www.elindependiente.com.ar,Básquet: Riojano y Riachuelo juegan el primer punto
2026-06-23,2026-W26,provincial,EL INDEPENDIENTE,La Rioja,NOA,La Rioja,https://www.elindependiente.com.ar,Delegación talibán viaja a Bruselas para reunirse con representantes de la Unión Europe
2026-06-23,2026-W26,provincial,EL INDEPENDIENTE,La Rioja,NOA,La Rioja,https://www.elindependiente.com.ar,Ola de calor trágica en Francia con al menos 40 personas ahogadas
2026-06-23,2026-W26,provincial,EL INDEPENDIENTE,La Rioja,NOA,La Rioja,https://www.elindependiente.com.ar,Bolivia: Gobierno rechaza amenazas de toma de planta hidroeléctrica en Cochabamba
2026-06-23,2026-W26,provincial,EL INDEPENDIENTE,La Rioja,NOA,La Rioja,https://www.elindependiente.com.ar,Keir Starmer anunció su dimisión como líder del Partido Laborista
2026-06-23,2026-W26,provincial,EL INDEPENDIENTE,La Rioja,NOA,La Rioja,https://www.elindependiente.com.ar,La escritora María del Carmen Llanos con amplia agenda literaria recorre el país
2026-06-23,2026-W26,provincial,NUEVA RIOJA,La Rioja,NOA,La Rioja,https://www.nuevarioja.com.ar,Quintela tomó la Promesa de Lealtad a la Bandera a estudiantes de Famatina y destacó el valor de la educación
2026-06-23,2026-W26,provincial,NUEVA RIOJA,La Rioja,NOA,La Rioja,https://www.nuevarioja.com.ar,Nación habilitó el ingreso de otro parque solar riojano al sistema eléctrico nacional
2026-06-23,2026-W26,provincial,NUEVA RIOJA,La Rioja,NOA,La Rioja,https://www.nuevarioja.com.ar,Alerta naranja por bajas temperaturas en La Rioja: Defensa Civil pidió extremar los cuidados al calefaccionar los hogares
2026-06-23,2026-W26,provincial,NUEVA RIOJA,La Rioja,NOA,La Rioja,https://www.nuevarioja.com.ar,Adorni canceló el informe de gestión que iba a dar el 2 de julio en el Senado
2026-06-23,2026-W26,provincial,NUEVA RIOJA,La Rioja,NOA,La Rioja,https://www.nuevarioja.com.ar,Lanzan créditos para profesionales y trabajadores de oficios
2026-06-23,2026-W26,provincial,NUEVA RIOJA,La Rioja,NOA,La Rioja,https://www.nuevarioja.com.ar,Dictaron la prisión perpetua por el crimen del prestamista
2026-06-23,2026-W26,provincial,NUEVA RIOJA,La Rioja,NOA,La Rioja,https://www.nuevarioja.com.ar,"Diputados: con el apoyo de bloques aliados, LLA logró frenar la sesión en la que la oposición buscaba interpelar a Adorni"
2026-06-23,2026-W26,provincial,NUEVA RIOJA,La Rioja,NOA,La Rioja,https://www.nuevarioja.com.ar,Detuvieron a un hombre por presunto intento de robo en un auto
2026-06-23,2026-W26,provincial,NUEVA RIOJA,La Rioja,NOA,La Rioja,https://www.nuevarioja.com.ar,Accidente en pleno centro dejó a un joven hospitalizado
2026-06-23,2026-W26,provincial,NUEVA RIOJA,La Rioja,NOA,La Rioja,https://www.nuevarioja.com.ar,"España, Uruguay, Cabo Verde o Arabia Saudita: quién será el rival de Argentina en 16avos"
2026-06-23,2026-W26,provincial,NUEVA RIOJA,La Rioja,NOA,La Rioja,https://www.nuevarioja.com.ar,"Con un Messi histórico, Argentina venció 2-0 a Austria y se metió a los 16avos"
2026-06-23,2026-W26,provincial,NUEVA RIOJA,La Rioja,NOA,La Rioja,https://www.nuevarioja.com.ar,Francia y Noruega en 16avos gracias a los dobletes de Mbappé y Haaland
2026-06-23,2026-W26,provincial,NUEVA RIOJA,La Rioja,NOA,La Rioja,https://www.nuevarioja.com.ar,"Scaloni: “Austria fue un rival duro; estamos contentos por haber clasificado"""
2026-06-23,2026-W26,provincial,NUEVA RIOJA,La Rioja,NOA,La Rioja,https://www.nuevarioja.com.ar,Messi superó a Klose y es el máximo goleador histórico de los Mundiales en soledad
2026-06-23,2026-W26,provincial,NUEVA RIOJA,La Rioja,NOA,La Rioja,https://www.nuevarioja.com.ar,Chade tuvo su segunda presencia en el Mundial 2026
2026-06-23,2026-W26,provincial,NUEVA RIOJA,La Rioja,NOA,La Rioja,https://www.nuevarioja.com.ar,"Qué significa el número ""1893"" que aparece en la camiseta de la selección argentina"
2026-06-23,2026-W26,provincial,NUEVA RIOJA,La Rioja,NOA,La Rioja,https://www.nuevarioja.com.ar,Nueva Rioja te invita a jugar el PRODE Oficial de la AFA a través de Albiceleste.app
2026-06-23,2026-W26,provincial,NUEVA RIOJA,La Rioja,NOA,La Rioja,https://www.nuevarioja.com.ar,Últimas noticias
2026-06-23,2026-W26,provincial,NUEVA RIOJA,La Rioja,NOA,La Rioja,https://www.nuevarioja.com.ar,Estudiantes finalizaron prácticas en el Municipio
2026-06-23,2026-W26,provincial,NUEVA RIOJA,La Rioja,NOA,La Rioja,https://www.nuevarioja.com.ar,Chilecito se prepara para una nueva celebración de la Fogata de San Juan
2026-06-23,2026-W26,provincial,NUEVA RIOJA,La Rioja,NOA,La Rioja,https://www.nuevarioja.com.ar,Vuelve el programa para el estímulo del turismo
2026-06-23,2026-W26,provincial,NUEVA RIOJA,La Rioja,NOA,La Rioja,https://www.nuevarioja.com.ar,Estudiantes preuniversitarios vivieron la experiencia UTN
2026-06-23,2026-W26,provincial,NUEVA RIOJA,La Rioja,NOA,La Rioja,https://www.nuevarioja.com.ar,Jesica Cirio le entregó su celular a la Justicia tras la difusión de los videos de los dólares: la estrategia de su abogado
2026-06-23,2026-W26,provincial,NUEVA RIOJA,La Rioja,NOA,La Rioja,https://www.nuevarioja.com.ar,"La economía creció 2,3% en el primer trimestre del año, impulsada por la minería, el agro y Vaca Muerta"
2026-06-23,2026-W26,provincial,NUEVA RIOJA,La Rioja,NOA,La Rioja,https://www.nuevarioja.com.ar,Investigan el hallazgo de un arma tirada a la vera de Ruta 141
2026-06-23,2026-W26,provincial,NUEVA RIOJA,La Rioja,NOA,La Rioja,https://www.nuevarioja.com.ar,La Provincia impulsa una planificación integral para el desarrollo de los 18 departamentos
2026-06-23,2026-W26,provincial,NUEVA RIOJA,La Rioja,NOA,La Rioja,https://www.nuevarioja.com.ar,Tenis: Ortenzi tiene rival para su debut en Wimbledon 2026
2026-06-23,2026-W26,provincial,NUEVA RIOJA,La Rioja,NOA,La Rioja,https://www.nuevarioja.com.ar,La Rioja debuta en el Nacional de Vóleibol Sub-16
2026-06-23,2026-W26,provincial,NUEVA RIOJA,La Rioja,NOA,La Rioja,https://www.nuevarioja.com.ar,"Un mes del femicidio de Agostina Vega: cómo está la causa contra Barrelier, Fassetta y Andreani"
2026-06-23,2026-W26,provincial,NUEVA RIOJA,La Rioja,NOA,La Rioja,https://www.nuevarioja.com.ar,Revelan animales extinguidos que vivieron en Vinchina
2026-06-23,2026-W26,provincial,NUEVA RIOJA,La Rioja,NOA,La Rioja,https://www.nuevarioja.com.ar,"La antropología forense y la búsqueda de la verdad, protagonistas de una jornada en La Rioja"
2026-06-23,2026-W26,provincial,NUEVA RIOJA,La Rioja,NOA,La Rioja,https://www.nuevarioja.com.ar,Detienen a un joven por un hurto en un supermercado céntrico
2026-06-23,2026-W26,provincial,NUEVA RIOJA,La Rioja,NOA,La Rioja,https://www.nuevarioja.com.ar,Un choque frente a la Municipalidad dejó a una mujer y un niño heridos
2026-06-23,2026-W26,provincial,NUEVA RIOJA,La Rioja,NOA,La Rioja,https://www.nuevarioja.com.ar,Básquetbol: Riojano y Riachuelo abren el camino de las semifinales
2026-06-23,2026-W26,provincial,NUEVA RIOJA,La Rioja,NOA,La Rioja,https://www.nuevarioja.com.ar,La Rioja podría ser uno de los destinos de la visita del Papa León a la Argentina
2026-06-23,2026-W26,provincial,NUEVA RIOJA,La Rioja,NOA,La Rioja,https://www.nuevarioja.com.ar,Preocupación en comercios riojanos por la sostenida caída de ventas
2026-06-23,2026-W26,provincial,NUEVA RIOJA,La Rioja,NOA,La Rioja,https://www.nuevarioja.com.ar,Tres siniestros viales dejaron motociclistas hospitalizados
2026-06-23,2026-W26,provincial,NUEVA RIOJA,La Rioja,NOA,La Rioja,https://www.nuevarioja.com.ar,Portugal goleó 5-0 a Uzbekistán con doblete de Cristiano Ronaldo
2026-06-23,2026-W26,provincial,NUEVA RIOJA,La Rioja,NOA,La Rioja,https://www.nuevarioja.com.ar,Los punteros del Torneo de Primera juegan el sábado
2026-06-23,2026-W26,provincial,NUEVA RIOJA,La Rioja,NOA,La Rioja,https://www.nuevarioja.com.ar,Inglaterra decepcionó en Boston: igualó sin goles con Ghana
2026-06-23,2026-W26,provincial,NUEVA RIOJA,La Rioja,NOA,La Rioja,https://www.nuevarioja.com.ar,Franco Colapinto compite en el Gran Premio de Austria de la Fórmula 1: horarios y cómo ver la carrera
2026-06-23,2026-W26,provincial,NUEVA RIOJA,La Rioja,NOA,La Rioja,https://www.nuevarioja.com.ar,Comienza la Copa de la Liga Riojana para las divisiones inferiores
2026-06-23,2026-W26,provincial,NUEVA RIOJA,La Rioja,NOA,La Rioja,https://www.nuevarioja.com.ar,Milei autorizó a tomar créditos con bancos por U$S 5.000 millones para pagar el próximo vencimiento de deuda
2026-06-23,2026-W26,provincial,NUEVA RIOJA,La Rioja,NOA,La Rioja,https://www.nuevarioja.com.ar,Diputados: LLA convocó a comisión por el caso Adorni y enfrió el pedido de interpelación
2026-06-23,2026-W26,provincial,NUEVA RIOJA,La Rioja,NOA,La Rioja,https://www.nuevarioja.com.ar,La Justicia intimó a Jésica Cirio a que entregue su celular por la causa que involucra a su ex esposo Martín Insaurralde
2026-06-23,2026-W26,provincial,NUEVA RIOJA,La Rioja,NOA,La Rioja,https://www.nuevarioja.com.ar,Milei presentará en sociedad a Ravier en la Fundación Faro
2026-06-23,2026-W26,provincial,NUEVA RIOJA,La Rioja,NOA,La Rioja,https://www.nuevarioja.com.ar,¿Quién responde por una fake news en un canal de streaming?
2026-06-23,2026-W26,provincial,NUEVA RIOJA,La Rioja,NOA,La Rioja,https://www.nuevarioja.com.ar,Criticoma y el riesgo de exposición a pantallas
2026-06-23,2026-W26,provincial,NUEVA RIOJA,La Rioja,NOA,La Rioja,https://www.nuevarioja.com.ar,"Pekín, Kiev y Ormuz: Un mundo que cambia"
2026-06-23,2026-W26,provincial,NUEVA RIOJA,La Rioja,NOA,La Rioja,https://www.nuevarioja.com.ar,Investigan apertura ilegal de compuertas de agua en Alto Carrizal
2026-06-23,2026-W26,provincial,RIOJA VIRTUAL,La Rioja,NOA,La Rioja,https://www.riojavirtual.com.ar,PREVIAJE RIOJANO. VUELVE CON BENEFICIOS Y CÓMO SE USARÁN LOS ‘CHACHOS’
2026-06-23,2026-W26,provincial,RIOJA VIRTUAL,La Rioja,NOA,La Rioja,https://www.riojavirtual.com.ar,"LA UCR RESPALDÓ RECLAMO LIMÍTROFE DE LA RIOJA CON SAN JUAN, CON OBJECIONES"
2026-06-23,2026-W26,provincial,RIOJA VIRTUAL,La Rioja,NOA,La Rioja,https://www.riojavirtual.com.ar,INVESTIGACIÓN DE LA UNLAR DEMOSTRÓ QUE EL OMEGA 3 PUEDE REGENERAR NERVIOS DAÑADOS
2026-06-23,2026-W26,provincial,RIOJA VIRTUAL,La Rioja,NOA,La Rioja,https://www.riojavirtual.com.ar,OLA POLAR. CÓMO SERÁ ESTE INVIERNO EN LA PROVINCIA
2026-06-23,2026-W26,provincial,RIOJA VIRTUAL,La Rioja,NOA,La Rioja,https://www.riojavirtual.com.ar,"«DE LA MANO DE D10S», «EL MEJOR DE LA HISTORIA» Y «EL MÁS GRANDE». LAS PORTADAS DE LOS DIARIOS DEL MUNDO RENDIDOS ANTE MESSI"
2026-06-23,2026-W26,provincial,RIOJA VIRTUAL,La Rioja,NOA,La Rioja,https://www.riojavirtual.com.ar,LA OPOSICIÓN BUSCA EL NÚMERO PARA ABRIR EL DEBATE EN DIPUTADOS E INTERPELAR A ADORNI
2026-06-23,2026-W26,provincial,RIOJA VIRTUAL,La Rioja,NOA,La Rioja,https://www.riojavirtual.com.ar,COLOMBIA GIRA A LA DERECHA. DE LA ESPRIELLA SERÁ EL NUEVO PRESIDENTE TRAS GANAR EL BALOTAJE
2026-06-23,2026-W26,provincial,RIOJA VIRTUAL,La Rioja,NOA,La Rioja,https://www.riojavirtual.com.ar,¡Cargando por favor esperar!
2026-06-23,2026-W26,provincial,EL TRIBUNO,Salta,NOA,Salta,https://www.eltribuno.com,Noticias de interés general actualizadas 24HS
2026-06-23,2026-W26,provincial,EL TRIBUNO,Salta,NOA,Salta,https://www.eltribuno.com,Fixture del Mundial 2026
2026-06-23,2026-W26,provincial,EL TRIBUNO,Salta,NOA,Salta,https://www.eltribuno.com,Barrio Convivencia: la Fiscalía pedirá estudios complementarios para esclarecer la muerte de Thiago
2026-06-23,2026-W26,provincial,EL TRIBUNO,Salta,NOA,Salta,https://www.eltribuno.com,Con ayuda salteña se cayó la sesión para interpelar a Manuel Adorni: quiénes fueron los diputados que faltaron
2026-06-23,2026-W26,provincial,EL TRIBUNO,Salta,NOA,Salta,https://www.eltribuno.com,VIDEO. Muerte de un nene de dos años: familiares denuncian que la madre estaba amparada por la asistente social
2026-06-23,2026-W26,provincial,EL TRIBUNO,Salta,NOA,Salta,https://www.eltribuno.com,Impulsan ley para bloquear celulares en las cárceles
2026-06-23,2026-W26,provincial,EL TRIBUNO,Salta,NOA,Salta,https://www.eltribuno.com,VIDEO. Atacaron a un joven a golpes y con un arma blanca en Río Piedras
2026-06-23,2026-W26,provincial,EL TRIBUNO,Salta,NOA,Salta,https://www.eltribuno.com,"Festejo Mundialista de Altura: En el Paraje El Toro, los chicos alientan a la Selección Argentina"
2026-06-23,2026-W26,provincial,EL TRIBUNO,Salta,NOA,Salta,https://www.eltribuno.com,Portugal arrolló 5-0 a Uzbekistán y consiguió su primera victoria en el Mundial 2026
2026-06-23,2026-W26,provincial,EL TRIBUNO,Salta,NOA,Salta,https://www.eltribuno.com,"Panamá vs. Croacia EN VIVO, minuto a minuto: el ganador de este partido se prende en el Grupo L"
2026-06-23,2026-W26,provincial,EL TRIBUNO,Salta,NOA,Salta,https://www.eltribuno.com,¡Inglaterra y Ghana empataron sin goles y el grupo L del Mundial quedó abierto!
2026-06-23,2026-W26,provincial,EL TRIBUNO,Salta,NOA,Salta,https://www.eltribuno.com,Patricia Bullrich canceló el informe de Manuel Adorni en el Senado y el jefe de Gabinete dijo que está dispuesto a asistir
2026-06-23,2026-W26,provincial,EL TRIBUNO,Salta,NOA,Salta,https://www.eltribuno.com,VIDEO. Conmoción en barrio Convivencia: la abuela del niño fallecido denunció que había alertado a la Justicia
2026-06-23,2026-W26,provincial,EL TRIBUNO,Salta,NOA,Salta,https://www.eltribuno.com,"Buscan intensamente a Guadalupe Ramos, una joven de 19 años desaparecida en Orán"
2026-06-23,2026-W26,provincial,EL TRIBUNO,Salta,NOA,Salta,https://www.eltribuno.com,Dolor en barrio Convivencia por la muerte de un niño de dos años: detuvieron a la madre y al padrastro
2026-06-23,2026-W26,provincial,EL TRIBUNO,Salta,NOA,Salta,https://www.eltribuno.com,"Alerta. Violento choque en avenida Bolivia, una mujer fue hospitalizada"
2026-06-23,2026-W26,provincial,EL TRIBUNO,Salta,NOA,Salta,https://www.eltribuno.com,"Clima en Salta: prevén mínimas extremas para este miércoles en el este de la provincia, enterate dónde"
2026-06-23,2026-W26,provincial,EL TRIBUNO,Salta,NOA,Salta,https://www.eltribuno.com,Condenaron a Julio De Vido a tres años de prisión por irregularidades en la contratación de Odebrecht
2026-06-23,2026-W26,provincial,EL TRIBUNO,Salta,NOA,Salta,https://www.eltribuno.com,Se cayeron Instagram y Facebook: usuarios reportaron fallas para ingresar y cargar contenido
2026-06-23,2026-W26,provincial,EL TRIBUNO,Salta,NOA,Salta,https://www.eltribuno.com,El esquí de fondo y los atletas que transformaron el sprint final en una especialidad propia
2026-06-23,2026-W26,provincial,EL TRIBUNO,Salta,NOA,Salta,https://www.eltribuno.com,Citaron a indagatoria a José Luis Espert por los 200.000 dólares que recibió de Fred Machado
2026-06-23,2026-W26,provincial,EL TRIBUNO,Salta,NOA,Salta,https://www.eltribuno.com,"Julían Alvarez rompió el silencio, dijo que se quiere ir del Atlético Madrid y desató la furia de los hinchas"
2026-06-23,2026-W26,provincial,EL TRIBUNO,Salta,NOA,Salta,https://www.eltribuno.com,VIDEO. Jesica Cirio entregó su celular y ya fijó domicilio
2026-06-23,2026-W26,provincial,EL TRIBUNO,Salta,NOA,Salta,https://www.eltribuno.com,"Universidad Kennedy: estudiar desde cualquier lugar, 100% virtual y sin horarios fijos"
2026-06-23,2026-W26,provincial,EL TRIBUNO,Salta,NOA,Salta,https://www.eltribuno.com,¡Suscribite al Club y jugá al Prode Mundial!
2026-06-23,2026-W26,provincial,EL TRIBUNO,Salta,NOA,Salta,https://www.eltribuno.com,Cómo registrarte y cargar tus pronósticos
2026-06-23,2026-W26,provincial,EL TRIBUNO,Salta,NOA,Salta,https://www.eltribuno.com,Los premios que podés ganar en el Prode
2026-06-23,2026-W26,provincial,EL TRIBUNO,Salta,NOA,Salta,https://www.eltribuno.com,Crematorio Güemes: un adiós lleno de amor y respeto para nuestras mascotas
2026-06-23,2026-W26,provincial,EL TRIBUNO,Salta,NOA,Salta,https://www.eltribuno.com,Scaloni prepara una rotación en Argentina para cerrar el grupo ante Jordania
2026-06-23,2026-W26,provincial,EL TRIBUNO,Salta,NOA,Salta,https://www.eltribuno.com,"Experiencia trekking en Cerrillos: primer destino, la gruta de San José"
2026-06-23,2026-W26,provincial,EL TRIBUNO,Salta,NOA,Salta,https://www.eltribuno.com,"En la noche más fría del año, el Hogar de Noche albergó 79 personas en situación de calle"
2026-06-23,2026-W26,provincial,EL TRIBUNO,Salta,NOA,Salta,https://www.eltribuno.com,"VIDEO. Los cerros de Metán, dejan una postal hermosa para el inicio del invierno en Salta"
2026-06-23,2026-W26,provincial,EL TRIBUNO,Salta,NOA,Salta,https://www.eltribuno.com,"Así amanecieron los cerros en Salta: con una mínima de 2º, ¿cómo será la jornada?"
2026-06-23,2026-W26,provincial,EL TRIBUNO,Salta,NOA,Salta,https://www.eltribuno.com,"Ejército de Israel, con ""libertad de acción"" en Líbano"
2026-06-23,2026-W26,provincial,EL TRIBUNO,Salta,NOA,Salta,https://www.eltribuno.com,"Trump dijo que la relación con Colombia ""será mucho mejor"""
2026-06-23,2026-W26,provincial,EL TRIBUNO,Salta,NOA,Salta,https://www.eltribuno.com,Tartagal: Más de 120 mil personas en la Serenata y una venta millonaria
2026-06-23,2026-W26,provincial,EL TRIBUNO,Salta,NOA,Salta,https://www.eltribuno.com,El Tribuno Campo
2026-06-23,2026-W26,provincial,EL TRIBUNO,Salta,NOA,Salta,https://www.eltribuno.com,Récord de exportaciones de las economías regionales argentinas
2026-06-23,2026-W26,provincial,EL TRIBUNO,Salta,NOA,Salta,https://www.eltribuno.com,Se suma una nueva herramienta para el control de malezas resistentes
2026-06-23,2026-W26,provincial,EL TRIBUNO,Salta,NOA,Salta,https://www.eltribuno.com,Aprobaron un maíz resistente a lepidópteros
2026-06-23,2026-W26,provincial,EL TRIBUNO,Salta,NOA,Salta,https://www.eltribuno.com,"""Hay una estabilización de los negocios, con tendencia a mejorar"""
2026-06-23,2026-W26,provincial,EL TRIBUNO,Salta,NOA,Salta,https://www.eltribuno.com,Más vigor frente al complejo del achaparramiento del maíz
2026-06-23,2026-W26,provincial,EL TRIBUNO,Salta,NOA,Salta,https://www.eltribuno.com,Un modelo que pone a los agricultores en el centro de la seguridad hídrica
2026-06-23,2026-W26,provincial,EL TRIBUNO,Salta,NOA,Salta,https://www.eltribuno.com,Korat: el gato azul de la buena suerte
2026-06-23,2026-W26,provincial,EL TRIBUNO,Salta,NOA,Salta,https://www.eltribuno.com,La deuda para producir más
2026-06-23,2026-W26,provincial,EL TRIBUNO,Salta,NOA,Salta,https://www.eltribuno.com,El Gran Rosario recuperó el liderazgo a nivel mundial como nodo portuario
2026-06-23,2026-W26,provincial,EL TRIBUNO,Salta,NOA,Salta,https://www.eltribuno.com,"La Rural Salteña, también contra la Feria de la Carne"
2026-06-23,2026-W26,provincial,EL TRIBUNO,Salta,NOA,Salta,https://www.eltribuno.com,Abdo Esper asumió en el directorio del Ente Regulador
2026-06-23,2026-W26,provincial,EL TRIBUNO,Salta,NOA,Salta,https://www.eltribuno.com,"Fernanda Bruno: ""Este premio que me dan en Buenos Aires es para los músicos de Salta, está lleno de ellos"""
2026-06-23,2026-W26,provincial,EL TRIBUNO,Salta,NOA,Salta,https://www.eltribuno.com,Cineclub META continúa con estrenos argentinos en la Usina Cultural
2026-06-23,2026-W26,provincial,NUEVO DIARIO,Salta,NOA,Salta,https://www.nuevodiariodesalta.com.ar,Nuevo Diario de Salta | El diario chiquito | Salta y Argentina
2026-06-23,2026-W26,provincial,NUEVO DIARIO,Salta,NOA,Salta,https://www.nuevodiariodesalta.com.ar,Evo Morales ordenó levantar los bloqueos y se normaliza el abastecimiento
2026-06-23,2026-W26,provincial,NUEVO DIARIO,Salta,NOA,Salta,https://www.nuevodiariodesalta.com.ar,Ola de calor en Europa: seis países se encuentran en alerta roja extrema
2026-06-23,2026-W26,provincial,NUEVO DIARIO,Salta,NOA,Salta,https://www.nuevodiariodesalta.com.ar,El presidente de Irán llegó a Pakistán para coordinar acuerdos
2026-06-23,2026-W26,provincial,NUEVO DIARIO,Salta,NOA,Salta,https://www.nuevodiariodesalta.com.ar,La ONU acusa a Israel por genocidio de 20.000 menores palestinos
2026-06-23,2026-W26,provincial,NUEVO DIARIO,Salta,NOA,Salta,https://www.nuevodiariodesalta.com.ar,La Fiscalía pidió penas de hasta cinco años de prisión para exjefes de la Armada por el caso ARA San Juan
2026-06-23,2026-W26,provincial,NUEVO DIARIO,Salta,NOA,Salta,https://www.nuevodiariodesalta.com.ar,Juicio por la muerte de Maradona: Luque volverá a declarar y cuestionará audios incorporados al expediente
2026-06-23,2026-W26,provincial,NUEVO DIARIO,Salta,NOA,Salta,https://www.nuevodiariodesalta.com.ar,El Gobierno busca renovar su estrategia de comunicación con un nuevo vocero para dar impulso a la gestión
2026-06-23,2026-W26,provincial,NUEVO DIARIO,Salta,NOA,Salta,https://www.nuevodiariodesalta.com.ar,Todo listo para la carrera de ciclismo Serranías de Metán XCM
2026-06-23,2026-W26,provincial,NUEVO DIARIO,Salta,NOA,Salta,https://www.nuevodiariodesalta.com.ar,Continúan los relevamientos y tareas preventivas en las zonas afectadas por incendios en Cafayate
2026-06-23,2026-W26,provincial,NUEVO DIARIO,Salta,NOA,Salta,https://www.nuevodiariodesalta.com.ar,Fiscalía investiga la muerte de un policía en Villa María Esther
2026-06-23,2026-W26,provincial,NUEVO DIARIO,Salta,NOA,Salta,https://www.nuevodiariodesalta.com.ar,San José de los Cerrillos denunció daños en señalización vial por actos de vandalismo
2026-06-23,2026-W26,provincial,NUEVO DIARIO,Salta,NOA,Salta,https://www.nuevodiariodesalta.com.ar,Desocupación en Argentina: Cuáles son las ciudades con más personas sin trabajo
2026-06-23,2026-W26,provincial,NUEVO DIARIO,Salta,NOA,Salta,https://www.nuevodiariodesalta.com.ar,Messi brilló; Argentina clasificó a los 16 avos y ya es el máximo goleador de los mundiales
2026-06-23,2026-W26,provincial,NUEVO DIARIO,Salta,NOA,Salta,https://www.nuevodiariodesalta.com.ar,"Messi, con sus dos goles ante Austria, ya es el máximo goleador histórico de los Mundiales"
2026-06-23,2026-W26,provincial,NUEVO DIARIO,Salta,NOA,Salta,https://www.nuevodiariodesalta.com.ar,"En choque de vencedores, Inglaterra y Ghana por el pase a los 16avos"
2026-06-23,2026-W26,provincial,NUEVO DIARIO,Salta,NOA,Salta,https://www.nuevodiariodesalta.com.ar,Acampe y vigilia para comprar entradas para Tini
2026-06-23,2026-W26,provincial,NUEVO DIARIO,Salta,NOA,Salta,https://www.nuevodiariodesalta.com.ar,El Senado salteño homenajeó a las Voces de Oran por sus 50 años
2026-06-23,2026-W26,provincial,NUEVO DIARIO,Salta,NOA,Salta,https://www.nuevodiariodesalta.com.ar,Accidente Hinchas de Central
2026-06-23,2026-W26,provincial,NUEVO DIARIO,Salta,NOA,Salta,https://www.nuevodiariodesalta.com.ar,Nuevo Diario de Salta festejó sus 20 años en familia.
2026-06-23,2026-W26,provincial,NUEVO DIARIO,Salta,NOA,Salta,https://www.nuevodiariodesalta.com.ar,Incidentes en la Popular Norte de la parcialidad de Central Norte
2026-06-23,2026-W26,provincial,NUEVO DIARIO,Salta,NOA,Salta,https://www.nuevodiariodesalta.com.ar,El Pilcomayo está a punto de llevarse una casa en Santa Victoria Este
2026-06-23,2026-W26,provincial,NUEVO DIARIO,Salta,NOA,Salta,https://www.nuevodiariodesalta.com.ar,Crecida del Rio Pilcomayo en Santa Victoria Este
2026-06-23,2026-W26,provincial,NUEVO DIARIO,Salta,NOA,Salta,https://www.nuevodiariodesalta.com.ar,"Así agredían al periodista de Pichanal, Gustavo Mendieta"
2026-06-23,2026-W26,provincial,NUEVO DIARIO,Salta,NOA,Salta,https://www.nuevodiariodesalta.com.ar,Interés general
2026-06-23,2026-W26,provincial,NUEVO DIARIO,Salta,NOA,Salta,https://www.nuevodiariodesalta.com.ar,Últimas noticias
2026-06-23,2026-W26,provincial,NUEVO DIARIO,Salta,NOA,Salta,https://www.nuevodiariodesalta.com.ar,Deporte Ver más
2026-06-23,2026-W26,provincial,NUEVO DIARIO,Salta,NOA,Salta,https://www.nuevodiariodesalta.com.ar,Interés general Ver más
2026-06-23,2026-W26,provincial,NUEVO DIARIO,Salta,NOA,Salta,https://www.nuevodiariodesalta.com.ar,Denuncian malversación en la Asociación de Jubilados de Salta por $ 7.000 millones
2026-06-23,2026-W26,provincial,NUEVO DIARIO,Salta,NOA,Salta,https://www.nuevodiariodesalta.com.ar,El PJ entra en elecciones para elegir su nueva presidencia y buscan desafiar a Máximo Kirchner
2026-06-23,2026-W26,provincial,NUEVO DIARIO,Salta,NOA,Salta,https://www.nuevodiariodesalta.com.ar,"En Salta, nueve farmacias se sumaron a la vacunación con turno previos"
2026-06-23,2026-W26,provincial,NUEVO DIARIO,Salta,NOA,Salta,https://www.nuevodiariodesalta.com.ar,Ni el Día de las Madres pudo detener la caída de las ventas en los comercios
2026-06-23,2026-W26,provincial,NUEVO DIARIO,Salta,NOA,Salta,https://www.nuevodiariodesalta.com.ar,"Baliño y el VAR, ejes de un bochorno mayúsculo"
2026-06-23,2026-W26,provincial,NUEVO DIARIO,Salta,NOA,Salta,https://www.nuevodiariodesalta.com.ar,Multimedia 1 / 8 Videos
2026-06-23,2026-W26,provincial,NUEVO DIARIO,Salta,NOA,Salta,https://www.nuevodiariodesalta.com.ar,Horario de atención
2026-06-23,2026-W26,provincial,NUEVO DIARIO,Salta,NOA,Salta,https://www.nuevodiariodesalta.com.ar,Más noticias Salta País Mundo Deporte Interés general Licitaciones Obituario Clasificados
2026-06-23,2026-W26,provincial,NUEVO DIARIO,Salta,NOA,Salta,https://www.nuevodiariodesalta.com.ar,Salta País Mundo Deporte Interés general Licitaciones Obituario Clasificados
2026-06-23,2026-W26,provincial,EL LIBERAL,Santiago del Estero,NOA,Santiago del Estero,https://www.elliberal.com.ar,El Liberal - Diario de Santiago del Estero
2026-06-23,2026-W26,provincial,EL LIBERAL,Santiago del Estero,NOA,Santiago del Estero,https://www.elliberal.com.ar,Milei celebró el crecimiento económico tras el informe del INDEC
2026-06-23,2026-W26,provincial,EL LIBERAL,Santiago del Estero,NOA,Santiago del Estero,https://www.elliberal.com.ar,EN VIVO: Croacia logra romper el cero y vence a Panamá
2026-06-23,2026-W26,provincial,EL LIBERAL,Santiago del Estero,NOA,Santiago del Estero,https://www.elliberal.com.ar,SEGUI NUESTRAS REDES
2026-06-23,2026-W26,provincial,EL LIBERAL,Santiago del Estero,NOA,Santiago del Estero,https://www.elliberal.com.ar,"Argentina en 16avos: día, hora y sede confirmada para el próximo desafío del Mundial 2026"
2026-06-23,2026-W26,provincial,EL LIBERAL,Santiago del Estero,NOA,Santiago del Estero,https://www.elliberal.com.ar,Hallan sin vida a una mujer en una zona montuosa del sur de la Capital
2026-06-23,2026-W26,provincial,EL LIBERAL,Santiago del Estero,NOA,Santiago del Estero,https://www.elliberal.com.ar,Terror en Las Termas: dos hermanos fueron atacados a tiros a raíz de un supuesto ajuste de cuentas
2026-06-23,2026-W26,provincial,EL LIBERAL,Santiago del Estero,NOA,Santiago del Estero,https://www.elliberal.com.ar,Acusan a kinesióloga de agredir a una bebé durante una sesión
2026-06-23,2026-W26,provincial,EL LIBERAL,Santiago del Estero,NOA,Santiago del Estero,https://www.elliberal.com.ar,Viví el camino al Mundial 2026 con EL LIBERAL y sus fichas digitales gratuitas
2026-06-23,2026-W26,provincial,EL LIBERAL,Santiago del Estero,NOA,Santiago del Estero,https://www.elliberal.com.ar,Cristian Mazzón vuelve a las Inferiores y Mitre busca un nuevo DT
2026-06-23,2026-W26,provincial,EL LIBERAL,Santiago del Estero,NOA,Santiago del Estero,https://www.elliberal.com.ar,Denuncia por violencia de género en El Bobadal: un adolescente fue demorado
2026-06-23,2026-W26,provincial,EL LIBERAL,Santiago del Estero,NOA,Santiago del Estero,https://www.elliberal.com.ar,Boca consultó por Rulli y analiza opciones para reforzar el arco
2026-06-23,2026-W26,provincial,EL LIBERAL,Santiago del Estero,NOA,Santiago del Estero,https://www.elliberal.com.ar,Barrio Mosconi: Choque entre dos motos dejó una mujer herida
2026-06-23,2026-W26,provincial,EL LIBERAL,Santiago del Estero,NOA,Santiago del Estero,https://www.elliberal.com.ar,"La UIA analizó el impacto del ""Súper RIGI"" en el desarrollo productivo"
2026-06-23,2026-W26,provincial,EL LIBERAL,Santiago del Estero,NOA,Santiago del Estero,https://www.elliberal.com.ar,Javier Milei recibió en Olivos al economista David Friedman antes de un evento libertario
2026-06-23,2026-W26,provincial,EL LIBERAL,Santiago del Estero,NOA,Santiago del Estero,https://www.elliberal.com.ar,Horror en La Banda: halló a su novia teniendo sexo con su amigo y ella asegura que fue abusada
2026-06-23,2026-W26,provincial,EL LIBERAL,Santiago del Estero,NOA,Santiago del Estero,https://www.elliberal.com.ar,"Tragedia del móvil policial: Jonathan Giménez declaró que ""convulsioné y no me acuerdo nada más"""
2026-06-23,2026-W26,provincial,EL LIBERAL,Santiago del Estero,NOA,Santiago del Estero,https://www.elliberal.com.ar,"La joven, que habría sido abusada por el amigo de su novio, se negó a denunciarlo"
2026-06-23,2026-W26,provincial,EL LIBERAL,Santiago del Estero,NOA,Santiago del Estero,https://www.elliberal.com.ar,"""Giménez estaba rígido, desorbitado, con los ojos perdidos"""
2026-06-23,2026-W26,provincial,EL LIBERAL,Santiago del Estero,NOA,Santiago del Estero,https://www.elliberal.com.ar,De autoinmunes a colesterol alto: enfermedades que se pueden identificar en una revisión ocular
2026-06-23,2026-W26,provincial,EL LIBERAL,Santiago del Estero,NOA,Santiago del Estero,https://www.elliberal.com.ar,"Día del Padre: Manolo Herrera y el legado eterno de Elpidio, el creador de la sachaguitarra"
2026-06-23,2026-W26,provincial,EL LIBERAL,Santiago del Estero,NOA,Santiago del Estero,https://www.elliberal.com.ar,Se puede perder peso y mantener un buen estado de salud; sólo hay que evitar errores
2026-06-23,2026-W26,provincial,EL LIBERAL,Santiago del Estero,NOA,Santiago del Estero,https://www.elliberal.com.ar,La presencia del padre influye en forma directa en el crecimiento físico y emocional de los hijos
2026-06-23,2026-W26,provincial,EL LIBERAL,Santiago del Estero,NOA,Santiago del Estero,https://www.elliberal.com.ar,Crónica de los nombres que no van
2026-06-23,2026-W26,provincial,EL LIBERAL,Santiago del Estero,NOA,Santiago del Estero,https://www.elliberal.com.ar,Inglaterra y Ghana quedaron a mano y lideran el Grupo L
2026-06-23,2026-W26,provincial,EL LIBERAL,Santiago del Estero,NOA,Santiago del Estero,https://www.elliberal.com.ar,Atrapan in fraganti a un delincuente mientras robaba en una vivienda de La Banda
2026-06-23,2026-W26,provincial,EL LIBERAL,Santiago del Estero,NOA,Santiago del Estero,https://www.elliberal.com.ar,Sorpresiva baja: Adorni no irá al Senado a presentar su informe de gestión
2026-06-23,2026-W26,provincial,EL LIBERAL,Santiago del Estero,NOA,Santiago del Estero,https://www.elliberal.com.ar,Irán y Estados Unidos mantienen desacuerdos pese al inicio de la evacuación en Ormuz
2026-06-23,2026-W26,provincial,EL LIBERAL,Santiago del Estero,NOA,Santiago del Estero,https://www.elliberal.com.ar,El INDEC confirmó una mejora salarial por encima de la inflación mensual
2026-06-23,2026-W26,provincial,EL LIBERAL,Santiago del Estero,NOA,Santiago del Estero,https://www.elliberal.com.ar,Se incendió un tractor mientras trabajaba a la vera de la Ruta 116
2026-06-23,2026-W26,provincial,EL LIBERAL,Santiago del Estero,NOA,Santiago del Estero,https://www.elliberal.com.ar,Kicillof se reunió con el embajador de la Unión Europea y representantes diplomáticos de países del bloque regional
2026-06-23,2026-W26,provincial,EL LIBERAL,Santiago del Estero,NOA,Santiago del Estero,https://www.elliberal.com.ar,"El defensor del Pueblo de la Capital, Luis Ger, emitió una resolución por el cobro de plus a afiliados de obras sociales"
2026-06-23,2026-W26,provincial,EL LIBERAL,Santiago del Estero,NOA,Santiago del Estero,https://www.elliberal.com.ar,Millonario robo en pleno centro: se llevaron $10 millones de una camioneta estacionada
2026-06-23,2026-W26,provincial,EL LIBERAL,Santiago del Estero,NOA,Santiago del Estero,https://www.elliberal.com.ar,Colombia va por su boleto y Portugal necesita ganar
2026-06-23,2026-W26,provincial,EL LIBERAL,Santiago del Estero,NOA,Santiago del Estero,https://www.elliberal.com.ar,El TN prepara su arribo al autódromo de Las Termas
2026-06-23,2026-W26,provincial,EL LIBERAL,Santiago del Estero,NOA,Santiago del Estero,https://www.elliberal.com.ar,Messi hizo un gran partido y fue elegido figura
2026-06-23,2026-W26,provincial,EL LIBERAL,Santiago del Estero,NOA,Santiago del Estero,https://www.elliberal.com.ar,FIFA prevé sanciones por el caso Julián Álvarez
2026-06-23,2026-W26,provincial,EL LIBERAL,Santiago del Estero,NOA,Santiago del Estero,https://www.elliberal.com.ar,Gustavo Álvarez presentó su renuncia como técnico a horas de comenzar la pretemporada
2026-06-23,2026-W26,provincial,EL LIBERAL,Santiago del Estero,NOA,Santiago del Estero,https://www.elliberal.com.ar,"Menos católicos y más evangélicos en el país, pero sobre todo se multiplican los sin religión"
2026-06-23,2026-W26,provincial,EL LIBERAL,Santiago del Estero,NOA,Santiago del Estero,https://www.elliberal.com.ar,"Todo lo que Messi hace, todo lo que Messi es"
2026-06-23,2026-W26,provincial,EL LIBERAL,Santiago del Estero,NOA,Santiago del Estero,https://www.elliberal.com.ar,Pablo Teodo Fels: El ascenso del arrestado (2da parte)
2026-06-23,2026-W26,provincial,EL LIBERAL,Santiago del Estero,NOA,Santiago del Estero,https://www.elliberal.com.ar,Javier Milei resiste la presión opositora sobre Manuel Adorni y busca evitar que el Congreso lo eche
2026-06-23,2026-W26,provincial,EL LIBERAL,Santiago del Estero,NOA,Santiago del Estero,https://www.elliberal.com.ar,El colombiano Felipe Aguilar es nuevo refuerzo de Central Córdoba
2026-06-23,2026-W26,provincial,EL LIBERAL,Santiago del Estero,NOA,Santiago del Estero,https://www.elliberal.com.ar,B° Santa Lucía: una joven encontró a su padre ahorcado en su casa
2026-06-23,2026-W26,provincial,EL LIBERAL,Santiago del Estero,NOA,Santiago del Estero,https://www.elliberal.com.ar,Cristiano Ronaldo no quiere ser menos y rompió dos récords más en el Mundial
2026-06-23,2026-W26,provincial,EL LIBERAL,Santiago del Estero,NOA,Santiago del Estero,https://www.elliberal.com.ar,Bullrich no irá a la reunión de Adorni y crece la interna en LLA
2026-06-23,2026-W26,provincial,EL LIBERAL,Santiago del Estero,NOA,Santiago del Estero,https://www.elliberal.com.ar,PolĂ­tica El gobernador Suárez inauguró obras educativas y realizó la entrega de viviendas sociales en Silípica
2026-06-23,2026-W26,provincial,EL LIBERAL,Santiago del Estero,NOA,Santiago del Estero,https://www.elliberal.com.ar,La CGT Santiago del Estero reclamó por el excesivo plus
2026-06-23,2026-W26,provincial,EL LIBERAL,Santiago del Estero,NOA,Santiago del Estero,https://www.elliberal.com.ar,"EconomĂ­a La inflación mayorista se desaceleró a 2,5% en mayo y acumuló 34,5% en 12 meses"
2026-06-23,2026-W26,provincial,EL LIBERAL,Santiago del Estero,NOA,Santiago del Estero,https://www.elliberal.com.ar,"Wall Street: ADR argentinos caen 3%, riesgo país a 435 y blue a $1500"
2026-06-23,2026-W26,provincial,NUEVO DIARIO,Santiago del Estero,NOA,Santiago del Estero,https://www.nuevodiarioweb.com.ar,Hoy en Santiago del Estero ver clima
2026-06-23,2026-W26,provincial,NUEVO DIARIO,Santiago del Estero,NOA,Santiago del Estero,https://www.nuevodiarioweb.com.ar,Un hombre falleció mientras trabajaba en una estancia de Los Juríes
2026-06-23,2026-W26,provincial,NUEVO DIARIO,Santiago del Estero,NOA,Santiago del Estero,https://www.nuevodiarioweb.com.ar,Una joven halló a su padre sin vida en el interior de su vivienda
2026-06-23,2026-W26,provincial,NUEVO DIARIO,Santiago del Estero,NOA,Santiago del Estero,https://www.nuevodiarioweb.com.ar,"Se cayeron Facebook, Instagram y WhatsApp y hay usuarios afectados en todo el mundo"
2026-06-23,2026-W26,provincial,NUEVO DIARIO,Santiago del Estero,NOA,Santiago del Estero,https://www.nuevodiarioweb.com.ar,Frío extremo en Argentina | Santiago del Estero entre las zonas afectadas por heladas
2026-06-23,2026-W26,provincial,NUEVO DIARIO,Santiago del Estero,NOA,Santiago del Estero,https://www.nuevodiarioweb.com.ar,Cristian Mazzón deja de ser el entrenador de Mitre
2026-06-23,2026-W26,provincial,NUEVO DIARIO,Santiago del Estero,NOA,Santiago del Estero,https://www.nuevodiarioweb.com.ar,Se realizó la audiencia de control de frentes y alianzas sin impugnaciones en La Banda
2026-06-23,2026-W26,provincial,NUEVO DIARIO,Santiago del Estero,NOA,Santiago del Estero,https://www.nuevodiarioweb.com.ar,Edición impresa
2026-06-23,2026-W26,provincial,NUEVO DIARIO,Santiago del Estero,NOA,Santiago del Estero,https://www.nuevodiarioweb.com.ar,Natalia Mujica se convirtió en la primera ganadora de la camiseta de la Selección argentina con El Deportivo de LV11
2026-06-23,2026-W26,provincial,NUEVO DIARIO,Santiago del Estero,NOA,Santiago del Estero,https://www.nuevodiarioweb.com.ar,Radio LV11 transmitirá en vivo la Santa Misa dominical desde el histórico santuario de Mama Antula en Villa Silípica
2026-06-23,2026-W26,provincial,NUEVO DIARIO,Santiago del Estero,NOA,Santiago del Estero,https://www.nuevodiarioweb.com.ar,La abogada Jimena Storniolo detalló las claves y requisitos esenciales del régimen de jubilación docente en la provincia
2026-06-23,2026-W26,provincial,NUEVO DIARIO,Santiago del Estero,NOA,Santiago del Estero,https://www.nuevodiarioweb.com.ar,Un estudiante fue asesinado por motochorros frente a su padre durante un intento de robo
2026-06-23,2026-W26,provincial,NUEVO DIARIO,Santiago del Estero,NOA,Santiago del Estero,https://www.nuevodiarioweb.com.ar,La intendente Fuentes participó de una conferencia sobre alerta temprana del fenómeno de El Niño
2026-06-23,2026-W26,provincial,NUEVO DIARIO,Santiago del Estero,NOA,Santiago del Estero,https://www.nuevodiarioweb.com.ar,Norma Fuentes encabezó un operativo integral en el barrio Ejército Argentino junto a Mario Benavente
2026-06-23,2026-W26,provincial,NUEVO DIARIO,Santiago del Estero,NOA,Santiago del Estero,https://www.nuevodiarioweb.com.ar,Compraron una moto a una abogada y aseguran que cinco años después sigue sin transferirse
2026-06-23,2026-W26,provincial,NUEVO DIARIO,Santiago del Estero,NOA,Santiago del Estero,https://www.nuevodiarioweb.com.ar,"Robaron a ""Lulu"" y piden ayuda urgente para que regrese con su familia"
2026-06-23,2026-W26,provincial,NUEVO DIARIO,Santiago del Estero,NOA,Santiago del Estero,https://www.nuevodiarioweb.com.ar,"La Capital lanzó “Somos el Club”, una red para fortalecer la inclusión y la vida barrial"
2026-06-23,2026-W26,provincial,NUEVO DIARIO,Santiago del Estero,NOA,Santiago del Estero,https://www.nuevodiarioweb.com.ar,"Con sentidas palabras, amigos y familiares despiden a María Silvia Bonahora"
2026-06-23,2026-W26,provincial,NUEVO DIARIO,Santiago del Estero,NOA,Santiago del Estero,https://www.nuevodiarioweb.com.ar,"Quién es Melani Bertetti, la influencer que le entregó un trofeo a Messi en el Mundial"
2026-06-23,2026-W26,provincial,NUEVO DIARIO,Santiago del Estero,NOA,Santiago del Estero,https://www.nuevodiarioweb.com.ar,Cristiano Ronaldo se enojó cuando le preguntaron por Messi en plena conferencia (Video)
2026-06-23,2026-W26,provincial,NUEVO DIARIO,Santiago del Estero,NOA,Santiago del Estero,https://www.nuevodiarioweb.com.ar,"Tras la muerte de Thiago, ahora crece la preocupación por el destino de su hermanito de 10 meses"
2026-06-23,2026-W26,provincial,NUEVO DIARIO,Santiago del Estero,NOA,Santiago del Estero,https://www.nuevodiarioweb.com.ar,Argentina se mantiene en el segundo puesto del ranking inflacionario en Latinoamérica
2026-06-23,2026-W26,provincial,NUEVO DIARIO,Santiago del Estero,NOA,Santiago del Estero,https://www.nuevodiarioweb.com.ar,Adorni suspendió su informe de gestión en el Senado en medio de la presión opositora
2026-06-23,2026-W26,provincial,NUEVO DIARIO,Santiago del Estero,NOA,Santiago del Estero,https://www.nuevodiarioweb.com.ar,"Los salarios le ganaron a la inflación en abril, según el INDEC"
2026-06-23,2026-W26,provincial,NUEVO DIARIO,Santiago del Estero,NOA,Santiago del Estero,https://www.nuevodiarioweb.com.ar,Intentó cruzar una avenida y terminó en un fuerte choque entre motocicletas
2026-06-23,2026-W26,provincial,NUEVO DIARIO,Santiago del Estero,NOA,Santiago del Estero,https://www.nuevodiarioweb.com.ar,La dejaron antes del compromiso y de la bronca se fue al Mundial (Video)
2026-06-23,2026-W26,provincial,NUEVO DIARIO,Santiago del Estero,NOA,Santiago del Estero,https://www.nuevodiarioweb.com.ar,La UIA advirtió sobre el “Súper RIGI” y pidió fortalecer a los proveedores nacionales
2026-06-23,2026-W26,provincial,NUEVO DIARIO,Santiago del Estero,NOA,Santiago del Estero,https://www.nuevodiarioweb.com.ar,Intentó impugnar una paternidad tres décadas después y la Justicia lo rechazó
2026-06-23,2026-W26,provincial,NUEVO DIARIO,Santiago del Estero,NOA,Santiago del Estero,https://www.nuevodiarioweb.com.ar,"Cumplió el aislamiento, parecía estar fuera de peligro y murió por hantavirus"
2026-06-23,2026-W26,provincial,NUEVO DIARIO,Santiago del Estero,NOA,Santiago del Estero,https://www.nuevodiarioweb.com.ar,Los Pumas presentaron su plantel para el Nations Championship con presencia santiagueña
2026-06-23,2026-W26,provincial,NUEVO DIARIO,Santiago del Estero,NOA,Santiago del Estero,https://www.nuevodiarioweb.com.ar,Portugal aplastó a Uzbekistán 5-0 con un Cristiano Ronaldo histórico y encamina su clasificación
2026-06-23,2026-W26,provincial,NUEVO DIARIO,Santiago del Estero,NOA,Santiago del Estero,https://www.nuevodiarioweb.com.ar,"Falleció María Elina Olaechea, esposa del legendario piloto Juan Gálvez"
2026-06-23,2026-W26,provincial,NUEVO DIARIO,Santiago del Estero,NOA,Santiago del Estero,https://www.nuevodiarioweb.com.ar,"Delincuentes fingieron ser policías, entraron a una casa y agredieron a dos mujeres"
2026-06-23,2026-W26,provincial,NUEVO DIARIO,Santiago del Estero,NOA,Santiago del Estero,https://www.nuevodiarioweb.com.ar,Victoria Villarruel en el centro de la polémica por una supuesta salida en horario de trabajo
2026-06-23,2026-W26,provincial,NUEVO DIARIO,Santiago del Estero,NOA,Santiago del Estero,https://www.nuevodiarioweb.com.ar,El hijo de Liam Payne será el único heredero de su fortuna millonaria
2026-06-23,2026-W26,provincial,NUEVO DIARIO,Santiago del Estero,NOA,Santiago del Estero,https://www.nuevodiarioweb.com.ar,Un estudio argentino sugiere que la vitamina A podría frenar el virus del Zika
2026-06-23,2026-W26,provincial,NUEVO DIARIO,Santiago del Estero,NOA,Santiago del Estero,https://www.nuevodiarioweb.com.ar,Una discusión entre cuñados terminó a machetazos y con dos hospitalizados
2026-06-23,2026-W26,provincial,NUEVO DIARIO,Santiago del Estero,NOA,Santiago del Estero,https://www.nuevodiarioweb.com.ar,Video | Dejó su trabajo para viajar al Mundial y ahora busca empleo.
2026-06-23,2026-W26,provincial,NUEVO DIARIO,Santiago del Estero,NOA,Santiago del Estero,https://www.nuevodiarioweb.com.ar,"Detienen a un hombre por disturbios y le incautan un arma, droga y dinero"
2026-06-23,2026-W26,provincial,NUEVO DIARIO,Santiago del Estero,NOA,Santiago del Estero,https://www.nuevodiarioweb.com.ar,Adolescente fue detenida por sustraer dinero a sus padres para donarlo a streamers
2026-06-23,2026-W26,provincial,NUEVO DIARIO,Santiago del Estero,NOA,Santiago del Estero,https://www.nuevodiarioweb.com.ar,Investigan el robo de $10 millones del interior de una camioneta en pleno centro
2026-06-23,2026-W26,provincial,NUEVO DIARIO,Santiago del Estero,NOA,Santiago del Estero,https://www.nuevodiarioweb.com.ar,"Dijo que había sido abusada y su novio atacó al presunto agresor, pero luego se negó a denunciar"
2026-06-23,2026-W26,provincial,NUEVO DIARIO,Santiago del Estero,NOA,Santiago del Estero,https://www.nuevodiarioweb.com.ar,La esposa de Anibal Lotocki generó polémica tras publicar una canción en su defensa
2026-06-23,2026-W26,provincial,NUEVO DIARIO,Santiago del Estero,NOA,Santiago del Estero,https://www.nuevodiarioweb.com.ar,¿Le cantará Santiago a Messi? La iniciativa que impulsa Rodolfo Barili
2026-06-23,2026-W26,provincial,NUEVO DIARIO,Santiago del Estero,NOA,Santiago del Estero,https://www.nuevodiarioweb.com.ar,Policías le salvaron la vida a una nena de 2 años tras una convulsión
2026-06-23,2026-W26,provincial,NUEVO DIARIO,Santiago del Estero,NOA,Santiago del Estero,https://www.nuevodiarioweb.com.ar,Una mujer se desmayó en la comisaría tras denunciar a su hijo por violencia y amenazas
2026-06-23,2026-W26,provincial,NUEVO DIARIO,Santiago del Estero,NOA,Santiago del Estero,https://www.nuevodiarioweb.com.ar,La pasión por la Selección le salió cara y terminó detenido por robar camisetas
2026-06-23,2026-W26,provincial,NUEVO DIARIO,Santiago del Estero,NOA,Santiago del Estero,https://www.nuevodiarioweb.com.ar,El emotivo testimonio de una maestra rural que recorre más de 60 kilómetros para trabajar
2026-06-23,2026-W26,provincial,NUEVO DIARIO,Santiago del Estero,NOA,Santiago del Estero,https://www.nuevodiarioweb.com.ar,"Por ver a la Selección, dejaron el asado y terminaron con la casa incendiada"
2026-06-23,2026-W26,provincial,NUEVO DIARIO,Santiago del Estero,NOA,Santiago del Estero,https://www.nuevodiarioweb.com.ar,Buscan a una adolescente de 15 años que se ausentó de una residencia
2026-06-23,2026-W26,provincial,PANORAMA,Santiago del Estero,NOA,Santiago del Estero,https://www.diariopanorama.com,Sumate a nuestra comunidad
2026-06-23,2026-W26,provincial,PANORAMA,Santiago del Estero,NOA,Santiago del Estero,https://www.diariopanorama.com,OPI NIÓN Y ACTUALIDAD
2026-06-23,2026-W26,provincial,PANORAMA,Santiago del Estero,NOA,Santiago del Estero,https://www.diariopanorama.com,LAS + LEÍDAS AHORA EN SANTIAGO DEL ESTERO
2026-06-23,2026-W26,provincial,PANORAMA,Santiago del Estero,NOA,Santiago del Estero,https://www.diariopanorama.com,SANTIAGO DEL ESTERO
2026-06-23,2026-W26,provincial,PANORAMA,Santiago del Estero,NOA,Santiago del Estero,https://www.diariopanorama.com,VENDO CASA BARRIO CABILDO - OPORTUNIDAD
2026-06-23,2026-W26,provincial,PANORAMA,Santiago del Estero,NOA,Santiago del Estero,https://www.diariopanorama.com,Alquiler dpto 1 dormitorio cerca de UNSE
2026-06-23,2026-W26,provincial,PANORAMA,Santiago del Estero,NOA,Santiago del Estero,https://www.diariopanorama.com,VENTA TERRENO ESQUINA BARRIO CABILDO. Saint Germain…
2026-06-23,2026-W26,provincial,PANORAMA,Santiago del Estero,NOA,Santiago del Estero,https://www.diariopanorama.com,Suma Inmobiliaria
2026-06-23,2026-W26,provincial,PANORAMA,Santiago del Estero,NOA,Santiago del Estero,https://www.diariopanorama.com,Volkswagen Gol Trend 2022
2026-06-23,2026-W26,provincial,PANORAMA,Santiago del Estero,NOA,Santiago del Estero,https://www.diariopanorama.com,VENDO Citroën C4 Lounge
2026-06-23,2026-W26,provincial,PANORAMA,Santiago del Estero,NOA,Santiago del Estero,https://www.diariopanorama.com,Furth Automotores S.A.
2026-06-23,2026-W26,provincial,PANORAMA,Santiago del Estero,NOA,Santiago del Estero,https://www.diariopanorama.com,EVENTOS & SALIDAS
2026-06-23,2026-W26,provincial,PANORAMA,Santiago del Estero,NOA,Santiago del Estero,https://www.diariopanorama.com,"Jorge Mukdise advirtió que será ""muy difícil"" alcanzar…"
2026-06-23,2026-W26,provincial,PANORAMA,Santiago del Estero,NOA,Santiago del Estero,https://www.diariopanorama.com,Marcelo Barbur confirmó que impulsarán una moción…
2026-06-23,2026-W26,provincial,PANORAMA,Santiago del Estero,NOA,Santiago del Estero,https://www.diariopanorama.com,Facundo Londero en Radio Panorama: “La violencia…
2026-06-23,2026-W26,provincial,PANORAMA,Santiago del Estero,NOA,Santiago del Estero,https://www.diariopanorama.com,NOT ICIAS DE LA GENTE
2026-06-23,2026-W26,provincial,PANORAMA,Santiago del Estero,NOA,Santiago del Estero,https://www.diariopanorama.com,LAS TAPAS DEL DÍA
2026-06-23,2026-W26,provincial,PANORAMA,Santiago del Estero,NOA,Santiago del Estero,https://www.diariopanorama.com,Un adolescente de 17 años fue aprehendido acusado de golpear y amenazar a su expareja
2026-06-23,2026-W26,provincial,PANORAMA,Santiago del Estero,NOA,Santiago del Estero,https://www.diariopanorama.com,Violento choque entre dos motocicletas terminó con una mujer de 42 años hospitalizada
2026-06-23,2026-W26,provincial,PANORAMA,Santiago del Estero,NOA,Santiago del Estero,https://www.diariopanorama.com,Javier Milei celebró el crecimiento del PBI tras conocerse los datos del INDEC
2026-06-23,2026-W26,provincial,PANORAMA,Santiago del Estero,NOA,Santiago del Estero,https://www.diariopanorama.com,"Con presencia santiagueña, Los Pumas confirmaron el plantel para el inicio del Nations Championship"
2026-06-23,2026-W26,provincial,PANORAMA,Santiago del Estero,NOA,Santiago del Estero,https://www.diariopanorama.com,Sorpresiva marcha atrás: Adorni no irá al Senado a presentar su informe de gestión
2026-06-23,2026-W26,provincial,PANORAMA,Santiago del Estero,NOA,Santiago del Estero,https://www.diariopanorama.com,"Cristian Mazzón no seguirá como entrenador de Mitre, que ahora busca DT"
2026-06-23,2026-W26,provincial,PANORAMA,Santiago del Estero,NOA,Santiago del Estero,https://www.diariopanorama.com,"El PBI creció 2,3% en el primer trimestre y acumuló su segundo avance consecutivo"
2026-06-23,2026-W26,provincial,PANORAMA,Santiago del Estero,NOA,Santiago del Estero,https://www.diariopanorama.com,"Se cayeron WhatsApp, Instagram y Facebook: miles de usuarios reportaron fallas este martes"
2026-06-23,2026-W26,provincial,PANORAMA,Santiago del Estero,NOA,Santiago del Estero,https://www.diariopanorama.com,Robaron $10 millones de una camioneta estacionada en pleno centro
2026-06-23,2026-W26,provincial,PANORAMA,Santiago del Estero,NOA,Santiago del Estero,https://www.diariopanorama.com,Inglaterra no pudo con Ghana y se tuvo que conformar con un empate
2026-06-23,2026-W26,provincial,PANORAMA,Santiago del Estero,NOA,Santiago del Estero,https://www.diariopanorama.com,La intendente Fuentes y el secretario Benavente coordinaron los trabajos en el barrio Ejército Argentino
2026-06-23,2026-W26,provincial,PANORAMA,Santiago del Estero,NOA,Santiago del Estero,https://www.diariopanorama.com,Una joven encontró a su padre ahorcado en su vivienda en el barrio Santa Lucía
2026-06-23,2026-W26,provincial,PANORAMA,Santiago del Estero,NOA,Santiago del Estero,https://www.diariopanorama.com,"Loreto será sede del Congreso del NOA de Hemoterapia, Inmunohematología y Medicina Transfusional 2026"
2026-06-23,2026-W26,provincial,PANORAMA,Santiago del Estero,NOA,Santiago del Estero,https://www.diariopanorama.com,Norma Fuentes anunció la puesta en marcha del programa de contención e inclusión “Somos el Club”
2026-06-23,2026-W26,provincial,PANORAMA,Santiago del Estero,NOA,Santiago del Estero,https://www.diariopanorama.com,Los Juríes: un trabajador rural murió mientras realizaba tareas de campo
2026-06-23,2026-W26,provincial,PANORAMA,Santiago del Estero,NOA,Santiago del Estero,https://www.diariopanorama.com,Sobre el conflicto universitario que no cesa
2026-06-23,2026-W26,provincial,PANORAMA,Santiago del Estero,NOA,Santiago del Estero,https://www.diariopanorama.com,"Crítica de ""Los últimos días de María Antonieta"""
2026-06-23,2026-W26,provincial,PANORAMA,Santiago del Estero,NOA,Santiago del Estero,https://www.diariopanorama.com,El diablo está en los detalles y la corrupción también
2026-06-23,2026-W26,provincial,PANORAMA,Santiago del Estero,NOA,Santiago del Estero,https://www.diariopanorama.com,Maradona y Messi: el espejo y el espejismo
2026-06-23,2026-W26,provincial,PANORAMA,Santiago del Estero,NOA,Santiago del Estero,https://www.diariopanorama.com,"Con un doblete de Cristiano Ronaldo, Portugal aplastó a Uzbekistán y festejó por primera vez en el Mundial"
2026-06-23,2026-W26,provincial,PANORAMA,Santiago del Estero,NOA,Santiago del Estero,https://www.diariopanorama.com,Barrio Mosconi: un choque entre dos motos dejó a una mujer herida tras cruzar un semáforo en rojo
2026-06-23,2026-W26,provincial,PANORAMA,Santiago del Estero,NOA,Santiago del Estero,https://www.diariopanorama.com,Se cayó la sesión para interpelar a Adorni: el oficialismo logró blindarlo con apoyo de aliados
2026-06-23,2026-W26,provincial,PANORAMA,Santiago del Estero,NOA,Santiago del Estero,https://www.diariopanorama.com,Sortean entradas para la peña solidaria de Cáritas que reunirá a destacados artistas en La Banda
2026-06-23,2026-W26,provincial,PANORAMA,Santiago del Estero,NOA,Santiago del Estero,https://www.diariopanorama.com,Murió el adolescente de 15 años que había sido atropellado en Ruta 9
2026-06-23,2026-W26,provincial,PANORAMA,Santiago del Estero,NOA,Santiago del Estero,https://www.diariopanorama.com,Cristiano Ronaldo se sacó la mufa con Portugal y rompió tres récords en el Mundial 2026
2026-06-23,2026-W26,provincial,PANORAMA,Santiago del Estero,NOA,Santiago del Estero,https://www.diariopanorama.com,Julio De Vido fue condenado a tres años de prisión condicional en la causa por la ampliación de dos gasoductos
2026-06-23,2026-W26,provincial,PANORAMA,Santiago del Estero,NOA,Santiago del Estero,https://www.diariopanorama.com,Citaron a indagatoria a José Luis Espert por lavado de dinero vinculado a Fred Machado
2026-06-23,2026-W26,provincial,PANORAMA,Santiago del Estero,NOA,Santiago del Estero,https://www.diariopanorama.com,Murió una mujer de 45 años que permanecía internada por hantavirus en Bariloche
2026-06-23,2026-W26,provincial,PANORAMA,Santiago del Estero,NOA,Santiago del Estero,https://www.diariopanorama.com,Formosa BBC venció a La Fusión y se consagró campeón de la NBA Santiagueña
2026-06-23,2026-W26,provincial,PANORAMA,Santiago del Estero,NOA,Santiago del Estero,https://www.diariopanorama.com,En vivo: Panamá y Croacia se juegan algo más que tres puntos en el Mundial 2026
2026-06-23,2026-W26,provincial,PANORAMA,Santiago del Estero,NOA,Santiago del Estero,https://www.diariopanorama.com,Didier Deschamps dejó la concentración de Francia tras la muerte de su madre
2026-06-23,2026-W26,provincial,PANORAMA,Santiago del Estero,NOA,Santiago del Estero,https://www.diariopanorama.com,Colombia busca otra victoria y la clasificación ante Congo en el Mundial 2026
2026-06-23,2026-W26,provincial,PANORAMA,Santiago del Estero,NOA,Santiago del Estero,https://www.diariopanorama.com,Colapinto en la Fórmula 1: los horarios del Gran Premio de Austria
2026-06-23,2026-W26,provincial,EL TUCUMANO,Tucumán,NOA,Tucumán,https://www.eltucumano.com,Cisneros tiene una empresa que comercializa el hipódromo y participa en el negocio de las apuestas
2026-06-23,2026-W26,provincial,EL TUCUMANO,Tucumán,NOA,Tucumán,https://www.eltucumano.com,tribuna abierta
2026-06-23,2026-W26,provincial,EL TUCUMANO,Tucumán,NOA,Tucumán,https://www.eltucumano.com,El poder de Carlos Cisneros en Tucumán y el caso Vélez
2026-06-23,2026-W26,provincial,EL TUCUMANO,Tucumán,NOA,Tucumán,https://www.eltucumano.com,Interés General
2026-06-23,2026-W26,provincial,EL TUCUMANO,Tucumán,NOA,Tucumán,https://www.eltucumano.com,"Jaldo, Saénz y Jalil les plantearon a Caputo y Santilli las demandas regionales del Norte Grande"
2026-06-23,2026-W26,provincial,EL TUCUMANO,Tucumán,NOA,Tucumán,https://www.eltucumano.com,"""Salía de cargar nafta"": revelan los detalles tan temidos de la muerte de la joven este martes en Tucumán"
2026-06-23,2026-W26,provincial,EL TUCUMANO,Tucumán,NOA,Tucumán,https://www.eltucumano.com,"""¡Llegó el primero!"": mirá cómo juega y los golazos del nuevo refuerzo de San Martín de Tucumán"
2026-06-23,2026-W26,provincial,EL TUCUMANO,Tucumán,NOA,Tucumán,https://www.eltucumano.com,Se cayó por falta de quórum la sesión para interpelar a Adorni en Diputados
2026-06-23,2026-W26,provincial,EL TUCUMANO,Tucumán,NOA,Tucumán,https://www.eltucumano.com,Atención: el Gobierno de Tucumán anunció la fecha del pago de los sueldos de junio
2026-06-23,2026-W26,provincial,EL TUCUMANO,Tucumán,NOA,Tucumán,https://www.eltucumano.com,"""En el acto"": tristísima noticia confirmada hace instantes este martes en Tucumán"
2026-06-23,2026-W26,provincial,EL TUCUMANO,Tucumán,NOA,Tucumán,https://www.eltucumano.com,El Gobierno de Tucumán confirmó que invitó a Victoria Villarruel para los festejos del 9 de Julio
2026-06-23,2026-W26,provincial,EL TUCUMANO,Tucumán,NOA,Tucumán,https://www.eltucumano.com,"Horacio Rovelli: ""Vaca Muerta bate récords pero nos cobran la nafta a precio internacional"""
2026-06-23,2026-W26,provincial,EL TUCUMANO,Tucumán,NOA,Tucumán,https://www.eltucumano.com,"La crisis golpea a las Pequeñas y Medianas Empresas: ""Si las pymes están complicadas, ¿cómo va a mejorar el salario?"""
2026-06-23,2026-W26,provincial,EL TUCUMANO,Tucumán,NOA,Tucumán,https://www.eltucumano.com,"""¡Es una mujer!"": video, Omar Nóblega estalló ante lo que vio en la Plaza Independencia"
2026-06-23,2026-W26,provincial,EL TUCUMANO,Tucumán,NOA,Tucumán,https://www.eltucumano.com,"""A nadie veo como Argentina"": Eric Ginel y las claves de un equipo que ""rompe cualquier molde"""
2026-06-23,2026-W26,provincial,EL TUCUMANO,Tucumán,NOA,Tucumán,https://www.eltucumano.com,“Era un sueño”: así recibieron a Valentina Velardez tras su regreso de Perú con medalla para Argentina
2026-06-23,2026-W26,provincial,EL TUCUMANO,Tucumán,NOA,Tucumán,https://www.eltucumano.com,"""Adiós Nonino, Libertango y más"": la música de Piazzolla llega al Virla con Tango Hora Cero Buenos Aires"""
2026-06-23,2026-W26,provincial,EL TUCUMANO,Tucumán,NOA,Tucumán,https://www.eltucumano.com,Un tucumano llevará a China una obra nacida en los tejidos de la comunidad y la memoria ancestral
2026-06-23,2026-W26,provincial,EL TUCUMANO,Tucumán,NOA,Tucumán,https://www.eltucumano.com,Bajan los casos de influenza en Tucumán e instan a aplicarse la vacuna antigripal
2026-06-23,2026-W26,provincial,EL TUCUMANO,Tucumán,NOA,Tucumán,https://www.eltucumano.com,"Encuesta: Jaldo lidera con el 46,6% la intención de voto en Tucumán y le saca 18 puntos a Lisandro Catalán"
2026-06-23,2026-W26,provincial,EL TUCUMANO,Tucumán,NOA,Tucumán,https://www.eltucumano.com,"""Estas obras son indispensables"": avanzan los trabajos de restauración de la Escuela Normal"
2026-06-23,2026-W26,provincial,EL TUCUMANO,Tucumán,NOA,Tucumán,https://www.eltucumano.com,"Jaldo destina al Siprosa $200 millones que el cisnerismo había ""encanutado"" en la Caja Popular"
2026-06-23,2026-W26,provincial,EL TUCUMANO,Tucumán,NOA,Tucumán,https://www.eltucumano.com,La IA ya está en los Tribunales de Nueva York: ¿cuándo llega a la Justicia de Tucumán?
2026-06-23,2026-W26,provincial,EL TUCUMANO,Tucumán,NOA,Tucumán,https://www.eltucumano.com,"Adorni, el Mundial y la Argentina del Crecimiento"
2026-06-23,2026-W26,provincial,EL TUCUMANO,Tucumán,NOA,Tucumán,https://www.eltucumano.com,Las bombas del 55
2026-06-23,2026-W26,provincial,EL TUCUMANO,Tucumán,NOA,Tucumán,https://www.eltucumano.com,"Adorni, el Monguito de la corrupción, y el triunfo de la boludez criolla"
2026-06-23,2026-W26,provincial,EL TUCUMANO,Tucumán,NOA,Tucumán,https://www.eltucumano.com,Juegos Evita: más de 16 mil jóvenes sueñan con representar a Tucumán a nivel nacional
2026-06-23,2026-W26,provincial,EL TUCUMANO,Tucumán,NOA,Tucumán,https://www.eltucumano.com,Mundial 2026 en vivo: estos son los partidos de este martes 23 de junio
2026-06-23,2026-W26,provincial,EL TUCUMANO,Tucumán,NOA,Tucumán,https://www.eltucumano.com,En Modo Scaloneta: los tucumanos gritaron los goles de Messi en la Plaza Independencia
2026-06-23,2026-W26,provincial,EL TUCUMANO,Tucumán,NOA,Tucumán,https://www.eltucumano.com,Video: mirá lo que le pasó a Messi en el vestuario tras el partido ante Austria
2026-06-23,2026-W26,provincial,EL TUCUMANO,Tucumán,NOA,Tucumán,https://www.eltucumano.com,¡Nos volvimos a ilusionar! Argentina le ganó 2-0 a Austria con dos goles de un Messi insaciable
2026-06-23,2026-W26,provincial,EL TUCUMANO,Tucumán,NOA,Tucumán,https://www.eltucumano.com,"Las exigencias de La Bomba Tucumana antes de tener íntimedad: ""Le quiero ver hasta la última muela”"
2026-06-23,2026-W26,provincial,EL TUCUMANO,Tucumán,NOA,Tucumán,https://www.eltucumano.com,"""5ºC de térmica"": así estará el tiempo este martes en Tucumán"
2026-06-23,2026-W26,provincial,EL TUCUMANO,Tucumán,NOA,Tucumán,https://www.eltucumano.com,El día después del Día del Padre: en Tucumán abundan los deudores alimentarios
2026-06-23,2026-W26,provincial,EL TUCUMANO,Tucumán,NOA,Tucumán,https://www.eltucumano.com,"Lacrifagia: “Escribimos con el enfoque en hacer catarsis, sacarse el enojo y la tristeza”"
2026-06-23,2026-W26,provincial,EL TUCUMANO,Tucumán,NOA,Tucumán,https://www.eltucumano.com,"""Tienen una historia en común"": Paco Urondo y El Griego viven a través de Juan Frangoulis y su librería en Tucumán"
2026-06-23,2026-W26,provincial,EL TUCUMANO,Tucumán,NOA,Tucumán,https://www.eltucumano.com,"MAFIA PARAESTATAL. Causa Vélez: exigen la indagatoria de Carlos Cisneros, Patricia Neme y Federico Petraglia por trata de personas"
2026-06-23,2026-W26,provincial,EL TUCUMANO,Tucumán,NOA,Tucumán,https://www.eltucumano.com,"MAFIA PARAESTATAL. Confirman el sobreseimiento de los exjugadores de Vélez: “Fue un daño irreversible; no hay estadio al que vaya donde no me griten ‘violador’"""
2026-06-23,2026-W26,provincial,EL TUCUMANO,Tucumán,NOA,Tucumán,https://www.eltucumano.com,"MAFIA PARAESTATAL. Jaldo destina al Siprosa $200 millones que el cisnerismo había ""encanutado"" en la Caja Popular"
2026-06-23,2026-W26,provincial,EL TUCUMANO,Tucumán,NOA,Tucumán,https://www.eltucumano.com,"MAFIA PARAESTATAL. La Justicia confirmó que la denuncia por ""violación en manada"" contra los exjugadores de Vélez fue falsa y extorsiva, dejó firme la derivación por trata y anticipan pedidos de detención contra Cisneros y sus operadores"
2026-06-23,2026-W26,provincial,EL TUCUMANO,Tucumán,NOA,Tucumán,https://www.eltucumano.com,"MAFIA PARAESTATAL. Federico Petraglia, el joven empleado bancario y testaferro de Carlos Cisneros que acumula ocho inmuebles millonarios a su nombre"
2026-06-23,2026-W26,provincial,EL TUCUMANO,Tucumán,NOA,Tucumán,https://www.eltucumano.com,ANSES confirmó el calendario de julio 2026 para jubilados y pensionados
2026-06-23,2026-W26,provincial,EL TUCUMANO,Tucumán,NOA,Tucumán,https://www.eltucumano.com,"ANSES: cuánto aumentarán las jubilaciones, la AUH y otras asignaciones en julio de 2026"
2026-06-23,2026-W26,provincial,EL TUCUMANO,Tucumán,NOA,Tucumán,https://www.eltucumano.com,Amaicha se prepara para una jornada cielo claro este martes
2026-06-23,2026-W26,provincial,EL TUCUMANO,Tucumán,NOA,Tucumán,https://www.eltucumano.com,Temperaturas entre 0°C y 10°C este martes en Tafí del Valle
2026-06-23,2026-W26,provincial,EL TUCUMANO,Tucumán,NOA,Tucumán,https://www.eltucumano.com,El Cadillal: el clima anticipa cielo claro y una máxima de 18°C
2026-06-23,2026-W26,provincial,EL TUCUMANO,Tucumán,NOA,Tucumán,https://www.eltucumano.com,"Precios imperdibles: Los Paisanitos, la forma de ahorrar en la compra del mes sin resignar calidad"
2026-06-23,2026-W26,provincial,EL TUCUMANO,Tucumán,NOA,Tucumán,https://www.eltucumano.com,¡Llega la revancha a Banda del Río Salí! Yuhmak liquida todo al costo: Motos y Hogar en 24 cuotas
2026-06-23,2026-W26,provincial,EL TUCUMANO,Tucumán,NOA,Tucumán,https://www.eltucumano.com,El Ingenio Famaillá cumple diez años impulsando el desarrollo productivo de Tucumán
2026-06-23,2026-W26,provincial,EL TUCUMANO,Tucumán,NOA,Tucumán,https://www.eltucumano.com,"De una carnicería de barrio en Tucumán a una distribuidora en expansión: Los Paisanitos, 15 años ofreciendo calidad"
2026-06-23,2026-W26,provincial,LA GACETA,Tucumán,NOA,Tucumán,https://www.lagaceta.com.ar,Adorni contradijo a Bullrich y ratificó que está dispuesto a presentarse en el Senado
2026-06-23,2026-W26,provincial,LA GACETA,Tucumán,NOA,Tucumán,https://www.lagaceta.com.ar,"Con reclamos, el Concejo Deliberante de San Miguel de Tucumán aprobó la suba en la tarifa de taxis"
2026-06-23,2026-W26,provincial,LA GACETA,Tucumán,NOA,Tucumán,https://www.lagaceta.com.ar,"A la espera de Milei, más de 2.000 policías estarán afectados a los festejos del 9 de Julio"
2026-06-23,2026-W26,provincial,LA GACETA,Tucumán,NOA,Tucumán,https://www.lagaceta.com.ar,"El ""renglón 27"" y un nuevo rechazo por el traslado de casi 18.000 toneladas de basura en Pacará Pintado"
2026-06-23,2026-W26,provincial,LA GACETA,Tucumán,NOA,Tucumán,https://www.lagaceta.com.ar,Messi va por un récord que lleva 68 años intacto y parecía imposible de romper
2026-06-23,2026-W26,provincial,LA GACETA,Tucumán,NOA,Tucumán,https://www.lagaceta.com.ar,Así fue el regreso de San Martín a las prácticas: Carabajal se sumó y la CD avanza por más refuerzos
2026-06-23,2026-W26,provincial,LA GACETA,Tucumán,NOA,Tucumán,https://www.lagaceta.com.ar,Senado: Adorni no concurrirá a brindar su informe de gestión previsto para el 2 de julio
2026-06-23,2026-W26,provincial,LA GACETA,Tucumán,NOA,Tucumán,https://www.lagaceta.com.ar,"Se cayeron Facebook, Instagram y WhatsApp: miles de usuarios reportaron fallas en los servicios de Meta"
2026-06-23,2026-W26,provincial,LA GACETA,Tucumán,NOA,Tucumán,https://www.lagaceta.com.ar,La otra familia de Messi: así fueron los cumpleaños que celebró con la selección argentina lejos de casa
2026-06-23,2026-W26,provincial,LA GACETA,Tucumán,NOA,Tucumán,https://www.lagaceta.com.ar,Murió una joven de 20 años tras un choque entre una moto y un colectivo en avenida Francisco de Aguirre
2026-06-23,2026-W26,provincial,LA GACETA,Tucumán,NOA,Tucumán,https://www.lagaceta.com.ar,Julieta Poggio eligió al jugador más fachero de la Scaloneta
2026-06-23,2026-W26,provincial,LA GACETA,Tucumán,NOA,Tucumán,https://www.lagaceta.com.ar,"Video: mirá el informe sobre Piruaj Bajo, el pueblo donde no llegan los cables de electricidad, pero sí el Mundial"
2026-06-23,2026-W26,provincial,LA GACETA,Tucumán,NOA,Tucumán,https://www.lagaceta.com.ar,Brasil no se puede relajar frente a una Escocia que dejará la vida
2026-06-23,2026-W26,provincial,LA GACETA,Tucumán,NOA,Tucumán,https://www.lagaceta.com.ar,Mundial 2026: Marruecos busca el liderato del Grupo C ante la eliminada Haití
2026-06-23,2026-W26,provincial,LA GACETA,Tucumán,NOA,Tucumán,https://www.lagaceta.com.ar,"Hoy, en ""Panorama Tucumano"": los ""Messis"" de Tucumán que trabajan por una sociedad mejor"
2026-06-23,2026-W26,provincial,LA GACETA,Tucumán,NOA,Tucumán,https://www.lagaceta.com.ar,Diario de viaje: el momento en el que Kansas City empezó a sentirse como casa
2026-06-23,2026-W26,provincial,LA GACETA,Tucumán,NOA,Tucumán,https://www.lagaceta.com.ar,“Los estadounidenses deberíamos poder divertirnos así con nuestra selección”
2026-06-23,2026-W26,provincial,LA GACETA,Tucumán,NOA,Tucumán,https://www.lagaceta.com.ar,"LA GACETA en el Mundial: del estadio al Fan Fest, la experiencia de seguir a Argentina desde adentro"
2026-06-23,2026-W26,provincial,LA GACETA,Tucumán,NOA,Tucumán,https://www.lagaceta.com.ar,"El partido contra Jordania, un duelo que puede cambiar el Mundial de la selección argentina"
2026-06-23,2026-W26,provincial,LA GACETA,Tucumán,NOA,Tucumán,https://www.lagaceta.com.ar,Es sacerdote y viajó 12 horas en colectivo para alentar a la Selección en Dallas
2026-06-23,2026-W26,provincial,LA GACETA,Tucumán,NOA,Tucumán,https://www.lagaceta.com.ar,"Piruaj Bajo: donde no llegan los cables de electricidad, sí llega el Mundial"
2026-06-23,2026-W26,provincial,LA GACETA,Tucumán,NOA,Tucumán,https://www.lagaceta.com.ar,Le paga internet al vecino para ver el Mundial y sueña con la llegada de la luz a su pueblo
2026-06-23,2026-W26,provincial,LA GACETA,Tucumán,NOA,Tucumán,https://www.lagaceta.com.ar,Entre El Manantial y San Pablo: durante décadas hubo un camino en el terreno que piden desafectar
2026-06-23,2026-W26,provincial,LA GACETA,Tucumán,NOA,Tucumán,https://www.lagaceta.com.ar,Recuerdos fotográficos: el triste fin del Monumento a la Bandera
2026-06-23,2026-W26,provincial,LA GACETA,Tucumán,NOA,Tucumán,https://www.lagaceta.com.ar,Abrió las puertas de su casa para que sus vecinos vieran Argentina-Austria en un pueblo sin electricidad
2026-06-23,2026-W26,provincial,LA GACETA,Tucumán,NOA,Tucumán,https://www.lagaceta.com.ar,La experiencia de haber vivido un Mundial a través de la radio
2026-06-23,2026-W26,provincial,LA GACETA,Tucumán,NOA,Tucumán,https://www.lagaceta.com.ar,"Quería ver Argentina-Austria, pero se quedó sin batería"
2026-06-23,2026-W26,provincial,LA GACETA,Tucumán,NOA,Tucumán,https://www.lagaceta.com.ar,Cómo es vivir el Mundial en un pueblo sin luz
2026-06-23,2026-W26,provincial,LA GACETA,Tucumán,NOA,Tucumán,https://www.lagaceta.com.ar,"Cristiano marcó dos goles, hizo historia y lideró el triunfo 5-0 de Portugal sobre Uzbekistán"
2026-06-23,2026-W26,provincial,LA GACETA,Tucumán,NOA,Tucumán,https://www.lagaceta.com.ar,"La banda tucumana que sueña con tener el próximo hit de la ""Scaloneta"""
2026-06-23,2026-W26,provincial,LA GACETA,Tucumán,NOA,Tucumán,https://www.lagaceta.com.ar,Cristiano Ronaldo hizo historia: se convirtió en el primer jugador en marcar en seis Mundiales
2026-06-23,2026-W26,provincial,LA GACETA,Tucumán,NOA,Tucumán,https://www.lagaceta.com.ar,"Mundial 2026, EN VIVO: grilla de partidos y todas las novedades"
2026-06-23,2026-W26,provincial,LA GACETA,Tucumán,NOA,Tucumán,https://www.lagaceta.com.ar,Video: el increíble festejo de los jugadores de Noruega
2026-06-23,2026-W26,provincial,LA GACETA,Tucumán,NOA,Tucumán,https://www.lagaceta.com.ar,Qué dijo Miroslav Klose sobre Lionel Messi
2026-06-23,2026-W26,provincial,LA GACETA,Tucumán,NOA,Tucumán,https://www.lagaceta.com.ar,"¿Cuándo volvemos juntos a Disney, abuelo?"
2026-06-23,2026-W26,provincial,LA GACETA,Tucumán,NOA,Tucumán,https://www.lagaceta.com.ar,GEMSA lanzó el nuevo Chevrolet Sonic en Tucumán: tasa 0% y adjudicación en cuota 3 y cuota 5
2026-06-23,2026-W26,provincial,LA GACETA,Tucumán,NOA,Tucumán,https://www.lagaceta.com.ar,Atención Tucumán y Santiago: En Sportsman llevate el regalo ideal para papá y participá por una moto 0 km
2026-06-23,2026-W26,provincial,LA GACETA,Tucumán,NOA,Tucumán,https://www.lagaceta.com.ar,"Nueva suba del dólar: el oficial tocó su valor más alto desde enero y el ""blue"" superó los $1.500"
2026-06-23,2026-W26,provincial,LA GACETA,Tucumán,NOA,Tucumán,https://www.lagaceta.com.ar,"Con apoyo del PRO y de la UCR, el oficialismo frenó la sesión para interpelar a Adorni"
2026-06-23,2026-W26,provincial,LA GACETA,Tucumán,NOA,Tucumán,https://www.lagaceta.com.ar,Jaldo se reunió con Nación para analizar las demandas de las provincias del Norte Grande
2026-06-23,2026-W26,provincial,LA GACETA,Tucumán,NOA,Tucumán,https://www.lagaceta.com.ar,"Pluriempleo: Tucumán, el segundo lugar con más trabajadores que buscan otro ingreso para llegar a fin de mes"
2026-06-23,2026-W26,provincial,LA GACETA,Tucumán,NOA,Tucumán,https://www.lagaceta.com.ar,"Cruces por el operativo ""Ciudad Seca"" en Yerba Buena y la camiseta de un ministro"
2026-06-23,2026-W26,provincial,LA GACETA,Tucumán,NOA,Tucumán,https://www.lagaceta.com.ar,Experiencia mundial: LA GACETA te invita a participar por una camiseta oficial de la Selección
2026-06-23,2026-W26,provincial,LA GACETA,Tucumán,NOA,Tucumán,https://www.lagaceta.com.ar,"Con 16 años, empezó amasando antes de ir al colegio y hoy prepara su tercer local"
2026-06-23,2026-W26,provincial,LA GACETA,Tucumán,NOA,Tucumán,https://www.lagaceta.com.ar,Ahora Instagram permite ver stories sin aparecer: qué funciones suma la versión Plus
2026-06-23,2026-W26,provincial,LA GACETA,Tucumán,NOA,Tucumán,https://www.lagaceta.com.ar,La Fundación León abrió un voluntariado para estudiantes y graduados de la UNT
2026-06-23,2026-W26,provincial,LA GACETA,Tucumán,NOA,Tucumán,https://www.lagaceta.com.ar,No piden título universitario y pagan U$S85.000: así es la nueva beca de Anthropic
2026-06-23,2026-W26,provincial,LA GACETA,Tucumán,NOA,Tucumán,https://www.lagaceta.com.ar,"Cabrera y Abdala, candidatos al Rectorado de la UNT: “Las próximas autoridades deben surgir de un proceso que genere confianza”"
2026-06-23,2026-W26,provincial,LA GACETA,Tucumán,NOA,Tucumán,https://www.lagaceta.com.ar,Francia: 40 personas murieron ahogadas mientras intentaban escapar de la ola de calor que azota Europa
2026-06-23,2026-W26,provincial,LA GACETA,Tucumán,NOA,Tucumán,https://www.lagaceta.com.ar,A quién votarían los tucumanos y cómo ven el panorama nacional según otra encuesta
2026-06-23,2026-W26,provincial,DIARIO CHACO,Chaco,NEA,Resistencia,https://www.diariochaco.com,Festejos por la Selección en Resistencia: reforzarán la seguridad en la plaza 25 de Mayo
2026-06-23,2026-W26,provincial,DIARIO CHACO,Chaco,NEA,Resistencia,https://www.diariochaco.com,Alerta amarilla por frío extremo en Chaco: la mínima llegará a 3° este miércoles
2026-06-23,2026-W26,provincial,DIARIO CHACO,Chaco,NEA,Resistencia,https://www.diariochaco.com,Adorni desmintió a Bullrich y confirmó que asistirá al Senado el 2 de julio
2026-06-23,2026-W26,provincial,DIARIO CHACO,Chaco,NEA,Resistencia,https://www.diariochaco.com,Investigan la muerte de un hombre en Pampa del Indio: una mujer quedó detenida
2026-06-23,2026-W26,provincial,DIARIO CHACO,Chaco,NEA,Resistencia,https://www.diariochaco.com,"La economía creció 2,3% en el primer trimestre del 2026, impulsada por el agro y la minería"
2026-06-23,2026-W26,provincial,DIARIO CHACO,Chaco,NEA,Resistencia,https://www.diariochaco.com,Investigan la muerte de una mujer de 65 años en pleno centro de Sáenz Peña
2026-06-23,2026-W26,provincial,DIARIO CHACO,Chaco,NEA,Resistencia,https://www.diariochaco.com,Diputados oficialistas y de la oposición anticipan que este miércoles habrá sesión
2026-06-23,2026-W26,provincial,DIARIO CHACO,Chaco,NEA,Resistencia,https://www.diariochaco.com,Entregaron nuevas viviendas en Laguna Limpia y ya superan las 2500 en toda la provincia
2026-06-23,2026-W26,provincial,DIARIO CHACO,Chaco,NEA,Resistencia,https://www.diariochaco.com,Cristiano Ronaldo se enojó con un periodista por una pregunta sobre Lionel Messi
2026-06-23,2026-W26,provincial,DIARIO CHACO,Chaco,NEA,Resistencia,https://www.diariochaco.com,"Mbappé se acercó al récord de Messi en los Mundiales y dijo: ""No me fijo en lo que hace"""
2026-06-23,2026-W26,provincial,DIARIO CHACO,Chaco,NEA,Resistencia,https://www.diariochaco.com,Inglaterra y Ghana empataron sin goles y dejaron abierta la definición del Grupo L
2026-06-23,2026-W26,provincial,DIARIO CHACO,Chaco,NEA,Resistencia,https://www.diariochaco.com,"Con un nuevo récord de Cristiano Ronaldo, Portugal goleó 5-0 a Uzbekistán"
2026-06-23,2026-W26,provincial,DIARIO CHACO,Chaco,NEA,Resistencia,https://www.diariochaco.com,"Los salarios crecieron 3,5% en abril y superaron la inflación, informó el INDEC"
2026-06-23,2026-W26,provincial,DIARIO CHACO,Chaco,NEA,Resistencia,https://www.diariochaco.com,Continúa la pavimentación de la Ruta Provincial N° 30 hasta Laguna Limpia
2026-06-23,2026-W26,provincial,DIARIO CHACO,Chaco,NEA,Resistencia,https://www.diariochaco.com,"Sáenz Peña: un operativo contra los ""wileros"" terminó con nueve motos retenidas"
2026-06-23,2026-W26,provincial,DIARIO CHACO,Chaco,NEA,Resistencia,https://www.diariochaco.com,Edición 22/06/2026
2026-06-23,2026-W26,provincial,DIARIO CHACO,Chaco,NEA,Resistencia,https://www.diariochaco.com,Condenaron a Julio De Vido y a Daniel Cameron por la causa Odebrecht
2026-06-23,2026-W26,provincial,DIARIO CHACO,Chaco,NEA,Resistencia,https://www.diariochaco.com,FESICH SITECH Castelli cuestionó presentaciones de educación con IA en Chile
2026-06-23,2026-W26,provincial,DIARIO CHACO,Chaco,NEA,Resistencia,https://www.diariochaco.com,"¿La mejor ""venganza"" mundialista contra un ex? El video que es furor en redes"
2026-06-23,2026-W26,provincial,DIARIO CHACO,Chaco,NEA,Resistencia,https://www.diariochaco.com,"Con el objetivo de salvarlo del descenso, Cravero asumió como nuevo DT de For Ever"
2026-06-23,2026-W26,provincial,DIARIO CHACO,Chaco,NEA,Resistencia,https://www.diariochaco.com,"Causa de la ""falsa medica"": la fiscalía investiga un nuevo hecho denunciado"
2026-06-23,2026-W26,provincial,DIARIO CHACO,Chaco,NEA,Resistencia,https://www.diariochaco.com,Sáenz Peña avanza con refacciones integrales en la ciudad
2026-06-23,2026-W26,provincial,DIARIO CHACO,Chaco,NEA,Resistencia,https://www.diariochaco.com,El Parador Nocturno continúa brindando asistencia en Sáenz Peña
2026-06-23,2026-W26,provincial,DIARIO CHACO,Chaco,NEA,Resistencia,https://www.diariochaco.com,Fracasó la sesión en Diputados que buscaba impulsar la interpelación de Manuel Adorni
2026-06-23,2026-W26,provincial,DIARIO CHACO,Chaco,NEA,Resistencia,https://www.diariochaco.com,"""Industrias y pymes reclaman una ley que les permita paliar la crisis"", afirmó Moser"
2026-06-23,2026-W26,provincial,DIARIO CHACO,Chaco,NEA,Resistencia,https://www.diariochaco.com,Caso Axel: la querella pidió detener e imputar a tres policías de la Comisaría de Fontana
2026-06-23,2026-W26,provincial,DIARIO CHACO,Chaco,NEA,Resistencia,https://www.diariochaco.com,Pérez Pons alertó por la suba de la desocupación y pidió debatir proyectos productivos
2026-06-23,2026-W26,provincial,DIARIO CHACO,Chaco,NEA,Resistencia,https://www.diariochaco.com,"""Mejorar Escuela"" en La Escondida: comenzaron la refacción del Jardín de Infantes N° 14"
2026-06-23,2026-W26,provincial,DIARIO CHACO,Chaco,NEA,Resistencia,https://www.diariochaco.com,Transportaba casi dos toneladas de marihuana: condenaron a un chofer paraguayo en Chaco
2026-06-23,2026-W26,provincial,DIARIO CHACO,Chaco,NEA,Resistencia,https://www.diariochaco.com,Argentina ya está en 16avos: cuáles son los posibles rivales de la Scaloneta
2026-06-23,2026-W26,provincial,DIARIO CHACO,Chaco,NEA,Resistencia,https://www.diariochaco.com,Semana clave en el juicio por Loan: se esperan las indagatorias y que comiencen los testigos
2026-06-23,2026-W26,provincial,DIARIO CHACO,Chaco,NEA,Resistencia,https://www.diariochaco.com,La abuela fan de Messi: tiene casi 100 años y sorprendió en el partido de Argentina
2026-06-23,2026-W26,provincial,DIARIO CHACO,Chaco,NEA,Resistencia,https://www.diariochaco.com,Entidad nacional de jueces cuestiona la suspensión por el Consejo de la Magistratura del camarista Lineras
2026-06-23,2026-W26,provincial,DIARIO CHACO,Chaco,NEA,Resistencia,https://www.diariochaco.com,Cientos de ciudadanos ya se acercaron a atenderse al Tren 25 de Mayo de Capital Humano
2026-06-23,2026-W26,provincial,DIARIO CHACO,Chaco,NEA,Resistencia,https://www.diariochaco.com,Jésica Cirio entregó su teléfono tras la difusión de los videos con miles de dólares
2026-06-23,2026-W26,provincial,DIARIO CHACO,Chaco,NEA,Resistencia,https://www.diariochaco.com,Presentaron una medida cautelar para frenar el avance del basural en zona norte
2026-06-23,2026-W26,provincial,DIARIO CHACO,Chaco,NEA,Resistencia,https://www.diariochaco.com,Se promulgó la modificación de la Ley de Puertos para abrir la participación público-privada
2026-06-23,2026-W26,provincial,DIARIO CHACO,Chaco,NEA,Resistencia,https://www.diariochaco.com,Citaron a indagatoria a José Luis Espert en una causa por presunto lavado de dinero
2026-06-23,2026-W26,provincial,DIARIO CHACO,Chaco,NEA,Resistencia,https://www.diariochaco.com,"Una encuesta midió fórmulas para 2027 y dejó sorpresas con Macri, Bullrich y Villarruel"
2026-06-23,2026-W26,provincial,DIARIO CHACO,Chaco,NEA,Resistencia,https://www.diariochaco.com,"Le dio trabajo y le robó la moto: ""Es mi única herramienta para vivir"", dijo el damnificado"
2026-06-23,2026-W26,provincial,DIARIO CHACO,Chaco,NEA,Resistencia,https://www.diariochaco.com,"Inscripciones abiertas para la Diplomatura en Ciberdelitos, Investigación y Evidencia Digital"
2026-06-23,2026-W26,provincial,DIARIO CHACO,Chaco,NEA,Resistencia,https://www.diariochaco.com,Avanza la obra del Segundo Acueducto y promete duplicar el caudal de agua en el interior
2026-06-23,2026-W26,provincial,DIARIO CHACO,Chaco,NEA,Resistencia,https://www.diariochaco.com,El Tren de Capital Humano funciona desde hoy en Fontana: qué trámites y servicios se podrán realizar
2026-06-23,2026-W26,provincial,DIARIO CHACO,Chaco,NEA,Resistencia,https://www.diariochaco.com,Mujer denunció que su hija de 13 años fue abusada en plena vía pública: hay un detenido
2026-06-23,2026-W26,provincial,DIARIO CHACO,Chaco,NEA,Resistencia,https://www.diariochaco.com,Chaco registró casi 400 denuncias por desaparición en 2026 y destacan la denuncia temprana
2026-06-23,2026-W26,provincial,DIARIO CHACO,Chaco,NEA,Resistencia,https://www.diariochaco.com,Buscan a un joven de 26 años en Vilelas: tenía puesta una campera blanca de la Selección Argentina
2026-06-23,2026-W26,provincial,DIARIO CHACO,Chaco,NEA,Resistencia,https://www.diariochaco.com,"Lyudmyla Mysko y la ""arquitectura invisible"" del universo en la Bienal del Chaco 2026"
2026-06-23,2026-W26,provincial,DIARIO CHACO,Chaco,NEA,Resistencia,https://www.diariochaco.com,Jornada adversa para los mercados: bajaron las acciones argentinas y subió el riesgo país
2026-06-23,2026-W26,provincial,DIARIO CHACO,Chaco,NEA,Resistencia,https://www.diariochaco.com,Detuvieron a dos nuevos sospechosos por el crimen del hombre apuñalado en Barranqueras
2026-06-23,2026-W26,provincial,DIARIO CHACO,Chaco,NEA,Resistencia,https://www.diariochaco.com,"Con un doblete de Haaland, Noruega derrotó a Senegal y aseguró su clasificación"
2026-06-23,2026-W26,provincial,LA VOZ DEL CHACO,Chaco,NEA,Resistencia,https://www.diariolavozdelchaco.com,Diario La Voz / Noticias de Chaco
2026-06-23,2026-W26,provincial,LA VOZ DEL CHACO,Chaco,NEA,Resistencia,https://www.diariolavozdelchaco.com,"Tras 50 años, el hombre vuelve a la luna en la Misión Artemis II"
2026-06-23,2026-W26,provincial,LA VOZ DEL CHACO,Chaco,NEA,Resistencia,https://www.diariolavozdelchaco.com,Pampa del Indio: detuvieron a una joven que asesinó a puñaladas a un hombre de 64 años
2026-06-23,2026-W26,provincial,LA VOZ DEL CHACO,Chaco,NEA,Resistencia,https://www.diariolavozdelchaco.com,Ya es oficial: Cravero fue presentado como DT de For Ever y dirigió su primera práctica
2026-06-23,2026-W26,provincial,LA VOZ DEL CHACO,Chaco,NEA,Resistencia,https://www.diariolavozdelchaco.com,«Nos quieren ocultar»: vendedores ambulantes harán un facturazo en pleno centro de Resistencia
2026-06-23,2026-W26,provincial,LA VOZ DEL CHACO,Chaco,NEA,Resistencia,https://www.diariolavozdelchaco.com,Capitanich: “El Congreso tiene que controlar el endeudamiento de la Argentina”
2026-06-23,2026-W26,provincial,LA VOZ DEL CHACO,Chaco,NEA,Resistencia,https://www.diariolavozdelchaco.com,Detuvieron en Sáenz Peña a un joven vinculado a un robo millonario en Colonias Unidas
2026-06-23,2026-W26,provincial,LA VOZ DEL CHACO,Chaco,NEA,Resistencia,https://www.diariolavozdelchaco.com,La disputa por la Ley de Honorarios expone una nueva tensión entre abogados y magistrados en Chaco: «Están atacando el OCLA»
2026-06-23,2026-W26,provincial,LA VOZ DEL CHACO,Chaco,NEA,Resistencia,https://www.diariolavozdelchaco.com,Miles de kilómetros y una misma pasión: Chaco dijo presente en Dallas para alentar a la Selección Argentina
2026-06-23,2026-W26,provincial,LA VOZ DEL CHACO,Chaco,NEA,Resistencia,https://www.diariolavozdelchaco.com,Villa Don Enrique: tres meses de agua cloacal y reclamos sin respuesta de Sameep ni la Municipalidad
2026-06-23,2026-W26,provincial,LA VOZ DEL CHACO,Chaco,NEA,Resistencia,https://www.diariolavozdelchaco.com,"Gobernadores del Litoral buscan fortalecer una agenda común ante la Nación, pero dejan a Formosa afuera"
2026-06-23,2026-W26,provincial,LA VOZ DEL CHACO,Chaco,NEA,Resistencia,https://www.diariolavozdelchaco.com,"Analía Flores acompañó el planteo de referentes del ECA y pidió respuestas urgentes para garantizar el cuidado de niñas, niños y adolescentes"
2026-06-23,2026-W26,provincial,LA VOZ DEL CHACO,Chaco,NEA,Resistencia,https://www.diariolavozdelchaco.com,"Fiesta de San Juan: noche de fe, música, fogatas y cruce de brasas"
2026-06-23,2026-W26,provincial,LA VOZ DEL CHACO,Chaco,NEA,Resistencia,https://www.diariolavozdelchaco.com,Caso Axel González: allanaron la Comisaría Segunda de Fontana y secuestraron móviles para pericias que ya tienen fecha
2026-06-23,2026-W26,provincial,LA VOZ DEL CHACO,Chaco,NEA,Resistencia,https://www.diariolavozdelchaco.com,Caso Axel: realizarán nuevas pericias sobre los móviles policiales secuestrados
2026-06-23,2026-W26,provincial,LA VOZ DEL CHACO,Chaco,NEA,Resistencia,https://www.diariolavozdelchaco.com,Levantaron el acampe wichí en Nueva Pompeya tras acuerdo con el Gobierno
2026-06-23,2026-W26,provincial,LA VOZ DEL CHACO,Chaco,NEA,Resistencia,https://www.diariolavozdelchaco.com,Lanzaron convocatoria a los Premios de Literatura Alfredo Veiravé y José Chudnovsky
2026-06-23,2026-W26,provincial,LA VOZ DEL CHACO,Chaco,NEA,Resistencia,https://www.diariolavozdelchaco.com,JUFEJUS cuestionó el decreto que modifica la selección de jueces y advirtió sobre un “grave retroceso institucional”
2026-06-23,2026-W26,provincial,LA VOZ DEL CHACO,Chaco,NEA,Resistencia,https://www.diariolavozdelchaco.com,Inmigración checa en la Argentina
2026-06-23,2026-W26,provincial,LA VOZ DEL CHACO,Chaco,NEA,Resistencia,https://www.diariolavozdelchaco.com,Rewilding Argentina abrió convocatorias para voluntariados en El Impenetrable
2026-06-23,2026-W26,provincial,LA VOZ DEL CHACO,Chaco,NEA,Resistencia,https://www.diariolavozdelchaco.com,Villa Ángela celebró el Día de la Bandera con la promesa de lealtad de alumnos
2026-06-23,2026-W26,provincial,LA VOZ DEL CHACO,Chaco,NEA,Resistencia,https://www.diariolavozdelchaco.com,"Gregorio Trabalón: «Queremos que se abran negocios, no que se cierren»"
2026-06-23,2026-W26,provincial,LA VOZ DEL CHACO,Chaco,NEA,Resistencia,https://www.diariolavozdelchaco.com,Encuesta nacional sacude el tablero político: en Chaco el peronismo vuelve a imponerse y preocupa a La Libertad Avanza
2026-06-23,2026-W26,provincial,LA VOZ DEL CHACO,Chaco,NEA,Resistencia,https://www.diariolavozdelchaco.com,Barranqueras: asesinaron a puñaladas a un hombre en cercanías a la fábrica de Cabalgata
2026-06-23,2026-W26,provincial,LA VOZ DEL CHACO,Chaco,NEA,Resistencia,https://www.diariolavozdelchaco.com,VIDEO| Así rescataron a Jonathan Blanco: estaba en un monte cercano al basural de Puerto Tirol
2026-06-23,2026-W26,provincial,LA VOZ DEL CHACO,Chaco,NEA,Resistencia,https://www.diariolavozdelchaco.com,Salud en crisis: renunció Sergio Rodríguez y Zdero cambia al ministro tras meses de polémicas en Chaco
2026-06-23,2026-W26,provincial,LA VOZ DEL CHACO,Chaco,NEA,Resistencia,https://www.diariolavozdelchaco.com,En Villa Barberán funcionaba un kiosco narco manejado por una mujer
2026-06-23,2026-W26,provincial,LA VOZ DEL CHACO,Chaco,NEA,Resistencia,https://www.diariolavozdelchaco.com,Caso Axel: secuestran dos patrulleros y documentación para nuevas pericias
2026-06-23,2026-W26,provincial,LA VOZ DEL CHACO,Chaco,NEA,Resistencia,https://www.diariolavozdelchaco.com,Allanamiento por abigeato terminó con un detenido en Puerto Vilelas
2026-06-23,2026-W26,provincial,LA VOZ DEL CHACO,Chaco,NEA,Resistencia,https://www.diariolavozdelchaco.com,Caso Axel: la madre apuntó contra policías tras el secuestro de patrulleros y aseguró que «faltan los principales responsables»
2026-06-23,2026-W26,provincial,LA VOZ DEL CHACO,Chaco,NEA,Resistencia,https://www.diariolavozdelchaco.com,Messi hizo historia frente a Austria y llevó a la Argentina a 16avos de Final
2026-06-23,2026-W26,provincial,LA VOZ DEL CHACO,Chaco,NEA,Resistencia,https://www.diariolavozdelchaco.com,"El Chaco fue el mejor, se mantuvo invicto y se coronó campeón"
2026-06-23,2026-W26,provincial,LA VOZ DEL CHACO,Chaco,NEA,Resistencia,https://www.diariolavozdelchaco.com,Villa Berthet vivió una gran jornada en el microestadio Del Diamante
2026-06-23,2026-W26,provincial,LA VOZ DEL CHACO,Chaco,NEA,Resistencia,https://www.diariolavozdelchaco.com,"Regional: Taragüy firme, Aranduroga dio el golpe y San Patricio ganó"
2026-06-23,2026-W26,provincial,LA VOZ DEL CHACO,Chaco,NEA,Resistencia,https://www.diariolavozdelchaco.com,Soy Leyenda: Lionel Messi se convirtió en el máximo goleador de la historia de los Mundiales
2026-06-23,2026-W26,provincial,LA VOZ DEL CHACO,Chaco,NEA,Resistencia,https://www.diariolavozdelchaco.com,"Con un Messi histórico, Argentina venció 2-0 a Austria y avanzó a los 16avos del Mundial 2026"
2026-06-23,2026-W26,provincial,LA VOZ DEL CHACO,Chaco,NEA,Resistencia,https://www.diariolavozdelchaco.com,Caso Axel González: por qué la Justicia mantuvo detenido a Ramón “Cuno” Gómez
2026-06-23,2026-W26,provincial,LA VOZ DEL CHACO,Chaco,NEA,Resistencia,https://www.diariolavozdelchaco.com,Caso Axel González: trasladaron a Íñiguez y Silva a la U7 y la defensa presentó un hábeas corpus
2026-06-23,2026-W26,provincial,LA VOZ DEL CHACO,Chaco,NEA,Resistencia,https://www.diariolavozdelchaco.com,"20 años y fue detenido por narcomenudeo: secuestran cocaína, una Jeep Renegade y documentación sospechosa"
2026-06-23,2026-W26,provincial,LA VOZ DEL CHACO,Chaco,NEA,Resistencia,https://www.diariolavozdelchaco.com,Caso Milagros Machuca: elevan la causa a juicio oral y la familia pedirá la pena máxima para las imputadas
2026-06-23,2026-W26,provincial,LA VOZ DEL CHACO,Chaco,NEA,Resistencia,https://www.diariolavozdelchaco.com,"Javier Martínez: «Cuando el Estado está ausente, nuestro pueblo sufre»"
2026-06-23,2026-W26,provincial,LA VOZ DEL CHACO,Chaco,NEA,Resistencia,https://www.diariolavozdelchaco.com,Juan Cruz Godoy: «Latinoamérica está cambiando hacia la libertad»
2026-06-23,2026-W26,provincial,LA VOZ DEL CHACO,Chaco,NEA,Resistencia,https://www.diariolavozdelchaco.com,Analía Flores: «Quiero que el Partido Justicialista esté en todos lados»
2026-06-23,2026-W26,provincial,LA VOZ DEL CHACO,Chaco,NEA,Resistencia,https://www.diariolavozdelchaco.com,Sociedad La disputa por la Ley de Honorarios expone una nueva tensión entre abogados y magistrados en Chaco: «Están atacando el OCLA»
2026-06-23,2026-W26,provincial,LA VOZ DEL CHACO,Chaco,NEA,Resistencia,https://www.diariolavozdelchaco.com,Sociedad Miles de kilómetros y una misma pasión: Chaco dijo presente en Dallas para alentar a la Selección Argentina
2026-06-23,2026-W26,provincial,LA VOZ DEL CHACO,Chaco,NEA,Resistencia,https://www.diariolavozdelchaco.com,Sociedad Villa Don Enrique: tres meses de agua cloacal y reclamos sin respuesta de Sameep ni la Municipalidad
2026-06-23,2026-W26,provincial,NORTE,Chaco,NEA,Resistencia,https://www.diarionorte.com,Consecuencias del lock out patronal. Caminar 15 cuadras por otra línea o pagar hasta $20.000 diarios por la falta de colectivos
2026-06-23,2026-W26,provincial,NORTE,Chaco,NEA,Resistencia,https://www.diarionorte.com,Este jueves 25. Vendedores ambulantes de Resistencia organizan un facturazo
2026-06-23,2026-W26,provincial,NORTE,Chaco,NEA,Resistencia,https://www.diarionorte.com,Ruta 30. El gobierno provincial avanza con la pavimentación de una vía estratégica
2026-06-23,2026-W26,provincial,NORTE,Chaco,NEA,Resistencia,https://www.diarionorte.com,Denuncian que no se repara una pérdida de agua desde hace casi tres meses
2026-06-23,2026-W26,provincial,NORTE,Chaco,NEA,Resistencia,https://www.diarionorte.com,"Este miércoles habrá función de ""Guillermina, la batalla eterna"""
2026-06-23,2026-W26,provincial,NORTE,Chaco,NEA,Resistencia,https://www.diarionorte.com,La reacción de la prensa internacional ante otra actuación estelar de Messi
2026-06-23,2026-W26,provincial,NORTE,Chaco,NEA,Resistencia,https://www.diarionorte.com,Mundial 2026. Se despertó: Portugal goleó a Uzbekistán con doblete de Cristiano
2026-06-23,2026-W26,provincial,NORTE,Chaco,NEA,Resistencia,https://www.diarionorte.com,Empataron en Boston. Inglaterra y Ghana dejaron abierta la definición del Grupo L
2026-06-23,2026-W26,provincial,NORTE,Chaco,NEA,Resistencia,https://www.diarionorte.com,"El entrenador de duelo. Tras el fallecimiento de su madre, Deschamps dejó la concentración y volvió a Francia"
2026-06-23,2026-W26,provincial,NORTE,Chaco,NEA,Resistencia,https://www.diarionorte.com,La abuela fanática de Lionel Messi que emocionó al Mundial: tiene 99 años y volvió a verlo en Dallas
2026-06-23,2026-W26,provincial,NORTE,Chaco,NEA,Resistencia,https://www.diarionorte.com,"Tras romper el récord de goles. Klose felicitó a Messi: ""El mejor futbolista de todos los tiempos"""
2026-06-23,2026-W26,provincial,NORTE,Chaco,NEA,Resistencia,https://www.diarionorte.com,"Sin gluten y fácil de hacer. Ñoquis de polenta: una receta económica, rendidora y perfecta para los días fríos"
2026-06-23,2026-W26,provincial,NORTE,Chaco,NEA,Resistencia,https://www.diarionorte.com,Receta sencilla. Polenta con queso: el clásico que nunca falla en los días frescos
2026-06-23,2026-W26,provincial,NORTE,Chaco,NEA,Resistencia,https://www.diarionorte.com,"Receta infaltable. Sopa de espinaca y papa: la receta fácil, económica y perfecta para los días de frío"
2026-06-23,2026-W26,provincial,NORTE,Chaco,NEA,Resistencia,https://www.diarionorte.com,Edición del 23-06-2026
2026-06-23,2026-W26,provincial,NORTE,Chaco,NEA,Resistencia,https://www.diarionorte.com,"Dolor por la partida de Viejito, símbolo de lucha y amor animal en Resistencia"
2026-06-23,2026-W26,provincial,NORTE,Chaco,NEA,Resistencia,https://www.diarionorte.com,Caso Axel González. La querella pidió imputar y detener a tres policías de la Comisaría Segunda de Fontana
2026-06-23,2026-W26,provincial,NORTE,Chaco,NEA,Resistencia,https://www.diarionorte.com,Memorias de Resistencia. Hace 67 años nacía el Teatro El Tablado
2026-06-23,2026-W26,provincial,NORTE,Chaco,NEA,Resistencia,https://www.diarionorte.com,"Carta de lectores. Debemos sumar nuestro granito de arena, con la mirada puesta en un país mejor"
2026-06-23,2026-W26,provincial,NORTE,Chaco,NEA,Resistencia,https://www.diarionorte.com,Giro político en Colombia
2026-06-23,2026-W26,provincial,NORTE,Chaco,NEA,Resistencia,https://www.diarionorte.com,"El termómetro no perdona. Resistencia vive hoy su jornada más fría de la semana, con 3° de mínima"
2026-06-23,2026-W26,provincial,NORTE,Chaco,NEA,Resistencia,https://www.diarionorte.com,Protesta de becarios del CONICET. Universidades argentinas caen en ranking global
2026-06-23,2026-W26,provincial,NORTE,Chaco,NEA,Resistencia,https://www.diarionorte.com,"Encontraron a Antonella, la adolescente de 16 años que era intensamente buscada"
2026-06-23,2026-W26,provincial,NORTE,Chaco,NEA,Resistencia,https://www.diarionorte.com,En el inicio del invierno. Solicitaron reforzar la vacunación antigripal en los grupos de riesgo
2026-06-23,2026-W26,provincial,NORTE,Chaco,NEA,Resistencia,https://www.diarionorte.com,"""Espacio de Atención Solidaria en el Cole"""
2026-06-23,2026-W26,provincial,NORTE,Chaco,NEA,Resistencia,https://www.diarionorte.com,"Adjudicatario a una de las 238 viviendas. ""La sentencia judicial es para mí una bendición"""
2026-06-23,2026-W26,provincial,NORTE,Chaco,NEA,Resistencia,https://www.diarionorte.com,Construcción sustentable. Crean aislantes térmicos y acústicos con residuos vitivinícolas
2026-06-23,2026-W26,provincial,NORTE,Chaco,NEA,Resistencia,https://www.diarionorte.com,Obra y reconocimientos resguardados para las futuras generaciones. El legado de Alfredo Norniella tendrá su hogar definitivo en la Peña Martín Fierro
2026-06-23,2026-W26,provincial,NORTE,Chaco,NEA,Resistencia,https://www.diarionorte.com,"Integrante del Colegio de Abogados en la UBA: "" Los honorarios son nuestro salario profesional"""
2026-06-23,2026-W26,provincial,NORTE,Chaco,NEA,Resistencia,https://www.diarionorte.com,Formación profesional. UNCAUS lanza una diplomatura en ciberdelitos para formar especialistas en investigación digital
2026-06-23,2026-W26,provincial,NORTE,Chaco,NEA,Resistencia,https://www.diarionorte.com,Caso Cecilia Strzyzowski: César Sena volvió al Complejo Penitenciario
2026-06-23,2026-W26,provincial,NORTE,Chaco,NEA,Resistencia,https://www.diarionorte.com,Zdero destacó políticas para la reducción de la mortalidad materno infantil
2026-06-23,2026-W26,provincial,NORTE,Chaco,NEA,Resistencia,https://www.diarionorte.com,"Fernando Facal: ""La gente no perdió la fe, perdió la confianza en las instituciones"""
2026-06-23,2026-W26,provincial,NORTE,Chaco,NEA,Resistencia,https://www.diarionorte.com,"""Entre el cielo y la tierra"". El Museo de Ciencias Naturales inaugura una muestra sobre Campo del Cielo y la cosmovisión mocoví"
2026-06-23,2026-W26,provincial,NORTE,Chaco,NEA,Resistencia,https://www.diarionorte.com,"Preocupante baja de la vacunación infantil. Doctor Sergio Antunez: ""Las vacunas no enferman: salvan vidas"""
2026-06-23,2026-W26,provincial,NORTE,Chaco,NEA,Resistencia,https://www.diarionorte.com,Barranqueras: avanza la investigación. Son cinco los detenidos por el crimen del hombre apuñalado en avenida Gaboto
2026-06-23,2026-W26,provincial,NORTE,Chaco,NEA,Resistencia,https://www.diarionorte.com,"Christian Dellera sobre los inyectables para adelgazar. ""Solamente las farmacias están habilitadas para entregar estos medicamentos"""
2026-06-23,2026-W26,provincial,NORTE,Chaco,NEA,Resistencia,https://www.diarionorte.com,En el barrio Toba. Cuestionan padrón difundido por directivos de una escuela de gestión comunitaria
2026-06-23,2026-W26,provincial,NORTE,Chaco,NEA,Resistencia,https://www.diarionorte.com,Crisis en el sistema de salud privado. Clínicas al límite: crecen los atrasos salariales y se agrava la situación financiera en San Martín
2026-06-23,2026-W26,provincial,NORTE,Chaco,NEA,Resistencia,https://www.diarionorte.com,"Penalistas advierten un ""grave riesgo"" para la independencia judicial tras la suspensión del juez Lineras en el Chaco"
2026-06-23,2026-W26,provincial,NORTE,Chaco,NEA,Resistencia,https://www.diarionorte.com,Festejo albiceleste en Resistencia
2026-06-23,2026-W26,provincial,NORTE,Chaco,NEA,Resistencia,https://www.diarionorte.com,"Marcha por Axel López, a casi un mes de su desaparición"
2026-06-23,2026-W26,provincial,NORTE,Chaco,NEA,Resistencia,https://www.diarionorte.com,"El grito de ""Ni Una Menos"" volvió a llenar las calles del país"
2026-06-23,2026-W26,provincial,NORTE,Chaco,NEA,Resistencia,https://www.diarionorte.com,"Pía Cavana por la polémica ante la ley de honorarios profesionales. ""Ningún magistrado puede ser sometido a jury por cumplir con la ley"""
2026-06-23,2026-W26,provincial,NORTE,Chaco,NEA,Resistencia,https://www.diarionorte.com,Barranqueras. Cayeron una mujer y un hombre acusados de estafar comercios con comprobantes de transferencias falsas
2026-06-23,2026-W26,provincial,NORTE,Chaco,NEA,Resistencia,https://www.diarionorte.com,Legislatura: buscan acuerdos para encaminar la sesión del miércoles
2026-06-23,2026-W26,provincial,NORTE,Chaco,NEA,Resistencia,https://www.diarionorte.com,Promoción de hábitos saludables en escuelas
2026-06-23,2026-W26,provincial,NORTE,Chaco,NEA,Resistencia,https://www.diarionorte.com,Feria Paippera en Ingeniero Juárez. Más de 1300 cabezas en el oeste formoseño
2026-06-23,2026-W26,provincial,NORTE,Chaco,NEA,Resistencia,https://www.diarionorte.com,La EPET N° 1 celebró 86 años de vida institucional
2026-06-23,2026-W26,provincial,NORTE,Chaco,NEA,Resistencia,https://www.diarionorte.com,La armadura oxidada y la batalla equivocada
2026-06-23,2026-W26,provincial,EL LIBERTADOR,Corrientes,NEA,Corrientes,https://www.diarioellibertador.com.ar,Diario El Libertador / Noticias de Corrientes
2026-06-23,2026-W26,provincial,EL LIBERTADOR,Corrientes,NEA,Corrientes,https://www.diarioellibertador.com.ar,Se reanuda el juicio por Loan con indagatorias y la posible declaración de los padres
2026-06-23,2026-W26,provincial,EL LIBERTADOR,Corrientes,NEA,Corrientes,https://www.diarioellibertador.com.ar,San Carlos revive el San Juanazo para espantar los males
2026-06-23,2026-W26,provincial,EL LIBERTADOR,Corrientes,NEA,Corrientes,https://www.diarioellibertador.com.ar,Romero: «El subsidio al transporte publico debe ir a la demanda»
2026-06-23,2026-W26,provincial,EL LIBERTADOR,Corrientes,NEA,Corrientes,https://www.diarioellibertador.com.ar,San Juan Bautista moviliza a Corrientes
2026-06-23,2026-W26,provincial,EL LIBERTADOR,Corrientes,NEA,Corrientes,https://www.diarioellibertador.com.ar,Alerta por frío intenso en Corrientes
2026-06-23,2026-W26,provincial,EL LIBERTADOR,Corrientes,NEA,Corrientes,https://www.diarioellibertador.com.ar,A los tiros en el barrio Galván tras los festejos del Día del Padre: un herido
2026-06-23,2026-W26,provincial,EL LIBERTADOR,Corrientes,NEA,Corrientes,https://www.diarioellibertador.com.ar,Itá Ibaté y un reencuentro esperado en la Fiesta Provincial de la Pesca de la Boga y el Pacú
2026-06-23,2026-W26,provincial,EL LIBERTADOR,Corrientes,NEA,Corrientes,https://www.diarioellibertador.com.ar,Elegida desde el espacio: Caá Catí se impone como la Capital del Ovni
2026-06-23,2026-W26,provincial,EL LIBERTADOR,Corrientes,NEA,Corrientes,https://www.diarioellibertador.com.ar,"Ramírez Barrios, jugador emblema, se va de Regatas"
2026-06-23,2026-W26,provincial,EL LIBERTADOR,Corrientes,NEA,Corrientes,https://www.diarioellibertador.com.ar,Salud Pública intensifica la inmunización en Corrientes
2026-06-23,2026-W26,provincial,EL LIBERTADOR,Corrientes,NEA,Corrientes,https://www.diarioellibertador.com.ar,El Sub18 de Regatas festejó por duplicado en Resistencia
2026-06-23,2026-W26,provincial,EL LIBERTADOR,Corrientes,NEA,Corrientes,https://www.diarioellibertador.com.ar,Corrientes arde de fe: la provincia celebra a San Juan Bautista con tradiciones de fuego y devoción
2026-06-23,2026-W26,provincial,EL LIBERTADOR,Corrientes,NEA,Corrientes,https://www.diarioellibertador.com.ar,Lotería Correntina refuerza la prevención contra las apuestas digitales entre adolescentes
2026-06-23,2026-W26,provincial,EL LIBERTADOR,Corrientes,NEA,Corrientes,https://www.diarioellibertador.com.ar,El MID festejó el Día de la Bandera con una jornada cultural y patriótica en Santo Tomé
2026-06-23,2026-W26,provincial,EL LIBERTADOR,Corrientes,NEA,Corrientes,https://www.diarioellibertador.com.ar,"Con una carrera, Goya se vistió de celeste y blanco"
2026-06-23,2026-W26,provincial,EL LIBERTADOR,Corrientes,NEA,Corrientes,https://www.diarioellibertador.com.ar,Asueto municipal: así serán los servicios para mañana
2026-06-23,2026-W26,provincial,EL LIBERTADOR,Corrientes,NEA,Corrientes,https://www.diarioellibertador.com.ar,La Policía Rural sorprendió a dos cazadores con cinco carpinchos faenados en la Reserva Isoró
2026-06-23,2026-W26,provincial,EL LIBERTADOR,Corrientes,NEA,Corrientes,https://www.diarioellibertador.com.ar,Compartían un trago y terminaron desfigurados a machetazos: son cuñados
2026-06-23,2026-W26,provincial,EL LIBERTADOR,Corrientes,NEA,Corrientes,https://www.diarioellibertador.com.ar,Destacan el monitoreo constante en plantaciones contra las plagas
2026-06-23,2026-W26,provincial,EL LIBERTADOR,Corrientes,NEA,Corrientes,https://www.diarioellibertador.com.ar,Cumbre binacional por el puente de la Integración: presentarán plan de obras
2026-06-23,2026-W26,provincial,EL LIBERTADOR,Corrientes,NEA,Corrientes,https://www.diarioellibertador.com.ar,En una vigilia captaron un Ovni en una fotografía sin darse cuenta
2026-06-23,2026-W26,provincial,EL LIBERTADOR,Corrientes,NEA,Corrientes,https://www.diarioellibertador.com.ar,"Con firmeza, «en Goya sí se habla» del mal de las adicciones y la trata"
2026-06-23,2026-W26,provincial,EL LIBERTADOR,Corrientes,NEA,Corrientes,https://www.diarioellibertador.com.ar,Despido masivo en Luzu TV por el escándalo Messi
2026-06-23,2026-W26,provincial,EL LIBERTADOR,Corrientes,NEA,Corrientes,https://www.diarioellibertador.com.ar,De no creer: fotografiaron un ovni durante un fogón en Caá Catí
2026-06-23,2026-W26,provincial,EL LIBERTADOR,Corrientes,NEA,Corrientes,https://www.diarioellibertador.com.ar,Escándalo: el video que provocó la reacción de la familia Messi y la polémica en Luzu
2026-06-23,2026-W26,provincial,EL LIBERTADOR,Corrientes,NEA,Corrientes,https://www.diarioellibertador.com.ar,Corrientes: una joven cayó desde el cuarto piso de un edificio
2026-06-23,2026-W26,provincial,EL LIBERTADOR,Corrientes,NEA,Corrientes,https://www.diarioellibertador.com.ar,El semanario francés que mostró a Corrientes durante la Guerra Guasú
2026-06-23,2026-W26,provincial,EL LIBERTADOR,Corrientes,NEA,Corrientes,https://www.diarioellibertador.com.ar,"Ramón Beaudot, el fraile combativo que fundó el primer diario correntino"
2026-06-23,2026-W26,provincial,EL LIBERTADOR,Corrientes,NEA,Corrientes,https://www.diarioellibertador.com.ar,Encontraron muerto a un peón rural que había desaparecido al intentar cruzar un arroyo
2026-06-23,2026-W26,provincial,EL LIBERTADOR,Corrientes,NEA,Corrientes,https://www.diarioellibertador.com.ar,"Ruta 12: esquivó una moto sin luces, volcó y resultaron heridos"
2026-06-23,2026-W26,provincial,EL LIBERTADOR,Corrientes,NEA,Corrientes,https://www.diarioellibertador.com.ar,Día del Padre a los tiros: un hombre terminó herido luego de una pelea
2026-06-23,2026-W26,provincial,EL LIBERTADOR,Corrientes,NEA,Corrientes,https://www.diarioellibertador.com.ar,El partido ante Jordania abre la puerta para el debut mundialista del «Flaco» López
2026-06-23,2026-W26,provincial,EL LIBERTADOR,Corrientes,NEA,Corrientes,https://www.diarioellibertador.com.ar,Las regatenses acapararon títulos en el Apertura de Cesto
2026-06-23,2026-W26,provincial,EL LIBERTADOR,Corrientes,NEA,Corrientes,https://www.diarioellibertador.com.ar,El seleccionado de Seven de la URNE se pone en movimiento
2026-06-23,2026-W26,provincial,EL LIBERTADOR,Corrientes,NEA,Corrientes,https://www.diarioellibertador.com.ar,"Con el correntino Dylan Bordón, Argentina entrena en Zárate"
2026-06-23,2026-W26,provincial,EL LIBERTADOR,Corrientes,NEA,Corrientes,https://www.diarioellibertador.com.ar,Furia en la noche correntina: brutal «ring» femenino a la salida de un boliche
2026-06-23,2026-W26,provincial,EL LIBERTADOR,Corrientes,NEA,Corrientes,https://www.diarioellibertador.com.ar,Pánico en una playa correntina: bañistas tuvieron que huir de un convoy de barcazas a la deriva
2026-06-23,2026-W26,provincial,EL LIBERTADOR,Corrientes,NEA,Corrientes,https://www.diarioellibertador.com.ar,"La Pilarcita, Ariel Báez y Valdés opinaron sobre los dichos del «Bocha» Sheridan"
2026-06-23,2026-W26,provincial,EL LIBERTADOR,Corrientes,NEA,Corrientes,https://www.diarioellibertador.com.ar,Los Vecinos “la rompieron” en el Cocomarola: del pop de Miranda al “sapucay” de la gente
2026-06-23,2026-W26,provincial,EL LIBERTADOR,Corrientes,NEA,Corrientes,https://www.diarioellibertador.com.ar,"Goyo Pomar: «En el ’76, la gente pedía el golpe»"
2026-06-23,2026-W26,provincial,EL LIBERTADOR,Corrientes,NEA,Corrientes,https://www.diarioellibertador.com.ar,"«El Gobierno nacional ve al federalismo como debe ser», dijo Grachot"
2026-06-23,2026-W26,provincial,EL LIBERTADOR,Corrientes,NEA,Corrientes,https://www.diarioellibertador.com.ar,«Hay que establecer prioridades para que los recursos alcancen»
2026-06-23,2026-W26,provincial,EL LIBERTADOR,Corrientes,NEA,Corrientes,https://www.diarioellibertador.com.ar,Policiales A los tiros en el barrio Galván tras los festejos del Día del Padre: un herido
2026-06-23,2026-W26,provincial,EL LIBERTADOR,Corrientes,NEA,Corrientes,https://www.diarioellibertador.com.ar,Interior Itá Ibaté y un reencuentro esperado en la Fiesta Provincial de la Pesca de la Boga y el Pacú
2026-06-23,2026-W26,provincial,EL LIBERTADOR,Corrientes,NEA,Corrientes,https://www.diarioellibertador.com.ar,Historia y Tradiciones Elegida desde el espacio: Caá Catí se impone como la Capital del Ovni
2026-06-23,2026-W26,provincial,EL LITORAL,Corrientes,NEA,Corrientes,https://www.ellitoral.com.ar,El Litoral | Novedades de Corrientes
2026-06-23,2026-W26,provincial,EL LITORAL,Corrientes,NEA,Corrientes,https://www.ellitoral.com.ar,Murió un peón rural tras intentar cruzar a caballo un arroyo en Corrientes
2026-06-23,2026-W26,provincial,EL LITORAL,Corrientes,NEA,Corrientes,https://www.ellitoral.com.ar,Reinicia el juicio por Loan en Corrientes después de un comienzo caótico
2026-06-23,2026-W26,provincial,EL LITORAL,Corrientes,NEA,Corrientes,https://www.ellitoral.com.ar,Dos choferes de colectivos fueron despedidos en Corrientes y crece la incertidumbre
2026-06-23,2026-W26,provincial,EL LITORAL,Corrientes,NEA,Corrientes,https://www.ellitoral.com.ar,🔴EN VIVO AHORA🔴
2026-06-23,2026-W26,provincial,EL LITORAL,Corrientes,NEA,Corrientes,https://www.ellitoral.com.ar,Últimas noticias
2026-06-23,2026-W26,provincial,EL LITORAL,Corrientes,NEA,Corrientes,https://www.ellitoral.com.ar,"San Luis del Palmar: robaron una moto, la desarmaron y arrojaron cerca del Riachuelo"
2026-06-23,2026-W26,provincial,EL LITORAL,Corrientes,NEA,Corrientes,https://www.ellitoral.com.ar,Aprendía a manejar y volcó en la banquina de la Ruta 9 de Corrientes
2026-06-23,2026-W26,provincial,EL LITORAL,Corrientes,NEA,Corrientes,https://www.ellitoral.com.ar,¿El día más frío de la semana?: pronostican 3°C de mínima en Corrientes
2026-06-23,2026-W26,provincial,EL LITORAL,Corrientes,NEA,Corrientes,https://www.ellitoral.com.ar,Inglaterra empató 0-0 con Ghana y definirán su clasificación en la última fecha
2026-06-23,2026-W26,provincial,EL LITORAL,Corrientes,NEA,Corrientes,https://www.ellitoral.com.ar,Mercedes cumple 194 años: abrieron las inscripciones para el desfile y la jineteada
2026-06-23,2026-W26,provincial,EL LITORAL,Corrientes,NEA,Corrientes,https://www.ellitoral.com.ar,Bullrich canceló el informe de gestión de Adorni previsto para el 2 de julio en el Senado
2026-06-23,2026-W26,provincial,EL LITORAL,Corrientes,NEA,Corrientes,https://www.ellitoral.com.ar,"Mundial 2026: fixture, resultados y todos los partidos"
2026-06-23,2026-W26,provincial,EL LITORAL,Corrientes,NEA,Corrientes,https://www.ellitoral.com.ar,Didier Deschamps abandonó la concentración para volver a Francia
2026-06-23,2026-W26,provincial,EL LITORAL,Corrientes,NEA,Corrientes,https://www.ellitoral.com.ar,"Declararon culpable a un curandero por abuso sexual, estafa y extorsión en Corrientes"
2026-06-23,2026-W26,provincial,EL LITORAL,Corrientes,NEA,Corrientes,https://www.ellitoral.com.ar,Hallaron sin vida a un hombre en una calle de Corrientes
2026-06-23,2026-W26,provincial,EL LITORAL,Corrientes,NEA,Corrientes,https://www.ellitoral.com.ar,Así avanza la megaobra de canalización del arroyo Pirayuí en la capital correntina
2026-06-23,2026-W26,provincial,EL LITORAL,Corrientes,NEA,Corrientes,https://www.ellitoral.com.ar,Habló la mamá de la joven que se cayó de un cuarto piso: “No creemos que haya saltado”
2026-06-23,2026-W26,provincial,EL LITORAL,Corrientes,NEA,Corrientes,https://www.ellitoral.com.ar,El correntino que viajó a su cuarto mundial con un trapo pintado de ilusión
2026-06-23,2026-W26,provincial,EL LITORAL,Corrientes,NEA,Corrientes,https://www.ellitoral.com.ar,Corrientes: detuvieron a dos paraguayos armados dentro de un campo en Isla Apipé
2026-06-23,2026-W26,provincial,EL LITORAL,Corrientes,NEA,Corrientes,https://www.ellitoral.com.ar,Mataron cinco carpinchos en una zona de reserva natural de Corrientes
2026-06-23,2026-W26,provincial,EL LITORAL,Corrientes,NEA,Corrientes,https://www.ellitoral.com.ar,La Justicia de Corrientes ordenó proteger la salud de una trabajadora despedida
2026-06-23,2026-W26,provincial,EL LITORAL,Corrientes,NEA,Corrientes,https://www.ellitoral.com.ar,Corrientes: hallaron sana y salva a una joven que era buscada en la provincia del Chaco
2026-06-23,2026-W26,provincial,EL LITORAL,Corrientes,NEA,Corrientes,https://www.ellitoral.com.ar,El espanto elegirá al próximo Presidente
2026-06-23,2026-W26,provincial,EL LITORAL,Corrientes,NEA,Corrientes,https://www.ellitoral.com.ar,Cuando Arce estuvo cerca de la corona sudamericana
2026-06-23,2026-W26,provincial,EL LITORAL,Corrientes,NEA,Corrientes,https://www.ellitoral.com.ar,El lado correcto
2026-06-23,2026-W26,provincial,EL LITORAL,Corrientes,NEA,Corrientes,https://www.ellitoral.com.ar,El sentido de la oportunidad como ventaja competitiva
2026-06-23,2026-W26,provincial,EL LITORAL,Corrientes,NEA,Corrientes,https://www.ellitoral.com.ar,Racionalidad o debilidad en el memorándum entre Estados Unidos e Irán
2026-06-23,2026-W26,provincial,EL LITORAL,Corrientes,NEA,Corrientes,https://www.ellitoral.com.ar,El Chajá y su leyenda
2026-06-23,2026-W26,provincial,EL LITORAL,Corrientes,NEA,Corrientes,https://www.ellitoral.com.ar,Un chofer de Vialidad llevado por un OVNI
2026-06-23,2026-W26,provincial,EL LITORAL,Corrientes,NEA,Corrientes,https://www.ellitoral.com.ar,Curiosidades mundialistas
2026-06-23,2026-W26,provincial,EL LITORAL,Corrientes,NEA,Corrientes,https://www.ellitoral.com.ar,La lluvia de dólares y el país que no se construye solo
2026-06-23,2026-W26,provincial,EL LITORAL,Corrientes,NEA,Corrientes,https://www.ellitoral.com.ar,Se canceló una audiencia y no se sabe cuándo podrán hablar los padres de Loan en el juicio
2026-06-23,2026-W26,provincial,EL LITORAL,Corrientes,NEA,Corrientes,https://www.ellitoral.com.ar,Así continúa hoy el juicio por Loan en Corrientes
2026-06-23,2026-W26,provincial,EL LITORAL,Corrientes,NEA,Corrientes,https://www.ellitoral.com.ar,¿Hacia dónde vamos?
2026-06-23,2026-W26,provincial,EL LITORAL,Corrientes,NEA,Corrientes,https://www.ellitoral.com.ar,"Loan, el juicio: dos años después, con un rebelde perdonado y varios caos por resolver"
2026-06-23,2026-W26,provincial,EL LITORAL,Corrientes,NEA,Corrientes,https://www.ellitoral.com.ar,"La honestidad no se blanquea, se demuestra"
2026-06-23,2026-W26,provincial,EL LITORAL,Corrientes,NEA,Corrientes,https://www.ellitoral.com.ar,Por adorar al demonio se ocasionó la muerte
2026-06-23,2026-W26,provincial,EL LITORAL,Corrientes,NEA,Corrientes,https://www.ellitoral.com.ar,El riesgo de exigir milagros y no reconocer progresos
2026-06-23,2026-W26,provincial,EL LITORAL,Corrientes,NEA,Corrientes,https://www.ellitoral.com.ar,Historias inmortales
2026-06-23,2026-W26,provincial,EL LITORAL,Corrientes,NEA,Corrientes,https://www.ellitoral.com.ar,El Baile en lo de la Tere
2026-06-23,2026-W26,provincial,EL LITORAL,Corrientes,NEA,Corrientes,https://www.ellitoral.com.ar,"Pascual Pérez, el primer campeón mundial"
2026-06-23,2026-W26,provincial,EL LITORAL,Corrientes,NEA,Corrientes,https://www.ellitoral.com.ar,Corrientes finaliza obras clave para proteger el puente Paso López de la erosión
2026-06-23,2026-W26,provincial,EL LITORAL,Corrientes,NEA,Corrientes,https://www.ellitoral.com.ar,Corrientes: así será el cronograma de pago de sueldos con aumento para estatales
2026-06-23,2026-W26,provincial,EL LITORAL,Corrientes,NEA,Corrientes,https://www.ellitoral.com.ar,"""Los niveles de tierras raras en Corrientes están bastante por encima de lo normal"""
2026-06-23,2026-W26,provincial,EL LITORAL,Corrientes,NEA,Corrientes,https://www.ellitoral.com.ar,Acoso sexual en Corrientes: un joven agredió a una mujer y el hecho quedó filmado
2026-06-23,2026-W26,provincial,EL LITORAL,Corrientes,NEA,Corrientes,https://www.ellitoral.com.ar,"Con doblete de Cristiano Ronaldo, Portugal aplastó 5-0 a Uzbekistán"
2026-06-23,2026-W26,provincial,EL LITORAL,Corrientes,NEA,Corrientes,https://www.ellitoral.com.ar,Mundial 2026: cuáles son los partidos de este martes
2026-06-23,2026-W26,provincial,EL LITORAL,Corrientes,NEA,Corrientes,https://www.ellitoral.com.ar,Cuti Romero quedó descartado para el partido de Argentina contra Jordania
2026-06-23,2026-W26,provincial,EL LITORAL,Corrientes,NEA,Corrientes,https://www.ellitoral.com.ar,"GP de Austria: días, horarios y cómo ver a Franco Colapinto en la Fórmula 1"
2026-06-23,2026-W26,provincial,ÉPOCA,Corrientes,NEA,Corrientes,https://www.diarioepoca.com,Hallaron sin vida a un peón rural que había sido arrastrado por la corriente de un arroyo en Sauce
2026-06-23,2026-W26,provincial,ÉPOCA,Corrientes,NEA,Corrientes,https://www.diarioepoca.com,La Policía Federal Argentina desbarató un punto de venta de drogas en Corrientes
2026-06-23,2026-W26,provincial,ÉPOCA,Corrientes,NEA,Corrientes,https://www.diarioepoca.com,Este miércoles 24 habrá estacionamiento medido en Capital
2026-06-23,2026-W26,provincial,ÉPOCA,Corrientes,NEA,Corrientes,https://www.diarioepoca.com,San Juan Bautista celebra su fiesta patronal en Corrientes
2026-06-23,2026-W26,provincial,ÉPOCA,Corrientes,NEA,Corrientes,https://www.diarioepoca.com,Rescatan más de 200 documentos de San Martín y otros próceres que iban a ser subastados
2026-06-23,2026-W26,provincial,ÉPOCA,Corrientes,NEA,Corrientes,https://www.diarioepoca.com,Ronaldo se sacó la mufa con Portugal y estableció tres récords en el Mundial 2026
2026-06-23,2026-W26,provincial,ÉPOCA,Corrientes,NEA,Corrientes,https://www.diarioepoca.com,Portugal arrolló 5-0 a Uzbekistán y consiguió su primera victoria en el Mundial 2026
2026-06-23,2026-W26,provincial,ÉPOCA,Corrientes,NEA,Corrientes,https://www.diarioepoca.com,Murió la madre del entrenador de Francia y no dirigirá ante Noruega
2026-06-23,2026-W26,provincial,ÉPOCA,Corrientes,NEA,Corrientes,https://www.diarioepoca.com,La FIFA confirmó la sanción para Miguel Almirón de Paraguay tras su expulsión por la Ley Vinicius
2026-06-23,2026-W26,provincial,ÉPOCA,Corrientes,NEA,Corrientes,https://www.diarioepoca.com,"Margarita se llevó el auto 0 km de FACOR: ""Solo a través de Dios esto es posible"""
2026-06-23,2026-W26,provincial,ÉPOCA,Corrientes,NEA,Corrientes,https://www.diarioepoca.com,"Boxeo de alto nivel en Corrientes: se viene una nueva edición de ""Noche de Titanes"""
2026-06-23,2026-W26,provincial,ÉPOCA,Corrientes,NEA,Corrientes,https://www.diarioepoca.com,El Municipio avanzará en la disposición de bienes en desuso
2026-06-23,2026-W26,provincial,ÉPOCA,Corrientes,NEA,Corrientes,https://www.diarioepoca.com,El oficialismo logró frenar la sesión para interpelar a Adorni en Diputados
2026-06-23,2026-W26,provincial,ÉPOCA,Corrientes,NEA,Corrientes,https://www.diarioepoca.com,Salud Pública realizó un operativo integral en el barrio San Marcos
2026-06-23,2026-W26,provincial,ÉPOCA,Corrientes,NEA,Corrientes,https://www.diarioepoca.com,Citaron a indagatoria a José Luis Espert en la causa por presunto lavado de dinero
2026-06-23,2026-W26,provincial,ÉPOCA,Corrientes,NEA,Corrientes,https://www.diarioepoca.com,Edición del 23/06/2026
2026-06-23,2026-W26,provincial,ÉPOCA,Corrientes,NEA,Corrientes,https://www.diarioepoca.com,Adolescente de 15 años espera una oportunidad para encontrar una familia
2026-06-23,2026-W26,provincial,ÉPOCA,Corrientes,NEA,Corrientes,https://www.diarioepoca.com,Dólar oficial hoy y dólar blue: cotización de este martes 23 de junio
2026-06-23,2026-W26,provincial,ÉPOCA,Corrientes,NEA,Corrientes,https://www.diarioepoca.com,"Los salarios aumentaron 3,7% en abril y quedaron por encima de la inflación"
2026-06-23,2026-W26,provincial,ÉPOCA,Corrientes,NEA,Corrientes,https://www.diarioepoca.com,Roberto Sánchez denunció fraude y advirtió que no reconocerá su derrota
2026-06-23,2026-W26,provincial,ÉPOCA,Corrientes,NEA,Corrientes,https://www.diarioepoca.com,"Cuáles son las ciudades argentinas con mayor y menor desempleo, según el Indec"
2026-06-23,2026-W26,provincial,ÉPOCA,Corrientes,NEA,Corrientes,https://www.diarioepoca.com,Motochorros asesinaron a tiros a un alumno de 17 años que iba al colegio con su padre
2026-06-23,2026-W26,provincial,ÉPOCA,Corrientes,NEA,Corrientes,https://www.diarioepoca.com,Caen por conducir alcoholizados y llevaba 209 dosis de cocaína
2026-06-23,2026-W26,provincial,ÉPOCA,Corrientes,NEA,Corrientes,https://www.diarioepoca.com,Corrientes: camión chocó a un auto y solo hubo daños materiales
2026-06-23,2026-W26,provincial,ÉPOCA,Corrientes,NEA,Corrientes,https://www.diarioepoca.com,Corrientes lanzó la segunda etapa del Plan de Transformación de la Educación Secundaria
2026-06-23,2026-W26,provincial,ÉPOCA,Corrientes,NEA,Corrientes,https://www.diarioepoca.com,Julio De Vido recibió tres años de prisión por la causa Odebrecht
2026-06-23,2026-W26,provincial,ÉPOCA,Corrientes,NEA,Corrientes,https://www.diarioepoca.com,Lotería Correntina refuerza la prevención del juego online en menores
2026-06-23,2026-W26,provincial,ÉPOCA,Corrientes,NEA,Corrientes,https://www.diarioepoca.com,La nena más famosa del cómic latinoamericano asume como embajadora de la paz en Ciudad de México
2026-06-23,2026-W26,provincial,ÉPOCA,Corrientes,NEA,Corrientes,https://www.diarioepoca.com,Aerolíneas Argentinas sacó una promoción para viajar a Dallas por US$500 más impuestos
2026-06-23,2026-W26,provincial,ÉPOCA,Corrientes,NEA,Corrientes,https://www.diarioepoca.com,El Gobierno anunció que la Ruta 14 será habilitada para autos de conducción autónoma
2026-06-23,2026-W26,provincial,ÉPOCA,Corrientes,NEA,Corrientes,https://www.diarioepoca.com,Los pueblos del Iberá se reúnen en Pellegrini para celebrar al yaguareté correntino
2026-06-23,2026-W26,provincial,ÉPOCA,Corrientes,NEA,Corrientes,https://www.diarioepoca.com,"Messi, Mbappé y Haaland dominan la tabla de goleadores del Mundial 2026"
2026-06-23,2026-W26,provincial,ÉPOCA,Corrientes,NEA,Corrientes,https://www.diarioepoca.com,Una joven argentina se desmayó tras el segundo gol de Messi
2026-06-23,2026-W26,provincial,ÉPOCA,Corrientes,NEA,Corrientes,https://www.diarioepoca.com,Portugal confirmó su equipo para enfrentar a Uzbekistán en Houston por el Mundial
2026-06-23,2026-W26,provincial,ÉPOCA,Corrientes,NEA,Corrientes,https://www.diarioepoca.com,La prensa global se rindió ante Messi tras su nuevo récord en los Mundiales
2026-06-23,2026-W26,provincial,ÉPOCA,Corrientes,NEA,Corrientes,https://www.diarioepoca.com,Midón abre en la clasificación de Wimbledon
2026-06-23,2026-W26,provincial,ÉPOCA,Corrientes,NEA,Corrientes,https://www.diarioepoca.com,"Enzo Fernández palpitó el cruce con Austria: ""El fútbol no deja respirar"""
2026-06-23,2026-W26,provincial,ÉPOCA,Corrientes,NEA,Corrientes,https://www.diarioepoca.com,Alumnos de un colegio de capital llegaron hasta el Yacimiento Fosilífero Toropí
2026-06-23,2026-W26,provincial,ÉPOCA,Corrientes,NEA,Corrientes,https://www.diarioepoca.com,Así serán las prestaciones municipales para este 24 de junio
2026-06-23,2026-W26,provincial,ÉPOCA,Corrientes,NEA,Corrientes,https://www.diarioepoca.com,"A partir del miércoles 24, los agentes provinciales cobran sueldos con aumentos"
2026-06-23,2026-W26,provincial,ÉPOCA,Corrientes,NEA,Corrientes,https://www.diarioepoca.com,Virasoro festejó la victoria de la Selección con una caravana inolvidable
2026-06-23,2026-W26,provincial,ÉPOCA,Corrientes,NEA,Corrientes,https://www.diarioepoca.com,Detienen a dos hombres con cinco carpinchos faenados en una reserva
2026-06-23,2026-W26,provincial,ÉPOCA,Corrientes,NEA,Corrientes,https://www.diarioepoca.com,Recuperan una moto desguazada y una motoguadaña robadas a la vera del Riachuelo
2026-06-23,2026-W26,provincial,ÉPOCA,Corrientes,NEA,Corrientes,https://www.diarioepoca.com,Dos detenidos por presunta tenencia ilegal de arma de fuego y violación de domicilio rural
2026-06-23,2026-W26,provincial,ÉPOCA,Corrientes,NEA,Corrientes,https://www.diarioepoca.com,"Marta Fort, la pasión argentina en Miami y el homenaje eterno a Ricardo"
2026-06-23,2026-W26,provincial,ÉPOCA,Corrientes,NEA,Corrientes,https://www.diarioepoca.com,El dilema de la libertad en tiempos de furia: ¿es necesario regular los discursos de odio?
2026-06-23,2026-W26,provincial,ÉPOCA,Corrientes,NEA,Corrientes,https://www.diarioepoca.com,Shakira estrenará una versión en español de Dai Dai durante el partido de Colombia
2026-06-23,2026-W26,provincial,ÉPOCA,Corrientes,NEA,Corrientes,https://www.diarioepoca.com,Pergolini: confundieron a Curuzú Cuatiá con Curazao en vivo
2026-06-23,2026-W26,provincial,ÉPOCA,Corrientes,NEA,Corrientes,https://www.diarioepoca.com,Desde Monti hasta Messi: los 95 años mundialistas que vivió Mirtha Legrand junto a la Selección
2026-06-23,2026-W26,provincial,ÉPOCA,Corrientes,NEA,Corrientes,https://www.diarioepoca.com,"CRISTOBAL CAFE CORRIENTES - Show en Vivo: ""PALOMA ACQUARONE"" - San Juan esq. Plácido Martínez"
2026-06-23,2026-W26,provincial,EL COMERCIAL,Formosa,NEA,Formosa,https://www.elcomercial.com.ar,Una motociclista falleció tras impactar contra la barrera de un puente
2026-06-23,2026-W26,provincial,EL COMERCIAL,Formosa,NEA,Formosa,https://www.elcomercial.com.ar,"Los salarios subieron 3,5% en abril y le ganaron a la inflación, según el INDEC"
2026-06-23,2026-W26,provincial,EL COMERCIAL,Formosa,NEA,Formosa,https://www.elcomercial.com.ar,Manuel Adorni no concurrirá a brindar el informe de gestión previsto para el 2 de julio
2026-06-23,2026-W26,provincial,EL COMERCIAL,Formosa,NEA,Formosa,https://www.elcomercial.com.ar,Espert fue citado a declarar la semana próxima por la causa de presunto lavado de dinero
2026-06-23,2026-W26,provincial,EL COMERCIAL,Formosa,NEA,Formosa,https://www.elcomercial.com.ar,"La economía argentina creció 0,7% en el primer trimestre de 2026: cuáles fueron los sectores que impulsaron la actividad"
2026-06-23,2026-W26,provincial,EL COMERCIAL,Formosa,NEA,Formosa,https://www.elcomercial.com.ar,Condenaron a De Vido a tres años de prisión por irregularidades en la contratación de Odebrecht
2026-06-23,2026-W26,provincial,EL COMERCIAL,Formosa,NEA,Formosa,https://www.elcomercial.com.ar,"Por una denuncia de presunta estafa en la compra de un campo, Basualdo afirmó: ""El objetivo es desacreditarme"""
2026-06-23,2026-W26,provincial,EL COMERCIAL,Formosa,NEA,Formosa,https://www.elcomercial.com.ar,"La CIDH afirmó que Cuba desapareció, encarceló y condenó arbitrariamente a Maykel Osorbo por ""Patria y Vida"""
2026-06-23,2026-W26,provincial,EL COMERCIAL,Formosa,NEA,Formosa,https://www.elcomercial.com.ar,"Trump aseguró que el OIEA inspeccionará las instalaciones nucleares de Irán ""en el momento oportuno"""
2026-06-23,2026-W26,provincial,EL COMERCIAL,Formosa,NEA,Formosa,https://www.elcomercial.com.ar,Incautan en Formosa mercadería de origen extranjero sin aval legal valuada en más de 63.000.000 pesos
2026-06-23,2026-W26,provincial,EL COMERCIAL,Formosa,NEA,Formosa,https://www.elcomercial.com.ar,"""Es una pesadilla"": el dolor de Susana López en una nueva jornada del juicio por Jonathan Lezcano"
2026-06-23,2026-W26,provincial,EL COMERCIAL,Formosa,NEA,Formosa,https://www.elcomercial.com.ar,Un hombre recibió un disparo y la Policía investiga el caso
2026-06-23,2026-W26,provincial,EL COMERCIAL,Formosa,NEA,Formosa,https://www.elcomercial.com.ar,Agredió y roció con combustible a su pareja y terminó detenido
2026-06-23,2026-W26,provincial,EL COMERCIAL,Formosa,NEA,Formosa,https://www.elcomercial.com.ar,"""El bloqueo ha sido derrotado"", anunció el presidente Rodrigo Paz tras el levantamiento de los cortes en Bolivia"
2026-06-23,2026-W26,provincial,EL COMERCIAL,Formosa,NEA,Formosa,https://www.elcomercial.com.ar,Allanan una vivienda en el barrio Virgen de Lourdes por una presunta causa de narcomenudeo
2026-06-23,2026-W26,provincial,EL COMERCIAL,Formosa,NEA,Formosa,https://www.elcomercial.com.ar,Tres gobernadores radicales se reunirán esta semana para reclamarle a Nación por los fondos provinciales
2026-06-23,2026-W26,provincial,EL COMERCIAL,Formosa,NEA,Formosa,https://www.elcomercial.com.ar,Aerolíneas Argentinas lanzó vuelos desde USD 500 para viajar a Dallas al próximo partido de la Selección
2026-06-23,2026-W26,provincial,EL COMERCIAL,Formosa,NEA,Formosa,https://www.elcomercial.com.ar,Inglaterra y Ghana empataron y dejaron abierta la definición del Grupo L
2026-06-23,2026-W26,provincial,EL COMERCIAL,Formosa,NEA,Formosa,https://www.elcomercial.com.ar,Clásico formoseño por FOX SPORTS: Sol de América-San Martín tienen día y horario
2026-06-23,2026-W26,provincial,EL COMERCIAL,Formosa,NEA,Formosa,https://www.elcomercial.com.ar,"Con un doblete de Cristiano Ronaldo, Portugal aplastó a Uzbekistán y festejó por primera vez en el Mundial 2026"
2026-06-23,2026-W26,provincial,EL COMERCIAL,Formosa,NEA,Formosa,https://www.elcomercial.com.ar,Colombia busca otra victoria y la clasificación ante Congo en el Mundial 2026
2026-06-23,2026-W26,provincial,EL COMERCIAL,Formosa,NEA,Formosa,https://www.elcomercial.com.ar,Colapinto busca revancha en el Gran Premio de Austria de Fórmula 1: horarios y expectativas
2026-06-23,2026-W26,provincial,EL COMERCIAL,Formosa,NEA,Formosa,https://www.elcomercial.com.ar,"La calculadora de Argentina para el cruce de 16avos de final del Mundial: cuál puede ser el rival entre España, Uruguay, Cabo Verde y Arabia Saudita"
2026-06-23,2026-W26,provincial,EL COMERCIAL,Formosa,NEA,Formosa,https://www.elcomercial.com.ar,Mundial 2026 | El particular festejo vikingo de Noruega con sus hinchas tras clasificar a la próxima ronda
2026-06-23,2026-W26,provincial,EL COMERCIAL,Formosa,NEA,Formosa,https://www.elcomercial.com.ar,La EPET N° 1 celebró 86 años de vida institucional
2026-06-23,2026-W26,provincial,EL COMERCIAL,Formosa,NEA,Formosa,https://www.elcomercial.com.ar,Ciudad Joven prepara el desfile de buzos de egresados 2026
2026-06-23,2026-W26,provincial,EL COMERCIAL,Formosa,NEA,Formosa,https://www.elcomercial.com.ar,La Municipalidad trabajó en distintos sectores de la ciudad durante la jornada del lunes
2026-06-23,2026-W26,provincial,EL COMERCIAL,Formosa,NEA,Formosa,https://www.elcomercial.com.ar,Escuelas de Formosa habilitaron espacios para ver a la Selección
2026-06-23,2026-W26,provincial,EL COMERCIAL,Formosa,NEA,Formosa,https://www.elcomercial.com.ar,ATE Formosa pidió anular sanciones a trabajadores que no completaron la declaración jurada
2026-06-23,2026-W26,provincial,EL COMERCIAL,Formosa,NEA,Formosa,https://www.elcomercial.com.ar,Formosa: La llegada del frío impulsa la venta de calefactores en el microcentro
2026-06-23,2026-W26,provincial,EL COMERCIAL,Formosa,NEA,Formosa,https://www.elcomercial.com.ar,Dos procedimientos permitieron secuestrar una motocicleta robada y detectar documentación apócrifa
2026-06-23,2026-W26,provincial,EL COMERCIAL,Formosa,NEA,Formosa,https://www.elcomercial.com.ar,Automovilista provocó dos siniestros viales y terminó detenido
2026-06-23,2026-W26,provincial,EL COMERCIAL,Formosa,NEA,Formosa,https://www.elcomercial.com.ar,"Golpe comando en Chubut: emboscaron a un camionero, le dispararon en el abdomen y le robaron $43 millones"
2026-06-23,2026-W26,provincial,EL COMERCIAL,Formosa,NEA,Formosa,https://www.elcomercial.com.ar,Golpearon y amenazaron al padre de un joven que fue asesinado en Santa Fe: sospechan de personas vinculadas a los detenidos
2026-06-23,2026-W26,provincial,EL COMERCIAL,Formosa,NEA,Formosa,https://www.elcomercial.com.ar,A raíz de un seguimiento controlado interceptan un furgón cargado con 68.000 atados de cigarrillos
2026-06-23,2026-W26,provincial,EL COMERCIAL,Formosa,NEA,Formosa,https://www.elcomercial.com.ar,Un médico y un enfermero bajo sospecha: tenían un consultorio clandestino y suministraban fentanilo y morfina
2026-06-23,2026-W26,provincial,EL COMERCIAL,Formosa,NEA,Formosa,https://www.elcomercial.com.ar,Nuevas operaciones de Israel en el sur del Líbano tras dos amenazas de Hezbollah en la zona de seguridad
2026-06-23,2026-W26,provincial,EL COMERCIAL,Formosa,NEA,Formosa,https://www.elcomercial.com.ar,Japón mueve sus fichas en la Hidrovía y dona una draga a Paraguay en medio de la tensión con Argentina y Brasil
2026-06-23,2026-W26,provincial,EL COMERCIAL,Formosa,NEA,Formosa,https://www.elcomercial.com.ar,"Donald Trump saludó triunfo de Abelardo de la Espriella, que se convertirá en el nuevo presidente de Colombia: ""Fue un gran honor para mí apoyarlo"""
2026-06-23,2026-W26,provincial,EL COMERCIAL,Formosa,NEA,Formosa,https://www.elcomercial.com.ar,"Al menos dos muertos, entre ellos un policía, en un tiroteo cerca de Montreal"
2026-06-23,2026-W26,provincial,EL COMERCIAL,Formosa,NEA,Formosa,https://www.elcomercial.com.ar,El estrecho de Ormuz recuperó parte de su tráfico marítimo pese a las nuevas amenazas de cierre del régimen iraní
2026-06-23,2026-W26,provincial,EL COMERCIAL,Formosa,NEA,Formosa,https://www.elcomercial.com.ar,Los precios del petróleo caen tras el inicio de las conversaciones entre Estados Unidos e Irán en Suiza
2026-06-23,2026-W26,provincial,EL COMERCIAL,Formosa,NEA,Formosa,https://www.elcomercial.com.ar,Agenda de partidos
2026-06-23,2026-W26,provincial,EL COMERCIAL,Formosa,NEA,Formosa,https://www.elcomercial.com.ar,Calendario + Grupos:
2026-06-23,2026-W26,provincial,EL COMERCIAL,Formosa,NEA,Formosa,https://www.elcomercial.com.ar,ULTIMAS NOTICIAS
2026-06-23,2026-W26,provincial,EL COMERCIAL,Formosa,NEA,Formosa,https://www.elcomercial.com.ar,ULTIMAS 24 HORAS
2026-06-23,2026-W26,provincial,FORMOSA,Formosa,NEA,Formosa,https://www.diarioformosa.net,Garantizan la continuidad de los comedores escolares durante el receso de invierno
2026-06-23,2026-W26,provincial,FORMOSA,Formosa,NEA,Formosa,https://www.diarioformosa.net,Formosa: cinco detenidos y varios delitos esclarecidos en operativos intensos
2026-06-23,2026-W26,provincial,FORMOSA,Formosa,NEA,Formosa,https://www.diarioformosa.net,Se desarrolla el examen para cubrir la vacante en el Juzgado de Menores
2026-06-23,2026-W26,provincial,FORMOSA,Formosa,NEA,Formosa,https://www.diarioformosa.net,"Ante el inicio del invierno, Salud refuerza el llamado a la vacunación antigripal"
2026-06-23,2026-W26,provincial,FORMOSA,Formosa,NEA,Formosa,https://www.diarioformosa.net,Estados Unidos avanza con inversiones en Azerbaiyán y refuerza su apuesta por la energía del Caspio
2026-06-23,2026-W26,provincial,FORMOSA,Formosa,NEA,Formosa,https://www.diarioformosa.net,Unidades policiales dañadas tras los dos allanamientos contra el contrabando
2026-06-23,2026-W26,provincial,FORMOSA,Formosa,NEA,Formosa,https://www.diarioformosa.net,Allanamientos contra el contrabando: un hombre muerto y tres policías heridos
2026-06-23,2026-W26,provincial,FORMOSA,Formosa,NEA,Formosa,https://www.diarioformosa.net,Messi confirmó su último partido de Eliminatorias en Argentina
2026-06-23,2026-W26,provincial,FORMOSA,Formosa,NEA,Formosa,https://www.diarioformosa.net,"La desocupación subió a 7,8% en el primer trimestre de 2026, según el INDEC"
2026-06-23,2026-W26,provincial,FORMOSA,Formosa,NEA,Formosa,https://www.diarioformosa.net,Boca Unidos sigue frágil
2026-06-23,2026-W26,provincial,FORMOSA,Formosa,NEA,Formosa,https://www.diarioformosa.net,Empieza la décima fecha del Torneo Clasificatorio
2026-06-23,2026-W26,provincial,FORMOSA,Formosa,NEA,Formosa,https://www.diarioformosa.net,Automovilista ebrio causó dos siniestros viales y terminó detenido
2026-06-23,2026-W26,provincial,FORMOSA,Formosa,NEA,Formosa,https://www.diarioformosa.net,Adicciones en Formosa: la edad de inicio baja y el flagelo atraviesa generaciones
2026-06-23,2026-W26,provincial,FORMOSA,Formosa,NEA,Formosa,https://www.diarioformosa.net,Recibí las noticias en tu email
2026-06-23,2026-W26,provincial,FORMOSA,Formosa,NEA,Formosa,https://www.diarioformosa.net,El primer Club Digital del Oeste provincial abrirá próximamente sus puertas en Lote 8
2026-06-23,2026-W26,provincial,FORMOSA,Formosa,NEA,Formosa,https://www.diarioformosa.net,CRA en Formosa: Encuentros para potenciar la producción y fuertes reclamos por la infraestructura y caminos rurales
2026-06-23,2026-W26,provincial,FORMOSA,Formosa,NEA,Formosa,https://www.diarioformosa.net,El pozo Palmar-18 multiplica por quince su rendimiento de crudo
2026-06-23,2026-W26,provincial,FORMOSA,Formosa,NEA,Formosa,https://www.diarioformosa.net,El Colorado: fuerte operativo de la Uear ante un masivo remate de 1.500 vacunos
2026-06-23,2026-W26,provincial,FORMOSA,Formosa,NEA,Formosa,https://www.diarioformosa.net,Ibarreta: destacan compromiso con la salud pública a pesar de los ajustes nacionales
2026-06-23,2026-W26,provincial,FORMOSA,Formosa,NEA,Formosa,https://www.diarioformosa.net,Gimnasia es el campeón de la temporada 25/26
2026-06-23,2026-W26,provincial,FORMOSA,Formosa,NEA,Formosa,https://www.diarioformosa.net,Triunfazo de San Martín para volver a la cima
2026-06-23,2026-W26,provincial,FORMOSA,Formosa,NEA,Formosa,https://www.diarioformosa.net,Aguará perdió ante Sixty por la cuarta fecha del Regional
2026-06-23,2026-W26,provincial,FORMOSA,Formosa,NEA,Formosa,https://www.diarioformosa.net,Fortalecen la promoción de hábitos saludables en escuelas de la zona oeste
2026-06-23,2026-W26,provincial,FORMOSA,Formosa,NEA,Formosa,https://www.diarioformosa.net,Ciudad joven prepara el desfile de buzos de egresados 2026
2026-06-23,2026-W26,provincial,FORMOSA,Formosa,NEA,Formosa,https://www.diarioformosa.net,Formosa presentará las oportunidades del financiamiento verde para el desarrollo productivo
2026-06-23,2026-W26,provincial,FORMOSA,Formosa,NEA,Formosa,https://www.diarioformosa.net,En el Centro Ambiental se procesan 200 toneladas de residuos por día
2026-06-23,2026-W26,provincial,FORMOSA,Formosa,NEA,Formosa,https://www.diarioformosa.net,Combustibles: reclaman que se extienda beneficio de rebaja de impuestos a provincias del norte
2026-06-23,2026-W26,provincial,FORMOSA,Formosa,NEA,Formosa,https://www.diarioformosa.net,El oficialismo desactiva la movida opositora por Adorni y asegura sesión propia en Diputados
2026-06-23,2026-W26,provincial,FORMOSA,Formosa,NEA,Formosa,https://www.diarioformosa.net,Formosa en el COFEDRO NEA 2026: refuerzan políticas contra consumos problemáticos
2026-06-23,2026-W26,provincial,FORMOSA,Formosa,NEA,Formosa,https://www.diarioformosa.net,Formosa integra el reducido grupo de provincias que procesan muestras de HPV
2026-06-23,2026-W26,provincial,FORMOSA,Formosa,NEA,Formosa,https://www.diarioformosa.net,Garantizan la continuidad de los comedores escolares durante el receso de invierno Sociedad
2026-06-23,2026-W26,provincial,FORMOSA,Formosa,NEA,Formosa,https://www.diarioformosa.net,VIDEO GALERÍA + NOTAS
2026-06-23,2026-W26,provincial,FORMOSA,Formosa,NEA,Formosa,https://www.diarioformosa.net,Interior + NOTAS
2026-06-23,2026-W26,provincial,FORMOSA,Formosa,NEA,Formosa,https://www.diarioformosa.net,El primer Club Digital del Oeste provincial abrirá próximamente sus puertas en Lote 8 Interior
2026-06-23,2026-W26,provincial,FORMOSA,Formosa,NEA,Formosa,https://www.diarioformosa.net,Deportes + NOTAS
2026-06-23,2026-W26,provincial,FORMOSA,Formosa,NEA,Formosa,https://www.diarioformosa.net,Recibir newsletter
2026-06-23,2026-W26,provincial,FORMOSA AHORA,Formosa,NEA,Formosa,https://www.formosaahora.com.ar,Más de 200 formoseños participaron de la Primera Cruzada de Educación Financiera
2026-06-23,2026-W26,provincial,FORMOSA AHORA,Formosa,NEA,Formosa,https://www.formosaahora.com.ar,La Federación Económica de Formosa participó de una jornada clave para fortalecer a las PyMEs
2026-06-23,2026-W26,provincial,FORMOSA AHORA,Formosa,NEA,Formosa,https://www.formosaahora.com.ar,Sebastián Lezcano | Consultor en marketing y Comportamiento Digital
2026-06-23,2026-W26,provincial,FORMOSA AHORA,Formosa,NEA,Formosa,https://www.formosaahora.com.ar,Consejo de la Magistratura: rinden para el cargo vacante de juez de Menores de Formosa
2026-06-23,2026-W26,provincial,FORMOSA AHORA,Formosa,NEA,Formosa,https://www.formosaahora.com.ar,DEFENSORES DEL PUEBLO DE TODO EL PAIS DEMANDAN LA LIBERACION DE DOS ARGENTINOS DETENIDOS EN LIBIA POR LLEVAR AYUDA ALIMENTARIA A CIVILES EN GAZA
2026-06-23,2026-W26,provincial,FORMOSA AHORA,Formosa,NEA,Formosa,https://www.formosaahora.com.ar,RECLAMAN SE EXTIENDA BENEFICIO DE REBAJA DE IMPUESTOS A LOS COMBUSTIBLES A LAS PROVINCIAS DEL NORTE ARGENTINO
2026-06-23,2026-W26,provincial,FORMOSA AHORA,Formosa,NEA,Formosa,https://www.formosaahora.com.ar,"Dos hermanitas, un mismo sueño: encontrar una familia que las reciba juntas"
2026-06-23,2026-W26,provincial,FORMOSA AHORA,Formosa,NEA,Formosa,https://www.formosaahora.com.ar,"Mujeres que se eligen: un espacio de reflexión, fortalecimiento y acompañamiento en el barrio Simón Bolívar"
2026-06-23,2026-W26,provincial,FORMOSA AHORA,Formosa,NEA,Formosa,https://www.formosaahora.com.ar,Alumnos de Talleres Superarte realizaron una visita al serpentario del Regimiento de Infantería de Monte 29
2026-06-23,2026-W26,provincial,FORMOSA AHORA,Formosa,NEA,Formosa,https://www.formosaahora.com.ar,El Municipio trabajó en barrios de la ciudad para mitigar efectos de la lluvia
2026-06-23,2026-W26,provincial,FORMOSA AHORA,Formosa,NEA,Formosa,https://www.formosaahora.com.ar,DENUNCIAN QUE EL GOBIERNO NACIONAL QUIERE PERDONAR USD 1842 MILLONES DE DEUDA CON CAMMESA A UN SELECTO GRUPO DE DISTRIBUIDORAS ELECTRICAS
2026-06-23,2026-W26,provincial,FORMOSA AHORA,Formosa,NEA,Formosa,https://www.formosaahora.com.ar,SOLICITAN AL SENADO NACIONAL RECHACE EL PROYECTO DE LEY QUE PERDONA DEUDAS MILLONARIAS A UN GRUPO PRIVILEGIADO DE DISTRIBUIDORAS
2026-06-23,2026-W26,provincial,FORMOSA AHORA,Formosa,NEA,Formosa,https://www.formosaahora.com.ar,Categórico rechazo de JuFeJus al decreto que modifica mecanismos de selección de jueces
2026-06-23,2026-W26,provincial,FORMOSA AHORA,Formosa,NEA,Formosa,https://www.formosaahora.com.ar,Parmetler nuevamente en funciones como rector de la UNAF
2026-06-23,2026-W26,provincial,FORMOSA AHORA,Formosa,NEA,Formosa,https://www.formosaahora.com.ar,Organizaron charla sobre ansiedad en la UNaF
2026-06-23,2026-W26,provincial,FORMOSA AHORA,Formosa,NEA,Formosa,https://www.formosaahora.com.ar,El intendente Jofré firmó convenio de cooperación y desarrollo con el municipio de Villa Hayes
2026-06-23,2026-W26,provincial,FORMOSA AHORA,Formosa,NEA,Formosa,https://www.formosaahora.com.ar,ACTUALMENTE EN EL NEA LOS CORTES DE CARNE DE BUFALO SE OFRECEN ENTRE UN 15 Y 40% MAS ECONOMICO QUE LOS TRADICIONALES DE VACA
2026-06-23,2026-W26,provincial,FORMOSA AHORA,Formosa,NEA,Formosa,https://www.formosaahora.com.ar,"Paula Cattaneo: una mujer que inspira con su trayectoria, liderazgo y compromiso con la comunidad"
2026-06-23,2026-W26,provincial,EL TERRITORIO,Misiones,NEA,Posadas,https://www.elterritorio.com.ar,Caso Calixto: dos de los detenidos serán indagados este miércoles
2026-06-23,2026-W26,provincial,EL TERRITORIO,Misiones,NEA,Posadas,https://www.elterritorio.com.ar,De residuo a recurso: investigan el potencial de los palitos de yerba mate para producir biocarbón
2026-06-23,2026-W26,provincial,EL TERRITORIO,Misiones,NEA,Posadas,https://www.elterritorio.com.ar,Básquet: La final provincial ya tiene a sus protagonistas
2026-06-23,2026-W26,provincial,EL TERRITORIO,Misiones,NEA,Posadas,https://www.elterritorio.com.ar,Argentina volvió a entrenarse tras el triunfo ante Austria: la formación inédita que evalúa Scaloni ante Jordania
2026-06-23,2026-W26,provincial,EL TERRITORIO,Misiones,NEA,Posadas,https://www.elterritorio.com.ar,Colombia va por la clasificación ante RD Congo
2026-06-23,2026-W26,provincial,EL TERRITORIO,Misiones,NEA,Posadas,https://www.elterritorio.com.ar,Inglaterra y Ghana igualaron sin goles y repartieron puntos en el Mundial 2026
2026-06-23,2026-W26,provincial,EL TERRITORIO,Misiones,NEA,Posadas,https://www.elterritorio.com.ar,La sanción para Almirón tras su insólita expulsión contra Turquía
2026-06-23,2026-W26,provincial,EL TERRITORIO,Misiones,NEA,Posadas,https://www.elterritorio.com.ar,Cristiano Ronaldo se sacó la mufa con Portugal y estableció tres récords en el Mundial 2026
2026-06-23,2026-W26,provincial,EL TERRITORIO,Misiones,NEA,Posadas,https://www.elterritorio.com.ar,Se destapó Portugal: doblete récord de Cristiano Ronaldo y goleada ante Uzbekistán
2026-06-23,2026-W26,provincial,EL TERRITORIO,Misiones,NEA,Posadas,https://www.elterritorio.com.ar,"Julián Álvarez: ""Creo que lo mejor para todos es una transferencia”"
2026-06-23,2026-W26,provincial,EL TERRITORIO,Misiones,NEA,Posadas,https://www.elterritorio.com.ar,"Messi, Haaland y Mbappé se disputan el título de goleador del Mundial"
2026-06-23,2026-W26,provincial,EL TERRITORIO,Misiones,NEA,Posadas,https://www.elterritorio.com.ar,Puerto Rico lanzó una plataforma digital gratuita para conectar trabajadores locales con vecinos
2026-06-23,2026-W26,provincial,EL TERRITORIO,Misiones,NEA,Posadas,https://www.elterritorio.com.ar,El consumo masivo acumula una baja de 3% en los primeros cinco meses del año
2026-06-23,2026-W26,provincial,EL TERRITORIO,Misiones,NEA,Posadas,https://www.elterritorio.com.ar,Tenis: Labuckas se coronó campeón en el Torneo 98° Aniversario del Itapúa
2026-06-23,2026-W26,provincial,EL TERRITORIO,Misiones,NEA,Posadas,https://www.elterritorio.com.ar,"Posadas sumó empleo, pero crecen la informalidad y las dificultades para los jóvenes"
2026-06-23,2026-W26,provincial,EL TERRITORIO,Misiones,NEA,Posadas,https://www.elterritorio.com.ar,"Participación ciudadana, tecnología y prevención: apuestas en seguridad del Ministerio de Gobierno"
2026-06-23,2026-W26,provincial,EL TERRITORIO,Misiones,NEA,Posadas,https://www.elterritorio.com.ar,Atraparon a una pareja que robó un almacén en Bernardo de Irigoyen
2026-06-23,2026-W26,provincial,EL TERRITORIO,Misiones,NEA,Posadas,https://www.elterritorio.com.ar,Mara López debuta esta madrugada en el Mundial Junior de handball con la Selección argentina
2026-06-23,2026-W26,provincial,EL TERRITORIO,Misiones,NEA,Posadas,https://www.elterritorio.com.ar,Integrantes del Hogar San Ramón participaron de un Taller de Pintura Familiar
2026-06-23,2026-W26,provincial,EL TERRITORIO,Misiones,NEA,Posadas,https://www.elterritorio.com.ar,Cerro Azul: recuperan más de $14 millones y detienen a dos sospechosos
2026-06-23,2026-W26,provincial,EL TERRITORIO,Misiones,NEA,Posadas,https://www.elterritorio.com.ar,"“No es nueva deuda, sino refinanciamiento”: Caputo justificó la toma de deuda por US$ 5.000 millones"
2026-06-23,2026-W26,provincial,EL TERRITORIO,Misiones,NEA,Posadas,https://www.elterritorio.com.ar,No hubo quórum y cayó la sesión para interpelar a Adorni
2026-06-23,2026-W26,provincial,EL TERRITORIO,Misiones,NEA,Posadas,https://www.elterritorio.com.ar,"Se emborrachó tras la victoria de Argentina, se subió a una retroexcavadora y destrozó siete autos en Concordia"
2026-06-23,2026-W26,provincial,EL TERRITORIO,Misiones,NEA,Posadas,https://www.elterritorio.com.ar,Misiones fortalece políticas de reinserción social junto a las fundaciones Espartanos y Tackleando Muros
2026-06-23,2026-W26,provincial,EL TERRITORIO,Misiones,NEA,Posadas,https://www.elterritorio.com.ar,Vecinos rechazan el anuncio de la construcción del monumento a la biblia en Iguazú
2026-06-23,2026-W26,provincial,EL TERRITORIO,Misiones,NEA,Posadas,https://www.elterritorio.com.ar,Espert deberá declarar ante la Justicia por presunto lavado de dinero la semana que viene
2026-06-23,2026-W26,provincial,EL TERRITORIO,Misiones,NEA,Posadas,https://www.elterritorio.com.ar,Destacan la importancia de la vacunación para prevenir enfermedades respiratorias
2026-06-23,2026-W26,provincial,EL TERRITORIO,Misiones,NEA,Posadas,https://www.elterritorio.com.ar,La Noche de San Juan: los rituales para hacer en la tradición de las hogueras
2026-06-23,2026-W26,provincial,EL TERRITORIO,Misiones,NEA,Posadas,https://www.elterritorio.com.ar,Apareció la mujer que era buscada en Garupá desde el lunes
2026-06-23,2026-W26,provincial,EL TERRITORIO,Misiones,NEA,Posadas,https://www.elterritorio.com.ar,Posadas refuerza la asistencia a personas en situación de calle ante la ola de frío
2026-06-23,2026-W26,provincial,EL TERRITORIO,Misiones,NEA,Posadas,https://www.elterritorio.com.ar,La Pampa: cuatro personas murieron al quedar atrapadas en un auto que cayó a un canal
2026-06-23,2026-W26,provincial,EL TERRITORIO,Misiones,NEA,Posadas,https://www.elterritorio.com.ar,Reprograman Fan Fest para el 3 de julio en La Cascada de Posadas
2026-06-23,2026-W26,provincial,EL TERRITORIO,Misiones,NEA,Posadas,https://www.elterritorio.com.ar,Anne Hathaway confirmó que está embarazada: espera a su tercer hijo junto a su esposo Adam Shulman
2026-06-23,2026-W26,provincial,EL TERRITORIO,Misiones,NEA,Posadas,https://www.elterritorio.com.ar,"Posadas revive la tradicional Fiesta de San Juan con música, danza y juegos populares"
2026-06-23,2026-W26,provincial,EL TERRITORIO,Misiones,NEA,Posadas,https://www.elterritorio.com.ar,Luis Belforte ofrecerá una charla abierta sobre gestión artística
2026-06-23,2026-W26,provincial,EL TERRITORIO,Misiones,NEA,Posadas,https://www.elterritorio.com.ar,Constanza Núñez volvió al tatami y regresó con una medalla dorada
2026-06-23,2026-W26,provincial,EL TERRITORIO,Misiones,NEA,Posadas,https://www.elterritorio.com.ar,Capri sigue imparable y Centro cayó ante Carayá en la quinta fecha
2026-06-23,2026-W26,provincial,EL TERRITORIO,Misiones,NEA,Posadas,https://www.elterritorio.com.ar,Los misioneros se destacaron en la primera fecha del Argentino de Karting en Córdoba
2026-06-23,2026-W26,provincial,EL TERRITORIO,Misiones,NEA,Posadas,https://www.elterritorio.com.ar,Semana clave en el juicio por la desaparición de Loan: podrían hablar los acusados y se espera que declaren los primeros testigos
2026-06-23,2026-W26,provincial,EL TERRITORIO,Misiones,NEA,Posadas,https://www.elterritorio.com.ar,Salud aprobó un nuevo plan para frenar la resistencia a los antimicrobianos en Argentina
2026-06-23,2026-W26,provincial,EL TERRITORIO,Misiones,NEA,Posadas,https://www.elterritorio.com.ar,Javier Lanari deja el cargo de Secretario de Comunicación y Prensa
2026-06-23,2026-W26,provincial,EL TERRITORIO,Misiones,NEA,Posadas,https://www.elterritorio.com.ar,Jorge Messi recibió el alta médica y volvió a Rosario para continuar con su recuperación
2026-06-23,2026-W26,provincial,EL TERRITORIO,Misiones,NEA,Posadas,https://www.elterritorio.com.ar,La Selección Argentina regresó a Kansas con la clasificación y el primer puesto del Grupo J
2026-06-23,2026-W26,provincial,EL TERRITORIO,Misiones,NEA,Posadas,https://www.elterritorio.com.ar,Argelia le ganó a Jordania y Argentina se quedó con el Grupo J del Mundial 2026
2026-06-23,2026-W26,provincial,EL TERRITORIO,Misiones,NEA,Posadas,https://www.elterritorio.com.ar,El Fixture de El Territorio para seguir los resultados y los posibles cruces en tiempo real
2026-06-23,2026-W26,provincial,EL TERRITORIO,Misiones,NEA,Posadas,https://www.elterritorio.com.ar,"Docencia y defensa, caminos de una larga trayectoria en el derecho"
2026-06-23,2026-W26,provincial,EL TERRITORIO,Misiones,NEA,Posadas,https://www.elterritorio.com.ar,“Dirigir bien una orquesta es lograr que cada músico logre la mejor versión de su partitura”
2026-06-23,2026-W26,provincial,EL TERRITORIO,Misiones,NEA,Posadas,https://www.elterritorio.com.ar,“La función social de los clubes es clave y el valor no es solamente si se gana o no”
2026-06-23,2026-W26,provincial,EL TERRITORIO,Misiones,NEA,Posadas,https://www.elterritorio.com.ar,"“A la persona que sufre no le importa si escribiste artículos, quiere que estés ahí”"
2026-06-23,2026-W26,provincial,EL TERRITORIO,Misiones,NEA,Posadas,https://www.elterritorio.com.ar,Romper la barrera del tiempo
2026-06-23,2026-W26,provincial,MISIONES ON LINE,Misiones,NEA,Posadas,https://www.misionesonline.net,"La economía argentina creció 0,7% en el primer trimestre de 2026 y tuvo una expansión interanual del 2,3%"
2026-06-23,2026-W26,provincial,MISIONES ON LINE,Misiones,NEA,Posadas,https://www.misionesonline.net,El dólar oficial subió por sexta rueda consecutiva y recuperó los niveles de comienzos de año
2026-06-23,2026-W26,provincial,MISIONES ON LINE,Misiones,NEA,Posadas,https://www.misionesonline.net,"Con cruce de brasas y toro candil, Posadas celebra esta noche la Fiesta de San Juan frente al Parque Vicario"
2026-06-23,2026-W26,provincial,MISIONES ON LINE,Misiones,NEA,Posadas,https://www.misionesonline.net,Por qué se celebra la Fiesta de San Juan: las raíces de una conmemoración que llegó con la inmigración y se instaló en los...
2026-06-23,2026-W26,provincial,MISIONES ON LINE,Misiones,NEA,Posadas,https://www.misionesonline.net,Posadas | La Murga de la Estación celebra San Juan con un gran evento en su nueva sede por avenida Trincheras
2026-06-23,2026-W26,provincial,MISIONES ON LINE,Misiones,NEA,Posadas,https://www.misionesonline.net,"Noche de San Juan: las pruebas, rituales y tradiciones que sobreviven en Misiones, el Litoral y Paraguay"
2026-06-23,2026-W26,provincial,MISIONES ON LINE,Misiones,NEA,Posadas,https://www.misionesonline.net,"Tras el freno de su interpelación en Diputados, también se suspendió el informe de gestión de Adorni en el Senado"
2026-06-23,2026-W26,provincial,MISIONES ON LINE,Misiones,NEA,Posadas,https://www.misionesonline.net,"Los salarios registrados en el país le ganaron a la inflación en abril, pero siguen casi 4% real por debajo de septiembre"
2026-06-23,2026-W26,provincial,MISIONES ON LINE,Misiones,NEA,Posadas,https://www.misionesonline.net,"Mundial 2026 | Tras el partido de trámite de este sábado ante Jordania, cuándo jugará Argentina el partido de 16avos de final y cuáles son sus posibles rivales"
2026-06-23,2026-W26,provincial,MISIONES ON LINE,Misiones,NEA,Posadas,https://www.misionesonline.net,Mundial 2026 | Inglaterra y Ghana empataron sin goles y dejaron abierta la definición del Grupo L
2026-06-23,2026-W26,provincial,MISIONES ON LINE,Misiones,NEA,Posadas,https://www.misionesonline.net,Mundial 2026: Portugal goleó 5-0 a Uzbekistán con doblete histórico de Cristiano Ronaldo
2026-06-23,2026-W26,provincial,MISIONES ON LINE,Misiones,NEA,Posadas,https://www.misionesonline.net,"Klose habló tras el récord de Messi en mundiales: “Es para mí el mejor futbolista de todos los tiempos, felicidades campeón»"
2026-06-23,2026-W26,provincial,MISIONES ON LINE,Misiones,NEA,Posadas,https://www.misionesonline.net,Mundial 2026 | El particular festejo vikingo de Noruega con sus hinchas tras clasificar a la próxima ronda
2026-06-23,2026-W26,provincial,MISIONES ON LINE,Misiones,NEA,Posadas,https://www.misionesonline.net,Mundial 2026: Argentina aseguró el primer puesto del Grupo J tras el triunfo de Argelia ante Jordania
2026-06-23,2026-W26,provincial,MISIONES ON LINE,Misiones,NEA,Posadas,https://www.misionesonline.net,Safrán destacó el bajo empleo público en Misiones y advirtió que la Nación reconoce la caída del consumo
2026-06-23,2026-W26,provincial,MISIONES ON LINE,Misiones,NEA,Posadas,https://www.misionesonline.net,El Ministerio del Agro puso en marcha la hoja de ruta para el desarrollo del café misionero
2026-06-23,2026-W26,provincial,MISIONES ON LINE,Misiones,NEA,Posadas,https://www.misionesonline.net,Alerta por frío extremo y heladas en Misiones: hasta cuánto bajarán las temperaturas y para cuándo se prevé un repunte térmico
2026-06-23,2026-W26,provincial,MISIONES ON LINE,Misiones,NEA,Posadas,https://www.misionesonline.net,"Resfríos, rinitis y fiebre: los primeros síntomas que impulsan la demanda de antigripales en Posadas"
2026-06-23,2026-W26,provincial,MISIONES ON LINE,Misiones,NEA,Posadas,https://www.misionesonline.net,Frío en Posadas | El Centro de Prevención Nocturno refuerza la asistencia con más de 40 plazas disponibles: “Pueden contar con nosotros”
2026-06-23,2026-W26,provincial,MISIONES ON LINE,Misiones,NEA,Posadas,https://www.misionesonline.net,Se disparan los casos de gripe: el infectólogo Hugo Pizzi advierte sobre el colapso hospitalario en el país y la baja vacunación
2026-06-23,2026-W26,provincial,MISIONES ON LINE,Misiones,NEA,Posadas,https://www.misionesonline.net,Conflicto por tierras en Garupá: detuvieron a una médica y su defensa afirma que actuaba por un reclamo de propiedad en disputa judicial
2026-06-23,2026-W26,provincial,MISIONES ON LINE,Misiones,NEA,Posadas,https://www.misionesonline.net,Allanaron una casa en Posadas e incautaron equipos en una causa por material de abuso sexual infantil: decomisaron celulares y una tablet
2026-06-23,2026-W26,provincial,MISIONES ON LINE,Misiones,NEA,Posadas,https://www.misionesonline.net,Exhiben la muestra “Vida entre Árboles” en la plaza 9 de Julio de Posadas para concientizar sobre el cuidado del patrimonio natural e identitario...
2026-06-23,2026-W26,provincial,MISIONES ON LINE,Misiones,NEA,Posadas,https://www.misionesonline.net,Misiones fortalece políticas de reinserción social junto a las fundaciones Espartanos y Tacleando Muros
2026-06-23,2026-W26,provincial,MISIONES ON LINE,Misiones,NEA,Posadas,https://www.misionesonline.net,El ajuste de Nación al INTA impacta en Misiones: 43 trabajadores aceptaron el retiro voluntario y advierten que “hay sectores que quedaron prácticamente vacíos”
2026-06-23,2026-W26,provincial,MISIONES ON LINE,Misiones,NEA,Posadas,https://www.misionesonline.net,Tiroteo durante un operativo policial en Brasil dejó cuatro muertos y decenas de turistas argentinos atrapados en medio del fuego cruzado
2026-06-23,2026-W26,provincial,MISIONES ON LINE,Misiones,NEA,Posadas,https://www.misionesonline.net,"Caléndula, una planta resistente al frío que aporta color y beneficios al jardín"
2026-06-23,2026-W26,provincial,MISIONES ON LINE,Misiones,NEA,Posadas,https://www.misionesonline.net,Garupá | Un camión chocó contra una motocicleta y por el impacto el conductor del rodado menor terminó hospitalizado
2026-06-23,2026-W26,provincial,MISIONES ON LINE,Misiones,NEA,Posadas,https://www.misionesonline.net,La Justicia citó a indagatoria a José Luis Espert el 30 de junio en la causa por presunto lavado de dinero
2026-06-23,2026-W26,provincial,MISIONES ON LINE,Misiones,NEA,Posadas,https://www.misionesonline.net,"Usuarios reportan fallas e intermitencias en las plataformas de Instagram, Facebook y WhatsApp"
2026-06-23,2026-W26,provincial,MISIONES ON LINE,Misiones,NEA,Posadas,https://www.misionesonline.net,"Mundial 2026 | Tras el partido de trámite de este sábado ante Jordania, cuándo jugará Argentina el partido de 16avos de final y cuáles..."
2026-06-23,2026-W26,provincial,MISIONES ON LINE,Misiones,NEA,Posadas,https://www.misionesonline.net,Misiones fortalece la educación ambiental y el turismo sostenible con una capacitación para docentes
2026-06-23,2026-W26,provincial,MISIONES ON LINE,Misiones,NEA,Posadas,https://www.misionesonline.net,El Ballet Kolomeia celebra 40 años con una gran Gala Ucraniana en Posadas
2026-06-23,2026-W26,provincial,MISIONES ON LINE,Misiones,NEA,Posadas,https://www.misionesonline.net,Alerta cerealera: Brasil amenaza con desbancar a Argentina en exportaciones de derivados de soja
2026-06-23,2026-W26,provincial,MISIONES ON LINE,Misiones,NEA,Posadas,https://www.misionesonline.net,Identificaron a dos sospechosos por el robo de una riñonera en Posadas: secuestraron la moto utilizada en el hecho
2026-06-23,2026-W26,provincial,MISIONES ON LINE,Misiones,NEA,Posadas,https://www.misionesonline.net,Julio De Vido recibió tres años de prisión condicional en la causa de los gasoductos y suma cuatro condenas por corrupción
2026-06-23,2026-W26,provincial,MISIONES ON LINE,Misiones,NEA,Posadas,https://www.misionesonline.net,Misiones refuerza la reinserción social a través del deporte en unidades penitenciarias
2026-06-23,2026-W26,provincial,MISIONES ON LINE,Misiones,NEA,Posadas,https://www.misionesonline.net,"La era del clima extremo | El nuevo informe sobre IGCC alerta por emisiones récord, aceleración del calentamiento global y aumento del nivel del..."
2026-06-23,2026-W26,provincial,MISIONES ON LINE,Misiones,NEA,Posadas,https://www.misionesonline.net,"Europa sufre una ola de calor extrema con muertes y récords: Francia, España y Gran Bretaña en alerta por temperaturas inéditas"
2026-06-23,2026-W26,provincial,MISIONES ON LINE,Misiones,NEA,Posadas,https://www.misionesonline.net,"Rusia intensificó ataques con misiles y drones: tres muertos, un buque mercante incendiado y daños en infraestructura ucraniana"
2026-06-23,2026-W26,provincial,MISIONES ON LINE,Misiones,NEA,Posadas,https://www.misionesonline.net,El candidato derechista Abelardo de la Espriella ganó por un punto según el primer recuento del ballotage presidencial en Colombia
2026-06-23,2026-W26,provincial,MISIONES ON LINE,Misiones,NEA,Posadas,https://www.misionesonline.net,Trump obstaculiza con nuevas amenazas las negociaciones en Suiza del acuerdo de paz entre Estados Unidos e Irán
2026-06-23,2026-W26,provincial,MISIONES ON LINE,Misiones,NEA,Posadas,https://www.misionesonline.net,Análisis semanal | Encuentros y desencuentros en la política misionera
2026-06-23,2026-W26,provincial,MISIONES ON LINE,Misiones,NEA,Posadas,https://www.misionesonline.net,El Estado que audita cenizas: cuando el control llega después del escándalo
2026-06-23,2026-W26,provincial,MISIONES ON LINE,Misiones,NEA,Posadas,https://www.misionesonline.net,"Pese a todo, seguimos siendo inocentes"
2026-06-23,2026-W26,provincial,MISIONES ON LINE,Misiones,NEA,Posadas,https://www.misionesonline.net,El botón que desnudó la grieta: cómo la IA de X expuso el crudo racismo del fútbol hispanohablante ante el mundo sajón
2026-06-23,2026-W26,provincial,MISIONES ON LINE,Misiones,NEA,Posadas,https://www.misionesonline.net,El dólar oficial avanza por sexta rueda consecutiva y registra su mayor suba mensual desde octubre
2026-06-23,2026-W26,provincial,MISIONES ON LINE,Misiones,NEA,Posadas,https://www.misionesonline.net,Docentes agropecuarios podrán capacitarse en tecnologías hortícolas sustentables en el Centro Hortícola de San Vicente
2026-06-23,2026-W26,provincial,MISIONES ON LINE,Misiones,NEA,Posadas,https://www.misionesonline.net,#DeciloComoPuedas: una campaña nacional que brinda herramientas para empezar a hablar de sexualidad y vínculos en casa
2026-06-23,2026-W26,provincial,MISIONES ON LINE,Misiones,NEA,Posadas,https://www.misionesonline.net,Un club de fútbol de Corrientes escrachará a sus socios morosos y les dio 15 días para regularizar deudas
2026-06-23,2026-W26,provincial,PRIMERA EDICIÓN,Misiones,NEA,Posadas,https://www.primeraedicion.com.ar,Primera Edición
2026-06-23,2026-W26,provincial,PRIMERA EDICIÓN,Misiones,NEA,Posadas,https://www.primeraedicion.com.ar,Nicolás Occhiato rompió el silencio tras la polémica en Luzu: “No merecen mi respeto”
2026-06-23,2026-W26,provincial,PRIMERA EDICIÓN,Misiones,NEA,Posadas,https://www.primeraedicion.com.ar,"Emoción, nostalgia y expectativa de chicos y grandes en el pre-estreno de “Toy Story 5” en Posadas"
2026-06-23,2026-W26,provincial,PRIMERA EDICIÓN,Misiones,NEA,Posadas,https://www.primeraedicion.com.ar,"Un corredor natural, rico en aguas profundas"
2026-06-23,2026-W26,provincial,PRIMERA EDICIÓN,Misiones,NEA,Posadas,https://www.primeraedicion.com.ar,"Las “Ruinas” de Santa Ana, 366 años de rica historia (casi virgen) por descubrir"
2026-06-23,2026-W26,provincial,PRIMERA EDICIÓN,Misiones,NEA,Posadas,https://www.primeraedicion.com.ar,El cielo que volvió con ella
2026-06-23,2026-W26,provincial,PRIMERA EDICIÓN,Misiones,NEA,Posadas,https://www.primeraedicion.com.ar,Aseguran que los jubilados cobran casi $100 mil menos por el cambio en la fórmula de movilidad
2026-06-23,2026-W26,provincial,PRIMERA EDICIÓN,Misiones,NEA,Posadas,https://www.primeraedicion.com.ar,Arjona hace historia en Argentina: agotó nuevas funciones y alcanzará los 18 Movistar Arena
2026-06-23,2026-W26,provincial,PRIMERA EDICIÓN,Misiones,NEA,Posadas,https://www.primeraedicion.com.ar,Premios Gardel 2026: Milo J se quedó con el Oro
2026-06-23,2026-W26,provincial,PRIMERA EDICIÓN,Misiones,NEA,Posadas,https://www.primeraedicion.com.ar,ANSES confirmó el aumento para jubilados en junio 2026: cuánto cobrarán con aguinaldo y nuevos haberes
2026-06-23,2026-W26,provincial,PRIMERA EDICIÓN,Misiones,NEA,Posadas,https://www.primeraedicion.com.ar,ANSeS oficializó los nuevos haberes de junio: cuánto cobrarán jubilados y pensionados
2026-06-23,2026-W26,provincial,PRIMERA EDICIÓN,Misiones,NEA,Posadas,https://www.primeraedicion.com.ar,“El de la foto del Che”
2026-06-23,2026-W26,provincial,PRIMERA EDICIÓN,Misiones,NEA,Posadas,https://www.primeraedicion.com.ar,Cómo combatir las malezas de la huerta sin utilizar químicos
2026-06-23,2026-W26,provincial,PRIMERA EDICIÓN,Misiones,NEA,Posadas,https://www.primeraedicion.com.ar,"La cúrcuma, el “oro amarillo” que se suma como opción en la producción"
2026-06-23,2026-W26,provincial,PRIMERA EDICIÓN,Misiones,NEA,Posadas,https://www.primeraedicion.com.ar,El potencial de los palitos de yerba para producir biocarbón
2026-06-23,2026-W26,provincial,PRIMERA EDICIÓN,Misiones,NEA,Posadas,https://www.primeraedicion.com.ar,Debate sobre la responsabilidad de los tutores y la identificación obligatoria de mascotas
2026-06-23,2026-W26,provincial,PRIMERA EDICIÓN,Misiones,NEA,Posadas,https://www.primeraedicion.com.ar,El mercado inmobiliario y el derecho del consumidor: una protección que muchos aún desconocen
2026-06-23,2026-W26,provincial,PRIMERA EDICIÓN,Misiones,NEA,Posadas,https://www.primeraedicion.com.ar,"¿Loteo, barrio privado o club de campo? La elección que va más allá del precio del terreno"
2026-06-23,2026-W26,provincial,PRIMERA EDICIÓN,Misiones,NEA,Posadas,https://www.primeraedicion.com.ar,"La pregunta ya no es qué puede hacer la IA, sino qué puede descubrir"
2026-06-23,2026-W26,provincial,PRIMERA EDICIÓN,Misiones,NEA,Posadas,https://www.primeraedicion.com.ar,Quién financiará la naturaleza: el gran dilema económico del siglo XXI
2026-06-23,2026-W26,provincial,PRIMERA EDICIÓN,Misiones,NEA,Posadas,https://www.primeraedicion.com.ar,Generación del Grado Cero: la educación bajo presión extrema
2026-06-23,2026-W26,provincial,PRIMERA EDICIÓN,Misiones,NEA,Posadas,https://www.primeraedicion.com.ar,"Pollo General Tso: el bocado crujiente, picante y adictivo que podés hacer en casa"
2026-06-23,2026-W26,provincial,PRIMERA EDICIÓN,Misiones,NEA,Posadas,https://www.primeraedicion.com.ar,"Feijoada con todo, para cocinar sin apuro y disfrutar con amigos"
2026-06-23,2026-W26,provincial,PRIMERA EDICIÓN,Misiones,NEA,Posadas,https://www.primeraedicion.com.ar,Patamuslo cuatro quesos: el plato bomba para combatir el frío
2026-06-23,2026-W26,provincial,PRIMERA EDICIÓN,Misiones,NEA,Posadas,https://www.primeraedicion.com.ar,"El guiso carrero que pide el frío: cuchara, olla y sobremesa larga"
2026-06-23,2026-W26,provincial,PRIMERA EDICIÓN,Misiones,NEA,Posadas,https://www.primeraedicion.com.ar,Empanadas salteñas: el secreto está en el relleno (y en el jugo que no perdona)
2026-06-23,2026-W26,provincial,PRIMERA EDICIÓN,Misiones,NEA,Posadas,https://www.primeraedicion.com.ar,Allanamiento en Posadas por una investigación de material de abuso sexual infantil
2026-06-23,2026-W26,provincial,PRIMERA EDICIÓN,Misiones,NEA,Posadas,https://www.primeraedicion.com.ar,Escándalo Julián Álvarez: Atlético de Madrid denunciaría al Barcelona ante la FIFA
2026-06-23,2026-W26,provincial,PRIMERA EDICIÓN,Misiones,NEA,Posadas,https://www.primeraedicion.com.ar,Efecto “motosierra”: “La situación económica actual impacta sobre la salud mental”
2026-06-23,2026-W26,provincial,PRIMERA EDICIÓN,Misiones,NEA,Posadas,https://www.primeraedicion.com.ar,Aprueban plan nacional para promover el uso adecuado de los antimicrobianos
2026-06-23,2026-W26,provincial,PRIMERA EDICIÓN,Misiones,NEA,Posadas,https://www.primeraedicion.com.ar,"Le robó el televisor a su madre, lo vendió y terminó detenido"
2026-06-23,2026-W26,provincial,PRIMERA EDICIÓN,Misiones,NEA,Posadas,https://www.primeraedicion.com.ar,Detuvieron a dos sospechosos por millonario robo
2026-06-23,2026-W26,provincial,PRIMERA EDICIÓN,Misiones,NEA,Posadas,https://www.primeraedicion.com.ar,Misiones ya perdió más de mil empresas empleadoras desde la llegada de Javier Milei
2026-06-23,2026-W26,provincial,PRIMERA EDICIÓN,Misiones,NEA,Posadas,https://www.primeraedicion.com.ar,Cómo proteger a perros y gatos durante los días de frío extremo
2026-06-23,2026-W26,provincial,PRIMERA EDICIÓN,Misiones,NEA,Posadas,https://www.primeraedicion.com.ar,Detienen a un joven acusado de robo y recuperan los objetos sustraídos en Posadas
2026-06-23,2026-W26,provincial,PRIMERA EDICIÓN,Misiones,NEA,Posadas,https://www.primeraedicion.com.ar,Un futbolista italiano campeón en Inglaterra visitó las Cataratas del Iguazú durante sus vacaciones
2026-06-23,2026-W26,provincial,PRIMERA EDICIÓN,Misiones,NEA,Posadas,https://www.primeraedicion.com.ar,“No respondo”: Cristiano Ronaldo evitó una pregunta en la que le nombraron a Lionel Messi
2026-06-23,2026-W26,provincial,PRIMERA EDICIÓN,Misiones,NEA,Posadas,https://www.primeraedicion.com.ar,Detuvieron a dos sospechosos por el robo a un almacén y recuperaron parte de los elementos sustraídos
2026-06-23,2026-W26,provincial,PRIMERA EDICIÓN,Misiones,NEA,Posadas,https://www.primeraedicion.com.ar,Sorpresiva suspensión del informe de gestión de Adorni en el Senado
2026-06-23,2026-W26,provincial,PRIMERA EDICIÓN,Misiones,NEA,Posadas,https://www.primeraedicion.com.ar,Refuerzan la asistencia a personas en situación de calle por la ola de frío en Posadas
2026-06-23,2026-W26,provincial,PRIMERA EDICIÓN,Misiones,NEA,Posadas,https://www.primeraedicion.com.ar,Sigue el frío en Misiones con mínimas cercanas a los 0°C y probabilidad de heladas
2026-06-23,2026-W26,provincial,PRIMERA EDICIÓN,Misiones,NEA,Posadas,https://www.primeraedicion.com.ar,Un motociclista de 20 años resultó herido tras chocar con un camión en Garupá
2026-06-23,2026-W26,provincial,PRIMERA EDICIÓN,Misiones,NEA,Posadas,https://www.primeraedicion.com.ar,"Inglaterra no pudo con Ghana, empató sin goles y dejó abierta la definición del Grupo I"
2026-06-23,2026-W26,provincial,PRIMERA EDICIÓN,Misiones,NEA,Posadas,https://www.primeraedicion.com.ar,"Usuarios reportaron fallas en Instagram, Facebook y WhatsApp en distintos países"
2026-06-23,2026-W26,provincial,PRIMERA EDICIÓN,Misiones,NEA,Posadas,https://www.primeraedicion.com.ar,Hallan un cuerpo con un disparo en la cabeza flotando en el río Paraná
2026-06-23,2026-W26,provincial,PRIMERA EDICIÓN,Misiones,NEA,Posadas,https://www.primeraedicion.com.ar,Autorizan aumento en el servicio de corta y media distancia en Misiones
2026-06-23,2026-W26,provincial,PRIMERA EDICIÓN,Misiones,NEA,Posadas,https://www.primeraedicion.com.ar,El padre de Lionel Messi ya fue dado de alta médica y lleva tranquilidad a toda su familia
2026-06-23,2026-W26,provincial,PRIMERA EDICIÓN,Misiones,NEA,Posadas,https://www.primeraedicion.com.ar,Misiones avanza en la organización del café y consolida una mesa provincial del sector
2026-06-23,2026-W26,provincial,PRIMERA EDICIÓN,Misiones,NEA,Posadas,https://www.primeraedicion.com.ar,Condenaron a Julio De Vido a prisión por irregularidades en la contratación de Odebrecht
2026-06-23,2026-W26,provincial,PRIMERA EDICIÓN,Misiones,NEA,Posadas,https://www.primeraedicion.com.ar,Scaloni prepara una rotación en Argentina para cerrar el grupo ante Jordania
2026-06-23,2026-W26,provincial,ADN SUR,Chubut,Patagonia,Comodoro Rivadavia,https://www.adnsur.com.ar,Farmacias de turno
2026-06-23,2026-W26,provincial,ADN SUR,Chubut,Patagonia,Comodoro Rivadavia,https://www.adnsur.com.ar,Cortaron el agua en 24 barrios de Comodoro por una avería en un subacueducto principal
2026-06-23,2026-W26,provincial,ADN SUR,Chubut,Patagonia,Comodoro Rivadavia,https://www.adnsur.com.ar,Violencia en Comodoro: así fue el tiroteo en la zona alta del barrio Pietrobelli
2026-06-23,2026-W26,provincial,ADN SUR,Chubut,Patagonia,Comodoro Rivadavia,https://www.adnsur.com.ar,Las familias desalojadas en El Faro denunciaron una estafa: “Los lotes se habrían vendido en hasta USD 30.000”
2026-06-23,2026-W26,provincial,ADN SUR,Chubut,Patagonia,Comodoro Rivadavia,https://www.adnsur.com.ar,Un obrero sufrió una fuerte caída mientras trabajaba en la parte alta de una vivienda en Comodoro
2026-06-23,2026-W26,provincial,ADN SUR,Chubut,Patagonia,Comodoro Rivadavia,https://www.adnsur.com.ar,La fuerte sospecha de Iturrioz tras el asalto al camión de la ruta 3: “Alguien sabía cuánto dinero llevaba”
2026-06-23,2026-W26,provincial,ADN SUR,Chubut,Patagonia,Comodoro Rivadavia,https://www.adnsur.com.ar,Las ventas por el Día del Padre volvieron a caer y confirmaron una tendencia que se consolida
2026-06-23,2026-W26,provincial,ADN SUR,Chubut,Patagonia,Comodoro Rivadavia,https://www.adnsur.com.ar,"Discutió con su amigo, lo asesinó de un tiro en la cabeza y pide que le reduzcan la condena"
2026-06-23,2026-W26,provincial,ADN SUR,Chubut,Patagonia,Comodoro Rivadavia,https://www.adnsur.com.ar,"En los últimos dos meses, 250 personas se anotaron en Comodoro en busca de trabajo"
2026-06-23,2026-W26,provincial,ADN SUR,Chubut,Patagonia,Comodoro Rivadavia,https://www.adnsur.com.ar,Concejales de Torres impulsan ordenanza para reasignar tierras a la Zona Franca y destrabar el proyecto de maricultura en Comodoro
2026-06-23,2026-W26,provincial,ADN SUR,Chubut,Patagonia,Comodoro Rivadavia,https://www.adnsur.com.ar,El IPV recuperó una casa ocupada irregularmente y la entregó a una familia que esperaba desde 2004
2026-06-23,2026-W26,provincial,ADN SUR,Chubut,Patagonia,Comodoro Rivadavia,https://www.adnsur.com.ar,Adorni ratificó que irá al Senado el 2 de julio para presentar su informe de gestión
2026-06-23,2026-W26,provincial,ADN SUR,Chubut,Patagonia,Comodoro Rivadavia,https://www.adnsur.com.ar,Revelan cómo fue el accidente doméstico en el que murió un joven aplastado por un árbol
2026-06-23,2026-W26,provincial,ADN SUR,Chubut,Patagonia,Comodoro Rivadavia,https://www.adnsur.com.ar,Cuatro autos protagonizaron un duro choque en cadena en Comodoro
2026-06-23,2026-W26,provincial,ADN SUR,Chubut,Patagonia,Comodoro Rivadavia,https://www.adnsur.com.ar,"Carlos Linares le abre la puerta a su salida del Senado, pero advierte que ""un llamado de Cristina"" podría revertir su decisión"
2026-06-23,2026-W26,provincial,ADN SUR,Chubut,Patagonia,Comodoro Rivadavia,https://www.adnsur.com.ar,Se hundió una calle del barrio San Cayetano y trabajan para reparar el socavón
2026-06-23,2026-W26,provincial,ADN SUR,Chubut,Patagonia,Comodoro Rivadavia,https://www.adnsur.com.ar,"21:05 Wanda Nara destrozó a Mauro Icardi y lo mandó al frente con las cuotas alimentarias: “Debe más de..."""
2026-06-23,2026-W26,provincial,ADN SUR,Chubut,Patagonia,Comodoro Rivadavia,https://www.adnsur.com.ar,20:31 Paper CR realizó una donación a la Asociación Nosotros También y proyecta abrir una distribuidora en Comodoro
2026-06-23,2026-W26,provincial,ADN SUR,Chubut,Patagonia,Comodoro Rivadavia,https://www.adnsur.com.ar,19:52 Adorni ratificó que irá al Senado el 2 de julio para presentar su informe de gestión
2026-06-23,2026-W26,provincial,ADN SUR,Chubut,Patagonia,Comodoro Rivadavia,https://www.adnsur.com.ar,19:49 Cortaron el agua en 24 barrios de Comodoro por una avería en un subacueducto principal
2026-06-23,2026-W26,provincial,ADN SUR,Chubut,Patagonia,Comodoro Rivadavia,https://www.adnsur.com.ar,19:40 Concejales de Torres impulsan ordenanza para reasignar tierras a la Zona Franca y destrabar el proyecto de maricultura en Comodoro
2026-06-23,2026-W26,provincial,ADN SUR,Chubut,Patagonia,Comodoro Rivadavia,https://www.adnsur.com.ar,Pronosticaron fuertes nevadas y activaron una alerta amarilla en Chubut: ¿Llega a Comodoro?
2026-06-23,2026-W26,provincial,ADN SUR,Chubut,Patagonia,Comodoro Rivadavia,https://www.adnsur.com.ar,"Con la ausencia de tres chubutenses, el oficialismo logró aplazar la interpelación de Adorni en la Cámara de Diputados"
2026-06-23,2026-W26,provincial,ADN SUR,Chubut,Patagonia,Comodoro Rivadavia,https://www.adnsur.com.ar,Julio De Vido fue condenado a tres años de prisión por el caso Odebrecht y los gasoductos
2026-06-23,2026-W26,provincial,ADN SUR,Chubut,Patagonia,Comodoro Rivadavia,https://www.adnsur.com.ar,El rastro que llevó hasta los Durán: cómo D’Artagnan y Atena fueron clave tras el asalto a un camionero en Chubut
2026-06-23,2026-W26,provincial,ADN SUR,Chubut,Patagonia,Comodoro Rivadavia,https://www.adnsur.com.ar,"Mató a un hombre de un disparo en el cuello, estuvo prófugo y ahora le redujeron la condena en Chubut"
2026-06-23,2026-W26,provincial,ADN SUR,Chubut,Patagonia,Comodoro Rivadavia,https://www.adnsur.com.ar,Comienza el jury contra un funcionario judicial acusado de maltrato y acoso laboral en Chubut
2026-06-23,2026-W26,provincial,ADN SUR,Chubut,Patagonia,Comodoro Rivadavia,https://www.adnsur.com.ar,Un incendio afectó el depósito de una casa en Comodoro: investigan un cortocircuito como causa
2026-06-23,2026-W26,provincial,ADN SUR,Chubut,Patagonia,Comodoro Rivadavia,https://www.adnsur.com.ar,La transformación del barrio Máximo Abásolo: avanzan las obras de un nuevo paseo peatonal
2026-06-23,2026-W26,provincial,ADN SUR,Chubut,Patagonia,Comodoro Rivadavia,https://www.adnsur.com.ar,"A metros de una comisaría, delincuentes arrasaron un local de celulares en el centro de Caleta Olivia"
2026-06-23,2026-W26,provincial,ADN SUR,Chubut,Patagonia,Comodoro Rivadavia,https://www.adnsur.com.ar,Autorizaron a YPF a construir un gasoducto clave en Neuquén con un sensible cruce por el embalse Mari Menuco
2026-06-23,2026-W26,provincial,ADN SUR,Chubut,Patagonia,Comodoro Rivadavia,https://www.adnsur.com.ar,La internalización de servicios gana terreno en San Jorge: reducción de costos y preocupación en las pymes
2026-06-23,2026-W26,provincial,ADN SUR,Chubut,Patagonia,Comodoro Rivadavia,https://www.adnsur.com.ar,Planta de US$7.000 millones en Neuquén: quiénes se adjudicaron la separación de gas del proyecto Argentina LNG
2026-06-23,2026-W26,provincial,ADN SUR,Chubut,Patagonia,Comodoro Rivadavia,https://www.adnsur.com.ar,"Por el VMOS, Sierra Grande triplicó su actividad: cómo sigue la obra"
2026-06-23,2026-W26,provincial,ADN SUR,Chubut,Patagonia,Comodoro Rivadavia,https://www.adnsur.com.ar,La comarca petrolera dijo sí al GNL: 35 empresas firmaron su apoyo al proyecto que promete cambiar la región
2026-06-23,2026-W26,provincial,ADN SUR,Chubut,Patagonia,Comodoro Rivadavia,https://www.adnsur.com.ar,En julio comenzaría la prueba piloto para conectar Vaca Muerta por el Pacífico
2026-06-23,2026-W26,provincial,ADN SUR,Chubut,Patagonia,Comodoro Rivadavia,https://www.adnsur.com.ar,Petroleros Jerárquicos sumó su respaldo a la ley de GNL
2026-06-23,2026-W26,provincial,ADN SUR,Chubut,Patagonia,Comodoro Rivadavia,https://www.adnsur.com.ar,Ley de GNL en Neuquén: Figueroa defiende el acuerdo con YPF y promete regalías de hasta el 12%
2026-06-23,2026-W26,provincial,ADN SUR,Chubut,Patagonia,Comodoro Rivadavia,https://www.adnsur.com.ar,Santa Cruz lidera el desempleo en la Patagonia y figura entre las ciudades más afectadas del país
2026-06-23,2026-W26,provincial,ADN SUR,Chubut,Patagonia,Comodoro Rivadavia,https://www.adnsur.com.ar,Diputados trata el Súper RIGI: el Gobierno busca un nuevo régimen para atraer inversiones estratégicas
2026-06-23,2026-W26,provincial,ADN SUR,Chubut,Patagonia,Comodoro Rivadavia,https://www.adnsur.com.ar,¿Por qué Comodoro tiene poco desempleo mientras pierde miles de puestos de trabajo?
2026-06-23,2026-W26,provincial,ADN SUR,Chubut,Patagonia,Comodoro Rivadavia,https://www.adnsur.com.ar,Los restaurantes tienen un 30% de movimiento por la noche y crece la gastronomía informal: el nuevo escenario en Comodoro
2026-06-23,2026-W26,provincial,ADN SUR,Chubut,Patagonia,Comodoro Rivadavia,https://www.adnsur.com.ar,Créditos hipotecarios en Argentina: por qué bajan las tasas y qué puede pasar con el precio de las propiedades
2026-06-23,2026-W26,provincial,ADN SUR,Chubut,Patagonia,Comodoro Rivadavia,https://www.adnsur.com.ar,Farmacia Social expande su presencia en Comodoro y abrió una nueva sucursal en Espacio Oeste
2026-06-23,2026-W26,provincial,ADN SUR,Chubut,Patagonia,Comodoro Rivadavia,https://www.adnsur.com.ar,Boom de compras en el exterior por courier: crecieron un 84% en mayo y ya rozan un récord histórico
2026-06-23,2026-W26,provincial,ADN SUR,Chubut,Patagonia,Comodoro Rivadavia,https://www.adnsur.com.ar,Informe INDEC: Neuquén es la única provincia con crecimiento significativo en ventas de supermercados
2026-06-23,2026-W26,provincial,ADN SUR,Chubut,Patagonia,Comodoro Rivadavia,https://www.adnsur.com.ar,Argentina aseguró el primer puesto: el posible cuadro final que tendría en el Mundial 2026
2026-06-23,2026-W26,provincial,ADN SUR,Chubut,Patagonia,Comodoro Rivadavia,https://www.adnsur.com.ar,Comodoro se vistió de celeste y blanco para festejar la clasificación de Argentina
2026-06-23,2026-W26,provincial,ADN SUR,Chubut,Patagonia,Comodoro Rivadavia,https://www.adnsur.com.ar,“El sueño está más vivo que nunca”: los cuatro pasos para lograr que Messi visite Chubut
2026-06-23,2026-W26,provincial,ADN SUR,Chubut,Patagonia,Comodoro Rivadavia,https://www.adnsur.com.ar,La emoción del periodista argentino que tuvo la foto de su vida con Messi
2026-06-23,2026-W26,provincial,CRÓNICA,Chubut,Patagonia,Comodoro Rivadavia,https://www.diariocronica.com.ar,Comodoro: se abrió un enorme socavón en San Cayetano por la rotura de un acueducto
2026-06-23,2026-W26,provincial,CRÓNICA,Chubut,Patagonia,Comodoro Rivadavia,https://www.diariocronica.com.ar,Martes 23 de junio de 2026
2026-06-23,2026-W26,provincial,CRÓNICA,Chubut,Patagonia,Comodoro Rivadavia,https://www.diariocronica.com.ar,La tapa de Messi que emocionó al país y fue destacada como “la mejor del mundo”
2026-06-23,2026-W26,provincial,CRÓNICA,Chubut,Patagonia,Comodoro Rivadavia,https://www.diariocronica.com.ar,No descartan más involucrados en el violento asalto al camionero en Ruta 3
2026-06-23,2026-W26,provincial,CRÓNICA,Chubut,Patagonia,Comodoro Rivadavia,https://www.diariocronica.com.ar,El Gobierno oficializó cambios en el régimen de importación de bienes usados
2026-06-23,2026-W26,provincial,CRÓNICA,Chubut,Patagonia,Comodoro Rivadavia,https://www.diariocronica.com.ar,Comenzaron los Mini Olímpicos de jardines en Trelew
2026-06-23,2026-W26,provincial,CRÓNICA,Chubut,Patagonia,Comodoro Rivadavia,https://www.diariocronica.com.ar,Adorni cruzó las versiones de suspensión y aclaró que está dispuesto a ir el 2 de julio al Senado
2026-06-23,2026-W26,provincial,CRÓNICA,Chubut,Patagonia,Comodoro Rivadavia,https://www.diariocronica.com.ar,El IPV intensifica los controles contra las ocupaciones irregulares: Reasignan una vivienda en Sarmiento
2026-06-23,2026-W26,provincial,CRÓNICA,Chubut,Patagonia,Comodoro Rivadavia,https://www.diariocronica.com.ar,Invertirán $1037 millones de pesos en el aeropuerto de Puerto Deseado
2026-06-23,2026-W26,provincial,CRÓNICA,Chubut,Patagonia,Comodoro Rivadavia,https://www.diariocronica.com.ar,Dormía la siesta mientras se incendiaba su casa y se salvó de milagro
2026-06-23,2026-W26,provincial,CRÓNICA,Chubut,Patagonia,Comodoro Rivadavia,https://www.diariocronica.com.ar,Inauguran el nuevo sistema de iluminación de la cancha de hockey del club Draig Goch de Gaiman
2026-06-23,2026-W26,provincial,CRÓNICA,Chubut,Patagonia,Comodoro Rivadavia,https://www.diariocronica.com.ar,La investigación por la muerte de Joel Gatica sigue sin avances a más de un mes del trágico accidente
2026-06-23,2026-W26,provincial,CRÓNICA,Chubut,Patagonia,Comodoro Rivadavia,https://www.diariocronica.com.ar,Comodoro impulsa un sistema innovador para conectar la investigación científica con las pymes
2026-06-23,2026-W26,provincial,CRÓNICA,Chubut,Patagonia,Comodoro Rivadavia,https://www.diariocronica.com.ar,Portugal goleó 5 a 0 a Uzbekistán
2026-06-23,2026-W26,provincial,CRÓNICA,Chubut,Patagonia,Comodoro Rivadavia,https://www.diariocronica.com.ar,"Suspenden la presentación de Adorni en el Senado para evitar un ""castigo público"" de la oposición"
2026-06-23,2026-W26,provincial,CRÓNICA,Chubut,Patagonia,Comodoro Rivadavia,https://www.diariocronica.com.ar,Iturrioz pidió penas máximas para el Clan Durán
2026-06-23,2026-W26,provincial,CRÓNICA,Chubut,Patagonia,Comodoro Rivadavia,https://www.diariocronica.com.ar,Chubut acompaña al Club Pirque de Epuyén con una importante inversión y otorga beca deportiva a un campeón
2026-06-23,2026-W26,provincial,CRÓNICA,Chubut,Patagonia,Comodoro Rivadavia,https://www.diariocronica.com.ar,"Tras haber sido destruído en una nevada, reconstruirán el Gimnasio Municipal de El Hoyo en el marco del Plan Galina"
2026-06-23,2026-W26,provincial,CRÓNICA,Chubut,Patagonia,Comodoro Rivadavia,https://www.diariocronica.com.ar,Llegará maquinaria pesada a Comodoro para frenar el peligro de derrumbe en un sector del Cerro Hermitte
2026-06-23,2026-W26,provincial,CRÓNICA,Chubut,Patagonia,Comodoro Rivadavia,https://www.diariocronica.com.ar,Convertirán 400 metros de boulevares en un moderno paseo peatonal en el barrio Máximo Abásolo
2026-06-23,2026-W26,provincial,CRÓNICA,Chubut,Patagonia,Comodoro Rivadavia,https://www.diariocronica.com.ar,"Una noche de códigos y a pura risa: Actuará en el Centro Cultural el colectivo ""Comodoro Comedy Club"""
2026-06-23,2026-W26,provincial,CRÓNICA,Chubut,Patagonia,Comodoro Rivadavia,https://www.diariocronica.com.ar,Investigan un pago adelantado de US$12.000 por el alquiler de la casa donde vive la madre de Adorni
2026-06-23,2026-W26,provincial,CRÓNICA,Chubut,Patagonia,Comodoro Rivadavia,https://www.diariocronica.com.ar,La asistencia es un movimiento fundamental
2026-06-23,2026-W26,provincial,CRÓNICA,Chubut,Patagonia,Comodoro Rivadavia,https://www.diariocronica.com.ar,"Homicidio en ""El Cerrito"": condenado por el crimen de Acosta pidió reducir la pena de 17 años de prisión"
2026-06-23,2026-W26,provincial,CRÓNICA,Chubut,Patagonia,Comodoro Rivadavia,https://www.diariocronica.com.ar,Robaron en la vivienda de una octogenaria mientras dormía
2026-06-23,2026-W26,provincial,CRÓNICA,Chubut,Patagonia,Comodoro Rivadavia,https://www.diariocronica.com.ar,Corte de agua programado en Comodoro Rivadavia para este miércoles
2026-06-23,2026-W26,provincial,CRÓNICA,Chubut,Patagonia,Comodoro Rivadavia,https://www.diariocronica.com.ar,Recuperan más de 200 documentos históricos que eran subastados ilegalmente
2026-06-23,2026-W26,provincial,CRÓNICA,Chubut,Patagonia,Comodoro Rivadavia,https://www.diariocronica.com.ar,Trelew avanza con su subzona franca
2026-06-23,2026-W26,provincial,CRÓNICA,Chubut,Patagonia,Comodoro Rivadavia,https://www.diariocronica.com.ar,Los 16 ascensos desde el Regional al Argentino
2026-06-23,2026-W26,provincial,CRÓNICA,Chubut,Patagonia,Comodoro Rivadavia,https://www.diariocronica.com.ar,"Rawson: La bicisenda ""Marcelo Virgili"" recupera su fisionomía"
2026-06-23,2026-W26,provincial,CRÓNICA,Chubut,Patagonia,Comodoro Rivadavia,https://www.diariocronica.com.ar,Putin denunció que la OTAN se prepara para un conflicto con Rusia
2026-06-23,2026-W26,provincial,CRÓNICA,Chubut,Patagonia,Comodoro Rivadavia,https://www.diariocronica.com.ar,Alcoholizado en una retroexcavadora causó destrozos
2026-06-23,2026-W26,provincial,CRÓNICA,Chubut,Patagonia,Comodoro Rivadavia,https://www.diariocronica.com.ar,Nuevo tiroteo en barrio Pietrobelli: investigan posibles enfrentamientos entre grupos
2026-06-23,2026-W26,provincial,CRÓNICA,Chubut,Patagonia,Comodoro Rivadavia,https://www.diariocronica.com.ar,Continúan las mejoras de iluminación en el Parque Recreativo Municipal
2026-06-23,2026-W26,provincial,CRÓNICA,Chubut,Patagonia,Comodoro Rivadavia,https://www.diariocronica.com.ar,La Cooperativa de Rawson impulsa una capacitación integral para el personal del Servicio Eléctrico
2026-06-23,2026-W26,provincial,CRÓNICA,Chubut,Patagonia,Comodoro Rivadavia,https://www.diariocronica.com.ar,Se ultiman detalles para convocar a la licitación de la obra de dragado del Puerto Rawson
2026-06-23,2026-W26,provincial,CRÓNICA,Chubut,Patagonia,Comodoro Rivadavia,https://www.diariocronica.com.ar,Reconocieron a D'Artagnan y a su adiestrador por la captura del Clan Durán
2026-06-23,2026-W26,provincial,CRÓNICA,Chubut,Patagonia,Comodoro Rivadavia,https://www.diariocronica.com.ar,Vecinalistas de Zona Norte lograron el compromiso de una guardia pediátrica diurna en el Hospital Alvear
2026-06-23,2026-W26,provincial,CRÓNICA,Chubut,Patagonia,Comodoro Rivadavia,https://www.diariocronica.com.ar,"Venezuela: Delcy Rodríguez afirmó que su país ""tomó el rumbo correcto"""
2026-06-23,2026-W26,provincial,CRÓNICA,Chubut,Patagonia,Comodoro Rivadavia,https://www.diariocronica.com.ar,El Comedor “Mi Lugar” pide ayuda para sostener viandas solidarias
2026-06-23,2026-W26,provincial,CRÓNICA,Chubut,Patagonia,Comodoro Rivadavia,https://www.diariocronica.com.ar,La Pampa: cuatro hermanas murieron ahogadas al caer con su camioneta en el Bajo Giuliani
2026-06-23,2026-W26,provincial,CRÓNICA,Chubut,Patagonia,Comodoro Rivadavia,https://www.diariocronica.com.ar,Murió la mujer que estaba internada por hantavirus en Bariloche
2026-06-23,2026-W26,provincial,CRÓNICA,Chubut,Patagonia,Comodoro Rivadavia,https://www.diariocronica.com.ar,La jugada de Chubut para fortalecer su competitividad y atraer más cruceros a sus costas
2026-06-23,2026-W26,provincial,CRÓNICA,Chubut,Patagonia,Comodoro Rivadavia,https://www.diariocronica.com.ar,La Selección jugará el 3 de julio en Miami por un lugar en octavos
2026-06-23,2026-W26,provincial,CRÓNICA,Chubut,Patagonia,Comodoro Rivadavia,https://www.diariocronica.com.ar,Tragedia en Mar del Plata: un colectivo atropelló a varias personas en la costa
2026-06-23,2026-W26,provincial,CRÓNICA,Chubut,Patagonia,Comodoro Rivadavia,https://www.diariocronica.com.ar,Hinchas argentinos coparon Dallas y limpiaron la plaza tras el banderazo
2026-06-23,2026-W26,provincial,CRÓNICA,Chubut,Patagonia,Comodoro Rivadavia,https://www.diariocronica.com.ar,Rangnick elogió a Messi tras el triunfo de Argentina: “Demostró que es el mejor”
2026-06-23,2026-W26,provincial,CRÓNICA,Chubut,Patagonia,Comodoro Rivadavia,https://www.diariocronica.com.ar,Ola de calor en Europa: 40 muertos por ahogamiento en Francia
2026-06-23,2026-W26,provincial,CRÓNICA,Chubut,Patagonia,Comodoro Rivadavia,https://www.diariocronica.com.ar,Los frenaron en un control y encontraron marihuana dentro del auto
2026-06-23,2026-W26,provincial,CRÓNICA,Chubut,Patagonia,Comodoro Rivadavia,https://www.diariocronica.com.ar,Lago Puelo realizó trabajos de mantenimiento y limpieza en el río Azul
2026-06-23,2026-W26,provincial,EL PATAGÓNICO,Chubut,Patagonia,Comodoro Rivadavia,https://www.elpatagonico.com,Todas las secciones
2026-06-23,2026-W26,provincial,EL PATAGÓNICO,Chubut,Patagonia,Comodoro Rivadavia,https://www.elpatagonico.com,De que se habla
2026-06-23,2026-W26,provincial,EL PATAGÓNICO,Chubut,Patagonia,Comodoro Rivadavia,https://www.elpatagonico.com,Un desperfecto ya dejó sin agua a 24 barrios de Comodoro
2026-06-23,2026-W26,provincial,EL PATAGÓNICO,Chubut,Patagonia,Comodoro Rivadavia,https://www.elpatagonico.com,"Juicio por Maradona: Luque habló de un ""error"" de la psiquiatra"
2026-06-23,2026-W26,provincial,EL PATAGÓNICO,Chubut,Patagonia,Comodoro Rivadavia,https://www.elpatagonico.com,Avanza ampliación de la red de gas en el barrio Patagonia
2026-06-23,2026-W26,provincial,EL PATAGÓNICO,Chubut,Patagonia,Comodoro Rivadavia,https://www.elpatagonico.com,Seis meses de preventiva para los 3 Durán y faltan 17 millones
2026-06-23,2026-W26,provincial,EL PATAGÓNICO,Chubut,Patagonia,Comodoro Rivadavia,https://www.elpatagonico.com,El Municipio crea mecanismos para que la investigación científica pueda ser utilizada por las empresas del Golfo San Jorge
2026-06-23,2026-W26,provincial,EL PATAGÓNICO,Chubut,Patagonia,Comodoro Rivadavia,https://www.elpatagonico.com,Yocelyn Balboa apuesta al crecimiento de sus alumnos tras pelear en Tailandia
2026-06-23,2026-W26,provincial,EL PATAGÓNICO,Chubut,Patagonia,Comodoro Rivadavia,https://www.elpatagonico.com,Las Más Leídas de El Patagónico
2026-06-23,2026-W26,provincial,EL PATAGÓNICO,Chubut,Patagonia,Comodoro Rivadavia,https://www.elpatagonico.com,Confirman el próximo fin de semana largo de cuatro días
2026-06-23,2026-W26,provincial,EL PATAGÓNICO,Chubut,Patagonia,Comodoro Rivadavia,https://www.elpatagonico.com,Noticias Insólitas
2026-06-23,2026-W26,provincial,EL PATAGÓNICO,Chubut,Patagonia,Comodoro Rivadavia,https://www.elpatagonico.com,Policías se manifestaron tras rechazar otra propuesta
2026-06-23,2026-W26,provincial,EL PATAGÓNICO,Chubut,Patagonia,Comodoro Rivadavia,https://www.elpatagonico.com,El PRO y la UCR evitaron la interpelación de Adorni
2026-06-23,2026-W26,provincial,EL PATAGÓNICO,Chubut,Patagonia,Comodoro Rivadavia,https://www.elpatagonico.com,PECOM trae maquinaria pesada para avanzar con la obra
2026-06-23,2026-W26,provincial,EL PATAGÓNICO,Chubut,Patagonia,Comodoro Rivadavia,https://www.elpatagonico.com,Avanza la construcción de un paseo peatonal en el Abásolo
2026-06-23,2026-W26,provincial,EL PATAGÓNICO,Chubut,Patagonia,Comodoro Rivadavia,https://www.elpatagonico.com,Este viernes actuará el colectivo Comodoro Comedy Club
2026-06-23,2026-W26,provincial,EL PATAGÓNICO,Chubut,Patagonia,Comodoro Rivadavia,https://www.elpatagonico.com,La SCPL retirará conexiones irregulares de agua en un sector de Km. 8
2026-06-23,2026-W26,provincial,EL PATAGÓNICO,Chubut,Patagonia,Comodoro Rivadavia,https://www.elpatagonico.com,La pareja de Ariel Cardozo celebró la detención de los Durán
2026-06-23,2026-W26,provincial,EL PATAGÓNICO,Chubut,Patagonia,Comodoro Rivadavia,https://www.elpatagonico.com,Asaltaron a una mujer de 80 años dentro de su vivienda en San Martín
2026-06-23,2026-W26,provincial,EL PATAGÓNICO,Chubut,Patagonia,Comodoro Rivadavia,https://www.elpatagonico.com,Parques Nacionales: retiros voluntarios y áreas privatizadas en Iguazú
2026-06-23,2026-W26,provincial,EL PATAGÓNICO,Chubut,Patagonia,Comodoro Rivadavia,https://www.elpatagonico.com,Se duplicó el desempleo en Comodoro y creció al doble la subocupación en Trelew
2026-06-23,2026-W26,provincial,EL PATAGÓNICO,Chubut,Patagonia,Comodoro Rivadavia,https://www.elpatagonico.com,La madrugada de los disparos en Pietrobelli
2026-06-23,2026-W26,provincial,EL PATAGÓNICO,Chubut,Patagonia,Comodoro Rivadavia,https://www.elpatagonico.com,Inglaterra no aprovechó sus chances y empató con Ghana
2026-06-23,2026-W26,provincial,EL PATAGÓNICO,Chubut,Patagonia,Comodoro Rivadavia,https://www.elpatagonico.com,El beso viral del DT de Noruega que reveló una dramática historia de vida y muerte
2026-06-23,2026-W26,provincial,EL PATAGÓNICO,Chubut,Patagonia,Comodoro Rivadavia,https://www.elpatagonico.com,Cristiano Ronaldo batió récords en la goleada de Portugal ante Uzbekistán
2026-06-23,2026-W26,provincial,EL PATAGÓNICO,Chubut,Patagonia,Comodoro Rivadavia,https://www.elpatagonico.com,"La historia de ""Lumumba"", el símbolo de Congo que llegó por pedido de los futbolistas"
2026-06-23,2026-W26,provincial,EL PATAGÓNICO,Chubut,Patagonia,Comodoro Rivadavia,https://www.elpatagonico.com,La abuela fanática de Messi que revolucionó el Mundial
2026-06-23,2026-W26,provincial,EL PATAGÓNICO,Chubut,Patagonia,Comodoro Rivadavia,https://www.elpatagonico.com,Argelia eliminó a Jordania y Argentina se aseguró el primer lugar del Grupo J
2026-06-23,2026-W26,provincial,EL PATAGÓNICO,Chubut,Patagonia,Comodoro Rivadavia,https://www.elpatagonico.com,Noruega también está en los 16avos. de final del Mundial
2026-06-23,2026-W26,provincial,EL PATAGÓNICO,Chubut,Patagonia,Comodoro Rivadavia,https://www.elpatagonico.com,Francia goleó a Irak tras la tormenta y se clasificó
2026-06-23,2026-W26,provincial,EL PATAGÓNICO,Chubut,Patagonia,Comodoro Rivadavia,https://www.elpatagonico.com,"Papá Durán, una historia de asaltos, delaciones y fugas"
2026-06-23,2026-W26,provincial,EL PATAGÓNICO,Chubut,Patagonia,Comodoro Rivadavia,https://www.elpatagonico.com,Menor de edad chocó con su moto y el otro conductor se presentó solo en la comisaría
2026-06-23,2026-W26,provincial,EL PATAGÓNICO,Chubut,Patagonia,Comodoro Rivadavia,https://www.elpatagonico.com,Jorge Messi recibió el alta médica y volvió a Rosario
2026-06-23,2026-W26,provincial,EL PATAGÓNICO,Chubut,Patagonia,Comodoro Rivadavia,https://www.elpatagonico.com,El Bolsón: murió aplastado por un árbol en Mallín Ahogado
2026-06-23,2026-W26,provincial,EL PATAGÓNICO,Chubut,Patagonia,Comodoro Rivadavia,https://www.elpatagonico.com,Quién es el periodista argentino que festejó con Messi el segundo gol
2026-06-23,2026-W26,provincial,EL PATAGÓNICO,Chubut,Patagonia,Comodoro Rivadavia,https://www.elpatagonico.com,Nadia Epstein acusó a Del Moro de estafar gente en Gran Hermano
2026-06-23,2026-W26,provincial,EL PATAGÓNICO,Chubut,Patagonia,Comodoro Rivadavia,https://www.elpatagonico.com,Un pastor evangélico cruzó a Myriam Bregman tras el gol de Messi
2026-06-23,2026-W26,provincial,EL PATAGÓNICO,Chubut,Patagonia,Comodoro Rivadavia,https://www.elpatagonico.com,Terminaron demorados: llevaban más de 24 gramos de cannabis
2026-06-23,2026-W26,provincial,EL PATAGÓNICO,Chubut,Patagonia,Comodoro Rivadavia,https://www.elpatagonico.com,Gremio petrolero inauguró moderno salón multiespacio
2026-06-23,2026-W26,provincial,EL PATAGÓNICO,Chubut,Patagonia,Comodoro Rivadavia,https://www.elpatagonico.com,El historial amoroso que delata a Jésica Cirio
2026-06-23,2026-W26,provincial,EL PATAGÓNICO,Chubut,Patagonia,Comodoro Rivadavia,https://www.elpatagonico.com,Uriel Durán también fue imputado por homicidio
2026-06-23,2026-W26,provincial,EL PATAGÓNICO,Chubut,Patagonia,Comodoro Rivadavia,https://www.elpatagonico.com,Cuatro hermanas murieron al caer con una camioneta a una laguna
2026-06-23,2026-W26,provincial,EL PATAGÓNICO,Chubut,Patagonia,Comodoro Rivadavia,https://www.elpatagonico.com,Protesta policial en vísperas de otra mesa de paritarias
2026-06-23,2026-W26,provincial,EL PATAGÓNICO,Chubut,Patagonia,Comodoro Rivadavia,https://www.elpatagonico.com,En la era Milei se perdieron 400 empleos por día
2026-06-23,2026-W26,provincial,EL PATAGÓNICO,Chubut,Patagonia,Comodoro Rivadavia,https://www.elpatagonico.com,Golpeó a su pareja con una pava en el barrio Quirno Costa
2026-06-23,2026-W26,provincial,EL PATAGÓNICO,Chubut,Patagonia,Comodoro Rivadavia,https://www.elpatagonico.com,Evacuaron a un tripulante que sufrió fracturas expuestas
2026-06-23,2026-W26,provincial,EL PATAGÓNICO,Chubut,Patagonia,Comodoro Rivadavia,https://www.elpatagonico.com,Los Durán en la mira: Iturrioz apuntó a la Justicia tras el golpe de $43 millones
2026-06-23,2026-W26,provincial,EL PATAGÓNICO,Chubut,Patagonia,Comodoro Rivadavia,https://www.elpatagonico.com,Florencia Peña evalúa demandar a Nicolás Occhiato
2026-06-23,2026-W26,provincial,EL PATAGÓNICO,Chubut,Patagonia,Comodoro Rivadavia,https://www.elpatagonico.com,Floppy Tesouro denunció que usaron inteligencia artificial para adulterarle una foto
2026-06-23,2026-W26,provincial,EL PATAGÓNICO,Chubut,Patagonia,Comodoro Rivadavia,https://www.elpatagonico.com,"Flor Peña y Nico Occhiato: ""yo hubiese hecho otra cosa"""
2026-06-23,2026-W26,provincial,EL DIARIO DE LA PAMPA,La Pampa,Patagonia,Santa Rosa,https://www.eldiariodelapampa.com.ar,Radio El Diario
2026-06-23,2026-W26,provincial,EL DIARIO DE LA PAMPA,La Pampa,Patagonia,Santa Rosa,https://www.eldiariodelapampa.com.ar,Eleg├Ł una secci├│n
2026-06-23,2026-W26,provincial,EL DIARIO DE LA PAMPA,La Pampa,Patagonia,Santa Rosa,https://www.eldiariodelapampa.com.ar,LA TAPA INTELIGENTE
2026-06-23,2026-W26,provincial,EL DIARIO DE LA PAMPA,La Pampa,Patagonia,Santa Rosa,https://www.eldiariodelapampa.com.ar,Inglaterra aburrió en un pálido empate ante Ghana y dejó dudas
2026-06-23,2026-W26,provincial,EL DIARIO DE LA PAMPA,La Pampa,Patagonia,Santa Rosa,https://www.eldiariodelapampa.com.ar,Argentina volvió a entrenarse tras el triunfo ante Austria
2026-06-23,2026-W26,provincial,EL DIARIO DE LA PAMPA,La Pampa,Patagonia,Santa Rosa,https://www.eldiariodelapampa.com.ar,"Con doblete de Cristiano Ronaldo, Portugal aplastó 5-0 a Uzbekistán"
2026-06-23,2026-W26,provincial,EL DIARIO DE LA PAMPA,La Pampa,Patagonia,Santa Rosa,https://www.eldiariodelapampa.com.ar,"Argentina ya tiene día, hora y sede para 16avos"
2026-06-23,2026-W26,provincial,EL DIARIO DE LA PAMPA,La Pampa,Patagonia,Santa Rosa,https://www.eldiariodelapampa.com.ar,"Anya Taylor-Joy brilla en el primer avance de ""Lucky"""
2026-06-23,2026-W26,provincial,EL DIARIO DE LA PAMPA,La Pampa,Patagonia,Santa Rosa,https://www.eldiariodelapampa.com.ar,El romántico festejo de Tini Stoessel y Rodrigo de Paul
2026-06-23,2026-W26,provincial,EL DIARIO DE LA PAMPA,La Pampa,Patagonia,Santa Rosa,https://www.eldiariodelapampa.com.ar,Shakira estrenará una versión en español de Dai Dai
2026-06-23,2026-W26,provincial,EL DIARIO DE LA PAMPA,La Pampa,Patagonia,Santa Rosa,https://www.eldiariodelapampa.com.ar,Serú Girán: desborde de emoción la primera noche del regreso
2026-06-23,2026-W26,provincial,EL DIARIO DE LA PAMPA,La Pampa,Patagonia,Santa Rosa,https://www.eldiariodelapampa.com.ar,El turismo de nieve impulsa la temporada invernal
2026-06-23,2026-W26,provincial,EL DIARIO DE LA PAMPA,La Pampa,Patagonia,Santa Rosa,https://www.eldiariodelapampa.com.ar,Estados Unidos ofrecerá un servicio premium y exprés para visas de turismo
2026-06-23,2026-W26,provincial,EL DIARIO DE LA PAMPA,La Pampa,Patagonia,Santa Rosa,https://www.eldiariodelapampa.com.ar,"Sports tripping, la tendencia del viaje que gana fuerza"
2026-06-23,2026-W26,provincial,EL DIARIO DE LA PAMPA,La Pampa,Patagonia,Santa Rosa,https://www.eldiariodelapampa.com.ar,"""Furor por Argentina"": entusiasmo de cara a la temporada invernal argentina"
2026-06-23,2026-W26,provincial,EL DIARIO DE LA PAMPA,La Pampa,Patagonia,Santa Rosa,https://www.eldiariodelapampa.com.ar,Polémica por el loteo de Santa Rosa Rugby: otro pedido de postergar audiencia
2026-06-23,2026-W26,provincial,EL DIARIO DE LA PAMPA,La Pampa,Patagonia,Santa Rosa,https://www.eldiariodelapampa.com.ar,"El misterio del hornero: revelan por qué tienen la ""puerta"" a la derecha o a la izquierda"
2026-06-23,2026-W26,provincial,EL DIARIO DE LA PAMPA,La Pampa,Patagonia,Santa Rosa,https://www.eldiariodelapampa.com.ar,"Ley de Glaciares: Dillon desmontó los argumentos de Ravier, uno por uno"
2026-06-23,2026-W26,provincial,EL DIARIO DE LA PAMPA,La Pampa,Patagonia,Santa Rosa,https://www.eldiariodelapampa.com.ar,Ravier y Ardohain votaron a favor de cambios que pueden afectar al Colorado
2026-06-23,2026-W26,provincial,EL DIARIO DE LA PAMPA,La Pampa,Patagonia,Santa Rosa,https://www.eldiariodelapampa.com.ar,Desarrollan una nariz electrónica que detecta alimentos en mal estado
2026-06-23,2026-W26,provincial,EL DIARIO DE LA PAMPA,La Pampa,Patagonia,Santa Rosa,https://www.eldiariodelapampa.com.ar,Especialista del Conicet advirtió sobre los riesgos de las baterías de litio tras un caso fatal
2026-06-23,2026-W26,provincial,EL DIARIO DE LA PAMPA,La Pampa,Patagonia,Santa Rosa,https://www.eldiariodelapampa.com.ar,Artemis III: cuándo anunciará la NASA la nueva tripulación que busca acercarnos a la Luna
2026-06-23,2026-W26,provincial,EL DIARIO DE LA PAMPA,La Pampa,Patagonia,Santa Rosa,https://www.eldiariodelapampa.com.ar,"""Super Niño"": hay un 90% de probabilidad de un evento extremo en el segundo semestre"
2026-06-23,2026-W26,provincial,EL DIARIO DE LA PAMPA,La Pampa,Patagonia,Santa Rosa,https://www.eldiariodelapampa.com.ar,La Provincia financiará una obra millonaria para el saneamiento en Santa Rosa
2026-06-23,2026-W26,provincial,EL DIARIO DE LA PAMPA,La Pampa,Patagonia,Santa Rosa,https://www.eldiariodelapampa.com.ar,El drama de los Sosa: falleció el exesposo de una de las mujeres muertas en el Bajo Giuliani
2026-06-23,2026-W26,provincial,EL DIARIO DE LA PAMPA,La Pampa,Patagonia,Santa Rosa,https://www.eldiariodelapampa.com.ar,Una camioneta chocó desde atrás un auto y terminó en la banquina en la avenida Perón
2026-06-23,2026-W26,provincial,EL DIARIO DE LA PAMPA,La Pampa,Patagonia,Santa Rosa,https://www.eldiariodelapampa.com.ar,"Murió Héctor Bergonzi, una voz fundamental de la historia del tango pampeano"
2026-06-23,2026-W26,provincial,EL DIARIO DE LA PAMPA,La Pampa,Patagonia,Santa Rosa,https://www.eldiariodelapampa.com.ar,Alerta sobre el uso de celulares en las escuelas y respaldó a la Línea 102
2026-06-23,2026-W26,provincial,EL DIARIO DE LA PAMPA,La Pampa,Patagonia,Santa Rosa,https://www.eldiariodelapampa.com.ar,Una conductora se durmió al volante y volcó en la Ruta Nacional 143
2026-06-23,2026-W26,provincial,EL DIARIO DE LA PAMPA,La Pampa,Patagonia,Santa Rosa,https://www.eldiariodelapampa.com.ar,Detuvieron a un hombre por violación de domicilio en un terreno baldío
2026-06-23,2026-W26,provincial,EL DIARIO DE LA PAMPA,La Pampa,Patagonia,Santa Rosa,https://www.eldiariodelapampa.com.ar,Finalizaron las obras de asfalto en las calles Varela y Anza
2026-06-23,2026-W26,provincial,EL DIARIO DE LA PAMPA,La Pampa,Patagonia,Santa Rosa,https://www.eldiariodelapampa.com.ar,"La economía argentina creció 0,7% en el primer trimestre de 2026"
2026-06-23,2026-W26,provincial,EL DIARIO DE LA PAMPA,La Pampa,Patagonia,Santa Rosa,https://www.eldiariodelapampa.com.ar,Desgarrador adiós a las víctimas
2026-06-23,2026-W26,provincial,EL DIARIO DE LA PAMPA,La Pampa,Patagonia,Santa Rosa,https://www.eldiariodelapampa.com.ar,"""Profundo dolor y conmoción"""
2026-06-23,2026-W26,provincial,EL DIARIO DE LA PAMPA,La Pampa,Patagonia,Santa Rosa,https://www.eldiariodelapampa.com.ar,Tragedia en el Bajo Giuliani: las víctimas eran hermanas y recuperaron el cuarto cuerpo
2026-06-23,2026-W26,provincial,EL DIARIO DE LA PAMPA,La Pampa,Patagonia,Santa Rosa,https://www.eldiariodelapampa.com.ar,"Sin quórum, fracasó la sesión de la oposición para desplazar a Adorni"
2026-06-23,2026-W26,provincial,EL DIARIO DE LA PAMPA,La Pampa,Patagonia,Santa Rosa,https://www.eldiariodelapampa.com.ar,"Los salarios subieron 3,5% en abril y le ganaron a la inflación, según el INDEC"
2026-06-23,2026-W26,provincial,EL DIARIO DE LA PAMPA,La Pampa,Patagonia,Santa Rosa,https://www.eldiariodelapampa.com.ar,Espert fue citado a declarar la semana próxima por la causa de presunto lavado de dinero
2026-06-23,2026-W26,provincial,EL DIARIO DE LA PAMPA,La Pampa,Patagonia,Santa Rosa,https://www.eldiariodelapampa.com.ar,"Fracasó otro intento por desplazar a los jueces del segundo juicio de la causa ""Vialidad"""
2026-06-23,2026-W26,provincial,EL DIARIO DE LA PAMPA,La Pampa,Patagonia,Santa Rosa,https://www.eldiariodelapampa.com.ar,"""No es nueva deuda, sino refinanciamiento"": Caputo justificó la toma de nueva deuda"
2026-06-23,2026-W26,provincial,EL DIARIO DE LA PAMPA,La Pampa,Patagonia,Santa Rosa,https://www.eldiariodelapampa.com.ar,Condenaron a De Vido a 3 años de prisión por irregularidades en la contratación de Odebrecht
2026-06-23,2026-W26,provincial,EL DIARIO DE LA PAMPA,La Pampa,Patagonia,Santa Rosa,https://www.eldiariodelapampa.com.ar,El dólar blue sube 5% en junio y supera los 1.500 pesos por primera vez desde enero
2026-06-23,2026-W26,provincial,EL DIARIO DE LA PAMPA,La Pampa,Patagonia,Santa Rosa,https://www.eldiariodelapampa.com.ar,Bajan el convenio con la Fundación Cosecha Completa
2026-06-23,2026-W26,provincial,EL DIARIO DE LA PAMPA,La Pampa,Patagonia,Santa Rosa,https://www.eldiariodelapampa.com.ar,"El Día del Padre en Santa Rosa: la venta bajó en el 61,5% de los comercios"
2026-06-23,2026-W26,provincial,EL DIARIO DE LA PAMPA,La Pampa,Patagonia,Santa Rosa,https://www.eldiariodelapampa.com.ar,Vecinos de La Gloria se organizan para buscar soluciones
2026-06-23,2026-W26,provincial,EL DIARIO DE LA PAMPA,La Pampa,Patagonia,Santa Rosa,https://www.eldiariodelapampa.com.ar,Jesica Cirio entregó su celular y ya fijó domicilio
2026-06-23,2026-W26,provincial,EL DIARIO DE LA PAMPA,La Pampa,Patagonia,Santa Rosa,https://www.eldiariodelapampa.com.ar,Bullrich no va a la reunión convocada por Adorni y tensa la relación con los Milei
2026-06-23,2026-W26,provincial,EL DIARIO DE LA PAMPA,La Pampa,Patagonia,Santa Rosa,https://www.eldiariodelapampa.com.ar,Ziliotto ratificó inversiones para Larroudé y se mostró con intendente amigo de Verna
2026-06-23,2026-W26,provincial,EL DIARIO DE LA PAMPA,La Pampa,Patagonia,Santa Rosa,https://www.eldiariodelapampa.com.ar,"Después de la audiencia pública, Montes de Oca reivindicó el debate"
2026-06-23,2026-W26,provincial,EL DIARIO DE LA PAMPA,La Pampa,Patagonia,Santa Rosa,https://www.eldiariodelapampa.com.ar,"El Colegio de Arquitectos aclara que no emitió ""un juicio"" sobre el loteo de la 5"
2026-06-23,2026-W26,provincial,LA ARENA,La Pampa,Patagonia,Santa Rosa,https://www.laarena.com.ar,Provincia invertirá $ 4.400 millones en obra de saneamiento en Santa Rosa
2026-06-23,2026-W26,provincial,LA ARENA,La Pampa,Patagonia,Santa Rosa,https://www.laarena.com.ar,Corrupción: Marín cuestionó el blindaje a Adorni
2026-06-23,2026-W26,provincial,LA ARENA,La Pampa,Patagonia,Santa Rosa,https://www.laarena.com.ar,Una mujer se durmió y volcó en la ruta 143 cerca de Santa Isabel
2026-06-23,2026-W26,provincial,LA ARENA,La Pampa,Patagonia,Santa Rosa,https://www.laarena.com.ar,Bullrich faltó a la reunión de Karina y Adorni con senadores para blindar al funcionario
2026-06-23,2026-W26,provincial,LA ARENA,La Pampa,Patagonia,Santa Rosa,https://www.laarena.com.ar,El Papa León XIV fue invitado varias veces a la Argentina: ¿Qué provincias podría visitar?
2026-06-23,2026-W26,provincial,LA ARENA,La Pampa,Patagonia,Santa Rosa,https://www.laarena.com.ar,ONG de Castex anunció que contará con una sala de Quimioterapia
2026-06-23,2026-W26,provincial,LA ARENA,La Pampa,Patagonia,Santa Rosa,https://www.laarena.com.ar,"El consumo sigue sin repuntar: cayó 1,6 % en mayo"
2026-06-23,2026-W26,provincial,LA ARENA,La Pampa,Patagonia,Santa Rosa,https://www.laarena.com.ar,Mundial 2026: Inglaterra y Ghana empataron y dejaron abierta la definición del Grupo L
2026-06-23,2026-W26,provincial,LA ARENA,La Pampa,Patagonia,Santa Rosa,https://www.laarena.com.ar,Plantean obligatoriedad de licencia de conducir para andar en monopatín eléctrico
2026-06-23,2026-W26,provincial,LA ARENA,La Pampa,Patagonia,Santa Rosa,https://www.laarena.com.ar,"Salud Mental: ""El Estado dejó de ser un andamiaje protector"""
2026-06-23,2026-W26,provincial,LA ARENA,La Pampa,Patagonia,Santa Rosa,https://www.laarena.com.ar,Dos muertos tras un vuelco en la ruta 5
2026-06-23,2026-W26,provincial,LA ARENA,La Pampa,Patagonia,Santa Rosa,https://www.laarena.com.ar,Macachín: el oficialismo le pide informes al intendente
2026-06-23,2026-W26,provincial,LA ARENA,La Pampa,Patagonia,Santa Rosa,https://www.laarena.com.ar,La Cevic mejora infraestructura y reempadrona jubilados
2026-06-23,2026-W26,provincial,LA ARENA,La Pampa,Patagonia,Santa Rosa,https://www.laarena.com.ar,Choque entre camioneta y auto en la avenida Perón
2026-06-23,2026-W26,provincial,LA ARENA,La Pampa,Patagonia,Santa Rosa,https://www.laarena.com.ar,Macabro hallazgo en relleno sanitario de Bahía Blanca: encuentran un feto
2026-06-23,2026-W26,provincial,LA ARENA,La Pampa,Patagonia,Santa Rosa,https://www.laarena.com.ar,“Otra obra que nunca construirá el mercado”
2026-06-23,2026-W26,provincial,LA ARENA,La Pampa,Patagonia,Santa Rosa,https://www.laarena.com.ar,Actualizaron la alerta por frío extremo para la región
2026-06-23,2026-W26,provincial,LA ARENA,La Pampa,Patagonia,Santa Rosa,https://www.laarena.com.ar,Se suspende el informe de Adorni en el Senado para evitar su interpelación
2026-06-23,2026-W26,provincial,LA ARENA,La Pampa,Patagonia,Santa Rosa,https://www.laarena.com.ar,Perú quedó conectada a la red provincial de fibra óptica
2026-06-23,2026-W26,provincial,LA ARENA,La Pampa,Patagonia,Santa Rosa,https://www.laarena.com.ar,El plan de Elon Musk: cargadores EV y un mega proyecto tech
2026-06-23,2026-W26,provincial,LA ARENA,La Pampa,Patagonia,Santa Rosa,https://www.laarena.com.ar,Crearon aislantes acústicos con residuos vitivinícolas
2026-06-23,2026-W26,provincial,LA ARENA,La Pampa,Patagonia,Santa Rosa,https://www.laarena.com.ar,“Qué privilegio”: Manu Ginóbili vivió el récord histórico de Messi
2026-06-23,2026-W26,provincial,LA ARENA,La Pampa,Patagonia,Santa Rosa,https://www.laarena.com.ar,ANSES: fechas de cobro para las jubilaciones y pensiones en julio
2026-06-23,2026-W26,provincial,LA ARENA,La Pampa,Patagonia,Santa Rosa,https://www.laarena.com.ar,Espectáculo natural: los mejores lugares para avistar ballenas francas
2026-06-23,2026-W26,provincial,LA ARENA,La Pampa,Patagonia,Santa Rosa,https://www.laarena.com.ar,Hantavirus: murió la mujer que se encontraba internada
2026-06-23,2026-W26,provincial,LA ARENA,La Pampa,Patagonia,Santa Rosa,https://www.laarena.com.ar,Rescataron el último cuerpo tras el accidente en el Bajo Giuliani
2026-06-23,2026-W26,provincial,LA ARENA,La Pampa,Patagonia,Santa Rosa,https://www.laarena.com.ar,"""Qué tristeza tan profunda nos envuelve"""
2026-06-23,2026-W26,provincial,LA ARENA,La Pampa,Patagonia,Santa Rosa,https://www.laarena.com.ar,Las víctimas del accidente en el Bajo Giuliani eran hermanas
2026-06-23,2026-W26,provincial,LA ARENA,La Pampa,Patagonia,Santa Rosa,https://www.laarena.com.ar,Cuatro muertos al caer un auto en el Bajo Giuliani
2026-06-23,2026-W26,provincial,LA ARENA,La Pampa,Patagonia,Santa Rosa,https://www.laarena.com.ar,Trágico accidente en el Bajo Giuliani: quiénes eran y a qué se dedicaban las cuatro hermanas
2026-06-23,2026-W26,provincial,LA ARENA,La Pampa,Patagonia,Santa Rosa,https://www.laarena.com.ar,Oficializan tarifa única para las multas de tránsito en todo el país
2026-06-23,2026-W26,provincial,LA ARENA,La Pampa,Patagonia,Santa Rosa,https://www.laarena.com.ar,"La localidad de 25 de Mayo conmovida: ""Un profundo dolor"""
2026-06-23,2026-W26,provincial,LA ARENA,La Pampa,Patagonia,Santa Rosa,https://www.laarena.com.ar,Un hombre atacó a machetazos a otro en Miguel Cané
2026-06-23,2026-W26,provincial,LA ARENA,La Pampa,Patagonia,Santa Rosa,https://www.laarena.com.ar,Un colectivo se subió a la vereda de la rambla y atropelló a varias personas
2026-06-23,2026-W26,provincial,LA ARENA,La Pampa,Patagonia,Santa Rosa,https://www.laarena.com.ar,Un atacante de pampeanos estaba prófugo por homicidio
2026-06-23,2026-W26,provincial,LA ARENA,La Pampa,Patagonia,Santa Rosa,https://www.laarena.com.ar,Alerta amarillo por temperaturas extremas
2026-06-23,2026-W26,provincial,LA ARENA,La Pampa,Patagonia,Santa Rosa,https://www.laarena.com.ar,Consultora seleccionará vendedor de agroinsumos
2026-06-23,2026-W26,provincial,LA ARENA,La Pampa,Patagonia,Santa Rosa,https://www.laarena.com.ar,Messi y otro impacto: dos goles para la clasificación
2026-06-23,2026-W26,provincial,LA ARENA,La Pampa,Patagonia,Santa Rosa,https://www.laarena.com.ar,"Día del Padre: el 61,5 % de los comercios vendió menos"
2026-06-23,2026-W26,provincial,LA ARENA,La Pampa,Patagonia,Santa Rosa,https://www.laarena.com.ar,El desempleo en Santa Rosa-Toay fue del 5 %
2026-06-23,2026-W26,provincial,LA ARENA,La Pampa,Patagonia,Santa Rosa,https://www.laarena.com.ar,Fiesta en Santa Rosa
2026-06-23,2026-W26,provincial,LA ARENA,La Pampa,Patagonia,Santa Rosa,https://www.laarena.com.ar,Ravier tiene su foto con Adorni: “clave para comunicar”
2026-06-23,2026-W26,provincial,LA ARENA,La Pampa,Patagonia,Santa Rosa,https://www.laarena.com.ar,Quinteros campeón y líder mundial
2026-06-23,2026-W26,provincial,LA ARENA,La Pampa,Patagonia,Santa Rosa,https://www.laarena.com.ar,"Mac Allister, de la felicidad a la admiración por Messi"
2026-06-23,2026-W26,provincial,LA ARENA,La Pampa,Patagonia,Santa Rosa,https://www.laarena.com.ar,Loteo: concejales esperan el informe
2026-06-23,2026-W26,provincial,LA ARENA,La Pampa,Patagonia,Santa Rosa,https://www.laarena.com.ar,"Tomasi, el primer piloto con síndrome de Down"
2026-06-23,2026-W26,provincial,LA ARENA,La Pampa,Patagonia,Santa Rosa,https://www.laarena.com.ar,All Boys enfrentará a Pérfora de Neuquén
2026-06-23,2026-W26,provincial,LA ARENA,La Pampa,Patagonia,Santa Rosa,https://www.laarena.com.ar,La ola de calor golpea a Europa
2026-06-23,2026-W26,provincial,LA ARENA,La Pampa,Patagonia,Santa Rosa,https://www.laarena.com.ar,“No nos asustan ni sus rugidos ni sus alaridos”
2026-06-23,2026-W26,provincial,LA ARENA,La Pampa,Patagonia,Santa Rosa,https://www.laarena.com.ar,Irán aceptó el ingreso de inspectores nucleares
2026-06-23,2026-W26,provincial,PLAN B NOTICIAS,La Pampa,Patagonia,Santa Rosa,https://www.planbnoticias.com.ar,Inconsistencia financiera: Discontinuarán convenio con la Fundación Cosecha Completa
2026-06-23,2026-W26,provincial,PLAN B NOTICIAS,La Pampa,Patagonia,Santa Rosa,https://www.planbnoticias.com.ar,Ziliotto refuerza la inversión en infraestructura y ejecutará una obra histórica en Villa Alonso
2026-06-23,2026-W26,provincial,PLAN B NOTICIAS,La Pampa,Patagonia,Santa Rosa,https://www.planbnoticias.com.ar,Di Nápoli supervisó el final de una obra para varios barrios de la ciudad
2026-06-23,2026-W26,provincial,PLAN B NOTICIAS,La Pampa,Patagonia,Santa Rosa,https://www.planbnoticias.com.ar,"Ziliotto recibió a Gallotti y ratificó inversiones en educación, viviendas y salud en Bernardo Larroudé"
2026-06-23,2026-W26,provincial,PLAN B NOTICIAS,La Pampa,Patagonia,Santa Rosa,https://www.planbnoticias.com.ar,Inglaterra y Ghana empataron y dejaron abierta la definición del Grupo L
2026-06-23,2026-W26,provincial,PLAN B NOTICIAS,La Pampa,Patagonia,Santa Rosa,https://www.planbnoticias.com.ar,Ferrán apuntó contra aliados del Gobierno por frenar la interpelación a Adorni
2026-06-23,2026-W26,provincial,PLAN B NOTICIAS,La Pampa,Patagonia,Santa Rosa,https://www.planbnoticias.com.ar,"Según el INDEC, los salarios subieron 3,5% en abril y le ganaron a la inflación"
2026-06-23,2026-W26,provincial,PLAN B NOTICIAS,La Pampa,Patagonia,Santa Rosa,https://www.planbnoticias.com.ar,La Defensora de Niñez expuso sobre las acciones y desafíos del organismo
2026-06-23,2026-W26,provincial,PLAN B NOTICIAS,La Pampa,Patagonia,Santa Rosa,https://www.planbnoticias.com.ar,Lanzan un taller para conocer la oferta turística de Santa Rosa
2026-06-23,2026-W26,provincial,PLAN B NOTICIAS,La Pampa,Patagonia,Santa Rosa,https://www.planbnoticias.com.ar,Prendió fuego la casa de su ex: Seis meses de prisión preventiva
2026-06-23,2026-W26,provincial,PLAN B NOTICIAS,La Pampa,Patagonia,Santa Rosa,https://www.planbnoticias.com.ar,Ganó Portugal y Cristiano Ronaldo superó tres récords en Mundiales
2026-06-23,2026-W26,provincial,PLAN B NOTICIAS,La Pampa,Patagonia,Santa Rosa,https://www.planbnoticias.com.ar,El Gobierno discontinuará convenio con la Fundación Cosecha Completa: Inconsistencia financiera
2026-06-23,2026-W26,provincial,PLAN B NOTICIAS,La Pampa,Patagonia,Santa Rosa,https://www.planbnoticias.com.ar,UNLPam: Arrancaron las inscripciones para personas mayores de 25 años sin título secundario
2026-06-23,2026-W26,provincial,PLAN B NOTICIAS,La Pampa,Patagonia,Santa Rosa,https://www.planbnoticias.com.ar,El oficialismo logró frenar la sesión para interpelar a Adorni
2026-06-23,2026-W26,provincial,PLAN B NOTICIAS,La Pampa,Patagonia,Santa Rosa,https://www.planbnoticias.com.ar,“La Pampa cubre el cien por cien de la demanda en salas de tres años”
2026-06-23,2026-W26,provincial,PLAN B NOTICIAS,La Pampa,Patagonia,Santa Rosa,https://www.planbnoticias.com.ar,"Día del Padre: el 61,5 % de los comercios de Santa Rosa vendió menos que en 2025"
2026-06-23,2026-W26,provincial,PLAN B NOTICIAS,La Pampa,Patagonia,Santa Rosa,https://www.planbnoticias.com.ar,Atractivas propuestas culturales para despedir junio
2026-06-23,2026-W26,provincial,PLAN B NOTICIAS,La Pampa,Patagonia,Santa Rosa,https://www.planbnoticias.com.ar,Tragedia en el Bajo Giuliani: velarán esta tarde a las víctimas en 25 de Mayo
2026-06-23,2026-W26,provincial,PLAN B NOTICIAS,La Pampa,Patagonia,Santa Rosa,https://www.planbnoticias.com.ar,Romina Montes de Oca: “Los debates construyen”
2026-06-23,2026-W26,provincial,PLAN B NOTICIAS,La Pampa,Patagonia,Santa Rosa,https://www.planbnoticias.com.ar,Módulo Despensa de barrio Esperanza: aprovechá las ofertas y variedades de productos
2026-06-23,2026-W26,provincial,PLAN B NOTICIAS,La Pampa,Patagonia,Santa Rosa,https://www.planbnoticias.com.ar,Trapaglia cuestionó las condiciones de trabajo en un laboratorio del Molas y reclamó soluciones
2026-06-23,2026-W26,provincial,PLAN B NOTICIAS,La Pampa,Patagonia,Santa Rosa,https://www.planbnoticias.com.ar,"A un mes del femicidio de Agostina Vega: cómo está la causa contra Barrelier, Fassetta y Andreani"
2026-06-23,2026-W26,provincial,PLAN B NOTICIAS,La Pampa,Patagonia,Santa Rosa,https://www.planbnoticias.com.ar,"Con convenio propio, trabajadores legislativos buscan salir de la Ley 643"
2026-06-23,2026-W26,provincial,PLAN B NOTICIAS,La Pampa,Patagonia,Santa Rosa,https://www.planbnoticias.com.ar,Tragedia en el Bajo Giuliani: las víctimas eran hermanas
2026-06-23,2026-W26,provincial,PLAN B NOTICIAS,La Pampa,Patagonia,Santa Rosa,https://www.planbnoticias.com.ar,“Que tristeza tan profunda nos envuelve”
2026-06-23,2026-W26,provincial,PLAN B NOTICIAS,La Pampa,Patagonia,Santa Rosa,https://www.planbnoticias.com.ar,"El jueves 25, corte programado en Villa Alonso"
2026-06-23,2026-W26,provincial,PLAN B NOTICIAS,La Pampa,Patagonia,Santa Rosa,https://www.planbnoticias.com.ar,Se reestableció el convenio de reciprocidad entre el ISS-SEMPRE- y el Instituto de Obra Médico Asistencial
2026-06-23,2026-W26,provincial,PLAN B NOTICIAS,La Pampa,Patagonia,Santa Rosa,https://www.planbnoticias.com.ar,"Con la ayuda del PRO, la UCR y gobernadores, el oficialismo blindó a Adorni y evitarían su interpelación"
2026-06-23,2026-W26,provincial,PLAN B NOTICIAS,La Pampa,Patagonia,Santa Rosa,https://www.planbnoticias.com.ar,"En la Fundación Faro y a puertas cerradas para la prensa, Milei presenta hoy a Ravier"
2026-06-23,2026-W26,provincial,PLAN B NOTICIAS,La Pampa,Patagonia,Santa Rosa,https://www.planbnoticias.com.ar,"Índice Congreso: 11 meses seguidos de caída de salarios, empleo y más morosidad familiar"
2026-06-23,2026-W26,provincial,PLAN B NOTICIAS,La Pampa,Patagonia,Santa Rosa,https://www.planbnoticias.com.ar,"Argelia le dio vuelta el partido a Jordania, le ganó por 2 a 1 y mantiene la ilusión de clasificar a 16avos"
2026-06-23,2026-W26,provincial,PLAN B NOTICIAS,La Pampa,Patagonia,Santa Rosa,https://www.planbnoticias.com.ar,"Con amplia mayoría, el Concejo rechazó la reforma a la ley de Glaciares"
2026-06-23,2026-W26,provincial,PLAN B NOTICIAS,La Pampa,Patagonia,Santa Rosa,https://www.planbnoticias.com.ar,25 de Mayo conmovida por la muerte de cuatro personas en el Bajo Giuliani
2026-06-23,2026-W26,provincial,PLAN B NOTICIAS,La Pampa,Patagonia,Santa Rosa,https://www.planbnoticias.com.ar,Noruega le ganó a Senegal y también se clasificó a la próxima ronda del Mundial
2026-06-23,2026-W26,provincial,PLAN B NOTICIAS,La Pampa,Patagonia,Santa Rosa,https://www.planbnoticias.com.ar,Francia goleó a Irak por 3 a 0 y Mbappé alcanzó a Klose como segundo máximo artillero en mundiales
2026-06-23,2026-W26,provincial,PLAN B NOTICIAS,La Pampa,Patagonia,Santa Rosa,https://www.planbnoticias.com.ar,Tragedia en el Bajo Giuliani: cuatro personas murieron tras despistar su auto y caer al agua
2026-06-23,2026-W26,provincial,PLAN B NOTICIAS,La Pampa,Patagonia,Santa Rosa,https://www.planbnoticias.com.ar,La Red de Municipios Cooperativos invita a una jornada sobre Balance Social Cooperativo
2026-06-23,2026-W26,provincial,PLAN B NOTICIAS,La Pampa,Patagonia,Santa Rosa,https://www.planbnoticias.com.ar,Según el INDEC la desocupación en Santa Rosa-Toay fue del 5%
2026-06-23,2026-W26,provincial,PLAN B NOTICIAS,La Pampa,Patagonia,Santa Rosa,https://www.planbnoticias.com.ar,Educación cubre el 100% de demanda en salas de tres años
2026-06-23,2026-W26,provincial,PLAN B NOTICIAS,La Pampa,Patagonia,Santa Rosa,https://www.planbnoticias.com.ar,UNLPam: habrá Actos de Colación de Grado y Posgrado el 3 de julio
2026-06-23,2026-W26,provincial,PLAN B NOTICIAS,La Pampa,Patagonia,Santa Rosa,https://www.planbnoticias.com.ar,“La Pampa Teje”: tramas de identidad y cultura pampeana en la Casa del Bicentenario
2026-06-23,2026-W26,provincial,PLAN B NOTICIAS,La Pampa,Patagonia,Santa Rosa,https://www.planbnoticias.com.ar,Buscan a un cachorro Ovejero Alemán
2026-06-23,2026-W26,provincial,PLAN B NOTICIAS,La Pampa,Patagonia,Santa Rosa,https://www.planbnoticias.com.ar,"Buscan recaudar dinero para la cirugía de “Negrita”, una perrita rescatada"
2026-06-23,2026-W26,provincial,PLAN B NOTICIAS,La Pampa,Patagonia,Santa Rosa,https://www.planbnoticias.com.ar,LIBERTAD DE EXPRESION Sale o Sale Webe@ando
2026-06-23,2026-W26,provincial,CUTRAL CO AL INSTANTE,Neuquén,Patagonia,Cutral Có,https://www.cutralcoalinstante.com,Últimas noticias
2026-06-23,2026-W26,provincial,CUTRAL CO AL INSTANTE,Neuquén,Patagonia,Cutral Có,https://www.cutralcoalinstante.com,Noticias Locales
2026-06-23,2026-W26,provincial,CUTRAL CO AL INSTANTE,Neuquén,Patagonia,Cutral Có,https://www.cutralcoalinstante.com,Neuquén refuerza el monitoreo del hantavirus
2026-06-23,2026-W26,provincial,CUTRAL CO AL INSTANTE,Neuquén,Patagonia,Cutral Có,https://www.cutralcoalinstante.com,SENASA realizará atención presencial en Plaza Huincul
2026-06-23,2026-W26,provincial,CUTRAL CO AL INSTANTE,Neuquén,Patagonia,Cutral Có,https://www.cutralcoalinstante.com,Lanza colecta para ayudar a una familia de Cutral Co que perdió todo en un incendio
2026-06-23,2026-W26,provincial,CUTRAL CO AL INSTANTE,Neuquén,Patagonia,Cutral Có,https://www.cutralcoalinstante.com,Cutral Co: la sede barrial de Parque Oeste dejará de ceder el SUM
2026-06-23,2026-W26,provincial,CUTRAL CO AL INSTANTE,Neuquén,Patagonia,Cutral Có,https://www.cutralcoalinstante.com,ATEN convocó a un paro y movilización en rechazo al proyecto de ley de GNL
2026-06-23,2026-W26,provincial,CUTRAL CO AL INSTANTE,Neuquén,Patagonia,Cutral Có,https://www.cutralcoalinstante.com,El CFP 26 de Cutral Co sortea productos realizados por alumnos para recaudar fondos
2026-06-23,2026-W26,provincial,CUTRAL CO AL INSTANTE,Neuquén,Patagonia,Cutral Có,https://www.cutralcoalinstante.com,"Con una gran convocatoria, se celebró el Día del Skate en Parque Oeste"
2026-06-23,2026-W26,provincial,CUTRAL CO AL INSTANTE,Neuquén,Patagonia,Cutral Có,https://www.cutralcoalinstante.com,Pasó la fecha 15 del Torneo Oficial de Lifune y así quedaron las posiciones
2026-06-23,2026-W26,provincial,CUTRAL CO AL INSTANTE,Neuquén,Patagonia,Cutral Có,https://www.cutralcoalinstante.com,Goleada de Petrolero Argentino en Plaza Huincul para seguir prendido en el Torneo Oficial
2026-06-23,2026-W26,provincial,CUTRAL CO AL INSTANTE,Neuquén,Patagonia,Cutral Có,https://www.cutralcoalinstante.com,RICARDO RIOSECO
2026-06-23,2026-W26,provincial,CUTRAL CO AL INSTANTE,Neuquén,Patagonia,Cutral Có,https://www.cutralcoalinstante.com,RICO JUAN ERNESTO
2026-06-23,2026-W26,provincial,CUTRAL CO AL INSTANTE,Neuquén,Patagonia,Cutral Có,https://www.cutralcoalinstante.com,Familiares agradecen la atención en el hospital de Cutral Co y Plaza Huincul
2026-06-23,2026-W26,provincial,CUTRAL CO AL INSTANTE,Neuquén,Patagonia,Cutral Có,https://www.cutralcoalinstante.com,Piden cadena de oración para Elías Muñoz
2026-06-23,2026-W26,provincial,CUTRAL CO AL INSTANTE,Neuquén,Patagonia,Cutral Có,https://www.cutralcoalinstante.com,¡Saludos de cumple!
2026-06-23,2026-W26,provincial,CUTRAL CO AL INSTANTE,Neuquén,Patagonia,Cutral Có,https://www.cutralcoalinstante.com,Se viene la segunda jornada de la “Noche de las Mamos”
2026-06-23,2026-W26,provincial,CUTRAL CO AL INSTANTE,Neuquén,Patagonia,Cutral Có,https://www.cutralcoalinstante.com,Seguinos en Facebook
2026-06-23,2026-W26,provincial,CUTRAL CO AL INSTANTE,Neuquén,Patagonia,Cutral Có,https://www.cutralcoalinstante.com,Seguinos en Youtube
2026-06-23,2026-W26,provincial,CUTRAL CO AL INSTANTE,Neuquén,Patagonia,Cutral Có,https://www.cutralcoalinstante.com,"SENASA realizará atención presencial en Plaza Huincul 23 junio, 2026 No hay comentarios Se podrán realizar distintos trámites vinculados al RENSPA y otras gestiones del sector agropecuario. Leer más"
2026-06-23,2026-W26,provincial,CUTRAL CO AL INSTANTE,Neuquén,Patagonia,Cutral Có,https://www.cutralcoalinstante.com,"Lanza colecta para ayudar a una familia de Cutral Co que perdió todo en un incendio 23 junio, 2026 No hay comentarios Quienes no puedan acercar su colaboración podrán coordinar el retiro a domicilio comunicándose al teléfono 299 6081 619. Leer más"
2026-06-23,2026-W26,provincial,CUTRAL CO AL INSTANTE,Neuquén,Patagonia,Cutral Có,https://www.cutralcoalinstante.com,"Cutral Co: la sede barrial de Parque Oeste dejará de ceder el SUM 23 junio, 2026 No hay comentarios Explicaron que en reiteradas ocasiones el SUM fue devuelto en condiciones inadecuadas, registrándose roturas y deterioros Leer más"
2026-06-23,2026-W26,provincial,CUTRAL CO AL INSTANTE,Neuquén,Patagonia,Cutral Có,https://www.cutralcoalinstante.com,"El CFP 26 de Cutral Co sortea productos realizados por alumnos para recaudar fondos 23 junio, 2026 No hay comentarios El valor del número es de 10 mil pesos y el sorteo se realizará el próximo 28 de julio. Leer más"
2026-06-23,2026-W26,provincial,CUTRAL CO AL INSTANTE,Neuquén,Patagonia,Cutral Có,https://www.cutralcoalinstante.com,"Noticias locales SENASA realizará atención presencial en Plaza Huincul Se podrán realizar distintos trámites vinculados al RENSPA y otras gestiones del sector agropecuario. leer más» 23 junio, 2026 No hay comentarios"
2026-06-23,2026-W26,provincial,CUTRAL CO AL INSTANTE,Neuquén,Patagonia,Cutral Có,https://www.cutralcoalinstante.com,"Noticias locales Lanza colecta para ayudar a una familia de Cutral Co que perdió todo en un incendio Quienes no puedan acercar su colaboración podrán coordinar el retiro a domicilio comunicándose al teléfono 299 6081 619. leer más» 23 junio, 2026 No hay comentarios"
2026-06-23,2026-W26,provincial,CUTRAL CO AL INSTANTE,Neuquén,Patagonia,Cutral Có,https://www.cutralcoalinstante.com,"Noticias locales Cutral Co: la sede barrial de Parque Oeste dejará de ceder el SUM Explicaron que en reiteradas ocasiones el SUM fue devuelto en condiciones inadecuadas, registrándose roturas y deterioros leer más» 23 junio, 2026 No hay comentarios"
2026-06-23,2026-W26,provincial,LM NEUQUÉN,Neuquén,Patagonia,Neuquén,https://www.lmneuquen.com,Publicó un calefón en Marketplace y terminó siendo víctima de una estafa que afectó a dos vecinos
2026-06-23,2026-W26,provincial,LM NEUQUÉN,Neuquén,Patagonia,Neuquén,https://www.lmneuquen.com,Atención: alerta amarilla por vientos y nevadas en Neuquén
2026-06-23,2026-W26,provincial,LM NEUQUÉN,Neuquén,Patagonia,Neuquén,https://www.lmneuquen.com,Sin calefacción en la madrugada: la pesadilla que vivieron pasajeros en plena cordillera neuquina
2026-06-23,2026-W26,provincial,LM NEUQUÉN,Neuquén,Patagonia,Neuquén,https://www.lmneuquen.com,Por actividad del volcán Auca Mahuida el gobierno dispone medidas
2026-06-23,2026-W26,provincial,LM NEUQUÉN,Neuquén,Patagonia,Neuquén,https://www.lmneuquen.com,Atacaron a una mujer en la calle y la situación escaló a batalla campal
2026-06-23,2026-W26,provincial,LM NEUQUÉN,Neuquén,Patagonia,Neuquén,https://www.lmneuquen.com,"La economía creció 2,3% en el primer trimestre del año, según el INDEC"
2026-06-23,2026-W26,provincial,LM NEUQUÉN,Neuquén,Patagonia,Neuquén,https://www.lmneuquen.com,Contundente respaldo de intendentes al proyecto de GNL
2026-06-23,2026-W26,provincial,LM NEUQUÉN,Neuquén,Patagonia,Neuquén,https://www.lmneuquen.com,Irresponsable: ingresó a un sector prohibido del Parque Nacional Lanín fue infraccionado
2026-06-23,2026-W26,provincial,LM NEUQUÉN,Neuquén,Patagonia,Neuquén,https://www.lmneuquen.com,Tecpetrol rompió un récord de profundidad en Vaca Muerta con un pozo de 6.579 metros
2026-06-23,2026-W26,provincial,LM NEUQUÉN,Neuquén,Patagonia,Neuquén,https://www.lmneuquen.com,Sorpresivo: Bullrich quiso cancelar el informe de Manuel Adorni y él la contradijo
2026-06-23,2026-W26,provincial,LM NEUQUÉN,Neuquén,Patagonia,Neuquén,https://www.lmneuquen.com,Alivio para vecinos y despliegue policial en el edificio de Sargento Cabral que funcionaba como aguantadero
2026-06-23,2026-W26,provincial,LM NEUQUÉN,Neuquén,Patagonia,Neuquén,https://www.lmneuquen.com,Obra de la Avenida Mosconi en la zona de los puentes carreteros: así avanza el viaducto
2026-06-23,2026-W26,provincial,LM NEUQUÉN,Neuquén,Patagonia,Neuquén,https://www.lmneuquen.com,Mundial 2026 EN VIVO | Croacia le gana a Panamá
2026-06-23,2026-W26,provincial,LM NEUQUÉN,Neuquén,Patagonia,Neuquén,https://www.lmneuquen.com,"Los miércoles, subite a la Vacuneta: dónde estará"
2026-06-23,2026-W26,provincial,LM NEUQUÉN,Neuquén,Patagonia,Neuquén,https://www.lmneuquen.com,El gol increíble que se perdió Harry Kane en el empate de Inglaterra
2026-06-23,2026-W26,provincial,LM NEUQUÉN,Neuquén,Patagonia,Neuquén,https://www.lmneuquen.com,Muerte en un centro turístico de la Patagonia: cortaba leña con una motosierra y el árbol se le vino encima
2026-06-23,2026-W26,provincial,LM NEUQUÉN,Neuquén,Patagonia,Neuquén,https://www.lmneuquen.com,Loitegui revoluciona el urbanismo de Neuquén con proyectos que combinan lo mejor de casas y departamentos
2026-06-23,2026-W26,provincial,LM NEUQUÉN,Neuquén,Patagonia,Neuquén,https://www.lmneuquen.com,El Mundial no espera: registrate hoy en la Copa LMN y empezá a sumar puntos por la Ford Territory
2026-06-23,2026-W26,provincial,LM NEUQUÉN,Neuquén,Patagonia,Neuquén,https://www.lmneuquen.com,El crudo análisis del Luis Suárez del presente de Uruguay en el Mundial
2026-06-23,2026-W26,provincial,LM NEUQUÉN,Neuquén,Patagonia,Neuquén,https://www.lmneuquen.com,Feroz tiroteo en una favela de Río de Janeiro dejó cuatro muertos y turistas argentinos atrapados
2026-06-23,2026-W26,provincial,LM NEUQUÉN,Neuquén,Patagonia,Neuquén,https://www.lmneuquen.com,"Un joven de 19 años lucha por su vida tras ser atropellado por un colectivo: ""salvó a su novia"""
2026-06-23,2026-W26,provincial,LM NEUQUÉN,Neuquén,Patagonia,Neuquén,https://www.lmneuquen.com,Boca busca arquero: los tres nombres que suenan
2026-06-23,2026-W26,provincial,LM NEUQUÉN,Neuquén,Patagonia,Neuquén,https://www.lmneuquen.com,Confirmaron la fecha del próximo feriado y habrá finde largo de cuatro días: cuándo será
2026-06-23,2026-W26,provincial,LM NEUQUÉN,Neuquén,Patagonia,Neuquén,https://www.lmneuquen.com,Emocionante video: Marité Berbel cantó completo el Himno de Neuquén y no pudo contener las lágrimas
2026-06-23,2026-W26,provincial,LM NEUQUÉN,Neuquén,Patagonia,Neuquén,https://www.lmneuquen.com,"Caída global de Meta: reportan fallas en Facebook, Instagram y WhatsApp"
2026-06-23,2026-W26,provincial,LM NEUQUÉN,Neuquén,Patagonia,Neuquén,https://www.lmneuquen.com,"Tras la polémica por la fake news, hay preocupación por la salud de Florencia Peña"
2026-06-23,2026-W26,provincial,LM NEUQUÉN,Neuquén,Patagonia,Neuquén,https://www.lmneuquen.com,"Tensión en Villa La Angostura: abusador salió a celebrar el Día del Padre, la víctima protestó y la detuvieron"
2026-06-23,2026-W26,provincial,LM NEUQUÉN,Neuquén,Patagonia,Neuquén,https://www.lmneuquen.com,Aval de la Legislatura a los vocales del Tribunal de Cuentas propuestos por Figueroa
2026-06-23,2026-W26,provincial,LM NEUQUÉN,Neuquén,Patagonia,Neuquén,https://www.lmneuquen.com,El peligro oculto de las apps de citas: qué datos personales nunca deberías compartir
2026-06-23,2026-W26,provincial,LM NEUQUÉN,Neuquén,Patagonia,Neuquén,https://www.lmneuquen.com,Salarios: el poder de compra de los trabajadores subió en abril y le ganó a la inflación
2026-06-23,2026-W26,provincial,LM NEUQUÉN,Neuquén,Patagonia,Neuquén,https://www.lmneuquen.com,"Neuquén y Málaga articulan experiencias en tecnología, cultura y turismo"
2026-06-23,2026-W26,provincial,LM NEUQUÉN,Neuquén,Patagonia,Neuquén,https://www.lmneuquen.com,Mundial 2026: dos apostadores acertaron cuatro resultados del prode y ganaron un premio millonario
2026-06-23,2026-W26,provincial,LM NEUQUÉN,Neuquén,Patagonia,Neuquén,https://www.lmneuquen.com,Quién era la joven de 18 años que murió atropellada por un colectivo fuera de control
2026-06-23,2026-W26,provincial,LM NEUQUÉN,Neuquén,Patagonia,Neuquén,https://www.lmneuquen.com,La fuerte decisión del Atlético de Madrid por Julián Álvarez: denunciará al Barcelona
2026-06-23,2026-W26,provincial,LM NEUQUÉN,Neuquén,Patagonia,Neuquén,https://www.lmneuquen.com,Perdieron el control y sufrieron un fuerte vuelco en Ruta 22: dos personas heridas
2026-06-23,2026-W26,provincial,LM NEUQUÉN,Neuquén,Patagonia,Neuquén,https://www.lmneuquen.com,Entregaron casi un millar de chalecos antibalas a la Policía neuquina
2026-06-23,2026-W26,provincial,LM NEUQUÉN,Neuquén,Patagonia,Neuquén,https://www.lmneuquen.com,Despidieron a un alto oficial de la Policía de Neuquén condenado por violentar a una víctima de delito
2026-06-23,2026-W26,provincial,LM NEUQUÉN,Neuquén,Patagonia,Neuquén,https://www.lmneuquen.com,Quiénes eran las cuatro hermanas que murieron en un accidente en La Pampa y adónde viajaban
2026-06-23,2026-W26,provincial,LM NEUQUÉN,Neuquén,Patagonia,Neuquén,https://www.lmneuquen.com,COPA DEL MUNDO 2026
2026-06-23,2026-W26,provincial,LM NEUQUÉN,Neuquén,Patagonia,Neuquén,https://www.lmneuquen.com,Asaltaron un colectivo de tour de compras en la ruta: murió una mujer que recibió dos disparos
2026-06-23,2026-W26,provincial,LM NEUQUÉN,Neuquén,Patagonia,Neuquén,https://www.lmneuquen.com,"Estaba borracho, salió a festejar el triunfo de la selección en una retroexcavadora y chocó siete autos"
2026-06-23,2026-W26,provincial,LM NEUQUÉN,Neuquén,Patagonia,Neuquén,https://www.lmneuquen.com,Un hombre frenó a un colectivero en la calle y lo atacó a golpes: todo quedó grabado
2026-06-23,2026-W26,provincial,LM NEUQUÉN,Neuquén,Patagonia,Neuquén,https://www.lmneuquen.com,Fuertes vientos y hasta 30 °C bajo cero: el rincón de la Argentina que enfrenta un frío extremo
2026-06-23,2026-W26,provincial,LM NEUQUÉN,Neuquén,Patagonia,Neuquén,https://www.lmneuquen.com,Vaca Muerta: el super pozo de Rincón del Mangrullo llevó a YPF a recuperar el liderazgo en gas
2026-06-23,2026-W26,provincial,LM NEUQUÉN,Neuquén,Patagonia,Neuquén,https://www.lmneuquen.com,Halliburton ve a Vaca Muerta preparada para competir con los mejores desarrollos shale
2026-06-23,2026-W26,provincial,LM NEUQUÉN,Neuquén,Patagonia,Neuquén,https://www.lmneuquen.com,"PyMEs petroleras 2026: récord de optimismo, pero con alta capacidad ociosa"
2026-06-23,2026-W26,provincial,LM NEUQUÉN,Neuquén,Patagonia,Neuquén,https://www.lmneuquen.com,Pumas atacan en el norte neuquino y dejan decenas de animales muertos
2026-06-23,2026-W26,provincial,LM NEUQUÉN,Neuquén,Patagonia,Neuquén,https://www.lmneuquen.com,El feedlot más grande de Argentina busca US$ 30 millones con ON para expandir su negocio
2026-06-23,2026-W26,provincial,LM NEUQUÉN,Neuquén,Patagonia,Neuquén,https://www.lmneuquen.com,Crece el consumo de huevos en Patagonia: ocho de cada diez llegan desde el norte del país
2026-06-23,2026-W26,provincial,LM NEUQUÉN,Neuquén,Patagonia,Neuquén,https://www.lmneuquen.com,Neuquén busca mejorar la producción de alimentos sin aumentar el stock ganadero
2026-06-23,2026-W26,provincial,LIMAY NOTICIAS,Neuquén,Patagonia,Plottier,https://www.limaynoticias.com.ar,Últimas noticias
2026-06-23,2026-W26,provincial,LIMAY NOTICIAS,Neuquén,Patagonia,Plottier,https://www.limaynoticias.com.ar,Plottier invita a disfrutar una nueva edición de los Acústicos de Invierno
2026-06-23,2026-W26,provincial,LIMAY NOTICIAS,Neuquén,Patagonia,Plottier,https://www.limaynoticias.com.ar,Garrafas sociales: difunden cronograma de distribución en distintos sectores de Plottier
2026-06-23,2026-W26,provincial,LIMAY NOTICIAS,Neuquén,Patagonia,Plottier,https://www.limaynoticias.com.ar,Plottier celebró el Día de la Bandera con actos en la Plaza San Martín y el barrio El Chacay
2026-06-23,2026-W26,provincial,LIMAY NOTICIAS,Neuquén,Patagonia,Plottier,https://www.limaynoticias.com.ar,Nueva edición de Vaca Muerta News Radio
2026-06-23,2026-W26,provincial,LIMAY NOTICIAS,Neuquén,Patagonia,Plottier,https://www.limaynoticias.com.ar,Plottier conmemora el Día de la Bandera con actos protocolares y una gran jornada comunitaria en los barrios
2026-06-23,2026-W26,provincial,LIMAY NOTICIAS,Neuquén,Patagonia,Plottier,https://www.limaynoticias.com.ar,"Alerta meteorológica por un frente frío con lluvias, posibles nevadas y fuertes vientos"
2026-06-23,2026-W26,provincial,LIMAY NOTICIAS,Neuquén,Patagonia,Plottier,https://www.limaynoticias.com.ar,Loteos en Plottier: lo que tenés que saber antes de adquirir un lote
2026-06-23,2026-W26,provincial,LIMAY NOTICIAS,Neuquén,Patagonia,Plottier,https://www.limaynoticias.com.ar,Mundial 2026: Exitosa jornada organizada por el EDEP y habrá nueva edición el sábado 20
2026-06-23,2026-W26,provincial,LIMAY NOTICIAS,Neuquén,Patagonia,Plottier,https://www.limaynoticias.com.ar,Con ayuda de perros secuestraron droga en la ciudad
2026-06-23,2026-W26,provincial,LIMAY NOTICIAS,Neuquén,Patagonia,Plottier,https://www.limaynoticias.com.ar,Escuchá una nueva edición de Vaca Muerta News Radio
2026-06-23,2026-W26,provincial,LIMAY NOTICIAS,Neuquén,Patagonia,Plottier,https://www.limaynoticias.com.ar,Los hospitales Heller y Plottier habilitan consultorios externos con turnos por Andes
2026-06-23,2026-W26,provincial,LIMAY NOTICIAS,Neuquén,Patagonia,Plottier,https://www.limaynoticias.com.ar,"La inflación en Neuquén fue del 2,3% en mayo y acumuló 14,8% en los primeros cinco meses del año"
2026-06-23,2026-W26,provincial,LIMAY NOTICIAS,Neuquén,Patagonia,Plottier,https://www.limaynoticias.com.ar,RTN transmitirá los partidos de la Selección Argentina en la fase de grupos
2026-06-23,2026-W26,provincial,LIMAY NOTICIAS,Neuquén,Patagonia,Plottier,https://www.limaynoticias.com.ar,Plottier fortalece la formación laboral con la firma de un nuevo convenio del programa provincial “Kimün”
2026-06-23,2026-W26,provincial,LIMAY NOTICIAS,Neuquén,Patagonia,Plottier,https://www.limaynoticias.com.ar,Plottier cuenta con más de 25 ecopuntos y un mapa interactivo para facilitar el reciclaje
2026-06-23,2026-W26,provincial,LIMAY NOTICIAS,Neuquén,Patagonia,Plottier,https://www.limaynoticias.com.ar,Plottier: la obra de ampliación de la EPET 9 ya supera el 55 por ciento de avance
2026-06-23,2026-W26,provincial,LIMAY NOTICIAS,Neuquén,Patagonia,Plottier,https://www.limaynoticias.com.ar,Llega el primer programa de junio de Vaca Muerta News Radio
2026-06-23,2026-W26,provincial,LIMAY NOTICIAS,Neuquén,Patagonia,Plottier,https://www.limaynoticias.com.ar,"El Registro Civil estará en distintos sectores de Neuquén capital, Plottier y Rincón de los Sauces"
2026-06-23,2026-W26,provincial,LIMAY NOTICIAS,Neuquén,Patagonia,Plottier,https://www.limaynoticias.com.ar,Cruces entre la municipalidad y ATE ante los reclamos por mejoras salariales
2026-06-23,2026-W26,provincial,LIMAY NOTICIAS,Neuquén,Patagonia,Plottier,https://www.limaynoticias.com.ar,Sindicatos protestaron frente al municipio por reclamos salariales e indumentaria
2026-06-23,2026-W26,provincial,LIMAY NOTICIAS,Neuquén,Patagonia,Plottier,https://www.limaynoticias.com.ar,El Gobierno habilitó a talleres mecánicos particulares para realizar la RTO
2026-06-23,2026-W26,provincial,LIMAY NOTICIAS,Neuquén,Patagonia,Plottier,https://www.limaynoticias.com.ar,Asaltaron a la jefa comunal Malena Resa
2026-06-23,2026-W26,provincial,LIMAY NOTICIAS,Neuquén,Patagonia,Plottier,https://www.limaynoticias.com.ar,Abren las inscripciones a las Becas Gregorio Álvarez para la terminalidad secundaria
2026-06-23,2026-W26,provincial,LIMAY NOTICIAS,Neuquén,Patagonia,Plottier,https://www.limaynoticias.com.ar,Este domingo corte de energía en Plottier
2026-06-23,2026-W26,provincial,LIMAY NOTICIAS,Neuquén,Patagonia,Plottier,https://www.limaynoticias.com.ar,Provincia construirá un nuevo SUM para la EPET Nº19 de Plottier | Neuquen Informa
2026-06-23,2026-W26,provincial,LIMAY NOTICIAS,Neuquén,Patagonia,Plottier,https://www.limaynoticias.com.ar,El barrio 120 Viviendas celebró su 24° aniversario
2026-06-23,2026-W26,provincial,LIMAY NOTICIAS,Neuquén,Patagonia,Plottier,https://www.limaynoticias.com.ar,Lanzan capacitaciones gratuitas para potenciar habilidades digitales
2026-06-23,2026-W26,provincial,LIMAY NOTICIAS,Neuquén,Patagonia,Plottier,https://www.limaynoticias.com.ar,La Municipalidad lanzó un nuevo plan de regularización fiscal con quitas de hasta el 80%
2026-06-23,2026-W26,provincial,LIMAY NOTICIAS,Neuquén,Patagonia,Plottier,https://www.limaynoticias.com.ar,¿Cuándo juega Argentina en el Mundial 2026 y cuáles podrían ser sus próximas fechas?
2026-06-23,2026-W26,provincial,LIMAY NOTICIAS,Neuquén,Patagonia,Plottier,https://www.limaynoticias.com.ar,La Municipalidad de Plottier abrió una convocatoria para cubrir cargos en Obras Públicas y Hábitat
2026-06-23,2026-W26,provincial,LIMAY NOTICIAS,Neuquén,Patagonia,Plottier,https://www.limaynoticias.com.ar,"La pobreza trepó al 44,7% en el país y ya afecta a 17,5 millones de personas"
2026-06-23,2026-W26,provincial,LIMAY NOTICIAS,Neuquén,Patagonia,Plottier,https://www.limaynoticias.com.ar,Aprueban el proyecto de tolerancia cero para el consumo de alcohol a conductores de vehículos
2026-06-23,2026-W26,provincial,LIMAY NOTICIAS,Neuquén,Patagonia,Plottier,https://www.limaynoticias.com.ar,"El 61,7% de la población ocupada registró un ingreso promedio de $83.755"
2026-06-23,2026-W26,provincial,LIMAY NOTICIAS,Neuquén,Patagonia,Plottier,https://www.limaynoticias.com.ar,"Según informe de CAME, la producción de pymes industriales creció en septiembre 1,3% interanual"
2026-06-23,2026-W26,provincial,LIMAY NOTICIAS,Neuquén,Patagonia,Plottier,https://www.limaynoticias.com.ar,"Murió Carlitos Balá, el ícono del humor argentino que con sus chistes y su ingenio marcó a generaciones"
2026-06-23,2026-W26,provincial,LIMAY NOTICIAS,Neuquén,Patagonia,Plottier,https://www.limaynoticias.com.ar,Secuestraron más de dos kilos de cocaína en la capital neuquina
2026-06-23,2026-W26,provincial,LIMAY NOTICIAS,Neuquén,Patagonia,Plottier,https://www.limaynoticias.com.ar,Un hombre murió tras un enfrentamiento con armas blancas en el barrio Antena de Zapala
2026-06-23,2026-W26,provincial,LIMAY NOTICIAS,Neuquén,Patagonia,Plottier,https://www.limaynoticias.com.ar,"San Martín de los Andes: secuestraron 9,7 kilos de drogas"
2026-06-23,2026-W26,provincial,LIMAY NOTICIAS,Neuquén,Patagonia,Plottier,https://www.limaynoticias.com.ar,Hallaron a una mujer que se encontraba perdida desde el jueves
2026-06-23,2026-W26,provincial,LIMAY NOTICIAS,Neuquén,Patagonia,Plottier,https://www.limaynoticias.com.ar,La Península Hiroki tiene un nuevo destacamento policial
2026-06-23,2026-W26,provincial,LIMAY NOTICIAS,Neuquén,Patagonia,Plottier,https://www.limaynoticias.com.ar,"La lista para el Mundial 2026: Messi, la base de Qatar y nuevas promesas"
2026-06-23,2026-W26,provincial,LIMAY NOTICIAS,Neuquén,Patagonia,Plottier,https://www.limaynoticias.com.ar,Gran convocatoria en el Duatlón por Malvinas
2026-06-23,2026-W26,provincial,LIMAY NOTICIAS,Neuquén,Patagonia,Plottier,https://www.limaynoticias.com.ar,Deportivo Rincón perdió 3 a 1 con Atenas en Córdoba
2026-06-23,2026-W26,provincial,LIMAY NOTICIAS,Neuquén,Patagonia,Plottier,https://www.limaynoticias.com.ar,Neuquén sumó 7 medallas de oro en los Juegos Patagónicos Unificados
2026-06-23,2026-W26,provincial,LIMAY NOTICIAS,Neuquén,Patagonia,Plottier,https://www.limaynoticias.com.ar,Deportivo Rincón le ganó a Sport Club Pacífico en Mendoza
2026-06-23,2026-W26,provincial,LIMAY NOTICIAS,Neuquén,Patagonia,Plottier,https://www.limaynoticias.com.ar,Plottier lanza descuentos por pago anticipado de tasas municipales para 2026
2026-06-23,2026-W26,provincial,LIMAY NOTICIAS,Neuquén,Patagonia,Plottier,https://www.limaynoticias.com.ar,Plottier abre la convocatoria para los “Domingos Culturales 2026”
2026-06-23,2026-W26,provincial,LIMAY NOTICIAS,Neuquén,Patagonia,Plottier,https://www.limaynoticias.com.ar,Se lanza la 50° Regata Internacional de Río Negro
2026-06-23,2026-W26,provincial,LIMAY NOTICIAS,Neuquén,Patagonia,Plottier,https://www.limaynoticias.com.ar,Verano 2026: la Piscicultura de Plottier abre sus puertas y te invita a conectar con el agua
2026-06-23,2026-W26,provincial,EL CORDILLERANO,Río Negro,Patagonia,Bariloche / Rio negro,https://www.elcordillerano.com.ar,Cómo será la temporada de invierno en Bariloche: las proyecciones del sector turístico
2026-06-23,2026-W26,provincial,EL CORDILLERANO,Río Negro,Patagonia,Bariloche / Rio negro,https://www.elcordillerano.com.ar,Allanaron una vivienda en El Frutillar por la investigación de un menor herido de bala
2026-06-23,2026-W26,provincial,EL CORDILLERANO,Río Negro,Patagonia,Bariloche / Rio negro,https://www.elcordillerano.com.ar,Estrellas Michelin en Bariloche: ¿sí o no?
2026-06-23,2026-W26,provincial,EL CORDILLERANO,Río Negro,Patagonia,Bariloche / Rio negro,https://www.elcordillerano.com.ar,Un joven fue atropellado en una esquina céntrica de Bariloche: terminó hospitalizado
2026-06-23,2026-W26,provincial,EL CORDILLERANO,Río Negro,Patagonia,Bariloche / Rio negro,https://www.elcordillerano.com.ar,"Río Negro paga sueldos y aguinaldo el 3 de julio, con aumento incluido"
2026-06-23,2026-W26,provincial,EL CORDILLERANO,Río Negro,Patagonia,Bariloche / Rio negro,https://www.elcordillerano.com.ar,Persecución policial: secuestran una camioneta abandonada tras evadir un control en La Paloma
2026-06-23,2026-W26,provincial,EL CORDILLERANO,Río Negro,Patagonia,Bariloche / Rio negro,https://www.elcordillerano.com.ar,Otras 45 familias de Pilcaniyeu tendrán acceso al gas
2026-06-23,2026-W26,provincial,EL CORDILLERANO,Río Negro,Patagonia,Bariloche / Rio negro,https://www.elcordillerano.com.ar,Cruce Andino: completaron obras de restauración en un sector del Paso Internacional Vicente Pérez Rosales
2026-06-23,2026-W26,provincial,EL CORDILLERANO,Río Negro,Patagonia,Bariloche / Rio negro,https://www.elcordillerano.com.ar,El Quini 6 pondrá en juego más de $8.000 millones: todos los detalles del sorteo
2026-06-23,2026-W26,provincial,EL CORDILLERANO,Río Negro,Patagonia,Bariloche / Rio negro,https://www.elcordillerano.com.ar,Un incendio destruyó la planta alta de una vivienda en el sur de Bariloche
2026-06-23,2026-W26,provincial,EL CORDILLERANO,Río Negro,Patagonia,Bariloche / Rio negro,https://www.elcordillerano.com.ar,Proyectar Futuro: 800 estudiantes de Río Negro construyen su proyecto vocacional
2026-06-23,2026-W26,provincial,EL CORDILLERANO,Río Negro,Patagonia,Bariloche / Rio negro,https://www.elcordillerano.com.ar,El mensaje de Caro Calvagni a Tagliafico luego de superar su peor momento en el Mundial
2026-06-23,2026-W26,provincial,EL CORDILLERANO,Río Negro,Patagonia,Bariloche / Rio negro,https://www.elcordillerano.com.ar,Río Negro se consolida entre las provincias con menor desempleo del país
2026-06-23,2026-W26,provincial,EL CORDILLERANO,Río Negro,Patagonia,Bariloche / Rio negro,https://www.elcordillerano.com.ar,Avistaje de ballenas: las impactantes imágenes aéreas que revelan la riqueza natural del Golfo San Matías
2026-06-23,2026-W26,provincial,EL CORDILLERANO,Río Negro,Patagonia,Bariloche / Rio negro,https://www.elcordillerano.com.ar,El gran escenario del Atlántico: se disfruta la temporada de fauna marina en Río Negro
2026-06-23,2026-W26,provincial,EL CORDILLERANO,Río Negro,Patagonia,Bariloche / Rio negro,https://www.elcordillerano.com.ar,Caminatas en Bariloche: recorridos accesibles para conectar paisajes naturales únicos
2026-06-23,2026-W26,provincial,EL CORDILLERANO,Río Negro,Patagonia,Bariloche / Rio negro,https://www.elcordillerano.com.ar,"Rio Negro avanza con obras para la Línea Sur: ""Este es el último invierno sin gas para los vecinos de Jacobacci"", dijo Weretilneck"
2026-06-23,2026-W26,provincial,EL CORDILLERANO,Río Negro,Patagonia,Bariloche / Rio negro,https://www.elcordillerano.com.ar,Jimena Barón explicó por qué viajó con un solo hijo al Mundial: “Ya no es…”
2026-06-23,2026-W26,provincial,EL CORDILLERANO,Río Negro,Patagonia,Bariloche / Rio negro,https://www.elcordillerano.com.ar,"""Nada de nosotros sin nosotros"": la Escuela Especial 6 festeja sus 50 años en Bariloche"
2026-06-23,2026-W26,provincial,EL CORDILLERANO,Río Negro,Patagonia,Bariloche / Rio negro,https://www.elcordillerano.com.ar,Bariloche: un hombre de 76 años discutió con su hijo alcoholizado y lo apuñaló
2026-06-23,2026-W26,provincial,EL CORDILLERANO,Río Negro,Patagonia,Bariloche / Rio negro,https://www.elcordillerano.com.ar,Quién es el jugador de Gran Hermano que desató un escándalo por un comentario anti Messi
2026-06-23,2026-W26,provincial,EL CORDILLERANO,Río Negro,Patagonia,Bariloche / Rio negro,https://www.elcordillerano.com.ar,"Tras la muerte por hantavirus, investigan si hubo un contagio interhumano y envían muestras al Malbrán"
2026-06-23,2026-W26,provincial,EL CORDILLERANO,Río Negro,Patagonia,Bariloche / Rio negro,https://www.elcordillerano.com.ar,"Bariloche se suma al saludo nacional para Messi: un feliz cumpleaños para el 10, a las 10"
2026-06-23,2026-W26,provincial,EL CORDILLERANO,Río Negro,Patagonia,Bariloche / Rio negro,https://www.elcordillerano.com.ar,La China Suárez explotó en un boliche con Mauro Icardi: “La agarró de los pelos y…”
2026-06-23,2026-W26,provincial,EL CORDILLERANO,Río Negro,Patagonia,Bariloche / Rio negro,https://www.elcordillerano.com.ar,"La carne de búfalo gana terreno en el país: ""Aporta una mejor nutrición"""
2026-06-23,2026-W26,provincial,EL CORDILLERANO,Río Negro,Patagonia,Bariloche / Rio negro,https://www.elcordillerano.com.ar,Triquinosis en temporada de faena: la importancia de consumir carne segura
2026-06-23,2026-W26,provincial,EL CORDILLERANO,Río Negro,Patagonia,Bariloche / Rio negro,https://www.elcordillerano.com.ar,Kilómetro 0: una red de 14 invernaderos para producir en todo Río Negro
2026-06-23,2026-W26,provincial,EL CORDILLERANO,Río Negro,Patagonia,Bariloche / Rio negro,https://www.elcordillerano.com.ar,Copa Bariloche 2026: quiénes siguen en carrera por el título
2026-06-23,2026-W26,provincial,EL CORDILLERANO,Río Negro,Patagonia,Bariloche / Rio negro,https://www.elcordillerano.com.ar,"""Éramos apenas 80 personas"": una anécdota de los comienzos de Los Redondos en Bariloche"
2026-06-23,2026-W26,provincial,EL CORDILLERANO,Río Negro,Patagonia,Bariloche / Rio negro,https://www.elcordillerano.com.ar,Facundo Arana confirmó su reconciliación con María Susini y contó cómo superaron su crisis
2026-06-23,2026-W26,provincial,EL CORDILLERANO,Río Negro,Patagonia,Bariloche / Rio negro,https://www.elcordillerano.com.ar,"Joaquín Levinton, cantante de Turf, eligió Bariloche para descansar"
2026-06-23,2026-W26,provincial,EL CORDILLERANO,Río Negro,Patagonia,Bariloche / Rio negro,https://www.elcordillerano.com.ar,Conocer para cuidar: la UNRN invita a explorar las especies que habitan la cordillera
2026-06-23,2026-W26,provincial,EL CORDILLERANO,Río Negro,Patagonia,Bariloche / Rio negro,https://www.elcordillerano.com.ar,Así es Piñón Fijo sin maquillaje: su hija mostró su verdadero rostro por primera vez
2026-06-23,2026-W26,provincial,EL CORDILLERANO,Río Negro,Patagonia,Bariloche / Rio negro,https://www.elcordillerano.com.ar,"Alerta por ""pungas"" que roban celulares en la transmisión del Mundial en el Centro Cívico"
2026-06-23,2026-W26,provincial,EL CORDILLERANO,Río Negro,Patagonia,Bariloche / Rio negro,https://www.elcordillerano.com.ar,Plan Calor: Provincia monitorea la asistencia a familias de la Región Sur
2026-06-23,2026-W26,provincial,EL CORDILLERANO,Río Negro,Patagonia,Bariloche / Rio negro,https://www.elcordillerano.com.ar,Diego Latorre reveló qué hizo el grupo de la Selección con Lionel Messi tras la fake news sobre su papá
2026-06-23,2026-W26,provincial,EL CORDILLERANO,Río Negro,Patagonia,Bariloche / Rio negro,https://www.elcordillerano.com.ar,Llega una nueva edición de la Biciescuela con espacio para intercambio de figuritas del mundial
2026-06-23,2026-W26,provincial,EL CORDILLERANO,Río Negro,Patagonia,Bariloche / Rio negro,https://www.elcordillerano.com.ar,El IPAP y el CURZAS lanzaron una diplomatura para fortalecer la gestión
2026-06-23,2026-W26,provincial,EL CORDILLERANO,Río Negro,Patagonia,Bariloche / Rio negro,https://www.elcordillerano.com.ar,La absurda condición que Flor Peña le puso a Nico Occhiato para no hacerle juicio por Luzu
2026-06-23,2026-W26,provincial,EL CORDILLERANO,Río Negro,Patagonia,Bariloche / Rio negro,https://www.elcordillerano.com.ar,Causa Odebrecht: condenaron a Julio De Vido a tres años de prisión por corrupción
2026-06-23,2026-W26,provincial,EL CORDILLERANO,Río Negro,Patagonia,Bariloche / Rio negro,https://www.elcordillerano.com.ar,El secreto de Pilcaniyeu: cuando la Patagonia era una selva tropical
2026-06-23,2026-W26,provincial,EL CORDILLERANO,Río Negro,Patagonia,Bariloche / Rio negro,https://www.elcordillerano.com.ar,"¡La mejor noticia! Jorge Messi, el papá de Lionel Messi, fue dado de alta: cómo está de salud"
2026-06-23,2026-W26,provincial,EL CORDILLERANO,Río Negro,Patagonia,Bariloche / Rio negro,https://www.elcordillerano.com.ar,Lanzan pasajes a Dallas a bajo precio tras la clasificación de la Selección a los 16avos del Mundial
2026-06-23,2026-W26,provincial,EL CORDILLERANO,Río Negro,Patagonia,Bariloche / Rio negro,https://www.elcordillerano.com.ar,"Remolcadores, barcos y lancha para asistir al proyecto de LNG de San Antonio Oeste"
2026-06-23,2026-W26,provincial,EL CORDILLERANO,Río Negro,Patagonia,Bariloche / Rio negro,https://www.elcordillerano.com.ar,El Chino Darín mostró la foto más tierna con su hijo Dante y la reacción de Úrsula Corberó revolucionó las redes
2026-06-23,2026-W26,provincial,EL CORDILLERANO,Río Negro,Patagonia,Bariloche / Rio negro,https://www.elcordillerano.com.ar,Río Negro adhirió al RIMI y el gobernador Weretilneck destacó este paso para la provincia
2026-06-23,2026-W26,provincial,EL CORDILLERANO,Río Negro,Patagonia,Bariloche / Rio negro,https://www.elcordillerano.com.ar,"Manejaba borracho una retroexcavadora, chocó siete autos y dejó dos heridos"
2026-06-23,2026-W26,provincial,EL CORDILLERANO,Río Negro,Patagonia,Bariloche / Rio negro,https://www.elcordillerano.com.ar,Las mujeres de la Selección coparon las tribunas en Dallas y marcaron tendencia con sus looks albicelestes
2026-06-23,2026-W26,provincial,EL CORDILLERANO,Río Negro,Patagonia,Bariloche / Rio negro,https://www.elcordillerano.com.ar,Buscan a un hombre de Villa Regina desaparecido en Bariloche
2026-06-23,2026-W26,provincial,EL CORDILLERANO,Río Negro,Patagonia,Bariloche / Rio negro,https://www.elcordillerano.com.ar,Shopping Patagonia sortea una moto y grandes premios por el Mundial
2026-06-23,2026-W26,provincial,RÍO NEGRO,Río Negro,Patagonia,General Roca / Rio negro,https://www.rionegro.com.ar,Manuel Adorni aseguró que está dispuesto a asistir al Senado tras la suspensión de su informe de gestión
2026-06-23,2026-W26,provincial,RÍO NEGRO,Río Negro,Patagonia,General Roca / Rio negro,https://www.rionegro.com.ar,"A través de sus redes sociales, el funcionario buscó despejar las especulaciones sobre una posible negativa a comparecer ante los legisladores."
2026-06-23,2026-W26,provincial,RÍO NEGRO,Río Negro,Patagonia,General Roca / Rio negro,https://www.rionegro.com.ar,"Quiénes son los diputados de Neuquén, Río Negro y la Patagonia que no dieron quórum para interpelar a Adorni"
2026-06-23,2026-W26,provincial,RÍO NEGRO,Río Negro,Patagonia,General Roca / Rio negro,https://www.rionegro.com.ar,"La economía creció 2,3% en el arranque del año, pero con caída de la inversión"
2026-06-23,2026-W26,provincial,RÍO NEGRO,Río Negro,Patagonia,General Roca / Rio negro,https://www.rionegro.com.ar,Intendentes de Neuquén salen a respaldar el proyecto de GNL previo a su tratamiento en la Legislatura
2026-06-23,2026-W26,provincial,RÍO NEGRO,Río Negro,Patagonia,General Roca / Rio negro,https://www.rionegro.com.ar,Alerta por nieve y viento en Neuquén y Río Negro para este miércoles 24: cuáles son las zonas afectadas
2026-06-23,2026-W26,provincial,RÍO NEGRO,Río Negro,Patagonia,General Roca / Rio negro,https://www.rionegro.com.ar,La fiscalía federal fracasó en su intento por frenar el traslado de Jones Huala a la cárcel de Esquel
2026-06-23,2026-W26,provincial,RÍO NEGRO,Río Negro,Patagonia,General Roca / Rio negro,https://www.rionegro.com.ar,Nuevo sorteo de Diario RÍO NEGRO: llegan dos Toyota Yaris 0KM para el Día de la Madre
2026-06-23,2026-W26,provincial,RÍO NEGRO,Río Negro,Patagonia,General Roca / Rio negro,https://www.rionegro.com.ar,Inglaterra y Ghana empataron y dejaron abierta la definición del grupo L del Mundial
2026-06-23,2026-W26,provincial,RÍO NEGRO,Río Negro,Patagonia,General Roca / Rio negro,https://www.rionegro.com.ar,Atención Paraguay: se confirmó la sanción para Almirón tras la expulsión por taparse la boca
2026-06-23,2026-W26,provincial,RÍO NEGRO,Río Negro,Patagonia,General Roca / Rio negro,https://www.rionegro.com.ar,El enojo de Cristiano cuando le mencionaron a Messi post victoria ante Uzbekistán
2026-06-23,2026-W26,provincial,RÍO NEGRO,Río Negro,Patagonia,General Roca / Rio negro,https://www.rionegro.com.ar,"Mundial 2026. Portugal, con la vuelta al gol de Cristiano Ronaldo, aplastó a Uzbekistán por 5 a 0"
2026-06-23,2026-W26,provincial,RÍO NEGRO,Río Negro,Patagonia,General Roca / Rio negro,https://www.rionegro.com.ar,Julián Álvarez quiere irse del Atlético Madrid y estalló la polémica: el club lo chicaneó y los hinchas incendiaron su camiseta
2026-06-23,2026-W26,provincial,RÍO NEGRO,Río Negro,Patagonia,General Roca / Rio negro,https://www.rionegro.com.ar,Los tres récords que rompió Cristiano Ronaldo tras anotar un doblete ante Uzbekistán
2026-06-23,2026-W26,provincial,RÍO NEGRO,Río Negro,Patagonia,General Roca / Rio negro,https://www.rionegro.com.ar,Le restó importancia: qué dijo Mbappé al ser consultado por la actuación de Messi
2026-06-23,2026-W26,provincial,RÍO NEGRO,Río Negro,Patagonia,General Roca / Rio negro,https://www.rionegro.com.ar,El plan de Scaloni para la última fecha de la Selección Argentina contra Jordania
2026-06-23,2026-W26,provincial,RÍO NEGRO,Río Negro,Patagonia,General Roca / Rio negro,https://www.rionegro.com.ar,"Confirman actividad en el volcán Auca Mahuida, pero descartan riesgo para la población en Neuquén"
2026-06-23,2026-W26,provincial,RÍO NEGRO,Río Negro,Patagonia,General Roca / Rio negro,https://www.rionegro.com.ar,Se detectó una irradiación de calor en las inmediaciones del volcán ubicado a más de 40 kilómetros de Rincón de los Sauces. El Gobierno provincial anunció que dispuso una serie de medidas para estudiar su evolución.
2026-06-23,2026-W26,provincial,RÍO NEGRO,Río Negro,Patagonia,General Roca / Rio negro,https://www.rionegro.com.ar,«El tesoro escondido» de Río Negro amplía su frontera productiva: iniciaron las obras para sumar más de 3.000 hectáreas bajo riego
2026-06-23,2026-W26,provincial,RÍO NEGRO,Río Negro,Patagonia,General Roca / Rio negro,https://www.rionegro.com.ar,"Cerro Perito Moreno abrió hoy su temporada: precios, nieve y nuevas atracciones en El Bolsón"
2026-06-23,2026-W26,provincial,RÍO NEGRO,Río Negro,Patagonia,General Roca / Rio negro,https://www.rionegro.com.ar,Mirá como está la avenida Mosconi
2026-06-23,2026-W26,provincial,RÍO NEGRO,Río Negro,Patagonia,General Roca / Rio negro,https://www.rionegro.com.ar,Mar del Plata: tres de los atropellados por un colectivo permanecen en terapia intensiva
2026-06-23,2026-W26,provincial,RÍO NEGRO,Río Negro,Patagonia,General Roca / Rio negro,https://www.rionegro.com.ar,Avanza la investigación contra Elías Piccirillo: realizaron otro allanamiento por las amenazas a Hauque
2026-06-23,2026-W26,provincial,RÍO NEGRO,Río Negro,Patagonia,General Roca / Rio negro,https://www.rionegro.com.ar,Miércoles clave en la Legislatura: se trata el proyecto de GNL y dos nuevos préstamos para Neuquén
2026-06-23,2026-W26,provincial,RÍO NEGRO,Río Negro,Patagonia,General Roca / Rio negro,https://www.rionegro.com.ar,Citaron a José Luis Espert a indagatoria por lavado de dinero: investigan los US$200 mil que recibió de Machado
2026-06-23,2026-W26,provincial,RÍO NEGRO,Río Negro,Patagonia,General Roca / Rio negro,https://www.rionegro.com.ar,Cuándo cobrarán los estatales de Río Negro su sueldo y el aguinaldo en julio 2026: el anuncio de Weretilneck
2026-06-23,2026-W26,provincial,RÍO NEGRO,Río Negro,Patagonia,General Roca / Rio negro,https://www.rionegro.com.ar,Cortés promulgó la convocatoria a las elecciones por la Carta Orgánica de Bariloche
2026-06-23,2026-W26,provincial,RÍO NEGRO,Río Negro,Patagonia,General Roca / Rio negro,https://www.rionegro.com.ar,"Conflicto en el IUPA: sin acuerdo en la negociación, se pasó a un nuevo cuarto intermedio"
2026-06-23,2026-W26,provincial,RÍO NEGRO,Río Negro,Patagonia,General Roca / Rio negro,https://www.rionegro.com.ar,Secta rusa en Bariloche: la defensa de Konstantin Rudnev apeló ante Casación y denunció que la fiscalía armó una «ficción» sin pruebas
2026-06-23,2026-W26,provincial,RÍO NEGRO,Río Negro,Patagonia,General Roca / Rio negro,https://www.rionegro.com.ar,«El momento es ahora»: Neuquén y Río Negro se preparan para la Jornada COMEX Norpatagónica 2026
2026-06-23,2026-W26,provincial,RÍO NEGRO,Río Negro,Patagonia,General Roca / Rio negro,https://www.rionegro.com.ar,Martes 23/06/26
2026-06-23,2026-W26,provincial,RÍO NEGRO,Río Negro,Patagonia,General Roca / Rio negro,https://www.rionegro.com.ar,El premio de Diario RÍO NEGRO y Decker Camiones ya tiene ganadora
2026-06-23,2026-W26,provincial,RÍO NEGRO,Río Negro,Patagonia,General Roca / Rio negro,https://www.rionegro.com.ar,Más sorteos de Diario RÍO NEGRO: llegan dos motos eléctricas 0KM para el Día del Amigo
2026-06-23,2026-W26,provincial,RÍO NEGRO,Río Negro,Patagonia,General Roca / Rio negro,https://www.rionegro.com.ar,"Más sorteos de Diario RÍO NEGRO: un horno pizzero, un fogonero móvil y un horno ahumador para el Día del Amigo"
2026-06-23,2026-W26,provincial,RÍO NEGRO,Río Negro,Patagonia,General Roca / Rio negro,https://www.rionegro.com.ar,¡Atención! Nuevo sorteo de Diario RÍO NEGRO: llegan dos Toyota Yaris 0KM para el Día de la Madre
2026-06-23,2026-W26,provincial,RÍO NEGRO,Río Negro,Patagonia,General Roca / Rio negro,https://www.rionegro.com.ar,"Jorge, 52 años, trabajador rural en la Patagonia: «Toda la vida estuve en la chacra, no estoy para quedarme ocho horas encerrado»"
2026-06-23,2026-W26,provincial,RÍO NEGRO,Río Negro,Patagonia,General Roca / Rio negro,https://www.rionegro.com.ar,"Jorge Villagra nació en Trelew, se formó en el campo de la mano de su papá y encontró en las chacras de Río Negro una pasión que nunca abandonó. Hace 17 años, llegaba sin experiencia ganadera a un incipiente establecimiento cerca de Viedma. Hoy es una pieza clave de 80 hectáreas productivas."
2026-06-23,2026-W26,provincial,RÍO NEGRO,Río Negro,Patagonia,General Roca / Rio negro,https://www.rionegro.com.ar,Hay casi 40 partidos habilitados para participar de las elecciones de Bariloche por la Carta Orgánica
2026-06-23,2026-W26,provincial,RÍO NEGRO,Río Negro,Patagonia,General Roca / Rio negro,https://www.rionegro.com.ar,"La carrera de Medicina Veterinaria más austral del país transforma la economía de Valle Medio, polo ganadero de Río Negro"
2026-06-23,2026-W26,provincial,RÍO NEGRO,Río Negro,Patagonia,General Roca / Rio negro,https://www.rionegro.com.ar,Línea Sur y Ruta 23: una propuesta
2026-06-23,2026-W26,provincial,RÍO NEGRO,Río Negro,Patagonia,General Roca / Rio negro,https://www.rionegro.com.ar,"La familia que llegó desde Japón, apostó por la Patagonia y hoy mantiene viva una tradición entre flores e invernaderos"
2026-06-23,2026-W26,provincial,RÍO NEGRO,Río Negro,Patagonia,General Roca / Rio negro,https://www.rionegro.com.ar,Terraza Norte: así será el nuevo polo gastronómico con estacionamiento subterráneo de Neuquén
2026-06-23,2026-W26,provincial,RÍO NEGRO,Río Negro,Patagonia,General Roca / Rio negro,https://www.rionegro.com.ar,"Entre selfies y acentos brasileños, Catedral empieza a latir al ritmo del invierno"
2026-06-23,2026-W26,provincial,RÍO NEGRO,Río Negro,Patagonia,General Roca / Rio negro,https://www.rionegro.com.ar,Dolor en La Pampa por la muerte de las cuatro hermanas en un trágico accidente: «Cuesta entender tanto sufrimiento»
2026-06-23,2026-W26,provincial,RÍO NEGRO,Río Negro,Patagonia,General Roca / Rio negro,https://www.rionegro.com.ar,Chubut: el peronismo trata de unirse para 2027 con la mirada puesta en Puerto Madryn
2026-06-23,2026-W26,provincial,RÍO NEGRO,Río Negro,Patagonia,General Roca / Rio negro,https://www.rionegro.com.ar,MSCI mantiene a la Argentina como mercado independiente y posterga la mejora crediticia
2026-06-23,2026-W26,provincial,RÍO NEGRO,Río Negro,Patagonia,General Roca / Rio negro,https://www.rionegro.com.ar,Condenaron a Julio De Vido a tres años de prisión por la contratación de Odebrecht en la ampliación de gasoductos
2026-06-23,2026-W26,provincial,RÍO NEGRO,Río Negro,Patagonia,General Roca / Rio negro,https://www.rionegro.com.ar,ARA San Juan: la querella pidió la pena máxima para los cuatro acusados y apuntó a una “cadena de decisiones” que derivó en la tragedia
2026-06-23,2026-W26,provincial,RÍO NEGRO,Río Negro,Patagonia,General Roca / Rio negro,https://www.rionegro.com.ar,Se cayó la sesión para tratar el caso de Manuel Adorni este martes: el oficialismo gana tiempo en Diputados
2026-06-23,2026-W26,provincial,RÍO NEGRO,Río Negro,Patagonia,General Roca / Rio negro,https://www.rionegro.com.ar,YPF construirá un gasoducto clave en Neuquén: Nación otorgó el aval bajo estrictas condiciones ambientales
2026-06-23,2026-W26,provincial,NOTICIASNET,Río Negro,Patagonia,Viedma / Rio negro,https://www.noticiasnet.com.ar,"Río Negro anunció el pago en un solo día de sueldos, aguinaldo y aumento para los estatales"
2026-06-23,2026-W26,provincial,NOTICIASNET,Río Negro,Patagonia,Viedma / Rio negro,https://www.noticiasnet.com.ar,Cambiar de apellido por su hijo: la historia de identidad que conmueve a Viedma
2026-06-23,2026-W26,provincial,NOTICIASNET,Río Negro,Patagonia,Viedma / Rio negro,https://www.noticiasnet.com.ar,Convocan a una cruzada para ayudar a una familia que lo perdió todo tras un feroz incendio
2026-06-23,2026-W26,provincial,NOTICIASNET,Río Negro,Patagonia,Viedma / Rio negro,https://www.noticiasnet.com.ar,Ipross financió una inédita cirugía en Viedma y la paciente recibió el alta en 24 horas
2026-06-23,2026-W26,provincial,NOTICIASNET,Río Negro,Patagonia,Viedma / Rio negro,https://www.noticiasnet.com.ar,Jerarquía cultural: una de las máximas figuras del canto coral del país llega a Viedma
2026-06-23,2026-W26,provincial,NOTICIASNET,Río Negro,Patagonia,Viedma / Rio negro,https://www.noticiasnet.com.ar,Habilitan en la planta Girsu un espacio para la disposición de aceites de cocina usados
2026-06-23,2026-W26,provincial,NOTICIASNET,Río Negro,Patagonia,Viedma / Rio negro,https://www.noticiasnet.com.ar,Otras 45 familias de Pilcaniyeu tendrán acceso al gas
2026-06-23,2026-W26,provincial,NOTICIASNET,Río Negro,Patagonia,Viedma / Rio negro,https://www.noticiasnet.com.ar,Proyectar Futuro: 800 estudiantes de Río Negro construyen su proyecto vocacional
2026-06-23,2026-W26,provincial,NOTICIASNET,Río Negro,Patagonia,Viedma / Rio negro,https://www.noticiasnet.com.ar,El Quini 6 pondrá en juego más de $8.000 millones: todos los detalles del sorteo
2026-06-23,2026-W26,provincial,NOTICIASNET,Río Negro,Patagonia,Viedma / Rio negro,https://www.noticiasnet.com.ar,Río Negro se consolida entre las provincias con menor desempleo del país
2026-06-23,2026-W26,provincial,NOTICIASNET,Río Negro,Patagonia,Viedma / Rio negro,https://www.noticiasnet.com.ar,Investigan a un hombre por tenencia de material de abuso sexual infantil
2026-06-23,2026-W26,provincial,NOTICIASNET,Río Negro,Patagonia,Viedma / Rio negro,https://www.noticiasnet.com.ar,Manejaba bajo los efectos de la cocaína y chocó a un motociclista que murió posteriormente: qué condena recibió
2026-06-23,2026-W26,provincial,NOTICIASNET,Río Negro,Patagonia,Viedma / Rio negro,https://www.noticiasnet.com.ar,Un acto de imprudencia de un ganadero dejó herida a una mujer policía
2026-06-23,2026-W26,provincial,NOTICIASNET,Río Negro,Patagonia,Viedma / Rio negro,https://www.noticiasnet.com.ar,Proponen que los municipios cobren el alumbrado público según el consumo real: cómo se implementaría
2026-06-23,2026-W26,provincial,NOTICIASNET,Río Negro,Patagonia,Viedma / Rio negro,https://www.noticiasnet.com.ar,Controversia por pescadores en áreas protegidas: la palabra de las autoridades sobre la actividad
2026-06-23,2026-W26,provincial,NOTICIASNET,Río Negro,Patagonia,Viedma / Rio negro,https://www.noticiasnet.com.ar,Una mujer policía sufrió un accidente en la Ruta 3
2026-06-23,2026-W26,provincial,NOTICIASNET,Río Negro,Patagonia,Viedma / Rio negro,https://www.noticiasnet.com.ar,Escucha a la niñez y adolescencia: cuáles son las principales consultas a la Línea 102 de Río Negro
2026-06-23,2026-W26,provincial,NOTICIASNET,Río Negro,Patagonia,Viedma / Rio negro,https://www.noticiasnet.com.ar,Aumentó el estacionamiento medido: conocé los nuevos precios del Micro y Macrocentro
2026-06-23,2026-W26,provincial,NOTICIASNET,Río Negro,Patagonia,Viedma / Rio negro,https://www.noticiasnet.com.ar,Cometió varios hechos delictivos e irá preso
2026-06-23,2026-W26,provincial,NOTICIASNET,Río Negro,Patagonia,Viedma / Rio negro,https://www.noticiasnet.com.ar,"La carne de búfalo gana terreno en el país: ""Aporta una mejor nutrición"""
2026-06-23,2026-W26,provincial,NOTICIASNET,Río Negro,Patagonia,Viedma / Rio negro,https://www.noticiasnet.com.ar,Triquinosis en temporada de faena: la importancia de consumir carne segura
2026-06-23,2026-W26,provincial,NOTICIASNET,Río Negro,Patagonia,Viedma / Rio negro,https://www.noticiasnet.com.ar,Kilómetro 0: una red de 14 invernaderos para producir en todo Río Negro
2026-06-23,2026-W26,provincial,NOTICIASNET,Río Negro,Patagonia,Viedma / Rio negro,https://www.noticiasnet.com.ar,Los avellanos se hacen notar en el Valle Inferior del río Negro
2026-06-23,2026-W26,provincial,NOTICIASNET,Río Negro,Patagonia,Viedma / Rio negro,https://www.noticiasnet.com.ar,Causa Odebrecht: condenaron a Julio De Vido a tres años de prisión por corrupción
2026-06-23,2026-W26,provincial,NOTICIASNET,Río Negro,Patagonia,Viedma / Rio negro,https://www.noticiasnet.com.ar,Resurgió un emblemático comercio tras sufrir un incendio y un saqueo
2026-06-23,2026-W26,provincial,NOTICIASNET,Río Negro,Patagonia,Viedma / Rio negro,https://www.noticiasnet.com.ar,El IPAP y el CURZAS lanzaron una diplomatura para fortalecer la gestión
2026-06-23,2026-W26,provincial,NOTICIASNET,Río Negro,Patagonia,Viedma / Rio negro,https://www.noticiasnet.com.ar,Cerró la etapa regular y el vóley ya definió sus cruces de cuartos de final
2026-06-23,2026-W26,provincial,NOTICIASNET,Río Negro,Patagonia,Viedma / Rio negro,https://www.noticiasnet.com.ar,Lanzan pasajes a Dallas a bajo precio tras la clasificación de la Selección a los 16avos del Mundial
2026-06-23,2026-W26,provincial,NOTICIASNET,Río Negro,Patagonia,Viedma / Rio negro,https://www.noticiasnet.com.ar,San Antonio Oeste se prepara con todo por el 121° aniversario de su fundación
2026-06-23,2026-W26,provincial,NOTICIASNET,Río Negro,Patagonia,Viedma / Rio negro,https://www.noticiasnet.com.ar,Abrigo solidario: distinguen a un local comercial por meriendas gratuitas
2026-06-23,2026-W26,provincial,NOTICIASNET,Río Negro,Patagonia,Viedma / Rio negro,https://www.noticiasnet.com.ar,De los Andes al Mar: un libro que redescubre el turismo de Río Negro
2026-06-23,2026-W26,provincial,NOTICIASNET,Río Negro,Patagonia,Viedma / Rio negro,https://www.noticiasnet.com.ar,El gran escenario del Atlántico: se disfruta la temporada de fauna marina en Río Negro
2026-06-23,2026-W26,provincial,NOTICIASNET,Río Negro,Patagonia,Viedma / Rio negro,https://www.noticiasnet.com.ar,Avistaje de ballenas: las impactantes imágenes aéreas que revelan la riqueza natural del Golfo San Matías
2026-06-23,2026-W26,provincial,NOTICIASNET,Río Negro,Patagonia,Viedma / Rio negro,https://www.noticiasnet.com.ar,Muerte por hantavirus: piden extremar medidas preventivas
2026-06-23,2026-W26,provincial,NOTICIASNET,Río Negro,Patagonia,Viedma / Rio negro,https://www.noticiasnet.com.ar,"Manejaba borracho una retroexcavadora, chocó siete autos y dejó dos heridos"
2026-06-23,2026-W26,provincial,NOTICIASNET,Río Negro,Patagonia,Viedma / Rio negro,https://www.noticiasnet.com.ar,Río Negro dominó la primera fase del Argentino U11 de Federaciones
2026-06-23,2026-W26,provincial,NOTICIASNET,Río Negro,Patagonia,Viedma / Rio negro,https://www.noticiasnet.com.ar,Jeremías Loza Moreno recibió el reconocimiento de Viedma tras su histórica actuación en Bulgaria
2026-06-23,2026-W26,provincial,NOTICIASNET,Río Negro,Patagonia,Viedma / Rio negro,https://www.noticiasnet.com.ar,"Remolcadores, barcos y lancha para asistir al proyecto de LNG de San Antonio Oeste"
2026-06-23,2026-W26,provincial,NOTICIASNET,Río Negro,Patagonia,Viedma / Rio negro,https://www.noticiasnet.com.ar,DNI gratis: una exitosa campaña dio lugar a numerosas renovaciones
2026-06-23,2026-W26,provincial,NOTICIASNET,Río Negro,Patagonia,Viedma / Rio negro,https://www.noticiasnet.com.ar,Confirmaron los horarios para las semifinales del Apertura de la Liga Rionegrina de Fútbol
2026-06-23,2026-W26,provincial,NOTICIASNET,Río Negro,Patagonia,Viedma / Rio negro,https://www.noticiasnet.com.ar,Recuperaron una lujosa camioneta y una moto que habían sido robadas
2026-06-23,2026-W26,provincial,NOTICIASNET,Río Negro,Patagonia,Viedma / Rio negro,https://www.noticiasnet.com.ar,Trabajadores petroleros avalan proyecto de GNL que abarca a Neuquén y Río Negro
2026-06-23,2026-W26,provincial,NOTICIASNET,Río Negro,Patagonia,Viedma / Rio negro,https://www.noticiasnet.com.ar,Mundial de Beach Handball: Argentina hizo su estreno con los viedmenses en cancha
2026-06-23,2026-W26,provincial,NOTICIASNET,Río Negro,Patagonia,Viedma / Rio negro,https://www.noticiasnet.com.ar,Fórmula 1: los horarios de Franco Colapinto en el Gran Premio de Austria
2026-06-23,2026-W26,provincial,NOTICIASNET,Río Negro,Patagonia,Viedma / Rio negro,https://www.noticiasnet.com.ar,Río Negro adhirió al RIMI y el gobernador Weretilneck destacó este paso para la provincia
2026-06-23,2026-W26,provincial,NOTICIASNET,Río Negro,Patagonia,Viedma / Rio negro,https://www.noticiasnet.com.ar,ANSES confirmó los nuevos montos de AUH y Tarjeta Alimentar en julio
2026-06-23,2026-W26,provincial,NOTICIASNET,Río Negro,Patagonia,Viedma / Rio negro,https://www.noticiasnet.com.ar,Detuvieron a dos personas luego de que les encontraron droga
2026-06-23,2026-W26,provincial,NOTICIASNET,Río Negro,Patagonia,Viedma / Rio negro,https://www.noticiasnet.com.ar,La ANMAT prohibió la venta de cremas corporales y productos cosméticos
2026-06-23,2026-W26,provincial,NOTICIASNET,Río Negro,Patagonia,Viedma / Rio negro,https://www.noticiasnet.com.ar,Cuándo y contra quién jugaría la Selección Argentina en 16vos de final del Mundial 2026
2026-06-23,2026-W26,provincial,NOTICIASNET,Río Negro,Patagonia,Viedma / Rio negro,https://www.noticiasnet.com.ar,"La desocupación alcanzó el 7,8% en el primer trimestre del año según datos del Indec"
2026-06-23,2026-W26,provincial,LA OPINIÓN AUSTRAL,Santa Cruz,Patagonia,Santa Cruz,https://www.laopinionaustral.com.ar,Micaela Merlo rumbo al Mundial de Aguas Abiertas en República Dominicana
2026-06-23,2026-W26,provincial,LA OPINIÓN AUSTRAL,Santa Cruz,Patagonia,Santa Cruz,https://www.laopinionaustral.com.ar,El plan de Elon Musk para la Patagonia: cargadores eléctricos hasta Ushuaia
2026-06-23,2026-W26,provincial,LA OPINIÓN AUSTRAL,Santa Cruz,Patagonia,Santa Cruz,https://www.laopinionaustral.com.ar,Daniel Peralta cuestionó la ausencia del oficialismo en la sesión y advirtió por la crisis de seguridad
2026-06-23,2026-W26,provincial,LA OPINIÓN AUSTRAL,Santa Cruz,Patagonia,Santa Cruz,https://www.laopinionaustral.com.ar,El oficialismo pidió que el proyecto de financiamiento estratégico siga en comisiones
2026-06-23,2026-W26,provincial,LA OPINIÓN AUSTRAL,Santa Cruz,Patagonia,Santa Cruz,https://www.laopinionaustral.com.ar,La operaron y despertó enojada con Scaloni y Messi: “Me estaba rompiendo las pelotas para que vaya a la Selección”
2026-06-23,2026-W26,provincial,LA OPINIÓN AUSTRAL,Santa Cruz,Patagonia,Santa Cruz,https://www.laopinionaustral.com.ar,Piden medidas de prevención ante posibles inundaciones de origen glaciar en El Chaltén
2026-06-23,2026-W26,provincial,LA OPINIÓN AUSTRAL,Santa Cruz,Patagonia,Santa Cruz,https://www.laopinionaustral.com.ar,Cristiano Ronaldo marcó un doblete ante Uzbekistán y rompió un récord que Lionel Messi no podrá alcanzar en los mundiales
2026-06-23,2026-W26,provincial,LA OPINIÓN AUSTRAL,Santa Cruz,Patagonia,Santa Cruz,https://www.laopinionaustral.com.ar,De Caleta Olivia al Mundial: Micaela Merlo clasificó a la Final de Oceanman y busca apoyo para representar a la Argentina
2026-06-23,2026-W26,provincial,LA OPINIÓN AUSTRAL,Santa Cruz,Patagonia,Santa Cruz,https://www.laopinionaustral.com.ar,Belén Elmiger: “El futuro se hipoteca cuando no se invierte”
2026-06-23,2026-W26,provincial,LA OPINIÓN AUSTRAL,Santa Cruz,Patagonia,Santa Cruz,https://www.laopinionaustral.com.ar,Nadia Ricci: “Estamos trabajando para conectar más y mejor a la provincia”
2026-06-23,2026-W26,provincial,LA OPINIÓN AUSTRAL,Santa Cruz,Patagonia,Santa Cruz,https://www.laopinionaustral.com.ar,Vidal firmó una inversión de más de $1.037.000.000 para Puerto Deseado: “Una obra que marca el rumbo de Santa Cruz”
2026-06-23,2026-W26,provincial,LA OPINIÓN AUSTRAL,Santa Cruz,Patagonia,Santa Cruz,https://www.laopinionaustral.com.ar,Últimas noticias
2026-06-23,2026-W26,provincial,LA OPINIÓN AUSTRAL,Santa Cruz,Patagonia,Santa Cruz,https://www.laopinionaustral.com.ar,Política y Economía
2026-06-23,2026-W26,provincial,LA OPINIÓN AUSTRAL,Santa Cruz,Patagonia,Santa Cruz,https://www.laopinionaustral.com.ar,Dura respuesta del funcionario de Santa Cruz Ringo Juniors a una “fake news” que lo involucró en una caso de narcotráfico
2026-06-23,2026-W26,provincial,LA OPINIÓN AUSTRAL,Santa Cruz,Patagonia,Santa Cruz,https://www.laopinionaustral.com.ar,Juicio Ara San Juan: la querella de la mayoría de los familiares pidió 5 años de prisión para los cuatro acusados
2026-06-23,2026-W26,provincial,LA OPINIÓN AUSTRAL,Santa Cruz,Patagonia,Santa Cruz,https://www.laopinionaustral.com.ar,"Lluvias, nevadas y hielo en rutas: emiten una advertencia para gran parte de Santa Cruz"
2026-06-23,2026-W26,provincial,LA OPINIÓN AUSTRAL,Santa Cruz,Patagonia,Santa Cruz,https://www.laopinionaustral.com.ar,Eran hermanas las 4 mujeres que murieron en una ruta nacional de La Pampa: cómo fue el accidente
2026-06-23,2026-W26,provincial,LA OPINIÓN AUSTRAL,Santa Cruz,Patagonia,Santa Cruz,https://www.laopinionaustral.com.ar,“El autor de El Principito caminó por Puerto San Julián”: la historia que sorprendió en el Mundialito de Olga
2026-06-23,2026-W26,provincial,LA OPINIÓN AUSTRAL,Santa Cruz,Patagonia,Santa Cruz,https://www.laopinionaustral.com.ar,ARA San Juan: la Fiscalía defendió el pedido de condenas y sostuvo que el juicio logró consolidar las pruebas
2026-06-23,2026-W26,provincial,LA OPINIÓN AUSTRAL,Santa Cruz,Patagonia,Santa Cruz,https://www.laopinionaustral.com.ar,Valeria Carreras: “Las familias necesitan un cierre y creemos que debe haber sentencia condenatoria”
2026-06-23,2026-W26,provincial,LA OPINIÓN AUSTRAL,Santa Cruz,Patagonia,Santa Cruz,https://www.laopinionaustral.com.ar,Ringo Juniors desmintió versiones que lo vinculan con un secuestro de estupefacientes y anunció acciones legales
2026-06-23,2026-W26,provincial,LA OPINIÓN AUSTRAL,Santa Cruz,Patagonia,Santa Cruz,https://www.laopinionaustral.com.ar,"Newmont Cerro Negro destinó USD 9,75 millones a contribuciones comunitarias en Santa Cruz"
2026-06-23,2026-W26,provincial,LA OPINIÓN AUSTRAL,Santa Cruz,Patagonia,Santa Cruz,https://www.laopinionaustral.com.ar,Puerto San Julián: instalarán nuevos generadores y habrá cortes programados de energía desde este miércoles
2026-06-23,2026-W26,provincial,LA OPINIÓN AUSTRAL,Santa Cruz,Patagonia,Santa Cruz,https://www.laopinionaustral.com.ar,Caleta Olivia: avanza la obra de extensión de la red de gas en el barrio Patagonia
2026-06-23,2026-W26,provincial,LA OPINIÓN AUSTRAL,Santa Cruz,Patagonia,Santa Cruz,https://www.laopinionaustral.com.ar,El oficialismo podría pedir tratar en comisiones el proyecto de financiamiento estratégico
2026-06-23,2026-W26,provincial,LA OPINIÓN AUSTRAL,Santa Cruz,Patagonia,Santa Cruz,https://www.laopinionaustral.com.ar,Máximo Kirchner sobre Cristina: “Reclamamos su libertad porque es inocente”
2026-06-23,2026-W26,provincial,LA OPINIÓN AUSTRAL,Santa Cruz,Patagonia,Santa Cruz,https://www.laopinionaustral.com.ar,La Fiscalía pidió condenas de hasta cinco años de prisión por la tragedia del ARA San Juan: “El resultado era predecible”
2026-06-23,2026-W26,provincial,LA OPINIÓN AUSTRAL,Santa Cruz,Patagonia,Santa Cruz,https://www.laopinionaustral.com.ar,Adorni anunció a Fabián Fernández como nuevo Secretario de Comunicación y Prensa del Gobierno Nacional
2026-06-23,2026-W26,provincial,LA OPINIÓN AUSTRAL,Santa Cruz,Patagonia,Santa Cruz,https://www.laopinionaustral.com.ar,Puerto San Julián renueva su sistema eléctrico con nuevos generadores tras años de reclamos
2026-06-23,2026-W26,provincial,LA OPINIÓN AUSTRAL,Santa Cruz,Patagonia,Santa Cruz,https://www.laopinionaustral.com.ar,La UNPA impulsa un desafío para transformar ideas tecnológicas en soluciones reales
2026-06-23,2026-W26,provincial,LA OPINIÓN AUSTRAL,Santa Cruz,Patagonia,Santa Cruz,https://www.laopinionaustral.com.ar,Mirtha Legrand reveló cómo fue trabajar con Lionel Scaloni: “Es amoroso”
2026-06-23,2026-W26,provincial,LA OPINIÓN AUSTRAL,Santa Cruz,Patagonia,Santa Cruz,https://www.laopinionaustral.com.ar,Fuera del Aire: Luisina Hubinsky y los arcanos de la “Scaloneta”
2026-06-23,2026-W26,provincial,LA OPINIÓN AUSTRAL,Santa Cruz,Patagonia,Santa Cruz,https://www.laopinionaustral.com.ar,Shakira y su amor por Leo Messi: “Muy orgullosa”
2026-06-23,2026-W26,provincial,LA OPINIÓN AUSTRAL,Santa Cruz,Patagonia,Santa Cruz,https://www.laopinionaustral.com.ar,Alegatos por el hundimiento del ARA San Juan: día 27
2026-06-23,2026-W26,provincial,LA OPINIÓN AUSTRAL,Santa Cruz,Patagonia,Santa Cruz,https://www.laopinionaustral.com.ar,Fuera del Aire: San Julián va por todo en el Mundialito de Ciudades de OLGA
2026-06-23,2026-W26,provincial,LA OPINIÓN AUSTRAL,Santa Cruz,Patagonia,Santa Cruz,https://www.laopinionaustral.com.ar,Locura total en Río Gallegos por la clasificación de Argentina
2026-06-23,2026-W26,provincial,LA OPINIÓN AUSTRAL,Santa Cruz,Patagonia,Santa Cruz,https://www.laopinionaustral.com.ar,"Pincoya, de Gran Hermano, recordó a su papá y su visita a Río Gallegos"
2026-06-23,2026-W26,provincial,LA OPINIÓN AUSTRAL,Santa Cruz,Patagonia,Santa Cruz,https://www.laopinionaustral.com.ar,Fuera del Aire – Ganó la Scaloneta: festejos en el centro de Río Gallegos
2026-06-23,2026-W26,provincial,LA OPINIÓN AUSTRAL,Santa Cruz,Patagonia,Santa Cruz,https://www.laopinionaustral.com.ar,Andrea del Boca se quebró al recordar a su padre en Gran Hermano: “Sé que se fue en paz”
2026-06-23,2026-W26,provincial,LA OPINIÓN AUSTRAL,Santa Cruz,Patagonia,Santa Cruz,https://www.laopinionaustral.com.ar,El duro relato de Ema Di Gioia sobre la violencia que sufrió: “Corrí desangrado”
2026-06-23,2026-W26,provincial,LA OPINIÓN AUSTRAL,Santa Cruz,Patagonia,Santa Cruz,https://www.laopinionaustral.com.ar,Buscan a una adolescente de 16 años en Caleta Olivia y piden colaboración para encontrarla
2026-06-23,2026-W26,provincial,LA OPINIÓN AUSTRAL,Santa Cruz,Patagonia,Santa Cruz,https://www.laopinionaustral.com.ar,Comodoro Rivadavia pone el Mundial de Fútbol en pausa este sábado: hubo cola desde temprano por una entrada en el estadio para ver la sexta final de Gimnasia vs Quimsa
2026-06-23,2026-W26,provincial,LA OPINIÓN AUSTRAL,Santa Cruz,Patagonia,Santa Cruz,https://www.laopinionaustral.com.ar,“Voy a luchar para que no quede impune”: fuerte reclamo de la familia de “huesito” Carabajal a cuatro años del hecho
2026-06-23,2026-W26,provincial,LA OPINIÓN AUSTRAL,Santa Cruz,Patagonia,Santa Cruz,https://www.laopinionaustral.com.ar,Polémica en un jardín de Pico Truncado: denuncian falta de rendición de fondos para camperas de egresados
2026-06-23,2026-W26,provincial,LA OPINIÓN AUSTRAL,Santa Cruz,Patagonia,Santa Cruz,https://www.laopinionaustral.com.ar,Juicio por la muerte de Jonathan “Huesito” Carabajal: comienza el debate oral contra el sobrino del “Roña” Castro
2026-06-23,2026-W26,provincial,LA OPINIÓN AUSTRAL,Santa Cruz,Patagonia,Santa Cruz,https://www.laopinionaustral.com.ar,Corte de agua en Caleta Olivia: interrumpirán el suministro durante 18 horas por reparaciones en el acueducto
2026-06-23,2026-W26,provincial,LA OPINIÓN AUSTRAL,Santa Cruz,Patagonia,Santa Cruz,https://www.laopinionaustral.com.ar,Conmoción en Caleta Olivia: hallaron muerto a un hombre en su domicilio
2026-06-23,2026-W26,provincial,LA OPINIÓN AUSTRAL,Santa Cruz,Patagonia,Santa Cruz,https://www.laopinionaustral.com.ar,Caleta Olivia se vistió de celeste y blanco tras el triunfo de Argentina en el Mundial 2026
2026-06-23,2026-W26,provincial,LA OPINIÓN AUSTRAL,Santa Cruz,Patagonia,Santa Cruz,https://www.laopinionaustral.com.ar,Puerto Deseado suma actividad y espera el arribo de nuevos buques en los próximos días
2026-06-23,2026-W26,provincial,LA OPINIÓN AUSTRAL,Santa Cruz,Patagonia,Santa Cruz,https://www.laopinionaustral.com.ar,Reforma Laboral y Ley de Glaciares: qué busca la minería argentina antes del nuevo evento de PDAC
2026-06-23,2026-W26,provincial,NUEVO DÍA,Santa Cruz,Patagonia,Santa Cruz,https://www.eldiarionuevodia.com.ar,El Gobierno dio a conocer las licencias por el receso invernal: los tres períodos para los trabajadores de Santa Cruz
2026-06-23,2026-W26,provincial,NUEVO DÍA,Santa Cruz,Patagonia,Santa Cruz,https://www.eldiarionuevodia.com.ar,"Verbes habló del endeudamiento, paritarias y por qué ""financiarse en dólares es cinco veces más barato que en pesos"""
2026-06-23,2026-W26,provincial,NUEVO DÍA,Santa Cruz,Patagonia,Santa Cruz,https://www.eldiarionuevodia.com.ar,El Gobierno informó fecha de pago y los aumentos a jubilados de Santa Cruz
2026-06-23,2026-W26,provincial,NUEVO DÍA,Santa Cruz,Patagonia,Santa Cruz,https://www.eldiarionuevodia.com.ar,Policías autoconvocados rechazaron la nueva oferta del Gobierno: cuándo vuelven a reunirse
2026-06-23,2026-W26,provincial,NUEVO DÍA,Santa Cruz,Patagonia,Santa Cruz,https://www.eldiarionuevodia.com.ar,No hubo quórum para interpelar a Adorni: quiénes son los diputados de Santa Cruz que ayudaron al oficialismo de LLA
2026-06-23,2026-W26,provincial,NUEVO DÍA,Santa Cruz,Patagonia,Santa Cruz,https://www.eldiarionuevodia.com.ar,Lotería de Santa Cruz: un regalo de su abuela terminó en un Volkswagen 0 KM
2026-06-23,2026-W26,provincial,NUEVO DÍA,Santa Cruz,Patagonia,Santa Cruz,https://www.eldiarionuevodia.com.ar,Estudiantes del Centro Polivalente participaron de una jornada de sensibilización sobre deporte adaptado en Río Gallegos
2026-06-23,2026-W26,provincial,NUEVO DÍA,Santa Cruz,Patagonia,Santa Cruz,https://www.eldiarionuevodia.com.ar,El Gobierno terminó la obra de iluminación y extensión de red eléctrica en la Ruta Provincial Nº 20
2026-06-23,2026-W26,provincial,NUEVO DÍA,Santa Cruz,Patagonia,Santa Cruz,https://www.eldiarionuevodia.com.ar,"Ocho años de viaje, un carrito y una filosofía de vida que inspira"
2026-06-23,2026-W26,provincial,NUEVO DÍA,Santa Cruz,Patagonia,Santa Cruz,https://www.eldiarionuevodia.com.ar,"""Basta de improvisaciones"": ADOSAC acusó al Gobierno provincial de presentar una oferta con errores en la Paritaria"
2026-06-23,2026-W26,provincial,NUEVO DÍA,Santa Cruz,Patagonia,Santa Cruz,https://www.eldiarionuevodia.com.ar,Detuvieron a dos personas en Santa Cruz investigadas por privación ilegítima de la libertad y reducción a la servidumbre
2026-06-23,2026-W26,provincial,NUEVO DÍA,Santa Cruz,Patagonia,Santa Cruz,https://www.eldiarionuevodia.com.ar,Argelia venció a Jordania y Argentina aseguró el primer puesto del Grupo J
2026-06-23,2026-W26,provincial,NUEVO DÍA,Santa Cruz,Patagonia,Santa Cruz,https://www.eldiarionuevodia.com.ar,Colombia y RD Congo chocan por el Grupo K: todo lo que hay que saber
2026-06-23,2026-W26,provincial,NUEVO DÍA,Santa Cruz,Patagonia,Santa Cruz,https://www.eldiarionuevodia.com.ar,Panamá y Croacia se juegan la clasificación: horario y TV
2026-06-23,2026-W26,provincial,NUEVO DÍA,Santa Cruz,Patagonia,Santa Cruz,https://www.eldiarionuevodia.com.ar,Inglaterra busca clasificar: horario y TV del duelo ante Ghana
2026-06-23,2026-W26,provincial,NUEVO DÍA,Santa Cruz,Patagonia,Santa Cruz,https://www.eldiarionuevodia.com.ar,Cristiano Ronaldo busca su primer triunfo: cuándo juega Portugal vs Uzbekistán
2026-06-23,2026-W26,provincial,NUEVO DÍA,Santa Cruz,Patagonia,Santa Cruz,https://www.eldiarionuevodia.com.ar,"""No tenía sentido hacerlo venir"": Bullrich confirmó que se suspendió la presentación de Adorni en el Senado"
2026-06-23,2026-W26,provincial,NUEVO DÍA,Santa Cruz,Patagonia,Santa Cruz,https://www.eldiarionuevodia.com.ar,Adorni suspendió su informe de gestión y no irá al Senado este 2 de julio
2026-06-23,2026-W26,provincial,NUEVO DÍA,Santa Cruz,Patagonia,Santa Cruz,https://www.eldiarionuevodia.com.ar,Sesión clave en Diputados: La Libertad Avanza sumó apoyos del PRO y la UCR para evitar la interpelación
2026-06-23,2026-W26,provincial,NUEVO DÍA,Santa Cruz,Patagonia,Santa Cruz,https://www.eldiarionuevodia.com.ar,Bullrich faltó a la reunión clave con Adorni en la Rosada y crece la interna
2026-06-23,2026-W26,provincial,NUEVO DÍA,Santa Cruz,Patagonia,Santa Cruz,https://www.eldiarionuevodia.com.ar,Semana clave en el juicio por la desaparición de Loan: podrían declarar los acusados
2026-06-23,2026-W26,provincial,NUEVO DÍA,Santa Cruz,Patagonia,Santa Cruz,https://www.eldiarionuevodia.com.ar,Colapinto en la Fórmula 1: los horarios del Gran Premio de Austria
2026-06-23,2026-W26,provincial,NUEVO DÍA,Santa Cruz,Patagonia,Santa Cruz,https://www.eldiarionuevodia.com.ar,Imperfectos prepara nuevas canciones y una gira por Río Gallegos
2026-06-23,2026-W26,provincial,NUEVO DÍA,Santa Cruz,Patagonia,Santa Cruz,https://www.eldiarionuevodia.com.ar,Diputados avanzaron en comisiones con proyectos sobre seguridad vial y empleo en la minería
2026-06-23,2026-W26,provincial,NUEVO DÍA,Santa Cruz,Patagonia,Santa Cruz,https://www.eldiarionuevodia.com.ar,El Gobierno volvió a defender la Ley de Financiamiento: qué dijo del consenso y las obras que interesan a intendentes y diputados de Santa Cruz
2026-06-23,2026-W26,provincial,NUEVO DÍA,Santa Cruz,Patagonia,Santa Cruz,https://www.eldiarionuevodia.com.ar,El Gobierno de Santa Cruz presentó propuesta salarial a los trabajadores de Canal 9 y la negociación pasó a cuarto intermedio
2026-06-23,2026-W26,provincial,NUEVO DÍA,Santa Cruz,Patagonia,Santa Cruz,https://www.eldiarionuevodia.com.ar,Banco Nación presta hasta 100 millones para deudas a pagar en 120 meses
2026-06-23,2026-W26,provincial,NUEVO DÍA,Santa Cruz,Patagonia,Santa Cruz,https://www.eldiarionuevodia.com.ar,Paritaria policial en Santa Cruz: autoconvocados rechazaron la nueva oferta salarial y detallaron como quedarían los salarios
2026-06-23,2026-W26,provincial,NUEVO DÍA,Santa Cruz,Patagonia,Santa Cruz,https://www.eldiarionuevodia.com.ar,Rige un alerta por nevadas en Santa Cruz: en qué zona y qué pasará en Río Gallegos
2026-06-23,2026-W26,provincial,NUEVO DÍA,Santa Cruz,Patagonia,Santa Cruz,https://www.eldiarionuevodia.com.ar,Hasta $264.000 por familia: el beneficio de Banco Nación para compras en supermercados
2026-06-23,2026-W26,provincial,NUEVO DÍA,Santa Cruz,Patagonia,Santa Cruz,https://www.eldiarionuevodia.com.ar,Depredador Fight Night IX: Luján sorprendió con nocaut y Cheuque fue campeón
2026-06-23,2026-W26,provincial,NUEVO DÍA,Santa Cruz,Patagonia,Santa Cruz,https://www.eldiarionuevodia.com.ar,El gobierno anunció más de $1.037 millones para la ejecución de obras y equipamiento en Puerto Deseado
2026-06-23,2026-W26,provincial,NUEVO DÍA,Santa Cruz,Patagonia,Santa Cruz,https://www.eldiarionuevodia.com.ar,Río Turbio: piden ayuda para encontrar a Nayla
2026-06-23,2026-W26,provincial,NUEVO DÍA,Santa Cruz,Patagonia,Santa Cruz,https://www.eldiarionuevodia.com.ar,"Sin quórum, fracasó la sesión extraordinaria por el conflicto policial en Santa Cruz"
2026-06-23,2026-W26,provincial,NUEVO DÍA,Santa Cruz,Patagonia,Santa Cruz,https://www.eldiarionuevodia.com.ar,El gobernador Vidal recibió al Ballet Amakaik antes de su viaje al Festival de la Sierra de Tandil
2026-06-23,2026-W26,provincial,NUEVO DÍA,Santa Cruz,Patagonia,Santa Cruz,https://www.eldiarionuevodia.com.ar,Santa Cruz: buscan intensamente a una adolescente de 14 años
2026-06-23,2026-W26,provincial,NUEVO DÍA,Santa Cruz,Patagonia,Santa Cruz,https://www.eldiarionuevodia.com.ar,Santa Cruz en alerta por nieve: piden consultar rutas antes de viajar
2026-06-23,2026-W26,provincial,NUEVO DÍA,Santa Cruz,Patagonia,Santa Cruz,https://www.eldiarionuevodia.com.ar,Un sindicato estatal lanzó un paro por 96 horas en Santa Cruz antes de la paritaria
2026-06-23,2026-W26,provincial,NUEVO DÍA,Santa Cruz,Patagonia,Santa Cruz,https://www.eldiarionuevodia.com.ar,Desocupación en la Patagonia: Río Gallegos con los índices más preocupantes
2026-06-23,2026-W26,provincial,NUEVO DÍA,Santa Cruz,Patagonia,Santa Cruz,https://www.eldiarionuevodia.com.ar,ARA San Juan: Fiscalía pidió hasta 5 años de prisión para cuatro exoficiales de la Armada
2026-06-23,2026-W26,provincial,NUEVO DÍA,Santa Cruz,Patagonia,Santa Cruz,https://www.eldiarionuevodia.com.ar,"Santa Cruz: provocó daños en la casa que comparte con su pareja, es policía y fue detenido"
2026-06-23,2026-W26,provincial,NUEVO DÍA,Santa Cruz,Patagonia,Santa Cruz,https://www.eldiarionuevodia.com.ar,Parques Nacionales lanza retiros voluntarios excluyendo a los guardaparques
2026-06-23,2026-W26,provincial,NUEVO DÍA,Santa Cruz,Patagonia,Santa Cruz,https://www.eldiarionuevodia.com.ar,Incendio en una vivienda de Puerto San Julián: una casa terminó consumida y se investiga el origen
2026-06-23,2026-W26,provincial,NUEVO DÍA,Santa Cruz,Patagonia,Santa Cruz,https://www.eldiarionuevodia.com.ar,Adiós para siempre a los enchufes: la tendencia en electrodomésticos de cocina que se acerca al futuro
2026-06-23,2026-W26,provincial,NUEVO DÍA,Santa Cruz,Patagonia,Santa Cruz,https://www.eldiarionuevodia.com.ar,Roblox lanza nueva guía para padres y actualiza cuentas para menores de 16 años
2026-06-23,2026-W26,provincial,NUEVO DÍA,Santa Cruz,Patagonia,Santa Cruz,https://www.eldiarionuevodia.com.ar,Fácil y gratis: cómo crear tu propia figurita del Mundial 2026 personalizada con inteligencia artificial
2026-06-23,2026-W26,provincial,NUEVO DÍA,Santa Cruz,Patagonia,Santa Cruz,https://www.eldiarionuevodia.com.ar,Las apps gratuitas que muestran en qué se va tu dinero mes a mes
2026-06-23,2026-W26,provincial,NUEVO DÍA,Santa Cruz,Patagonia,Santa Cruz,https://www.eldiarionuevodia.com.ar,Pocos lo hacen: cada cuánto conviene reiniciar el celular para que funcione mejor
2026-06-23,2026-W26,provincial,NUEVO DÍA,Santa Cruz,Patagonia,Santa Cruz,https://www.eldiarionuevodia.com.ar,Construir casas impresas en 3D ya es una realidad: cuánto cuestan y por qué esta tecnología avanza en todo el mundo
2026-06-23,2026-W26,provincial,NUEVO DÍA,Santa Cruz,Patagonia,Santa Cruz,https://www.eldiarionuevodia.com.ar,Transferencias sin alias: así funcionará el sistema NFC
2026-06-23,2026-W26,provincial,TIEMPO SUR,Santa Cruz,Patagonia,Santa Cruz,https://www.tiemposur.com.ar,"Haberes Mañana cobran retirados, jubilados y pensionados"
2026-06-23,2026-W26,provincial,TIEMPO SUR,Santa Cruz,Patagonia,Santa Cruz,https://www.tiemposur.com.ar,Regresaban a El Calafate Policías sufrieron un accidente tras chocar con un guanaco
2026-06-23,2026-W26,provincial,TIEMPO SUR,Santa Cruz,Patagonia,Santa Cruz,https://www.tiemposur.com.ar,Lo viviste en Tiempo FM Inglaterra y Ghana empataron y dejaron abierta la definición del Grupo L
2026-06-23,2026-W26,provincial,TIEMPO SUR,Santa Cruz,Patagonia,Santa Cruz,https://www.tiemposur.com.ar,Martes con paro docente Presencia de ADOSAC en Trabajo mientras se desarrolla la paritaria
2026-06-23,2026-W26,provincial,TIEMPO SUR,Santa Cruz,Patagonia,Santa Cruz,https://www.tiemposur.com.ar,Conflicto policial Policías autoconvocados mantendrán las carpas de protesta pese a las advertencias del Gobierno
2026-06-23,2026-W26,provincial,TIEMPO SUR,Santa Cruz,Patagonia,Santa Cruz,https://www.tiemposur.com.ar,Juicio ARA San Juan Querella mayoritaria pidió 5 años para los cuatro imputados
2026-06-23,2026-W26,provincial,TIEMPO SUR,Santa Cruz,Patagonia,Santa Cruz,https://www.tiemposur.com.ar,Cobertura TiempoSur El Chapuzón del Estrecho espera alrededor de 200 argentinos para esta edición
2026-06-23,2026-W26,provincial,TIEMPO SUR,Santa Cruz,Patagonia,Santa Cruz,https://www.tiemposur.com.ar,Cobertura TiempoSur Punta Arenas: Desde este jueves se entregan los kits a participantes del Chapuzón
2026-06-23,2026-W26,provincial,TIEMPO SUR,Santa Cruz,Patagonia,Santa Cruz,https://www.tiemposur.com.ar,Elecciones de Vocalías La Lista Lila presentó sus propuestas y convocó a los docentes a participar
2026-06-23,2026-W26,provincial,TIEMPO SUR,Santa Cruz,Patagonia,Santa Cruz,https://www.tiemposur.com.ar,"Diputados Sin quórum, fracasó la sesión extraordinaria por el conflicto policial"
2026-06-23,2026-W26,provincial,TIEMPO SUR,Santa Cruz,Patagonia,Santa Cruz,https://www.tiemposur.com.ar,Provincia y Municipio Puerto Deseado se prepara para volver a recibir vuelos comerciales
2026-06-23,2026-W26,provincial,TIEMPO SUR,Santa Cruz,Patagonia,Santa Cruz,https://www.tiemposur.com.ar,"Convenio con Provincia Martínez: “Es un día importante, sin conectividad es muy difícil poder desarrollarse”"
2026-06-23,2026-W26,provincial,TIEMPO SUR,Santa Cruz,Patagonia,Santa Cruz,https://www.tiemposur.com.ar,Exclusivo TiempoFM Periodista riogalleguense analizó el triunfo de Argentina desde Estados Unidos
2026-06-23,2026-W26,provincial,TIEMPO SUR,Santa Cruz,Patagonia,Santa Cruz,https://www.tiemposur.com.ar,Con referentes nacionales Guzmán destacó como histórico el foro libertario en Santa Cruz
2026-06-23,2026-W26,provincial,TIEMPO SUR,Santa Cruz,Patagonia,Santa Cruz,https://www.tiemposur.com.ar,Judiciales Ringo González Burgos negó vínculos con un secuestro de estupefacientes
2026-06-23,2026-W26,provincial,TIEMPO SUR,Santa Cruz,Patagonia,Santa Cruz,https://www.tiemposur.com.ar,Río Gallegos Yo Heladerías inauguró una nueva sucursal en el barrio Náutico
2026-06-23,2026-W26,provincial,TIEMPO SUR,Santa Cruz,Patagonia,Santa Cruz,https://www.tiemposur.com.ar,Río Gallegos Yo Heladerías entregó otro Smart TV de su Sorteo Mundial
2026-06-23,2026-W26,provincial,TIEMPO SUR,Santa Cruz,Patagonia,Santa Cruz,https://www.tiemposur.com.ar,Santa Cruz Roxana Reyes: “En el gobierno hay mucho cotillón y pocos funcionarios idóneos”
2026-06-23,2026-W26,provincial,TIEMPO SUR,Santa Cruz,Patagonia,Santa Cruz,https://www.tiemposur.com.ar,redes sociales Los mejores memes tras la ceremonia de inauguración del Mundial 2026
2026-06-23,2026-W26,provincial,TIEMPO SUR,Santa Cruz,Patagonia,Santa Cruz,https://www.tiemposur.com.ar,Consejo del Salario Policías Autoconvocados rechazaron la nueva oferta
2026-06-23,2026-W26,provincial,TIEMPO SUR,Santa Cruz,Patagonia,Santa Cruz,https://www.tiemposur.com.ar,Cultura Claudio Vidal recibió al Ballet Amakai
2026-06-23,2026-W26,provincial,TIEMPO SUR,Santa Cruz,Patagonia,Santa Cruz,https://www.tiemposur.com.ar,"Automovilismo Vázquez, Irigoyen y Purzel, los ganadores de la última fecha de la primera mitad del año"
2026-06-23,2026-W26,provincial,TIEMPO SUR,Santa Cruz,Patagonia,Santa Cruz,https://www.tiemposur.com.ar,"Trabajadores viales Víctor Valentín: “Aceptar un 17,3% es negociar a la baja”"
2026-06-23,2026-W26,provincial,TIEMPO SUR,Santa Cruz,Patagonia,Santa Cruz,https://www.tiemposur.com.ar,Comercios Leandro Fadul: “Estamos atravesando una crisis de consumo importante”
2026-06-23,2026-W26,provincial,TIEMPO SUR,Santa Cruz,Patagonia,Santa Cruz,https://www.tiemposur.com.ar,"Fútbol El Pirata se recuperó de la derrota en la ida, ganó en casa y se consagró campeón"
2026-06-23,2026-W26,provincial,TIEMPO SUR,Santa Cruz,Patagonia,Santa Cruz,https://www.tiemposur.com.ar,Paritaria ADOSAC César Alegre: “Es difícil no encarar un plan de lucha cuando no hay respuestas”
2026-06-23,2026-W26,provincial,TIEMPO SUR,Santa Cruz,Patagonia,Santa Cruz,https://www.tiemposur.com.ar,Rutas Santa Cruz bajo vigilancia por nevadas y lluvias
2026-06-23,2026-W26,provincial,TIEMPO SUR,Santa Cruz,Patagonia,Santa Cruz,https://www.tiemposur.com.ar,"""Libros que hablan"" Oyarzo: ""Iba a ser algo chico, pero terminó sumándose mucha gente"""
2026-06-23,2026-W26,provincial,TIEMPO SUR,Santa Cruz,Patagonia,Santa Cruz,https://www.tiemposur.com.ar,Receso invernal 2026 Gobierno estableció el cronograma de licencia para trabajadores públicos
2026-06-23,2026-W26,provincial,TIEMPO SUR,Santa Cruz,Patagonia,Santa Cruz,https://www.tiemposur.com.ar,UMAG José Maripani es reelecto al mando de la Universidad de Magallanes tras ajustada votación
2026-06-23,2026-W26,provincial,TIEMPO SUR,Santa Cruz,Patagonia,Santa Cruz,https://www.tiemposur.com.ar,"La Misión Salesiana apuesta al futuro Más producción, más educación y más trabajo fueguino"
2026-06-23,2026-W26,provincial,TIEMPO SUR,Santa Cruz,Patagonia,Santa Cruz,https://www.tiemposur.com.ar,Divulgación científica Provincia convoca a una charla sobre flamencos australes
2026-06-23,2026-W26,provincial,TIEMPO SUR,Santa Cruz,Patagonia,Santa Cruz,https://www.tiemposur.com.ar,Seguridad social ANSES: el extra de más de $400.000 que recibirá un grupo de beneficiarios
2026-06-23,2026-W26,provincial,TIEMPO SUR,Santa Cruz,Patagonia,Santa Cruz,https://www.tiemposur.com.ar,Desregulación El Gobierno reformó el régimen de inversiones mineras reduciendo costos y trámites
2026-06-23,2026-W26,provincial,TIEMPO SUR,Santa Cruz,Patagonia,Santa Cruz,https://www.tiemposur.com.ar,Santa Cruz Tres listas fueron presentadas para competir por la conducción del PJ
2026-06-23,2026-W26,provincial,TIEMPO SUR,Santa Cruz,Patagonia,Santa Cruz,https://www.tiemposur.com.ar,Impacto digital El pedido de renuncia de Adorni ya es una corriente central en redes
2026-06-23,2026-W26,provincial,TIEMPO SUR,Santa Cruz,Patagonia,Santa Cruz,https://www.tiemposur.com.ar,A dos años de la desaparición Loan: hoy comienza el juicio y las defensas plantearán nulidades
2026-06-23,2026-W26,provincial,TIEMPO SUR,Santa Cruz,Patagonia,Santa Cruz,https://www.tiemposur.com.ar,Córdoba Sospechan que el cuerpo de Agostina Vega fue movido antes de ser abandonado
2026-06-23,2026-W26,provincial,TIEMPO SUR,Santa Cruz,Patagonia,Santa Cruz,https://www.tiemposur.com.ar,Después del Mundial Cuáles son los proyectos de ley que el Gobierno se guarda para tratar en el Congreso
2026-06-23,2026-W26,provincial,TIEMPO SUR,Santa Cruz,Patagonia,Santa Cruz,https://www.tiemposur.com.ar,"Consejo del Salario Quipildor: ""Hay un trabajo poco profesional en tratar de solucionar el conflicto"""
2026-06-23,2026-W26,provincial,TIEMPO SUR,Santa Cruz,Patagonia,Santa Cruz,https://www.tiemposur.com.ar,"Tierra del Fuego 44,2% de informalidad y 1 de cada 3 trabajadores están en tensión laboral"
2026-06-23,2026-W26,provincial,TIEMPO SUR,Santa Cruz,Patagonia,Santa Cruz,https://www.tiemposur.com.ar,Monitoreo de programas habitacionales Provincia reasignó vivienda recuperada en Sarmiento
2026-06-23,2026-W26,provincial,TIEMPO SUR,Santa Cruz,Patagonia,Santa Cruz,https://www.tiemposur.com.ar,Comodoro Rivadavia PECOM confirmó el arribo de maquinaria pesada para avanzar con la obra del Cerro Hermitte
2026-06-23,2026-W26,provincial,TIEMPO SUR,Santa Cruz,Patagonia,Santa Cruz,https://www.tiemposur.com.ar,Golfo San Jorge El Municipio crea mecanismos para la investigación científica
2026-06-23,2026-W26,provincial,TIEMPO SUR,Santa Cruz,Patagonia,Santa Cruz,https://www.tiemposur.com.ar,Para El Chaltén Ianni solicita medidas por posibles inundaciones de origen glaciar
2026-06-23,2026-W26,provincial,TIEMPO SUR,Santa Cruz,Patagonia,Santa Cruz,https://www.tiemposur.com.ar,Chubut Prefectura realizó una aeroevacuación de emergencia a más de 180 millas de la costa
2026-06-23,2026-W26,provincial,TIEMPO SUR,Santa Cruz,Patagonia,Santa Cruz,https://www.tiemposur.com.ar,"A un mes del femicidio Causa Agostina Vega: cómo está la causa contra Barrelier, Fassetta y Andreani"
2026-06-23,2026-W26,provincial,TIEMPO SUR,Santa Cruz,Patagonia,Santa Cruz,https://www.tiemposur.com.ar,Santa Cruz Bomberos sofocaron un incendio en una casa de Puerto San Julián
2026-06-23,2026-W26,provincial,TIEMPO SUR,Santa Cruz,Patagonia,Santa Cruz,https://www.tiemposur.com.ar,"Policías marcharon en Caleta Gogol: ""Qué más sanción que estos salarios"""
2026-06-23,2026-W26,provincial,TIEMPO SUR,Santa Cruz,Patagonia,Santa Cruz,https://www.tiemposur.com.ar,Rumbo a la mesa del salario Policías autoconvocados marchan y advierten que podrían endurecer las medidas
2026-06-23,2026-W26,provincial,EL SUREÑO,Tierra del Fuego,Patagonia,Río Grande,https://www.surenio.com.ar,Diario El Sureño
2026-06-23,2026-W26,provincial,EL SUREÑO,Tierra del Fuego,Patagonia,Río Grande,https://www.surenio.com.ar,Revista Sociedad Fueguina: análisis sobre la promoción industrial y sus desafíos
2026-06-23,2026-W26,provincial,EL SUREÑO,Tierra del Fuego,Patagonia,Río Grande,https://www.surenio.com.ar,Juicio Ara San Juan: la querella pidió 5 años de prisión para los cuatro acusados
2026-06-23,2026-W26,provincial,EL SUREÑO,Tierra del Fuego,Patagonia,Río Grande,https://www.surenio.com.ar,La influencer de Ushuaia Melani Bertetti le entregó un trofeo a Lionel Messi en Dallas
2026-06-23,2026-W26,provincial,EL SUREÑO,Tierra del Fuego,Patagonia,Río Grande,https://www.surenio.com.ar,"Agustín Tita, entre los diez diputados con más proyectos presentados en el Congreso"
2026-06-23,2026-W26,provincial,EL SUREÑO,Tierra del Fuego,Patagonia,Río Grande,https://www.surenio.com.ar,Abren las inscripciones para la Diplomatura Fueguina en Derecho Penal
2026-06-23,2026-W26,provincial,EL SUREÑO,Tierra del Fuego,Patagonia,Río Grande,https://www.surenio.com.ar,Recuperan elementos robados tras allanamientos
2026-06-23,2026-W26,provincial,EL SUREÑO,Tierra del Fuego,Patagonia,Río Grande,https://www.surenio.com.ar,Detuvieron a un hombre por amenazar a su expareja con un cuchillo
2026-06-23,2026-W26,provincial,EL SUREÑO,Tierra del Fuego,Patagonia,Río Grande,https://www.surenio.com.ar,Inician las instancias locales de formación del Parlamento Juvenil
2026-06-23,2026-W26,provincial,EL SUREÑO,Tierra del Fuego,Patagonia,Río Grande,https://www.surenio.com.ar,Designación para la Defensoría de la Niñez
2026-06-23,2026-W26,provincial,EL SUREÑO,Tierra del Fuego,Patagonia,Río Grande,https://www.surenio.com.ar,AGENDA CULTURAL
2026-06-23,2026-W26,provincial,EL SUREÑO,Tierra del Fuego,Patagonia,Río Grande,https://www.surenio.com.ar,INTERNACIONALES
2026-06-23,2026-W26,provincial,EL SUREÑO,Tierra del Fuego,Patagonia,Río Grande,https://www.surenio.com.ar,Gallardo y Bustamante ganaron el Cross en el Cabo Domingo
2026-06-23,2026-W26,provincial,EL SUREÑO,Tierra del Fuego,Patagonia,Río Grande,https://www.surenio.com.ar,Tablas de Jazmín Donda en el Mundial de Montesilvano
2026-06-23,2026-W26,provincial,EL SUREÑO,Tierra del Fuego,Patagonia,Río Grande,https://www.surenio.com.ar,Todos los récords de Messi
2026-06-23,2026-W26,provincial,EL SUREÑO,Tierra del Fuego,Patagonia,Río Grande,https://www.surenio.com.ar,Francia goleó a Irak y pasó a 16avos. de final
2026-06-23,2026-W26,provincial,EL SUREÑO,Tierra del Fuego,Patagonia,Río Grande,https://www.surenio.com.ar,Emotivo homenaje a Ramón Gumercindo Acosta
2026-06-23,2026-W26,provincial,EL SUREÑO,Tierra del Fuego,Patagonia,Río Grande,https://www.surenio.com.ar,Causa Malvinas en la currícula educativa provincial
2026-06-23,2026-W26,provincial,EL SUREÑO,Tierra del Fuego,Patagonia,Río Grande,https://www.surenio.com.ar,Río Grande impulsará el programa “Aprendo a tomar el cole”
2026-06-23,2026-W26,provincial,EL SUREÑO,Tierra del Fuego,Patagonia,Río Grande,https://www.surenio.com.ar,Personal del Parque Nacional se capacitó sobre el uso de drones
2026-06-23,2026-W26,provincial,EL SUREÑO,Tierra del Fuego,Patagonia,Río Grande,https://www.surenio.com.ar,Cierre de la Fiesta Nacional de la Noche Más Larga
2026-06-23,2026-W26,provincial,EL SUREÑO,Tierra del Fuego,Patagonia,Río Grande,https://www.surenio.com.ar,Científicos argentinos descubren una araña en Isla de los Estados llamada Yagania chuanisin
2026-06-23,2026-W26,provincial,EL SUREÑO,Tierra del Fuego,Patagonia,Río Grande,https://www.surenio.com.ar,Gobierno dictó capacitación en housekeeping junto al cerro Castor
2026-06-23,2026-W26,provincial,EL SUREÑO,Tierra del Fuego,Patagonia,Río Grande,https://www.surenio.com.ar,Alumnos del CENT 35 visitaron el Concejo Deliberante
2026-06-23,2026-W26,provincial,EL SUREÑO,Tierra del Fuego,Patagonia,Río Grande,https://www.surenio.com.ar,El Colegio «Alicia Moreau de Justo» presentó su bandera institucional
2026-06-23,2026-W26,provincial,EL SUREÑO,Tierra del Fuego,Patagonia,Río Grande,https://www.surenio.com.ar,“Naturaleza: el gran rompecabezas” acerca la biodiversidad a las infancias
2026-06-23,2026-W26,provincial,EL SUREÑO,Tierra del Fuego,Patagonia,Río Grande,https://www.surenio.com.ar,Jóvenes becarios realizan un programa de formación intensivo
2026-06-23,2026-W26,provincial,EL SUREÑO,Tierra del Fuego,Patagonia,Río Grande,https://www.surenio.com.ar,Cine debate y talleres sobre ESI en colegios secundarios
2026-06-23,2026-W26,provincial,EL SUREÑO,Tierra del Fuego,Patagonia,Río Grande,https://www.surenio.com.ar,Examen de ingreso a las residencias del sistema público de salud
2026-06-23,2026-W26,provincial,EL SUREÑO,Tierra del Fuego,Patagonia,Río Grande,https://www.surenio.com.ar,Salud fortalece la respuesta rápida contra el sarampión
2026-06-23,2026-W26,provincial,EL SUREÑO,Tierra del Fuego,Patagonia,Río Grande,https://www.surenio.com.ar,CEMEP: Tecnología de última generación para mejorar el diagnóstico del cáncer de próstata
2026-06-23,2026-W26,provincial,EL SUREÑO,Tierra del Fuego,Patagonia,Río Grande,https://www.surenio.com.ar,Nueva edición del ciclo “Salud Mental en Foco”
2026-06-23,2026-W26,provincial,EL SUREÑO,Tierra del Fuego,Patagonia,Río Grande,https://www.surenio.com.ar,Cronograma de atención en los CAPS el fin de semana
2026-06-23,2026-W26,provincial,EL SUREÑO,Tierra del Fuego,Patagonia,Río Grande,https://www.surenio.com.ar,ATSA convocó a un paro provincial para este miércoles
2026-06-23,2026-W26,provincial,EL SUREÑO,Tierra del Fuego,Patagonia,Río Grande,https://www.surenio.com.ar,Retoman los paros en las universidades
2026-06-23,2026-W26,provincial,EL SUREÑO,Tierra del Fuego,Patagonia,Río Grande,https://www.surenio.com.ar,UNTDF Convoca Casa 2026: Convocatoria para proyectos expositivos
2026-06-23,2026-W26,provincial,EL SUREÑO,Tierra del Fuego,Patagonia,Río Grande,https://www.surenio.com.ar,Apertura de la muestra “Meteo Made in Italy”
2026-06-23,2026-W26,provincial,EL SUREÑO,Tierra del Fuego,Patagonia,Río Grande,https://www.surenio.com.ar,Estudiantes del Colegio Nacional Ushuaia exponen en el CCNA
2026-06-23,2026-W26,provincial,EL SUREÑO,Tierra del Fuego,Patagonia,Río Grande,https://www.surenio.com.ar,Padre e hija presentaron sus libros en el Día del Escritor
2026-06-23,2026-W26,provincial,EL SUREÑO,Tierra del Fuego,Patagonia,Río Grande,https://www.surenio.com.ar,Arranca una nueva edición del Concurso de Crónica Patagónica
2026-06-23,2026-W26,provincial,EL SUREÑO,Tierra del Fuego,Patagonia,Río Grande,https://www.surenio.com.ar,El INFUETUR apuntala a emprendedores locales para potenciar al turismo regional
2026-06-23,2026-W26,provincial,EL SUREÑO,Tierra del Fuego,Patagonia,Río Grande,https://www.surenio.com.ar,Comodoro Rivadavia impulsa el turismo deportivo con una alianza estratégica
2026-06-23,2026-W26,provincial,EL SUREÑO,Tierra del Fuego,Patagonia,Río Grande,https://www.surenio.com.ar,Emprendimiento jujeño vincula turistas con pueblos originarios
2026-06-23,2026-W26,provincial,EL SUREÑO,Tierra del Fuego,Patagonia,Río Grande,https://www.surenio.com.ar,Feriados largos: advierten por el impacto en las economías regionales
2026-06-23,2026-W26,provincial,EL SUREÑO,Tierra del Fuego,Patagonia,Río Grande,https://www.surenio.com.ar,Temporada de invierno 2026: El Infuetur junto a Cerro Castor anunciaron las novedades
2026-06-23,2026-W26,provincial,EL SUREÑO,Tierra del Fuego,Patagonia,Río Grande,https://www.surenio.com.ar,Tristeza en el mundo del espectáculo: murió actriz y vedette que trabajó con Tato Bores y Mirtha Legrand
2026-06-23,2026-W26,provincial,EL SUREÑO,Tierra del Fuego,Patagonia,Río Grande,https://www.surenio.com.ar,Los Premios Gardel serán conducidos por Diego Leuco y contarán con público general por primera vez
2026-06-23,2026-W26,provincial,EL SUREÑO,Tierra del Fuego,Patagonia,Río Grande,https://www.surenio.com.ar,La V Jornada Federal de Vinculación Tecnológica en la UNDAV redefine el futuro de la IA y la inclusión social en Argentina
2026-06-23,2026-W26,provincial,EL SUREÑO,Tierra del Fuego,Patagonia,Río Grande,https://www.surenio.com.ar,China envía ocho satélites al espacio con cohete portador Lijian-1 Y14
2026-06-23,2026-W26,provincial,EL SUREÑO,Tierra del Fuego,Patagonia,Río Grande,https://www.surenio.com.ar,Mi único héroe en este lío: adiós Indio Solari
2026-06-23,2026-W26,provincial,RED 23 NOTICIAS,Tierra del Fuego,Patagonia,Río Grande,https://www.red23noticias.com.ar,Expo PyME Fueguina: 37 empresas salen a mostrar el potencial productivo de Tierra del Fuego
2026-06-23,2026-W26,provincial,RED 23 NOTICIAS,Tierra del Fuego,Patagonia,Río Grande,https://www.red23noticias.com.ar,Pidieron la renuncia de Ariel Ciares
2026-06-23,2026-W26,provincial,RED 23 NOTICIAS,Tierra del Fuego,Patagonia,Río Grande,https://www.red23noticias.com.ar,Von der Thusen celebró que la Provincia vuelva a sentarse a negociar con el Gobierno nacional
2026-06-23,2026-W26,provincial,RED 23 NOTICIAS,Tierra del Fuego,Patagonia,Río Grande,https://www.red23noticias.com.ar,Se registraron 36 bajas comerciales y crece la preocupación en Tolhuin
2026-06-23,2026-W26,provincial,RED 23 NOTICIAS,Tierra del Fuego,Patagonia,Río Grande,https://www.red23noticias.com.ar,"Evacuación, perímetro y TEDAX: así fue el operativo por explosivos hallados en Río Grande"
2026-06-23,2026-W26,provincial,RED 23 NOTICIAS,Tierra del Fuego,Patagonia,Río Grande,https://www.red23noticias.com.ar,Tierra del Fuego llega a las vacaciones con un ciclo lectivo atravesado por más paros
2026-06-23,2026-W26,provincial,RED 23 NOTICIAS,Tierra del Fuego,Patagonia,Río Grande,https://www.red23noticias.com.ar,El Colegio de Ingenieros abrió su sede propia en Río Grande tras años de gestión
2026-06-23,2026-W26,provincial,RED 23 NOTICIAS,Tierra del Fuego,Patagonia,Río Grande,https://www.red23noticias.com.ar,Gastón Díaz acusó al Gobierno nacional de querer una Tierra del Fuego sin industria
2026-06-23,2026-W26,provincial,RED 23 NOTICIAS,Tierra del Fuego,Patagonia,Río Grande,https://www.red23noticias.com.ar,Tres años parada y miles de vecinos afectados: una obra clave abandonada en la Margen Sur
2026-06-23,2026-W26,provincial,RED 23 NOTICIAS,Tierra del Fuego,Patagonia,Río Grande,https://www.red23noticias.com.ar,"Voto, polémica y denuncias: la despedida de Gladis Andrade terminó en escándalo"
2026-06-23,2026-W26,provincial,RED 23 NOTICIAS,Tierra del Fuego,Patagonia,Río Grande,https://www.red23noticias.com.ar,Ushuaia avanza con una central china y crecen las dudas por dependencia tecnológica
2026-06-23,2026-W26,provincial,RED 23 NOTICIAS,Tierra del Fuego,Patagonia,Río Grande,https://www.red23noticias.com.ar,Tierra del Fuego se hunde en una crisis laboral sin precedentes: ya se perdieron más de 15 mil puestos
2026-06-23,2026-W26,provincial,RED 23 NOTICIAS,Tierra del Fuego,Patagonia,Río Grande,https://www.red23noticias.com.ar,Ausente con aviso: el Gobierno suspendió el informe de gestión
2026-06-23,2026-W26,provincial,RED 23 NOTICIAS,Tierra del Fuego,Patagonia,Río Grande,https://www.red23noticias.com.ar,Río Grande lanza una capacitación universitaria con alcance regional
2026-06-23,2026-W26,provincial,RED 23 NOTICIAS,Tierra del Fuego,Patagonia,Río Grande,https://www.red23noticias.com.ar,"Diputados: alianza entre libertarios, radicales y el PRO hizo caer la sesión"
2026-06-23,2026-W26,provincial,RED 23 NOTICIAS,Tierra del Fuego,Patagonia,Río Grande,https://www.red23noticias.com.ar,"El preocupante diagnóstico de Rivarola: locales vacíos, ventas en caída y empleo en riesgo"
2026-06-23,2026-W26,provincial,RED 23 NOTICIAS,Tierra del Fuego,Patagonia,Río Grande,https://www.red23noticias.com.ar,El voto de Andrade quedó contra las cuerdas: la impugnación ya está en la IGJ
2026-06-23,2026-W26,provincial,RED 23 NOTICIAS,Tierra del Fuego,Patagonia,Río Grande,https://www.red23noticias.com.ar,Concurso cuestionado: Gracianía denunció favoritismos y criterios poco transparentes
2026-06-23,2026-W26,provincial,RED 23 NOTICIAS,Tierra del Fuego,Patagonia,Río Grande,https://www.red23noticias.com.ar,"Tierra del Fuego: 44,2% de informalidad y 1 de cada 3 trabajadores están en tensión laboral"
2026-06-23,2026-W26,provincial,RED 23 NOTICIAS,Tierra del Fuego,Patagonia,Río Grande,https://www.red23noticias.com.ar,Rosana Bertone marcó diferencias con Vuoto y cuestionó el rumbo del peronismo fueguino
2026-06-23,2026-W26,provincial,RED 23 NOTICIAS,Tierra del Fuego,Patagonia,Río Grande,https://www.red23noticias.com.ar,Freites: “No podemos seguir regalando beneficios mientras se destruye el trabajo argentino”
2026-06-23,2026-W26,provincial,RED 23 NOTICIAS,Tierra del Fuego,Patagonia,Río Grande,https://www.red23noticias.com.ar,Barrio Procrear de Ushuaia: advierten riesgo de derrumbes y reclaman una intervención urgente
2026-06-23,2026-W26,provincial,RED 23 NOTICIAS,Tierra del Fuego,Patagonia,Río Grande,https://www.red23noticias.com.ar,"La Misión Salesiana apuesta al futuro: más producción, más educación y más trabajo fueguino"
2026-06-23,2026-W26,provincial,RED 23 NOTICIAS,Tierra del Fuego,Patagonia,Río Grande,https://www.red23noticias.com.ar,24 Horas: ATSA convoca a un paro y advierte por el deterioro del sistema
2026-06-23,2026-W26,provincial,RED 23 NOTICIAS,Tierra del Fuego,Patagonia,Río Grande,https://www.red23noticias.com.ar,Uber ya no deja plata: la salida que eligieron miles de fueguinos en la crisis
2026-06-23,2026-W26,provincial,RED 23 NOTICIAS,Tierra del Fuego,Patagonia,Río Grande,https://www.red23noticias.com.ar,"""No vamos a ceder"": Escobar rechazó de plano los cambios que impulsan las empresas"
2026-06-23,2026-W26,provincial,RED 23 NOTICIAS,Tierra del Fuego,Patagonia,Río Grande,https://www.red23noticias.com.ar,"Ajuste en marcha: proyectan recortes salariales, despidos y más pérdida de derechos laborales"
2026-06-23,2026-W26,provincial,RED 23 NOTICIAS,Tierra del Fuego,Patagonia,Río Grande,https://www.red23noticias.com.ar,"""No sabemos cuándo volverán"": crece la indignación por la crisis de la Escuela N°19"
2026-06-23,2026-W26,provincial,RED 23 NOTICIAS,Tierra del Fuego,Patagonia,Río Grande,https://www.red23noticias.com.ar,El Gobierno busca una mayoría para frenar la interpelación en el Senado
2026-06-23,2026-W26,provincial,RED 23 NOTICIAS,Tierra del Fuego,Patagonia,Río Grande,https://www.red23noticias.com.ar,El Comedor de María solicita leche en polvo para la merienda de los chicos
2026-06-23,2026-W26,provincial,RED 23 NOTICIAS,Tierra del Fuego,Patagonia,Río Grande,https://www.red23noticias.com.ar,El Día del Padre pasó sin pena ni gloria para el comercio fueguino
2026-06-23,2026-W26,provincial,RED 23 NOTICIAS,Tierra del Fuego,Patagonia,Río Grande,https://www.red23noticias.com.ar,Histórico fallo en Tierra del Fuego contra automotrices por la venta de vehículos
2026-06-23,2026-W26,provincial,RED 23 NOTICIAS,Tierra del Fuego,Patagonia,Río Grande,https://www.red23noticias.com.ar,"En cinco años, los nacimientos cayeron más de un 35% en Tierra del Fuego"
2026-06-23,2026-W26,provincial,RED 23 NOTICIAS,Tierra del Fuego,Patagonia,Río Grande,https://www.red23noticias.com.ar,"Franco alertó por hielo negro, viento y nieve: “Tenemos una sola ruta y la usamos todos”"
2026-06-23,2026-W26,provincial,RED 23 NOTICIAS,Tierra del Fuego,Patagonia,Río Grande,https://www.red23noticias.com.ar,"Placa Muebles en la mira: un ladrón entró, robó y quedó filmado"
2026-06-23,2026-W26,provincial,RED 23 NOTICIAS,Tierra del Fuego,Patagonia,Río Grande,https://www.red23noticias.com.ar,"El fantasma de los apagones sigue vigente: admiten que Ushuaia atravesará el invierno ""justito"""
2026-06-23,2026-W26,provincial,RED 23 NOTICIAS,Tierra del Fuego,Patagonia,Río Grande,https://www.red23noticias.com.ar,Más de 120 vuelos privados llegan a Ushuaia cada temporada para cruceros de lujo
2026-06-23,2026-W26,provincial,RED 23 NOTICIAS,Tierra del Fuego,Patagonia,Río Grande,https://www.red23noticias.com.ar,"Prometieron una solución definitiva, pero la ruta de San Sebastián volvió a llenarse de baches"
2026-06-23,2026-W26,provincial,RED 23 NOTICIAS,Tierra del Fuego,Patagonia,Río Grande,https://www.red23noticias.com.ar,"""Sin análisis no hay tratamiento"": la crisis del laboratorio del Hospital Regional"
2026-06-23,2026-W26,provincial,RED 23 NOTICIAS,Tierra del Fuego,Patagonia,Río Grande,https://www.red23noticias.com.ar,Judiciales profundizan las medidas de fuerza y anuncian una semana de protestas
2026-06-23,2026-W26,provincial,RED 23 NOTICIAS,Tierra del Fuego,Patagonia,Río Grande,https://www.red23noticias.com.ar,"Registraron un sismo de magnitud 5,1 en el Pasaje de Drake"
2026-06-23,2026-W26,provincial,RED 23 NOTICIAS,Tierra del Fuego,Patagonia,Río Grande,https://www.red23noticias.com.ar,Leve caída de las ventas por el Día del Padre y preocupación por el consumo
2026-06-23,2026-W26,provincial,RED 23 NOTICIAS,Tierra del Fuego,Patagonia,Río Grande,https://www.red23noticias.com.ar,La interpelación a Adorni avanza y expone una crisis que el Gobierno
2026-06-23,2026-W26,provincial,RED 23 NOTICIAS,Tierra del Fuego,Patagonia,Río Grande,https://www.red23noticias.com.ar,Milei cambia de vocero en medio del desgaste de Adorni
2026-06-23,2026-W26,provincial,RED 23 NOTICIAS,Tierra del Fuego,Patagonia,Río Grande,https://www.red23noticias.com.ar,La Armada Argentina homenajeó a Manuel Belgrano y entregó espadas a suboficiales ascendidos
2026-06-23,2026-W26,provincial,RED 23 NOTICIAS,Tierra del Fuego,Patagonia,Río Grande,https://www.red23noticias.com.ar,China mira a Río Grande: una gigante de los drones visitará la ciudad para analizar inversiones
2026-06-23,2026-W26,provincial,RED 23 NOTICIAS,Tierra del Fuego,Patagonia,Río Grande,https://www.red23noticias.com.ar,"Cooke, la empresa que acumula sanciones ambientales y ahora apunta a Tierra del Fuego"
2026-06-23,2026-W26,provincial,RED 23 NOTICIAS,Tierra del Fuego,Patagonia,Río Grande,https://www.red23noticias.com.ar,Pauli cruzó las versiones de pacto con Vuoto y explotó la polémica
2026-06-23,2026-W26,provincial,RED 23 NOTICIAS,Tierra del Fuego,Patagonia,Río Grande,https://www.red23noticias.com.ar,Cinco ofertas para renovar las defensas del Puerto de Ushuaia
2026-06-23,2026-W26,provincial,RED 23 NOTICIAS,Tierra del Fuego,Patagonia,Río Grande,https://www.red23noticias.com.ar,Santilli recibió a Melella para discutir la reforma electoral
2026-06-23,2026-W26,nacional,INFOBAE,Nacional,Nacional,Nacional,https://www.infobae.com,"Bullrich dijo que se suspendía el informe de Adorni en el Senado, pero el ministro aclaró que está a disposición para ir"
2026-06-23,2026-W26,nacional,INFOBAE,Nacional,Nacional,Nacional,https://www.infobae.com,"La dura crítica de un histórico medio francés al juego de Argentina en el Mundial: ""No muestra gran cosa"""
2026-06-23,2026-W26,nacional,INFOBAE,Nacional,Nacional,Nacional,https://www.infobae.com,"Pese a la expectativa de los inversores, la Argentina seguirá siendo un mercado financiero ""aislado"""
2026-06-23,2026-W26,nacional,INFOBAE,Nacional,Nacional,Nacional,https://www.infobae.com,"Con Marcelo Tinelli, Yiyo Garcilazo, Toto Bordieri, Santi Grizas y Pepe Chatruc"
2026-06-23,2026-W26,nacional,INFOBAE,Nacional,Nacional,Nacional,https://www.infobae.com,"Acuerdo en el Senado: habrá sesión el jueves, pero una eventual discusión por Adorni precisará dos tercios"
2026-06-23,2026-W26,nacional,INFOBAE,Nacional,Nacional,Nacional,https://www.infobae.com,Las acciones argentinas cayeron y el riesgo país volvió a subir por una turbulencia en Wall Street
2026-06-23,2026-W26,nacional,INFOBAE,Nacional,Nacional,Nacional,https://www.infobae.com,Conmoción en Salta por la muerte de un nene de 2 años: detuvieron a la madre y al padrastro
2026-06-23,2026-W26,nacional,INFOBAE,Nacional,Nacional,Nacional,https://www.infobae.com,Aprovecharon los festejos por el triunfo de la Selección para robar celulares con la modalidad “pasamanos”
2026-06-23,2026-W26,nacional,INFOBAE,Nacional,Nacional,Nacional,https://www.infobae.com,Argentina volvió a entrenarse: la formación inédita que evalúa Scaloni ante Jordania
2026-06-23,2026-W26,nacional,INFOBAE,Nacional,Nacional,Nacional,https://www.infobae.com,"Julieta Poggio reveló quién es, para ella, el jugador más fachero de la Scaloneta"
2026-06-23,2026-W26,nacional,INFOBAE,Nacional,Nacional,Nacional,https://www.infobae.com,Didier Deschamps abandonó la concentración para volver a Francia y se perderá el partido contra Noruega
2026-06-23,2026-W26,nacional,INFOBAE,Nacional,Nacional,Nacional,https://www.infobae.com,La imagen de una figura de Francia que generó polémica: qué consume
2026-06-23,2026-W26,nacional,INFOBAE,Nacional,Nacional,Nacional,https://www.infobae.com,La economía argentina creció en el primer trimestre de 2026: cuáles fueron los sectores que impulsaron la actividad
2026-06-23,2026-W26,nacional,INFOBAE,Nacional,Nacional,Nacional,https://www.infobae.com,Un sector del oficialismo considera insuficientes los cambios y persisten las dudas sobre el futuro de Adorni
2026-06-23,2026-W26,nacional,INFOBAE,Nacional,Nacional,Nacional,https://www.infobae.com,Luque rompió el bloque de acusados en el juicio por Maradona: a quién responsabilizó y contra quiénes apuntó
2026-06-23,2026-W26,nacional,INFOBAE,Nacional,Nacional,Nacional,https://www.infobae.com,“No fue el mar el que los hundió”: la querella pidió la pena máxima para los cuatro acusados por el ARA San Juan
2026-06-23,2026-W26,nacional,INFOBAE,Nacional,Nacional,Nacional,https://www.infobae.com,El invierno llegó con temperaturas polares y este miércoles será el día más frío de la semana
2026-06-23,2026-W26,nacional,INFOBAE,Nacional,Nacional,Nacional,https://www.infobae.com,La sentida despedida para las cuatro hermanas que murieron en un accidente en La Pampa
2026-06-23,2026-W26,nacional,INFOBAE,Nacional,Nacional,Nacional,https://www.infobae.com,"El oficialismo logró frenar la sesión para interpelar a Adorni en Diputados, con ayuda del PRO y la UCR"
2026-06-23,2026-W26,nacional,INFOBAE,Nacional,Nacional,Nacional,https://www.infobae.com,Kicillof se pliega a otras provincias para reclamar fondos y denunciar que Luis Caputo le frena obras
2026-06-23,2026-W26,nacional,INFOBAE,Nacional,Nacional,Nacional,https://www.infobae.com,Quién era la joven de 18 años que murió tras ser atropellada por un colectivo en Mar del Plata
2026-06-23,2026-W26,nacional,INFOBAE,Nacional,Nacional,Nacional,https://www.infobae.com,Croacia derrota a Panamá en la segunda fecha del Grupo L
2026-06-23,2026-W26,nacional,INFOBAE,Nacional,Nacional,Nacional,https://www.infobae.com,La decisión que tomó el Real Madrid en pleno Mundial tras la llegada de Mourinho
2026-06-23,2026-W26,nacional,INFOBAE,Nacional,Nacional,Nacional,https://www.infobae.com,Robaron de un museo en Madrid la camiseta de un campeón del mundo
2026-06-23,2026-W26,nacional,INFOBAE,Nacional,Nacional,Nacional,https://www.infobae.com,El polémico debate de tres campeones de Brasil sobre Messi y Maradona
2026-06-23,2026-W26,nacional,INFOBAE,Nacional,Nacional,Nacional,https://www.infobae.com,El PRO explicó la ausencia en la sesión de Diputados para interpelar a Adorni
2026-06-23,2026-W26,nacional,INFOBAE,Nacional,Nacional,Nacional,https://www.infobae.com,Científicos de la UBA investigan cómo un componente de la cúrcuma puede ser clave para mejorar la memoria
2026-06-23,2026-W26,nacional,INFOBAE,Nacional,Nacional,Nacional,https://www.infobae.com,Jimena Barón compartió cómo fueron sus primeras horas en Nueva York: un tour por el departamento y paseo
2026-06-23,2026-W26,nacional,INFOBAE,Nacional,Nacional,Nacional,https://www.infobae.com,El juez Ariel Lijo ordenó un allanamiento a Elías Piccirillo en Banfield
2026-06-23,2026-W26,nacional,INFOBAE,Nacional,Nacional,Nacional,https://www.infobae.com,Aumento de casos de tuberculosis en Argentina: qué dicen los últimos datos del Ministerio de Salud
2026-06-23,2026-W26,nacional,INFOBAE,Nacional,Nacional,Nacional,https://www.infobae.com,Moyano consiguió un aumento de $27 mil y hubo otros acuerdos salariales en Sanidad y en Alimentación
2026-06-23,2026-W26,nacional,INFOBAE,Nacional,Nacional,Nacional,https://www.infobae.com,El rotundo cambio de look de Valentina Zenere que desató una ola de comentarios: “¿Otra vez?”
2026-06-23,2026-W26,nacional,INFOBAE,Nacional,Nacional,Nacional,https://www.infobae.com,El dólar volvió a subir y tocó un nuevo precio máximo desde enero
2026-06-23,2026-W26,nacional,INFOBAE,Nacional,Nacional,Nacional,https://www.infobae.com,Polémica por un proyecto de “Ecocidio” en el Senado: LLA quiere retirar las firmas del dictamen
2026-06-23,2026-W26,nacional,INFOBAE,Nacional,Nacional,Nacional,https://www.infobae.com,"Intentó robarle, la arrastró hacia una camioneta y todo quedó filmado: los 24 segundos de terror en PBA"
2026-06-23,2026-W26,nacional,INFOBAE,Nacional,Nacional,Nacional,https://www.infobae.com,Se disparó 300% la demanda de pasajes para ver a la Selección en Miami: cuánto sale viajar al partido
2026-06-23,2026-W26,nacional,INFOBAE,Nacional,Nacional,Nacional,https://www.infobae.com,El enojo de Wanda Nara tras la denuncia de Mauro Icardi por la lesión de su hija: “Él estaba al tanto”
2026-06-23,2026-W26,nacional,INFOBAE,Nacional,Nacional,Nacional,https://www.infobae.com,"Los eufóricos gritos del periodista amigo de Ronaldo en sus goles: ""El mejor de la historia"""
2026-06-23,2026-W26,nacional,INFOBAE,Nacional,Nacional,Nacional,https://www.infobae.com,Cuál será el rival de Argentina en 16avos del Mundial según las probabilidades
2026-06-23,2026-W26,nacional,INFOBAE,Nacional,Nacional,Nacional,https://www.infobae.com,La sentida reflexión de una leyenda de Brasil sobre Messi
2026-06-23,2026-W26,nacional,INFOBAE,Nacional,Nacional,Nacional,https://www.infobae.com,El premio que Scaloni le dio a los jugadores de la Selección después de los dos triunfos
2026-06-23,2026-W26,nacional,INFOBAE,Nacional,Nacional,Nacional,https://www.infobae.com,Ola de frío: las distribuidoras de GNC limitan el despacho a las estaciones de servicio del AMBA
2026-06-23,2026-W26,nacional,INFOBAE,Nacional,Nacional,Nacional,https://www.infobae.com,Tragedia en Mar del Plata: cuál es la principal hipótesis del siniestro vial y cómo evolucionan los heridos
2026-06-23,2026-W26,nacional,INFOBAE,Nacional,Nacional,Nacional,https://www.infobae.com,Las abogadas de Wanda Nara y Mauro Icardi se reunieron en una audiencia por la cuota alimentaria
2026-06-23,2026-W26,nacional,INFOBAE,Nacional,Nacional,Nacional,https://www.infobae.com,Motochorros asesinaron a un adolescente de 17 años cuando iba al colegio con su padre
2026-06-23,2026-W26,nacional,INFOBAE,Nacional,Nacional,Nacional,https://www.infobae.com,"Presión arterial alta, los cardiólogos revelan los hábitos que más la afectan"
2026-06-23,2026-W26,nacional,INFOBAE,Nacional,Nacional,Nacional,https://www.infobae.com,Neuquén registró un récord histórico de producción de gas en mayo y podría seguir creciendo por el invierno
2026-06-23,2026-W26,nacional,INFOBAE,Nacional,Nacional,Nacional,https://www.infobae.com,El hermano de Gaspi despidió al influencer con un emotivo posteo y repasó su vida juntos
2026-06-23,2026-W26,nacional,INFOBAE,Nacional,Nacional,Nacional,https://www.infobae.com,Sturzenegger sueña con el modelo Temu para empresas argentinas: la regulación que prepara para impulsar pequeñas exportaciones
2026-06-23,2026-W26,nacional,INFOBAE,Nacional,Nacional,Nacional,https://www.infobae.com,"La trama de lavado de dinero en un country de Pilar que involucró a una empresaria, un viejo narco y un jugador de “Mameluco” Villalba"
2026-06-23,2026-W26,nacional,LA NACIÓN,Nacional,Nacional,Nacional,https://www.lanacion.com.ar,"""Estoy dispuesto a ir"". Bullrich anunció que se suspendió el informe de gestión de Adorni en el Senado, pero el ministro la contradijo"
2026-06-23,2026-W26,nacional,LA NACIÓN,Nacional,Nacional,Nacional,https://www.lanacion.com.ar,"Volvió a quedar expuesta la interna entre el jefe de Gabinete y la senadora, que más temprano había acordado con los bloques dialoguistas un mecanismo para blindar al ministro coordinador en la Cámara alta"
2026-06-23,2026-W26,nacional,LA NACIÓN,Nacional,Nacional,Nacional,https://www.lanacion.com.ar,¿Juega Messi? Con la clasificación asegurada: la posible formación alternativa de la selección argentina ante Jordania
2026-06-23,2026-W26,nacional,LA NACIÓN,Nacional,Nacional,Nacional,https://www.lanacion.com.ar,“Hoy se cayeron las mentiras”. Las principales declaraciones de Milei en su discurso en la Fundación Faro
2026-06-23,2026-W26,nacional,LA NACIÓN,Nacional,Nacional,Nacional,https://www.lanacion.com.ar,Ex esposo de Jesica Cirio. Allanaron a Piccirillo por una supuesta amenaza a Francisco Hauque y le secuestraron el teléfono
2026-06-23,2026-W26,nacional,LA NACIÓN,Nacional,Nacional,Nacional,https://www.lanacion.com.ar,"Todos corren, Messi piensa. El secreto del máximo goleador de los mundiales"
2026-06-23,2026-W26,nacional,LA NACIÓN,Nacional,Nacional,Nacional,https://www.lanacion.com.ar,Duelo de estrellas. La sorprendente reacción de Cristiano Ronaldo cuando le preguntaron por Messi
2026-06-23,2026-W26,nacional,LA NACIÓN,Nacional,Nacional,Nacional,https://www.lanacion.com.ar,Avance en la UBA. Logran encapsular en nanopartículas un condimento milenario de la India para probar si mejora la memoria
2026-06-23,2026-W26,nacional,LA NACIÓN,Nacional,Nacional,Nacional,https://www.lanacion.com.ar,"“Como dormir en un horno”. Calles desiertas, agobio y un debate sobre el uso del aire: así vivió Francia el día más tórrido de su historia"
2026-06-23,2026-W26,nacional,LA NACIÓN,Nacional,Nacional,Nacional,https://www.lanacion.com.ar,“Nunca había oído hablar de sífilis”. Los videos de una joven infectada que se hicieron virales y encienden alertas
2026-06-23,2026-W26,nacional,LA NACIÓN,Nacional,Nacional,Nacional,https://www.lanacion.com.ar,"""Impactaba verla bailar"". Jesica Cirio: el sueño trunco, los años de vedette, sus casamientos y los escándalos"
2026-06-23,2026-W26,nacional,LA NACIÓN,Nacional,Nacional,Nacional,https://www.lanacion.com.ar,Lavado de dinero. Citaron a indagatoria a José Luis Espert por los 200.000 dólares que recibió de Fred Machado
2026-06-23,2026-W26,nacional,LA NACIÓN,Nacional,Nacional,Nacional,https://www.lanacion.com.ar,"Quería estudiar sistemas. Tiene 19 años y salvó a su novia del colectivo fuera de control, pero él sufrió graves lesiones"
2026-06-23,2026-W26,nacional,LA NACIÓN,Nacional,Nacional,Nacional,https://www.lanacion.com.ar,La canción de la contradicción. La trágica historia de una modelo franco-argentina que se convirtió en un hit bailable de los 80
2026-06-23,2026-W26,nacional,LA NACIÓN,Nacional,Nacional,Nacional,https://www.lanacion.com.ar,La víctima tenía 17 años. El estudiante asesinado por motochorros fue baleado en una zona que suma varios homicidios en pocos meses
2026-06-23,2026-W26,nacional,LA NACIÓN,Nacional,Nacional,Nacional,https://www.lanacion.com.ar,Dramático. La historia que esconde el beso viral del DT de Noruega: estuvo muerto 12 minutos y hasta “prepararon su funeral”
2026-06-23,2026-W26,nacional,LA NACIÓN,Nacional,Nacional,Nacional,https://www.lanacion.com.ar,La lista de los Pumas. Los cinco novatos para el Nations Championship y el asesor extranjero que sumó Contepomi
2026-06-23,2026-W26,nacional,LA NACIÓN,Nacional,Nacional,Nacional,https://www.lanacion.com.ar,"Juicio por la muerte de Maradona. “Está en juego mi buen nombre y honor”, dijo un médico apuntado por Leopoldo Luque"
2026-06-23,2026-W26,nacional,LA NACIÓN,Nacional,Nacional,Nacional,https://www.lanacion.com.ar,"Caos a bordo en España. Un pasajero subió a un avión borracho, intentó atacar a un policía y recibió una golpiza"
2026-06-23,2026-W26,nacional,LA NACIÓN,Nacional,Nacional,Nacional,https://www.lanacion.com.ar,MSCI ignoró a la Argentina. El país sigue en la categoría más baja y queda fuera del radar de los grandes fondos
2026-06-23,2026-W26,nacional,LA NACIÓN,Nacional,Nacional,Nacional,https://www.lanacion.com.ar,Cuatro horas de negociación. Aceiteros y exportadores volvieron a reunirse: no hubo acuerdo y el conflicto entra en horas decisivas
2026-06-23,2026-W26,nacional,LA NACIÓN,Nacional,Nacional,Nacional,https://www.lanacion.com.ar,"Dato oficial. La economía creció 2,3% en el primer trimestre, impulsada por el agro, Vaca Muerta y la minería"
2026-06-23,2026-W26,nacional,LA NACIÓN,Nacional,Nacional,Nacional,https://www.lanacion.com.ar,ARA San Juan. Las querellas de 34 familias pidieron la pena máxima para los cuatro exjefes navales
2026-06-23,2026-W26,nacional,LA NACIÓN,Nacional,Nacional,Nacional,https://www.lanacion.com.ar,La sesión del 2 de julio. El tuit de Adorni en el que contradice a Bullrich
2026-06-23,2026-W26,nacional,LA NACIÓN,Nacional,Nacional,Nacional,https://www.lanacion.com.ar,"""No se hacía todas las veces"". Otro tripulante del Tango 04 declaró que eran laxos los controles en los vuelos de los Kirchner al Sur"
2026-06-23,2026-W26,nacional,LA NACIÓN,Nacional,Nacional,Nacional,https://www.lanacion.com.ar,"""Urgente"". Hackearon la cuenta de X de un medio cordobés y publicaron una noticia falsa sobre Cristina Kirchner"
2026-06-23,2026-W26,nacional,LA NACIÓN,Nacional,Nacional,Nacional,https://www.lanacion.com.ar,De $LIBRA al negocio automotor. Dos protagonistas del caso rearman su entramado societario desde la frontera con Paraguay
2026-06-23,2026-W26,nacional,LA NACIÓN,Nacional,Nacional,Nacional,https://www.lanacion.com.ar,Nuevo dueño. Molinos Río de la Plata compró una conocida bodega salteña y se expande en el negocio del vino
2026-06-23,2026-W26,nacional,LA NACIÓN,Nacional,Nacional,Nacional,https://www.lanacion.com.ar,"Tensión. Un jugador inglés le negó el saludo a la estrella de Ghana, que irá a juicio por violación"
2026-06-23,2026-W26,nacional,LA NACIÓN,Nacional,Nacional,Nacional,https://www.lanacion.com.ar,"""Nos mienten"". Atlético le hizo un ""tirón de orejas"" a Julián por hablar de su pase y denunciará a Barcelona ante la FIFA"
2026-06-23,2026-W26,nacional,LA NACIÓN,Nacional,Nacional,Nacional,https://www.lanacion.com.ar,"Se olvidó de jugar. Nada por aquí, nada por allá: Inglaterra no acudió a la cita ante Ghana y Kane se perdió un gol insólito"
2026-06-23,2026-W26,nacional,LA NACIÓN,Nacional,Nacional,Nacional,https://www.lanacion.com.ar,"""Vamos a priorizar..."". Polémica por la camiseta de los arqueros de Brasil: FIFA aceptó un cambio a horas del partido con Escocia"
2026-06-23,2026-W26,nacional,LA NACIÓN,Nacional,Nacional,Nacional,https://www.lanacion.com.ar,En Toronto. Croacia le gana a Panamá gracias al goleador que estaba en el banco y las atajadas de su arquero
2026-06-23,2026-W26,nacional,LA NACIÓN,Nacional,Nacional,Nacional,https://www.lanacion.com.ar,"""Fin del mundo"". Argentina-Austria: vimos el partido con los excombatientes de Malvinas desde Ushuaia"
2026-06-23,2026-W26,nacional,LA NACIÓN,Nacional,Nacional,Nacional,https://www.lanacion.com.ar,A FONDO Un mes sin Agostina. Los enigmas que todavía envuelven un caso atroz
2026-06-23,2026-W26,nacional,LA NACIÓN,Nacional,Nacional,Nacional,https://www.lanacion.com.ar,¿Un tiro en el pie? Las promesas incumplidas del Brexit: por qué Gran Bretaña está peor que antes de salir de la UE
2026-06-23,2026-W26,nacional,LA NACIÓN,Nacional,Nacional,Nacional,https://www.lanacion.com.ar,Para 2028. Trump ordenó la construcción de una potente computadora cuántica para la investigación científica
2026-06-23,2026-W26,nacional,LA NACIÓN,Nacional,Nacional,Nacional,https://www.lanacion.com.ar,"“Solo Israel tiene esa capacidad”. Petro agita teorías conspirativas, vuelve a cuestionar el resultado del balotaje y lo compara con Perú"
2026-06-23,2026-W26,nacional,LA NACIÓN,Nacional,Nacional,Nacional,https://www.lanacion.com.ar,“Pérdida de credibilidad”. Una visita inédita a Europa desata indignación por el acercamiento a uno de los regímenes más cuestionados del mundo
2026-06-23,2026-W26,nacional,LA NACIÓN,Nacional,Nacional,Nacional,https://www.lanacion.com.ar,“¿Se limpió la mano?”. El polémico gesto viral que desató una ola de críticas contra la futura primera dama de Colombia
2026-06-23,2026-W26,nacional,LA NACIÓN,Nacional,Nacional,Nacional,https://www.lanacion.com.ar,Opinión. Atacar al periodismo… y algo más
2026-06-23,2026-W26,nacional,LA NACIÓN,Nacional,Nacional,Nacional,https://www.lanacion.com.ar,En fotos. Todos los invitados a la gala de Fundación Esteban Bullrich en el Teatro Colón
2026-06-23,2026-W26,nacional,LA NACIÓN,Nacional,Nacional,Nacional,https://www.lanacion.com.ar,El futuro ya llegó. Con Prime Video el streaming comenzó en la Argentina la nueva era de integración
2026-06-23,2026-W26,nacional,LA NACIÓN,Nacional,Nacional,Nacional,https://www.lanacion.com.ar,En Brasil. Así es la mansión de Vinícius Jr. donde hizo su fiesta de despedida antes de viajar al Mundial
2026-06-23,2026-W26,nacional,LA NACIÓN,Nacional,Nacional,Nacional,https://www.lanacion.com.ar,"“¿Rubia otra vez?”. Valentina Zenere: en medio de los rumores sobre su separación de Sebastián Ortega, la actriz impactó con su nuevo look"
2026-06-23,2026-W26,nacional,LA NACIÓN,Nacional,Nacional,Nacional,https://www.lanacion.com.ar,La ópera villera llega al Vaticano. El sueño cumplido de los chicos argentinos que actuarán ante al papa León XIV
2026-06-23,2026-W26,nacional,LA NACIÓN,Nacional,Nacional,Nacional,https://www.lanacion.com.ar,"Catherine Deneuve, a los 82. Se casó una sola vez, enamoró a Marcello Mastroianni y tuvo un amante por más de 50 años"
2026-06-23,2026-W26,nacional,LA NACIÓN,Nacional,Nacional,Nacional,https://www.lanacion.com.ar,En fotos. Del día de playa de Zaira Nara en Miami en pleno Mundial a los increíbles looks de Zendaya
2026-06-23,2026-W26,nacional,LA NACIÓN,Nacional,Nacional,Nacional,https://www.lanacion.com.ar,"En fotos. Desde la reina Máxima a una princesa japonesa, la realeza desembarca en el Mundial 2026"
2026-06-23,2026-W26,nacional,LA NACIÓN,Nacional,Nacional,Nacional,https://www.lanacion.com.ar,Tragedia en Río Negro. Un hombre murió aplastado por un árbol mientras cortaba leña con una motosierra
2026-06-23,2026-W26,nacional,CLARÍN,Nacional,Nacional,Nacional,https://www.clarin.com,Selección Argentina
2026-06-23,2026-W26,nacional,CLARÍN,Nacional,Nacional,Nacional,https://www.clarin.com,Panamá vs Croacia
2026-06-23,2026-W26,nacional,CLARÍN,Nacional,Nacional,Nacional,https://www.clarin.com,Colombia vs RD Congo
2026-06-23,2026-W26,nacional,CLARÍN,Nacional,Nacional,Nacional,https://www.clarin.com,Bullrich dijo que Adorni no irá al Senado para no exponerlo y el jefe de Gabinete la cruzó: “Estoy dispuesto a presentarme”
2026-06-23,2026-W26,nacional,CLARÍN,Nacional,Nacional,Nacional,https://www.clarin.com,"Milei recupera el control sobre su jefe de Gabinete, más de cien días después"
2026-06-23,2026-W26,nacional,CLARÍN,Nacional,Nacional,Nacional,https://www.clarin.com,"La economía creció en el primer trimestre del año, empujada por el agro, la minería y Vaca Muerta"
2026-06-23,2026-W26,nacional,CLARÍN,Nacional,Nacional,Nacional,https://www.clarin.com,"La lesión de Cuti Romero y la rotación para jugar ante Jordania, prioridades de Scaloni con la mira en el sábado"
2026-06-23,2026-W26,nacional,CLARÍN,Nacional,Nacional,Nacional,https://www.clarin.com,"Mientras todos hablan de Messi, el dólar sube en la Argentina y en el mundo"
2026-06-23,2026-W26,nacional,CLARÍN,Nacional,Nacional,Nacional,https://www.clarin.com,"Una nueva encuesta midió fórmulas para 2027: sorpresa con Macri, Bullrich y Villarruel"
2026-06-23,2026-W26,nacional,CLARÍN,Nacional,Nacional,Nacional,https://www.clarin.com,"El acuerdo entre el Mercosur y la UE, un marco de certeza en medio de la incertidumbre"
2026-06-23,2026-W26,nacional,CLARÍN,Nacional,Nacional,Nacional,https://www.clarin.com,Los empresarios industriales reclamaron reglas claras y RIGI para más sectores
2026-06-23,2026-W26,nacional,CLARÍN,Nacional,Nacional,Nacional,https://www.clarin.com,Croacia logró quebrar el cerrojo de Panamá y saca ventaja en Toronto
2026-06-23,2026-W26,nacional,CLARÍN,Nacional,Nacional,Nacional,https://www.clarin.com,Cristiano Ronaldo hizo historia con sus goles ante Uzbekistán: el nuevo hito que logró en Mundiales
2026-06-23,2026-W26,nacional,CLARÍN,Nacional,Nacional,Nacional,https://www.clarin.com,Atlético de Madrid denunciará al Barcelona por negociar con Julián Álvarez
2026-06-23,2026-W26,nacional,CLARÍN,Nacional,Nacional,Nacional,https://www.clarin.com,Messi volvió a demostrar por qué es el mejor pero la victoria dejó un aviso importante
2026-06-23,2026-W26,nacional,CLARÍN,Nacional,Nacional,Nacional,https://www.clarin.com,Un proveedor del gobierno de Cristina Kirchner usó fondos públicos para contratar a Ricky Martin
2026-06-23,2026-W26,nacional,CLARÍN,Nacional,Nacional,Nacional,https://www.clarin.com,"Revelan un mensaje del psicólogo de Maradona a un empleado de Morla: “Diego está en las últimas, muy mal”"
2026-06-23,2026-W26,nacional,CLARÍN,Nacional,Nacional,Nacional,https://www.clarin.com,El error que hace que se llegue tarde al diagnóstico y cómo evitarlo
2026-06-23,2026-W26,nacional,CLARÍN,Nacional,Nacional,Nacional,https://www.clarin.com,Matan a balazos a un joven frente a su padre cuando iba al colegio: “Dijeron 'no murió' y volvieron a disparar”
2026-06-23,2026-W26,nacional,CLARÍN,Nacional,Nacional,Nacional,https://www.clarin.com,Francia pasa la noche más calurosa desde que hay registros: hay 40 muertos
2026-06-23,2026-W26,nacional,CLARÍN,Nacional,Nacional,Nacional,https://www.clarin.com,"Avanza el segundo estadio Arena de la Argentina: detrás está la productora de Duki, Bizarrap y Nicki Nicole"
2026-06-23,2026-W26,nacional,CLARÍN,Nacional,Nacional,Nacional,https://www.clarin.com,Cristiano Ronaldo brilló pero no le gustó nada cuando le preguntaron por Messi
2026-06-23,2026-W26,nacional,CLARÍN,Nacional,Nacional,Nacional,https://www.clarin.com,"Inglaterra se acordó de jugar sobre el final, pero no pudo quebrar a Ghana"
2026-06-23,2026-W26,nacional,CLARÍN,Nacional,Nacional,Nacional,https://www.clarin.com,Qué dicen los hinchas ingleses a 40 años de “La mano de Dios” y el mejor gol de la historia de los mundiales
2026-06-23,2026-W26,nacional,CLARÍN,Nacional,Nacional,Nacional,https://www.clarin.com,Deschamps regresó a Europa y no dirigirá a Francia frente a Noruega: el motivo de su ausencia
2026-06-23,2026-W26,nacional,CLARÍN,Nacional,Nacional,Nacional,https://www.clarin.com,El diablo está en los detalles y la corrupción también
2026-06-23,2026-W26,nacional,CLARÍN,Nacional,Nacional,Nacional,https://www.clarin.com,¿Volver a (la Corte de) los 90?
2026-06-23,2026-W26,nacional,CLARÍN,Nacional,Nacional,Nacional,https://www.clarin.com,Navegar en tiempos de incertidumbre
2026-06-23,2026-W26,nacional,CLARÍN,Nacional,Nacional,Nacional,https://www.clarin.com,La IA y el error de mezclar debates
2026-06-23,2026-W26,nacional,CLARÍN,Nacional,Nacional,Nacional,https://www.clarin.com,La diferencia entre producir lenguaje y producir conocimiento
2026-06-23,2026-W26,nacional,CLARÍN,Nacional,Nacional,Nacional,https://www.clarin.com,Revés para Barrionuevo: la Justicia y el Gobierno desconocen su conducción y hay temor por una intervención del gremio
2026-06-23,2026-W26,nacional,CLARÍN,Nacional,Nacional,Nacional,https://www.clarin.com,Cirio entregó en la Justicia su celular y será analizado para determinar si contiene el video de los millones de dólares
2026-06-23,2026-W26,nacional,CLARÍN,Nacional,Nacional,Nacional,https://www.clarin.com,El Congreso de Estados Unidos votó una resolución que pide el retiro de las fuerzas desplegadas contra Irán
2026-06-23,2026-W26,nacional,CLARÍN,Nacional,Nacional,Nacional,https://www.clarin.com,Mar del Plata: quién era la adolescente que murió atropellada por el colectivo que se subió a una parada
2026-06-23,2026-W26,nacional,CLARÍN,Nacional,Nacional,Nacional,https://www.clarin.com,"Peter Thiel pagó $ 3.000 para jugar al ajedrez en un club de Almagro, perdió y le cantaron “la patria no se vende”"
2026-06-23,2026-W26,nacional,CLARÍN,Nacional,Nacional,Nacional,https://www.clarin.com,Demorar la sucesión: los problemas que pueden aparecer si no hacés el trámite
2026-06-23,2026-W26,nacional,CLARÍN,Nacional,Nacional,Nacional,https://www.clarin.com,Seis macacos todavía siguen viviendo en el subsuelo del CEMIC
2026-06-23,2026-W26,nacional,CLARÍN,Nacional,Nacional,Nacional,https://www.clarin.com,Papas rellenas con carne picada
2026-06-23,2026-W26,nacional,CLARÍN,Nacional,Nacional,Nacional,https://www.clarin.com,Guiso de garbanzos
2026-06-23,2026-W26,nacional,CLARÍN,Nacional,Nacional,Nacional,https://www.clarin.com,Patitas de pollo caseras
2026-06-23,2026-W26,nacional,CLARÍN,Nacional,Nacional,Nacional,https://www.clarin.com,Budín de papa económico
2026-06-23,2026-W26,nacional,CLARÍN,Nacional,Nacional,Nacional,https://www.clarin.com,Selección Clarín
2026-06-23,2026-W26,nacional,CLARÍN,Nacional,Nacional,Nacional,https://www.clarin.com,"Autos híbridos, los que se enchufan y los que no: qué tecnologías hay y cuál conviene en cada caso"
2026-06-23,2026-W26,nacional,CLARÍN,Nacional,Nacional,Nacional,https://www.clarin.com,"Parecidos y diferencias con su Soledad, los hijos, el fútbol, el rock argentino y conocer a los ídolos de cerca"
2026-06-23,2026-W26,nacional,CLARÍN,Nacional,Nacional,Nacional,https://www.clarin.com,"“Se puede hacer contacto cero con la familia, aunque no esté normalizado”: cómo hacer un muro emocional para protegerte de las personas tóxicas"
2026-06-23,2026-W26,nacional,CLARÍN,Nacional,Nacional,Nacional,https://www.clarin.com,Cuáles son las termas más cercanas a Buenos Aires: cuánto cuestan y los descuentos para jubilados
2026-06-23,2026-W26,nacional,CLARÍN,Nacional,Nacional,Nacional,https://www.clarin.com,Otro refuerzo de lujo de la Scaloneta aparece en la mira de Coudet mientras avanza la puesta a punto en España
2026-06-23,2026-W26,nacional,CLARÍN,Nacional,Nacional,Nacional,https://www.clarin.com,"El pibe “10” de Boca que puede heredar la camiseta de Maradona, Riquelme y Cavani"
2026-06-23,2026-W26,nacional,CLARÍN,Nacional,Nacional,Nacional,https://www.clarin.com,Gustavo Álvarez apuntó contra la dirigencia en un comunicado tras su abrupta salida
2026-06-23,2026-W26,nacional,CLARÍN,Nacional,Nacional,Nacional,https://www.clarin.com,Real Madrid mueve sus fichas por Nico Paz: reunión decisiva con Como
2026-06-23,2026-W26,nacional,PÁGINA 12,Nacional,Nacional,Nacional,https://www.pagina12.com.ar,Cristiano Ronaldo
2026-06-23,2026-W26,nacional,PÁGINA 12,Nacional,Nacional,Nacional,https://www.pagina12.com.ar,"Panamá vs. Croacia: el partido, minuto a minuto"
2026-06-23,2026-W26,nacional,PÁGINA 12,Nacional,Nacional,Nacional,https://www.pagina12.com.ar,Adorni contradijo a Bullrich y ratificó que quiere ir al Senado el 2 de julio
2026-06-23,2026-W26,nacional,PÁGINA 12,Nacional,Nacional,Nacional,https://www.pagina12.com.ar,El consumo no puede contra el ajuste de Milei
2026-06-23,2026-W26,nacional,PÁGINA 12,Nacional,Nacional,Nacional,https://www.pagina12.com.ar,Proyecto AMBA: otra causa de espionaje macrista que va camino al archivo
2026-06-23,2026-W26,nacional,PÁGINA 12,Nacional,Nacional,Nacional,https://www.pagina12.com.ar,El Pacto Histórico reclama un recuento completo de los votos emitidos en el exterior
2026-06-23,2026-W26,nacional,PÁGINA 12,Nacional,Nacional,Nacional,https://www.pagina12.com.ar,Causa $Libra: “Si el fiscal retira la querella va a ser un escándalo”
2026-06-23,2026-W26,nacional,PÁGINA 12,Nacional,Nacional,Nacional,https://www.pagina12.com.ar,La incómoda reacción de Cristiano Ronaldo cuando le nombraron a Lionel Messi
2026-06-23,2026-W26,nacional,PÁGINA 12,Nacional,Nacional,Nacional,https://www.pagina12.com.ar,El cumple de Leo en 39 momentos
2026-06-23,2026-W26,nacional,PÁGINA 12,Nacional,Nacional,Nacional,https://www.pagina12.com.ar,Selección Argentina: ventajas y no tanto de la rotación que se viene
2026-06-23,2026-W26,nacional,PÁGINA 12,Nacional,Nacional,Nacional,https://www.pagina12.com.ar,Donde quiera que estés
2026-06-23,2026-W26,nacional,PÁGINA 12,Nacional,Nacional,Nacional,https://www.pagina12.com.ar,La venganza será terrible
2026-06-23,2026-W26,nacional,PÁGINA 12,Nacional,Nacional,Nacional,https://www.pagina12.com.ar,Cultura y Espectáculos
2026-06-23,2026-W26,nacional,PÁGINA 12,Nacional,Nacional,Nacional,https://www.pagina12.com.ar,Suplementos Especiales
2026-06-23,2026-W26,nacional,PÁGINA 12,Nacional,Nacional,Nacional,https://www.pagina12.com.ar,ARA San Juan: la querella pidió la pena máxima para los imputados de la Armada
2026-06-23,2026-W26,nacional,PÁGINA 12,Nacional,Nacional,Nacional,https://www.pagina12.com.ar,El hackeo masivo de datos preocupa en Washington
2026-06-23,2026-W26,nacional,PÁGINA 12,Nacional,Nacional,Nacional,https://www.pagina12.com.ar,Denuncian malos tratos a Jones Huala en la cárcel de Rawson
2026-06-23,2026-W26,nacional,PÁGINA 12,Nacional,Nacional,Nacional,https://www.pagina12.com.ar,Sin quórum: el PRO y la UCR le dieron otra vida a Adorni
2026-06-23,2026-W26,nacional,PÁGINA 12,Nacional,Nacional,Nacional,https://www.pagina12.com.ar,San Martín for sale: recuperaron más de 200 documentos históricos valuados en 100 mil dólares
2026-06-23,2026-W26,nacional,PÁGINA 12,Nacional,Nacional,Nacional,https://www.pagina12.com.ar,La fiscalía pidió reconocer a las infancias como víctimas del terrorismo de Estado
2026-06-23,2026-W26,nacional,PÁGINA 12,Nacional,Nacional,Nacional,https://www.pagina12.com.ar,Deschamps no estará para Francia-Noruega
2026-06-23,2026-W26,nacional,PÁGINA 12,Nacional,Nacional,Nacional,https://www.pagina12.com.ar,Inglaterra no pudo con una complicada Ghana y su pase a 16avos tendrá que esperar
2026-06-23,2026-W26,nacional,PÁGINA 12,Nacional,Nacional,Nacional,https://www.pagina12.com.ar,Apareció CR7 en Portugal y también hizo historia
2026-06-23,2026-W26,nacional,PÁGINA 12,Nacional,Nacional,Nacional,https://www.pagina12.com.ar,"A qué hora juegan Colombia vs. Congo, dónde verlo y posibles formaciones"
2026-06-23,2026-W26,nacional,PÁGINA 12,Nacional,Nacional,Nacional,https://www.pagina12.com.ar,El dólar oficial tuvo su sexta suba consecutiva
2026-06-23,2026-W26,nacional,PÁGINA 12,Nacional,Nacional,Nacional,https://www.pagina12.com.ar,Aerolíneas Argentinas lanzó viajes a Dallas por 500 dólares para alentar a la selección
2026-06-23,2026-W26,nacional,PÁGINA 12,Nacional,Nacional,Nacional,https://www.pagina12.com.ar,Infantino confirmó que entregará junto con Trump la Copa al campeón del Mundial
2026-06-23,2026-W26,nacional,PÁGINA 12,Nacional,Nacional,Nacional,https://www.pagina12.com.ar,Keiko Fujimori: la candidata de un laboratorio en Miami
2026-06-23,2026-W26,nacional,PÁGINA 12,Nacional,Nacional,Nacional,https://www.pagina12.com.ar,"Ana Trinidad Rodríguez y Néstor Washington Rojas, Raúl Horacio Trigo"
2026-06-23,2026-W26,nacional,PÁGINA 12,Nacional,Nacional,Nacional,https://www.pagina12.com.ar,Raquel Olmos: “Todo esto desprestigia al conjunto de la política”
2026-06-23,2026-W26,nacional,PÁGINA 12,Nacional,Nacional,Nacional,https://www.pagina12.com.ar,Al menos 40 personas murieron ahogadas al intentar refrescarse en Francia
2026-06-23,2026-W26,nacional,PÁGINA 12,Nacional,Nacional,Nacional,https://www.pagina12.com.ar,Margaret Atwood: “Nunca en la era moderna se prohibieron tantos libros”
2026-06-23,2026-W26,nacional,PÁGINA 12,Nacional,Nacional,Nacional,https://www.pagina12.com.ar,Allanamiento e intimación a Cirio
2026-06-23,2026-W26,nacional,PÁGINA 12,Nacional,Nacional,Nacional,https://www.pagina12.com.ar,Denuncian que la fábrica está parada por falta de contratos y abandono oficial
2026-06-23,2026-W26,nacional,PÁGINA 12,Nacional,Nacional,Nacional,https://www.pagina12.com.ar,Un mes sin Agostina: el caso que conmovió al país entra en etapa de definiciones
2026-06-23,2026-W26,nacional,PÁGINA 12,Nacional,Nacional,Nacional,https://www.pagina12.com.ar,"Vinilo Editora y Teatro Futuro, una sociedad alrededor de la ficción"
2026-06-23,2026-W26,nacional,PÁGINA 12,Nacional,Nacional,Nacional,https://www.pagina12.com.ar,"A 100 años de la publicación de “El juguete rabioso”, de Roberto Arlt"
2026-06-23,2026-W26,nacional,PÁGINA 12,Nacional,Nacional,Nacional,https://www.pagina12.com.ar,Mentiras verdaderas
2026-06-23,2026-W26,nacional,PÁGINA 12,Nacional,Nacional,Nacional,https://www.pagina12.com.ar,Bullrich lo deja plantado a Adorni en la Rosada
2026-06-23,2026-W26,nacional,PÁGINA 12,Nacional,Nacional,Nacional,https://www.pagina12.com.ar,Citan a declarar a Espert por lavado de dinero vinculado a Fred Machado
2026-06-23,2026-W26,nacional,PÁGINA 12,Nacional,Nacional,Nacional,https://www.pagina12.com.ar,"El padre, el hermano y ahora la madre y el tío"
2026-06-23,2026-W26,nacional,PÁGINA 12,Nacional,Nacional,Nacional,https://www.pagina12.com.ar,"Fusilamientos de José León Suárez, la sentencia 70 años después"
2026-06-23,2026-W26,nacional,PÁGINA 12,Nacional,Nacional,Nacional,https://www.pagina12.com.ar,Franco Colapinto eligió su top ten de futbolistas argentinos
2026-06-23,2026-W26,nacional,PÁGINA 12,Nacional,Nacional,Nacional,https://www.pagina12.com.ar,Juan Sebastián Delgado: “Gardel y Piazzolla permitieron que el tango evolucionara”
2026-06-23,2026-W26,nacional,PÁGINA 12,Nacional,Nacional,Nacional,https://www.pagina12.com.ar,Presentan un plan nacional para combatir el mal uso de los antibióticos
2026-06-23,2026-W26,nacional,PÁGINA 12,Nacional,Nacional,Nacional,https://www.pagina12.com.ar,"Argentina ya tiene fecha, horario y estadio confirmados para 16avos de final"
2026-06-23,2026-W26,nacional,PÁGINA 12,Nacional,Nacional,Nacional,https://www.pagina12.com.ar,¿Contra quién podría jugar Argentina en 16avos. de final?
2026-06-23,2026-W26,nacional,PÁGINA 12,Nacional,Nacional,Nacional,https://www.pagina12.com.ar,Francia tuvo que esperar dos horas para clasificarse
2026-06-23,2026-W26,nacional,PÁGINA 12,Nacional,Nacional,Nacional,https://www.pagina12.com.ar,Ensayar la muerte
2026-06-23,2026-W26,nacional,PÁGINA 12,Nacional,Nacional,Nacional,https://www.pagina12.com.ar,"Para bendecir el ajuste, el hijo del Dios liberal"
2026-06-23,2026-W26,nacional,PERFIL,Nacional,Nacional,Nacional,https://www.perfil.com,"ACTO LIBERTARIO Javier Milei presentó a su nuevo vocero, Adrián Ravier, en la Fundación Faro, y habló de ""medios desprovistos de honestidad intelectual"""
2026-06-23,2026-W26,nacional,PERFIL,Nacional,Nacional,Nacional,https://www.perfil.com,"Bullrich anunció que se suspendía el informe de Adorni en el Senado, pero el ministro dijo estar ""a disposición"""
2026-06-23,2026-W26,nacional,PERFIL,Nacional,Nacional,Nacional,https://www.perfil.com,"La UIA reclamó cambios al ""Súper RIGI"" para fortalecer a los proveedores locales"
2026-06-23,2026-W26,nacional,PERFIL,Nacional,Nacional,Nacional,https://www.perfil.com,ARA San Juan: la querella pidió la pena máxima para los cuatro acusados y sostuvo que “no fue el mar el que los hundió”
2026-06-23,2026-W26,nacional,PERFIL,Nacional,Nacional,Nacional,https://www.perfil.com,"Tras 50 días de caos y pérdidas millonarias, Bolivia sostiene el estado de excepción y busca un acuerdo nacional"
2026-06-23,2026-W26,nacional,PERFIL,Nacional,Nacional,Nacional,https://www.perfil.com,"Cuentas ocultas, autos de lujo y lazos narco: José Luis Espert fue citado a indagatoria por presunto lavado de dinero"
2026-06-23,2026-W26,nacional,PERFIL,Nacional,Nacional,Nacional,https://www.perfil.com,Diputados: no hubo quorum y se cayó la sesión por la interpelación a Adorni
2026-06-23,2026-W26,nacional,PERFIL,Nacional,Nacional,Nacional,https://www.perfil.com,La Croacia de Luka Modric enfrenta a Panamá sin margen de error en el Mundial 2026: seguí el partido en vivo
2026-06-23,2026-W26,nacional,PERFIL,Nacional,Nacional,Nacional,https://www.perfil.com,Julián Álvarez lanzó la bomba y Atlético de Madrid denunciará al Barcelona ante FIFA
2026-06-23,2026-W26,nacional,PERFIL,Nacional,Nacional,Nacional,https://www.perfil.com,Miguel Almirón recibió un duro castigo en el Mundial 2026: la sanción que la FIFA le aplicó por taparse la boca
2026-06-23,2026-W26,nacional,PERFIL,Nacional,Nacional,Nacional,https://www.perfil.com,"Cristiano Ronaldo palpitó un posible cruce con Argentina, pero no quiso saber nada con Messi: su furiosa reacción ante la prensa"
2026-06-23,2026-W26,nacional,PERFIL,Nacional,Nacional,Nacional,https://www.perfil.com,Por qué Bangladesh adoptó a la Selección Argentina como su máxima devoción en la Copa del Mundo
2026-06-23,2026-W26,nacional,PERFIL,Nacional,Nacional,Nacional,https://www.perfil.com,La vida de Lionel Messi en 39 fotos
2026-06-23,2026-W26,nacional,PERFIL,Nacional,Nacional,Nacional,https://www.perfil.com,Inglaterra y Ghana empataron sin goles en un resultado que les sirvió a ambos en el Mundial 2026
2026-06-23,2026-W26,nacional,PERFIL,Nacional,Nacional,Nacional,https://www.perfil.com,¿Es posible un Messi vs Cristiano Ronaldo en el Mundial 2026?: La ruta matemática para el enfrentamiento histórico
2026-06-23,2026-W26,nacional,PERFIL,Nacional,Nacional,Nacional,https://www.perfil.com,El Mundial 2026 registra una efectividad goleadora récord con Lionel Messi y la Premier League a la vanguardia
2026-06-23,2026-W26,nacional,PERFIL,Nacional,Nacional,Nacional,https://www.perfil.com,Cristiano Ronaldo agigantó su leyenda: los tres récords históricos que rompió en el partido ante Uzbekistán
2026-06-23,2026-W26,nacional,PERFIL,Nacional,Nacional,Nacional,https://www.perfil.com,"Falleció la madre de Didier Deschamps, entrenador de la Selección de Francia, y no estará en el cruce frente a Noruega"
2026-06-23,2026-W26,nacional,PERFIL,Nacional,Nacional,Nacional,https://www.perfil.com,"Argentina vs Jordania: cuándo juega, hora y TV para el partido por la fecha 3 del Mundial 2026"
2026-06-23,2026-W26,nacional,PERFIL,Nacional,Nacional,Nacional,https://www.perfil.com,Argelia remontó ante Jordania y le dio a Argentina el primer puesto del Grupo J en el Mundial 2026
2026-06-23,2026-W26,nacional,PERFIL,Nacional,Nacional,Nacional,https://www.perfil.com,Cristiano Ronaldo metió a Portugal en la próxima ronda: todos los clasificados a los 1: todos los clasificados a los 16avos del Mundial 2026
2026-06-23,2026-W26,nacional,PERFIL,Nacional,Nacional,Nacional,https://www.perfil.com,"Adorni reunió a senadores libertarios, Bullrich se ausentó: sigue intensa la interna en el Gobierno"
2026-06-23,2026-W26,nacional,PERFIL,Nacional,Nacional,Nacional,https://www.perfil.com,Patricia Bullrich achica la distancia con Javier Milei: casi triplicó su impacto en redes mientras el Presidente pierde alcance
2026-06-23,2026-W26,nacional,PERFIL,Nacional,Nacional,Nacional,https://www.perfil.com,"La economía creció 2,3% en el primer trimestre del año, según el INDEC"
2026-06-23,2026-W26,nacional,PERFIL,Nacional,Nacional,Nacional,https://www.perfil.com,Fentanilo y morfina: imputan a un médico y un enfermero por un consultorio clandestino y suministrar estupefacientes
2026-06-23,2026-W26,nacional,PERFIL,Nacional,Nacional,Nacional,https://www.perfil.com,"Julian Schnabel divide a la crítica con ""In the Hand of Dante"", una ambiciosa y caótica odisea sobre literatura y mafia"
2026-06-23,2026-W26,nacional,PERFIL,Nacional,Nacional,Nacional,https://www.perfil.com,Encuesta: los influencers libertarios duplican a los opositores y sostienen el dominio de Milei en las redes
2026-06-23,2026-W26,nacional,PERFIL,Nacional,Nacional,Nacional,https://www.perfil.com,"MSCI mantiene la calificación de Argentina como mercado ""Standalone"""
2026-06-23,2026-W26,nacional,PERFIL,Nacional,Nacional,Nacional,https://www.perfil.com,Jesica Cirio entregó su celular a la Justicia y apuesta a cuestionar el origen de los videos con dólares
2026-06-23,2026-W26,nacional,PERFIL,Nacional,Nacional,Nacional,https://www.perfil.com,"Francisco Caputo, el hermano de Santiago que todos nombran y nadie reconoce"
2026-06-23,2026-W26,nacional,PERFIL,Nacional,Nacional,Nacional,https://www.perfil.com,Los salarios le ganaron a la inflación en abril según el INDEC
2026-06-23,2026-W26,nacional,PERFIL,Nacional,Nacional,Nacional,https://www.perfil.com,Día 925: Un país mesiánico y un Messi presidente
2026-06-23,2026-W26,nacional,PERFIL,Nacional,Nacional,Nacional,https://www.perfil.com,La ruta del dinero de Insaurralde: juego y basura
2026-06-23,2026-W26,nacional,PERFIL,Nacional,Nacional,Nacional,https://www.perfil.com,"Leandro Santoro: ""La división del peronismo no es inevitable y la división de la derecha no es imposible"""
2026-06-23,2026-W26,nacional,PERFIL,Nacional,Nacional,Nacional,https://www.perfil.com,"Reino Unido: ""La gente le dio la espalda a Starmer porque los laboristas quieren volver a la UE"""
2026-06-23,2026-W26,nacional,PERFIL,Nacional,Nacional,Nacional,https://www.perfil.com,El periodista que entrevistó a Piccirillo reveló la trama de extorsión y el rol de Jesica Cirio en el caso Insaurralde
2026-06-23,2026-W26,nacional,PERFIL,Nacional,Nacional,Nacional,https://www.perfil.com,"Elecciones en Colombia: “Será difícil que De la Espriella sea un nuevo Bukele, los carteles no son pandillas"""
2026-06-23,2026-W26,nacional,PERFIL,Nacional,Nacional,Nacional,https://www.perfil.com,"Raúl Timerman: “Si hoy fuera la elección, Milei tiene ocho puntos sobre diez de ser reelecto”"
2026-06-23,2026-W26,nacional,PERFIL,Nacional,Nacional,Nacional,https://www.perfil.com,"Por qué la producción aumenta y el consumo, no"
2026-06-23,2026-W26,nacional,PERFIL,Nacional,Nacional,Nacional,https://www.perfil.com,De la Espriella y Keiko Fujimori: derechizacion y polarización según Claudio Fantini
2026-06-23,2026-W26,nacional,PERFIL,Nacional,Nacional,Nacional,https://www.perfil.com,Mejoró la salud del padre de Lionel Messi y le dieron el alta médica
2026-06-23,2026-W26,nacional,PERFIL,Nacional,Nacional,Nacional,https://www.perfil.com,Fuerte ola de calor en Europa: 40 personas murieron ahogadas en Francia
2026-06-23,2026-W26,nacional,PERFIL,Nacional,Nacional,Nacional,https://www.perfil.com,Jorge Macri preadjudicó el Canal de la Ciudad al dueño de Blender y Carajo
2026-06-23,2026-W26,nacional,PERFIL,Nacional,Nacional,Nacional,https://www.perfil.com,Jorge Macri reglamenta la reforma laboral en la Ciudad: transporte y recolección de residuos deberán funcionar durante los paros
2026-06-23,2026-W26,nacional,PERFIL,Nacional,Nacional,Nacional,https://www.perfil.com,"Diputados: el oficialismo frenó la interpelación a Manuel Adorni con apoyo del PRO, la UCR y aliados provinciales"
2026-06-23,2026-W26,nacional,PERFIL,Nacional,Nacional,Nacional,https://www.perfil.com,"Miguel Ponce: ""La caída de las tecnológicas que algunos dicen empieza a ser el final de la burbuja”"
2026-06-23,2026-W26,nacional,PERFIL,Nacional,Nacional,Nacional,https://www.perfil.com,Cuarta condena por corrupción para Julio De Vido: tres años de prisión por el caso Odebrecht
2026-06-23,2026-W26,nacional,PERFIL,Nacional,Nacional,Nacional,https://www.perfil.com,"Fernanda Iglesias sobre el escándalo de Jessica Cirio: ""Me ofrecieron plata para que no hable más"""
2026-06-23,2026-W26,nacional,PERFIL,Nacional,Nacional,Nacional,https://www.perfil.com,El invierno empezó con más de 170 mil casos de influenza en Argentina
2026-06-23,2026-W26,nacional,PERFIL,Nacional,Nacional,Nacional,https://www.perfil.com,Jorge Macri buscará la reelección como jefe de Gobierno porteño en 2027: “Deseo tener cuatro años más de gestión”
2026-06-23,2026-W26,nacional,EL DESTAPE,Nacional,Nacional,Nacional,https://www.eldestapeweb.com,El Destape - Sigamos Haciendo Historia
2026-06-23,2026-W26,nacional,EL DESTAPE,Nacional,Nacional,Nacional,https://www.eldestapeweb.com,LLA quiere evitar un papelón en el Senado y Adorni no irá a dar su informe
2026-06-23,2026-W26,nacional,EL DESTAPE,Nacional,Nacional,Nacional,https://www.eldestapeweb.com,Karina se reunió con senadores para blindar a Adorni pero Bullrich pegó el faltazo
2026-06-23,2026-W26,nacional,EL DESTAPE,Nacional,Nacional,Nacional,https://www.eldestapeweb.com,"El consumo no encuentra piso y cayó 1,6% en mayo"
2026-06-23,2026-W26,nacional,EL DESTAPE,Nacional,Nacional,Nacional,https://www.eldestapeweb.com,Desafiando al corralito: bancos prestaron 6 de 10 dólares depositados y Caputo va por más
2026-06-23,2026-W26,nacional,EL DESTAPE,Nacional,Nacional,Nacional,https://www.eldestapeweb.com,Pymes advierten por atrasos en el pago de salarios y aguinaldo de junio
2026-06-23,2026-W26,nacional,EL DESTAPE,Nacional,Nacional,Nacional,https://www.eldestapeweb.com,"La Selección ya tiene día, hora y sede para los 16avos de final"
2026-06-23,2026-W26,nacional,EL DESTAPE,Nacional,Nacional,Nacional,https://www.eldestapeweb.com,"Con dos goles de Cristiano, Portugal se recuperó y arrolló a Uzbekistán"
2026-06-23,2026-W26,nacional,EL DESTAPE,Nacional,Nacional,Nacional,https://www.eldestapeweb.com,Inglaterra empató sin goles contra Ghana y no logró asegurarse el liderazgo
2026-06-23,2026-W26,nacional,EL DESTAPE,Nacional,Nacional,Nacional,https://www.eldestapeweb.com,Jugá al Desafío Mundialista de El Destape: el Mundial 2026 también lo podés ganar vos
2026-06-23,2026-W26,nacional,EL DESTAPE,Nacional,Nacional,Nacional,https://www.eldestapeweb.com,Conmoción por lo que pasó con un famoso canal de stream argentino
2026-06-23,2026-W26,nacional,EL DESTAPE,Nacional,Nacional,Nacional,https://www.eldestapeweb.com,Asombro por el signo zodiacal domina el Mundial 2026
2026-06-23,2026-W26,nacional,EL DESTAPE,Nacional,Nacional,Nacional,https://www.eldestapeweb.com,Jorge Macri proyecta 4 años más en la Ciudad mientras el PRO define su estrategia
2026-06-23,2026-W26,nacional,EL DESTAPE,Nacional,Nacional,Nacional,https://www.eldestapeweb.com,Si Dios quiere: el apoyo a Milei es más alto entre los creyentes
2026-06-23,2026-W26,nacional,EL DESTAPE,Nacional,Nacional,Nacional,https://www.eldestapeweb.com,La economía de enclave bajo el imperio del RIGI no derrama en desarrollo
2026-06-23,2026-W26,nacional,EL DESTAPE,Nacional,Nacional,Nacional,https://www.eldestapeweb.com,El mundo nacionaliza y Milei privatiza: el documento del FMI que expone su doble vara
2026-06-23,2026-W26,nacional,EL DESTAPE,Nacional,Nacional,Nacional,https://www.eldestapeweb.com,Israel rompió alto al fuego en el Líbano: al menos un muerto y dos heridos
2026-06-23,2026-W26,nacional,EL DESTAPE,Nacional,Nacional,Nacional,https://www.eldestapeweb.com,Espert fue citado a indagatoria en la causa por presunto lavado de dinero
2026-06-23,2026-W26,nacional,EL DESTAPE,Nacional,Nacional,Nacional,https://www.eldestapeweb.com,Evo denunció que el Gobierno asedia a Cochabamba tras el levantamiento de los bloqueos
2026-06-23,2026-W26,nacional,EL DESTAPE,Nacional,Nacional,Nacional,https://www.eldestapeweb.com,"Los salarios aumentaron 3,7% en abril, según el Indec"
2026-06-23,2026-W26,nacional,EL DESTAPE,Nacional,Nacional,Nacional,https://www.eldestapeweb.com,"Economía 2026: leve suba del PBI, pero con desplome de la inversión y la industria"
2026-06-23,2026-W26,nacional,EL DESTAPE,Nacional,Nacional,Nacional,https://www.eldestapeweb.com,Alerta por los cortes de gas: no hay abastecimiento en estaciones de servicio de AMBA
2026-06-23,2026-W26,nacional,EL DESTAPE,Nacional,Nacional,Nacional,https://www.eldestapeweb.com,"CABA limitó el impacto de los paros: servicio mínimo para subtes, colectivos y recolección"
2026-06-23,2026-W26,nacional,EL DESTAPE,Nacional,Nacional,Nacional,https://www.eldestapeweb.com,Sánchez desconoce resultado en Perú y denunció fraude en los votos del exterior
2026-06-23,2026-W26,nacional,EL DESTAPE,Nacional,Nacional,Nacional,https://www.eldestapeweb.com,Liberaron a los argentinos detenidos en Libia: exigen que Cancillería asegure su regreso
2026-06-23,2026-W26,nacional,EL DESTAPE,Nacional,Nacional,Nacional,https://www.eldestapeweb.com,"Un Milei victimizado presentó al nuevo vocero y cargó contra los medios: ""Meter terror"""
2026-06-23,2026-W26,nacional,EL DESTAPE,Nacional,Nacional,Nacional,https://www.eldestapeweb.com,"Mientras Milei paraliza la obra pública, Santiago del Estero ya entregó 34.000 viviendas"
2026-06-23,2026-W26,nacional,EL DESTAPE,Nacional,Nacional,Nacional,https://www.eldestapeweb.com,Suspendieron en toda Alemania el servicio de trenes por un problema técnico en toda la red
2026-06-23,2026-W26,nacional,EL DESTAPE,Nacional,Nacional,Nacional,https://www.eldestapeweb.com,Una encuesta golpea a Donald Trump: solo el 24% cree que la guerra con Irán valió la pena
2026-06-23,2026-W26,nacional,EL DESTAPE,Nacional,Nacional,Nacional,https://www.eldestapeweb.com,Fue la posta donde aprisionaron a Liniers en 1810 y queda en Córdoba: la curiosa historia
2026-06-23,2026-W26,nacional,EL DESTAPE,Nacional,Nacional,Nacional,https://www.eldestapeweb.com,Es un castillo construido en 1870 en pleno Córdoba y está abandonado
2026-06-23,2026-W26,nacional,EL DESTAPE,Nacional,Nacional,Nacional,https://www.eldestapeweb.com,Una mujer de 30 años fue condenada por acosar a Jungkook de BTS
2026-06-23,2026-W26,nacional,EL DESTAPE,Nacional,Nacional,Nacional,https://www.eldestapeweb.com,"Roña Castro cargó contra el Gobierno: ""Se llenan la boca hablando de pobreza"""
2026-06-23,2026-W26,nacional,EL DESTAPE,Nacional,Nacional,Nacional,https://www.eldestapeweb.com,Caso Axel González: la querella pidió imputar y detener a tres policías locales
2026-06-23,2026-W26,nacional,EL DESTAPE,Nacional,Nacional,Nacional,https://www.eldestapeweb.com,Máxima preocupación por la ola de calor: Francia registró 40 muertos en 5 días
2026-06-23,2026-W26,nacional,EL DESTAPE,Nacional,Nacional,Nacional,https://www.eldestapeweb.com,Alerta amarilla por frío extremo: las provincias afectadas
2026-06-23,2026-W26,nacional,EL DESTAPE,Nacional,Nacional,Nacional,https://www.eldestapeweb.com,Colombia de Lorenzo juega con Congo por el pase de ronda
2026-06-23,2026-W26,nacional,EL DESTAPE,Nacional,Nacional,Nacional,https://www.eldestapeweb.com,El impensado cambio que quiere impulsar la FIFA antes de los 16avos del Mundial
2026-06-23,2026-W26,nacional,EL DESTAPE,Nacional,Nacional,Nacional,https://www.eldestapeweb.com,"La FIFA suspendió a un periodista paraguayo del Mundial por ""ataques personales"""
2026-06-23,2026-W26,nacional,EL DESTAPE,Nacional,Nacional,Nacional,https://www.eldestapeweb.com,Duro golpe en Francia: Deschamps se va del Mundial 2026 por una pérdida familiar
2026-06-23,2026-W26,nacional,EL DESTAPE,Nacional,Nacional,Nacional,https://www.eldestapeweb.com,Cristiano Ronaldo dejó un mensaje provocador tras el récord en el Mundial 2026
2026-06-23,2026-W26,nacional,EL DESTAPE,Nacional,Nacional,Nacional,https://www.eldestapeweb.com,Las cuatro líneas claves del Conurbano que cambiaron su recorrido
2026-06-23,2026-W26,nacional,EL DESTAPE,Nacional,Nacional,Nacional,https://www.eldestapeweb.com,Es una posta llena de paisajes e historia que pocos conocen: por ahí pasó Belgrano y queda
2026-06-23,2026-W26,nacional,EL DESTAPE,Nacional,Nacional,Nacional,https://www.eldestapeweb.com,"Mundial 2026: cómo disfrutar cada partido sin poner en riesgo la salud, según especialista"
2026-06-23,2026-W26,nacional,EL DESTAPE,Nacional,Nacional,Nacional,https://www.eldestapeweb.com,"Uno por uno, quiénes son los diputados que ayudaron a salvar a Adorni en el Congreso"
2026-06-23,2026-W26,nacional,EL DESTAPE,Nacional,Nacional,Nacional,https://www.eldestapeweb.com,Más gremios presionan a la CGT con un nuevo paro nacional de 36 horas
2026-06-23,2026-W26,nacional,EL DESTAPE,Nacional,Nacional,Nacional,https://www.eldestapeweb.com,"""Absolutamente responsable"": 9 de cada 10 argentinos apuntan directo a Milei por la crisis"
2026-06-23,2026-W26,nacional,EL DESTAPE,Nacional,Nacional,Nacional,https://www.eldestapeweb.com,No hubo quórum y se cayó la sesión por la moción de censura contra Adorni
2026-06-23,2026-W26,nacional,EL DESTAPE,Nacional,Nacional,Nacional,https://www.eldestapeweb.com,"Jorge Macri presionó a Milei por la economía y Adorni: ""Resolverlo lo antes posible"""
2026-06-23,2026-W26,nacional,EL DESTAPE,Nacional,Nacional,Nacional,https://www.eldestapeweb.com,Mapa del desempleo: cuáles son las ciudades más afectadas
2026-06-23,2026-W26,nacional,LA POLÍTICA ONLINE,Nacional,Nacional,Nacional,https://www.lapoliticaonline.com.ar,Allanaron a Weretilneck por sus vínculos con el arrepentido de la AFA
2026-06-23,2026-W26,nacional,LA POLÍTICA ONLINE,Nacional,Nacional,Nacional,https://www.lapoliticaonline.com.ar,En la Armada temen que Sturzenegger los fusione con la Prefectura
2026-06-23,2026-W26,nacional,LA POLÍTICA ONLINE,Nacional,Nacional,Nacional,https://www.lapoliticaonline.com.ar,Adorni contradice a Bullrich y ahora dice que quiere ir a dar el informe al Senado
2026-06-23,2026-W26,nacional,LA POLÍTICA ONLINE,Nacional,Nacional,Nacional,https://www.lapoliticaonline.com.ar,El dólar saló por arriba de los $1500 y el mercado discute si es alivio o problema
2026-06-23,2026-W26,nacional,LA POLÍTICA ONLINE,Nacional,Nacional,Nacional,https://www.lapoliticaonline.com.ar,La peruanización de la Argentina
2026-06-23,2026-W26,nacional,LA POLÍTICA ONLINE,Nacional,Nacional,Nacional,https://www.lapoliticaonline.com.ar,"Patricia bajó a Adorni del informe ante el Senado: ""No vengas que nadie te quiere escuchar"""
2026-06-23,2026-W26,nacional,LA POLÍTICA ONLINE,Nacional,Nacional,Nacional,https://www.lapoliticaonline.com.ar,"El PRO, la UCR y los gobernadores aliados salvaron a Adorni de la interpelación"
2026-06-23,2026-W26,nacional,LA POLÍTICA ONLINE,Nacional,Nacional,Nacional,https://www.lapoliticaonline.com.ar,Patricia no va a la Rosada y manda al PRO de Córdoba a votar contra Adorni
2026-06-23,2026-W26,nacional,LA POLÍTICA ONLINE,Nacional,Nacional,Nacional,https://www.lapoliticaonline.com.ar,La Justicia cita a indagatoria a Espert por lavado de dinero
2026-06-23,2026-W26,nacional,LA POLÍTICA ONLINE,Nacional,Nacional,Nacional,https://www.lapoliticaonline.com.ar,"Violento cruce de Abal Medina y Tignanelli: ""Sos un chupamedias de Máximo que no conoce nadie"""
2026-06-23,2026-W26,nacional,LA POLÍTICA ONLINE,Nacional,Nacional,Nacional,https://www.lapoliticaonline.com.ar,El oscuro rol de Piccirillo detrás de los videos con millones de dólares que filmó Jesica Cirio
2026-06-23,2026-W26,nacional,LA POLÍTICA ONLINE,Nacional,Nacional,Nacional,https://www.lapoliticaonline.com.ar,La Justicia le pone un freno a los allanamientos sin orden judicial que impulsa Pullaro
2026-06-23,2026-W26,nacional,LA POLÍTICA ONLINE,Nacional,Nacional,Nacional,https://www.lapoliticaonline.com.ar,Bianco cruzó a Máximo y dijo que el candidato del peronismo debe definirse en una PASO
2026-06-23,2026-W26,nacional,LA POLÍTICA ONLINE,Nacional,Nacional,Nacional,https://www.lapoliticaonline.com.ar,Pelli le saca diez puntos a Catalán en Tucumán y tensiona la interna libertaria
2026-06-23,2026-W26,nacional,LA POLÍTICA ONLINE,Nacional,Nacional,Nacional,https://www.lapoliticaonline.com.ar,Caputo quiere usar las garantías del Banco Mundial para tomar hasta USD 5.000 millones de nueva deuda
2026-06-23,2026-W26,nacional,LA POLÍTICA ONLINE,Nacional,Nacional,Nacional,https://www.lapoliticaonline.com.ar,"Ante la caída de la recaudación, los intendentes quieren alquilar las banquinas para sembrar soja"
2026-06-23,2026-W26,nacional,LA POLÍTICA ONLINE,Nacional,Nacional,Nacional,https://www.lapoliticaonline.com.ar,La desocupación crece en el conurbano y ya supera los dos dígitos en regiones de la provincia
2026-06-23,2026-W26,nacional,LA POLÍTICA ONLINE,Nacional,Nacional,Nacional,https://www.lapoliticaonline.com.ar,Fabián Fernández reemplaza a Lanari en la secretaría de Prensa
2026-06-23,2026-W26,nacional,LA POLÍTICA ONLINE,Nacional,Nacional,Nacional,https://www.lapoliticaonline.com.ar,Maniobra de Menem para trabar en Diputados la remoción de Adorni
2026-06-23,2026-W26,nacional,LA POLÍTICA ONLINE,Nacional,Nacional,Nacional,https://www.lapoliticaonline.com.ar,"Pullaro apuró a Milei: ""Si Adorni fuera funcionario de Santa Fe, no estaría desde hace rato en su cargo"""
2026-06-23,2026-W26,nacional,LA POLÍTICA ONLINE,Nacional,Nacional,Nacional,https://www.lapoliticaonline.com.ar,"""Reemplazar a Adorni no es muy atractivo porque la jefa de Gabinete es Karina"""
2026-06-23,2026-W26,nacional,LA POLÍTICA ONLINE,Nacional,Nacional,Nacional,https://www.lapoliticaonline.com.ar,Se agrava la crisis del empleo formal en Córdoba: crecieron 15% las suspensiones y quitas salariales
2026-06-23,2026-W26,nacional,LA POLÍTICA ONLINE,Nacional,Nacional,Nacional,https://www.lapoliticaonline.com.ar,La Justicia cree que el contrato de Espert con Fred Machado es trucho
2026-06-23,2026-W26,nacional,LA POLÍTICA ONLINE,Nacional,Nacional,Nacional,https://www.lapoliticaonline.com.ar,Indagaron al Narigón Vázquez en una causa por drogas y definen si lo imputan por el crimen de Pillín
2026-06-23,2026-W26,nacional,LA POLÍTICA ONLINE,Nacional,Nacional,Nacional,https://www.lapoliticaonline.com.ar,"El golpe a la acción de SoFi, una advertencia para la salida a la bolsa de Ualá"
2026-06-23,2026-W26,nacional,LA POLÍTICA ONLINE,Nacional,Nacional,Nacional,https://www.lapoliticaonline.com.ar,Japón dona una super draga a Paraguay y se mete en la discusión de la Hidrovia
2026-06-23,2026-W26,nacional,LA POLÍTICA ONLINE,Nacional,Nacional,Nacional,https://www.lapoliticaonline.com.ar,El alquiler del country de la madre de Adorni se pagó un año por adelantado y en dólares
2026-06-23,2026-W26,nacional,LA POLÍTICA ONLINE,Nacional,Nacional,Nacional,https://www.lapoliticaonline.com.ar,El kirchnerismo quiere que Cristina sea candidata para vaciarle a Kicillof el armado nacional
2026-06-23,2026-W26,nacional,LA POLÍTICA ONLINE,Nacional,Nacional,Nacional,https://www.lapoliticaonline.com.ar,Bronca de los senadores libertarios porque Adorni los citó a la Casa Rosada
2026-06-23,2026-W26,nacional,LA POLÍTICA ONLINE,Nacional,Nacional,Nacional,https://www.lapoliticaonline.com.ar,Caputo apeló a la contabilidad creativa para dibujar una baja de USD 20.000 millones de la deuda externa
2026-06-23,2026-W26,nacional,LA POLÍTICA ONLINE,Nacional,Nacional,Nacional,https://www.lapoliticaonline.com.ar,"Juez le advirtió a De Loredo que no se meta en la pelea por Córdoba Capital: ""Ahí voy yo"""
2026-06-23,2026-W26,nacional,LA POLÍTICA ONLINE,Nacional,Nacional,Nacional,https://www.lapoliticaonline.com.ar,Alerta entre cerealeros porque Brasil amenaza con desbancar a Argentina en los derivados de soja
2026-06-23,2026-W26,nacional,LA POLÍTICA ONLINE,Nacional,Nacional,Nacional,https://www.lapoliticaonline.com.ar,"Pullaro le dijo a Milei que en Santa Fe las obras se hacen ""sin corrupción"" y sentó a Villarruel en el palco"
2026-06-23,2026-W26,nacional,LA POLÍTICA ONLINE,Nacional,Nacional,Nacional,https://www.lapoliticaonline.com.ar,Milei y Pullaro en el Día de la bandera: Construye tu propio Belgrano
2026-06-23,2026-W26,nacional,LA POLÍTICA ONLINE,Nacional,Nacional,Nacional,https://www.lapoliticaonline.com.ar,Jorge Macri apelará el fallo del juez Gallardo que prohíbe los desalojos
2026-06-23,2026-W26,nacional,LA POLÍTICA ONLINE,Nacional,Nacional,Nacional,https://www.lapoliticaonline.com.ar,Renuncia la histórica directora del Museo del Cine en medio de tensiones con Lombardi
2026-06-23,2026-W26,nacional,LA POLÍTICA ONLINE,Nacional,Nacional,Nacional,https://www.lapoliticaonline.com.ar,"En el banderazo por la libertad de Cristina, Máximo apuntó a Kicillof: ""Hablan de unidad y no van a verla"""
2026-06-23,2026-W26,nacional,LA POLÍTICA ONLINE,Nacional,Nacional,Nacional,https://www.lapoliticaonline.com.ar,"En medio de la interna por la sucesión, Verna le vació a Ziliotto la legislatura de La Pampa"
2026-06-23,2026-W26,nacional,LA POLÍTICA ONLINE,Nacional,Nacional,Nacional,https://www.lapoliticaonline.com.ar,Adorni gastó 8 mil dólares en un flipper de Los Locos Addams para su casa del country
2026-06-23,2026-W26,nacional,LA POLÍTICA ONLINE,Nacional,Nacional,Nacional,https://www.lapoliticaonline.com.ar,Bullrich se queda con otra banca en Diputados tras la salida de Ravier
2026-06-23,2026-W26,nacional,LA POLÍTICA ONLINE,Nacional,Nacional,Nacional,https://www.lapoliticaonline.com.ar,El ministro de Agricultura de Kicillof sugiere retenciones segmentadas para pequeños y medianos productores
2026-06-23,2026-W26,nacional,LA POLÍTICA ONLINE,Nacional,Nacional,Nacional,https://www.lapoliticaonline.com.ar,El despertar del dólar le complica a Caputo la deuda en pesos
2026-06-23,2026-W26,nacional,LA POLÍTICA ONLINE,Nacional,Nacional,Nacional,https://www.lapoliticaonline.com.ar,Resolución 1150: la jugada de Sturzenegger para atraer a la bolsa a los inversores cripto
2026-06-23,2026-W26,nacional,LA POLÍTICA ONLINE,Nacional,Nacional,Nacional,https://www.lapoliticaonline.com.ar,Myriam Bregman resiste una candidatura en la Ciudad y niega un acuerdo con el peronismo
2026-06-23,2026-W26,nacional,LA POLÍTICA ONLINE,Nacional,Nacional,Nacional,https://www.lapoliticaonline.com.ar,Milei le interviene la vocería a Adorni con un economista cercano a Santiago Caputo
2026-06-23,2026-W26,nacional,LA POLÍTICA ONLINE,Nacional,Nacional,Nacional,https://www.lapoliticaonline.com.ar,"Milei por ahora mantiene a Adorni y desafía al Senado: ""Si lo echan son golpistas"""
2026-06-23,2026-W26,nacional,LA POLÍTICA ONLINE,Nacional,Nacional,Nacional,https://www.lapoliticaonline.com.ar,La mamá de Villarruel dijo que Milei y Karina le tienen celos a su hija
2026-06-23,2026-W26,nacional,LA POLÍTICA ONLINE,Nacional,Nacional,Nacional,https://www.lapoliticaonline.com.ar,"Entusiasmo Peaky Blinder por la llegada de Ravier: ""Venían por la comunicación digital y perdieron la vocería del presidente"""
2026-06-23,2026-W26,nacional,LA POLÍTICA ONLINE,Nacional,Nacional,Nacional,https://www.lapoliticaonline.com.ar,Leila Gianni amenaza con abandonar La Libertad Avanza tentada por Villarruel
2026-06-23,2026-W26,nacional,LA POLÍTICA ONLINE,Nacional,Nacional,Nacional,https://www.lapoliticaonline.com.ar,Jaldo advirtió a la Legislatura tucumana que vetará el proyecto para censurar los portales
2026-06-23,2026-W26,nacional,TIEMPO ARGENTINO,Nacional,Nacional,Nacional,https://www.tiempoar.com.ar,Tiempo Argentino
2026-06-23,2026-W26,nacional,TIEMPO ARGENTINO,Nacional,Nacional,Nacional,https://www.tiempoar.com.ar,El gobierno en su laberitno
2026-06-23,2026-W26,nacional,TIEMPO ARGENTINO,Nacional,Nacional,Nacional,https://www.tiempoar.com.ar,Bullrich le mandó otro gesto a Karina y logró suspender el informe de gestión de Manuel Adorni
2026-06-23,2026-W26,nacional,TIEMPO ARGENTINO,Nacional,Nacional,Nacional,https://www.tiempoar.com.ar,La oposición no logró el quorum y el oficialismo volvió a blindar a Adorni de la interpelación en Diputados
2026-06-23,2026-W26,nacional,TIEMPO ARGENTINO,Nacional,Nacional,Nacional,https://www.tiempoar.com.ar,Con traje de candidato
2026-06-23,2026-W26,nacional,TIEMPO ARGENTINO,Nacional,Nacional,Nacional,https://www.tiempoar.com.ar,Kicillof se reunió con el embajador de la Unión Europea en busca de inversiones y suma fotos al álbum internacional
2026-06-23,2026-W26,nacional,TIEMPO ARGENTINO,Nacional,Nacional,Nacional,https://www.tiempoar.com.ar,Tarifazos para todos y todas
2026-06-23,2026-W26,nacional,TIEMPO ARGENTINO,Nacional,Nacional,Nacional,https://www.tiempoar.com.ar,"Los servicios públicos en el AMBA subieron 10,1% en junio y ya se comen el 15% del salario promedio"
2026-06-23,2026-W26,nacional,TIEMPO ARGENTINO,Nacional,Nacional,Nacional,https://www.tiempoar.com.ar,"Sumate a Correo Mundial, el nuevo newsletter"
2026-06-23,2026-W26,nacional,TIEMPO ARGENTINO,Nacional,Nacional,Nacional,https://www.tiempoar.com.ar,Alejandro Wall y Andrés Burgo escribirán cada mañana y de manera conjunta un ida y vuelta de la Copa 2026.
2026-06-23,2026-W26,nacional,TIEMPO ARGENTINO,Nacional,Nacional,Nacional,https://www.tiempoar.com.ar,Desde Estados Unidos
2026-06-23,2026-W26,nacional,TIEMPO ARGENTINO,Nacional,Nacional,Nacional,https://www.tiempoar.com.ar,Messi es un vindicador del fútbol argentino
2026-06-23,2026-W26,nacional,TIEMPO ARGENTINO,Nacional,Nacional,Nacional,https://www.tiempoar.com.ar,"Argentina se aseguró el primer puesto: ya tiene día, hora y sede para los 16avos de final"
2026-06-23,2026-W26,nacional,TIEMPO ARGENTINO,Nacional,Nacional,Nacional,https://www.tiempoar.com.ar,Argentina clasificada
2026-06-23,2026-W26,nacional,TIEMPO ARGENTINO,Nacional,Nacional,Nacional,https://www.tiempoar.com.ar,Scaloni tras el 2 a 0 ante Austria: “Messi está comprometido y eso es por algo”
2026-06-23,2026-W26,nacional,TIEMPO ARGENTINO,Nacional,Nacional,Nacional,https://www.tiempoar.com.ar,La Argentina avanza en Dallas con un rodeo de Messi
2026-06-23,2026-W26,nacional,TIEMPO ARGENTINO,Nacional,Nacional,Nacional,https://www.tiempoar.com.ar,WhatsApp lanza nuevas funciones: un punto verde y los textos de una sola vista
2026-06-23,2026-W26,nacional,TIEMPO ARGENTINO,Nacional,Nacional,Nacional,https://www.tiempoar.com.ar,motosierra sin fin
2026-06-23,2026-W26,nacional,TIEMPO ARGENTINO,Nacional,Nacional,Nacional,https://www.tiempoar.com.ar,El Gobierno oficializó un régimen de retiro voluntario en Parques Nacionales y pone en riesgo su funcionamiento
2026-06-23,2026-W26,nacional,TIEMPO ARGENTINO,Nacional,Nacional,Nacional,https://www.tiempoar.com.ar,Mujeres que crían solas ¿qué puede un cuerpo que cuida?
2026-06-23,2026-W26,nacional,TIEMPO ARGENTINO,Nacional,Nacional,Nacional,https://www.tiempoar.com.ar,tras las denuncias
2026-06-23,2026-W26,nacional,TIEMPO ARGENTINO,Nacional,Nacional,Nacional,https://www.tiempoar.com.ar,Diez penitenciarios fueron pasados a disponibilidad acusados de torturar y abusar sexualmente a detenidas
2026-06-23,2026-W26,nacional,TIEMPO ARGENTINO,Nacional,Nacional,Nacional,https://www.tiempoar.com.ar,el caso que conmocionó al país
2026-06-23,2026-W26,nacional,TIEMPO ARGENTINO,Nacional,Nacional,Nacional,https://www.tiempoar.com.ar,A un mes del femicidio de Agostina Vega cómo está la causa y la situación de los detenidos
2026-06-23,2026-W26,nacional,TIEMPO ARGENTINO,Nacional,Nacional,Nacional,https://www.tiempoar.com.ar,Contra las cuerdas
2026-06-23,2026-W26,nacional,TIEMPO ARGENTINO,Nacional,Nacional,Nacional,https://www.tiempoar.com.ar,Espert fue citado a indagatoria y tendrá que declarar el martes en la causa por lavado
2026-06-23,2026-W26,nacional,TIEMPO ARGENTINO,Nacional,Nacional,Nacional,https://www.tiempoar.com.ar,La historia sin fin
2026-06-23,2026-W26,nacional,TIEMPO ARGENTINO,Nacional,Nacional,Nacional,https://www.tiempoar.com.ar,Adorni y otro gasto difícil de explicar: un año de alquiler cash en un country para su madre
2026-06-23,2026-W26,nacional,TIEMPO ARGENTINO,Nacional,Nacional,Nacional,https://www.tiempoar.com.ar,Entrega y remate exprés
2026-06-23,2026-W26,nacional,TIEMPO ARGENTINO,Nacional,Nacional,Nacional,https://www.tiempoar.com.ar,Pacto político entre el PRO y LLA para profundizar la privatización de tierras públicas en CABA
2026-06-23,2026-W26,nacional,TIEMPO ARGENTINO,Nacional,Nacional,Nacional,https://www.tiempoar.com.ar,AUMENTO DE CASOS
2026-06-23,2026-W26,nacional,TIEMPO ARGENTINO,Nacional,Nacional,Nacional,https://www.tiempoar.com.ar,Murió una mujer por hantavirus en Bariloche: investigan si hubo contagio interhumano
2026-06-23,2026-W26,nacional,TIEMPO ARGENTINO,Nacional,Nacional,Nacional,https://www.tiempoar.com.ar,“El Súper RIGI y la tentativa tecnofascista de Milei y Thiel”
2026-06-23,2026-W26,nacional,TIEMPO ARGENTINO,Nacional,Nacional,Nacional,https://www.tiempoar.com.ar,reclamo internacional
2026-06-23,2026-W26,nacional,TIEMPO ARGENTINO,Nacional,Nacional,Nacional,https://www.tiempoar.com.ar,Queja contra Bayer por el impacto ambiental en Sudamérica: “Sin las comunidades afectadas no hay mediación posible”
2026-06-23,2026-W26,nacional,TIEMPO ARGENTINO,Nacional,Nacional,Nacional,https://www.tiempoar.com.ar,"“Milei, un believer del dogma que pisa la Constitución”"
2026-06-23,2026-W26,nacional,TIEMPO ARGENTINO,Nacional,Nacional,Nacional,https://www.tiempoar.com.ar,Condenaron a De Vido a 3 años de prisión por irregularidades en la contratación de Odebrecht
2026-06-23,2026-W26,nacional,TIEMPO ARGENTINO,Nacional,Nacional,Nacional,https://www.tiempoar.com.ar,contra la revisión de convenios colectivos
2026-06-23,2026-W26,nacional,TIEMPO ARGENTINO,Nacional,Nacional,Nacional,https://www.tiempoar.com.ar,Gremios «disconformes» de la CGT pedirán un paro de 36 horas a la cúpula
2026-06-23,2026-W26,nacional,TIEMPO ARGENTINO,Nacional,Nacional,Nacional,https://www.tiempoar.com.ar,Memorándum con Irán: el escenario internacional derrumba una causa emblemática del lawfare
2026-06-23,2026-W26,nacional,TIEMPO ARGENTINO,Nacional,Nacional,Nacional,https://www.tiempoar.com.ar,La Justicia reconoció la responsabilidad del Estado en los fusilamientos de José León Suárez
2026-06-23,2026-W26,nacional,TIEMPO ARGENTINO,Nacional,Nacional,Nacional,https://www.tiempoar.com.ar,SENTENCIA HISTÓRICA
2026-06-23,2026-W26,nacional,TIEMPO ARGENTINO,Nacional,Nacional,Nacional,https://www.tiempoar.com.ar,Masacre de José León Suárez: «Siento que tuvimos un poco de justicia»
2026-06-23,2026-W26,nacional,TIEMPO ARGENTINO,Nacional,Nacional,Nacional,https://www.tiempoar.com.ar,balotaje controvertido
2026-06-23,2026-W26,nacional,TIEMPO ARGENTINO,Nacional,Nacional,Nacional,https://www.tiempoar.com.ar,Petro insiste en cuestionar el software usado para el conteo de votos en Colombia
2026-06-23,2026-W26,nacional,TIEMPO ARGENTINO,Nacional,Nacional,Nacional,https://www.tiempoar.com.ar,crisis en españa
2026-06-23,2026-W26,nacional,TIEMPO ARGENTINO,Nacional,Nacional,Nacional,https://www.tiempoar.com.ar,"Pedro Sánchez está contra las cuerdas, pero da pelea"
2026-06-23,2026-W26,nacional,TIEMPO ARGENTINO,Nacional,Nacional,Nacional,https://www.tiempoar.com.ar,avances diplomáticos
2026-06-23,2026-W26,nacional,TIEMPO ARGENTINO,Nacional,Nacional,Nacional,https://www.tiempoar.com.ar,EEUU levanta sanciones al petróleo iraní y libera fondos congelados
2026-06-23,2026-W26,nacional,TIEMPO ARGENTINO,Nacional,Nacional,Nacional,https://www.tiempoar.com.ar,Crisis en el Reino Unido
2026-06-23,2026-W26,nacional,LA PRENSA,Nacional,Nacional,Nacional,https://www.laprensa.com.ar,Senado: Bullrich canceló el informe de Adorni previsto para el 2 de julio
2026-06-23,2026-W26,nacional,LA PRENSA,Nacional,Nacional,Nacional,https://www.laprensa.com.ar,"Subió 2,3% en el primer trimestre del año el Producto Bruto Interno"
2026-06-23,2026-W26,nacional,LA PRENSA,Nacional,Nacional,Nacional,https://www.laprensa.com.ar,Seguimos entre los peores del mundo: MSCI no reclasificará a la Argentina
2026-06-23,2026-W26,nacional,LA PRENSA,Nacional,Nacional,Nacional,https://www.laprensa.com.ar,CR7 se convirtió en el único futbolista de la historia en marcar en seis mundiales
2026-06-23,2026-W26,nacional,LA PRENSA,Nacional,Nacional,Nacional,https://www.laprensa.com.ar,El peso de acusar
2026-06-23,2026-W26,nacional,LA PRENSA,Nacional,Nacional,Nacional,https://www.laprensa.com.ar,"El técnico de Francia, Didier Deschamps, dejó la concentración y voló a su país tras la muerte de su madre"
2026-06-23,2026-W26,nacional,LA PRENSA,Nacional,Nacional,Nacional,https://www.laprensa.com.ar,Inglaterra y Ghana empataron sin goles y el Grupo L quedó abierto
2026-06-23,2026-W26,nacional,LA PRENSA,Nacional,Nacional,Nacional,https://www.laprensa.com.ar,Allanan la casa de Piccirillo en Banfield por supuestas amenazas contra el empresario Francisco Hauque
2026-06-23,2026-W26,nacional,LA PRENSA,Nacional,Nacional,Nacional,https://www.laprensa.com.ar,"Un operativo policial en Río de Janeiro dejó un herido, seis detenidos y cincuenta turistas atrapados"
2026-06-23,2026-W26,nacional,LA PRENSA,Nacional,Nacional,Nacional,https://www.laprensa.com.ar,Jorge Macri confirmó que irá por la reelección en la Ciudad
2026-06-23,2026-W26,nacional,LA PRENSA,Nacional,Nacional,Nacional,https://www.laprensa.com.ar,"Diputados: con apoyo de bloques aliados, LLA logró frenar la sesión en la que la oposición buscaba interpelar a Adorni"
2026-06-23,2026-W26,nacional,LA PRENSA,Nacional,Nacional,Nacional,https://www.laprensa.com.ar,El deterioro del peronismo
2026-06-23,2026-W26,nacional,LA PRENSA,Nacional,Nacional,Nacional,https://www.laprensa.com.ar,"“Se rompió la dirección, no giró el volante y no pude hacer nada”, declaró el chofer de la línea 532 de Mar del Plata"
2026-06-23,2026-W26,nacional,LA PRENSA,Nacional,Nacional,Nacional,https://www.laprensa.com.ar,Enrique Shaw y la Argentina de las familias numerosas
2026-06-23,2026-W26,nacional,LA PRENSA,Nacional,Nacional,Nacional,https://www.laprensa.com.ar,El Mundial de las crisis
2026-06-23,2026-W26,nacional,LA PRENSA,Nacional,Nacional,Nacional,https://www.laprensa.com.ar,Cristiano Ronaldo superó tres récords en Mundiales con su doblete ante Uzbekistán
2026-06-23,2026-W26,nacional,LA PRENSA,Nacional,Nacional,Nacional,https://www.laprensa.com.ar,"Argentina ya tiene día, hora y sede para los 16avos de final del Mundial"
2026-06-23,2026-W26,nacional,LA PRENSA,Nacional,Nacional,Nacional,https://www.laprensa.com.ar,"Con el triunfo de Argelia 2 a 1 ante Jordania, la Argentina aseguró su clasificación en el primer lugar"
2026-06-23,2026-W26,nacional,LA PRENSA,Nacional,Nacional,Nacional,https://www.laprensa.com.ar,"Con la efectividad de Haaland, Noruega le ganó a Senegal y también se clasificó a la próxima ronda del Mundial"
2026-06-23,2026-W26,nacional,LA PRENSA,Nacional,Nacional,Nacional,https://www.laprensa.com.ar,"Con dos tantos de Mbappé, Francia goleó a Irak y se instaló en la segunda fase del Mundial"
2026-06-23,2026-W26,nacional,LA PRENSA,Nacional,Nacional,Nacional,https://www.laprensa.com.ar,Julián Álvarez pidió ser transferido y sacudió al Atlético de Madrid
2026-06-23,2026-W26,nacional,LA PRENSA,Nacional,Nacional,Nacional,https://www.laprensa.com.ar,"Aplasta a Europa una ola de calor, mientras Francia registra 40 muertes por ahogamiento"
2026-06-23,2026-W26,nacional,LA PRENSA,Nacional,Nacional,Nacional,https://www.laprensa.com.ar,"El petróleo de Texas baja un 2,3 % por la autorización de Estados Unidos a la venta temporal de crudo iraní"
2026-06-23,2026-W26,nacional,LA PRENSA,Nacional,Nacional,Nacional,https://www.laprensa.com.ar,Tres muertos en un tiroteo en Canadá
2026-06-23,2026-W26,nacional,LA PRENSA,Nacional,Nacional,Nacional,https://www.laprensa.com.ar,"Falleció a los 100 años Alan Greenspan, expresidente de la Reserva Federal"
2026-06-23,2026-W26,nacional,LA PRENSA,Nacional,Nacional,Nacional,https://www.laprensa.com.ar,"Tras más de 50 días de bloqueos, el presidente de Bolivia declara el estado de excepción"
2026-06-23,2026-W26,nacional,LA PRENSA,Nacional,Nacional,Nacional,https://www.laprensa.com.ar,"Trump presenta el nuevo Air Force One, un Boeing de lujo con los colores de la bandera"
2026-06-23,2026-W26,nacional,LA PRENSA,Nacional,Nacional,Nacional,https://www.laprensa.com.ar,Al menos una persona muere en un choque de trenes al norte de Londres
2026-06-23,2026-W26,nacional,LA PRENSA,Nacional,Nacional,Nacional,https://www.laprensa.com.ar,"Carlos Alberto Parreira, DT campeón del mundo en 1994, está en cuidados intensivos y entubado por un problema pulmonar"
2026-06-23,2026-W26,nacional,LA PRENSA,Nacional,Nacional,Nacional,https://www.laprensa.com.ar,"Pelé, nada más y nada menos que el rey del fútbol"
2026-06-23,2026-W26,nacional,LA PRENSA,Nacional,Nacional,Nacional,https://www.laprensa.com.ar,"Bobby Charlton, el crack que hizo jugar a Inglaterra"
2026-06-23,2026-W26,nacional,LA PRENSA,Nacional,Nacional,Nacional,https://www.laprensa.com.ar,"Garrincha, el rey de la gambeta"
2026-06-23,2026-W26,nacional,LA PRENSA,Nacional,Nacional,Nacional,https://www.laprensa.com.ar,"Just Fontaine, el goleador que marcó un récord con botines prestados"
2026-06-23,2026-W26,nacional,LA PRENSA,Nacional,Nacional,Nacional,https://www.laprensa.com.ar,"Fritz Walter, el tímido capitán que salvó su vida de milagro y lideró a Alemania hacia una victoria imposible"
2026-06-23,2026-W26,nacional,LA PRENSA,Nacional,Nacional,Nacional,https://www.laprensa.com.ar,"Meazza, el niño que se hizo grande y llevó a Italia a la cima"
2026-06-23,2026-W26,nacional,LA PRENSA,Nacional,Nacional,Nacional,https://www.laprensa.com.ar,"Luis Monti, el único finalista con dos camisetas diferentes"
2026-06-23,2026-W26,nacional,LA PRENSA,Nacional,Nacional,Nacional,https://www.laprensa.com.ar,La pedagogía del honor en un mundo en disputa
2026-06-23,2026-W26,nacional,LA PRENSA,Nacional,Nacional,Nacional,https://www.laprensa.com.ar,Una odisea de supervivencia y coraje
2026-06-23,2026-W26,nacional,LA PRENSA,Nacional,Nacional,Nacional,https://www.laprensa.com.ar,“Todas las cosas que se hicieron fueron con temple y patriotismo”
2026-06-23,2026-W26,nacional,LA PRENSA,Nacional,Nacional,Nacional,https://www.laprensa.com.ar,La Argentina está obligada a crear poder
2026-06-23,2026-W26,nacional,LA PRENSA,Nacional,Nacional,Nacional,https://www.laprensa.com.ar,Mis reales superhéroes
2026-06-23,2026-W26,nacional,LA PRENSA,Nacional,Nacional,Nacional,https://www.laprensa.com.ar,Pañuelos blancos
2026-06-23,2026-W26,nacional,LA PRENSA,Nacional,Nacional,Nacional,https://www.laprensa.com.ar,Preso por el Señor
2026-06-23,2026-W26,nacional,LA PRENSA,Nacional,Nacional,Nacional,https://www.laprensa.com.ar,Jueces heroicos y jueces indignos
2026-06-23,2026-W26,nacional,LA PRENSA,Nacional,Nacional,Nacional,https://www.laprensa.com.ar,Aniversario del combate de Manchalá
2026-06-23,2026-W26,nacional,LA PRENSA,Nacional,Nacional,Nacional,https://www.laprensa.com.ar,ARA General Belgrano
2026-06-23,2026-W26,nacional,LA PRENSA,Nacional,Nacional,Nacional,https://www.laprensa.com.ar,Hospital Pirovano
2026-06-23,2026-W26,nacional,LA PRENSA,Nacional,Nacional,Nacional,https://www.laprensa.com.ar,Muertos civiles
2026-06-23,2026-W26,nacional,LA PRENSA,Nacional,Nacional,Nacional,https://www.laprensa.com.ar,Ford confirmó la Ranger híbrida de producción nacional
2026-06-23,2026-W26,nacional,LA PRENSA,Nacional,Nacional,Nacional,https://www.laprensa.com.ar,Fiat fabrica una pick up en su planta de Córdoba
2026-06-23,2026-W26,nacional,ÁMBITO FINANCIERO,Nacional,Nacional,Nacional,https://www.ambito.com,"El consumo masivo moderó su caída en mayo, pero acumuló una baja de 3% en los primeros cinco meses del año"
2026-06-23,2026-W26,nacional,ÁMBITO FINANCIERO,Nacional,Nacional,Nacional,https://www.ambito.com,"Los ADRs sufrieron bajas de hasta 4,4% y el riesgo país anotó la mayor suba diaria en un mes y medio"
2026-06-23,2026-W26,nacional,ÁMBITO FINANCIERO,Nacional,Nacional,Nacional,https://www.ambito.com,El BCRA registró su menor compra de dólares en casi cuatro meses y se quedó con apenas el 3% del volumen del mercado
2026-06-23,2026-W26,nacional,ÁMBITO FINANCIERO,Nacional,Nacional,Nacional,https://www.ambito.com,Milei presentó en sociedad al vocero Ravier y celebró mejora del PBI
2026-06-23,2026-W26,nacional,ÁMBITO FINANCIERO,Nacional,Nacional,Nacional,https://www.ambito.com,El derrumbe de las acciones de chips sacudió a Wall Street y encendió alertas sobre la IA
2026-06-23,2026-W26,nacional,ÁMBITO FINANCIERO,Nacional,Nacional,Nacional,https://www.ambito.com,Croacia enfrenta a Panamá por la segunda fecha del Mundial 2026
2026-06-23,2026-W26,nacional,ÁMBITO FINANCIERO,Nacional,Nacional,Nacional,https://www.ambito.com,"El PBI creció 2,3% anual en el primer trimestre, pero la inversión sumó un nuevo retroceso"
2026-06-23,2026-W26,nacional,ÁMBITO FINANCIERO,Nacional,Nacional,Nacional,https://www.ambito.com,CABA: las escrituras con crédito hipotecario cayeron 54% interanual en mayo
2026-06-23,2026-W26,nacional,ÁMBITO FINANCIERO,Nacional,Nacional,Nacional,https://www.ambito.com,"Desconcierto interno: Bullrich confirmó que Adorni eludiría el Senado, pero él la desmintió"
2026-06-23,2026-W26,nacional,ÁMBITO FINANCIERO,Nacional,Nacional,Nacional,https://www.ambito.com,"Con la presencia de Ravier, Diputados sesiona para avanzar con el Súper RIGI y el pago a Fondos Buitre"
2026-06-23,2026-W26,nacional,ÁMBITO FINANCIERO,Nacional,Nacional,Nacional,https://www.ambito.com,El dólar oficial subió por sexta jornada al hilo y quedó al borde de alcanzar su máximo anual
2026-06-23,2026-W26,nacional,ÁMBITO FINANCIERO,Nacional,Nacional,Nacional,https://www.ambito.com,Golpe para las expectativas del mercado: MSCI mantuvo a Argentina en Standalone y la excluyó de una revisión de categoría
2026-06-23,2026-W26,nacional,ÁMBITO FINANCIERO,Nacional,Nacional,Nacional,https://www.ambito.com,"Los salarios registrados cortaron en abril una racha de siete caídas, pero siguen casi 4% real debajo de septiembre"
2026-06-23,2026-W26,nacional,ÁMBITO FINANCIERO,Nacional,Nacional,Nacional,https://www.ambito.com,"Buenos Aires hacia 2040: crecen los alquileres, la vida en soledad y el envejecimiento poblacional"
2026-06-23,2026-W26,nacional,ÁMBITO FINANCIERO,Nacional,Nacional,Nacional,https://www.ambito.com,"Trump aseguró que Irán aceptó controles nucleares ""totales"" para avanzar hacia un acuerdo"
2026-06-23,2026-W26,nacional,ÁMBITO FINANCIERO,Nacional,Nacional,Nacional,https://www.ambito.com,Fracasó la sesión para interpelar a Adorni y Menem puso contra las cuerdas a Bullrich
2026-06-23,2026-W26,nacional,ÁMBITO FINANCIERO,Nacional,Nacional,Nacional,https://www.ambito.com,La marca que podría romper la Selección argentina contra Jordania después de 28 años
2026-06-23,2026-W26,nacional,ÁMBITO FINANCIERO,Nacional,Nacional,Nacional,https://www.ambito.com,Ingeniería para la pasión: las capas de seguridad que conviven en un estadio de fútbol en la era de la inteligencia artificial
2026-06-23,2026-W26,nacional,ÁMBITO FINANCIERO,Nacional,Nacional,Nacional,https://www.ambito.com,Inglaterra y Ghana empataron y complican la clasificación de Croacia
2026-06-23,2026-W26,nacional,ÁMBITO FINANCIERO,Nacional,Nacional,Nacional,https://www.ambito.com,"Con dos goles y doble récord de Cristiano, Portugal goleó a Uzbekistán y definirá el pase ante Colombia"
2026-06-23,2026-W26,nacional,ÁMBITO FINANCIERO,Nacional,Nacional,Nacional,https://www.ambito.com,Francia de luto: Deschamps vuelve a París por la muerte de su madre y no dirigirá ante Noruega
2026-06-23,2026-W26,nacional,ÁMBITO FINANCIERO,Nacional,Nacional,Nacional,https://www.ambito.com,"Los impuestos, el rival invisible para los cracks del Mundial 2026"
2026-06-23,2026-W26,nacional,ÁMBITO FINANCIERO,Nacional,Nacional,Nacional,https://www.ambito.com,Economía y Finanzas
2026-06-23,2026-W26,nacional,ÁMBITO FINANCIERO,Nacional,Nacional,Nacional,https://www.ambito.com,"Mercados: el dólar volvió a subir, el riesgo país saltó casi 3% y cedieron las acciones"
2026-06-23,2026-W26,nacional,ÁMBITO FINANCIERO,Nacional,Nacional,Nacional,https://www.ambito.com,Consumo deprimido: los industriales negocian con el Gobierno el regreso de los planes de 12 cuotas
2026-06-23,2026-W26,nacional,ÁMBITO FINANCIERO,Nacional,Nacional,Nacional,https://www.ambito.com,El salario pretendido por los argentinos promedió los $1.805.897 en mayo y volvió a perder contra la inflación
2026-06-23,2026-W26,nacional,ÁMBITO FINANCIERO,Nacional,Nacional,Nacional,https://www.ambito.com,"A una década del Brexit, la economía del Reino Unido profundizó sus problemas estructurales"
2026-06-23,2026-W26,nacional,ÁMBITO FINANCIERO,Nacional,Nacional,Nacional,https://www.ambito.com,La UE prohíbe a las aerolíneas cobrar cargos adicionales por el equipaje de mano
2026-06-23,2026-W26,nacional,ÁMBITO FINANCIERO,Nacional,Nacional,Nacional,https://www.ambito.com,El euro digital avanza en el Parlamento Europeo: la apuesta para desafiar la hegemonía de Visa y Mastercard
2026-06-23,2026-W26,nacional,ÁMBITO FINANCIERO,Nacional,Nacional,Nacional,https://www.ambito.com,"Inteligencia artificial, yen e inflación: por qué el tifón que sacude los mercados viene de Asia"
2026-06-23,2026-W26,nacional,ÁMBITO FINANCIERO,Nacional,Nacional,Nacional,https://www.ambito.com,Mapa de las exportaciones récord argentinas: los destinos y productos que sorprendieron detrás del salto comercial
2026-06-23,2026-W26,nacional,ÁMBITO FINANCIERO,Nacional,Nacional,Nacional,https://www.ambito.com,"Deuda: antes de un posible giro de la Fed, la city ve margen para que la Argentina vuelva al mercado internacional"
2026-06-23,2026-W26,nacional,ÁMBITO FINANCIERO,Nacional,Nacional,Nacional,https://www.ambito.com,"Bitcoin se desploma 4,5% y perfora los u$s62.000: la Fed y la venta institucional golpean al mercado cripto"
2026-06-23,2026-W26,nacional,ÁMBITO FINANCIERO,Nacional,Nacional,Nacional,https://www.ambito.com,"Apenas dos años después de comprarla, ponen en venta a la dueña de Ayudín y Poett"
2026-06-23,2026-W26,nacional,ÁMBITO FINANCIERO,Nacional,Nacional,Nacional,https://www.ambito.com,Créditos hipotecarios: cuánto dinero hay que tener para comprar una vivienda de u$s100.000 o u$s150.000 y qué puede pasar con las cuotas
2026-06-23,2026-W26,nacional,ÁMBITO FINANCIERO,Nacional,Nacional,Nacional,https://www.ambito.com,"Polémica por Luce, el Ferrari eléctrico: la marca rechazó versiones sobre beneficios para compradores"
2026-06-23,2026-W26,nacional,ÁMBITO FINANCIERO,Nacional,Nacional,Nacional,https://www.ambito.com,Mundial 2026: las marcas deportivas pierden terreno ante nuevos competidores
2026-06-23,2026-W26,nacional,ÁMBITO FINANCIERO,Nacional,Nacional,Nacional,https://www.ambito.com,Todo sobre energía y minería
2026-06-23,2026-W26,nacional,ÁMBITO FINANCIERO,Nacional,Nacional,Nacional,https://www.ambito.com,San Juan: ratifican que la distribución eléctrica seguirá en manos privadas
2026-06-23,2026-W26,nacional,ÁMBITO FINANCIERO,Nacional,Nacional,Nacional,https://www.ambito.com,Cortes de GNC en La Plata: por qué falta gas si Vaca Muerta produce cada vez más
2026-06-23,2026-W26,nacional,ÁMBITO FINANCIERO,Nacional,Nacional,Nacional,https://www.ambito.com,OLACDE propone más integración eléctrica y una inversión de u$s3.000 millones para América Latina
2026-06-23,2026-W26,nacional,ÁMBITO FINANCIERO,Nacional,Nacional,Nacional,https://www.ambito.com,Marca china se mete en la pelea de las pick ups con una apuesta inédita: diésel e híbrida enchufable
2026-06-23,2026-W26,nacional,ÁMBITO FINANCIERO,Nacional,Nacional,Nacional,https://www.ambito.com,"Comprar un auto financiado en la Argentina: qué opciones hay, cómo funciona el crédito y qué conviene según el caso"
2026-06-23,2026-W26,nacional,ÁMBITO FINANCIERO,Nacional,Nacional,Nacional,https://www.ambito.com,Jeep regalará autos pero sólo si esta selección gana el Mundial 2026
2026-06-23,2026-W26,nacional,ÁMBITO FINANCIERO,Nacional,Nacional,Nacional,https://www.ambito.com,"Camioneros recibieron una oferta para una suba salarial de $27.000, pero todavía no contestaron"
2026-06-23,2026-W26,nacional,ÁMBITO FINANCIERO,Nacional,Nacional,Nacional,https://www.ambito.com,ARA San Juan: la querella pidió hasta cinco años de prisión para los exjefes de la Armada
2026-06-23,2026-W26,nacional,ÁMBITO FINANCIERO,Nacional,Nacional,Nacional,https://www.ambito.com,El kirchnerismo acepta disputar una primaria contra Kicillof: el PJ prepara acto
2026-06-23,2026-W26,nacional,ÁMBITO FINANCIERO,Nacional,Nacional,Nacional,https://www.ambito.com,"Fiebre mundialista: tras la victoria ante Austria, se disparó la búsqueda de vuelos a EEUU para viajar a alentar a la Selección"
2026-06-23,2026-W26,nacional,ÁMBITO FINANCIERO,Nacional,Nacional,Nacional,https://www.ambito.com,"""Carlos mira a Messi y se ríe"": Jorge Bilardo reveló cómo vive su hermano el Mundial 2026"
2026-06-23,2026-W26,nacional,ÁMBITO FINANCIERO,Nacional,Nacional,Nacional,https://www.ambito.com,"El mercado, atento a MSCI: expectativa por la calificación clave para la Argentina"
