fecha,semana_iso,corpus,diario,provincia,region,ciudad_origen,url_medio,titular
2026-06-24,2026-W26,provincial,EL DÍA,Buenos Aires,AMBA,La Plata,https://www.eldia.com,Crece el conflicto con IOMA: psicólogos cortan atención y se suman reclamos por discapacidad
2026-06-24,2026-W26,provincial,EL DÍA,Buenos Aires,AMBA,La Plata,https://www.eldia.com,"EL DÍA EN DALLAS | Mensajes de cumpleaños para Messi, deseos de verlo y mucha ilusión"
2026-06-24,2026-W26,provincial,EL DÍA,Buenos Aires,AMBA,La Plata,https://www.eldia.com,Robaron y provocaron destrozos en una agencia de autos en City Bell
2026-06-24,2026-W26,provincial,EL DÍA,Buenos Aires,AMBA,La Plata,https://www.eldia.com,Interna peronista al rojo vivo: tenso cruce entre Magario y Berni en plena sesión del Senado
2026-06-24,2026-W26,provincial,EL DÍA,Buenos Aires,AMBA,La Plata,https://www.eldia.com,EL DIA EN DALLAS | Así es por dentro el museo que recuerda las últimas horas de John F. Kennedy
2026-06-24,2026-W26,provincial,EL DÍA,Buenos Aires,AMBA,La Plata,https://www.eldia.com,"La Provincia confirmó el cronograma de pago del aguinaldo para estatales, docentes y policías"
2026-06-24,2026-W26,provincial,EL DÍA,Buenos Aires,AMBA,La Plata,https://www.eldia.com,VIDEO. El cumpleaños de Lionel Messi en las aulas de La Plata: el emotivo homenaje de los estudiantes
2026-06-24,2026-W26,provincial,EL DÍA,Buenos Aires,AMBA,La Plata,https://www.eldia.com,"La Plata sin GNC, día 13: piquetes en 7 y 50, Plaza Moreno, Gobernación y más bronca"
2026-06-24,2026-W26,provincial,EL DÍA,Buenos Aires,AMBA,La Plata,https://www.eldia.com,"VIDEO.- El pibe Messi: en el primer video de su cumpleaños, entrenando sin parar"
2026-06-24,2026-W26,provincial,EL DÍA,Buenos Aires,AMBA,La Plata,https://www.eldia.com,La FIFA evalúa cambiar una regla de la tanda de penales en pleno Mundial
2026-06-24,2026-W26,provincial,EL DÍA,Buenos Aires,AMBA,La Plata,https://www.eldia.com,"Brasil enfrenta a Escocia para ganar su grupo: formaciones, hora y TV"
2026-06-24,2026-W26,provincial,EL DÍA,Buenos Aires,AMBA,La Plata,https://www.eldia.com,Bellingham se tapó la boca para hablar con un rival pero no fue sancionado
2026-06-24,2026-W26,provincial,EL DÍA,Buenos Aires,AMBA,La Plata,https://www.eldia.com,"La agenda del Mundial 2026: posiciones, resultados, días y horarios de los partidos"
2026-06-24,2026-W26,provincial,EL DÍA,Buenos Aires,AMBA,La Plata,https://www.eldia.com,El Congreso aprobó el pago de USD 171 millones a holdouts que tenían títulos de deuda defaulteada de 2001
2026-06-24,2026-W26,provincial,EL DÍA,Buenos Aires,AMBA,La Plata,https://www.eldia.com,"VIDEO. Así se mostraba el adolescente en redes: práctica de tiro, revólver en la mochila y un arsenal en su casa"
2026-06-24,2026-W26,provincial,EL DÍA,Buenos Aires,AMBA,La Plata,https://www.eldia.com,Pescadores desaparecidos: denuncian el avistamiento de un cuerpo y la demora de Prefectura en actuar
2026-06-24,2026-W26,provincial,EL DÍA,Buenos Aires,AMBA,La Plata,https://www.eldia.com,"VIDEO.- El ""infierno"" en primera persona: un platense en el día más caluroso de la historia de Francia"
2026-06-24,2026-W26,provincial,EL DÍA,Buenos Aires,AMBA,La Plata,https://www.eldia.com,"Gremios presionan a Kicillof por ""sueldos de hambre"" y alertan por una ola de renuncias docente"
2026-06-24,2026-W26,provincial,EL DÍA,Buenos Aires,AMBA,La Plata,https://www.eldia.com,El dólar oficial está cerca de los $ 1.500
2026-06-24,2026-W26,provincial,EL DÍA,Buenos Aires,AMBA,La Plata,https://www.eldia.com,"¿Los cajones no mienten? Insaurralde, Cirio y el guardarropas con millones de dólares"
2026-06-24,2026-W26,provincial,EL DÍA,Buenos Aires,AMBA,La Plata,https://www.eldia.com,"Balbín: ""Frente a un Gobierno provincial ausente, construiremos un radicalismo que sea alternativa"""
2026-06-24,2026-W26,provincial,EL DÍA,Buenos Aires,AMBA,La Plata,https://www.eldia.com,Acertá el resultado de Argentina vs Jordania y ganá premios con EL DIA
2026-06-24,2026-W26,provincial,EL DÍA,Buenos Aires,AMBA,La Plata,https://www.eldia.com,"El día más argentino del año: el dato que une a Messi, Riquelme, Duki, Gardel, Fangio, Rodrigo y Ernesto Sábato"
2026-06-24,2026-W26,provincial,EL DÍA,Buenos Aires,AMBA,La Plata,https://www.eldia.com,Diputados ya sesiona y busca avanzar con el Súper RIGI
2026-06-24,2026-W26,provincial,EL DÍA,Buenos Aires,AMBA,La Plata,https://www.eldia.com,"Vecinos de Barrio Aeropuerto denuncian baja tensión desde hace un mes: ""Se quemaron electrodomésticos y seguimos sin respuestas"""
2026-06-24,2026-W26,provincial,EL DÍA,Buenos Aires,AMBA,La Plata,https://www.eldia.com,Hace 110 años el piloto de La Plata Eduardo Bradley vencía por aire a la Cordillera de Los Andes
2026-06-24,2026-W26,provincial,EL DÍA,Buenos Aires,AMBA,La Plata,https://www.eldia.com,La Corte bonaerense prohíbe que la IA dicte sentencias o valore pruebas
2026-06-24,2026-W26,provincial,EL DÍA,Buenos Aires,AMBA,La Plata,https://www.eldia.com,Los peligros del Río: una desaparición que revive el recuerdo de un caso misterioso
2026-06-24,2026-W26,provincial,EL DÍA,Buenos Aires,AMBA,La Plata,https://www.eldia.com,Vaciaron el departamento de una funcionaria judicial de La Plata
2026-06-24,2026-W26,provincial,EL DÍA,Buenos Aires,AMBA,La Plata,https://www.eldia.com,Llega otra suba del boleto de micros en La Plata: nuevos valores y desde cuándo rigen
2026-06-24,2026-W26,provincial,EL DÍA,Buenos Aires,AMBA,La Plata,https://www.eldia.com,Frío intenso y alerta amarilla en La Plata: cómo sigue el tiempo para la semana
2026-06-24,2026-W26,provincial,EL DÍA,Buenos Aires,AMBA,La Plata,https://www.eldia.com,Sin filtro: la filosa discusión entre Flavio Azzaro y Eduardo Feinmann que quemó las redes
2026-06-24,2026-W26,provincial,EL DÍA,Buenos Aires,AMBA,La Plata,https://www.eldia.com,YPF instalará locales de McDonald’s en sus estaciones de servicio
2026-06-24,2026-W26,provincial,EL DÍA,Buenos Aires,AMBA,La Plata,https://www.eldia.com,Póster de EL DIA | El mejor póster de Messi para el cuadro que todos debemos tener en casa
2026-06-24,2026-W26,provincial,EL DÍA,Buenos Aires,AMBA,La Plata,https://www.eldia.com,La verdad detrás del escándalo de la China Suárez en un boliche
2026-06-24,2026-W26,provincial,EL DÍA,Buenos Aires,AMBA,La Plata,https://www.eldia.com,Gran Hermano: el Turco García entró al “Congelados” y conmovió a todos con un mensaje para su mujer
2026-06-24,2026-W26,provincial,EL DÍA,Buenos Aires,AMBA,La Plata,https://www.eldia.com,La salida de Florencia Peña de Luzu: reunión clave con Marley para definir su futuro
2026-06-24,2026-W26,provincial,EL DÍA,Buenos Aires,AMBA,La Plata,https://www.eldia.com,Día Mundial de The Beatles: las 10 canciones más escuchadas de los Fab Four en la historia
2026-06-24,2026-W26,provincial,EL DÍA,Buenos Aires,AMBA,La Plata,https://www.eldia.com,"Nicole Neumann habló de su vida amorosa y confesó su peor infidelidad a una pareja: ""Fue con un artista internacional"""
2026-06-24,2026-W26,provincial,EL DÍA,Buenos Aires,AMBA,La Plata,https://www.eldia.com,¿Boca mete la cola? Riquelme quiere a Gero Rulli y otra vez hay tensión con Estudiantes
2026-06-24,2026-W26,provincial,EL DÍA,Buenos Aires,AMBA,La Plata,https://www.eldia.com,"Santiago Rojas, el arquero que sigue siendo el gran objetivo de Gimnasia"
2026-06-24,2026-W26,provincial,EL DÍA,Buenos Aires,AMBA,La Plata,https://www.eldia.com,El Vasco y el duro trabajo en Boca
2026-06-24,2026-W26,provincial,EL DÍA,Buenos Aires,AMBA,La Plata,https://www.eldia.com,La Copa América se jugaría en Estados Unidos
2026-06-24,2026-W26,provincial,EL DÍA,Buenos Aires,AMBA,La Plata,https://www.eldia.com,Dos platenses integran la nueva lista de Los Pumas
2026-06-24,2026-W26,provincial,EL DÍA,Buenos Aires,AMBA,La Plata,https://www.eldia.com,Congelados y a oscuras: el masivo apagón que golpeó a miles de vecinos en el Conurbano
2026-06-24,2026-W26,provincial,EL DÍA,Buenos Aires,AMBA,La Plata,https://www.eldia.com,Sí el 24 de junio es el día más argentino es porque vive el espíritu del sargento Cabral: a 237 años de su nacimiento
2026-06-24,2026-W26,provincial,EL DÍA,Buenos Aires,AMBA,La Plata,https://www.eldia.com,"Actividades: tango y literatura, charlas, gimnasio +50"
2026-06-24,2026-W26,provincial,EL DÍA,Buenos Aires,AMBA,La Plata,https://www.eldia.com,El Concejo avanzó con los cambios en Parque Saavedra y se vota en el recinto el 2 de julio
2026-06-24,2026-W26,provincial,EL DÍA,Buenos Aires,AMBA,La Plata,https://www.eldia.com,Detienen a un sospechoso por el crimen de Berisso
2026-06-24,2026-W26,provincial,EL DÍA,Buenos Aires,AMBA,La Plata,https://www.eldia.com,Otro golpe en las alturas y un desolador escenario
2026-06-24,2026-W26,provincial,EN ORSAI,Buenos Aires,AMBA,Morón,https://www.enorsai.com.ar,"En Orsai • Noticias, Política y Economía Argentina • Conurbano Bonaerense"
2026-06-24,2026-W26,provincial,EN ORSAI,Buenos Aires,AMBA,Morón,https://www.enorsai.com.ar,"Alconada Mon destapó la letra chica del caso que salpica a Espert: ""Los nexos con Machado bajo la lupa judicial"""
2026-06-24,2026-W26,provincial,EN ORSAI,Buenos Aires,AMBA,Morón,https://www.enorsai.com.ar,"Felipe Pigna reveló el lado oculto de Manuel Belgrano: ""Mucho más que el creador de la bandera"""
2026-06-24,2026-W26,provincial,EN ORSAI,Buenos Aires,AMBA,Morón,https://www.enorsai.com.ar,"Fidanza demolió el relato de las redes: ""Milei está séptimo en las encuestas"""
2026-06-24,2026-W26,provincial,EN ORSAI,Buenos Aires,AMBA,Morón,https://www.enorsai.com.ar,Alerta en el Gobierno: Qué pasa con el apoyo económico de EE.UU. si Trump pierde las elecciones
2026-06-24,2026-W26,provincial,EN ORSAI,Buenos Aires,AMBA,Morón,https://www.enorsai.com.ar,"La city en alerta por el ""plan platita"" de Milei: Gorodisch reveló la millonaria emisión oculta del Gobierno"
2026-06-24,2026-W26,provincial,EN ORSAI,Buenos Aires,AMBA,Morón,https://www.enorsai.com.ar,"Álvarez Agis desarmó el modelo oficial: ""Los ganadores que eligió el Gobierno no generan empleo"""
2026-06-24,2026-W26,provincial,EN ORSAI,Buenos Aires,AMBA,Morón,https://www.enorsai.com.ar,"Adrián Paenza alertó sobre el desembarco cripto-libertario: ""No me extrañaría que Peter Thiel venga a la Argentina para evadir"""
2026-06-24,2026-W26,provincial,EN ORSAI,Buenos Aires,AMBA,Morón,https://www.enorsai.com.ar,"La paranoia del Gobierno: ataques a la prensa, el aislamiento de Milei y el colapso de Adorni"
2026-06-24,2026-W26,provincial,EN ORSAI,Buenos Aires,AMBA,Morón,https://www.enorsai.com.ar,De la Casa Rosada a la estafa $Libra: Los oscuros vínculos que esconde la DDJJ de Adorni
2026-06-24,2026-W26,provincial,EN ORSAI,Buenos Aires,AMBA,Morón,https://www.enorsai.com.ar,"Carlos Heller pulverizó el festejo de Caputo: ""El país está enfermo de deuda y celebran que nos prestan más"""
2026-06-24,2026-W26,provincial,EN ORSAI,Buenos Aires,AMBA,Morón,https://www.enorsai.com.ar,Investigador del CONICET advierte que Milei destruye la industria más rápido que Menem y la dictadura
2026-06-24,2026-W26,provincial,EN ORSAI,Buenos Aires,AMBA,Morón,https://www.enorsai.com.ar,"Bercovich destapó la mentira de los ""18 meses espectaculares"" y alertó por una bomba de 6 millones de morosos"
2026-06-24,2026-W26,provincial,EN ORSAI,Buenos Aires,AMBA,Morón,https://www.enorsai.com.ar,"CAME exige frenar los embargos de ARCA y denuncia que la ""Inocencia Fiscal"" solo beneficia a los funcionarios"
2026-06-24,2026-W26,provincial,EN ORSAI,Buenos Aires,AMBA,Morón,https://www.enorsai.com.ar,"El fantasma de la reponderación: La inflación de mayo fue del 2,1% pero el INDEC oculta un impacto mayor en los servicios"
2026-06-24,2026-W26,provincial,EN ORSAI,Buenos Aires,AMBA,Morón,https://www.enorsai.com.ar,Alquilar sin intermediarios en CABA: ventajas y cuidados
2026-06-24,2026-W26,provincial,EN ORSAI,Buenos Aires,AMBA,Morón,https://www.enorsai.com.ar,Remate estratégico: El plan oficial para privatizar Nucleoeléctrica por USD 12 mil millones menos de su valor real
2026-06-24,2026-W26,provincial,EN ORSAI,Buenos Aires,AMBA,Morón,https://www.enorsai.com.ar,"Diego Genoud desnudó la trama de los funcionarios beneficiados por la ""Inocencia Fiscal"" y el despertar de una fuerza plebeya"
2026-06-24,2026-W26,provincial,EN ORSAI,Buenos Aires,AMBA,Morón,https://www.enorsai.com.ar,"Hugo Alconada Mon reveló que la esposa de Manuel Adorni entró a la ""Inocencia Fiscal"" para no explicar sus gastos millonarios"
2026-06-24,2026-W26,provincial,EN ORSAI,Buenos Aires,AMBA,Morón,https://www.enorsai.com.ar,"Gustavo Córdoba desnudó el quiebre del humor social: ""El Gobierno perdió el control de la agenda y el relato ya no tapa el ajuste"""
2026-06-24,2026-W26,provincial,EN ORSAI,Buenos Aires,AMBA,Morón,https://www.enorsai.com.ar,El camino después del Veraz: ¿Dónde conseguir financiamiento cuando los números no ayudan?
2026-06-24,2026-W26,provincial,EN ORSAI,Buenos Aires,AMBA,Morón,https://www.enorsai.com.ar,El relato libertario choca contra la realidad: Juan Courel desnudó el verdadero impacto del ajuste en la opinión pública
2026-06-24,2026-W26,provincial,EN ORSAI,Buenos Aires,AMBA,Morón,https://www.enorsai.com.ar,"Qué es la ""inocencia fiscal"": La trampa oculta en el blanqueo de Milei para garantizar la impunidad de los grandes empresarios"
2026-06-24,2026-W26,provincial,EN ORSAI,Buenos Aires,AMBA,Morón,https://www.enorsai.com.ar,Monotributo 2026: Ya rigen las nuevas escalas obligatorias de AFIP y así quedan los topes de facturación por categoría
2026-06-24,2026-W26,provincial,EN ORSAI,Buenos Aires,AMBA,Morón,https://www.enorsai.com.ar,Colegios privados 2026: Cómo detectar aumentos ilegales en las cuotas y dónde denunciar abusos
2026-06-24,2026-W26,provincial,EN ORSAI,Buenos Aires,AMBA,Morón,https://www.enorsai.com.ar,Tarifa Social 2026: Cómo tramitar el subsidio de luz y gas para frenar el impacto de los aumentos
2026-06-24,2026-W26,provincial,EN ORSAI,Buenos Aires,AMBA,Morón,https://www.enorsai.com.ar,Alerta Monotributo y Pymes: Cómo evitar las nuevas multas de AFIP y los cargos fantasmas en la cuenta corriente
2026-06-24,2026-W26,provincial,EN ORSAI,Buenos Aires,AMBA,Morón,https://www.enorsai.com.ar,"Raúl Timerman anticipó el límite social del modelo libertario y advirtió sobre la sustentabilidad de Milei: ""No llega"""
2026-06-24,2026-W26,provincial,EN ORSAI,Buenos Aires,AMBA,Morón,https://www.enorsai.com.ar,"""Esto es una tragedia macroeconómica"": El demoledor diagnóstico de Emmanuel Álvarez Agis sobre el plan de Milei y Caputo"
2026-06-24,2026-W26,provincial,EN ORSAI,Buenos Aires,AMBA,Morón,https://www.enorsai.com.ar,"Horacio Rovelli desarmó la trampa financiera de Milei: Endeudamiento, fuga y el saqueo a los trabajadores"
2026-06-24,2026-W26,provincial,EN ORSAI,Buenos Aires,AMBA,Morón,https://www.enorsai.com.ar,El laberinto de Milei y Caputo: Alfredo Zaiat y Pablo Ibáñez desnudaron la encerrona del modelo libertario
2026-06-24,2026-W26,provincial,EN ORSAI,Buenos Aires,AMBA,Morón,https://www.enorsai.com.ar,Jorge Asís desnudó la trastienda de La Libertad Avanza: “La interna actual es por las cajas”
2026-06-24,2026-W26,provincial,EN ORSAI,Buenos Aires,AMBA,Morón,https://www.enorsai.com.ar,El gobierno de Milei ya es otro gobierno: los ejes del contundente editorial de Carlos Pagni
2026-06-24,2026-W26,provincial,EN ORSAI,Buenos Aires,AMBA,Morón,https://www.enorsai.com.ar,Alfredo Zaiat desnudó el documento del FMI: El Fondo advierte por la recesión y le baja el pulgar al plan de Milei
2026-06-24,2026-W26,provincial,EN ORSAI,Buenos Aires,AMBA,Morón,https://www.enorsai.com.ar,La trampa del RIGI: Alejandro Bercovich desnudó el esquema de megaganancias corporativas y más impuestos para el pueblo
2026-06-24,2026-W26,provincial,EN ORSAI,Buenos Aires,AMBA,Morón,https://www.enorsai.com.ar,"El ""Cuento de las tías"": Adorni acorralado por su patrimonio y el trasfondo de la política de Estado en YPF"
2026-06-24,2026-W26,provincial,EN ORSAI,Buenos Aires,AMBA,Morón,https://www.enorsai.com.ar,"El desafío de Villarruel, el blindaje de Milei a Adorni y la crisis de la basura en CABA"
2026-06-24,2026-W26,provincial,EN ORSAI,Buenos Aires,AMBA,Morón,https://www.enorsai.com.ar,"Melconian fulminó el esquema económico de Milei: ""Es un plan de supervivencia, no de estabilidad"""
2026-06-24,2026-W26,provincial,EN ORSAI,Buenos Aires,AMBA,Morón,https://www.enorsai.com.ar,Mayra Mendoza: “Si Evita estuviera entre nosotras militaría por la libertad de Cristina”
2026-06-24,2026-W26,provincial,EN ORSAI,Buenos Aires,AMBA,Morón,https://www.enorsai.com.ar,Declaración Jurada de Manuel Adorni: La investigación de Alconada Mon sobre bienes omitidos
2026-06-24,2026-W26,provincial,EN ORSAI,Buenos Aires,AMBA,Morón,https://www.enorsai.com.ar,DESTACADOS GUÍA DE CONSUMO POPULAR Tarifa Social 2026: Cómo tramitar el subsidio de luz y gas para frenar el impacto de los aumentos
2026-06-24,2026-W26,provincial,EN ORSAI,Buenos Aires,AMBA,Morón,https://www.enorsai.com.ar,"GUÍA REFORMA FISCAL Alerta Monotributo y Pymes: Cómo evitar las nuevas multas de AFIP y los cargos fantasmas en la cuenta corriente ALERTA EN WALL STREET Raúl Timerman anticipó el límite social del modelo libertario y advirtió sobre la sustentabilidad de Milei: ""No llega"""
2026-06-24,2026-W26,provincial,EN ORSAI,Buenos Aires,AMBA,Morón,https://www.enorsai.com.ar,"ALERTA ESTRUCTURAL ""Esto es una tragedia macroeconómica"": El demoledor diagnóstico de Emmanuel Álvarez Agis sobre el plan de Milei y Caputo RADIOGRAFÍA DE LA CRISIS Horacio Rovelli desarmó la trampa financiera de Milei: Endeudamiento, fuga y el saqueo a los trabajadores"
2026-06-24,2026-W26,provincial,EN ORSAI,Buenos Aires,AMBA,Morón,https://www.enorsai.com.ar,ANÁLISIS ECONÓMICO El laberinto de Milei y Caputo: Alfredo Zaiat y Pablo Ibáñez desnudaron la encerrona del modelo libertario RADIOGRAFÍA DEL PODER Jorge Asís desnudó la trastienda de La Libertad Avanza: “La interna actual es por las cajas”
2026-06-24,2026-W26,provincial,EN ORSAI,Buenos Aires,AMBA,Morón,https://www.enorsai.com.ar,ANÁLISIS POLÍTICO El gobierno de Milei ya es otro gobierno: los ejes del contundente editorial de Carlos Pagni INFORME Alfredo Zaiat desnudó el documento del FMI: El Fondo advierte por la recesión y le baja el pulgar al plan de Milei
2026-06-24,2026-W26,provincial,EN ORSAI,Buenos Aires,AMBA,Morón,https://www.enorsai.com.ar,"ECONOMÍA La trampa del RIGI: Alejandro Bercovich desnudó el esquema de megaganancias corporativas y más impuestos para el pueblo CORRUPCIÓN ARGENTINA El ""Cuento de las tías"": Adorni acorralado por su patrimonio y el trasfondo de la política de Estado en YPF"
2026-06-24,2026-W26,provincial,EN ORSAI,Buenos Aires,AMBA,Morón,https://www.enorsai.com.ar,"INTERNAS Y CAUSAS JUDICIALES El desafío de Villarruel, el blindaje de Milei a Adorni y la crisis de la basura en CABA ECONOMÍA Melconian fulminó el esquema económico de Milei: ""Es un plan de supervivencia, no de estabilidad"""
2026-06-24,2026-W26,provincial,EN ORSAI,Buenos Aires,AMBA,Morón,https://www.enorsai.com.ar,HOMENAJE A EVA PERÓN Mayra Mendoza: “Si Evita estuviera entre nosotras militaría por la libertad de Cristina” DATOS DUROS Declaración Jurada de Manuel Adorni: La investigación de Alconada Mon sobre bienes omitidos
2026-06-24,2026-W26,provincial,5 DÍAS,Buenos Aires,AMBA,Quilmes,https://www.diario5dias.com.ar,Detuvieron a una “viuda negra” que era oficial de la Policía Aeroportuaria tras un robo en Quilmes
2026-06-24,2026-W26,provincial,5 DÍAS,Buenos Aires,AMBA,Quilmes,https://www.diario5dias.com.ar,ACTUALIDAD Leer +
2026-06-24,2026-W26,provincial,5 DÍAS,Buenos Aires,AMBA,Quilmes,https://www.diario5dias.com.ar,El quilmeño Guillermo Galetto fue designado director titular de Provincia Seguros
2026-06-24,2026-W26,provincial,5 DÍAS,Buenos Aires,AMBA,Quilmes,https://www.diario5dias.com.ar,Cayó una red de “narcodelivery” que operaba en Quilmes y Florencio Varela
2026-06-24,2026-W26,provincial,5 DÍAS,Buenos Aires,AMBA,Quilmes,https://www.diario5dias.com.ar,"Faltaría agua en Quilmes, Avellaneda, Lomas y Almirante por trabajos de mantenimiento en la Estación Elevadora Lanús"
2026-06-24,2026-W26,provincial,5 DÍAS,Buenos Aires,AMBA,Quilmes,https://www.diario5dias.com.ar,Caos de tránsito en el Puente 14 de Agosto por postes caídos: demoraron más de tres horas en iniciar las reparaciones
2026-06-24,2026-W26,provincial,5 DÍAS,Buenos Aires,AMBA,Quilmes,https://www.diario5dias.com.ar,Incendio en Ezpeleta: una vivienda quedó con destrucción total tras un fuego generalizado
2026-06-24,2026-W26,provincial,5 DÍAS,Buenos Aires,AMBA,Quilmes,https://www.diario5dias.com.ar,La Libertad Avanza Quilmes suma su tercer presidente de bloque en 2026
2026-06-24,2026-W26,provincial,5 DÍAS,Buenos Aires,AMBA,Quilmes,https://www.diario5dias.com.ar,BERAZATEGUI leer +
2026-06-24,2026-W26,provincial,5 DÍAS,Buenos Aires,AMBA,Quilmes,https://www.diario5dias.com.ar,Pescadores desaparecidos en Hudson: preparan un mega rastrillaje en Atalaya con cinco embarcaciones
2026-06-24,2026-W26,provincial,5 DÍAS,Buenos Aires,AMBA,Quilmes,https://www.diario5dias.com.ar,Balor pidió a los ediles libertarios gestionar ante Nación la restitución de prestaciones para berazateguenses
2026-06-24,2026-W26,provincial,5 DÍAS,Buenos Aires,AMBA,Quilmes,https://www.diario5dias.com.ar,Crisis en Rigolleau Berazategui: apagaron tres hornos y redujeron la producción al 60%
2026-06-24,2026-W26,provincial,5 DÍAS,Buenos Aires,AMBA,Quilmes,https://www.diario5dias.com.ar,Bomberos combatieron un voraz incendio en una vieja casona de Quilmes Oeste
2026-06-24,2026-W26,provincial,5 DÍAS,Buenos Aires,AMBA,Quilmes,https://www.diario5dias.com.ar,Choque en Ezpeleta: un automovilista impactó contra postes de videocable y un semáforo
2026-06-24,2026-W26,provincial,5 DÍAS,Buenos Aires,AMBA,Quilmes,https://www.diario5dias.com.ar,Solidaridad y educación: Rotary Club Ezpeleta realizó una importante donación a una escuela especial de Berazategui
2026-06-24,2026-W26,provincial,5 DÍAS,Buenos Aires,AMBA,Quilmes,https://www.diario5dias.com.ar,PROVINCIA leer +
2026-06-24,2026-W26,provincial,5 DÍAS,Buenos Aires,AMBA,Quilmes,https://www.diario5dias.com.ar,Controles en la Autopista Buenos Aires-La Plata: 37 conductores dieron positivo en alcoholemia
2026-06-24,2026-W26,provincial,5 DÍAS,Buenos Aires,AMBA,Quilmes,https://www.diario5dias.com.ar,Barrios privados: ahora la Provincia podrá cobrar por el agua aunque no haya datos declarados
2026-06-24,2026-W26,provincial,5 DÍAS,Buenos Aires,AMBA,Quilmes,https://www.diario5dias.com.ar,Avanza el cuarto carril en la Autopista Buenos Aires-La Plata: cómo impactará en Quilmes y Berazategui
2026-06-24,2026-W26,provincial,5 DÍAS,Buenos Aires,AMBA,Quilmes,https://www.diario5dias.com.ar,Quilmes: Manu Jove confirmó cambios y anticipó una reestructuración en el área de fútbol
2026-06-24,2026-W26,provincial,5 DÍAS,Buenos Aires,AMBA,Quilmes,https://www.diario5dias.com.ar,Tercer Sínodo Diocesano de Quilmes: cuáles son las propuestas que marcarán el rumbo de la Iglesia durante los próximos años
2026-06-24,2026-W26,provincial,5 DÍAS,Buenos Aires,AMBA,Quilmes,https://www.diario5dias.com.ar,Argentino de Quilmes goleó a Brown de Adrogué y se ilusiona con entrar al Reducido de la Primera B
2026-06-24,2026-W26,provincial,5 DÍAS,Buenos Aires,AMBA,Quilmes,https://www.diario5dias.com.ar,Escándalo en Berazategui: concejales de La Libertad Avanza se pelearon a golpes en el Concejo Deliberante
2026-06-24,2026-W26,provincial,5 DÍAS,Buenos Aires,AMBA,Quilmes,https://www.diario5dias.com.ar,Juegos Bonaerenses 2026: La etapa local se desarrolló con éxito en el Polideportivo y en distintas sedes de Quilmes
2026-06-24,2026-W26,provincial,5 DÍAS,Buenos Aires,AMBA,Quilmes,https://www.diario5dias.com.ar,Dos detenidos en Quilmes tras una investigación por violentos robos a conductores de DiDi Moto
2026-06-24,2026-W26,provincial,5 DÍAS,Buenos Aires,AMBA,Quilmes,https://www.diario5dias.com.ar,Cayó una red de “narcodelivery” que operaba en Quilmes y Florencio Varela La organización delictiva se dedicaba a la comercialización de estupefacientes a gran escala bajo la modalidad de reparto a domicilio fue desarticulada en las últimas horas. Leer más
2026-06-24,2026-W26,provincial,5 DÍAS,Buenos Aires,AMBA,Quilmes,https://www.diario5dias.com.ar,"Faltaría agua en Quilmes, Avellaneda, Lomas y Almirante por trabajos de mantenimiento en la Estación Elevadora Lanús Una intervención programada para optimizar el sistema podría afectar temporalmente el suministro de agua en algunas zonas del AMBA. Leer más"
2026-06-24,2026-W26,provincial,5 DÍAS,Buenos Aires,AMBA,Quilmes,https://www.diario5dias.com.ar,Incendio en Ezpeleta: una vivienda quedó con destrucción total tras un fuego generalizado El siniestro dejó como saldo una situación de destrucción total de la propiedad. Leer más
2026-06-24,2026-W26,provincial,5 DÍAS,Buenos Aires,AMBA,Quilmes,https://www.diario5dias.com.ar,"La Libertad Avanza Quilmes suma su tercer presidente de bloque en 2026 La designación de Rij representa una nueva etapa para la representación de La Libertad Avanza en el Concejo Deliberante local, en un año marcado por movimientos y redefiniciones dentro de la bancada. Leer más"
2026-06-24,2026-W26,provincial,5 DÍAS,Buenos Aires,AMBA,Quilmes,https://www.diario5dias.com.ar,Crisis en Rigolleau Berazategui: apagaron tres hornos y redujeron la producción al 60% Pasó de ganar $720 millones a perder más de $5.500 millones: preocupa la situación de la histórica vidriera de Berazategui. Leer más
2026-06-24,2026-W26,provincial,5 DÍAS,Buenos Aires,AMBA,Quilmes,https://www.diario5dias.com.ar,Bomberos combatieron un voraz incendio en una vieja casona de Quilmes Oeste Las tareas de enfriamiento y verificación continuaban en el lugar para descartar posibles rebrotes y garantizar la seguridad de la zona. Leer más
2026-06-24,2026-W26,provincial,5 DÍAS,Buenos Aires,AMBA,Quilmes,https://www.diario5dias.com.ar,"Argentino de Quilmes goleó a Brown de Adrogué y se ilusiona con entrar al Reducido de la Primera B Argentino de Quilmes consiguió un valioso triunfo como visitante al derrotar por 4 a 2 a Brown de Adrogué, en el marco de la fecha 21 del campeonato de la Primera B Metropolitana. Leer más"
2026-06-24,2026-W26,provincial,LA VOZ DEL INTERIOR,Córdoba,Centro,Córdoba,https://www.lavoz.com.ar,Mundial 2026. Scaloni sorprende en pleno festejo de Messi: Argentina clasificada y con cambios que nadie esperaba
2026-06-24,2026-W26,provincial,LA VOZ DEL INTERIOR,Córdoba,Centro,Córdoba,https://www.lavoz.com.ar,"La Voz en el Mundial. ""Culpa de Messi"": el ""drama"" de conseguir una entrada para ver Argentina-Jordania en Dallas"
2026-06-24,2026-W26,provincial,LA VOZ DEL INTERIOR,Córdoba,Centro,Córdoba,https://www.lavoz.com.ar,Leo. El mundo celebra a Messi: los emotivos saludos que recibió el capitán de la Selección por sus 39 años
2026-06-24,2026-W26,provincial,LA VOZ DEL INTERIOR,Córdoba,Centro,Córdoba,https://www.lavoz.com.ar,"Guía. Con Brasil, qué partidos hay este miércoles 24 de junio en el Mundial 2026: hora, TV y cómo se define cada grupo"
2026-06-24,2026-W26,provincial,LA VOZ DEL INTERIOR,Córdoba,Centro,Córdoba,https://www.lavoz.com.ar,"Juez rumano. Mundial 2026: Kovács será el árbitro de Argentina ante Jordania, el sábado en Dallas"
2026-06-24,2026-W26,provincial,LA VOZ DEL INTERIOR,Córdoba,Centro,Córdoba,https://www.lavoz.com.ar,Procuración Penitenciaria. Legisladores del PJ pedirán al TSJ que suspenda la jura del fiscal Iván Rodríguez
2026-06-24,2026-W26,provincial,LA VOZ DEL INTERIOR,Córdoba,Centro,Córdoba,https://www.lavoz.com.ar,Congreso. El PRO ahora sumó un proyecto de moción de censura contra Adorni y escala la tensión
2026-06-24,2026-W26,provincial,LA VOZ DEL INTERIOR,Córdoba,Centro,Córdoba,https://www.lavoz.com.ar,"Criminalidad en Córdoba. Indicadores de seguridad: bajan homicidios, bajan robos, crecen las causas por drogas"
2026-06-24,2026-W26,provincial,LA VOZ DEL INTERIOR,Córdoba,Centro,Córdoba,https://www.lavoz.com.ar,"Votómetro. Un agregador de 117 encuestas muestra que Milei hoy ganaría la primera vuelta, pero..."
2026-06-24,2026-W26,provincial,LA VOZ DEL INTERIOR,Córdoba,Centro,Córdoba,https://www.lavoz.com.ar,A un mes del FEMICIDIO de AGOSTINA VEGA: cómo avanza la CAUSA
2026-06-24,2026-W26,provincial,LA VOZ DEL INTERIOR,Córdoba,Centro,Córdoba,https://www.lavoz.com.ar,Legislatura de Córdoba. Otro debate caliente: la oposición solicitó una sesión especial y hay dos pedidos contra Adorni
2026-06-24,2026-W26,provincial,LA VOZ DEL INTERIOR,Córdoba,Centro,Córdoba,https://www.lavoz.com.ar,"Córdoba. La Provincia envió el proyecto de ""ley antibúnker"", que va más allá de los inmuebles usados para la venta de drogas"
2026-06-24,2026-W26,provincial,LA VOZ DEL INTERIOR,Córdoba,Centro,Córdoba,https://www.lavoz.com.ar,Córdoba. Femicidio de Agostina: revelaron fotos del interior de la casa de Barrelier y dónde hallaron restos de sangre
2026-06-24,2026-W26,provincial,LA VOZ DEL INTERIOR,Córdoba,Centro,Córdoba,https://www.lavoz.com.ar,La Voz En Vivo. “Nos perseguían en autos y nos mostraban revólveres”: Hormaeche detalló los ataques que sufren los inspectores
2026-06-24,2026-W26,provincial,LA VOZ DEL INTERIOR,Córdoba,Centro,Córdoba,https://www.lavoz.com.ar,Nueva era. El Talleres de Sampaoli se construye en silencio
2026-06-24,2026-W26,provincial,LA VOZ DEL INTERIOR,Córdoba,Centro,Córdoba,https://www.lavoz.com.ar,Crisis política. Los videos de Jésica y el respiro fugaz para Adorni
2026-06-24,2026-W26,provincial,LA VOZ DEL INTERIOR,Córdoba,Centro,Córdoba,https://www.lavoz.com.ar,"Doble tilde. Dos mitades, tres tercios, cuatro cuartos"
2026-06-24,2026-W26,provincial,LA VOZ DEL INTERIOR,Córdoba,Centro,Córdoba,https://www.lavoz.com.ar,"Bajo Palabra. Tras el Mundial, Macri vendrá a Córdoba"
2026-06-24,2026-W26,provincial,LA VOZ DEL INTERIOR,Córdoba,Centro,Córdoba,https://www.lavoz.com.ar,Delitos. Padre e hijos van a juicio acusados de 22 estafas con la venta de viviendas que nunca se hicieron en Córdoba
2026-06-24,2026-W26,provincial,LA VOZ DEL INTERIOR,Córdoba,Centro,Córdoba,https://www.lavoz.com.ar,"Stellantis Argentina. Zuppi, en la Bolsa de Córdoba: ""La industria atraviesa la transformación más profunda de los últimos 140 años”"
2026-06-24,2026-W26,provincial,LA VOZ DEL INTERIOR,Córdoba,Centro,Córdoba,https://www.lavoz.com.ar,Judiciales. Condenaron en Córdoba a una aerolínea por cancelar un vuelo y dejar varadas a dos pasajeras con un bebé
2026-06-24,2026-W26,provincial,LA VOZ DEL INTERIOR,Córdoba,Centro,Córdoba,https://www.lavoz.com.ar,En cuotas. Causa Bacar: cuánto pagarán de reparación los Barrera y otros imputados para cerrar el caso
2026-06-24,2026-W26,provincial,LA VOZ DEL INTERIOR,Córdoba,Centro,Córdoba,https://www.lavoz.com.ar,"En Primera Persona. Incendio en ""el paraíso"": las vacaciones de una familia cordobesa se hicieron ceniza en Bayahíbe"
2026-06-24,2026-W26,provincial,LA VOZ DEL INTERIOR,Córdoba,Centro,Córdoba,https://www.lavoz.com.ar,"Economía. En bancos, la cotización del dólar para minoristas superó los $ 1.500"
2026-06-24,2026-W26,provincial,LA VOZ DEL INTERIOR,Córdoba,Centro,Córdoba,https://www.lavoz.com.ar,La Voz En Vivo. Jesica Cirio y el video de Insaurralde: 321 mil menciones en redes y un 70% de negatividad
2026-06-24,2026-W26,provincial,LA VOZ DEL INTERIOR,Córdoba,Centro,Córdoba,https://www.lavoz.com.ar,"Convoy Sumud. Tras un mes detenidos en Libia, liberaron a los argentinos que llevaban ayuda a Gaza"
2026-06-24,2026-W26,provincial,LA VOZ DEL INTERIOR,Córdoba,Centro,Córdoba,https://www.lavoz.com.ar,"Patín carrera. Agustina, la joven cordobesa que representará a Argentina en los Panamericanos y necesita juntar $ 4 millones"
2026-06-24,2026-W26,provincial,LA VOZ DEL INTERIOR,Córdoba,Centro,Córdoba,https://www.lavoz.com.ar,Alerta. Neuquén: detectan señal de calor inusual en el volcán Auca Mahuida y activan un protocolo de seguridad
2026-06-24,2026-W26,provincial,LA VOZ DEL INTERIOR,Córdoba,Centro,Córdoba,https://www.lavoz.com.ar,"La Voz En Vivo. ""Se nos ríen en la cara"": Juliano advirtió sobre una ""crisis institucional"" tras el fallido quórum por el caso Adorni"
2026-06-24,2026-W26,provincial,LA VOZ DEL INTERIOR,Córdoba,Centro,Córdoba,https://www.lavoz.com.ar,"Salud. Las prepagas confirman aumentos de hasta el 2,3% para julio: cuánto habrá que pagar"
2026-06-24,2026-W26,provincial,LA VOZ DEL INTERIOR,Córdoba,Centro,Córdoba,https://www.lavoz.com.ar,"Traslasierra. Un cordobés imprime casas de barro con tecnología 3D: busca revolucionar la vivienda sostenible con ""Barrobot"""
2026-06-24,2026-W26,provincial,LA VOZ DEL INTERIOR,Córdoba,Centro,Córdoba,https://www.lavoz.com.ar,Ciclogénesis. Este miércoles será el día más frío del mes: de cuánto será la mínima en Córdoba y probabilidades de nevadas
2026-06-24,2026-W26,provincial,LA VOZ DEL INTERIOR,Córdoba,Centro,Córdoba,https://www.lavoz.com.ar,Mercados. Dólar blue y oficial hoy en Córdoba: a cuánto cotiza este miércoles 24 de junio
2026-06-24,2026-W26,provincial,LA VOZ DEL INTERIOR,Córdoba,Centro,Córdoba,https://www.lavoz.com.ar,Elecciones. Agost Carreño abre la puerta a un acuerdo del PRO con La Libertad Avanza en Marcos Juárez
2026-06-24,2026-W26,provincial,LA VOZ DEL INTERIOR,Córdoba,Centro,Córdoba,https://www.lavoz.com.ar,Atención. Vuelos más caros: el Gobierno aumentó más de 500% la tasa de seguridad y suben los pasajes
2026-06-24,2026-W26,provincial,LA VOZ DEL INTERIOR,Córdoba,Centro,Córdoba,https://www.lavoz.com.ar,Siniestro fatal. Córdoba: murió un hombre de 69 años que estaba internado tras ser atropellado por una camioneta
2026-06-24,2026-W26,provincial,LA VOZ DEL INTERIOR,Córdoba,Centro,Córdoba,https://www.lavoz.com.ar,"Tragedia. Quién era Alejandro, el niño de 12 años que murió arrastrado por delincuentes tras un robo en Chile"
2026-06-24,2026-W26,provincial,LA VOZ DEL INTERIOR,Córdoba,Centro,Córdoba,https://www.lavoz.com.ar,La Voz En Vivo. Adicciones en Córdoba: la Iglesia advierte que el consumo de “pipazo” comienza a los 10 años
2026-06-24,2026-W26,provincial,LA VOZ DEL INTERIOR,Córdoba,Centro,Córdoba,https://www.lavoz.com.ar,Conmoción. Tragedia en La Pampa: murió el exesposo de una de las hermanas fallecidas en el siniestro
2026-06-24,2026-W26,provincial,LA VOZ DEL INTERIOR,Córdoba,Centro,Córdoba,https://www.lavoz.com.ar,Mar del Plata. Un hombre fingió ayudar al novio de la joven que murió atropellada en la rambla: le robó el celular y ropa
2026-06-24,2026-W26,provincial,LA VOZ DEL INTERIOR,Córdoba,Centro,Córdoba,https://www.lavoz.com.ar,"Córdoba. Un chico intentó atropellar a un policía, atacó a los efectivos con aceite caliente y fue detenido"
2026-06-24,2026-W26,provincial,LA VOZ DEL INTERIOR,Córdoba,Centro,Córdoba,https://www.lavoz.com.ar,Hito. Países Bajos aplica por primera vez la eutanasia a un niño menor de 12 años
2026-06-24,2026-W26,provincial,LA VOZ DEL INTERIOR,Córdoba,Centro,Córdoba,https://www.lavoz.com.ar,Inseguridad. Ya detuvieron a más de 320 limpiavidrios y naranjitas desde la nueva ley en Córdoba
2026-06-24,2026-W26,provincial,LA VOZ DEL INTERIOR,Córdoba,Centro,Córdoba,https://www.lavoz.com.ar,Formación. Instituto y un paso más en el armado del equipo: sigue Whelan y está al caer un pivote extranjero
2026-06-24,2026-W26,provincial,LA VOZ DEL INTERIOR,Córdoba,Centro,Córdoba,https://www.lavoz.com.ar,F1. “Medio millón de personas… y no lo entiendo”: Briatore quedó en shock con Colapinto
2026-06-24,2026-W26,provincial,LA VOZ DEL INTERIOR,Córdoba,Centro,Córdoba,https://www.lavoz.com.ar,"En ascenso. ""Juanma"" Cerúndolo avanzó en Eastbourne y afina su puesta a punto para Wimbledon"
2026-06-24,2026-W26,provincial,LA VOZ DEL INTERIOR,Córdoba,Centro,Córdoba,https://www.lavoz.com.ar,Para enmarcar. Las fotos que publicó Antonela Roccuzzo con Lionel Messi por su cumpleaños: Nosotros ya tenemos...
2026-06-24,2026-W26,provincial,LA VOZ DEL INTERIOR,Córdoba,Centro,Córdoba,https://www.lavoz.com.ar,Tomá nota. El curioso truco de Pampita para dormir bien en el avión
2026-06-24,2026-W26,provincial,LA VOZ DEL INTERIOR,Córdoba,Centro,Córdoba,https://www.lavoz.com.ar,"Viral. La tajante respuesta de Sofía Jujuy Jiménez tras ser tildada de ""fantasma"" en el Mundial 2026: Facturé por esa frase"
2026-06-24,2026-W26,provincial,LA VOZ DEL INTERIOR,Córdoba,Centro,Córdoba,https://www.lavoz.com.ar,Es hoy. Paramount+ estrenó Inocencia Salvaje: una serie sobre secretos familiares y escándalos
2026-06-24,2026-W26,provincial,EL DIARIO,Córdoba,Centro,Villa Carlos Paz,https://www.eldiariodecarlospaz.com.ar,Buscan a familiares de un jubilado de Carlos Paz que permanece internado
2026-06-24,2026-W26,provincial,EL DIARIO,Córdoba,Centro,Villa Carlos Paz,https://www.eldiariodecarlospaz.com.ar,Carlos Paz fue uno de los epicentros de un operativo interfuerzas en Córdoba
2026-06-24,2026-W26,provincial,EL DIARIO,Córdoba,Centro,Villa Carlos Paz,https://www.eldiariodecarlospaz.com.ar,El dólar sigue firme y el blue se mantiene arriba de los $1.500
2026-06-24,2026-W26,provincial,EL DIARIO,Córdoba,Centro,Villa Carlos Paz,https://www.eldiariodecarlospaz.com.ar,Cronograma de pagos: quienes cobran este miércoles
2026-06-24,2026-W26,provincial,EL DIARIO,Córdoba,Centro,Villa Carlos Paz,https://www.eldiariodecarlospaz.com.ar,Policía Caminera actualizó el estado de las rutas: dónde hay cortes y restricciones
2026-06-24,2026-W26,provincial,EL DIARIO,Córdoba,Centro,Villa Carlos Paz,https://www.eldiariodecarlospaz.com.ar,Playas de Oro: rompieron los vidrios de un comercio y robaron garrafas
2026-06-24,2026-W26,provincial,EL DIARIO,Córdoba,Centro,Villa Carlos Paz,https://www.eldiariodecarlospaz.com.ar,Llega el workshop “Los esenciales para emprender”
2026-06-24,2026-W26,provincial,EL DIARIO,Córdoba,Centro,Villa Carlos Paz,https://www.eldiariodecarlospaz.com.ar,"Perdió el control del auto, volcó en una alcantarilla y terminó hospitalizada"
2026-06-24,2026-W26,provincial,EL DIARIO,Córdoba,Centro,Villa Carlos Paz,https://www.eldiariodecarlospaz.com.ar,Docentes cordobeses fueron premiados por escribir literatura infantil
2026-06-24,2026-W26,provincial,EL DIARIO,Córdoba,Centro,Villa Carlos Paz,https://www.eldiariodecarlospaz.com.ar,Controles de la Patrulla Rural terminaron con nueve detenidos
2026-06-24,2026-W26,provincial,EL DIARIO,Córdoba,Centro,Villa Carlos Paz,https://www.eldiariodecarlospaz.com.ar,Córdoba impulsa la Ley Antibúnker para intervenir y recuperar inmuebles utilizados por el delito
2026-06-24,2026-W26,provincial,EL DIARIO,Córdoba,Centro,Villa Carlos Paz,https://www.eldiariodecarlospaz.com.ar,Alerta sanitaria por el aumento de la tuberculosis en Argentina
2026-06-24,2026-W26,provincial,EL DIARIO,Córdoba,Centro,Villa Carlos Paz,https://www.eldiariodecarlospaz.com.ar,Córdoba llevó a Chile su modelo de reciclaje textil y economía circular
2026-06-24,2026-W26,provincial,EL DIARIO,Córdoba,Centro,Villa Carlos Paz,https://www.eldiariodecarlospaz.com.ar,"24 de junio: el día más argentino, entre Messi, Gardel, Fangio, Riquelme y Rodrigo"
2026-06-24,2026-W26,provincial,EL DIARIO,Córdoba,Centro,Villa Carlos Paz,https://www.eldiariodecarlospaz.com.ar,Embalse: robó un auto y fue detenida tras un operativo cerrojo
2026-06-24,2026-W26,provincial,EL DIARIO,Córdoba,Centro,Villa Carlos Paz,https://www.eldiariodecarlospaz.com.ar,La FPA realizó controles preventivos en diez ciudades del interior cordobés
2026-06-24,2026-W26,provincial,EL DIARIO,Córdoba,Centro,Villa Carlos Paz,https://www.eldiariodecarlospaz.com.ar,Lionel Messi cumple 39 años y su legado no deja de crecer
2026-06-24,2026-W26,provincial,EL DIARIO,Córdoba,Centro,Villa Carlos Paz,https://www.eldiariodecarlospaz.com.ar,Comenzó el asfaltado del altonivel de Malvinas Argentinas y la obra ya supera el 65% de avance
2026-06-24,2026-W26,provincial,EL DIARIO,Córdoba,Centro,Villa Carlos Paz,https://www.eldiariodecarlospaz.com.ar,Incautaron mercadería de contrabando valuada en más de $63 millones en Formosa
2026-06-24,2026-W26,provincial,EL DIARIO,Córdoba,Centro,Villa Carlos Paz,https://www.eldiariodecarlospaz.com.ar,El Hospital Córdoba incorporó un ecógrafo portátil de alta complejidad para pacientes críticos
2026-06-24,2026-W26,provincial,EL DIARIO,Córdoba,Centro,Villa Carlos Paz,https://www.eldiariodecarlospaz.com.ar,La Falda busca formar a sus vecinos como anfitriones turísticos
2026-06-24,2026-W26,provincial,EL DIARIO,Córdoba,Centro,Villa Carlos Paz,https://www.eldiariodecarlospaz.com.ar,Cayó una banda narco en Córdoba: secuestraron más de 2.100 dosis de droga
2026-06-24,2026-W26,provincial,EL DIARIO,Córdoba,Centro,Villa Carlos Paz,https://www.eldiariodecarlospaz.com.ar,Más de 320 naranjitas y limpiavidrios fueron detenidos desde la entrada en vigencia de la nueva normativa
2026-06-24,2026-W26,provincial,EL DIARIO,Córdoba,Centro,Villa Carlos Paz,https://www.eldiariodecarlospaz.com.ar,Chile: un niño murió tras ser arrastrado por delincuentes que robaron el auto de su familia
2026-06-24,2026-W26,provincial,EL DIARIO,Córdoba,Centro,Villa Carlos Paz,https://www.eldiariodecarlospaz.com.ar,Córdoba reúne a instituciones y organizaciones en una jornada sobre salud mental
2026-06-24,2026-W26,provincial,EL DIARIO,Córdoba,Centro,Villa Carlos Paz,https://www.eldiariodecarlospaz.com.ar,Una localidad de Punilla entre las más heladas de Córdoba
2026-06-24,2026-W26,provincial,EL DIARIO,Córdoba,Centro,Villa Carlos Paz,https://www.eldiariodecarlospaz.com.ar,Amplio despliegue en Río Cuarto: fuertes controles en distintos sectores
2026-06-24,2026-W26,provincial,EL DIARIO,Córdoba,Centro,Villa Carlos Paz,https://www.eldiariodecarlospaz.com.ar,"Robaron un celular, los rastrearon y terminaron detenidos con otros 10 teléfonos"
2026-06-24,2026-W26,provincial,EL DIARIO,Córdoba,Centro,Villa Carlos Paz,https://www.eldiariodecarlospaz.com.ar,Primer empleo: 48 jóvenes comenzaron a trabajar en una reconocida marca cordobesa
2026-06-24,2026-W26,provincial,EL DIARIO,Córdoba,Centro,Villa Carlos Paz,https://www.eldiariodecarlospaz.com.ar,Horóscopo chino de hoy: qué le espera a cada animal este miércoles
2026-06-24,2026-W26,provincial,EL DIARIO,Córdoba,Centro,Villa Carlos Paz,https://www.eldiariodecarlospaz.com.ar,Homenaje: A un año de la partida de Héctor «Pirucho» Martínez
2026-06-24,2026-W26,provincial,EL DIARIO,Córdoba,Centro,Villa Carlos Paz,https://www.eldiariodecarlospaz.com.ar,Ola polar en Córdoba: restringen la circulación en Altas Cumbres
2026-06-24,2026-W26,provincial,EL DIARIO,Córdoba,Centro,Villa Carlos Paz,https://www.eldiariodecarlospaz.com.ar,Horóscopo de hoy: qué le espera a cada signo del zodiaco este miércoles
2026-06-24,2026-W26,provincial,EL DIARIO,Córdoba,Centro,Villa Carlos Paz,https://www.eldiariodecarlospaz.com.ar,Rafael García: recuperaron una Hilux y una SW4 que tenían pedido de secuestro
2026-06-24,2026-W26,provincial,EL DIARIO,Córdoba,Centro,Villa Carlos Paz,https://www.eldiariodecarlospaz.com.ar,Amplio operativo policial en Punilla: dos detenidos y 17 motos secuestradas
2026-06-24,2026-W26,provincial,EL DIARIO,Córdoba,Centro,Villa Carlos Paz,https://www.eldiariodecarlospaz.com.ar,Los lugares de Carlos Paz donde el termómetro marcó bajo cero
2026-06-24,2026-W26,provincial,EL DIARIO,Córdoba,Centro,Villa Carlos Paz,https://www.eldiariodecarlospaz.com.ar,Un adolescente atacó con aceite caliente a policías tras una persecución en Córdoba
2026-06-24,2026-W26,provincial,EL DIARIO,Córdoba,Centro,Villa Carlos Paz,https://www.eldiariodecarlospaz.com.ar,Córdoba entre las provincias más afectadas por la sífilis
2026-06-24,2026-W26,provincial,EL DIARIO,Córdoba,Centro,Villa Carlos Paz,https://www.eldiariodecarlospaz.com.ar,Astrología: los números que pueden atraer buenas energías hoy
2026-06-24,2026-W26,provincial,EL DIARIO,Córdoba,Centro,Villa Carlos Paz,https://www.eldiariodecarlospaz.com.ar,Un sismo en Tanti se sintió en Villa Carlos Paz
2026-06-24,2026-W26,provincial,EL DIARIO,Córdoba,Centro,Villa Carlos Paz,https://www.eldiariodecarlospaz.com.ar,Scaloni analiza variantes para enfrentar a Jordania
2026-06-24,2026-W26,provincial,EL DIARIO,Córdoba,Centro,Villa Carlos Paz,https://www.eldiariodecarlospaz.com.ar,Un camión con garrafas volcó en Huerta Grande
2026-06-24,2026-W26,provincial,EL DIARIO,Córdoba,Centro,Villa Carlos Paz,https://www.eldiariodecarlospaz.com.ar,Facundo Garlocha asumió la presidencia del Club Sportivo Bolívar
2026-06-24,2026-W26,provincial,EL DIARIO,Córdoba,Centro,Villa Carlos Paz,https://www.eldiariodecarlospaz.com.ar,Instalan nuevos sistemas de calefacción en escuelas de Capilla del Monte
2026-06-24,2026-W26,provincial,EL DIARIO,Córdoba,Centro,Villa Carlos Paz,https://www.eldiariodecarlospaz.com.ar,Fraile Muerto-Malasaña: el refugio virtual donde dialogan el arte y la literatura
2026-06-24,2026-W26,provincial,EL DIARIO,Córdoba,Centro,Villa Carlos Paz,https://www.eldiariodecarlospaz.com.ar,La Falda recibirá a cientos de atletas en la 9ª edición de la Turmalina Ultra Run
2026-06-24,2026-W26,provincial,EL DIARIO,Córdoba,Centro,Villa Carlos Paz,https://www.eldiariodecarlospaz.com.ar,Anisacate palpita el Rally Bike con récord de convocatoria
2026-06-24,2026-W26,provincial,EL DIARIO,Córdoba,Centro,Villa Carlos Paz,https://www.eldiariodecarlospaz.com.ar,Ramón Moyano dará una última charla sobre pueblos originarios
2026-06-24,2026-W26,provincial,EL DIARIO,Córdoba,Centro,Villa Carlos Paz,https://www.eldiariodecarlospaz.com.ar,"Bialet Massé premió a los ganadores del concurso ""Colores de Nuestra Patria"""
2026-06-24,2026-W26,provincial,EL DIARIO,Córdoba,Centro,Villa Carlos Paz,https://www.eldiariodecarlospaz.com.ar,Adorni desmintió a Bullrich y dijo que está dispuesto a ir al Senado
2026-06-24,2026-W26,provincial,EL DIARIO DEL CENTRO DEL PAÍS,Córdoba,Centro,Villa María,https://www.eldiariocba.com.ar,Caballos sueltos sorprendieron a conductores sobre avenida Universidad
2026-06-24,2026-W26,provincial,EL DIARIO DEL CENTRO DEL PAÍS,Córdoba,Centro,Villa María,https://www.eldiariocba.com.ar,"Frío extremo en Villa María y Villa Nueva: la temperatura cayó a -2,5°C"
2026-06-24,2026-W26,provincial,EL DIARIO DEL CENTRO DEL PAÍS,Córdoba,Centro,Villa María,https://www.eldiariocba.com.ar,“Regresamos con lo puesto”
2026-06-24,2026-W26,provincial,EL DIARIO DEL CENTRO DEL PAÍS,Córdoba,Centro,Villa María,https://www.eldiariocba.com.ar,Jóvenes serán los agentes de cambio contra las adicciones
2026-06-24,2026-W26,provincial,EL DIARIO DEL CENTRO DEL PAÍS,Córdoba,Centro,Villa María,https://www.eldiariocba.com.ar,En el Manuel Belgrano se donó sangre en una jornada impulsada por adolescentes
2026-06-24,2026-W26,provincial,EL DIARIO DEL CENTRO DEL PAÍS,Córdoba,Centro,Villa María,https://www.eldiariocba.com.ar,El Gabinete de las Infancias compartió experiencias con personas ciegas
2026-06-24,2026-W26,provincial,EL DIARIO DEL CENTRO DEL PAÍS,Córdoba,Centro,Villa María,https://www.eldiariocba.com.ar,"Recopilarán testimonios, fotos y documentos de instituciones para registrar la historia"
2026-06-24,2026-W26,provincial,EL DIARIO DEL CENTRO DEL PAÍS,Córdoba,Centro,Villa María,https://www.eldiariocba.com.ar,La Defensoría del Pueblo comenzó a atender en Villa Nueva con consultas y orientación gratuita
2026-06-24,2026-W26,provincial,EL DIARIO DEL CENTRO DEL PAÍS,Córdoba,Centro,Villa María,https://www.eldiariocba.com.ar,Motociclistas heridos (uno grave) en “los accidente nuestros de cada día”
2026-06-24,2026-W26,provincial,EL DIARIO DEL CENTRO DEL PAÍS,Córdoba,Centro,Villa María,https://www.eldiariocba.com.ar,A tener en cuenta
2026-06-24,2026-W26,provincial,EL DIARIO DEL CENTRO DEL PAÍS,Córdoba,Centro,Villa María,https://www.eldiariocba.com.ar,A DEFINIR TODO LO QUE SE VIENE
2026-06-24,2026-W26,provincial,EL DIARIO DEL CENTRO DEL PAÍS,Córdoba,Centro,Villa María,https://www.eldiariocba.com.ar,El boleto aún debe esperar
2026-06-24,2026-W26,provincial,EL DIARIO DEL CENTRO DEL PAÍS,Córdoba,Centro,Villa María,https://www.eldiariocba.com.ar,Pura tristeza: Deschamps volvió a Francia y no dirigirá ante Noruega
2026-06-24,2026-W26,provincial,EL DIARIO DEL CENTRO DEL PAÍS,Córdoba,Centro,Villa María,https://www.eldiariocba.com.ar,Un cierre con varios cambios
2026-06-24,2026-W26,provincial,EL DIARIO DEL CENTRO DEL PAÍS,Córdoba,Centro,Villa María,https://www.eldiariocba.com.ar,Como marca su historia
2026-06-24,2026-W26,provincial,EL DIARIO DEL CENTRO DEL PAÍS,Córdoba,Centro,Villa María,https://www.eldiariocba.com.ar,La B programó las semis y en la A siguen en la espera
2026-06-24,2026-W26,provincial,EL DIARIO DEL CENTRO DEL PAÍS,Córdoba,Centro,Villa María,https://www.eldiariocba.com.ar,El adiós al profesor Jorge Deulofeu
2026-06-24,2026-W26,provincial,EL DIARIO DEL CENTRO DEL PAÍS,Córdoba,Centro,Villa María,https://www.eldiariocba.com.ar,Bronquiolitis: habrá escudo sanitario para bebés a través de una inmunización inédita
2026-06-24,2026-W26,provincial,EL DIARIO DEL CENTRO DEL PAÍS,Córdoba,Centro,Villa María,https://www.eldiariocba.com.ar,El Castramóvil llegó al barrio El Vallecito
2026-06-24,2026-W26,provincial,EL DIARIO DEL CENTRO DEL PAÍS,Córdoba,Centro,Villa María,https://www.eldiariocba.com.ar,Creatividad bellvillense que conquista las redes
2026-06-24,2026-W26,provincial,EL DIARIO DEL CENTRO DEL PAÍS,Córdoba,Centro,Villa María,https://www.eldiariocba.com.ar,Miércoles de protesta
2026-06-24,2026-W26,provincial,EL DIARIO DEL CENTRO DEL PAÍS,Córdoba,Centro,Villa María,https://www.eldiariocba.com.ar,El autódromo de Marcos Juárez recibió fondos para infraestructura
2026-06-24,2026-W26,provincial,EL DIARIO DEL CENTRO DEL PAÍS,Córdoba,Centro,Villa María,https://www.eldiariocba.com.ar,Cuando la política se mete con los números
2026-06-24,2026-W26,provincial,EL DIARIO DEL CENTRO DEL PAÍS,Córdoba,Centro,Villa María,https://www.eldiariocba.com.ar,Nuevo convenio del SEP
2026-06-24,2026-W26,provincial,EL DIARIO DEL CENTRO DEL PAÍS,Córdoba,Centro,Villa María,https://www.eldiariocba.com.ar,Se canceló el informe de Adorni en el Senado
2026-06-24,2026-W26,provincial,EL DIARIO DEL CENTRO DEL PAÍS,Córdoba,Centro,Villa María,https://www.eldiariocba.com.ar,Primer día sin bloqueos tras dos meses de protestas
2026-06-24,2026-W26,provincial,EL DIARIO DEL CENTRO DEL PAÍS,Córdoba,Centro,Villa María,https://www.eldiariocba.com.ar,Al menos 40 personas ahogadas
2026-06-24,2026-W26,provincial,EL DIARIO DEL CENTRO DEL PAÍS,Córdoba,Centro,Villa María,https://www.eldiariocba.com.ar,Varios podios en distintos escenarios
2026-06-24,2026-W26,provincial,EL DIARIO DEL CENTRO DEL PAÍS,Córdoba,Centro,Villa María,https://www.eldiariocba.com.ar,"Wenger, entre los elegidos para jugar en el Kempes"
2026-06-24,2026-W26,provincial,EL DIARIO DEL CENTRO DEL PAÍS,Córdoba,Centro,Villa María,https://www.eldiariocba.com.ar,Avisos Fúnebres 24/06/2026
2026-06-24,2026-W26,provincial,EL DIARIO DEL CENTRO DEL PAÍS,Córdoba,Centro,Villa María,https://www.eldiariocba.com.ar,Humor 24/06/2026
2026-06-24,2026-W26,provincial,EL DIARIO DEL CENTRO DEL PAÍS,Córdoba,Centro,Villa María,https://www.eldiariocba.com.ar,"Dos hermanos, presos por agredir a la madre"
2026-06-24,2026-W26,provincial,EL DIARIO DEL CENTRO DEL PAÍS,Córdoba,Centro,Villa María,https://www.eldiariocba.com.ar,Al calor de la Fogata de San Juan
2026-06-24,2026-W26,provincial,EL DIARIO DEL CENTRO DEL PAÍS,Córdoba,Centro,Villa María,https://www.eldiariocba.com.ar,"Encendieron la tradicional Fogata de San Juan: encuentro, fuego y raíces"
2026-06-24,2026-W26,provincial,EL DIARIO DEL CENTRO DEL PAÍS,Córdoba,Centro,Villa María,https://www.eldiariocba.com.ar,Incorporan una inmunización inédita contra la bronquiolitis en bebés
2026-06-24,2026-W26,provincial,EL DIARIO DEL CENTRO DEL PAÍS,Córdoba,Centro,Villa María,https://www.eldiariocba.com.ar,Mundial 2026: Inglaterra y Ghana empataron sin goles
2026-06-24,2026-W26,provincial,EL DIARIO DEL CENTRO DEL PAÍS,Córdoba,Centro,Villa María,https://www.eldiariocba.com.ar,Lo detuvieron por arrebatarle el celular a una joven
2026-06-24,2026-W26,provincial,EL DIARIO DEL CENTRO DEL PAÍS,Córdoba,Centro,Villa María,https://www.eldiariocba.com.ar,Fue hospitalizado por fractura de tibia y peroné luego de un accidente
2026-06-24,2026-W26,provincial,EL DIARIO DEL CENTRO DEL PAÍS,Córdoba,Centro,Villa María,https://www.eldiariocba.com.ar,Motociclista resultó herido tras un choque con un utilitario
2026-06-24,2026-W26,provincial,EL DIARIO DEL CENTRO DEL PAÍS,Córdoba,Centro,Villa María,https://www.eldiariocba.com.ar,Dos jóvenes golpearon a su madre y dañaron su casa
2026-06-24,2026-W26,provincial,EL DIARIO DEL CENTRO DEL PAÍS,Córdoba,Centro,Villa María,https://www.eldiariocba.com.ar,Robó elementos desde un galpón y terminó detenido
2026-06-24,2026-W26,provincial,EL DIARIO DEL CENTRO DEL PAÍS,Córdoba,Centro,Villa María,https://www.eldiariocba.com.ar,Montironi Ford te invita a vivir una jornada especial de Test Drive Ranger
2026-06-24,2026-W26,provincial,EL DIARIO DEL CENTRO DEL PAÍS,Córdoba,Centro,Villa María,https://www.eldiariocba.com.ar,Mundial 2026: Portugal goleó a Uzbekistán y sumó su primer triunfo
2026-06-24,2026-W26,provincial,EL DIARIO DEL CENTRO DEL PAÍS,Córdoba,Centro,Villa María,https://www.eldiariocba.com.ar,Extienden el plazo para que vecinos presenten proyectos al municipio
2026-06-24,2026-W26,provincial,EL DIARIO DEL CENTRO DEL PAÍS,Córdoba,Centro,Villa María,https://www.eldiariocba.com.ar,Realizan trabajos de mantenimiento y limpieza en el Parque y cuatro barrios
2026-06-24,2026-W26,provincial,EL DIARIO DEL CENTRO DEL PAÍS,Córdoba,Centro,Villa María,https://www.eldiariocba.com.ar,Este viernes dictan talleres sobre empleos verdes
2026-06-24,2026-W26,provincial,EL DIARIO DEL CENTRO DEL PAÍS,Córdoba,Centro,Villa María,https://www.eldiariocba.com.ar,En tres escuelas se habló sobre ciberbullying y ciberacoso
2026-06-24,2026-W26,provincial,EL DIARIO DEL CENTRO DEL PAÍS,Córdoba,Centro,Villa María,https://www.eldiariocba.com.ar,El Mercado de Abaratamiento estará este jueves en barrio Las Playas
2026-06-24,2026-W26,provincial,EL DIARIO DEL CENTRO DEL PAÍS,Córdoba,Centro,Villa María,https://www.eldiariocba.com.ar,Generación Zoe: el expediente de Villa María ya está en la Corte Suprema
2026-06-24,2026-W26,provincial,EL DIARIO DEL CENTRO DEL PAÍS,Córdoba,Centro,Villa María,https://www.eldiariocba.com.ar,"Frío intenso, heladas y un repunte de temperatura hacia el fin de semana"
2026-06-24,2026-W26,provincial,EL DIARIO,Entre Ríos,Centro,Entre rios,https://www.eldiario.com.ar,Últimas noticias
2026-06-24,2026-W26,provincial,EL DIARIO,Entre Ríos,Centro,Entre rios,https://www.eldiario.com.ar,Convocan a participar de un programa federal para la optimización del gasto energético
2026-06-24,2026-W26,provincial,EL DIARIO,Entre Ríos,Centro,Entre rios,https://www.eldiario.com.ar,Alerta amarilla por bajas temperaturas en todo el territorio provincial
2026-06-24,2026-W26,provincial,EL DIARIO,Entre Ríos,Centro,Entre rios,https://www.eldiario.com.ar,OSER aumenta el monto de reintegros para atención en psicología
2026-06-24,2026-W26,provincial,EL DIARIO,Entre Ríos,Centro,Entre rios,https://www.eldiario.com.ar,Se abrieron los sobres de las licitaciones para adquirir maquinaria vial por más de 12.000 millones de pesos
2026-06-24,2026-W26,provincial,EL DIARIO,Entre Ríos,Centro,Entre rios,https://www.eldiario.com.ar,Frigerio firmó un convenio con Nación que reconoce deudas a favor de Entre Ríos y transfiere inmuebles
2026-06-24,2026-W26,provincial,EL DIARIO,Entre Ríos,Centro,Entre rios,https://www.eldiario.com.ar,Paraná tendrá este fin de semana propuestas de ferias y mercados con motivo del Día de la Bandera
2026-06-24,2026-W26,provincial,EL DIARIO,Entre Ríos,Centro,Entre rios,https://www.eldiario.com.ar,Entre Ríos se destacó en convocatoria nacional para incorporar sistemas de almacenamiento de energía
2026-06-24,2026-W26,provincial,EL DIARIO,Entre Ríos,Centro,Entre rios,https://www.eldiario.com.ar,Entre Ríos recibirá un nuevo adelanto de coparticipación por 150.000 millones de pesos
2026-06-24,2026-W26,provincial,EL DIARIO,Entre Ríos,Centro,Entre rios,https://www.eldiario.com.ar,Frigerio anunció medidas de alivio energético e impositivo para el comercio entrerriano
2026-06-24,2026-W26,provincial,EL DIARIO,Entre Ríos,Centro,Entre rios,https://www.eldiario.com.ar,El Ejecutivo Municipal confirmó la fecha de pago del medio aguinaldo
2026-06-24,2026-W26,provincial,EL DIARIO,Entre Ríos,Centro,Entre rios,https://www.eldiario.com.ar,La denuncia que pone en jaque la contratación de 250 millones en Concordia
2026-06-24,2026-W26,provincial,EL DIARIO,Entre Ríos,Centro,Entre rios,https://www.eldiario.com.ar,Allanaron coto de caza en Gualeguaychu por trafico de ciervos colorados
2026-06-24,2026-W26,provincial,EL DIARIO,Entre Ríos,Centro,Entre rios,https://www.eldiario.com.ar,El temor que crece en Fadea: ¿se viene el cierre de la fábrica de aviones?
2026-06-24,2026-W26,provincial,EL DIARIO,Entre Ríos,Centro,Entre rios,https://www.eldiario.com.ar,Condenaron a 4 años al docente que abusó de nueve alumnos en Entre Ríos
2026-06-24,2026-W26,provincial,EL DIARIO,Entre Ríos,Centro,Entre rios,https://www.eldiario.com.ar,"Angustia en Concordia: buscan a Tatiana, la adolescente que desaparecio sin medicacion"
2026-06-24,2026-W26,provincial,EL DIARIO,Entre Ríos,Centro,Entre rios,https://www.eldiario.com.ar,Identificaron al joven hallado muerto en el arroyo Antoñico: preparan imputación
2026-06-24,2026-W26,provincial,EL DIARIO,Entre Ríos,Centro,Entre rios,https://www.eldiario.com.ar,Nuevo golpe al bolsillo: suben otra vez los peajes de la Ruta 14
2026-06-24,2026-W26,provincial,EL DIARIO,Entre Ríos,Centro,Entre rios,https://www.eldiario.com.ar,Pavimentacion de $2.664 millones: usan articulo de urgencia sin explicar por que
2026-06-24,2026-W26,provincial,EL DIARIO,Entre Ríos,Centro,Entre rios,https://www.eldiario.com.ar,Tragedia en La Paz: murió un adolescente tras chocar en moto contra camión
2026-06-24,2026-W26,provincial,EL DIARIO,Entre Ríos,Centro,Entre rios,https://www.eldiario.com.ar,"IAPSER pagó $29 millones por la camioneta de Walser, pero la bronca sigue"
2026-06-24,2026-W26,provincial,EL DIARIO,Entre Ríos,Centro,Entre rios,https://www.eldiario.com.ar,La feria que convierte a Paraná en el centro de los sabores del país
2026-06-24,2026-W26,provincial,EL DIARIO,Entre Ríos,Centro,Entre rios,https://www.eldiario.com.ar,El botín oculto del cardiólogo: 300 ampollas de fentanilo en plena estafa al PAMI
2026-06-24,2026-W26,provincial,EL DIARIO,Entre Ríos,Centro,Entre rios,https://www.eldiario.com.ar,Ciclista apuesta fuerte al recambio: los pibes que ilusionan en Parana
2026-06-24,2026-W26,provincial,EL DIARIO,Entre Ríos,Centro,Entre rios,https://www.eldiario.com.ar,"El dato que duele: Salto y Concordia, dos ciudades hermanas hundidas en la pobreza"
2026-06-24,2026-W26,provincial,EL DIARIO,Entre Ríos,Centro,Entre rios,https://www.eldiario.com.ar,Tragedia en La Paz: adolescente de 16 años murió sin casco en brutal choque
2026-06-24,2026-W26,provincial,EL DIARIO,Entre Ríos,Centro,Entre rios,https://www.eldiario.com.ar,Concordia renovó el Consejo de Patrimonio: los nombres que definirán el futuro
2026-06-24,2026-W26,provincial,EL DIARIO,Entre Ríos,Centro,Entre rios,https://www.eldiario.com.ar,La Lista Naranja se quedó con SOEVER: Colominas promete nueva etapa
2026-06-24,2026-W26,provincial,EL DIARIO,Entre Ríos,Centro,Entre rios,https://www.eldiario.com.ar,El rescate de las esculturas emblematicas de Parana que ya nadie miraba
2026-06-24,2026-W26,provincial,EL DIARIO,Entre Ríos,Centro,Entre rios,https://www.eldiario.com.ar,Últimas noticias Todas
2026-06-24,2026-W26,provincial,ELONCE,Entre Ríos,Centro,Entre rios,https://www.elonce.com,Concejal impulsa un régimen de garantías para ampliar el acceso al alquiler familiar en Paraná: los detalles
2026-06-24,2026-W26,provincial,ELONCE,Entre Ríos,Centro,Entre rios,https://www.elonce.com,Puerto Viejo y la Bajada de los Vascos: lugares donde comenzó a escribirse la historia de Paraná
2026-06-24,2026-W26,provincial,ELONCE,Entre Ríos,Centro,Entre rios,https://www.elonce.com,Multisectorial en Defensa de la Caja protestó contra el proyecto de reforma previsional
2026-06-24,2026-W26,provincial,ELONCE,Entre Ríos,Centro,Entre rios,https://www.elonce.com,ANSES actualiza los topes de las asignaciones familiares: quiénes dejarán de cobrar en julio
2026-06-24,2026-W26,provincial,ELONCE,Entre Ríos,Centro,Entre rios,https://www.elonce.com,La publicación de Lionel Messi por su cumpleaños y el saludo de los argentinos a su capitán
2026-06-24,2026-W26,provincial,ELONCE,Entre Ríos,Centro,Entre rios,https://www.elonce.com,Video: drone siguió a un prófugo y permitió su captura tras una persecución en Paraná
2026-06-24,2026-W26,provincial,ELONCE,Entre Ríos,Centro,Entre rios,https://www.elonce.com,OSER aumenta el monto de reintegros para atención en psicología
2026-06-24,2026-W26,provincial,ELONCE,Entre Ríos,Centro,Entre rios,https://www.elonce.com,El dólar oficial cerró a $1.495 para la venta este miércoles
2026-06-24,2026-W26,provincial,ELONCE,Entre Ríos,Centro,Entre rios,https://www.elonce.com,"Adolescente ""Therian"" fue detenida por asesinar a sus padres y enviar fotos por WhatsApp a sus compañeros"
2026-06-24,2026-W26,provincial,ELONCE,Entre Ríos,Centro,Entre rios,https://www.elonce.com,Atienden más de 350 consultas semanales por cuadros respiratorios infantiles en el hospital San Roque
2026-06-24,2026-W26,provincial,ELONCE,Entre Ríos,Centro,Entre rios,https://www.elonce.com,"Paraná cumple 213 años de historia: la canción que compuso Lisandro Soler, inspirada en La Toma Vieja"
2026-06-24,2026-W26,provincial,ELONCE,Entre Ríos,Centro,Entre rios,https://www.elonce.com,Un taxista fue hospitalizado tras fuerte choque en esquina de Paraná
2026-06-24,2026-W26,provincial,ELONCE,Entre Ríos,Centro,Entre rios,https://www.elonce.com,Estaciones de Servicio reclaman por cortes en el suministro de GNC
2026-06-24,2026-W26,provincial,ELONCE,Entre Ríos,Centro,Entre rios,https://www.elonce.com,Imputaron a exjefe de puesto caminero por presuntas coimas en una causa de contrabando
2026-06-24,2026-W26,provincial,ELONCE,Entre Ríos,Centro,Entre rios,https://www.elonce.com,Panamericano Juvenil de Pelota Paleta: paranaense fue convocada para representar a Argentina y necesita ayuda
2026-06-24,2026-W26,provincial,ELONCE,Entre Ríos,Centro,Entre rios,https://www.elonce.com,A 91 años de la muerte de Gardel: artistas entrerrianos recordaron su legado
2026-06-24,2026-W26,provincial,ELONCE,Entre Ríos,Centro,Entre rios,https://www.elonce.com,Diputados sesiona en busca de aprobar el Súper RIGI y acuerdos con “fondos buitre”
2026-06-24,2026-W26,provincial,ELONCE,Entre Ríos,Centro,Entre rios,https://www.elonce.com,Investigan si niño contrajo síndrome urémico hemolítico tras consumir el queso prohibido en Entre Ríos
2026-06-24,2026-W26,provincial,ELONCE,Entre Ríos,Centro,Entre rios,https://www.elonce.com,"Le dieron la pena mínima a hombre que intentó matar a expareja de 37 puñaladas porque pidió ""sinceras disculpas"""
2026-06-24,2026-W26,provincial,ELONCE,Entre Ríos,Centro,Entre rios,https://www.elonce.com,Denuncian problemas eléctricos y la caldera está sin funcionar en la Escuela Hogar
2026-06-24,2026-W26,provincial,ELONCE,Entre Ríos,Centro,Entre rios,https://www.elonce.com,"A punta de cuchillo, robaron la bicicleta y hasta una bolsa con papas a adolescente en Paraná"
2026-06-24,2026-W26,provincial,ELONCE,Entre Ríos,Centro,Entre rios,https://www.elonce.com,Lanzaron una campaña para acompañar con dibujos a niños internados en hospital San Roque
2026-06-24,2026-W26,provincial,ELONCE,Entre Ríos,Centro,Entre rios,https://www.elonce.com,UIA pide que el 20% de los proveedores del RIGI sea argentino
2026-06-24,2026-W26,provincial,ELONCE,Entre Ríos,Centro,Entre rios,https://www.elonce.com,"24 de junio: nacimientos y despedidas que marcaron la música, el fútbol y la cultura argentina"
2026-06-24,2026-W26,provincial,ELONCE,Entre Ríos,Centro,Entre rios,https://www.elonce.com,Selección Argentina: FIFA designó al árbitro para el partido ante Jordania en Dallas
2026-06-24,2026-W26,provincial,ELONCE,Entre Ríos,Centro,Entre rios,https://www.elonce.com,"El petróleo sigue en baja y cotiza a US$74,72"
2026-06-24,2026-W26,provincial,ELONCE,Entre Ríos,Centro,Entre rios,https://www.elonce.com,Confirmaron el calendario de fiestas de pesca deportiva en Entre Ríos hasta 2027
2026-06-24,2026-W26,provincial,ELONCE,Entre Ríos,Centro,Entre rios,https://www.elonce.com,"Perdieron el control del auto en Ruta 14, volcaron y terminaron en un bañado"
2026-06-24,2026-W26,provincial,ELONCE,Entre Ríos,Centro,Entre rios,https://www.elonce.com,Avanzan las obras complementarias al saneamiento de arroyo Las Viejas en Paraná
2026-06-24,2026-W26,provincial,ELONCE,Entre Ríos,Centro,Entre rios,https://www.elonce.com,Hallaron sin vida a joven que estaba desaparecida y detuvieron a un exnovio
2026-06-24,2026-W26,provincial,ELONCE,Entre Ríos,Centro,Entre rios,https://www.elonce.com,Bordet propone una ley nacional para impulsar el empleo joven con el modelo entrerriano
2026-06-24,2026-W26,provincial,ELONCE,Entre Ríos,Centro,Entre rios,https://www.elonce.com,La muerte del presidente de una mutual derivó en una denuncia por fraude millonario
2026-06-24,2026-W26,provincial,ELONCE,Entre Ríos,Centro,Entre rios,https://www.elonce.com,Boca apunta a Rulli tras el Mundial: la cifra que exige Marsella para dejarlo salir
2026-06-24,2026-W26,provincial,ELONCE,Entre Ríos,Centro,Entre rios,https://www.elonce.com,Mundial 2026: seis partidos cierran tres grupos y definen nuevos clasificados
2026-06-24,2026-W26,provincial,ELONCE,Entre Ríos,Centro,Entre rios,https://www.elonce.com,Croacia venció a Panamá y sufrió para quedarse con un triunfo clave en el Mundial
2026-06-24,2026-W26,provincial,ELONCE,Entre Ríos,Centro,Entre rios,https://www.elonce.com,Cristiano Ronaldo rompió tres récords históricos en el Mundial 2026
2026-06-24,2026-W26,provincial,ELONCE,Entre Ríos,Centro,Entre rios,https://www.elonce.com,Haciendo comunidad
2026-06-24,2026-W26,provincial,ELONCE,Entre Ríos,Centro,Entre rios,https://www.elonce.com,La Escuela del CAE y la UCU firmaron convenio educativo para ampliar la formación universitaria
2026-06-24,2026-W26,provincial,ELONCE,Entre Ríos,Centro,Entre rios,https://www.elonce.com,"Realizaron jornada solidaria con cortes de pelo, merienda y abrigo para chicos de Sportivo Urquiza"
2026-06-24,2026-W26,provincial,ELONCE,Entre Ríos,Centro,Entre rios,https://www.elonce.com,El hospital de General Galarza sumó tecnología para pacientes en rehabilitación e internación
2026-06-24,2026-W26,provincial,ELONCE,Entre Ríos,Centro,Entre rios,https://www.elonce.com,Enersa llevará su oficina móvil al barrio 1° de Julio para asesorar a vecinos
2026-06-24,2026-W26,provincial,ELONCE,Entre Ríos,Centro,Entre rios,https://www.elonce.com,Régimen de garantías para facilitar el acceso al alquiler en Paraná
2026-06-24,2026-W26,provincial,ELONCE,Entre Ríos,Centro,Entre rios,https://www.elonce.com,Puerto Viejo y Bajada de los Vascos: Los orígenes de Paraná
2026-06-24,2026-W26,provincial,ELONCE,Entre Ríos,Centro,Entre rios,https://www.elonce.com,"""Te va a tener que cerrar"": las duras exigencias que sufrió Rochi Igarzábal en Casi Ángeles"
2026-06-24,2026-W26,provincial,ELONCE,Entre Ríos,Centro,Entre rios,https://www.elonce.com,“Banco a toda mi familia”: Flor Vigna explicó su decisión de sumarse a una plataforma para adultos
2026-06-24,2026-W26,provincial,ELONCE,Entre Ríos,Centro,Entre rios,https://www.elonce.com,Antonela Roccuzzo repitió una cábala de Qatar junto a sus hijos en el triunfo ante Austria
2026-06-24,2026-W26,provincial,ELONCE,Entre Ríos,Centro,Entre rios,https://www.elonce.com,Bizarrap anunció que tiene una nueva sesión: quién es el elegido
2026-06-24,2026-W26,provincial,ELONCE,Entre Ríos,Centro,Entre rios,https://www.elonce.com,Panorama municipal
2026-06-24,2026-W26,provincial,ELONCE,Entre Ríos,Centro,Entre rios,https://www.elonce.com,Continúan las capacitaciones a personal municipal para el uso del sistema de Trámite Digital Inteligente
2026-06-24,2026-W26,provincial,ELONCE,Entre Ríos,Centro,Entre rios,https://www.elonce.com,El Consejo Asesor de Marca Paraná impulsa nuevas líneas de trabajo para fortalecer el entramado productivo de la ciudad
2026-06-24,2026-W26,provincial,UNO ENTRE RÍOS,Entre Ríos,Centro,Entre rios,https://www.unoentrerios.com.ar,La Justicia precisó el plazo para tratar la apelación a la condena de Juan Ruiz Orrico
2026-06-24,2026-W26,provincial,UNO ENTRE RÍOS,Entre Ríos,Centro,Entre rios,https://www.unoentrerios.com.ar,"El 73,5% de los docentes asistió pese al paro en la provincia"
2026-06-24,2026-W26,provincial,UNO ENTRE RÍOS,Entre Ríos,Centro,Entre rios,https://www.unoentrerios.com.ar,Súper RIGI: qué deja a Argentina el régimen que se trata hoy en Diputados
2026-06-24,2026-W26,provincial,UNO ENTRE RÍOS,Entre Ríos,Centro,Entre rios,https://www.unoentrerios.com.ar,Centros de equinoterapia en jaque por falta de reglamentación de la Ley
2026-06-24,2026-W26,provincial,UNO ENTRE RÍOS,Entre Ríos,Centro,Entre rios,https://www.unoentrerios.com.ar,Jubilados provinciales rechazan emergencia y Reforma Previsional: podría provocar una crisis socioeconómica y humanitaria
2026-06-24,2026-W26,provincial,UNO ENTRE RÍOS,Entre Ríos,Centro,Entre rios,https://www.unoentrerios.com.ar,Niño fue internado con un extraño síndrome: investigan si lo provocó un queso
2026-06-24,2026-W26,provincial,UNO ENTRE RÍOS,Entre Ríos,Centro,Entre rios,https://www.unoentrerios.com.ar,Niños de una escuela rural se sumaron a cantarle el feliz cumpleaños a Messi
2026-06-24,2026-W26,provincial,UNO ENTRE RÍOS,Entre Ríos,Centro,Entre rios,https://www.unoentrerios.com.ar,Ramiro Piérola: la vocación detrás del quirófano
2026-06-24,2026-W26,provincial,UNO ENTRE RÍOS,Entre Ríos,Centro,Entre rios,https://www.unoentrerios.com.ar,Reforma previsional: opositores piden que el Consejo de Ciencias Económicas elabore un informe técnico
2026-06-24,2026-W26,provincial,UNO ENTRE RÍOS,Entre Ríos,Centro,Entre rios,https://www.unoentrerios.com.ar,Lionel Messi cumple 39: la vigencia del crack que destruye récords
2026-06-24,2026-W26,provincial,UNO ENTRE RÍOS,Entre Ríos,Centro,Entre rios,https://www.unoentrerios.com.ar,"Carlos Gardel y Rodrigo Bueno, dos leyendas que partieron un 24 de junio"
2026-06-24,2026-W26,provincial,UNO ENTRE RÍOS,Entre Ríos,Centro,Entre rios,https://www.unoentrerios.com.ar,Juan Manuel Fangio y Juan Román Riquelme nacieron un 24 de junio
2026-06-24,2026-W26,provincial,UNO ENTRE RÍOS,Entre Ríos,Centro,Entre rios,https://www.unoentrerios.com.ar,Causa cuadernos: revelan que un contratista usó plata de un gasoducto para contratar a Ricky Martin
2026-06-24,2026-W26,provincial,UNO ENTRE RÍOS,Entre Ríos,Centro,Entre rios,https://www.unoentrerios.com.ar,"De Uruguay a Paraná: Peligro Second Hand, el proyecto que convirtió la ropa usada en comunidad y conciencia"
2026-06-24,2026-W26,provincial,UNO ENTRE RÍOS,Entre Ríos,Centro,Entre rios,https://www.unoentrerios.com.ar,Entre Ríos registró un aumento de casi 39% en casos de tuberculosis
2026-06-24,2026-W26,provincial,UNO ENTRE RÍOS,Entre Ríos,Centro,Entre rios,https://www.unoentrerios.com.ar,Indignación por robo y destrozos en escuela rural de Concordia
2026-06-24,2026-W26,provincial,UNO ENTRE RÍOS,Entre Ríos,Centro,Entre rios,https://www.unoentrerios.com.ar,Reforma previsional: Intendentes del PJ piden cambios al proyecto y advierten riesgos de inconstitucionalidad
2026-06-24,2026-W26,provincial,UNO ENTRE RÍOS,Entre Ríos,Centro,Entre rios,https://www.unoentrerios.com.ar,Sigue el alerta amarilla por temperaturas frías extremas en Entre Ríos y otras 15 provincias
2026-06-24,2026-W26,provincial,UNO ENTRE RÍOS,Entre Ríos,Centro,Entre rios,https://www.unoentrerios.com.ar,Alerta en La Floresta: mujeres denuncian acoso sexual callejero de un sujeto en moto
2026-06-24,2026-W26,provincial,UNO ENTRE RÍOS,Entre Ríos,Centro,Entre rios,https://www.unoentrerios.com.ar,Concordia: declararon la extinción de la acción penal en el caso Rebollo tras la muerte del imputado
2026-06-24,2026-W26,provincial,UNO ENTRE RÍOS,Entre Ríos,Centro,Entre rios,https://www.unoentrerios.com.ar,Excluyen de la matrícula a abogado tras seguidilla de hechos violentos y condena
2026-06-24,2026-W26,provincial,UNO ENTRE RÍOS,Entre Ríos,Centro,Entre rios,https://www.unoentrerios.com.ar,Imputaron por presunto cohecho pasivo a ex jefe del Paso Cerrito
2026-06-24,2026-W26,provincial,UNO ENTRE RÍOS,Entre Ríos,Centro,Entre rios,https://www.unoentrerios.com.ar,La Justicia define si homologa el juicio abreviado para el exadministrador acusado de desviar fondos escolares
2026-06-24,2026-W26,provincial,UNO ENTRE RÍOS,Entre Ríos,Centro,Entre rios,https://www.unoentrerios.com.ar,Denuncian al juez de la quiebra de SanCor por graves irregularidades
2026-06-24,2026-W26,provincial,UNO ENTRE RÍOS,Entre Ríos,Centro,Entre rios,https://www.unoentrerios.com.ar,"El fisco que ya no pregunta: las dos caras de la nueva ""inocencia"" tributaria"
2026-06-24,2026-W26,provincial,UNO ENTRE RÍOS,Entre Ríos,Centro,Entre rios,https://www.unoentrerios.com.ar,Empleo formal: se perdieron 314.000 puestos en la era Javier Milei
2026-06-24,2026-W26,provincial,UNO ENTRE RÍOS,Entre Ríos,Centro,Entre rios,https://www.unoentrerios.com.ar,Entre Ríos: retrocede el empleo formal y hay menos empleadores
2026-06-24,2026-W26,provincial,UNO ENTRE RÍOS,Entre Ríos,Centro,Entre rios,https://www.unoentrerios.com.ar,"Grupo Bagó compró Eriochem, el laboratorio entrerriano que emplea a 280 personas y opera en tres países"
2026-06-24,2026-W26,provincial,UNO ENTRE RÍOS,Entre Ríos,Centro,Entre rios,https://www.unoentrerios.com.ar,"Indec: los salarios subieron 3,5% en abril"
2026-06-24,2026-W26,provincial,UNO ENTRE RÍOS,Entre Ríos,Centro,Entre rios,https://www.unoentrerios.com.ar,Argentina ya piensa en Jordania: Scaloni evalúa rotación
2026-06-24,2026-W26,provincial,UNO ENTRE RÍOS,Entre Ríos,Centro,Entre rios,https://www.unoentrerios.com.ar,Brasil se mide con Escocia en el cierre del grupo
2026-06-24,2026-W26,provincial,UNO ENTRE RÍOS,Entre Ríos,Centro,Entre rios,https://www.unoentrerios.com.ar,Colombia pasó a 16vos con triunfo ante RD Congo y se jugará el grupo ante Portugal
2026-06-24,2026-W26,provincial,UNO ENTRE RÍOS,Entre Ríos,Centro,Entre rios,https://www.unoentrerios.com.ar,Croacia venció a Panamá y consiguió su primera victoria en el Mundial 2026
2026-06-24,2026-W26,provincial,UNO ENTRE RÍOS,Entre Ríos,Centro,Entre rios,https://www.unoentrerios.com.ar,Inglaterra y Ghana igualaron sin goles por el Grupo L
2026-06-24,2026-W26,provincial,UNO ENTRE RÍOS,Entre Ríos,Centro,Entre rios,https://www.unoentrerios.com.ar,"Jordania, el rival que apuesta al orden y el contraataque para desafiar a la Argentina en el Mundial 2026"
2026-06-24,2026-W26,provincial,UNO ENTRE RÍOS,Entre Ríos,Centro,Entre rios,https://www.unoentrerios.com.ar,Se destapó Portugal: doblete récord de Cristiano Ronaldo y goleada ante Uzbekistán
2026-06-24,2026-W26,provincial,UNO ENTRE RÍOS,Entre Ríos,Centro,Entre rios,https://www.unoentrerios.com.ar,APB: Olimpia tomó ventaja en las semifinales
2026-06-24,2026-W26,provincial,UNO ENTRE RÍOS,Entre Ríos,Centro,Entre rios,https://www.unoentrerios.com.ar,Adrián Viso le dio una medalla internacional a Entre Ríos en el Iberoamericano U20
2026-06-24,2026-W26,provincial,UNO ENTRE RÍOS,Entre Ríos,Centro,Entre rios,https://www.unoentrerios.com.ar,Liga Federal: Sionista capitalizó la localía y avanzó de instancia
2026-06-24,2026-W26,provincial,UNO ENTRE RÍOS,Entre Ríos,Centro,Entre rios,https://www.unoentrerios.com.ar,"Wenceslao Mansilla, listo para dar el golpe en tierras Millonarias"
2026-06-24,2026-W26,provincial,UNO ENTRE RÍOS,Entre Ríos,Centro,Entre rios,https://www.unoentrerios.com.ar,El Gobierno provincial otorgó un subsidio al Club de Volantes Entrerrianos
2026-06-24,2026-W26,provincial,UNO ENTRE RÍOS,Entre Ríos,Centro,Entre rios,https://www.unoentrerios.com.ar,La FBER confirmó el inicio de la Liga Provincial de Clubes Mayores Masculina 2026
2026-06-24,2026-W26,provincial,UNO ENTRE RÍOS,Entre Ríos,Centro,Entre rios,https://www.unoentrerios.com.ar,La Peña de Boca de Concepción del Uruguay recibió una Medalla de Oro por su labor solidaria
2026-06-24,2026-W26,provincial,UNO ENTRE RÍOS,Entre Ríos,Centro,Entre rios,https://www.unoentrerios.com.ar,Dos entrerrianas fueron convocadas a Las Panteras para disputar la Copa Latina
2026-06-24,2026-W26,provincial,UNO ENTRE RÍOS,Entre Ríos,Centro,Entre rios,https://www.unoentrerios.com.ar,Agustín Araujo se convirtió en la primera baja de Patronato en el mercado de pases
2026-06-24,2026-W26,provincial,UNO ENTRE RÍOS,Entre Ríos,Centro,Entre rios,https://www.unoentrerios.com.ar,¿Cuándo volverá a jugar Patronato por la Primera Nacional?
2026-06-24,2026-W26,provincial,UNO ENTRE RÍOS,Entre Ríos,Centro,Entre rios,https://www.unoentrerios.com.ar,Patronato y Atlético Paraná abren la gran final de la Copa Túnel Subfluvial 2026
2026-06-24,2026-W26,provincial,UNO ENTRE RÍOS,Entre Ríos,Centro,Entre rios,https://www.unoentrerios.com.ar,Patronato no alcanzó el objetivo al cierre de la primera rueda
2026-06-24,2026-W26,provincial,UNO ENTRE RÍOS,Entre Ríos,Centro,Entre rios,https://www.unoentrerios.com.ar,Las startups agtech apuestan a integrarse con los grandes jugadores del agro
2026-06-24,2026-W26,provincial,UNO ENTRE RÍOS,Entre Ríos,Centro,Entre rios,https://www.unoentrerios.com.ar,"China reactiva compras de soja en EEUU, mientras en Argentina solo tiene precio el 23% de la cosecha"
2026-06-24,2026-W26,provincial,LA CAPITAL,Santa Fe,Centro,Rosario,https://www.lacapital.com.ar,"Caso Giovani Mvogo Eteme: entregaron un informe clave y los resultados ""no son concluyentes"""
2026-06-24,2026-W26,provincial,LA CAPITAL,Santa Fe,Centro,Rosario,https://www.lacapital.com.ar,Causa Herrera: van a juicio 129 estafas por casi 10 millones de dólares
2026-06-24,2026-W26,provincial,LA CAPITAL,Santa Fe,Centro,Rosario,https://www.lacapital.com.ar,Un festejo con aura: Rosario celebró los 39 años de Lionel Messi en todas las canchas
2026-06-24,2026-W26,provincial,LA CAPITAL,Santa Fe,Centro,Rosario,https://www.lacapital.com.ar,Diputados sesiona y el oficialismo intentará aprobar el Súper Rigi
2026-06-24,2026-W26,provincial,LA CAPITAL,Santa Fe,Centro,Rosario,https://www.lacapital.com.ar,Insólito hallazgo bajo la cama de una habitación en un conocido motel de Rosario
2026-06-24,2026-W26,provincial,LA CAPITAL,Santa Fe,Centro,Rosario,https://www.lacapital.com.ar,Polémica por los espacios que la Corte le cedió al MPA en tribunales
2026-06-24,2026-W26,provincial,LA CAPITAL,Santa Fe,Centro,Rosario,https://www.lacapital.com.ar,"Femicidio en San Jorge: quién era Florencia Gómez, asesinada en un hecho que ""no fue al azar"""
2026-06-24,2026-W26,provincial,LA CAPITAL,Santa Fe,Centro,Rosario,https://www.lacapital.com.ar,"Asoma la revancha de Gio Lo Celso, el rosarino que puede cumplir el sueño de debutar en el Mundial"
2026-06-24,2026-W26,provincial,LA CAPITAL,Santa Fe,Centro,Rosario,https://www.lacapital.com.ar,"El cumpleaños de Messi: una foto bien leprosa, un amor infinito y en tapa de todos los diarios"
2026-06-24,2026-W26,provincial,LA CAPITAL,Santa Fe,Centro,Rosario,https://www.lacapital.com.ar,Mundial 2026: cuáles son las selecciones clasificadas y eliminadas hasta el momento
2026-06-24,2026-W26,provincial,LA CAPITAL,Santa Fe,Centro,Rosario,https://www.lacapital.com.ar,"De Rosario a Miami: jugó en Newell's, entrena al arquero de Curazao y elogió a Dibu Martínez"
2026-06-24,2026-W26,provincial,LA CAPITAL,Santa Fe,Centro,Rosario,https://www.lacapital.com.ar,Mundial 2026: un rumano será el árbitro del partido entre Argentina y Jordania
2026-06-24,2026-W26,provincial,LA CAPITAL,Santa Fe,Centro,Rosario,https://www.lacapital.com.ar,"Que los cumplas feliz: Messi, el dueño de todos los goles en el momento cumbre de su carrera"
2026-06-24,2026-W26,provincial,LA CAPITAL,Santa Fe,Centro,Rosario,https://www.lacapital.com.ar,Colombia hizo lo suyo frente a Congo y logró una victoria que lo ubicó en dieciseisavos
2026-06-24,2026-W26,provincial,LA CAPITAL,Santa Fe,Centro,Rosario,https://www.lacapital.com.ar,"Polémica con el desempate olímpico del Mundial, que definió nueve posiciones en la segunda fecha"
2026-06-24,2026-W26,provincial,LA CAPITAL,Santa Fe,Centro,Rosario,https://www.lacapital.com.ar,Cuál será el rival de Argentina en 16avos del Mundial: los resultados posibles del grupo H
2026-06-24,2026-W26,provincial,LA CAPITAL,Santa Fe,Centro,Rosario,https://www.lacapital.com.ar,Crónica de una pasión Mundial: el periplo y la fe de los hinchas para ver a la Scaloneta
2026-06-24,2026-W26,provincial,LA CAPITAL,Santa Fe,Centro,Rosario,https://www.lacapital.com.ar,"Cristiano Ronaldo, otra de las superestrellas que aparecieron con goles"
2026-06-24,2026-W26,provincial,LA CAPITAL,Santa Fe,Centro,Rosario,https://www.lacapital.com.ar,"Cuti Romero, bajo la lupa: se hará estudios y será baja para Argentina ante Jordania"
2026-06-24,2026-W26,provincial,LA CAPITAL,Santa Fe,Centro,Rosario,https://www.lacapital.com.ar,Llega a Rosario una nueva edición de la Maratón Internacional de la Bandera
2026-06-24,2026-W26,provincial,LA CAPITAL,Santa Fe,Centro,Rosario,https://www.lacapital.com.ar,El invierno se siente en Rosario: tras las temperaturas bajo cero cómo será el fin de semana
2026-06-24,2026-W26,provincial,LA CAPITAL,Santa Fe,Centro,Rosario,https://www.lacapital.com.ar,Reforma electoral: el peronismo santafesino se adelantó a Unidos y presentó su proyecto
2026-06-24,2026-W26,provincial,LA CAPITAL,Santa Fe,Centro,Rosario,https://www.lacapital.com.ar,La Cámara de Aceiteros insta a que trabajadores les pidan a sus sindicatos aceptar la propuesta salarial
2026-06-24,2026-W26,provincial,LA CAPITAL,Santa Fe,Centro,Rosario,https://www.lacapital.com.ar,Sexto desembarco de Milei en España desde que asumió como presidente
2026-06-24,2026-W26,provincial,LA CAPITAL,Santa Fe,Centro,Rosario,https://www.lacapital.com.ar,Encontró un VHS de su papá y descubrió una joya del último gol mundialista de Maradona
2026-06-24,2026-W26,provincial,LA CAPITAL,Santa Fe,Centro,Rosario,https://www.lacapital.com.ar,"Colegio de Jueces, otra carrera"
2026-06-24,2026-W26,provincial,LA CAPITAL,Santa Fe,Centro,Rosario,https://www.lacapital.com.ar,"En modo león herbívoro, Javier Milei empieza a reordenar la manada"
2026-06-24,2026-W26,provincial,LA CAPITAL,Santa Fe,Centro,Rosario,https://www.lacapital.com.ar,"Lisandro Bregant: ""Milei, antes que un gran narrador es un organizador de la atención"""
2026-06-24,2026-W26,provincial,LA CAPITAL,Santa Fe,Centro,Rosario,https://www.lacapital.com.ar,Rápido y furioso: cuántos partidos tendrá Central el primer mes cuando la competencia se reinicie
2026-06-24,2026-W26,provincial,LA CAPITAL,Santa Fe,Centro,Rosario,https://www.lacapital.com.ar,Wanda Nara ofreció a Icardi a un club de Argentina: ¿qué respuesta recibió?
2026-06-24,2026-W26,provincial,LA CAPITAL,Santa Fe,Centro,Rosario,https://www.lacapital.com.ar,Por qué Newell's puede sumar caras nuevas a pesar de la inhibición de Fifa
2026-06-24,2026-W26,provincial,LA CAPITAL,Santa Fe,Centro,Rosario,https://www.lacapital.com.ar,Rugby: Contepomi confirmó la lista para el Nations Championship sin rosarinos
2026-06-24,2026-W26,provincial,LA CAPITAL,Santa Fe,Centro,Rosario,https://www.lacapital.com.ar,"Cuando Central inicie la pretemporada, Juan Cruz Komar será uno más en la pelea"
2026-06-24,2026-W26,provincial,LA CAPITAL,Santa Fe,Centro,Rosario,https://www.lacapital.com.ar,"Avanza el único oferente para la ""ART"" de los empleados públicos de Santa Fe"
2026-06-24,2026-W26,provincial,LA CAPITAL,Santa Fe,Centro,Rosario,https://www.lacapital.com.ar,Denunciaron que les sacaba fotos a chicos de un club de fútbol y terminó detenido
2026-06-24,2026-W26,provincial,LA CAPITAL,Santa Fe,Centro,Rosario,https://www.lacapital.com.ar,Violento asalto: lo apuñalaron en la espalda para robarle las zapatillas
2026-06-24,2026-W26,provincial,LA CAPITAL,Santa Fe,Centro,Rosario,https://www.lacapital.com.ar,La gripe concentra casi nueve de cada diez casos respiratorios detectados en Santa Fe
2026-06-24,2026-W26,provincial,LA CAPITAL,Santa Fe,Centro,Rosario,https://www.lacapital.com.ar,Menos cordones amarillos: quieren ganar espacio para los autos
2026-06-24,2026-W26,provincial,LA CAPITAL,Santa Fe,Centro,Rosario,https://www.lacapital.com.ar,Cuidacoches: en el Senado insistirán con la prohibición total de la actividad
2026-06-24,2026-W26,provincial,LA CAPITAL,Santa Fe,Centro,Rosario,https://www.lacapital.com.ar,"¿Por qué el 24 de junio es considerado ""el día más argentino del año""?"
2026-06-24,2026-W26,provincial,LA CAPITAL,Santa Fe,Centro,Rosario,https://www.lacapital.com.ar,Cortaron la ruta nacional A012 este miércoles por un choque de camiones
2026-06-24,2026-W26,provincial,LA CAPITAL,Santa Fe,Centro,Rosario,https://www.lacapital.com.ar,Cien días con Adorni
2026-06-24,2026-W26,provincial,LA CAPITAL,Santa Fe,Centro,Rosario,https://www.lacapital.com.ar,Rosario abre un nuevo debate sobre los autos eléctricos y las estaciones de carga
2026-06-24,2026-W26,provincial,LA CAPITAL,Santa Fe,Centro,Rosario,https://www.lacapital.com.ar,"Docentes piden paritarias ""urgente"", pero el gobierno esperaría el fin del receso"
2026-06-24,2026-W26,provincial,LA CAPITAL,Santa Fe,Centro,Rosario,https://www.lacapital.com.ar,Ovnis o platos voladores: el término acuñado por el piloto Kennet Arnold en 1947
2026-06-24,2026-W26,provincial,LA CAPITAL,Santa Fe,Centro,Rosario,https://www.lacapital.com.ar,Herpes Zóster: el panorama en Rosario y por qué los adultos deben estar atentos
2026-06-24,2026-W26,provincial,LA CAPITAL,Santa Fe,Centro,Rosario,https://www.lacapital.com.ar,"Creció el desempleo en el Gran Rosario: trepó al 8,2 por ciento"
2026-06-24,2026-W26,provincial,LA CAPITAL,Santa Fe,Centro,Rosario,https://www.lacapital.com.ar,Búsquedas de paradero en Rosario: 10 denuncias diarias y 500 personas perdidas
2026-06-24,2026-W26,provincial,LA CAPITAL,Santa Fe,Centro,Rosario,https://www.lacapital.com.ar,El dispositivo creado por un mecánico que puede cambiar los partos: ¿se usa en Rosario?
2026-06-24,2026-W26,provincial,LA CAPITAL,Santa Fe,Centro,Rosario,https://www.lacapital.com.ar,La gastronomía apuesta al centro: las aperturas que llegan y las que se vienen
2026-06-24,2026-W26,provincial,AIRE DIGITAL,Santa Fe,Centro,Santa Fe,https://www.airedesantafe.com.ar,"Michlig aseguró que Rafael Gutiérrez ""va a cumplir su palabra"" y dejará la Corte Suprema en noviembre"
2026-06-24,2026-W26,provincial,AIRE DIGITAL,Santa Fe,Centro,Santa Fe,https://www.airedesantafe.com.ar,Nuevo edificio de Tribunales: el MPA y la Defensa Pública rechazan la propuesta de la Corte para ocupar dos sedes judiciales
2026-06-24,2026-W26,provincial,AIRE DIGITAL,Santa Fe,Centro,Santa Fe,https://www.airedesantafe.com.ar,La Corte puso a disposición del MPA y la Defensa Pública dos sedes judiciales de Santa Fe
2026-06-24,2026-W26,provincial,AIRE DIGITAL,Santa Fe,Centro,Santa Fe,https://www.airedesantafe.com.ar,Últimas Noticias
2026-06-24,2026-W26,provincial,AIRE DIGITAL,Santa Fe,Centro,Santa Fe,https://www.airedesantafe.com.ar,La ciudad de Santa Fe tendrá un vuelo internacional regular y será a Florianópolis
2026-06-24,2026-W26,provincial,AIRE DIGITAL,Santa Fe,Centro,Santa Fe,https://www.airedesantafe.com.ar,La PDI detuvo a dos personas y secuestró cuatro armas tras allanamientos en el norte de Santa Fe
2026-06-24,2026-W26,provincial,AIRE DIGITAL,Santa Fe,Centro,Santa Fe,https://www.airedesantafe.com.ar,"Pullaro firmó un convenio para poner en valor la Plaza Italia: ""Devolverá el espacio público a la ciudadanía"""
2026-06-24,2026-W26,provincial,AIRE DIGITAL,Santa Fe,Centro,Santa Fe,https://www.airedesantafe.com.ar,"Allanamientos en cuatro localidades de la región, detenidos y secuestro de elementos de interés"
2026-06-24,2026-W26,provincial,AIRE DIGITAL,Santa Fe,Centro,Santa Fe,https://www.airedesantafe.com.ar,"""No perdió la humildad"": así recuerdan a Lionel Messi en el barrio de Rosario que lo vio crecer"
2026-06-24,2026-W26,provincial,AIRE DIGITAL,Santa Fe,Centro,Santa Fe,https://www.airedesantafe.com.ar,"Dallas, la sede del Mundial 2026 marcada para siempre por el asesinato de John F. Kennedy"
2026-06-24,2026-W26,provincial,AIRE DIGITAL,Santa Fe,Centro,Santa Fe,https://www.airedesantafe.com.ar,"Rafael Gutiérrez habló sobre su salida de la Corte Suprema: ""Ya decidí qué voy a hacer"""
2026-06-24,2026-W26,provincial,AIRE DIGITAL,Santa Fe,Centro,Santa Fe,https://www.airedesantafe.com.ar,Piden jury de enjuiciamiento contra el juez que dictó la quiebra de Sancor
2026-06-24,2026-W26,provincial,AIRE DIGITAL,Santa Fe,Centro,Santa Fe,https://www.airedesantafe.com.ar,Hígado graso: qué es la esteatosis metabólica y por qué afecta a 3 de cada 10 argentinos
2026-06-24,2026-W26,provincial,AIRE DIGITAL,Santa Fe,Centro,Santa Fe,https://www.airedesantafe.com.ar,Copa mundial 2026
2026-06-24,2026-W26,provincial,AIRE DIGITAL,Santa Fe,Centro,Santa Fe,https://www.airedesantafe.com.ar,Mundial 2026: confirmado el árbitro para Argentina vs. Jordania
2026-06-24,2026-W26,provincial,AIRE DIGITAL,Santa Fe,Centro,Santa Fe,https://www.airedesantafe.com.ar,"El Mundial de Messi, cada vez más lejos del hincha argentino: entradas de hasta 2.000 dólares"
2026-06-24,2026-W26,provincial,AIRE DIGITAL,Santa Fe,Centro,Santa Fe,https://www.airedesantafe.com.ar,"Messi, el que le gana al tiempo"
2026-06-24,2026-W26,provincial,AIRE DIGITAL,Santa Fe,Centro,Santa Fe,https://www.airedesantafe.com.ar,¿Cómo es el estadio Nueva York Nueva Jersey donde se jugará la final del Mundial 2026?
2026-06-24,2026-W26,provincial,AIRE DIGITAL,Santa Fe,Centro,Santa Fe,https://www.airedesantafe.com.ar,"Colombia venció a República Democrática Congo, clasificó a 16avos y quedó a un paso de ganar su grupo"
2026-06-24,2026-W26,provincial,AIRE DIGITAL,Santa Fe,Centro,Santa Fe,https://www.airedesantafe.com.ar,"Gonzalo Bonadeo analizó el triunfo de Argentina: ""Con menos posesión generó mucho peligro"""
2026-06-24,2026-W26,provincial,AIRE DIGITAL,Santa Fe,Centro,Santa Fe,https://www.airedesantafe.com.ar,"Croacia venció a Panamá, sigue con vida en el Mundial 2026 y definirá la clasificación ante Ghana"
2026-06-24,2026-W26,provincial,AIRE DIGITAL,Santa Fe,Centro,Santa Fe,https://www.airedesantafe.com.ar,Reforma electoral en Santa Fe: el PJ presentó su propio Código y mete presión en el debate
2026-06-24,2026-W26,provincial,AIRE DIGITAL,Santa Fe,Centro,Santa Fe,https://www.airedesantafe.com.ar,El amor a los 40: cuando sé quién soy y qué cosas ya no voy a negociar
2026-06-24,2026-W26,provincial,AIRE DIGITAL,Santa Fe,Centro,Santa Fe,https://www.airedesantafe.com.ar,Naranja X renueva su sucursal en Santa Fe: tecnología y cercanía para potenciar la gestión financiera
2026-06-24,2026-W26,provincial,AIRE DIGITAL,Santa Fe,Centro,Santa Fe,https://www.airedesantafe.com.ar,En vivo: el oficialismo sesiona en Diputados con el Súper RIGI como la estrella del temario
2026-06-24,2026-W26,provincial,AIRE DIGITAL,Santa Fe,Centro,Santa Fe,https://www.airedesantafe.com.ar,Se incendió un auto en la Ruta 2: un utilitario se quemó por completo y hubo cortes en el tránsito
2026-06-24,2026-W26,provincial,AIRE DIGITAL,Santa Fe,Centro,Santa Fe,https://www.airedesantafe.com.ar,Paritarias: el Gobierno prevé convocar en la segunda quincena de julio y crece la expectativa por la nueva oferta
2026-06-24,2026-W26,provincial,AIRE DIGITAL,Santa Fe,Centro,Santa Fe,https://www.airedesantafe.com.ar,"Santa Fe, sede de un hito médico: 350 especialistas participaron del 30° Workshop de Endoscopía y Cirugía Mínimamente Invasiva"
2026-06-24,2026-W26,provincial,AIRE DIGITAL,Santa Fe,Centro,Santa Fe,https://www.airedesantafe.com.ar,Crematorio Municipal: ofrecen trasladar los servicios a Rafaela ante las demoras
2026-06-24,2026-W26,provincial,AIRE DIGITAL,Santa Fe,Centro,Santa Fe,https://www.airedesantafe.com.ar,"El fiscal Omar De Pedro adelantó que pedirá la prisión preventiva de ""Pistolón"""
2026-06-24,2026-W26,provincial,AIRE DIGITAL,Santa Fe,Centro,Santa Fe,https://www.airedesantafe.com.ar,Femicidio de Florencia Gómez en San Jorge: un testigo fue clave para identificar a uno de los autores
2026-06-24,2026-W26,provincial,AIRE DIGITAL,Santa Fe,Centro,Santa Fe,https://www.airedesantafe.com.ar,¿Sigue o no sigue? Briatore le puso fecha a la decisión sobre el futuro de Colapinto en Alpine
2026-06-24,2026-W26,provincial,AIRE DIGITAL,Santa Fe,Centro,Santa Fe,https://www.airedesantafe.com.ar,Lionel Messi cumplió 39 años: el recuerdo de su paso por el estadio de Colón
2026-06-24,2026-W26,provincial,AIRE DIGITAL,Santa Fe,Centro,Santa Fe,https://www.airedesantafe.com.ar,La foto que posteó Rafael Profini antes de dejar Unión y Santa Fe
2026-06-24,2026-W26,provincial,AIRE DIGITAL,Santa Fe,Centro,Santa Fe,https://www.airedesantafe.com.ar,Policiales y locales
2026-06-24,2026-W26,provincial,AIRE DIGITAL,Santa Fe,Centro,Santa Fe,https://www.airedesantafe.com.ar,El Concejo convocó a las universidades a sumarse a ADN Santa Fe
2026-06-24,2026-W26,provincial,AIRE DIGITAL,Santa Fe,Centro,Santa Fe,https://www.airedesantafe.com.ar,Volvieron a robar en el centro de salud de barrio Las Lomas y lo dejaron sin calefacción
2026-06-24,2026-W26,provincial,AIRE DIGITAL,Santa Fe,Centro,Santa Fe,https://www.airedesantafe.com.ar,Llegó el frío y Santa Fe esquiva por ahora las restricciones de gas y GNC que afectan a otras regiones
2026-06-24,2026-W26,provincial,AIRE DIGITAL,Santa Fe,Centro,Santa Fe,https://www.airedesantafe.com.ar,"El frío se hizo sentir en la provincia de Santa Fe: una localidad llegó a 4,6°C bajo cero"
2026-06-24,2026-W26,provincial,AIRE DIGITAL,Santa Fe,Centro,Santa Fe,https://www.airedesantafe.com.ar,Comercio exterior en Santa Fe: claves y oportunidades para que las pymes ganen mercados
2026-06-24,2026-W26,provincial,AIRE DIGITAL,Santa Fe,Centro,Santa Fe,https://www.airedesantafe.com.ar,Acuerdo UE-Mercosur: Carsfe puso el foco en cómo convertir la apertura de mercados en más valor para el agro santafesino
2026-06-24,2026-W26,provincial,AIRE DIGITAL,Santa Fe,Centro,Santa Fe,https://www.airedesantafe.com.ar,Los ganaderos aprovechan el momento y producen más kilos por animal: el peso de faena marcó un récord de 30 años
2026-06-24,2026-W26,provincial,AIRE DIGITAL,Santa Fe,Centro,Santa Fe,https://www.airedesantafe.com.ar,El gran remate de las Cabañas Santafesinas abre la temporada de reproductores en Emilia
2026-06-24,2026-W26,provincial,AIRE DIGITAL,Santa Fe,Centro,Santa Fe,https://www.airedesantafe.com.ar,"Para Carlos De Lorenzi, sólo la exportación puede salvar a los tambos chicos"
2026-06-24,2026-W26,provincial,AIRE DIGITAL,Santa Fe,Centro,Santa Fe,https://www.airedesantafe.com.ar,Del rechazo al fideicomiso para obras en puertos al pedido de transparencia del IPCVA: la Rural de Santa Fe endurece su agenda gremial
2026-06-24,2026-W26,provincial,AIRE DIGITAL,Santa Fe,Centro,Santa Fe,https://www.airedesantafe.com.ar,Mas notas de Agro
2026-06-24,2026-W26,provincial,AIRE DIGITAL,Santa Fe,Centro,Santa Fe,https://www.airedesantafe.com.ar,AIRE en Rosario
2026-06-24,2026-W26,provincial,AIRE DIGITAL,Santa Fe,Centro,Santa Fe,https://www.airedesantafe.com.ar,Desarticulan bandas criminales y detienen a 14 personas en Rosario y la región
2026-06-24,2026-W26,provincial,AIRE DIGITAL,Santa Fe,Centro,Santa Fe,https://www.airedesantafe.com.ar,Fuerte choque de camiones en la ruta A012: ocurrió a la madrugada y un chofer resultó herido
2026-06-24,2026-W26,provincial,AIRE DIGITAL,Santa Fe,Centro,Santa Fe,https://www.airedesantafe.com.ar,La noticia que esperaba Lionel Messi: su padre Jorge recibió el alta médica
2026-06-24,2026-W26,provincial,DIARIO UNO,Mendoza,Cuyo,Mendoza,https://www.diariouno.com.ar,Los votos que llevaron a Adriana García a derrotar al radical Gabriel Fidel en la UNCuyo
2026-06-24,2026-W26,provincial,DIARIO UNO,Mendoza,Cuyo,Mendoza,https://www.diariouno.com.ar,Mundial DE FÚTBOL 2026
2026-06-24,2026-W26,provincial,DIARIO UNO,Mendoza,Cuyo,Mendoza,https://www.diariouno.com.ar,"Sergio Goycochea, el héroe de Italia 90 en el Mundial 2026: ""Con Messi se nos acabaron los adjetivos"""
2026-06-24,2026-W26,provincial,DIARIO UNO,Mendoza,Cuyo,Mendoza,https://www.diariouno.com.ar,VIDEOS DESTACADOS
2026-06-24,2026-W26,provincial,DIARIO UNO,Mendoza,Cuyo,Mendoza,https://www.diariouno.com.ar,ÚLTIMAS NOTICIAS
2026-06-24,2026-W26,provincial,DIARIO UNO,Mendoza,Cuyo,Mendoza,https://www.diariouno.com.ar,Se recibió de abogado y el primer abrazo fue para sus abuelos: la historia que emocionó en la UNCuyo
2026-06-24,2026-W26,provincial,DIARIO UNO,Mendoza,Cuyo,Mendoza,https://www.diariouno.com.ar,"Adriana García priorizó la ""acuciante"" crisis del DAMSU en su arranque como rectora de la UNCuyo"
2026-06-24,2026-W26,provincial,DIARIO UNO,Mendoza,Cuyo,Mendoza,https://www.diariouno.com.ar,"Es mendocina, emigró a Barcelona, vivió con 5 desconocidos y terminó formando una familia"
2026-06-24,2026-W26,provincial,DIARIO UNO,Mendoza,Cuyo,Mendoza,https://www.diariouno.com.ar,Inauguró Espacio Costanera con patio de comidas y entretenimiento en el ala oeste de la Terminal
2026-06-24,2026-W26,provincial,DIARIO UNO,Mendoza,Cuyo,Mendoza,https://www.diariouno.com.ar,McDonald's abrió un nuevo local en la Terminal y ya suma 10 sucursales en Mendoza
2026-06-24,2026-W26,provincial,DIARIO UNO,Mendoza,Cuyo,Mendoza,https://www.diariouno.com.ar,Fuera de agenda
2026-06-24,2026-W26,provincial,DIARIO UNO,Mendoza,Cuyo,Mendoza,https://www.diariouno.com.ar,Agenda y Resultados de Partidos
2026-06-24,2026-W26,provincial,DIARIO UNO,Mendoza,Cuyo,Mendoza,https://www.diariouno.com.ar,POLICIALES Y JUDICIALES
2026-06-24,2026-W26,provincial,DIARIO UNO,Mendoza,Cuyo,Mendoza,https://www.diariouno.com.ar,Series y Películas
2026-06-24,2026-W26,provincial,DIARIO UNO,Mendoza,Cuyo,Mendoza,https://www.diariouno.com.ar,Análisis y Opinión
2026-06-24,2026-W26,provincial,DIARIO UNO,Mendoza,Cuyo,Mendoza,https://www.diariouno.com.ar,libros y cultura
2026-06-24,2026-W26,provincial,DIARIO UNO,Mendoza,Cuyo,Mendoza,https://www.diariouno.com.ar,"El ""Viticultor del Año"" en la lista de Tim Atkin es mendocino y busca cambiar el paradigma del vino"
2026-06-24,2026-W26,provincial,DIARIO UNO,Mendoza,Cuyo,Mendoza,https://www.diariouno.com.ar,La publicidad de un mendocino que emocionó en Rusia y superó a gigantes globales como Netflix
2026-06-24,2026-W26,provincial,DIARIO UNO,Mendoza,Cuyo,Mendoza,https://www.diariouno.com.ar,"Juntar figuritas del Mundial y estampillas, dos rituales que conviven en Mendoza"
2026-06-24,2026-W26,provincial,DIARIO UNO,Mendoza,Cuyo,Mendoza,https://www.diariouno.com.ar,Un nuevo libro sobre Tejada Gómez conecta su obra con los artistas del siglo XXI
2026-06-24,2026-W26,provincial,DIARIO UNO,Mendoza,Cuyo,Mendoza,https://www.diariouno.com.ar,"Mendocina descubrió el oficio de zapatera por casualidad, creó su marca y hoy representa al país en Brasil"
2026-06-24,2026-W26,provincial,DIARIO UNO,Mendoza,Cuyo,Mendoza,https://www.diariouno.com.ar,"La conexión de un Spinetta con Mendoza: amor, arte y cruzada solidaria por caballos maltratados"
2026-06-24,2026-W26,provincial,DIARIO UNO,Mendoza,Cuyo,Mendoza,https://www.diariouno.com.ar,El enólogo mendocino que vivió mil vidas y creó la primera bebida alcohólica a base de flores
2026-06-24,2026-W26,provincial,DIARIO UNO,Mendoza,Cuyo,Mendoza,https://www.diariouno.com.ar,El abogado Alejandro Poquet traslada al teatro el juicio a Cristina y lo hace en clave de sátira
2026-06-24,2026-W26,provincial,DIARIO UNO,Mendoza,Cuyo,Mendoza,https://www.diariouno.com.ar,Por la lucha contra la faena ilegal Mercedes Rus contó que ya secuestraron 35.000 kilos de carne
2026-06-24,2026-W26,provincial,DIARIO UNO,Mendoza,Cuyo,Mendoza,https://www.diariouno.com.ar,Los Fabulosos Cádillacs tocarán en el Frank Romero Day y este jueves salen las entradas a la venta
2026-06-24,2026-W26,provincial,DIARIO UNO,Mendoza,Cuyo,Mendoza,https://www.diariouno.com.ar,Javier Milei viajó a España por sexta vez desde que es presidente
2026-06-24,2026-W26,provincial,DIARIO UNO,Mendoza,Cuyo,Mendoza,https://www.diariouno.com.ar,Mundial 2026: la calculadora de los mejores terceros y los 5 criterios que definirán los playoffs
2026-06-24,2026-W26,provincial,DIARIO UNO,Mendoza,Cuyo,Mendoza,https://www.diariouno.com.ar,Mundial 2026: todas las selecciones que ya están clasificadas a los 16avos de final
2026-06-24,2026-W26,provincial,DIARIO UNO,Mendoza,Cuyo,Mendoza,https://www.diariouno.com.ar,Preocupación en la Selección argentina por los jugadores que están al borde de la suspensión
2026-06-24,2026-W26,provincial,DIARIO UNO,Mendoza,Cuyo,Mendoza,https://www.diariouno.com.ar,Filtran precio y características del primer iPhone plegable: esto es lo que se sabe del nuevo teléfono de Apple
2026-06-24,2026-W26,provincial,DIARIO UNO,Mendoza,Cuyo,Mendoza,https://www.diariouno.com.ar,Recetas dulces sin huevo: 6 opciones riquísimas y fáciles con pocos ingredientes
2026-06-24,2026-W26,provincial,DIARIO UNO,Mendoza,Cuyo,Mendoza,https://www.diariouno.com.ar,Aprovechó el trágico accidente del micro en Mar del Plata y le robó a una de las víctimas
2026-06-24,2026-W26,provincial,DIARIO UNO,Mendoza,Cuyo,Mendoza,https://www.diariouno.com.ar,Cómo eliminar las ojeras y bolsas de los ojos usando manzanilla: tratamiento casero efectivo
2026-06-24,2026-W26,provincial,DIARIO UNO,Mendoza,Cuyo,Mendoza,https://www.diariouno.com.ar,"Si tenés freidora de aire o airfryer para cocinar, tenés que usar bicarbonato: por qué y cómo"
2026-06-24,2026-W26,provincial,DIARIO UNO,Mendoza,Cuyo,Mendoza,https://www.diariouno.com.ar,Cómo reempadronarse en el Nuevo Plan o Programa Hogar en 2026
2026-06-24,2026-W26,provincial,DIARIO UNO,Mendoza,Cuyo,Mendoza,https://www.diariouno.com.ar,La vuelta del uranio mendocino toma forma y Nación ya diseña los pliegos para Sierra Pintada
2026-06-24,2026-W26,provincial,DIARIO UNO,Mendoza,Cuyo,Mendoza,https://www.diariouno.com.ar,Fueron liberados los 2 mendocinos que habían sido detenidos con ayuda humanitaria para Gaza
2026-06-24,2026-W26,provincial,DIARIO UNO,Mendoza,Cuyo,Mendoza,https://www.diariouno.com.ar,"Como el SUTE, los gremios de judiciales y Vialidad consultarán con las bases la propuesta del Gobierno"
2026-06-24,2026-W26,provincial,DIARIO UNO,Mendoza,Cuyo,Mendoza,https://www.diariouno.com.ar,Keiko Fujimori se impuso en el agónico conteo oficial y será la presidenta de Perú
2026-06-24,2026-W26,provincial,DIARIO UNO,Mendoza,Cuyo,Mendoza,https://www.diariouno.com.ar,Tensiones en el oficialismo y sus aliados tras suspender el informe de Manuel Adorni en el Senado
2026-06-24,2026-W26,provincial,DIARIO UNO,Mendoza,Cuyo,Mendoza,https://www.diariouno.com.ar,El sambenito libertario colgado sobre las cabezas radicales
2026-06-24,2026-W26,provincial,DIARIO UNO,Mendoza,Cuyo,Mendoza,https://www.diariouno.com.ar,"Día, hora y sede del partido entre Independiente Rivadavia y Tigre por Copa Argentina"
2026-06-24,2026-W26,provincial,DIARIO UNO,Mendoza,Cuyo,Mendoza,https://www.diariouno.com.ar,Volvió Agustín Loser y Argentina obtuvo su primera victoria en la VNL 2026
2026-06-24,2026-W26,provincial,DIARIO UNO,Mendoza,Cuyo,Mendoza,https://www.diariouno.com.ar,Cuándo se define el futuro de Franco Colapinto en Alpine y en la Fórmula 1
2026-06-24,2026-W26,provincial,DIARIO UNO,Mendoza,Cuyo,Mendoza,https://www.diariouno.com.ar,Mauro Icardi fue ofrecido a River por Wanda Nara y la respuesta fue tajante
2026-06-24,2026-W26,provincial,DIARIO UNO,Mendoza,Cuyo,Mendoza,https://www.diariouno.com.ar,De Rosario a Miami: el tierno saludo de Antonella Roccuzzo al 10 argentino en el día de su cumpleaños
2026-06-24,2026-W26,provincial,DIARIO UNO,Mendoza,Cuyo,Mendoza,https://www.diariouno.com.ar,Una sana costumbre: la sorpresa que le dio la Selección argentina a Lionel Messi por su cumpleaños
2026-06-24,2026-W26,provincial,DIARIO UNO,Mendoza,Cuyo,Mendoza,https://www.diariouno.com.ar,"Se hizo pasar por jueza para ayudar a un hombre con alcoholemia, lo estafó y ahora seguirá en la cárcel"
2026-06-24,2026-W26,provincial,DIARIO UNO,Mendoza,Cuyo,Mendoza,https://www.diariouno.com.ar,Banco Macro recibe una línea financiera del BID Invest por U$S200 millones para impulsar el crédito productivo a pymes
2026-06-24,2026-W26,provincial,LOS ANDES,Mendoza,Cuyo,Mendoza,https://www.losandes.com.ar,"El Gobierno aprobó en Diputados ""el pago a los fondos buitres"" con bonos defaulteados de 2001"
2026-06-24,2026-W26,provincial,LOS ANDES,Mendoza,Cuyo,Mendoza,https://www.losandes.com.ar,"Diputados: la oposición intentó incluir la interpelación de Adorni con votos del PRO, pero no alcanzó"
2026-06-24,2026-W26,provincial,LOS ANDES,Mendoza,Cuyo,Mendoza,https://www.losandes.com.ar,"El Gobierno minimizó la derrota oficialista en la UNCuyo, pero advirtió que ""el kirchnerismo está presente"""
2026-06-24,2026-W26,provincial,LOS ANDES,Mendoza,Cuyo,Mendoza,https://www.losandes.com.ar,"Inauguró Espacio Costanera, el nuevo shopping en el ala oeste de la Terminal Ómnibus de Mendoza"
2026-06-24,2026-W26,provincial,LOS ANDES,Mendoza,Cuyo,Mendoza,https://www.losandes.com.ar,Bosnia le ganó a Qatar y espera la definición de los terceros en el Mundial 2026
2026-06-24,2026-W26,provincial,LOS ANDES,Mendoza,Cuyo,Mendoza,https://www.losandes.com.ar,Antonela Roccuzzo emocionó a Messi con fotos inéditas por su cumpleaños y la respuesta del capitán se volvió viral
2026-06-24,2026-W26,provincial,LOS ANDES,Mendoza,Cuyo,Mendoza,https://www.losandes.com.ar,Suiza superó a Canadá y pasó como líder del Grupo B del Mundial 2026
2026-06-24,2026-W26,provincial,LOS ANDES,Mendoza,Cuyo,Mendoza,https://www.losandes.com.ar,Lionel Messi cumple hoy 39 años en pleno Mundial 2026: récords interminables y admiración global
2026-06-24,2026-W26,provincial,LOS ANDES,Mendoza,Cuyo,Mendoza,https://www.losandes.com.ar,"Croacia encontró el gol que necesitaba, derrotó a Panamá y llegó con vida a la última fecha"
2026-06-24,2026-W26,provincial,LOS ANDES,Mendoza,Cuyo,Mendoza,https://www.losandes.com.ar,¿Docentes o estudiantes?: quiénes aportaron más votos para la victoria de Adriana García en la UNCuyo
2026-06-24,2026-W26,provincial,LOS ANDES,Mendoza,Cuyo,Mendoza,https://www.losandes.com.ar,Pasajes más caros: el Gobierno aumentó 565% la tasa de seguridad aeroportuaria
2026-06-24,2026-W26,provincial,LOS ANDES,Mendoza,Cuyo,Mendoza,https://www.losandes.com.ar,UNCuyo: la mala elección del Gobierno y los desafíos para el peronismo
2026-06-24,2026-W26,provincial,LOS ANDES,Mendoza,Cuyo,Mendoza,https://www.losandes.com.ar,"Sufrió una dura lesión jugando al hockey, perdió a su papá y convirtió su historia en un libro sanador"
2026-06-24,2026-W26,provincial,LOS ANDES,Mendoza,Cuyo,Mendoza,https://www.losandes.com.ar,Gira latinoamericana del papa León XIV: vendría a Argentina por tres días en noviembre
2026-06-24,2026-W26,provincial,LOS ANDES,Mendoza,Cuyo,Mendoza,https://www.losandes.com.ar,Investigan a un exproveedor del Estado por usar la plata de un gasoducto para contratar a Ricky Martin
2026-06-24,2026-W26,provincial,LOS ANDES,Mendoza,Cuyo,Mendoza,https://www.losandes.com.ar,"Video: tras un mes presos e incomunicados, liberaron a mendocinos detenidos en Libia por llevar ayuda a Gaza"
2026-06-24,2026-W26,provincial,LOS ANDES,Mendoza,Cuyo,Mendoza,https://www.losandes.com.ar,"Fredi Vivas en Ciclo Pilares: ""Mendoza es el tipo de entorno donde la IA genera impacto real y medible"""
2026-06-24,2026-W26,provincial,LOS ANDES,Mendoza,Cuyo,Mendoza,https://www.losandes.com.ar,Ciclo Pilares IA: quiénes son los expertos que disertarán en Logística e Industria 4.0
2026-06-24,2026-W26,provincial,LOS ANDES,Mendoza,Cuyo,Mendoza,https://www.losandes.com.ar,Ciclo Pilares IA: quiénes son los expertos que disertarán en Health Tech
2026-06-24,2026-W26,provincial,LOS ANDES,Mendoza,Cuyo,Mendoza,https://www.losandes.com.ar,Ciclo Pilares IA: quiénes son los expertos confirmados que disertarán en Agrifood Tech
2026-06-24,2026-W26,provincial,LOS ANDES,Mendoza,Cuyo,Mendoza,https://www.losandes.com.ar,Cornejo destacó el impacto laboral de la inversión privada en la Terminal y la mayor seguridad de la zona
2026-06-24,2026-W26,provincial,LOS ANDES,Mendoza,Cuyo,Mendoza,https://www.losandes.com.ar,El triunfo de Adriana García en la UNCuyo reavivó el entusiasmo del peronismo mendocino
2026-06-24,2026-W26,provincial,LOS ANDES,Mendoza,Cuyo,Mendoza,https://www.losandes.com.ar,Impuesto a las Ganancias: desde qué sueldo pagarán los casados con dos hijos desde julio de 2026
2026-06-24,2026-W26,provincial,LOS ANDES,Mendoza,Cuyo,Mendoza,https://www.losandes.com.ar,"Millonaria recompensa por 8 prófugos de la megabanda que traficaba armas entre Brasil, Argentina y Chile"
2026-06-24,2026-W26,provincial,LOS ANDES,Mendoza,Cuyo,Mendoza,https://www.losandes.com.ar,Buscan a un hombre de 36 años desaparecido desde principios de junio en Las Heras
2026-06-24,2026-W26,provincial,LOS ANDES,Mendoza,Cuyo,Mendoza,https://www.losandes.com.ar,Créditos hipotecarios para construir del Banco Nación: qué sueldo necesitás para una vivienda con cuota de $1.130.00
2026-06-24,2026-W26,provincial,LOS ANDES,Mendoza,Cuyo,Mendoza,https://www.losandes.com.ar,"Los salarios registrados subieron 3,5% en abril y le ganaron a la inflación: el dato que preocupa"
2026-06-24,2026-W26,provincial,LOS ANDES,Mendoza,Cuyo,Mendoza,https://www.losandes.com.ar,El Senado aprobó la designación de un nuevo juez penal propuesto por Cornejo: de quién se trata
2026-06-24,2026-W26,provincial,LOS ANDES,Mendoza,Cuyo,Mendoza,https://www.losandes.com.ar,"En plena madrugada, dos ladrones rompieron la puerta de una panadería del Centro para llevarse ""cosas dulces"""
2026-06-24,2026-W26,provincial,LOS ANDES,Mendoza,Cuyo,Mendoza,https://www.losandes.com.ar,Descargá aquí la edición impresa
2026-06-24,2026-W26,provincial,LOS ANDES,Mendoza,Cuyo,Mendoza,https://www.losandes.com.ar,"Furor por la ""pilcha"" de la Scaloneta: cuánto salen la remera rayada y el rompevientos retro de la Selección"
2026-06-24,2026-W26,provincial,LOS ANDES,Mendoza,Cuyo,Mendoza,https://www.losandes.com.ar,"Con un gol de Daniel Muñoz, Colombia derrotó a RD Congo y avanzó a 16avos"
2026-06-24,2026-W26,provincial,LOS ANDES,Mendoza,Cuyo,Mendoza,https://www.losandes.com.ar,"FIFA confirmó la sanción para Almirón tras el primer caso de la ""Ley Prestianni"""
2026-06-24,2026-W26,provincial,LOS ANDES,Mendoza,Cuyo,Mendoza,https://www.losandes.com.ar,Conmoción en Francia: Deschamps deja el equipo por el fallecimiento de su madre
2026-06-24,2026-W26,provincial,LOS ANDES,Mendoza,Cuyo,Mendoza,https://www.losandes.com.ar,Histórico: Lionel Messi es el máximo goleador en la historia de los Mundiales
2026-06-24,2026-W26,provincial,LOS ANDES,Mendoza,Cuyo,Mendoza,https://www.losandes.com.ar,Sierra Pintada: cómo avanza la remediación ambiental del complejo y qué dijeron las autoridades sobre el futuro del yacimiento
2026-06-24,2026-W26,provincial,LOS ANDES,Mendoza,Cuyo,Mendoza,https://www.losandes.com.ar,El Gobierno actualizó el régimen de inversiones mineras por primera vez en 30 años: qué cambia para Cuyo
2026-06-24,2026-W26,provincial,LOS ANDES,Mendoza,Cuyo,Mendoza,https://www.losandes.com.ar,Minería: realizaron un relevamiento social en Uspallata
2026-06-24,2026-W26,provincial,LOS ANDES,Mendoza,Cuyo,Mendoza,https://www.losandes.com.ar,La mina Hualilán garantiza su continuidad operativa en San Juan y retomará el transporte de mineral
2026-06-24,2026-W26,provincial,LOS ANDES,Mendoza,Cuyo,Mendoza,https://www.losandes.com.ar,El futuro del Real Estate experiencial aterriza en el Valle de Uco con un proyecto pionero
2026-06-24,2026-W26,provincial,LOS ANDES,Mendoza,Cuyo,Mendoza,https://www.losandes.com.ar,Edificio en Chacras de Coria: una imponente estructura de oficinas
2026-06-24,2026-W26,provincial,LOS ANDES,Mendoza,Cuyo,Mendoza,https://www.losandes.com.ar,Salió Cuyo Construye: una radiografía completa sobre el presente y el futuro de la construcción
2026-06-24,2026-W26,provincial,LOS ANDES,Mendoza,Cuyo,Mendoza,https://www.losandes.com.ar,La Aldea Alta de Mendoza Norte: el nuevo desarrollo que redefine el concepto de vivir en conexión con la naturaleza
2026-06-24,2026-W26,provincial,LOS ANDES,Mendoza,Cuyo,Mendoza,https://www.losandes.com.ar,De Mendoza a Israel: estudiantes crean un proyecto con Inteligencia Artificial que ganó un premio nacional
2026-06-24,2026-W26,provincial,LOS ANDES,Mendoza,Cuyo,Mendoza,https://www.losandes.com.ar,Avanza la inteligencia artificial en el e-commerce argentino: ya la utilizan 6 de cada 10 empresas
2026-06-24,2026-W26,provincial,LOS ANDES,Mendoza,Cuyo,Mendoza,https://www.losandes.com.ar,¿La IA nos hará más humanos?
2026-06-24,2026-W26,provincial,LOS ANDES,Mendoza,Cuyo,Mendoza,https://www.losandes.com.ar,Tokenización en Argentina: por qué 77% de los jóvenes busca invertir en activos reales digitales
2026-06-24,2026-W26,provincial,LOS ANDES,Mendoza,Cuyo,Mendoza,https://www.losandes.com.ar,Ni la hipertensión ni la edad: las causas menos conocidas que impactan en la salud cardiovascular
2026-06-24,2026-W26,provincial,LOS ANDES,Mendoza,Cuyo,Mendoza,https://www.losandes.com.ar,"Cirugía General y de alta complejidad en Mendoza: Clínica de Cuyo, tecnología de primer nivel mundial al servicio de la vida"
2026-06-24,2026-W26,provincial,LOS ANDES,Mendoza,Cuyo,Mendoza,https://www.losandes.com.ar,Resonancia magnética de última generación: CDC Imágenes incorpora el SIEMENS SOMATOM Flow ACE
2026-06-24,2026-W26,provincial,MDZ ONLINE,Mendoza,Cuyo,Mendoza,https://www.mdzol.com,Javier Milei cumplió con su amigo Donald Trump y el Congreso sancionó la ley para el pago a los buitres
2026-06-24,2026-W26,provincial,MDZ ONLINE,Mendoza,Cuyo,Mendoza,https://www.mdzol.com,Sesión clave para Javier Milei en Diputados
2026-06-24,2026-W26,provincial,MDZ ONLINE,Mendoza,Cuyo,Mendoza,https://www.mdzol.com,"Dólar imparable: en lo que va del mes ya subió $50 pesos y se depreció 3,5%, más que la inflación"
2026-06-24,2026-W26,provincial,MDZ ONLINE,Mendoza,Cuyo,Mendoza,https://www.mdzol.com,"""Me desmayé"", los audios entre la mamá de Agostina Vega y Claudio Barrelier que analiza la Justicia"
2026-06-24,2026-W26,provincial,MDZ ONLINE,Mendoza,Cuyo,Mendoza,https://www.mdzol.com,Confirmaron el procesamiento de Fini Lanusse y Hernán Boveri por robo de medicamentos
2026-06-24,2026-W26,provincial,MDZ ONLINE,Mendoza,Cuyo,Mendoza,https://www.mdzol.com,El plantel sorprendió a Messi con remeras con fotos junto a Leo: quién es el único que no tenía imagen
2026-06-24,2026-W26,provincial,MDZ ONLINE,Mendoza,Cuyo,Mendoza,https://www.mdzol.com,"Suiza venció 2-1 a Canadá en Vancouver, se quedó con el grupo B y espera por un tercero para dieciseisavos"
2026-06-24,2026-W26,provincial,MDZ ONLINE,Mendoza,Cuyo,Mendoza,https://www.mdzol.com,Bosnia-Herzegovina hizo lo que tenía que hacer: le ganó a Qatar y ahora le queda esperar
2026-06-24,2026-W26,provincial,MDZ ONLINE,Mendoza,Cuyo,Mendoza,https://www.mdzol.com,Últimas Noticias
2026-06-24,2026-W26,provincial,MDZ ONLINE,Mendoza,Cuyo,Mendoza,https://www.mdzol.com,Presentan un proyecto para crear un régimen de mecenazgo deportivo con beneficios fiscales para patrocinadores
2026-06-24,2026-W26,provincial,MDZ ONLINE,Mendoza,Cuyo,Mendoza,https://www.mdzol.com,Detuvieron a un argentino en Estados Unidos tras permanecer una década con la visa vencida
2026-06-24,2026-W26,provincial,MDZ ONLINE,Mendoza,Cuyo,Mendoza,https://www.mdzol.com,"Después de semanas de polémica, Gasly confirmó la noticia más esperada"
2026-06-24,2026-W26,provincial,MDZ ONLINE,Mendoza,Cuyo,Mendoza,https://www.mdzol.com,"Una therian mató a sus papás, hirió su perro y difundió las imágenes"
2026-06-24,2026-W26,provincial,MDZ ONLINE,Mendoza,Cuyo,Mendoza,https://www.mdzol.com,PAMI lanzó la vacunación antigripal gratuita y sin turno previo para sus afiliados
2026-06-24,2026-W26,provincial,MDZ ONLINE,Mendoza,Cuyo,Mendoza,https://www.mdzol.com,"La contundente justificación de Briatore sobre la polémica frase a Colapinto: ""Era el problema"""
2026-06-24,2026-W26,provincial,MDZ ONLINE,Mendoza,Cuyo,Mendoza,https://www.mdzol.com,Por qué los europeos no usan aire acondicionado en medio de la ola de calor
2026-06-24,2026-W26,provincial,MDZ ONLINE,Mendoza,Cuyo,Mendoza,https://www.mdzol.com,Encontraron a una modelo colombiana muerta en una valija y un extranjero quedó bajo sospecha
2026-06-24,2026-W26,provincial,MDZ ONLINE,Mendoza,Cuyo,Mendoza,https://www.mdzol.com,Citaron a Lilita Carrió en el caso Loan como testigo por sus declaraciones públicas
2026-06-24,2026-W26,provincial,MDZ ONLINE,Mendoza,Cuyo,Mendoza,https://www.mdzol.com,El precio del oro amenaza quebrar la línea de US$4.000 la onza y cae a mínimos en siete meses
2026-06-24,2026-W26,provincial,MDZ ONLINE,Mendoza,Cuyo,Mendoza,https://www.mdzol.com,Los 11 escenarios posibles para definir al rival de la Selección argentina en 16vos de final del Mundial
2026-06-24,2026-W26,provincial,MDZ ONLINE,Mendoza,Cuyo,Mendoza,https://www.mdzol.com,"Atenta, Selección: la FIFA confirmó la terna arbitral para el partido de Argentina contra Jordania"
2026-06-24,2026-W26,provincial,MDZ ONLINE,Mendoza,Cuyo,Mendoza,https://www.mdzol.com,El test viral que te dice qué tan termo sos con el fútbol
2026-06-24,2026-W26,provincial,MDZ ONLINE,Mendoza,Cuyo,Mendoza,https://www.mdzol.com,"La tajante decisión de Scaloni para el partido ante Jordania, 6 días antes de los dieciseisavos de final"
2026-06-24,2026-W26,provincial,MDZ ONLINE,Mendoza,Cuyo,Mendoza,https://www.mdzol.com,"Así es ""la ruta de Lionel Messi"" en Miami: fútbol, murales, playa y cruceros"
2026-06-24,2026-W26,provincial,MDZ ONLINE,Mendoza,Cuyo,Mendoza,https://www.mdzol.com,La predicción viral sobre ovnis que puso a Brasil-Escocia en el centro de las redes
2026-06-24,2026-W26,provincial,MDZ ONLINE,Mendoza,Cuyo,Mendoza,https://www.mdzol.com,De Diputados a la Rosada: Ravier renunció entre aplausos para convertirse en el nuevo vocero de Milei
2026-06-24,2026-W26,provincial,MDZ ONLINE,Mendoza,Cuyo,Mendoza,https://www.mdzol.com,Piden que Marcelo Porcel vaya a juicio por diez hechos de abuso y corrupción de menores
2026-06-24,2026-W26,provincial,MDZ ONLINE,Mendoza,Cuyo,Mendoza,https://www.mdzol.com,Las inéditas fotos que Roccuzzo sacó a la luz para celebrar el cumpleaños de Messi
2026-06-24,2026-W26,provincial,MDZ ONLINE,Mendoza,Cuyo,Mendoza,https://www.mdzol.com,"La flota de autos de Jesica Cirio: compras simultáneas, pagos en efectivo y vínculos con la piratería del asfalto"
2026-06-24,2026-W26,provincial,MDZ ONLINE,Mendoza,Cuyo,Mendoza,https://www.mdzol.com,El emotivo video que le preparó la Selección argentina a Lionel Messi por su cumpleaños 39
2026-06-24,2026-W26,provincial,MDZ ONLINE,Mendoza,Cuyo,Mendoza,https://www.mdzol.com,Visita del papa León XIV a la Argentina: qué hay de cierto sobre su viaje apostólico
2026-06-24,2026-W26,provincial,MDZ ONLINE,Mendoza,Cuyo,Mendoza,https://www.mdzol.com,"En el Senado, el PRO acompañará el pedido de interpelación a Manuel Adorni"
2026-06-24,2026-W26,provincial,MDZ ONLINE,Mendoza,Cuyo,Mendoza,https://www.mdzol.com,"Por el viaje de Milei, Villarruel asume la presidencia y no definirá la sesión clave para Adorni"
2026-06-24,2026-W26,provincial,MDZ ONLINE,Mendoza,Cuyo,Mendoza,https://www.mdzol.com,"Cristian Ritondo rompió el silencio por la falta del quórum del PRO por el caso Adorni: ""Era montarnos a un show"""
2026-06-24,2026-W26,provincial,MDZ ONLINE,Mendoza,Cuyo,Mendoza,https://www.mdzol.com,Ordenan revisar el cómputo de la condena de José López
2026-06-24,2026-W26,provincial,MDZ ONLINE,Mendoza,Cuyo,Mendoza,https://www.mdzol.com,Las cripto de Adorni: un análisis forense y la trama detrás de los movimientos declarados por el funcionario
2026-06-24,2026-W26,provincial,MDZ ONLINE,Mendoza,Cuyo,Mendoza,https://www.mdzol.com,A 26 años de la muerte de Rodrigo Bueno: la historia del cuartetero cordobés que conquistó al país
2026-06-24,2026-W26,provincial,MDZ ONLINE,Mendoza,Cuyo,Mendoza,https://www.mdzol.com,Cuántos años de prisión podría enfrentar Jesica Cirio si fuera condenada
2026-06-24,2026-W26,provincial,MDZ ONLINE,Mendoza,Cuyo,Mendoza,https://www.mdzol.com,Concurso MDZ: última oportunidad para participar de la raspadita y ganar premios increíbles
2026-06-24,2026-W26,provincial,MDZ ONLINE,Mendoza,Cuyo,Mendoza,https://www.mdzol.com,Por qué fue elegida Bettina Bulgheroni en un importante espacio de la OEA: los motivos
2026-06-24,2026-W26,provincial,MDZ ONLINE,Mendoza,Cuyo,Mendoza,https://www.mdzol.com,La foto del festejo de cumpleaños de Messi: los 6 jugadores que lo sorprendieron en su habitación
2026-06-24,2026-W26,provincial,MDZ ONLINE,Mendoza,Cuyo,Mendoza,https://www.mdzol.com,¿Sigue o no sigue? Qué dijo Flavio Briatore sobre el futuro de Franco Colapinto en la Fórmula 1
2026-06-24,2026-W26,provincial,MDZ ONLINE,Mendoza,Cuyo,Mendoza,https://www.mdzol.com,Juicio por Loan Peña: le cerraron las puertas a los medios y hay cuarto intermedio indeterminado
2026-06-24,2026-W26,provincial,MDZ ONLINE,Mendoza,Cuyo,Mendoza,https://www.mdzol.com,Tragedia en Francia: 40 personas murieron ahogadas en medio de la ola de calor
2026-06-24,2026-W26,provincial,MDZ ONLINE,Mendoza,Cuyo,Mendoza,https://www.mdzol.com,De la zapatería a los hoteles de lujo: la historia detrás de una de las cadenas más importantes del mundo
2026-06-24,2026-W26,provincial,MDZ ONLINE,Mendoza,Cuyo,Mendoza,https://www.mdzol.com,Un viaje de Mendoza a Chile terminó en tragedia y un niño murió tras ser arrastrado
2026-06-24,2026-W26,provincial,MDZ ONLINE,Mendoza,Cuyo,Mendoza,https://www.mdzol.com,Los videos de zumba que se volvieron virales para alentar a la Selección
2026-06-24,2026-W26,provincial,MDZ ONLINE,Mendoza,Cuyo,Mendoza,https://www.mdzol.com,El papa León XIV visitará la Argentina en noviembre: cuánto tiempo se quedaría en el país
2026-06-24,2026-W26,provincial,MDZ ONLINE,Mendoza,Cuyo,Mendoza,https://www.mdzol.com,Viajar en avión será más caro: de cuánto es el aumento y desde cuándo rige
2026-06-24,2026-W26,provincial,MDZ ONLINE,Mendoza,Cuyo,Mendoza,https://www.mdzol.com,Fueron liberados los dos mendocinos detenidos cuando llevaban ayuda humanitaria a Gaza
2026-06-24,2026-W26,provincial,DIARIO DE CUYO,San Juan,Cuyo,San Juan,https://www.diariodecuyo.com.ar,San Juan se prepara para recibir a Los Pumas por la Nations Championship
2026-06-24,2026-W26,provincial,DIARIO DE CUYO,San Juan,Cuyo,San Juan,https://www.diariodecuyo.com.ar,"Entraron armados, echaron a la dueña y le dijeron ""esta casa ahora es nuestra y la vamos a usar para vender droga"""
2026-06-24,2026-W26,provincial,DIARIO DE CUYO,San Juan,Cuyo,San Juan,https://www.diariodecuyo.com.ar,San Juan mostró su experiencia con el jazz en un foro internacional de Moscú
2026-06-24,2026-W26,provincial,DIARIO DE CUYO,San Juan,Cuyo,San Juan,https://www.diariodecuyo.com.ar,Espacio Costanera: inauguraron el nuevo shopping de la Terminal de Mendoza
2026-06-24,2026-W26,provincial,DIARIO DE CUYO,San Juan,Cuyo,San Juan,https://www.diariodecuyo.com.ar,"El gobernador de Mendoza, Alfredo Cornejo, destacó la inauguración del Espacio Costanera"
2026-06-24,2026-W26,provincial,DIARIO DE CUYO,San Juan,Cuyo,San Juan,https://www.diariodecuyo.com.ar,El Congreso aprobó el pago de 171 millones de dólares a holdouts que tenían títulos de deuda defaulteada de 2001
2026-06-24,2026-W26,provincial,DIARIO DE CUYO,San Juan,Cuyo,San Juan,https://www.diariodecuyo.com.ar,El dólar oficial alcanzó su nivel más alto en el año: ganó 5% y cotizó a $1.482
2026-06-24,2026-W26,provincial,DIARIO DE CUYO,San Juan,Cuyo,San Juan,https://www.diariodecuyo.com.ar,"Previo a los alegatos, le otorgaron la prisión domiciliaria al abogado Gustavo de la Fuente"
2026-06-24,2026-W26,provincial,DIARIO DE CUYO,San Juan,Cuyo,San Juan,https://www.diariodecuyo.com.ar,"Milei le saca casi nueve puntos a Kicillof en San Juan, según una consultora: cómo viene el armado provincial de Gioja y Peluc"
2026-06-24,2026-W26,provincial,DIARIO DE CUYO,San Juan,Cuyo,San Juan,https://www.diariodecuyo.com.ar,Expectativa por la visita del papa León XIV a la Argentina: llegaría en noviembre y permanecería tres días
2026-06-24,2026-W26,provincial,DIARIO DE CUYO,San Juan,Cuyo,San Juan,https://www.diariodecuyo.com.ar,Suiza le gana a Canadá 2-1 en el partido que definirá el primero del Grupo B
2026-06-24,2026-W26,provincial,DIARIO DE CUYO,San Juan,Cuyo,San Juan,https://www.diariodecuyo.com.ar,Bosnia le gana a Qatar 3-1 y sueña con meterse en la siguiente fase del Mundial 2026
2026-06-24,2026-W26,provincial,DIARIO DE CUYO,San Juan,Cuyo,San Juan,https://www.diariodecuyo.com.ar,La sorpresa que le prepararon sus compañeros a Messi en plena concentración mundialista
2026-06-24,2026-W26,provincial,DIARIO DE CUYO,San Juan,Cuyo,San Juan,https://www.diariodecuyo.com.ar,El equipo alternativo que prepara Scaloni para que Argentina cierre el grupo ante Jordania
2026-06-24,2026-W26,provincial,DIARIO DE CUYO,San Juan,Cuyo,San Juan,https://www.diariodecuyo.com.ar,Escándalo en el Mundial 2026: la FIFA expulsó a un periodista por insultar a Infantino y al arbitraje
2026-06-24,2026-W26,provincial,DIARIO DE CUYO,San Juan,Cuyo,San Juan,https://www.diariodecuyo.com.ar,Baja natalidad en Argentina: no harán falta nuevos jardines en 2027 para cubrir el 100% de la matrícula
2026-06-24,2026-W26,provincial,DIARIO DE CUYO,San Juan,Cuyo,San Juan,https://www.diariodecuyo.com.ar,Capital: proyectos clave de sustentabilidad y tecnología en el Plan Estratégico de la Ciudad de San Juan
2026-06-24,2026-W26,provincial,DIARIO DE CUYO,San Juan,Cuyo,San Juan,https://www.diariodecuyo.com.ar,Fuerte sismo en La Serena se sintió en San Juan
2026-06-24,2026-W26,provincial,DIARIO DE CUYO,San Juan,Cuyo,San Juan,https://www.diariodecuyo.com.ar,Personal de Ischigualasto se capacitó en técnicas de rescate en montaña y prevención de riesgos
2026-06-24,2026-W26,provincial,DIARIO DE CUYO,San Juan,Cuyo,San Juan,https://www.diariodecuyo.com.ar,"Crucigrama, un clásico que desafía la mente"
2026-06-24,2026-W26,provincial,DIARIO DE CUYO,San Juan,Cuyo,San Juan,https://www.diariodecuyo.com.ar,"Conexia, el juego de palabras que entretiene a millones"
2026-06-24,2026-W26,provincial,DIARIO DE CUYO,San Juan,Cuyo,San Juan,https://www.diariodecuyo.com.ar,Jugá y activá tu mente con Geo-Puzzle
2026-06-24,2026-W26,provincial,DIARIO DE CUYO,San Juan,Cuyo,San Juan,https://www.diariodecuyo.com.ar,"CazaPalabras, toda una prueba para tu memoria"
2026-06-24,2026-W26,provincial,DIARIO DE CUYO,San Juan,Cuyo,San Juan,https://www.diariodecuyo.com.ar,Condenaron a padre e hijo por abrir fuego contra vecinos y generar terror en Chimbas
2026-06-24,2026-W26,provincial,DIARIO DE CUYO,San Juan,Cuyo,San Juan,https://www.diariodecuyo.com.ar,"Hallaron muerta a la niñera desaparecida en Salta: el exnovio de Guadalupe Ramos, detenido"
2026-06-24,2026-W26,provincial,DIARIO DE CUYO,San Juan,Cuyo,San Juan,https://www.diariodecuyo.com.ar,Escándalo en un hotel alojamiento: dos condenados y la prueba clave de los preservativos
2026-06-24,2026-W26,provincial,DIARIO DE CUYO,San Juan,Cuyo,San Juan,https://www.diariodecuyo.com.ar,"Volvían de pasar el Día del Padre en Mendoza, sufrieron un violento robo y un niño de 12 años murió arrastrado"
2026-06-24,2026-W26,provincial,DIARIO DE CUYO,San Juan,Cuyo,San Juan,https://www.diariodecuyo.com.ar,Tragedia en la ruta: quiénes eran las cuatro hermanas que murieron ahogadas dentro de una camioneta
2026-06-24,2026-W26,provincial,DIARIO DE CUYO,San Juan,Cuyo,San Juan,https://www.diariodecuyo.com.ar,"Pastor evangélico, acusado de abusar de un niño: ""Le carcomió la cabeza"""
2026-06-24,2026-W26,provincial,DIARIO DE CUYO,San Juan,Cuyo,San Juan,https://www.diariodecuyo.com.ar,¡Nuestra bandera nos une!
2026-06-24,2026-W26,provincial,DIARIO DE CUYO,San Juan,Cuyo,San Juan,https://www.diariodecuyo.com.ar,¡Argentina alienta y celebra!
2026-06-24,2026-W26,provincial,DIARIO DE CUYO,San Juan,Cuyo,San Juan,https://www.diariodecuyo.com.ar,¡Jugar nos une!
2026-06-24,2026-W26,provincial,DIARIO DE CUYO,San Juan,Cuyo,San Juan,https://www.diariodecuyo.com.ar,¡Jugar también es aprender!
2026-06-24,2026-W26,provincial,DIARIO DE CUYO,San Juan,Cuyo,San Juan,https://www.diariodecuyo.com.ar,Creció un 369% la venta de carne argentina a los Estados Unidos
2026-06-24,2026-W26,provincial,DIARIO DE CUYO,San Juan,Cuyo,San Juan,https://www.diariodecuyo.com.ar,Nuevo tope de ingresos del SUAF de ANSES: qué trabajadores dejan de cobrar las asignaciones familiares
2026-06-24,2026-W26,provincial,DIARIO DE CUYO,San Juan,Cuyo,San Juan,https://www.diariodecuyo.com.ar,Naturgy acelera obras e inversiones en San Juan: destinará 124 millones de euros hasta 2030
2026-06-24,2026-W26,provincial,DIARIO DE CUYO,San Juan,Cuyo,San Juan,https://www.diariodecuyo.com.ar,Un emprendimiento de San Juan fue seleccionado para impulsar su crecimiento internacional
2026-06-24,2026-W26,provincial,DIARIO DE CUYO,San Juan,Cuyo,San Juan,https://www.diariodecuyo.com.ar,"La economía argentina creció 0,7% en el primer trimestre de 2026"
2026-06-24,2026-W26,provincial,DIARIO DE CUYO,San Juan,Cuyo,San Juan,https://www.diariodecuyo.com.ar,"Los Azules recibió el Sello ""Compromiso por la Alfabetización"""
2026-06-24,2026-W26,provincial,DIARIO DE CUYO,San Juan,Cuyo,San Juan,https://www.diariodecuyo.com.ar,Glencore Pachón fue reconocida con el Sello de Compromiso con la Alfabetización por su impulso a la educación en San Juan
2026-06-24,2026-W26,provincial,DIARIO DE CUYO,San Juan,Cuyo,San Juan,https://www.diariodecuyo.com.ar,El Gobierno nacional modernizó el régimen de inversiones mineras: los principales cambios
2026-06-24,2026-W26,provincial,DIARIO DE CUYO,San Juan,Cuyo,San Juan,https://www.diariodecuyo.com.ar,Hualilán confirmó que reanudará el transporte de mineral a Casposo en el cuarto trimestre del año
2026-06-24,2026-W26,provincial,DIARIO DE CUYO,San Juan,Cuyo,San Juan,https://www.diariodecuyo.com.ar,El porqué de la pausa en contratos locales: Hualilán redefine su perfil productivo tras el ingreso de nuevas autoridades
2026-06-24,2026-W26,provincial,DIARIO DE CUYO,San Juan,Cuyo,San Juan,https://www.diariodecuyo.com.ar,Huertas hidropónicas para escuelas de Calingasta
2026-06-24,2026-W26,provincial,DIARIO DE CUYO,San Juan,Cuyo,San Juan,https://www.diariodecuyo.com.ar,"Mirá Cuyo Construye: todas las novedades de la industria, con foco en las nuevas tendencias"
2026-06-24,2026-W26,provincial,DIARIO DE CUYO,San Juan,Cuyo,San Juan,https://www.diariodecuyo.com.ar,"Graciana Apart & Rooms: una propuesta que combina inversión, renta turística y turismo en San Luis"
2026-06-24,2026-W26,provincial,DIARIO DE CUYO,San Juan,Cuyo,San Juan,https://www.diariodecuyo.com.ar,Biodigestor en San Juan: la nueva tendencia ecológica para tratar aguas residuales y cuidar el medio ambiente
2026-06-24,2026-W26,provincial,DIARIO DE CUYO,San Juan,Cuyo,San Juan,https://www.diariodecuyo.com.ar,Las nuevas tendencias en construcción: qué cambió en el diseño de viviendas en Cuyo
2026-06-24,2026-W26,provincial,DIARIO DE CUYO,San Juan,Cuyo,San Juan,https://www.diariodecuyo.com.ar,Espacio de Marca
2026-06-24,2026-W26,provincial,DIARIO DE CUYO,San Juan,Cuyo,San Juan,https://www.diariodecuyo.com.ar,GHM Satelital y AAG Servicios Aéreos: una nueva solución integral para operaciones mineras en alta cordillera
2026-06-24,2026-W26,provincial,EL ZONDA,San Juan,Cuyo,San Juan,https://www.diarioelzondasj.com.ar,Operativo judicial. Cinco detenidos tras la usurpación armada de una vivienda en Capital
2026-06-24,2026-W26,provincial,EL ZONDA,San Juan,Cuyo,San Juan,https://www.diarioelzondasj.com.ar,Coleccionismo y fútbol. Un sanjuanino negoció una figurita dorada de Messi para entrar al partido de Argentina
2026-06-24,2026-W26,provincial,EL ZONDA,San Juan,Cuyo,San Juan,https://www.diarioelzondasj.com.ar,Seguridad penitenciaria. El Penal de Chimbas avanza con ensayos para bloquear señales de celulares
2026-06-24,2026-W26,provincial,EL ZONDA,San Juan,Cuyo,San Juan,https://www.diarioelzondasj.com.ar,Propuesta formativa inédita. Chimbas lanza la primera Diplomatura en Industrias Culturales y Creativas con Especialidad en Carnaval
2026-06-24,2026-W26,provincial,EL ZONDA,San Juan,Cuyo,San Juan,https://www.diarioelzondasj.com.ar,Agenda internacional sin cumbre política. Milei vuelve a España sin agenda con Felipe VI ni Pedro Sánchez
2026-06-24,2026-W26,provincial,EL ZONDA,San Juan,Cuyo,San Juan,https://www.diarioelzondasj.com.ar,Juicio en marcha. Carlos Pérez se negó a declarar en una audiencia central por la causa Loan
2026-06-24,2026-W26,provincial,EL ZONDA,San Juan,Cuyo,San Juan,https://www.diarioelzondasj.com.ar,Emoción albiceleste. La Selección Argentina homenajeó a Messi con un mensaje especial por sus 39 años
2026-06-24,2026-W26,provincial,EL ZONDA,San Juan,Cuyo,San Juan,https://www.diarioelzondasj.com.ar,"Cierre del Grupo B. Suiza ganó la zona, Canadá también clasificó y Bosnia quedó a la espera"
2026-06-24,2026-W26,provincial,EL ZONDA,San Juan,Cuyo,San Juan,https://www.diarioelzondasj.com.ar,"Alerta barrial. Vecinos de Costa Canal denuncian amenazas, usurpaciones y episodios de violencia en Concepción"
2026-06-24,2026-W26,provincial,EL ZONDA,San Juan,Cuyo,San Juan,https://www.diarioelzondasj.com.ar,Monitoreo en la provincia. Detectan una señal térmica en el entorno de Auca Mahuida y mantienen vigilancia preventiva
2026-06-24,2026-W26,provincial,EL ZONDA,San Juan,Cuyo,San Juan,https://www.diarioelzondasj.com.ar,Tenis internacional en la Patagonia. Neuquén será sede por primera vez de una serie de Copa Davis
2026-06-24,2026-W26,provincial,EL ZONDA,San Juan,Cuyo,San Juan,https://www.diarioelzondasj.com.ar,Escenario electoral en tensión. Fujimori se impone en Perú y Sánchez rechaza aceptar el resultado
2026-06-24,2026-W26,provincial,EL ZONDA,San Juan,Cuyo,San Juan,https://www.diarioelzondasj.com.ar,Caso Yáñez. La Justicia dejó sin detención al último imputado y la causa sigue sin presos
2026-06-24,2026-W26,provincial,EL ZONDA,San Juan,Cuyo,San Juan,https://www.diarioelzondasj.com.ar,Tenis internacional. Cerúndolo se metió entre los ocho mejores en Eastbourne
2026-06-24,2026-W26,provincial,EL ZONDA,San Juan,Cuyo,San Juan,https://www.diarioelzondasj.com.ar,Señal en redes. Messi celebró su cumpleaños con un video de entrenamiento en Kansas
2026-06-24,2026-W26,provincial,EL ZONDA,San Juan,Cuyo,San Juan,https://www.diarioelzondasj.com.ar,Cultura y turismo en la Ciudad. Un museo en Corrientes reúne la mayor colección beatle fuera de Liverpool
2026-06-24,2026-W26,provincial,EL ZONDA,San Juan,Cuyo,San Juan,https://www.diarioelzondasj.com.ar,Causa penal en Rawson. Lo condenaron tras entrar a la vivienda de su expareja y llevarse una billetera
2026-06-24,2026-W26,provincial,EL ZONDA,San Juan,Cuyo,San Juan,https://www.diarioelzondasj.com.ar,Actividad legislativa. La Cámara de Diputados abrió sesión con foco en el Súper RIGI
2026-06-24,2026-W26,provincial,EL ZONDA,San Juan,Cuyo,San Juan,https://www.diarioelzondasj.com.ar,Turismo de invierno. Ischigualasto refuerza su operativo para la temporada invernal
2026-06-24,2026-W26,provincial,EL ZONDA,San Juan,Cuyo,San Juan,https://www.diarioelzondasj.com.ar,Coordinación institucional. Impulsan un manual para ordenar la relación entre la abogacía y las fuerzas de seguridad
2026-06-24,2026-W26,provincial,EL ZONDA,San Juan,Cuyo,San Juan,https://www.diarioelzondasj.com.ar,Educación ambiental en marcha. Anchipurac acompañó proyectos ambientales en más de 40 escuelas de la provincia
2026-06-24,2026-W26,provincial,EL ZONDA,San Juan,Cuyo,San Juan,https://www.diarioelzondasj.com.ar,"Agenda apícola provincial. San Juan pondrá en marcha la semana de la miel con degustaciones, charlas y actividades"
2026-06-24,2026-W26,provincial,EL ZONDA,San Juan,Cuyo,San Juan,https://www.diarioelzondasj.com.ar,Gestión ambiental. Cambio Verde sumó 163 vouchers y recuperó 11 contenedores de reciclables en junio
2026-06-24,2026-W26,provincial,EL ZONDA,San Juan,Cuyo,San Juan,https://www.diarioelzondasj.com.ar,Plan de modernización. Naturgy San Juan mejora la red eléctrica y los centros de atención
2026-06-24,2026-W26,provincial,EL ZONDA,San Juan,Cuyo,San Juan,https://www.diarioelzondasj.com.ar,Excelente propuesta. San Juan impulsa su identidad gastronómica con una nueva edición de S.A.B.O.R
2026-06-24,2026-W26,provincial,EL ZONDA,San Juan,Cuyo,San Juan,https://www.diarioelzondasj.com.ar,Alerta vecinal. Buscan a una cabra llamada Chivi en el límite entre Rawson y Pocito y ofrecen recompensa
2026-06-24,2026-W26,provincial,EL ZONDA,San Juan,Cuyo,San Juan,https://www.diarioelzondasj.com.ar,Mundial 2026. La FIFA designó a un árbitro rumano para el cierre de Argentina en el Grupo J
2026-06-24,2026-W26,provincial,EL ZONDA,San Juan,Cuyo,San Juan,https://www.diarioelzondasj.com.ar,Justicia Federal. La Justicia autorizó que el abogado De la fuente continúe el proceso desde su vivienda
2026-06-24,2026-W26,provincial,EL ZONDA,San Juan,Cuyo,San Juan,https://www.diarioelzondasj.com.ar,"Judicial. Dispararon contra vecinos, provocaron lesiones y acordaron condenas en un juicio abreviado"
2026-06-24,2026-W26,provincial,EL ZONDA,San Juan,Cuyo,San Juan,https://www.diarioelzondasj.com.ar,Alarma vecinal. Indignación en La Bebida: robaron un ENI y se llevaron hasta los juguetes
2026-06-24,2026-W26,provincial,EL ZONDA,San Juan,Cuyo,San Juan,https://www.diarioelzondasj.com.ar,Condena en Flagrancia. Una mujer recibió prisión efectiva por su participación en el intento de robo de una trafic en Capital
2026-06-24,2026-W26,provincial,EL ZONDA,San Juan,Cuyo,San Juan,https://www.diarioelzondasj.com.ar,"Calendario litúrgico. San Juan Bautista: origen, tradición y plegaria asociada a su celebración"
2026-06-24,2026-W26,provincial,EL ZONDA,San Juan,Cuyo,San Juan,https://www.diarioelzondasj.com.ar,Patrimonio bajo resguardo. La Policía Federal frenó la venta de un lote con más de 200 piezas históricas
2026-06-24,2026-W26,provincial,EL ZONDA,San Juan,Cuyo,San Juan,https://www.diarioelzondasj.com.ar,"Educación y desarrollo. Los Azules recibió el Sello ""Compromiso por la Alfabetización"""
2026-06-24,2026-W26,provincial,EL ZONDA,San Juan,Cuyo,San Juan,https://www.diarioelzondasj.com.ar,Seguridad. Disparos y miedo en barrios de San Juan: cómo es el operativo policial para contener los hechos
2026-06-24,2026-W26,provincial,EL ZONDA,San Juan,Cuyo,San Juan,https://www.diarioelzondasj.com.ar,"Comisión conjunta. Impulsan un protocolo para ordenar la relación entre abogados, policías y personal penitenciario"
2026-06-24,2026-W26,provincial,EL ZONDA,San Juan,Cuyo,San Juan,https://www.diarioelzondasj.com.ar,Actividad militar programada. El Ejército llevará a cabo prácticas de tiro en el predio de Marquesado
2026-06-24,2026-W26,provincial,EL ZONDA,San Juan,Cuyo,San Juan,https://www.diarioelzondasj.com.ar,"Día de la Bandera. Jessica Belgrano: ""Si hubiéramos conocido de verdad a Belgrano, la Argentina sería distinta"""
2026-06-24,2026-W26,provincial,EL ZONDA,San Juan,Cuyo,San Juan,https://www.diarioelzondasj.com.ar,"Cultura asiática. La llegada de Gino Drag, el sorteo de Stray Kids y concursos con dinero en efectivo: todo listo para ""Tokyo No Yoru"""
2026-06-24,2026-W26,provincial,EL ZONDA,San Juan,Cuyo,San Juan,https://www.diarioelzondasj.com.ar,Importante. Convocan a bailarines sanjuaninos para integrar la Gala Patria del 9 de Julio
2026-06-24,2026-W26,provincial,EL ZONDA,San Juan,Cuyo,San Juan,https://www.diarioelzondasj.com.ar,"Este sabado. ""Devotion"", la propuesta musical de Kapai Duo llega al Teatro del Bicentenario"
2026-06-24,2026-W26,provincial,EL ZONDA,San Juan,Cuyo,San Juan,https://www.diarioelzondasj.com.ar,Interesante. Sonido Real Reggae Fest celebra la historia y el presente del reggae sanjuanino
2026-06-24,2026-W26,provincial,EL ZONDA,San Juan,Cuyo,San Juan,https://www.diarioelzondasj.com.ar,Música fusión. Piel de Jarilla: El latido electrónico de la raíz cuyana
2026-06-24,2026-W26,provincial,EL ZONDA,San Juan,Cuyo,San Juan,https://www.diarioelzondasj.com.ar,Salud pública en alerta. La tuberculosis mantiene su avance en el país y marca el nivel más alto desde 2020
2026-06-24,2026-W26,provincial,EL ZONDA,San Juan,Cuyo,San Juan,https://www.diarioelzondasj.com.ar,Salud visual en territorio. Anuncian controles oftalmológicos en San Martín y Rawson para personas desde los 6 años
2026-06-24,2026-W26,provincial,EL ZONDA,San Juan,Cuyo,San Juan,https://www.diarioelzondasj.com.ar,Salud y solidaridad. El IPHEM convocó a una colecta de sangre en el Parque de Mayo
2026-06-24,2026-W26,provincial,EL ZONDA,San Juan,Cuyo,San Juan,https://www.diarioelzondasj.com.ar,Atención territorial. Operativo sanitario móvil atenderá en Pedernal durante una semana
2026-06-24,2026-W26,provincial,EL ZONDA,San Juan,Cuyo,San Juan,https://www.diarioelzondasj.com.ar,Plataforma digital. WhatsApp avanza con dos cambios orientados a la privacidad y la organización
2026-06-24,2026-W26,provincial,EL ZONDA,San Juan,Cuyo,San Juan,https://www.diarioelzondasj.com.ar,Industria espacial. SpaceSail abre una nueva ronda de capital para acelerar su despliegue satelital
2026-06-24,2026-W26,provincial,EL ZONDA,San Juan,Cuyo,San Juan,https://www.diarioelzondasj.com.ar,Salud y neurociencia. La ciencia explica por qué repetir una canción favorita también impacta en el cerebro
2026-06-24,2026-W26,provincial,HUARPE,San Juan,Cuyo,San Juan,https://www.diariohuarpe.com,"Diario Huarpe: Últimas noticias de San Juan, Argentina y el mundo"
2026-06-24,2026-W26,provincial,HUARPE,San Juan,Cuyo,San Juan,https://www.diariohuarpe.com,Cuatro detenidos por usurpar una vivienda para vender droga
2026-06-24,2026-W26,provincial,HUARPE,San Juan,Cuyo,San Juan,https://www.diariohuarpe.com,Suiza venció a Canadá y terminó como líder del Grupo B del Mundial
2026-06-24,2026-W26,provincial,HUARPE,San Juan,Cuyo,San Juan,https://www.diariohuarpe.com,Bosnia venció a Qatar y sueña con avanzar a los 16avos del Mundial
2026-06-24,2026-W26,provincial,HUARPE,San Juan,Cuyo,San Juan,https://www.diariohuarpe.com,El contraste del Mundial: calor extremo y asientos vacíos
2026-06-24,2026-W26,provincial,HUARPE,San Juan,Cuyo,San Juan,https://www.diariohuarpe.com,Bochini habló con GRUPO HUARPE: los elogios a la Selección y Messi
2026-06-24,2026-W26,provincial,HUARPE,San Juan,Cuyo,San Juan,https://www.diariohuarpe.com,GRUPO HUARPE y el apoyo internacional para la Selección Argentina desde el Fan Fest
2026-06-24,2026-W26,provincial,HUARPE,San Juan,Cuyo,San Juan,https://www.diariohuarpe.com,El asado que conquista Dallas: la historia del “Bomba” argentino
2026-06-24,2026-W26,provincial,HUARPE,San Juan,Cuyo,San Juan,https://www.diariohuarpe.com,Arranca la última fecha de la fase de grupos del Mundial: quiénes juegan
2026-06-24,2026-W26,provincial,HUARPE,San Juan,Cuyo,San Juan,https://www.diariohuarpe.com,Brasil quiere ser líder en el Mundial pero al frente tiene a Escocia
2026-06-24,2026-W26,provincial,HUARPE,San Juan,Cuyo,San Juan,https://www.diariohuarpe.com,Marruecos va por el liderato del Mundial ante un ya eliminado Haití
2026-06-24,2026-W26,provincial,HUARPE,San Juan,Cuyo,San Juan,https://www.diariohuarpe.com,México enfrenta a República Checa con el liderato del Mundial ya asegurado
2026-06-24,2026-W26,provincial,HUARPE,San Juan,Cuyo,San Juan,https://www.diariohuarpe.com,Grupos y resultados
2026-06-24,2026-W26,provincial,HUARPE,San Juan,Cuyo,San Juan,https://www.diariohuarpe.com,Fixture: resultados y posiciones en vivo
2026-06-24,2026-W26,provincial,HUARPE,San Juan,Cuyo,San Juan,https://www.diariohuarpe.com,Chimbas impulsa una diplomatura inédita sobre industrias creativas
2026-06-24,2026-W26,provincial,HUARPE,San Juan,Cuyo,San Juan,https://www.diariohuarpe.com,El dólar oficial tocó su máximo anual y superó el 5% en junio
2026-06-24,2026-W26,provincial,HUARPE,San Juan,Cuyo,San Juan,https://www.diariohuarpe.com,“Messigue ilusionando”: La Selección sorprendió a Messi con un video
2026-06-24,2026-W26,provincial,HUARPE,San Juan,Cuyo,San Juan,https://www.diariohuarpe.com,Una escuela sanjuanina homenajeó a Messi por sus 39 años de vida
2026-06-24,2026-W26,provincial,HUARPE,San Juan,Cuyo,San Juan,https://www.diariohuarpe.com,Revocaron la preventiva y liberaron al único preso por el crimen de Yáñez
2026-06-24,2026-W26,provincial,HUARPE,San Juan,Cuyo,San Juan,https://www.diariohuarpe.com,Naturgy invertirá 124 millones de euros para transformar la red eléctrica de San Juan
2026-06-24,2026-W26,provincial,HUARPE,San Juan,Cuyo,San Juan,https://www.diariohuarpe.com,El emotivo canto del Coro de Niños de la UNSJ a Lionel Messi
2026-06-24,2026-W26,provincial,HUARPE,San Juan,Cuyo,San Juan,https://www.diariohuarpe.com,Últimas noticias
2026-06-24,2026-W26,provincial,HUARPE,San Juan,Cuyo,San Juan,https://www.diariohuarpe.com,"""Nos cambiaste la vida"": el mensaje de la Selección a Messi"
2026-06-24,2026-W26,provincial,HUARPE,San Juan,Cuyo,San Juan,https://www.diariohuarpe.com,Abel Pintos y 5.000 chicos le cantaron a Messi por sus 39 años
2026-06-24,2026-W26,provincial,HUARPE,San Juan,Cuyo,San Juan,https://www.diariohuarpe.com,FIFA confirmó la sanción a Miguel Almirón tras su insólita roja en el Mundial
2026-06-24,2026-W26,provincial,HUARPE,San Juan,Cuyo,San Juan,https://www.diariohuarpe.com,Diputados aprobó el pago de USD 171 millones a fondos buitres
2026-06-24,2026-W26,provincial,HUARPE,San Juan,Cuyo,San Juan,https://www.diariohuarpe.com,Cómo eliminar hormigas de tu casa con talco y otros trucos efectivos
2026-06-24,2026-W26,provincial,HUARPE,San Juan,Cuyo,San Juan,https://www.diariohuarpe.com,El árbitro que dirigirá a Argentina y que tiene un polémico antecedente
2026-06-24,2026-W26,provincial,HUARPE,San Juan,Cuyo,San Juan,https://www.diariohuarpe.com,Hallan más de 200 documentos históricos antes de una subasta
2026-06-24,2026-W26,provincial,HUARPE,San Juan,Cuyo,San Juan,https://www.diariohuarpe.com,El Gobierno nacional consiguió quórum y avanza con el debate del Súper RIGI
2026-06-24,2026-W26,provincial,HUARPE,San Juan,Cuyo,San Juan,https://www.diariohuarpe.com,Con 19 años recibió su primera condena por un robo en Chimbas
2026-06-24,2026-W26,provincial,HUARPE,San Juan,Cuyo,San Juan,https://www.diariohuarpe.com,Las nuevas medidas que tomó la Policía tras el incidente de San Martín
2026-06-24,2026-W26,provincial,HUARPE,San Juan,Cuyo,San Juan,https://www.diariohuarpe.com,“La minería va a necesitar muchos más ingenieros”: el mensaje de Andemira a estudiantes de la UNSJ
2026-06-24,2026-W26,provincial,HUARPE,San Juan,Cuyo,San Juan,https://www.diariohuarpe.com,Increíble enfrentamiento en UPD: Santísimo Sacramento vs Illia en Rivadavia
2026-06-24,2026-W26,provincial,HUARPE,San Juan,Cuyo,San Juan,https://www.diariohuarpe.com,"Moda Circular, Daniela nos enseña a hacer un Mono de peluche!"
2026-06-24,2026-W26,provincial,HUARPE,San Juan,Cuyo,San Juan,https://www.diariohuarpe.com,Antonella Kappes - voluntaria fan fest en Kansas
2026-06-24,2026-W26,provincial,HUARPE,San Juan,Cuyo,San Juan,https://www.diariohuarpe.com,ANA EN AUSTIN-TEXAS
2026-06-24,2026-W26,provincial,HUARPE,San Juan,Cuyo,San Juan,https://www.diariohuarpe.com,Ana sigue en EEUU con unos invitados muy especiales
2026-06-24,2026-W26,provincial,HUARPE,San Juan,Cuyo,San Juan,https://www.diariohuarpe.com,Brownies de frutos secos muy faciles!
2026-06-24,2026-W26,provincial,HUARPE,San Juan,Cuyo,San Juan,https://www.diariohuarpe.com,Messi y el camino que lo llevó a la cima de los Mundiales
2026-06-24,2026-W26,provincial,HUARPE,San Juan,Cuyo,San Juan,https://www.diariohuarpe.com,El planteo del abogado Naser Uzair derivó en un manual de actuaciones
2026-06-24,2026-W26,provincial,HUARPE,San Juan,Cuyo,San Juan,https://www.diariohuarpe.com,Hackearon a Carmen Barbieri y quisieron estafar a Ángel de Brito
2026-06-24,2026-W26,provincial,HUARPE,San Juan,Cuyo,San Juan,https://www.diariohuarpe.com,Boca quiere a un campeón del mundo: cuánto le piden por Rulli
2026-06-24,2026-W26,provincial,HUARPE,San Juan,Cuyo,San Juan,https://www.diariohuarpe.com,Nicole Neumann reveló cómo engañó a su novio con un cantante internacional
2026-06-24,2026-W26,provincial,HUARPE,San Juan,Cuyo,San Juan,https://www.diariohuarpe.com,San Juan suma 16 asistentes de IA y transforma la gestión judicial
2026-06-24,2026-W26,provincial,HUARPE,San Juan,Cuyo,San Juan,https://www.diariohuarpe.com,Tres recetas de tortitas de espinaca y queso sin harina para la sarten
2026-06-24,2026-W26,provincial,HUARPE,San Juan,Cuyo,San Juan,https://www.diariohuarpe.com,Ordenan a PAMI e Incluir Salud a regularizar pagos a discapacidad en 72 horas
2026-06-24,2026-W26,provincial,HUARPE,San Juan,Cuyo,San Juan,https://www.diariohuarpe.com,Dante Alighieri y Néstor Kirchner se enfrentaron en UPD
2026-06-24,2026-W26,provincial,HUARPE,San Juan,Cuyo,San Juan,https://www.diariohuarpe.com,"UPD: amistad, anécdotas y emoción en el duelo entre Caucete y Capital"
2026-06-24,2026-W26,provincial,HUARPE,San Juan,Cuyo,San Juan,https://www.diariohuarpe.com,María Auxiliadora y Provincia de Tucumán dieron batalla en UPD
2026-06-24,2026-W26,provincial,DIARIO DE LA REPÚBLICA,San Luis,Cuyo,San Luis,https://www.eldiariodelarepublica.com,El Diario de la República
2026-06-24,2026-W26,provincial,DIARIO DE LA REPÚBLICA,San Luis,Cuyo,San Luis,https://www.eldiariodelarepublica.com,"La angustia de una comerciante: ""No puedo sostener este sueño"""
2026-06-24,2026-W26,provincial,DIARIO DE LA REPÚBLICA,San Luis,Cuyo,San Luis,https://www.eldiariodelarepublica.com,"En las narices de Poggi, un duro comunicado contra el RIPEE"
2026-06-24,2026-W26,provincial,DIARIO DE LA REPÚBLICA,San Luis,Cuyo,San Luis,https://www.eldiariodelarepublica.com,"Una obra de teatro puntana con buena recepción, aplausos y menciones en Córdoba"
2026-06-24,2026-W26,provincial,DIARIO DE LA REPÚBLICA,San Luis,Cuyo,San Luis,https://www.eldiariodelarepublica.com,Rechazan por inadecuado el predio elegido para la instalación de una carpa social
2026-06-24,2026-W26,provincial,DIARIO DE LA REPÚBLICA,San Luis,Cuyo,San Luis,https://www.eldiariodelarepublica.com,"Frío y ratas, la situación en que se estudia en la Paula Domínguez de Bazán"
2026-06-24,2026-W26,provincial,DIARIO DE LA REPÚBLICA,San Luis,Cuyo,San Luis,https://www.eldiariodelarepublica.com,Messi cumple 39 años en plena búsqueda de su segundo Mundial
2026-06-24,2026-W26,provincial,DIARIO DE LA REPÚBLICA,San Luis,Cuyo,San Luis,https://www.eldiariodelarepublica.com,"Con doblete de Cristiano Ronaldo, Portugal aplastó 5-0 a Uzbekistán"
2026-06-24,2026-W26,provincial,DIARIO DE LA REPÚBLICA,San Luis,Cuyo,San Luis,https://www.eldiariodelarepublica.com,Empiezan las definiciones en la fase de grupos
2026-06-24,2026-W26,provincial,DIARIO DE LA REPÚBLICA,San Luis,Cuyo,San Luis,https://www.eldiariodelarepublica.com,"Colombia ganó, es líder y espera a Portugal"
2026-06-24,2026-W26,provincial,DIARIO DE LA REPÚBLICA,San Luis,Cuyo,San Luis,https://www.eldiariodelarepublica.com,Inglaterra y Ghana igualaron sin goles y repartieron puntos
2026-06-24,2026-W26,provincial,DIARIO DE LA REPÚBLICA,San Luis,Cuyo,San Luis,https://www.eldiariodelarepublica.com,Perú: Keiko Fujimori supera a Roberto Sánchez por más de 44.000 votos
2026-06-24,2026-W26,provincial,DIARIO DE LA REPÚBLICA,San Luis,Cuyo,San Luis,https://www.eldiariodelarepublica.com,Escándalo en una comisaría: le robaron el arma reglamentaria a un policía mientras dormía
2026-06-24,2026-W26,provincial,DIARIO DE LA REPÚBLICA,San Luis,Cuyo,San Luis,https://www.eldiariodelarepublica.com,Entraron a una casa del “900 Viviendas” y robaron una bicicleta
2026-06-24,2026-W26,provincial,DIARIO DE LA REPÚBLICA,San Luis,Cuyo,San Luis,https://www.eldiariodelarepublica.com,Hicieron una colecta para participar de un Panamericano y se trajeron todas las medallas
2026-06-24,2026-W26,provincial,DIARIO DE LA REPÚBLICA,San Luis,Cuyo,San Luis,https://www.eldiariodelarepublica.com,"Inseguridad, abandono y violencia en las principales plazas de San Luis"
2026-06-24,2026-W26,provincial,DIARIO DE LA REPÚBLICA,San Luis,Cuyo,San Luis,https://www.eldiariodelarepublica.com,De opositor ambientalista a denunciante de jueces
2026-06-24,2026-W26,provincial,DIARIO DE LA REPÚBLICA,San Luis,Cuyo,San Luis,https://www.eldiariodelarepublica.com,¿Quién es el empresario puntano acusado por el gobernador de Mendoza de hacer fake news?
2026-06-24,2026-W26,provincial,DIARIO DE LA REPÚBLICA,San Luis,Cuyo,San Luis,https://www.eldiariodelarepublica.com,"Alberto Rodríguez Saá: ""En cuatro o cinco meses se puede reconstruir San Luis"""
2026-06-24,2026-W26,provincial,DIARIO DE LA REPÚBLICA,San Luis,Cuyo,San Luis,https://www.eldiariodelarepublica.com,"Bartolomé Abdala quiere ser gobernador de San Luis: ""Tengo el traje puesto"""
2026-06-24,2026-W26,provincial,DIARIO DE LA REPÚBLICA,San Luis,Cuyo,San Luis,https://www.eldiariodelarepublica.com,La Toma: cierran la terminal en la madrugada y los pasajeros deben esperar a la intemperie
2026-06-24,2026-W26,provincial,DIARIO DE LA REPÚBLICA,San Luis,Cuyo,San Luis,https://www.eldiariodelarepublica.com,El condenado por un recordado asesinato en San Luis fue detenido en Mendoza
2026-06-24,2026-W26,provincial,DIARIO DE LA REPÚBLICA,San Luis,Cuyo,San Luis,https://www.eldiariodelarepublica.com,"""Las políticas públicas del Gobierno y del Ministerio de Turismo no son acertadas"""
2026-06-24,2026-W26,provincial,DIARIO DE LA REPÚBLICA,San Luis,Cuyo,San Luis,https://www.eldiariodelarepublica.com,Intiman a Vallejo a llamar a elecciones y rechazan una posible intervención
2026-06-24,2026-W26,provincial,DIARIO DE LA REPÚBLICA,San Luis,Cuyo,San Luis,https://www.eldiariodelarepublica.com,Denuncian el despido de una trabajadora con dos hijos discapacitados
2026-06-24,2026-W26,provincial,DIARIO DE LA REPÚBLICA,San Luis,Cuyo,San Luis,https://www.eldiariodelarepublica.com,San Luis antes de San Luis: el viaje de millones de años del museo Contacto
2026-06-24,2026-W26,provincial,DIARIO DE LA REPÚBLICA,San Luis,Cuyo,San Luis,https://www.eldiariodelarepublica.com,El abrazo eterno de una escuela a las Malvinas: 649 pasos de memoria viva
2026-06-24,2026-W26,provincial,DIARIO DE LA REPÚBLICA,San Luis,Cuyo,San Luis,https://www.eldiariodelarepublica.com,Diputados puntanos respaldaron el pedido de sesión especial para interpelar a Adorni
2026-06-24,2026-W26,provincial,DIARIO DE LA REPÚBLICA,San Luis,Cuyo,San Luis,https://www.eldiariodelarepublica.com,"El rol de Endeiza en ""El Caburé"" desató un escándalo en el Superior Tribunal de Justicia"
2026-06-24,2026-W26,provincial,DIARIO DE LA REPÚBLICA,San Luis,Cuyo,San Luis,https://www.eldiariodelarepublica.com,Piden que urgente le pongan un freno al robo de ganado en los campos de San Luis
2026-06-24,2026-W26,provincial,DIARIO DE LA REPÚBLICA,San Luis,Cuyo,San Luis,https://www.eldiariodelarepublica.com,"Un penitenciario, cada vez más complicado en una causa de corrupción y abuso de menores"
2026-06-24,2026-W26,provincial,DIARIO DE LA REPÚBLICA,San Luis,Cuyo,San Luis,https://www.eldiariodelarepublica.com,Crisis humanitaria en las cárceles de Argentina
2026-06-24,2026-W26,provincial,DIARIO DE LA REPÚBLICA,San Luis,Cuyo,San Luis,https://www.eldiariodelarepublica.com,Tragedia: un micro se subió a una vereda y atropelló a varios peatones
2026-06-24,2026-W26,provincial,DIARIO DE LA REPÚBLICA,San Luis,Cuyo,San Luis,https://www.eldiariodelarepublica.com,"San Lorenzo se quedó sin técnico, renunció Gustavo Álvarez"
2026-06-24,2026-W26,provincial,DIARIO DE LA REPÚBLICA,San Luis,Cuyo,San Luis,https://www.eldiariodelarepublica.com,Juventud empató con Fadep en El Bajo; alerta el presente sin triunfos
2026-06-24,2026-W26,provincial,DIARIO DE LA REPÚBLICA,San Luis,Cuyo,San Luis,https://www.eldiariodelarepublica.com,"Otro empate de San Luis FC, que suma y suma de visitante"
2026-06-24,2026-W26,provincial,DIARIO DE LA REPÚBLICA,San Luis,Cuyo,San Luis,https://www.eldiariodelarepublica.com,"""Susurros del alma"", relatos escuchados y vividos"
2026-06-24,2026-W26,provincial,DIARIO DE LA REPÚBLICA,San Luis,Cuyo,San Luis,https://www.eldiariodelarepublica.com,"Un festival de teatro con muchas risas, más historia y una pregunta que queda en el aire"
2026-06-24,2026-W26,provincial,DIARIO DE LA REPÚBLICA,San Luis,Cuyo,San Luis,https://www.eldiariodelarepublica.com,"Registro de los restos: la memoria fragmentada de ""Sara"""
2026-06-24,2026-W26,provincial,DIARIO DE LA REPÚBLICA,San Luis,Cuyo,San Luis,https://www.eldiariodelarepublica.com,El Solar de las Miradas cumple 20 años: el rincón puntano que enseña a observar el cosmos
2026-06-24,2026-W26,provincial,DIARIO DE LA REPÚBLICA,San Luis,Cuyo,San Luis,https://www.eldiariodelarepublica.com,"Taty, la mujer que convirtió el dolor en memoria"
2026-06-24,2026-W26,provincial,DIARIO DE LA REPÚBLICA,San Luis,Cuyo,San Luis,https://www.eldiariodelarepublica.com,"Axel: ""Soy de los que creen que siempre se sale adelante"""
2026-06-24,2026-W26,provincial,DIARIO DE LA REPÚBLICA,San Luis,Cuyo,San Luis,https://www.eldiariodelarepublica.com,"Frente al ordenamiento sin consenso, vecinos de Merlo toman la iniciativa en los barrios"
2026-06-24,2026-W26,provincial,DIARIO DE LA REPÚBLICA,San Luis,Cuyo,San Luis,https://www.eldiariodelarepublica.com,El consumo sigue estancado y no muestra señales de recuperación
2026-06-24,2026-W26,provincial,DIARIO DE LA REPÚBLICA,San Luis,Cuyo,San Luis,https://www.eldiariodelarepublica.com,“Mantenerse es todo”: la cruda realidad que golpea al turismo y al comercio en Potrero
2026-06-24,2026-W26,provincial,DIARIO DE LA REPÚBLICA,San Luis,Cuyo,San Luis,https://www.eldiariodelarepublica.com,Joaquim Lucero otra vez en la cima de la Matemática nacional
2026-06-24,2026-W26,provincial,DIARIO DE LA REPÚBLICA,San Luis,Cuyo,San Luis,https://www.eldiariodelarepublica.com,"El Club Rincón celebra 70 años de pasión, identidad y pertenencia"
2026-06-24,2026-W26,provincial,DIARIO DE LA REPÚBLICA,San Luis,Cuyo,San Luis,https://www.eldiariodelarepublica.com,"""Al pan pan"", la sala de teatro en donde el calor humano le ganó al frío"
2026-06-24,2026-W26,provincial,DIARIO DE LA REPÚBLICA,San Luis,Cuyo,San Luis,https://www.eldiariodelarepublica.com,La Cámara de Comercio de Potrero de los Funes lanza un circuito de QR
2026-06-24,2026-W26,provincial,DIARIO DE LA REPÚBLICA,San Luis,Cuyo,San Luis,https://www.eldiariodelarepublica.com,"El Chevrolet Sonic, la ‘nueva maravilla’ que transita por las calles y rutas de San Luis"
2026-06-24,2026-W26,provincial,EL CHORRILLERO,San Luis,Cuyo,San Luis,https://www.elchorrillero.com,"Poggi y el intendente Hissa inauguraron la renovada plaza del AMEP, la primera con un espacio para mascotas"
2026-06-24,2026-W26,provincial,EL CHORRILLERO,San Luis,Cuyo,San Luis,https://www.elchorrillero.com,$1.200 millones. Un Tribunal hizo lugar a la apelación del Gobierno y anuló los honorarios millonarios fijados por una jueza en contra de la Provincia
2026-06-24,2026-W26,provincial,EL CHORRILLERO,San Luis,Cuyo,San Luis,https://www.elchorrillero.com,Aulas sanas: el Gobierno capacitará a los docentes sobre salud y gestión emocional
2026-06-24,2026-W26,provincial,EL CHORRILLERO,San Luis,Cuyo,San Luis,https://www.elchorrillero.com,Poggi anunció una inversión de más de $723 millones para modernizar hospitales de San Luis y Villa Mercedes
2026-06-24,2026-W26,provincial,EL CHORRILLERO,San Luis,Cuyo,San Luis,https://www.elchorrillero.com,"El mismo día en que la escuela de GEPU recibió $30 millones del Gobierno, $4,5 millones fueron transferidos a la hija de la directora"
2026-06-24,2026-W26,provincial,EL CHORRILLERO,San Luis,Cuyo,San Luis,https://www.elchorrillero.com,El dólar oficial vuelve a subir y se acerca a los $1500 en el Banco Nación
2026-06-24,2026-W26,provincial,EL CHORRILLERO,San Luis,Cuyo,San Luis,https://www.elchorrillero.com,"Con nuevos circuitos, se definieron los cinco escenarios de la Copa de Oro del TC: cuándo corre en San Luis"
2026-06-24,2026-W26,provincial,EL CHORRILLERO,San Luis,Cuyo,San Luis,https://www.elchorrillero.com,Alerta amarilla por frío extremo en San Luis: qué zonas están afectadas
2026-06-24,2026-W26,provincial,EL CHORRILLERO,San Luis,Cuyo,San Luis,https://www.elchorrillero.com,San Luis abraza al capitán: el saludo de los puntanos a Lionel Messi por sus 39 años
2026-06-24,2026-W26,provincial,EL CHORRILLERO,San Luis,Cuyo,San Luis,https://www.elchorrillero.com,Más puestos de trabajo. Una empresa de San Luis invertirá $6.000 millones para abastecer a Vaca Muerta
2026-06-24,2026-W26,provincial,EL CHORRILLERO,San Luis,Cuyo,San Luis,https://www.elchorrillero.com,"Video. ¡Feliz cumple, capitán!"
2026-06-24,2026-W26,provincial,EL CHORRILLERO,San Luis,Cuyo,San Luis,https://www.elchorrillero.com,Video. Con el foco en el Mundial: la publicación de Messi en su cumpleaños
2026-06-24,2026-W26,provincial,EL CHORRILLERO,San Luis,Cuyo,San Luis,https://www.elchorrillero.com,La sexta función del rey: Messi sigue conquistando el mundo con los récords que ya rompió y los que todavía puede alcanzar
2026-06-24,2026-W26,provincial,EL CHORRILLERO,San Luis,Cuyo,San Luis,https://www.elchorrillero.com,"La economía empezó el 2026 con crecimiento: mejoró en el primer trimestre por el agro, la minería y Vaca Muerta"
2026-06-24,2026-W26,provincial,EL CHORRILLERO,San Luis,Cuyo,San Luis,https://www.elchorrillero.com,Caso Insaurralde: el fiscal pidió un peritaje sobre los videos de Jesica Cirio para saber el monto del dinero guardado
2026-06-24,2026-W26,provincial,EL CHORRILLERO,San Luis,Cuyo,San Luis,https://www.elchorrillero.com,"Javier Ontiveros, condenado por el crimen de Fabio Bea, cayó acusado de integrar una red narco que operaba en San Luis"
2026-06-24,2026-W26,provincial,EL CHORRILLERO,San Luis,Cuyo,San Luis,https://www.elchorrillero.com,"Chocó a una familia, dejó a dos nenes con fracturas graves y propusieron una condena en suspenso"
2026-06-24,2026-W26,provincial,EL CHORRILLERO,San Luis,Cuyo,San Luis,https://www.elchorrillero.com,San Luis amaneció bajo cero: Navia lideró el ranking de las localidades más frías con -9°C
2026-06-24,2026-W26,provincial,EL CHORRILLERO,San Luis,Cuyo,San Luis,https://www.elchorrillero.com,"Arthur Brooks, catedrático de Harvard: “Las personas más felices son las que nunca dejan de aprender”"
2026-06-24,2026-W26,provincial,EL CHORRILLERO,San Luis,Cuyo,San Luis,https://www.elchorrillero.com,El PANE Invierno entregará bolsones de alimentos a estudiantes durante el receso escolar
2026-06-24,2026-W26,provincial,EL CHORRILLERO,San Luis,Cuyo,San Luis,https://www.elchorrillero.com,Causa Cuadernos de las coimas: revelan que un contratista usó plata de un gasoducto para contratar a Ricky Martin
2026-06-24,2026-W26,provincial,EL CHORRILLERO,San Luis,Cuyo,San Luis,https://www.elchorrillero.com,Video. Un jinete que recorre el país a caballo se quedó sin agua en San Luis y la Difunta Correa lo salvó
2026-06-24,2026-W26,provincial,EL CHORRILLERO,San Luis,Cuyo,San Luis,https://www.elchorrillero.com,El mensaje de Antonela Roccuzzo que enamoró a todos por el cumpleaños de Messi
2026-06-24,2026-W26,provincial,EL CHORRILLERO,San Luis,Cuyo,San Luis,https://www.elchorrillero.com,Por Sofía Ortiz. Imputaron al presidente de GEPU y a tres familiares por presunto desvío de fondos del club
2026-06-24,2026-W26,provincial,EL CHORRILLERO,San Luis,Cuyo,San Luis,https://www.elchorrillero.com,"En Chile. Volvían de Mendoza, le robaron el auto y su hijo de 12 años murió arrastrado por kilómetros"
2026-06-24,2026-W26,provincial,EL CHORRILLERO,San Luis,Cuyo,San Luis,https://www.elchorrillero.com,Cambió el tope de ingresos del SUAF: qué trabajadores dejan de cobrar las asignaciones familiares de Anses
2026-06-24,2026-W26,provincial,EL CHORRILLERO,San Luis,Cuyo,San Luis,https://www.elchorrillero.com,El plan desestabilizador de Alberto Rodríguez Saá
2026-06-24,2026-W26,provincial,EL CHORRILLERO,San Luis,Cuyo,San Luis,https://www.elchorrillero.com,"“Gracias Alberto, el dinero está ´robado´”"
2026-06-24,2026-W26,provincial,EL CHORRILLERO,San Luis,Cuyo,San Luis,https://www.elchorrillero.com,Mundial 2026: se confirmó la terna arbitral del partido de Argentina contra Jordania
2026-06-24,2026-W26,provincial,EL CHORRILLERO,San Luis,Cuyo,San Luis,https://www.elchorrillero.com,"Argentina ya tiene día, horario y estadio confirmados para el duelo de 16avos de final del Mundial: los posibles rivales"
2026-06-24,2026-W26,provincial,EL CHORRILLERO,San Luis,Cuyo,San Luis,https://www.elchorrillero.com,Mundial 2026: el impresionante récord que rompió Messi ante Austria
2026-06-24,2026-W26,provincial,EL CHORRILLERO,San Luis,Cuyo,San Luis,https://www.elchorrillero.com,"Messi: “Ya le dimos varias alegrías a la gente, pero intentaremos darle una más”"
2026-06-24,2026-W26,provincial,EL CHORRILLERO,San Luis,Cuyo,San Luis,https://www.elchorrillero.com,"En imágenes, la histórica actuación de Messi y clasificación de Argentina"
2026-06-24,2026-W26,provincial,EL CHORRILLERO,San Luis,Cuyo,San Luis,https://www.elchorrillero.com,Tragedia en La Pampa: quiénes eran las cuatro hermanas que murieron ahogadas en un accidente vial
2026-06-24,2026-W26,provincial,EL CHORRILLERO,San Luis,Cuyo,San Luis,https://www.elchorrillero.com,La nueva película que pone a Verónica Llinás como Azucena Villaflor y a Peter Lanzani como Alfredo Astiz
2026-06-24,2026-W26,provincial,EL CHORRILLERO,San Luis,Cuyo,San Luis,https://www.elchorrillero.com,El petróleo sigue en baja y vale menos de US$75
2026-06-24,2026-W26,provincial,EL CHORRILLERO,San Luis,Cuyo,San Luis,https://www.elchorrillero.com,La calculadora de Argentina para el cruce de 16avos de final del Mundial: cuál puede ser el rival
2026-06-24,2026-W26,provincial,EL CHORRILLERO,San Luis,Cuyo,San Luis,https://www.elchorrillero.com,Así llegan las selecciones sudamericanas a la última fecha de la fase de grupos
2026-06-24,2026-W26,provincial,EL CHORRILLERO,San Luis,Cuyo,San Luis,https://www.elchorrillero.com,Fue condenado por un intento de homicidio y ahora lo encontraron con más de 10 millones en cocaína; lo mandaron a la cárcel
2026-06-24,2026-W26,provincial,EL CHORRILLERO,San Luis,Cuyo,San Luis,https://www.elchorrillero.com,Detuvieron a una “viuda negra” que era agente de la PSA y está acusada de drogar y robar a un hombre
2026-06-24,2026-W26,provincial,EL CHORRILLERO,San Luis,Cuyo,San Luis,https://www.elchorrillero.com,Mundial 2026: Bellingham fue elegido la figura ante Ghana pero aseguró que no merecía el premio
2026-06-24,2026-W26,provincial,EL CHORRILLERO,San Luis,Cuyo,San Luis,https://www.elchorrillero.com,Zoonosis incorporará un nuevo tráiler veterinario con ecógrafo para atender mascotas en los barrios
2026-06-24,2026-W26,provincial,EL CHORRILLERO,San Luis,Cuyo,San Luis,https://www.elchorrillero.com,La puntana Lahiton sigue creciendo en la élite del judo continental
2026-06-24,2026-W26,provincial,EL CHORRILLERO,San Luis,Cuyo,San Luis,https://www.elchorrillero.com,Este viernes habrá una nueva jornada de donación de sangre
2026-06-24,2026-W26,provincial,EL CHORRILLERO,San Luis,Cuyo,San Luis,https://www.elchorrillero.com,EEUU impone nuevas sanciones a empresas cubanas clave para la economía de la isla
2026-06-24,2026-W26,provincial,EL CHORRILLERO,San Luis,Cuyo,San Luis,https://www.elchorrillero.com,Apoyo al sector privado. Una industria de San Luis encara un plan de expansión
2026-06-24,2026-W26,provincial,EL CHORRILLERO,San Luis,Cuyo,San Luis,https://www.elchorrillero.com,Una vidente asegura que habrá una abducción extraterrestre mientras jueguen Brasil y Escocia
2026-06-24,2026-W26,provincial,EL CHORRILLERO,San Luis,Cuyo,San Luis,https://www.elchorrillero.com,Liberaron al joven que empujó a otro y provocó que lo atropellen durante una pelea en Mar del Plata
2026-06-24,2026-W26,provincial,EL CHORRILLERO,San Luis,Cuyo,San Luis,https://www.elchorrillero.com,Condenaron a Julio De Vido en la causa Odebrecht y ya suma cuatro sentencias por corrupción
2026-06-24,2026-W26,provincial,EL CHORRILLERO,San Luis,Cuyo,San Luis,https://www.elchorrillero.com,La Liga Provincial tiene a sus cuatro semifinalistas y quedó definido el camino al título
2026-06-24,2026-W26,provincial,VILLA MERCEDES INFO,San Luis,Cuyo,Villa Mercedes,https://www.villamercedes.info,La Diffusione di PayPal nelle Scommesse secondo Betzoid Italia
2026-06-24,2026-W26,provincial,VILLA MERCEDES INFO,San Luis,Cuyo,Villa Mercedes,https://www.villamercedes.info,Mundial 2026 y apuestas online: alertan por el crecimiento del juego entre adolescentes y el uso indebido de tarjetas familiares
2026-06-24,2026-W26,provincial,VILLA MERCEDES INFO,San Luis,Cuyo,Villa Mercedes,https://www.villamercedes.info,Milei y Pullaro protagonizaron cruces discursivos sobre Manuel Belgrano durante el acto por el Día de la Bandera en Rosario
2026-06-24,2026-W26,provincial,VILLA MERCEDES INFO,San Luis,Cuyo,Villa Mercedes,https://www.villamercedes.info,“Pequeño J” denunció presuntas “torturas psicológicas” en la cárcel de Marcos Paz y pidió videollamadas con su familia
2026-06-24,2026-W26,provincial,VILLA MERCEDES INFO,San Luis,Cuyo,Villa Mercedes,https://www.villamercedes.info,"El petróleo cayó por debajo de los US$75, pero los combustibles siguen sin bajar en Villa Mercedes"
2026-06-24,2026-W26,provincial,VILLA MERCEDES INFO,San Luis,Cuyo,Villa Mercedes,https://www.villamercedes.info,24 de junio: por qué es una de las fechas más emblemáticas de la historia argentina
2026-06-24,2026-W26,provincial,VILLA MERCEDES INFO,San Luis,Cuyo,Villa Mercedes,https://www.villamercedes.info,River inició las obras del Monumental para el Mundial 2030: tendrá techo y capacidad para 101 mil espectadores
2026-06-24,2026-W26,provincial,VILLA MERCEDES INFO,San Luis,Cuyo,Villa Mercedes,https://www.villamercedes.info,Crece el malestar por una “Villa Cariño” en el centro de la ciudad
2026-06-24,2026-W26,provincial,VILLA MERCEDES INFO,San Luis,Cuyo,Villa Mercedes,https://www.villamercedes.info,San Luis: Ital Vinil invertirá $6.000 millones para abastecer a Vaca Muerta
2026-06-24,2026-W26,provincial,VILLA MERCEDES INFO,San Luis,Cuyo,Villa Mercedes,https://www.villamercedes.info,El drama de una familia argentina en Chile: un niño de 12 años murió tras ser arrastrado durante el robo de un auto
2026-06-24,2026-W26,provincial,VILLA MERCEDES INFO,San Luis,Cuyo,Villa Mercedes,https://www.villamercedes.info,Manuel Adorni se presentó ante el Senado y contradijo a Bullrich: aseguró que dará su informe de gestión el 2 de julio
2026-06-24,2026-W26,provincial,VILLA MERCEDES INFO,San Luis,Cuyo,Villa Mercedes,https://www.villamercedes.info,Frío intenso por la mañana y máximas de hasta 16°C en la provincia
2026-06-24,2026-W26,provincial,VILLA MERCEDES INFO,San Luis,Cuyo,Villa Mercedes,https://www.villamercedes.info,Villa Mercedes: demoraron a dos hombres vinculados a un robo en el barrio 960 Viviendas
2026-06-24,2026-W26,provincial,VILLA MERCEDES INFO,San Luis,Cuyo,Villa Mercedes,https://www.villamercedes.info,San Luis: Poggi pidió la remoción de una jueza por una regulación de honorarios superior a $1.100 millones
2026-06-24,2026-W26,provincial,VILLA MERCEDES INFO,San Luis,Cuyo,Villa Mercedes,https://www.villamercedes.info,Fórmula 1: Flavio Briatore confirmó cuándo decidirá Alpine el futuro de Franco Colapinto
2026-06-24,2026-W26,provincial,VILLA MERCEDES INFO,San Luis,Cuyo,Villa Mercedes,https://www.villamercedes.info,Polémica en Villa Mercedes por la extracción de áridos en el río Quinto: presentan una denuncia penal y responden desde Espejos de Agua
2026-06-24,2026-W26,provincial,VILLA MERCEDES INFO,San Luis,Cuyo,Villa Mercedes,https://www.villamercedes.info,Nicolás González Ferro impulsa un plan para premiar a las empresas que contraten proveedores de San Luis
2026-06-24,2026-W26,provincial,VILLA MERCEDES INFO,San Luis,Cuyo,Villa Mercedes,https://www.villamercedes.info,Villa Mercedes: dos detenidos durante los festejos por el triunfo de Argentina
2026-06-24,2026-W26,provincial,VILLA MERCEDES INFO,San Luis,Cuyo,Villa Mercedes,https://www.villamercedes.info,Femicidio de Agostina Vega: quién es quién en la causa que conmociona a Córdoba a un mes del crimen
2026-06-24,2026-W26,provincial,VILLA MERCEDES INFO,San Luis,Cuyo,Villa Mercedes,https://www.villamercedes.info,Manuel Adorni reunió a los senadores de La Libertad Avanza en medio de la tensión por una posible interpelación
2026-06-24,2026-W26,provincial,VILLA MERCEDES INFO,San Luis,Cuyo,Villa Mercedes,https://www.villamercedes.info,Denuncian que José Luis Espert presentó un contrato falso para justificar el ingreso de US$200.000 a su cuenta bancaria
2026-06-24,2026-W26,provincial,VILLA MERCEDES INFO,San Luis,Cuyo,Villa Mercedes,https://www.villamercedes.info,Mes de la Leche: Mastellone Hnos. entrega más de 250.000 vasos durante junio
2026-06-24,2026-W26,provincial,VILLA MERCEDES INFO,San Luis,Cuyo,Villa Mercedes,https://www.villamercedes.info,Familia Parra y BYD llegan a San Luis con un test drive masivo de vehículos híbridos y eléctricos
2026-06-24,2026-W26,provincial,VILLA MERCEDES INFO,San Luis,Cuyo,Villa Mercedes,https://www.villamercedes.info,Fiebre mundialista: los principales casinos de San Luis lanzan premios exclusivos para los fanáticos de la Selección
2026-06-24,2026-W26,provincial,VILLA MERCEDES INFO,San Luis,Cuyo,Villa Mercedes,https://www.villamercedes.info,San Luis advierte sobre el impacto de una posible reforma a la Ley de Biocombustibles y pide respaldo de los legisladores nacionales
2026-06-24,2026-W26,provincial,VILLA MERCEDES INFO,San Luis,Cuyo,Villa Mercedes,https://www.villamercedes.info,San Luis busca ampliar el programa Hora Más a 100 escuelas primarias de toda la provincia
2026-06-24,2026-W26,provincial,VILLA MERCEDES INFO,San Luis,Cuyo,Villa Mercedes,https://www.villamercedes.info,"Jésica Cirio: quién es Nicolás Trombino, el empresario vinculado a una investigación por tenencia de armas"
2026-06-24,2026-W26,provincial,VILLA MERCEDES INFO,San Luis,Cuyo,Villa Mercedes,https://www.villamercedes.info,Por qué los botines rosas dominan el Mundial 2026: la estrategia de las marcas detrás del color que invade las canchas
2026-06-24,2026-W26,provincial,VILLA MERCEDES INFO,San Luis,Cuyo,Villa Mercedes,https://www.villamercedes.info,"Luis Miguel internado tras una intervención cardíaca, su evolución ha sido descrita como favorable"
2026-06-24,2026-W26,provincial,VILLA MERCEDES INFO,San Luis,Cuyo,Villa Mercedes,https://www.villamercedes.info,Perfiles falsos en redes sociales: por qué crece el debate por regular la identidad digital en Argentina
2026-06-24,2026-W26,provincial,VILLA MERCEDES INFO,San Luis,Cuyo,Villa Mercedes,https://www.villamercedes.info,Villa Mercedes: demoraron a un hombre por el robo de una bicicleta y recuperaron el rodado
2026-06-24,2026-W26,provincial,VILLA MERCEDES INFO,San Luis,Cuyo,Villa Mercedes,https://www.villamercedes.info,"Tras la difusión de los videos con dólares, la Justicia allanó las viviendas de Jesica Cirio y Elías Piccirillo"
2026-06-24,2026-W26,provincial,VILLA MERCEDES INFO,San Luis,Cuyo,Villa Mercedes,https://www.villamercedes.info,Argentina venció a Austria con un doblete de Messi y clasificó a la próxima ronda del Mundial 2026
2026-06-24,2026-W26,provincial,VILLA MERCEDES INFO,San Luis,Cuyo,Villa Mercedes,https://www.villamercedes.info,Brasil goleó a Haití y quedó como líder del Grupo C en el Mundial 2026
2026-06-24,2026-W26,provincial,VILLA MERCEDES INFO,San Luis,Cuyo,Villa Mercedes,https://www.villamercedes.info,Argelia denunció a la FIFA el arbitraje ante Argentina y pidió revisar una acción de Messi en el Mundial 2026
2026-06-24,2026-W26,provincial,VILLA MERCEDES INFO,San Luis,Cuyo,Villa Mercedes,https://www.villamercedes.info,La familia Messi aclaró el estado de salud de Jorge Messi y pidió responsabilidad ante los rumores
2026-06-24,2026-W26,provincial,VILLA MERCEDES INFO,San Luis,Cuyo,Villa Mercedes,https://www.villamercedes.info,L’Evoluzione di PayPal nel Mercato Italiano delle Scommesse
2026-06-24,2026-W26,provincial,VILLA MERCEDES INFO,San Luis,Cuyo,Villa Mercedes,https://www.villamercedes.info,I Vantaggi dell’Utilizzo di PayPal per le Scommesse Online
2026-06-24,2026-W26,provincial,VILLA MERCEDES INFO,San Luis,Cuyo,Villa Mercedes,https://www.villamercedes.info,Le Sfide e i Limiti della Diffusione di PayPal
2026-06-24,2026-W26,provincial,VILLA MERCEDES INFO,San Luis,Cuyo,Villa Mercedes,https://www.villamercedes.info,Prospettive Future e Tendenze di Mercato
2026-06-24,2026-W26,provincial,VILLA MERCEDES INFO,San Luis,Cuyo,Villa Mercedes,https://www.villamercedes.info,El Gobierno autoriza una nueva toma de deuda por US$5.000 millones y acepta la jurisdicción de Nueva York
2026-06-24,2026-W26,provincial,VILLA MERCEDES INFO,San Luis,Cuyo,Villa Mercedes,https://www.villamercedes.info,Irán y Estados Unidos acordaron una hoja de ruta para intentar cerrar un acuerdo en 60 días
2026-06-24,2026-W26,provincial,VILLA MERCEDES INFO,San Luis,Cuyo,Villa Mercedes,https://www.villamercedes.info,Irán cierra el Estrecho de Ormuz tras ataques en Líbano y acusa a Estados Unidos de “romper el pacto”
2026-06-24,2026-W26,provincial,VILLA MERCEDES INFO,San Luis,Cuyo,Villa Mercedes,https://www.villamercedes.info,Ucrania lanzó el mayor ataque sobre Moscú en dos años y volvió a bombardear una refinería clave
2026-06-24,2026-W26,provincial,VILLA MERCEDES INFO,San Luis,Cuyo,Villa Mercedes,https://www.villamercedes.info,Villa Mercedes Info
2026-06-24,2026-W26,provincial,EL ANCASTI,Catamarca,NOA,Catamarca,https://www.elancasti.com.ar,Diputados sancionó el pago a los fondos buitre
2026-06-24,2026-W26,provincial,EL ANCASTI,Catamarca,NOA,Catamarca,https://www.elancasti.com.ar,Jalil participó del aniversario de Londres y destacó el avance de obras en el interior
2026-06-24,2026-W26,provincial,EL ANCASTI,Catamarca,NOA,Catamarca,https://www.elancasti.com.ar,"Ledesma, sobre Myrian Juárez: ""Dice mentiras con la misma soltura con la que cambia de bandera"""
2026-06-24,2026-W26,provincial,EL ANCASTI,Catamarca,NOA,Catamarca,https://www.elancasti.com.ar,Francia detecta el primer caso de ébola fuera de África
2026-06-24,2026-W26,provincial,EL ANCASTI,Catamarca,NOA,Catamarca,https://www.elancasti.com.ar,"""Messigue ilusionando"", el emotivo saludo de la Selección Argentina para Lionel"
2026-06-24,2026-W26,provincial,EL ANCASTI,Catamarca,NOA,Catamarca,https://www.elancasti.com.ar,"Pese al RIGI, la inversión en Argentina cayó por cuarto trimestre consecutivo"
2026-06-24,2026-W26,provincial,EL ANCASTI,Catamarca,NOA,Catamarca,https://www.elancasti.com.ar,Más de 200 documentos vinculados a San Martín y otros próceres iban a ser subastados
2026-06-24,2026-W26,provincial,EL ANCASTI,Catamarca,NOA,Catamarca,https://www.elancasti.com.ar,Galán puso en duda la vulnerabilidad de la denunciante
2026-06-24,2026-W26,provincial,EL ANCASTI,Catamarca,NOA,Catamarca,https://www.elancasti.com.ar,"César Cruz y su ""feliz cumple"" para Messi"
2026-06-24,2026-W26,provincial,EL ANCASTI,Catamarca,NOA,Catamarca,https://www.elancasti.com.ar,El dólar oficial volvió a subir y quedó al borde de los $1.500
2026-06-24,2026-W26,provincial,EL ANCASTI,Catamarca,NOA,Catamarca,https://www.elancasti.com.ar,"""Ratero serial"" y ""¿Cuántos pendrive?"": las chicanas por la fallida sesión contra Adorni"
2026-06-24,2026-W26,provincial,EL ANCASTI,Catamarca,NOA,Catamarca,https://www.elancasti.com.ar,Valle Viejo sin conciliación: se mantiene el reclamo por aumento salarial
2026-06-24,2026-W26,provincial,EL ANCASTI,Catamarca,NOA,Catamarca,https://www.elancasti.com.ar,Restablecen el transporte escolar para alumnos de El Portezuelo
2026-06-24,2026-W26,provincial,EL ANCASTI,Catamarca,NOA,Catamarca,https://www.elancasti.com.ar,La Capital suma tecnología para lanzar controles oftalmológicos gratuitos y entregar anteojos en el acto
2026-06-24,2026-W26,provincial,EL ANCASTI,Catamarca,NOA,Catamarca,https://www.elancasti.com.ar,Mañana arranca la venta presencial de entradas para el Poncho 2026
2026-06-24,2026-W26,provincial,EL ANCASTI,Catamarca,NOA,Catamarca,https://www.elancasti.com.ar,El equipo alternativo que prepara Scaloni para que Argentina cierre el grupo ante Jordania
2026-06-24,2026-W26,provincial,EL ANCASTI,Catamarca,NOA,Catamarca,https://www.elancasti.com.ar,La Justicia ordenó a PAMI regularizar pagos por discapacidad en Córdoba
2026-06-24,2026-W26,provincial,EL ANCASTI,Catamarca,NOA,Catamarca,https://www.elancasti.com.ar,Agua Rica iniciará las tareas de restauración ecológica en el área de Campo Grande
2026-06-24,2026-W26,provincial,EL ANCASTI,Catamarca,NOA,Catamarca,https://www.elancasti.com.ar,Comisión de la ONU denunció genocidio y crímenes de Israel contra niños palestinos
2026-06-24,2026-W26,provincial,EL ANCASTI,Catamarca,NOA,Catamarca,https://www.elancasti.com.ar,Londres cumple 468 años: la ciudad más antigua de Catamarca festeja
2026-06-24,2026-W26,provincial,EL ANCASTI,Catamarca,NOA,Catamarca,https://www.elancasti.com.ar,Las Pymes advierten que peligra el pago de salarios y aguinaldo por la morosidad y la caída de ventas
2026-06-24,2026-W26,provincial,EL ANCASTI,Catamarca,NOA,Catamarca,https://www.elancasti.com.ar,Crítica social y política: qué preparan los estudiantes del ISAC para el Fogón de San Juan
2026-06-24,2026-W26,provincial,EL ANCASTI,Catamarca,NOA,Catamarca,https://www.elancasti.com.ar,"El video de Messi en su cumpleaños: entrenamiento, cumbia y foco en la Selección"
2026-06-24,2026-W26,provincial,EL ANCASTI,Catamarca,NOA,Catamarca,https://www.elancasti.com.ar,¿Quién cuida a nuestros adultos mayores?
2026-06-24,2026-W26,provincial,EL ANCASTI,Catamarca,NOA,Catamarca,https://www.elancasti.com.ar,Locura albiceleste en Dallas
2026-06-24,2026-W26,provincial,EL ANCASTI,Catamarca,NOA,Catamarca,https://www.elancasti.com.ar,"La palabra de los hinchas tras la victoria de la ""Scaloneta"""
2026-06-24,2026-W26,provincial,EL ANCASTI,Catamarca,NOA,Catamarca,https://www.elancasti.com.ar,Movimientos sociales que hicieron historia
2026-06-24,2026-W26,provincial,EL ANCASTI,Catamarca,NOA,Catamarca,https://www.elancasti.com.ar,Un abuso muchas veces silencioso e invisible
2026-06-24,2026-W26,provincial,EL ANCASTI,Catamarca,NOA,Catamarca,https://www.elancasti.com.ar,Urgencias impostergables
2026-06-24,2026-W26,provincial,EL ANCASTI,Catamarca,NOA,Catamarca,https://www.elancasti.com.ar,Quemó a su expareja y lo imputaron por intento de homicidio agravado
2026-06-24,2026-W26,provincial,EL ANCASTI,Catamarca,NOA,Catamarca,https://www.elancasti.com.ar,Fallecieron cuatro hermanas al caer al agua
2026-06-24,2026-W26,provincial,EL ANCASTI,Catamarca,NOA,Catamarca,https://www.elancasti.com.ar,Incendios provocaron graves daños en dos viviendas de la Capital
2026-06-24,2026-W26,provincial,EL ANCASTI,Catamarca,NOA,Catamarca,https://www.elancasti.com.ar,Caso Agostina Vega: imágenes clave
2026-06-24,2026-W26,provincial,EL ANCASTI,Catamarca,NOA,Catamarca,https://www.elancasti.com.ar,Catamarca fortalece su agenda de juventudes: articulación institucional y formación estratégica como ejes de la Comisión Demográfica
2026-06-24,2026-W26,provincial,EL ANCASTI,Catamarca,NOA,Catamarca,https://www.elancasti.com.ar,Valle Viejo y Santa Rosa concentran el 60% de las denuncias por abigeato
2026-06-24,2026-W26,provincial,EL ANCASTI,Catamarca,NOA,Catamarca,https://www.elancasti.com.ar,Juicio por Loan: declaran los testigos y podría romperse el pacto de silencio
2026-06-24,2026-W26,provincial,EL ANCASTI,Catamarca,NOA,Catamarca,https://www.elancasti.com.ar,Pidieron penas de entre 10 y 16 años de prisión para un padrastro abusador
2026-06-24,2026-W26,provincial,EL ANCASTI,Catamarca,NOA,Catamarca,https://www.elancasti.com.ar,Motochorros asesinaron a tiros a un adolescente de 17
2026-06-24,2026-W26,provincial,EL ANCASTI,Catamarca,NOA,Catamarca,https://www.elancasti.com.ar,"Tras la protesta, designaron docentes para la Escuela N° 218 de Malli"
2026-06-24,2026-W26,provincial,EL ANCASTI,Catamarca,NOA,Catamarca,https://www.elancasti.com.ar,Sin transporte en El Portezuelo: el 50% de la matrícula escolar ya perdió un mes de aprendizaje
2026-06-24,2026-W26,provincial,EL ANCASTI,Catamarca,NOA,Catamarca,https://www.elancasti.com.ar,Descubrió que le era infiel y decidió gastar sus ahorros para ver a Messi en el Mundial
2026-06-24,2026-W26,provincial,EL ANCASTI,Catamarca,NOA,Catamarca,https://www.elancasti.com.ar,La catamarqueña Delfina Díaz Foressi vuelve a entrenar con la Selección
2026-06-24,2026-W26,provincial,EL ANCASTI,Catamarca,NOA,Catamarca,https://www.elancasti.com.ar,Lionel Messi cumple 39 años en plena búsqueda de su segundo Mundial
2026-06-24,2026-W26,provincial,EL ANCASTI,Catamarca,NOA,Catamarca,https://www.elancasti.com.ar,"Martín Pescador vuelve a escena con ""Conversaciones con mamá"""
2026-06-24,2026-W26,provincial,EL ANCASTI,Catamarca,NOA,Catamarca,https://www.elancasti.com.ar,La escritora Alejandra Kamiya llega a Catamarca para ser parte de dos propuestas literarias
2026-06-24,2026-W26,provincial,EL ANCASTI,Catamarca,NOA,Catamarca,https://www.elancasti.com.ar,Peña solidaria del Hospital San Juan Bautista con Los Hermanos Rodríguez y Emilio Morales
2026-06-24,2026-W26,provincial,EL ANCASTI,Catamarca,NOA,Catamarca,https://www.elancasti.com.ar,El emotivo mensaje de Antonela Roccuzzo para Lionel Messi en su cumpleaños
2026-06-24,2026-W26,provincial,EL ANCASTI,Catamarca,NOA,Catamarca,https://www.elancasti.com.ar,"Gran Hermano: el Turco García entró al ""Congelados"""
2026-06-24,2026-W26,provincial,EL ANCASTI,Catamarca,NOA,Catamarca,https://www.elancasti.com.ar,Titi fue eliminada de Gran Hermano
2026-06-24,2026-W26,provincial,EL ANCASTI,Catamarca,NOA,Catamarca,https://www.elancasti.com.ar,"Video: un globo aerostático se incendió en Brasil y dejó ocho muertos, entre ellos una familia"
2026-06-24,2026-W26,provincial,EL ESQUIÚ,Catamarca,NOA,Catamarca,https://www.elesquiu.com,Edición impresa
2026-06-24,2026-W26,provincial,EL ESQUIÚ,Catamarca,NOA,Catamarca,https://www.elesquiu.com,Reporte Ciudadano (3834901025)
2026-06-24,2026-W26,provincial,EL ESQUIÚ,Catamarca,NOA,Catamarca,https://www.elesquiu.com,Suiza venció 2-1 a Canadá en un partido intenso
2026-06-24,2026-W26,provincial,EL ESQUIÚ,Catamarca,NOA,Catamarca,https://www.elesquiu.com,Bosnia se impuso 3-1 ante Qatar y cerró un triunfo sólido en el grupo
2026-06-24,2026-W26,provincial,EL ESQUIÚ,Catamarca,NOA,Catamarca,https://www.elesquiu.com,Se realizará el 2° Plenario de Diversidad en Catamarca
2026-06-24,2026-W26,provincial,EL ESQUIÚ,Catamarca,NOA,Catamarca,https://www.elesquiu.com,Organizan torneo solidario de ajedrez en beneficio de Lourdes
2026-06-24,2026-W26,provincial,EL ESQUIÚ,Catamarca,NOA,Catamarca,https://www.elesquiu.com,Diputados aprobó el plan de pago a holdouts y el proyecto se convirtió en ley
2026-06-24,2026-W26,provincial,EL ESQUIÚ,Catamarca,NOA,Catamarca,https://www.elesquiu.com,Milei viajó por sexta vez a España sin reuniones oficiales con autoridades
2026-06-24,2026-W26,provincial,EL ESQUIÚ,Catamarca,NOA,Catamarca,https://www.elesquiu.com,Celebraron el cumpleaños de Lionel Messi en una escuela de la Capital
2026-06-24,2026-W26,provincial,EL ESQUIÚ,Catamarca,NOA,Catamarca,https://www.elesquiu.com,Confirmaron la terna arbitral para el partido entre Argentina y Jordania
2026-06-24,2026-W26,provincial,EL ESQUIÚ,Catamarca,NOA,Catamarca,https://www.elesquiu.com,"Con Sampayo como una de las figuras, Atlético Tucumán derrotó a Sarmiento de Junín"
2026-06-24,2026-W26,provincial,EL ESQUIÚ,Catamarca,NOA,Catamarca,https://www.elesquiu.com,Agenda deportiva
2026-06-24,2026-W26,provincial,EL ESQUIÚ,Catamarca,NOA,Catamarca,https://www.elesquiu.com,Caída del empleo
2026-06-24,2026-W26,provincial,EL ESQUIÚ,Catamarca,NOA,Catamarca,https://www.elesquiu.com,Testimonios clave en el juicio por la muerte de Maradona
2026-06-24,2026-W26,provincial,EL ESQUIÚ,Catamarca,NOA,Catamarca,https://www.elesquiu.com,“Esto se pudo haber evitado”: el desgarrador reclamo de la familia de Thiago
2026-06-24,2026-W26,provincial,EL ESQUIÚ,Catamarca,NOA,Catamarca,https://www.elesquiu.com,Un niño catamarqueño en el Mundial se volvió viral en la previa de Argentina
2026-06-24,2026-W26,provincial,EL ESQUIÚ,Catamarca,NOA,Catamarca,https://www.elesquiu.com,"""El día más argento del año"": catamarqueños celebraron los 39 años de Lionel Messi en pleno Mundial"
2026-06-24,2026-W26,provincial,EL ESQUIÚ,Catamarca,NOA,Catamarca,https://www.elesquiu.com,Suteca y UDA avanzan en un nuevo frente gremial y apuntan contra Educación: “Hay un plan de ajuste”
2026-06-24,2026-W26,provincial,EL ESQUIÚ,Catamarca,NOA,Catamarca,https://www.elesquiu.com,El Gasoducto Néstor Kirchner ya le ahorró al país casi cuatro veces lo que costó
2026-06-24,2026-W26,provincial,EL ESQUIÚ,Catamarca,NOA,Catamarca,https://www.elesquiu.com,Javier Galán ratificó sus planteos de nulidad ante la Justicia provincial
2026-06-24,2026-W26,provincial,EL ESQUIÚ,Catamarca,NOA,Catamarca,https://www.elesquiu.com,Buscan eliminar los vouchers en papel para controlar el gasto de combustible municipal
2026-06-24,2026-W26,provincial,EL ESQUIÚ,Catamarca,NOA,Catamarca,https://www.elesquiu.com,"Desde el Penal de Miraflores, ""El Niño Jota"" difundió un video y denunció maltratos y falta de asistencia"
2026-06-24,2026-W26,provincial,EL ESQUIÚ,Catamarca,NOA,Catamarca,https://www.elesquiu.com,Cuidado: falsos médicos llaman ofreciendo vacunas para vaciar tu cuenta
2026-06-24,2026-W26,provincial,EL ESQUIÚ,Catamarca,NOA,Catamarca,https://www.elesquiu.com,Impase en la investigación que tratará la solicitud del desafuero de Galán
2026-06-24,2026-W26,provincial,EL ESQUIÚ,Catamarca,NOA,Catamarca,https://www.elesquiu.com,Choferes denuncian deudas salariales y cuestionan el accionar de la UTA
2026-06-24,2026-W26,provincial,EL ESQUIÚ,Catamarca,NOA,Catamarca,https://www.elesquiu.com,Vecinos del barrio San Jorge reclaman por una pérdida que empeora día a día
2026-06-24,2026-W26,provincial,EL ESQUIÚ,Catamarca,NOA,Catamarca,https://www.elesquiu.com,“La dura realidad de enfermarse hoy: hospitales que rebotan y clínicas impagables”
2026-06-24,2026-W26,provincial,EL ESQUIÚ,Catamarca,NOA,Catamarca,https://www.elesquiu.com,Jornada de handball con entrada libre en el Polideportivo Capital
2026-06-24,2026-W26,provincial,EL ESQUIÚ,Catamarca,NOA,Catamarca,https://www.elesquiu.com,Por qué el fútbol es nuestra frustración favorita
2026-06-24,2026-W26,provincial,EL ESQUIÚ,Catamarca,NOA,Catamarca,https://www.elesquiu.com,Súper miércoles de Copa del Mundo: se definen los primeros grupos con seis partidos trascendentales
2026-06-24,2026-W26,provincial,EL ESQUIÚ,Catamarca,NOA,Catamarca,https://www.elesquiu.com,Lionel Messi cumple 39 años: todas sus celebraciones concentrado con la Selección argentina
2026-06-24,2026-W26,provincial,EL ESQUIÚ,Catamarca,NOA,Catamarca,https://www.elesquiu.com,¿Ovnis en el Mundial? Una broma viral se hizo tendencia antes de Brasil vs Escocia
2026-06-24,2026-W26,provincial,EL ESQUIÚ,Catamarca,NOA,Catamarca,https://www.elesquiu.com,El Turco García pudrió todo en Gran Hermano: su esposa le fue infiel y la dejó llorando en vivo
2026-06-24,2026-W26,provincial,EL ESQUIÚ,Catamarca,NOA,Catamarca,https://www.elesquiu.com,Irán condiciona las inspecciones nucleares a un acuerdo final con Estados Unidos
2026-06-24,2026-W26,provincial,EL ESQUIÚ,Catamarca,NOA,Catamarca,https://www.elesquiu.com,"La tremenda historia de Messi que nunca salió a la luz en un cementerio: ""Fue terrible, tenía 11 años"""
2026-06-24,2026-W26,provincial,EL ESQUIÚ,Catamarca,NOA,Catamarca,https://www.elesquiu.com,Detectan el primer caso de ébola en Francia en el actual brote
2026-06-24,2026-W26,provincial,EL ESQUIÚ,Catamarca,NOA,Catamarca,https://www.elesquiu.com,Wanda Nara furiosa: sometieron a su hija a un tratamiento de salud y todo ocurrió a sus espaldas
2026-06-24,2026-W26,provincial,EL ESQUIÚ,Catamarca,NOA,Catamarca,https://www.elesquiu.com,Hackearon a Carmen Barbieri y los delincuentes contactaron a Ángel de Brito: qué pasó
2026-06-24,2026-W26,provincial,EL ESQUIÚ,Catamarca,NOA,Catamarca,https://www.elesquiu.com,"Nicole Neumann anunció que fue infiel y su escandalosa separación: ""Fue horrible, me descubrieron"""
2026-06-24,2026-W26,provincial,EL ESQUIÚ,Catamarca,NOA,Catamarca,https://www.elesquiu.com,El Turco García se metió a GH luego de la infidelidad de Mariela Prieto: la dejó llorando y se fue
2026-06-24,2026-W26,provincial,EL ESQUIÚ,Catamarca,NOA,Catamarca,https://www.elesquiu.com,"El escándalo de Flor Peña que salpicó a Marely y sentenció su salida de Luzu: ""Me voy a..."""
2026-06-24,2026-W26,provincial,EL ESQUIÚ,Catamarca,NOA,Catamarca,https://www.elesquiu.com,Iván Cepeda reconoció la victoria de Abelardo de la Espriella en Colombia
2026-06-24,2026-W26,provincial,EL ESQUIÚ,Catamarca,NOA,Catamarca,https://www.elesquiu.com,Aseguran que el papa León XIV visitaría Argentina en noviembre
2026-06-24,2026-W26,provincial,EL ESQUIÚ,Catamarca,NOA,Catamarca,https://www.elesquiu.com,El dólar oficial ya roza los $1.500
2026-06-24,2026-W26,provincial,EL ESQUIÚ,Catamarca,NOA,Catamarca,https://www.elesquiu.com,La voz premiada de Kamiya en el circuito local
2026-06-24,2026-W26,provincial,EL ESQUIÚ,Catamarca,NOA,Catamarca,https://www.elesquiu.com,Fiambalá negó que habiliten “sesiones secretas” y apuntó contra una “mala interpretación”
2026-06-24,2026-W26,provincial,EL ESQUIÚ,Catamarca,NOA,Catamarca,https://www.elesquiu.com,Nabarro analizó el temario de la Cámara Baja y advirtió sobre la violencia política hacia las mujeres
2026-06-24,2026-W26,provincial,EL ESQUIÚ,Catamarca,NOA,Catamarca,https://www.elesquiu.com,Buscan unificar las ordenanzas sobre maltrato animal y crear una sola normativa
2026-06-24,2026-W26,provincial,EL ESQUIÚ,Catamarca,NOA,Catamarca,https://www.elesquiu.com,Deportes Suiza venció 2-1 a Canadá en un partido intenso
2026-06-24,2026-W26,provincial,EL ESQUIÚ,Catamarca,NOA,Catamarca,https://www.elesquiu.com,Deportes Bosnia se impuso 3-1 ante Qatar y cerró un triunfo sólido en el grupo
2026-06-24,2026-W26,provincial,LA UNIÓN,Catamarca,NOA,Catamarca,https://www.launion.digital,Diputados convirtió en ley el acuerdo de pago con los holdouts por USD 171 millones
2026-06-24,2026-W26,provincial,LA UNIÓN,Catamarca,NOA,Catamarca,https://www.launion.digital,Catamarca y otras 15 provincias seguirán bajo alerta por frío extremo y heladas
2026-06-24,2026-W26,provincial,LA UNIÓN,Catamarca,NOA,Catamarca,https://www.launion.digital,La FIFA designó al árbitro del partido de la Selección argentina ante Jordania en Dallas
2026-06-24,2026-W26,provincial,LA UNIÓN,Catamarca,NOA,Catamarca,https://www.launion.digital,Francia confirmó su primer caso de ébola y encendió la alerta
2026-06-24,2026-W26,provincial,LA UNIÓN,Catamarca,NOA,Catamarca,https://www.launion.digital,Emotiva celebración del patrono del Hospital San Juan Bautista
2026-06-24,2026-W26,provincial,LA UNIÓN,Catamarca,NOA,Catamarca,https://www.launion.digital,Diputados: La Libertad Avanza logró quórum y buscará aprobar el Súper RIGI
2026-06-24,2026-W26,provincial,LA UNIÓN,Catamarca,NOA,Catamarca,https://www.launion.digital,Ciencias de la Salud y Desarrollo Social sellan convenios formativos
2026-06-24,2026-W26,provincial,LA UNIÓN,Catamarca,NOA,Catamarca,https://www.launion.digital,Arranca la venta presencial de entradas para la Fiesta del Poncho 2026
2026-06-24,2026-W26,provincial,LA UNIÓN,Catamarca,NOA,Catamarca,https://www.launion.digital,"Accidente en pleno centro: motociclista chocó con un auto y terminó en el ""San Juan"""
2026-06-24,2026-W26,provincial,LA UNIÓN,Catamarca,NOA,Catamarca,https://www.launion.digital,OSEP restringe derivaciones durante el receso invernal: desde y hasta cuándo
2026-06-24,2026-W26,provincial,LA UNIÓN,Catamarca,NOA,Catamarca,https://www.launion.digital,Resultado del sorteo de La Primera de la quiniela de Catamarca
2026-06-24,2026-W26,provincial,LA UNIÓN,Catamarca,NOA,Catamarca,https://www.launion.digital,Investigan si Adorni también contactó a la socia de Tabar para pedirle que borrara mensajes
2026-06-24,2026-W26,provincial,LA UNIÓN,Catamarca,NOA,Catamarca,https://www.launion.digital,La otra familia de Messi: así fueron los cumpleaños que celebró con la Selección
2026-06-24,2026-W26,provincial,LA UNIÓN,Catamarca,NOA,Catamarca,https://www.launion.digital,"Asueto por San Juan Bautista: cómo funcionarán los servicios, bancos, escuelas y organismos públicos"
2026-06-24,2026-W26,provincial,LA UNIÓN,Catamarca,NOA,Catamarca,https://www.launion.digital,Catamarca tiene un miércoles con la mañana más fría: a cuánto llegará la máxima
2026-06-24,2026-W26,provincial,LA UNIÓN,Catamarca,NOA,Catamarca,https://www.launion.digital,"24 de junio, el día más argento: la fecha une a Messi, Fangio, Riquelme, Gardel y Rodrigo"
2026-06-24,2026-W26,provincial,LA UNIÓN,Catamarca,NOA,Catamarca,https://www.launion.digital,Se define la fase de grupos: seis partidos marcan una jornada clave en la Copa del Mundo
2026-06-24,2026-W26,provincial,LA UNIÓN,Catamarca,NOA,Catamarca,https://www.launion.digital,Horror en Salta por la muerte de un nene de 2 años: detuvieron a la madre y al padrastro
2026-06-24,2026-W26,provincial,LA UNIÓN,Catamarca,NOA,Catamarca,https://www.launion.digital,"Lorenzetti descartó una revisión de la condena a Cristina: ""Jurídicamente está terminado"""
2026-06-24,2026-W26,provincial,LA UNIÓN,Catamarca,NOA,Catamarca,https://www.launion.digital,"El consumo masivo volvió a caer en mayo, pero mostró una desaceleración"
2026-06-24,2026-W26,provincial,LA UNIÓN,Catamarca,NOA,Catamarca,https://www.launion.digital,Celebraciones en honor a San Juan Bautista en la Catedral y también en Londres
2026-06-24,2026-W26,provincial,LA UNIÓN,Catamarca,NOA,Catamarca,https://www.launion.digital,"Horóscopo de hoy, miércoles 24 de junio del 2026"
2026-06-24,2026-W26,provincial,LA UNIÓN,Catamarca,NOA,Catamarca,https://www.launion.digital,Resultado del sorteo nocturno de la quiniela de Catamarca
2026-06-24,2026-W26,provincial,LA UNIÓN,Catamarca,NOA,Catamarca,https://www.launion.digital,Resultado del sorteo de la tarde de la quiniela de Catamarca
2026-06-24,2026-W26,provincial,LA UNIÓN,Catamarca,NOA,Catamarca,https://www.launion.digital,Resultado del sorteo vespertino de la quiniela de Catamarca
2026-06-24,2026-W26,provincial,LA UNIÓN,Catamarca,NOA,Catamarca,https://www.launion.digital,El DT de Francia abandonó la concentración y no dirigirá ante Noruega: ¿Qué pasó?
2026-06-24,2026-W26,provincial,LA UNIÓN,Catamarca,NOA,Catamarca,https://www.launion.digital,"EE. UU. marca límites en el Golfo: ""Ningún país tiene permitido cobrar peaje en el estrecho de Ormuz"""
2026-06-24,2026-W26,provincial,LA UNIÓN,Catamarca,NOA,Catamarca,https://www.launion.digital,Manuel Adorni desmintió a Patricia Bullrich y ratificó su presencia en el Senado
2026-06-24,2026-W26,provincial,LA UNIÓN,Catamarca,NOA,Catamarca,https://www.launion.digital,"Apagón global de Facebook, Instagram y WhatsApp: qué pasó con las apps"
2026-06-24,2026-W26,provincial,LA UNIÓN,Catamarca,NOA,Catamarca,https://www.launion.digital,Inglaterra no pudo con Ghana y quedó abierta la definición del Grupo L
2026-06-24,2026-W26,provincial,LA UNIÓN,Catamarca,NOA,Catamarca,https://www.launion.digital,Catamarca: ingresó a una vivienda y amenazó con un cuchillo para robar un celular
2026-06-24,2026-W26,provincial,LA UNIÓN,Catamarca,NOA,Catamarca,https://www.launion.digital,"Antonela explotó por el escándalo que vivió Messi con Nico Occhiato: ""El problema es..."""
2026-06-24,2026-W26,provincial,LA UNIÓN,Catamarca,NOA,Catamarca,https://www.launion.digital,VIDEO: la curiosa reacción de Cristiano cuando le preguntaron por Messi
2026-06-24,2026-W26,provincial,LA UNIÓN,Catamarca,NOA,Catamarca,https://www.launion.digital,Antonela le declaró la guerra a Luzu y a Flor Peña: la drástica decisión que tomó tras la noticia falsa sobre el papá de Messi
2026-06-24,2026-W26,provincial,LA UNIÓN,Catamarca,NOA,Catamarca,https://www.launion.digital,Once alumnos de Catamarca viajaron casi 900 kilómetros para hacer su promesa a la bandera
2026-06-24,2026-W26,provincial,LA UNIÓN,Catamarca,NOA,Catamarca,https://www.launion.digital,Alerta amarilla por frío extremo: Catamarca entre las 15 provincias alcanzadas
2026-06-24,2026-W26,provincial,LA UNIÓN,Catamarca,NOA,Catamarca,https://www.launion.digital,Flor Peña evalúa una millonaria demanda contra Nicolás Occhiato y Luzu TV
2026-06-24,2026-W26,provincial,LA UNIÓN,Catamarca,NOA,Catamarca,https://www.launion.digital,Categórica: Antonela Roccuzzo salió al cruce en medio del escándalo de la fake news
2026-06-24,2026-W26,provincial,LA UNIÓN,Catamarca,NOA,Catamarca,https://www.launion.digital,Piñón Fijo celebró el gesto de su hija Sol al mostrar su rostro sin maquillaje
2026-06-24,2026-W26,provincial,LA UNIÓN,Catamarca,NOA,Catamarca,https://www.launion.digital,Nuevo eliminado de Gran Hermano: quién abandonó la casa este lunes
2026-06-24,2026-W26,provincial,LA UNIÓN,Catamarca,NOA,Catamarca,https://www.launion.digital,"Los salarios crecieron 3,5% en abril y superaron a la inflación, según el INDEC"
2026-06-24,2026-W26,provincial,LA UNIÓN,Catamarca,NOA,Catamarca,https://www.launion.digital,"Poncho 2026: habilitan la inscripción digital para food trucks del ""Espacio Capital"""
2026-06-24,2026-W26,provincial,LA UNIÓN,Catamarca,NOA,Catamarca,https://www.launion.digital,Bolivia comienza a recuperar la normalidad tras más de 50 días de protestas y bloqueos
2026-06-24,2026-W26,provincial,LA UNIÓN,Catamarca,NOA,Catamarca,https://www.launion.digital,"Con un doblete de Cristiano, Portugal goleó a Uzbekistán y logró su primera victoria"
2026-06-24,2026-W26,provincial,LA UNIÓN,Catamarca,NOA,Catamarca,https://www.launion.digital,Cuarenta personas murieron ahogadas en Francia por escapar de la ola de calor
2026-06-24,2026-W26,provincial,LA UNIÓN,Catamarca,NOA,Catamarca,https://www.launion.digital,"La Escuela de Cadetes ""Tte. Gral. Juan Domingo Perón"" celebró sus 73 años"
2026-06-24,2026-W26,provincial,LA UNIÓN,Catamarca,NOA,Catamarca,https://www.launion.digital,La Libertad Avanza frenó en Diputados la sesión que buscaba interpelar a Adorni
2026-06-24,2026-W26,provincial,LA UNIÓN,Catamarca,NOA,Catamarca,https://www.launion.digital,Catamarca superó los 320 millones de dólares en exportaciones y es récord
2026-06-24,2026-W26,provincial,LA UNIÓN,Catamarca,NOA,Catamarca,https://www.launion.digital,Con el voto en contra de Elijo Catamarca
2026-06-24,2026-W26,provincial,LA UNIÓN,Catamarca,NOA,Catamarca,https://www.launion.digital,Diputados avanzó sobre una libreta escolar digital y la adhesión a la Ley del Bastón Verde
2026-06-24,2026-W26,provincial,EL TRIBUNO,Jujuy,NOA,San Salvador de Jujuy,https://www.eltribunodejujuy.com,Noticias de interés general actualizadas 24HS
2026-06-24,2026-W26,provincial,EL TRIBUNO,Jujuy,NOA,San Salvador de Jujuy,https://www.eltribunodejujuy.com,El Congreso aprobó el pago de 171 millones de dólares a dos fondos buitre
2026-06-24,2026-W26,provincial,EL TRIBUNO,Jujuy,NOA,San Salvador de Jujuy,https://www.eltribunodejujuy.com,El dólar oficial sube y se mantiene cerca de los $1.500
2026-06-24,2026-W26,provincial,EL TRIBUNO,Jujuy,NOA,San Salvador de Jujuy,https://www.eltribunodejujuy.com,Festival “Festejando con Papá” en el Multiespacio de Alto Comedero
2026-06-24,2026-W26,provincial,EL TRIBUNO,Jujuy,NOA,San Salvador de Jujuy,https://www.eltribunodejujuy.com,Hallaron muerto a un hombre de 55 años en una finca de Los Alisos
2026-06-24,2026-W26,provincial,EL TRIBUNO,Jujuy,NOA,San Salvador de Jujuy,https://www.eltribunodejujuy.com,"Rubén Rivarola: ""No le pueden hacer tanto daño al Partido Justicialista"""
2026-06-24,2026-W26,provincial,EL TRIBUNO,Jujuy,NOA,San Salvador de Jujuy,https://www.eltribunodejujuy.com,Seis partidos definen este miércoles la fase de grupos
2026-06-24,2026-W26,provincial,EL TRIBUNO,Jujuy,NOA,San Salvador de Jujuy,https://www.eltribunodejujuy.com,Colombia pudo superar a RD Congo y clasificó
2026-06-24,2026-W26,provincial,EL TRIBUNO,Jujuy,NOA,San Salvador de Jujuy,https://www.eltribunodejujuy.com,Croacia venció por la mínima a Panamá
2026-06-24,2026-W26,provincial,EL TRIBUNO,Jujuy,NOA,San Salvador de Jujuy,https://www.eltribunodejujuy.com,Inglaterra empató 0-0 con Ghana
2026-06-24,2026-W26,provincial,EL TRIBUNO,Jujuy,NOA,San Salvador de Jujuy,https://www.eltribunodejujuy.com,"Con un doblete de Cristiano Ronaldo, Portugal goleó a Uzbekistán y se destapó en el Mundial 2026"
2026-06-24,2026-W26,provincial,EL TRIBUNO,Jujuy,NOA,San Salvador de Jujuy,https://www.eltribunodejujuy.com,"Argentina ya tiene día, hora y sede para los 16avos de final"
2026-06-24,2026-W26,provincial,EL TRIBUNO,Jujuy,NOA,San Salvador de Jujuy,https://www.eltribunodejujuy.com,"Los partidos de hoy martes, horarios y cómo verlos en vivo por TV y streaming"
2026-06-24,2026-W26,provincial,EL TRIBUNO,Jujuy,NOA,San Salvador de Jujuy,https://www.eltribunodejujuy.com,Argelia le ganó a Jordania y se juega la clasificación con Austria
2026-06-24,2026-W26,provincial,EL TRIBUNO,Jujuy,NOA,San Salvador de Jujuy,https://www.eltribunodejujuy.com,Noruega se impone 3-2 a Senegal
2026-06-24,2026-W26,provincial,EL TRIBUNO,Jujuy,NOA,San Salvador de Jujuy,https://www.eltribunodejujuy.com,Últimas noticias
2026-06-24,2026-W26,provincial,EL TRIBUNO,Jujuy,NOA,San Salvador de Jujuy,https://www.eltribunodejujuy.com,Asesinaron a una mujer en Alto Comedero
2026-06-24,2026-W26,provincial,EL TRIBUNO,Jujuy,NOA,San Salvador de Jujuy,https://www.eltribunodejujuy.com,Rutas transitables con precaución y Paso de Jama habilitado
2026-06-24,2026-W26,provincial,EL TRIBUNO,Jujuy,NOA,San Salvador de Jujuy,https://www.eltribunodejujuy.com,La Caminata de las Quenas cierra su ciclo histórico tras 15 años ininterrumpidos en Jujuy
2026-06-24,2026-W26,provincial,EL TRIBUNO,Jujuy,NOA,San Salvador de Jujuy,https://www.eltribunodejujuy.com,"""Acá estamos por Messi”"
2026-06-24,2026-W26,provincial,EL TRIBUNO,Jujuy,NOA,San Salvador de Jujuy,https://www.eltribunodejujuy.com,Abra Pampa marcó -21°C y fue la ciudad más helada de la provincia este miércoles
2026-06-24,2026-W26,provincial,EL TRIBUNO,Jujuy,NOA,San Salvador de Jujuy,https://www.eltribunodejujuy.com,El IUPS festeja su aniversario con una maratón para toda la comunidad
2026-06-24,2026-W26,provincial,EL TRIBUNO,Jujuy,NOA,San Salvador de Jujuy,https://www.eltribunodejujuy.com,Sadir presente en la gala por los 125 años del Teatro Mitre
2026-06-24,2026-W26,provincial,EL TRIBUNO,Jujuy,NOA,San Salvador de Jujuy,https://www.eltribunodejujuy.com,24 de junio: Solemnidad de la Natividad de San Juan Bautista
2026-06-24,2026-W26,provincial,EL TRIBUNO,Jujuy,NOA,San Salvador de Jujuy,https://www.eltribunodejujuy.com,Tejer historias y a la vez compartir charlas
2026-06-24,2026-W26,provincial,EL TRIBUNO,Jujuy,NOA,San Salvador de Jujuy,https://www.eltribunodejujuy.com,Ganadores de un certamen digital recibieron sus premios
2026-06-24,2026-W26,provincial,EL TRIBUNO,Jujuy,NOA,San Salvador de Jujuy,https://www.eltribunodejujuy.com,"Abusó de su expareja, intentó ahorcarla y se dio a la fuga"
2026-06-24,2026-W26,provincial,EL TRIBUNO,Jujuy,NOA,San Salvador de Jujuy,https://www.eltribunodejujuy.com,Golpeó a su pareja y la obligó a mentir en la guardia
2026-06-24,2026-W26,provincial,EL TRIBUNO,Jujuy,NOA,San Salvador de Jujuy,https://www.eltribunodejujuy.com,Un hombre resultó herido tras protagonizar un siniestro
2026-06-24,2026-W26,provincial,EL TRIBUNO,Jujuy,NOA,San Salvador de Jujuy,https://www.eltribunodejujuy.com,"Manejaba con 1,45 de alcohol y chocó contra el guardarraíl"
2026-06-24,2026-W26,provincial,EL TRIBUNO,Jujuy,NOA,San Salvador de Jujuy,https://www.eltribunodejujuy.com,Será indemnizada la familia de una agente de la Policía
2026-06-24,2026-W26,provincial,EL TRIBUNO,Jujuy,NOA,San Salvador de Jujuy,https://www.eltribunodejujuy.com,Brilló Cristiano Ronaldo
2026-06-24,2026-W26,provincial,EL TRIBUNO,Jujuy,NOA,San Salvador de Jujuy,https://www.eltribunodejujuy.com,Un llamado de Arruabarrena a Paulo Dybala que ilusiona
2026-06-24,2026-W26,provincial,EL TRIBUNO,Jujuy,NOA,San Salvador de Jujuy,https://www.eltribunodejujuy.com,"""Plantel con buenas personas y buenos jugadores"", dijo DT"
2026-06-24,2026-W26,provincial,EL TRIBUNO,Jujuy,NOA,San Salvador de Jujuy,https://www.eltribunodejujuy.com,"""Carlitos"" Isasmendi y un emotivo recibimiento"
2026-06-24,2026-W26,provincial,EL TRIBUNO,Jujuy,NOA,San Salvador de Jujuy,https://www.eltribunodejujuy.com,Culminó la primera rueda de gran manera y sueña
2026-06-24,2026-W26,provincial,EL TRIBUNO,Jujuy,NOA,San Salvador de Jujuy,https://www.eltribunodejujuy.com,La Corte bonaerense advirtió a jueces por el uso de la inteligencia artificial en el dictado de sentencias
2026-06-24,2026-W26,provincial,EL TRIBUNO,Jujuy,NOA,San Salvador de Jujuy,https://www.eltribunodejujuy.com,El Gobierno cambia el sistema de multas y estos conductores podrían perder el registro desde julio
2026-06-24,2026-W26,provincial,EL TRIBUNO,Jujuy,NOA,San Salvador de Jujuy,https://www.eltribunodejujuy.com,Ordenan a PAMI regularizar pago de prestaciones a personas con discapacidad
2026-06-24,2026-W26,provincial,EL TRIBUNO,Jujuy,NOA,San Salvador de Jujuy,https://www.eltribunodejujuy.com,24 de junio: el día más argentino del año
2026-06-24,2026-W26,provincial,EL TRIBUNO,Jujuy,NOA,San Salvador de Jujuy,https://www.eltribunodejujuy.com,Banco Macro recibe US$200 millones del BID Invest para potenciar el crédito productivo a PyMEs
2026-06-24,2026-W26,provincial,EL TRIBUNO,Jujuy,NOA,San Salvador de Jujuy,https://www.eltribunodejujuy.com,"Cecilia Rabbi Baldi presenta ""Huellas de un recorrido"" en Culturarte"
2026-06-24,2026-W26,provincial,EL TRIBUNO,Jujuy,NOA,San Salvador de Jujuy,https://www.eltribunodejujuy.com,Jornada literaria y musical en homenaje a Ricardo Vilca
2026-06-24,2026-W26,provincial,EL TRIBUNO,Jujuy,NOA,San Salvador de Jujuy,https://www.eltribunodejujuy.com,La pertenencia de Carlos Gardel a la masonería
2026-06-24,2026-W26,provincial,EL TRIBUNO,Jujuy,NOA,San Salvador de Jujuy,https://www.eltribunodejujuy.com,De un blooper viral a un hit
2026-06-24,2026-W26,provincial,EL TRIBUNO,Jujuy,NOA,San Salvador de Jujuy,https://www.eltribunodejujuy.com,Teatro Mitre: la fascinante historia del coliseo que venció a la demolición y hoy brilla como joya cultural
2026-06-24,2026-W26,provincial,EL TRIBUNO,Jujuy,NOA,San Salvador de Jujuy,https://www.eltribunodejujuy.com,Rusia lanzó un nuevo ataque contra varias regiones de Ucrania
2026-06-24,2026-W26,provincial,EL TRIBUNO,Jujuy,NOA,San Salvador de Jujuy,https://www.eltribunodejujuy.com,Abelardo de la Espriella es el nuevo presidente de Colombia
2026-06-24,2026-W26,provincial,EL TRIBUNO,Jujuy,NOA,San Salvador de Jujuy,https://www.eltribunodejujuy.com,Tragedia en Bolivia: murieron seis personas al caer una avioneta de la Fuerza Aérea
2026-06-24,2026-W26,provincial,EL TRIBUNO,Jujuy,NOA,San Salvador de Jujuy,https://www.eltribunodejujuy.com,El Senado estadounidense le puso un freno a Trump
2026-06-24,2026-W26,provincial,LEA,Jujuy,NOA,San Salvador de Jujuy,https://www.periodicolea.com.ar,JUJUY ACTUALIDAD
2026-06-24,2026-W26,provincial,LEA,Jujuy,NOA,San Salvador de Jujuy,https://www.periodicolea.com.ar,Para atender a Jujuy y a la Región
2026-06-24,2026-W26,provincial,LEA,Jujuy,NOA,San Salvador de Jujuy,https://www.periodicolea.com.ar,DEPORTE NACIONAL
2026-06-24,2026-W26,provincial,LEA,Jujuy,NOA,San Salvador de Jujuy,https://www.periodicolea.com.ar,CULTURA & ESPECTÁCULOS
2026-06-24,2026-W26,provincial,LEA,Jujuy,NOA,San Salvador de Jujuy,https://www.periodicolea.com.ar,INTERNACIONALES
2026-06-24,2026-W26,provincial,LEA,Jujuy,NOA,San Salvador de Jujuy,https://www.periodicolea.com.ar,LEA LO MÁS VISTO
2026-06-24,2026-W26,provincial,LEA,Jujuy,NOA,San Salvador de Jujuy,https://www.periodicolea.com.ar,LEA NUESTRA PORTADA
2026-06-24,2026-W26,provincial,LEA,Jujuy,NOA,San Salvador de Jujuy,https://www.periodicolea.com.ar,"Buscan una legalización integral de la coca y que Jujuy, Salta y Formosa sean provincias de acopio"
2026-06-24,2026-W26,provincial,LEA,Jujuy,NOA,San Salvador de Jujuy,https://www.periodicolea.com.ar,La Susepu solicitó informes a Ejesa por los cortes de energía en seis barrios de San Salvador de Jujuy
2026-06-24,2026-W26,provincial,LEA,Jujuy,NOA,San Salvador de Jujuy,https://www.periodicolea.com.ar,"“La Muni Vive Jujuy Básquet” Estuvo presente el intendente de la Ciudad de San Salvador de Jujuy, Arq. Raúl “Chuli” Jorge."
2026-06-24,2026-W26,provincial,LEA,Jujuy,NOA,San Salvador de Jujuy,https://www.periodicolea.com.ar,La Justicia ratificó la intervención del PJ y designó a un nuevo interventor
2026-06-24,2026-W26,provincial,LEA,Jujuy,NOA,San Salvador de Jujuy,https://www.periodicolea.com.ar,La Comisión de Asuntos Sociales emitió dictamen favorable para la Ley Provincial de Juventudes
2026-06-24,2026-W26,provincial,LEA,Jujuy,NOA,San Salvador de Jujuy,https://www.periodicolea.com.ar,Morone respaldo las medidas provinciales de alivio al comercio frente a la crisis nacional
2026-06-24,2026-W26,provincial,LEA,Jujuy,NOA,San Salvador de Jujuy,https://www.periodicolea.com.ar,Viajaba en micro por Salta cuando un grupo de delincuentes subió a robar y le disparó dos veces: murió tras varios días de agonía
2026-06-24,2026-W26,provincial,LEA,Jujuy,NOA,San Salvador de Jujuy,https://www.periodicolea.com.ar,Tucumán se prepara para los festejos por el Día de la Independencia
2026-06-24,2026-W26,provincial,LEA,Jujuy,NOA,San Salvador de Jujuy,https://www.periodicolea.com.ar,Brutal episodio de violencia en Catamarca: roció a su vecina de 84 años con combustible y la prendió fuego
2026-06-24,2026-W26,provincial,LEA,Jujuy,NOA,San Salvador de Jujuy,https://www.periodicolea.com.ar,"La Iglesia volvió a enviar un mensaje al Gobierno y advirtió por el clima de «deshumanización», “malos tratos» y «ninguneos institucionales”"
2026-06-24,2026-W26,provincial,LEA,Jujuy,NOA,San Salvador de Jujuy,https://www.periodicolea.com.ar,Denuncian presiones del Gobierno para impedir la moción de censura contra Adorni
2026-06-24,2026-W26,provincial,LEA,Jujuy,NOA,San Salvador de Jujuy,https://www.periodicolea.com.ar,"El PRO, la UCR y los gobernadores aliados salvaron a Adorni de la interpelación"
2026-06-24,2026-W26,provincial,LEA,Jujuy,NOA,San Salvador de Jujuy,https://www.periodicolea.com.ar,"Camioneros recibieron una oferta para una suba salarial de $27.000, pero todavía no contestaron"
2026-06-24,2026-W26,provincial,LEA,Jujuy,NOA,San Salvador de Jujuy,https://www.periodicolea.com.ar,"Los salarios privados le ganaron por poco a la inflación en abril, pero los públicos quedaron por debajo"
2026-06-24,2026-W26,provincial,LEA,Jujuy,NOA,San Salvador de Jujuy,https://www.periodicolea.com.ar,Economía a dos velocidades
2026-06-24,2026-W26,provincial,LEA,Jujuy,NOA,San Salvador de Jujuy,https://www.periodicolea.com.ar,Abrieron las inscripciones para el Ironman que se realizará en Jujuy
2026-06-24,2026-W26,provincial,LEA,Jujuy,NOA,San Salvador de Jujuy,https://www.periodicolea.com.ar,El Estadio La Tablada recibe las finales del Torneo Infantil Mixto
2026-06-24,2026-W26,provincial,LEA,Jujuy,NOA,San Salvador de Jujuy,https://www.periodicolea.com.ar,Gimnasia descansa como líder y el receso apunta a corregir la pelota detenida y blindar la defensa
2026-06-24,2026-W26,provincial,LEA,Jujuy,NOA,San Salvador de Jujuy,https://www.periodicolea.com.ar,El récord imposible por el que va Messi
2026-06-24,2026-W26,provincial,LEA,Jujuy,NOA,San Salvador de Jujuy,https://www.periodicolea.com.ar,Los posibles rivales de la Selección en 16avos de final
2026-06-24,2026-W26,provincial,LEA,Jujuy,NOA,San Salvador de Jujuy,https://www.periodicolea.com.ar,Cristian “Cuti” Romero sería la única baja de la Selección para enfrentar a Jordania
2026-06-24,2026-W26,provincial,LEA,Jujuy,NOA,San Salvador de Jujuy,https://www.periodicolea.com.ar,Cómo aprovechar la IA de Google para convertir documentos en podcast
2026-06-24,2026-W26,provincial,LEA,Jujuy,NOA,San Salvador de Jujuy,https://www.periodicolea.com.ar,Qué hacer cuando tu Google Chrome funciona de manera lenta
2026-06-24,2026-W26,provincial,LEA,Jujuy,NOA,San Salvador de Jujuy,https://www.periodicolea.com.ar,"Lanzan o1, la inteligencia artificial que «piensa» antes de responder"
2026-06-24,2026-W26,provincial,LEA,Jujuy,NOA,San Salvador de Jujuy,https://www.periodicolea.com.ar,Jujuy realizará un simulacro interinstitucional de respuesta ante una emergencia aeronáutica
2026-06-24,2026-W26,provincial,LEA,Jujuy,NOA,San Salvador de Jujuy,https://www.periodicolea.com.ar,La regla “no negociable” de Stanford: acciones cotidianas que promueven longevidad y bienestar
2026-06-24,2026-W26,provincial,LEA,Jujuy,NOA,San Salvador de Jujuy,https://www.periodicolea.com.ar,El Consejo Consultivo de Turismo proyecta las acciones y lineamientos para el desarrollo turístico de Jujuy
2026-06-24,2026-W26,provincial,LEA,Jujuy,NOA,San Salvador de Jujuy,https://www.periodicolea.com.ar,Comisión aprueba dos cables submarinos de Google que conectarán Santo Domingo con Australia y Panamá
2026-06-24,2026-W26,provincial,LEA,Jujuy,NOA,San Salvador de Jujuy,https://www.periodicolea.com.ar,Llegó el invierno: temperatura mínina en Ollagüe bordeará los -13 grados en los próximos días
2026-06-24,2026-W26,provincial,LEA,Jujuy,NOA,San Salvador de Jujuy,https://www.periodicolea.com.ar,Tarapacá fortalece coordinación con el Consulado de Paraguay
2026-06-24,2026-W26,provincial,LEA,Jujuy,NOA,San Salvador de Jujuy,https://www.periodicolea.com.ar,“El bloqueo ha sido derrotado”: Paz anuncia que el estado de excepción continuará para “ordenar” el país
2026-06-24,2026-W26,provincial,LEA,Jujuy,NOA,San Salvador de Jujuy,https://www.periodicolea.com.ar,"Bolivia amanece sin bloqueos después de 53 días del conflicto que provocó hambre, muertes y mayor crisis"
2026-06-24,2026-W26,provincial,LEA,Jujuy,NOA,San Salvador de Jujuy,https://www.periodicolea.com.ar,Gobernadora de Tarija afirma que se vienen tiempos difíciles en la economía
2026-06-24,2026-W26,provincial,LEA,Jujuy,NOA,San Salvador de Jujuy,https://www.periodicolea.com.ar,"Gustavo Petro calificó de “riesgo” la polarización tras los resultados electorales en Colombia, Perú y Venezuela"
2026-06-24,2026-W26,provincial,LEA,Jujuy,NOA,San Salvador de Jujuy,https://www.periodicolea.com.ar,La derecha se impone en América Latina al sumar nueva victoria en Colombia
2026-06-24,2026-W26,provincial,LEA,Jujuy,NOA,San Salvador de Jujuy,https://www.periodicolea.com.ar,Partido de Fujimori llama “antidemocrático” a Roberto Sánchez y afirma que él sabía de su derrota “desde hace una semana”
2026-06-24,2026-W26,provincial,LEA,Jujuy,NOA,San Salvador de Jujuy,https://www.periodicolea.com.ar,La OTAN aceleró en Letonia los preparativos ante un posible conflicto en el mar Báltico
2026-06-24,2026-W26,provincial,LEA,Jujuy,NOA,San Salvador de Jujuy,https://www.periodicolea.com.ar,Una “cúpula de calor” del Sahara hace arder a Europa: alerta roja en seis países por altas temperaturas que aniquilan récords
2026-06-24,2026-W26,provincial,LEA,Jujuy,NOA,San Salvador de Jujuy,https://www.periodicolea.com.ar,"China y la guerra por la opinión pública: el plan quinquenal, las tácticas rusas y la operación “Glass Onion”"
2026-06-24,2026-W26,provincial,PREGÓN,Jujuy,NOA,San Salvador de Jujuy,https://www.pregon.com.ar,Impulsan ley para importar y comercializar la hoja de coca
2026-06-24,2026-W26,provincial,PREGÓN,Jujuy,NOA,San Salvador de Jujuy,https://www.pregon.com.ar,"Mucho frío y el hermoso paisaje de nevadas en Yala, El Durazno y Molulo"
2026-06-24,2026-W26,provincial,PREGÓN,Jujuy,NOA,San Salvador de Jujuy,https://www.pregon.com.ar,Jujuy colabora con investigación sobre microplásticos en zonas de alta montaña
2026-06-24,2026-W26,provincial,PREGÓN,Jujuy,NOA,San Salvador de Jujuy,https://www.pregon.com.ar,El Tren del Vino: experiencia única entre viñedos de altura
2026-06-24,2026-W26,provincial,PREGÓN,Jujuy,NOA,San Salvador de Jujuy,https://www.pregon.com.ar,El impresionante récord que rompió Messi ante Austria
2026-06-24,2026-W26,provincial,PREGÓN,Jujuy,NOA,San Salvador de Jujuy,https://www.pregon.com.ar,Endeavor NOA llegará a Jujuy con speakers nacionales e internacionales
2026-06-24,2026-W26,provincial,PREGÓN,Jujuy,NOA,San Salvador de Jujuy,https://www.pregon.com.ar,Manu Ginóbili en Dallas para alentar a la Selección
2026-06-24,2026-W26,provincial,PREGÓN,Jujuy,NOA,San Salvador de Jujuy,https://www.pregon.com.ar,El BICE alcanzó la máxima calificación crediticia de FIX
2026-06-24,2026-W26,provincial,PREGÓN,Jujuy,NOA,San Salvador de Jujuy,https://www.pregon.com.ar,Jorge coronó a la nueva representante de la Escuela Municipal Marina Vilte
2026-06-24,2026-W26,provincial,PREGÓN,Jujuy,NOA,San Salvador de Jujuy,https://www.pregon.com.ar,Promueven un lenguaje respetuoso e inclusivo hacia las personas mayores
2026-06-24,2026-W26,provincial,PREGÓN,Jujuy,NOA,San Salvador de Jujuy,https://www.pregon.com.ar,Matemáticas: alumna jujeña brilló en un concurso nacional
2026-06-24,2026-W26,provincial,PREGÓN,Jujuy,NOA,San Salvador de Jujuy,https://www.pregon.com.ar,Vuelven a marchar pidiendo justicia por Rolando Vergara
2026-06-24,2026-W26,provincial,PREGÓN,Jujuy,NOA,San Salvador de Jujuy,https://www.pregon.com.ar,Su familia no cree en la hipótesis del suicidio
2026-06-24,2026-W26,provincial,PREGÓN,Jujuy,NOA,San Salvador de Jujuy,https://www.pregon.com.ar,Cuatro adolescentes atacaron a patadas a una menor
2026-06-24,2026-W26,provincial,PREGÓN,Jujuy,NOA,San Salvador de Jujuy,https://www.pregon.com.ar,Graduados en Ciencias Económicas y el desafío de actualización permanente
2026-06-24,2026-W26,provincial,PREGÓN,Jujuy,NOA,San Salvador de Jujuy,https://www.pregon.com.ar,Avanza la implementación de ley destinada a recuperar inmuebles usados por el narcotráfico
2026-06-24,2026-W26,provincial,PREGÓN,Jujuy,NOA,San Salvador de Jujuy,https://www.pregon.com.ar,La Justicia electoral designó a Federico Prieto como interventor del PJ
2026-06-24,2026-W26,provincial,PREGÓN,Jujuy,NOA,San Salvador de Jujuy,https://www.pregon.com.ar,El mensaje de Antonela Roccuzzo a Messi por su cumpleaños: “Te amo infinito”
2026-06-24,2026-W26,provincial,PREGÓN,Jujuy,NOA,San Salvador de Jujuy,https://www.pregon.com.ar,Creer o reventar: un brujo ghanés dijo haber frenado a Harry Kane y se volvió viral tras el Inglaterra-Ghana
2026-06-24,2026-W26,provincial,PREGÓN,Jujuy,NOA,San Salvador de Jujuy,https://www.pregon.com.ar,Así llegan las selecciones sudamericanas a la última fecha de la fase de grupos
2026-06-24,2026-W26,provincial,PREGÓN,Jujuy,NOA,San Salvador de Jujuy,https://www.pregon.com.ar,"Historia y orgullo: Argentina, campeón mundial de básquet para atletas con síndrome de Down"
2026-06-24,2026-W26,provincial,PREGÓN,Jujuy,NOA,San Salvador de Jujuy,https://www.pregon.com.ar,Quiénes son los jugadores de la Selección argentina que deberán cuidarse ante Jordania
2026-06-24,2026-W26,provincial,PREGÓN,Jujuy,NOA,San Salvador de Jujuy,https://www.pregon.com.ar,El emotivo gesto de Franco Mastantuono con los chicos de la pensión de River
2026-06-24,2026-W26,provincial,PREGÓN,Jujuy,NOA,San Salvador de Jujuy,https://www.pregon.com.ar,"Benegas Lynch: el pago de fondos buitres cerrará “esta herida de deshonra internacional"""
2026-06-24,2026-W26,provincial,PREGÓN,Jujuy,NOA,San Salvador de Jujuy,https://www.pregon.com.ar,Tendencia positiva en el mes de abril para la carga aérea en Latinoamérica
2026-06-24,2026-W26,provincial,PREGÓN,Jujuy,NOA,San Salvador de Jujuy,https://www.pregon.com.ar,Milei perfora la “caja” de CGT pasiva: ya no serán u$s 1.000 M
2026-06-24,2026-W26,provincial,PREGÓN,Jujuy,NOA,San Salvador de Jujuy,https://www.pregon.com.ar,Trump amenaza con poner fin a conversaciones si Irán cobra peaje en el estrecho de Ormuz
2026-06-24,2026-W26,provincial,PREGÓN,Jujuy,NOA,San Salvador de Jujuy,https://www.pregon.com.ar,Pedro Sánchez afirmó ante el Congreso que “no renunciará” pese a los casos de corrupción
2026-06-24,2026-W26,provincial,PREGÓN,Jujuy,NOA,San Salvador de Jujuy,https://www.pregon.com.ar,Una pareja alcoholizada causó disturbios a bordo de un avión e intervino la policía
2026-06-24,2026-W26,provincial,PREGÓN,Jujuy,NOA,San Salvador de Jujuy,https://www.pregon.com.ar,Día Mundial de The Beatles: las 10 canciones más escuchadas de los Fab Four en la historia
2026-06-24,2026-W26,provincial,PREGÓN,Jujuy,NOA,San Salvador de Jujuy,https://www.pregon.com.ar,Día Mundial de The Beatles: el museo más grande fuera de Liverpool está en Buenos Aires y pocos lo saben
2026-06-24,2026-W26,provincial,PREGÓN,Jujuy,NOA,San Salvador de Jujuy,https://www.pregon.com.ar,"¿Quién es Camila Morrone, la actriz “fan de Messi” con un pasado romántico con Leo DiCaprio?"
2026-06-24,2026-W26,provincial,PREGÓN,Jujuy,NOA,San Salvador de Jujuy,https://www.pregon.com.ar,l Estado reducido a Vigilante
2026-06-24,2026-W26,provincial,PREGÓN,Jujuy,NOA,San Salvador de Jujuy,https://www.pregon.com.ar,¿Y dónde están los Rectores?
2026-06-24,2026-W26,provincial,PREGÓN,Jujuy,NOA,San Salvador de Jujuy,https://www.pregon.com.ar,"JUJUY Mucho frío y el hermoso paisaje de nevadas en Yala, El Durazno y Molulo 23-06-2026"
2026-06-24,2026-W26,provincial,PREGÓN,Jujuy,NOA,San Salvador de Jujuy,https://www.pregon.com.ar,JUJUY Jujuy colabora con investigación sobre microplásticos en zonas de alta montaña 23-06-2026
2026-06-24,2026-W26,provincial,PREGÓN,Jujuy,NOA,San Salvador de Jujuy,https://www.pregon.com.ar,JUJUY El Tren del Vino: experiencia única entre viñedos de altura 23-06-2026
2026-06-24,2026-W26,provincial,PREGÓN,Jujuy,NOA,San Salvador de Jujuy,https://www.pregon.com.ar,DEPORTES El impresionante récord que rompió Messi ante Austria 22-06-2026
2026-06-24,2026-W26,provincial,PREGÓN,Jujuy,NOA,San Salvador de Jujuy,https://www.pregon.com.ar,JUJUY Endeavor NOA llegará a Jujuy con speakers nacionales e internacionales 22-06-2026
2026-06-24,2026-W26,provincial,PREGÓN,Jujuy,NOA,San Salvador de Jujuy,https://www.pregon.com.ar,DEPORTES Manu Ginóbili en Dallas para alentar a la Selección 22-06-2026
2026-06-24,2026-W26,provincial,PREGÓN,Jujuy,NOA,San Salvador de Jujuy,https://www.pregon.com.ar,NACIONAL El BICE alcanzó la máxima calificación crediticia de FIX 4:38 PM
2026-06-24,2026-W26,provincial,PREGÓN,Jujuy,NOA,San Salvador de Jujuy,https://www.pregon.com.ar,JUJUY Jorge coronó a la nueva representante de la Escuela Municipal Marina Vilte 22-06-2026
2026-06-24,2026-W26,provincial,PREGÓN,Jujuy,NOA,San Salvador de Jujuy,https://www.pregon.com.ar,JUJUY Promueven un lenguaje respetuoso e inclusivo hacia las personas mayores 22-06-2026
2026-06-24,2026-W26,provincial,PREGÓN,Jujuy,NOA,San Salvador de Jujuy,https://www.pregon.com.ar,JUJUY Matemáticas: alumna jujeña brilló en un concurso nacional 22-06-2026
2026-06-24,2026-W26,provincial,PREGÓN,Jujuy,NOA,San Salvador de Jujuy,https://www.pregon.com.ar,POLICIAL Vuelven a marchar pidiendo justicia por Rolando Vergara 22-06-2026
2026-06-24,2026-W26,provincial,PREGÓN,Jujuy,NOA,San Salvador de Jujuy,https://www.pregon.com.ar,POLICIAL Su familia no cree en la hipótesis del suicidio 22-06-2026
2026-06-24,2026-W26,provincial,PREGÓN,Jujuy,NOA,San Salvador de Jujuy,https://www.pregon.com.ar,POLICIAL Cuatro adolescentes atacaron a patadas a una menor 22-06-2026
2026-06-24,2026-W26,provincial,PREGÓN,Jujuy,NOA,San Salvador de Jujuy,https://www.pregon.com.ar,POLITICA Graduados en Ciencias Económicas y el desafío de actualización permanente 22-06-2026
2026-06-24,2026-W26,provincial,PREGÓN,Jujuy,NOA,San Salvador de Jujuy,https://www.pregon.com.ar,POLITICA Avanza la implementación de ley destinada a recuperar inmuebles usados por el narcotráfico 22-06-2026
2026-06-24,2026-W26,provincial,PREGÓN,Jujuy,NOA,San Salvador de Jujuy,https://www.pregon.com.ar,POLITICA La Justicia electoral designó a Federico Prieto como interventor del PJ 22-06-2026
2026-06-24,2026-W26,provincial,EL INDEPENDIENTE,La Rioja,NOA,La Rioja,https://www.elindependiente.com.ar,La UNLaR aprobó su nuevo Estatuto con amplio respaldo
2026-06-24,2026-W26,provincial,EL INDEPENDIENTE,La Rioja,NOA,La Rioja,https://www.elindependiente.com.ar,Perú: Keiko Fujimori supera a Roberto Sánchez por más de 44.000 votos
2026-06-24,2026-W26,provincial,EL INDEPENDIENTE,La Rioja,NOA,La Rioja,https://www.elindependiente.com.ar,Javier Milei y Flávio Bolsonaro se reunirán en un pleno desafío a Lula
2026-06-24,2026-W26,provincial,EL INDEPENDIENTE,La Rioja,NOA,La Rioja,https://www.elindependiente.com.ar,Cinemacenter ofrecerá funciones distendidas infantiles durante Junio y Julio
2026-06-24,2026-W26,provincial,EL INDEPENDIENTE,La Rioja,NOA,La Rioja,https://www.elindependiente.com.ar,"Con sorpresivos votos del PRO, la oposición intentó incluir la interpelación de Adorni"
2026-06-24,2026-W26,provincial,EL INDEPENDIENTE,La Rioja,NOA,La Rioja,https://www.elindependiente.com.ar,Mundial 2026: se confirmó la terna arbitral del partido de Argentina contra Jordania
2026-06-24,2026-W26,provincial,EL INDEPENDIENTE,La Rioja,NOA,La Rioja,https://www.elindependiente.com.ar,Los jugadores de la Selección argentina que deberán cuidarse ante Jordania
2026-06-24,2026-W26,provincial,EL INDEPENDIENTE,La Rioja,NOA,La Rioja,https://www.elindependiente.com.ar,Panamá se sumó a la lista: Cuántas selecciones ya quedaron eliminadas del Mundial 2026
2026-06-24,2026-W26,provincial,EL INDEPENDIENTE,La Rioja,NOA,La Rioja,https://www.elindependiente.com.ar,Lionel Messi cumple 39 años en plena búsqueda de su segundo Mundial
2026-06-24,2026-W26,provincial,EL INDEPENDIENTE,La Rioja,NOA,La Rioja,https://www.elindependiente.com.ar,Colombia le ganó a República Democrática del Congo y lidera el Grupo K
2026-06-24,2026-W26,provincial,EL INDEPENDIENTE,La Rioja,NOA,La Rioja,https://www.elindependiente.com.ar,Croacia superó por la mínima a Panamá y sigue con vida en el Mundial 2026
2026-06-24,2026-W26,provincial,EL INDEPENDIENTE,La Rioja,NOA,La Rioja,https://www.elindependiente.com.ar,Portugal queda primero del Grupo K tras ganarle a Uzbekistán
2026-06-24,2026-W26,provincial,EL INDEPENDIENTE,La Rioja,NOA,La Rioja,https://www.elindependiente.com.ar,Los posibles rivales de la Selección argentina en 16avos de final
2026-06-24,2026-W26,provincial,EL INDEPENDIENTE,La Rioja,NOA,La Rioja,https://www.elindependiente.com.ar,Rodrigo De Paul y Tini Stoessel más enamorados que nunca
2026-06-24,2026-W26,provincial,EL INDEPENDIENTE,La Rioja,NOA,La Rioja,https://www.elindependiente.com.ar,"La Rioja tiene 35,3% de deudores morosos en préstamos bancarios y billeteras virtuales"
2026-06-24,2026-W26,provincial,EL INDEPENDIENTE,La Rioja,NOA,La Rioja,https://www.elindependiente.com.ar,Aprueban en Diputados el proyecto que autoriza un plan de pago a holdouts
2026-06-24,2026-W26,provincial,EL INDEPENDIENTE,La Rioja,NOA,La Rioja,https://www.elindependiente.com.ar,Madres del Dolor solicita urgente habilitación de la Oficina y Defensoría de Víctimas
2026-06-24,2026-W26,provincial,EL INDEPENDIENTE,La Rioja,NOA,La Rioja,https://www.elindependiente.com.ar,"""Ciudad Sustentable"", taller sobre el cuidado del medio ambiente para las infancias"
2026-06-24,2026-W26,provincial,EL INDEPENDIENTE,La Rioja,NOA,La Rioja,https://www.elindependiente.com.ar,Salud fortalece estrategias para abordar nuevos escenarios de consumos problemáticos
2026-06-24,2026-W26,provincial,EL INDEPENDIENTE,La Rioja,NOA,La Rioja,https://www.elindependiente.com.ar,Jornada de Prevención de Consumos Problemáticos en el Parque de Juventudes
2026-06-24,2026-W26,provincial,EL INDEPENDIENTE,La Rioja,NOA,La Rioja,https://www.elindependiente.com.ar,Alerta por 242 nuevos casos de Infección Respiratoria Aguda Grave
2026-06-24,2026-W26,provincial,EL INDEPENDIENTE,La Rioja,NOA,La Rioja,https://www.elindependiente.com.ar,Inauguraron en Chilecito un laboratorio informático para estudiantes técnicos
2026-06-24,2026-W26,provincial,EL INDEPENDIENTE,La Rioja,NOA,La Rioja,https://www.elindependiente.com.ar,Efemérides del 24 de junio: ¿Qué pasó un día como hoy?
2026-06-24,2026-W26,provincial,EL INDEPENDIENTE,La Rioja,NOA,La Rioja,https://www.elindependiente.com.ar,"Keiko Fujimori alcanza ventaja irreversible, pero su adversario denuncia fraude"
2026-06-24,2026-W26,provincial,EL INDEPENDIENTE,La Rioja,NOA,La Rioja,https://www.elindependiente.com.ar,Scaloneta para todos
2026-06-24,2026-W26,provincial,EL INDEPENDIENTE,La Rioja,NOA,La Rioja,https://www.elindependiente.com.ar,Calendario de ANSES del 24 de junio
2026-06-24,2026-W26,provincial,EL INDEPENDIENTE,La Rioja,NOA,La Rioja,https://www.elindependiente.com.ar,"Se conoció el primer vistazo de ""Dai Dai"", de Shakira, en español"
2026-06-24,2026-W26,provincial,EL INDEPENDIENTE,La Rioja,NOA,La Rioja,https://www.elindependiente.com.ar,Burlando explicó por qué Florencia Peña podría demandar al streaming de Nico Occhiato
2026-06-24,2026-W26,provincial,EL INDEPENDIENTE,La Rioja,NOA,La Rioja,https://www.elindependiente.com.ar,Jesica Cirio entregó su celular a la justicia
2026-06-24,2026-W26,provincial,EL INDEPENDIENTE,La Rioja,NOA,La Rioja,https://www.elindependiente.com.ar,Repatriaron los restos de Gaspi
2026-06-24,2026-W26,provincial,EL INDEPENDIENTE,La Rioja,NOA,La Rioja,https://www.elindependiente.com.ar,"Confirmaron dos allanamientos en la causa Insaurralde, Piccirillo y Cirio"
2026-06-24,2026-W26,provincial,EL INDEPENDIENTE,La Rioja,NOA,La Rioja,https://www.elindependiente.com.ar,Se encuentran abiertas las inscripciones para el programa Intercosecha 2026
2026-06-24,2026-W26,provincial,EL INDEPENDIENTE,La Rioja,NOA,La Rioja,https://www.elindependiente.com.ar,Avanza la obra de refacción y puesta en valor del Cristo de Portezuelo en Chilecito
2026-06-24,2026-W26,provincial,EL INDEPENDIENTE,La Rioja,NOA,La Rioja,https://www.elindependiente.com.ar,"La Rioja se prepara para la 11° Caminata Ecológica ""Ambientes Saludables"""
2026-06-24,2026-W26,provincial,EL INDEPENDIENTE,La Rioja,NOA,La Rioja,https://www.elindependiente.com.ar,Elías y Florencia López recorrieron instituciones y acompañaron actividades en Chamical
2026-06-24,2026-W26,provincial,EL INDEPENDIENTE,La Rioja,NOA,La Rioja,https://www.elindependiente.com.ar,Quintela tomó la Promesa de Lealtad a la Bandera a estudiantes de Famatina
2026-06-24,2026-W26,provincial,EL INDEPENDIENTE,La Rioja,NOA,La Rioja,https://www.elindependiente.com.ar,Más de 1.100 niños prometieron lealtad a la bandera y cantaron el cumpleaños a Messi
2026-06-24,2026-W26,provincial,EL INDEPENDIENTE,La Rioja,NOA,La Rioja,https://www.elindependiente.com.ar,Diputados sesiona y el oficialismo intentará aprobar el Súper RIGI
2026-06-24,2026-W26,provincial,EL INDEPENDIENTE,La Rioja,NOA,La Rioja,https://www.elindependiente.com.ar,El petróleo sigue en baja y vale menos de US$75
2026-06-24,2026-W26,provincial,EL INDEPENDIENTE,La Rioja,NOA,La Rioja,https://www.elindependiente.com.ar,Suman una nueva causa a un detenido por homicidio
2026-06-24,2026-W26,provincial,EL INDEPENDIENTE,La Rioja,NOA,La Rioja,https://www.elindependiente.com.ar,Apartan al fiscal Lopez de una causa por presuntos apremios ilegales en Ulapes
2026-06-24,2026-W26,provincial,EL INDEPENDIENTE,La Rioja,NOA,La Rioja,https://www.elindependiente.com.ar,Motociclista herido tras perder el control de su rodado en el centro de la ciudad
2026-06-24,2026-W26,provincial,EL INDEPENDIENTE,La Rioja,NOA,La Rioja,https://www.elindependiente.com.ar,"Argentina, campeón mundial de básquet para atletas con síndrome de Down"
2026-06-24,2026-W26,provincial,EL INDEPENDIENTE,La Rioja,NOA,La Rioja,https://www.elindependiente.com.ar,Racing avanza por Ulises Ortegoza y busca cerrar a su segundo refuerzo
2026-06-24,2026-W26,provincial,EL INDEPENDIENTE,La Rioja,NOA,La Rioja,https://www.elindependiente.com.ar,Inglaterra y Ghana empataron y dejaron abierta la definición del Grupo L del Mundial
2026-06-24,2026-W26,provincial,EL INDEPENDIENTE,La Rioja,NOA,La Rioja,https://www.elindependiente.com.ar,Escándalo Julián Álvarez: Atlético de Madrid denunciaría al Barcelona ante la FIFA
2026-06-24,2026-W26,provincial,EL INDEPENDIENTE,La Rioja,NOA,La Rioja,https://www.elindependiente.com.ar,ONU aspira a poner fin al SIDA como amenaza para la salud en 2030
2026-06-24,2026-W26,provincial,EL INDEPENDIENTE,La Rioja,NOA,La Rioja,https://www.elindependiente.com.ar,Alertan por el impacto de los bloqueos de carreteras sobre la democracia boliviana
2026-06-24,2026-W26,provincial,EL INDEPENDIENTE,La Rioja,NOA,La Rioja,https://www.elindependiente.com.ar,"Irán propone una ""nueva arquitectura de seguridad regional"""
2026-06-24,2026-W26,provincial,EL INDEPENDIENTE,La Rioja,NOA,La Rioja,https://www.elindependiente.com.ar,Delegación talibán viaja a Bruselas para reunirse con representantes de la Unión Europe
2026-06-24,2026-W26,provincial,NUEVA RIOJA,La Rioja,NOA,La Rioja,https://www.nuevarioja.com.ar,Diputados: hay quórum para debatir el Súper RIGI
2026-06-24,2026-W26,provincial,NUEVA RIOJA,La Rioja,NOA,La Rioja,https://www.nuevarioja.com.ar,Cierre definitivo en el Parque Industrial: bajó la persiana otra textil y hay 25 nuevos despidos
2026-06-24,2026-W26,provincial,NUEVA RIOJA,La Rioja,NOA,La Rioja,https://www.nuevarioja.com.ar,"Avanza la restauración del Cristo de Portezuelo, uno de los íconos turísticos de Chilecito"
2026-06-24,2026-W26,provincial,NUEVA RIOJA,La Rioja,NOA,La Rioja,https://www.nuevarioja.com.ar,Alerta por temperaturas extremas: La Rioja continúa bajo advertencia por frío intenso
2026-06-24,2026-W26,provincial,NUEVA RIOJA,La Rioja,NOA,La Rioja,https://www.nuevarioja.com.ar,Dictaron la prisión perpetua por el crimen del prestamista
2026-06-24,2026-W26,provincial,NUEVA RIOJA,La Rioja,NOA,La Rioja,https://www.nuevarioja.com.ar,Gabriela Pedrali cuestionó al Gobierno de Milei y acusó a sus aliados de “encubrir” a Adorni
2026-06-24,2026-W26,provincial,NUEVA RIOJA,La Rioja,NOA,La Rioja,https://www.nuevarioja.com.ar,Alerta por 242 nuevos casos de Infección Respiratoria Aguda Grave
2026-06-24,2026-W26,provincial,NUEVA RIOJA,La Rioja,NOA,La Rioja,https://www.nuevarioja.com.ar,Un joven cayó desde cuatro metros cuando decoraba una escuela y sufrió heridas leves
2026-06-24,2026-W26,provincial,NUEVA RIOJA,La Rioja,NOA,La Rioja,https://www.nuevarioja.com.ar,Chilecito se prepara para una nueva celebración de la Fogata de San Juan
2026-06-24,2026-W26,provincial,NUEVA RIOJA,La Rioja,NOA,La Rioja,https://www.nuevarioja.com.ar,"Un mujer empujaba un auto con fallas mecánicas, resbaló y cayó a un canal"
2026-06-24,2026-W26,provincial,NUEVA RIOJA,La Rioja,NOA,La Rioja,https://www.nuevarioja.com.ar,"""Normalizar lo imposible"": Pep Guardiola rinde tributo a Messi tras adueñarse de la historia de los Mundiales"
2026-06-24,2026-W26,provincial,NUEVA RIOJA,La Rioja,NOA,La Rioja,https://www.nuevarioja.com.ar,México enfrenta a República Checa con el liderazgo del Mundial ya asegurado
2026-06-24,2026-W26,provincial,NUEVA RIOJA,La Rioja,NOA,La Rioja,https://www.nuevarioja.com.ar,El equipo alternativo que prepara Scaloni para que Argentina cierre el grupo ante Jordania
2026-06-24,2026-W26,provincial,NUEVA RIOJA,La Rioja,NOA,La Rioja,https://www.nuevarioja.com.ar,Brasil quiere ser líder en el Mundial pero al frente tiene a Escocia
2026-06-24,2026-W26,provincial,NUEVA RIOJA,La Rioja,NOA,La Rioja,https://www.nuevarioja.com.ar,Marruecos va por el liderato del Mundial ante un ya eliminado Haití
2026-06-24,2026-W26,provincial,NUEVA RIOJA,La Rioja,NOA,La Rioja,https://www.nuevarioja.com.ar,Bosnia y Qatar a todo o nada por la clasificación en el Mundial
2026-06-24,2026-W26,provincial,NUEVA RIOJA,La Rioja,NOA,La Rioja,https://www.nuevarioja.com.ar,Portugal goleó 5-0 a Uzbekistán con doblete de Cristiano Ronaldo
2026-06-24,2026-W26,provincial,NUEVA RIOJA,La Rioja,NOA,La Rioja,https://www.nuevarioja.com.ar,Nueva Rioja te invita a jugar el PRODE Oficial de la AFA a través de Albiceleste.app
2026-06-24,2026-W26,provincial,NUEVA RIOJA,La Rioja,NOA,La Rioja,https://www.nuevarioja.com.ar,Últimas noticias
2026-06-24,2026-W26,provincial,NUEVA RIOJA,La Rioja,NOA,La Rioja,https://www.nuevarioja.com.ar,"""Supergirl"" en Cinemacenter"
2026-06-24,2026-W26,provincial,NUEVA RIOJA,La Rioja,NOA,La Rioja,https://www.nuevarioja.com.ar,La playa secreta de la Patagonia donde se puede avistar ballenas francas gratis a pocos metros de la costa
2026-06-24,2026-W26,provincial,NUEVA RIOJA,La Rioja,NOA,La Rioja,https://www.nuevarioja.com.ar,Dolor crónico: científicos argentinos hallan una estrategia alternativa que podría tratarlo
2026-06-24,2026-W26,provincial,NUEVA RIOJA,La Rioja,NOA,La Rioja,https://www.nuevarioja.com.ar,Arauco Solar V se incorpora al sistema eléctrico nacional
2026-06-24,2026-W26,provincial,NUEVA RIOJA,La Rioja,NOA,La Rioja,https://www.nuevarioja.com.ar,"""No le da la cabeza"": El ataque de Pepe Chatruc a Brancatelli por sus críticas a Messi desató una guerra mediática"
2026-06-24,2026-W26,provincial,NUEVA RIOJA,La Rioja,NOA,La Rioja,https://www.nuevarioja.com.ar,Quintela tomó la Promesa a la Bandera a estudiantes de Famatina
2026-06-24,2026-W26,provincial,NUEVA RIOJA,La Rioja,NOA,La Rioja,https://www.nuevarioja.com.ar,Lanzan créditos para profesionales y trabajadores de oficios
2026-06-24,2026-W26,provincial,NUEVA RIOJA,La Rioja,NOA,La Rioja,https://www.nuevarioja.com.ar,Investigan apertura ilegal de compuertas de agua en Alto Carrizal
2026-06-24,2026-W26,provincial,NUEVA RIOJA,La Rioja,NOA,La Rioja,https://www.nuevarioja.com.ar,Fórmula 1: Briatore le puso fecha a la decisión sobre la continuidad de Colapinto en Alpine
2026-06-24,2026-W26,provincial,NUEVA RIOJA,La Rioja,NOA,La Rioja,https://www.nuevarioja.com.ar,Tesoro histórico argentino recuperado: la PFA rescató más de 200 documentos vinculados a San Martín y otros próceres nacionales
2026-06-24,2026-W26,provincial,NUEVA RIOJA,La Rioja,NOA,La Rioja,https://www.nuevarioja.com.ar,Boca apunta a un campeón del mundo para reforzar un puesto muy necesario
2026-06-24,2026-W26,provincial,NUEVA RIOJA,La Rioja,NOA,La Rioja,https://www.nuevarioja.com.ar,Investigan el hallazgo de un arma tirada a la vera de Ruta 141
2026-06-24,2026-W26,provincial,NUEVA RIOJA,La Rioja,NOA,La Rioja,https://www.nuevarioja.com.ar,Básquetbol: Riachuelo sacó ventajas en el arranque de las semifinales
2026-06-24,2026-W26,provincial,NUEVA RIOJA,La Rioja,NOA,La Rioja,https://www.nuevarioja.com.ar,Comienza la Copa de la Liga Riojana para las divisiones inferiores
2026-06-24,2026-W26,provincial,NUEVA RIOJA,La Rioja,NOA,La Rioja,https://www.nuevarioja.com.ar,Los punteros del Torneo de Primera juegan el sábado
2026-06-24,2026-W26,provincial,NUEVA RIOJA,La Rioja,NOA,La Rioja,https://www.nuevarioja.com.ar,Básquetbol: Riojano y Riachuelo abren el camino de las semifinales
2026-06-24,2026-W26,provincial,NUEVA RIOJA,La Rioja,NOA,La Rioja,https://www.nuevarioja.com.ar,Un jubilado sufrió herida tras ser atacado por un perro de raza en el barrio Alta Rioja.
2026-06-24,2026-W26,provincial,NUEVA RIOJA,La Rioja,NOA,La Rioja,https://www.nuevarioja.com.ar,Detuvieron a un hombre por presunto intento de robo en un auto
2026-06-24,2026-W26,provincial,NUEVA RIOJA,La Rioja,NOA,La Rioja,https://www.nuevarioja.com.ar,Operativo policial permitió recuperar elementos robados tras dos allanamientos
2026-06-24,2026-W26,provincial,NUEVA RIOJA,La Rioja,NOA,La Rioja,https://www.nuevarioja.com.ar,Zlatan Ibrahimović liquida el debate y se rinde ante Messi
2026-06-24,2026-W26,provincial,NUEVA RIOJA,La Rioja,NOA,La Rioja,https://www.nuevarioja.com.ar,Suiza y Canadá se juegan la clasificación en la última fecha del Mundial
2026-06-24,2026-W26,provincial,NUEVA RIOJA,La Rioja,NOA,La Rioja,https://www.nuevarioja.com.ar,"Milei: ""Abróchense los cinturones que la Argentina será grande otra vez"""
2026-06-24,2026-W26,provincial,NUEVA RIOJA,La Rioja,NOA,La Rioja,https://www.nuevarioja.com.ar,Adorni canceló el informe de gestión que iba a dar el 2 de julio en el Senado
2026-06-24,2026-W26,provincial,NUEVA RIOJA,La Rioja,NOA,La Rioja,https://www.nuevarioja.com.ar,"Diputados: con el apoyo de bloques aliados, LLA logró frenar la sesión en la que la oposición buscaba interpelar a Adorni"
2026-06-24,2026-W26,provincial,NUEVA RIOJA,La Rioja,NOA,La Rioja,https://www.nuevarioja.com.ar,Milei autorizó a tomar créditos con bancos por U$S 5.000 millones para pagar el próximo vencimiento de deuda
2026-06-24,2026-W26,provincial,NUEVA RIOJA,La Rioja,NOA,La Rioja,https://www.nuevarioja.com.ar,Diputados: LLA convocó a comisión por el caso Adorni y enfrió el pedido de interpelación
2026-06-24,2026-W26,provincial,NUEVA RIOJA,La Rioja,NOA,La Rioja,https://www.nuevarioja.com.ar,¿Quién responde por una fake news en un canal de streaming?
2026-06-24,2026-W26,provincial,NUEVA RIOJA,La Rioja,NOA,La Rioja,https://www.nuevarioja.com.ar,Criticoma y el riesgo de exposición a pantallas
2026-06-24,2026-W26,provincial,NUEVA RIOJA,La Rioja,NOA,La Rioja,https://www.nuevarioja.com.ar,"Pekín, Kiev y Ormuz: Un mundo que cambia"
2026-06-24,2026-W26,provincial,NUEVA RIOJA,La Rioja,NOA,La Rioja,https://www.nuevarioja.com.ar,Inauguraron el Destacamento Policial de Alto Carrizal
2026-06-24,2026-W26,provincial,NUEVA RIOJA,La Rioja,NOA,La Rioja,https://www.nuevarioja.com.ar,Estudiantes del Instituto de Seguridad de Chilecito juraron fidelidad a la Bandera
2026-06-24,2026-W26,provincial,RIOJA VIRTUAL,La Rioja,NOA,La Rioja,https://www.riojavirtual.com.ar,LA POSIBILIDAD DE LA LEY DE LEMAS COMIENZA A ALEJARSE DE CARA AL 2027
2026-06-24,2026-W26,provincial,RIOJA VIRTUAL,La Rioja,NOA,La Rioja,https://www.riojavirtual.com.ar,"LA DESOCUPACIÓN EN LA RIOJA LLEGÓ AL 6,1% Y CRECIÓ CON RESPECTO A 2025"
2026-06-24,2026-W26,provincial,RIOJA VIRTUAL,La Rioja,NOA,La Rioja,https://www.riojavirtual.com.ar,UNLAR. FUERTE DEBATE POR LA EXTENSIÓN DE LOS MANDATOS Y CARGOS ELECTIVOS
2026-06-24,2026-W26,provincial,RIOJA VIRTUAL,La Rioja,NOA,La Rioja,https://www.riojavirtual.com.ar,SERSALUD RECLAMA MEJORA SALARIAL Y RECHAZA AUMENTOS EN CHACHOS
2026-06-24,2026-W26,provincial,RIOJA VIRTUAL,La Rioja,NOA,La Rioja,https://www.riojavirtual.com.ar,"«DE LA MANO DE D10S», «EL MEJOR DE LA HISTORIA» Y «EL MÁS GRANDE». LAS PORTADAS DE LOS DIARIOS DEL MUNDO RENDIDOS ANTE MESSI"
2026-06-24,2026-W26,provincial,RIOJA VIRTUAL,La Rioja,NOA,La Rioja,https://www.riojavirtual.com.ar,LA OPOSICIÓN BUSCA EL NÚMERO PARA ABRIR EL DEBATE EN DIPUTADOS E INTERPELAR A ADORNI
2026-06-24,2026-W26,provincial,RIOJA VIRTUAL,La Rioja,NOA,La Rioja,https://www.riojavirtual.com.ar,COLOMBIA GIRA A LA DERECHA. DE LA ESPRIELLA SERÁ EL NUEVO PRESIDENTE TRAS GANAR EL BALOTAJE
2026-06-24,2026-W26,provincial,RIOJA VIRTUAL,La Rioja,NOA,La Rioja,https://www.riojavirtual.com.ar,¡Cargando por favor esperar!
2026-06-24,2026-W26,provincial,EL TRIBUNO,Salta,NOA,Salta,https://www.eltribuno.com,Noticias de interés general actualizadas 24HS
2026-06-24,2026-W26,provincial,EL TRIBUNO,Salta,NOA,Salta,https://www.eltribuno.com,Fixture del Mundial 2026
2026-06-24,2026-W26,provincial,EL TRIBUNO,Salta,NOA,Salta,https://www.eltribuno.com,Barrio Convivencia: este jueves imputarán a la madre y al padrastro del nene de dos años asesinado
2026-06-24,2026-W26,provincial,EL TRIBUNO,Salta,NOA,Salta,https://www.eltribuno.com,Alerta en La Caldera por una fuga de gas en una escuela
2026-06-24,2026-W26,provincial,EL TRIBUNO,Salta,NOA,Salta,https://www.eltribuno.com,Dolor en Salta: identificaron al joven policía que murió tras un accidente en Ciudad del Milagro
2026-06-24,2026-W26,provincial,EL TRIBUNO,Salta,NOA,Salta,https://www.eltribuno.com,Tuberculosis en Argentina: aumentan los casos y Salta registra la tasa más alta del país
2026-06-24,2026-W26,provincial,EL TRIBUNO,Salta,NOA,Salta,https://www.eltribuno.com,La Justicia investiga qué pasó con Guadalupe Ramos
2026-06-24,2026-W26,provincial,EL TRIBUNO,Salta,NOA,Salta,https://www.eltribuno.com,Barrio Convivencia: pedirán nuevas pericias para esclarecer la muerte de Thiago
2026-06-24,2026-W26,provincial,EL TRIBUNO,Salta,NOA,Salta,https://www.eltribuno.com,"El peor final: encontraron sin vida a Guadalupe Ramos, la joven que era intensamente buscada en Orán"
2026-06-24,2026-W26,provincial,EL TRIBUNO,Salta,NOA,Salta,https://www.eltribuno.com,"Ola polar: La Quiaca llegó a -10,4° y Salta quedó entre las más heladas con -14º en Tolar Grande"
2026-06-24,2026-W26,provincial,EL TRIBUNO,Salta,NOA,Salta,https://www.eltribuno.com,"24 de junio, el día más argentino: Messi, Fangio, Riquelme, Gardel, Rodrigo y una fecha cargada de historia"
2026-06-24,2026-W26,provincial,EL TRIBUNO,Salta,NOA,Salta,https://www.eltribuno.com,VIDEO. Alumnos de Cafayate y San Antonio de los Cobres le cantaron a Messi por su cumpleaños
2026-06-24,2026-W26,provincial,EL TRIBUNO,Salta,NOA,Salta,https://www.eltribuno.com,Los posteos de Messi por su cumpleaños: la sorpresa de sus compañeros y el video que hizo reaccionar a Antonela
2026-06-24,2026-W26,provincial,EL TRIBUNO,Salta,NOA,Salta,https://www.eltribuno.com,Bosnia y Herzegovina venció a Qatar y lo dejó afuera del Mundial
2026-06-24,2026-W26,provincial,EL TRIBUNO,Salta,NOA,Salta,https://www.eltribuno.com,Suiza le ganó a Canadá y se quedó con el Grupo B del Mundial: los locales finalizaron segundos
2026-06-24,2026-W26,provincial,EL TRIBUNO,Salta,NOA,Salta,https://www.eltribuno.com,Lionel Messi cumple 39 años en plena búsqueda de su segundo Mundial
2026-06-24,2026-W26,provincial,EL TRIBUNO,Salta,NOA,Salta,https://www.eltribuno.com,Mundial 2026: Bellingham fue elegido la figura ante Ghana pero aseguró que no merecía el premio
2026-06-24,2026-W26,provincial,EL TRIBUNO,Salta,NOA,Salta,https://www.eltribuno.com,"Colombia venció 1-0 a RD Congo, avanzó a 16avos y quedó líder del Grupo K del Mundial 2026"
2026-06-24,2026-W26,provincial,EL TRIBUNO,Salta,NOA,Salta,https://www.eltribuno.com,Portugal arrolló 5-0 a Uzbekistán y consiguió su primera victoria en el Mundial 2026
2026-06-24,2026-W26,provincial,EL TRIBUNO,Salta,NOA,Salta,https://www.eltribuno.com,Croacia le ganó a Panamá por la mínima y se metió en la pelea del Grupo L en el Mundial
2026-06-24,2026-W26,provincial,EL TRIBUNO,Salta,NOA,Salta,https://www.eltribuno.com,La familia Pérez Companc desembarca en el vino salteño
2026-06-24,2026-W26,provincial,EL TRIBUNO,Salta,NOA,Salta,https://www.eltribuno.com,Crecen las señales de la precariedad laboral en Salta
2026-06-24,2026-W26,provincial,EL TRIBUNO,Salta,NOA,Salta,https://www.eltribuno.com,"Adorni dijo que está dispuesto a ir al Senado, pero se canceló la presentación"
2026-06-24,2026-W26,provincial,EL TRIBUNO,Salta,NOA,Salta,https://www.eltribuno.com,Salud busca contratar una empresa para cobrar deuda de obras sociales
2026-06-24,2026-W26,provincial,EL TRIBUNO,Salta,NOA,Salta,https://www.eltribuno.com,"""La fácil accesibilidad para conseguir drogas es crítica"" y ""nuestro trabajo es preventivo"": qué dijeron Provincia y Municipio"
2026-06-24,2026-W26,provincial,EL TRIBUNO,Salta,NOA,Salta,https://www.eltribuno.com,Antonela Roccuzzo publicó una foto retro y le dedicó un posteo a Lionel Messi por su cumpleaños
2026-06-24,2026-W26,provincial,EL TRIBUNO,Salta,NOA,Salta,https://www.eltribuno.com,Estudiantes de la escuela Santa Lucía visitaron el complejo editorial El Tribuno
2026-06-24,2026-W26,provincial,EL TRIBUNO,Salta,NOA,Salta,https://www.eltribuno.com,Tomás Adad ganó el Concurso Provincial de la Empanada
2026-06-24,2026-W26,provincial,EL TRIBUNO,Salta,NOA,Salta,https://www.eltribuno.com,Banco Macro recibe una línea financiera del BID Invest por US$200 millones para impulsar el crédito productivo a pymes
2026-06-24,2026-W26,provincial,EL TRIBUNO,Salta,NOA,Salta,https://www.eltribuno.com,¡Suscribite al Club y jugá al Prode Mundial!
2026-06-24,2026-W26,provincial,EL TRIBUNO,Salta,NOA,Salta,https://www.eltribuno.com,Cómo registrarte y cargar tus pronósticos
2026-06-24,2026-W26,provincial,EL TRIBUNO,Salta,NOA,Salta,https://www.eltribuno.com,Los premios que podés ganar en el Prode
2026-06-24,2026-W26,provincial,EL TRIBUNO,Salta,NOA,Salta,https://www.eltribuno.com,"Jorge Messi, el padre de Lionel Messi, recibió el alta médica y llevó tranquilidad a su familia"
2026-06-24,2026-W26,provincial,EL TRIBUNO,Salta,NOA,Salta,https://www.eltribuno.com,Desde la Municipalidad confirmaron la continuidad de la Feria de la Carne
2026-06-24,2026-W26,provincial,EL TRIBUNO,Salta,NOA,Salta,https://www.eltribuno.com,Frío extremo en Tolar Grande: la temperatura cayó a -14°C y marcó un récord nacional
2026-06-24,2026-W26,provincial,EL TRIBUNO,Salta,NOA,Salta,https://www.eltribuno.com,Salta elige la mejor empanada en la quinta edición del concurso provincial
2026-06-24,2026-W26,provincial,EL TRIBUNO,Salta,NOA,Salta,https://www.eltribuno.com,"Javier Milei: ""El consumo va a despegar"""
2026-06-24,2026-W26,provincial,EL TRIBUNO,Salta,NOA,Salta,https://www.eltribuno.com,Ola de calor en Francia deja unos 40 ahogados
2026-06-24,2026-W26,provincial,EL TRIBUNO,Salta,NOA,Salta,https://www.eltribuno.com,"El Hogar de Noche, con ocupación plena"
2026-06-24,2026-W26,provincial,EL TRIBUNO,Salta,NOA,Salta,https://www.eltribuno.com,"El PIB creció el 2,3% en el primer trimestre"
2026-06-24,2026-W26,provincial,EL TRIBUNO,Salta,NOA,Salta,https://www.eltribuno.com,Tramo decisivo por el ARA San Juan
2026-06-24,2026-W26,provincial,EL TRIBUNO,Salta,NOA,Salta,https://www.eltribuno.com,El Tribuno Campo
2026-06-24,2026-W26,provincial,EL TRIBUNO,Salta,NOA,Salta,https://www.eltribuno.com,Récord de exportaciones de las economías regionales argentinas
2026-06-24,2026-W26,provincial,EL TRIBUNO,Salta,NOA,Salta,https://www.eltribuno.com,Se suma una nueva herramienta para el control de malezas resistentes
2026-06-24,2026-W26,provincial,EL TRIBUNO,Salta,NOA,Salta,https://www.eltribuno.com,Aprobaron un maíz resistente a lepidópteros
2026-06-24,2026-W26,provincial,EL TRIBUNO,Salta,NOA,Salta,https://www.eltribuno.com,"""Hay una estabilización de los negocios, con tendencia a mejorar"""
2026-06-24,2026-W26,provincial,EL TRIBUNO,Salta,NOA,Salta,https://www.eltribuno.com,Más vigor frente al complejo del achaparramiento del maíz
2026-06-24,2026-W26,provincial,EL TRIBUNO,Salta,NOA,Salta,https://www.eltribuno.com,Un modelo que pone a los agricultores en el centro de la seguridad hídrica
2026-06-24,2026-W26,provincial,EL TRIBUNO,Salta,NOA,Salta,https://www.eltribuno.com,Korat: el gato azul de la buena suerte
2026-06-24,2026-W26,provincial,EL TRIBUNO,Salta,NOA,Salta,https://www.eltribuno.com,La deuda para producir más
2026-06-24,2026-W26,provincial,NUEVO DIARIO,Salta,NOA,Salta,https://www.nuevodiariodesalta.com.ar,Nuevo Diario de Salta | El diario chiquito | Salta y Argentina
2026-06-24,2026-W26,provincial,NUEVO DIARIO,Salta,NOA,Salta,https://www.nuevodiariodesalta.com.ar,Legisladores analizaron junto a funcionarios la situación del deporte en la Provincia
2026-06-24,2026-W26,provincial,NUEVO DIARIO,Salta,NOA,Salta,https://www.nuevodiariodesalta.com.ar,Hospital Público Digital en el interior: Entregaron 22 antenas satelitales para fortalecer el sistema
2026-06-24,2026-W26,provincial,NUEVO DIARIO,Salta,NOA,Salta,https://www.nuevodiariodesalta.com.ar,General Güemes: Un concejal busca fortalecer el control ciudadano del agua
2026-06-24,2026-W26,provincial,NUEVO DIARIO,Salta,NOA,Salta,https://www.nuevodiariodesalta.com.ar,Judiciales se encuentra en estado de alerta y movilización por la recomposición salarial
2026-06-24,2026-W26,provincial,NUEVO DIARIO,Salta,NOA,Salta,https://www.nuevodiariodesalta.com.ar,Comenzaron las obras de recuperación del canal del Río Tartagal
2026-06-24,2026-W26,provincial,NUEVO DIARIO,Salta,NOA,Salta,https://www.nuevodiariodesalta.com.ar,San Lorenzo implementará la Licencia Nacional de Conducir y el Certificado de Antecedentes de Tránsito
2026-06-24,2026-W26,provincial,NUEVO DIARIO,Salta,NOA,Salta,https://www.nuevodiariodesalta.com.ar,"Bernardo Biella, el único salteño presenta en la sesión de interpelación a Adorni"
2026-06-24,2026-W26,provincial,NUEVO DIARIO,Salta,NOA,Salta,https://www.nuevodiariodesalta.com.ar,Desocupación en Argentina: Cuáles son las ciudades con más personas sin trabajo
2026-06-24,2026-W26,provincial,NUEVO DIARIO,Salta,NOA,Salta,https://www.nuevodiariodesalta.com.ar,El Gobierno busca renovar su estrategia de comunicación con un nuevo vocero para dar impulso a la gestión
2026-06-24,2026-W26,provincial,NUEVO DIARIO,Salta,NOA,Salta,https://www.nuevodiariodesalta.com.ar,Juicio por la muerte de Maradona: Luque volverá a declarar y cuestionará audios incorporados al expediente
2026-06-24,2026-W26,provincial,NUEVO DIARIO,Salta,NOA,Salta,https://www.nuevodiariodesalta.com.ar,La Fiscalía pidió penas de hasta cinco años de prisión para exjefes de la Armada por el caso ARA San Juan
2026-06-24,2026-W26,provincial,NUEVO DIARIO,Salta,NOA,Salta,https://www.nuevodiariodesalta.com.ar,Argentina espera que se complete el cuadro para saber quién será su rival en 16avos
2026-06-24,2026-W26,provincial,NUEVO DIARIO,Salta,NOA,Salta,https://www.nuevodiariodesalta.com.ar,Brasil enfrenta a Escocia para poder obtener el primer puesto
2026-06-24,2026-W26,provincial,NUEVO DIARIO,Salta,NOA,Salta,https://www.nuevodiariodesalta.com.ar,"Portugal reaccionó, brilló y a puro gol venció a Uzbekistán por 5 a 0"
2026-06-24,2026-W26,provincial,NUEVO DIARIO,Salta,NOA,Salta,https://www.nuevodiariodesalta.com.ar,"México, ya clasificado, se enfrenta a R. Checa que sueña con el triunfo de Sudáfrica"
2026-06-24,2026-W26,provincial,NUEVO DIARIO,Salta,NOA,Salta,https://www.nuevodiariodesalta.com.ar,El senador Cornejo pide que los vapeadores también aporten al Fondo Especial del Tabaco
2026-06-24,2026-W26,provincial,NUEVO DIARIO,Salta,NOA,Salta,https://www.nuevodiariodesalta.com.ar,"Por presuntas irregularidades, Fayón Medina irá a audiencia por la causa Panadería Social"
2026-06-24,2026-W26,provincial,NUEVO DIARIO,Salta,NOA,Salta,https://www.nuevodiariodesalta.com.ar,La comunidad Diaguita de Las Pailas llega a la Legislatura para expresar su reclamo
2026-06-24,2026-W26,provincial,NUEVO DIARIO,Salta,NOA,Salta,https://www.nuevodiariodesalta.com.ar,Acampe y vigilia para comprar entradas para Tini
2026-06-24,2026-W26,provincial,NUEVO DIARIO,Salta,NOA,Salta,https://www.nuevodiariodesalta.com.ar,El Senado salteño homenajeó a las Voces de Oran por sus 50 años
2026-06-24,2026-W26,provincial,NUEVO DIARIO,Salta,NOA,Salta,https://www.nuevodiariodesalta.com.ar,Accidente Hinchas de Central
2026-06-24,2026-W26,provincial,NUEVO DIARIO,Salta,NOA,Salta,https://www.nuevodiariodesalta.com.ar,Nuevo Diario de Salta festejó sus 20 años en familia.
2026-06-24,2026-W26,provincial,NUEVO DIARIO,Salta,NOA,Salta,https://www.nuevodiariodesalta.com.ar,Incidentes en la Popular Norte de la parcialidad de Central Norte
2026-06-24,2026-W26,provincial,NUEVO DIARIO,Salta,NOA,Salta,https://www.nuevodiariodesalta.com.ar,El Pilcomayo está a punto de llevarse una casa en Santa Victoria Este
2026-06-24,2026-W26,provincial,NUEVO DIARIO,Salta,NOA,Salta,https://www.nuevodiariodesalta.com.ar,Crecida del Rio Pilcomayo en Santa Victoria Este
2026-06-24,2026-W26,provincial,NUEVO DIARIO,Salta,NOA,Salta,https://www.nuevodiariodesalta.com.ar,"Así agredían al periodista de Pichanal, Gustavo Mendieta"
2026-06-24,2026-W26,provincial,NUEVO DIARIO,Salta,NOA,Salta,https://www.nuevodiariodesalta.com.ar,Interés general
2026-06-24,2026-W26,provincial,NUEVO DIARIO,Salta,NOA,Salta,https://www.nuevodiariodesalta.com.ar,Últimas noticias
2026-06-24,2026-W26,provincial,NUEVO DIARIO,Salta,NOA,Salta,https://www.nuevodiariodesalta.com.ar,Deporte Ver más
2026-06-24,2026-W26,provincial,NUEVO DIARIO,Salta,NOA,Salta,https://www.nuevodiariodesalta.com.ar,Interés general Ver más
2026-06-24,2026-W26,provincial,NUEVO DIARIO,Salta,NOA,Salta,https://www.nuevodiariodesalta.com.ar,Canapino logró una buena clasificación
2026-06-24,2026-W26,provincial,NUEVO DIARIO,Salta,NOA,Salta,https://www.nuevodiariodesalta.com.ar,Flojo debut para River: empató ante el Halcón
2026-06-24,2026-W26,provincial,NUEVO DIARIO,Salta,NOA,Salta,https://www.nuevodiariodesalta.com.ar,Cayó un helicóptero sobre las canchas de tenis del ex circuito KDT de Palermo
2026-06-24,2026-W26,provincial,NUEVO DIARIO,Salta,NOA,Salta,https://www.nuevodiariodesalta.com.ar,San Lorenzo retoma el programa “Municipio Activo” con atención directa en barrios
2026-06-24,2026-W26,provincial,NUEVO DIARIO,Salta,NOA,Salta,https://www.nuevodiariodesalta.com.ar,Una mujer detenida en un hotel con dos menores por supuesta prostitución
2026-06-24,2026-W26,provincial,NUEVO DIARIO,Salta,NOA,Salta,https://www.nuevodiariodesalta.com.ar,Multimedia 1 / 8 Videos
2026-06-24,2026-W26,provincial,NUEVO DIARIO,Salta,NOA,Salta,https://www.nuevodiariodesalta.com.ar,Horario de atención
2026-06-24,2026-W26,provincial,NUEVO DIARIO,Salta,NOA,Salta,https://www.nuevodiariodesalta.com.ar,Más noticias Salta País Mundo Deporte Interés general Licitaciones Obituario Clasificados
2026-06-24,2026-W26,provincial,NUEVO DIARIO,Salta,NOA,Salta,https://www.nuevodiariodesalta.com.ar,Salta País Mundo Deporte Interés general Licitaciones Obituario Clasificados
2026-06-24,2026-W26,provincial,NUEVO DIARIO,Salta,NOA,Salta,https://www.nuevodiariodesalta.com.ar,El 92% de los barrios populares de Salta se quedaron sin obras tras el párate nacional
2026-06-24,2026-W26,provincial,NUEVO DIARIO,Salta,NOA,Salta,https://www.nuevodiariodesalta.com.ar,"Orán: encontraron sin vida a Guadalupe Ramos, la joven desaparecida desde el domingo"
2026-06-24,2026-W26,provincial,NUEVO DIARIO,Salta,NOA,Salta,https://www.nuevodiariodesalta.com.ar,La Escuela Municipal de Manejo alcanzó las 12 mil inscripciones
2026-06-24,2026-W26,provincial,EL LIBERAL,Santiago del Estero,NOA,Santiago del Estero,https://www.elliberal.com.ar,El Liberal - Diario de Santiago del Estero
2026-06-24,2026-W26,provincial,EL LIBERAL,Santiago del Estero,NOA,Santiago del Estero,https://www.elliberal.com.ar,Investigan la muerte de un niño de 2 años en Salta: detuvieron a su madre y a su padrastro
2026-06-24,2026-W26,provincial,EL LIBERAL,Santiago del Estero,NOA,Santiago del Estero,https://www.elliberal.com.ar,Messi cumplió 39 años y la Selección lo sorprendió con una torta albiceleste
2026-06-24,2026-W26,provincial,EL LIBERAL,Santiago del Estero,NOA,Santiago del Estero,https://www.elliberal.com.ar,SEGUI NUESTRAS REDES
2026-06-24,2026-W26,provincial,EL LIBERAL,Santiago del Estero,NOA,Santiago del Estero,https://www.elliberal.com.ar,Piden hasta 5 años de prisión para imputados por el ARA San Juan
2026-06-24,2026-W26,provincial,EL LIBERAL,Santiago del Estero,NOA,Santiago del Estero,https://www.elliberal.com.ar,Elías Suárez inaugurará hoy obras y entregará viviendas sociales en Pozo Hondo
2026-06-24,2026-W26,provincial,EL LIBERAL,Santiago del Estero,NOA,Santiago del Estero,https://www.elliberal.com.ar,Capacitarán en IA para la docencia y asistencia en salud
2026-06-24,2026-W26,provincial,EL LIBERAL,Santiago del Estero,NOA,Santiago del Estero,https://www.elliberal.com.ar,La Biblioteca Agustín Álvarez invita a la charla pedagógica didáctica
2026-06-24,2026-W26,provincial,EL LIBERAL,Santiago del Estero,NOA,Santiago del Estero,https://www.elliberal.com.ar,Viví el camino al Mundial 2026 con EL LIBERAL y sus fichas digitales gratuitas
2026-06-24,2026-W26,provincial,EL LIBERAL,Santiago del Estero,NOA,Santiago del Estero,https://www.elliberal.com.ar,Bosnia cumplió venciendo a Qatar y ahora depende de otros resultados
2026-06-24,2026-W26,provincial,EL LIBERAL,Santiago del Estero,NOA,Santiago del Estero,https://www.elliberal.com.ar,Suiza venció a Canadá y avanzó con autoridad a la próxima ronda
2026-06-24,2026-W26,provincial,EL LIBERAL,Santiago del Estero,NOA,Santiago del Estero,https://www.elliberal.com.ar,Villa Atamisqui contará con una sede propia para el funcionamiento del Juzgado de Paz No Letrado
2026-06-24,2026-W26,provincial,EL LIBERAL,Santiago del Estero,NOA,Santiago del Estero,https://www.elliberal.com.ar,"Abel Pintos, entre las grandes figuras del 34° Festival del Queso Copeño"
2026-06-24,2026-W26,provincial,EL LIBERAL,Santiago del Estero,NOA,Santiago del Estero,https://www.elliberal.com.ar,"Franco Ramirez Adelanta en Santiago su nuevo disco "" Te voy a cantar un sueño""."
2026-06-24,2026-W26,provincial,EL LIBERAL,Santiago del Estero,NOA,Santiago del Estero,https://www.elliberal.com.ar,LA INOPORTUNIDAD DEL TEMA JULIAN ALVAREZ
2026-06-24,2026-W26,provincial,EL LIBERAL,Santiago del Estero,NOA,Santiago del Estero,https://www.elliberal.com.ar,Denunció a un joven tras un encuentro en un motel: la Justicia investiga un presunto abuso
2026-06-24,2026-W26,provincial,EL LIBERAL,Santiago del Estero,NOA,Santiago del Estero,https://www.elliberal.com.ar,Cautelar a favor de familia con mutación genética y disfunción visual debido a la luz
2026-06-24,2026-W26,provincial,EL LIBERAL,Santiago del Estero,NOA,Santiago del Estero,https://www.elliberal.com.ar,Directora denunció a madre de una alumna por ser amenazada
2026-06-24,2026-W26,provincial,EL LIBERAL,Santiago del Estero,NOA,Santiago del Estero,https://www.elliberal.com.ar,"Violó medida judicial, raptó a su ex y fue detenido en el monte"
2026-06-24,2026-W26,provincial,EL LIBERAL,Santiago del Estero,NOA,Santiago del Estero,https://www.elliberal.com.ar,"Salvaje: a golpes, le ""bajó"" dos dientes a su pareja tras discusión"
2026-06-24,2026-W26,provincial,EL LIBERAL,Santiago del Estero,NOA,Santiago del Estero,https://www.elliberal.com.ar,De autoinmunes a colesterol alto: enfermedades que se pueden identificar en una revisión ocular
2026-06-24,2026-W26,provincial,EL LIBERAL,Santiago del Estero,NOA,Santiago del Estero,https://www.elliberal.com.ar,"Día del Padre: Manolo Herrera y el legado eterno de Elpidio, el creador de la sachaguitarra"
2026-06-24,2026-W26,provincial,EL LIBERAL,Santiago del Estero,NOA,Santiago del Estero,https://www.elliberal.com.ar,Por los que hoy necesitan: Cáritas Santiago del Estero realizará una gran Peña Solidaria
2026-06-24,2026-W26,provincial,EL LIBERAL,Santiago del Estero,NOA,Santiago del Estero,https://www.elliberal.com.ar,La presencia del padre influye en forma directa en el crecimiento físico y emocional de los hijos
2026-06-24,2026-W26,provincial,EL LIBERAL,Santiago del Estero,NOA,Santiago del Estero,https://www.elliberal.com.ar,Crónica de los nombres que no van
2026-06-24,2026-W26,provincial,EL LIBERAL,Santiago del Estero,NOA,Santiago del Estero,https://www.elliberal.com.ar,"Con apoyo del PRO, la oposición intentó avanzar con la interpelación de Adorni, pero no logró los votos necesarios"
2026-06-24,2026-W26,provincial,EL LIBERAL,Santiago del Estero,NOA,Santiago del Estero,https://www.elliberal.com.ar,Conmoción: Una adolescente es acusada de matar a sus padres y enviar fotos del crimen a sus compañeros
2026-06-24,2026-W26,provincial,EL LIBERAL,Santiago del Estero,NOA,Santiago del Estero,https://www.elliberal.com.ar,Cuándo una relación consentida puede convertirse en abuso sexual: el caso que investiga la Justicia y qué dice la ley
2026-06-24,2026-W26,provincial,EL LIBERAL,Santiago del Estero,NOA,Santiago del Estero,https://www.elliberal.com.ar,Messi recibió un saludo especial desde Israel en su cumpleaños número 39
2026-06-24,2026-W26,provincial,EL LIBERAL,Santiago del Estero,NOA,Santiago del Estero,https://www.elliberal.com.ar,ANSES amplió el programa que permite realizar trámites previsionales en los lugares de trabajo
2026-06-24,2026-W26,provincial,EL LIBERAL,Santiago del Estero,NOA,Santiago del Estero,https://www.elliberal.com.ar,Jornadas comunitarias y actividades preventivas por el Mes de la Prevención en Santiago del Estero
2026-06-24,2026-W26,provincial,EL LIBERAL,Santiago del Estero,NOA,Santiago del Estero,https://www.elliberal.com.ar,De Capital al interior: alumnos santiagueños le cantaron el feliz cumpleaños a Messi en sus 39 años
2026-06-24,2026-W26,provincial,EL LIBERAL,Santiago del Estero,NOA,Santiago del Estero,https://www.elliberal.com.ar,"El Roperito Solidario ""Abrigando Almas"" continúa recorriendo los barrios llevando ayuda y esperanza"
2026-06-24,2026-W26,provincial,EL LIBERAL,Santiago del Estero,NOA,Santiago del Estero,https://www.elliberal.com.ar,"Sudáfrica, ante su partido más importante"
2026-06-24,2026-W26,provincial,EL LIBERAL,Santiago del Estero,NOA,Santiago del Estero,https://www.elliberal.com.ar,El récord imposible por el que va Messi en el Mundial
2026-06-24,2026-W26,provincial,EL LIBERAL,Santiago del Estero,NOA,Santiago del Estero,https://www.elliberal.com.ar,Biaggio asumirá en Mitre y tendrá el desafío de sacar al equipo de la zona de descenso
2026-06-24,2026-W26,provincial,EL LIBERAL,Santiago del Estero,NOA,Santiago del Estero,https://www.elliberal.com.ar,"""Sopa"" Delgado fue citado otra vez para jugar en Los Pumas"
2026-06-24,2026-W26,provincial,EL LIBERAL,Santiago del Estero,NOA,Santiago del Estero,https://www.elliberal.com.ar,Scaloni prepara una rotación total en el once inicial para enfrentar a Jordania el sábado
2026-06-24,2026-W26,provincial,EL LIBERAL,Santiago del Estero,NOA,Santiago del Estero,https://www.elliberal.com.ar,¿Qué estudiar? La clave está en la meta profesional
2026-06-24,2026-W26,provincial,EL LIBERAL,Santiago del Estero,NOA,Santiago del Estero,https://www.elliberal.com.ar,"Cuando la Inteligencia Artificial es la coartada, ¿quién decide?"
2026-06-24,2026-W26,provincial,EL LIBERAL,Santiago del Estero,NOA,Santiago del Estero,https://www.elliberal.com.ar,Pymes ante un nuevo consumidor
2026-06-24,2026-W26,provincial,EL LIBERAL,Santiago del Estero,NOA,Santiago del Estero,https://www.elliberal.com.ar,Hacia un cambio de régimen demográfico en Santiago del Estero
2026-06-24,2026-W26,provincial,EL LIBERAL,Santiago del Estero,NOA,Santiago del Estero,https://www.elliberal.com.ar,El Parlamento del Norte Grande sesionará en Santiago del Estero los días 25 y 26 de junio
2026-06-24,2026-W26,provincial,EL LIBERAL,Santiago del Estero,NOA,Santiago del Estero,https://www.elliberal.com.ar,El petróleo profundiza su caída y el Brent volvió a ubicarse por debajo de los US$75
2026-06-24,2026-W26,provincial,EL LIBERAL,Santiago del Estero,NOA,Santiago del Estero,https://www.elliberal.com.ar,Milei prepara una nueva gira internacional con escalas en España y Paraguay
2026-06-24,2026-W26,provincial,EL LIBERAL,Santiago del Estero,NOA,Santiago del Estero,https://www.elliberal.com.ar,Investigan un presunto pedido de Adorni para borrar chats con la socia de un contratista
2026-06-24,2026-W26,provincial,EL LIBERAL,Santiago del Estero,NOA,Santiago del Estero,https://www.elliberal.com.ar,Pol├Łtica El gobernador Suárez inauguró obras educativas y realizó la entrega de viviendas sociales en Silípica
2026-06-24,2026-W26,provincial,EL LIBERAL,Santiago del Estero,NOA,Santiago del Estero,https://www.elliberal.com.ar,Adorni defendió su inocencia ante senadores de LLA y afirmó que tiene el respaldo de Milei
2026-06-24,2026-W26,provincial,EL LIBERAL,Santiago del Estero,NOA,Santiago del Estero,https://www.elliberal.com.ar,"Econom├Ła La inflación mayorista se desaceleró a 2,5% en mayo y acumuló 34,5% en 12 meses"
2026-06-24,2026-W26,provincial,EL LIBERAL,Santiago del Estero,NOA,Santiago del Estero,https://www.elliberal.com.ar,"El PIB creció 2,3% interanual en el primer trimestre y mejoró respecto del período previo"
2026-06-24,2026-W26,provincial,NUEVO DIARIO,Santiago del Estero,NOA,Santiago del Estero,https://www.nuevodiarioweb.com.ar,Hoy en Santiago del Estero ver clima
2026-06-24,2026-W26,provincial,NUEVO DIARIO,Santiago del Estero,NOA,Santiago del Estero,https://www.nuevodiarioweb.com.ar,La Banda abrió la inscripción para que extranjeros participen de las elecciones municipales
2026-06-24,2026-W26,provincial,NUEVO DIARIO,Santiago del Estero,NOA,Santiago del Estero,https://www.nuevodiarioweb.com.ar,La UISDE y la UIA analizaron la situación industrial y gestionarán medidas de alivio fiscal ante el ARCA
2026-06-24,2026-W26,provincial,NUEVO DIARIO,Santiago del Estero,NOA,Santiago del Estero,https://www.nuevodiarioweb.com.ar,Liberaron al conductor y al menor involucrados en el accidente fatal con el camión en Av. Lugones
2026-06-24,2026-W26,provincial,NUEVO DIARIO,Santiago del Estero,NOA,Santiago del Estero,https://www.nuevodiarioweb.com.ar,Fotos | Banderazo en la Plaza Libertad por el incumplimiento a la Ley de Emergencia en Discapacidad
2026-06-24,2026-W26,provincial,NUEVO DIARIO,Santiago del Estero,NOA,Santiago del Estero,https://www.nuevodiarioweb.com.ar,El Parlamento del Norte Grande se reúne en Santiago del Estero este 25 y 26 junio
2026-06-24,2026-W26,provincial,NUEVO DIARIO,Santiago del Estero,NOA,Santiago del Estero,https://www.nuevodiarioweb.com.ar,Nuevo Diario lo adelantó y ahora es oficial: Biaggio dirigirá a Mitre
2026-06-24,2026-W26,provincial,NUEVO DIARIO,Santiago del Estero,NOA,Santiago del Estero,https://www.nuevodiarioweb.com.ar,Edición impresa
2026-06-24,2026-W26,provincial,NUEVO DIARIO,Santiago del Estero,NOA,Santiago del Estero,https://www.nuevodiarioweb.com.ar,Natalia Mujica se convirtió en la primera ganadora de la camiseta de la Selección argentina con El Deportivo de LV11
2026-06-24,2026-W26,provincial,NUEVO DIARIO,Santiago del Estero,NOA,Santiago del Estero,https://www.nuevodiarioweb.com.ar,Radio LV11 transmitirá en vivo la Santa Misa dominical desde el histórico santuario de Mama Antula en Villa Silípica
2026-06-24,2026-W26,provincial,NUEVO DIARIO,Santiago del Estero,NOA,Santiago del Estero,https://www.nuevodiarioweb.com.ar,La abogada Jimena Storniolo detalló las claves y requisitos esenciales del régimen de jubilación docente en la provincia
2026-06-24,2026-W26,provincial,NUEVO DIARIO,Santiago del Estero,NOA,Santiago del Estero,https://www.nuevodiarioweb.com.ar,"Lanzan un curso sobre inteligencia artificial aplicada a la docencia, la gestión y la salud en la UNSE"
2026-06-24,2026-W26,provincial,NUEVO DIARIO,Santiago del Estero,NOA,Santiago del Estero,https://www.nuevodiarioweb.com.ar,Colisión entre auto y moto dejó heridos en Barrio Borges
2026-06-24,2026-W26,provincial,NUEVO DIARIO,Santiago del Estero,NOA,Santiago del Estero,https://www.nuevodiarioweb.com.ar,Motociclista atropelló a una mujer que cruzaba por la senda peatonal en pleno centro
2026-06-24,2026-W26,provincial,NUEVO DIARIO,Santiago del Estero,NOA,Santiago del Estero,https://www.nuevodiarioweb.com.ar,Mujer golpeó a su novio con un cinturón tras negarse a tener relaciones sexuales y fue detenida
2026-06-24,2026-W26,provincial,NUEVO DIARIO,Santiago del Estero,NOA,Santiago del Estero,https://www.nuevodiarioweb.com.ar,La Cámara de Diputados aprobó el pago de US$ 171 millones a fondos buitre en una sesión llena de tensión por Adorni
2026-06-24,2026-W26,provincial,NUEVO DIARIO,Santiago del Estero,NOA,Santiago del Estero,https://www.nuevodiarioweb.com.ar,Advierten por el aumento de tuberculosis en distintas regiones del país
2026-06-24,2026-W26,provincial,NUEVO DIARIO,Santiago del Estero,NOA,Santiago del Estero,https://www.nuevodiarioweb.com.ar,La fuerte versión que involucra a China Suárez | Habría agarrado del pelo a una joven por Mauro Icardi
2026-06-24,2026-W26,provincial,NUEVO DIARIO,Santiago del Estero,NOA,Santiago del Estero,https://www.nuevodiarioweb.com.ar,Una mujer fue denunciada tras atacar con un machete a un vecino luego de que este se negara a tener relaciones con ella
2026-06-24,2026-W26,provincial,NUEVO DIARIO,Santiago del Estero,NOA,Santiago del Estero,https://www.nuevodiarioweb.com.ar,Sufrió un robo y cuándo vio su cuenta bancaria casi le da un infarto
2026-06-24,2026-W26,provincial,NUEVO DIARIO,Santiago del Estero,NOA,Santiago del Estero,https://www.nuevodiarioweb.com.ar,"Impacto en la causa Agostina Vega: “Claudio Barrelier se largó a llorar”, declaró un testigo"
2026-06-24,2026-W26,provincial,NUEVO DIARIO,Santiago del Estero,NOA,Santiago del Estero,https://www.nuevodiarioweb.com.ar,Una mujer fue aprehendida tras el robo de un teléfono celular en un boliche
2026-06-24,2026-W26,provincial,NUEVO DIARIO,Santiago del Estero,NOA,Santiago del Estero,https://www.nuevodiarioweb.com.ar,Buscaban a un hincha argentino en Dallas y fue detenido por un insólito motivo durante el operativo policial
2026-06-24,2026-W26,provincial,NUEVO DIARIO,Santiago del Estero,NOA,Santiago del Estero,https://www.nuevodiarioweb.com.ar,Revelaron cuándo llegaría el Papa León XIV a la Argentina
2026-06-24,2026-W26,provincial,NUEVO DIARIO,Santiago del Estero,NOA,Santiago del Estero,https://www.nuevodiarioweb.com.ar,La sífilis no para de crecer y preocupa su impacto en jóvenes de 15 a 39 años
2026-06-24,2026-W26,provincial,NUEVO DIARIO,Santiago del Estero,NOA,Santiago del Estero,https://www.nuevodiarioweb.com.ar,Un chofer asegura haber fotografiado una figura extraña en su colectivo
2026-06-24,2026-W26,provincial,NUEVO DIARIO,Santiago del Estero,NOA,Santiago del Estero,https://www.nuevodiarioweb.com.ar,"Luto en el básquet santiagueño por el fallecimiento de ""Pancho"" Fernández"
2026-06-24,2026-W26,provincial,NUEVO DIARIO,Santiago del Estero,NOA,Santiago del Estero,https://www.nuevodiarioweb.com.ar,"Apuñaló a su expareja 37 veces y la Justicia le dio la pena mínima porque pidió ""sinceras disculpas"""
2026-06-24,2026-W26,provincial,NUEVO DIARIO,Santiago del Estero,NOA,Santiago del Estero,https://www.nuevodiarioweb.com.ar,"Compró un depósito abandonado por 500 dólares, encontró una caja fuerte y terminó ganando USD 1,2 millones"
2026-06-24,2026-W26,provincial,NUEVO DIARIO,Santiago del Estero,NOA,Santiago del Estero,https://www.nuevodiarioweb.com.ar,Escocia y Brasil miden fuerzas en un duelo clave del Mundial 2026: vivilo en vivo por Radio LV11
2026-06-24,2026-W26,provincial,NUEVO DIARIO,Santiago del Estero,NOA,Santiago del Estero,https://www.nuevodiarioweb.com.ar,Santiago del Estero será sede del Campeonato Argentino Juvenil Select 12 Norte de Rugby
2026-06-24,2026-W26,provincial,NUEVO DIARIO,Santiago del Estero,NOA,Santiago del Estero,https://www.nuevodiarioweb.com.ar,Quimsa anunciará la continuidad de Lucas Victoriano al frente del equipo
2026-06-24,2026-W26,provincial,NUEVO DIARIO,Santiago del Estero,NOA,Santiago del Estero,https://www.nuevodiarioweb.com.ar,"A 26 años de la muerte de Rodrigo Bueno, el ídolo que revolucionó el cuarteto argentino"
2026-06-24,2026-W26,provincial,NUEVO DIARIO,Santiago del Estero,NOA,Santiago del Estero,https://www.nuevodiarioweb.com.ar,La emotiva carta de un nene de 8 años a Lionel Messi por su cumpleaños
2026-06-24,2026-W26,provincial,NUEVO DIARIO,Santiago del Estero,NOA,Santiago del Estero,https://www.nuevodiarioweb.com.ar,24 de junio Día Nacional del Piloto homenaje al legado de Juan Manuel Fangio
2026-06-24,2026-W26,provincial,NUEVO DIARIO,Santiago del Estero,NOA,Santiago del Estero,https://www.nuevodiarioweb.com.ar,"Brasil - Escocia, el partido que una vidente aseguró que habrá una abducción extraterrestre y que se juega a las 19"
2026-06-24,2026-W26,provincial,NUEVO DIARIO,Santiago del Estero,NOA,Santiago del Estero,https://www.nuevodiarioweb.com.ar,Desalmados abandonaron a un cachorro en el medio del frío de la noche
2026-06-24,2026-W26,provincial,NUEVO DIARIO,Santiago del Estero,NOA,Santiago del Estero,https://www.nuevodiarioweb.com.ar,Perdió el DNI y ese mismo día extrajeron dinero a su nombre | El banco fue condenado por no verificar la identidad
2026-06-24,2026-W26,provincial,NUEVO DIARIO,Santiago del Estero,NOA,Santiago del Estero,https://www.nuevodiarioweb.com.ar,Viajar por el país será más caro tras la suba de una tasa clave en los pasajes de avión
2026-06-24,2026-W26,provincial,NUEVO DIARIO,Santiago del Estero,NOA,Santiago del Estero,https://www.nuevodiarioweb.com.ar,Un globo aerostático se incendió en pleno vuelo y dejó 8 muertos (Video)
2026-06-24,2026-W26,provincial,NUEVO DIARIO,Santiago del Estero,NOA,Santiago del Estero,https://www.nuevodiarioweb.com.ar,Descubren que las ratas de Nueva York mutaron y ahora son más resistentes a los pesticidas
2026-06-24,2026-W26,provincial,NUEVO DIARIO,Santiago del Estero,NOA,Santiago del Estero,https://www.nuevodiarioweb.com.ar,La Armada Argentina presentó su propuesta educativa y laboral ante estudiantes en Fernández
2026-06-24,2026-W26,provincial,NUEVO DIARIO,Santiago del Estero,NOA,Santiago del Estero,https://www.nuevodiarioweb.com.ar,Alumnos de un colegio de Santiago del Estero celebraron el cumpleaños de Messi con camisetas y banderas
2026-06-24,2026-W26,provincial,NUEVO DIARIO,Santiago del Estero,NOA,Santiago del Estero,https://www.nuevodiarioweb.com.ar,Amor que salva vidas | Un hermano le donó un riñón a su hermana tras tres años de diálisis
2026-06-24,2026-W26,provincial,NUEVO DIARIO,Santiago del Estero,NOA,Santiago del Estero,https://www.nuevodiarioweb.com.ar,Cinco hábitos cotidianos que pueden estar causando tu dolor de garganta
2026-06-24,2026-W26,provincial,NUEVO DIARIO,Santiago del Estero,NOA,Santiago del Estero,https://www.nuevodiarioweb.com.ar,El desgarrador mensaje de despedida de la hermana de la niñera que encontraron muerta
2026-06-24,2026-W26,provincial,NUEVO DIARIO,Santiago del Estero,NOA,Santiago del Estero,https://www.nuevodiarioweb.com.ar,"Thiago tenía 2 años, murió por un presunto maltrato y su madre posteó un pedido de perdón antes de caer presa"
2026-06-24,2026-W26,provincial,NUEVO DIARIO,Santiago del Estero,NOA,Santiago del Estero,https://www.nuevodiarioweb.com.ar,Piñón Fijo respondió a las críticas por la difusión de un video familiar sin maquillaje
2026-06-24,2026-W26,provincial,NUEVO DIARIO,Santiago del Estero,NOA,Santiago del Estero,https://www.nuevodiarioweb.com.ar,Conmoción en el ambiente artístico por la muerte de un destacado cantautor argentino
2026-06-24,2026-W26,provincial,NUEVO DIARIO,Santiago del Estero,NOA,Santiago del Estero,https://www.nuevodiarioweb.com.ar,"Video | Lo detuvieron en un operativo, pero su parecido con Bruno Mars lo salvó"
2026-06-24,2026-W26,provincial,PANORAMA,Santiago del Estero,NOA,Santiago del Estero,https://www.diariopanorama.com,Sumate a nuestra comunidad
2026-06-24,2026-W26,provincial,PANORAMA,Santiago del Estero,NOA,Santiago del Estero,https://www.diariopanorama.com,OPI NIÓN Y ACTUALIDAD
2026-06-24,2026-W26,provincial,PANORAMA,Santiago del Estero,NOA,Santiago del Estero,https://www.diariopanorama.com,LAS + LEÍDAS AHORA EN SANTIAGO DEL ESTERO
2026-06-24,2026-W26,provincial,PANORAMA,Santiago del Estero,NOA,Santiago del Estero,https://www.diariopanorama.com,SANTIAGO DEL ESTERO
2026-06-24,2026-W26,provincial,PANORAMA,Santiago del Estero,NOA,Santiago del Estero,https://www.diariopanorama.com,VENDO CASA BARRIO CABILDO - OPORTUNIDAD
2026-06-24,2026-W26,provincial,PANORAMA,Santiago del Estero,NOA,Santiago del Estero,https://www.diariopanorama.com,VENTA TERRENO ESQUINA BARRIO CABILDO. Saint Germain…
2026-06-24,2026-W26,provincial,PANORAMA,Santiago del Estero,NOA,Santiago del Estero,https://www.diariopanorama.com,Alquiler dpto 1 dormitorio cerca de UNSE
2026-06-24,2026-W26,provincial,PANORAMA,Santiago del Estero,NOA,Santiago del Estero,https://www.diariopanorama.com,Suma Inmobiliaria
2026-06-24,2026-W26,provincial,PANORAMA,Santiago del Estero,NOA,Santiago del Estero,https://www.diariopanorama.com,Volkswagen Gol Trend 2022
2026-06-24,2026-W26,provincial,PANORAMA,Santiago del Estero,NOA,Santiago del Estero,https://www.diariopanorama.com,EVENTOS & SALIDAS
2026-06-24,2026-W26,provincial,PANORAMA,Santiago del Estero,NOA,Santiago del Estero,https://www.diariopanorama.com,Preocupación de puesteros en Comeco: aseguran que…
2026-06-24,2026-W26,provincial,PANORAMA,Santiago del Estero,NOA,Santiago del Estero,https://www.diariopanorama.com,"Jorge Mukdise advirtió que será ""muy difícil"" alcanzar…"
2026-06-24,2026-W26,provincial,PANORAMA,Santiago del Estero,NOA,Santiago del Estero,https://www.diariopanorama.com,Marcelo Barbur confirmó que impulsarán una moción…
2026-06-24,2026-W26,provincial,PANORAMA,Santiago del Estero,NOA,Santiago del Estero,https://www.diariopanorama.com,NOT ICIAS DE LA GENTE
2026-06-24,2026-W26,provincial,PANORAMA,Santiago del Estero,NOA,Santiago del Estero,https://www.diariopanorama.com,LAS TAPAS DEL DÍA
2026-06-24,2026-W26,provincial,PANORAMA,Santiago del Estero,NOA,Santiago del Estero,https://www.diariopanorama.com,Diputados aprobó el pago de US$ 171 millones a los fondos buitre en medio de la tensión por Adorni
2026-06-24,2026-W26,provincial,PANORAMA,Santiago del Estero,NOA,Santiago del Estero,https://www.diariopanorama.com,Milei volvió a apuntar contra el pasado económico y aseguró que el riesgo país “se va a desplomar”
2026-06-24,2026-W26,provincial,PANORAMA,Santiago del Estero,NOA,Santiago del Estero,https://www.diariopanorama.com,"EN VIVO: pasá la tarde junto a ""Qué, no me has visto?"" en Panorama Play"
2026-06-24,2026-W26,provincial,PANORAMA,Santiago del Estero,NOA,Santiago del Estero,https://www.diariopanorama.com,Suiza derrotó a Canadá y se quedó con el primer puesto del Grupo B
2026-06-24,2026-W26,provincial,PANORAMA,Santiago del Estero,NOA,Santiago del Estero,https://www.diariopanorama.com,Un motociclista terminó hospitalizado tras un violento choque en Av. Belgrano y Solís
2026-06-24,2026-W26,provincial,PANORAMA,Santiago del Estero,NOA,Santiago del Estero,https://www.diariopanorama.com,Bosnia hizo los deberes ante Qatar y sueña con la clasificación
2026-06-24,2026-W26,provincial,PANORAMA,Santiago del Estero,NOA,Santiago del Estero,https://www.diariopanorama.com,El BID respaldará a YPF con USD 500 millones para ampliar la infraestructura de Vaca Muerta
2026-06-24,2026-W26,provincial,PANORAMA,Santiago del Estero,NOA,Santiago del Estero,https://www.diariopanorama.com,Un adolescente de 14 años y su padre resultaron heridos tras un choque entre un auto y una moto
2026-06-24,2026-W26,provincial,PANORAMA,Santiago del Estero,NOA,Santiago del Estero,https://www.diariopanorama.com,Santiago del Estero recibirá a legisladores de todo el Norte Grande en una nueva sesión plenaria
2026-06-24,2026-W26,provincial,PANORAMA,Santiago del Estero,NOA,Santiago del Estero,https://www.diariopanorama.com,Un menor subió fotos con armas de fuego y lo detuvieron: tenía un arsenal
2026-06-24,2026-W26,provincial,PANORAMA,Santiago del Estero,NOA,Santiago del Estero,https://www.diariopanorama.com,“Minions y Monstruos” llegará con una función de preestreno al cine Renzi
2026-06-24,2026-W26,provincial,PANORAMA,Santiago del Estero,NOA,Santiago del Estero,https://www.diariopanorama.com,"El jefe de Gabinete recibió a alumnos de los departamentos Silípica, Choya y Guasayán"
2026-06-24,2026-W26,provincial,PANORAMA,Santiago del Estero,NOA,Santiago del Estero,https://www.diariopanorama.com,El petróleo sigue en baja y ya cotiza por debajo de los US$75: ¿bajarán los combustibles?
2026-06-24,2026-W26,provincial,PANORAMA,Santiago del Estero,NOA,Santiago del Estero,https://www.diariopanorama.com,El emotivo mensaje de Antonela Roccuzzo para Lionel Messi en su cumpleaños que emocionó a los fanáticos
2026-06-24,2026-W26,provincial,PANORAMA,Santiago del Estero,NOA,Santiago del Estero,https://www.diariopanorama.com,"""La intención del gobierno es el desguace de Vialidad Nacional"""
2026-06-24,2026-W26,provincial,PANORAMA,Santiago del Estero,NOA,Santiago del Estero,https://www.diariopanorama.com,"Con camisetas y banderas, una escuela santiagueña celebró el cumpleaños de Lionel Messi"
2026-06-24,2026-W26,provincial,PANORAMA,Santiago del Estero,NOA,Santiago del Estero,https://www.diariopanorama.com,Keiko Fujimori: la candidata de un laboratorio en Miami
2026-06-24,2026-W26,provincial,PANORAMA,Santiago del Estero,NOA,Santiago del Estero,https://www.diariopanorama.com,"Crítica de ""Nino"""
2026-06-24,2026-W26,provincial,PANORAMA,Santiago del Estero,NOA,Santiago del Estero,https://www.diariopanorama.com,"Milei recupera el control sobre su jefe de Gabinete, más de cien días después"
2026-06-24,2026-W26,provincial,PANORAMA,Santiago del Estero,NOA,Santiago del Estero,https://www.diariopanorama.com,Magnifica Humanitas y sus aportes para un momento histórico
2026-06-24,2026-W26,provincial,PANORAMA,Santiago del Estero,NOA,Santiago del Estero,https://www.diariopanorama.com,Ganá entradas para El Cuarto Soda con Diario Panorama
2026-06-24,2026-W26,provincial,PANORAMA,Santiago del Estero,NOA,Santiago del Estero,https://www.diariopanorama.com,Sorteo: no te quedes afuera y participá por entradas para la peña solidaria de Cáritas
2026-06-24,2026-W26,provincial,PANORAMA,Santiago del Estero,NOA,Santiago del Estero,https://www.diariopanorama.com,Diario Panorama sortea entradas para disfrutar de Las Guerreras K-Pop en Santiago
2026-06-24,2026-W26,provincial,PANORAMA,Santiago del Estero,NOA,Santiago del Estero,https://www.diariopanorama.com,El B° Cabildo Santiagueño fue beneficiado con el “Operativo de Integración Social”
2026-06-24,2026-W26,provincial,PANORAMA,Santiago del Estero,NOA,Santiago del Estero,https://www.diariopanorama.com,Mitre ya tiene DT: Claudio “Pampa” Biaggio iniciará su ciclo el próximo lunes
2026-06-24,2026-W26,provincial,PANORAMA,Santiago del Estero,NOA,Santiago del Estero,https://www.diariopanorama.com,Iván Cepeda reconoció a Abelardo de la Espriella como presidente de Colombia
2026-06-24,2026-W26,provincial,PANORAMA,Santiago del Estero,NOA,Santiago del Estero,https://www.diariopanorama.com,"Profundo pesar por el fallecimiento de Francisco “Pancho” Fernández, referente del básquet santiagueño"
2026-06-24,2026-W26,provincial,PANORAMA,Santiago del Estero,NOA,Santiago del Estero,https://www.diariopanorama.com,El fiscal pidió analizar los videos en los que aparece Cirio para establecer cuántos dólares había en la casa de Insaurralde
2026-06-24,2026-W26,provincial,PANORAMA,Santiago del Estero,NOA,Santiago del Estero,https://www.diariopanorama.com,"Causa por robo derivó en cinco allanamientos, un detenido y bienes recuperados"
2026-06-24,2026-W26,provincial,PANORAMA,Santiago del Estero,NOA,Santiago del Estero,https://www.diariopanorama.com,Irán afirma que el acuerdo para poner fin a la guerra es la “declaración de derrota” de EE.UU.
2026-06-24,2026-W26,provincial,PANORAMA,Santiago del Estero,NOA,Santiago del Estero,https://www.diariopanorama.com,La Liga Santiagueña confirmó la programación de la fecha 11 del Torneo Anual
2026-06-24,2026-W26,provincial,PANORAMA,Santiago del Estero,NOA,Santiago del Estero,https://www.diariopanorama.com,Brasil va por el primer puesto del grupo ante una Escocia necesitada
2026-06-24,2026-W26,provincial,PANORAMA,Santiago del Estero,NOA,Santiago del Estero,https://www.diariopanorama.com,"México, con el boleto asegurado, choca ante República Checa que va por la clasificación"
2026-06-24,2026-W26,provincial,PANORAMA,Santiago del Estero,NOA,Santiago del Estero,https://www.diariopanorama.com,Sudáfrica y Corea del Sur a todo o nada por el Mundial 2026
2026-06-24,2026-W26,provincial,PANORAMA,Santiago del Estero,NOA,Santiago del Estero,https://www.diariopanorama.com,Marruecos busca asegurar el primer puesto en el Mundial 2026 ante un Haití ya eliminado
2026-06-24,2026-W26,provincial,EL TUCUMANO,Tucumán,NOA,Tucumán,https://www.eltucumano.com,"Con un gran mural y una canción, los tucumanos celebraron el cumple de Messi"
2026-06-24,2026-W26,provincial,EL TUCUMANO,Tucumán,NOA,Tucumán,https://www.eltucumano.com,tribuna abierta
2026-06-24,2026-W26,provincial,EL TUCUMANO,Tucumán,NOA,Tucumán,https://www.eltucumano.com,El poder de Carlos Cisneros en Tucumán y el caso Vélez
2026-06-24,2026-W26,provincial,EL TUCUMANO,Tucumán,NOA,Tucumán,https://www.eltucumano.com,Interés General
2026-06-24,2026-W26,provincial,EL TUCUMANO,Tucumán,NOA,Tucumán,https://www.eltucumano.com,"""Hoy encontré en su pieza una nota"": bronca y tristeza por lo que le pasó a una alumna en una escuela tucumana"
2026-06-24,2026-W26,provincial,EL TUCUMANO,Tucumán,NOA,Tucumán,https://www.eltucumano.com,El Congreso aprobó el pago de U$S 171 millones a fondos buitres por títulos de deuda defaulteada de 2001
2026-06-24,2026-W26,provincial,EL TUCUMANO,Tucumán,NOA,Tucumán,https://www.eltucumano.com,El Consejo Superior entra en receso invernal sin fecha de Asamblea: se elegiría Rector a fines de agosto
2026-06-24,2026-W26,provincial,EL TUCUMANO,Tucumán,NOA,Tucumán,https://www.eltucumano.com,Cisneros tiene una empresa que comercializa el hipódromo y participa en el negocio de las apuestas
2026-06-24,2026-W26,provincial,EL TUCUMANO,Tucumán,NOA,Tucumán,https://www.eltucumano.com,Derogan la ordenanza del estacionamiento medido y abre camino a un nuevo sistema
2026-06-24,2026-W26,provincial,EL TUCUMANO,Tucumán,NOA,Tucumán,https://www.eltucumano.com,"""Mis clientes dicen que son las más ricas"": Lucía y el secreto de las famosas empanadillas de Tafí Viejo"
2026-06-24,2026-W26,provincial,EL TUCUMANO,Tucumán,NOA,Tucumán,https://www.eltucumano.com,"""Machetazo"": Marx Bauzá lleva el gótico al corazón de la memoria social del Norte argentino"
2026-06-24,2026-W26,provincial,EL TUCUMANO,Tucumán,NOA,Tucumán,https://www.eltucumano.com,Erradican basural de más de 50 años y edifican un espacio público para los vecinos del barrio Bajo Hondo
2026-06-24,2026-W26,provincial,EL TUCUMANO,Tucumán,NOA,Tucumán,https://www.eltucumano.com,"""Ojalá no les pase lo mismo"": tomó el colectivo en Tucumán y contó el mal momento que vivió"
2026-06-24,2026-W26,provincial,EL TUCUMANO,Tucumán,NOA,Tucumán,https://www.eltucumano.com,"Luego del tarifazo al boleto de colectivo, el Concejo aprobó el aumento en la tarifa de taxis"
2026-06-24,2026-W26,provincial,EL TUCUMANO,Tucumán,NOA,Tucumán,https://www.eltucumano.com,"Comercio tucumano: ""Es el cuarto año consecutivo de caída y luchamos por sostener los empleos"""
2026-06-24,2026-W26,provincial,EL TUCUMANO,Tucumán,NOA,Tucumán,https://www.eltucumano.com,"Andrés Burgo y el recuerdo de ""El Partido"" que marcó emocionalmente a los argentinos"
2026-06-24,2026-W26,provincial,EL TUCUMANO,Tucumán,NOA,Tucumán,https://www.eltucumano.com,"Operativo de limpieza, recuperación de plazas y calles en Barrios San Miguel I y II y Tiro Federal"
2026-06-24,2026-W26,provincial,EL TUCUMANO,Tucumán,NOA,Tucumán,https://www.eltucumano.com,Concepción: una multitud renovó su fe en la histórica caminata sobre las brasas de San Juan
2026-06-24,2026-W26,provincial,EL TUCUMANO,Tucumán,NOA,Tucumán,https://www.eltucumano.com,"Tras desactivar la ofensiva por Adorni, el oficialismo retoma la iniciativa en Diputados con el ""Súper RIGI"" y pagos clave"
2026-06-24,2026-W26,provincial,EL TUCUMANO,Tucumán,NOA,Tucumán,https://www.eltucumano.com,ANSES confirmó el calendario de julio 2026 para jubilados y pensionados
2026-06-24,2026-W26,provincial,EL TUCUMANO,Tucumán,NOA,Tucumán,https://www.eltucumano.com,"""Salía de cargar nafta"": revelan los detalles tan temidos de la muerte de la joven este martes en Tucumán"
2026-06-24,2026-W26,provincial,EL TUCUMANO,Tucumán,NOA,Tucumán,https://www.eltucumano.com,La IA ya está en los Tribunales de Nueva York: ¿cuándo llega a la Justicia de Tucumán?
2026-06-24,2026-W26,provincial,EL TUCUMANO,Tucumán,NOA,Tucumán,https://www.eltucumano.com,"Adorni, el Mundial y la Argentina del Crecimiento"
2026-06-24,2026-W26,provincial,EL TUCUMANO,Tucumán,NOA,Tucumán,https://www.eltucumano.com,Las bombas del 55
2026-06-24,2026-W26,provincial,EL TUCUMANO,Tucumán,NOA,Tucumán,https://www.eltucumano.com,"Adorni, el Monguito de la corrupción, y el triunfo de la boludez criolla"
2026-06-24,2026-W26,provincial,EL TUCUMANO,Tucumán,NOA,Tucumán,https://www.eltucumano.com,"""Competir, divertirnos, pasarla bien"": arrancaron los Juegos Estudiantiles Tucumán 2026"
2026-06-24,2026-W26,provincial,EL TUCUMANO,Tucumán,NOA,Tucumán,https://www.eltucumano.com,"Tomás Dande, el capitán tucumano que comanda la ilusión de Los Pumitas en Georgia"
2026-06-24,2026-W26,provincial,EL TUCUMANO,Tucumán,NOA,Tucumán,https://www.eltucumano.com,Mundial 2026 en vivo: estos son los partidos de este miércoles 24 de junio
2026-06-24,2026-W26,provincial,EL TUCUMANO,Tucumán,NOA,Tucumán,https://www.eltucumano.com,"""¡Llegó el primero!"": mirá cómo juega y los golazos del nuevo refuerzo de San Martín de Tucumán"
2026-06-24,2026-W26,provincial,EL TUCUMANO,Tucumán,NOA,Tucumán,https://www.eltucumano.com,Juegos Evita: más de 16 mil jóvenes sueñan con representar a Tucumán a nivel nacional
2026-06-24,2026-W26,provincial,EL TUCUMANO,Tucumán,NOA,Tucumán,https://www.eltucumano.com,La artista italiana que conquistó el mundo desembarca en Tucumán: Deborah De Luca llega al escenario de Proyecto Aborigen
2026-06-24,2026-W26,provincial,EL TUCUMANO,Tucumán,NOA,Tucumán,https://www.eltucumano.com,El Cuarto Soda se presenta este sábado en el Teatro Mercedes Sosa
2026-06-24,2026-W26,provincial,EL TUCUMANO,Tucumán,NOA,Tucumán,https://www.eltucumano.com,Mañana helada: así estará el tiempo este miércoles en Tucumán
2026-06-24,2026-W26,provincial,EL TUCUMANO,Tucumán,NOA,Tucumán,https://www.eltucumano.com,"""Se lo pedimos a toda la comunidad"": esta noche, qué fue el llamado urgente a los Bomberos en Tucumán"
2026-06-24,2026-W26,provincial,EL TUCUMANO,Tucumán,NOA,Tucumán,https://www.eltucumano.com,"Las exigencias de La Bomba Tucumana antes de tener íntimedad: ""Le quiero ver hasta la última muela”"
2026-06-24,2026-W26,provincial,EL TUCUMANO,Tucumán,NOA,Tucumán,https://www.eltucumano.com,"MAFIA PARAESTATAL. Causa Vélez: exigen la indagatoria de Carlos Cisneros, Patricia Neme y Federico Petraglia por trata de personas"
2026-06-24,2026-W26,provincial,EL TUCUMANO,Tucumán,NOA,Tucumán,https://www.eltucumano.com,"MAFIA PARAESTATAL. Confirman el sobreseimiento de los exjugadores de Vélez: “Fue un daño irreversible; no hay estadio al que vaya donde no me griten ‘violador’"""
2026-06-24,2026-W26,provincial,EL TUCUMANO,Tucumán,NOA,Tucumán,https://www.eltucumano.com,"MAFIA PARAESTATAL. Jaldo destina al Siprosa $200 millones que el cisnerismo había ""encanutado"" en la Caja Popular"
2026-06-24,2026-W26,provincial,EL TUCUMANO,Tucumán,NOA,Tucumán,https://www.eltucumano.com,"MAFIA PARAESTATAL. La Justicia confirmó que la denuncia por ""violación en manada"" contra los exjugadores de Vélez fue falsa y extorsiva, dejó firme la derivación por trata y anticipan pedidos de detención contra Cisneros y sus operadores"
2026-06-24,2026-W26,provincial,EL TUCUMANO,Tucumán,NOA,Tucumán,https://www.eltucumano.com,"MAFIA PARAESTATAL. Federico Petraglia, el joven empleado bancario y testaferro de Carlos Cisneros que acumula ocho inmuebles millonarios a su nombre"
2026-06-24,2026-W26,provincial,EL TUCUMANO,Tucumán,NOA,Tucumán,https://www.eltucumano.com,"ANSES: cuánto aumentarán las jubilaciones, la AUH y otras asignaciones en julio de 2026"
2026-06-24,2026-W26,provincial,EL TUCUMANO,Tucumán,NOA,Tucumán,https://www.eltucumano.com,Cielo claro y jornada fresca: así será este miércoles en Amaicha
2026-06-24,2026-W26,provincial,EL TUCUMANO,Tucumán,NOA,Tucumán,https://www.eltucumano.com,Así estará el clima en Tafí del Valle este miércoles
2026-06-24,2026-W26,provincial,EL TUCUMANO,Tucumán,NOA,Tucumán,https://www.eltucumano.com,Así estará el clima en El Cadillal este miércoles
2026-06-24,2026-W26,provincial,EL TUCUMANO,Tucumán,NOA,Tucumán,https://www.eltucumano.com,San Pedro de Colalao: mañana fresca y tarde más amable este miércoles
2026-06-24,2026-W26,provincial,EL TUCUMANO,Tucumán,NOA,Tucumán,https://www.eltucumano.com,"Precios imperdibles: Los Paisanitos, la forma de ahorrar en la compra del mes sin resignar calidad"
2026-06-24,2026-W26,provincial,EL TUCUMANO,Tucumán,NOA,Tucumán,https://www.eltucumano.com,¡Llega la revancha a Banda del Río Salí! Yuhmak liquida todo al costo: Motos y Hogar en 24 cuotas
2026-06-24,2026-W26,provincial,EL TUCUMANO,Tucumán,NOA,Tucumán,https://www.eltucumano.com,El Ingenio Famaillá cumple diez años impulsando el desarrollo productivo de Tucumán
2026-06-24,2026-W26,provincial,EL TUCUMANO,Tucumán,NOA,Tucumán,https://www.eltucumano.com,"De una carnicería de barrio en Tucumán a una distribuidora en expansión: Los Paisanitos, 15 años ofreciendo calidad"
2026-06-24,2026-W26,provincial,EL TUCUMANO,Tucumán,NOA,Tucumán,https://www.eltucumano.com,"""Esta noche"": el accidente que movilizó a los Bomberos en pleno centro tucumano"
2026-06-24,2026-W26,provincial,LA GACETA,Tucumán,NOA,Tucumán,https://www.lagaceta.com.ar,"El Concejo propone un estacionamiento medido ""inclusivo"" para San Miguel de Tucumán"
2026-06-24,2026-W26,provincial,LA GACETA,Tucumán,NOA,Tucumán,https://www.lagaceta.com.ar,La Cámara de Diputados sancionó el acuerdo de renegociación de pago con holdouts
2026-06-24,2026-W26,provincial,LA GACETA,Tucumán,NOA,Tucumán,https://www.lagaceta.com.ar,Seis campeones del mundo probaron empanadas tucumanas y sánguches de milanesa en Kansas City
2026-06-24,2026-W26,provincial,LA GACETA,Tucumán,NOA,Tucumán,https://www.lagaceta.com.ar,"Luego de las absoluciones de Soto y de Kaleñuk, Lebbos interpuso un recurso de Casación que denuncia una ""maquinaria de impunidad"""
2026-06-24,2026-W26,provincial,LA GACETA,Tucumán,NOA,Tucumán,https://www.lagaceta.com.ar,Heladas intensas en Tucumán: cuáles fueron las zonas más frías durante la ola polar
2026-06-24,2026-W26,provincial,LA GACETA,Tucumán,NOA,Tucumán,https://www.lagaceta.com.ar,"Lionel Messi, en las paredes de Tucumán: inauguran un nuevo mural del astro argentino en Barrio Sur"
2026-06-24,2026-W26,provincial,LA GACETA,Tucumán,NOA,Tucumán,https://www.lagaceta.com.ar,El dólar oficial alcanzó su nivel más alto en el año: a cuánto se vendió este miércoles
2026-06-24,2026-W26,provincial,LA GACETA,Tucumán,NOA,Tucumán,https://www.lagaceta.com.ar,La columna de Jorge Asís: El Círculo Rojo le pica el boleto al Fenómeno Milei
2026-06-24,2026-W26,provincial,LA GACETA,Tucumán,NOA,Tucumán,https://www.lagaceta.com.ar,Por qué en Estados Unidos comprar ropa puede ser más barato que salir a comer: los precios que sorprenden a los argentinos
2026-06-24,2026-W26,provincial,LA GACETA,Tucumán,NOA,Tucumán,https://www.lagaceta.com.ar,¡Para colgar en la pared! Este sábado se viene un póster gigante e imperdible de la Selección de regalo con LA GACETA
2026-06-24,2026-W26,provincial,LA GACETA,Tucumán,NOA,Tucumán,https://www.lagaceta.com.ar,Suiza silenció Vancouver y se quedó con el Grupo B
2026-06-24,2026-W26,provincial,LA GACETA,Tucumán,NOA,Tucumán,https://www.lagaceta.com.ar,"Un testigo clave complicó a Claudio Barrelier: ""Se quebró y se largó a llorar"""
2026-06-24,2026-W26,provincial,LA GACETA,Tucumán,NOA,Tucumán,https://www.lagaceta.com.ar,Cómo estará el tiempo en Tucumán este jueves 25 de junio
2026-06-24,2026-W26,provincial,LA GACETA,Tucumán,NOA,Tucumán,https://www.lagaceta.com.ar,Últimos días para postular a una convocatoria para investigar con Italia: quiénes pueden postular
2026-06-24,2026-W26,provincial,LA GACETA,Tucumán,NOA,Tucumán,https://www.lagaceta.com.ar,"Las pibes del Mundial 2026: cómo es el presente de las ""joyitas"" de la Copa y qué lugar tienen en sus selecciones"
2026-06-24,2026-W26,provincial,LA GACETA,Tucumán,NOA,Tucumán,https://www.lagaceta.com.ar,Otro récord para Messi: superó a la brasileña Marta y quedó como el máximo goleador de la historia de los mundiales
2026-06-24,2026-W26,provincial,LA GACETA,Tucumán,NOA,Tucumán,https://www.lagaceta.com.ar,"Diario de viaje: un peluquero, el “Piojo” López y Kansas City retomando el modo Mundial"
2026-06-24,2026-W26,provincial,LA GACETA,Tucumán,NOA,Tucumán,https://www.lagaceta.com.ar,"LA GACETA, en el Mundial: más selecciones, más hinchas y otro ritmo en Kansas City"
2026-06-24,2026-W26,provincial,LA GACETA,Tucumán,NOA,Tucumán,https://www.lagaceta.com.ar,La formación que analiza Scaloni para enfrentar a Jordania: Messi podría descansar y habría varios cambios
2026-06-24,2026-W26,provincial,LA GACETA,Tucumán,NOA,Tucumán,https://www.lagaceta.com.ar,La mayor obra de Scaloni no fue ganar un Mundial: su legado va mucho más allá de los nombres
2026-06-24,2026-W26,provincial,LA GACETA,Tucumán,NOA,Tucumán,https://www.lagaceta.com.ar,Quiénes jugarían en la Selección Argentina ante Jordania: Scaloni prepara un equipo alternativo con varias caras nuevas
2026-06-24,2026-W26,provincial,LA GACETA,Tucumán,NOA,Tucumán,https://www.lagaceta.com.ar,Banco Macro recibe una línea financiera del BID Invest por U$S200 millones para impulsar el crédito productivo a PyMEs
2026-06-24,2026-W26,provincial,LA GACETA,Tucumán,NOA,Tucumán,https://www.lagaceta.com.ar,39 razones para querer (muchísimo) a Lionel Messi
2026-06-24,2026-W26,provincial,LA GACETA,Tucumán,NOA,Tucumán,https://www.lagaceta.com.ar,"A la espera de Milei, más de 2.000 policías estarán afectados a los festejos del 9 de Julio"
2026-06-24,2026-W26,provincial,LA GACETA,Tucumán,NOA,Tucumán,https://www.lagaceta.com.ar,"El ""renglón 27"" y un nuevo rechazo por el traslado de casi 18.000 toneladas de basura en Pacará Pintado"
2026-06-24,2026-W26,provincial,LA GACETA,Tucumán,NOA,Tucumán,https://www.lagaceta.com.ar,Entre El Manantial y San Pablo: durante décadas hubo un camino en el terreno que piden desafectar
2026-06-24,2026-W26,provincial,LA GACETA,Tucumán,NOA,Tucumán,https://www.lagaceta.com.ar,"Los 40 años del gol del siglo, los 39 del jugador eterno"
2026-06-24,2026-W26,provincial,LA GACETA,Tucumán,NOA,Tucumán,https://www.lagaceta.com.ar,"La ""batalla de las encuestas"" en Tucumán"
2026-06-24,2026-W26,provincial,LA GACETA,Tucumán,NOA,Tucumán,https://www.lagaceta.com.ar,Quién es el psicólogo tucumano que hizo tambalear el juicio por el caso Loan
2026-06-24,2026-W26,provincial,LA GACETA,Tucumán,NOA,Tucumán,https://www.lagaceta.com.ar,Historias de resiliencia y compromiso: los “Messis silenciosos” de Tucumán
2026-06-24,2026-W26,provincial,LA GACETA,Tucumán,NOA,Tucumán,https://www.lagaceta.com.ar,El fin de la carrera para toda la vida: por qué la educación superior debe repensarse
2026-06-24,2026-W26,provincial,LA GACETA,Tucumán,NOA,Tucumán,https://www.lagaceta.com.ar,"Con la presencia de Ravier en Diputados, el oficialismo busca aprobar el Súper RIGI y el pago a fondos buitre"
2026-06-24,2026-W26,provincial,LA GACETA,Tucumán,NOA,Tucumán,https://www.lagaceta.com.ar,"Grilla de partidos, resultados y todas las novedades"
2026-06-24,2026-W26,provincial,LA GACETA,Tucumán,NOA,Tucumán,https://www.lagaceta.com.ar,En Tucumán aún no aumenta el registro de bebés llamados Lionel
2026-06-24,2026-W26,provincial,LA GACETA,Tucumán,NOA,Tucumán,https://www.lagaceta.com.ar,Messi cumple 39 años y recibe saludos desde todas partes del mundo
2026-06-24,2026-W26,provincial,LA GACETA,Tucumán,NOA,Tucumán,https://www.lagaceta.com.ar,La pasión que no se apaga en la tierra del ídolo que cumple 39 años
2026-06-24,2026-W26,provincial,LA GACETA,Tucumán,NOA,Tucumán,https://www.lagaceta.com.ar,¿Cuáles son las selecciones que podrían terminar como mejores terceros?
2026-06-24,2026-W26,provincial,LA GACETA,Tucumán,NOA,Tucumán,https://www.lagaceta.com.ar,El emotivo saludo de Antonela a Messi por sus 39 años
2026-06-24,2026-W26,provincial,LA GACETA,Tucumán,NOA,Tucumán,https://www.lagaceta.com.ar,"¿Cuándo volvemos juntos a Disney, abuelo?"
2026-06-24,2026-W26,provincial,LA GACETA,Tucumán,NOA,Tucumán,https://www.lagaceta.com.ar,GEMSA lanzó el nuevo Chevrolet Sonic en Tucumán: tasa 0% y adjudicación en cuota 3 y cuota 5
2026-06-24,2026-W26,provincial,LA GACETA,Tucumán,NOA,Tucumán,https://www.lagaceta.com.ar,El Colegio de Graduados en Psicopedagogía de Tucumán convoca a una asamblea rectificatoria
2026-06-24,2026-W26,provincial,LA GACETA,Tucumán,NOA,Tucumán,https://www.lagaceta.com.ar,Clúster Tecnológico abrió una convocatoria para estudiantes que buscan experiencia tech
2026-06-24,2026-W26,provincial,LA GACETA,Tucumán,NOA,Tucumán,https://www.lagaceta.com.ar,"Moria Casán opinó sin filtros sobre el presente de Marcelo Tinelli: ""No encuentra el rumbo"""
2026-06-24,2026-W26,provincial,LA GACETA,Tucumán,NOA,Tucumán,https://www.lagaceta.com.ar,"Sin palabras, pero con mensaje: el sugestivo posteo de cumpleaños de Lionel Messi que ilusiona a los argentinos"
2026-06-24,2026-W26,provincial,LA GACETA,Tucumán,NOA,Tucumán,https://www.lagaceta.com.ar,Ola polar: cuál será el día más frío de la semana y qué dice el pronóstico para el fin de semana en Tucumán
2026-06-24,2026-W26,provincial,LA GACETA,Tucumán,NOA,Tucumán,https://www.lagaceta.com.ar,Se consolida en el NOA el tráfico de marihuana por encomienda
2026-06-24,2026-W26,provincial,LA GACETA,Tucumán,NOA,Tucumán,https://www.lagaceta.com.ar,Estiman que la UNT elegirá rector entre agosto y septiembre
2026-06-24,2026-W26,provincial,LA GACETA,Tucumán,NOA,Tucumán,https://www.lagaceta.com.ar,Recuerdos fotográficos: 1909. El autor de “Parábola” y Lola Mora se encuentran en Roma
2026-06-24,2026-W26,provincial,LA GACETA,Tucumán,NOA,Tucumán,https://www.lagaceta.com.ar,Así fue el regreso de San Martín a las prácticas: Carabajal se sumó y la CD avanza por más refuerzos
2026-06-24,2026-W26,provincial,LA GACETA,Tucumán,NOA,Tucumán,https://www.lagaceta.com.ar,La otra familia de Messi: así fueron los cumpleaños que celebró con la selección argentina lejos de casa
2026-06-24,2026-W26,provincial,DIARIO CHACO,Chaco,NEA,Resistencia,https://www.diariochaco.com,Quién era el hombre encontrado muerto en un taller mecánico de Resistencia
2026-06-24,2026-W26,provincial,DIARIO CHACO,Chaco,NEA,Resistencia,https://www.diariochaco.com,Tres Isletas: un joven qom de 24 años fue detenido acusado de asesinar a su madre
2026-06-24,2026-W26,provincial,DIARIO CHACO,Chaco,NEA,Resistencia,https://www.diariochaco.com,Diputados aprobó el acuerdo con holdouts por US$ 171 millones
2026-06-24,2026-W26,provincial,DIARIO CHACO,Chaco,NEA,Resistencia,https://www.diariochaco.com,"Juicio por Loan: Cañete dijo que fue ""a colaborar a Corrientes y buscar la verdad del niño desaparecido"""
2026-06-24,2026-W26,provincial,DIARIO CHACO,Chaco,NEA,Resistencia,https://www.diariochaco.com,"Con apoyo del BID, YPF busca US$ 500 millones para obras viales en Vaca Muerta"
2026-06-24,2026-W26,provincial,DIARIO CHACO,Chaco,NEA,Resistencia,https://www.diariochaco.com,Juicio por Loan: rechazaron las nulidades y los siete principales imputados se negaron a declarar
2026-06-24,2026-W26,provincial,DIARIO CHACO,Chaco,NEA,Resistencia,https://www.diariochaco.com,"Juicio por Loan: de la Fundación Dupuy, seis imputados se negaron a declarar y Cañete sí aceptó"
2026-06-24,2026-W26,provincial,DIARIO CHACO,Chaco,NEA,Resistencia,https://www.diariochaco.com,Penas más duras por maltrato animal y creación de un registro de médicos en la provincia
2026-06-24,2026-W26,provincial,DIARIO CHACO,Chaco,NEA,Resistencia,https://www.diariochaco.com,El saludo especial de una escuela qom para Messi desde el corazón del Impenetrable
2026-06-24,2026-W26,provincial,DIARIO CHACO,Chaco,NEA,Resistencia,https://www.diariochaco.com,Confirmaron el árbitro para Argentina-Jordania: quién dirigirá a la Scaloneta
2026-06-24,2026-W26,provincial,DIARIO CHACO,Chaco,NEA,Resistencia,https://www.diariochaco.com,"Con el triunfo ante RD Congo, Colombia selló su clasificación en el Mundial"
2026-06-24,2026-W26,provincial,DIARIO CHACO,Chaco,NEA,Resistencia,https://www.diariochaco.com,"Con seis partidos, empiezan a definirse los clasificados de los primeros tres grupos del Mundial"
2026-06-24,2026-W26,provincial,DIARIO CHACO,Chaco,NEA,Resistencia,https://www.diariochaco.com,Encontraron a un hombre muerto en un taller mecánico en Resistencia
2026-06-24,2026-W26,provincial,DIARIO CHACO,Chaco,NEA,Resistencia,https://www.diariochaco.com,Pérez Pons destacó la aprobación de un nuevo registro de profesionales de la salud
2026-06-24,2026-W26,provincial,DIARIO CHACO,Chaco,NEA,Resistencia,https://www.diariochaco.com,Esclarecen el robo a un comercio céntrico: recuperan perfumes y detienen a cuatro personas
2026-06-24,2026-W26,provincial,DIARIO CHACO,Chaco,NEA,Resistencia,https://www.diariochaco.com,Edición 23/06/2026
2026-06-24,2026-W26,provincial,DIARIO CHACO,Chaco,NEA,Resistencia,https://www.diariochaco.com,Recuperan semillas de girasol valuadas en más de $ 50 millones en una causa por presunta estafa
2026-06-24,2026-W26,provincial,DIARIO CHACO,Chaco,NEA,Resistencia,https://www.diariochaco.com,Oficialismo y oposición destacaron el consenso alcanzado para aprobar leyes en la Legislatura
2026-06-24,2026-W26,provincial,DIARIO CHACO,Chaco,NEA,Resistencia,https://www.diariochaco.com,"En pleno juicio por Loan, Carlos Pérez entregó una carta y se consideró un ""chivo expiatorio"""
2026-06-24,2026-W26,provincial,DIARIO CHACO,Chaco,NEA,Resistencia,https://www.diariochaco.com,Sáenz Peña: veterinarios viajarán a El Espinillo para un nuevo operativo sanitario
2026-06-24,2026-W26,provincial,DIARIO CHACO,Chaco,NEA,Resistencia,https://www.diariochaco.com,"Cumbre de los Bajos Submeridionales: ""‘El Niño’ requiere un abordaje a corto plazo"", dijo Zdero"
2026-06-24,2026-W26,provincial,DIARIO CHACO,Chaco,NEA,Resistencia,https://www.diariochaco.com,Chaco será sede de una cumbre de gobernadores por los Bajos Submeridionales este jueves
2026-06-24,2026-W26,provincial,DIARIO CHACO,Chaco,NEA,Resistencia,https://www.diariochaco.com,Supervisaron el buen ritmo de avance de las obras sobre la avenida Las Piedras en Barranqueras
2026-06-24,2026-W26,provincial,DIARIO CHACO,Chaco,NEA,Resistencia,https://www.diariochaco.com,"De jugar bajo un paraíso en Chaco a representar al país: la historia de Elsa Takahashi, una leyenda del tenis de mesa"
2026-06-24,2026-W26,provincial,DIARIO CHACO,Chaco,NEA,Resistencia,https://www.diariochaco.com,Fangio en Chaco: la historia de honor que lo trajo al autódromo de Resistencia
2026-06-24,2026-W26,provincial,DIARIO CHACO,Chaco,NEA,Resistencia,https://www.diariochaco.com,Escenas de llanto y tensión en el inicio de una nueva audiencia del juicio por Loan
2026-06-24,2026-W26,provincial,DIARIO CHACO,Chaco,NEA,Resistencia,https://www.diariochaco.com,A la espera de una oportunidad: 21 niños y adolescentes buscan una familia en Chaco
2026-06-24,2026-W26,provincial,DIARIO CHACO,Chaco,NEA,Resistencia,https://www.diariochaco.com,El Gobierno provincial anunció el cronograma de pagos de junio para la administración pública
2026-06-24,2026-W26,provincial,DIARIO CHACO,Chaco,NEA,Resistencia,https://www.diariochaco.com,La fiscalía pidió que el juicio por Loan no se suspenda durante la feria judicial
2026-06-24,2026-W26,provincial,DIARIO CHACO,Chaco,NEA,Resistencia,https://www.diariochaco.com,Comenzaron las notificaciones a ciudadanos sorteados para integrar jurados populares
2026-06-24,2026-W26,provincial,DIARIO CHACO,Chaco,NEA,Resistencia,https://www.diariochaco.com,Tragedia en aguas de la Isla del Cerrito: un pescador murió tras el vuelco de su embarcación
2026-06-24,2026-W26,provincial,DIARIO CHACO,Chaco,NEA,Resistencia,https://www.diariochaco.com,Terminó preso tras golpear e intentar apuñalar a un policía en plena calle
2026-06-24,2026-W26,provincial,DIARIO CHACO,Chaco,NEA,Resistencia,https://www.diariochaco.com,"El cumpleaños de Messi en el Mundial: el contraste con Maradona, Pelé, Cruyff y Di Stéfano en la misma etapa"
2026-06-24,2026-W26,provincial,DIARIO CHACO,Chaco,NEA,Resistencia,https://www.diariochaco.com,"UNCAUS abrió inscripciones para una diplomatura en Derecho, Gestión y Política Ambiental"
2026-06-24,2026-W26,provincial,DIARIO CHACO,Chaco,NEA,Resistencia,https://www.diariochaco.com,Buscan a una adolescente en Vilelas: desapareció tras una discusión familiar hace cinco días
2026-06-24,2026-W26,provincial,DIARIO CHACO,Chaco,NEA,Resistencia,https://www.diariochaco.com,Exportación de carne: EEUU se consolida como uno de los principales mercados para Argentina
2026-06-24,2026-W26,provincial,DIARIO CHACO,Chaco,NEA,Resistencia,https://www.diariochaco.com,La restricción del uso de celulares en las escuelas se convirtió en ley por unanimidad
2026-06-24,2026-W26,provincial,DIARIO CHACO,Chaco,NEA,Resistencia,https://www.diariochaco.com,CAME celebra el Día Internacional de las Pymes con un encuentro nacional en Buenos Aires
2026-06-24,2026-W26,provincial,DIARIO CHACO,Chaco,NEA,Resistencia,https://www.diariochaco.com,"Se celebra el día más argentino, que une a Messi, Riquelme, Gardel, Sábato, Fangio y Rodrigo"
2026-06-24,2026-W26,provincial,DIARIO CHACO,Chaco,NEA,Resistencia,https://www.diariochaco.com,Producción y pescadores acordaron una agenda conjunta para fortalecer la actividad
2026-06-24,2026-W26,provincial,DIARIO CHACO,Chaco,NEA,Resistencia,https://www.diariochaco.com,La Poceada quedó vacante y el pozo se elevó a $ 328 millones
2026-06-24,2026-W26,provincial,DIARIO CHACO,Chaco,NEA,Resistencia,https://www.diariochaco.com,"Cayó ""la Reina del Sur"": secuestraron drogas por más de $ 5,5 millones en Resistencia"
2026-06-24,2026-W26,provincial,DIARIO CHACO,Chaco,NEA,Resistencia,https://www.diariochaco.com,"El Poder Judicial subastará vehículos, una casa y locales comerciales"
2026-06-24,2026-W26,provincial,DIARIO CHACO,Chaco,NEA,Resistencia,https://www.diariochaco.com,"Se llevó adelante la jornada de ciclismo adaptado ""Atreverse"" en Sáenz Peña"
2026-06-24,2026-W26,provincial,DIARIO CHACO,Chaco,NEA,Resistencia,https://www.diariochaco.com,Continúa la pavimentación de la Ruta Provincial N° 30 hasta Laguna Limpia
2026-06-24,2026-W26,provincial,DIARIO CHACO,Chaco,NEA,Resistencia,https://www.diariochaco.com,"Causa de la ""falsa medica"": la fiscalía investiga un nuevo hecho denunciado"
2026-06-24,2026-W26,provincial,DIARIO CHACO,Chaco,NEA,Resistencia,https://www.diariochaco.com,Entidad nacional de jueces cuestiona la suspensión por el Consejo de la Magistratura del camarista Lineras
2026-06-24,2026-W26,provincial,DIARIO CHACO,Chaco,NEA,Resistencia,https://www.diariochaco.com,Festejos por la Selección en Resistencia: reforzarán la seguridad en la plaza 25 de Mayo
2026-06-24,2026-W26,provincial,DIARIO CHACO,Chaco,NEA,Resistencia,https://www.diariochaco.com,"Con el objetivo de salvarlo del descenso, Cravero asumió como nuevo DT de For Ever"
2026-06-24,2026-W26,provincial,DIARIO CHACO,Chaco,NEA,Resistencia,https://www.diariochaco.com,"¿La mejor ""venganza"" mundialista contra un ex? El video que es furor en redes"
2026-06-24,2026-W26,provincial,LA VOZ DEL CHACO,Chaco,NEA,Resistencia,https://www.diariolavozdelchaco.com,Diario La Voz / Noticias de Chaco
2026-06-24,2026-W26,provincial,LA VOZ DEL CHACO,Chaco,NEA,Resistencia,https://www.diariolavozdelchaco.com,"Tras 50 años, el hombre vuelve a la luna en la Misión Artemis II"
2026-06-24,2026-W26,provincial,LA VOZ DEL CHACO,Chaco,NEA,Resistencia,https://www.diariolavozdelchaco.com,Horror en Tres Isletas: detuvieron a un joven que mató a su madre de varias puñaladas
2026-06-24,2026-W26,provincial,LA VOZ DEL CHACO,Chaco,NEA,Resistencia,https://www.diariolavozdelchaco.com,Tragedia en un taller de Resistencia: mecánico murió aplastado por un auto
2026-06-24,2026-W26,provincial,LA VOZ DEL CHACO,Chaco,NEA,Resistencia,https://www.diariolavozdelchaco.com,"Caso Loan, el juicio: rechazan nulidades y continúa el “pacto de silencio” entre los imputados"
2026-06-24,2026-W26,provincial,LA VOZ DEL CHACO,Chaco,NEA,Resistencia,https://www.diariolavozdelchaco.com,Números que preocupan: más de 26.000 empresas cerraron en 28 meses
2026-06-24,2026-W26,provincial,LA VOZ DEL CHACO,Chaco,NEA,Resistencia,https://www.diariolavozdelchaco.com,Control vehicular en la avenida Sarmiento: secuestraron autos y motos con pedido de captura
2026-06-24,2026-W26,provincial,LA VOZ DEL CHACO,Chaco,NEA,Resistencia,https://www.diariolavozdelchaco.com,La Legislatura chaqueña aprobó la ley que regula el uso de celulares en las escuelas
2026-06-24,2026-W26,provincial,LA VOZ DEL CHACO,Chaco,NEA,Resistencia,https://www.diariolavozdelchaco.com,Caso Axel González: autorizaron a los abogados de los imputados a presenciar las pericias sobre los patrulleros secuestrados
2026-06-24,2026-W26,provincial,LA VOZ DEL CHACO,Chaco,NEA,Resistencia,https://www.diariolavozdelchaco.com,La disputa por la Ley de Honorarios expone una nueva tensión entre abogados y magistrados en Chaco: «Están atacando el OCLA»
2026-06-24,2026-W26,provincial,LA VOZ DEL CHACO,Chaco,NEA,Resistencia,https://www.diariolavozdelchaco.com,"Chaco: ya hay fecha de pago para estatales, jubilados cobran el 1 de julio y activos el 2"
2026-06-24,2026-W26,provincial,LA VOZ DEL CHACO,Chaco,NEA,Resistencia,https://www.diariolavozdelchaco.com,Resistencia: atacó a un policía con un cuchillo durante un control y terminó detenido junto a dos familiares
2026-06-24,2026-W26,provincial,LA VOZ DEL CHACO,Chaco,NEA,Resistencia,https://www.diariolavozdelchaco.com,Agronea 2026: el Gobierno planifica un operativo de seguridad integral
2026-06-24,2026-W26,provincial,LA VOZ DEL CHACO,Chaco,NEA,Resistencia,https://www.diariolavozdelchaco.com,Caso Axel: realizarán nuevas pericias sobre los móviles policiales secuestrados
2026-06-24,2026-W26,provincial,LA VOZ DEL CHACO,Chaco,NEA,Resistencia,https://www.diariolavozdelchaco.com,"Gobernadores del Litoral buscan fortalecer una agenda común ante la Nación, pero dejan a Formosa afuera"
2026-06-24,2026-W26,provincial,LA VOZ DEL CHACO,Chaco,NEA,Resistencia,https://www.diariolavozdelchaco.com,Primera Nacional: Mauricio Benoist presentará el Proyecto Chaco 2031 para colaborar con Chaco For Ever
2026-06-24,2026-W26,provincial,LA VOZ DEL CHACO,Chaco,NEA,Resistencia,https://www.diariolavozdelchaco.com,El Cine del Guido despide junio con varias propuestas
2026-06-24,2026-W26,provincial,LA VOZ DEL CHACO,Chaco,NEA,Resistencia,https://www.diariolavozdelchaco.com,"Analía Flores acompañó el planteo de referentes del ECA y pidió respuestas urgentes para garantizar el cuidado de niñas, niños y adolescentes"
2026-06-24,2026-W26,provincial,LA VOZ DEL CHACO,Chaco,NEA,Resistencia,https://www.diariolavozdelchaco.com,Miles de kilómetros y una misma pasión: Chaco dijo presente en Dallas para alentar a la Selección Argentina
2026-06-24,2026-W26,provincial,LA VOZ DEL CHACO,Chaco,NEA,Resistencia,https://www.diariolavozdelchaco.com,Inmigración checa en la Argentina
2026-06-24,2026-W26,provincial,LA VOZ DEL CHACO,Chaco,NEA,Resistencia,https://www.diariolavozdelchaco.com,Rewilding Argentina abrió convocatorias para voluntariados en El Impenetrable
2026-06-24,2026-W26,provincial,LA VOZ DEL CHACO,Chaco,NEA,Resistencia,https://www.diariolavozdelchaco.com,Villa Ángela celebró el Día de la Bandera con la promesa de lealtad de alumnos
2026-06-24,2026-W26,provincial,LA VOZ DEL CHACO,Chaco,NEA,Resistencia,https://www.diariolavozdelchaco.com,"Gregorio Trabalón: «Queremos que se abran negocios, no que se cierren»"
2026-06-24,2026-W26,provincial,LA VOZ DEL CHACO,Chaco,NEA,Resistencia,https://www.diariolavozdelchaco.com,Encuesta nacional sacude el tablero político: en Chaco el peronismo vuelve a imponerse y preocupa a La Libertad Avanza
2026-06-24,2026-W26,provincial,LA VOZ DEL CHACO,Chaco,NEA,Resistencia,https://www.diariolavozdelchaco.com,Pérez Pons destruyó el relato de Zdero: «Duplicó la desocupación y esconde leyes para salvar a las Pymes»
2026-06-24,2026-W26,provincial,LA VOZ DEL CHACO,Chaco,NEA,Resistencia,https://www.diariolavozdelchaco.com,Barranqueras: asesinaron a puñaladas a un hombre en cercanías a la fábrica de Cabalgata
2026-06-24,2026-W26,provincial,LA VOZ DEL CHACO,Chaco,NEA,Resistencia,https://www.diariolavozdelchaco.com,«Nos quieren ocultar»: vendedores ambulantes harán un facturazo en pleno centro de Resistencia
2026-06-24,2026-W26,provincial,LA VOZ DEL CHACO,Chaco,NEA,Resistencia,https://www.diariolavozdelchaco.com,Hallaron el cuerpo del pescador que desapareció en la Isla del Cerrito al darse vuelta una piragua
2026-06-24,2026-W26,provincial,LA VOZ DEL CHACO,Chaco,NEA,Resistencia,https://www.diariolavozdelchaco.com,La Federal detuvo a una mujer y secuestró drogas valuadas en más de $5 millones en Resistencia
2026-06-24,2026-W26,provincial,LA VOZ DEL CHACO,Chaco,NEA,Resistencia,https://www.diariolavozdelchaco.com,Daniel Cravero asumió como nuevo DT de Chaco For Ever
2026-06-24,2026-W26,provincial,LA VOZ DEL CHACO,Chaco,NEA,Resistencia,https://www.diariolavozdelchaco.com,La Uncaus fortalece el básquet con una propuesta para niños y jóvenes
2026-06-24,2026-W26,provincial,LA VOZ DEL CHACO,Chaco,NEA,Resistencia,https://www.diariolavozdelchaco.com,Ya es oficial: Cravero fue presentado como DT de For Ever y dirigió su primera práctica
2026-06-24,2026-W26,provincial,LA VOZ DEL CHACO,Chaco,NEA,Resistencia,https://www.diariolavozdelchaco.com,Messi hizo historia frente a Austria y llevó a la Argentina a 16avos de Final
2026-06-24,2026-W26,provincial,LA VOZ DEL CHACO,Chaco,NEA,Resistencia,https://www.diariolavozdelchaco.com,"El Chaco fue el mejor, se mantuvo invicto y se coronó campeón"
2026-06-24,2026-W26,provincial,LA VOZ DEL CHACO,Chaco,NEA,Resistencia,https://www.diariolavozdelchaco.com,Villa Berthet vivió una gran jornada en el microestadio Del Diamante
2026-06-24,2026-W26,provincial,LA VOZ DEL CHACO,Chaco,NEA,Resistencia,https://www.diariolavozdelchaco.com,Caso Axel González: por qué la Justicia mantuvo detenido a Ramón “Cuno” Gómez
2026-06-24,2026-W26,provincial,LA VOZ DEL CHACO,Chaco,NEA,Resistencia,https://www.diariolavozdelchaco.com,Caso Axel González: trasladaron a Íñiguez y Silva a la U7 y la defensa presentó un hábeas corpus
2026-06-24,2026-W26,provincial,LA VOZ DEL CHACO,Chaco,NEA,Resistencia,https://www.diariolavozdelchaco.com,"20 años y fue detenido por narcomenudeo: secuestran cocaína, una Jeep Renegade y documentación sospechosa"
2026-06-24,2026-W26,provincial,LA VOZ DEL CHACO,Chaco,NEA,Resistencia,https://www.diariolavozdelchaco.com,Caso Milagros Machuca: elevan la causa a juicio oral y la familia pedirá la pena máxima para las imputadas
2026-06-24,2026-W26,provincial,LA VOZ DEL CHACO,Chaco,NEA,Resistencia,https://www.diariolavozdelchaco.com,Capitanich: «El Congreso debe controlar el endeudamiento de la Argentina»
2026-06-24,2026-W26,provincial,LA VOZ DEL CHACO,Chaco,NEA,Resistencia,https://www.diariolavozdelchaco.com,Peche: «La única forma de bajar la desocupación es con trabajo genuino»
2026-06-24,2026-W26,provincial,LA VOZ DEL CHACO,Chaco,NEA,Resistencia,https://www.diariolavozdelchaco.com,Juan Cruz Godoy: «Latinoamérica está cambiando hacia la libertad»
2026-06-24,2026-W26,provincial,LA VOZ DEL CHACO,Chaco,NEA,Resistencia,https://www.diariolavozdelchaco.com,VIVO| Sesión caliente: para Reguera y otros diputados del oficialismo «no estamos bien» y «no podemos solucionar los problemas»
2026-06-24,2026-W26,provincial,LA VOZ DEL CHACO,Chaco,NEA,Resistencia,https://www.diariolavozdelchaco.com,Ya son 5 los detenidos por el crimen de Vaca
2026-06-24,2026-W26,provincial,LA VOZ DEL CHACO,Chaco,NEA,Resistencia,https://www.diariolavozdelchaco.com,Política La Legislatura chaqueña aprobó la ley que regula el uso de celulares en las escuelas
2026-06-24,2026-W26,provincial,LA VOZ DEL CHACO,Chaco,NEA,Resistencia,https://www.diariolavozdelchaco.com,Policiales Caso Axel González: autorizaron a los abogados de los imputados a presenciar las pericias sobre los patrulleros secuestrados
2026-06-24,2026-W26,provincial,LA VOZ DEL CHACO,Chaco,NEA,Resistencia,https://www.diariolavozdelchaco.com,Sociedad La disputa por la Ley de Honorarios expone una nueva tensión entre abogados y magistrados en Chaco: «Están atacando el OCLA»
2026-06-24,2026-W26,provincial,NORTE,Chaco,NEA,Resistencia,https://www.diarionorte.com,Resistencia. Un mecánico falleció atrapado debajo de un auto
2026-06-24,2026-W26,provincial,NORTE,Chaco,NEA,Resistencia,https://www.diarionorte.com,Fontana. En el Tren 25 de Mayo también se promueve la lectura por placer
2026-06-24,2026-W26,provincial,NORTE,Chaco,NEA,Resistencia,https://www.diarionorte.com,Robo a una agencia de Lotería Chaqueña. La policía capturó al segundo implicado
2026-06-24,2026-W26,provincial,NORTE,Chaco,NEA,Resistencia,https://www.diarionorte.com,El 1 y 2 de julio se acreditarán los sueldos de junio en la provincia
2026-06-24,2026-W26,provincial,NORTE,Chaco,NEA,Resistencia,https://www.diarionorte.com,Caso Axel González: hoy comienza la apertura de celulares en Corrientes
2026-06-24,2026-W26,provincial,NORTE,Chaco,NEA,Resistencia,https://www.diarionorte.com,La publicación de Lionel Messi por su cumpleaños número 39 que recorre el mundo
2026-06-24,2026-W26,provincial,NORTE,Chaco,NEA,Resistencia,https://www.diarionorte.com,FIFA. Designaron al árbitro del partido de la Selección argentina ante Jordania
2026-06-24,2026-W26,provincial,NORTE,Chaco,NEA,Resistencia,https://www.diarionorte.com,Mundial 2026. Se despertó: Portugal goleó a Uzbekistán con doblete de Cristiano
2026-06-24,2026-W26,provincial,NORTE,Chaco,NEA,Resistencia,https://www.diarionorte.com,"El entrenador de duelo. Tras el fallecimiento de su madre, Deschamps dejó la concentración y volvió a Francia"
2026-06-24,2026-W26,provincial,NORTE,Chaco,NEA,Resistencia,https://www.diarionorte.com,Argentina se entrenó ayer en Kansas. Selección: tendrán rodaje varios jugadores que esperan su oportunidad
2026-06-24,2026-W26,provincial,NORTE,Chaco,NEA,Resistencia,https://www.diarionorte.com,Empataron en Boston. Inglaterra y Ghana dejaron abierta la definición del Grupo L
2026-06-24,2026-W26,provincial,NORTE,Chaco,NEA,Resistencia,https://www.diarionorte.com,"Sin gluten y fácil de hacer. Ñoquis de polenta: una receta económica, rendidora y perfecta para los días fríos"
2026-06-24,2026-W26,provincial,NORTE,Chaco,NEA,Resistencia,https://www.diarionorte.com,Receta sencilla. Polenta con queso: el clásico que nunca falla en los días frescos
2026-06-24,2026-W26,provincial,NORTE,Chaco,NEA,Resistencia,https://www.diarionorte.com,"Receta infaltable. Sopa de espinaca y papa: la receta fácil, económica y perfecta para los días de frío"
2026-06-24,2026-W26,provincial,NORTE,Chaco,NEA,Resistencia,https://www.diarionorte.com,Edición del 24-06-2026
2026-06-24,2026-W26,provincial,NORTE,Chaco,NEA,Resistencia,https://www.diarionorte.com,La Legislatura sancionó la ley que actualiza el registro público de profesionales de la salud
2026-06-24,2026-W26,provincial,NORTE,Chaco,NEA,Resistencia,https://www.diarionorte.com,"Carta de lectores. A las organizaciones de la sociedad civil, instituciones educativas y comunidad interesada en el Parque Caraguatá"
2026-06-24,2026-W26,provincial,NORTE,Chaco,NEA,Resistencia,https://www.diarionorte.com,Memorias de Resistencia. El inicio del Autódromo del Nordeste
2026-06-24,2026-W26,provincial,NORTE,Chaco,NEA,Resistencia,https://www.diarionorte.com,"Carta de lectores. Debemos sumar nuestro granito de arena, con la mirada puesta en un país mejor"
2026-06-24,2026-W26,provincial,NORTE,Chaco,NEA,Resistencia,https://www.diarionorte.com,Giro político en Colombia
2026-06-24,2026-W26,provincial,NORTE,Chaco,NEA,Resistencia,https://www.diarionorte.com,Son integrantes de la banda de “Los Chetos”. Atrapan a dos de los asaltantes de un camionero: se alzaron con 15 millones
2026-06-24,2026-W26,provincial,NORTE,Chaco,NEA,Resistencia,https://www.diarionorte.com,Invierno en serio. El frío aprieta en Resistencia: una semana de bajas temperaturas y una alerta de tormentas para el domingo
2026-06-24,2026-W26,provincial,NORTE,Chaco,NEA,Resistencia,https://www.diarionorte.com,"Primera Nacional. Cravero puso primera: ""For Ever es mi casa"""
2026-06-24,2026-W26,provincial,NORTE,Chaco,NEA,Resistencia,https://www.diarionorte.com,"YPF y McDonald’s, dos marcas líderes del mercado, se unen para transformar la experiencia del cliente"
2026-06-24,2026-W26,provincial,NORTE,Chaco,NEA,Resistencia,https://www.diarionorte.com,Este jueves 25. Vendedores ambulantes de Resistencia organizan un facturazo
2026-06-24,2026-W26,provincial,NORTE,Chaco,NEA,Resistencia,https://www.diarionorte.com,Se solicitan dadores de sangre
2026-06-24,2026-W26,provincial,NORTE,Chaco,NEA,Resistencia,https://www.diarionorte.com,"Para 2027. El país prevé un 100 % de cobertura en el nivel inicial, ¿y en el Chaco?"
2026-06-24,2026-W26,provincial,NORTE,Chaco,NEA,Resistencia,https://www.diarionorte.com,Ruta 30. El gobierno provincial avanza con la pavimentación de una vía estratégica
2026-06-24,2026-W26,provincial,NORTE,Chaco,NEA,Resistencia,https://www.diarionorte.com,"Este miércoles habrá función de ""Guillermina, la batalla eterna"""
2026-06-24,2026-W26,provincial,NORTE,Chaco,NEA,Resistencia,https://www.diarionorte.com,"Zdero entregó viviendas en Laguna Limpia. ""Seguimos cumpliendo el sueño de la casa propia en toda la provincia"""
2026-06-24,2026-W26,provincial,NORTE,Chaco,NEA,Resistencia,https://www.diarionorte.com,Con apoyo de la UNNE. Iniciativa estudiantil demuestra contaminación bacteriana en celulares
2026-06-24,2026-W26,provincial,NORTE,Chaco,NEA,Resistencia,https://www.diarionorte.com,Hasta el viernes 26. Tren 25 de Mayo cumple otra semana de atención en Fontana
2026-06-24,2026-W26,provincial,NORTE,Chaco,NEA,Resistencia,https://www.diarionorte.com,"Fernando Facal: ""La gente no perdió la fe, perdió la confianza en las instituciones"""
2026-06-24,2026-W26,provincial,NORTE,Chaco,NEA,Resistencia,https://www.diarionorte.com,"""Entre el cielo y la tierra"". El Museo de Ciencias Naturales inaugura una muestra sobre Campo del Cielo y la cosmovisión mocoví"
2026-06-24,2026-W26,provincial,NORTE,Chaco,NEA,Resistencia,https://www.diarionorte.com,"Preocupante baja de la vacunación infantil. Doctor Sergio Antunez: ""Las vacunas no enferman: salvan vidas"""
2026-06-24,2026-W26,provincial,NORTE,Chaco,NEA,Resistencia,https://www.diarionorte.com,Villa Ángela: Andrés Quintana alcanzó los 1.000 goles a los 75 años
2026-06-24,2026-W26,provincial,NORTE,Chaco,NEA,Resistencia,https://www.diarionorte.com,Entradas por lote. Mitre celebra el 9 de Julio con una noche Retro y DJs consagrados
2026-06-24,2026-W26,provincial,NORTE,Chaco,NEA,Resistencia,https://www.diarionorte.com,Formosa fue sede de una jornada que vinculó sustentabilidad con crecimiento económico
2026-06-24,2026-W26,provincial,NORTE,Chaco,NEA,Resistencia,https://www.diarionorte.com,Exoplanetas con atmósfera de diésel. El James Webb descubre fábricas de hollín en el espacio profundo
2026-06-24,2026-W26,provincial,NORTE,Chaco,NEA,Resistencia,https://www.diarionorte.com,Puerto Madryn le respondió a Lionel Messi desde la Patagonia
2026-06-24,2026-W26,provincial,NORTE,Chaco,NEA,Resistencia,https://www.diarionorte.com,Festejo albiceleste en Resistencia
2026-06-24,2026-W26,provincial,NORTE,Chaco,NEA,Resistencia,https://www.diarionorte.com,"Marcha por Axel López, a casi un mes de su desaparición"
2026-06-24,2026-W26,provincial,NORTE,Chaco,NEA,Resistencia,https://www.diarionorte.com,"El grito de ""Ni Una Menos"" volvió a llenar las calles del país"
2026-06-24,2026-W26,provincial,NORTE,Chaco,NEA,Resistencia,https://www.diarionorte.com,Renovado respaldo legislativo a la Bienal 2026
2026-06-24,2026-W26,provincial,NORTE,Chaco,NEA,Resistencia,https://www.diarionorte.com,En el inicio del invierno. Solicitaron reforzar la vacunación antigripal en los grupos de riesgo
2026-06-24,2026-W26,provincial,NORTE,Chaco,NEA,Resistencia,https://www.diarionorte.com,"Dolor por la partida de Viejito, símbolo de lucha y amor animal en Resistencia"
2026-06-24,2026-W26,provincial,NORTE,Chaco,NEA,Resistencia,https://www.diarionorte.com,Denuncian que no se repara una pérdida de agua desde hace casi tres meses
2026-06-24,2026-W26,provincial,NORTE,Chaco,NEA,Resistencia,https://www.diarionorte.com,Vecinos y el concejal Fernández reclaman urgente limpieza de canales en Villa Ángela
2026-06-24,2026-W26,provincial,NORTE,Chaco,NEA,Resistencia,https://www.diarionorte.com,Caso Axel González. La querella pidió imputar y detener a tres policías de la Comisaría Segunda de Fontana
2026-06-24,2026-W26,provincial,NORTE,Chaco,NEA,Resistencia,https://www.diarionorte.com,La armadura oxidada y la batalla equivocada
2026-06-24,2026-W26,provincial,EL LIBERTADOR,Corrientes,NEA,Corrientes,https://www.diarioellibertador.com.ar,Diario El Libertador / Noticias de Corrientes
2026-06-24,2026-W26,provincial,EL LIBERTADOR,Corrientes,NEA,Corrientes,https://www.diarioellibertador.com.ar,Caso Loan: la Justicia citó a Elisa Carrió y Laudelina se negó a declarar
2026-06-24,2026-W26,provincial,EL LIBERTADOR,Corrientes,NEA,Corrientes,https://www.diarioellibertador.com.ar,Imágenes exclusivas del Tatá Yehasá en San Carlos
2026-06-24,2026-W26,provincial,EL LIBERTADOR,Corrientes,NEA,Corrientes,https://www.diarioellibertador.com.ar,Frustraron el traslado de cocaína adosada al cuerpo de una pasajera
2026-06-24,2026-W26,provincial,EL LIBERTADOR,Corrientes,NEA,Corrientes,https://www.diarioellibertador.com.ar,La triple demanda que Corrientes plantará en el Norte Grande
2026-06-24,2026-W26,provincial,EL LIBERTADOR,Corrientes,NEA,Corrientes,https://www.diarioellibertador.com.ar,En vivo: inauguración Jardín en Escuela N°64 José Luis Olivari
2026-06-24,2026-W26,provincial,EL LIBERTADOR,Corrientes,NEA,Corrientes,https://www.diarioellibertador.com.ar,Mirá en vivo: San Juan Bautista moviliza a Corrientes
2026-06-24,2026-W26,provincial,EL LIBERTADOR,Corrientes,NEA,Corrientes,https://www.diarioellibertador.com.ar,A los tiros en el barrio Galván tras los festejos del Día del Padre: un herido
2026-06-24,2026-W26,provincial,EL LIBERTADOR,Corrientes,NEA,Corrientes,https://www.diarioellibertador.com.ar,Itá Ibaté y un reencuentro esperado en la Fiesta Provincial de la Pesca de la Boga y el Pacú
2026-06-24,2026-W26,provincial,EL LIBERTADOR,Corrientes,NEA,Corrientes,https://www.diarioellibertador.com.ar,Juan Pablo estrenó un moderno jardín en Villa Olivari
2026-06-24,2026-W26,provincial,EL LIBERTADOR,Corrientes,NEA,Corrientes,https://www.diarioellibertador.com.ar,Un policía fue sentenciado por exigir pagos indebidos en un control vial
2026-06-24,2026-W26,provincial,EL LIBERTADOR,Corrientes,NEA,Corrientes,https://www.diarioellibertador.com.ar,Leo Corrales pisó fuerte y se trajo una enorme victoria de San Pablo
2026-06-24,2026-W26,provincial,EL LIBERTADOR,Corrientes,NEA,Corrientes,https://www.diarioellibertador.com.ar,Juan Pablo Valdés acompañó las fiestas de San Juan Bautista en Ituzaingó
2026-06-24,2026-W26,provincial,EL LIBERTADOR,Corrientes,NEA,Corrientes,https://www.diarioellibertador.com.ar,Juicio por Loan: se reanudan las audiencias con el inicio de las indagatorias
2026-06-24,2026-W26,provincial,EL LIBERTADOR,Corrientes,NEA,Corrientes,https://www.diarioellibertador.com.ar,El fuego sagrado del «San Juanazo» renovó las esperanzas en San Carlos
2026-06-24,2026-W26,provincial,EL LIBERTADOR,Corrientes,NEA,Corrientes,https://www.diarioellibertador.com.ar,Vélez va a fondo y pretende al goyano Kevin Zenón
2026-06-24,2026-W26,provincial,EL LIBERTADOR,Corrientes,NEA,Corrientes,https://www.diarioellibertador.com.ar,El correntino Juan Pablo Arengo se suma a Atenas de Córdoba
2026-06-24,2026-W26,provincial,EL LIBERTADOR,Corrientes,NEA,Corrientes,https://www.diarioellibertador.com.ar,Corrientes honra a su Santo Patrono con una jornada de fe y comunidad
2026-06-24,2026-W26,provincial,EL LIBERTADOR,Corrientes,NEA,Corrientes,https://www.diarioellibertador.com.ar,"Ramírez Barrios, jugador emblema, se va de Regatas"
2026-06-24,2026-W26,provincial,EL LIBERTADOR,Corrientes,NEA,Corrientes,https://www.diarioellibertador.com.ar,Corrientes arde de fe: la provincia celebra a San Juan Bautista con tradiciones de fuego y devoción
2026-06-24,2026-W26,provincial,EL LIBERTADOR,Corrientes,NEA,Corrientes,https://www.diarioellibertador.com.ar,Destacan el monitoreo constante en plantaciones contra las plagas
2026-06-24,2026-W26,provincial,EL LIBERTADOR,Corrientes,NEA,Corrientes,https://www.diarioellibertador.com.ar,Cumbre binacional por el puente de la Integración: presentarán plan de obras
2026-06-24,2026-W26,provincial,EL LIBERTADOR,Corrientes,NEA,Corrientes,https://www.diarioellibertador.com.ar,En una vigilia captaron un Ovni en una fotografía sin darse cuenta
2026-06-24,2026-W26,provincial,EL LIBERTADOR,Corrientes,NEA,Corrientes,https://www.diarioellibertador.com.ar,De no creer: fotografiaron un ovni durante un fogón en Caá Catí
2026-06-24,2026-W26,provincial,EL LIBERTADOR,Corrientes,NEA,Corrientes,https://www.diarioellibertador.com.ar,Despido masivo en Luzu TV por el escándalo Messi
2026-06-24,2026-W26,provincial,EL LIBERTADOR,Corrientes,NEA,Corrientes,https://www.diarioellibertador.com.ar,Escándalo: el video que provocó la reacción de la familia Messi y la polémica en Luzu
2026-06-24,2026-W26,provincial,EL LIBERTADOR,Corrientes,NEA,Corrientes,https://www.diarioellibertador.com.ar,Corrientes: una joven cayó desde el cuarto piso de un edificio
2026-06-24,2026-W26,provincial,EL LIBERTADOR,Corrientes,NEA,Corrientes,https://www.diarioellibertador.com.ar,Elegida desde el espacio: Caá Catí se impone como la Capital del Ovni
2026-06-24,2026-W26,provincial,EL LIBERTADOR,Corrientes,NEA,Corrientes,https://www.diarioellibertador.com.ar,El semanario francés que mostró a Corrientes durante la Guerra Guasú
2026-06-24,2026-W26,provincial,EL LIBERTADOR,Corrientes,NEA,Corrientes,https://www.diarioellibertador.com.ar,"Ramón Beaudot, el fraile combativo que fundó el primer diario correntino"
2026-06-24,2026-W26,provincial,EL LIBERTADOR,Corrientes,NEA,Corrientes,https://www.diarioellibertador.com.ar,Choque en ruta 12 y Maipú: un motociclista hospitalizado tras quedar debajo de un auto
2026-06-24,2026-W26,provincial,EL LIBERTADOR,Corrientes,NEA,Corrientes,https://www.diarioellibertador.com.ar,Encontraron muerto a un peón rural que había desaparecido al intentar cruzar un arroyo
2026-06-24,2026-W26,provincial,EL LIBERTADOR,Corrientes,NEA,Corrientes,https://www.diarioellibertador.com.ar,El Raid Náutico de las Américas ofrecerá un fin de semana con emociones en Corrientes
2026-06-24,2026-W26,provincial,EL LIBERTADOR,Corrientes,NEA,Corrientes,https://www.diarioellibertador.com.ar,El partido ante Jordania abre la puerta para el debut mundialista del «Flaco» López
2026-06-24,2026-W26,provincial,EL LIBERTADOR,Corrientes,NEA,Corrientes,https://www.diarioellibertador.com.ar,El Sub18 de Regatas festejó por duplicado en Resistencia
2026-06-24,2026-W26,provincial,EL LIBERTADOR,Corrientes,NEA,Corrientes,https://www.diarioellibertador.com.ar,Furia en la noche correntina: brutal «ring» femenino a la salida de un boliche
2026-06-24,2026-W26,provincial,EL LIBERTADOR,Corrientes,NEA,Corrientes,https://www.diarioellibertador.com.ar,Pánico en una playa correntina: bañistas tuvieron que huir de un convoy de barcazas a la deriva
2026-06-24,2026-W26,provincial,EL LIBERTADOR,Corrientes,NEA,Corrientes,https://www.diarioellibertador.com.ar,"La Pilarcita, Ariel Báez y Valdés opinaron sobre los dichos del «Bocha» Sheridan"
2026-06-24,2026-W26,provincial,EL LIBERTADOR,Corrientes,NEA,Corrientes,https://www.diarioellibertador.com.ar,Los Vecinos “la rompieron” en el Cocomarola: del pop de Miranda al “sapucay” de la gente
2026-06-24,2026-W26,provincial,EL LIBERTADOR,Corrientes,NEA,Corrientes,https://www.diarioellibertador.com.ar,"Goyo Pomar: «En el ’76, la gente pedía el golpe»"
2026-06-24,2026-W26,provincial,EL LIBERTADOR,Corrientes,NEA,Corrientes,https://www.diarioellibertador.com.ar,"«El Gobierno nacional ve al federalismo como debe ser», dijo Grachot"
2026-06-24,2026-W26,provincial,EL LIBERTADOR,Corrientes,NEA,Corrientes,https://www.diarioellibertador.com.ar,«Hay que establecer prioridades para que los recursos alcancen»
2026-06-24,2026-W26,provincial,EL LIBERTADOR,Corrientes,NEA,Corrientes,https://www.diarioellibertador.com.ar,Sociedad Mirá en vivo: San Juan Bautista moviliza a Corrientes
2026-06-24,2026-W26,provincial,EL LIBERTADOR,Corrientes,NEA,Corrientes,https://www.diarioellibertador.com.ar,Policiales A los tiros en el barrio Galván tras los festejos del Día del Padre: un herido
2026-06-24,2026-W26,provincial,EL LIBERTADOR,Corrientes,NEA,Corrientes,https://www.diarioellibertador.com.ar,Interior Itá Ibaté y un reencuentro esperado en la Fiesta Provincial de la Pesca de la Boga y el Pacú
2026-06-24,2026-W26,provincial,EL LITORAL,Corrientes,NEA,Corrientes,https://www.ellitoral.com.ar,El Litoral | Novedades de Corrientes
2026-06-24,2026-W26,provincial,EL LITORAL,Corrientes,NEA,Corrientes,https://www.ellitoral.com.ar,"Caso Loan: citan como testigos a Elisa Carrió, José Codazzi y al periodista Javier Ponzone"
2026-06-24,2026-W26,provincial,EL LITORAL,Corrientes,NEA,Corrientes,https://www.ellitoral.com.ar,Loan: los siete acusados del naranjal se negaron a hablar en el juicio
2026-06-24,2026-W26,provincial,EL LITORAL,Corrientes,NEA,Corrientes,https://www.ellitoral.com.ar,Condenaron a un policía de Corrientes por cobrar una multa falsa en Mocoretá
2026-06-24,2026-W26,provincial,EL LITORAL,Corrientes,NEA,Corrientes,https://www.ellitoral.com.ar,🔴EN VIVO AHORA🔴
2026-06-24,2026-W26,provincial,EL LITORAL,Corrientes,NEA,Corrientes,https://www.ellitoral.com.ar,Últimas noticias
2026-06-24,2026-W26,provincial,EL LITORAL,Corrientes,NEA,Corrientes,https://www.ellitoral.com.ar,Cayeron en Goya por organizar tours de caza furtiva en campos privados
2026-06-24,2026-W26,provincial,EL LITORAL,Corrientes,NEA,Corrientes,https://www.ellitoral.com.ar,El ex secretario de Prensa de Milei aseguró que “la gente no llega” a fin de mes
2026-06-24,2026-W26,provincial,EL LITORAL,Corrientes,NEA,Corrientes,https://www.ellitoral.com.ar,Chaco aprobó una ley que restringe el uso de celulares en escuelas públicas y privadas
2026-06-24,2026-W26,provincial,EL LITORAL,Corrientes,NEA,Corrientes,https://www.ellitoral.com.ar,Detienen en Corrientes a una mujer con más de 2 kilos de cocaína pegados al abdomen
2026-06-24,2026-W26,provincial,EL LITORAL,Corrientes,NEA,Corrientes,https://www.ellitoral.com.ar,"Festival del Yaguareté Correntino en Carlos Pellegrini: fecha, horarios y actividades"
2026-06-24,2026-W26,provincial,EL LITORAL,Corrientes,NEA,Corrientes,https://www.ellitoral.com.ar,Juan Pablo Valdés inauguró un jardín de infantes en Villa Olivari
2026-06-24,2026-W26,provincial,EL LITORAL,Corrientes,NEA,Corrientes,https://www.ellitoral.com.ar,"Mundial 2026: fixture, resultados y todos los partidos"
2026-06-24,2026-W26,provincial,EL LITORAL,Corrientes,NEA,Corrientes,https://www.ellitoral.com.ar,Confirmado el árbitro para Argentina-Jordania: antecedente polémico en la última Champions
2026-06-24,2026-W26,provincial,EL LITORAL,Corrientes,NEA,Corrientes,https://www.ellitoral.com.ar,Mundial 2026: estos son los partidos para este miércoles
2026-06-24,2026-W26,provincial,EL LITORAL,Corrientes,NEA,Corrientes,https://www.ellitoral.com.ar,Un hotel de Corrientes fue elegido entre los más exclusivos del mundo
2026-06-24,2026-W26,provincial,EL LITORAL,Corrientes,NEA,Corrientes,https://www.ellitoral.com.ar,Acoso sexual en Corrientes: habló la mujer atacada en el barrio 17 de Agosto
2026-06-24,2026-W26,provincial,EL LITORAL,Corrientes,NEA,Corrientes,https://www.ellitoral.com.ar,Recuperaron una moto robada tras una persecución en Corrientes: el sospechoso escapó
2026-06-24,2026-W26,provincial,EL LITORAL,Corrientes,NEA,Corrientes,https://www.ellitoral.com.ar,Golpe al narcomenudeo en Corrientes: fue detenido con dosis de droga y dinero en efectivo
2026-06-24,2026-W26,provincial,EL LITORAL,Corrientes,NEA,Corrientes,https://www.ellitoral.com.ar,El escolta correntino Juan Pablo Arengo es nuevo refuerzo de Atenas
2026-06-24,2026-W26,provincial,EL LITORAL,Corrientes,NEA,Corrientes,https://www.ellitoral.com.ar,Cabalgata de la Difunta Inocencia: así será el plan de seguridad
2026-06-24,2026-W26,provincial,EL LITORAL,Corrientes,NEA,Corrientes,https://www.ellitoral.com.ar,"San Luis del Palmar: robaron una moto, la desarmaron y arrojaron cerca del Riachuelo"
2026-06-24,2026-W26,provincial,EL LITORAL,Corrientes,NEA,Corrientes,https://www.ellitoral.com.ar,La atención: un insumo escaso que debilita la democracia
2026-06-24,2026-W26,provincial,EL LITORAL,Corrientes,NEA,Corrientes,https://www.ellitoral.com.ar,El espanto elegirá al próximo Presidente
2026-06-24,2026-W26,provincial,EL LITORAL,Corrientes,NEA,Corrientes,https://www.ellitoral.com.ar,Cuando Arce estuvo cerca de la corona sudamericana
2026-06-24,2026-W26,provincial,EL LITORAL,Corrientes,NEA,Corrientes,https://www.ellitoral.com.ar,El lado correcto
2026-06-24,2026-W26,provincial,EL LITORAL,Corrientes,NEA,Corrientes,https://www.ellitoral.com.ar,El sentido de la oportunidad como ventaja competitiva
2026-06-24,2026-W26,provincial,EL LITORAL,Corrientes,NEA,Corrientes,https://www.ellitoral.com.ar,Racionalidad o debilidad en el memorándum entre Estados Unidos e Irán
2026-06-24,2026-W26,provincial,EL LITORAL,Corrientes,NEA,Corrientes,https://www.ellitoral.com.ar,El Chajá y su leyenda
2026-06-24,2026-W26,provincial,EL LITORAL,Corrientes,NEA,Corrientes,https://www.ellitoral.com.ar,Un chofer de Vialidad llevado por un OVNI
2026-06-24,2026-W26,provincial,EL LITORAL,Corrientes,NEA,Corrientes,https://www.ellitoral.com.ar,Curiosidades mundialistas
2026-06-24,2026-W26,provincial,EL LITORAL,Corrientes,NEA,Corrientes,https://www.ellitoral.com.ar,La lluvia de dólares y el país que no se construye solo
2026-06-24,2026-W26,provincial,EL LITORAL,Corrientes,NEA,Corrientes,https://www.ellitoral.com.ar,Se canceló una audiencia y no se sabe cuándo podrán hablar los padres de Loan en el juicio
2026-06-24,2026-W26,provincial,EL LITORAL,Corrientes,NEA,Corrientes,https://www.ellitoral.com.ar,Así continúa hoy el juicio por Loan en Corrientes
2026-06-24,2026-W26,provincial,EL LITORAL,Corrientes,NEA,Corrientes,https://www.ellitoral.com.ar,¿Hacia dónde vamos?
2026-06-24,2026-W26,provincial,EL LITORAL,Corrientes,NEA,Corrientes,https://www.ellitoral.com.ar,"Loan, el juicio: dos años después, con un rebelde perdonado y varios caos por resolver"
2026-06-24,2026-W26,provincial,EL LITORAL,Corrientes,NEA,Corrientes,https://www.ellitoral.com.ar,"La honestidad no se blanquea, se demuestra"
2026-06-24,2026-W26,provincial,EL LITORAL,Corrientes,NEA,Corrientes,https://www.ellitoral.com.ar,Por adorar al demonio se ocasionó la muerte
2026-06-24,2026-W26,provincial,EL LITORAL,Corrientes,NEA,Corrientes,https://www.ellitoral.com.ar,El riesgo de exigir milagros y no reconocer progresos
2026-06-24,2026-W26,provincial,EL LITORAL,Corrientes,NEA,Corrientes,https://www.ellitoral.com.ar,Historias inmortales
2026-06-24,2026-W26,provincial,EL LITORAL,Corrientes,NEA,Corrientes,https://www.ellitoral.com.ar,El Baile en lo de la Tere
2026-06-24,2026-W26,provincial,EL LITORAL,Corrientes,NEA,Corrientes,https://www.ellitoral.com.ar,"Pascual Pérez, el primer campeón mundial"
2026-06-24,2026-W26,provincial,EL LITORAL,Corrientes,NEA,Corrientes,https://www.ellitoral.com.ar,Noche de Titanes en Corrientes: el boxeo amateur y profesional se cita este viernes
2026-06-24,2026-W26,provincial,EL LITORAL,Corrientes,NEA,Corrientes,https://www.ellitoral.com.ar,"""La propuesta de este San Juan Bautista pasa por la interioridad y la reflexión"""
2026-06-24,2026-W26,provincial,EL LITORAL,Corrientes,NEA,Corrientes,https://www.ellitoral.com.ar,¿El día más frío de la semana?: pronostican 3°C de mínima en Corrientes
2026-06-24,2026-W26,provincial,EL LITORAL,Corrientes,NEA,Corrientes,https://www.ellitoral.com.ar,Didier Deschamps abandonó la concentración para volver a Francia
2026-06-24,2026-W26,provincial,EL LITORAL,Corrientes,NEA,Corrientes,https://www.ellitoral.com.ar,Un correntino ganó más de $142 millones en la Quiniela Poceada
2026-06-24,2026-W26,provincial,EL LITORAL,Corrientes,NEA,Corrientes,https://www.ellitoral.com.ar,Reiniciaron los trabajos en la autovía 12: alerta por nuevos desvíos
2026-06-24,2026-W26,provincial,EL LITORAL,Corrientes,NEA,Corrientes,https://www.ellitoral.com.ar,"Con la clasificación asegurada, Scaloni piensa en rotar nombres en el equipo titular"
2026-06-24,2026-W26,provincial,EL LITORAL,Corrientes,NEA,Corrientes,https://www.ellitoral.com.ar,"Cristiano Ronaldo evitó hablar de Lionel Messi en rueda de prensa: ""Siguiente pregunta"""
2026-06-24,2026-W26,provincial,ÉPOCA,Corrientes,NEA,Corrientes,https://www.diarioepoca.com,Los siete imputados acusados de la sustracción de Loan se negaron a declarar
2026-06-24,2026-W26,provincial,ÉPOCA,Corrientes,NEA,Corrientes,https://www.diarioepoca.com,El Gobernador inauguró un Jardín de Infantes en Villa Olivari
2026-06-24,2026-W26,provincial,ÉPOCA,Corrientes,NEA,Corrientes,https://www.diarioepoca.com,"Condenaron a un curandero de Corrientes por abuso sexual, estafa y extorsión"
2026-06-24,2026-W26,provincial,ÉPOCA,Corrientes,NEA,Corrientes,https://www.diarioepoca.com,Cañete rechazó las acusaciones por entorpecimiento de la investigación del caso Loan
2026-06-24,2026-W26,provincial,ÉPOCA,Corrientes,NEA,Corrientes,https://www.diarioepoca.com,"Avanzan los trabajos de la Autovía, mientras se aguarda la reactivación de las obras"
2026-06-24,2026-W26,provincial,ÉPOCA,Corrientes,NEA,Corrientes,https://www.diarioepoca.com,"István Kovács, el árbitro que dirigirá Argentina-Jordania en el Mundial"
2026-06-24,2026-W26,provincial,ÉPOCA,Corrientes,NEA,Corrientes,https://www.diarioepoca.com,"Jordania, un rival con poco gol y una figura que sobresale"
2026-06-24,2026-W26,provincial,ÉPOCA,Corrientes,NEA,Corrientes,https://www.diarioepoca.com,"Cabo Verde, la humilde selección que busca hacer historia en el Mundial"
2026-06-24,2026-W26,provincial,ÉPOCA,Corrientes,NEA,Corrientes,https://www.diarioepoca.com,"Haaland, Sørloth y Ødegaard: los vikingos hacen vibrar el suelo mundialista"
2026-06-24,2026-W26,provincial,ÉPOCA,Corrientes,NEA,Corrientes,https://www.diarioepoca.com,"Como en Qatar 2022, Marruecos busca hacer historia"
2026-06-24,2026-W26,provincial,ÉPOCA,Corrientes,NEA,Corrientes,https://www.diarioepoca.com,Juan Pablo Valdés acompañó al pueblo de Ituzaingó en la fiesta patronal por San Juan Bautista
2026-06-24,2026-W26,provincial,ÉPOCA,Corrientes,NEA,Corrientes,https://www.diarioepoca.com,Un álbum del Mundial 86 despertó la nostalgia argentina
2026-06-24,2026-W26,provincial,ÉPOCA,Corrientes,NEA,Corrientes,https://www.diarioepoca.com,Jordania: la selección que cuesta menos que Nico González
2026-06-24,2026-W26,provincial,ÉPOCA,Corrientes,NEA,Corrientes,https://www.diarioepoca.com,"Ghana sumó ante Inglaterra y mostró que su fortaleza va mucho más allá de la ""magia negra"""
2026-06-24,2026-W26,provincial,ÉPOCA,Corrientes,NEA,Corrientes,https://www.diarioepoca.com,"Cinemacenter: Toy Story 5, Los Minions, Supergirl y más"
2026-06-24,2026-W26,provincial,ÉPOCA,Corrientes,NEA,Corrientes,https://www.diarioepoca.com,Edición del 24/06/2026
2026-06-24,2026-W26,provincial,ÉPOCA,Corrientes,NEA,Corrientes,https://www.diarioepoca.com,El equipo alternativo que prepara Scaloni para que Argentina cierre el grupo ante Jordania
2026-06-24,2026-W26,provincial,ÉPOCA,Corrientes,NEA,Corrientes,https://www.diarioepoca.com,Corrientes: detuvieron a una paraguaya con más de dos kilos de cocaína
2026-06-24,2026-W26,provincial,ÉPOCA,Corrientes,NEA,Corrientes,https://www.diarioepoca.com,La acción de Bellingham que volvió a poner bajo la lupa la nueva regla de la FIFA
2026-06-24,2026-W26,provincial,ÉPOCA,Corrientes,NEA,Corrientes,https://www.diarioepoca.com,Se estabilizó el consumo masivo pero acumula una baja del 3% en lo que va del año
2026-06-24,2026-W26,provincial,ÉPOCA,Corrientes,NEA,Corrientes,https://www.diarioepoca.com,Irán aseguró que el acuerdo para el fin a la guerra es una declaración de derrota de EEUU
2026-06-24,2026-W26,provincial,ÉPOCA,Corrientes,NEA,Corrientes,https://www.diarioepoca.com,Buscan al responsable de tiroteo que dejó un herido
2026-06-24,2026-W26,provincial,ÉPOCA,Corrientes,NEA,Corrientes,https://www.diarioepoca.com,Denunciaron ataques de joven pervertido en calles de Capital
2026-06-24,2026-W26,provincial,ÉPOCA,Corrientes,NEA,Corrientes,https://www.diarioepoca.com,Cayó con casi un kilo de marihuana tras amenazas de muerte a vecino
2026-06-24,2026-W26,provincial,ÉPOCA,Corrientes,NEA,Corrientes,https://www.diarioepoca.com,"""Frente a la violencia y el individualismo, debemos plantar cara con la cultura del encuentro"""
2026-06-24,2026-W26,provincial,ÉPOCA,Corrientes,NEA,Corrientes,https://www.diarioepoca.com,Apostador ganó más de $140 millones en la Poceada Correntina
2026-06-24,2026-W26,provincial,ÉPOCA,Corrientes,NEA,Corrientes,https://www.diarioepoca.com,"24 de junio, el día más argentino: cumpleaños de Messi, Fangio, Riquelme, Gardel y la muerte de Rodrigo"
2026-06-24,2026-W26,provincial,ÉPOCA,Corrientes,NEA,Corrientes,https://www.diarioepoca.com,Kicillof desafía al kirchnerismo y abre la puerta a una PASO contra el candidato que elija Cristina
2026-06-24,2026-W26,provincial,ÉPOCA,Corrientes,NEA,Corrientes,https://www.diarioepoca.com,Identificaron claves biológicas del maíz contra el calor y la sequía
2026-06-24,2026-W26,provincial,ÉPOCA,Corrientes,NEA,Corrientes,https://www.diarioepoca.com,"Milei acusó a los medios de ""ocultar"" el crecimiento de la economía: ""Hemos encendido todos los motores"""
2026-06-24,2026-W26,provincial,ÉPOCA,Corrientes,NEA,Corrientes,https://www.diarioepoca.com,Narcomenudeo: cuestionaron mega operativo y liberaron 4 demorados
2026-06-24,2026-W26,provincial,ÉPOCA,Corrientes,NEA,Corrientes,https://www.diarioepoca.com,Bordón trabaja con la selección
2026-06-24,2026-W26,provincial,ÉPOCA,Corrientes,NEA,Corrientes,https://www.diarioepoca.com,¿Se va Ramírez Barrios?
2026-06-24,2026-W26,provincial,ÉPOCA,Corrientes,NEA,Corrientes,https://www.diarioepoca.com,Regatas sumó dos títulos en el Apertura A.Vo.Re.
2026-06-24,2026-W26,provincial,ÉPOCA,Corrientes,NEA,Corrientes,https://www.diarioepoca.com,La prensa global se rindió ante Messi tras su nuevo récord en los Mundiales
2026-06-24,2026-W26,provincial,ÉPOCA,Corrientes,NEA,Corrientes,https://www.diarioepoca.com,"Midón se despidió rápido de la ""qualy"" de Wimbledon"
2026-06-24,2026-W26,provincial,ÉPOCA,Corrientes,NEA,Corrientes,https://www.diarioepoca.com,"Victoria Caballero, con la selección en Perú"
2026-06-24,2026-W26,provincial,ÉPOCA,Corrientes,NEA,Corrientes,https://www.diarioepoca.com,Alumnos de un colegio de capital llegaron hasta el Yacimiento Fosilífero Toropí
2026-06-24,2026-W26,provincial,ÉPOCA,Corrientes,NEA,Corrientes,https://www.diarioepoca.com,Así serán las prestaciones municipales para este 24 de junio
2026-06-24,2026-W26,provincial,ÉPOCA,Corrientes,NEA,Corrientes,https://www.diarioepoca.com,"A partir del miércoles 24, los agentes provinciales cobran sueldos con aumentos"
2026-06-24,2026-W26,provincial,ÉPOCA,Corrientes,NEA,Corrientes,https://www.diarioepoca.com,Virasoro festejó la victoria de la Selección con una caravana inolvidable
2026-06-24,2026-W26,provincial,ÉPOCA,Corrientes,NEA,Corrientes,https://www.diarioepoca.com,Detienen a dos hombres con cinco carpinchos faenados en una reserva
2026-06-24,2026-W26,provincial,ÉPOCA,Corrientes,NEA,Corrientes,https://www.diarioepoca.com,Recuperan una moto desguazada y una motoguadaña robadas a la vera del Riachuelo
2026-06-24,2026-W26,provincial,ÉPOCA,Corrientes,NEA,Corrientes,https://www.diarioepoca.com,Dos detenidos por presunta tenencia ilegal de arma de fuego y violación de domicilio rural
2026-06-24,2026-W26,provincial,ÉPOCA,Corrientes,NEA,Corrientes,https://www.diarioepoca.com,"Marta Fort, la pasión argentina en Miami y el homenaje eterno a Ricardo"
2026-06-24,2026-W26,provincial,ÉPOCA,Corrientes,NEA,Corrientes,https://www.diarioepoca.com,El dilema de la libertad en tiempos de furia: ¿es necesario regular los discursos de odio?
2026-06-24,2026-W26,provincial,ÉPOCA,Corrientes,NEA,Corrientes,https://www.diarioepoca.com,Shakira estrenará una versión en español de Dai Dai durante el partido de Colombia
2026-06-24,2026-W26,provincial,ÉPOCA,Corrientes,NEA,Corrientes,https://www.diarioepoca.com,Pergolini: confundieron a Curuzú Cuatiá con Curazao en vivo
2026-06-24,2026-W26,provincial,ÉPOCA,Corrientes,NEA,Corrientes,https://www.diarioepoca.com,Desde Monti hasta Messi: los 95 años mundialistas que vivió Mirtha Legrand junto a la Selección
2026-06-24,2026-W26,provincial,ÉPOCA,Corrientes,NEA,Corrientes,https://www.diarioepoca.com,"CRISTOBAL CAFE CORRIENTES - Show en Vivo: ""PALOMA ACQUARONE"" - San Juan esq. Plácido Martínez"
2026-06-24,2026-W26,provincial,EL COMERCIAL,Formosa,NEA,Formosa,https://www.elcomercial.com.ar,El Congreso aprobó el pago de USD 171 millones a holdouts que tenían títulos de deuda defaulteada de 2001
2026-06-24,2026-W26,provincial,EL COMERCIAL,Formosa,NEA,Formosa,https://www.elcomercial.com.ar,"El escudo de Formosa tiene un capullo de algodón, pero la provincia ya casi no lo siembra"
2026-06-24,2026-W26,provincial,EL COMERCIAL,Formosa,NEA,Formosa,https://www.elcomercial.com.ar,Alerta en la industria: mayo cerró con caída y casi el 40% de los sectores sigue en baja
2026-06-24,2026-W26,provincial,EL COMERCIAL,Formosa,NEA,Formosa,https://www.elcomercial.com.ar,PAMI lanzó la vacunación antigripal gratuita y sin turno previo para sus afiliados
2026-06-24,2026-W26,provincial,EL COMERCIAL,Formosa,NEA,Formosa,https://www.elcomercial.com.ar,Jofré supervisó la repavimentación de la avenida Los Constituyentes y plaza del barrio Namqom
2026-06-24,2026-W26,provincial,EL COMERCIAL,Formosa,NEA,Formosa,https://www.elcomercial.com.ar,San Juan dijo que sí en su barrio homónimo
2026-06-24,2026-W26,provincial,EL COMERCIAL,Formosa,NEA,Formosa,https://www.elcomercial.com.ar,Advierten sobre los riesgos de las lesiones no intencionales y la intoxicación por monóxido de carbono durante el invierno
2026-06-24,2026-W26,provincial,EL COMERCIAL,Formosa,NEA,Formosa,https://www.elcomercial.com.ar,La Municipalidad corrige conexiones irregulares que provocaron anegamientos y problemas cloacales en el barrio 2 de Abril
2026-06-24,2026-W26,provincial,EL COMERCIAL,Formosa,NEA,Formosa,https://www.elcomercial.com.ar,ARA San Juan: Tagliapietra formuló el pedido de pena más alto y sostuvo que el submarino no debía cumplir esa misión
2026-06-24,2026-W26,provincial,EL COMERCIAL,Formosa,NEA,Formosa,https://www.elcomercial.com.ar,Marcial Rojas: una calle pavimentada que se vuelve intransitable por el barro
2026-06-24,2026-W26,provincial,EL COMERCIAL,Formosa,NEA,Formosa,https://www.elcomercial.com.ar,Caso Loan: se reanuda el juicio tras largo cuarto intermedio
2026-06-24,2026-W26,provincial,EL COMERCIAL,Formosa,NEA,Formosa,https://www.elcomercial.com.ar,El monotributo aumentará en julio y estiman una suba cercana al 14%
2026-06-24,2026-W26,provincial,EL COMERCIAL,Formosa,NEA,Formosa,https://www.elcomercial.com.ar,"Combustibles: YPF y Axion aplicaron nuevos aumentos, mientras Shell mantiene sus precios"
2026-06-24,2026-W26,provincial,EL COMERCIAL,Formosa,NEA,Formosa,https://www.elcomercial.com.ar,Cortocircuitos y hartazgo en el Gobierno por la interna entre Karina Milei y Bullrich a raíz del caso Adorni
2026-06-24,2026-W26,provincial,EL COMERCIAL,Formosa,NEA,Formosa,https://www.elcomercial.com.ar,"Gobernadores del Chaco, Santa Fe y Santiago del Estero se reúnen en Resistencia con una agenda compartida de obras"
2026-06-24,2026-W26,provincial,EL COMERCIAL,Formosa,NEA,Formosa,https://www.elcomercial.com.ar,Kicillof proyecta unas PASO contra un candidato de CFK y descarta una reunión con Máximo Kirchner
2026-06-24,2026-W26,provincial,EL COMERCIAL,Formosa,NEA,Formosa,https://www.elcomercial.com.ar,Tiroteo durante un operativo policial en Brasil dejó cuatro muertos y decenas de turistas argentinos atrapados en medio del fuego cruzado
2026-06-24,2026-W26,provincial,EL COMERCIAL,Formosa,NEA,Formosa,https://www.elcomercial.com.ar,István Kovács será el árbitro de Argentina-Jordania en el Mundial 2026
2026-06-24,2026-W26,provincial,EL COMERCIAL,Formosa,NEA,Formosa,https://www.elcomercial.com.ar,La Copa Davis llegará por primera vez a Neuquén y Argentina recibirá a Turquía en el Ruca Che
2026-06-24,2026-W26,provincial,EL COMERCIAL,Formosa,NEA,Formosa,https://www.elcomercial.com.ar,La publicación de Lionel Messi por su cumpleaños número 39 que recorre el mundo
2026-06-24,2026-W26,provincial,EL COMERCIAL,Formosa,NEA,Formosa,https://www.elcomercial.com.ar,Así están los cruces de 16avos de final del Mundial tras finalizar la segunda fecha
2026-06-24,2026-W26,provincial,EL COMERCIAL,Formosa,NEA,Formosa,https://www.elcomercial.com.ar,Clásico formoseño por FOX SPORTS: Sol de América-San Martín tienen día y horario
2026-06-24,2026-W26,provincial,EL COMERCIAL,Formosa,NEA,Formosa,https://www.elcomercial.com.ar,Inglaterra y Ghana empataron y dejaron abierta la definición del Grupo L
2026-06-24,2026-W26,provincial,EL COMERCIAL,Formosa,NEA,Formosa,https://www.elcomercial.com.ar,"Con un doblete de Cristiano Ronaldo, Portugal aplastó a Uzbekistán y festejó por primera vez en el Mundial 2026"
2026-06-24,2026-W26,provincial,EL COMERCIAL,Formosa,NEA,Formosa,https://www.elcomercial.com.ar,"Por una denuncia de presunta estafa en la compra de un campo, Basualdo afirmó: ""El objetivo es desacreditarme"""
2026-06-24,2026-W26,provincial,EL COMERCIAL,Formosa,NEA,Formosa,https://www.elcomercial.com.ar,"""Es una pesadilla"": el dolor de Susana López en una nueva jornada del juicio por Jonathan Lezcano"
2026-06-24,2026-W26,provincial,EL COMERCIAL,Formosa,NEA,Formosa,https://www.elcomercial.com.ar,La EPET N° 1 celebró 86 años de vida institucional
2026-06-24,2026-W26,provincial,EL COMERCIAL,Formosa,NEA,Formosa,https://www.elcomercial.com.ar,Ciudad Joven prepara el desfile de buzos de egresados 2026
2026-06-24,2026-W26,provincial,EL COMERCIAL,Formosa,NEA,Formosa,https://www.elcomercial.com.ar,La Municipalidad trabajó en distintos sectores de la ciudad durante la jornada del lunes
2026-06-24,2026-W26,provincial,EL COMERCIAL,Formosa,NEA,Formosa,https://www.elcomercial.com.ar,Escuelas de Formosa habilitaron espacios para ver a la Selección
2026-06-24,2026-W26,provincial,EL COMERCIAL,Formosa,NEA,Formosa,https://www.elcomercial.com.ar,Un hombre recibió un disparo y la Policía investiga el caso
2026-06-24,2026-W26,provincial,EL COMERCIAL,Formosa,NEA,Formosa,https://www.elcomercial.com.ar,Agredió y roció con combustible a su pareja y terminó detenido
2026-06-24,2026-W26,provincial,EL COMERCIAL,Formosa,NEA,Formosa,https://www.elcomercial.com.ar,Una motociclista falleció tras impactar contra la barrera de un puente
2026-06-24,2026-W26,provincial,EL COMERCIAL,Formosa,NEA,Formosa,https://www.elcomercial.com.ar,Incautan en Formosa mercadería de origen extranjero sin aval legal valuada en más de 63.000.000 pesos
2026-06-24,2026-W26,provincial,EL COMERCIAL,Formosa,NEA,Formosa,https://www.elcomercial.com.ar,Allanaron una vivienda en el barrio Virgen de Lourdes por una presunta causa de narcomenudeo
2026-06-24,2026-W26,provincial,EL COMERCIAL,Formosa,NEA,Formosa,https://www.elcomercial.com.ar,Dos procedimientos permitieron secuestrar una motocicleta robada y detectar documentación apócrifa
2026-06-24,2026-W26,provincial,EL COMERCIAL,Formosa,NEA,Formosa,https://www.elcomercial.com.ar,"La CIDH afirmó que Cuba desapareció, encarceló y condenó arbitrariamente a Maykel Osorbo por ""Patria y Vida"""
2026-06-24,2026-W26,provincial,EL COMERCIAL,Formosa,NEA,Formosa,https://www.elcomercial.com.ar,"""El bloqueo ha sido derrotado"", anunció el presidente Rodrigo Paz tras el levantamiento de los cortes en Bolivia"
2026-06-24,2026-W26,provincial,EL COMERCIAL,Formosa,NEA,Formosa,https://www.elcomercial.com.ar,"Trump aseguró que el OIEA inspeccionará las instalaciones nucleares de Irán ""en el momento oportuno"""
2026-06-24,2026-W26,provincial,EL COMERCIAL,Formosa,NEA,Formosa,https://www.elcomercial.com.ar,Nuevas operaciones de Israel en el sur del Líbano tras dos amenazas de Hezbollah en la zona de seguridad
2026-06-24,2026-W26,provincial,EL COMERCIAL,Formosa,NEA,Formosa,https://www.elcomercial.com.ar,Japón mueve sus fichas en la Hidrovía y dona una draga a Paraguay en medio de la tensión con Argentina y Brasil
2026-06-24,2026-W26,provincial,EL COMERCIAL,Formosa,NEA,Formosa,https://www.elcomercial.com.ar,"Donald Trump saludó triunfo de Abelardo de la Espriella, que se convertirá en el nuevo presidente de Colombia: ""Fue un gran honor para mí apoyarlo"""
2026-06-24,2026-W26,provincial,EL COMERCIAL,Formosa,NEA,Formosa,https://www.elcomercial.com.ar,Agenda de partidos
2026-06-24,2026-W26,provincial,EL COMERCIAL,Formosa,NEA,Formosa,https://www.elcomercial.com.ar,Calendario + Grupos:
2026-06-24,2026-W26,provincial,EL COMERCIAL,Formosa,NEA,Formosa,https://www.elcomercial.com.ar,ULTIMAS NOTICIAS
2026-06-24,2026-W26,provincial,EL COMERCIAL,Formosa,NEA,Formosa,https://www.elcomercial.com.ar,ULTIMAS 24 HORAS
2026-06-24,2026-W26,provincial,FORMOSA,Formosa,NEA,Formosa,https://www.diarioformosa.net,Refsa anuncia cortes programados en barrios de la capital
2026-06-24,2026-W26,provincial,FORMOSA,Formosa,NEA,Formosa,https://www.diarioformosa.net,El Gobernador Insfrán recibió a la Red de Familiares de Víctimas del Norte Grande
2026-06-24,2026-W26,provincial,FORMOSA,Formosa,NEA,Formosa,https://www.diarioformosa.net,Formosa revive su trayectoria con una gran retreta musical por la Provincialización
2026-06-24,2026-W26,provincial,FORMOSA,Formosa,NEA,Formosa,https://www.diarioformosa.net,"Tradición, fe y unidad: El barrio San Juan recuperó el brillo de su fiesta patronal"
2026-06-24,2026-W26,provincial,FORMOSA,Formosa,NEA,Formosa,https://www.diarioformosa.net,"Se desarrolló en el CID una jornada para debatir sobre bioeconomía, mercados de carbono y financiamiento verde"
2026-06-24,2026-W26,provincial,FORMOSA,Formosa,NEA,Formosa,https://www.diarioformosa.net,Unidades policiales dañadas tras los dos allanamientos contra el contrabando
2026-06-24,2026-W26,provincial,FORMOSA,Formosa,NEA,Formosa,https://www.diarioformosa.net,Allanamientos contra el contrabando: un hombre muerto y tres policías heridos
2026-06-24,2026-W26,provincial,FORMOSA,Formosa,NEA,Formosa,https://www.diarioformosa.net,Messi confirmó su último partido de Eliminatorias en Argentina
2026-06-24,2026-W26,provincial,FORMOSA,Formosa,NEA,Formosa,https://www.diarioformosa.net,Agustín Facello se suma a La Unión de Formosa
2026-06-24,2026-W26,provincial,FORMOSA,Formosa,NEA,Formosa,https://www.diarioformosa.net,La gran noche de Troncoso le permitió a 9 de Julio volver al triunfo
2026-06-24,2026-W26,provincial,FORMOSA,Formosa,NEA,Formosa,https://www.diarioformosa.net,Postulantes rindieron el examen para el cargo vacante de Juez de Menores de Formosa
2026-06-24,2026-W26,provincial,FORMOSA,Formosa,NEA,Formosa,https://www.diarioformosa.net,Motociclista murió tras impactar contra la barrera de un puente
2026-06-24,2026-W26,provincial,FORMOSA,Formosa,NEA,Formosa,https://www.diarioformosa.net,En el inicio del invierno solicitaron reforzar la vacunación antigripal en los grupos de riesgo
2026-06-24,2026-W26,provincial,FORMOSA,Formosa,NEA,Formosa,https://www.diarioformosa.net,Recibí las noticias en tu email
2026-06-24,2026-W26,provincial,FORMOSA,Formosa,NEA,Formosa,https://www.diarioformosa.net,El primer Club Digital del Oeste provincial abrirá próximamente sus puertas en Lote 8
2026-06-24,2026-W26,provincial,FORMOSA,Formosa,NEA,Formosa,https://www.diarioformosa.net,CRA en Formosa: Encuentros para potenciar la producción y fuertes reclamos por la infraestructura y caminos rurales
2026-06-24,2026-W26,provincial,FORMOSA,Formosa,NEA,Formosa,https://www.diarioformosa.net,El pozo Palmar-18 multiplica por quince su rendimiento de crudo
2026-06-24,2026-W26,provincial,FORMOSA,Formosa,NEA,Formosa,https://www.diarioformosa.net,El Colorado: fuerte operativo de la Uear ante un masivo remate de 1.500 vacunos
2026-06-24,2026-W26,provincial,FORMOSA,Formosa,NEA,Formosa,https://www.diarioformosa.net,Ibarreta: destacan compromiso con la salud pública a pesar de los ajustes nacionales
2026-06-24,2026-W26,provincial,FORMOSA,Formosa,NEA,Formosa,https://www.diarioformosa.net,Hábitos de apuestas deportivas y juego responsable
2026-06-24,2026-W26,provincial,FORMOSA,Formosa,NEA,Formosa,https://www.diarioformosa.net,Boca Unidos sigue frágil
2026-06-24,2026-W26,provincial,FORMOSA,Formosa,NEA,Formosa,https://www.diarioformosa.net,Empieza la décima fecha del Torneo Clasificatorio
2026-06-24,2026-W26,provincial,FORMOSA,Formosa,NEA,Formosa,https://www.diarioformosa.net,HAC: Exitosa cirugía realizada por profesionales del Servicio de Cirugía General y Cirugía Plástica
2026-06-24,2026-W26,provincial,FORMOSA,Formosa,NEA,Formosa,https://www.diarioformosa.net,La comunidad de la Escuela Normal se congregó para celebrar el 74.o aniversario
2026-06-24,2026-W26,provincial,FORMOSA,Formosa,NEA,Formosa,https://www.diarioformosa.net,EPES N.o 103: exitosa jornada del espacio Atención solidaria en el cole
2026-06-24,2026-W26,provincial,FORMOSA,Formosa,NEA,Formosa,https://www.diarioformosa.net,"Energía: según la región y categoría del usuario, la brecha es de 6 veces entre provincias"
2026-06-24,2026-W26,provincial,FORMOSA,Formosa,NEA,Formosa,https://www.diarioformosa.net,Un semestre bajo presión: el balance incómodo de la gestión de Juan Pablo Valdés
2026-06-24,2026-W26,provincial,FORMOSA,Formosa,NEA,Formosa,https://www.diarioformosa.net,Fracasó en Diputados la sesión pedida por la oposición para tratar el caso Adorni
2026-06-24,2026-W26,provincial,FORMOSA,Formosa,NEA,Formosa,https://www.diarioformosa.net,Garantizan la continuidad de los comedores escolares durante el receso de invierno
2026-06-24,2026-W26,provincial,FORMOSA,Formosa,NEA,Formosa,https://www.diarioformosa.net,Formosa: cinco detenidos y varios delitos esclarecidos en operativos intensos
2026-06-24,2026-W26,provincial,FORMOSA,Formosa,NEA,Formosa,https://www.diarioformosa.net,Refsa anuncia cortes programados en barrios de la capital Sociedad
2026-06-24,2026-W26,provincial,FORMOSA,Formosa,NEA,Formosa,https://www.diarioformosa.net,VIDEO GALERÍA + NOTAS
2026-06-24,2026-W26,provincial,FORMOSA,Formosa,NEA,Formosa,https://www.diarioformosa.net,Interior + NOTAS
2026-06-24,2026-W26,provincial,FORMOSA,Formosa,NEA,Formosa,https://www.diarioformosa.net,El primer Club Digital del Oeste provincial abrirá próximamente sus puertas en Lote 8 Interior
2026-06-24,2026-W26,provincial,FORMOSA,Formosa,NEA,Formosa,https://www.diarioformosa.net,Deportes + NOTAS
2026-06-24,2026-W26,provincial,FORMOSA,Formosa,NEA,Formosa,https://www.diarioformosa.net,Recibir newsletter
2026-06-24,2026-W26,provincial,FORMOSA AHORA,Formosa,NEA,Formosa,https://www.formosaahora.com.ar,Jofré supervisó la repavimentación de la avenida Los Constituyentes y plaza del barrio Namqom
2026-06-24,2026-W26,provincial,FORMOSA AHORA,Formosa,NEA,Formosa,https://www.formosaahora.com.ar,La Facultad de Recursos Naturales lanzó sus redes sociales institucionales
2026-06-24,2026-W26,provincial,FORMOSA AHORA,Formosa,NEA,Formosa,https://www.formosaahora.com.ar,El rector Parmetler encabezó la reunión sobre el Plan Estratégico: “Es fundamental y prioritario”
2026-06-24,2026-W26,provincial,FORMOSA AHORA,Formosa,NEA,Formosa,https://www.formosaahora.com.ar,AFIRMO LA DEFENSORIA QUE CON INCREMENTOS DE ENTRE 500% Y 600% SEGÚN LA REGION Y CATEGORIA DEL USUARIO SUBIO LA ENERGIA ELECTRICA CON UNA BRECHA DE 6 VECES ENTRE PROVINCIAS
2026-06-24,2026-W26,provincial,FORMOSA AHORA,Formosa,NEA,Formosa,https://www.formosaahora.com.ar,La Federación Económica de Formosa participó de una jornada clave para fortalecer a las PyMEs
2026-06-24,2026-W26,provincial,FORMOSA AHORA,Formosa,NEA,Formosa,https://www.formosaahora.com.ar,Sebastián Lezcano | Consultor en marketing y Comportamiento Digital
2026-06-24,2026-W26,provincial,FORMOSA AHORA,Formosa,NEA,Formosa,https://www.formosaahora.com.ar,Más de 200 formoseños participaron de la Primera Cruzada de Educación Financiera
2026-06-24,2026-W26,provincial,FORMOSA AHORA,Formosa,NEA,Formosa,https://www.formosaahora.com.ar,Consejo de la Magistratura: rinden para el cargo vacante de juez de Menores de Formosa
2026-06-24,2026-W26,provincial,FORMOSA AHORA,Formosa,NEA,Formosa,https://www.formosaahora.com.ar,DEFENSORES DEL PUEBLO DE TODO EL PAIS DEMANDAN LA LIBERACION DE DOS ARGENTINOS DETENIDOS EN LIBIA POR LLEVAR AYUDA ALIMENTARIA A CIVILES EN GAZA
2026-06-24,2026-W26,provincial,FORMOSA AHORA,Formosa,NEA,Formosa,https://www.formosaahora.com.ar,RECLAMAN SE EXTIENDA BENEFICIO DE REBAJA DE IMPUESTOS A LOS COMBUSTIBLES A LAS PROVINCIAS DEL NORTE ARGENTINO
2026-06-24,2026-W26,provincial,FORMOSA AHORA,Formosa,NEA,Formosa,https://www.formosaahora.com.ar,"Dos hermanitas, un mismo sueño: encontrar una familia que las reciba juntas"
2026-06-24,2026-W26,provincial,FORMOSA AHORA,Formosa,NEA,Formosa,https://www.formosaahora.com.ar,"Mujeres que se eligen: un espacio de reflexión, fortalecimiento y acompañamiento en el barrio Simón Bolívar"
2026-06-24,2026-W26,provincial,FORMOSA AHORA,Formosa,NEA,Formosa,https://www.formosaahora.com.ar,Alumnos de Talleres Superarte realizaron una visita al serpentario del Regimiento de Infantería de Monte 29
2026-06-24,2026-W26,provincial,FORMOSA AHORA,Formosa,NEA,Formosa,https://www.formosaahora.com.ar,El Municipio trabajó en barrios de la ciudad para mitigar efectos de la lluvia
2026-06-24,2026-W26,provincial,FORMOSA AHORA,Formosa,NEA,Formosa,https://www.formosaahora.com.ar,DENUNCIAN QUE EL GOBIERNO NACIONAL QUIERE PERDONAR USD 1842 MILLONES DE DEUDA CON CAMMESA A UN SELECTO GRUPO DE DISTRIBUIDORAS ELECTRICAS
2026-06-24,2026-W26,provincial,FORMOSA AHORA,Formosa,NEA,Formosa,https://www.formosaahora.com.ar,SOLICITAN AL SENADO NACIONAL RECHACE EL PROYECTO DE LEY QUE PERDONA DEUDAS MILLONARIAS A UN GRUPO PRIVILEGIADO DE DISTRIBUIDORAS
2026-06-24,2026-W26,provincial,FORMOSA AHORA,Formosa,NEA,Formosa,https://www.formosaahora.com.ar,Categórico rechazo de JuFeJus al decreto que modifica mecanismos de selección de jueces
2026-06-24,2026-W26,provincial,FORMOSA AHORA,Formosa,NEA,Formosa,https://www.formosaahora.com.ar,Parmetler nuevamente en funciones como rector de la UNAF
2026-06-24,2026-W26,provincial,EL TERRITORIO,Misiones,NEA,Posadas,https://www.elterritorio.com.ar,Problemas en un caño subterráneo obligaron a evacuar 4 escuelas de Itaembé Guazú
2026-06-24,2026-W26,provincial,EL TERRITORIO,Misiones,NEA,Posadas,https://www.elterritorio.com.ar,Identificaron al hombre hallado sin vida en un polideportivo y la autopsia determinó muerte por hipotermia
2026-06-24,2026-W26,provincial,EL TERRITORIO,Misiones,NEA,Posadas,https://www.elterritorio.com.ar,Ministros e intendentes de la Zona Centro y Alto Uruguay avanzaron en nueva agenda común
2026-06-24,2026-W26,provincial,EL TERRITORIO,Misiones,NEA,Posadas,https://www.elterritorio.com.ar,"""Lo que dije estuvo mal"", el descargo del periodista paraguayo expulsado del Mundial por insultar a la FIFA"
2026-06-24,2026-W26,provincial,EL TERRITORIO,Misiones,NEA,Posadas,https://www.elterritorio.com.ar,"Desde una escuela rural de Misiones, un feliz cumpleaños que busca llegar al corazón de Messi"
2026-06-24,2026-W26,provincial,EL TERRITORIO,Misiones,NEA,Posadas,https://www.elterritorio.com.ar,México busca cerrar una fase de grupos perfecta ante una República Checa obligada a ganar
2026-06-24,2026-W26,provincial,EL TERRITORIO,Misiones,NEA,Posadas,https://www.elterritorio.com.ar,"István Kovács, el árbitro que dirigirá Argentina-Jordania"
2026-06-24,2026-W26,provincial,EL TERRITORIO,Misiones,NEA,Posadas,https://www.elterritorio.com.ar,Corea del Sur y Sudáfrica se juegan la clasificación en un duelo decisivo
2026-06-24,2026-W26,provincial,EL TERRITORIO,Misiones,NEA,Posadas,https://www.elterritorio.com.ar,Marruecos busca asegurar el primer puesto ante un Haití ya eliminado
2026-06-24,2026-W26,provincial,EL TERRITORIO,Misiones,NEA,Posadas,https://www.elterritorio.com.ar,Brasil busca asegurar la clasificación ante una Escocia que sueña con dar el golpe
2026-06-24,2026-W26,provincial,EL TERRITORIO,Misiones,NEA,Posadas,https://www.elterritorio.com.ar,"A falta de una fecha para el cierre de fase de grupos, conoce como están los cruces de 16avos de final del Mundial"
2026-06-24,2026-W26,provincial,EL TERRITORIO,Misiones,NEA,Posadas,https://www.elterritorio.com.ar,El bloque de La Libertad Avanza en Misiones sufre una deserción por desacuerdos de enfoques
2026-06-24,2026-W26,provincial,EL TERRITORIO,Misiones,NEA,Posadas,https://www.elterritorio.com.ar,El dólar oficial sube $5 y queda al borde de los $1.500
2026-06-24,2026-W26,provincial,EL TERRITORIO,Misiones,NEA,Posadas,https://www.elterritorio.com.ar,Milei se reunirá con Flávio Bolsonaro en Buenos Aires en un nuevo desafío a Lula
2026-06-24,2026-W26,provincial,EL TERRITORIO,Misiones,NEA,Posadas,https://www.elterritorio.com.ar,El Punto Preventivo San Gerardo acompañó a más de 600 familias desde su apertura
2026-06-24,2026-W26,provincial,EL TERRITORIO,Misiones,NEA,Posadas,https://www.elterritorio.com.ar,Fracasó el nuevo intento de interpelar a Adorni y el PRO salió a reivindicar su jugada
2026-06-24,2026-W26,provincial,EL TERRITORIO,Misiones,NEA,Posadas,https://www.elterritorio.com.ar,Viajaba de Iguazú a San Juan en colectivo con cocaína adosada al cuerpo
2026-06-24,2026-W26,provincial,EL TERRITORIO,Misiones,NEA,Posadas,https://www.elterritorio.com.ar,Una rotura en la red de gas movilizó un operativo de emergencia en Itaembé Guazú
2026-06-24,2026-W26,provincial,EL TERRITORIO,Misiones,NEA,Posadas,https://www.elterritorio.com.ar,Misionera destacada estuvo con Pergolini en Canal 13: “Siempre soñé con salir de la chacra y hoy soy bioquímica”
2026-06-24,2026-W26,provincial,EL TERRITORIO,Misiones,NEA,Posadas,https://www.elterritorio.com.ar,Otorgarán aumento a contratados sin relación de dependencia de la Municipalidad de Posadas
2026-06-24,2026-W26,provincial,EL TERRITORIO,Misiones,NEA,Posadas,https://www.elterritorio.com.ar,Asistieron a más de 150 personas en comunidades mbya de San Ignacio ante la ola de frío
2026-06-24,2026-W26,provincial,EL TERRITORIO,Misiones,NEA,Posadas,https://www.elterritorio.com.ar,Denunció que su pareja la echó de la vivienda y asegura no recibir respuestas judiciales
2026-06-24,2026-W26,provincial,EL TERRITORIO,Misiones,NEA,Posadas,https://www.elterritorio.com.ar,Frío intenso en Posadas: intensifican operativos nocturnos para asistir a personas en situación de calle
2026-06-24,2026-W26,provincial,EL TERRITORIO,Misiones,NEA,Posadas,https://www.elterritorio.com.ar,La industria autopartista cayó 9% interanual en el primer cuatrimestre
2026-06-24,2026-W26,provincial,EL TERRITORIO,Misiones,NEA,Posadas,https://www.elterritorio.com.ar,Adrián Duarte asumió la banca del fallecido concejal Smith en Puerto Piray
2026-06-24,2026-W26,provincial,EL TERRITORIO,Misiones,NEA,Posadas,https://www.elterritorio.com.ar,Colapinto impulsa el sueño argentino de volver al calendario de la F1
2026-06-24,2026-W26,provincial,EL TERRITORIO,Misiones,NEA,Posadas,https://www.elterritorio.com.ar,Posadas: desvinculan a docente de colegio religioso tras denuncia por abuso sexual a estudiantes
2026-06-24,2026-W26,provincial,EL TERRITORIO,Misiones,NEA,Posadas,https://www.elterritorio.com.ar,Apóstoles: detienen a un joven y recuperan valiosos equipos de telecomunicaciones
2026-06-24,2026-W26,provincial,EL TERRITORIO,Misiones,NEA,Posadas,https://www.elterritorio.com.ar,La primera bandera argentina que flameó en Oberá comienza un proceso histórico de conservación
2026-06-24,2026-W26,provincial,EL TERRITORIO,Misiones,NEA,Posadas,https://www.elterritorio.com.ar,Renunció la presidenta de Silicon Misiones
2026-06-24,2026-W26,provincial,EL TERRITORIO,Misiones,NEA,Posadas,https://www.elterritorio.com.ar,Hallaron muerto a un hombre en un polideportivo de Posadas
2026-06-24,2026-W26,provincial,EL TERRITORIO,Misiones,NEA,Posadas,https://www.elterritorio.com.ar,Misiones impulsa la educación ambiental y turística en escuelas de la zona centro
2026-06-24,2026-W26,provincial,EL TERRITORIO,Misiones,NEA,Posadas,https://www.elterritorio.com.ar,Anne Hathaway confirmó que está embarazada: espera a su tercer hijo junto a su esposo Adam Shulman
2026-06-24,2026-W26,provincial,EL TERRITORIO,Misiones,NEA,Posadas,https://www.elterritorio.com.ar,Un mar de FUEGUITOS
2026-06-24,2026-W26,provincial,EL TERRITORIO,Misiones,NEA,Posadas,https://www.elterritorio.com.ar,"Ñande Reko, colectivo cultural mbya guaraní"
2026-06-24,2026-W26,provincial,EL TERRITORIO,Misiones,NEA,Posadas,https://www.elterritorio.com.ar,OTC mantiene la base y se refuerza
2026-06-24,2026-W26,provincial,EL TERRITORIO,Misiones,NEA,Posadas,https://www.elterritorio.com.ar,Este domingo se conocerán los finalistas de la Liga de Puerto Rico
2026-06-24,2026-W26,provincial,EL TERRITORIO,Misiones,NEA,Posadas,https://www.elterritorio.com.ar,“El cuidado personal del futbolista joven es determinante”
2026-06-24,2026-W26,provincial,EL TERRITORIO,Misiones,NEA,Posadas,https://www.elterritorio.com.ar,"Horror para una familia argentina en Chile: les robaron el auto, su hijo quedó atrapado y murió tras ser arrastrado por varias cuadras"
2026-06-24,2026-W26,provincial,EL TERRITORIO,Misiones,NEA,Posadas,https://www.elterritorio.com.ar,El consumo masivo acumula una baja de 3% en los primeros cinco meses del año
2026-06-24,2026-W26,provincial,EL TERRITORIO,Misiones,NEA,Posadas,https://www.elterritorio.com.ar,"“No es nueva deuda, sino refinanciamiento”: Caputo justificó la toma de deuda por US$ 5.000 millones"
2026-06-24,2026-W26,provincial,EL TERRITORIO,Misiones,NEA,Posadas,https://www.elterritorio.com.ar,Bosnia y Qatar se juegan la última carta para seguir con vida en el Grupo B
2026-06-24,2026-W26,provincial,EL TERRITORIO,Misiones,NEA,Posadas,https://www.elterritorio.com.ar,Escuelas de Misiones se suman a la iniciativa viral y le cantan cumpleaños feliz a Messi
2026-06-24,2026-W26,provincial,EL TERRITORIO,Misiones,NEA,Posadas,https://www.elterritorio.com.ar,Suiza y Canadá definen el liderazgo del Grupo B en un duelo clave en Vancouver
2026-06-24,2026-W26,provincial,EL TERRITORIO,Misiones,NEA,Posadas,https://www.elterritorio.com.ar,El Fixture de El Territorio para seguir los resultados y los posibles cruces en tiempo real
2026-06-24,2026-W26,provincial,EL TERRITORIO,Misiones,NEA,Posadas,https://www.elterritorio.com.ar,"“Hoy ya no hablamos de oprimidos, hablamos de excluidos y descartados”"
2026-06-24,2026-W26,provincial,EL TERRITORIO,Misiones,NEA,Posadas,https://www.elterritorio.com.ar,"Docencia y defensa, caminos de una larga trayectoria en el derecho"
2026-06-24,2026-W26,provincial,EL TERRITORIO,Misiones,NEA,Posadas,https://www.elterritorio.com.ar,“Dirigir bien una orquesta es lograr que cada músico logre la mejor versión de su partitura”
2026-06-24,2026-W26,provincial,EL TERRITORIO,Misiones,NEA,Posadas,https://www.elterritorio.com.ar,“La función social de los clubes es clave y el valor no es solamente si se gana o no”
2026-06-24,2026-W26,provincial,EL TERRITORIO,Misiones,NEA,Posadas,https://www.elterritorio.com.ar,Romper la barrera del tiempo
2026-06-24,2026-W26,provincial,MISIONES ON LINE,Misiones,NEA,Posadas,https://www.misionesonline.net,🔴 En vivo | Así está la Costanera de Posadas ahora
2026-06-24,2026-W26,provincial,MISIONES ON LINE,Misiones,NEA,Posadas,https://www.misionesonline.net,El docente del Instituto Adventista de Posadas ya había sido sobreseído en 2020 por una causa de abuso sexual denunciada por otra alumna
2026-06-24,2026-W26,provincial,MISIONES ON LINE,Misiones,NEA,Posadas,https://www.misionesonline.net,SPEPM informó que el docente denunciado por abuso sexual fue suspendido y luego desvinculado de la institución educativa
2026-06-24,2026-W26,provincial,MISIONES ON LINE,Misiones,NEA,Posadas,https://www.misionesonline.net,Maestro fue detenido en Posadas tras ser denunciado por abuso sexual contra alumnas de un colegio cristiano
2026-06-24,2026-W26,provincial,MISIONES ON LINE,Misiones,NEA,Posadas,https://www.misionesonline.net,El dólar oficial alcanzó su valor más alto del año y acumula una suba superior al 5% en junio
2026-06-24,2026-W26,provincial,MISIONES ON LINE,Misiones,NEA,Posadas,https://www.misionesonline.net,Justicia porteña: apuñaló 37 veces a su expareja y recibió la pena mínima por «sinceras disculpas» y «arrepentimiento»
2026-06-24,2026-W26,provincial,MISIONES ON LINE,Misiones,NEA,Posadas,https://www.misionesonline.net,Scaloni analiza varios cambios para el último partido de fase de grupos ante Jordania en el Mundial: ¿Juegan Messi y el Dibu Martínez?
2026-06-24,2026-W26,provincial,MISIONES ON LINE,Misiones,NEA,Posadas,https://www.misionesonline.net,"El fixture completo del Mundial 2026: partidos, sedes, horarios y dónde ver en vivo"
2026-06-24,2026-W26,provincial,MISIONES ON LINE,Misiones,NEA,Posadas,https://www.misionesonline.net,"El cumpleaños 39 de Lionel Messi en pleno Mundial 2026: entrenamiento, festejo íntimo y el saludo del mundo del fútbol"
2026-06-24,2026-W26,provincial,MISIONES ON LINE,Misiones,NEA,Posadas,https://www.misionesonline.net,Mundial 2026: seis partidos animan la jornada de este miércoles con definiciones en tres grupos
2026-06-24,2026-W26,provincial,MISIONES ON LINE,Misiones,NEA,Posadas,https://www.misionesonline.net,"Mundial 2026: Colombia venció a Congo, avanzó a 16avos y definirá el liderazgo de su grupo ante Portugal"
2026-06-24,2026-W26,provincial,MISIONES ON LINE,Misiones,NEA,Posadas,https://www.misionesonline.net,Presidenta del Silicon Misiones debió renunciar tras confirmarse que viajó a Miami en medio de ajustes y estrechez económica
2026-06-24,2026-W26,provincial,MISIONES ON LINE,Misiones,NEA,Posadas,https://www.misionesonline.net,🔴En vivo | Diputados sesiona para avanzar con el Súper RIGI y el pago a fondos buitre
2026-06-24,2026-W26,provincial,MISIONES ON LINE,Misiones,NEA,Posadas,https://www.misionesonline.net,De Puerto Rico al tablero mundial: la historia de un ajedrecista misionero de 13 años que ya es campeón internacional
2026-06-24,2026-W26,provincial,MISIONES ON LINE,Misiones,NEA,Posadas,https://www.misionesonline.net,"Según un informe de la Fundación Encuentro, el Gasoducto Néstor Kirchner ya le ahorró al país casi cuatro veces lo que costó"
2026-06-24,2026-W26,provincial,MISIONES ON LINE,Misiones,NEA,Posadas,https://www.misionesonline.net,"Posadas | Regulación de la actividad física en la Costanera: “No se va a cobrar a quien salga a caminar, sino que buscamos garantizar la seguridad de las personas”"
2026-06-24,2026-W26,provincial,MISIONES ON LINE,Misiones,NEA,Posadas,https://www.misionesonline.net,Un proyecto para regular la actividad física en la Costanera de Posadas abre el debate entre la seguridad y el entrenamiento libre
2026-06-24,2026-W26,provincial,MISIONES ON LINE,Misiones,NEA,Posadas,https://www.misionesonline.net,Regulación de clases deportivas en la costanera de Posadas: instructores de calistenia apoyan el registro y la capacitación en RCP
2026-06-24,2026-W26,provincial,MISIONES ON LINE,Misiones,NEA,Posadas,https://www.misionesonline.net,"Registro, seguros y QR: concejales impulsan una regulación para las clases deportivas en la Costanera y espacios públicos de Posadas"
2026-06-24,2026-W26,provincial,MISIONES ON LINE,Misiones,NEA,Posadas,https://www.misionesonline.net,"Misiones | Con eje en obras, servicios y asistencia, el Gabinete y municipios realizaron una nueva ronda de trabajo en 25 de Mayo"
2026-06-24,2026-W26,provincial,MISIONES ON LINE,Misiones,NEA,Posadas,https://www.misionesonline.net,"Goring pidió avanzar en obras de agua, vivienda y refuerzo sanitario en Colonia Aurora"
2026-06-24,2026-W26,provincial,MISIONES ON LINE,Misiones,NEA,Posadas,https://www.misionesonline.net,"Kako Sartori pidió que los funcionarios pongan foco en la gestión, en medio del polémico viaje al mundial de la presidenta del Silicon que..."
2026-06-24,2026-W26,provincial,MISIONES ON LINE,Misiones,NEA,Posadas,https://www.misionesonline.net,Campo Viera pidió sostener obras y asistencia al sector productivo durante la reunión de gabinete en 25 de Mayo
2026-06-24,2026-W26,provincial,MISIONES ON LINE,Misiones,NEA,Posadas,https://www.misionesonline.net,Salto Encantado pagará el aguinaldo en dos partes por las restricciones presupuestarias
2026-06-24,2026-W26,provincial,MISIONES ON LINE,Misiones,NEA,Posadas,https://www.misionesonline.net,Carlos Koth descartó buscar la reelección en Puerto Rico y destacó las reuniones de gabinete en el interior
2026-06-24,2026-W26,provincial,MISIONES ON LINE,Misiones,NEA,Posadas,https://www.misionesonline.net,Misiones | Turismo advierte sobre demoras migratorias y trabaja en mejoras para la temporada alta
2026-06-24,2026-W26,provincial,MISIONES ON LINE,Misiones,NEA,Posadas,https://www.misionesonline.net,25 de Mayo pidió obras viales y asistencia para sostener los caminos rurales en medio de la caída de la recaudación
2026-06-24,2026-W26,provincial,MISIONES ON LINE,Misiones,NEA,Posadas,https://www.misionesonline.net,Articulación con municipios y obras del BID: Vialidad Provincial define prioridades
2026-06-24,2026-W26,provincial,MISIONES ON LINE,Misiones,NEA,Posadas,https://www.misionesonline.net,El intendente de Aristóbulo del Valle destacó la reunión con el gabinete provincial en 25 de Mayo como una “demostración de federalismo”
2026-06-24,2026-W26,provincial,MISIONES ON LINE,Misiones,NEA,Posadas,https://www.misionesonline.net,Steinhorst destacó el trabajo con los municipios y ratificó que la provincia avanzará con las piletas del CePARD y de Oberá
2026-06-24,2026-W26,provincial,MISIONES ON LINE,Misiones,NEA,Posadas,https://www.misionesonline.net,Facundo Sartori denunció distorsiones en la cadena yerbatera y reforzó la apuesta al café en un plan integral para el agro misionero
2026-06-24,2026-W26,provincial,MISIONES ON LINE,Misiones,NEA,Posadas,https://www.misionesonline.net,"Marcelo Pérez, ministro de Gobierno, advirtió que el 40% de las comunicaciones al 911 no corresponden a emergencias y anunció una nueva app de..."
2026-06-24,2026-W26,provincial,MISIONES ON LINE,Misiones,NEA,Posadas,https://www.misionesonline.net,"“Ante la ausencia de la Nación, absorbimos obras con fondos provinciales”, sostuvo el Ministro de Educación de Misiones"
2026-06-24,2026-W26,provincial,MISIONES ON LINE,Misiones,NEA,Posadas,https://www.misionesonline.net,"Lucas Gerhardt: “La mayoría del presupuesto municipal lo estamos volcando a asistencia social, la parte más golpeada por el ajuste nacional”"
2026-06-24,2026-W26,provincial,MISIONES ON LINE,Misiones,NEA,Posadas,https://www.misionesonline.net,Roberto Padilla anticipó una agenda intensa con los municipios y destacó el interés regional por el modelo misionero
2026-06-24,2026-W26,provincial,MISIONES ON LINE,Misiones,NEA,Posadas,https://www.misionesonline.net,Héctor González destacó el trabajo con los municipios y llamó a reforzar la vacunación ante el aumento de enfermedades respiratorias
2026-06-24,2026-W26,provincial,MISIONES ON LINE,Misiones,NEA,Posadas,https://www.misionesonline.net,"Mejora de caminos rurales y asistencia en salud, los pedidos del intendente de Campo Grande en la reunión con ministros en 25 de Mayo"
2026-06-24,2026-W26,provincial,MISIONES ON LINE,Misiones,NEA,Posadas,https://www.misionesonline.net,La agenda territorial del Gobierno provincial hizo pie en 25 de Mayo y tendrá su próxima parada en Puerto Iguazú
2026-06-24,2026-W26,provincial,MISIONES ON LINE,Misiones,NEA,Posadas,https://www.misionesonline.net,"Magistrados de Santa Fe, Chaco y San Juan participaron de un encuentro en el STJ de Misiones sobre la implementación del sistema acusatorio"
2026-06-24,2026-W26,provincial,MISIONES ON LINE,Misiones,NEA,Posadas,https://www.misionesonline.net,Nuevo estudio de Velora revela que las herramientas de IA fallan al citar la fuente original aunque encuentren los datos correctos
2026-06-24,2026-W26,provincial,MISIONES ON LINE,Misiones,NEA,Posadas,https://www.misionesonline.net,Perdió el control del auto y terminó volcado al costado de la ruta en El Soberbio
2026-06-24,2026-W26,provincial,MISIONES ON LINE,Misiones,NEA,Posadas,https://www.misionesonline.net,"Obreros que reconstruían la casa de Huguito, el niño que sufrió graves quemaduras en un incendio en Campo Grande, denunciaron a la familia por..."
2026-06-24,2026-W26,provincial,MISIONES ON LINE,Misiones,NEA,Posadas,https://www.misionesonline.net,Las matrículas nacionales de salud podrán tramitarse junto al título de grado según la cartera sanitaria
2026-06-24,2026-W26,provincial,MISIONES ON LINE,Misiones,NEA,Posadas,https://www.misionesonline.net,"Misiones sigue en alerta por bajas temperaturas y luego llegarán las lluvias con un repunte térmico: los detalles, día por día"
2026-06-24,2026-W26,provincial,MISIONES ON LINE,Misiones,NEA,Posadas,https://www.misionesonline.net,Parques Nacionales avanza con retiros voluntarios y amplía una concesión turística en Iguazú
2026-06-24,2026-W26,provincial,MISIONES ON LINE,Misiones,NEA,Posadas,https://www.misionesonline.net,Tres misioneros serán árbitros oficiales de Esports en los Juegos Suramericanos 2026
2026-06-24,2026-W26,provincial,MISIONES ON LINE,Misiones,NEA,Posadas,https://www.misionesonline.net,Ecología intensifica controles sobre el transporte de madera nativa en el norte de Misiones
2026-06-24,2026-W26,provincial,MISIONES ON LINE,Misiones,NEA,Posadas,https://www.misionesonline.net,"Nueva York: ratas mutaron genéticamente y son más resistentes a pesticidas, alerta estudio de la Universidad de Rutgers"
2026-06-24,2026-W26,provincial,MISIONES ON LINE,Misiones,NEA,Posadas,https://www.misionesonline.net,"La miel de yateí gana protagonismo en Misiones y une producción, monte y cultura guaraní"
2026-06-24,2026-W26,provincial,MISIONES ON LINE,Misiones,NEA,Posadas,https://www.misionesonline.net,Tuberculosis vulvar: cómo un equipo del Madariaga desenmascaró la enfermedad que imitaba un cáncer
2026-06-24,2026-W26,provincial,PRIMERA EDICIÓN,Misiones,NEA,Posadas,https://www.primeraedicion.com.ar,Primera Edición
2026-06-24,2026-W26,provincial,PRIMERA EDICIÓN,Misiones,NEA,Posadas,https://www.primeraedicion.com.ar,Nicolás Occhiato rompió el silencio tras la polémica en Luzu: “No merecen mi respeto”
2026-06-24,2026-W26,provincial,PRIMERA EDICIÓN,Misiones,NEA,Posadas,https://www.primeraedicion.com.ar,"Emoción, nostalgia y expectativa de chicos y grandes en el pre-estreno de “Toy Story 5” en Posadas"
2026-06-24,2026-W26,provincial,PRIMERA EDICIÓN,Misiones,NEA,Posadas,https://www.primeraedicion.com.ar,"Un corredor natural, rico en aguas profundas"
2026-06-24,2026-W26,provincial,PRIMERA EDICIÓN,Misiones,NEA,Posadas,https://www.primeraedicion.com.ar,"Las “Ruinas” de Santa Ana, 366 años de rica historia (casi virgen) por descubrir"
2026-06-24,2026-W26,provincial,PRIMERA EDICIÓN,Misiones,NEA,Posadas,https://www.primeraedicion.com.ar,El cielo que volvió con ella
2026-06-24,2026-W26,provincial,PRIMERA EDICIÓN,Misiones,NEA,Posadas,https://www.primeraedicion.com.ar,Hoy la música le rinde homenaje a Carlos Gardel y Rodrigo Bueno
2026-06-24,2026-W26,provincial,PRIMERA EDICIÓN,Misiones,NEA,Posadas,https://www.primeraedicion.com.ar,Aseguran que los jubilados cobran casi $100 mil menos por el cambio en la fórmula de movilidad
2026-06-24,2026-W26,provincial,PRIMERA EDICIÓN,Misiones,NEA,Posadas,https://www.primeraedicion.com.ar,Arjona hace historia en Argentina: agotó nuevas funciones y alcanzará los 18 Movistar Arena
2026-06-24,2026-W26,provincial,PRIMERA EDICIÓN,Misiones,NEA,Posadas,https://www.primeraedicion.com.ar,ANSES confirmó el aumento para jubilados en junio 2026: cuánto cobrarán con aguinaldo y nuevos haberes
2026-06-24,2026-W26,provincial,PRIMERA EDICIÓN,Misiones,NEA,Posadas,https://www.primeraedicion.com.ar,ANSeS oficializó los nuevos haberes de junio: cuánto cobrarán jubilados y pensionados
2026-06-24,2026-W26,provincial,PRIMERA EDICIÓN,Misiones,NEA,Posadas,https://www.primeraedicion.com.ar,“El de la foto del Che”
2026-06-24,2026-W26,provincial,PRIMERA EDICIÓN,Misiones,NEA,Posadas,https://www.primeraedicion.com.ar,Cómo combatir las malezas de la huerta sin utilizar químicos
2026-06-24,2026-W26,provincial,PRIMERA EDICIÓN,Misiones,NEA,Posadas,https://www.primeraedicion.com.ar,"La cúrcuma, el “oro amarillo” que se suma como opción en la producción"
2026-06-24,2026-W26,provincial,PRIMERA EDICIÓN,Misiones,NEA,Posadas,https://www.primeraedicion.com.ar,El potencial de los palitos de yerba para producir biocarbón
2026-06-24,2026-W26,provincial,PRIMERA EDICIÓN,Misiones,NEA,Posadas,https://www.primeraedicion.com.ar,Debate sobre la responsabilidad de los tutores y la identificación obligatoria de mascotas
2026-06-24,2026-W26,provincial,PRIMERA EDICIÓN,Misiones,NEA,Posadas,https://www.primeraedicion.com.ar,El mercado inmobiliario y el derecho del consumidor: una protección que muchos aún desconocen
2026-06-24,2026-W26,provincial,PRIMERA EDICIÓN,Misiones,NEA,Posadas,https://www.primeraedicion.com.ar,"¿Loteo, barrio privado o club de campo? La elección que va más allá del precio del terreno"
2026-06-24,2026-W26,provincial,PRIMERA EDICIÓN,Misiones,NEA,Posadas,https://www.primeraedicion.com.ar,"La pregunta ya no es qué puede hacer la IA, sino qué puede descubrir"
2026-06-24,2026-W26,provincial,PRIMERA EDICIÓN,Misiones,NEA,Posadas,https://www.primeraedicion.com.ar,Quién financiará la naturaleza: el gran dilema económico del siglo XXI
2026-06-24,2026-W26,provincial,PRIMERA EDICIÓN,Misiones,NEA,Posadas,https://www.primeraedicion.com.ar,Generación del Grado Cero: la educación bajo presión extrema
2026-06-24,2026-W26,provincial,PRIMERA EDICIÓN,Misiones,NEA,Posadas,https://www.primeraedicion.com.ar,"Pollo General Tso: el bocado crujiente, picante y adictivo que podés hacer en casa"
2026-06-24,2026-W26,provincial,PRIMERA EDICIÓN,Misiones,NEA,Posadas,https://www.primeraedicion.com.ar,"Feijoada con todo, para cocinar sin apuro y disfrutar con amigos"
2026-06-24,2026-W26,provincial,PRIMERA EDICIÓN,Misiones,NEA,Posadas,https://www.primeraedicion.com.ar,Patamuslo cuatro quesos: el plato bomba para combatir el frío
2026-06-24,2026-W26,provincial,PRIMERA EDICIÓN,Misiones,NEA,Posadas,https://www.primeraedicion.com.ar,"El guiso carrero que pide el frío: cuchara, olla y sobremesa larga"
2026-06-24,2026-W26,provincial,PRIMERA EDICIÓN,Misiones,NEA,Posadas,https://www.primeraedicion.com.ar,Empanadas salteñas: el secreto está en el relleno (y en el jugo que no perdona)
2026-06-24,2026-W26,provincial,PRIMERA EDICIÓN,Misiones,NEA,Posadas,https://www.primeraedicion.com.ar,"Suiza venció a Canadá, ganó el Grupo B y avanzó con autoridad a los dieciseisavos del Mundial 2026"
2026-06-24,2026-W26,provincial,PRIMERA EDICIÓN,Misiones,NEA,Posadas,https://www.primeraedicion.com.ar,Posadas: identificaron al hombre hallado sin vida en un polideportivo y determinaron que falleció por hipotermia
2026-06-24,2026-W26,provincial,PRIMERA EDICIÓN,Misiones,NEA,Posadas,https://www.primeraedicion.com.ar,Más de 15 mil misioneros ya fueron parte del programa “Mirar Mejor”
2026-06-24,2026-W26,provincial,PRIMERA EDICIÓN,Misiones,NEA,Posadas,https://www.primeraedicion.com.ar,Fúnebres del miércoles 24 de junio de 2026
2026-06-24,2026-W26,provincial,PRIMERA EDICIÓN,Misiones,NEA,Posadas,https://www.primeraedicion.com.ar,Clasificados del miércoles 24 de junio de 2026
2026-06-24,2026-W26,provincial,PRIMERA EDICIÓN,Misiones,NEA,Posadas,https://www.primeraedicion.com.ar,“Mi nieta más grande me repite ‘mamá nos va a matar porque yo no tenía que contar nada’”
2026-06-24,2026-W26,provincial,PRIMERA EDICIÓN,Misiones,NEA,Posadas,https://www.primeraedicion.com.ar,Con el corazón albiceleste: el tierno saludo de los niños misioneros a Messi
2026-06-24,2026-W26,provincial,PRIMERA EDICIÓN,Misiones,NEA,Posadas,https://www.primeraedicion.com.ar,La Justicia intimó a la ANSES a restituir la pensión a Cristina Fernández de Kirchner
2026-06-24,2026-W26,provincial,PRIMERA EDICIÓN,Misiones,NEA,Posadas,https://www.primeraedicion.com.ar,Viajar en avión será más caro: el Gobierno aumentó 563% la tasa que financia la seguridad aeroportuaria
2026-06-24,2026-W26,provincial,PRIMERA EDICIÓN,Misiones,NEA,Posadas,https://www.primeraedicion.com.ar,Mundial 2026: se confirmó la terna arbitral del partido de Argentina contra Jordania
2026-06-24,2026-W26,provincial,PRIMERA EDICIÓN,Misiones,NEA,Posadas,https://www.primeraedicion.com.ar,Mundial: qué es el desempate olímpico y cómo determinará los cruces de 16avos
2026-06-24,2026-W26,provincial,PRIMERA EDICIÓN,Misiones,NEA,Posadas,https://www.primeraedicion.com.ar,Apóstoles: detienen a un joven y recuperan costosos equipos robados
2026-06-24,2026-W26,provincial,PRIMERA EDICIÓN,Misiones,NEA,Posadas,https://www.primeraedicion.com.ar,Tenía pedido de detención por amenazas y lo atraparon tras una persecución en Eldorado
2026-06-24,2026-W26,provincial,PRIMERA EDICIÓN,Misiones,NEA,Posadas,https://www.primeraedicion.com.ar,Padres plantearon su preocupación por el caso de abuso sexual en un colegio posadeño
2026-06-24,2026-W26,provincial,PRIMERA EDICIÓN,Misiones,NEA,Posadas,https://www.primeraedicion.com.ar,El misionero Andrés Cubas va con Paraguay en busca del pase a 16avos en el Mundial
2026-06-24,2026-W26,provincial,PRIMERA EDICIÓN,Misiones,NEA,Posadas,https://www.primeraedicion.com.ar,Copa Davis 2026: Argentina recibirá a Turquía por primera vez en la provincia de Neuquén
2026-06-24,2026-W26,provincial,PRIMERA EDICIÓN,Misiones,NEA,Posadas,https://www.primeraedicion.com.ar,"Itaembé Guazú: por una fuga de gas, evacuaron a los alumnos y maestros de dos escuelas"
2026-06-24,2026-W26,provincial,PRIMERA EDICIÓN,Misiones,NEA,Posadas,https://www.primeraedicion.com.ar,Nuevas fricciones en el oficialismo: Adorni y Bullrich dieron versiones opuestas
2026-06-24,2026-W26,provincial,PRIMERA EDICIÓN,Misiones,NEA,Posadas,https://www.primeraedicion.com.ar,Del maní a la leche de vaca: qué alimentos causan más alergias y por qué aumentan las consultas
2026-06-24,2026-W26,provincial,PRIMERA EDICIÓN,Misiones,NEA,Posadas,https://www.primeraedicion.com.ar,Atropelló a un peatón y escapó: buscan al conductor de una Saveiro en Apóstoles
2026-06-24,2026-W26,provincial,PRIMERA EDICIÓN,Misiones,NEA,Posadas,https://www.primeraedicion.com.ar,Concejales de Oberá respaldan la demanda contra el DNU 70/2023
2026-06-24,2026-W26,provincial,PRIMERA EDICIÓN,Misiones,NEA,Posadas,https://www.primeraedicion.com.ar,El frío y la humedad agravan los dolores articulares
2026-06-24,2026-W26,provincial,PRIMERA EDICIÓN,Misiones,NEA,Posadas,https://www.primeraedicion.com.ar,Incluir Salud: la Nación volverá a cubrir medicamentos de alto costo
2026-06-24,2026-W26,provincial,PRIMERA EDICIÓN,Misiones,NEA,Posadas,https://www.primeraedicion.com.ar,Básquet: la joya misionera que quiere Brasil
2026-06-24,2026-W26,provincial,ADN SUR,Chubut,Patagonia,Comodoro Rivadavia,https://www.adnsur.com.ar,Farmacias de turno
2026-06-24,2026-W26,provincial,ADN SUR,Chubut,Patagonia,Comodoro Rivadavia,https://www.adnsur.com.ar,Giro en el caso Ángel: dan lugar a la intervención del Cuerpo Médico Forense de la Corte para determinar la causa de la muerte
2026-06-24,2026-W26,provincial,ADN SUR,Chubut,Patagonia,Comodoro Rivadavia,https://www.adnsur.com.ar,Misterio en Chubut: hallaron un cuerpo flotando en el mar en la zona céntrica de Playa Unión
2026-06-24,2026-W26,provincial,ADN SUR,Chubut,Patagonia,Comodoro Rivadavia,https://www.adnsur.com.ar,"Es ama de casa, no sabe disparar y compró 9 armas: Iturrioz vinculó un caso insólito con la violencia en Comodoro"
2026-06-24,2026-W26,provincial,ADN SUR,Chubut,Patagonia,Comodoro Rivadavia,https://www.adnsur.com.ar,Identificaron a la mujer que murió en el trágico choque camino a Playa Magagna
2026-06-24,2026-W26,provincial,ADN SUR,Chubut,Patagonia,Comodoro Rivadavia,https://www.adnsur.com.ar,La UOCRA advirtió que hay cerca de 1.200 desocupados y calificó la situación de Comodoro como “bastante complicada”
2026-06-24,2026-W26,provincial,ADN SUR,Chubut,Patagonia,Comodoro Rivadavia,https://www.adnsur.com.ar,El hombre de Rada Tilly que murió en un choque en la ruta 22 era un reconocido árbitro de Chubut
2026-06-24,2026-W26,provincial,ADN SUR,Chubut,Patagonia,Comodoro Rivadavia,https://www.adnsur.com.ar,Creció en un taller y hoy corre contra su papá: la historia que emociona en el Día del Piloto
2026-06-24,2026-W26,provincial,ADN SUR,Chubut,Patagonia,Comodoro Rivadavia,https://www.adnsur.com.ar,El Hospital Alvear sumará consultorios pediátricos para reforzar la atención en Zona Norte
2026-06-24,2026-W26,provincial,ADN SUR,Chubut,Patagonia,Comodoro Rivadavia,https://www.adnsur.com.ar,Horror en el centro de Comodoro: les partieron la cabeza con bloques de cemento para robarles
2026-06-24,2026-W26,provincial,ADN SUR,Chubut,Patagonia,Comodoro Rivadavia,https://www.adnsur.com.ar,“Dejó su huella en nosotros”: la dolorosa despedida de la mujer que murió tras el choque en Chubut
2026-06-24,2026-W26,provincial,ADN SUR,Chubut,Patagonia,Comodoro Rivadavia,https://www.adnsur.com.ar,“Hay vecinos que se van cuando empiezan los tiros”: el crudo relato que expone al barrio Pietrobelli
2026-06-24,2026-W26,provincial,ADN SUR,Chubut,Patagonia,Comodoro Rivadavia,https://www.adnsur.com.ar,La grave amenaza contra el gobernador Ignacio Torres que apareció en una pared de Chubut
2026-06-24,2026-W26,provincial,ADN SUR,Chubut,Patagonia,Comodoro Rivadavia,https://www.adnsur.com.ar,"Trabajó 21 años en un comercio, la acusaron de robar un corpiño para no pagarle la indemnización y la jugada les salió carísima"
2026-06-24,2026-W26,provincial,ADN SUR,Chubut,Patagonia,Comodoro Rivadavia,https://www.adnsur.com.ar,Torres anunció obras por más de $ 3.700 millones para ampliar servicios de agua y gas en Lago Puelo
2026-06-24,2026-W26,provincial,ADN SUR,Chubut,Patagonia,Comodoro Rivadavia,https://www.adnsur.com.ar,Fuerte acusación de Juan Pablo Luque contra el PRO y LLA por hacer caer la interpelación a Manuel Adorni
2026-06-24,2026-W26,provincial,ADN SUR,Chubut,Patagonia,Comodoro Rivadavia,https://www.adnsur.com.ar,Ordenaron realizar un nuevo juicio por contaminación del mar contra empleados jerárquicos de Conarpesa
2026-06-24,2026-W26,provincial,ADN SUR,Chubut,Patagonia,Comodoro Rivadavia,https://www.adnsur.com.ar,18:08 Misterio en Chubut: vieron un cuerpo flotando en el mar y desplegaron un operativo en la zona
2026-06-24,2026-W26,provincial,ADN SUR,Chubut,Patagonia,Comodoro Rivadavia,https://www.adnsur.com.ar,17:44 Activaron un protocolo preventivo tras detectar actividad en el volcán neuquino Auca Mahuida
2026-06-24,2026-W26,provincial,ADN SUR,Chubut,Patagonia,Comodoro Rivadavia,https://www.adnsur.com.ar,17:07 Torres anunció obras por más de $ 3.700 millones para ampliar servicios de agua y gas en Lago Puelo
2026-06-24,2026-W26,provincial,ADN SUR,Chubut,Patagonia,Comodoro Rivadavia,https://www.adnsur.com.ar,16:54 “Dejó su huella en nosotros”: la dolorosa despedida de la mujer que murió tras el choque en Chubut
2026-06-24,2026-W26,provincial,ADN SUR,Chubut,Patagonia,Comodoro Rivadavia,https://www.adnsur.com.ar,16:21 Identificaron a la mujer que murió en el trágico choque camino a Playa Magagna
2026-06-24,2026-W26,provincial,ADN SUR,Chubut,Patagonia,Comodoro Rivadavia,https://www.adnsur.com.ar,Un fenómeno nunca visto en la Patagonia: esferas de hielo en la Laguna Melliza y el cielo más impresionante del año
2026-06-24,2026-W26,provincial,ADN SUR,Chubut,Patagonia,Comodoro Rivadavia,https://www.adnsur.com.ar,"Feliz cumple, capitán: un país entero se unió para cantarle a Messi en su día"
2026-06-24,2026-W26,provincial,ADN SUR,Chubut,Patagonia,Comodoro Rivadavia,https://www.adnsur.com.ar,Invirtió la herencia de su papá en un edificio que nunca se construyó y la justicia ordenó indemnizarla
2026-06-24,2026-W26,provincial,ADN SUR,Chubut,Patagonia,Comodoro Rivadavia,https://www.adnsur.com.ar,El error que muchos cometen con la carne casera y que puede terminar en triquinosis
2026-06-24,2026-W26,provincial,ADN SUR,Chubut,Patagonia,Comodoro Rivadavia,https://www.adnsur.com.ar,Un descuido caro: perdió su arma reglamentaria camino al trabajo y fue arrestado durante 30 días
2026-06-24,2026-W26,provincial,ADN SUR,Chubut,Patagonia,Comodoro Rivadavia,https://www.adnsur.com.ar,Los bomberos denuncian que el gobierno de Milei les debe más de $40 millones a cada cuartel
2026-06-24,2026-W26,provincial,ADN SUR,Chubut,Patagonia,Comodoro Rivadavia,https://www.adnsur.com.ar,"Femicidio de Agostina Vega: el inquietante dato que reveló una pericia en la casa de Barrelier, principal sospechoso del caso"
2026-06-24,2026-W26,provincial,ADN SUR,Chubut,Patagonia,Comodoro Rivadavia,https://www.adnsur.com.ar,Se cumplió el pronóstico: se registró la primera nevada del año en los alrededores de Comodoro
2026-06-24,2026-W26,provincial,ADN SUR,Chubut,Patagonia,Comodoro Rivadavia,https://www.adnsur.com.ar,"El Tribunal de Cuentas multó a un intendente de Chubut, pero debió absolverlo por un error de sus empleados"
2026-06-24,2026-W26,provincial,ADN SUR,Chubut,Patagonia,Comodoro Rivadavia,https://www.adnsur.com.ar,Empresas con IA y sin empleados: qué propone la reforma que llega este miércoles al Senado
2026-06-24,2026-W26,provincial,ADN SUR,Chubut,Patagonia,Comodoro Rivadavia,https://www.adnsur.com.ar,Autorizaron a YPF a construir un gasoducto clave en Neuquén con un sensible cruce por el embalse Mari Menuco
2026-06-24,2026-W26,provincial,ADN SUR,Chubut,Patagonia,Comodoro Rivadavia,https://www.adnsur.com.ar,Vista marcó un récord histórico en Vaca Muerta en mayo con los activos de Equinor ya integrados
2026-06-24,2026-W26,provincial,ADN SUR,Chubut,Patagonia,Comodoro Rivadavia,https://www.adnsur.com.ar,La internalización de servicios gana terreno en San Jorge: reducción de costos y preocupación en las pymes
2026-06-24,2026-W26,provincial,ADN SUR,Chubut,Patagonia,Comodoro Rivadavia,https://www.adnsur.com.ar,Planta de US$7.000 millones en Neuquén: quiénes se adjudicaron la separación de gas del proyecto Argentina LNG
2026-06-24,2026-W26,provincial,ADN SUR,Chubut,Patagonia,Comodoro Rivadavia,https://www.adnsur.com.ar,"Por el VMOS, Sierra Grande triplicó su actividad: cómo sigue la obra"
2026-06-24,2026-W26,provincial,ADN SUR,Chubut,Patagonia,Comodoro Rivadavia,https://www.adnsur.com.ar,La comarca petrolera dijo sí al GNL: 35 empresas firmaron su apoyo al proyecto que promete cambiar la región
2026-06-24,2026-W26,provincial,ADN SUR,Chubut,Patagonia,Comodoro Rivadavia,https://www.adnsur.com.ar,Los líquidos del gas tensionan los gasoductos de Vaca Muerta: así avanzan MEGA y TGS para no frenar el crudo
2026-06-24,2026-W26,provincial,ADN SUR,Chubut,Patagonia,Comodoro Rivadavia,https://www.adnsur.com.ar,Cinco prepagas confirmaron nuevos aumentos de las cuotas para sus afiliados en julio de 2026
2026-06-24,2026-W26,provincial,ADN SUR,Chubut,Patagonia,Comodoro Rivadavia,https://www.adnsur.com.ar,Las ventas por el Día del Padre volvieron a caer y confirmaron una tendencia que se consolida
2026-06-24,2026-W26,provincial,ADN SUR,Chubut,Patagonia,Comodoro Rivadavia,https://www.adnsur.com.ar,¿A cuánto cotizó el dólar oficial este miércoles?
2026-06-24,2026-W26,provincial,ADN SUR,Chubut,Patagonia,Comodoro Rivadavia,https://www.adnsur.com.ar,Santa Cruz lidera el desempleo en la Patagonia y figura entre las ciudades más afectadas del país
2026-06-24,2026-W26,provincial,ADN SUR,Chubut,Patagonia,Comodoro Rivadavia,https://www.adnsur.com.ar,¿Por qué Comodoro tiene poco desempleo mientras pierde miles de puestos de trabajo?
2026-06-24,2026-W26,provincial,ADN SUR,Chubut,Patagonia,Comodoro Rivadavia,https://www.adnsur.com.ar,Farmacia Social expande su presencia en Comodoro y abrió una nueva sucursal en Espacio Oeste
2026-06-24,2026-W26,provincial,ADN SUR,Chubut,Patagonia,Comodoro Rivadavia,https://www.adnsur.com.ar,Histórico para la Patagonia: la Copa Davis se juega por primera vez en la Patagonia
2026-06-24,2026-W26,provincial,ADN SUR,Chubut,Patagonia,Comodoro Rivadavia,https://www.adnsur.com.ar,La polémica predicción de una famosa vidente sobre el partido Brasil - Escocia: “Vi a los jugadores…”
2026-06-24,2026-W26,provincial,ADN SUR,Chubut,Patagonia,Comodoro Rivadavia,https://www.adnsur.com.ar,Yocelyn Balboa brilló en Tailandia y ya prepara a tres comodorenses para un Mundial de kickboxing
2026-06-24,2026-W26,provincial,ADN SUR,Chubut,Patagonia,Comodoro Rivadavia,https://www.adnsur.com.ar,Colapinto afronta una nueva fecha de la Fórmula 1: el cronograma completo del GP de Austria
2026-06-24,2026-W26,provincial,ADN SUR,Chubut,Patagonia,Comodoro Rivadavia,https://www.adnsur.com.ar,"Tras horas de incertidumbre, apareció el hincha argentino buscado en Estados Unidos: qué se sabe del caso"
2026-06-24,2026-W26,provincial,CRÓNICA,Chubut,Patagonia,Comodoro Rivadavia,https://www.diariocronica.com.ar,"Ató de manos al dueño de una casa, robó un arma y municiones, pero cayó cuando intentaba escapar"
2026-06-24,2026-W26,provincial,CRÓNICA,Chubut,Patagonia,Comodoro Rivadavia,https://www.diariocronica.com.ar,Miércoles 24 de junio de 2026
2026-06-24,2026-W26,provincial,CRÓNICA,Chubut,Patagonia,Comodoro Rivadavia,https://www.diariocronica.com.ar,Un conocido árbitro de básquet de Rada Tilly falleció en un choque cerca de Chimpay
2026-06-24,2026-W26,provincial,CRÓNICA,Chubut,Patagonia,Comodoro Rivadavia,https://www.diariocronica.com.ar,85 trabajadores siguen sin trabajo mientras Conarpesa mantiene actividad pesquera
2026-06-24,2026-W26,provincial,CRÓNICA,Chubut,Patagonia,Comodoro Rivadavia,https://www.diariocronica.com.ar,"Advierten que ""Perejil"", el perro involucrado en la tragedia de Playa Magagna, no puede ser trasladado"
2026-06-24,2026-W26,provincial,CRÓNICA,Chubut,Patagonia,Comodoro Rivadavia,https://www.diariocronica.com.ar,Hallaron un cuerpo flotando y desplegaron un operativo en la zona de Aquavida
2026-06-24,2026-W26,provincial,CRÓNICA,Chubut,Patagonia,Comodoro Rivadavia,https://www.diariocronica.com.ar,"Javier Milei vuelve al exterior: iniciará una gira por España, Paraguay y Estados Unidos"
2026-06-24,2026-W26,provincial,CRÓNICA,Chubut,Patagonia,Comodoro Rivadavia,https://www.diariocronica.com.ar,Diputados aprobó el acuerdo con holdouts
2026-06-24,2026-W26,provincial,CRÓNICA,Chubut,Patagonia,Comodoro Rivadavia,https://www.diariocronica.com.ar,24 de junio: Una fecha marcada por ídolos de la cultura y el deporte
2026-06-24,2026-W26,provincial,CRÓNICA,Chubut,Patagonia,Comodoro Rivadavia,https://www.diariocronica.com.ar,Lorenzetti exige al Gobierno completar la Corte Suprema y reclama independencia presupuestaria
2026-06-24,2026-W26,provincial,CRÓNICA,Chubut,Patagonia,Comodoro Rivadavia,https://www.diariocronica.com.ar,Chubut difundió recomendaciones para prevenir la triquinosis
2026-06-24,2026-W26,provincial,CRÓNICA,Chubut,Patagonia,Comodoro Rivadavia,https://www.diariocronica.com.ar,"Una becaria chubutense ganó el premio nacional Rotary por investigar el uso del hongo ""llao-llao"" en alimentos"
2026-06-24,2026-W26,provincial,CRÓNICA,Chubut,Patagonia,Comodoro Rivadavia,https://www.diariocronica.com.ar,USMA festejo su 95° aniversario con la inauguración de nuevas obras
2026-06-24,2026-W26,provincial,CRÓNICA,Chubut,Patagonia,Comodoro Rivadavia,https://www.diariocronica.com.ar,La Justicia anuló la absolución y ordenó un nuevo juicio contra Conarpesa
2026-06-24,2026-W26,provincial,CRÓNICA,Chubut,Patagonia,Comodoro Rivadavia,https://www.diariocronica.com.ar,"Gaiman presentó “Entrelazando Danzas 2026”, un certamen para promover el folclore sin competencia"
2026-06-24,2026-W26,provincial,CRÓNICA,Chubut,Patagonia,Comodoro Rivadavia,https://www.diariocronica.com.ar,Fundación Arbolar retoma la forestación en Comodoro Rivadavia
2026-06-24,2026-W26,provincial,CRÓNICA,Chubut,Patagonia,Comodoro Rivadavia,https://www.diariocronica.com.ar,Educación extiende hasta el 8 de julio la convocatoria para participar de la Comisión Evaluadora de Proyectos 2026
2026-06-24,2026-W26,provincial,CRÓNICA,Chubut,Patagonia,Comodoro Rivadavia,https://www.diariocronica.com.ar,Trump afirma que Irán descartó peajes a buques en el estrecho de Ormuz
2026-06-24,2026-W26,provincial,CRÓNICA,Chubut,Patagonia,Comodoro Rivadavia,https://www.diariocronica.com.ar,El universo visual de Los Redondos llega a Comodoro: se estrena el documental sobre Rocambole
2026-06-24,2026-W26,provincial,CRÓNICA,Chubut,Patagonia,Comodoro Rivadavia,https://www.diariocronica.com.ar,Programación armada con las dos categorías
2026-06-24,2026-W26,provincial,CRÓNICA,Chubut,Patagonia,Comodoro Rivadavia,https://www.diariocronica.com.ar,Una camioneta se incendió por completo en Rawson
2026-06-24,2026-W26,provincial,CRÓNICA,Chubut,Patagonia,Comodoro Rivadavia,https://www.diariocronica.com.ar,El Hospital Alvear vuelve a sumar atención pediátrica desde el 1 de julio
2026-06-24,2026-W26,provincial,CRÓNICA,Chubut,Patagonia,Comodoro Rivadavia,https://www.diariocronica.com.ar,"Tras los tiroteos, desplegaron un operativo con más de 50 policías en barrio Pietrobelli"
2026-06-24,2026-W26,provincial,CRÓNICA,Chubut,Patagonia,Comodoro Rivadavia,https://www.diariocronica.com.ar,España: Pedro Sánchez negó hechos de corrupción y descartó su renuncia
2026-06-24,2026-W26,provincial,CRÓNICA,Chubut,Patagonia,Comodoro Rivadavia,https://www.diariocronica.com.ar,El precio del petróleo alcanza su nivel más bajo tras el conflicto internacional
2026-06-24,2026-W26,provincial,CRÓNICA,Chubut,Patagonia,Comodoro Rivadavia,https://www.diariocronica.com.ar,"Keiko Fujimori lidera el balotaje en Perú, pero su rival acusa fraude"
2026-06-24,2026-W26,provincial,CRÓNICA,Chubut,Patagonia,Comodoro Rivadavia,https://www.diariocronica.com.ar,Escándalo en el aire: Pareja alcoholizada provocó disturbios en un vuelo en España
2026-06-24,2026-W26,provincial,CRÓNICA,Chubut,Patagonia,Comodoro Rivadavia,https://www.diariocronica.com.ar,Descubren tendencia de las personas a caminar en sentido antihorario
2026-06-24,2026-W26,provincial,CRÓNICA,Chubut,Patagonia,Comodoro Rivadavia,https://www.diariocronica.com.ar,Trágico accidente en la ruta que une Rawson con Playa Magagna
2026-06-24,2026-W26,provincial,CRÓNICA,Chubut,Patagonia,Comodoro Rivadavia,https://www.diariocronica.com.ar,Convertirán 400 metros de boulevares en un moderno paseo peatonal en el barrio Máximo Abásolo
2026-06-24,2026-W26,provincial,CRÓNICA,Chubut,Patagonia,Comodoro Rivadavia,https://www.diariocronica.com.ar,Homenajearán al personal de salud que asistió a los heridos en la guerra de Malvinas
2026-06-24,2026-W26,provincial,CRÓNICA,Chubut,Patagonia,Comodoro Rivadavia,https://www.diariocronica.com.ar,La Floresta: intentó descartar un revólver en la calle y fue detenido
2026-06-24,2026-W26,provincial,CRÓNICA,Chubut,Patagonia,Comodoro Rivadavia,https://www.diariocronica.com.ar,Quiso irse con un fernet bajo la campera y lo descubrieron
2026-06-24,2026-W26,provincial,CRÓNICA,Chubut,Patagonia,Comodoro Rivadavia,https://www.diariocronica.com.ar,"Entre libros y aplausos, celebraron el cumpleaños de Messi"
2026-06-24,2026-W26,provincial,CRÓNICA,Chubut,Patagonia,Comodoro Rivadavia,https://www.diariocronica.com.ar,Dos adolescentes intentaron robar en un supermercado y fueron demoradas
2026-06-24,2026-W26,provincial,CRÓNICA,Chubut,Patagonia,Comodoro Rivadavia,https://www.diariocronica.com.ar,Atentado en el Moure: Prendió fuego una camioneta con un bidón de nafta y quedó filmado
2026-06-24,2026-W26,provincial,CRÓNICA,Chubut,Patagonia,Comodoro Rivadavia,https://www.diariocronica.com.ar,Un camión despistó tras esquivar un pozo en la ruta
2026-06-24,2026-W26,provincial,CRÓNICA,Chubut,Patagonia,Comodoro Rivadavia,https://www.diariocronica.com.ar,El Partenón de Atenas luce su fachada occidental restaurada tras 220 años
2026-06-24,2026-W26,provincial,CRÓNICA,Chubut,Patagonia,Comodoro Rivadavia,https://www.diariocronica.com.ar,Invertirán $1037 millones de pesos en el aeropuerto de Puerto Deseado
2026-06-24,2026-W26,provincial,CRÓNICA,Chubut,Patagonia,Comodoro Rivadavia,https://www.diariocronica.com.ar,Precaución extrema: nieve en el tramo Comodoro-Sarmiento y hacia Trelew
2026-06-24,2026-W26,provincial,CRÓNICA,Chubut,Patagonia,Comodoro Rivadavia,https://www.diariocronica.com.ar,Dormía la siesta mientras se incendiaba su casa y se salvó de milagro
2026-06-24,2026-W26,provincial,CRÓNICA,Chubut,Patagonia,Comodoro Rivadavia,https://www.diariocronica.com.ar,El Senado de EE.UU. limita poderes militares de Trump sobre Irán
2026-06-24,2026-W26,provincial,CRÓNICA,Chubut,Patagonia,Comodoro Rivadavia,https://www.diariocronica.com.ar,Se anticipa una jornada marcada por inestabilidad climática y bajas temperaturas
2026-06-24,2026-W26,provincial,CRÓNICA,Chubut,Patagonia,Comodoro Rivadavia,https://www.diariocronica.com.ar,Comodoro: se abrió un enorme socavón en San Cayetano por la rotura de un acueducto
2026-06-24,2026-W26,provincial,CRÓNICA,Chubut,Patagonia,Comodoro Rivadavia,https://www.diariocronica.com.ar,El Gobierno oficializó cambios en el régimen de importación de bienes usados
2026-06-24,2026-W26,provincial,CRÓNICA,Chubut,Patagonia,Comodoro Rivadavia,https://www.diariocronica.com.ar,Reconocieron a D'Artagnan y a su adiestrador por la captura del Clan Durán
2026-06-24,2026-W26,provincial,CRÓNICA,Chubut,Patagonia,Comodoro Rivadavia,https://www.diariocronica.com.ar,La tapa de Messi que emocionó al país y fue destacada como “la mejor del mundo”
2026-06-24,2026-W26,provincial,CRÓNICA,Chubut,Patagonia,Comodoro Rivadavia,https://www.diariocronica.com.ar,Portugal goleó 5 a 0 a Uzbekistán
2026-06-24,2026-W26,provincial,CRÓNICA,Chubut,Patagonia,Comodoro Rivadavia,https://www.diariocronica.com.ar,Se ultiman detalles para convocar a la licitación de la obra de dragado del Puerto Rawson
2026-06-24,2026-W26,provincial,CRÓNICA,Chubut,Patagonia,Comodoro Rivadavia,https://www.diariocronica.com.ar,"Rawson: La bicisenda ""Marcelo Virgili"" recupera su fisionomía"
2026-06-24,2026-W26,provincial,EL PATAGÓNICO,Chubut,Patagonia,Comodoro Rivadavia,https://www.elpatagonico.com,Todas las secciones
2026-06-24,2026-W26,provincial,EL PATAGÓNICO,Chubut,Patagonia,Comodoro Rivadavia,https://www.elpatagonico.com,De que se habla
2026-06-24,2026-W26,provincial,EL PATAGÓNICO,Chubut,Patagonia,Comodoro Rivadavia,https://www.elpatagonico.com,Más de 4 millones de jubilados sólo cubren el 30% de la canasta
2026-06-24,2026-W26,provincial,EL PATAGÓNICO,Chubut,Patagonia,Comodoro Rivadavia,https://www.elpatagonico.com,Camión despista en la Ruta 26 tras intentar esquivar un bache
2026-06-24,2026-W26,provincial,EL PATAGÓNICO,Chubut,Patagonia,Comodoro Rivadavia,https://www.elpatagonico.com,Polémica en Gran Hermano: un participante insultó a Messi y estallaron las redes
2026-06-24,2026-W26,provincial,EL PATAGÓNICO,Chubut,Patagonia,Comodoro Rivadavia,https://www.elpatagonico.com,Policías se manifestaron tras rechazar otra propuesta
2026-06-24,2026-W26,provincial,EL PATAGÓNICO,Chubut,Patagonia,Comodoro Rivadavia,https://www.elpatagonico.com,La pareja de Ariel Cardozo celebró la detención de los Durán
2026-06-24,2026-W26,provincial,EL PATAGÓNICO,Chubut,Patagonia,Comodoro Rivadavia,https://www.elpatagonico.com,Se duplicó el desempleo en Comodoro y creció al doble la subocupación en Trelew
2026-06-24,2026-W26,provincial,EL PATAGÓNICO,Chubut,Patagonia,Comodoro Rivadavia,https://www.elpatagonico.com,Chubut debutó con triunfo en el Argentino de Vóleibol Sub 16
2026-06-24,2026-W26,provincial,EL PATAGÓNICO,Chubut,Patagonia,Comodoro Rivadavia,https://www.elpatagonico.com,Las Más Leídas de El Patagónico
2026-06-24,2026-W26,provincial,EL PATAGÓNICO,Chubut,Patagonia,Comodoro Rivadavia,https://www.elpatagonico.com,Confirman el próximo fin de semana largo de cuatro días
2026-06-24,2026-W26,provincial,EL PATAGÓNICO,Chubut,Patagonia,Comodoro Rivadavia,https://www.elpatagonico.com,Noticias Insólitas
2026-06-24,2026-W26,provincial,EL PATAGÓNICO,Chubut,Patagonia,Comodoro Rivadavia,https://www.elpatagonico.com,Inseguridad: denuncian a sujeto que intenta ingresar a viviendas
2026-06-24,2026-W26,provincial,EL PATAGÓNICO,Chubut,Patagonia,Comodoro Rivadavia,https://www.elpatagonico.com,Pietrobelli bajo vigilancia tras una seguidilla de tiroteos
2026-06-24,2026-W26,provincial,EL PATAGÓNICO,Chubut,Patagonia,Comodoro Rivadavia,https://www.elpatagonico.com,Illañez tenía libertad condicional e iba armado por la calle
2026-06-24,2026-W26,provincial,EL PATAGÓNICO,Chubut,Patagonia,Comodoro Rivadavia,https://www.elpatagonico.com,"Desde el Gorosito, a las 10, le cantaron el feliz cumpleaños al 10"
2026-06-24,2026-W26,provincial,EL PATAGÓNICO,Chubut,Patagonia,Comodoro Rivadavia,https://www.elpatagonico.com,Brutal ataque a la salida de un boliche: dos hombres graves
2026-06-24,2026-W26,provincial,EL PATAGÓNICO,Chubut,Patagonia,Comodoro Rivadavia,https://www.elpatagonico.com,"Policía de día, viuda negra de noche: cayó ""Lucía"""
2026-06-24,2026-W26,provincial,EL PATAGÓNICO,Chubut,Patagonia,Comodoro Rivadavia,https://www.elpatagonico.com,Arbitro de básquet de Rada Tilly muere en siniestro vial
2026-06-24,2026-W26,provincial,EL PATAGÓNICO,Chubut,Patagonia,Comodoro Rivadavia,https://www.elpatagonico.com,Le prendió fuego a una camioneta en el Moure y huyó
2026-06-24,2026-W26,provincial,EL PATAGÓNICO,Chubut,Patagonia,Comodoro Rivadavia,https://www.elpatagonico.com,Este miércoles se reanudó paritaria de gremios docentes
2026-06-24,2026-W26,provincial,EL PATAGÓNICO,Chubut,Patagonia,Comodoro Rivadavia,https://www.elpatagonico.com,Luque pidió penas para frenar la depredación del Mar Argentino
2026-06-24,2026-W26,provincial,EL PATAGÓNICO,Chubut,Patagonia,Comodoro Rivadavia,https://www.elpatagonico.com,"Encontraron el cuerpo de Guadalupe Ramos, la niñera de 19 años desaparecida en Salta"
2026-06-24,2026-W26,provincial,EL PATAGÓNICO,Chubut,Patagonia,Comodoro Rivadavia,https://www.elpatagonico.com,La FIFA evalúa cambiar las tandas de penales para el Mundial 2026
2026-06-24,2026-W26,provincial,EL PATAGÓNICO,Chubut,Patagonia,Comodoro Rivadavia,https://www.elpatagonico.com,El fuerte descargo del periodista que fue cancelado por la FIFA
2026-06-24,2026-W26,provincial,EL PATAGÓNICO,Chubut,Patagonia,Comodoro Rivadavia,https://www.elpatagonico.com,"Colombia sufrió más de la cuenta, venció a Congo y avanzó a los 16avos"
2026-06-24,2026-W26,provincial,EL PATAGÓNICO,Chubut,Patagonia,Comodoro Rivadavia,https://www.elpatagonico.com,Croacia le ganó a Panamá y lo eliminó del Mundial
2026-06-24,2026-W26,provincial,EL PATAGÓNICO,Chubut,Patagonia,Comodoro Rivadavia,https://www.elpatagonico.com,Inglaterra no aprovechó sus chances y empató con Ghana
2026-06-24,2026-W26,provincial,EL PATAGÓNICO,Chubut,Patagonia,Comodoro Rivadavia,https://www.elpatagonico.com,El beso viral del DT de Noruega que reveló una dramática historia de vida y muerte
2026-06-24,2026-W26,provincial,EL PATAGÓNICO,Chubut,Patagonia,Comodoro Rivadavia,https://www.elpatagonico.com,Cristiano Ronaldo batió récords en la goleada de Portugal ante Uzbekistán
2026-06-24,2026-W26,provincial,EL PATAGÓNICO,Chubut,Patagonia,Comodoro Rivadavia,https://www.elpatagonico.com,"La historia de ""Lumumba"", el símbolo de Congo que llegó por pedido de los futbolistas"
2026-06-24,2026-W26,provincial,EL PATAGÓNICO,Chubut,Patagonia,Comodoro Rivadavia,https://www.elpatagonico.com,Hallan el cuerpo de una modelo dentro de una valija en Bogotá
2026-06-24,2026-W26,provincial,EL PATAGÓNICO,Chubut,Patagonia,Comodoro Rivadavia,https://www.elpatagonico.com,Dos adolescentes intentaron llevarse un perfume sin pagar
2026-06-24,2026-W26,provincial,EL PATAGÓNICO,Chubut,Patagonia,Comodoro Rivadavia,https://www.elpatagonico.com,Vio a la policía y trató de desprenderse de su arma
2026-06-24,2026-W26,provincial,EL PATAGÓNICO,Chubut,Patagonia,Comodoro Rivadavia,https://www.elpatagonico.com,Puerto Deseado volverá a recibir vuelos comerciales
2026-06-24,2026-W26,provincial,EL PATAGÓNICO,Chubut,Patagonia,Comodoro Rivadavia,https://www.elpatagonico.com,Detuvieron a un campesino por denuncia de Patricia Bullrich
2026-06-24,2026-W26,provincial,EL PATAGÓNICO,Chubut,Patagonia,Comodoro Rivadavia,https://www.elpatagonico.com,Becaria chubutense fue distinguida a nivel nacional por su aporte a la ciencia y la tecnología
2026-06-24,2026-W26,provincial,EL PATAGÓNICO,Chubut,Patagonia,Comodoro Rivadavia,https://www.elpatagonico.com,Prendieron fuego a una jubilada de 84 años y el acusado cumple prisión domiciliaria
2026-06-24,2026-W26,provincial,EL PATAGÓNICO,Chubut,Patagonia,Comodoro Rivadavia,https://www.elpatagonico.com,Escándalo en Río Negro: denuncian un allanamiento a Weretilneck y el Gobierno lo niega
2026-06-24,2026-W26,provincial,EL PATAGÓNICO,Chubut,Patagonia,Comodoro Rivadavia,https://www.elpatagonico.com,Municipio y Universidad impulsaron jornada de derechos y diversidad
2026-06-24,2026-W26,provincial,EL PATAGÓNICO,Chubut,Patagonia,Comodoro Rivadavia,https://www.elpatagonico.com,Avanza la construcción de un paseo peatonal en el Abásolo
2026-06-24,2026-W26,provincial,EL PATAGÓNICO,Chubut,Patagonia,Comodoro Rivadavia,https://www.elpatagonico.com,La SCPL retirará conexiones irregulares de agua en un sector de Km. 8
2026-06-24,2026-W26,provincial,EL PATAGÓNICO,Chubut,Patagonia,Comodoro Rivadavia,https://www.elpatagonico.com,Este viernes actuará el colectivo Comodoro Comedy Club
2026-06-24,2026-W26,provincial,EL PATAGÓNICO,Chubut,Patagonia,Comodoro Rivadavia,https://www.elpatagonico.com,PECOM trae maquinaria pesada para avanzar con la obra
2026-06-24,2026-W26,provincial,EL PATAGÓNICO,Chubut,Patagonia,Comodoro Rivadavia,https://www.elpatagonico.com,Asaltaron a una mujer de 80 años dentro de su vivienda en San Martín
2026-06-24,2026-W26,provincial,EL PATAGÓNICO,Chubut,Patagonia,Comodoro Rivadavia,https://www.elpatagonico.com,El PRO y la UCR evitaron la interpelación de Adorni
2026-06-24,2026-W26,provincial,EL PATAGÓNICO,Chubut,Patagonia,Comodoro Rivadavia,https://www.elpatagonico.com,Nadia Epstein acusó a Del Moro de estafar gente en Gran Hermano
2026-06-24,2026-W26,provincial,EL PATAGÓNICO,Chubut,Patagonia,Comodoro Rivadavia,https://www.elpatagonico.com,Florencia Peña evalúa demandar a Nicolás Occhiato
2026-06-24,2026-W26,provincial,EL PATAGÓNICO,Chubut,Patagonia,Comodoro Rivadavia,https://www.elpatagonico.com,Floppy Tesouro denunció que usaron inteligencia artificial para adulterarle una foto
2026-06-24,2026-W26,provincial,EL PATAGÓNICO,Chubut,Patagonia,Comodoro Rivadavia,https://www.elpatagonico.com,"Flor Peña y Nico Occhiato: ""yo hubiese hecho otra cosa"""
2026-06-24,2026-W26,provincial,EL DIARIO DE LA PAMPA,La Pampa,Patagonia,Santa Rosa,https://www.eldiariodelapampa.com.ar,Radio El Diario
2026-06-24,2026-W26,provincial,EL DIARIO DE LA PAMPA,La Pampa,Patagonia,Santa Rosa,https://www.eldiariodelapampa.com.ar,Eleg├Ł una secci├│n
2026-06-24,2026-W26,provincial,EL DIARIO DE LA PAMPA,La Pampa,Patagonia,Santa Rosa,https://www.eldiariodelapampa.com.ar,LA TAPA INTELIGENTE
2026-06-24,2026-W26,provincial,EL DIARIO DE LA PAMPA,La Pampa,Patagonia,Santa Rosa,https://www.eldiariodelapampa.com.ar,Confirmado: el Turismo Carretera no vendrá a Toay
2026-06-24,2026-W26,provincial,EL DIARIO DE LA PAMPA,La Pampa,Patagonia,Santa Rosa,https://www.eldiariodelapampa.com.ar,La Copa Davis llega a Neuquén
2026-06-24,2026-W26,provincial,EL DIARIO DE LA PAMPA,La Pampa,Patagonia,Santa Rosa,https://www.eldiariodelapampa.com.ar,Se viene la Carrera por Parejas de Toay
2026-06-24,2026-W26,provincial,EL DIARIO DE LA PAMPA,La Pampa,Patagonia,Santa Rosa,https://www.eldiariodelapampa.com.ar,Con el foco en el Mundial: la publicación de Messi en su cumpleaños
2026-06-24,2026-W26,provincial,EL DIARIO DE LA PAMPA,La Pampa,Patagonia,Santa Rosa,https://www.eldiariodelapampa.com.ar,"Anya Taylor-Joy brilla en el primer avance de ""Lucky"""
2026-06-24,2026-W26,provincial,EL DIARIO DE LA PAMPA,La Pampa,Patagonia,Santa Rosa,https://www.eldiariodelapampa.com.ar,El romántico festejo de Tini Stoessel y Rodrigo de Paul
2026-06-24,2026-W26,provincial,EL DIARIO DE LA PAMPA,La Pampa,Patagonia,Santa Rosa,https://www.eldiariodelapampa.com.ar,Shakira estrenará una versión en español de Dai Dai
2026-06-24,2026-W26,provincial,EL DIARIO DE LA PAMPA,La Pampa,Patagonia,Santa Rosa,https://www.eldiariodelapampa.com.ar,Serú Girán: desborde de emoción la primera noche del regreso
2026-06-24,2026-W26,provincial,EL DIARIO DE LA PAMPA,La Pampa,Patagonia,Santa Rosa,https://www.eldiariodelapampa.com.ar,El turismo de nieve impulsa la temporada invernal
2026-06-24,2026-W26,provincial,EL DIARIO DE LA PAMPA,La Pampa,Patagonia,Santa Rosa,https://www.eldiariodelapampa.com.ar,Estados Unidos ofrecerá un servicio premium y exprés para visas de turismo
2026-06-24,2026-W26,provincial,EL DIARIO DE LA PAMPA,La Pampa,Patagonia,Santa Rosa,https://www.eldiariodelapampa.com.ar,"Sports tripping, la tendencia del viaje que gana fuerza"
2026-06-24,2026-W26,provincial,EL DIARIO DE LA PAMPA,La Pampa,Patagonia,Santa Rosa,https://www.eldiariodelapampa.com.ar,"""Furor por Argentina"": entusiasmo de cara a la temporada invernal argentina"
2026-06-24,2026-W26,provincial,EL DIARIO DE LA PAMPA,La Pampa,Patagonia,Santa Rosa,https://www.eldiariodelapampa.com.ar,Polémica por el loteo de Santa Rosa Rugby: otro pedido de postergar audiencia
2026-06-24,2026-W26,provincial,EL DIARIO DE LA PAMPA,La Pampa,Patagonia,Santa Rosa,https://www.eldiariodelapampa.com.ar,"El misterio del hornero: revelan por qué tienen la ""puerta"" a la derecha o a la izquierda"
2026-06-24,2026-W26,provincial,EL DIARIO DE LA PAMPA,La Pampa,Patagonia,Santa Rosa,https://www.eldiariodelapampa.com.ar,"Ley de Glaciares: Dillon desmontó los argumentos de Ravier, uno por uno"
2026-06-24,2026-W26,provincial,EL DIARIO DE LA PAMPA,La Pampa,Patagonia,Santa Rosa,https://www.eldiariodelapampa.com.ar,Ravier y Ardohain votaron a favor de cambios que pueden afectar al Colorado
2026-06-24,2026-W26,provincial,EL DIARIO DE LA PAMPA,La Pampa,Patagonia,Santa Rosa,https://www.eldiariodelapampa.com.ar,Desarrollan una nariz electrónica que detecta alimentos en mal estado
2026-06-24,2026-W26,provincial,EL DIARIO DE LA PAMPA,La Pampa,Patagonia,Santa Rosa,https://www.eldiariodelapampa.com.ar,Especialista del Conicet advirtió sobre los riesgos de las baterías de litio tras un caso fatal
2026-06-24,2026-W26,provincial,EL DIARIO DE LA PAMPA,La Pampa,Patagonia,Santa Rosa,https://www.eldiariodelapampa.com.ar,Artemis III: cuándo anunciará la NASA la nueva tripulación que busca acercarnos a la Luna
2026-06-24,2026-W26,provincial,EL DIARIO DE LA PAMPA,La Pampa,Patagonia,Santa Rosa,https://www.eldiariodelapampa.com.ar,"""Super Niño"": hay un 90% de probabilidad de un evento extremo en el segundo semestre"
2026-06-24,2026-W26,provincial,EL DIARIO DE LA PAMPA,La Pampa,Patagonia,Santa Rosa,https://www.eldiariodelapampa.com.ar,"Milei perfora la ""caja"" de CGT pasiva: ya no serán USD 1000 millones"
2026-06-24,2026-W26,provincial,EL DIARIO DE LA PAMPA,La Pampa,Patagonia,Santa Rosa,https://www.eldiariodelapampa.com.ar,Suiza venció a Canadá y se quedó con el liderazgo del Grupo B
2026-06-24,2026-W26,provincial,EL DIARIO DE LA PAMPA,La Pampa,Patagonia,Santa Rosa,https://www.eldiariodelapampa.com.ar,"Bosnia cumplió con su parte, venció a Qatar y sueña con los 16avos"
2026-06-24,2026-W26,provincial,EL DIARIO DE LA PAMPA,La Pampa,Patagonia,Santa Rosa,https://www.eldiariodelapampa.com.ar,Finalizaron los trabajos de recambio cloacal en la calle Juan XXIII
2026-06-24,2026-W26,provincial,EL DIARIO DE LA PAMPA,La Pampa,Patagonia,Santa Rosa,https://www.eldiariodelapampa.com.ar,Funes de lleno en la interna: propuso reactivar el acuífero Santa Rosa- Anguil
2026-06-24,2026-W26,provincial,EL DIARIO DE LA PAMPA,La Pampa,Patagonia,Santa Rosa,https://www.eldiariodelapampa.com.ar,El Congreso aprobó el pago de USD 171 millones a holdouts con deuda defaulteada de 2001
2026-06-24,2026-W26,provincial,EL DIARIO DE LA PAMPA,La Pampa,Patagonia,Santa Rosa,https://www.eldiariodelapampa.com.ar,Caen las acciones argentinas porque MSCI no revisa la calificación
2026-06-24,2026-W26,provincial,EL DIARIO DE LA PAMPA,La Pampa,Patagonia,Santa Rosa,https://www.eldiariodelapampa.com.ar,El dólar oficial sube y se mantiene cerca de los $1500
2026-06-24,2026-W26,provincial,EL DIARIO DE LA PAMPA,La Pampa,Patagonia,Santa Rosa,https://www.eldiariodelapampa.com.ar,"Milei desembarca en España por sexta vez en su gestión, sin reuniones oficiales"
2026-06-24,2026-W26,provincial,EL DIARIO DE LA PAMPA,La Pampa,Patagonia,Santa Rosa,https://www.eldiariodelapampa.com.ar,Estrellas Amarillas alertó por la Ruta 35 y exigió que se reactive el Consejo de Tránsito
2026-06-24,2026-W26,provincial,EL DIARIO DE LA PAMPA,La Pampa,Patagonia,Santa Rosa,https://www.eldiariodelapampa.com.ar,Diputados sesiona y el oficialismo intentará aprobar el Súper RIGI
2026-06-24,2026-W26,provincial,EL DIARIO DE LA PAMPA,La Pampa,Patagonia,Santa Rosa,https://www.eldiariodelapampa.com.ar,Renunció Ravier y asumió en su reemplazo Martín Matzkin
2026-06-24,2026-W26,provincial,EL DIARIO DE LA PAMPA,La Pampa,Patagonia,Santa Rosa,https://www.eldiariodelapampa.com.ar,El petróleo pampeano tiene un solo dueño: el vernismo hizo valer sus históricas reglas de juego
2026-06-24,2026-W26,provincial,EL DIARIO DE LA PAMPA,La Pampa,Patagonia,Santa Rosa,https://www.eldiariodelapampa.com.ar,El BID respaldará a YPF con USD 500 millones para ampliar la infraestructura de Vaca Muerta
2026-06-24,2026-W26,provincial,EL DIARIO DE LA PAMPA,La Pampa,Patagonia,Santa Rosa,https://www.eldiariodelapampa.com.ar,"""Por una inclusión real"": docentes vuelven a movilizarse a Casa de Gobierno"
2026-06-24,2026-W26,provincial,EL DIARIO DE LA PAMPA,La Pampa,Patagonia,Santa Rosa,https://www.eldiariodelapampa.com.ar,"General Pico y Santa Rosa, entre las ciudades con mejor hábitat urbano del país"
2026-06-24,2026-W26,provincial,EL DIARIO DE LA PAMPA,La Pampa,Patagonia,Santa Rosa,https://www.eldiariodelapampa.com.ar,Personal de emergencias y policías salvaron a un joven que se ahogó con comida
2026-06-24,2026-W26,provincial,EL DIARIO DE LA PAMPA,La Pampa,Patagonia,Santa Rosa,https://www.eldiariodelapampa.com.ar,"""ATE no hace magia, trabaja"": el gremio cruzó a Trapaglia y defendió las mejoras en Salud"
2026-06-24,2026-W26,provincial,EL DIARIO DE LA PAMPA,La Pampa,Patagonia,Santa Rosa,https://www.eldiariodelapampa.com.ar,25 de Mayo: una multitud recibió los cuerpos de las hermanas fallecidas en el Bajo Giuliani
2026-06-24,2026-W26,provincial,EL DIARIO DE LA PAMPA,La Pampa,Patagonia,Santa Rosa,https://www.eldiariodelapampa.com.ar,Ferrán fustigó a los diputados aliados por hacer caer la interpelación a Manuel Adorni
2026-06-24,2026-W26,provincial,EL DIARIO DE LA PAMPA,La Pampa,Patagonia,Santa Rosa,https://www.eldiariodelapampa.com.ar,Un detenido por el robo de más de 13.000 dólares en Luiggi
2026-06-24,2026-W26,provincial,EL DIARIO DE LA PAMPA,La Pampa,Patagonia,Santa Rosa,https://www.eldiariodelapampa.com.ar,Dictaron prisión preventiva para el hombre que atacó a otro con un machete en Cané
2026-06-24,2026-W26,provincial,EL DIARIO DE LA PAMPA,La Pampa,Patagonia,Santa Rosa,https://www.eldiariodelapampa.com.ar,Agentes públicos capacitados sobre la carga del Presupuesto
2026-06-24,2026-W26,provincial,EL DIARIO DE LA PAMPA,La Pampa,Patagonia,Santa Rosa,https://www.eldiariodelapampa.com.ar,Crean nuevos cargos para Educación Inclusiva
2026-06-24,2026-W26,provincial,EL DIARIO DE LA PAMPA,La Pampa,Patagonia,Santa Rosa,https://www.eldiariodelapampa.com.ar,Perú se suma a la red provincial de fibra
2026-06-24,2026-W26,provincial,EL DIARIO DE LA PAMPA,La Pampa,Patagonia,Santa Rosa,https://www.eldiariodelapampa.com.ar,Una camioneta chocó desde atrás un auto y terminó en la banquina en la avenida Perón
2026-06-24,2026-W26,provincial,EL DIARIO DE LA PAMPA,La Pampa,Patagonia,Santa Rosa,https://www.eldiariodelapampa.com.ar,Detuvieron a un hombre por violación de domicilio en un terreno baldío
2026-06-24,2026-W26,provincial,LA ARENA,La Pampa,Patagonia,Santa Rosa,https://www.laarena.com.ar,Santa Rosa: “Faltan cambiar 100 kilómetros de cloacas”
2026-06-24,2026-W26,provincial,LA ARENA,La Pampa,Patagonia,Santa Rosa,https://www.laarena.com.ar,El contraste de Dallas: marginales y prosperidad
2026-06-24,2026-W26,provincial,LA ARENA,La Pampa,Patagonia,Santa Rosa,https://www.laarena.com.ar,Adrián Ravier renunció a su banca en Diputados y asumió Martín Matzkin
2026-06-24,2026-W26,provincial,LA ARENA,La Pampa,Patagonia,Santa Rosa,https://www.laarena.com.ar,Cinco años de prisión por asaltar a punta de cuchillo a un kiosquero
2026-06-24,2026-W26,provincial,LA ARENA,La Pampa,Patagonia,Santa Rosa,https://www.laarena.com.ar,El PRO propondrá interpelar a Adorni en el Senado
2026-06-24,2026-W26,provincial,LA ARENA,La Pampa,Patagonia,Santa Rosa,https://www.laarena.com.ar,Joven pampeano baleado en Chubut sigue en estado reservado: piden pena ejemplar
2026-06-24,2026-W26,provincial,LA ARENA,La Pampa,Patagonia,Santa Rosa,https://www.laarena.com.ar,Un volcán cercano a La Pampa tuvo actividad sísmica
2026-06-24,2026-W26,provincial,LA ARENA,La Pampa,Patagonia,Santa Rosa,https://www.laarena.com.ar,"Con votos del PRO, la oposición intentó incluir la interpelación de Adorni"
2026-06-24,2026-W26,provincial,LA ARENA,La Pampa,Patagonia,Santa Rosa,https://www.laarena.com.ar,En Diputados se aprobó el pago de U$S 171 millones a dos fondos buitres
2026-06-24,2026-W26,provincial,LA ARENA,La Pampa,Patagonia,Santa Rosa,https://www.laarena.com.ar,El dólar oficial subió más de 5 % en junio y alcanzó su nivel más alto en el año
2026-06-24,2026-W26,provincial,LA ARENA,La Pampa,Patagonia,Santa Rosa,https://www.laarena.com.ar,El municipio de Uriburu convoca a artesanos y emprendedores para evento gastronómico
2026-06-24,2026-W26,provincial,LA ARENA,La Pampa,Patagonia,Santa Rosa,https://www.laarena.com.ar,Milei perfora la “caja” de CGT pasiva: ya no serán u$s 1.000 millones
2026-06-24,2026-W26,provincial,LA ARENA,La Pampa,Patagonia,Santa Rosa,https://www.laarena.com.ar,La agenda de espectáculos para este fin de semana en Santa Rosa
2026-06-24,2026-W26,provincial,LA ARENA,La Pampa,Patagonia,Santa Rosa,https://www.laarena.com.ar,El frío no se va y aparecen las chances de nieve
2026-06-24,2026-W26,provincial,LA ARENA,La Pampa,Patagonia,Santa Rosa,https://www.laarena.com.ar,Tecpetrol marcó récord de profundidad en Vaca Muerta
2026-06-24,2026-W26,provincial,LA ARENA,La Pampa,Patagonia,Santa Rosa,https://www.laarena.com.ar,El oficialismo reconoce el triunfo de De la Espriella en Colombia
2026-06-24,2026-W26,provincial,LA ARENA,La Pampa,Patagonia,Santa Rosa,https://www.laarena.com.ar,"Iba en un auto, huyó, fue atrapado y ahora está preso"
2026-06-24,2026-W26,provincial,LA ARENA,La Pampa,Patagonia,Santa Rosa,https://www.laarena.com.ar,Leonardo Santesteban en El Aire de la Mañana del 24/06
2026-06-24,2026-W26,provincial,LA ARENA,La Pampa,Patagonia,Santa Rosa,https://www.laarena.com.ar,Un joven se ahogó con la comida y fue salvado por los trabajadores y la Policía
2026-06-24,2026-W26,provincial,LA ARENA,La Pampa,Patagonia,Santa Rosa,https://www.laarena.com.ar,El día más argento del año: el 24 de junio es el Día del Dulce de Leche
2026-06-24,2026-W26,provincial,LA ARENA,La Pampa,Patagonia,Santa Rosa,https://www.laarena.com.ar,Bombazo: se confirmó la fecha y la sede para la Copa Davis
2026-06-24,2026-W26,provincial,LA ARENA,La Pampa,Patagonia,Santa Rosa,https://www.laarena.com.ar,ANSES: anunciaron el cambio del tope de ingresos para el SUAF
2026-06-24,2026-W26,provincial,LA ARENA,La Pampa,Patagonia,Santa Rosa,https://www.laarena.com.ar,Rescataron material histórico que pertenecía al general San Martín
2026-06-24,2026-W26,provincial,LA ARENA,La Pampa,Patagonia,Santa Rosa,https://www.laarena.com.ar,Alerta por nuevos casos de Infección Respiratoria Aguda Grave
2026-06-24,2026-W26,provincial,LA ARENA,La Pampa,Patagonia,Santa Rosa,https://www.laarena.com.ar,Fenómeno nunca visto: esferas de hielo y el cielo más extraordinario
2026-06-24,2026-W26,provincial,LA ARENA,La Pampa,Patagonia,Santa Rosa,https://www.laarena.com.ar,Dos muertos tras un vuelco en la ruta 5
2026-06-24,2026-W26,provincial,LA ARENA,La Pampa,Patagonia,Santa Rosa,https://www.laarena.com.ar,Condujo más de 50 kilómetros en contramano por la ruta
2026-06-24,2026-W26,provincial,LA ARENA,La Pampa,Patagonia,Santa Rosa,https://www.laarena.com.ar,Hirió a un hombre a machetazos por una deuda
2026-06-24,2026-W26,provincial,LA ARENA,La Pampa,Patagonia,Santa Rosa,https://www.laarena.com.ar,Conmoción y dolor en 25 de Mayo
2026-06-24,2026-W26,provincial,LA ARENA,La Pampa,Patagonia,Santa Rosa,https://www.laarena.com.ar,Martín Matzkin asume hoy como diputado nacional
2026-06-24,2026-W26,provincial,LA ARENA,La Pampa,Patagonia,Santa Rosa,https://www.laarena.com.ar,Lo detuvieron por intentar entrar a la casa de su ex pareja
2026-06-24,2026-W26,provincial,LA ARENA,La Pampa,Patagonia,Santa Rosa,https://www.laarena.com.ar,Alerta amarilla por temperaturas frías extremas
2026-06-24,2026-W26,provincial,LA ARENA,La Pampa,Patagonia,Santa Rosa,https://www.laarena.com.ar,Tuvo un ataque de epilepsia y chocó
2026-06-24,2026-W26,provincial,LA ARENA,La Pampa,Patagonia,Santa Rosa,https://www.laarena.com.ar,Choque entre camioneta y auto en la avenida Perón
2026-06-24,2026-W26,provincial,LA ARENA,La Pampa,Patagonia,Santa Rosa,https://www.laarena.com.ar,Macachín: el oficialismo le pide informes al intendente
2026-06-24,2026-W26,provincial,LA ARENA,La Pampa,Patagonia,Santa Rosa,https://www.laarena.com.ar,Provincia invierte $ 4.467 millones en Santa Rosa
2026-06-24,2026-W26,provincial,LA ARENA,La Pampa,Patagonia,Santa Rosa,https://www.laarena.com.ar,Nuevos cargos para Educación Inclusiva en la provincia
2026-06-24,2026-W26,provincial,LA ARENA,La Pampa,Patagonia,Santa Rosa,https://www.laarena.com.ar,Jornadas comunitarias: “Educar es una tarea compartida”
2026-06-24,2026-W26,provincial,LA ARENA,La Pampa,Patagonia,Santa Rosa,https://www.laarena.com.ar,"“Messi, el rostro de un sueño colectivo”"
2026-06-24,2026-W26,provincial,LA ARENA,La Pampa,Patagonia,Santa Rosa,https://www.laarena.com.ar,ONG de Castex anunció sala de quimioterapia
2026-06-24,2026-W26,provincial,LA ARENA,La Pampa,Patagonia,Santa Rosa,https://www.laarena.com.ar,LLA y sus aliados blindaron a Adorni
2026-06-24,2026-W26,provincial,LA ARENA,La Pampa,Patagonia,Santa Rosa,https://www.laarena.com.ar,“Hay un presente donde falta proyecto”
2026-06-24,2026-W26,provincial,LA ARENA,La Pampa,Patagonia,Santa Rosa,https://www.laarena.com.ar,Repararon el cráter en la Ruta 5
2026-06-24,2026-W26,provincial,LA ARENA,La Pampa,Patagonia,Santa Rosa,https://www.laarena.com.ar,"Más columnas, luminarias y mejoras en líneas"
2026-06-24,2026-W26,provincial,LA ARENA,La Pampa,Patagonia,Santa Rosa,https://www.laarena.com.ar,Abren 50 cargos para Educación Inclusiva
2026-06-24,2026-W26,provincial,LA ARENA,La Pampa,Patagonia,Santa Rosa,https://www.laarena.com.ar,Perú se suma a la red de fibra óptica
2026-06-24,2026-W26,provincial,LA ARENA,La Pampa,Patagonia,Santa Rosa,https://www.laarena.com.ar,¿Un cruce muy peligroso?
2026-06-24,2026-W26,provincial,LA ARENA,La Pampa,Patagonia,Santa Rosa,https://www.laarena.com.ar,Una mujer se durmió y volcó en ruta 143
2026-06-24,2026-W26,provincial,LA ARENA,La Pampa,Patagonia,Santa Rosa,https://www.laarena.com.ar,Provincia ratificó las inversiones en Larroudé
2026-06-24,2026-W26,provincial,LA ARENA,La Pampa,Patagonia,Santa Rosa,https://www.laarena.com.ar,El dólar subió por sexta vez al hilo
2026-06-24,2026-W26,provincial,PLAN B NOTICIAS,La Pampa,Patagonia,Santa Rosa,https://www.planbnoticias.com.ar,OPINIÓN: Verna mejor que Trump
2026-06-24,2026-W26,provincial,PLAN B NOTICIAS,La Pampa,Patagonia,Santa Rosa,https://www.planbnoticias.com.ar,"“A pesar de todo, seguimos haciendo obra pública”"
2026-06-24,2026-W26,provincial,PLAN B NOTICIAS,La Pampa,Patagonia,Santa Rosa,https://www.planbnoticias.com.ar,ATE criticó a Trapaglia y destacó logros en salud: “Esa señora confeccionó los despidos en la era Macri”
2026-06-24,2026-W26,provincial,PLAN B NOTICIAS,La Pampa,Patagonia,Santa Rosa,https://www.planbnoticias.com.ar,"El consumo masivo cayó 1,6% en mayo"
2026-06-24,2026-W26,provincial,PLAN B NOTICIAS,La Pampa,Patagonia,Santa Rosa,https://www.planbnoticias.com.ar,Funes reclama más perforaciones y un nuevo Plan Director para el agua
2026-06-24,2026-W26,provincial,PLAN B NOTICIAS,La Pampa,Patagonia,Santa Rosa,https://www.planbnoticias.com.ar,Carignano: “El chorro de Adorni se robó hasta el agua de los floreros”
2026-06-24,2026-W26,provincial,PLAN B NOTICIAS,La Pampa,Patagonia,Santa Rosa,https://www.planbnoticias.com.ar,Capacitaron sobre IA con enfoque práctico y perspectiva de género
2026-06-24,2026-W26,provincial,PLAN B NOTICIAS,La Pampa,Patagonia,Santa Rosa,https://www.planbnoticias.com.ar,Diversas actividades para celebrar los 115° años de Arata
2026-06-24,2026-W26,provincial,PLAN B NOTICIAS,La Pampa,Patagonia,Santa Rosa,https://www.planbnoticias.com.ar,Caso Insaurralde: El fiscal pidió un peritaje sobre los videos de Jesica Cirio
2026-06-24,2026-W26,provincial,PLAN B NOTICIAS,La Pampa,Patagonia,Santa Rosa,https://www.planbnoticias.com.ar,Matzkin llegó a Diputados y Bullrich lo definió como un “defensor de las ideas de la libertad”
2026-06-24,2026-W26,provincial,PLAN B NOTICIAS,La Pampa,Patagonia,Santa Rosa,https://www.planbnoticias.com.ar,Finalizó la obra de recambio cloacal en la calle Juan XXIII: Beneficia a 32 familias
2026-06-24,2026-W26,provincial,PLAN B NOTICIAS,La Pampa,Patagonia,Santa Rosa,https://www.planbnoticias.com.ar,El dólar oficial sube y se mantiene cerca de los $1.500
2026-06-24,2026-W26,provincial,PLAN B NOTICIAS,La Pampa,Patagonia,Santa Rosa,https://www.planbnoticias.com.ar,Martín Matzkin ya es diputado nacional
2026-06-24,2026-W26,provincial,PLAN B NOTICIAS,La Pampa,Patagonia,Santa Rosa,https://www.planbnoticias.com.ar,Cinco años de prisión por robo calificado por el uso de arma
2026-06-24,2026-W26,provincial,PLAN B NOTICIAS,La Pampa,Patagonia,Santa Rosa,https://www.planbnoticias.com.ar,Educación + Justicia: estudiantes de La Maruja recibieron a funcionarios judiciales de General Pico
2026-06-24,2026-W26,provincial,PLAN B NOTICIAS,La Pampa,Patagonia,Santa Rosa,https://www.planbnoticias.com.ar,"24 de junio, el día más argentino: Messi, Fangio, Riquelme, Gardel, Rodrigo y una fecha cargada de historia"
2026-06-24,2026-W26,provincial,PLAN B NOTICIAS,La Pampa,Patagonia,Santa Rosa,https://www.planbnoticias.com.ar,Lionel Messi cumple 39 años en plena búsqueda de su segundo Mundial
2026-06-24,2026-W26,provincial,PLAN B NOTICIAS,La Pampa,Patagonia,Santa Rosa,https://www.planbnoticias.com.ar,Invitan a jornada técnica por la conservación del suelo en la Facultad de Agronomía UNLPam
2026-06-24,2026-W26,provincial,PLAN B NOTICIAS,La Pampa,Patagonia,Santa Rosa,https://www.planbnoticias.com.ar,Capacitan a más de 80 agentes públicos sobre la carga del Presupuesto Provincial 2027
2026-06-24,2026-W26,provincial,PLAN B NOTICIAS,La Pampa,Patagonia,Santa Rosa,https://www.planbnoticias.com.ar,Milei elogió a Ravier: “La experiencia de Adrián como divulgador económico es fundamental”
2026-06-24,2026-W26,provincial,PLAN B NOTICIAS,La Pampa,Patagonia,Santa Rosa,https://www.planbnoticias.com.ar,Tierno destacó la designación de Ravier como vocero presidencial
2026-06-24,2026-W26,provincial,PLAN B NOTICIAS,La Pampa,Patagonia,Santa Rosa,https://www.planbnoticias.com.ar,Martín Matzkin asume en lugar de Ravier
2026-06-24,2026-W26,provincial,PLAN B NOTICIAS,La Pampa,Patagonia,Santa Rosa,https://www.planbnoticias.com.ar,Falta y Resto regresa a Santa Rosa con un espectáculo único
2026-06-24,2026-W26,provincial,PLAN B NOTICIAS,La Pampa,Patagonia,Santa Rosa,https://www.planbnoticias.com.ar,Bullrich canceló el informe de Adorni en el Senado para evitar que se convierta en una interpelación
2026-06-24,2026-W26,provincial,PLAN B NOTICIAS,La Pampa,Patagonia,Santa Rosa,https://www.planbnoticias.com.ar,Colombia le ganó a Congo por 1-0 y lidera el grupo K del Mundial 2026
2026-06-24,2026-W26,provincial,PLAN B NOTICIAS,La Pampa,Patagonia,Santa Rosa,https://www.planbnoticias.com.ar,"“Con el mismo presupuesto, un legislativo de Chubut cobra un 40% más que en La Pampa”"
2026-06-24,2026-W26,provincial,PLAN B NOTICIAS,La Pampa,Patagonia,Santa Rosa,https://www.planbnoticias.com.ar,Verna mejor que Trump
2026-06-24,2026-W26,provincial,PLAN B NOTICIAS,La Pampa,Patagonia,Santa Rosa,https://www.planbnoticias.com.ar,Conductor se descompensó y provocó un choque en Avenida Perón
2026-06-24,2026-W26,provincial,PLAN B NOTICIAS,La Pampa,Patagonia,Santa Rosa,https://www.planbnoticias.com.ar,Di Nápoli supervisó el final de una obra para varios barrios de la ciudad
2026-06-24,2026-W26,provincial,PLAN B NOTICIAS,La Pampa,Patagonia,Santa Rosa,https://www.planbnoticias.com.ar,Inglaterra y Ghana empataron y dejaron abierta la definición del Grupo L
2026-06-24,2026-W26,provincial,PLAN B NOTICIAS,La Pampa,Patagonia,Santa Rosa,https://www.planbnoticias.com.ar,Ferrán apuntó contra aliados del Gobierno por frenar la interpelación a Adorni
2026-06-24,2026-W26,provincial,PLAN B NOTICIAS,La Pampa,Patagonia,Santa Rosa,https://www.planbnoticias.com.ar,El gobierno de Ziliotto refuerza la inversión en infraestructura y ejecutará una obra histórica en Villa Alonso
2026-06-24,2026-W26,provincial,PLAN B NOTICIAS,La Pampa,Patagonia,Santa Rosa,https://www.planbnoticias.com.ar,"Según el INDEC, los salarios subieron 3,5% en abril y le ganaron a la inflación"
2026-06-24,2026-W26,provincial,PLAN B NOTICIAS,La Pampa,Patagonia,Santa Rosa,https://www.planbnoticias.com.ar,La Defensora de Niñez expuso sobre las acciones y desafíos del organismo
2026-06-24,2026-W26,provincial,PLAN B NOTICIAS,La Pampa,Patagonia,Santa Rosa,https://www.planbnoticias.com.ar,Lanzan un taller para conocer la oferta turística de Santa Rosa
2026-06-24,2026-W26,provincial,PLAN B NOTICIAS,La Pampa,Patagonia,Santa Rosa,https://www.planbnoticias.com.ar,Prendió fuego la casa de su ex: Seis meses de prisión preventiva
2026-06-24,2026-W26,provincial,PLAN B NOTICIAS,La Pampa,Patagonia,Santa Rosa,https://www.planbnoticias.com.ar,Ganó Portugal y Cristiano Ronaldo superó tres récords en Mundiales
2026-06-24,2026-W26,provincial,PLAN B NOTICIAS,La Pampa,Patagonia,Santa Rosa,https://www.planbnoticias.com.ar,El Gobierno discontinuará convenio con la Fundación Cosecha Completa: Inconsistencia financiera
2026-06-24,2026-W26,provincial,PLAN B NOTICIAS,La Pampa,Patagonia,Santa Rosa,https://www.planbnoticias.com.ar,UNLPam: Arrancaron las inscripciones para personas mayores de 25 años sin título secundario
2026-06-24,2026-W26,provincial,PLAN B NOTICIAS,La Pampa,Patagonia,Santa Rosa,https://www.planbnoticias.com.ar,El oficialismo logró frenar la sesión para interpelar a Adorni
2026-06-24,2026-W26,provincial,PLAN B NOTICIAS,La Pampa,Patagonia,Santa Rosa,https://www.planbnoticias.com.ar,“La Pampa cubre el cien por cien de la demanda en salas de tres años”
2026-06-24,2026-W26,provincial,PLAN B NOTICIAS,La Pampa,Patagonia,Santa Rosa,https://www.planbnoticias.com.ar,Buscan a un cachorro Ovejero Alemán
2026-06-24,2026-W26,provincial,PLAN B NOTICIAS,La Pampa,Patagonia,Santa Rosa,https://www.planbnoticias.com.ar,"Buscan recaudar dinero para la cirugía de “Negrita”, una perrita rescatada"
2026-06-24,2026-W26,provincial,PLAN B NOTICIAS,La Pampa,Patagonia,Santa Rosa,https://www.planbnoticias.com.ar,LIBERTAD DE EXPRESION Sale o Sale Webe@ando
2026-06-24,2026-W26,provincial,CUTRAL CO AL INSTANTE,Neuquén,Patagonia,Cutral Có,https://www.cutralcoalinstante.com,Últimas noticias
2026-06-24,2026-W26,provincial,CUTRAL CO AL INSTANTE,Neuquén,Patagonia,Cutral Có,https://www.cutralcoalinstante.com,Noticias Locales
2026-06-24,2026-W26,provincial,CUTRAL CO AL INSTANTE,Neuquén,Patagonia,Cutral Có,https://www.cutralcoalinstante.com,Feliz Cumpleaños Leo Messi
2026-06-24,2026-W26,provincial,CUTRAL CO AL INSTANTE,Neuquén,Patagonia,Cutral Có,https://www.cutralcoalinstante.com,ESTHER SANHUEZA
2026-06-24,2026-W26,provincial,CUTRAL CO AL INSTANTE,Neuquén,Patagonia,Cutral Có,https://www.cutralcoalinstante.com,Abrieron las inscripciones para terminar la escuela primaria en la EPJA N°12
2026-06-24,2026-W26,provincial,CUTRAL CO AL INSTANTE,Neuquén,Patagonia,Cutral Có,https://www.cutralcoalinstante.com,Añelo: un trabajador petrolero sufrió un ACV y fue evacuado en helicóptero
2026-06-24,2026-W26,provincial,CUTRAL CO AL INSTANTE,Neuquén,Patagonia,Cutral Có,https://www.cutralcoalinstante.com,Pérfora ya tiene rival en la Liga Federal de Básquet
2026-06-24,2026-W26,provincial,CUTRAL CO AL INSTANTE,Neuquén,Patagonia,Cutral Có,https://www.cutralcoalinstante.com,Auca Mahuida: dispusieron el monitoreo del volcán neuquino
2026-06-24,2026-W26,provincial,CUTRAL CO AL INSTANTE,Neuquén,Patagonia,Cutral Có,https://www.cutralcoalinstante.com,Reinauguración de la sede central de la Liga de Fútbol del Neuquén
2026-06-24,2026-W26,provincial,CUTRAL CO AL INSTANTE,Neuquén,Patagonia,Cutral Có,https://www.cutralcoalinstante.com,Plaza Huincul mantiene su agenda deportiva para el fin de semana
2026-06-24,2026-W26,provincial,CUTRAL CO AL INSTANTE,Neuquén,Patagonia,Cutral Có,https://www.cutralcoalinstante.com,MÉNDEZ ROBERTO FAUSTINO
2026-06-24,2026-W26,provincial,CUTRAL CO AL INSTANTE,Neuquén,Patagonia,Cutral Có,https://www.cutralcoalinstante.com,RICARDO RIOSECO
2026-06-24,2026-W26,provincial,CUTRAL CO AL INSTANTE,Neuquén,Patagonia,Cutral Có,https://www.cutralcoalinstante.com,Familiares agradecen la atención en el hospital de Cutral Co y Plaza Huincul
2026-06-24,2026-W26,provincial,CUTRAL CO AL INSTANTE,Neuquén,Patagonia,Cutral Có,https://www.cutralcoalinstante.com,Piden cadena de oración para Elías Muñoz
2026-06-24,2026-W26,provincial,CUTRAL CO AL INSTANTE,Neuquén,Patagonia,Cutral Có,https://www.cutralcoalinstante.com,Reinauguraron el salón de usos múltiples para trabajadores del EPAS en Neuquén
2026-06-24,2026-W26,provincial,CUTRAL CO AL INSTANTE,Neuquén,Patagonia,Cutral Có,https://www.cutralcoalinstante.com,Cutral Co: Parque Este realiza una entrega de árboles para vecinos
2026-06-24,2026-W26,provincial,CUTRAL CO AL INSTANTE,Neuquén,Patagonia,Cutral Có,https://www.cutralcoalinstante.com,Dictarán la carrera de Acompañamiento Terapéutico en Plaza Huincul
2026-06-24,2026-W26,provincial,CUTRAL CO AL INSTANTE,Neuquén,Patagonia,Cutral Có,https://www.cutralcoalinstante.com,Seguinos en Facebook
2026-06-24,2026-W26,provincial,CUTRAL CO AL INSTANTE,Neuquén,Patagonia,Cutral Có,https://www.cutralcoalinstante.com,Seguinos en Youtube
2026-06-24,2026-W26,provincial,CUTRAL CO AL INSTANTE,Neuquén,Patagonia,Cutral Có,https://www.cutralcoalinstante.com,"Abrieron las inscripciones para terminar la escuela primaria en la EPJA N°12 24 junio, 2026 No hay comentarios Para terminar la escuela primaria en la EPJA N°12 Leer más"
2026-06-24,2026-W26,provincial,CUTRAL CO AL INSTANTE,Neuquén,Patagonia,Cutral Có,https://www.cutralcoalinstante.com,"Noticias locales Abrieron las inscripciones para terminar la escuela primaria en la EPJA N°12 Para terminar la escuela primaria en la EPJA N°12 leer más» 24 junio, 2026 No hay comentarios"
2026-06-24,2026-W26,provincial,CUTRAL CO AL INSTANTE,Neuquén,Patagonia,Cutral Có,https://www.cutralcoalinstante.com,"Noticias locales Cutral Co: Parque Este realiza una entrega de árboles para vecinos Durante la tarde de este miércoles leer más» 24 junio, 2026 No hay comentarios"
2026-06-24,2026-W26,provincial,CUTRAL CO AL INSTANTE,Neuquén,Patagonia,Cutral Có,https://www.cutralcoalinstante.com,"Noticias locales Dictarán la carrera de Acompañamiento Terapéutico en Plaza Huincul Se firmó un acuerdo entre la UTN – FRN y el municipio. leer más» 24 junio, 2026 No hay comentarios"
2026-06-24,2026-W26,provincial,LM NEUQUÉN,Neuquén,Patagonia,Neuquén,https://www.lmneuquen.com,Vaca Muerta: YPF consiguió el respaldo privado del BID por 500 millones de dólares
2026-06-24,2026-W26,provincial,LM NEUQUÉN,Neuquén,Patagonia,Neuquén,https://www.lmneuquen.com,Figueroa destacó la mejora de la calificación internacional de la deuda neuquina
2026-06-24,2026-W26,provincial,LM NEUQUÉN,Neuquén,Patagonia,Neuquén,https://www.lmneuquen.com,La Copa Davis llega por primera vez a Neuquén: qué dijeron Rolando Figueroa y Mariano Gaido
2026-06-24,2026-W26,provincial,LM NEUQUÉN,Neuquén,Patagonia,Neuquén,https://www.lmneuquen.com,Fue acusada la mujer que mató a su pareja de un golpe con un destornillador: cómo fueron las horas previas de violencia
2026-06-24,2026-W26,provincial,LM NEUQUÉN,Neuquén,Patagonia,Neuquén,https://www.lmneuquen.com,Mundial 2026 EN VIVO | Suiza dio el golpe ante Canadá y se quedó con grupo B
2026-06-24,2026-W26,provincial,LM NEUQUÉN,Neuquén,Patagonia,Neuquén,https://www.lmneuquen.com,Una concejal de Neuquén propone medidas urgentes tras los reiterados vuelcos en Alta Barda
2026-06-24,2026-W26,provincial,LM NEUQUÉN,Neuquén,Patagonia,Neuquén,https://www.lmneuquen.com,Viajar en avión será más caro: de cuánto será el aumento de la tasa aeroportuaria
2026-06-24,2026-W26,provincial,LM NEUQUÉN,Neuquén,Patagonia,Neuquén,https://www.lmneuquen.com,Brutal femicidio: asesinaron a una mujer de 48 años y detuvieron a su excuñado
2026-06-24,2026-W26,provincial,LM NEUQUÉN,Neuquén,Patagonia,Neuquén,https://www.lmneuquen.com,Se despertó el dólar en junio y supera los $1.500: ¿Seguirá subiendo?
2026-06-24,2026-W26,provincial,LM NEUQUÉN,Neuquén,Patagonia,Neuquén,https://www.lmneuquen.com,ARCA advirtió sobre una nueva estafa vinculada a encomiendas: cómo funciona la maniobra
2026-06-24,2026-W26,provincial,LM NEUQUÉN,Neuquén,Patagonia,Neuquén,https://www.lmneuquen.com,"Dictan 20 años de prisión al hombre que apuñaló y mató a otro en el corazón, jugando al truco entre amigos"
2026-06-24,2026-W26,provincial,LM NEUQUÉN,Neuquén,Patagonia,Neuquén,https://www.lmneuquen.com,La nena de 9 años que armó la Copa del Mundo para un merendero
2026-06-24,2026-W26,provincial,LM NEUQUÉN,Neuquén,Patagonia,Neuquén,https://www.lmneuquen.com,La modificación que analiza la FIFA para los penales del Mundial 2026
2026-06-24,2026-W26,provincial,LM NEUQUÉN,Neuquén,Patagonia,Neuquén,https://www.lmneuquen.com,"CALF le cortó la luz al Ejército por una deuda descomunal y una insólita respuesta: ""Solo efectivo"""
2026-06-24,2026-W26,provincial,LM NEUQUÉN,Neuquén,Patagonia,Neuquén,https://www.lmneuquen.com,Cinco pisos repletos de basura: qué encontraron en el impactante operativo del aguantadero
2026-06-24,2026-W26,provincial,LM NEUQUÉN,Neuquén,Patagonia,Neuquén,https://www.lmneuquen.com,Extraterrestres y un desenlace terrible: la extraña teoría de una vidente que preocupa para el Brasil-Escocia
2026-06-24,2026-W26,provincial,LM NEUQUÉN,Neuquén,Patagonia,Neuquén,https://www.lmneuquen.com,Un hincha argentino fue detenido en Dallas: el inapropiado pedido que hizo
2026-06-24,2026-W26,provincial,LM NEUQUÉN,Neuquén,Patagonia,Neuquén,https://www.lmneuquen.com,Así son las monedas oficiales del Mundial 2026 que ya se pueden comprar: cuánto salen
2026-06-24,2026-W26,provincial,LM NEUQUÉN,Neuquén,Patagonia,Neuquén,https://www.lmneuquen.com,"En el cumpleaños de Messi, su madre, Celia, contó como evoluciona la salud de su padre, Jorge"
2026-06-24,2026-W26,provincial,LM NEUQUÉN,Neuquén,Patagonia,Neuquén,https://www.lmneuquen.com,"El fósil perfecto de una planta de hace 150 millones de años, un gran hallazgo de la ciencia argentina"
2026-06-24,2026-W26,provincial,LM NEUQUÉN,Neuquén,Patagonia,Neuquén,https://www.lmneuquen.com,¿Ya probaste los tallarines de Doña Petrona? Una receta con apenas 4 ingredientes
2026-06-24,2026-W26,provincial,LM NEUQUÉN,Neuquén,Patagonia,Neuquén,https://www.lmneuquen.com,"24 de junio, el día más argentino del año: las numerosas coincidencias que lo hacen especial"
2026-06-24,2026-W26,provincial,LM NEUQUÉN,Neuquén,Patagonia,Neuquén,https://www.lmneuquen.com,"Explotan las ventas para alentar a la Selección: precios de camisetas, gorros y banderas"
2026-06-24,2026-W26,provincial,LM NEUQUÉN,Neuquén,Patagonia,Neuquén,https://www.lmneuquen.com,Argentina jugando la Copa Davis en el interior del país: una historia de alegrías y tristezas
2026-06-24,2026-W26,provincial,LM NEUQUÉN,Neuquén,Patagonia,Neuquén,https://www.lmneuquen.com,"Quedó inaugurado el Puente Anaya, clave en la conexión de los barrios del sur de Neuquén"
2026-06-24,2026-W26,provincial,LM NEUQUÉN,Neuquén,Patagonia,Neuquén,https://www.lmneuquen.com,"Conducía sin licencia, atropelló a una pareja en moto y huyó mientras se prendían fuego: fue condenada"
2026-06-24,2026-W26,provincial,LM NEUQUÉN,Neuquén,Patagonia,Neuquén,https://www.lmneuquen.com,"Quién es Ekaterina Ojeda, la joven a la que la China Suárez agarró de los pelos"
2026-06-24,2026-W26,provincial,LM NEUQUÉN,Neuquén,Patagonia,Neuquén,https://www.lmneuquen.com,Le puede pasar a cualquiera: policías chocaron con guanacos en la ruta y quedaron a pie
2026-06-24,2026-W26,provincial,LM NEUQUÉN,Neuquén,Patagonia,Neuquén,https://www.lmneuquen.com,"Se conoció quién era el nene que murió en una ""encerrona"" y qué hicieron los delincuentes minutos antes"
2026-06-24,2026-W26,provincial,LM NEUQUÉN,Neuquén,Patagonia,Neuquén,https://www.lmneuquen.com,"Llevaba un día caminando sin agua junto a sus caballos y los salvó ""un milagro"" de la Difunta Correa"
2026-06-24,2026-W26,provincial,LM NEUQUÉN,Neuquén,Patagonia,Neuquén,https://www.lmneuquen.com,Dolor en el mundo del deporte: quién era la víctima del accidente de la Ruta 22
2026-06-24,2026-W26,provincial,LM NEUQUÉN,Neuquén,Patagonia,Neuquén,https://www.lmneuquen.com,Brutal: iban caminando tras salir del boliche y les partieron la cabeza con bloques de cemento para robarles
2026-06-24,2026-W26,provincial,LM NEUQUÉN,Neuquén,Patagonia,Neuquén,https://www.lmneuquen.com,Chicos de una escuela rural ven el Mundial 2026 en un TV de 14 pulgadas: las imágenes que se viralizaron
2026-06-24,2026-W26,provincial,LM NEUQUÉN,Neuquén,Patagonia,Neuquén,https://www.lmneuquen.com,"El tierno saludo de Antonela a Messi por su cumple y la respuesta del ""10"""
2026-06-24,2026-W26,provincial,LM NEUQUÉN,Neuquén,Patagonia,Neuquén,https://www.lmneuquen.com,Quién es la única sobreviviente del accidente de La Pampa donde murieron cuatro hermanas
2026-06-24,2026-W26,provincial,LM NEUQUÉN,Neuquén,Patagonia,Neuquén,https://www.lmneuquen.com,Profundo dolor en Neuquén por la muerte de una joven y querida profesora de baile
2026-06-24,2026-W26,provincial,LM NEUQUÉN,Neuquén,Patagonia,Neuquén,https://www.lmneuquen.com,"Más presos en comisarías, colchones en el piso y sin ver la luz: ¿Qué pasó en las cárceles de Neuquén en 2025?"
2026-06-24,2026-W26,provincial,LM NEUQUÉN,Neuquén,Patagonia,Neuquén,https://www.lmneuquen.com,COPA DEL MUNDO 2026
2026-06-24,2026-W26,provincial,LM NEUQUÉN,Neuquén,Patagonia,Neuquén,https://www.lmneuquen.com,Juicio por la desaparición de Loan Peña: Laudelina se negó a declarar y citaron a Elisa Carrió
2026-06-24,2026-W26,provincial,LM NEUQUÉN,Neuquén,Patagonia,Neuquén,https://www.lmneuquen.com,Sesión de Diputados en VIVO: se aprobó el pago a los fondos buitre y se debate el Super RIGI
2026-06-24,2026-W26,provincial,LM NEUQUÉN,Neuquén,Patagonia,Neuquén,https://www.lmneuquen.com,Encontraron muerta a una niñera de 19 años: cómo fueron los últimos momentos antes de desaparecer
2026-06-24,2026-W26,provincial,LM NEUQUÉN,Neuquén,Patagonia,Neuquén,https://www.lmneuquen.com,Un hombre manejaba su BMW a 264 km/h y quedó filmado: la polémica decisión de la Justicia
2026-06-24,2026-W26,provincial,LM NEUQUÉN,Neuquén,Patagonia,Neuquén,https://www.lmneuquen.com,YPF construirá un nuevo gasoducto que unirá áreas clave de Vaca Muerta
2026-06-24,2026-W26,provincial,LM NEUQUÉN,Neuquén,Patagonia,Neuquén,https://www.lmneuquen.com,¿Por qué la Patagonia lidera el negocio de la IA en Latinoamérica?
2026-06-24,2026-W26,provincial,LM NEUQUÉN,Neuquén,Patagonia,Neuquén,https://www.lmneuquen.com,Tecpetrol rompió un récord de profundidad en Vaca Muerta con un pozo de 6.579 metros
2026-06-24,2026-W26,provincial,LM NEUQUÉN,Neuquén,Patagonia,Neuquén,https://www.lmneuquen.com,"En tres años, el Gasoducto Perito Moreno generó un ahorro de U$S 9.122 millones"
2026-06-24,2026-W26,provincial,LM NEUQUÉN,Neuquén,Patagonia,Neuquén,https://www.lmneuquen.com,¿Cómo se convirtió Río Negro en el principal polo de avellanas de Argentina?
2026-06-24,2026-W26,provincial,LM NEUQUÉN,Neuquén,Patagonia,Neuquén,https://www.lmneuquen.com,Salen vacas y terneros más livianos porque los campos no se recuperan de la sequía
2026-06-24,2026-W26,provincial,LM NEUQUÉN,Neuquén,Patagonia,Neuquén,https://www.lmneuquen.com,Molinos Río de la Plata amplía su presencia en el negocio del vino con la compra de Bodegas Etchart
2026-06-24,2026-W26,provincial,LM NEUQUÉN,Neuquén,Patagonia,Neuquén,https://www.lmneuquen.com,Hito en el campo argentino: los bovinos llegan al mayor peso de faena desde 1990
2026-06-24,2026-W26,provincial,LIMAY NOTICIAS,Neuquén,Patagonia,Plottier,https://www.limaynoticias.com.ar,Últimas noticias
2026-06-24,2026-W26,provincial,LIMAY NOTICIAS,Neuquén,Patagonia,Plottier,https://www.limaynoticias.com.ar,Plottier invita a disfrutar una nueva edición de los Acústicos de Invierno
2026-06-24,2026-W26,provincial,LIMAY NOTICIAS,Neuquén,Patagonia,Plottier,https://www.limaynoticias.com.ar,Garrafas sociales: difunden cronograma de distribución en distintos sectores de Plottier
2026-06-24,2026-W26,provincial,LIMAY NOTICIAS,Neuquén,Patagonia,Plottier,https://www.limaynoticias.com.ar,Plottier celebró el Día de la Bandera con actos en la Plaza San Martín y el barrio El Chacay
2026-06-24,2026-W26,provincial,LIMAY NOTICIAS,Neuquén,Patagonia,Plottier,https://www.limaynoticias.com.ar,Nueva edición de Vaca Muerta News Radio
2026-06-24,2026-W26,provincial,LIMAY NOTICIAS,Neuquén,Patagonia,Plottier,https://www.limaynoticias.com.ar,Plottier conmemora el Día de la Bandera con actos protocolares y una gran jornada comunitaria en los barrios
2026-06-24,2026-W26,provincial,LIMAY NOTICIAS,Neuquén,Patagonia,Plottier,https://www.limaynoticias.com.ar,"Alerta meteorológica por un frente frío con lluvias, posibles nevadas y fuertes vientos"
2026-06-24,2026-W26,provincial,LIMAY NOTICIAS,Neuquén,Patagonia,Plottier,https://www.limaynoticias.com.ar,Loteos en Plottier: lo que tenés que saber antes de adquirir un lote
2026-06-24,2026-W26,provincial,LIMAY NOTICIAS,Neuquén,Patagonia,Plottier,https://www.limaynoticias.com.ar,Mundial 2026: Exitosa jornada organizada por el EDEP y habrá nueva edición el sábado 20
2026-06-24,2026-W26,provincial,LIMAY NOTICIAS,Neuquén,Patagonia,Plottier,https://www.limaynoticias.com.ar,Con ayuda de perros secuestraron droga en la ciudad
2026-06-24,2026-W26,provincial,LIMAY NOTICIAS,Neuquén,Patagonia,Plottier,https://www.limaynoticias.com.ar,Escuchá una nueva edición de Vaca Muerta News Radio
2026-06-24,2026-W26,provincial,LIMAY NOTICIAS,Neuquén,Patagonia,Plottier,https://www.limaynoticias.com.ar,Los hospitales Heller y Plottier habilitan consultorios externos con turnos por Andes
2026-06-24,2026-W26,provincial,LIMAY NOTICIAS,Neuquén,Patagonia,Plottier,https://www.limaynoticias.com.ar,"La inflación en Neuquén fue del 2,3% en mayo y acumuló 14,8% en los primeros cinco meses del año"
2026-06-24,2026-W26,provincial,LIMAY NOTICIAS,Neuquén,Patagonia,Plottier,https://www.limaynoticias.com.ar,RTN transmitirá los partidos de la Selección Argentina en la fase de grupos
2026-06-24,2026-W26,provincial,LIMAY NOTICIAS,Neuquén,Patagonia,Plottier,https://www.limaynoticias.com.ar,Plottier fortalece la formación laboral con la firma de un nuevo convenio del programa provincial “Kimün”
2026-06-24,2026-W26,provincial,LIMAY NOTICIAS,Neuquén,Patagonia,Plottier,https://www.limaynoticias.com.ar,Plottier cuenta con más de 25 ecopuntos y un mapa interactivo para facilitar el reciclaje
2026-06-24,2026-W26,provincial,LIMAY NOTICIAS,Neuquén,Patagonia,Plottier,https://www.limaynoticias.com.ar,Plottier: la obra de ampliación de la EPET 9 ya supera el 55 por ciento de avance
2026-06-24,2026-W26,provincial,LIMAY NOTICIAS,Neuquén,Patagonia,Plottier,https://www.limaynoticias.com.ar,Llega el primer programa de junio de Vaca Muerta News Radio
2026-06-24,2026-W26,provincial,LIMAY NOTICIAS,Neuquén,Patagonia,Plottier,https://www.limaynoticias.com.ar,"El Registro Civil estará en distintos sectores de Neuquén capital, Plottier y Rincón de los Sauces"
2026-06-24,2026-W26,provincial,LIMAY NOTICIAS,Neuquén,Patagonia,Plottier,https://www.limaynoticias.com.ar,Cruces entre la municipalidad y ATE ante los reclamos por mejoras salariales
2026-06-24,2026-W26,provincial,LIMAY NOTICIAS,Neuquén,Patagonia,Plottier,https://www.limaynoticias.com.ar,Sindicatos protestaron frente al municipio por reclamos salariales e indumentaria
2026-06-24,2026-W26,provincial,LIMAY NOTICIAS,Neuquén,Patagonia,Plottier,https://www.limaynoticias.com.ar,El Gobierno habilitó a talleres mecánicos particulares para realizar la RTO
2026-06-24,2026-W26,provincial,LIMAY NOTICIAS,Neuquén,Patagonia,Plottier,https://www.limaynoticias.com.ar,Asaltaron a la jefa comunal Malena Resa
2026-06-24,2026-W26,provincial,LIMAY NOTICIAS,Neuquén,Patagonia,Plottier,https://www.limaynoticias.com.ar,Abren las inscripciones a las Becas Gregorio Álvarez para la terminalidad secundaria
2026-06-24,2026-W26,provincial,LIMAY NOTICIAS,Neuquén,Patagonia,Plottier,https://www.limaynoticias.com.ar,Este domingo corte de energía en Plottier
2026-06-24,2026-W26,provincial,LIMAY NOTICIAS,Neuquén,Patagonia,Plottier,https://www.limaynoticias.com.ar,Provincia construirá un nuevo SUM para la EPET Nº19 de Plottier | Neuquen Informa
2026-06-24,2026-W26,provincial,LIMAY NOTICIAS,Neuquén,Patagonia,Plottier,https://www.limaynoticias.com.ar,El barrio 120 Viviendas celebró su 24° aniversario
2026-06-24,2026-W26,provincial,LIMAY NOTICIAS,Neuquén,Patagonia,Plottier,https://www.limaynoticias.com.ar,Lanzan capacitaciones gratuitas para potenciar habilidades digitales
2026-06-24,2026-W26,provincial,LIMAY NOTICIAS,Neuquén,Patagonia,Plottier,https://www.limaynoticias.com.ar,La Municipalidad lanzó un nuevo plan de regularización fiscal con quitas de hasta el 80%
2026-06-24,2026-W26,provincial,LIMAY NOTICIAS,Neuquén,Patagonia,Plottier,https://www.limaynoticias.com.ar,¿Cuándo juega Argentina en el Mundial 2026 y cuáles podrían ser sus próximas fechas?
2026-06-24,2026-W26,provincial,LIMAY NOTICIAS,Neuquén,Patagonia,Plottier,https://www.limaynoticias.com.ar,La Municipalidad de Plottier abrió una convocatoria para cubrir cargos en Obras Públicas y Hábitat
2026-06-24,2026-W26,provincial,LIMAY NOTICIAS,Neuquén,Patagonia,Plottier,https://www.limaynoticias.com.ar,"La pobreza trepó al 44,7% en el país y ya afecta a 17,5 millones de personas"
2026-06-24,2026-W26,provincial,LIMAY NOTICIAS,Neuquén,Patagonia,Plottier,https://www.limaynoticias.com.ar,Aprueban el proyecto de tolerancia cero para el consumo de alcohol a conductores de vehículos
2026-06-24,2026-W26,provincial,LIMAY NOTICIAS,Neuquén,Patagonia,Plottier,https://www.limaynoticias.com.ar,"El 61,7% de la población ocupada registró un ingreso promedio de $83.755"
2026-06-24,2026-W26,provincial,LIMAY NOTICIAS,Neuquén,Patagonia,Plottier,https://www.limaynoticias.com.ar,"Según informe de CAME, la producción de pymes industriales creció en septiembre 1,3% interanual"
2026-06-24,2026-W26,provincial,LIMAY NOTICIAS,Neuquén,Patagonia,Plottier,https://www.limaynoticias.com.ar,"Murió Carlitos Balá, el ícono del humor argentino que con sus chistes y su ingenio marcó a generaciones"
2026-06-24,2026-W26,provincial,LIMAY NOTICIAS,Neuquén,Patagonia,Plottier,https://www.limaynoticias.com.ar,Secuestraron más de dos kilos de cocaína en la capital neuquina
2026-06-24,2026-W26,provincial,LIMAY NOTICIAS,Neuquén,Patagonia,Plottier,https://www.limaynoticias.com.ar,Un hombre murió tras un enfrentamiento con armas blancas en el barrio Antena de Zapala
2026-06-24,2026-W26,provincial,LIMAY NOTICIAS,Neuquén,Patagonia,Plottier,https://www.limaynoticias.com.ar,"San Martín de los Andes: secuestraron 9,7 kilos de drogas"
2026-06-24,2026-W26,provincial,LIMAY NOTICIAS,Neuquén,Patagonia,Plottier,https://www.limaynoticias.com.ar,Hallaron a una mujer que se encontraba perdida desde el jueves
2026-06-24,2026-W26,provincial,LIMAY NOTICIAS,Neuquén,Patagonia,Plottier,https://www.limaynoticias.com.ar,La Península Hiroki tiene un nuevo destacamento policial
2026-06-24,2026-W26,provincial,LIMAY NOTICIAS,Neuquén,Patagonia,Plottier,https://www.limaynoticias.com.ar,"La lista para el Mundial 2026: Messi, la base de Qatar y nuevas promesas"
2026-06-24,2026-W26,provincial,LIMAY NOTICIAS,Neuquén,Patagonia,Plottier,https://www.limaynoticias.com.ar,Gran convocatoria en el Duatlón por Malvinas
2026-06-24,2026-W26,provincial,LIMAY NOTICIAS,Neuquén,Patagonia,Plottier,https://www.limaynoticias.com.ar,Deportivo Rincón perdió 3 a 1 con Atenas en Córdoba
2026-06-24,2026-W26,provincial,LIMAY NOTICIAS,Neuquén,Patagonia,Plottier,https://www.limaynoticias.com.ar,Neuquén sumó 7 medallas de oro en los Juegos Patagónicos Unificados
2026-06-24,2026-W26,provincial,LIMAY NOTICIAS,Neuquén,Patagonia,Plottier,https://www.limaynoticias.com.ar,Deportivo Rincón le ganó a Sport Club Pacífico en Mendoza
2026-06-24,2026-W26,provincial,LIMAY NOTICIAS,Neuquén,Patagonia,Plottier,https://www.limaynoticias.com.ar,Plottier lanza descuentos por pago anticipado de tasas municipales para 2026
2026-06-24,2026-W26,provincial,LIMAY NOTICIAS,Neuquén,Patagonia,Plottier,https://www.limaynoticias.com.ar,Plottier abre la convocatoria para los “Domingos Culturales 2026”
2026-06-24,2026-W26,provincial,LIMAY NOTICIAS,Neuquén,Patagonia,Plottier,https://www.limaynoticias.com.ar,Se lanza la 50° Regata Internacional de Río Negro
2026-06-24,2026-W26,provincial,LIMAY NOTICIAS,Neuquén,Patagonia,Plottier,https://www.limaynoticias.com.ar,Verano 2026: la Piscicultura de Plottier abre sus puertas y te invita a conectar con el agua
2026-06-24,2026-W26,provincial,EL CORDILLERANO,Río Negro,Patagonia,Bariloche / Rio negro,https://www.elcordillerano.com.ar,"""Mucha delincuencia"": cierran el anfiteatro durante la noche y avanzan con un plan para recuperar el espacio"
2026-06-24,2026-W26,provincial,EL CORDILLERANO,Río Negro,Patagonia,Bariloche / Rio negro,https://www.elcordillerano.com.ar,Robo en Bariloche: se llevaron la balanza pediátrica de un centro de salud
2026-06-24,2026-W26,provincial,EL CORDILLERANO,Río Negro,Patagonia,Bariloche / Rio negro,https://www.elcordillerano.com.ar,En Emaús solicitan ayuda para abrir un espacio destinado exclusivamente a adultos mayores
2026-06-24,2026-W26,provincial,EL CORDILLERANO,Río Negro,Patagonia,Bariloche / Rio negro,https://www.elcordillerano.com.ar,Facundo López por falso allanamiento: “Estoy impactado por ver hasta dónde han llegado”
2026-06-24,2026-W26,provincial,EL CORDILLERANO,Río Negro,Patagonia,Bariloche / Rio negro,https://www.elcordillerano.com.ar,Vandalizaron la Guardia Central del Hospital Zonal Bariloche
2026-06-24,2026-W26,provincial,EL CORDILLERANO,Río Negro,Patagonia,Bariloche / Rio negro,https://www.elcordillerano.com.ar,Motociclista sufrió una fractura tras caer de su vehículo en la zona de Ñireco
2026-06-24,2026-W26,provincial,EL CORDILLERANO,Río Negro,Patagonia,Bariloche / Rio negro,https://www.elcordillerano.com.ar,Notebooks y educación de calidad para estudiantes de ESRN Rural Virtual
2026-06-24,2026-W26,provincial,EL CORDILLERANO,Río Negro,Patagonia,Bariloche / Rio negro,https://www.elcordillerano.com.ar,El Gobierno denunció filtración de información de sus sistemas informáticos
2026-06-24,2026-W26,provincial,EL CORDILLERANO,Río Negro,Patagonia,Bariloche / Rio negro,https://www.elcordillerano.com.ar,Copa Bariloche: ya están los cruces de cuartos de final
2026-06-24,2026-W26,provincial,EL CORDILLERANO,Río Negro,Patagonia,Bariloche / Rio negro,https://www.elcordillerano.com.ar,Alerta amarilla por nevadas para hoy y mañana
2026-06-24,2026-W26,provincial,EL CORDILLERANO,Río Negro,Patagonia,Bariloche / Rio negro,https://www.elcordillerano.com.ar,Apareció sano y salvo el hombre que era buscado en Bariloche
2026-06-24,2026-W26,provincial,EL CORDILLERANO,Río Negro,Patagonia,Bariloche / Rio negro,https://www.elcordillerano.com.ar,La modelo que tuvo un cruce con la China Suárez reveló qué hizo Mauro Icardi: “No lo dejé que me…”
2026-06-24,2026-W26,provincial,EL CORDILLERANO,Río Negro,Patagonia,Bariloche / Rio negro,https://www.elcordillerano.com.ar,"""No fue un error ni una confusión"": Juntos Somos Río Negro denunció una operación tras las versiones sobre un allanamiento a Weretilneck"
2026-06-24,2026-W26,provincial,EL CORDILLERANO,Río Negro,Patagonia,Bariloche / Rio negro,https://www.elcordillerano.com.ar,Presidente de la Asociación Empresaria Hotelera Gastronómica: “Bariloche tiene ofertas para todo tipo de público”
2026-06-24,2026-W26,provincial,EL CORDILLERANO,Río Negro,Patagonia,Bariloche / Rio negro,https://www.elcordillerano.com.ar,Cómo será la temporada de invierno en Bariloche: las proyecciones del sector turístico
2026-06-24,2026-W26,provincial,EL CORDILLERANO,Río Negro,Patagonia,Bariloche / Rio negro,https://www.elcordillerano.com.ar,Estrellas Michelin en Bariloche: ¿sí o no?
2026-06-24,2026-W26,provincial,EL CORDILLERANO,Río Negro,Patagonia,Bariloche / Rio negro,https://www.elcordillerano.com.ar,Amor por el capitán: Bariloche festejó el cumpleaños de Messi
2026-06-24,2026-W26,provincial,EL CORDILLERANO,Río Negro,Patagonia,Bariloche / Rio negro,https://www.elcordillerano.com.ar,La tierna dedicatoria de Antonela Roccuzzo a Lionel Messi por su cumpleaños
2026-06-24,2026-W26,provincial,EL CORDILLERANO,Río Negro,Patagonia,Bariloche / Rio negro,https://www.elcordillerano.com.ar,"Milei comienza su gira internacional con escalas en España, Paraguay y Estados Unidos"
2026-06-24,2026-W26,provincial,EL CORDILLERANO,Río Negro,Patagonia,Bariloche / Rio negro,https://www.elcordillerano.com.ar,Ratifican la prisión preventiva del imputado por el homicidio de Diego Antonio Cid
2026-06-24,2026-W26,provincial,EL CORDILLERANO,Río Negro,Patagonia,Bariloche / Rio negro,https://www.elcordillerano.com.ar,Engancharon a Pampita y su novio infraganti en un momento hot durante el Mundial
2026-06-24,2026-W26,provincial,EL CORDILLERANO,Río Negro,Patagonia,Bariloche / Rio negro,https://www.elcordillerano.com.ar,Falso allanamiento: no hubo ningún pedido en el Juzgado Federal de Viedma
2026-06-24,2026-W26,provincial,EL CORDILLERANO,Río Negro,Patagonia,Bariloche / Rio negro,https://www.elcordillerano.com.ar,Allanamiento positivo en una investigación por tenencia y distribución de material de abuso sexual infantil
2026-06-24,2026-W26,provincial,EL CORDILLERANO,Río Negro,Patagonia,Bariloche / Rio negro,https://www.elcordillerano.com.ar,Adabel Guerrero confirmó a su nuevo novio a dos meses de separarse de su marido: quién es y a qué se dedica
2026-06-24,2026-W26,provincial,EL CORDILLERANO,Río Negro,Patagonia,Bariloche / Rio negro,https://www.elcordillerano.com.ar,"La carne de búfalo gana terreno en el país: ""Aporta una mejor nutrición"""
2026-06-24,2026-W26,provincial,EL CORDILLERANO,Río Negro,Patagonia,Bariloche / Rio negro,https://www.elcordillerano.com.ar,Triquinosis en temporada de faena: la importancia de consumir carne segura
2026-06-24,2026-W26,provincial,EL CORDILLERANO,Río Negro,Patagonia,Bariloche / Rio negro,https://www.elcordillerano.com.ar,Kilómetro 0: una red de 14 invernaderos para producir en todo Río Negro
2026-06-24,2026-W26,provincial,EL CORDILLERANO,Río Negro,Patagonia,Bariloche / Rio negro,https://www.elcordillerano.com.ar,La Policía de Río Negro recuperó en Bariloche una camioneta que fue robada en Neuquén
2026-06-24,2026-W26,provincial,EL CORDILLERANO,Río Negro,Patagonia,Bariloche / Rio negro,https://www.elcordillerano.com.ar,Caso Loan Peña: pidieron la nulidad del juicio y la liberación de todos los imputados
2026-06-24,2026-W26,provincial,EL CORDILLERANO,Río Negro,Patagonia,Bariloche / Rio negro,https://www.elcordillerano.com.ar,"Quién es Abril Losardo, la influencer que enamoró a Marcelo Tinelli en el Mundial"
2026-06-24,2026-W26,provincial,EL CORDILLERANO,Río Negro,Patagonia,Bariloche / Rio negro,https://www.elcordillerano.com.ar,"Lionel Messi en Bariloche: en el día de su cumple, recordamos las vacaciones en la cordillera tras su primer Mundial"
2026-06-24,2026-W26,provincial,EL CORDILLERANO,Río Negro,Patagonia,Bariloche / Rio negro,https://www.elcordillerano.com.ar,Weretilneck desmintió allanamiento y le apuntó al Peronismo: “Es la única manera que tienen de hacer política”
2026-06-24,2026-W26,provincial,EL CORDILLERANO,Río Negro,Patagonia,Bariloche / Rio negro,https://www.elcordillerano.com.ar,Wanda Nara se enteró de la lesión de su hija de la peor forma y explotó contra Mauro Icardi
2026-06-24,2026-W26,provincial,EL CORDILLERANO,Río Negro,Patagonia,Bariloche / Rio negro,https://www.elcordillerano.com.ar,Puerto Montt:: un avión de Latam sufrió falla de motor por chocar con aves y aterrizó de emergencia
2026-06-24,2026-W26,provincial,EL CORDILLERANO,Río Negro,Patagonia,Bariloche / Rio negro,https://www.elcordillerano.com.ar,Bariloche comienza a saborear el festejo patrio con el Concurso de Empanadas y Tortas Fritas
2026-06-24,2026-W26,provincial,EL CORDILLERANO,Río Negro,Patagonia,Bariloche / Rio negro,https://www.elcordillerano.com.ar,Las dramáticas fotos de la hija de Wanda Nara en una camilla que generó preocupación por su salud
2026-06-24,2026-W26,provincial,EL CORDILLERANO,Río Negro,Patagonia,Bariloche / Rio negro,https://www.elcordillerano.com.ar,Empleo local y fiscalización permanente en las grandes obras
2026-06-24,2026-W26,provincial,EL CORDILLERANO,Río Negro,Patagonia,Bariloche / Rio negro,https://www.elcordillerano.com.ar,Ate anunció paros y cortes de ruta: exige a la CNEA la reincorporación de trabajadores despedidos
2026-06-24,2026-W26,provincial,EL CORDILLERANO,Río Negro,Patagonia,Bariloche / Rio negro,https://www.elcordillerano.com.ar,Marta Fort y su exigente rutina contra su problema motriz: “Es la única forma de...”
2026-06-24,2026-W26,provincial,EL CORDILLERANO,Río Negro,Patagonia,Bariloche / Rio negro,https://www.elcordillerano.com.ar,Desmienten un supuesto allanamiento al gobernador Alberto Weretilneck
2026-06-24,2026-W26,provincial,EL CORDILLERANO,Río Negro,Patagonia,Bariloche / Rio negro,https://www.elcordillerano.com.ar,YPF despliega tres barcos en la Costa de Río Negro por el LNG
2026-06-24,2026-W26,provincial,EL CORDILLERANO,Río Negro,Patagonia,Bariloche / Rio negro,https://www.elcordillerano.com.ar,El mensaje de Caro Calvagni a Tagliafico luego de superar su peor momento en el Mundial
2026-06-24,2026-W26,provincial,EL CORDILLERANO,Río Negro,Patagonia,Bariloche / Rio negro,https://www.elcordillerano.com.ar,El bloque de JSRN condenó difusión de noticias falsas sobre allanamientos
2026-06-24,2026-W26,provincial,EL CORDILLERANO,Río Negro,Patagonia,Bariloche / Rio negro,https://www.elcordillerano.com.ar,Río Negro en marcha: más de 15 obras viales para seguir creciendo
2026-06-24,2026-W26,provincial,EL CORDILLERANO,Río Negro,Patagonia,Bariloche / Rio negro,https://www.elcordillerano.com.ar,Jimena Barón explicó por qué viajó con un solo hijo al Mundial: “Ya no es…”
2026-06-24,2026-W26,provincial,EL CORDILLERANO,Río Negro,Patagonia,Bariloche / Rio negro,https://www.elcordillerano.com.ar,"Precaución en Ruta 23: nieva en la Línea Sur y el asfalto es una ""pista de patinaje"" entre Jacobacci y Maquinchao"
2026-06-24,2026-W26,provincial,EL CORDILLERANO,Río Negro,Patagonia,Bariloche / Rio negro,https://www.elcordillerano.com.ar,Bariloche: un ADN cambió su filiación a los 40 años pero la Justicia le permitió mantener el apellido de crianza
2026-06-24,2026-W26,provincial,EL CORDILLERANO,Río Negro,Patagonia,Bariloche / Rio negro,https://www.elcordillerano.com.ar,Quién es el jugador de Gran Hermano que desató un escándalo por un comentario anti Messi
2026-06-24,2026-W26,provincial,EL CORDILLERANO,Río Negro,Patagonia,Bariloche / Rio negro,https://www.elcordillerano.com.ar,El Poder Judicial abrió concursos para cubrir cargos directivos
2026-06-24,2026-W26,provincial,EL CORDILLERANO,Río Negro,Patagonia,Bariloche / Rio negro,https://www.elcordillerano.com.ar,Crisis habitacional en Bariloche: desde el Instituto de Tierras y Viviendas advierten por el impacto de alquileres temporarios
2026-06-24,2026-W26,provincial,RÍO NEGRO,Río Negro,Patagonia,General Roca / Rio negro,https://www.rionegro.com.ar,El dólar minorista superó los $1.500 en bancos y se acelera la presión cambiaria
2026-06-24,2026-W26,provincial,RÍO NEGRO,Río Negro,Patagonia,General Roca / Rio negro,https://www.rionegro.com.ar,También subieron el oficial y el mayorista. Se combinan factores externos y decisiones del Banco Central para este nuevo escenario. El Indec precisó que personas y empresas tienen en el exterior cerca de U$S 500.000 millones.
2026-06-24,2026-W26,provincial,RÍO NEGRO,Río Negro,Patagonia,General Roca / Rio negro,https://www.rionegro.com.ar,Compras en el exterior: cómo pedir el reembolso del dólar tarjeta con los nuevos controles del ARCA
2026-06-24,2026-W26,provincial,RÍO NEGRO,Río Negro,Patagonia,General Roca / Rio negro,https://www.rionegro.com.ar,"Diputados debate ahora el Super RIGI, el proyecto para incentivar inversiones millonarias"
2026-06-24,2026-W26,provincial,RÍO NEGRO,Río Negro,Patagonia,General Roca / Rio negro,https://www.rionegro.com.ar,Basurales a cielo abierto: absolvieron a una exintendenta de Neuquén y la jueza dejó una advertencia
2026-06-24,2026-W26,provincial,RÍO NEGRO,Río Negro,Patagonia,General Roca / Rio negro,https://www.rionegro.com.ar,Allanamiento en el departamento de Jésica Cirio: encontraron presunta cocaína y armas
2026-06-24,2026-W26,provincial,RÍO NEGRO,Río Negro,Patagonia,General Roca / Rio negro,https://www.rionegro.com.ar,Mató a su amigo por un chiste en un partido de truco en Loncopué y fue condenado a 20 años de prisión
2026-06-24,2026-W26,provincial,RÍO NEGRO,Río Negro,Patagonia,General Roca / Rio negro,https://www.rionegro.com.ar,Río Negro reunió a empresas y parques industriales en Cipolletti: «No hay una sola zona que no vaya a crecer»
2026-06-24,2026-W26,provincial,RÍO NEGRO,Río Negro,Patagonia,General Roca / Rio negro,https://www.rionegro.com.ar,Nuevo sorteo de Diario RÍO NEGRO: llegan dos Toyota Yaris 0KM para el Día de la Madre
2026-06-24,2026-W26,provincial,RÍO NEGRO,Río Negro,Patagonia,General Roca / Rio negro,https://www.rionegro.com.ar,«Nos cambiaste la vida»: la emotiva carta del plantel de la Selección Argentina a Messi en su cumpleaños
2026-06-24,2026-W26,provincial,RÍO NEGRO,Río Negro,Patagonia,General Roca / Rio negro,https://www.rionegro.com.ar,La FIFA analiza cambiar el reglamento de la tanda de penales en pleno Mundial 2026
2026-06-24,2026-W26,provincial,RÍO NEGRO,Río Negro,Patagonia,General Roca / Rio negro,https://www.rionegro.com.ar,Argentina imbatible: es una de las cuatro selecciones sin goles en contra en el Mundial 2026
2026-06-24,2026-W26,provincial,RÍO NEGRO,Río Negro,Patagonia,General Roca / Rio negro,https://www.rionegro.com.ar,No pierde el foco: el especial posteo de Lionel Messi en su cumpleaños
2026-06-24,2026-W26,provincial,RÍO NEGRO,Río Negro,Patagonia,General Roca / Rio negro,https://www.rionegro.com.ar,Predicción extraterrestre: el insólito aviso sobre Brasil vs Escocia en el Mundial 2026
2026-06-24,2026-W26,provincial,RÍO NEGRO,Río Negro,Patagonia,General Roca / Rio negro,https://www.rionegro.com.ar,La formación alternativa que prepara Scaloni para el duelo de la Selección Argentina ante Jordania
2026-06-24,2026-W26,provincial,RÍO NEGRO,Río Negro,Patagonia,General Roca / Rio negro,https://www.rionegro.com.ar,FIFA confirmó el árbitro para el duelo entre la Selección Argentina y Jordania
2026-06-24,2026-W26,provincial,RÍO NEGRO,Río Negro,Patagonia,General Roca / Rio negro,https://www.rionegro.com.ar,Messi quiere conocer la Patagonia y Puerto Madryn lo invita: la campaña que se volvió viral
2026-06-24,2026-W26,provincial,RÍO NEGRO,Río Negro,Patagonia,General Roca / Rio negro,https://www.rionegro.com.ar,No se registra hace más de 30 años: la ganadería argentina alcanzó en mayo un peso promedio de faena récord
2026-06-24,2026-W26,provincial,RÍO NEGRO,Río Negro,Patagonia,General Roca / Rio negro,https://www.rionegro.com.ar,"La mejora se explica por cambios en los sistemas productivos, una recría más prolongada y una mayor ocupación de los corrales de engorde, según fuentes oficiales."
2026-06-24,2026-W26,provincial,RÍO NEGRO,Río Negro,Patagonia,General Roca / Rio negro,https://www.rionegro.com.ar,Auca Mahuida: la hipótesis de un geólogo sobre la «irradiación de calor» en el volcán de Neuquén
2026-06-24,2026-W26,provincial,RÍO NEGRO,Río Negro,Patagonia,General Roca / Rio negro,https://www.rionegro.com.ar,Retiraron toneladas de residuos de un edificio abandonado en Neuquén: «No tenía un solo rincón libre de basura»
2026-06-24,2026-W26,provincial,RÍO NEGRO,Río Negro,Patagonia,General Roca / Rio negro,https://www.rionegro.com.ar,Mirá como está la avenida Mosconi
2026-06-24,2026-W26,provincial,RÍO NEGRO,Río Negro,Patagonia,General Roca / Rio negro,https://www.rionegro.com.ar,Diario RÍO NEGRO expande su alcance territorial con una nueva agencia en Añelo
2026-06-24,2026-W26,provincial,RÍO NEGRO,Río Negro,Patagonia,General Roca / Rio negro,https://www.rionegro.com.ar,El ICE detuvo en Maryland a un argentino con visa vencida y antecedentes penales
2026-06-24,2026-W26,provincial,RÍO NEGRO,Río Negro,Patagonia,General Roca / Rio negro,https://www.rionegro.com.ar,Caso Insaurralde: la Justicia busca determinar cuánto dinero aparece en los videos de Jésica Cirio
2026-06-24,2026-W26,provincial,RÍO NEGRO,Río Negro,Patagonia,General Roca / Rio negro,https://www.rionegro.com.ar,El BID Invest respaldará a YPF con US$500 millones para destrabar las rutas de Vaca Muerta
2026-06-24,2026-W26,provincial,RÍO NEGRO,Río Negro,Patagonia,General Roca / Rio negro,https://www.rionegro.com.ar,"Pese al RIGI, la inversión anotó su cuarta caída al hilo: la advertencia del mercado por el freno en la obra pública"
2026-06-24,2026-W26,provincial,RÍO NEGRO,Río Negro,Patagonia,General Roca / Rio negro,https://www.rionegro.com.ar,Nueva visita de Javier Milei a Madrid: recibirá una distinción académica y buscará inversiones
2026-06-24,2026-W26,provincial,RÍO NEGRO,Río Negro,Patagonia,General Roca / Rio negro,https://www.rionegro.com.ar,Abuso sexual infantil en Neuquén: admitió los hechos y lo condenaron a cuatro años de prisión efectiva
2026-06-24,2026-W26,provincial,RÍO NEGRO,Río Negro,Patagonia,General Roca / Rio negro,https://www.rionegro.com.ar,¿Hay recesión en Argentina?: qué muestran los datos del Indec sobre el mercado laboral y los salarios
2026-06-24,2026-W26,provincial,RÍO NEGRO,Río Negro,Patagonia,General Roca / Rio negro,https://www.rionegro.com.ar,Proyectan un nivel de gasto en invierno en Bariloche de 279.000 millones de pesos
2026-06-24,2026-W26,provincial,RÍO NEGRO,Río Negro,Patagonia,General Roca / Rio negro,https://www.rionegro.com.ar,Buques petroleros perforan el bloqueo en el estrecho de Ormuz y el precio del Brent por debajo de los US$75
2026-06-24,2026-W26,provincial,RÍO NEGRO,Río Negro,Patagonia,General Roca / Rio negro,https://www.rionegro.com.ar,Cinco empresas pujan por la obra de 146 cuadras de asfalto Cipolletti con ofertas millonarias
2026-06-24,2026-W26,provincial,RÍO NEGRO,Río Negro,Patagonia,General Roca / Rio negro,https://www.rionegro.com.ar,Miércoles 24/06/26
2026-06-24,2026-W26,provincial,RÍO NEGRO,Río Negro,Patagonia,General Roca / Rio negro,https://www.rionegro.com.ar,El premio de Diario RÍO NEGRO y Decker Camiones ya tiene ganadora
2026-06-24,2026-W26,provincial,RÍO NEGRO,Río Negro,Patagonia,General Roca / Rio negro,https://www.rionegro.com.ar,Más sorteos de Diario RÍO NEGRO: llegan dos motos eléctricas 0KM para el Día del Amigo
2026-06-24,2026-W26,provincial,RÍO NEGRO,Río Negro,Patagonia,General Roca / Rio negro,https://www.rionegro.com.ar,"Más sorteos de Diario RÍO NEGRO: un horno pizzero, un fogonero móvil y un horno ahumador para el Día del Amigo"
2026-06-24,2026-W26,provincial,RÍO NEGRO,Río Negro,Patagonia,General Roca / Rio negro,https://www.rionegro.com.ar,¡Atención! Nuevo sorteo de Diario RÍO NEGRO: llegan dos Toyota Yaris 0KM para el Día de la Madre
2026-06-24,2026-W26,provincial,RÍO NEGRO,Río Negro,Patagonia,General Roca / Rio negro,https://www.rionegro.com.ar,El cultivo estrella de la chocolatería que obsesiona a inversores chilenos y trajo a científicos de California a la Patagonia
2026-06-24,2026-W26,provincial,RÍO NEGRO,Río Negro,Patagonia,General Roca / Rio negro,https://www.rionegro.com.ar,"La visita forma parte de un programa financiado por el BID que busca intercambiar experiencias sobre eficiencia hídrica, adaptación al cambio climático y nuevas tecnologías para una actividad que ya concentra el 95% de la producción argentina."
2026-06-24,2026-W26,provincial,RÍO NEGRO,Río Negro,Patagonia,General Roca / Rio negro,https://www.rionegro.com.ar,"Jorge, 52 años, trabajador rural en la Patagonia: «Toda la vida estuve en la chacra, no estoy para quedarme ocho horas encerrado»"
2026-06-24,2026-W26,provincial,RÍO NEGRO,Río Negro,Patagonia,General Roca / Rio negro,https://www.rionegro.com.ar,Hay casi 40 partidos habilitados para participar de las elecciones de Bariloche por la Carta Orgánica
2026-06-24,2026-W26,provincial,RÍO NEGRO,Río Negro,Patagonia,General Roca / Rio negro,https://www.rionegro.com.ar,"La carrera de Medicina Veterinaria más austral del país transforma la economía de Valle Medio, polo ganadero de Río Negro"
2026-06-24,2026-W26,provincial,RÍO NEGRO,Río Negro,Patagonia,General Roca / Rio negro,https://www.rionegro.com.ar,Línea Sur y Ruta 23: una propuesta
2026-06-24,2026-W26,provincial,RÍO NEGRO,Río Negro,Patagonia,General Roca / Rio negro,https://www.rionegro.com.ar,"La familia que llegó desde Japón, apostó por la Patagonia y hoy mantiene viva una tradición entre flores e invernaderos"
2026-06-24,2026-W26,provincial,RÍO NEGRO,Río Negro,Patagonia,General Roca / Rio negro,https://www.rionegro.com.ar,Terraza Norte: así será el nuevo polo gastronómico con estacionamiento subterráneo de Neuquén
2026-06-24,2026-W26,provincial,RÍO NEGRO,Río Negro,Patagonia,General Roca / Rio negro,https://www.rionegro.com.ar,Ricardo Lorenzetti definió a la condena a Cristina Kirchner en la causa Vialidad como «un tema terminado»
2026-06-24,2026-W26,provincial,RÍO NEGRO,Río Negro,Patagonia,General Roca / Rio negro,https://www.rionegro.com.ar,Fernández Oro busca asfaltar cuatro arterias con fondos provinciales y un acuerdo en el Concejo Deliberante
2026-06-24,2026-W26,provincial,RÍO NEGRO,Río Negro,Patagonia,General Roca / Rio negro,https://www.rionegro.com.ar,Choque fatal en la costa de Chubut: murió una mujer y dos personas fueron hospitalizadas este miércoles
2026-06-24,2026-W26,provincial,RÍO NEGRO,Río Negro,Patagonia,General Roca / Rio negro,https://www.rionegro.com.ar,Copa Davis en Neuquén: las razones para jugar en cemento y los antecedentes
2026-06-24,2026-W26,provincial,NOTICIASNET,Río Negro,Patagonia,Viedma / Rio negro,https://www.noticiasnet.com.ar,Tenencia de material de abuso infantil: las pautas que deberá cumplir un joven de Viedma para no ir a juicio
2026-06-24,2026-W26,provincial,NOTICIASNET,Río Negro,Patagonia,Viedma / Rio negro,https://www.noticiasnet.com.ar,Un hombre busca cambiar el apellido que llevó toda su vida antes del nacimiento de su hijo
2026-06-24,2026-W26,provincial,NOTICIASNET,Río Negro,Patagonia,Viedma / Rio negro,https://www.noticiasnet.com.ar,Asaltaron violentamente a un taxista y los detuvieron
2026-06-24,2026-W26,provincial,NOTICIASNET,Río Negro,Patagonia,Viedma / Rio negro,https://www.noticiasnet.com.ar,Incendio de cabañas en La Lobería: comenzó el juicio y surgieron hechos de violencia de género
2026-06-24,2026-W26,provincial,NOTICIASNET,Río Negro,Patagonia,Viedma / Rio negro,https://www.noticiasnet.com.ar,Notebooks y educación de calidad para estudiantes de ESRN Rural Virtual
2026-06-24,2026-W26,provincial,NOTICIASNET,Río Negro,Patagonia,Viedma / Rio negro,https://www.noticiasnet.com.ar,Avanza una causa en el fuero federal por venta de droga en el Penal 1 de Viedma
2026-06-24,2026-W26,provincial,NOTICIASNET,Río Negro,Patagonia,Viedma / Rio negro,https://www.noticiasnet.com.ar,"Mate, tango y encuentro: vuelve una propuesta que mantiene viva una tradición en Viedma"
2026-06-24,2026-W26,provincial,NOTICIASNET,Río Negro,Patagonia,Viedma / Rio negro,https://www.noticiasnet.com.ar,"""No fue un error ni una confusión"": Juntos Somos Río Negro denunció una operación tras las versiones sobre un allanamiento a Weretilneck"
2026-06-24,2026-W26,provincial,NOTICIASNET,Río Negro,Patagonia,Viedma / Rio negro,https://www.noticiasnet.com.ar,El Gobierno denunció filtración de información de sus sistemas informáticos
2026-06-24,2026-W26,provincial,NOTICIASNET,Río Negro,Patagonia,Viedma / Rio negro,https://www.noticiasnet.com.ar,Weretilneck desmintió allanamiento y le apuntó al Peronismo: “Es la única manera que tienen de hacer política”
2026-06-24,2026-W26,provincial,NOTICIASNET,Río Negro,Patagonia,Viedma / Rio negro,https://www.noticiasnet.com.ar,Falso allanamiento: no hubo ningún pedido en el Juzgado Federal de Viedma
2026-06-24,2026-W26,provincial,NOTICIASNET,Río Negro,Patagonia,Viedma / Rio negro,https://www.noticiasnet.com.ar,"Milei comienza su gira internacional con escalas en España, Paraguay y Estados Unidos"
2026-06-24,2026-W26,provincial,NOTICIASNET,Río Negro,Patagonia,Viedma / Rio negro,https://www.noticiasnet.com.ar,Desmienten un supuesto allanamiento al gobernador Alberto Weretilneck
2026-06-24,2026-W26,provincial,NOTICIASNET,Río Negro,Patagonia,Viedma / Rio negro,https://www.noticiasnet.com.ar,Caso Loan Peña: pidieron la nulidad del juicio y la liberación de todos los imputados
2026-06-24,2026-W26,provincial,NOTICIASNET,Río Negro,Patagonia,Viedma / Rio negro,https://www.noticiasnet.com.ar,Rechazo del bloque de JSRN sobre una operación mediática
2026-06-24,2026-W26,provincial,NOTICIASNET,Río Negro,Patagonia,Viedma / Rio negro,https://www.noticiasnet.com.ar,General Conesa: el EPRE atenderá reclamos por facturas eléctricas
2026-06-24,2026-W26,provincial,NOTICIASNET,Río Negro,Patagonia,Viedma / Rio negro,https://www.noticiasnet.com.ar,"Lionel Messi en Bariloche: en el día de su cumple, recordamos las vacaciones en la cordillera tras su primer Mundial"
2026-06-24,2026-W26,provincial,NOTICIASNET,Río Negro,Patagonia,Viedma / Rio negro,https://www.noticiasnet.com.ar,Vuelve el Gran Intercambio de Figuritas: una tarde para completar álbumes y compartir en familia
2026-06-24,2026-W26,provincial,NOTICIASNET,Río Negro,Patagonia,Viedma / Rio negro,https://www.noticiasnet.com.ar,Empleo local y fiscalización permanente en las grandes obras
2026-06-24,2026-W26,provincial,NOTICIASNET,Río Negro,Patagonia,Viedma / Rio negro,https://www.noticiasnet.com.ar,Río Negro consolida su liderazgo nacional en la producción de avellanas
2026-06-24,2026-W26,provincial,NOTICIASNET,Río Negro,Patagonia,Viedma / Rio negro,https://www.noticiasnet.com.ar,"La carne de búfalo gana terreno en el país: ""Aporta una mejor nutrición"""
2026-06-24,2026-W26,provincial,NOTICIASNET,Río Negro,Patagonia,Viedma / Rio negro,https://www.noticiasnet.com.ar,Triquinosis en temporada de faena: la importancia de consumir carne segura
2026-06-24,2026-W26,provincial,NOTICIASNET,Río Negro,Patagonia,Viedma / Rio negro,https://www.noticiasnet.com.ar,Kilómetro 0: una red de 14 invernaderos para producir en todo Río Negro
2026-06-24,2026-W26,provincial,NOTICIASNET,Río Negro,Patagonia,Viedma / Rio negro,https://www.noticiasnet.com.ar,El Colegio de la Abogacía rechazó una matriculación por antecedentes penales
2026-06-24,2026-W26,provincial,NOTICIASNET,Río Negro,Patagonia,Viedma / Rio negro,https://www.noticiasnet.com.ar,Jorge Newbery ajusta detalles para una semifinal con sabor a clásico
2026-06-24,2026-W26,provincial,NOTICIASNET,Río Negro,Patagonia,Viedma / Rio negro,https://www.noticiasnet.com.ar,YPF despliega tres barcos en la Costa de Río Negro por el LNG
2026-06-24,2026-W26,provincial,NOTICIASNET,Río Negro,Patagonia,Viedma / Rio negro,https://www.noticiasnet.com.ar,Río Negro en marcha: más de 15 obras viales para seguir creciendo
2026-06-24,2026-W26,provincial,NOTICIASNET,Río Negro,Patagonia,Viedma / Rio negro,https://www.noticiasnet.com.ar,"Elecciones vecinales: todos los candidatos, fecha, propuestas y dónde votan los vecinos"
2026-06-24,2026-W26,provincial,NOTICIASNET,Río Negro,Patagonia,Viedma / Rio negro,https://www.noticiasnet.com.ar,"Agustín Bortoloto, campeón del mundo: entre el básquet, la natación y el sueño de seguir creciendo"
2026-06-24,2026-W26,provincial,NOTICIASNET,Río Negro,Patagonia,Viedma / Rio negro,https://www.noticiasnet.com.ar,Gardel revive en Viedma y preparan una gran puesta en escena
2026-06-24,2026-W26,provincial,NOTICIASNET,Río Negro,Patagonia,Viedma / Rio negro,https://www.noticiasnet.com.ar,De los Andes al Mar: un libro que redescubre el turismo de Río Negro
2026-06-24,2026-W26,provincial,NOTICIASNET,Río Negro,Patagonia,Viedma / Rio negro,https://www.noticiasnet.com.ar,El gran escenario del Atlántico: se disfruta la temporada de fauna marina en Río Negro
2026-06-24,2026-W26,provincial,NOTICIASNET,Río Negro,Patagonia,Viedma / Rio negro,https://www.noticiasnet.com.ar,Avistaje de ballenas: las impactantes imágenes aéreas que revelan la riqueza natural del Golfo San Matías
2026-06-24,2026-W26,provincial,NOTICIASNET,Río Negro,Patagonia,Viedma / Rio negro,https://www.noticiasnet.com.ar,Todos por Alma: debe operarse esta semana y su familia no cuenta con los recursos
2026-06-24,2026-W26,provincial,NOTICIASNET,Río Negro,Patagonia,Viedma / Rio negro,https://www.noticiasnet.com.ar,El pronóstico del tiempo para este miércoles en Viedma y la región
2026-06-24,2026-W26,provincial,NOTICIASNET,Río Negro,Patagonia,Viedma / Rio negro,https://www.noticiasnet.com.ar,Argentina a la Main Round: con los viedmenses en cancha avanzaron a la siguiente ronda
2026-06-24,2026-W26,provincial,NOTICIASNET,Río Negro,Patagonia,Viedma / Rio negro,https://www.noticiasnet.com.ar,"Mascotas si, mascotas no: estalló la polémica en un hogar de ancianos"
2026-06-24,2026-W26,provincial,NOTICIASNET,Río Negro,Patagonia,Viedma / Rio negro,https://www.noticiasnet.com.ar,Mundial 2026: Lionel Scaloni prepara una fuerte rotación para el cierre ante Jordania
2026-06-24,2026-W26,provincial,NOTICIASNET,Río Negro,Patagonia,Viedma / Rio negro,https://www.noticiasnet.com.ar,"Se camufla detrás de ""simples manchas"": el brote sanitario que avanza y genera preocupación"
2026-06-24,2026-W26,provincial,NOTICIASNET,Río Negro,Patagonia,Viedma / Rio negro,https://www.noticiasnet.com.ar,Triquinosis: advierten que el ahumado y la salazón no matan al parásito y exigen analizar la carne
2026-06-24,2026-W26,provincial,NOTICIASNET,Río Negro,Patagonia,Viedma / Rio negro,https://www.noticiasnet.com.ar,"Río Negro anunció el pago en un solo día de sueldos, aguinaldo y aumento para los estatales"
2026-06-24,2026-W26,provincial,NOTICIASNET,Río Negro,Patagonia,Viedma / Rio negro,https://www.noticiasnet.com.ar,"Charla abierta a la comunidad: ""Cáncer de próstata: mitos y realidades"""
2026-06-24,2026-W26,provincial,NOTICIASNET,Río Negro,Patagonia,Viedma / Rio negro,https://www.noticiasnet.com.ar,Cambiar de apellido por su hijo: la historia de identidad que conmueve a Viedma
2026-06-24,2026-W26,provincial,NOTICIASNET,Río Negro,Patagonia,Viedma / Rio negro,https://www.noticiasnet.com.ar,Convocan a una cruzada para ayudar a una familia que lo perdió todo tras un feroz incendio
2026-06-24,2026-W26,provincial,NOTICIASNET,Río Negro,Patagonia,Viedma / Rio negro,https://www.noticiasnet.com.ar,Ipross financió una inédita cirugía en Viedma y la paciente recibió el alta en 24 horas
2026-06-24,2026-W26,provincial,NOTICIASNET,Río Negro,Patagonia,Viedma / Rio negro,https://www.noticiasnet.com.ar,El emotivo saludo de la AFA para Lionel Messi por su cumpleaños número 39
2026-06-24,2026-W26,provincial,NOTICIASNET,Río Negro,Patagonia,Viedma / Rio negro,https://www.noticiasnet.com.ar,El Senado debate la reforma de sociedades para crear empresas con Inteligencia Artificial
2026-06-24,2026-W26,provincial,NOTICIASNET,Río Negro,Patagonia,Viedma / Rio negro,https://www.noticiasnet.com.ar,Milei presentó al nuevo vocero presidencial y defendió su gestión con fuertes críticas
2026-06-24,2026-W26,provincial,NOTICIASNET,Río Negro,Patagonia,Viedma / Rio negro,https://www.noticiasnet.com.ar,Jerarquía cultural: una de las máximas figuras del canto coral del país llega a Viedma
2026-06-24,2026-W26,provincial,NOTICIASNET,Río Negro,Patagonia,Viedma / Rio negro,https://www.noticiasnet.com.ar,Habilitan en la planta Girsu un espacio para la disposición de aceites de cocina usados
2026-06-24,2026-W26,provincial,LA OPINIÓN AUSTRAL,Santa Cruz,Patagonia,Santa Cruz,https://www.laopinionaustral.com.ar,Destacada actuación de Joaquina Nieto en el Open Panamericano Senior de Buenos Aires
2026-06-24,2026-W26,provincial,LA OPINIÓN AUSTRAL,Santa Cruz,Patagonia,Santa Cruz,https://www.laopinionaustral.com.ar,“Me faltan las palabras para agradecer”: reunieron 4 millones de pesos para albañil que se accidentó
2026-06-24,2026-W26,provincial,LA OPINIÓN AUSTRAL,Santa Cruz,Patagonia,Santa Cruz,https://www.laopinionaustral.com.ar,Podio para Atlético Boxing Club en Río Turbio en la Copa “14 Mineros”
2026-06-24,2026-W26,provincial,LA OPINIÓN AUSTRAL,Santa Cruz,Patagonia,Santa Cruz,https://www.laopinionaustral.com.ar,Santa Cruz formaliza el pedido de cuotificación de 50 mil toneladas de langostino ante el Consejo Federal Pesquero
2026-06-24,2026-W26,provincial,LA OPINIÓN AUSTRAL,Santa Cruz,Patagonia,Santa Cruz,https://www.laopinionaustral.com.ar,La Patagonia dividida en la votación por el intento de tratar la moción de censura contra Adorni
2026-06-24,2026-W26,provincial,LA OPINIÓN AUSTRAL,Santa Cruz,Patagonia,Santa Cruz,https://www.laopinionaustral.com.ar,Othar acompañó la inauguración de la tienda y los nuevos vestuarios de USMA en su 95° aniversario
2026-06-24,2026-W26,provincial,LA OPINIÓN AUSTRAL,Santa Cruz,Patagonia,Santa Cruz,https://www.laopinionaustral.com.ar,Río Gallegos será sede de un gran encuentro de básquet formativo para las categorías Mini y U13
2026-06-24,2026-W26,provincial,LA OPINIÓN AUSTRAL,Santa Cruz,Patagonia,Santa Cruz,https://www.laopinionaustral.com.ar,"Provincia ofertó 17,8% acumulado de incremento salarial a docentes: cuarto intermedio hasta el viernes"
2026-06-24,2026-W26,provincial,LA OPINIÓN AUSTRAL,Santa Cruz,Patagonia,Santa Cruz,https://www.laopinionaustral.com.ar,San Miguel fue protagonista con cuatro equipos en una nueva fecha de la Liga de Básquet de Río Gallegos
2026-06-24,2026-W26,provincial,LA OPINIÓN AUSTRAL,Santa Cruz,Patagonia,Santa Cruz,https://www.laopinionaustral.com.ar,Una vidente predijo una abducción extraterrestre durante Brasil-Escocia y revolucionó las redes
2026-06-24,2026-W26,provincial,LA OPINIÓN AUSTRAL,Santa Cruz,Patagonia,Santa Cruz,https://www.laopinionaustral.com.ar,Últimas noticias
2026-06-24,2026-W26,provincial,LA OPINIÓN AUSTRAL,Santa Cruz,Patagonia,Santa Cruz,https://www.laopinionaustral.com.ar,Política y Economía
2026-06-24,2026-W26,provincial,LA OPINIÓN AUSTRAL,Santa Cruz,Patagonia,Santa Cruz,https://www.laopinionaustral.com.ar,Policías de Santa Cruz chocaron contra un guanaco en la ruta camino a El Calafate
2026-06-24,2026-W26,provincial,LA OPINIÓN AUSTRAL,Santa Cruz,Patagonia,Santa Cruz,https://www.laopinionaustral.com.ar,Corte de luz en varios barrios de Río Gallegos: qué pasó y cuándo vuelve el servicio eléctrico
2026-06-24,2026-W26,provincial,LA OPINIÓN AUSTRAL,Santa Cruz,Patagonia,Santa Cruz,https://www.laopinionaustral.com.ar,"Paritaria Central: el Ejecutivo presentó una oferta del 17,8 por ciento acumulado"
2026-06-24,2026-W26,provincial,LA OPINIÓN AUSTRAL,Santa Cruz,Patagonia,Santa Cruz,https://www.laopinionaustral.com.ar,Vacaciones de invierno 2026: el Gobierno de Santa Cruz estableció el cronograma de licencia para trabajadores públicos
2026-06-24,2026-W26,provincial,LA OPINIÓN AUSTRAL,Santa Cruz,Patagonia,Santa Cruz,https://www.laopinionaustral.com.ar,ARA San Juan: Tagliapietra cuestionó la investigación y advirtió que el juicio “empezó huérfano de madre”
2026-06-24,2026-W26,provincial,LA OPINIÓN AUSTRAL,Santa Cruz,Patagonia,Santa Cruz,https://www.laopinionaustral.com.ar,El nuevo Tribunal Superior de Justicia arrancó con todo: Detectaron graves atrasos en juzgados y pericias de la zona norte
2026-06-24,2026-W26,provincial,LA OPINIÓN AUSTRAL,Santa Cruz,Patagonia,Santa Cruz,https://www.laopinionaustral.com.ar,Santiago Aberastain: “La conectividad aérea es desarrollo y una deuda histórica con Puerto Deseado”
2026-06-24,2026-W26,provincial,LA OPINIÓN AUSTRAL,Santa Cruz,Patagonia,Santa Cruz,https://www.laopinionaustral.com.ar,ANSES actualizó los topes del SUAF: quiénes dejarán de cobrar asignaciones familiares desde julio
2026-06-24,2026-W26,provincial,LA OPINIÓN AUSTRAL,Santa Cruz,Patagonia,Santa Cruz,https://www.laopinionaustral.com.ar,Nadia Ricci: “Contar con un vuelo directo a Buenos Aires es estratégico para Puerto Deseado”
2026-06-24,2026-W26,provincial,LA OPINIÓN AUSTRAL,Santa Cruz,Patagonia,Santa Cruz,https://www.laopinionaustral.com.ar,Cómo las estafas encarecen las pólizas y ponen en riesgo la solvencia de las aseguradoras
2026-06-24,2026-W26,provincial,LA OPINIÓN AUSTRAL,Santa Cruz,Patagonia,Santa Cruz,https://www.laopinionaustral.com.ar,ARA San Juan: la Fiscalía defendió el pedido de condenas y sostuvo que el juicio logró consolidar las pruebas
2026-06-24,2026-W26,provincial,LA OPINIÓN AUSTRAL,Santa Cruz,Patagonia,Santa Cruz,https://www.laopinionaustral.com.ar,Valeria Carreras: “Las familias necesitan un cierre y creemos que debe haber sentencia condenatoria”
2026-06-24,2026-W26,provincial,LA OPINIÓN AUSTRAL,Santa Cruz,Patagonia,Santa Cruz,https://www.laopinionaustral.com.ar,Ringo Juniors desmintió versiones que lo vinculan con un secuestro de estupefacientes y anunció acciones legales
2026-06-24,2026-W26,provincial,LA OPINIÓN AUSTRAL,Santa Cruz,Patagonia,Santa Cruz,https://www.laopinionaustral.com.ar,"Newmont Cerro Negro destinó USD 9,75 millones a contribuciones comunitarias en Santa Cruz"
2026-06-24,2026-W26,provincial,LA OPINIÓN AUSTRAL,Santa Cruz,Patagonia,Santa Cruz,https://www.laopinionaustral.com.ar,Chenque Bot: la herramienta que revela qué productos aumentaron antes de llegar al supermercado
2026-06-24,2026-W26,provincial,LA OPINIÓN AUSTRAL,Santa Cruz,Patagonia,Santa Cruz,https://www.laopinionaustral.com.ar,Puerto Deseado apunta a recuperar la conectividad aérea con una inversión superior a los $1.000 millones
2026-06-24,2026-W26,provincial,LA OPINIÓN AUSTRAL,Santa Cruz,Patagonia,Santa Cruz,https://www.laopinionaustral.com.ar,Micaela Merlo rumbo al Mundial de Aguas Abiertas en República Dominicana
2026-06-24,2026-W26,provincial,LA OPINIÓN AUSTRAL,Santa Cruz,Patagonia,Santa Cruz,https://www.laopinionaustral.com.ar,Furor por la tapa especial de Messi de La Opinión Austral
2026-06-24,2026-W26,provincial,LA OPINIÓN AUSTRAL,Santa Cruz,Patagonia,Santa Cruz,https://www.laopinionaustral.com.ar,Carlos Gardel: 91 años del mito y la tradición radial que detiene el tiempo
2026-06-24,2026-W26,provincial,LA OPINIÓN AUSTRAL,Santa Cruz,Patagonia,Santa Cruz,https://www.laopinionaustral.com.ar,Pasión y Gloria: la muestra del fútbol argentino en Santa Cruz
2026-06-24,2026-W26,provincial,LA OPINIÓN AUSTRAL,Santa Cruz,Patagonia,Santa Cruz,https://www.laopinionaustral.com.ar,Eduardo Feinmann destacó la tapa especial de La Opinión Austral por los 18 goles de Messi
2026-06-24,2026-W26,provincial,LA OPINIÓN AUSTRAL,Santa Cruz,Patagonia,Santa Cruz,https://www.laopinionaustral.com.ar,Cayó la banda acusada de robarle millones a un camionero en Chubut: cuál es la hipótesis principal
2026-06-24,2026-W26,provincial,LA OPINIÓN AUSTRAL,Santa Cruz,Patagonia,Santa Cruz,https://www.laopinionaustral.com.ar,Mirtha Legrand reveló cómo fue trabajar con Lionel Scaloni: “Es amoroso”
2026-06-24,2026-W26,provincial,LA OPINIÓN AUSTRAL,Santa Cruz,Patagonia,Santa Cruz,https://www.laopinionaustral.com.ar,Fuera del Aire: Luisina Hubinsky y los arcanos de la “Scaloneta”
2026-06-24,2026-W26,provincial,LA OPINIÓN AUSTRAL,Santa Cruz,Patagonia,Santa Cruz,https://www.laopinionaustral.com.ar,Shakira y su amor por Leo Messi: “Muy orgullosa”
2026-06-24,2026-W26,provincial,LA OPINIÓN AUSTRAL,Santa Cruz,Patagonia,Santa Cruz,https://www.laopinionaustral.com.ar,Alegatos por el hundimiento del ARA San Juan: día 27
2026-06-24,2026-W26,provincial,LA OPINIÓN AUSTRAL,Santa Cruz,Patagonia,Santa Cruz,https://www.laopinionaustral.com.ar,Fuera del Aire: San Julián va por todo en el Mundialito de Ciudades de OLGA
2026-06-24,2026-W26,provincial,LA OPINIÓN AUSTRAL,Santa Cruz,Patagonia,Santa Cruz,https://www.laopinionaustral.com.ar,Caleta Olivia: avanza la obra de extensión de la red de gas en el barrio Patagonia
2026-06-24,2026-W26,provincial,LA OPINIÓN AUSTRAL,Santa Cruz,Patagonia,Santa Cruz,https://www.laopinionaustral.com.ar,Buscan a una adolescente de 16 años en Caleta Olivia y piden colaboración para encontrarla
2026-06-24,2026-W26,provincial,LA OPINIÓN AUSTRAL,Santa Cruz,Patagonia,Santa Cruz,https://www.laopinionaustral.com.ar,Comodoro Rivadavia pone el Mundial de Fútbol en pausa este sábado: hubo cola desde temprano por una entrada en el estadio para ver la sexta final de Gimnasia vs Quimsa
2026-06-24,2026-W26,provincial,LA OPINIÓN AUSTRAL,Santa Cruz,Patagonia,Santa Cruz,https://www.laopinionaustral.com.ar,“Voy a luchar para que no quede impune”: fuerte reclamo de la familia de “huesito” Carabajal a cuatro años del hecho
2026-06-24,2026-W26,provincial,LA OPINIÓN AUSTRAL,Santa Cruz,Patagonia,Santa Cruz,https://www.laopinionaustral.com.ar,Polémica en un jardín de Pico Truncado: denuncian falta de rendición de fondos para camperas de egresados
2026-06-24,2026-W26,provincial,LA OPINIÓN AUSTRAL,Santa Cruz,Patagonia,Santa Cruz,https://www.laopinionaustral.com.ar,Juicio por la muerte de Jonathan “Huesito” Carabajal: comienza el debate oral contra el sobrino del “Roña” Castro
2026-06-24,2026-W26,provincial,LA OPINIÓN AUSTRAL,Santa Cruz,Patagonia,Santa Cruz,https://www.laopinionaustral.com.ar,Corte de agua en Caleta Olivia: interrumpirán el suministro durante 18 horas por reparaciones en el acueducto
2026-06-24,2026-W26,provincial,LA OPINIÓN AUSTRAL,Santa Cruz,Patagonia,Santa Cruz,https://www.laopinionaustral.com.ar,Conmoción en Caleta Olivia: hallaron muerto a un hombre en su domicilio
2026-06-24,2026-W26,provincial,LA OPINIÓN AUSTRAL,Santa Cruz,Patagonia,Santa Cruz,https://www.laopinionaustral.com.ar,Caleta Olivia se vistió de celeste y blanco tras el triunfo de Argentina en el Mundial 2026
2026-06-24,2026-W26,provincial,LA OPINIÓN AUSTRAL,Santa Cruz,Patagonia,Santa Cruz,https://www.laopinionaustral.com.ar,Reforma Laboral y Ley de Glaciares: qué busca la minería argentina antes del nuevo evento de PDAC
2026-06-24,2026-W26,provincial,LA OPINIÓN AUSTRAL,Santa Cruz,Patagonia,Santa Cruz,https://www.laopinionaustral.com.ar,¿Patagonia “maicera”?: ensayos buscan encontrar el híbrido que mejor se adapte
2026-06-24,2026-W26,provincial,NUEVO DÍA,Santa Cruz,Patagonia,Santa Cruz,https://www.eldiarionuevodia.com.ar,Escuchá Fuera de Contexto
2026-06-24,2026-W26,provincial,NUEVO DÍA,Santa Cruz,Patagonia,Santa Cruz,https://www.eldiarionuevodia.com.ar,Paritaria central: la nueva oferta salarial del Gobierno a estatales de Santa Cruz
2026-06-24,2026-W26,provincial,NUEVO DÍA,Santa Cruz,Patagonia,Santa Cruz,https://www.eldiarionuevodia.com.ar,"Paritaria central: la respuesta de ATE, APAP y UPCN a la oferta salarial"
2026-06-24,2026-W26,provincial,NUEVO DÍA,Santa Cruz,Patagonia,Santa Cruz,https://www.eldiarionuevodia.com.ar,Paritaria docente: cuál fue la nueva propuesta salarial para ADOSAC y AMET
2026-06-24,2026-W26,provincial,NUEVO DÍA,Santa Cruz,Patagonia,Santa Cruz,https://www.eldiarionuevodia.com.ar,Noah necesita atención especializada: su familia reclama una derivación urgente
2026-06-24,2026-W26,provincial,NUEVO DÍA,Santa Cruz,Patagonia,Santa Cruz,https://www.eldiarionuevodia.com.ar,Servicios Públicos habilitó un cargadero de agua en el barrio 22 de septiembre de Río Gallegos
2026-06-24,2026-W26,provincial,NUEVO DÍA,Santa Cruz,Patagonia,Santa Cruz,https://www.eldiarionuevodia.com.ar,Cultura de Santa Cruz celebrará una nueva Velada patriótica el 8 de julio próximo en el Boxing Club
2026-06-24,2026-W26,provincial,NUEVO DÍA,Santa Cruz,Patagonia,Santa Cruz,https://www.eldiarionuevodia.com.ar,Detectan una señal térmica en un volcán de la Patagonia y activan monitoreo permanente
2026-06-24,2026-W26,provincial,NUEVO DÍA,Santa Cruz,Patagonia,Santa Cruz,https://www.eldiarionuevodia.com.ar,El gobierno provincial comunicó el detalle de la propuesta en la paritaria docente
2026-06-24,2026-W26,provincial,NUEVO DÍA,Santa Cruz,Patagonia,Santa Cruz,https://www.eldiarionuevodia.com.ar,Hubo operativo vial en la Ruta 40 Norte por nieve y hielo
2026-06-24,2026-W26,provincial,NUEVO DÍA,Santa Cruz,Patagonia,Santa Cruz,https://www.eldiarionuevodia.com.ar,México busca cerrar el grupo con puntaje ideal ante una República Checa obligada a ganar
2026-06-24,2026-W26,provincial,NUEVO DÍA,Santa Cruz,Patagonia,Santa Cruz,https://www.eldiarionuevodia.com.ar,¿Podrá Corea del Sur asegurar su pase ante Sudáfrica?
2026-06-24,2026-W26,provincial,NUEVO DÍA,Santa Cruz,Patagonia,Santa Cruz,https://www.eldiarionuevodia.com.ar,Marruecos enfrenta a Haití con el objetivo de quedarse con el Grupo C del Mundial 2026
2026-06-24,2026-W26,provincial,NUEVO DÍA,Santa Cruz,Patagonia,Santa Cruz,https://www.eldiarionuevodia.com.ar,Brasil llega líder y busca sellar su pase ante una Escocia obligada
2026-06-24,2026-W26,provincial,NUEVO DÍA,Santa Cruz,Patagonia,Santa Cruz,https://www.eldiarionuevodia.com.ar,Bosnia y Qatar buscan el milagro para avanzar a 16avos de final
2026-06-24,2026-W26,provincial,NUEVO DÍA,Santa Cruz,Patagonia,Santa Cruz,https://www.eldiarionuevodia.com.ar,"Caso Loan: con los 17 imputados presentes, inició la tercera jornada del juicio"
2026-06-24,2026-W26,provincial,NUEVO DÍA,Santa Cruz,Patagonia,Santa Cruz,https://www.eldiarionuevodia.com.ar,Horror en Chile: familia argentina sufrió el robo de su auto y su hijo murió arrastrado por los delincuentes
2026-06-24,2026-W26,provincial,NUEVO DÍA,Santa Cruz,Patagonia,Santa Cruz,https://www.eldiarionuevodia.com.ar,"La flota de autos de Jesica Cirio: compras simultáneas, pagos en efectivo y vínculos con la piratería del asfalto"
2026-06-24,2026-W26,provincial,NUEVO DÍA,Santa Cruz,Patagonia,Santa Cruz,https://www.eldiarionuevodia.com.ar,El Senado debate la ley de Sociedades que permite armar empresas sin control estatal y con IA
2026-06-24,2026-W26,provincial,NUEVO DÍA,Santa Cruz,Patagonia,Santa Cruz,https://www.eldiarionuevodia.com.ar,"24 de junio, el día más argentino: Messi, Fangio, Riquelme, Gardel, Rodrigo y una fecha cargada de historia"
2026-06-24,2026-W26,provincial,NUEVO DÍA,Santa Cruz,Patagonia,Santa Cruz,https://www.eldiarionuevodia.com.ar,"Juicio por Loan, en vivo: hay expectativa por la posible declaración de Laudelina"
2026-06-24,2026-W26,provincial,NUEVO DÍA,Santa Cruz,Patagonia,Santa Cruz,https://www.eldiarionuevodia.com.ar,El Centro Valdelén presenta su temporada 2026 en Río Turbio
2026-06-24,2026-W26,provincial,NUEVO DÍA,Santa Cruz,Patagonia,Santa Cruz,https://www.eldiarionuevodia.com.ar,"Jairo Guzmán explicó por qué se ausentó de la sesión por Adorni y dijo que ""endeudarse para obra pública es una locura"""
2026-06-24,2026-W26,provincial,NUEVO DÍA,Santa Cruz,Patagonia,Santa Cruz,https://www.eldiarionuevodia.com.ar,LOAS entregó el 0KM del Telebingo Santacruceño
2026-06-24,2026-W26,provincial,NUEVO DÍA,Santa Cruz,Patagonia,Santa Cruz,https://www.eldiarionuevodia.com.ar,Hubo reunión entre Trabajo y policías autoconvocados: qué sucederá con la permanencia en casa de Gobierno de Santa Cruz
2026-06-24,2026-W26,provincial,NUEVO DÍA,Santa Cruz,Patagonia,Santa Cruz,https://www.eldiarionuevodia.com.ar,"Este viernes llega el ""Foro Austral de la Libertad"" a Río Gallegos"
2026-06-24,2026-W26,provincial,NUEVO DÍA,Santa Cruz,Patagonia,Santa Cruz,https://www.eldiarionuevodia.com.ar,El Gobierno informó fecha de pago y los aumentos a jubilados de Santa Cruz
2026-06-24,2026-W26,provincial,NUEVO DÍA,Santa Cruz,Patagonia,Santa Cruz,https://www.eldiarionuevodia.com.ar,Hasta $264.000 por familia: el beneficio de Banco Nación para compras en supermercados
2026-06-24,2026-W26,provincial,NUEVO DÍA,Santa Cruz,Patagonia,Santa Cruz,https://www.eldiarionuevodia.com.ar,Banco Nación presta hasta 100 millones para deudas a pagar en 120 meses
2026-06-24,2026-W26,provincial,NUEVO DÍA,Santa Cruz,Patagonia,Santa Cruz,https://www.eldiarionuevodia.com.ar,Policías y bomberos se accidentaron camino hacia El Calafate
2026-06-24,2026-W26,provincial,NUEVO DÍA,Santa Cruz,Patagonia,Santa Cruz,https://www.eldiarionuevodia.com.ar,Aumentan las consultas por colegios privados en Río Gallegos: ¿Cuánto cuestan?
2026-06-24,2026-W26,provincial,NUEVO DÍA,Santa Cruz,Patagonia,Santa Cruz,https://www.eldiarionuevodia.com.ar,Detuvieron a dos personas en Santa Cruz investigadas por privación ilegítima de la libertad y reducción a la servidumbre
2026-06-24,2026-W26,provincial,NUEVO DÍA,Santa Cruz,Patagonia,Santa Cruz,https://www.eldiarionuevodia.com.ar,Santa Cruz: una madre denunció que una menor de 14 años agredió a su hija de 15 en medio de los festejos por la Selección Argentina
2026-06-24,2026-W26,provincial,NUEVO DÍA,Santa Cruz,Patagonia,Santa Cruz,https://www.eldiarionuevodia.com.ar,Continúa hoy la paritaria docente: la oferta que informó ADOSAC en un reclamo que seguirá afuera de Trabajo
2026-06-24,2026-W26,provincial,NUEVO DÍA,Santa Cruz,Patagonia,Santa Cruz,https://www.eldiarionuevodia.com.ar,"""Salud en tu Barrio"" llegó a la Avenida Perón de Río Gallegos con controles médicos, vacunación y atención integral"
2026-06-24,2026-W26,provincial,NUEVO DÍA,Santa Cruz,Patagonia,Santa Cruz,https://www.eldiarionuevodia.com.ar,Viales de Santa Cruz anunciaron un paro de 48 horas y rechazaron la propuesta salarial del Gobierno
2026-06-24,2026-W26,provincial,NUEVO DÍA,Santa Cruz,Patagonia,Santa Cruz,https://www.eldiarionuevodia.com.ar,SPSE trabaja para normalizar el servicio eléctrico en Río Gallegos
2026-06-24,2026-W26,provincial,NUEVO DÍA,Santa Cruz,Patagonia,Santa Cruz,https://www.eldiarionuevodia.com.ar,"""Entre gusanos y diamantes"", nueva novela publicada por el sello Ferra Ediciones"
2026-06-24,2026-W26,provincial,NUEVO DÍA,Santa Cruz,Patagonia,Santa Cruz,https://www.eldiarionuevodia.com.ar,Estudiantes del Centro Polivalente participaron de una jornada de sensibilización sobre deporte adaptado en Río Gallegos
2026-06-24,2026-W26,provincial,NUEVO DÍA,Santa Cruz,Patagonia,Santa Cruz,https://www.eldiarionuevodia.com.ar,"Ocho años de viaje, un carrito y una filosofía de vida que inspira"
2026-06-24,2026-W26,provincial,NUEVO DÍA,Santa Cruz,Patagonia,Santa Cruz,https://www.eldiarionuevodia.com.ar,"""Basta de improvisaciones"": ADOSAC acusó al Gobierno provincial de presentar una oferta con errores en la Paritaria"
2026-06-24,2026-W26,provincial,NUEVO DÍA,Santa Cruz,Patagonia,Santa Cruz,https://www.eldiarionuevodia.com.ar,El Gobierno terminó la obra de iluminación y extensión de red eléctrica en la Ruta Provincial Nº 20
2026-06-24,2026-W26,provincial,NUEVO DÍA,Santa Cruz,Patagonia,Santa Cruz,https://www.eldiarionuevodia.com.ar,Río Turbio: piden ayuda para encontrar a Nayla
2026-06-24,2026-W26,provincial,NUEVO DÍA,Santa Cruz,Patagonia,Santa Cruz,https://www.eldiarionuevodia.com.ar,Parques Nacionales lanza retiros voluntarios excluyendo a los guardaparques
2026-06-24,2026-W26,provincial,NUEVO DÍA,Santa Cruz,Patagonia,Santa Cruz,https://www.eldiarionuevodia.com.ar,Adiós para siempre a los enchufes: la tendencia en electrodomésticos de cocina que se acerca al futuro
2026-06-24,2026-W26,provincial,NUEVO DÍA,Santa Cruz,Patagonia,Santa Cruz,https://www.eldiarionuevodia.com.ar,Roblox lanza nueva guía para padres y actualiza cuentas para menores de 16 años
2026-06-24,2026-W26,provincial,NUEVO DÍA,Santa Cruz,Patagonia,Santa Cruz,https://www.eldiarionuevodia.com.ar,Fácil y gratis: cómo crear tu propia figurita del Mundial 2026 personalizada con inteligencia artificial
2026-06-24,2026-W26,provincial,NUEVO DÍA,Santa Cruz,Patagonia,Santa Cruz,https://www.eldiarionuevodia.com.ar,Las apps gratuitas que muestran en qué se va tu dinero mes a mes
2026-06-24,2026-W26,provincial,NUEVO DÍA,Santa Cruz,Patagonia,Santa Cruz,https://www.eldiarionuevodia.com.ar,Pocos lo hacen: cada cuánto conviene reiniciar el celular para que funcione mejor
2026-06-24,2026-W26,provincial,NUEVO DÍA,Santa Cruz,Patagonia,Santa Cruz,https://www.eldiarionuevodia.com.ar,Construir casas impresas en 3D ya es una realidad: cuánto cuestan y por qué esta tecnología avanza en todo el mundo
2026-06-24,2026-W26,provincial,TIEMPO SUR,Santa Cruz,Patagonia,Santa Cruz,https://www.tiemposur.com.ar,Conectividad Perito Moreno tendrá su primer vuelo directo a Buenos Aires el próximo 1° de julio
2026-06-24,2026-W26,provincial,TIEMPO SUR,Santa Cruz,Patagonia,Santa Cruz,https://www.tiemposur.com.ar,"Santa Cruz Paritaria Central: El Ejecutivo presentó una oferta del 17,8 por ciento acumulado"
2026-06-24,2026-W26,provincial,TIEMPO SUR,Santa Cruz,Patagonia,Santa Cruz,https://www.tiemposur.com.ar,"Paritaria Docente El Gobierno formalizó una nueva propuesta con un acumulado del 17,8%"
2026-06-24,2026-W26,provincial,TIEMPO SUR,Santa Cruz,Patagonia,Santa Cruz,https://www.tiemposur.com.ar,A cuarto intermedio ADOSAC consideró insuficiente la oferta salarial
2026-06-24,2026-W26,provincial,TIEMPO SUR,Santa Cruz,Patagonia,Santa Cruz,https://www.tiemposur.com.ar,Propuestas a Santa Cruz Lanesan Sancho se reunió con la Cámara de la Formación Profesional
2026-06-24,2026-W26,provincial,TIEMPO SUR,Santa Cruz,Patagonia,Santa Cruz,https://www.tiemposur.com.ar,"Newcom Con jugadores de Santa Cruz, Argentina se consagró Campeón Sudamericano"
2026-06-24,2026-W26,provincial,TIEMPO SUR,Santa Cruz,Patagonia,Santa Cruz,https://www.tiemposur.com.ar,"Día Nacional del Piloto Gomez: ""Se me hace difícil porque muchas carreras coinciden con las de mi hijo"""
2026-06-24,2026-W26,provincial,TIEMPO SUR,Santa Cruz,Patagonia,Santa Cruz,https://www.tiemposur.com.ar,Concurso Alumnos del Secundario 38 presentaron su proyecto de radio en Tiempo FM
2026-06-24,2026-W26,provincial,TIEMPO SUR,Santa Cruz,Patagonia,Santa Cruz,https://www.tiemposur.com.ar,Río Gallegos La Velada Patriótica será el 8 de Julio en el Boxing Club
2026-06-24,2026-W26,provincial,TIEMPO SUR,Santa Cruz,Patagonia,Santa Cruz,https://www.tiemposur.com.ar,redes sociales Los mejores memes tras la ceremonia de inauguración del Mundial 2026
2026-06-24,2026-W26,provincial,TIEMPO SUR,Santa Cruz,Patagonia,Santa Cruz,https://www.tiemposur.com.ar,Almacén Lihuen Ricardo López: “Es una apuesta a incorporar la carne de guanaco en la mesa familiar”
2026-06-24,2026-W26,provincial,TIEMPO SUR,Santa Cruz,Patagonia,Santa Cruz,https://www.tiemposur.com.ar,"Comercialización Lunzevich: ""Es un local exclusivo donde todo lo que se vende es guanaco"""
2026-06-24,2026-W26,provincial,TIEMPO SUR,Santa Cruz,Patagonia,Santa Cruz,https://www.tiemposur.com.ar,"Sanidad Quirino Pereira: ""Nación no financia nada de la salud pública municipal y Provincia tampoco"""
2026-06-24,2026-W26,provincial,TIEMPO SUR,Santa Cruz,Patagonia,Santa Cruz,https://www.tiemposur.com.ar,"Espacios Verdes Ramirez: ""Estamos teniendo hechos de vandalismo seguidos"""
2026-06-24,2026-W26,provincial,TIEMPO SUR,Santa Cruz,Patagonia,Santa Cruz,https://www.tiemposur.com.ar,Tiro Pandullo cerró el Apertura con otra victoria y se quedó con el título en Pistola Neumática
2026-06-24,2026-W26,provincial,TIEMPO SUR,Santa Cruz,Patagonia,Santa Cruz,https://www.tiemposur.com.ar,Consejo del Salario Crio. Lidia Mario: “No nos están dando una respuesta favorable”
2026-06-24,2026-W26,provincial,TIEMPO SUR,Santa Cruz,Patagonia,Santa Cruz,https://www.tiemposur.com.ar,Había que vender Alejandro Tirachini: “Estaban especulando con una devaluación y se sobre stockearon”
2026-06-24,2026-W26,provincial,TIEMPO SUR,Santa Cruz,Patagonia,Santa Cruz,https://www.tiemposur.com.ar,"ARA San Juan Luis Tagliapietra: “Pase lo que pase, ninguno va a estar satisfecho con el veredicto”"
2026-06-24,2026-W26,provincial,TIEMPO SUR,Santa Cruz,Patagonia,Santa Cruz,https://www.tiemposur.com.ar,Con el respaldo de Vidal Santa Cruz Sustentable garantiza el pago del aguinaldo a sus trabajadores
2026-06-24,2026-W26,provincial,TIEMPO SUR,Santa Cruz,Patagonia,Santa Cruz,https://www.tiemposur.com.ar,"Conflicto policial Lorena Ponce: “Si no escuchan, difícilmente se pueda buscar una solución”"
2026-06-24,2026-W26,provincial,TIEMPO SUR,Santa Cruz,Patagonia,Santa Cruz,https://www.tiemposur.com.ar,Cobertura de TiempoSur Punta Arenas: mañana comienza el Patagonia Light Festival
2026-06-24,2026-W26,provincial,TIEMPO SUR,Santa Cruz,Patagonia,Santa Cruz,https://www.tiemposur.com.ar,"Falta de quórum Godoy: ""El oficialismo tiene que dar explicaciones, hoy no son prioridad los trabajadores"""
2026-06-24,2026-W26,provincial,TIEMPO SUR,Santa Cruz,Patagonia,Santa Cruz,https://www.tiemposur.com.ar,Importante procedimiento Dos detenidos por caza furtiva en zona rural
2026-06-24,2026-W26,provincial,TIEMPO SUR,Santa Cruz,Patagonia,Santa Cruz,https://www.tiemposur.com.ar,Mundial 2026 Brasil va por la punta del Grupo ante una Escocia obligada a sumar
2026-06-24,2026-W26,provincial,TIEMPO SUR,Santa Cruz,Patagonia,Santa Cruz,https://www.tiemposur.com.ar,Mundial 2026 Marruecos y Haití en un duelo definitorio en el Grupo C
2026-06-24,2026-W26,provincial,TIEMPO SUR,Santa Cruz,Patagonia,Santa Cruz,https://www.tiemposur.com.ar,Mundial 2026 Bosnia y Qatar a todo o nada por el tercer lugar para soñar con la clasificación
2026-06-24,2026-W26,provincial,TIEMPO SUR,Santa Cruz,Patagonia,Santa Cruz,https://www.tiemposur.com.ar,Mundial 2026 Suiza y Canadá definen el primer puesto del Grupo B
2026-06-24,2026-W26,provincial,TIEMPO SUR,Santa Cruz,Patagonia,Santa Cruz,https://www.tiemposur.com.ar,Mundial 2026 Panamá se sumó a la lista: cuántas selecciones ya quedaron eliminadas
2026-06-24,2026-W26,provincial,TIEMPO SUR,Santa Cruz,Patagonia,Santa Cruz,https://www.tiemposur.com.ar,"Mundial 2026 Con una actuación estelar de Messi, la Selección goleó 3-0 a Argelia en su debut"
2026-06-24,2026-W26,provincial,TIEMPO SUR,Santa Cruz,Patagonia,Santa Cruz,https://www.tiemposur.com.ar,Mundial 2026 Otro golazo de Messi y un hat-trick inolvidable ante Argelia
2026-06-24,2026-W26,provincial,TIEMPO SUR,Santa Cruz,Patagonia,Santa Cruz,https://www.tiemposur.com.ar,160 inversiones Crece en Argentina la inversión en hotelería turística
2026-06-24,2026-W26,provincial,TIEMPO SUR,Santa Cruz,Patagonia,Santa Cruz,https://www.tiemposur.com.ar,Zafra 2025/2026 Las exportaciones de lana aumentaron 57%
2026-06-24,2026-W26,provincial,TIEMPO SUR,Santa Cruz,Patagonia,Santa Cruz,https://www.tiemposur.com.ar,"Operativo “El álbum más buscado"" La Federal secuestró más de 2000 álbumes del mundial de fútbol FIFA 2026"
2026-06-24,2026-W26,provincial,TIEMPO SUR,Santa Cruz,Patagonia,Santa Cruz,https://www.tiemposur.com.ar,A 74 años El Gobierno Provincial acompañó el acto aniversario de la X Brigada Aérea
2026-06-24,2026-W26,provincial,TIEMPO SUR,Santa Cruz,Patagonia,Santa Cruz,https://www.tiemposur.com.ar,Tacopa Colectivos anuncian alza de tarifas y pasajes llegarán a los $1.000
2026-06-24,2026-W26,provincial,TIEMPO SUR,Santa Cruz,Patagonia,Santa Cruz,https://www.tiemposur.com.ar,Chubut Becaria fue distinguida a nivel nacional por su aporte a la ciencia y la tecnología
2026-06-24,2026-W26,provincial,TIEMPO SUR,Santa Cruz,Patagonia,Santa Cruz,https://www.tiemposur.com.ar,Informe Nacional Tuberculosis: alerta por el aumento de casos en Argentina
2026-06-24,2026-W26,provincial,TIEMPO SUR,Santa Cruz,Patagonia,Santa Cruz,https://www.tiemposur.com.ar,Ruta Nacional N°40 Norte Vialidad Provincial realizó tareas de despeje de nieve y distribución de sal
2026-06-24,2026-W26,provincial,TIEMPO SUR,Santa Cruz,Patagonia,Santa Cruz,https://www.tiemposur.com.ar,"Recomendada Se inauguró “Pasión y Gloria”, la muestra que celebra el fútbol en Santa Cruz"
2026-06-24,2026-W26,provincial,TIEMPO SUR,Santa Cruz,Patagonia,Santa Cruz,https://www.tiemposur.com.ar,TSJ Ordenan regularizar en tres meses juzgados de Caleta Olivia y Pico Truncado
2026-06-24,2026-W26,provincial,TIEMPO SUR,Santa Cruz,Patagonia,Santa Cruz,https://www.tiemposur.com.ar,Convocatoria Educación extiende hasta el 8 de julio la inscripción a la Comisión Evaluadora de Proyectos 2026
2026-06-24,2026-W26,provincial,TIEMPO SUR,Santa Cruz,Patagonia,Santa Cruz,https://www.tiemposur.com.ar,95° aniversario Othar acompañó la inauguración de la tienda y los nuevos vestuarios de USMA
2026-06-24,2026-W26,provincial,TIEMPO SUR,Santa Cruz,Patagonia,Santa Cruz,https://www.tiemposur.com.ar,Negociación Comenzó una nueva jornada de paritaria docente
2026-06-24,2026-W26,provincial,TIEMPO SUR,Santa Cruz,Patagonia,Santa Cruz,https://www.tiemposur.com.ar,Con IA El Senado debate la ley de Sociedades que permite armar empresas sin control estatal
2026-06-24,2026-W26,provincial,TIEMPO SUR,Santa Cruz,Patagonia,Santa Cruz,https://www.tiemposur.com.ar,Club Pirque de Epuyén Torres ratificó el acompañamiento a los clubes del interior
2026-06-24,2026-W26,provincial,TIEMPO SUR,Santa Cruz,Patagonia,Santa Cruz,https://www.tiemposur.com.ar,24/06/2026 - Planeta en Tiempo Sur
2026-06-24,2026-W26,provincial,TIEMPO SUR,Santa Cruz,Patagonia,Santa Cruz,https://www.tiemposur.com.ar,24/06/2026 - La Sobremesa en Tiempo Sur
2026-06-24,2026-W26,provincial,TIEMPO SUR,Santa Cruz,Patagonia,Santa Cruz,https://www.tiemposur.com.ar,23/06/2026 - Tiempo Deportivo en Tiempo Sur
2026-06-24,2026-W26,provincial,TIEMPO SUR,Santa Cruz,Patagonia,Santa Cruz,https://www.tiemposur.com.ar,23/06/2026 - Planeta en Tiempo Sur
2026-06-24,2026-W26,provincial,TIEMPO SUR,Santa Cruz,Patagonia,Santa Cruz,https://www.tiemposur.com.ar,23/06/2026 - La Sobremesa en Tiempo Sur
2026-06-24,2026-W26,provincial,EL SUREÑO,Tierra del Fuego,Patagonia,Río Grande,https://www.surenio.com.ar,Diario El Sureño
2026-06-24,2026-W26,provincial,EL SUREÑO,Tierra del Fuego,Patagonia,Río Grande,https://www.surenio.com.ar,«Gobierno en tu Barrio» llega con una edición mundial a Ushuaia y Río Grande
2026-06-24,2026-W26,provincial,EL SUREÑO,Tierra del Fuego,Patagonia,Río Grande,https://www.surenio.com.ar,Melella se reunió con productores de la Margen Sur para avanzar en la regularización de tierras
2026-06-24,2026-W26,provincial,EL SUREÑO,Tierra del Fuego,Patagonia,Río Grande,https://www.surenio.com.ar,Comienzan las inscripciones para el curso “Abordaje en Consumo Problemático”
2026-06-24,2026-W26,provincial,EL SUREÑO,Tierra del Fuego,Patagonia,Río Grande,https://www.surenio.com.ar,Aporte de la Cámara de Turismo a la tarifaria para las Termas del Río Valdez
2026-06-24,2026-W26,provincial,EL SUREÑO,Tierra del Fuego,Patagonia,Río Grande,https://www.surenio.com.ar,"Nodosa botó el Pesantar I, el arrastrero que reemplazará al Echizen Maru"
2026-06-24,2026-W26,provincial,EL SUREÑO,Tierra del Fuego,Patagonia,Río Grande,https://www.surenio.com.ar,Piden apartar al Fiscal Mayor de la investigación por las agresiones en la penitenciaría
2026-06-24,2026-W26,provincial,EL SUREÑO,Tierra del Fuego,Patagonia,Río Grande,https://www.surenio.com.ar,Juzgan a un hombre por intentar matar a otro durante una reunión
2026-06-24,2026-W26,provincial,EL SUREÑO,Tierra del Fuego,Patagonia,Río Grande,https://www.surenio.com.ar,"Agustín Tita, entre los diez diputados con más proyectos presentados"
2026-06-24,2026-W26,provincial,EL SUREÑO,Tierra del Fuego,Patagonia,Río Grande,https://www.surenio.com.ar,Inician las instancias locales de formación del Parlamento Juvenil
2026-06-24,2026-W26,provincial,EL SUREÑO,Tierra del Fuego,Patagonia,Río Grande,https://www.surenio.com.ar,AGENDA CULTURAL
2026-06-24,2026-W26,provincial,EL SUREÑO,Tierra del Fuego,Patagonia,Río Grande,https://www.surenio.com.ar,INTERNACIONALES
2026-06-24,2026-W26,provincial,EL SUREÑO,Tierra del Fuego,Patagonia,Río Grande,https://www.surenio.com.ar,Roberto Elías jugará el 26° Magistral Aniversario
2026-06-24,2026-W26,provincial,EL SUREÑO,Tierra del Fuego,Patagonia,Río Grande,https://www.surenio.com.ar,Nuevas autoridades en la Federación Fueguina de Hockey
2026-06-24,2026-W26,provincial,EL SUREÑO,Tierra del Fuego,Patagonia,Río Grande,https://www.surenio.com.ar,Colegio y Las Águilas se coronaron en la Copa del Sur
2026-06-24,2026-W26,provincial,EL SUREÑO,Tierra del Fuego,Patagonia,Río Grande,https://www.surenio.com.ar,Universitario derrotó a UOM y estiró su ventaja
2026-06-24,2026-W26,provincial,EL SUREÑO,Tierra del Fuego,Patagonia,Río Grande,https://www.surenio.com.ar,Emotivo homenaje a Ramón Gumercindo Acosta
2026-06-24,2026-W26,provincial,EL SUREÑO,Tierra del Fuego,Patagonia,Río Grande,https://www.surenio.com.ar,Causa Malvinas en la currícula educativa provincial
2026-06-24,2026-W26,provincial,EL SUREÑO,Tierra del Fuego,Patagonia,Río Grande,https://www.surenio.com.ar,Recuerdan medidas para prevenir el congelamiento de las cañerías
2026-06-24,2026-W26,provincial,EL SUREÑO,Tierra del Fuego,Patagonia,Río Grande,https://www.surenio.com.ar,Cena a beneficio de LUCCAU con show de Los Tekis
2026-06-24,2026-W26,provincial,EL SUREÑO,Tierra del Fuego,Patagonia,Río Grande,https://www.surenio.com.ar,Primera ronda del ciclo “Construir futuro juntas”
2026-06-24,2026-W26,provincial,EL SUREÑO,Tierra del Fuego,Patagonia,Río Grande,https://www.surenio.com.ar,El Municipio impulsa la formación en oficios rurales
2026-06-24,2026-W26,provincial,EL SUREÑO,Tierra del Fuego,Patagonia,Río Grande,https://www.surenio.com.ar,Destacan la apertura del Centro de Desarrollo Infantil
2026-06-24,2026-W26,provincial,EL SUREÑO,Tierra del Fuego,Patagonia,Río Grande,https://www.surenio.com.ar,Educación garantiza la continuidad del Jardín 4 y la Escuela 19 de Río Grande
2026-06-24,2026-W26,provincial,EL SUREÑO,Tierra del Fuego,Patagonia,Río Grande,https://www.surenio.com.ar,Alumnos del CENT 35 visitaron el Concejo Deliberante
2026-06-24,2026-W26,provincial,EL SUREÑO,Tierra del Fuego,Patagonia,Río Grande,https://www.surenio.com.ar,El Colegio «Alicia Moreau de Justo» presentó su bandera institucional
2026-06-24,2026-W26,provincial,EL SUREÑO,Tierra del Fuego,Patagonia,Río Grande,https://www.surenio.com.ar,“Naturaleza: el gran rompecabezas” acerca la biodiversidad a las infancias
2026-06-24,2026-W26,provincial,EL SUREÑO,Tierra del Fuego,Patagonia,Río Grande,https://www.surenio.com.ar,Jóvenes becarios realizan un programa de formación intensivo
2026-06-24,2026-W26,provincial,EL SUREÑO,Tierra del Fuego,Patagonia,Río Grande,https://www.surenio.com.ar,Prevención del suicidio: charla para que los adultos acompañen a los jóvenes
2026-06-24,2026-W26,provincial,EL SUREÑO,Tierra del Fuego,Patagonia,Río Grande,https://www.surenio.com.ar,Tuberculosis: alerta por el aumento de casos en Argentina
2026-06-24,2026-W26,provincial,EL SUREÑO,Tierra del Fuego,Patagonia,Río Grande,https://www.surenio.com.ar,Examen de ingreso a las residencias del sistema público de salud
2026-06-24,2026-W26,provincial,EL SUREÑO,Tierra del Fuego,Patagonia,Río Grande,https://www.surenio.com.ar,Salud fortalece la respuesta rápida contra el sarampión
2026-06-24,2026-W26,provincial,EL SUREÑO,Tierra del Fuego,Patagonia,Río Grande,https://www.surenio.com.ar,CEMEP: Tecnología de última generación para mejorar el diagnóstico del cáncer de próstata
2026-06-24,2026-W26,provincial,EL SUREÑO,Tierra del Fuego,Patagonia,Río Grande,https://www.surenio.com.ar,ATSA convocó a un paro provincial para este miércoles
2026-06-24,2026-W26,provincial,EL SUREÑO,Tierra del Fuego,Patagonia,Río Grande,https://www.surenio.com.ar,Retoman los paros en las universidades
2026-06-24,2026-W26,provincial,EL SUREÑO,Tierra del Fuego,Patagonia,Río Grande,https://www.surenio.com.ar,Una historia basada en hechos reales: Proyectarán la película argentina “Belén”
2026-06-24,2026-W26,provincial,EL SUREÑO,Tierra del Fuego,Patagonia,Río Grande,https://www.surenio.com.ar,UNTDF Convoca Casa 2026: Convocatoria para proyectos expositivos
2026-06-24,2026-W26,provincial,EL SUREÑO,Tierra del Fuego,Patagonia,Río Grande,https://www.surenio.com.ar,Apertura de la muestra “Meteo Made in Italy”
2026-06-24,2026-W26,provincial,EL SUREÑO,Tierra del Fuego,Patagonia,Río Grande,https://www.surenio.com.ar,Estudiantes del Colegio Nacional Ushuaia exponen en el CCNA
2026-06-24,2026-W26,provincial,EL SUREÑO,Tierra del Fuego,Patagonia,Río Grande,https://www.surenio.com.ar,Padre e hija presentaron sus libros en el Día del Escritor
2026-06-24,2026-W26,provincial,EL SUREÑO,Tierra del Fuego,Patagonia,Río Grande,https://www.surenio.com.ar,Scioli: «El turismo enseña sobre nuestros recursos naturales e historia”
2026-06-24,2026-W26,provincial,EL SUREÑO,Tierra del Fuego,Patagonia,Río Grande,https://www.surenio.com.ar,El INFUETUR apuntala a emprendedores locales para potenciar al turismo regional
2026-06-24,2026-W26,provincial,EL SUREÑO,Tierra del Fuego,Patagonia,Río Grande,https://www.surenio.com.ar,Comodoro Rivadavia impulsa el turismo deportivo con una alianza estratégica
2026-06-24,2026-W26,provincial,EL SUREÑO,Tierra del Fuego,Patagonia,Río Grande,https://www.surenio.com.ar,Emprendimiento jujeño vincula turistas con pueblos originarios
2026-06-24,2026-W26,provincial,EL SUREÑO,Tierra del Fuego,Patagonia,Río Grande,https://www.surenio.com.ar,Feriados largos: advierten por el impacto en las economías regionales
2026-06-24,2026-W26,provincial,EL SUREÑO,Tierra del Fuego,Patagonia,Río Grande,https://www.surenio.com.ar,Tristeza en el mundo del espectáculo: murió actriz y vedette que trabajó con Tato Bores y Mirtha Legrand
2026-06-24,2026-W26,provincial,EL SUREÑO,Tierra del Fuego,Patagonia,Río Grande,https://www.surenio.com.ar,Los Premios Gardel serán conducidos por Diego Leuco y contarán con público general por primera vez
2026-06-24,2026-W26,provincial,EL SUREÑO,Tierra del Fuego,Patagonia,Río Grande,https://www.surenio.com.ar,La V Jornada Federal de Vinculación Tecnológica en la UNDAV redefine el futuro de la IA y la inclusión social en Argentina
2026-06-24,2026-W26,provincial,EL SUREÑO,Tierra del Fuego,Patagonia,Río Grande,https://www.surenio.com.ar,China envía ocho satélites al espacio con cohete portador Lijian-1 Y14
2026-06-24,2026-W26,provincial,EL SUREÑO,Tierra del Fuego,Patagonia,Río Grande,https://www.surenio.com.ar,Mi único héroe en este lío: adiós Indio Solari
2026-06-24,2026-W26,provincial,RED 23 NOTICIAS,Tierra del Fuego,Patagonia,Río Grande,https://www.red23noticias.com.ar,Santilli recibió a Melella para discutir la reforma electoral
2026-06-24,2026-W26,provincial,RED 23 NOTICIAS,Tierra del Fuego,Patagonia,Río Grande,https://www.red23noticias.com.ar,Golpe a la producción: faenaron dos toros de alto valor en la Misión Salesiana
2026-06-24,2026-W26,provincial,RED 23 NOTICIAS,Tierra del Fuego,Patagonia,Río Grande,https://www.red23noticias.com.ar,"Jorge Canals destacó el inicio del diálogo con Nación, pero sin avances inmediatos para la provincia"
2026-06-24,2026-W26,provincial,RED 23 NOTICIAS,Tierra del Fuego,Patagonia,Río Grande,https://www.red23noticias.com.ar,Deluca celebró un año récord: Río Grande Activa creció 53% en plena crisis
2026-06-24,2026-W26,provincial,RED 23 NOTICIAS,Tierra del Fuego,Patagonia,Río Grande,https://www.red23noticias.com.ar,Hallaron muertos a dos adultos mayores y nadie sabe qué ocurrió
2026-06-24,2026-W26,provincial,RED 23 NOTICIAS,Tierra del Fuego,Patagonia,Río Grande,https://www.red23noticias.com.ar,La supuesta explosión en la venta de televisores por el Mundial resultó ser falsa
2026-06-24,2026-W26,provincial,RED 23 NOTICIAS,Tierra del Fuego,Patagonia,Río Grande,https://www.red23noticias.com.ar,SIPROSA logró abrir el diálogo con Economía después de meses de reclamos
2026-06-24,2026-W26,provincial,RED 23 NOTICIAS,Tierra del Fuego,Patagonia,Río Grande,https://www.red23noticias.com.ar,Expo PyME Fueguina: 37 empresas salen a mostrar el potencial productivo de Tierra del Fuego
2026-06-24,2026-W26,provincial,RED 23 NOTICIAS,Tierra del Fuego,Patagonia,Río Grande,https://www.red23noticias.com.ar,Pidieron la renuncia de Ariel Ciares
2026-06-24,2026-W26,provincial,RED 23 NOTICIAS,Tierra del Fuego,Patagonia,Río Grande,https://www.red23noticias.com.ar,Von der Thusen celebró que la Provincia vuelva a sentarse a negociar con el Gobierno nacional
2026-06-24,2026-W26,provincial,RED 23 NOTICIAS,Tierra del Fuego,Patagonia,Río Grande,https://www.red23noticias.com.ar,Se registraron 36 bajas comerciales y crece la preocupación en Tolhuin
2026-06-24,2026-W26,provincial,RED 23 NOTICIAS,Tierra del Fuego,Patagonia,Río Grande,https://www.red23noticias.com.ar,"Evacuación, perímetro y TEDAX: así fue el operativo por explosivos hallados en Río Grande"
2026-06-24,2026-W26,provincial,RED 23 NOTICIAS,Tierra del Fuego,Patagonia,Río Grande,https://www.red23noticias.com.ar,Caballero liquidó a Melella: “Es un clásico suyo echarle la culpa a otro”
2026-06-24,2026-W26,provincial,RED 23 NOTICIAS,Tierra del Fuego,Patagonia,Río Grande,https://www.red23noticias.com.ar,La Escuela 19 sigue sin clases y el Gobierno vuelve a prometer soluciones
2026-06-24,2026-W26,provincial,RED 23 NOTICIAS,Tierra del Fuego,Patagonia,Río Grande,https://www.red23noticias.com.ar,"Mientras denuncian a la ""casta"" en Tierra del Fuego, Pauli y Rodríguez blindan a Adorni en el Congreso"
2026-06-24,2026-W26,provincial,RED 23 NOTICIAS,Tierra del Fuego,Patagonia,Río Grande,https://www.red23noticias.com.ar,Flexibilización en marcha: Mirgor presentó un paquete de cambios que impacta sobre los trabajadores
2026-06-24,2026-W26,provincial,RED 23 NOTICIAS,Tierra del Fuego,Patagonia,Río Grande,https://www.red23noticias.com.ar,Del fin del mundo a la vanguardia médica: Joaquín Randón se capacitó con los mejores especialistas del planeta
2026-06-24,2026-W26,provincial,RED 23 NOTICIAS,Tierra del Fuego,Patagonia,Río Grande,https://www.red23noticias.com.ar,"Hielo negro, guanacos y exceso de velocidad: la combinación que puede ser fatal"
2026-06-24,2026-W26,provincial,RED 23 NOTICIAS,Tierra del Fuego,Patagonia,Río Grande,https://www.red23noticias.com.ar,Ausente con aviso: el Gobierno suspendió el informe de gestión
2026-06-24,2026-W26,provincial,RED 23 NOTICIAS,Tierra del Fuego,Patagonia,Río Grande,https://www.red23noticias.com.ar,"Argentina en una fecha: nacimientos, tragedias y leyendas que marcaron al país"
2026-06-24,2026-W26,provincial,RED 23 NOTICIAS,Tierra del Fuego,Patagonia,Río Grande,https://www.red23noticias.com.ar,Río Grande lanza una capacitación universitaria con alcance regional
2026-06-24,2026-W26,provincial,RED 23 NOTICIAS,Tierra del Fuego,Patagonia,Río Grande,https://www.red23noticias.com.ar,"Diputados: alianza entre libertarios, radicales y el PRO hizo caer la sesión"
2026-06-24,2026-W26,provincial,RED 23 NOTICIAS,Tierra del Fuego,Patagonia,Río Grande,https://www.red23noticias.com.ar,"El preocupante diagnóstico de Rivarola: locales vacíos, ventas en caída y empleo en riesgo"
2026-06-24,2026-W26,provincial,RED 23 NOTICIAS,Tierra del Fuego,Patagonia,Río Grande,https://www.red23noticias.com.ar,El voto de Andrade quedó contra las cuerdas: la impugnación ya está en la IGJ
2026-06-24,2026-W26,provincial,RED 23 NOTICIAS,Tierra del Fuego,Patagonia,Río Grande,https://www.red23noticias.com.ar,Concurso cuestionado: Gracianía denunció favoritismos y criterios poco transparentes
2026-06-24,2026-W26,provincial,RED 23 NOTICIAS,Tierra del Fuego,Patagonia,Río Grande,https://www.red23noticias.com.ar,"Tierra del Fuego: 44,2% de informalidad y 1 de cada 3 trabajadores están en tensión laboral"
2026-06-24,2026-W26,provincial,RED 23 NOTICIAS,Tierra del Fuego,Patagonia,Río Grande,https://www.red23noticias.com.ar,Rosana Bertone marcó diferencias con Vuoto y cuestionó el rumbo del peronismo fueguino
2026-06-24,2026-W26,provincial,RED 23 NOTICIAS,Tierra del Fuego,Patagonia,Río Grande,https://www.red23noticias.com.ar,Freites: “No podemos seguir regalando beneficios mientras se destruye el trabajo argentino”
2026-06-24,2026-W26,provincial,RED 23 NOTICIAS,Tierra del Fuego,Patagonia,Río Grande,https://www.red23noticias.com.ar,Barrio Procrear de Ushuaia: advierten riesgo de derrumbes y reclaman una intervención urgente
2026-06-24,2026-W26,provincial,RED 23 NOTICIAS,Tierra del Fuego,Patagonia,Río Grande,https://www.red23noticias.com.ar,"La Misión Salesiana apuesta al futuro: más producción, más educación y más trabajo fueguino"
2026-06-24,2026-W26,provincial,RED 23 NOTICIAS,Tierra del Fuego,Patagonia,Río Grande,https://www.red23noticias.com.ar,24 Horas: ATSA convoca a un paro y advierte por el deterioro del sistema
2026-06-24,2026-W26,provincial,RED 23 NOTICIAS,Tierra del Fuego,Patagonia,Río Grande,https://www.red23noticias.com.ar,Uber ya no deja plata: la salida que eligieron miles de fueguinos en la crisis
2026-06-24,2026-W26,provincial,RED 23 NOTICIAS,Tierra del Fuego,Patagonia,Río Grande,https://www.red23noticias.com.ar,"""No vamos a ceder"": Escobar rechazó de plano los cambios que impulsan las empresas"
2026-06-24,2026-W26,provincial,RED 23 NOTICIAS,Tierra del Fuego,Patagonia,Río Grande,https://www.red23noticias.com.ar,"Ajuste en marcha: proyectan recortes salariales, despidos y más pérdida de derechos laborales"
2026-06-24,2026-W26,provincial,RED 23 NOTICIAS,Tierra del Fuego,Patagonia,Río Grande,https://www.red23noticias.com.ar,"""No sabemos cuándo volverán"": crece la indignación por la crisis de la Escuela N°19"
2026-06-24,2026-W26,provincial,RED 23 NOTICIAS,Tierra del Fuego,Patagonia,Río Grande,https://www.red23noticias.com.ar,El Gobierno busca una mayoría para frenar la interpelación en el Senado
2026-06-24,2026-W26,provincial,RED 23 NOTICIAS,Tierra del Fuego,Patagonia,Río Grande,https://www.red23noticias.com.ar,El Comedor de María solicita leche en polvo para la merienda de los chicos
2026-06-24,2026-W26,provincial,RED 23 NOTICIAS,Tierra del Fuego,Patagonia,Río Grande,https://www.red23noticias.com.ar,El Día del Padre pasó sin pena ni gloria para el comercio fueguino
2026-06-24,2026-W26,provincial,RED 23 NOTICIAS,Tierra del Fuego,Patagonia,Río Grande,https://www.red23noticias.com.ar,Histórico fallo en Tierra del Fuego contra automotrices por la venta de vehículos
2026-06-24,2026-W26,provincial,RED 23 NOTICIAS,Tierra del Fuego,Patagonia,Río Grande,https://www.red23noticias.com.ar,"En cinco años, los nacimientos cayeron más de un 35% en Tierra del Fuego"
2026-06-24,2026-W26,provincial,RED 23 NOTICIAS,Tierra del Fuego,Patagonia,Río Grande,https://www.red23noticias.com.ar,"Franco alertó por hielo negro, viento y nieve: “Tenemos una sola ruta y la usamos todos”"
2026-06-24,2026-W26,provincial,RED 23 NOTICIAS,Tierra del Fuego,Patagonia,Río Grande,https://www.red23noticias.com.ar,"Placa Muebles en la mira: un ladrón entró, robó y quedó filmado"
2026-06-24,2026-W26,provincial,RED 23 NOTICIAS,Tierra del Fuego,Patagonia,Río Grande,https://www.red23noticias.com.ar,"El fantasma de los apagones sigue vigente: admiten que Ushuaia atravesará el invierno ""justito"""
2026-06-24,2026-W26,provincial,RED 23 NOTICIAS,Tierra del Fuego,Patagonia,Río Grande,https://www.red23noticias.com.ar,Más de 120 vuelos privados llegan a Ushuaia cada temporada para cruceros de lujo
2026-06-24,2026-W26,provincial,RED 23 NOTICIAS,Tierra del Fuego,Patagonia,Río Grande,https://www.red23noticias.com.ar,"Prometieron una solución definitiva, pero la ruta de San Sebastián volvió a llenarse de baches"
2026-06-24,2026-W26,provincial,RED 23 NOTICIAS,Tierra del Fuego,Patagonia,Río Grande,https://www.red23noticias.com.ar,"""Sin análisis no hay tratamiento"": la crisis del laboratorio del Hospital Regional"
2026-06-24,2026-W26,provincial,RED 23 NOTICIAS,Tierra del Fuego,Patagonia,Río Grande,https://www.red23noticias.com.ar,Judiciales profundizan las medidas de fuerza y anuncian una semana de protestas
2026-06-24,2026-W26,provincial,RED 23 NOTICIAS,Tierra del Fuego,Patagonia,Río Grande,https://www.red23noticias.com.ar,"Registraron un sismo de magnitud 5,1 en el Pasaje de Drake"
2026-06-24,2026-W26,provincial,RED 23 NOTICIAS,Tierra del Fuego,Patagonia,Río Grande,https://www.red23noticias.com.ar,Leve caída de las ventas por el Día del Padre y preocupación por el consumo
2026-06-24,2026-W26,provincial,RED 23 NOTICIAS,Tierra del Fuego,Patagonia,Río Grande,https://www.red23noticias.com.ar,La interpelación a Adorni avanza y expone una crisis que el Gobierno
2026-06-24,2026-W26,nacional,INFOBAE,Nacional,Nacional,Nacional,https://www.infobae.com,El Congreso aprobó el pago de USD 171 millones a holdouts que tenían títulos de deuda defaulteada de 2001
2026-06-24,2026-W26,nacional,INFOBAE,Nacional,Nacional,Nacional,https://www.infobae.com,"Alerta en la industria: mayo cerró con caída y casi el 40% de los sectores sigue en baja, según un informe privado"
2026-06-24,2026-W26,nacional,INFOBAE,Nacional,Nacional,Nacional,https://www.infobae.com,"Cayó “Lucía”, la policía que oficiaba de viuda negra: así engañó y desvalijó a un hombre de 64 años"
2026-06-24,2026-W26,nacional,INFOBAE,Nacional,Nacional,Nacional,https://www.infobae.com,"Con Gonzalo Aziz, Diego Iglesias, Malena De Los Ríos, Lacha Lazzari y Matías Barbería"
2026-06-24,2026-W26,nacional,INFOBAE,Nacional,Nacional,Nacional,https://www.infobae.com,El homenaje de la línea 39 a Messi por su cumpleaños que se volvió viral
2026-06-24,2026-W26,nacional,INFOBAE,Nacional,Nacional,Nacional,https://www.infobae.com,"La trampa de medirlo todo: qué revela la obsesión moderna por contar pasos, calorías y horas de sueño"
2026-06-24,2026-W26,nacional,INFOBAE,Nacional,Nacional,Nacional,https://www.infobae.com,El PRO pidió la interpelación de Adorni en el Senado y se diferencia de la postura del bloque en Diputados
2026-06-24,2026-W26,nacional,INFOBAE,Nacional,Nacional,Nacional,https://www.infobae.com,"Diputados: en medio de las críticas por el caso Adorni, se debate por el Súper RIGI"
2026-06-24,2026-W26,nacional,INFOBAE,Nacional,Nacional,Nacional,https://www.infobae.com,Boom exportador: las ventas de carne argentina a Estados Unidos se cuadruplicaron en mayo
2026-06-24,2026-W26,nacional,INFOBAE,Nacional,Nacional,Nacional,https://www.infobae.com,Los casos especiales que evaluará Scaloni en la formación alternativa de Argentina
2026-06-24,2026-W26,nacional,INFOBAE,Nacional,Nacional,Nacional,https://www.infobae.com,La emotiva carta de un fanático de 8 años para Messi en su cumpleaños
2026-06-24,2026-W26,nacional,INFOBAE,Nacional,Nacional,Nacional,https://www.infobae.com,El BID respaldará a YPF con USD 500 millones para ampliar la infraestructura de Vaca Muerta
2026-06-24,2026-W26,nacional,INFOBAE,Nacional,Nacional,Nacional,https://www.infobae.com,Cómo es la ciclogénesis que llegará al AMBA con temperaturas polares y fuertes tormentas
2026-06-24,2026-W26,nacional,INFOBAE,Nacional,Nacional,Nacional,https://www.infobae.com,El saludo de cumpleaños de Antonela a Messi: las fotos inéditas que subió y los mensajes romántico
2026-06-24,2026-W26,nacional,INFOBAE,Nacional,Nacional,Nacional,https://www.infobae.com,Abel Pintos le cantó el “Feliz cumpleaños” a Messi junto a 5 mil chicos: la reacción del capitán
2026-06-24,2026-W26,nacional,INFOBAE,Nacional,Nacional,Nacional,https://www.infobae.com,Barcelona insiste por Julián Álvarez: la nueva oferta que enviaría al Atlético Madrid tras el pedido del argentino
2026-06-24,2026-W26,nacional,INFOBAE,Nacional,Nacional,Nacional,https://www.infobae.com,La modificación histórica en los penales que analiza la FIFA para el Mundial 2026
2026-06-24,2026-W26,nacional,INFOBAE,Nacional,Nacional,Nacional,https://www.infobae.com,La sentencia del periodista amigo de Ronaldo en medio del debate sobre el mejor jugador del mundo
2026-06-24,2026-W26,nacional,INFOBAE,Nacional,Nacional,Nacional,https://www.infobae.com,"La doble vara: por qué expulsaron a Almirón en Paraguay por taparse la boca, pero no a Bellingham"
2026-06-24,2026-W26,nacional,INFOBAE,Nacional,Nacional,Nacional,https://www.infobae.com,Bosnia venció 3-1 a Qatar en la última fecha y terminó tercero en el Grupo B
2026-06-24,2026-W26,nacional,INFOBAE,Nacional,Nacional,Nacional,https://www.infobae.com,Suiza derrotó 2-1 a Canadá y finalizó primero en el Grupo B
2026-06-24,2026-W26,nacional,INFOBAE,Nacional,Nacional,Nacional,https://www.infobae.com,Así se definirán los grupos del Mundial en caso de igualdad de puntos: cómo funciona el desempate olímpico
2026-06-24,2026-W26,nacional,INFOBAE,Nacional,Nacional,Nacional,https://www.infobae.com,Se desploma el precio del Bitcoin y vuelve a negociarse debajo de los USD 60.000
2026-06-24,2026-W26,nacional,INFOBAE,Nacional,Nacional,Nacional,https://www.infobae.com,El sector autopartista profundizó su crisis: la producción acumula una caída de 9% y se perdieron más de 4.000 empleos
2026-06-24,2026-W26,nacional,INFOBAE,Nacional,Nacional,Nacional,https://www.infobae.com,"Un argentino entró a EEUU para ir a los parques de diversiones, se quedó por 20 años y ahora será deportado por ICE"
2026-06-24,2026-W26,nacional,INFOBAE,Nacional,Nacional,Nacional,https://www.infobae.com,"En medio de la messimanía, Aerolíneas Argentinas reforzó la ruta a Miami: el detalle de los nuevos vuelos para 16avos del Mundial"
2026-06-24,2026-W26,nacional,INFOBAE,Nacional,Nacional,Nacional,https://www.infobae.com,Cuánto debe ganar una familia para formar parte del 10% más rico en CABA
2026-06-24,2026-W26,nacional,INFOBAE,Nacional,Nacional,Nacional,https://www.infobae.com,El volcán neuquino Auca Mahuida entró en actividad y se inició un protocolo de monitoreo
2026-06-24,2026-W26,nacional,INFOBAE,Nacional,Nacional,Nacional,https://www.infobae.com,“Perdoname amor por todo”: el último mensaje de la madre del niño fallecido antes de ser detenida
2026-06-24,2026-W26,nacional,INFOBAE,Nacional,Nacional,Nacional,https://www.infobae.com,Femicidio de Agostina Vega: quién es la cuarta sospechosa y cuál es su vínculo con Barrelier
2026-06-24,2026-W26,nacional,INFOBAE,Nacional,Nacional,Nacional,https://www.infobae.com,La inversión cayó pese al RIGI y los esfuerzos del Gobierno por incentivarla
2026-06-24,2026-W26,nacional,INFOBAE,Nacional,Nacional,Nacional,https://www.infobae.com,Javier Milei y Flávio Bolsonaro se volverán a reunir en Argentina en un nuevo gesto de campaña frente a Lula
2026-06-24,2026-W26,nacional,INFOBAE,Nacional,Nacional,Nacional,https://www.infobae.com,"El gurú de la longevidad: ""Las proteínas animales contienen aminoácidos que aceleran el envejecimiento"""
2026-06-24,2026-W26,nacional,INFOBAE,Nacional,Nacional,Nacional,https://www.infobae.com,Termina el mecanismo que amortiguó los precios desde la guerra y crece la expectativa por los surtidores
2026-06-24,2026-W26,nacional,INFOBAE,Nacional,Nacional,Nacional,https://www.infobae.com,Milei inicia el primero de tres viajes al exterior: irá a España a dar una charla y tendrá reuniones con empresarios
2026-06-24,2026-W26,nacional,INFOBAE,Nacional,Nacional,Nacional,https://www.infobae.com,Tragedia en La Pampa: quiénes eran las cuatro hermanas que murieron ahogadas en un siniestro vial
2026-06-24,2026-W26,nacional,INFOBAE,Nacional,Nacional,Nacional,https://www.infobae.com,La película sobre Sam Altman que dirigió Luca Guadagnino no tiene quién la estrene
2026-06-24,2026-W26,nacional,INFOBAE,Nacional,Nacional,Nacional,https://www.infobae.com,"Juicio por Loan, en vivo: el insólito pedido de Alan Cañete antes de declarar ante el tribunal"
2026-06-24,2026-W26,nacional,INFOBAE,Nacional,Nacional,Nacional,https://www.infobae.com,Así están los cruces de 16avos de final tras finalizar la segunda fecha del Mundial 2026
2026-06-24,2026-W26,nacional,INFOBAE,Nacional,Nacional,Nacional,https://www.infobae.com,Comenzaron las obras en el Monumental de cara al Mundial 2030: los detalles
2026-06-24,2026-W26,nacional,INFOBAE,Nacional,Nacional,Nacional,https://www.infobae.com,Pidieron que Marcelo Porcel vaya a juicio oral por abusar sexualmente de 10 alumnos del colegio Palermo Chico
2026-06-24,2026-W26,nacional,INFOBAE,Nacional,Nacional,Nacional,https://www.infobae.com,Ordenaron inspeccionar la finca de Insaurralde en San Vicente para constatar si las imágenes de miles de dólares se filmaron en ese lugar
2026-06-24,2026-W26,nacional,INFOBAE,Nacional,Nacional,Nacional,https://www.infobae.com,ÚLTIMAS NOTICIAS
2026-06-24,2026-W26,nacional,INFOBAE,Nacional,Nacional,Nacional,https://www.infobae.com,"Fallo insólito: apuñaló 37 veces a una mujer, pero le dieron la pena mínima porque ""pidió disculpas"""
2026-06-24,2026-W26,nacional,INFOBAE,Nacional,Nacional,Nacional,https://www.infobae.com,Advierten que los incendios forestales aumentan la contaminación por ozono
2026-06-24,2026-W26,nacional,INFOBAE,Nacional,Nacional,Nacional,https://www.infobae.com,Las últimas horas de Rodrigo: el testimonio crudo de Patricia Pacheco sobre la noche que cambió todo
2026-06-24,2026-W26,nacional,INFOBAE,Nacional,Nacional,Nacional,https://www.infobae.com,"La palabra de Ekaterina, la joven del escándalo con la China Suárez y Mauro Icardi: “No lo dejé besarme”"
2026-06-24,2026-W26,nacional,INFOBAE,Nacional,Nacional,Nacional,https://www.infobae.com,"Tenía pedido de captura por una condena por abuso sexual, lo detectaron y lo detuvieron en CABA"
2026-06-24,2026-W26,nacional,INFOBAE,Nacional,Nacional,Nacional,https://www.infobae.com,"Volvían de Mendoza, asaltaron su auto y un niño de 12 años murió tras quedar enganchado y ser arrastrado"
2026-06-24,2026-W26,nacional,INFOBAE,Nacional,Nacional,Nacional,https://www.infobae.com,"Tras casi 7 años de cepo, las empresas energéticas reactivaron la transferencia de dividendos al exterior"
2026-06-24,2026-W26,nacional,LA NACIÓN,Nacional,Nacional,Nacional,https://www.lanacion.com.ar,Camino a la final. Argentina ya conoce su ruta en el Mundial y estos son los rivales más probables
2026-06-24,2026-W26,nacional,LA NACIÓN,Nacional,Nacional,Nacional,https://www.lanacion.com.ar,"Sobre un cálculo de probabilidades, es posible proyectar la ruta del equipo de Scaloni hacia el partido definitorio, con la ilusión de repetir lo de Qatar 2022"
2026-06-24,2026-W26,nacional,LA NACIÓN,Nacional,Nacional,Nacional,https://www.lanacion.com.ar,Diputados. El oficialismo aprobó un acuerdo con dos holdouts y ahora busca avanzar con el “Súper RIGI”
2026-06-24,2026-W26,nacional,LA NACIÓN,Nacional,Nacional,Nacional,https://www.lanacion.com.ar,Nueva derivación del caso. Hallaron cocaína y armas en el departamento donde viven Jesica Cirio y su pareja
2026-06-24,2026-W26,nacional,LA NACIÓN,Nacional,Nacional,Nacional,https://www.lanacion.com.ar,"""Messi abre puertas"". La ciudad que está desplazando a Miami como centro de atención de los argentinos"
2026-06-24,2026-W26,nacional,LA NACIÓN,Nacional,Nacional,Nacional,https://www.lanacion.com.ar,Dato oficial. Cuántos dólares tienen guardados los argentinos “debajo el colchón”
2026-06-24,2026-W26,nacional,LA NACIÓN,Nacional,Nacional,Nacional,https://www.lanacion.com.ar,"""Matrimonio vacío"". Por qué los adultos mayores se divorcian cada vez más y cómo se reacomodan a su nueva vida"
2026-06-24,2026-W26,nacional,LA NACIÓN,Nacional,Nacional,Nacional,https://www.lanacion.com.ar,"“Hay muerte por todas partes”. En el corazón del sudeste asiático, una guerra que el mundo olvidó es un apocalipsis ahora"
2026-06-24,2026-W26,nacional,LA NACIÓN,Nacional,Nacional,Nacional,https://www.lanacion.com.ar,"Juicio Sueños Compartidos. Un testigo declaró que vio “con una caja llena de plata” a Emilio Pérsico, que negó la acusación"
2026-06-24,2026-W26,nacional,LA NACIÓN,Nacional,Nacional,Nacional,https://www.lanacion.com.ar,Incógnita en Bariloche. Murió por hantavirus una mujer de 45 años y el caso llama la atención de los especialistas
2026-06-24,2026-W26,nacional,LA NACIÓN,Nacional,Nacional,Nacional,https://www.lanacion.com.ar,Calor extremo en Europa. Qué se espera para el próximo verano en la Argentina
2026-06-24,2026-W26,nacional,LA NACIÓN,Nacional,Nacional,Nacional,https://www.lanacion.com.ar,"A FONDO El guardarropas de ""El Chacal"". Qué esconden los cajones con millones de dólares en la casa de Insaurralde y Cirio"
2026-06-24,2026-W26,nacional,LA NACIÓN,Nacional,Nacional,Nacional,https://www.lanacion.com.ar,“Podría levantarme en armas”. La explosiva reacción de Petro tras la derrota de su delfín y la grave acusación contra Trump
2026-06-24,2026-W26,nacional,LA NACIÓN,Nacional,Nacional,Nacional,https://www.lanacion.com.ar,"Leyó la nota, levantó la vista y la vio. La increíble cadena solidaria que permitió encontrar a Daiana"
2026-06-24,2026-W26,nacional,LA NACIÓN,Nacional,Nacional,Nacional,https://www.lanacion.com.ar,"Por el pueblo de Cars. Más de 800 kilómetros por la Ruta 66, un asado con un exembajador y la intimidad de los hinchas"
2026-06-24,2026-W26,nacional,LA NACIÓN,Nacional,Nacional,Nacional,https://www.lanacion.com.ar,"Acusados, en silencio. Giro inesperado en el juicio por la desaparición de Loan Peña: el tribunal citó a declarar a Elisa Carrió"
2026-06-24,2026-W26,nacional,LA NACIÓN,Nacional,Nacional,Nacional,https://www.lanacion.com.ar,Causó furor. El Conicet reveló detalles de su próxima expedición al fondo del mar
2026-06-24,2026-W26,nacional,LA NACIÓN,Nacional,Nacional,Nacional,https://www.lanacion.com.ar,Nuevo escándalo. Detienen a una española en Brasil por un comentario racista en un avión tras los casos de turistas argentinos
2026-06-24,2026-W26,nacional,LA NACIÓN,Nacional,Nacional,Nacional,https://www.lanacion.com.ar,"Lala Bruzoni. Habla del duelo por la separación de Juan Pablo Varsky, de la búsqueda de un “amor sano” y de sus sueños"
2026-06-24,2026-W26,nacional,LA NACIÓN,Nacional,Nacional,Nacional,https://www.lanacion.com.ar,"Templo Filadelfia. Pidieron condenar a 27 acusados por asociación ilícita, trata laboral y reducción a la servidumbre"
2026-06-24,2026-W26,nacional,LA NACIÓN,Nacional,Nacional,Nacional,https://www.lanacion.com.ar,Trump la quiere comprar. La isla que tiene solo 56.000 habitantes y puede ser una “mina de oro”
2026-06-24,2026-W26,nacional,LA NACIÓN,Nacional,Nacional,Nacional,https://www.lanacion.com.ar,39 años. La sorpresa que le dieron a Messi sus compañeros de selección y Chiqui Tapia en el día de su cumpleaños
2026-06-24,2026-W26,nacional,LA NACIÓN,Nacional,Nacional,Nacional,https://www.lanacion.com.ar,"Vestuario con sorpresas. Regalos y una carta de despedida: el gesto de Jordania tras su eliminación, antes de enfrentar a Argentina"
2026-06-24,2026-W26,nacional,LA NACIÓN,Nacional,Nacional,Nacional,https://www.lanacion.com.ar,Las razones de Infantino. ¿El Mundial 2026 ya es el más exitoso de la historia?
2026-06-24,2026-W26,nacional,LA NACIÓN,Nacional,Nacional,Nacional,https://www.lanacion.com.ar,"En Vancouver. Suiza resistió todos los embates aéreos de Canadá, lo venció por 2-1 y terminó primero en el grupo B"
2026-06-24,2026-W26,nacional,LA NACIÓN,Nacional,Nacional,Nacional,https://www.lanacion.com.ar,Mejor tercero. Bosnia-Herzegovina le ganó a Qatar y está casi clasificado a 16avos de final: ¿lo espera un anfitrión?
2026-06-24,2026-W26,nacional,LA NACIÓN,Nacional,Nacional,Nacional,https://www.lanacion.com.ar,"""¿Doble vara?"". La imagen de Bellingham que recorre el mundo y desató la furia de Paraguay"
2026-06-24,2026-W26,nacional,LA NACIÓN,Nacional,Nacional,Nacional,https://www.lanacion.com.ar,El nuevo método de la FIFA. Desempate olímpico: última fecha con suplentes y una definición que puede distorsionarse
2026-06-24,2026-W26,nacional,LA NACIÓN,Nacional,Nacional,Nacional,https://www.lanacion.com.ar,"El árbitro vs. Jordania. Hombre récord en Europa, dirigió el partido 1000 en los mundiales y tiene un antecedente polémico en la Champions"
2026-06-24,2026-W26,nacional,LA NACIÓN,Nacional,Nacional,Nacional,https://www.lanacion.com.ar,"Los 39 de Messi. Los cumpleaños del crack con la selección: cómo cambió el futbolista, el capitán y el hombre"
2026-06-24,2026-W26,nacional,LA NACIÓN,Nacional,Nacional,Nacional,https://www.lanacion.com.ar,Gira. La visita del papa León XIV a la Argentina en noviembre durará tres días
2026-06-24,2026-W26,nacional,LA NACIÓN,Nacional,Nacional,Nacional,https://www.lanacion.com.ar,"“Quien no entiende alemán, se queda afuera”. La polémica regla de un lago turístico que desató un escándalo nacional"
2026-06-24,2026-W26,nacional,LA NACIÓN,Nacional,Nacional,Nacional,https://www.lanacion.com.ar,“Nos preparamos para ese día”. Una pregunta desvela a los científicos a medida que el verano bate récords de calor en Europa
2026-06-24,2026-W26,nacional,LA NACIÓN,Nacional,Nacional,Nacional,https://www.lanacion.com.ar,"“El uno de un gobierno corrupto”. Una tensa sesión, una frase demoledora y una decisión judicial que complica a la esposa de Sánchez"
2026-06-24,2026-W26,nacional,LA NACIÓN,Nacional,Nacional,Nacional,https://www.lanacion.com.ar,Sin tregua. Gran Bretaña alcanza su junio más caluroso y Francia suma dos días consecutivos de récords
2026-06-24,2026-W26,nacional,LA NACIÓN,Nacional,Nacional,Nacional,https://www.lanacion.com.ar,Declaró “Pan Dulce”. Un testigo confirmó que trasladó dólares desde la oficina de Piccirillo a la casa de Martín Migueles
2026-06-24,2026-W26,nacional,LA NACIÓN,Nacional,Nacional,Nacional,https://www.lanacion.com.ar,Subió más de 4% en el mes. El dólar oficial llegó a $1500 en algunos bancos y el blue alcanzó su valor más alto del año
2026-06-24,2026-W26,nacional,LA NACIÓN,Nacional,Nacional,Nacional,https://www.lanacion.com.ar,Descompresión bélica. El Gobierno suma un inesperado aliado para bajar la inflación
2026-06-24,2026-W26,nacional,LA NACIÓN,Nacional,Nacional,Nacional,https://www.lanacion.com.ar,Brasil creció tres veces más que la Argentina. Un diputado hizo una contundente comparación en una tesis sobre el agro
2026-06-24,2026-W26,nacional,LA NACIÓN,Nacional,Nacional,Nacional,https://www.lanacion.com.ar,Por US$270 millones. La Justicia emplazó a Caputo para que defina si avala un crédito del Banco Mundial para Kicillof
2026-06-24,2026-W26,nacional,LA NACIÓN,Nacional,Nacional,Nacional,https://www.lanacion.com.ar,“No alcanza con ser verdes”. El nuevo desafío que atraviesa a las empresas
2026-06-24,2026-W26,nacional,LA NACIÓN,Nacional,Nacional,Nacional,https://www.lanacion.com.ar,Futuro sostenible. Cómo tres industrias clave lideran el cambio a través de la innovación y la cadena de valor
2026-06-24,2026-W26,nacional,LA NACIÓN,Nacional,Nacional,Nacional,https://www.lanacion.com.ar,¿La sustentabilidad pasó de moda? El giro de las empresas hacia una agenda con menos discurso
2026-06-24,2026-W26,nacional,LA NACIÓN,Nacional,Nacional,Nacional,https://www.lanacion.com.ar,“No es un área aparte”. La frase que marca el futuro de las empresas
2026-06-24,2026-W26,nacional,LA NACIÓN,Nacional,Nacional,Nacional,https://www.lanacion.com.ar,"Figuritas, empresas y solidaridad. La historia de la campaña que nació entre chicos y ya recorre el país"
2026-06-24,2026-W26,nacional,LA NACIÓN,Nacional,Nacional,Nacional,https://www.lanacion.com.ar,"""Absoluto silencio"". Se negaron a declarar los dos franceses implicados en el caso de las encomiendas “contaminadas” con cocaína"
2026-06-24,2026-W26,nacional,LA NACIÓN,Nacional,Nacional,Nacional,https://www.lanacion.com.ar,Así suena la partitura inédita. Este es el descubrimiento sobre Mozart más importante en décadas
2026-06-24,2026-W26,nacional,LA NACIÓN,Nacional,Nacional,Nacional,https://www.lanacion.com.ar,En fotos. Del día de playa de Zaira Nara en Miami en pleno Mundial a los increíbles looks de Zendaya
2026-06-24,2026-W26,nacional,LA NACIÓN,Nacional,Nacional,Nacional,https://www.lanacion.com.ar,“¡Yo la tengo! ¡Yo la tengo!”. El peluquero canino que sacó una foto icónica y reveló la verdad de “La mano de Dios”
2026-06-24,2026-W26,nacional,LA NACIÓN,Nacional,Nacional,Nacional,https://www.lanacion.com.ar,La Plata. Allanaron la casa de un chico de 16 años al que filmaron practicando tiro: había 25 armas y miles de municiones
2026-06-24,2026-W26,nacional,CLARÍN,Nacional,Nacional,Nacional,https://www.clarin.com,Escocia vs Brasil
2026-06-24,2026-W26,nacional,CLARÍN,Nacional,Nacional,Nacional,https://www.clarin.com,Selección Argentina
2026-06-24,2026-W26,nacional,CLARÍN,Nacional,Nacional,Nacional,https://www.clarin.com,Suiza vs Canadá
2026-06-24,2026-W26,nacional,CLARÍN,Nacional,Nacional,Nacional,https://www.clarin.com,Bosnia vs Qatar
2026-06-24,2026-W26,nacional,CLARÍN,Nacional,Nacional,Nacional,https://www.clarin.com,"En medio de la ofensiva opositora por Adorni, el Gobierno logró que Diputados apruebe el pago a los fondos buitre"
2026-06-24,2026-W26,nacional,CLARÍN,Nacional,Nacional,Nacional,https://www.clarin.com,Sigue la sesión en Diputados: ahora el oficialismo busca que se apruebe el Súper RIGI
2026-06-24,2026-W26,nacional,CLARÍN,Nacional,Nacional,Nacional,https://www.clarin.com,El tuit de Adorni desató un fuerte cortocircuito en el oficialismo y los aliados empujan la interpelación
2026-06-24,2026-W26,nacional,CLARÍN,Nacional,Nacional,Nacional,https://www.clarin.com,Messi mostró la intimidad de su cumpleaños 39 con la Selección: el detalle que se hizo viral
2026-06-24,2026-W26,nacional,CLARÍN,Nacional,Nacional,Nacional,https://www.clarin.com,Ordenaron una inspección en una casa de Insaurralde y peritar el celular de Jesica Cirio
2026-06-24,2026-W26,nacional,CLARÍN,Nacional,Nacional,Nacional,https://www.clarin.com,"El dólar llegó a los $1.500: el BCRA compra menos, opera en futuros y vende bonos"
2026-06-24,2026-W26,nacional,CLARÍN,Nacional,Nacional,Nacional,https://www.clarin.com,"La gratitud de los hinchas con Messi, el día de su cumpleaños"
2026-06-24,2026-W26,nacional,CLARÍN,Nacional,Nacional,Nacional,https://www.clarin.com,El regalo sorpresa de los jugadores de la Selección a Messi por su cumpleaños: la reacción del capitán
2026-06-24,2026-W26,nacional,CLARÍN,Nacional,Nacional,Nacional,https://www.clarin.com,"Suiza terminó con el invicto de Canadá, se quedó con su zona y mandó a los locales al segundo puesto"
2026-06-24,2026-W26,nacional,CLARÍN,Nacional,Nacional,Nacional,https://www.clarin.com,"Messi, entre los récords y el descanso: ¿hay que cuidarlo contra Jordania o dejarlo ir por más historia?"
2026-06-24,2026-W26,nacional,CLARÍN,Nacional,Nacional,Nacional,https://www.clarin.com,"Dallas, copada de argentinos: precios increíbles por las entradas y la última viveza criolla"
2026-06-24,2026-W26,nacional,CLARÍN,Nacional,Nacional,Nacional,https://www.clarin.com,La FIFA analiza cambiar una regla histórica de las tandas de penales en pleno Mundial
2026-06-24,2026-W26,nacional,CLARÍN,Nacional,Nacional,Nacional,https://www.clarin.com,Escándalo de las “Propofest”: confirman el procesamiento de los anestesistas Hernán Boveri y Fini Lanusse
2026-06-24,2026-W26,nacional,CLARÍN,Nacional,Nacional,Nacional,https://www.clarin.com,Esferas de hielo y un cielo mágico: la espectacular foto de un fenómeno único que se vivió en un rincón de la Patagonia
2026-06-24,2026-W26,nacional,CLARÍN,Nacional,Nacional,Nacional,https://www.clarin.com,Tragedia del rope jumping en Brasil: revelaron quién le sacó la cámara Go Pro a María Eduarda
2026-06-24,2026-W26,nacional,CLARÍN,Nacional,Nacional,Nacional,https://www.clarin.com,Preocupa una bacteria cuyo contagio no para de crecer y causa una muerte cada siete horas pese a tener cura
2026-06-24,2026-W26,nacional,CLARÍN,Nacional,Nacional,Nacional,https://www.clarin.com,Piden que el empresario Marcelo Porcel vaya a juicio acusado por el abuso sexual a compañeros de su hijo
2026-06-24,2026-W26,nacional,CLARÍN,Nacional,Nacional,Nacional,https://www.clarin.com,"Hospitales saturados, demanda récord de ventiladores y temor a repetir la tragedia de 2003"
2026-06-24,2026-W26,nacional,CLARÍN,Nacional,Nacional,Nacional,https://www.clarin.com,Bosnia le ganó a una muy pobre Qatar y mantiene la ilusión de clasificar entre los mejores terceros
2026-06-24,2026-W26,nacional,CLARÍN,Nacional,Nacional,Nacional,https://www.clarin.com,"Qué hacían Maradona, Pelé, Cruyff y Di Stéfano al borde de las cuatro décadas"
2026-06-24,2026-W26,nacional,CLARÍN,Nacional,Nacional,Nacional,https://www.clarin.com,Qué opinan los jugadores y entrenadores del Mundial sobre las pausas de hidratación
2026-06-24,2026-W26,nacional,CLARÍN,Nacional,Nacional,Nacional,https://www.clarin.com,Antonela Roccuzzo saludó a Messi con el posteo más dulce del Mundial y fotos inéditas: “Te tenemos a vos”
2026-06-24,2026-W26,nacional,CLARÍN,Nacional,Nacional,Nacional,https://www.clarin.com,Por qué el mejor gol de Messi es el último
2026-06-24,2026-W26,nacional,CLARÍN,Nacional,Nacional,Nacional,https://www.clarin.com,"Milei recupera el control sobre su jefe de Gabinete, más de cien días después"
2026-06-24,2026-W26,nacional,CLARÍN,Nacional,Nacional,Nacional,https://www.clarin.com,El sonido de Gardel y la IA
2026-06-24,2026-W26,nacional,CLARÍN,Nacional,Nacional,Nacional,https://www.clarin.com,"Mientras todos hablan de Messi, el dólar sube en la Argentina y en el mundo"
2026-06-24,2026-W26,nacional,CLARÍN,Nacional,Nacional,Nacional,https://www.clarin.com,Esos viejos álbumes del mundial
2026-06-24,2026-W26,nacional,CLARÍN,Nacional,Nacional,Nacional,https://www.clarin.com,El sueño del libro propio
2026-06-24,2026-W26,nacional,CLARÍN,Nacional,Nacional,Nacional,https://www.clarin.com,Escala la pelea en la UOM y golpea a la discusión por paritarias y la renegociación del convenio colectivo
2026-06-24,2026-W26,nacional,CLARÍN,Nacional,Nacional,Nacional,https://www.clarin.com,"Pese a los escándalos, Insaurralde mantiene activa su red de vínculos y cajas políticas en la Provincia"
2026-06-24,2026-W26,nacional,CLARÍN,Nacional,Nacional,Nacional,https://www.clarin.com,Briatore y los planes de Alpine para 2027: su apoyo a Colapinto y su brutal declaración sobre el Road Show en Buenos Aires
2026-06-24,2026-W26,nacional,CLARÍN,Nacional,Nacional,Nacional,https://www.clarin.com,Hallan el cuerpo de una modelo en una valija en un departamento de alquiler temporal
2026-06-24,2026-W26,nacional,CLARÍN,Nacional,Nacional,Nacional,https://www.clarin.com,La tragedia de las cuatro hermanas de La Pampa: murió el ex esposo de una de ellas
2026-06-24,2026-W26,nacional,CLARÍN,Nacional,Nacional,Nacional,https://www.clarin.com,Google lanza 10.000 becas gratis para cursos de IA y habilidades digitales
2026-06-24,2026-W26,nacional,CLARÍN,Nacional,Nacional,Nacional,https://www.clarin.com,El Gobierno aumentó una tasa aeroportuaria y viajar en avión será más caro
2026-06-24,2026-W26,nacional,CLARÍN,Nacional,Nacional,Nacional,https://www.clarin.com,Salteado de verduras
2026-06-24,2026-W26,nacional,CLARÍN,Nacional,Nacional,Nacional,https://www.clarin.com,Sopa de brócoli
2026-06-24,2026-W26,nacional,CLARÍN,Nacional,Nacional,Nacional,https://www.clarin.com,Tarta de caballa y atún
2026-06-24,2026-W26,nacional,CLARÍN,Nacional,Nacional,Nacional,https://www.clarin.com,Pizza de avena rápida y fácil
2026-06-24,2026-W26,nacional,CLARÍN,Nacional,Nacional,Nacional,https://www.clarin.com,Selección Clarín
2026-06-24,2026-W26,nacional,CLARÍN,Nacional,Nacional,Nacional,https://www.clarin.com,El barrio de Esperando la Carroza: cuánto cuesta vivir hoy en la zona donde se filmó ese clásico del cine nacional
2026-06-24,2026-W26,nacional,CLARÍN,Nacional,Nacional,Nacional,https://www.clarin.com,Los secretos del algoritmo que nos dice qué vamos a ver en streaming: cuatro de cada cinco siguen sus recomendaciones
2026-06-24,2026-W26,nacional,CLARÍN,Nacional,Nacional,Nacional,https://www.clarin.com,"“Debemos pensar qué queremos hacer muchos años antes de jubilarnos”, aconseja una psicóloga"
2026-06-24,2026-W26,nacional,CLARÍN,Nacional,Nacional,Nacional,https://www.clarin.com,"Un nuevo restaurante en club de barrio: ambientación atractiva, matambre a la pizza para compartir y precios accesibles"
2026-06-24,2026-W26,nacional,CLARÍN,Nacional,Nacional,Nacional,https://www.clarin.com,Arruabarrena quiere para Boca a uno de los arqueros de la Selección en el Mundial
2026-06-24,2026-W26,nacional,CLARÍN,Nacional,Nacional,Nacional,https://www.clarin.com,Paulo Díaz rescinde su contrato con River y seguirá su carrera en la MLS
2026-06-24,2026-W26,nacional,PÁGINA 12,Nacional,Nacional,Nacional,https://www.pagina12.com.ar,Juan Schiaretti
2026-06-24,2026-W26,nacional,PÁGINA 12,Nacional,Nacional,Nacional,https://www.pagina12.com.ar,Los jugadores de la selección argentina que están al límite con las tarjetas amarillas y deberán cuidarse ante Jordania
2026-06-24,2026-W26,nacional,PÁGINA 12,Nacional,Nacional,Nacional,https://www.pagina12.com.ar,Del faltazo por Adorni al quórum por el Súper RIGI
2026-06-24,2026-W26,nacional,PÁGINA 12,Nacional,Nacional,Nacional,https://www.pagina12.com.ar,El Congreso aprobó el pago de 171 millones de dólares a dos fondos buitre
2026-06-24,2026-W26,nacional,PÁGINA 12,Nacional,Nacional,Nacional,https://www.pagina12.com.ar,Súper RIGI: diputados de Provincias Unidas adelantaron cómo votarán el proyecto del Gobierno
2026-06-24,2026-W26,nacional,PÁGINA 12,Nacional,Nacional,Nacional,https://www.pagina12.com.ar,La gira interminable: Milei vuelve a salir al mundo a buscar inversiones esquivas
2026-06-24,2026-W26,nacional,PÁGINA 12,Nacional,Nacional,Nacional,https://www.pagina12.com.ar,Declaró el chofer que protagonizó el atropello fatal en Mar del Plata: “No pude hacer nada”
2026-06-24,2026-W26,nacional,PÁGINA 12,Nacional,Nacional,Nacional,https://www.pagina12.com.ar,Le seguimos “besando el trasero” a Trump
2026-06-24,2026-W26,nacional,PÁGINA 12,Nacional,Nacional,Nacional,https://www.pagina12.com.ar,Suiza venció a Canadá y pasó a 16avos como primera en su grupo
2026-06-24,2026-W26,nacional,PÁGINA 12,Nacional,Nacional,Nacional,https://www.pagina12.com.ar,"Bosnia-Herzegovina ganó, quedó en tercer lugar y sueña con la clasificación"
2026-06-24,2026-W26,nacional,PÁGINA 12,Nacional,Nacional,Nacional,https://www.pagina12.com.ar,Después de todo
2026-06-24,2026-W26,nacional,PÁGINA 12,Nacional,Nacional,Nacional,https://www.pagina12.com.ar,Donde quiera que estés
2026-06-24,2026-W26,nacional,PÁGINA 12,Nacional,Nacional,Nacional,https://www.pagina12.com.ar,Cultura y Espectáculos
2026-06-24,2026-W26,nacional,PÁGINA 12,Nacional,Nacional,Nacional,https://www.pagina12.com.ar,Suplementos Especiales
2026-06-24,2026-W26,nacional,PÁGINA 12,Nacional,Nacional,Nacional,https://www.pagina12.com.ar,Viajar en avión saldrá más caro: el Gobierno aumentó 500% una tasa de seguridad aeroportuaria
2026-06-24,2026-W26,nacional,PÁGINA 12,Nacional,Nacional,Nacional,https://www.pagina12.com.ar,El oficialismo sesiona en Diputados y quiere hacer de cuenta que no existe el Adornigate
2026-06-24,2026-W26,nacional,PÁGINA 12,Nacional,Nacional,Nacional,https://www.pagina12.com.ar,“He decidido aceptar el resultado”: Cepeda reconoció la victoria de De la Espriella en el balotaje
2026-06-24,2026-W26,nacional,PÁGINA 12,Nacional,Nacional,Nacional,https://www.pagina12.com.ar,El consumo no puede contra el ajuste de Milei
2026-06-24,2026-W26,nacional,PÁGINA 12,Nacional,Nacional,Nacional,https://www.pagina12.com.ar,Detuvieron en Jujuy a un campesino por una denuncia de Patricia Bullrich
2026-06-24,2026-W26,nacional,PÁGINA 12,Nacional,Nacional,Nacional,https://www.pagina12.com.ar,La pulseada detrás del faltazo de Bullrich a la foto con Adorni
2026-06-24,2026-W26,nacional,PÁGINA 12,Nacional,Nacional,Nacional,https://www.pagina12.com.ar,Los simuladores
2026-06-24,2026-W26,nacional,PÁGINA 12,Nacional,Nacional,Nacional,https://www.pagina12.com.ar,Brasil gana terreno en la mesa de los argentinos
2026-06-24,2026-W26,nacional,PÁGINA 12,Nacional,Nacional,Nacional,https://www.pagina12.com.ar,“Arrancamos con una linda sorpresa”: la torta con la que Messi festejó su cumpleaños junto al plantel
2026-06-24,2026-W26,nacional,PÁGINA 12,Nacional,Nacional,Nacional,https://www.pagina12.com.ar,El cumple de Leo en 39 momentos
2026-06-24,2026-W26,nacional,PÁGINA 12,Nacional,Nacional,Nacional,https://www.pagina12.com.ar,Colombia pudo superar a Congo RD y clasificó
2026-06-24,2026-W26,nacional,PÁGINA 12,Nacional,Nacional,Nacional,https://www.pagina12.com.ar,"Tras la difusión de los videos con fajos de dólares, Jesica Cirio entregó su celular a la Justicia"
2026-06-24,2026-W26,nacional,PÁGINA 12,Nacional,Nacional,Nacional,https://www.pagina12.com.ar,Alerta amarillo por frío extremo
2026-06-24,2026-W26,nacional,PÁGINA 12,Nacional,Nacional,Nacional,https://www.pagina12.com.ar,"Los riesgos de la extranjerización de la tierra, tema de debate en el Senado"
2026-06-24,2026-W26,nacional,PÁGINA 12,Nacional,Nacional,Nacional,https://www.pagina12.com.ar,Keiko Fujimori: la candidata de un laboratorio en Miami
2026-06-24,2026-W26,nacional,PÁGINA 12,Nacional,Nacional,Nacional,https://www.pagina12.com.ar,"Jorge Leonardo Fraga Andrade, Laura Cristina Mujica, Carlos Guillermo Ocampo Siquier"
2026-06-24,2026-W26,nacional,PÁGINA 12,Nacional,Nacional,Nacional,https://www.pagina12.com.ar,Santa Cruz: la policía reclama por salarios y denuncia amenazas del Gobierno provincial
2026-06-24,2026-W26,nacional,PÁGINA 12,Nacional,Nacional,Nacional,https://www.pagina12.com.ar,Flybondi enfrenta una demanda penal por las cancelaciones: “Es una estafa piramidal”
2026-06-24,2026-W26,nacional,PÁGINA 12,Nacional,Nacional,Nacional,https://www.pagina12.com.ar,La historia del presente
2026-06-24,2026-W26,nacional,PÁGINA 12,Nacional,Nacional,Nacional,https://www.pagina12.com.ar,El triunvirato de la CGT evalúa medidas mientras los gremios duros piden un paro de 36 horas
2026-06-24,2026-W26,nacional,PÁGINA 12,Nacional,Nacional,Nacional,https://www.pagina12.com.ar,La cotización del dólar este miércoles
2026-06-24,2026-W26,nacional,PÁGINA 12,Nacional,Nacional,Nacional,https://www.pagina12.com.ar,Un apagón dejó a miles de usuarios sin luz en Avellaneda y el sur de la Ciudad
2026-06-24,2026-W26,nacional,PÁGINA 12,Nacional,Nacional,Nacional,https://www.pagina12.com.ar,"Milei, entre más ajuste, mentiras y sus nuevos voceros"
2026-06-24,2026-W26,nacional,PÁGINA 12,Nacional,Nacional,Nacional,https://www.pagina12.com.ar,Presentan un plan nacional para combatir el mal uso de los antibióticos
2026-06-24,2026-W26,nacional,PÁGINA 12,Nacional,Nacional,Nacional,https://www.pagina12.com.ar,"“Anatomía de una corrupción, cuando el Poder Judicial se hace parte”"
2026-06-24,2026-W26,nacional,PÁGINA 12,Nacional,Nacional,Nacional,https://www.pagina12.com.ar,La mafia judicial contra Cristina
2026-06-24,2026-W26,nacional,PÁGINA 12,Nacional,Nacional,Nacional,https://www.pagina12.com.ar,Proyecto AMBA: otra causa de espionaje macrista que va camino al archivo
2026-06-24,2026-W26,nacional,PÁGINA 12,Nacional,Nacional,Nacional,https://www.pagina12.com.ar,Sueli Carneiro y la tarea de ennegrecer el feminismo
2026-06-24,2026-W26,nacional,PÁGINA 12,Nacional,Nacional,Nacional,https://www.pagina12.com.ar,Un mes sin Agostina: el caso que conmovió al país entra en etapa de definiciones
2026-06-24,2026-W26,nacional,PÁGINA 12,Nacional,Nacional,Nacional,https://www.pagina12.com.ar,Kicillof busca esquivar a Milei para tener acceso a fondos y aceita vínculos con la Unión Europea
2026-06-24,2026-W26,nacional,PÁGINA 12,Nacional,Nacional,Nacional,https://www.pagina12.com.ar,Una comisión de la ONU denuncia un genocidio en Gaza por ataques contra niños
2026-06-24,2026-W26,nacional,PÁGINA 12,Nacional,Nacional,Nacional,https://www.pagina12.com.ar,Estados Unidos: volcó un camión que transportaba más de 400 colmenas de abejas y tuvieron que cerrar las rutas
2026-06-24,2026-W26,nacional,PÁGINA 12,Nacional,Nacional,Nacional,https://www.pagina12.com.ar,El hackeo masivo de datos preocupa en Washington
2026-06-24,2026-W26,nacional,PÁGINA 12,Nacional,Nacional,Nacional,https://www.pagina12.com.ar,Apareció CR7 en Portugal y también hizo historia
2026-06-24,2026-W26,nacional,PÁGINA 12,Nacional,Nacional,Nacional,https://www.pagina12.com.ar,Croacia venció con lo justo y sacó a Panamá del Mundial 2026
2026-06-24,2026-W26,nacional,PÁGINA 12,Nacional,Nacional,Nacional,https://www.pagina12.com.ar,Deschamps no estará para Francia-Noruega
2026-06-24,2026-W26,nacional,PERFIL,Nacional,Nacional,Nacional,https://www.perfil.com,"Diputados EN VIVO: ""El problema no es el riesgo kuka, es el riesgo Caputo"", sostiene la oposición"
2026-06-24,2026-W26,nacional,PERFIL,Nacional,Nacional,Nacional,https://www.perfil.com,El dólar roza los $1.500 y alcanza el valor más alto del año
2026-06-24,2026-W26,nacional,PERFIL,Nacional,Nacional,Nacional,https://www.perfil.com,Día 925: Roban pero roban
2026-06-24,2026-W26,nacional,PERFIL,Nacional,Nacional,Nacional,https://www.perfil.com,"“El haber mínimo que cobran más de 4 millones de jubilados sólo cubre hasta el 30% de la canasta”, dijo Eugenio Semino"
2026-06-24,2026-W26,nacional,PERFIL,Nacional,Nacional,Nacional,https://www.perfil.com,"Alerta mundial por una ola de fenómenos climáticos extremos en Europa, Estados Unidos y Asia"
2026-06-24,2026-W26,nacional,PERFIL,Nacional,Nacional,Nacional,https://www.perfil.com,Encuesta: Jorge Macri quedó entre los jefes de Gobierno con mejor imagen de América Latina
2026-06-24,2026-W26,nacional,PERFIL,Nacional,Nacional,Nacional,https://www.perfil.com,"Lionel Messi cumple 39 años entre récords históricos, lágrimas en el Mundial y la angustia por la salud de su padre"
2026-06-24,2026-W26,nacional,PERFIL,Nacional,Nacional,Nacional,https://www.perfil.com,Feliz cumple Messi: la masiva movida nacional para homenajear al capitán argentino
2026-06-24,2026-W26,nacional,PERFIL,Nacional,Nacional,Nacional,https://www.perfil.com,Lionel Messi cumple 39 años: el video de su entrenamiento que se volvió viral en todo el mundo
2026-06-24,2026-W26,nacional,PERFIL,Nacional,Nacional,Nacional,https://www.perfil.com,"¡Feliz cumple, Leo! El emocionante video de Messi cuando era adolescente que se hizo viral"
2026-06-24,2026-W26,nacional,PERFIL,Nacional,Nacional,Nacional,https://www.perfil.com,La vida de Lionel Messi en 39 fotos
2026-06-24,2026-W26,nacional,PERFIL,Nacional,Nacional,Nacional,https://www.perfil.com,"Suiza se hizo fuerte en Vancouver, le ganó a Canadá y se quedó con el Grupo B"
2026-06-24,2026-W26,nacional,PERFIL,Nacional,Nacional,Nacional,https://www.perfil.com,Por qué el PRO de Mauricio Macri le vuelve a dar una vida a Adorni en el Congreso
2026-06-24,2026-W26,nacional,PERFIL,Nacional,Nacional,Nacional,https://www.perfil.com,La corrupción nuestra de cada día
2026-06-24,2026-W26,nacional,PERFIL,Nacional,Nacional,Nacional,https://www.perfil.com,Bosnia eliminó a Qatar y espera ser uno de los mejores terceros para clasificar a 16avos del Mundial 2026
2026-06-24,2026-W26,nacional,PERFIL,Nacional,Nacional,Nacional,https://www.perfil.com,"Quién es Lumumba Vea, el hincha-estatua que se convirtió en símbolo de RD Congo en el Mundial 2026"
2026-06-24,2026-W26,nacional,PERFIL,Nacional,Nacional,Nacional,https://www.perfil.com,Dos apostadores acertaron 4 resultados exactos del Mundial y se llevaron más de $8 millones cada uno
2026-06-24,2026-W26,nacional,PERFIL,Nacional,Nacional,Nacional,https://www.perfil.com,Macri sigue a la Scaloneta de cerca junto a su novia Dolores Teuly
2026-06-24,2026-W26,nacional,PERFIL,Nacional,Nacional,Nacional,https://www.perfil.com,Brasil y Escocia cierran el picante Grupo C: Neymar es suplente y se espera su debut en el Mundial 2026
2026-06-24,2026-W26,nacional,PERFIL,Nacional,Nacional,Nacional,https://www.perfil.com,"República Checa busca un triunfo vital ante un México ya clasificado a los 16vos del Mundial 2026: hora, TV y formaciones"
2026-06-24,2026-W26,nacional,PERFIL,Nacional,Nacional,Nacional,https://www.perfil.com,"Posiciones del Mundial 2026: criterio de desempate, mejores terceros y goleadores"
2026-06-24,2026-W26,nacional,PERFIL,Nacional,Nacional,Nacional,https://www.perfil.com,Qué partidos del Mundial 2026 se juegan este miércoles 24 de junio: horarios y dónde verlos en Argentina
2026-06-24,2026-W26,nacional,PERFIL,Nacional,Nacional,Nacional,https://www.perfil.com,Croacia venció con lo justo a Panamá y quedó bien posicionado para los 16avos del Mundial 2026
2026-06-24,2026-W26,nacional,PERFIL,Nacional,Nacional,Nacional,https://www.perfil.com,Miguel Almirón recibió un duro castigo en el Mundial 2026: la sanción que la FIFA le aplicó por taparse la boca
2026-06-24,2026-W26,nacional,PERFIL,Nacional,Nacional,Nacional,https://www.perfil.com,¿Es posible un Messi vs Cristiano Ronaldo en el Mundial 2026?: La ruta matemática para el enfrentamiento histórico
2026-06-24,2026-W26,nacional,PERFIL,Nacional,Nacional,Nacional,https://www.perfil.com,El papa León XIV visitará la Argentina durante tres días en noviembre
2026-06-24,2026-W26,nacional,PERFIL,Nacional,Nacional,Nacional,https://www.perfil.com,Francia tuvo el día más caluroso de su historia y la ola de calor ya dejó decenas de víctimas
2026-06-24,2026-W26,nacional,PERFIL,Nacional,Nacional,Nacional,https://www.perfil.com,Encuesta: Nardini volvió a liderar el ranking de intendentes de GBA y Menéndez quedó último
2026-06-24,2026-W26,nacional,PERFIL,Nacional,Nacional,Nacional,https://www.perfil.com,Escándalo de los dólares de Jésica Cirio: el fiscal pidió calcular cuánto dinero había en el vestidor de la mansión de San Vicente
2026-06-24,2026-W26,nacional,PERFIL,Nacional,Nacional,Nacional,https://www.perfil.com,"Cuestionan la reforma de Milei que flexibiliza la selección de jueces porque ""es un retroceso para la democracia"""
2026-06-24,2026-W26,nacional,PERFIL,Nacional,Nacional,Nacional,https://www.perfil.com,"Quién era Guadalupe Ramos, la niñera de 19 años que hallaron muerta en Salta tras dos días de búsqueda"
2026-06-24,2026-W26,nacional,PERFIL,Nacional,Nacional,Nacional,https://www.perfil.com,Javier Milei volvió a cargar contra el periodismo y reforzó su discurso de “batalla cultural” en la Fundación Faro
2026-06-24,2026-W26,nacional,PERFIL,Nacional,Nacional,Nacional,https://www.perfil.com,El Gobierno inició la revisión de 800 convenios colectivos y abrió una nueva negociación con sindicatos y empresas
2026-06-24,2026-W26,nacional,PERFIL,Nacional,Nacional,Nacional,https://www.perfil.com,Rafael Grossi: el acuerdo Trump-Irán depende de lo nuclear mientras desde Teherán amenazan de muerte al argentino que los debe controlar
2026-06-24,2026-W26,nacional,PERFIL,Nacional,Nacional,Nacional,https://www.perfil.com,Quién es el novio de Jessica Cirio al que le secuestraron armas y dólares
2026-06-24,2026-W26,nacional,PERFIL,Nacional,Nacional,Nacional,https://www.perfil.com,"24 de junio: la muerte de Carlos Gardel, y los nacimientos de Messi y Juan Manuel Fangio"
2026-06-24,2026-W26,nacional,PERFIL,Nacional,Nacional,Nacional,https://www.perfil.com,Carlos Gardel y el misterio de su muerte: las teorías que generan dudas sobre el accidente que le costó la vida
2026-06-24,2026-W26,nacional,PERFIL,Nacional,Nacional,Nacional,https://www.perfil.com,"El accidente mortal de Gardel: cómo es hoy el lugar, donde 48 años después hubo una tragedia todavía peor"
2026-06-24,2026-W26,nacional,PERFIL,Nacional,Nacional,Nacional,https://www.perfil.com,Día 925: Un país mesiánico y un Messi presidente
2026-06-24,2026-W26,nacional,PERFIL,Nacional,Nacional,Nacional,https://www.perfil.com,"Abal Medina: “Los fakes para disciplinar a los propios no empezaron con Milei, se inventó dentro de La Cámpora"""
2026-06-24,2026-W26,nacional,PERFIL,Nacional,Nacional,Nacional,https://www.perfil.com,"Martín Soria: ""Seguramente van a aparecer muchos Kueider para blindar a Adorni"""
2026-06-24,2026-W26,nacional,PERFIL,Nacional,Nacional,Nacional,https://www.perfil.com,"Facundo Manes y su nuevo libro 'Vulnerables': ""Pobre el que se sienta invulnerable"" como Milei"
2026-06-24,2026-W26,nacional,PERFIL,Nacional,Nacional,Nacional,https://www.perfil.com,La ruta del dinero de Insaurralde: juego y basura
2026-06-24,2026-W26,nacional,PERFIL,Nacional,Nacional,Nacional,https://www.perfil.com,El optimismo de Salvador Di Stefano con la economía en el segundo semestre y en 2027
2026-06-24,2026-W26,nacional,PERFIL,Nacional,Nacional,Nacional,https://www.perfil.com,"Leandro Santoro: ""La división del peronismo no es inevitable y la división de la derecha no es imposible"""
2026-06-24,2026-W26,nacional,PERFIL,Nacional,Nacional,Nacional,https://www.perfil.com,Chanta: ¿quién es Adrián Ravier?
2026-06-24,2026-W26,nacional,PERFIL,Nacional,Nacional,Nacional,https://www.perfil.com,"Reino Unido: ""La gente le dio la espalda a Starmer porque los laboristas quieren volver a la UE"""
2026-06-24,2026-W26,nacional,PERFIL,Nacional,Nacional,Nacional,https://www.perfil.com,"Bullrich anunció que se suspendía el informe de Adorni en el Senado, pero el ministro dijo estar ""a disposición"""
2026-06-24,2026-W26,nacional,PERFIL,Nacional,Nacional,Nacional,https://www.perfil.com,Diputados aprobó la renuncia de Ravier y tomó juramento a Martín Matzkin
2026-06-24,2026-W26,nacional,PERFIL,Nacional,Nacional,Nacional,https://www.perfil.com,El acuerdo entre Estados Unidos e Irán está atado con alfileres
2026-06-24,2026-W26,nacional,EL DESTAPE,Nacional,Nacional,Nacional,https://www.eldestapeweb.com,El Destape - Sigamos Haciendo Historia
2026-06-24,2026-W26,nacional,EL DESTAPE,Nacional,Nacional,Nacional,https://www.eldestapeweb.com,"Un lavado de cara: el Gobierno abandona ""el método Adorni"" para mejorar su imagen"
2026-06-24,2026-W26,nacional,EL DESTAPE,Nacional,Nacional,Nacional,https://www.eldestapeweb.com,"Tras blindarlo en Diputados, el PRO ahora quiere interpelar a Adorni en el Senado"
2026-06-24,2026-W26,nacional,EL DESTAPE,Nacional,Nacional,Nacional,https://www.eldestapeweb.com,Diputados aprobó el pago de U$S 171 millones a dos fondos buitres
2026-06-24,2026-W26,nacional,EL DESTAPE,Nacional,Nacional,Nacional,https://www.eldestapeweb.com,Crisis en el Conicet: advierten que 379 científicos podrían ser despedidos
2026-06-24,2026-W26,nacional,EL DESTAPE,Nacional,Nacional,Nacional,https://www.eldestapeweb.com,"Día especial por el cumple de Messi, rotación y parte médico de Romero"
2026-06-24,2026-W26,nacional,EL DESTAPE,Nacional,Nacional,Nacional,https://www.eldestapeweb.com,Brasil busca quedarse con el primer lugar del grupo en un partidazo ante Escocia
2026-06-24,2026-W26,nacional,EL DESTAPE,Nacional,Nacional,Nacional,https://www.eldestapeweb.com,Así están los cruces de 16avos de final del Mundial tras la segunda fecha
2026-06-24,2026-W26,nacional,EL DESTAPE,Nacional,Nacional,Nacional,https://www.eldestapeweb.com,Por qué no juega Endrick en Brasil vs. Escocia por el Mundial 2026
2026-06-24,2026-W26,nacional,EL DESTAPE,Nacional,Nacional,Nacional,https://www.eldestapeweb.com,"Defensa cerrada, orden y disciplina: la clave táctica ""oculta"" de la Selección Argentina"
2026-06-24,2026-W26,nacional,EL DESTAPE,Nacional,Nacional,Nacional,https://www.eldestapeweb.com,Jugá al Desafío Mundialista de El Destape: el Mundial 2026 también lo podés ganar vos
2026-06-24,2026-W26,nacional,EL DESTAPE,Nacional,Nacional,Nacional,https://www.eldestapeweb.com,Premio Kavli para una argentina que explora la historia de la Vía Láctea
2026-06-24,2026-W26,nacional,EL DESTAPE,Nacional,Nacional,Nacional,https://www.eldestapeweb.com,Que digan dónde están: ahora es la Justicia la que lo exige
2026-06-24,2026-W26,nacional,EL DESTAPE,Nacional,Nacional,Nacional,https://www.eldestapeweb.com,La CGT suma músculo con Pablo Moyano y el aceitero Yofra
2026-06-24,2026-W26,nacional,EL DESTAPE,Nacional,Nacional,Nacional,https://www.eldestapeweb.com,La informalidad es un proyecto político
2026-06-24,2026-W26,nacional,EL DESTAPE,Nacional,Nacional,Nacional,https://www.eldestapeweb.com,Purga ideológica en la Casa Argentina en París
2026-06-24,2026-W26,nacional,EL DESTAPE,Nacional,Nacional,Nacional,https://www.eldestapeweb.com,Tasas impagables: la llamativa explicación de Caputo sobre la morosidad
2026-06-24,2026-W26,nacional,EL DESTAPE,Nacional,Nacional,Nacional,https://www.eldestapeweb.com,Juicio por Loan: los principales imputados se negaron a declarar
2026-06-24,2026-W26,nacional,EL DESTAPE,Nacional,Nacional,Nacional,https://www.eldestapeweb.com,"Pese a la advertencia de Irán, Israel se niega a terminar su ocupación de Líbano"
2026-06-24,2026-W26,nacional,EL DESTAPE,Nacional,Nacional,Nacional,https://www.eldestapeweb.com,La Justicia intimó al Gobierno a restituir la pensión por viudez a CFK
2026-06-24,2026-W26,nacional,EL DESTAPE,Nacional,Nacional,Nacional,https://www.eldestapeweb.com,El salario mínimo cubre el pago de apenas el 60% de un monoambiente en CABA
2026-06-24,2026-W26,nacional,EL DESTAPE,Nacional,Nacional,Nacional,https://www.eldestapeweb.com,"Cepeda, el candidato oficialista, reconoció la derrota ante la extrema derecha"
2026-06-24,2026-W26,nacional,EL DESTAPE,Nacional,Nacional,Nacional,https://www.eldestapeweb.com,El dólar oficial cerró al borde de los $ 1.500
2026-06-24,2026-W26,nacional,EL DESTAPE,Nacional,Nacional,Nacional,https://www.eldestapeweb.com,"En tres años, el Gasoducto Néstor Kirchner ya ahorró casi cuatro veces su inversión"
2026-06-24,2026-W26,nacional,EL DESTAPE,Nacional,Nacional,Nacional,https://www.eldestapeweb.com,El Gobierno vuelve a subir tasas aeroportuarias y encarece los vuelos de cabotaje
2026-06-24,2026-W26,nacional,EL DESTAPE,Nacional,Nacional,Nacional,https://www.eldestapeweb.com,La imagen de Raúl Jalil se desploma y cae ocho puestos a nivel nacional
2026-06-24,2026-W26,nacional,EL DESTAPE,Nacional,Nacional,Nacional,https://www.eldestapeweb.com,Unirán la ciudad de Mendoza con el aeropuerto a través de un tren especial
2026-06-24,2026-W26,nacional,EL DESTAPE,Nacional,Nacional,Nacional,https://www.eldestapeweb.com,Suiza gana el Grupo B del Mundial tras imponerse 2-1 a Canadá
2026-06-24,2026-W26,nacional,EL DESTAPE,Nacional,Nacional,Nacional,https://www.eldestapeweb.com,Banco Provincia y Microsoft se unen para aplicar IA
2026-06-24,2026-W26,nacional,EL DESTAPE,Nacional,Nacional,Nacional,https://www.eldestapeweb.com,Air Liquide despidió a la mitad de sus trabajadores en Campana
2026-06-24,2026-W26,nacional,EL DESTAPE,Nacional,Nacional,Nacional,https://www.eldestapeweb.com,Vuelven después de 130 años: el animal en peligro que se expande por América Latina
2026-06-24,2026-W26,nacional,EL DESTAPE,Nacional,Nacional,Nacional,https://www.eldestapeweb.com,"Quién es Fernández Codazzi, el abogado que citaron a declarar en el juicio del caso Loan"
2026-06-24,2026-W26,nacional,EL DESTAPE,Nacional,Nacional,Nacional,https://www.eldestapeweb.com,Detuvieron a un joven campesino de Jujuy por presuntas amenazas contra Bullrich
2026-06-24,2026-W26,nacional,EL DESTAPE,Nacional,Nacional,Nacional,https://www.eldestapeweb.com,Revelan las fotos inéditas de la casa de Claudio Barrelier: qué encontró la Justicia
2026-06-24,2026-W26,nacional,EL DESTAPE,Nacional,Nacional,Nacional,https://www.eldestapeweb.com,De una herida en el labio a un diagnóstico de sífilis: el relato que reveló una epidemia
2026-06-24,2026-W26,nacional,EL DESTAPE,Nacional,Nacional,Nacional,https://www.eldestapeweb.com,La estadística científica sobre Messi que sorprende al mundo del fútbol
2026-06-24,2026-W26,nacional,EL DESTAPE,Nacional,Nacional,Nacional,https://www.eldestapeweb.com,Cuántos hijos tiene Neymar: cómo se llaman y con qué parejas los tuvo
2026-06-24,2026-W26,nacional,EL DESTAPE,Nacional,Nacional,Nacional,https://www.eldestapeweb.com,"Marruecos vs Haití: quién gana, predicciones y pronóstico del partido, según la IA"
2026-06-24,2026-W26,nacional,EL DESTAPE,Nacional,Nacional,Nacional,https://www.eldestapeweb.com,El tierno saludo de Julián Álvarez para Messi por su cumpleaños en el Mundial 2026
2026-06-24,2026-W26,nacional,EL DESTAPE,Nacional,Nacional,Nacional,https://www.eldestapeweb.com,"Escocia vs. Brasil: quién gana, predicciones y pronóstico del partido de la fecha 3"
2026-06-24,2026-W26,nacional,EL DESTAPE,Nacional,Nacional,Nacional,https://www.eldestapeweb.com,Cerró Finca Balcarce por la crisis económica
2026-06-24,2026-W26,nacional,EL DESTAPE,Nacional,Nacional,Nacional,https://www.eldestapeweb.com,Tomar café al aire libre en una de las zonas más lindas de CABA
2026-06-24,2026-W26,nacional,EL DESTAPE,Nacional,Nacional,Nacional,https://www.eldestapeweb.com,"Entre el apoyo y los reclamos a Milei, gobernadores radicales se reúnen en Corrientes"
2026-06-24,2026-W26,nacional,EL DESTAPE,Nacional,Nacional,Nacional,https://www.eldestapeweb.com,"Uno por uno, quiénes son los diputados que aprobaron el pago a fondos buitre"
2026-06-24,2026-W26,nacional,EL DESTAPE,Nacional,Nacional,Nacional,https://www.eldestapeweb.com,Municipales denuncian persecución y hostigamiento de las autoridades de Valle Viejo
2026-06-24,2026-W26,nacional,EL DESTAPE,Nacional,Nacional,Nacional,https://www.eldestapeweb.com,"Uno por uno, quiénes son los diputados que volvieron a sostener a Adorni"
2026-06-24,2026-W26,nacional,EL DESTAPE,Nacional,Nacional,Nacional,https://www.eldestapeweb.com,Alertan que la reforma de tierras de Milei podría facilitar el narcotráfico y la trata
2026-06-24,2026-W26,nacional,EL DESTAPE,Nacional,Nacional,Nacional,https://www.eldestapeweb.com,Melconian volvió a cuestionar el valor del dólar de Milei y alertó soba la estabilidad
2026-06-24,2026-W26,nacional,EL DESTAPE,Nacional,Nacional,Nacional,https://www.eldestapeweb.com,Mapa del desempleo: cuáles son las ciudades más afectadas
2026-06-24,2026-W26,nacional,EL DESTAPE,Nacional,Nacional,Nacional,https://www.eldestapeweb.com,Prestación por Desempleo: cómo acceder
2026-06-24,2026-W26,nacional,LA POLÍTICA ONLINE,Nacional,Nacional,Nacional,https://www.lapoliticaonline.com.ar,Los senadores aliados empujan la interpelación furiosos con el tuit desafiante de Adorni
2026-06-24,2026-W26,nacional,LA POLÍTICA ONLINE,Nacional,Nacional,Nacional,https://www.lapoliticaonline.com.ar,El PRO ahora apoyó un pedido de la oposición para apurar la interpelación a Adorni
2026-06-24,2026-W26,nacional,LA POLÍTICA ONLINE,Nacional,Nacional,Nacional,https://www.lapoliticaonline.com.ar,Menem tuvo que demorar la renuncia de Ravier para conseguir el quórum y tratar el súper RIGI
2026-06-24,2026-W26,nacional,LA POLÍTICA ONLINE,Nacional,Nacional,Nacional,https://www.lapoliticaonline.com.ar,Lorenzetti apuró a Milei para que nombre a los dos jueces que le propuso
2026-06-24,2026-W26,nacional,LA POLÍTICA ONLINE,Nacional,Nacional,Nacional,https://www.lapoliticaonline.com.ar,"Tras el quiebre por Adorni, Schiaretti y Llaryora acuerdan rechazar el Súper RIGI"
2026-06-24,2026-W26,nacional,LA POLÍTICA ONLINE,Nacional,Nacional,Nacional,https://www.lapoliticaonline.com.ar,Adorni contradice a Bullrich y ahora dice que quiere ir a dar el informe al Senado
2026-06-24,2026-W26,nacional,LA POLÍTICA ONLINE,Nacional,Nacional,Nacional,https://www.lapoliticaonline.com.ar,"Weretilneck negó que lo hayan allanado, pero confirmó que tiene de funcionario al hermano del arrepentido de la AFA"
2026-06-24,2026-W26,nacional,LA POLÍTICA ONLINE,Nacional,Nacional,Nacional,https://www.lapoliticaonline.com.ar,El dólar saltó por arriba de los $1500 y preocupa el impacto en precios
2026-06-24,2026-W26,nacional,LA POLÍTICA ONLINE,Nacional,Nacional,Nacional,https://www.lapoliticaonline.com.ar,Ahora la Fiscalía imputa a Kueider por lavado de dinero tras comprar seis departamentos en Paraguay
2026-06-24,2026-W26,nacional,LA POLÍTICA ONLINE,Nacional,Nacional,Nacional,https://www.lapoliticaonline.com.ar,El Gobierno avanza con despidos masivos en los peajes antes de entregarle las rutas a los privados
2026-06-24,2026-W26,nacional,LA POLÍTICA ONLINE,Nacional,Nacional,Nacional,https://www.lapoliticaonline.com.ar,En la Armada temen que Sturzenegger los fusione con la Prefectura
2026-06-24,2026-W26,nacional,LA POLÍTICA ONLINE,Nacional,Nacional,Nacional,https://www.lapoliticaonline.com.ar,"Violento cruce de Abal Medina y Tignanelli: ""Sos un chupamedias de Máximo que no conoce nadie"""
2026-06-24,2026-W26,nacional,LA POLÍTICA ONLINE,Nacional,Nacional,Nacional,https://www.lapoliticaonline.com.ar,La peruanización de la Argentina
2026-06-24,2026-W26,nacional,LA POLÍTICA ONLINE,Nacional,Nacional,Nacional,https://www.lapoliticaonline.com.ar,Duro golpe de MSCI a Caputo: Recién después de la elección presidencial analizarían mejorar la nota de Argentina
2026-06-24,2026-W26,nacional,LA POLÍTICA ONLINE,Nacional,Nacional,Nacional,https://www.lapoliticaonline.com.ar,Alarma en los bancos de Brasil ante la decisión de Trump de catalogar al PCC y el Comando Vermelho como terroristas
2026-06-24,2026-W26,nacional,LA POLÍTICA ONLINE,Nacional,Nacional,Nacional,https://www.lapoliticaonline.com.ar,Macri vuelve del Mundial para relanzar el PRO en la provincia
2026-06-24,2026-W26,nacional,LA POLÍTICA ONLINE,Nacional,Nacional,Nacional,https://www.lapoliticaonline.com.ar,Allanaron a Weretilneck por sus vínculos con el arrepentido de la AFA
2026-06-24,2026-W26,nacional,LA POLÍTICA ONLINE,Nacional,Nacional,Nacional,https://www.lapoliticaonline.com.ar,"El PRO, la UCR y los gobernadores aliados salvaron a Adorni de la interpelación"
2026-06-24,2026-W26,nacional,LA POLÍTICA ONLINE,Nacional,Nacional,Nacional,https://www.lapoliticaonline.com.ar,"Patricia bajó a Adorni del informe ante el Senado: ""No vengas que nadie te quiere escuchar"""
2026-06-24,2026-W26,nacional,LA POLÍTICA ONLINE,Nacional,Nacional,Nacional,https://www.lapoliticaonline.com.ar,Patricia no va a la Rosada y manda al PRO de Córdoba a votar contra Adorni
2026-06-24,2026-W26,nacional,LA POLÍTICA ONLINE,Nacional,Nacional,Nacional,https://www.lapoliticaonline.com.ar,La Justicia cita a indagatoria a Espert por lavado de dinero
2026-06-24,2026-W26,nacional,LA POLÍTICA ONLINE,Nacional,Nacional,Nacional,https://www.lapoliticaonline.com.ar,El oscuro rol de Piccirillo detrás de los videos con millones de dólares que filmó Jesica Cirio
2026-06-24,2026-W26,nacional,LA POLÍTICA ONLINE,Nacional,Nacional,Nacional,https://www.lapoliticaonline.com.ar,La Justicia le pone un freno a los allanamientos sin orden judicial que impulsa Pullaro
2026-06-24,2026-W26,nacional,LA POLÍTICA ONLINE,Nacional,Nacional,Nacional,https://www.lapoliticaonline.com.ar,Bianco cruzó a Máximo y dijo que el candidato del peronismo debe definirse en una PASO
2026-06-24,2026-W26,nacional,LA POLÍTICA ONLINE,Nacional,Nacional,Nacional,https://www.lapoliticaonline.com.ar,Pelli le saca diez puntos a Catalán en Tucumán y tensiona la interna libertaria
2026-06-24,2026-W26,nacional,LA POLÍTICA ONLINE,Nacional,Nacional,Nacional,https://www.lapoliticaonline.com.ar,Caputo quiere usar las garantías del Banco Mundial para tomar hasta USD 5.000 millones de nueva deuda
2026-06-24,2026-W26,nacional,LA POLÍTICA ONLINE,Nacional,Nacional,Nacional,https://www.lapoliticaonline.com.ar,"Ante la caída de la recaudación, los intendentes quieren alquilar las banquinas para sembrar soja"
2026-06-24,2026-W26,nacional,LA POLÍTICA ONLINE,Nacional,Nacional,Nacional,https://www.lapoliticaonline.com.ar,La desocupación crece en el conurbano y ya supera los dos dígitos en regiones de la provincia
2026-06-24,2026-W26,nacional,LA POLÍTICA ONLINE,Nacional,Nacional,Nacional,https://www.lapoliticaonline.com.ar,Fabián Fernández reemplaza a Lanari en la secretaría de Prensa
2026-06-24,2026-W26,nacional,LA POLÍTICA ONLINE,Nacional,Nacional,Nacional,https://www.lapoliticaonline.com.ar,Maniobra de Menem para trabar en Diputados la remoción de Adorni
2026-06-24,2026-W26,nacional,LA POLÍTICA ONLINE,Nacional,Nacional,Nacional,https://www.lapoliticaonline.com.ar,"Pullaro apuró a Milei: ""Si Adorni fuera funcionario de Santa Fe, no estaría desde hace rato en su cargo"""
2026-06-24,2026-W26,nacional,LA POLÍTICA ONLINE,Nacional,Nacional,Nacional,https://www.lapoliticaonline.com.ar,"""Reemplazar a Adorni no es muy atractivo porque la jefa de Gabinete es Karina"""
2026-06-24,2026-W26,nacional,LA POLÍTICA ONLINE,Nacional,Nacional,Nacional,https://www.lapoliticaonline.com.ar,Se agrava la crisis del empleo formal en Córdoba: crecieron 15% las suspensiones y quitas salariales
2026-06-24,2026-W26,nacional,LA POLÍTICA ONLINE,Nacional,Nacional,Nacional,https://www.lapoliticaonline.com.ar,La Justicia cree que el contrato de Espert con Fred Machado es trucho
2026-06-24,2026-W26,nacional,LA POLÍTICA ONLINE,Nacional,Nacional,Nacional,https://www.lapoliticaonline.com.ar,Indagaron al Narigón Vázquez en una causa por drogas y definen si lo imputan por el crimen de Pillín
2026-06-24,2026-W26,nacional,LA POLÍTICA ONLINE,Nacional,Nacional,Nacional,https://www.lapoliticaonline.com.ar,"El golpe a la acción de SoFi, una advertencia para la salida a la bolsa de Ualá"
2026-06-24,2026-W26,nacional,LA POLÍTICA ONLINE,Nacional,Nacional,Nacional,https://www.lapoliticaonline.com.ar,Japón dona una super draga a Paraguay y se mete en la discusión de la Hidrovía
2026-06-24,2026-W26,nacional,LA POLÍTICA ONLINE,Nacional,Nacional,Nacional,https://www.lapoliticaonline.com.ar,El alquiler del country de la madre de Adorni se pagó un año por adelantado y en dólares
2026-06-24,2026-W26,nacional,LA POLÍTICA ONLINE,Nacional,Nacional,Nacional,https://www.lapoliticaonline.com.ar,El kirchnerismo quiere que Cristina sea candidata para vaciarle a Kicillof el armado nacional
2026-06-24,2026-W26,nacional,LA POLÍTICA ONLINE,Nacional,Nacional,Nacional,https://www.lapoliticaonline.com.ar,Bronca de los senadores libertarios porque Adorni los citó a la Casa Rosada
2026-06-24,2026-W26,nacional,LA POLÍTICA ONLINE,Nacional,Nacional,Nacional,https://www.lapoliticaonline.com.ar,Caputo apeló a la contabilidad creativa para dibujar una baja de USD 20.000 millones de la deuda externa
2026-06-24,2026-W26,nacional,LA POLÍTICA ONLINE,Nacional,Nacional,Nacional,https://www.lapoliticaonline.com.ar,"Juez le advirtió a De Loredo que no se meta en la pelea por Córdoba Capital: ""Ahí voy yo"""
2026-06-24,2026-W26,nacional,LA POLÍTICA ONLINE,Nacional,Nacional,Nacional,https://www.lapoliticaonline.com.ar,Alerta entre cerealeros porque Brasil amenaza con desbancar a Argentina en los derivados de soja
2026-06-24,2026-W26,nacional,LA POLÍTICA ONLINE,Nacional,Nacional,Nacional,https://www.lapoliticaonline.com.ar,"Pullaro le dijo a Milei que en Santa Fe las obras se hacen ""sin corrupción"" y sentó a Villarruel en el palco"
2026-06-24,2026-W26,nacional,LA POLÍTICA ONLINE,Nacional,Nacional,Nacional,https://www.lapoliticaonline.com.ar,Milei y Pullaro en el Día de la bandera: Construye tu propio Belgrano
2026-06-24,2026-W26,nacional,LA POLÍTICA ONLINE,Nacional,Nacional,Nacional,https://www.lapoliticaonline.com.ar,Jorge Macri apelará el fallo del juez Gallardo que prohíbe los desalojos
2026-06-24,2026-W26,nacional,LA POLÍTICA ONLINE,Nacional,Nacional,Nacional,https://www.lapoliticaonline.com.ar,Renuncia la histórica directora del Museo del Cine en medio de tensiones con Lombardi
2026-06-24,2026-W26,nacional,LA POLÍTICA ONLINE,Nacional,Nacional,Nacional,https://www.lapoliticaonline.com.ar,"En el banderazo por la libertad de Cristina, Máximo apuntó a Kicillof: ""Hablan de unidad y no van a verla"""
2026-06-24,2026-W26,nacional,LA POLÍTICA ONLINE,Nacional,Nacional,Nacional,https://www.lapoliticaonline.com.ar,"En medio de la interna por la sucesión, Verna le vació a Ziliotto la legislatura de La Pampa"
2026-06-24,2026-W26,nacional,LA POLÍTICA ONLINE,Nacional,Nacional,Nacional,https://www.lapoliticaonline.com.ar,Adorni gastó 8 mil dólares en un flipper de Los Locos Addams para su casa del country
2026-06-24,2026-W26,nacional,TIEMPO ARGENTINO,Nacional,Nacional,Nacional,https://www.tiempoar.com.ar,Tiempo Argentino
2026-06-24,2026-W26,nacional,TIEMPO ARGENTINO,Nacional,Nacional,Nacional,https://www.tiempoar.com.ar,los consejos del ministro
2026-06-24,2026-W26,nacional,TIEMPO ARGENTINO,Nacional,Nacional,Nacional,https://www.tiempoar.com.ar,"Caputo: «Te puede ir bien o no, pero hay que perder el miedo a que te vaya mal»"
2026-06-24,2026-W26,nacional,TIEMPO ARGENTINO,Nacional,Nacional,Nacional,https://www.tiempoar.com.ar,Diputados sesiona por el Súper RIGI y acuerdos con fondos buitre
2026-06-24,2026-W26,nacional,TIEMPO ARGENTINO,Nacional,Nacional,Nacional,https://www.tiempoar.com.ar,La Justicia federal ordenó medidas de prueba por el habeas corpus colectivo por los desaparecidos de la dictadura
2026-06-24,2026-W26,nacional,TIEMPO ARGENTINO,Nacional,Nacional,Nacional,https://www.tiempoar.com.ar,"Sumate a Correo Mundial, el nuevo newsletter"
2026-06-24,2026-W26,nacional,TIEMPO ARGENTINO,Nacional,Nacional,Nacional,https://www.tiempoar.com.ar,Alejandro Wall y Andrés Burgo escribirán cada mañana y de manera conjunta un ida y vuelta de la Copa 2026.
2026-06-24,2026-W26,nacional,TIEMPO ARGENTINO,Nacional,Nacional,Nacional,https://www.tiempoar.com.ar,El triunfo de Lumumba
2026-06-24,2026-W26,nacional,TIEMPO ARGENTINO,Nacional,Nacional,Nacional,https://www.tiempoar.com.ar,Un Mundial a toda velocidad: pasó de todo y todo está por pasar
2026-06-24,2026-W26,nacional,TIEMPO ARGENTINO,Nacional,Nacional,Nacional,https://www.tiempoar.com.ar,primer puesto asegurado
2026-06-24,2026-W26,nacional,TIEMPO ARGENTINO,Nacional,Nacional,Nacional,https://www.tiempoar.com.ar,El equipo alternativo que prepara Scaloni para el cierre de la fase de grupos ante Jordania
2026-06-24,2026-W26,nacional,TIEMPO ARGENTINO,Nacional,Nacional,Nacional,https://www.tiempoar.com.ar,Desde Estados Unidos
2026-06-24,2026-W26,nacional,TIEMPO ARGENTINO,Nacional,Nacional,Nacional,https://www.tiempoar.com.ar,Messi es un vindicador del fútbol argentino
2026-06-24,2026-W26,nacional,TIEMPO ARGENTINO,Nacional,Nacional,Nacional,https://www.tiempoar.com.ar,EL COLONIAJE AVANZA
2026-06-24,2026-W26,nacional,TIEMPO ARGENTINO,Nacional,Nacional,Nacional,https://www.tiempoar.com.ar,Rechazo a la Ley de Inviolabilidad de la Propiedad Privada: “Estamos ante la creación de muchos Lagos Escondidos”
2026-06-24,2026-W26,nacional,TIEMPO ARGENTINO,Nacional,Nacional,Nacional,https://www.tiempoar.com.ar,La agroindustria se ataja: rechaza el proyecto en el Senado que busca incorporar el «ecocidio» al Código Penal
2026-06-24,2026-W26,nacional,TIEMPO ARGENTINO,Nacional,Nacional,Nacional,https://www.tiempoar.com.ar,Rosca en comodoro py
2026-06-24,2026-W26,nacional,TIEMPO ARGENTINO,Nacional,Nacional,Nacional,https://www.tiempoar.com.ar,La Justicia rechazó un pedido de Irurzun para continuar en la Cámara Federal pese a exceder el límite de edad
2026-06-24,2026-W26,nacional,TIEMPO ARGENTINO,Nacional,Nacional,Nacional,https://www.tiempoar.com.ar,dato mata relato
2026-06-24,2026-W26,nacional,TIEMPO ARGENTINO,Nacional,Nacional,Nacional,https://www.tiempoar.com.ar,"El PBI subió 2,3% con derrumbe de la inversión e impulsado por la actividad primaria"
2026-06-24,2026-W26,nacional,TIEMPO ARGENTINO,Nacional,Nacional,Nacional,https://www.tiempoar.com.ar,Realidad mata relato
2026-06-24,2026-W26,nacional,TIEMPO ARGENTINO,Nacional,Nacional,Nacional,https://www.tiempoar.com.ar,“La clase media se pulveriza”: el exsecretario de Prensa de Milei alertó por una caída “brutal” del consumo
2026-06-24,2026-W26,nacional,TIEMPO ARGENTINO,Nacional,Nacional,Nacional,https://www.tiempoar.com.ar,"24 de junio, la fecha más importante del deporte argentino: celebran Messi, Riquelme y Fangio"
2026-06-24,2026-W26,nacional,TIEMPO ARGENTINO,Nacional,Nacional,Nacional,https://www.tiempoar.com.ar,extractivismo digital
2026-06-24,2026-W26,nacional,TIEMPO ARGENTINO,Nacional,Nacional,Nacional,https://www.tiempoar.com.ar,Organizaciones se oponen al Súper RIGI: «Convierte los bienes comunes en insumos para las corporaciones tecnológicas»
2026-06-24,2026-W26,nacional,TIEMPO ARGENTINO,Nacional,Nacional,Nacional,https://www.tiempoar.com.ar,FALTA DE INFRAESTRUCTURA
2026-06-24,2026-W26,nacional,TIEMPO ARGENTINO,Nacional,Nacional,Nacional,https://www.tiempoar.com.ar,El drama de 800 chicos de escuelas porteñas sin clases por fallas eléctricas y falta de agua
2026-06-24,2026-W26,nacional,TIEMPO ARGENTINO,Nacional,Nacional,Nacional,https://www.tiempoar.com.ar,El presidente suma millas
2026-06-24,2026-W26,nacional,TIEMPO ARGENTINO,Nacional,Nacional,Nacional,https://www.tiempoar.com.ar,"Milei viaja a España por sexta vez en su gestión, sin reuniones oficiales en la agenda"
2026-06-24,2026-W26,nacional,TIEMPO ARGENTINO,Nacional,Nacional,Nacional,https://www.tiempoar.com.ar,crueldad de estado
2026-06-24,2026-W26,nacional,TIEMPO ARGENTINO,Nacional,Nacional,Nacional,https://www.tiempoar.com.ar,Banderazo federal por el cumplimiento de la Ley de Emergencia en Discapacidad
2026-06-24,2026-W26,nacional,TIEMPO ARGENTINO,Nacional,Nacional,Nacional,https://www.tiempoar.com.ar,El gobierno en su laberitno
2026-06-24,2026-W26,nacional,TIEMPO ARGENTINO,Nacional,Nacional,Nacional,https://www.tiempoar.com.ar,Bullrich le mandó otro gesto a Karina y logró suspender el informe de gestión de Manuel Adorni
2026-06-24,2026-W26,nacional,TIEMPO ARGENTINO,Nacional,Nacional,Nacional,https://www.tiempoar.com.ar,expone Sturzenegger
2026-06-24,2026-W26,nacional,TIEMPO ARGENTINO,Nacional,Nacional,Nacional,https://www.tiempoar.com.ar,El Senado debate una reforma a la Ley de Sociedades que permite armar empresas sin control estatal y con IA
2026-06-24,2026-W26,nacional,TIEMPO ARGENTINO,Nacional,Nacional,Nacional,https://www.tiempoar.com.ar,a la espera de la justicia
2026-06-24,2026-W26,nacional,TIEMPO ARGENTINO,Nacional,Nacional,Nacional,https://www.tiempoar.com.ar,"Quiebra de SanCor: la cooperativa busca continuar con la fábrica, pero los grandes privados quieren llevarse el tesoro por remate"
2026-06-24,2026-W26,nacional,TIEMPO ARGENTINO,Nacional,Nacional,Nacional,https://www.tiempoar.com.ar,Informe de Scentia
2026-06-24,2026-W26,nacional,TIEMPO ARGENTINO,Nacional,Nacional,Nacional,https://www.tiempoar.com.ar,"El consumo cayó 1,6% en mayo y se contrajo un 3% en cinco meses"
2026-06-24,2026-W26,nacional,TIEMPO ARGENTINO,Nacional,Nacional,Nacional,https://www.tiempoar.com.ar,diferencia de 1 punto
2026-06-24,2026-W26,nacional,TIEMPO ARGENTINO,Nacional,Nacional,Nacional,https://www.tiempoar.com.ar,Colombia: Cepeda reconoce la victoria de Abelardo de la Espriella
2026-06-24,2026-W26,nacional,TIEMPO ARGENTINO,Nacional,Nacional,Nacional,https://www.tiempoar.com.ar,El Senado de EEUU sancionó una resolución para poner fin a la guerra contra Irán
2026-06-24,2026-W26,nacional,TIEMPO ARGENTINO,Nacional,Nacional,Nacional,https://www.tiempoar.com.ar,movilización el sábado
2026-06-24,2026-W26,nacional,TIEMPO ARGENTINO,Nacional,Nacional,Nacional,https://www.tiempoar.com.ar,"Keiko Fujimori a un paso de la presidencia, Sánchez avisó que desconocerá su gobierno"
2026-06-24,2026-W26,nacional,TIEMPO ARGENTINO,Nacional,Nacional,Nacional,https://www.tiempoar.com.ar,balotaje controvertido
2026-06-24,2026-W26,nacional,TIEMPO ARGENTINO,Nacional,Nacional,Nacional,https://www.tiempoar.com.ar,Petro insiste en cuestionar el software usado para el conteo de votos en Colombia
2026-06-24,2026-W26,nacional,TIEMPO ARGENTINO,Nacional,Nacional,Nacional,https://www.tiempoar.com.ar,«Diego iluminado»
2026-06-24,2026-W26,nacional,TIEMPO ARGENTINO,Nacional,Nacional,Nacional,https://www.tiempoar.com.ar,"El recuerdo de Diego, a 40 años de los goles a los ingleses, en el barrio popular Carlos Mugica"
2026-06-24,2026-W26,nacional,TIEMPO ARGENTINO,Nacional,Nacional,Nacional,https://www.tiempoar.com.ar,"Briatore, sobre el futuro de Colapinto en la F1: «Se decidirá antes del parate de verano»"
2026-06-24,2026-W26,nacional,TIEMPO ARGENTINO,Nacional,Nacional,Nacional,https://www.tiempoar.com.ar,«Osamenta y patria»: una road movie teatral que transforma la historia argentina en ficción
2026-06-24,2026-W26,nacional,LA PRENSA,Nacional,Nacional,Nacional,https://www.laprensa.com.ar,El oficialismo logró aprobar en Diputados el proyecto que autoriza un plan de pago a holdouts
2026-06-24,2026-W26,nacional,LA PRENSA,Nacional,Nacional,Nacional,https://www.laprensa.com.ar,Caen las acciones argentinas en Wall Street y sube el riesgo país
2026-06-24,2026-W26,nacional,LA PRENSA,Nacional,Nacional,Nacional,https://www.laprensa.com.ar,"Acorralado por la corrupción, Pedro Sánchez se defiende ante el Congreso para evitar la caída de su Gobierno"
2026-06-24,2026-W26,nacional,LA PRENSA,Nacional,Nacional,Nacional,https://www.laprensa.com.ar,Messi arrancó sus 39 años posteando un video a puro entrenamiento
2026-06-24,2026-W26,nacional,LA PRENSA,Nacional,Nacional,Nacional,https://www.laprensa.com.ar,Diputados: el oficialismo buscará aprobar dos leyes económicas
2026-06-24,2026-W26,nacional,LA PRENSA,Nacional,Nacional,Nacional,https://www.laprensa.com.ar,Allanan la casa de un menor que se registró practicando tiro en un polígono y secuestran 25 armas
2026-06-24,2026-W26,nacional,LA PRENSA,Nacional,Nacional,Nacional,https://www.laprensa.com.ar,Perú: más de 80 estudiantes intoxicados tras recibir un medicamento equivocado
2026-06-24,2026-W26,nacional,LA PRENSA,Nacional,Nacional,Nacional,https://www.laprensa.com.ar,El Gobierno subió más de un 560% la tasa aeroportuaria de seguridad para vuelos de cabotaje
2026-06-24,2026-W26,nacional,LA PRENSA,Nacional,Nacional,Nacional,https://www.laprensa.com.ar,La FIFA designó al árbitro del partido de la Selección argentina ante Jordania en Dallas
2026-06-24,2026-W26,nacional,LA PRENSA,Nacional,Nacional,Nacional,https://www.laprensa.com.ar,Francia confirmó el primer caso de ébola en un médico que trabajó en el Congo
2026-06-24,2026-W26,nacional,LA PRENSA,Nacional,Nacional,Nacional,https://www.laprensa.com.ar,Hallaron sin vida a una niñera que estaba desaparecida en Salta: hay un detenido
2026-06-24,2026-W26,nacional,LA PRENSA,Nacional,Nacional,Nacional,https://www.laprensa.com.ar,"La Justicia ordenó a PAMI regularizar pago de prestaciones a personas con discapacidad, pero la entidad aclaró que ya abonó"
2026-06-24,2026-W26,nacional,LA PRENSA,Nacional,Nacional,Nacional,https://www.laprensa.com.ar,El deterioro del peronismo
2026-06-24,2026-W26,nacional,LA PRENSA,Nacional,Nacional,Nacional,https://www.laprensa.com.ar,Había una vez… guanacos bipartidistas
2026-06-24,2026-W26,nacional,LA PRENSA,Nacional,Nacional,Nacional,https://www.laprensa.com.ar,El Mundial de las crisis
2026-06-24,2026-W26,nacional,LA PRENSA,Nacional,Nacional,Nacional,https://www.laprensa.com.ar,Colombia pudo quebrar la resistencia de Congo y logró una exigida victoria
2026-06-24,2026-W26,nacional,LA PRENSA,Nacional,Nacional,Nacional,https://www.laprensa.com.ar,Messi cumple 39 años y con total vigencia prolonga su dominio en el fútbol mundial
2026-06-24,2026-W26,nacional,LA PRENSA,Nacional,Nacional,Nacional,https://www.laprensa.com.ar,Croacia derrotó por la mínima a Panamá y lo eliminó del Mundial
2026-06-24,2026-W26,nacional,LA PRENSA,Nacional,Nacional,Nacional,https://www.laprensa.com.ar,"El técnico de Francia, Didier Deschamps, dejó la concentración y voló a su país tras la muerte de su madre"
2026-06-24,2026-W26,nacional,LA PRENSA,Nacional,Nacional,Nacional,https://www.laprensa.com.ar,Inglaterra y Ghana empataron sin goles y el Grupo L quedó abierto
2026-06-24,2026-W26,nacional,LA PRENSA,Nacional,Nacional,Nacional,https://www.laprensa.com.ar,CR7 se convirtió en el único futbolista de la historia en marcar en seis mundiales
2026-06-24,2026-W26,nacional,LA PRENSA,Nacional,Nacional,Nacional,https://www.laprensa.com.ar,Cristiano Ronaldo superó tres récords en Mundiales con su doblete ante Uzbekistán
2026-06-24,2026-W26,nacional,LA PRENSA,Nacional,Nacional,Nacional,https://www.laprensa.com.ar,"Aplasta a Europa una ola de calor, mientras Francia registra 40 muertes por ahogamiento"
2026-06-24,2026-W26,nacional,LA PRENSA,Nacional,Nacional,Nacional,https://www.laprensa.com.ar,"El petróleo de Texas baja un 2,3 % por la autorización de Estados Unidos a la venta temporal de crudo iraní"
2026-06-24,2026-W26,nacional,LA PRENSA,Nacional,Nacional,Nacional,https://www.laprensa.com.ar,Tres muertos en un tiroteo en Canadá
2026-06-24,2026-W26,nacional,LA PRENSA,Nacional,Nacional,Nacional,https://www.laprensa.com.ar,"Falleció a los 100 años Alan Greenspan, expresidente de la Reserva Federal"
2026-06-24,2026-W26,nacional,LA PRENSA,Nacional,Nacional,Nacional,https://www.laprensa.com.ar,"Tras más de 50 días de bloqueos, el presidente de Bolivia declara el estado de excepción"
2026-06-24,2026-W26,nacional,LA PRENSA,Nacional,Nacional,Nacional,https://www.laprensa.com.ar,"Trump presenta el nuevo Air Force One, un Boeing de lujo con los colores de la bandera"
2026-06-24,2026-W26,nacional,LA PRENSA,Nacional,Nacional,Nacional,https://www.laprensa.com.ar,"Pelé, nada más y nada menos que el rey del fútbol"
2026-06-24,2026-W26,nacional,LA PRENSA,Nacional,Nacional,Nacional,https://www.laprensa.com.ar,"Bobby Charlton, el crack que hizo jugar a Inglaterra"
2026-06-24,2026-W26,nacional,LA PRENSA,Nacional,Nacional,Nacional,https://www.laprensa.com.ar,"Garrincha, el rey de la gambeta"
2026-06-24,2026-W26,nacional,LA PRENSA,Nacional,Nacional,Nacional,https://www.laprensa.com.ar,"Just Fontaine, el goleador que marcó un récord con botines prestados"
2026-06-24,2026-W26,nacional,LA PRENSA,Nacional,Nacional,Nacional,https://www.laprensa.com.ar,"Fritz Walter, el tímido capitán que salvó su vida de milagro y lideró a Alemania hacia una victoria imposible"
2026-06-24,2026-W26,nacional,LA PRENSA,Nacional,Nacional,Nacional,https://www.laprensa.com.ar,"Meazza, el niño que se hizo grande y llevó a Italia a la cima"
2026-06-24,2026-W26,nacional,LA PRENSA,Nacional,Nacional,Nacional,https://www.laprensa.com.ar,"Luis Monti, el único finalista con dos camisetas diferentes"
2026-06-24,2026-W26,nacional,LA PRENSA,Nacional,Nacional,Nacional,https://www.laprensa.com.ar,La pedagogía del honor en un mundo en disputa
2026-06-24,2026-W26,nacional,LA PRENSA,Nacional,Nacional,Nacional,https://www.laprensa.com.ar,Una odisea de supervivencia y coraje
2026-06-24,2026-W26,nacional,LA PRENSA,Nacional,Nacional,Nacional,https://www.laprensa.com.ar,“Todas las cosas que se hicieron fueron con temple y patriotismo”
2026-06-24,2026-W26,nacional,LA PRENSA,Nacional,Nacional,Nacional,https://www.laprensa.com.ar,La Argentina está obligada a crear poder
2026-06-24,2026-W26,nacional,LA PRENSA,Nacional,Nacional,Nacional,https://www.laprensa.com.ar,Mis reales superhéroes
2026-06-24,2026-W26,nacional,LA PRENSA,Nacional,Nacional,Nacional,https://www.laprensa.com.ar,El peso de acusar
2026-06-24,2026-W26,nacional,LA PRENSA,Nacional,Nacional,Nacional,https://www.laprensa.com.ar,Pañuelos blancos
2026-06-24,2026-W26,nacional,LA PRENSA,Nacional,Nacional,Nacional,https://www.laprensa.com.ar,Preso por el Señor
2026-06-24,2026-W26,nacional,LA PRENSA,Nacional,Nacional,Nacional,https://www.laprensa.com.ar,Jueces heroicos y jueces indignos
2026-06-24,2026-W26,nacional,LA PRENSA,Nacional,Nacional,Nacional,https://www.laprensa.com.ar,Aniversario del combate de Manchalá
2026-06-24,2026-W26,nacional,LA PRENSA,Nacional,Nacional,Nacional,https://www.laprensa.com.ar,ARA General Belgrano
2026-06-24,2026-W26,nacional,LA PRENSA,Nacional,Nacional,Nacional,https://www.laprensa.com.ar,Hospital Pirovano
2026-06-24,2026-W26,nacional,LA PRENSA,Nacional,Nacional,Nacional,https://www.laprensa.com.ar,Muertos civiles
2026-06-24,2026-W26,nacional,LA PRENSA,Nacional,Nacional,Nacional,https://www.laprensa.com.ar,Ford confirmó la Ranger híbrida de producción nacional
2026-06-24,2026-W26,nacional,LA PRENSA,Nacional,Nacional,Nacional,https://www.laprensa.com.ar,Fiat fabrica una pick up en su planta de Córdoba
2026-06-24,2026-W26,nacional,ÁMBITO FINANCIERO,Nacional,Nacional,Nacional,https://www.ambito.com,El S&P Merval en dólares se hundió casi 6% y perdió el nivel de los 2.000 puntos tras la decisión del MSCI
2026-06-24,2026-W26,nacional,ÁMBITO FINANCIERO,Nacional,Nacional,Nacional,https://www.ambito.com,El dólar oficial alcanzó su nivel más alto en el año y ya subió más de 5% en junio
2026-06-24,2026-W26,nacional,ÁMBITO FINANCIERO,Nacional,Nacional,Nacional,https://www.ambito.com,"Alerta dólar: crece la demanda de cobertura, aparece la intervención en futuros y el BCRA compra cada vez menos divisas"
2026-06-24,2026-W26,nacional,ÁMBITO FINANCIERO,Nacional,Nacional,Nacional,https://www.ambito.com,Diputados sancionó el pago a fondos buitre y avanza con el Súper RIGI
2026-06-24,2026-W26,nacional,ÁMBITO FINANCIERO,Nacional,Nacional,Nacional,https://www.ambito.com,El RIMI aún no está operativo y la UIA pide que el 20% de los proveedores del RIGI sea argentino
2026-06-24,2026-W26,nacional,ÁMBITO FINANCIERO,Nacional,Nacional,Nacional,https://www.ambito.com,"Suiza ganó y clasificó primera del grupo B, Canadá quedó segunda y Bosnia puso un pie en 16vos tras vencer a Qatar"
2026-06-24,2026-W26,nacional,ÁMBITO FINANCIERO,Nacional,Nacional,Nacional,https://www.ambito.com,El dólar blue registró el mayor salto diario de 2026 y se consolidó por encima de los $1.500
2026-06-24,2026-W26,nacional,ÁMBITO FINANCIERO,Nacional,Nacional,Nacional,https://www.ambito.com,"""Nunca la vi tan enojada"": furia de Bullrich con Adorni tras desautorizarla públicamente"
2026-06-24,2026-W26,nacional,ÁMBITO FINANCIERO,Nacional,Nacional,Nacional,https://www.ambito.com,"La deuda externa representó el 46,9% del PBI en el inicio de 2026: se redujo por primera vez en cinco trimestres"
2026-06-24,2026-W26,nacional,ÁMBITO FINANCIERO,Nacional,Nacional,Nacional,https://www.ambito.com,Energía y minería: Argentina puede pasar de exportar u$s13.000 millones a u$s75.000 millones en 2035
2026-06-24,2026-W26,nacional,ÁMBITO FINANCIERO,Nacional,Nacional,Nacional,https://www.ambito.com,"Messi, a los 39"
2026-06-24,2026-W26,nacional,ÁMBITO FINANCIERO,Nacional,Nacional,Nacional,https://www.ambito.com,"El mensaje de Messi festejando el cumpleaños con la Selección: ""Linda sorpresa"""
2026-06-24,2026-W26,nacional,ÁMBITO FINANCIERO,Nacional,Nacional,Nacional,https://www.ambito.com,"El Senado bonaerense volvió a sesionar: interna a cielo abierto, nuevas leyes y el debate por zona fría"
2026-06-24,2026-W26,nacional,ÁMBITO FINANCIERO,Nacional,Nacional,Nacional,https://www.ambito.com,"Sturzenegger respaldó la reforma de la ley de Sociedades: ""No hay ningún motivo para pensar que la IA va a ser insegura"""
2026-06-24,2026-W26,nacional,ÁMBITO FINANCIERO,Nacional,Nacional,Nacional,https://www.ambito.com,"Milei inicia una nueva gira internacional con escalas en España, Paraguay y Estados Unidos"
2026-06-24,2026-W26,nacional,ÁMBITO FINANCIERO,Nacional,Nacional,Nacional,https://www.ambito.com,Mendoza reactiva la minería de uranio y se prepara el regreso productivo tras más de 30 años
2026-06-24,2026-W26,nacional,ÁMBITO FINANCIERO,Nacional,Nacional,Nacional,https://www.ambito.com,Provincias levantan la guardia por la reforma de la ley de Biocombustibles y advierten por el futuro de las pymes
2026-06-24,2026-W26,nacional,ÁMBITO FINANCIERO,Nacional,Nacional,Nacional,https://www.ambito.com,Ingeniería para la pasión: las capas de seguridad que conviven en un estadio de fútbol en la era de la inteligencia artificial
2026-06-24,2026-W26,nacional,ÁMBITO FINANCIERO,Nacional,Nacional,Nacional,https://www.ambito.com,Se definen el grupo B del Mundial 2026: los resultados que necesita cada equipo para clasificar
2026-06-24,2026-W26,nacional,ÁMBITO FINANCIERO,Nacional,Nacional,Nacional,https://www.ambito.com,Es hoy: según una vidente brasileña habrá una abducción extraterrestre en el partido Brasil-Escocia
2026-06-24,2026-W26,nacional,ÁMBITO FINANCIERO,Nacional,Nacional,Nacional,https://www.ambito.com,Quiénes son los jugadores de la Selección que deben cuidarse de una suspensión ante Jordania
2026-06-24,2026-W26,nacional,ÁMBITO FINANCIERO,Nacional,Nacional,Nacional,https://www.ambito.com,"Quién es Lumumba Vea, el ""hincha-estatua"" de RD Congo que se robó las miradas en el partido ante Colombia"
2026-06-24,2026-W26,nacional,ÁMBITO FINANCIERO,Nacional,Nacional,Nacional,https://www.ambito.com,"Lisandro López: ""Hoy la tecnología ya no es un aliado, es el core para lograr más eficiencia"""
2026-06-24,2026-W26,nacional,ÁMBITO FINANCIERO,Nacional,Nacional,Nacional,https://www.ambito.com,Ciberseguridad: cuáles son los riesgos y las opciones de cobertura ante un ataque
2026-06-24,2026-W26,nacional,ÁMBITO FINANCIERO,Nacional,Nacional,Nacional,https://www.ambito.com,Las oportunidades que se abren para el sector de seguros patrimoniales
2026-06-24,2026-W26,nacional,ÁMBITO FINANCIERO,Nacional,Nacional,Nacional,https://www.ambito.com,"Los seguros, entre la importancia para la economía, la oportunidad de mercado y el margen de mejora"
2026-06-24,2026-W26,nacional,ÁMBITO FINANCIERO,Nacional,Nacional,Nacional,https://www.ambito.com,"Lorena Garrera: ""El gran desafío es abrazar esta transformación tecnológica"""
2026-06-24,2026-W26,nacional,ÁMBITO FINANCIERO,Nacional,Nacional,Nacional,https://www.ambito.com,"Medio Oriente, ciberseguridad y ambiente, el impacto local de los riesgos globales"
2026-06-24,2026-W26,nacional,ÁMBITO FINANCIERO,Nacional,Nacional,Nacional,https://www.ambito.com,Economía y Finanzas
2026-06-24,2026-W26,nacional,ÁMBITO FINANCIERO,Nacional,Nacional,Nacional,https://www.ambito.com,Mercados: el dólar trepa a su máximo de 2026 y caen fuerte las acciones
2026-06-24,2026-W26,nacional,ÁMBITO FINANCIERO,Nacional,Nacional,Nacional,https://www.ambito.com,Disociación entre empleo y PBI: por qué la economía crece mientras se pierden puestos de trabajo formales
2026-06-24,2026-W26,nacional,ÁMBITO FINANCIERO,Nacional,Nacional,Nacional,https://www.ambito.com,La industria autopartista no logra recuperarse: la actividad cayó 9% interanual en el primer cuatrimestre
2026-06-24,2026-W26,nacional,ÁMBITO FINANCIERO,Nacional,Nacional,Nacional,https://www.ambito.com,"Ejecución fiscal: la excepción de inhabilidad de título niega la deuda; mientras que el pago, su reconocimiento"
2026-06-24,2026-W26,nacional,ÁMBITO FINANCIERO,Nacional,Nacional,Nacional,https://www.ambito.com,Golpe para las expectativas del mercado: MSCI mantuvo a Argentina en Standalone y la excluyó de una revisión de categoría
2026-06-24,2026-W26,nacional,ÁMBITO FINANCIERO,Nacional,Nacional,Nacional,https://www.ambito.com,El acuerdo entre EEUU e Irán no despeja las dudas del mercado
2026-06-24,2026-W26,nacional,ÁMBITO FINANCIERO,Nacional,Nacional,Nacional,https://www.ambito.com,"Wall Street rebota y recorta las bajas del lunes, mientras el petróleo toca su nivel más bajo desde febrero"
2026-06-24,2026-W26,nacional,ÁMBITO FINANCIERO,Nacional,Nacional,Nacional,https://www.ambito.com,El Club de París promueve cambios para agilizar reestructuraciones de deuda
2026-06-24,2026-W26,nacional,ÁMBITO FINANCIERO,Nacional,Nacional,Nacional,https://www.ambito.com,El oro cae con fuerza y amaga con perforar los u$s4.000 por primera vez desde 2025
2026-06-24,2026-W26,nacional,ÁMBITO FINANCIERO,Nacional,Nacional,Nacional,https://www.ambito.com,"Criptomonedas: Bitcoin cae y perfora los u$s60.000, mientras las altcoins retroceden hasta 5%"
2026-06-24,2026-W26,nacional,ÁMBITO FINANCIERO,Nacional,Nacional,Nacional,https://www.ambito.com,El Abierto de Australia generó beneficios económicos récord de casi u$s500 millones
2026-06-24,2026-W26,nacional,ÁMBITO FINANCIERO,Nacional,Nacional,Nacional,https://www.ambito.com,Para inversores: cuánto hay que desembolsar para instalar una franquicia de dietética
2026-06-24,2026-W26,nacional,ÁMBITO FINANCIERO,Nacional,Nacional,Nacional,https://www.ambito.com,Mundial 2026: las marcas deportivas pierden terreno ante nuevos competidores
2026-06-24,2026-W26,nacional,ÁMBITO FINANCIERO,Nacional,Nacional,Nacional,https://www.ambito.com,Créditos hipotecarios: cuánto dinero hay que tener para comprar una vivienda de u$s100.000
2026-06-24,2026-W26,nacional,ÁMBITO FINANCIERO,Nacional,Nacional,Nacional,https://www.ambito.com,Todo sobre energía y minería
2026-06-24,2026-W26,nacional,ÁMBITO FINANCIERO,Nacional,Nacional,Nacional,https://www.ambito.com,Cortes de luz en invierno: distribuidoras eléctricas acuerdan protocolo de acción ante contingencias severas
2026-06-24,2026-W26,nacional,ÁMBITO FINANCIERO,Nacional,Nacional,Nacional,https://www.ambito.com,Estaciones de servicio aceleran reclamos por los cortes de GNC y piden cambios del esquema de contratos
2026-06-24,2026-W26,nacional,ÁMBITO FINANCIERO,Nacional,Nacional,Nacional,https://www.ambito.com,Petróleo y minería impulsan un salto récord de exportaciones a Estados Unidos
2026-06-24,2026-W26,nacional,ÁMBITO FINANCIERO,Nacional,Nacional,Nacional,https://www.ambito.com,Iveco amplía su gama en la Argentina con nuevos Daily y más herramientas de financiamiento
2026-06-24,2026-W26,nacional,ÁMBITO FINANCIERO,Nacional,Nacional,Nacional,https://www.ambito.com,Carga rápida en autos eléctricos: cómo afecta la vida útil de la batería
2026-06-24,2026-W26,nacional,ÁMBITO FINANCIERO,Nacional,Nacional,Nacional,https://www.ambito.com,Corven Motos relanza sus scooters: llegan los nuevos Expert 80 y Expert 150
