{"type":"FeatureCollection","name":"gadm41_ARG_1","crs":{"type":"name","properties":{"name":"urn:ogc:def:crs:OGC:1.3:CRS84"}},"features":[{"type":"Feature","properties":{"GID_1":"ARG.1_1","GID_0":"ARG","COUNTRY":"Argentina","NAME_1":"BuenosAires","VARNAME_1":"Baires|BuenosAyres","NL_NAME_1":"NA","TYPE_1":"Provincia","ENGTYPE_1":"Province","CC_1":"NA","HASC_1":"AR.BA","ISO_1":"AR-B"},"geometry":{"type":"MultiPolygon","coordinates":[[[[-57.4,-37.66]]],[[[-58.46,-34.33],[-58.46,-34.34],[-58.45,-34.33],[-58.45,-34.34],[-58.44,-34.34],[-58.45,-34.34],[-58.45,-34.35],[-58.45,-34.36],[-58.44,-34.37],[-58.45,-34.38],[-58.46,-34.37],[-58.47,-34.36],[-58.47,-34.35],[-58.48,-34.35],[-58.48,-34.34],[-58.49,-34.33],[-58.47,-34.33],[-58.46,-34.33]]],[[[-58.44,-34.33],[-58.45,-34.33],[-58.44,-34.33]]],[[[-58.47,-34.32],[-58.48,-34.32],[-58.47,-34.32]]],[[[-58.47,-34.3],[-58.48,-34.3],[-58.47,-34.3]]],[[[-58.5,-34.3],[-58.49,-34.3],[-58.48,-34.3],[-58.47,-34.31],[-58.48,-34.31],[-58.47,-34.31],[-58.48,-34.32],[-58.49,-34.32],[-58.51,-34.3],[-58.5,-34.29],[-58.5,-34.3]]],[[[-58.47,-34.3],[-58.48,-34.3],[-58.48,-34.29],[-58.47,-34.29],[-58.47,-34.3]]],[[[-58.46,-34.3],[-58.47,-34.3],[-58.46,-34.3]]],[[[-58.49,-34.29],[-58.48,-34.29],[-58.49,-34.29],[-58.48,-34.3],[-58.49,-34.3],[-58.5,-34.29],[-58.49,-34.28],[-58.49,-34.29]]],[[[-58.47,-34.28],[-58.48,-34.28],[-58.47,-34.28]]],[[[-58.46,-34.29],[-58.48,-34.29],[-58.47,-34.28],[-58.46,-34.29]]],[[[-58.41,-34.27],[-58.41,-34.26],[-58.41,-34.27]]],[[[-58.28,-34.27],[-58.27,-34.27],[-58.28,-34.27]]],[[[-58.27,-34.25],[-58.27,-34.26],[-58.27,-34.27],[-58.28,-34.26],[-58.27,-34.25]]],[[[-62.18,-38.82],[-62.19,-38.82],[-62.19,-38.81],[-62.18,-38.82]]],[[[-62.36,-38.75],[-62.37,-38.75],[-62.36,-38.75]]],[[[-62.34,-38.73]]],[[[-57.43,-37.73]]],[[[-57.41,-37.67]]],[[[-62.35,-38.72],[-62.35,-38.73],[-62.34,-38.73],[-62.34,-38.74],[-62.33,-38.74],[-62.33,-38.75],[-62.34,-38.75],[-62.35,-38.75],[-62.34,-38.75],[-62.35,-38.76],[-62.35,-38.75],[-62.35,-38.74],[-62.35,-38.73],[-62.36,-38.73],[-62.36,-38.72],[-62.35,-38.72]]],[[[-62.32,-38.82],[-62.33,-38.83],[-62.33,-38.82],[-62.32,-38.82]]],[[[-62.24,-38.82],[-62.23,-38.82],[-62.24,-38.82]]],[[[-62.22,-38.82]]],[[[-62.27,-38.8],[-62.27,-38.81],[-62.26,-38.81],[-62.26,-38.82],[-62.27,-38.82],[-62.28,-38.82],[-62.28,-38.8],[-62.27,-38.8]]],[[[-58.28,-34.24],[-58.28,-34.26],[-58.29,-34.26],[-58.28,-34.25],[-58.29,-34.25],[-58.29,-34.24],[-58.28,-34.24]]],[[[-58.39,-34.23],[-58.4,-34.23],[-58.39,-34.23]]],[[[-58.32,-34.24],[-58.32,-34.25],[-58.33,-34.25],[-58.32,-34.25],[-58.33,-34.25],[-58.33,-34.24],[-58.32,-34.24]]],[[[-58.31,-34.24],[-58.31,-34.25],[-58.31,-34.24]]],[[[-58.33,-34.24],[-58.32,-34.24],[-58.33,-34.24]]],[[[-58.26,-34.18],[-58.26,-34.17],[-58.26,-34.18]]],[[[-58.26,-34.17],[-58.25,-34.17],[-58.24,-34.18],[-58.24,-34.19],[-58.25,-34.19],[-58.26,-34.19],[-58.26,-34.18],[-58.27,-34.17],[-58.27,-34.16],[-58.26,-34.17]]],[[[-58.33,-34.15]]],[[[-58.35,-34.08],[-58.35,-34.1],[-58.35,-34.09],[-58.35,-34.08]]],[[[-58.33,-34.14]]],[[[-58.34,-34.14],[-58.33,-34.15],[-58.34,-34.15],[-58.33,-34.16],[-58.32,-34.16],[-58.32,-34.17],[-58.32,-34.18],[-58.32,-34.19],[-58.33,-34.19],[-58.33,-34.2],[-58.34,-34.19],[-58.33,-34.18],[-58.34,-34.18],[-58.33,-34.18],[-58.33,-34.17],[-58.34,-34.17],[-58.33,-34.17],[-58.34,-34.17],[-58.34,-34.16],[-58.34,-34.15],[-58.34,-34.14]]],[[[-58.27,-34.23],[-58.26,-34.23],[-58.25,-34.24],[-58.25,-34.25],[-58.26,-34.25],[-58.26,-34.24],[-58.27,-34.24],[-58.27,-34.25],[-58.27,-34.24],[-58.28,-34.24],[-58.27,-34.24],[-58.28,-34.24],[-58.27,-34.23],[-58.27,-34.22],[-58.27,-34.23]]],[[[-58.34,-34.22],[-58.33,-34.22],[-58.34,-34.23],[-58.33,-34.23],[-58.34,-34.24],[-58.34,-34.23],[-58.35,-34.23],[-58.35,-34.22],[-58.34,-34.21],[-58.34,-34.22]]],[[[-58.28,-34.22],[-58.28,-34.23],[-58.28,-34.22]]],[[[-58.28,-34.23],[-58.29,-34.24],[-58.29,-34.23],[-58.28,-34.23]]],[[[-58.25,-34.2],[-58.25,-34.21],[-58.25,-34.22],[-58.26,-34.21],[-58.27,-34.21],[-58.27,-34.2],[-58.25,-34.2]]],[[[-58.31,-34.19],[-58.29,-34.2],[-58.28,-34.21],[-58.28,-34.22],[-58.29,-34.22],[-58.29,-34.23],[-58.3,-34.23],[-58.3,-34.22],[-58.31,-34.22],[-58.31,-34.23],[-58.32,-34.23],[-58.32,-34.24],[-58.32,-34.23],[-58.32,-34.24],[-58.33,-34.24],[-58.33,-34.23],[-58.33,-34.21],[-58.32,-34.19],[-58.31,-34.19]]],[[[-58.36,-34.06],[-58.36,-34.05],[-58.36,-34.06]]],[[[-62.23,-38.91],[-62.24,-38.91],[-62.25,-38.91],[-62.24,-38.91],[-62.23,-38.91]]],[[[-62.33,-38.87],[-62.33,-38.88],[-62.33,-38.87],[-62.33,-38.88],[-62.33,-38.87]]],[[[-62.23,-38.87]]],[[[-62.24,-38.87],[-62.24,-38.88],[-62.25,-38.88],[-62.25,-38.87],[-62.24,-38.87],[-62.25,-38.87],[-62.24,-38.87]]],[[[-62.26,-38.87],[-62.26,-38.88],[-62.26,-38.87]]],[[[-62.24,-38.87],[-62.24,-38.88],[-62.24,-38.87]]],[[[-62.25,-38.87],[-62.26,-38.87],[-62.25,-38.87]]],[[[-62.2,-38.89]]],[[[-62.21,-38.89],[-62.21,-38.9],[-62.21,-38.89],[-62.21,-38.9],[-62.21,-38.89]]],[[[-62.31,-38.9],[-62.3,-38.9],[-62.29,-38.9],[-62.29,-38.91],[-62.31,-38.9],[-62.31,-38.91],[-62.32,-38.91],[-62.31,-38.91],[-62.31,-38.9]]],[[[-62.31,-38.89],[-62.29,-38.9],[-62.3,-38.9],[-62.3,-38.89],[-62.3,-38.9],[-62.31,-38.9],[-62.31,-38.89],[-62.32,-38.89],[-62.31,-38.89]]],[[[-62.24,-38.89],[-62.23,-38.9],[-62.24,-38.9],[-62.24,-38.91],[-62.25,-38.9],[-62.25,-38.91],[-62.26,-38.91],[-62.26,-38.9],[-62.25,-38.9],[-62.24,-38.89]]],[[[-62.2,-38.89]]],[[[-62.2,-38.89],[-62.21,-38.89],[-62.2,-38.89]]],[[[-62.28,-38.88],[-62.27,-38.88],[-62.27,-38.89],[-62.28,-38.89],[-62.28,-38.9],[-62.29,-38.9],[-62.29,-38.89],[-62.29,-38.9],[-62.28,-38.9],[-62.29,-38.89],[-62.28,-38.89],[-62.29,-38.89],[-62.29,-38.88],[-62.28,-38.88]]],[[[-62.25,-38.89],[-62.26,-38.89],[-62.27,-38.89],[-62.26,-38.89],[-62.26,-38.88],[-62.26,-38.89],[-62.26,-38.88],[-62.25,-38.89]]],[[[-62.25,-38.88],[-62.24,-38.88],[-62.23,-38.88],[-62.23,-38.89],[-62.24,-38.89],[-62.25,-38.88]]],[[[-62.29,-38.89],[-62.29,-38.88],[-62.29,-38.89]]],[[[-62.34,-38.84],[-62.34,-38.83],[-62.35,-38.84],[-62.34,-38.84]]],[[[-62.15,-38.84],[-62.14,-38.84],[-62.14,-38.85],[-62.15,-38.85],[-62.15,-38.84]]],[[[-62.28,-38.84]]],[[[-62.29,-38.83],[-62.29,-38.84],[-62.3,-38.84],[-62.29,-38.83]]],[[[-62.23,-38.84]]],[[[-62.18,-38.84],[-62.18,-38.85],[-62.19,-38.85],[-62.2,-38.85],[-62.2,-38.84],[-62.19,-38.84],[-62.18,-38.84]]],[[[-62.28,-38.84],[-62.28,-38.85],[-62.29,-38.85],[-62.29,-38.84],[-62.28,-38.84]]],[[[-62.25,-38.84],[-62.26,-38.84],[-62.25,-38.84]]],[[[-62.17,-38.83],[-62.17,-38.84],[-62.16,-38.84],[-62.17,-38.84],[-62.18,-38.84],[-62.18,-38.83],[-62.17,-38.83],[-62.17,-38.84],[-62.17,-38.83]]],[[[-62.22,-38.84],[-62.21,-38.84],[-62.22,-38.84],[-62.22,-38.83],[-62.22,-38.84]]],[[[-62.15,-38.83],[-62.15,-38.84],[-62.15,-38.83],[-62.15,-38.84],[-62.16,-38.84],[-62.16,-38.83],[-62.16,-38.84],[-62.15,-38.83]]],[[[-62.25,-38.83],[-62.24,-38.83],[-62.24,-38.84],[-62.25,-38.84],[-62.24,-38.84],[-62.25,-38.84],[-62.25,-38.83],[-62.26,-38.83],[-62.25,-38.83]]],[[[-62.16,-38.83],[-62.16,-38.84],[-62.17,-38.84],[-62.17,-38.83],[-62.16,-38.83]]],[[[-62.33,-38.86],[-62.34,-38.87],[-62.34,-38.86],[-62.33,-38.86]]],[[[-62.32,-38.87],[-62.31,-38.87],[-62.32,-38.87],[-62.32,-38.86],[-62.32,-38.87]]],[[[-62.28,-38.87]]],[[[-62.31,-38.87],[-62.3,-38.87],[-62.3,-38.88],[-62.3,-38.87],[-62.29,-38.87],[-62.28,-38.87],[-62.27,-38.87],[-62.27,-38.88],[-62.28,-38.88],[-62.27,-38.87],[-62.28,-38.88],[-62.29,-38.88],[-62.3,-38.88],[-62.31,-38.88],[-62.3,-38.88],[-62.29,-38.89],[-62.3,-38.89],[-62.31,-38.89],[-62.3,-38.89],[-62.31,-38.89],[-62.32,-38.89],[-62.32,-38.88],[-62.31,-38.88],[-62.32,-38.87],[-62.31,-38.87],[-62.31,-38.86],[-62.31,-38.87]]],[[[-62.16,-38.86],[-62.16,-38.87],[-62.18,-38.86],[-62.17,-38.86],[-62.16,-38.86]]],[[[-62.29,-38.86]]],[[[-62.26,-38.86],[-62.27,-38.86],[-62.26,-38.86]]],[[[-62.27,-38.86]]],[[[-62.26,-38.86],[-62.27,-38.86],[-62.27,-38.85],[-62.26,-38.86]]],[[[-62.19,-38.86],[-62.18,-38.86],[-62.18,-38.87],[-62.19,-38.86],[-62.2,-38.86],[-62.19,-38.86]]],[[[-62.24,-38.85],[-62.23,-38.85],[-62.23,-38.86],[-62.24,-38.85],[-62.24,-38.86],[-62.24,-38.85],[-62.24,-38.84],[-62.24,-38.85]]],[[[-62.27,-38.83],[-62.28,-38.83],[-62.27,-38.83]]],[[[-62.19,-38.83]]],[[[-62.21,-38.83]]],[[[-62.26,-38.83]]],[[[-62.28,-38.82],[-62.27,-38.83],[-62.28,-38.83],[-62.28,-38.82]]],[[[-62.24,-38.82],[-62.23,-38.82],[-62.23,-38.83],[-62.24,-38.82],[-62.25,-38.82],[-62.24,-38.82]]],[[[-62.15,-39.03],[-62.14,-39.04],[-62.15,-39.03],[-62.15,-39.04],[-62.15,-39.03]]],[[[-62.1,-39.03],[-62.11,-39.04],[-62.11,-39.03],[-62.1,-39.03]]],[[[-62.11,-39.06],[-62.1,-39.06],[-62.11,-39.06]]],[[[-62.11,-39.05]]],[[[-62.09,-39.06],[-62.1,-39.06],[-62.09,-39.06]]],[[[-62.04,-39.06]]],[[[-62.04,-39.04],[-62.04,-39.05],[-62.03,-39.05],[-62.04,-39.05],[-62.04,-39.04],[-62.05,-39.04],[-62.04,-39.04]]],[[[-61.83,-38.98],[-61.84,-38.98],[-61.83,-38.98]]],[[[-61.84,-38.98]]],[[[-61.85,-38.97],[-61.84,-38.98],[-61.85,-38.98],[-61.85,-38.97]]],[[[-62.23,-39.01],[-62.22,-39.01],[-62.22,-39.02],[-62.23,-39.02],[-62.24,-39.02],[-62.23,-39.02],[-62.24,-39.03],[-62.24,-39.02],[-62.25,-39.01],[-62.24,-39.01],[-62.23,-39.01]]],[[[-62.06,-39.02],[-62.06,-39.01],[-62.06,-39.02]]],[[[-62.07,-39.02],[-62.08,-39.02],[-62.07,-39.02],[-62.07,-39.01],[-62.07,-39.02]]],[[[-62.07,-39.01],[-62.07,-39.02],[-62.08,-39.02],[-62.08,-39.01],[-62.07,-39.01]]],[[[-62.21,-39.0],[-62.21,-39.01],[-62.2,-39.0],[-62.2,-39.01],[-62.2,-39.0],[-62.19,-39.0],[-62.19,-39.01],[-62.2,-39.01],[-62.2,-39.02],[-62.21,-39.02],[-62.22,-39.01],[-62.21,-39.01],[-62.22,-39.01],[-62.23,-39.01],[-62.22,-39.01],[-62.21,-39.0]]],[[[-62.07,-39.01]]],[[[-62.01,-39.0]]],[[[-62.13,-39.0],[-62.14,-39.0],[-62.13,-39.0]]],[[[-62.16,-39.0],[-62.17,-39.0],[-62.16,-39.0]]],[[[-62.22,-39.0]]],[[[-62.22,-39.0]]],[[[-62.06,-38.99],[-62.05,-38.99],[-62.06,-38.98],[-62.06,-38.99]]],[[[-62.3,-38.95],[-62.3,-38.94],[-62.3,-38.95]]],[[[-62.26,-38.94],[-62.25,-38.94],[-62.26,-38.94],[-62.26,-38.93],[-62.26,-38.94]]],[[[-62.27,-38.93],[-62.26,-38.93],[-62.27,-38.94],[-62.28,-38.94],[-62.27,-38.93]]],[[[-62.3,-38.97],[-62.3,-38.98],[-62.29,-38.97],[-62.3,-38.98],[-62.31,-38.98],[-62.3,-38.98],[-62.31,-38.98],[-62.3,-38.97]]],[[[-62.31,-38.97],[-62.32,-38.98],[-62.32,-38.97],[-62.31,-38.97],[-62.32,-38.97],[-62.31,-38.97],[-62.3,-38.97],[-62.31,-38.97]]],[[[-62.08,-38.97],[-62.09,-38.97],[-62.08,-38.97]]],[[[-62.25,-38.97],[-62.24,-38.98],[-62.25,-38.98],[-62.26,-38.98],[-62.26,-38.97],[-62.25,-38.97]]],[[[-62.13,-38.95],[-62.12,-38.96],[-62.12,-38.95],[-62.11,-38.95],[-62.11,-38.96],[-62.1,-38.96],[-62.11,-38.96],[-62.1,-38.96],[-62.1,-38.97],[-62.1,-38.96],[-62.1,-38.97],[-62.1,-38.98],[-62.12,-38.98],[-62.13,-38.98],[-62.13,-38.99],[-62.14,-38.99],[-62.15,-38.99],[-62.14,-38.99],[-62.13,-38.99],[-62.13,-38.98],[-62.15,-38.99],[-62.15,-38.98],[-62.14,-38.98],[-62.14,-38.97],[-62.14,-38.96],[-62.14,-38.97],[-62.15,-38.98],[-62.16,-38.97],[-62.16,-38.96],[-62.16,-38.97],[-62.15,-38.96],[-62.16,-38.96],[-62.15,-38.95],[-62.14,-38.95],[-62.13,-38.95]]],[[[-62.31,-38.97],[-62.32,-38.97],[-62.31,-38.97]]],[[[-62.09,-38.97],[-62.09,-38.96],[-62.09,-38.97]]],[[[-62.21,-38.96],[-62.21,-38.95],[-62.21,-38.96]]],[[[-62.23,-38.95],[-62.22,-38.95],[-62.22,-38.96],[-62.23,-38.96],[-62.23,-38.95]]],[[[-62.23,-38.95],[-62.24,-38.95],[-62.23,-38.95]]],[[[-62.21,-38.96],[-62.2,-38.96],[-62.21,-38.96]]],[[[-62.17,-38.92],[-62.16,-38.92],[-62.16,-38.93],[-62.16,-38.92],[-62.17,-38.93],[-62.18,-38.93],[-62.18,-38.94],[-62.17,-38.94],[-62.16,-38.94],[-62.16,-38.93],[-62.15,-38.93],[-62.16,-38.94],[-62.17,-38.94],[-62.19,-38.95],[-62.17,-38.94],[-62.18,-38.95],[-62.19,-38.96],[-62.2,-38.96],[-62.19,-38.95],[-62.2,-38.95],[-62.19,-38.95],[-62.2,-38.95],[-62.19,-38.94],[-62.2,-38.94],[-62.19,-38.94],[-62.19,-38.93],[-62.18,-38.93],[-62.18,-38.92],[-62.17,-38.92]]],[[[-62.22,-38.95]]],[[[-62.28,-38.95],[-62.27,-38.95],[-62.28,-38.95],[-62.28,-38.94],[-62.28,-38.95]]],[[[-62.26,-38.94],[-62.26,-38.95],[-62.27,-38.95],[-62.27,-38.94],[-62.26,-38.94]]],[[[-62.24,-38.94],[-62.23,-38.94],[-62.24,-38.94],[-62.23,-38.94],[-62.23,-38.95],[-62.24,-38.95],[-62.24,-38.96],[-62.24,-38.95],[-62.25,-38.95],[-62.25,-38.96],[-62.25,-38.95],[-62.25,-38.96],[-62.26,-38.95],[-62.25,-38.95],[-62.25,-38.94],[-62.24,-38.94],[-62.24,-38.95],[-62.24,-38.94],[-62.24,-38.93],[-62.24,-38.94]]],[[[-62.16,-38.97],[-62.17,-38.97],[-62.18,-38.97],[-62.17,-38.97],[-62.17,-38.96],[-62.16,-38.97]]],[[[-62.29,-38.97],[-62.3,-38.97],[-62.29,-38.97]]],[[[-62.26,-38.97],[-62.27,-38.97],[-62.27,-38.96],[-62.26,-38.97]]],[[[-62.31,-38.97],[-62.31,-38.96],[-62.31,-38.97]]],[[[-62.27,-38.97],[-62.28,-38.97],[-62.28,-38.96],[-62.28,-38.97],[-62.28,-38.96],[-62.27,-38.96],[-62.27,-38.97]]],[[[-62.3,-38.96],[-62.29,-38.96],[-62.28,-38.96],[-62.29,-38.96],[-62.3,-38.96],[-62.3,-38.95],[-62.3,-38.96]]],[[[-62.15,-38.92],[-62.16,-38.92],[-62.15,-38.92]]],[[[-62.24,-38.93],[-62.24,-38.94],[-62.24,-38.93]]],[[[-62.15,-38.92],[-62.15,-38.93],[-62.15,-38.92]]],[[[-62.19,-38.93],[-62.2,-38.93],[-62.2,-38.92],[-62.19,-38.92],[-62.19,-38.93]]],[[[-62.24,-38.93],[-62.25,-38.93],[-62.25,-38.92],[-62.24,-38.92],[-62.24,-38.93]]],[[[-62.24,-38.92],[-62.23,-38.92],[-62.24,-38.93],[-62.24,-38.92]]],[[[-62.27,-38.92],[-62.27,-38.91],[-62.27,-38.92]]],[[[-62.26,-38.91],[-62.25,-38.92],[-62.26,-38.92],[-62.26,-38.91]]],[[[-62.21,-38.91],[-62.2,-38.91],[-62.19,-38.92],[-62.19,-38.91],[-62.18,-38.92],[-62.18,-38.91],[-62.18,-38.92],[-62.19,-38.92],[-62.2,-38.92],[-62.2,-38.93],[-62.21,-38.93],[-62.21,-38.94],[-62.22,-38.93],[-62.23,-38.93],[-62.22,-38.92],[-62.23,-38.92],[-62.22,-38.92],[-62.22,-38.91],[-62.21,-38.9],[-62.21,-38.91]]],[[[-62.27,-38.9],[-62.27,-38.91],[-62.28,-38.91],[-62.3,-38.92],[-62.3,-38.91],[-62.31,-38.91],[-62.3,-38.9],[-62.3,-38.91],[-62.29,-38.91],[-62.28,-38.91],[-62.29,-38.9],[-62.28,-38.9],[-62.27,-38.9]]],[[[-62.17,-39.83],[-62.17,-39.84],[-62.16,-39.84],[-62.15,-39.85],[-62.15,-39.86],[-62.14,-39.86],[-62.13,-39.86],[-62.12,-39.85],[-62.12,-39.86],[-62.12,-39.87],[-62.12,-39.88],[-62.12,-39.89],[-62.13,-39.89],[-62.13,-39.88],[-62.14,-39.88],[-62.13,-39.87],[-62.14,-39.88],[-62.13,-39.88],[-62.13,-39.89],[-62.14,-39.88],[-62.15,-39.87],[-62.16,-39.87],[-62.17,-39.87],[-62.17,-39.86],[-62.18,-39.85],[-62.19,-39.85],[-62.19,-39.86],[-62.19,-39.85],[-62.18,-39.86],[-62.17,-39.86],[-62.17,-39.87],[-62.16,-39.87],[-62.17,-39.87],[-62.18,-39.87],[-62.18,-39.88],[-62.19,-39.88],[-62.2,-39.88],[-62.21,-39.88],[-62.24,-39.88],[-62.25,-39.88],[-62.25,-39.87],[-62.26,-39.87],[-62.26,-39.86],[-62.27,-39.86],[-62.26,-39.86],[-62.27,-39.85],[-62.28,-39.85],[-62.28,-39.84],[-62.28,-39.85],[-62.27,-39.85],[-62.27,-39.86],[-62.26,-39.86],[-62.27,-39.86],[-62.27,-39.87],[-62.28,-39.87],[-62.27,-39.87],[-62.26,-39.87],[-62.25,-39.87],[-62.25,-39.88],[-62.26,-39.88],[-62.27,-39.87],[-62.26,-39.88],[-62.27,-39.88],[-62.26,-39.88],[-62.26,-39.89],[-62.27,-39.89],[-62.28,-39.89],[-62.28,-39.88],[-62.29,-39.89],[-62.29,-39.88],[-62.28,-39.88],[-62.29,-39.88],[-62.3,-39.87],[-62.29,-39.88],[-62.3,-39.88],[-62.3,-39.87],[-62.3,-39.88],[-62.3,-39.87],[-62.31,-39.87],[-62.31,-39.88],[-62.31,-39.89],[-62.31,-39.9],[-62.32,-39.9],[-62.32,-39.91],[-62.32,-39.92],[-62.32,-39.91],[-62.33,-39.91],[-62.32,-39.91],[-62.32,-39.9],[-62.32,-39.91],[-62.33,-39.91],[-62.32,-39.92],[-62.32,-39.93],[-62.33,-39.93],[-62.33,-39.94],[-62.32,-39.94],[-62.32,-39.93],[-62.31,-39.94],[-62.32,-39.94],[-62.33,-39.96],[-62.33,-39.97],[-62.32,-39.97],[-62.32,-39.98],[-62.33,-40.0],[-62.33,-40.01],[-62.34,-40.03],[-62.34,-40.04],[-62.34,-40.06],[-62.34,-40.08],[-62.33,-40.1],[-62.33,-40.11],[-62.32,-40.12],[-62.32,-40.13],[-62.32,-40.14],[-62.32,-40.15],[-62.33,-40.17],[-62.34,-40.19],[-62.34,-40.2],[-62.36,-40.21],[-62.35,-40.21],[-62.35,-40.2],[-62.34,-40.2],[-62.36,-40.21],[-62.36,-40.22],[-62.37,-40.22],[-62.38,-40.22],[-62.39,-40.23],[-62.41,-40.23],[-62.42,-40.24],[-62.42,-40.23],[-62.43,-40.24],[-62.44,-40.24],[-62.44,-40.25],[-62.45,-40.26],[-62.45,-40.27],[-62.46,-40.28],[-62.47,-40.28],[-62.48,-40.29],[-62.49,-40.3],[-62.49,-40.31],[-62.48,-40.31],[-62.48,-40.32],[-62.48,-40.33],[-62.48,-40.34],[-62.47,-40.34],[-62.47,-40.35],[-62.46,-40.36],[-62.46,-40.37],[-62.45,-40.38],[-62.45,-40.39],[-62.45,-40.4],[-62.44,-40.4],[-62.44,-40.41],[-62.43,-40.42],[-62.42,-40.43],[-62.42,-40.44],[-62.42,-40.45],[-62.41,-40.46],[-62.41,-40.47],[-62.4,-40.47],[-62.39,-40.47],[-62.38,-40.48],[-62.37,-40.49],[-62.36,-40.49],[-62.34,-40.49],[-62.32,-40.51],[-62.31,-40.51],[-62.32,-40.52],[-62.32,-40.53],[-62.32,-40.54],[-62.31,-40.54],[-62.3,-40.54],[-62.29,-40.55],[-62.29,-40.54],[-62.28,-40.54],[-62.28,-40.55],[-62.27,-40.55],[-62.26,-40.55],[-62.26,-40.56],[-62.27,-40.56],[-62.27,-40.57],[-62.27,-40.56],[-62.26,-40.56],[-62.26,-40.57],[-62.26,-40.58],[-62.25,-40.59],[-62.24,-40.6],[-62.25,-40.6],[-62.24,-40.61],[-62.25,-40.61],[-62.25,-40.62],[-62.25,-40.63],[-62.25,-40.62],[-62.25,-40.61],[-62.26,-40.61],[-62.25,-40.62],[-62.25,-40.63],[-62.24,-40.63],[-62.25,-40.64],[-62.25,-40.65],[-62.27,-40.64],[-62.3,-40.64],[-62.3,-40.63],[-62.32,-40.63],[-62.33,-40.62],[-62.33,-40.6],[-62.33,-40.59],[-62.34,-40.6],[-62.35,-40.6],[-62.36,-40.6],[-62.35,-40.6],[-62.34,-40.6],[-62.34,-40.61],[-62.35,-40.61],[-62.36,-40.61],[-62.35,-40.61],[-62.34,-40.61],[-62.35,-40.62],[-62.34,-40.61],[-62.34,-40.62],[-62.35,-40.63],[-62.34,-40.63],[-62.34,-40.64],[-62.33,-40.64],[-62.32,-40.64],[-62.31,-40.64],[-62.32,-40.64],[-62.31,-40.64],[-62.3,-40.65],[-62.29,-40.65],[-62.29,-40.66],[-62.29,-40.65],[-62.28,-40.66],[-62.28,-40.65],[-62.29,-40.65],[-62.28,-40.65],[-62.27,-40.65],[-62.26,-40.65],[-62.25,-40.65],[-62.24,-40.65],[-62.23,-40.65],[-62.21,-40.64],[-62.2,-40.63],[-62.19,-40.63],[-62.2,-40.64],[-62.21,-40.65],[-62.22,-40.66],[-62.22,-40.67],[-62.23,-40.68],[-62.23,-40.69],[-62.23,-40.71],[-62.24,-40.71],[-62.25,-40.73],[-62.26,-40.74],[-62.26,-40.76],[-62.27,-40.78],[-62.28,-40.79],[-62.29,-40.82],[-62.3,-40.83],[-62.3,-40.86],[-62.31,-40.87],[-62.32,-40.88],[-62.36,-40.89],[-62.37,-40.9],[-62.38,-40.91],[-62.42,-40.92],[-62.43,-40.93],[-62.44,-40.93],[-62.48,-40.94],[-62.51,-40.95],[-62.52,-40.95],[-62.55,-40.96],[-62.6,-40.98],[-62.64,-41.0],[-62.66,-41.0],[-62.67,-41.01],[-62.68,-41.01],[-62.69,-41.01],[-62.7,-41.01],[-62.71,-41.02],[-62.72,-41.02],[-62.72,-41.03],[-62.71,-41.02],[-62.71,-41.03],[-62.72,-41.03],[-62.73,-41.03],[-62.73,-41.04],[-62.74,-41.03],[-62.76,-41.03],[-62.78,-41.03],[-62.79,-41.02],[-62.8,-41.01],[-62.8,-40.98],[-62.81,-40.97],[-62.84,-40.94],[-62.85,-40.93],[-62.87,-40.9],[-62.89,-40.88],[-62.91,-40.87],[-62.92,-40.86],[-62.93,-40.85],[-62.93,-40.84],[-62.94,-40.84],[-62.95,-40.82],[-62.96,-40.82],[-62.97,-40.81],[-63.0,-40.8],[-63.02,-40.79],[-63.03,-40.79],[-63.04,-40.78],[-63.05,-40.77],[-63.07,-40.76],[-63.1,-40.76],[-63.12,-40.74],[-63.14,-40.74],[-63.16,-40.73],[-63.19,-40.72],[-63.28,-40.72],[-63.29,-40.72],[-63.3,-40.72],[-63.3,-40.71],[-63.31,-40.71],[-63.33,-40.71],[-63.36,-40.72],[-63.36,-40.71],[-63.37,-40.7],[-63.39,-40.71],[-63.39,-40.21],[-63.39,-40.0],[-63.39,-39.37],[-63.39,-39.32],[-63.39,-39.3],[-63.39,-38.07],[-63.39,-38.01],[-63.39,-36.06],[-63.39,-36.0],[-63.39,-35.82],[-63.39,-35.58],[-63.39,-35.07],[-63.39,-34.49],[-63.39,-34.38],[-62.48,-34.38],[-62.0,-34.38],[-61.72,-34.38],[-61.62,-34.29],[-61.57,-34.25],[-61.53,-34.21],[-61.5,-34.18],[-61.31,-34.0],[-61.07,-33.78],[-60.92,-33.64],[-60.92,-33.62],[-60.91,-33.59],[-60.9,-33.58],[-60.87,-33.55],[-60.85,-33.54],[-60.82,-33.54],[-60.81,-33.55],[-60.8,-33.56],[-60.79,-33.57],[-60.75,-33.58],[-60.73,-33.58],[-60.7,-33.58],[-60.69,-33.58],[-60.68,-33.58],[-60.66,-33.59],[-60.65,-33.6],[-60.62,-33.62],[-60.61,-33.62],[-60.61,-33.63],[-60.59,-33.63],[-60.58,-33.63],[-60.57,-33.63],[-60.54,-33.64],[-60.53,-33.65],[-60.51,-33.64],[-60.5,-33.64],[-60.48,-33.63],[-60.47,-33.63],[-60.46,-33.63],[-60.46,-33.62],[-60.46,-33.6],[-60.46,-33.58],[-60.45,-33.58],[-60.44,-33.57],[-60.44,-33.56],[-60.42,-33.56],[-60.42,-33.55],[-60.41,-33.54],[-60.42,-33.53],[-60.42,-33.51],[-60.42,-33.49],[-60.41,-33.46],[-60.4,-33.45],[-60.39,-33.45],[-60.39,-33.44],[-60.38,-33.44],[-60.37,-33.43],[-60.36,-33.43],[-60.35,-33.42],[-60.34,-33.41],[-60.33,-33.4],[-60.32,-33.38],[-60.32,-33.37],[-60.32,-33.36],[-60.32,-33.35],[-60.31,-33.34],[-60.3,-33.33],[-60.29,-33.32],[-60.28,-33.32],[-60.28,-33.31],[-60.27,-33.28],[-60.27,-33.27],[-60.26,-33.27],[-60.25,-33.26],[-60.23,-33.27],[-60.2,-33.29],[-60.19,-33.31],[-60.19,-33.33],[-60.18,-33.34],[-60.16,-33.35],[-60.15,-33.36],[-60.13,-33.36],[-60.12,-33.37],[-60.1,-33.38],[-60.08,-33.41],[-60.07,-33.42],[-60.06,-33.43],[-60.04,-33.44],[-60.02,-33.45],[-60.01,-33.46],[-60.0,-33.46],[-59.97,-33.46],[-59.95,-33.46],[-59.94,-33.47],[-59.92,-33.49],[-59.91,-33.5],[-59.86,-33.51],[-59.83,-33.52],[-59.83,-33.53],[-59.82,-33.53],[-59.82,-33.56],[-59.82,-33.57],[-59.82,-33.58],[-59.82,-33.59],[-59.8,-33.6],[-59.77,-33.61],[-59.75,-33.61],[-59.74,-33.61],[-59.73,-33.61],[-59.71,-33.61],[-59.68,-33.61],[-59.68,-33.62],[-59.65,-33.63],[-59.65,-33.64],[-59.64,-33.66],[-59.64,-33.67],[-59.63,-33.68],[-59.62,-33.69],[-59.61,-33.69],[-59.6,-33.68],[-59.56,-33.65],[-59.54,-33.64],[-59.54,-33.63],[-59.52,-33.63],[-59.51,-33.64],[-59.49,-33.65],[-59.48,-33.67],[-59.48,-33.68],[-59.47,-33.71],[-59.45,-33.72],[-59.44,-33.73],[-59.41,-33.74],[-59.38,-33.74],[-59.37,-33.74],[-59.34,-33.73],[-59.3,-33.73],[-59.27,-33.72],[-59.26,-33.72],[-59.25,-33.72],[-59.25,-33.73],[-59.25,-33.76],[-59.26,-33.78],[-59.24,-33.8],[-59.22,-33.81],[-59.2,-33.8],[-59.19,-33.8],[-59.17,-33.81],[-59.16,-33.82],[-59.15,-33.83],[-59.14,-33.84],[-59.13,-33.84],[-59.11,-33.84],[-59.09,-33.83],[-59.08,-33.83],[-59.06,-33.83],[-59.03,-33.84],[-59.02,-33.83],[-59.01,-33.83],[-59.0,-33.84],[-58.99,-33.85],[-58.98,-33.86],[-58.95,-33.86],[-58.93,-33.87],[-58.9,-33.89],[-58.89,-33.91],[-58.88,-33.92],[-58.87,-33.93],[-58.85,-33.94],[-58.83,-33.95],[-58.81,-33.94],[-58.78,-33.94],[-58.77,-33.94],[-58.76,-33.94],[-58.75,-33.95],[-58.72,-33.98],[-58.72,-34.0],[-58.71,-34.01],[-58.69,-34.03],[-58.66,-34.04],[-58.65,-34.04],[-58.63,-34.04],[-58.61,-34.04],[-58.59,-34.03],[-58.57,-34.03],[-58.55,-34.03],[-58.52,-34.02],[-58.5,-34.01],[-58.47,-34.01],[-58.46,-34.01],[-58.44,-34.01],[-58.42,-34.0],[-58.42,-34.01],[-58.41,-34.01],[-58.4,-34.01],[-58.39,-34.01],[-58.38,-34.02],[-58.37,-34.03],[-58.36,-34.03],[-58.35,-34.04],[-58.35,-34.05],[-58.35,-34.06],[-58.35,-34.05],[-58.36,-34.05],[-58.36,-34.06],[-58.36,-34.07],[-58.36,-34.08],[-58.36,-34.09],[-58.37,-34.11],[-58.36,-34.12],[-58.35,-34.13],[-58.36,-34.14],[-58.36,-34.13],[-58.37,-34.13],[-58.37,-34.14],[-58.37,-34.15],[-58.37,-34.16],[-58.38,-34.16],[-58.37,-34.17],[-58.36,-34.18],[-58.35,-34.19],[-58.36,-34.19],[-58.35,-34.19],[-58.35,-34.2],[-58.36,-34.21],[-58.37,-34.21],[-58.37,-34.2],[-58.38,-34.2],[-58.37,-34.21],[-58.38,-34.21],[-58.37,-34.22],[-58.38,-34.22],[-58.38,-34.23],[-58.39,-34.22],[-58.4,-34.23],[-58.39,-34.24],[-58.39,-34.25],[-58.4,-34.25],[-58.4,-34.26],[-58.41,-34.26],[-58.42,-34.27],[-58.43,-34.27],[-58.44,-34.27],[-58.45,-34.27],[-58.45,-34.26],[-58.45,-34.27],[-58.46,-34.27],[-58.47,-34.27],[-58.48,-34.27],[-58.5,-34.27],[-58.49,-34.27],[-58.5,-34.27],[-58.49,-34.28],[-58.5,-34.28],[-58.51,-34.29],[-58.51,-34.3],[-58.52,-34.3],[-58.5,-34.32],[-58.49,-34.33],[-58.48,-34.34],[-58.48,-34.35],[-58.45,-34.39],[-58.46,-34.39],[-58.46,-34.38],[-58.47,-34.38],[-58.46,-34.38],[-58.47,-34.39],[-58.47,-34.38],[-58.47,-34.39],[-58.48,-34.39],[-58.48,-34.38],[-58.48,-34.39],[-58.49,-34.39],[-58.49,-34.38],[-58.48,-34.39],[-58.48,-34.4],[-58.49,-34.4],[-58.49,-34.41],[-58.5,-34.41],[-58.5,-34.42],[-58.49,-34.42],[-58.5,-34.43],[-58.51,-34.43],[-58.5,-34.44],[-58.51,-34.44],[-58.52,-34.44],[-58.52,-34.45],[-58.51,-34.45],[-58.5,-34.46],[-58.49,-34.46],[-58.49,-34.47],[-58.48,-34.48],[-58.48,-34.49],[-58.48,-34.5],[-58.47,-34.5],[-58.47,-34.51],[-58.47,-34.52],[-58.46,-34.53],[-58.45,-34.53],[-58.46,-34.53],[-58.45,-34.53],[-58.5,-34.55],[-58.53,-34.62],[-58.53,-34.66],[-58.46,-34.71],[-58.42,-34.67],[-58.41,-34.66],[-58.41,-34.67],[-58.4,-34.66],[-58.39,-34.67],[-58.38,-34.66],[-58.37,-34.66],[-58.36,-34.65],[-58.36,-34.64],[-58.35,-34.64],[-58.34,-34.64],[-58.35,-34.64],[-58.34,-34.64],[-58.34,-34.63],[-58.33,-34.63],[-58.33,-34.64],[-58.32,-34.66],[-58.3,-34.67],[-58.26,-34.69],[-58.24,-34.7],[-58.23,-34.7],[-58.23,-34.71],[-58.22,-34.71],[-58.2,-34.72],[-58.2,-34.73],[-58.18,-34.74],[-58.16,-34.75],[-58.14,-34.75],[-58.13,-34.75],[-58.12,-34.75],[-58.1,-34.76],[-58.07,-34.77],[-58.06,-34.78],[-58.02,-34.78],[-58.01,-34.78],[-58.0,-34.79],[-57.99,-34.79],[-57.98,-34.81],[-57.97,-34.82],[-57.96,-34.83],[-57.95,-34.83],[-57.93,-34.83],[-57.9,-34.83],[-57.88,-34.83],[-57.89,-34.85],[-57.9,-34.84],[-57.91,-34.84],[-57.92,-34.84],[-57.93,-34.84],[-57.92,-34.84],[-57.91,-34.84],[-57.9,-34.85],[-57.89,-34.85],[-57.9,-34.87],[-57.89,-34.87],[-57.89,-34.86],[-57.89,-34.85],[-57.88,-34.86],[-57.88,-34.85],[-57.89,-34.85],[-57.87,-34.83],[-57.86,-34.84],[-57.82,-34.87],[-57.78,-34.9],[-57.74,-34.92],[-57.72,-34.93],[-57.68,-34.93],[-57.64,-34.96],[-57.62,-34.97],[-57.61,-34.98],[-57.59,-35.0],[-57.57,-35.01],[-57.54,-35.01],[-57.53,-35.01],[-57.52,-35.02],[-57.51,-35.02],[-57.51,-35.03],[-57.5,-35.03],[-57.47,-35.05],[-57.46,-35.06],[-57.44,-35.08],[-57.41,-35.1],[-57.39,-35.11],[-57.39,-35.12],[-57.37,-35.13],[-57.35,-35.15],[-57.34,-35.15],[-57.34,-35.16],[-57.33,-35.17],[-57.32,-35.18],[-57.3,-35.2],[-57.29,-35.21],[-57.27,-35.23],[-57.26,-35.24],[-57.25,-35.25],[-57.24,-35.25],[-57.24,-35.26],[-57.23,-35.26],[-57.23,-35.27],[-57.22,-35.27],[-57.22,-35.28],[-57.22,-35.29],[-57.21,-35.29],[-57.2,-35.3],[-57.19,-35.33],[-57.18,-35.34],[-57.18,-35.35],[-57.17,-35.36],[-57.16,-35.37],[-57.15,-35.38],[-57.15,-35.39],[-57.14,-35.39],[-57.14,-35.4],[-57.13,-35.42],[-57.13,-35.43],[-57.13,-35.44],[-57.12,-35.44],[-57.13,-35.44],[-57.13,-35.45],[-57.14,-35.46],[-57.14,-35.47],[-57.14,-35.48],[-57.15,-35.49],[-57.16,-35.5],[-57.18,-35.52],[-57.18,-35.53],[-57.19,-35.54],[-57.21,-35.56],[-57.22,-35.56],[-57.23,-35.57],[-57.23,-35.58],[-57.24,-35.58],[-57.24,-35.59],[-57.25,-35.6],[-57.26,-35.61],[-57.26,-35.62],[-57.27,-35.62],[-57.27,-35.63],[-57.28,-35.63],[-57.28,-35.64],[-57.29,-35.64],[-57.29,-35.65],[-57.3,-35.66],[-57.31,-35.67],[-57.31,-35.68],[-57.32,-35.68],[-57.32,-35.69],[-57.33,-35.7],[-57.34,-35.71],[-57.35,-35.72],[-57.35,-35.73],[-57.36,-35.73],[-57.36,-35.74],[-57.36,-35.75],[-57.36,-35.76],[-57.37,-35.76],[-57.37,-35.77],[-57.37,-35.78],[-57.37,-35.79],[-57.38,-35.81],[-57.38,-35.83],[-57.39,-35.83],[-57.38,-35.83],[-57.39,-35.85],[-57.39,-35.86],[-57.39,-35.87],[-57.38,-35.88],[-57.39,-35.89],[-57.38,-35.89],[-57.39,-35.89],[-57.39,-35.9],[-57.38,-35.9],[-57.38,-35.91],[-57.38,-35.9],[-57.38,-35.91],[-57.38,-35.92],[-57.38,-35.91],[-57.38,-35.92],[-57.37,-35.92],[-57.38,-35.92],[-57.38,-35.93],[-57.37,-35.94],[-57.38,-35.95],[-57.37,-35.95],[-57.37,-35.96],[-57.38,-35.96],[-57.38,-35.95],[-57.38,-35.96],[-57.38,-35.97],[-57.37,-35.97],[-57.37,-35.98],[-57.36,-35.99],[-57.36,-36.0],[-57.35,-36.01],[-57.35,-36.02],[-57.35,-36.03],[-57.34,-36.03],[-57.33,-36.04],[-57.32,-36.05],[-57.32,-36.06],[-57.32,-36.07],[-57.31,-36.08],[-57.31,-36.09],[-57.3,-36.09],[-57.3,-36.1],[-57.29,-36.1],[-57.29,-36.11],[-57.28,-36.12],[-57.28,-36.13],[-57.28,-36.14],[-57.29,-36.13],[-57.29,-36.14],[-57.28,-36.14],[-57.27,-36.14],[-57.26,-36.15],[-57.26,-36.16],[-57.25,-36.16],[-57.25,-36.17],[-57.24,-36.17],[-57.23,-36.17],[-57.23,-36.18],[-57.22,-36.19],[-57.21,-36.19],[-57.21,-36.2],[-57.2,-36.21],[-57.19,-36.21],[-57.18,-36.22],[-57.17,-36.23],[-57.16,-36.24],[-57.15,-36.25],[-57.14,-36.25],[-57.14,-36.26],[-57.13,-36.26],[-57.13,-36.27],[-57.12,-36.27],[-57.11,-36.27],[-57.12,-36.28],[-57.11,-36.28],[-57.08,-36.29],[-57.07,-36.3],[-57.06,-36.3],[-57.06,-36.31],[-57.06,-36.3],[-57.04,-36.31],[-57.03,-36.32],[-57.02,-36.32],[-57.01,-36.33],[-57.02,-36.33],[-57.01,-36.33],[-56.98,-36.33],[-56.97,-36.33],[-56.95,-36.33],[-56.95,-36.34],[-56.95,-36.33],[-56.94,-36.33],[-56.94,-36.34],[-56.94,-36.33],[-56.93,-36.33],[-56.94,-36.33],[-56.93,-36.33],[-56.92,-36.33],[-56.91,-36.34],[-56.9,-36.34],[-56.91,-36.34],[-56.9,-36.33],[-56.88,-36.33],[-56.87,-36.33],[-56.85,-36.33],[-56.84,-36.33],[-56.83,-36.33],[-56.82,-36.33],[-56.81,-36.33],[-56.8,-36.33],[-56.79,-36.33],[-56.78,-36.32],[-56.78,-36.33],[-56.77,-36.34],[-56.76,-36.34],[-56.77,-36.33],[-56.78,-36.32],[-56.78,-36.31],[-56.78,-36.3],[-56.77,-36.3],[-56.78,-36.3],[-56.77,-36.3],[-56.76,-36.3],[-56.75,-36.31],[-56.73,-36.32],[-56.73,-36.33],[-56.72,-36.34],[-56.72,-36.36],[-56.7,-36.4],[-56.69,-36.49],[-56.68,-36.62],[-56.68,-36.66],[-56.67,-36.72],[-56.67,-36.75],[-56.67,-36.78],[-56.68,-36.78],[-56.68,-36.79],[-56.68,-36.83],[-56.67,-36.85],[-56.67,-36.87],[-56.67,-36.88],[-56.67,-36.89],[-56.68,-36.9],[-56.69,-36.91],[-56.72,-36.94],[-56.72,-36.95],[-56.75,-36.98],[-56.78,-37.02],[-56.81,-37.06],[-56.82,-37.08],[-56.87,-37.13],[-56.88,-37.16],[-56.89,-37.16],[-56.89,-37.17],[-56.9,-37.18],[-56.91,-37.19],[-56.92,-37.2],[-56.93,-37.22],[-56.95,-37.24],[-56.96,-37.26],[-56.98,-37.28],[-57.0,-37.3],[-57.01,-37.31],[-57.01,-37.32],[-57.02,-37.33],[-57.02,-37.34],[-57.03,-37.35],[-57.04,-37.36],[-57.06,-37.39],[-57.06,-37.4],[-57.09,-37.45],[-57.1,-37.46],[-57.13,-37.49],[-57.15,-37.51],[-57.17,-37.53],[-57.2,-37.56],[-57.21,-37.57],[-57.23,-37.58],[-57.24,-37.6],[-57.27,-37.62],[-57.29,-37.64],[-57.3,-37.64],[-57.3,-37.65],[-57.32,-37.66],[-57.33,-37.67],[-57.34,-37.68],[-57.35,-37.69],[-57.36,-37.69],[-57.37,-37.7],[-57.39,-37.72],[-57.4,-37.73],[-57.41,-37.73],[-57.41,-37.74],[-57.42,-37.74],[-57.43,-37.73],[-57.42,-37.73],[-57.42,-37.72],[-57.43,-37.72],[-57.43,-37.71],[-57.42,-37.71],[-57.43,-37.7],[-57.42,-37.69],[-57.41,-37.68],[-57.4,-37.68],[-57.39,-37.68],[-57.39,-37.69],[-57.39,-37.68],[-57.37,-37.67],[-57.36,-37.66],[-57.35,-37.66],[-57.35,-37.65],[-57.36,-37.65],[-57.37,-37.64],[-57.38,-37.63],[-57.39,-37.62],[-57.38,-37.61],[-57.37,-37.61],[-57.36,-37.6],[-57.35,-37.61],[-57.34,-37.6],[-57.35,-37.59],[-57.35,-37.58],[-57.34,-37.57],[-57.33,-37.57],[-57.32,-37.56],[-57.33,-37.56],[-57.34,-37.57],[-57.35,-37.57],[-57.36,-37.57],[-57.36,-37.58],[-57.37,-37.59],[-57.38,-37.6],[-57.4,-37.61],[-57.41,-37.62],[-57.42,-37.63],[-57.41,-37.64],[-57.4,-37.64],[-57.4,-37.65],[-57.41,-37.65],[-57.42,-37.65],[-57.42,-37.66],[-57.42,-37.67],[-57.41,-37.67],[-57.41,-37.66],[-57.4,-37.66],[-57.41,-37.67],[-57.42,-37.68],[-57.43,-37.69],[-57.43,-37.7],[-57.43,-37.71],[-57.43,-37.72],[-57.43,-37.73],[-57.43,-37.74],[-57.42,-37.74],[-57.41,-37.74],[-57.42,-37.75],[-57.43,-37.76],[-57.44,-37.76],[-57.44,-37.77],[-57.45,-37.77],[-57.45,-37.78],[-57.46,-37.78],[-57.46,-37.79],[-57.47,-37.8],[-57.49,-37.83],[-57.5,-37.84],[-57.5,-37.85],[-57.51,-37.86],[-57.51,-37.87],[-57.51,-37.88],[-57.52,-37.89],[-57.52,-37.9],[-57.53,-37.93],[-57.53,-37.95],[-57.54,-37.97],[-57.54,-37.98],[-57.54,-37.99],[-57.54,-38.0],[-57.53,-38.01],[-57.52,-38.02],[-57.53,-38.02],[-57.53,-38.03],[-57.53,-38.04],[-57.54,-38.04],[-57.53,-38.05],[-57.54,-38.05],[-57.53,-38.05],[-57.54,-38.07],[-57.54,-38.08],[-57.54,-38.09],[-57.54,-38.1],[-57.57,-38.11],[-57.59,-38.12],[-57.6,-38.13],[-57.61,-38.13],[-57.61,-38.14],[-57.61,-38.15],[-57.63,-38.17],[-57.64,-38.17],[-57.65,-38.18],[-57.66,-38.18],[-57.66,-38.19],[-57.68,-38.2],[-57.7,-38.21],[-57.7,-38.22],[-57.73,-38.23],[-57.75,-38.23],[-57.76,-38.24],[-57.78,-38.25],[-57.79,-38.26],[-57.81,-38.26],[-57.82,-38.27],[-57.83,-38.27],[-57.83,-38.28],[-57.83,-38.29],[-57.85,-38.3],[-57.88,-38.3],[-57.9,-38.31],[-57.95,-38.33],[-57.97,-38.34],[-57.99,-38.35],[-58.0,-38.35],[-58.02,-38.37],[-58.06,-38.38],[-58.07,-38.38],[-58.09,-38.39],[-58.1,-38.4],[-58.12,-38.41],[-58.16,-38.42],[-58.21,-38.43],[-58.25,-38.45],[-58.28,-38.47],[-58.31,-38.47],[-58.33,-38.48],[-58.34,-38.48],[-58.35,-38.49],[-58.36,-38.49],[-58.37,-38.49],[-58.4,-38.5],[-58.43,-38.51],[-58.45,-38.52],[-58.47,-38.53],[-58.5,-38.54],[-58.52,-38.54],[-58.56,-38.55],[-58.59,-38.56],[-58.62,-38.56],[-58.63,-38.56],[-58.66,-38.57],[-58.67,-38.57],[-58.69,-38.57],[-58.7,-38.58],[-58.71,-38.57],[-58.71,-38.58],[-58.7,-38.58],[-58.72,-38.58],[-58.73,-38.58],[-58.74,-38.59],[-58.75,-38.59],[-58.76,-38.6],[-58.77,-38.6],[-58.78,-38.6],[-58.79,-38.6],[-58.8,-38.61],[-58.82,-38.62],[-58.83,-38.62],[-58.84,-38.62],[-58.85,-38.63],[-58.87,-38.63],[-58.92,-38.65],[-58.93,-38.65],[-58.94,-38.65],[-58.95,-38.66],[-58.98,-38.67],[-59.0,-38.67],[-59.01,-38.67],[-59.01,-38.68],[-59.02,-38.68],[-59.04,-38.68],[-59.07,-38.69],[-59.1,-38.7],[-59.13,-38.7],[-59.14,-38.71],[-59.15,-38.71],[-59.16,-38.71],[-59.17,-38.71],[-59.18,-38.71],[-59.23,-38.72],[-59.26,-38.72],[-59.28,-38.73],[-59.31,-38.73],[-59.34,-38.74],[-59.39,-38.75],[-59.4,-38.75],[-59.41,-38.75],[-59.44,-38.76],[-59.47,-38.76],[-59.51,-38.77],[-59.54,-38.77],[-59.57,-38.78],[-59.59,-38.78],[-59.64,-38.79],[-59.65,-38.79],[-59.68,-38.8],[-59.74,-38.81],[-59.75,-38.81],[-59.75,-38.82],[-59.78,-38.83],[-59.79,-38.83],[-59.84,-38.83],[-59.85,-38.84],[-59.87,-38.84],[-60.0,-38.86],[-60.01,-38.86],[-60.04,-38.86],[-60.06,-38.86],[-60.12,-38.87],[-60.17,-38.87],[-60.17,-38.88],[-60.2,-38.88],[-60.21,-38.88],[-60.27,-38.89],[-60.33,-38.9],[-60.34,-38.9],[-60.37,-38.91],[-60.45,-38.92],[-60.5,-38.93],[-60.51,-38.93],[-60.51,-38.92],[-60.52,-38.92],[-60.52,-38.93],[-60.51,-38.93],[-60.55,-38.93],[-60.55,-38.94],[-60.58,-38.94],[-60.64,-38.94],[-60.72,-38.95],[-60.8,-38.97],[-60.85,-38.98],[-60.92,-38.98],[-60.95,-38.98],[-61.01,-38.98],[-61.08,-38.99],[-61.12,-39.0],[-61.13,-39.0],[-61.19,-39.0],[-61.24,-38.99],[-61.26,-38.99],[-61.27,-38.99],[-61.38,-38.99],[-61.42,-38.99],[-61.46,-39.0],[-61.49,-39.0],[-61.5,-39.0],[-61.52,-39.0],[-61.54,-39.0],[-61.6,-39.0],[-61.63,-39.0],[-61.66,-38.99],[-61.67,-38.99],[-61.67,-38.98],[-61.69,-38.98],[-61.7,-38.97],[-61.71,-38.96],[-61.75,-38.97],[-61.77,-38.98],[-61.78,-38.98],[-61.79,-38.98],[-61.81,-38.99],[-61.82,-38.98],[-61.85,-38.97],[-61.86,-38.97],[-61.87,-38.97],[-61.9,-38.97],[-61.93,-38.96],[-61.94,-38.96],[-61.95,-38.95],[-61.97,-38.95],[-61.99,-38.95],[-62.01,-38.94],[-62.05,-38.93],[-62.06,-38.92],[-62.07,-38.92],[-62.07,-38.91],[-62.07,-38.92],[-62.07,-38.93],[-62.07,-38.91],[-62.08,-38.9],[-62.09,-38.9],[-62.1,-38.9],[-62.1,-38.89],[-62.11,-38.89],[-62.1,-38.9],[-62.11,-38.9],[-62.11,-38.88],[-62.1,-38.88],[-62.11,-38.88],[-62.11,-38.87],[-62.11,-38.86],[-62.12,-38.86],[-62.12,-38.85],[-62.13,-38.85],[-62.13,-38.84],[-62.13,-38.83],[-62.14,-38.83],[-62.13,-38.83],[-62.13,-38.82],[-62.14,-38.82],[-62.15,-38.82],[-62.15,-38.81],[-62.16,-38.81],[-62.16,-38.82],[-62.16,-38.81],[-62.17,-38.81],[-62.18,-38.82],[-62.18,-38.81],[-62.18,-38.82],[-62.19,-38.81],[-62.18,-38.81],[-62.19,-38.81],[-62.2,-38.8],[-62.2,-38.81],[-62.21,-38.81],[-62.2,-38.82],[-62.21,-38.82],[-62.21,-38.81],[-62.24,-38.81],[-62.24,-38.8],[-62.25,-38.8],[-62.25,-38.79],[-62.26,-38.79],[-62.26,-38.8],[-62.26,-38.79],[-62.27,-38.79],[-62.28,-38.79],[-62.29,-38.79],[-62.3,-38.78],[-62.3,-38.79],[-62.3,-38.78],[-62.31,-38.78],[-62.3,-38.78],[-62.31,-38.78],[-62.3,-38.78],[-62.31,-38.77],[-62.31,-38.76],[-62.31,-38.75],[-62.31,-38.76],[-62.31,-38.77],[-62.31,-38.75],[-62.32,-38.76],[-62.32,-38.75],[-62.32,-38.76],[-62.32,-38.77],[-62.31,-38.77],[-62.31,-38.78],[-62.32,-38.77],[-62.33,-38.77],[-62.33,-38.76],[-62.33,-38.77],[-62.34,-38.76],[-62.34,-38.75],[-62.33,-38.75],[-62.32,-38.74],[-62.31,-38.74],[-62.32,-38.73],[-62.33,-38.74],[-62.32,-38.73],[-62.33,-38.73],[-62.33,-38.74],[-62.34,-38.73],[-62.33,-38.73],[-62.33,-38.72],[-62.34,-38.72],[-62.35,-38.72],[-62.36,-38.72],[-62.36,-38.71],[-62.36,-38.72],[-62.37,-38.72],[-62.37,-38.73],[-62.37,-38.72],[-62.38,-38.73],[-62.38,-38.72],[-62.38,-38.73],[-62.37,-38.73],[-62.37,-38.74],[-62.37,-38.75],[-62.38,-38.75],[-62.37,-38.75],[-62.38,-38.75],[-62.38,-38.74],[-62.38,-38.73],[-62.38,-38.74],[-62.38,-38.75],[-62.39,-38.75],[-62.39,-38.74],[-62.39,-38.75],[-62.39,-38.74],[-62.4,-38.74],[-62.4,-38.75],[-62.4,-38.74],[-62.41,-38.74],[-62.42,-38.74],[-62.42,-38.75],[-62.41,-38.75],[-62.41,-38.74],[-62.4,-38.74],[-62.4,-38.75],[-62.41,-38.75],[-62.41,-38.76],[-62.42,-38.75],[-62.43,-38.75],[-62.43,-38.74],[-62.43,-38.75],[-62.43,-38.74],[-62.43,-38.75],[-62.42,-38.75],[-62.42,-38.76],[-62.43,-38.76],[-62.43,-38.75],[-62.44,-38.75],[-62.44,-38.74],[-62.43,-38.74],[-62.44,-38.74],[-62.44,-38.75],[-62.44,-38.74],[-62.44,-38.75],[-62.43,-38.75],[-62.43,-38.76],[-62.44,-38.76],[-62.44,-38.75],[-62.45,-38.74],[-62.45,-38.75],[-62.46,-38.75],[-62.47,-38.75],[-62.46,-38.75],[-62.46,-38.76],[-62.45,-38.76],[-62.46,-38.77],[-62.47,-38.77],[-62.46,-38.77],[-62.46,-38.76],[-62.45,-38.76],[-62.46,-38.76],[-62.45,-38.76],[-62.44,-38.76],[-62.45,-38.77],[-62.46,-38.77],[-62.45,-38.77],[-62.44,-38.76],[-62.43,-38.76],[-62.42,-38.76],[-62.43,-38.77],[-62.44,-38.77],[-62.43,-38.77],[-62.43,-38.78],[-62.43,-38.77],[-62.42,-38.77],[-62.42,-38.76],[-62.41,-38.76],[-62.42,-38.76],[-62.41,-38.77],[-62.42,-38.77],[-62.41,-38.77],[-62.41,-38.78],[-62.42,-38.78],[-62.42,-38.79],[-62.41,-38.79],[-62.41,-38.78],[-62.41,-38.79],[-62.41,-38.78],[-62.4,-38.78],[-62.41,-38.78],[-62.4,-38.77],[-62.4,-38.78],[-62.4,-38.77],[-62.41,-38.77],[-62.41,-38.78],[-62.41,-38.77],[-62.41,-38.76],[-62.42,-38.76],[-62.41,-38.76],[-62.4,-38.76],[-62.4,-38.75],[-62.4,-38.76],[-62.4,-38.75],[-62.39,-38.75],[-62.39,-38.76],[-62.39,-38.75],[-62.39,-38.76],[-62.39,-38.75],[-62.38,-38.75],[-62.38,-38.76],[-62.38,-38.75],[-62.38,-38.76],[-62.36,-38.76],[-62.35,-38.76],[-62.36,-38.76],[-62.37,-38.76],[-62.38,-38.77],[-62.39,-38.76],[-62.41,-38.76],[-62.4,-38.77],[-62.4,-38.76],[-62.4,-38.77],[-62.4,-38.76],[-62.4,-38.77],[-62.4,-38.78],[-62.4,-38.77],[-62.39,-38.77],[-62.4,-38.77],[-62.39,-38.77],[-62.39,-38.76],[-62.37,-38.77],[-62.37,-38.76],[-62.36,-38.76],[-62.35,-38.76],[-62.35,-38.77],[-62.34,-38.77],[-62.34,-38.78],[-62.33,-38.77],[-62.33,-38.78],[-62.32,-38.78],[-62.33,-38.78],[-62.33,-38.79],[-62.32,-38.78],[-62.32,-38.79],[-62.32,-38.78],[-62.32,-38.79],[-62.31,-38.79],[-62.3,-38.79],[-62.3,-38.8],[-62.32,-38.8],[-62.32,-38.81],[-62.33,-38.81],[-62.33,-38.82],[-62.33,-38.81],[-62.32,-38.81],[-62.32,-38.82],[-62.33,-38.82],[-62.34,-38.82],[-62.35,-38.83],[-62.35,-38.82],[-62.35,-38.83],[-62.35,-38.82],[-62.35,-38.81],[-62.35,-38.82],[-62.36,-38.82],[-62.36,-38.81],[-62.37,-38.82],[-62.37,-38.81],[-62.37,-38.82],[-62.36,-38.82],[-62.36,-38.83],[-62.37,-38.83],[-62.37,-38.82],[-62.38,-38.82],[-62.38,-38.83],[-62.39,-38.83],[-62.38,-38.83],[-62.38,-38.82],[-62.37,-38.82],[-62.38,-38.82],[-62.37,-38.83],[-62.36,-38.82],[-62.36,-38.83],[-62.35,-38.84],[-62.34,-38.84],[-62.33,-38.83],[-62.31,-38.82],[-62.3,-38.82],[-62.3,-38.83],[-62.31,-38.83],[-62.32,-38.84],[-62.31,-38.83],[-62.3,-38.83],[-62.3,-38.84],[-62.31,-38.84],[-62.32,-38.84],[-62.33,-38.84],[-62.32,-38.84],[-62.31,-38.85],[-62.31,-38.84],[-62.3,-38.84],[-62.29,-38.84],[-62.29,-38.85],[-62.28,-38.85],[-62.28,-38.86],[-62.29,-38.86],[-62.3,-38.86],[-62.31,-38.86],[-62.31,-38.85],[-62.32,-38.86],[-62.32,-38.87],[-62.33,-38.87],[-62.33,-38.86],[-62.34,-38.86],[-62.34,-38.87],[-62.35,-38.86],[-62.35,-38.87],[-62.34,-38.87],[-62.34,-38.88],[-62.33,-38.88],[-62.32,-38.89],[-62.32,-38.9],[-62.32,-38.91],[-62.32,-38.9],[-62.33,-38.91],[-62.34,-38.93],[-62.33,-38.94],[-62.34,-38.94],[-62.35,-38.95],[-62.34,-38.96],[-62.33,-38.96],[-62.33,-38.97],[-62.33,-38.96],[-62.32,-38.97],[-62.32,-38.98],[-62.32,-38.99],[-62.31,-38.99],[-62.3,-38.98],[-62.29,-38.98],[-62.28,-38.98],[-62.27,-38.98],[-62.27,-38.97],[-62.27,-38.98],[-62.26,-38.97],[-62.26,-38.98],[-62.26,-38.99],[-62.27,-38.98],[-62.26,-38.98],[-62.27,-38.98],[-62.27,-38.99],[-62.27,-38.98],[-62.28,-38.99],[-62.27,-38.99],[-62.28,-38.99],[-62.29,-38.99],[-62.3,-38.99],[-62.31,-38.99],[-62.3,-38.99],[-62.3,-39.0],[-62.29,-38.99],[-62.29,-39.0],[-62.29,-38.99],[-62.28,-38.99],[-62.27,-38.99],[-62.27,-39.0],[-62.28,-39.01],[-62.27,-39.01],[-62.27,-39.02],[-62.26,-39.02],[-62.27,-39.02],[-62.27,-39.01],[-62.27,-39.0],[-62.26,-39.0],[-62.26,-38.99],[-62.27,-38.99],[-62.26,-38.99],[-62.26,-39.0],[-62.25,-39.0],[-62.26,-38.99],[-62.25,-38.99],[-62.25,-39.0],[-62.24,-39.0],[-62.24,-38.99],[-62.24,-39.0],[-62.24,-38.99],[-62.24,-39.0],[-62.23,-39.0],[-62.22,-39.0],[-62.23,-39.0],[-62.24,-39.0],[-62.24,-39.01],[-62.25,-39.01],[-62.24,-39.02],[-62.24,-39.03],[-62.26,-39.03],[-62.26,-39.04],[-62.27,-39.04],[-62.28,-39.04],[-62.28,-39.05],[-62.28,-39.04],[-62.28,-39.05],[-62.29,-39.05],[-62.29,-39.06],[-62.3,-39.06],[-62.3,-39.07],[-62.3,-39.08],[-62.32,-39.08],[-62.32,-39.09],[-62.33,-39.09],[-62.32,-39.09],[-62.32,-39.1],[-62.3,-39.1],[-62.29,-39.11],[-62.28,-39.11],[-62.29,-39.12],[-62.3,-39.12],[-62.31,-39.12],[-62.3,-39.13],[-62.31,-39.15],[-62.31,-39.16],[-62.31,-39.17],[-62.31,-39.18],[-62.32,-39.18],[-62.32,-39.19],[-62.31,-39.2],[-62.3,-39.21],[-62.3,-39.22],[-62.29,-39.22],[-62.28,-39.23],[-62.27,-39.23],[-62.26,-39.23],[-62.25,-39.23],[-62.25,-39.24],[-62.24,-39.25],[-62.25,-39.26],[-62.26,-39.25],[-62.28,-39.25],[-62.29,-39.25],[-62.28,-39.25],[-62.28,-39.26],[-62.29,-39.26],[-62.3,-39.25],[-62.31,-39.25],[-62.31,-39.26],[-62.32,-39.27],[-62.32,-39.26],[-62.32,-39.25],[-62.32,-39.26],[-62.32,-39.27],[-62.31,-39.27],[-62.32,-39.27],[-62.31,-39.27],[-62.31,-39.26],[-62.31,-39.27],[-62.3,-39.27],[-62.29,-39.27],[-62.28,-39.27],[-62.26,-39.27],[-62.25,-39.27],[-62.23,-39.27],[-62.21,-39.27],[-62.2,-39.27],[-62.17,-39.28],[-62.14,-39.29],[-62.11,-39.3],[-62.11,-39.29],[-62.1,-39.3],[-62.09,-39.3],[-62.08,-39.31],[-62.07,-39.31],[-62.05,-39.34],[-62.04,-39.35],[-62.03,-39.35],[-62.02,-39.35],[-62.01,-39.36],[-62.01,-39.37],[-62.01,-39.38],[-62.02,-39.39],[-62.01,-39.39],[-62.01,-39.4],[-62.01,-39.41],[-62.02,-39.41],[-62.02,-39.42],[-62.03,-39.41],[-62.04,-39.41],[-62.05,-39.41],[-62.06,-39.41],[-62.07,-39.4],[-62.08,-39.4],[-62.1,-39.38],[-62.11,-39.38],[-62.17,-39.34],[-62.18,-39.33],[-62.18,-39.32],[-62.18,-39.31],[-62.17,-39.32],[-62.18,-39.32],[-62.17,-39.32],[-62.17,-39.33],[-62.18,-39.31],[-62.17,-39.31],[-62.18,-39.31],[-62.18,-39.3],[-62.19,-39.3],[-62.19,-39.31],[-62.2,-39.31],[-62.21,-39.3],[-62.22,-39.3],[-62.23,-39.3],[-62.23,-39.31],[-62.23,-39.3],[-62.24,-39.3],[-62.25,-39.31],[-62.26,-39.3],[-62.26,-39.31],[-62.27,-39.31],[-62.26,-39.32],[-62.25,-39.33],[-62.25,-39.34],[-62.24,-39.34],[-62.23,-39.34],[-62.22,-39.34],[-62.23,-39.33],[-62.24,-39.33],[-62.24,-39.32],[-62.23,-39.32],[-62.23,-39.33],[-62.21,-39.34],[-62.16,-39.36],[-62.15,-39.36],[-62.15,-39.38],[-62.14,-39.39],[-62.14,-39.4],[-62.1,-39.41],[-62.09,-39.42],[-62.07,-39.43],[-62.06,-39.44],[-62.05,-39.45],[-62.05,-39.46],[-62.06,-39.47],[-62.05,-39.47],[-62.07,-39.49],[-62.07,-39.5],[-62.07,-39.51],[-62.08,-39.51],[-62.08,-39.52],[-62.08,-39.53],[-62.09,-39.54],[-62.09,-39.56],[-62.09,-39.57],[-62.1,-39.57],[-62.1,-39.59],[-62.1,-39.6],[-62.11,-39.61],[-62.11,-39.62],[-62.11,-39.63],[-62.11,-39.64],[-62.12,-39.64],[-62.11,-39.64],[-62.12,-39.65],[-62.12,-39.66],[-62.12,-39.67],[-62.11,-39.67],[-62.11,-39.68],[-62.1,-39.68],[-62.1,-39.69],[-62.1,-39.68],[-62.11,-39.67],[-62.1,-39.67],[-62.09,-39.67],[-62.09,-39.68],[-62.09,-39.69],[-62.1,-39.69],[-62.09,-39.69],[-62.1,-39.69],[-62.11,-39.69],[-62.1,-39.69],[-62.11,-39.7],[-62.11,-39.71],[-62.12,-39.73],[-62.13,-39.73],[-62.13,-39.75],[-62.12,-39.75],[-62.13,-39.77],[-62.12,-39.77],[-62.13,-39.78],[-62.12,-39.8],[-62.12,-39.82],[-62.12,-39.83],[-62.12,-39.84],[-62.12,-39.85],[-62.13,-39.86],[-62.14,-39.86],[-62.15,-39.85],[-62.16,-39.84],[-62.16,-39.83],[-62.17,-39.83]],[[-56.76,-36.34]],[[-56.76,-36.34],[-56.76,-36.35],[-56.76,-36.34]]],[[[-62.8,-41.03],[-62.8,-41.02],[-62.8,-41.03]]],[[[-62.18,-40.63],[-62.17,-40.63],[-62.18,-40.63]]],[[[-62.24,-40.61],[-62.24,-40.62],[-62.24,-40.63],[-62.25,-40.63],[-62.25,-40.62],[-62.24,-40.62],[-62.24,-40.61],[-62.25,-40.61],[-62.24,-40.61]]],[[[-62.1,-40.55],[-62.1,-40.56],[-62.11,-40.55],[-62.1,-40.55]]],[[[-62.1,-40.55],[-62.1,-40.54],[-62.1,-40.55]]],[[[-62.32,-40.52],[-62.29,-40.53],[-62.26,-40.54],[-62.24,-40.54],[-62.23,-40.55],[-62.22,-40.56],[-62.2,-40.57],[-62.19,-40.57],[-62.18,-40.58],[-62.17,-40.59],[-62.17,-40.6],[-62.18,-40.62],[-62.19,-40.63],[-62.21,-40.63],[-62.22,-40.64],[-62.24,-40.65],[-62.25,-40.64],[-62.24,-40.63],[-62.24,-40.62],[-62.24,-40.6],[-62.25,-40.59],[-62.25,-40.58],[-62.25,-40.59],[-62.25,-40.58],[-62.26,-40.58],[-62.26,-40.57],[-62.25,-40.57],[-62.26,-40.56],[-62.25,-40.56],[-62.26,-40.56],[-62.26,-40.55],[-62.27,-40.55],[-62.27,-40.54],[-62.32,-40.54],[-62.32,-40.53],[-62.32,-40.52]]],[[[-62.17,-40.44],[-62.17,-40.45],[-62.18,-40.45],[-62.17,-40.45],[-62.18,-40.45],[-62.19,-40.45],[-62.18,-40.44],[-62.17,-40.44]]],[[[-62.13,-40.43],[-62.13,-40.44],[-62.13,-40.45],[-62.14,-40.46],[-62.14,-40.47],[-62.14,-40.48],[-62.14,-40.5],[-62.15,-40.5],[-62.14,-40.51],[-62.13,-40.52],[-62.14,-40.52],[-62.14,-40.53],[-62.15,-40.53],[-62.16,-40.54],[-62.17,-40.55],[-62.17,-40.54],[-62.16,-40.54],[-62.16,-40.53],[-62.16,-40.52],[-62.15,-40.52],[-62.15,-40.51],[-62.15,-40.52],[-62.16,-40.52],[-62.15,-40.52],[-62.16,-40.51],[-62.15,-40.51],[-62.16,-40.5],[-62.15,-40.5],[-62.14,-40.49],[-62.15,-40.49],[-62.16,-40.49],[-62.15,-40.48],[-62.15,-40.47],[-62.16,-40.47],[-62.16,-40.48],[-62.16,-40.51],[-62.17,-40.52],[-62.18,-40.54],[-62.19,-40.54],[-62.18,-40.53],[-62.19,-40.53],[-62.19,-40.54],[-62.2,-40.53],[-62.21,-40.53],[-62.22,-40.53],[-62.22,-40.52],[-62.23,-40.51],[-62.24,-40.51],[-62.24,-40.5],[-62.23,-40.5],[-62.23,-40.49],[-62.22,-40.49],[-62.21,-40.48],[-62.21,-40.47],[-62.2,-40.47],[-62.2,-40.46],[-62.2,-40.45],[-62.2,-40.44],[-62.2,-40.45],[-62.19,-40.45],[-62.19,-40.46],[-62.18,-40.46],[-62.19,-40.45],[-62.17,-40.45],[-62.16,-40.45],[-62.15,-40.46],[-62.15,-40.45],[-62.15,-40.44],[-62.15,-40.43],[-62.14,-40.43],[-62.13,-40.43]]],[[[-62.19,-40.44]]],[[[-62.2,-40.44]]],[[[-62.41,-40.31]]],[[[-62.43,-40.3],[-62.44,-40.3],[-62.44,-40.31],[-62.44,-40.3],[-62.43,-40.3]]],[[[-62.23,-40.31],[-62.22,-40.31],[-62.23,-40.31]]],[[[-62.04,-40.29]]],[[[-62.22,-40.3],[-62.23,-40.3],[-62.22,-40.3]]],[[[-62.4,-40.29],[-62.4,-40.3],[-62.4,-40.29]]],[[[-62.04,-40.29]]],[[[-62.26,-40.29],[-62.27,-40.29],[-62.26,-40.29]]],[[[-62.08,-40.27]]],[[[-62.08,-40.27],[-62.08,-40.26],[-62.08,-40.27]]],[[[-62.04,-40.26],[-62.03,-40.25],[-62.04,-40.26]]],[[[-62.09,-40.25]]],[[[-62.09,-40.25],[-62.09,-40.24],[-62.1,-40.24],[-62.09,-40.24],[-62.09,-40.25]]],[[[-62.09,-40.24],[-62.08,-40.24],[-62.09,-40.24]]],[[[-62.27,-40.24],[-62.28,-40.24],[-62.27,-40.24]]],[[[-62.09,-40.24],[-62.08,-40.24],[-62.09,-40.24]]],[[[-62.1,-40.24],[-62.09,-40.24],[-62.1,-40.24]]],[[[-62.11,-40.23],[-62.1,-40.23],[-62.1,-40.24],[-62.1,-40.23],[-62.1,-40.24],[-62.11,-40.24],[-62.11,-40.23]]],[[[-62.04,-40.23],[-62.05,-40.23],[-62.04,-40.23]]],[[[-62.29,-40.39]]],[[[-62.28,-40.39]]],[[[-62.22,-40.34],[-62.23,-40.34],[-62.22,-40.34]]],[[[-62.24,-40.35],[-62.23,-40.34],[-62.23,-40.35],[-62.24,-40.35],[-62.25,-40.35],[-62.24,-40.34],[-62.24,-40.35]]],[[[-62.22,-40.34]]],[[[-62.22,-40.32],[-62.23,-40.32],[-62.22,-40.32]]],[[[-62.21,-40.32]]],[[[-62.21,-40.31]]],[[[-62.23,-40.35],[-62.24,-40.35],[-62.23,-40.35]]],[[[-62.12,-40.38],[-62.1,-40.38],[-62.09,-40.38],[-62.09,-40.39],[-62.08,-40.39],[-62.09,-40.39],[-62.1,-40.39],[-62.1,-40.4],[-62.11,-40.4],[-62.11,-40.39],[-62.11,-40.4],[-62.12,-40.4],[-62.13,-40.41],[-62.13,-40.4],[-62.13,-40.39],[-62.12,-40.38],[-62.12,-40.39],[-62.13,-40.38],[-62.12,-40.38],[-62.13,-40.38],[-62.12,-40.38]]],[[[-62.27,-40.38],[-62.27,-40.39],[-62.27,-40.38]]],[[[-62.29,-40.38],[-62.29,-40.39],[-62.29,-40.37],[-62.29,-40.38]]],[[[-62.16,-40.37],[-62.16,-40.38],[-62.15,-40.38],[-62.16,-40.38],[-62.15,-40.38],[-62.14,-40.38],[-62.14,-40.39],[-62.15,-40.39],[-62.15,-40.4],[-62.15,-40.39],[-62.15,-40.4],[-62.14,-40.4],[-62.14,-40.39],[-62.14,-40.4],[-62.13,-40.39],[-62.14,-40.4],[-62.14,-40.41],[-62.14,-40.42],[-62.14,-40.41],[-62.14,-40.4],[-62.13,-40.4],[-62.13,-40.41],[-62.13,-40.42],[-62.14,-40.42],[-62.14,-40.43],[-62.15,-40.43],[-62.16,-40.43],[-62.17,-40.44],[-62.19,-40.44],[-62.2,-40.44],[-62.2,-40.43],[-62.2,-40.41],[-62.2,-40.4],[-62.19,-40.4],[-62.19,-40.39],[-62.18,-40.38],[-62.17,-40.37],[-62.17,-40.36],[-62.16,-40.36],[-62.16,-40.37]]],[[[-62.26,-40.38]]],[[[-62.13,-40.37],[-62.13,-40.38],[-62.14,-40.38],[-62.14,-40.37],[-62.13,-40.37]]],[[[-62.36,-40.35],[-62.36,-40.36],[-62.37,-40.36],[-62.37,-40.35],[-62.36,-40.35]]],[[[-62.26,-40.37],[-62.27,-40.37],[-62.26,-40.37]]],[[[-62.26,-40.37],[-62.25,-40.37],[-62.26,-40.37],[-62.26,-40.36],[-62.26,-40.37]]],[[[-62.26,-40.37],[-62.27,-40.37],[-62.27,-40.36],[-62.26,-40.37]]],[[[-62.27,-40.37],[-62.28,-40.37],[-62.27,-40.36],[-62.27,-40.37]]],[[[-62.25,-40.36],[-62.25,-40.37],[-62.26,-40.36],[-62.25,-40.36]]],[[[-62.24,-40.35],[-62.24,-40.36],[-62.25,-40.36],[-62.25,-40.35],[-62.24,-40.35]]],[[[-62.45,-40.31],[-62.45,-40.32],[-62.45,-40.31]]],[[[-62.38,-40.31]]],[[[-62.25,-40.31]]],[[[-62.04,-40.15],[-62.04,-40.16],[-62.04,-40.15]]],[[[-62.07,-40.17],[-62.07,-40.16],[-62.07,-40.17]]],[[[-62.07,-40.16]]],[[[-62.29,-40.1],[-62.28,-40.1],[-62.28,-40.11],[-62.29,-40.11],[-62.29,-40.12],[-62.3,-40.12],[-62.31,-40.12],[-62.32,-40.12],[-62.32,-40.1],[-62.31,-40.1],[-62.3,-40.09],[-62.29,-40.1]]],[[[-62.24,-40.08],[-62.25,-40.08],[-62.24,-40.08]]],[[[-62.06,-40.15]]],[[[-62.07,-40.14],[-62.08,-40.14],[-62.07,-40.14]]],[[[-62.07,-40.15],[-62.06,-40.15],[-62.07,-40.16],[-62.07,-40.15]]],[[[-62.06,-40.14],[-62.06,-40.15],[-62.06,-40.14]]],[[[-62.1,-40.13],[-62.1,-40.14],[-62.11,-40.14],[-62.11,-40.13],[-62.1,-40.13]]],[[[-62.1,-40.13],[-62.11,-40.13],[-62.1,-40.13]]],[[[-62.13,-40.18]]],[[[-62.24,-40.18]]],[[[-62.06,-40.18]]],[[[-62.07,-40.17],[-62.07,-40.18],[-62.07,-40.17]]],[[[-62.09,-40.14],[-62.09,-40.15],[-62.09,-40.14],[-62.09,-40.15],[-62.08,-40.15],[-62.09,-40.15],[-62.08,-40.15],[-62.08,-40.14],[-62.07,-40.15],[-62.08,-40.15],[-62.08,-40.16],[-62.07,-40.16],[-62.07,-40.17],[-62.08,-40.17],[-62.08,-40.18],[-62.09,-40.17],[-62.08,-40.18],[-62.1,-40.17],[-62.09,-40.17],[-62.1,-40.17],[-62.11,-40.17],[-62.1,-40.17],[-62.1,-40.16],[-62.11,-40.16],[-62.1,-40.16],[-62.11,-40.15],[-62.1,-40.15],[-62.1,-40.16],[-62.1,-40.15],[-62.11,-40.14],[-62.1,-40.14],[-62.1,-40.13],[-62.09,-40.14]]],[[[-62.27,-40.08],[-62.27,-40.07],[-62.27,-40.08]]],[[[-62.32,-40.05],[-62.31,-40.05],[-62.31,-40.06],[-62.31,-40.05],[-62.32,-40.05],[-62.32,-40.04],[-62.32,-40.05]]],[[[-62.27,-40.03],[-62.27,-40.04],[-62.27,-40.03]]],[[[-62.12,-40.03],[-62.13,-40.03],[-62.13,-40.04],[-62.16,-40.04],[-62.16,-40.03],[-62.15,-40.03],[-62.14,-40.03],[-62.12,-40.03]]],[[[-62.16,-40.02],[-62.16,-40.03],[-62.17,-40.03],[-62.17,-40.02],[-62.16,-40.02]]],[[[-62.25,-40.03]]],[[[-62.1,-40.0],[-62.09,-40.0],[-62.09,-40.01],[-62.1,-40.0],[-62.11,-40.0],[-62.1,-40.0]]],[[[-62.27,-39.99],[-62.27,-40.0],[-62.28,-40.0],[-62.28,-39.99],[-62.27,-39.99]]],[[[-62.27,-39.99],[-62.27,-40.0],[-62.27,-39.99]]],[[[-62.27,-40.01]]],[[[-62.21,-40.01],[-62.22,-40.01],[-62.22,-40.0],[-62.21,-40.01]]],[[[-62.25,-39.99],[-62.26,-40.0],[-62.25,-40.0],[-62.24,-40.0],[-62.25,-40.01],[-62.25,-40.0],[-62.26,-40.0],[-62.27,-40.01],[-62.27,-40.0],[-62.27,-39.99],[-62.27,-40.0],[-62.26,-40.0],[-62.27,-40.0],[-62.27,-39.99],[-62.26,-39.99],[-62.25,-39.99]]],[[[-62.31,-39.98],[-62.3,-39.98],[-62.31,-39.98]]],[[[-62.2,-39.97],[-62.21,-39.97],[-62.2,-39.97]]],[[[-62.25,-39.97],[-62.24,-39.97],[-62.25,-39.97]]],[[[-62.32,-39.93],[-62.32,-39.92],[-62.32,-39.93]]],[[[-62.26,-39.92]]],[[[-62.27,-39.95],[-62.26,-39.95],[-62.26,-39.96],[-62.27,-39.95]]],[[[-62.17,-39.95],[-62.17,-39.94],[-62.16,-39.94],[-62.17,-39.95]]],[[[-62.11,-39.93],[-62.11,-39.94],[-62.12,-39.94],[-62.11,-39.94],[-62.11,-39.95],[-62.12,-39.94],[-62.12,-39.93],[-62.11,-39.93]]],[[[-62.22,-39.92],[-62.22,-39.93],[-62.21,-39.92],[-62.21,-39.93],[-62.21,-39.94],[-62.21,-39.93],[-62.22,-39.93],[-62.22,-39.92]]],[[[-62.25,-39.99],[-62.26,-39.98],[-62.25,-39.98],[-62.25,-39.99]]],[[[-62.3,-39.99],[-62.28,-39.99],[-62.28,-40.0],[-62.29,-40.0],[-62.29,-39.99],[-62.3,-40.0],[-62.3,-39.99],[-62.3,-39.98],[-62.3,-39.99]]],[[[-62.24,-39.98],[-62.24,-39.99],[-62.25,-39.99],[-62.25,-39.98],[-62.24,-39.98]]],[[[-62.26,-39.98],[-62.26,-39.99],[-62.27,-39.99],[-62.26,-39.98]]],[[[-62.23,-39.98],[-62.23,-39.99],[-62.24,-39.99],[-62.23,-39.98],[-62.24,-39.98],[-62.23,-39.98]]],[[[-62.21,-39.97],[-62.2,-39.98],[-62.21,-39.98],[-62.22,-39.98],[-62.21,-39.97]]],[[[-62.16,-39.88],[-62.17,-39.88],[-62.17,-39.87],[-62.16,-39.87],[-62.16,-39.88]]],[[[-62.26,-39.87],[-62.27,-39.87],[-62.27,-39.86],[-62.26,-39.86],[-62.26,-39.87]]],[[[-62.1,-39.66],[-62.1,-39.67],[-62.09,-39.67],[-62.1,-39.67],[-62.1,-39.66]]],[[[-62.11,-39.67],[-62.11,-39.66],[-62.11,-39.67]]],[[[-62.16,-39.87],[-62.17,-39.87],[-62.16,-39.87]]],[[[-62.26,-39.87],[-62.25,-39.87],[-62.26,-39.87],[-62.27,-39.87],[-62.26,-39.87]]],[[[-62.09,-39.4],[-62.08,-39.41],[-62.06,-39.41],[-62.07,-39.41],[-62.08,-39.41],[-62.09,-39.4]]],[[[-62.14,-39.38],[-62.12,-39.39],[-62.11,-39.4],[-62.1,-39.41],[-62.08,-39.42],[-62.07,-39.43],[-62.08,-39.42],[-62.09,-39.41],[-62.13,-39.4],[-62.14,-39.39],[-62.14,-39.38]]],[[[-62.08,-39.4],[-62.09,-39.4],[-62.08,-39.4]]],[[[-62.1,-39.39],[-62.09,-39.4],[-62.1,-39.39]]],[[[-62.14,-39.36],[-62.13,-39.37],[-62.14,-39.36]]],[[[-61.97,-39.29],[-61.97,-39.3],[-61.97,-39.31],[-61.97,-39.3],[-61.97,-39.29]]],[[[-62.03,-39.33],[-62.03,-39.34],[-62.04,-39.34],[-62.04,-39.33],[-62.04,-39.34],[-62.03,-39.34],[-62.03,-39.33],[-62.04,-39.33],[-62.03,-39.33]]],[[[-62.25,-39.33],[-62.24,-39.33],[-62.25,-39.33]]],[[[-62.19,-39.31],[-62.19,-39.32],[-62.18,-39.33],[-62.17,-39.34],[-62.19,-39.33],[-62.19,-39.32],[-62.19,-39.33],[-62.19,-39.32],[-62.2,-39.32],[-62.2,-39.31],[-62.19,-39.31]]],[[[-62.01,-39.32],[-62.01,-39.33],[-62.02,-39.33],[-62.03,-39.33],[-62.03,-39.32],[-62.02,-39.32],[-62.01,-39.32],[-62.02,-39.32],[-62.01,-39.32]]],[[[-62.23,-39.32],[-62.23,-39.31],[-62.23,-39.32],[-62.22,-39.32],[-62.21,-39.33],[-62.22,-39.32],[-62.23,-39.32],[-62.24,-39.31],[-62.23,-39.32]]],[[[-62.2,-39.31],[-62.21,-39.31],[-62.2,-39.31],[-62.21,-39.31],[-62.2,-39.31]]],[[[-62.2,-39.32],[-62.19,-39.32],[-62.19,-39.33],[-62.2,-39.33],[-62.2,-39.32],[-62.2,-39.33],[-62.21,-39.33],[-62.21,-39.32],[-62.2,-39.32]]],[[[-62.23,-39.2],[-62.22,-39.21],[-62.23,-39.21],[-62.23,-39.2]]],[[[-62.19,-39.17],[-62.19,-39.18],[-62.2,-39.17],[-62.19,-39.17]]],[[[-62.07,-39.15]]],[[[-62.28,-39.12],[-62.29,-39.12],[-62.28,-39.12]]],[[[-62.08,-39.14],[-62.08,-39.15],[-62.08,-39.14],[-62.09,-39.14],[-62.08,-39.14]]],[[[-62.12,-39.09],[-62.12,-39.1],[-62.12,-39.09],[-62.13,-39.09],[-62.12,-39.09]]],[[[-62.13,-39.09],[-62.14,-39.09],[-62.13,-39.09]]],[[[-61.97,-39.24],[-61.97,-39.25],[-61.98,-39.25],[-61.97,-39.24]]],[[[-62.18,-39.23]]],[[[-62.16,-39.23],[-62.16,-39.24],[-62.16,-39.23]]],[[[-62.14,-39.24]]],[[[-62.05,-39.23],[-62.04,-39.23],[-62.04,-39.24],[-62.04,-39.25],[-62.05,-39.24],[-62.06,-39.23],[-62.05,-39.23]]],[[[-62.15,-39.23],[-62.14,-39.23],[-62.15,-39.23],[-62.14,-39.23],[-62.14,-39.24],[-62.15,-39.24],[-62.15,-39.23]]],[[[-62.07,-39.07],[-62.06,-39.07],[-62.04,-39.08],[-62.0,-39.09],[-61.96,-39.09],[-61.95,-39.09],[-61.94,-39.09],[-61.94,-39.1],[-61.93,-39.09],[-61.93,-39.1],[-61.93,-39.09],[-61.92,-39.09],[-61.92,-39.1],[-61.91,-39.1],[-61.92,-39.12],[-61.91,-39.11],[-61.9,-39.1],[-61.9,-39.11],[-61.89,-39.11],[-61.89,-39.12],[-61.89,-39.13],[-61.9,-39.13],[-61.89,-39.13],[-61.89,-39.12],[-61.89,-39.11],[-61.9,-39.11],[-61.9,-39.1],[-61.89,-39.09],[-61.88,-39.1],[-61.88,-39.12],[-61.88,-39.13],[-61.87,-39.14],[-61.87,-39.15],[-61.87,-39.16],[-61.87,-39.17],[-61.86,-39.18],[-61.87,-39.18],[-61.86,-39.19],[-61.86,-39.18],[-61.86,-39.17],[-61.86,-39.16],[-61.85,-39.18],[-61.85,-39.19],[-61.85,-39.2],[-61.85,-39.21],[-61.85,-39.22],[-61.86,-39.23],[-61.87,-39.24],[-61.89,-39.23],[-61.9,-39.23],[-61.9,-39.22],[-61.91,-39.21],[-61.92,-39.21],[-61.93,-39.2],[-61.95,-39.2],[-61.95,-39.19],[-61.96,-39.19],[-61.98,-39.19],[-61.98,-39.18],[-61.99,-39.18],[-62.0,-39.18],[-62.0,-39.17],[-62.01,-39.17],[-62.02,-39.16],[-62.03,-39.16],[-62.04,-39.16],[-62.05,-39.16],[-62.06,-39.15],[-62.05,-39.14],[-62.06,-39.15],[-62.06,-39.16],[-62.07,-39.16],[-62.07,-39.15],[-62.08,-39.14],[-62.07,-39.14],[-62.07,-39.13],[-62.08,-39.11],[-62.09,-39.11],[-62.09,-39.1],[-62.09,-39.09],[-62.09,-39.08],[-62.08,-39.07],[-62.09,-39.07],[-62.07,-39.07]]],[[[-62.03,-39.27],[-62.04,-39.27],[-62.03,-39.27],[-62.04,-39.27],[-62.03,-39.27]]],[[[-62.27,-39.26]]],[[[-62.22,-39.26],[-62.23,-39.26],[-62.22,-39.26]]],[[[-62.04,-39.23],[-62.03,-39.23],[-62.03,-39.24],[-62.01,-39.24],[-62.0,-39.24],[-61.99,-39.24],[-61.99,-39.25],[-61.98,-39.26],[-61.98,-39.27],[-61.99,-39.28],[-62.0,-39.28],[-62.01,-39.27],[-62.02,-39.26],[-62.03,-39.26],[-62.03,-39.25],[-62.04,-39.25],[-62.03,-39.24],[-62.04,-39.24],[-62.04,-39.25],[-62.04,-39.24],[-62.04,-39.23]]],[[[-62.18,-39.17],[-62.17,-39.17],[-62.16,-39.18],[-62.16,-39.19],[-62.14,-39.2],[-62.13,-39.21],[-62.12,-39.21],[-62.09,-39.22],[-62.07,-39.24],[-62.06,-39.24],[-62.06,-39.23],[-62.06,-39.24],[-62.05,-39.24],[-62.04,-39.25],[-62.03,-39.26],[-62.04,-39.26],[-62.05,-39.26],[-62.05,-39.25],[-62.06,-39.24],[-62.06,-39.25],[-62.05,-39.26],[-62.06,-39.25],[-62.07,-39.25],[-62.08,-39.25],[-62.11,-39.25],[-62.13,-39.24],[-62.13,-39.23],[-62.15,-39.22],[-62.16,-39.21],[-62.16,-39.2],[-62.16,-39.19],[-62.17,-39.19],[-62.17,-39.18],[-62.16,-39.18],[-62.17,-39.18],[-62.18,-39.17],[-62.18,-39.18],[-62.18,-39.17]]],[[[-62.23,-39.91],[-62.23,-39.92],[-62.23,-39.91],[-62.22,-39.92],[-62.23,-39.92],[-62.22,-39.92],[-62.23,-39.92],[-62.24,-39.92],[-62.24,-39.91],[-62.23,-39.91]]],[[[-62.2,-39.91],[-62.21,-39.92],[-62.21,-39.91],[-62.2,-39.91]]],[[[-62.18,-39.9],[-62.19,-39.9],[-62.18,-39.9],[-62.18,-39.91],[-62.18,-39.92],[-62.18,-39.91],[-62.18,-39.92],[-62.17,-39.93],[-62.18,-39.93],[-62.18,-39.94],[-62.17,-39.94],[-62.18,-39.94],[-62.17,-39.94],[-62.17,-39.95],[-62.19,-39.94],[-62.2,-39.94],[-62.2,-39.93],[-62.21,-39.92],[-62.2,-39.92],[-62.2,-39.93],[-62.19,-39.93],[-62.2,-39.92],[-62.19,-39.92],[-62.2,-39.92],[-62.2,-39.91],[-62.19,-39.91],[-62.19,-39.9],[-62.18,-39.9]]],[[[-62.24,-39.92],[-62.24,-39.93],[-62.23,-39.93],[-62.22,-39.93],[-62.22,-39.94],[-62.23,-39.94],[-62.25,-39.93],[-62.25,-39.92],[-62.24,-39.92]]],[[[-62.17,-39.94],[-62.18,-39.94],[-62.18,-39.93],[-62.17,-39.93],[-62.18,-39.92],[-62.17,-39.92],[-62.17,-39.91],[-62.18,-39.91],[-62.18,-39.9],[-62.17,-39.9],[-62.18,-39.9],[-62.18,-39.89],[-62.17,-39.89],[-62.17,-39.88],[-62.16,-39.88],[-62.15,-39.89],[-62.14,-39.89],[-62.12,-39.9],[-62.13,-39.9],[-62.13,-39.91],[-62.13,-39.92],[-62.14,-39.92],[-62.13,-39.92],[-62.13,-39.93],[-62.13,-39.92],[-62.14,-39.92],[-62.13,-39.91],[-62.13,-39.9],[-62.12,-39.9],[-62.12,-39.91],[-62.12,-39.92],[-62.12,-39.91],[-62.11,-39.91],[-62.11,-39.92],[-62.11,-39.93],[-62.12,-39.93],[-62.12,-39.94],[-62.12,-39.93],[-62.12,-39.94],[-62.12,-39.95],[-62.13,-39.95],[-62.13,-39.96],[-62.14,-39.96],[-62.14,-39.95],[-62.15,-39.95],[-62.16,-39.95],[-62.15,-39.95],[-62.16,-39.95],[-62.16,-39.94],[-62.17,-39.94]]],[[[-62.31,-39.91],[-62.32,-39.92],[-62.32,-39.91],[-62.31,-39.91]]],[[[-62.28,-39.91],[-62.29,-39.91],[-62.28,-39.91]]],[[[-62.2,-39.91]]],[[[-62.2,-39.89],[-62.19,-39.89],[-62.2,-39.89]]],[[[-62.18,-39.89],[-62.18,-39.88],[-62.18,-39.89]]],[[[-62.15,-39.88],[-62.15,-39.89],[-62.13,-39.89],[-62.12,-39.89],[-62.13,-39.89],[-62.14,-39.89],[-62.15,-39.88]]],[[[-62.15,-39.88],[-62.14,-39.88],[-62.13,-39.89],[-62.14,-39.89],[-62.15,-39.88],[-62.16,-39.88],[-62.15,-39.88]]],[[[-62.26,-39.89],[-62.26,-39.9],[-62.25,-39.9],[-62.25,-39.91],[-62.26,-39.91],[-62.28,-39.91],[-62.28,-39.9],[-62.28,-39.89],[-62.27,-39.89],[-62.26,-39.89]]],[[[-62.19,-39.89],[-62.19,-39.9],[-62.2,-39.9],[-62.2,-39.91],[-62.21,-39.91],[-62.22,-39.91],[-62.23,-39.91],[-62.22,-39.9],[-62.21,-39.9],[-62.2,-39.9],[-62.2,-39.89],[-62.2,-39.9],[-62.2,-39.89],[-62.19,-39.89]]],[[[-62.25,-39.89],[-62.25,-39.9],[-62.26,-39.9],[-62.26,-39.89],[-62.25,-39.89]]],[[[-62.24,-39.89],[-62.24,-39.9],[-62.25,-39.89],[-62.24,-39.89]]],[[[-62.25,-39.89],[-62.24,-39.89],[-62.24,-39.9],[-62.25,-39.9],[-62.25,-39.89]]],[[[-62.26,-39.88],[-62.26,-39.89],[-62.26,-39.88]]],[[[-62.15,-39.87],[-62.15,-39.88],[-62.14,-39.88],[-62.15,-39.88],[-62.16,-39.88],[-62.16,-39.87],[-62.15,-39.87]]],[[[-62.32,-40.18],[-62.32,-40.19],[-62.32,-40.2],[-62.33,-40.2],[-62.34,-40.2],[-62.33,-40.19],[-62.32,-40.18]]],[[[-62.09,-40.21],[-62.1,-40.21],[-62.09,-40.21]]],[[[-62.1,-40.21],[-62.1,-40.22],[-62.1,-40.21]]],[[[-62.06,-40.19],[-62.06,-40.2],[-62.06,-40.19]]],[[[-62.08,-40.19],[-62.08,-40.2],[-62.09,-40.2],[-62.09,-40.19],[-62.08,-40.19]]],[[[-62.06,-40.23],[-62.05,-40.23],[-62.06,-40.24],[-62.05,-40.24],[-62.06,-40.24],[-62.05,-40.24],[-62.05,-40.23],[-62.05,-40.24],[-62.04,-40.24],[-62.03,-40.24],[-62.04,-40.25],[-62.04,-40.24],[-62.05,-40.24],[-62.04,-40.24],[-62.04,-40.25],[-62.05,-40.25],[-62.05,-40.26],[-62.04,-40.26],[-62.04,-40.27],[-62.05,-40.27],[-62.06,-40.26],[-62.06,-40.25],[-62.06,-40.26],[-62.06,-40.25],[-62.06,-40.26],[-62.07,-40.26],[-62.07,-40.25],[-62.07,-40.26],[-62.08,-40.26],[-62.09,-40.26],[-62.08,-40.25],[-62.09,-40.25],[-62.08,-40.24],[-62.07,-40.24],[-62.06,-40.23],[-62.07,-40.23],[-62.07,-40.24],[-62.08,-40.24],[-62.07,-40.23],[-62.06,-40.22],[-62.06,-40.23]]],[[[-62.11,-40.23]]],[[[-62.05,-40.2],[-62.04,-40.2],[-62.05,-40.21],[-62.04,-40.2],[-62.04,-40.21],[-62.04,-40.22],[-62.05,-40.22],[-62.06,-40.22],[-62.06,-40.21],[-62.05,-40.21],[-62.06,-40.21],[-62.06,-40.2],[-62.05,-40.2]]],[[[-62.07,-40.19],[-62.08,-40.19],[-62.07,-40.19],[-62.06,-40.19],[-62.07,-40.19],[-62.07,-40.2],[-62.07,-40.21],[-62.07,-40.22],[-62.08,-40.23],[-62.08,-40.22],[-62.08,-40.2],[-62.08,-40.19],[-62.07,-40.19]]],[[[-62.3,-40.18],[-62.3,-40.19],[-62.3,-40.2],[-62.3,-40.21],[-62.29,-40.21],[-62.29,-40.2],[-62.29,-40.21],[-62.28,-40.21],[-62.27,-40.21],[-62.27,-40.22],[-62.28,-40.22],[-62.28,-40.23],[-62.28,-40.24],[-62.29,-40.24],[-62.29,-40.25],[-62.29,-40.26],[-62.3,-40.26],[-62.3,-40.27],[-62.31,-40.26],[-62.31,-40.27],[-62.31,-40.28],[-62.3,-40.28],[-62.3,-40.29],[-62.29,-40.29],[-62.28,-40.3],[-62.27,-40.3],[-62.26,-40.3],[-62.26,-40.31],[-62.27,-40.31],[-62.26,-40.31],[-62.27,-40.32],[-62.28,-40.33],[-62.29,-40.34],[-62.3,-40.34],[-62.31,-40.36],[-62.3,-40.36],[-62.32,-40.38],[-62.33,-40.38],[-62.34,-40.38],[-62.35,-40.38],[-62.34,-40.38],[-62.33,-40.38],[-62.33,-40.39],[-62.34,-40.38],[-62.35,-40.37],[-62.34,-40.37],[-62.35,-40.37],[-62.35,-40.36],[-62.34,-40.36],[-62.34,-40.35],[-62.33,-40.35],[-62.33,-40.34],[-62.34,-40.34],[-62.34,-40.35],[-62.35,-40.35],[-62.35,-40.33],[-62.35,-40.34],[-62.36,-40.35],[-62.36,-40.34],[-62.36,-40.33],[-62.35,-40.33],[-62.35,-40.31],[-62.35,-40.3],[-62.34,-40.29],[-62.35,-40.29],[-62.34,-40.27],[-62.35,-40.27],[-62.35,-40.28],[-62.35,-40.27],[-62.34,-40.26],[-62.33,-40.25],[-62.32,-40.25],[-62.34,-40.26],[-62.35,-40.26],[-62.34,-40.26],[-62.34,-40.25],[-62.35,-40.25],[-62.36,-40.27],[-62.37,-40.27],[-62.37,-40.28],[-62.38,-40.28],[-62.37,-40.28],[-62.37,-40.27],[-62.37,-40.26],[-62.36,-40.26],[-62.37,-40.26],[-62.37,-40.25],[-62.38,-40.24],[-62.39,-40.25],[-62.38,-40.26],[-62.39,-40.26],[-62.38,-40.26],[-62.39,-40.26],[-62.39,-40.25],[-62.37,-40.23],[-62.36,-40.23],[-62.36,-40.22],[-62.35,-40.23],[-62.36,-40.23],[-62.36,-40.24],[-62.36,-40.25],[-62.35,-40.25],[-62.36,-40.25],[-62.35,-40.25],[-62.35,-40.24],[-62.34,-40.24],[-62.34,-40.25],[-62.34,-40.24],[-62.33,-40.24],[-62.33,-40.23],[-62.32,-40.23],[-62.32,-40.22],[-62.33,-40.22],[-62.33,-40.21],[-62.34,-40.21],[-62.35,-40.22],[-62.36,-40.22],[-62.35,-40.21],[-62.34,-40.21],[-62.33,-40.2],[-62.32,-40.2],[-62.32,-40.19],[-62.31,-40.19],[-62.3,-40.18]]],[[[-62.03,-40.18]]],[[[-62.31,-40.18],[-62.31,-40.19],[-62.32,-40.19],[-62.31,-40.18],[-62.3,-40.18],[-62.31,-40.18]]],[[[-62.04,-40.18],[-62.04,-40.19],[-62.04,-40.18]]],[[[-62.11,-40.13],[-62.12,-40.13],[-62.12,-40.14],[-62.11,-40.14],[-62.12,-40.14],[-62.11,-40.15],[-62.12,-40.15],[-62.11,-40.15],[-62.12,-40.15],[-62.12,-40.16],[-62.12,-40.17],[-62.11,-40.17],[-62.11,-40.18],[-62.1,-40.18],[-62.11,-40.19],[-62.11,-40.2],[-62.1,-40.2],[-62.1,-40.21],[-62.1,-40.22],[-62.11,-40.22],[-62.11,-40.23],[-62.11,-40.22],[-62.12,-40.22],[-62.12,-40.21],[-62.12,-40.2],[-62.13,-40.19],[-62.13,-40.17],[-62.13,-40.16],[-62.13,-40.15],[-62.12,-40.15],[-62.12,-40.14],[-62.12,-40.13],[-62.11,-40.13],[-62.11,-40.12],[-62.11,-40.13]]],[[[-61.97,-39.07],[-61.97,-39.08],[-61.98,-39.07],[-61.97,-39.07]]],[[[-62.02,-39.07],[-62.01,-39.08],[-62.02,-39.08],[-62.03,-39.08],[-62.03,-39.07],[-62.02,-39.07]]],[[[-62.02,-39.06],[-62.0,-39.07],[-61.99,-39.07],[-62.0,-39.07],[-62.01,-39.07],[-62.02,-39.07],[-62.02,-39.06],[-62.03,-39.06],[-62.02,-39.06]]],[[[-62.05,-39.07],[-62.04,-39.07],[-62.03,-39.08],[-62.04,-39.07],[-62.05,-39.07],[-62.07,-39.07],[-62.06,-39.06],[-62.05,-39.07]]],[[[-62.07,-38.98],[-62.07,-38.99],[-62.08,-38.98],[-62.08,-38.99],[-62.07,-38.99],[-62.06,-38.99],[-62.07,-38.99],[-62.06,-38.99],[-62.05,-38.99],[-62.05,-39.0],[-62.05,-38.99],[-62.04,-38.99],[-62.05,-38.99],[-62.04,-39.0],[-62.05,-39.0],[-62.04,-39.0],[-62.03,-39.0],[-62.04,-39.0],[-62.03,-39.0],[-62.04,-39.0],[-62.04,-39.01],[-62.03,-39.0],[-62.02,-39.0],[-62.01,-39.0],[-62.0,-39.0],[-62.0,-39.01],[-61.99,-39.01],[-61.98,-39.01],[-61.99,-39.01],[-61.99,-39.02],[-61.98,-39.01],[-61.98,-39.02],[-61.97,-39.02],[-61.96,-39.02],[-61.97,-39.03],[-61.96,-39.03],[-61.96,-39.04],[-61.95,-39.04],[-61.94,-39.04],[-61.93,-39.05],[-61.93,-39.04],[-61.92,-39.04],[-61.92,-39.05],[-61.92,-39.06],[-61.92,-39.07],[-61.93,-39.07],[-61.94,-39.07],[-61.95,-39.07],[-61.96,-39.07],[-61.97,-39.07],[-62.0,-39.06],[-62.01,-39.06],[-62.02,-39.05],[-62.03,-39.05],[-62.03,-39.04],[-62.03,-39.03],[-62.04,-39.03],[-62.04,-39.04],[-62.05,-39.04],[-62.04,-39.03],[-62.05,-39.03],[-62.06,-39.02],[-62.06,-39.01],[-62.05,-39.02],[-62.06,-39.01],[-62.05,-39.01],[-62.06,-39.01],[-62.07,-39.01],[-62.07,-39.0],[-62.08,-39.0],[-62.08,-39.01],[-62.08,-39.0],[-62.09,-39.01],[-62.09,-39.0],[-62.1,-39.0],[-62.09,-39.0],[-62.1,-39.0],[-62.1,-39.01],[-62.09,-39.0],[-62.1,-39.01],[-62.09,-39.01],[-62.09,-39.0],[-62.09,-39.01],[-62.08,-39.01],[-62.08,-39.02],[-62.09,-39.02],[-62.1,-39.02],[-62.11,-39.02],[-62.11,-39.03],[-62.12,-39.04],[-62.13,-39.04],[-62.14,-39.04],[-62.14,-39.03],[-62.15,-39.03],[-62.14,-39.01],[-62.15,-39.01],[-62.14,-39.0],[-62.13,-39.0],[-62.14,-39.0],[-62.14,-39.01],[-62.13,-39.0],[-62.12,-39.0],[-62.11,-38.99],[-62.08,-38.98],[-62.07,-38.98]]]]}},{"type":"Feature","properties":{"GID_1":"ARG.2_1","GID_0":"ARG","COUNTRY":"Argentina","NAME_1":"Catamarca","VARNAME_1":"NA","NL_NAME_1":"NA","TYPE_1":"Provincia","ENGTYPE_1":"Province","CC_1":"NA","HASC_1":"AR.CT","ISO_1":"AR-K"},"geometry":{"type":"MultiPolygon","coordinates":[[[[-65.15,-28.67],[-65.14,-28.67],[-65.13,-28.72],[-65.03,-28.75],[-65.0,-28.77],[-64.99,-28.8],[-64.96,-28.84],[-64.95,-28.84],[-64.93,-28.86],[-64.92,-28.87],[-64.91,-28.88],[-64.91,-28.9],[-64.9,-28.94],[-64.89,-28.96],[-64.88,-28.99],[-64.84,-29.04],[-64.83,-29.05],[-64.83,-29.07],[-64.83,-29.09],[-64.82,-29.12],[-64.83,-29.13],[-64.83,-29.15],[-64.85,-29.17],[-64.85,-29.18],[-64.85,-29.2],[-64.86,-29.22],[-64.89,-29.27],[-64.89,-29.28],[-64.89,-29.29],[-64.88,-29.29],[-64.88,-29.3],[-64.87,-29.3],[-64.85,-29.3],[-64.85,-29.31],[-64.85,-29.32],[-64.87,-29.32],[-64.89,-29.33],[-64.89,-29.34],[-64.89,-29.35],[-64.89,-29.36],[-64.86,-29.38],[-64.85,-29.41],[-64.84,-29.43],[-64.83,-29.46],[-64.83,-29.5],[-64.83,-29.51],[-64.84,-29.52],[-64.83,-29.54],[-64.83,-29.56],[-64.85,-29.57],[-64.97,-29.59],[-64.92,-29.83],[-64.91,-29.91],[-65.03,-30.0],[-65.09,-30.04],[-65.13,-30.07],[-65.41,-30.12],[-65.44,-30.06],[-65.46,-30.0],[-65.49,-29.92],[-65.55,-29.8],[-65.59,-29.69],[-65.63,-29.58],[-65.72,-29.36],[-65.75,-29.28],[-65.83,-29.25],[-65.83,-29.18],[-66.11,-28.94],[-66.17,-28.91],[-66.22,-28.89],[-66.24,-28.9],[-66.25,-28.9],[-66.26,-28.9],[-66.28,-28.9],[-66.29,-28.89],[-66.31,-28.88],[-66.34,-28.88],[-66.38,-28.87],[-66.39,-28.87],[-66.4,-28.86],[-66.4,-28.85],[-66.4,-28.84],[-66.37,-28.81],[-66.37,-28.79],[-66.36,-28.76],[-66.34,-28.75],[-66.33,-28.74],[-66.33,-28.73],[-66.34,-28.73],[-66.38,-28.71],[-66.49,-28.64],[-66.49,-28.58],[-66.49,-28.54],[-66.52,-28.54],[-66.53,-28.53],[-66.52,-28.52],[-66.53,-28.51],[-66.52,-28.5],[-66.52,-28.49],[-66.52,-28.48],[-66.52,-28.46],[-66.52,-28.45],[-66.58,-28.32],[-67.0,-28.24],[-67.09,-28.28],[-67.16,-28.38],[-67.28,-28.38],[-67.38,-28.38],[-67.42,-28.37],[-67.5,-28.33],[-67.57,-28.32],[-67.62,-28.32],[-67.64,-28.31],[-67.65,-28.31],[-67.68,-28.32],[-67.74,-28.34],[-67.77,-28.35],[-67.81,-28.35],[-67.82,-28.39],[-67.83,-28.38],[-67.84,-28.36],[-67.85,-28.34],[-67.85,-28.33],[-67.84,-28.32],[-67.84,-28.31],[-67.87,-28.3],[-67.88,-28.3],[-67.89,-28.29],[-67.89,-28.28],[-67.9,-28.26],[-67.91,-28.23],[-67.9,-28.22],[-67.9,-28.21],[-67.91,-28.21],[-67.92,-28.21],[-67.92,-28.2],[-67.92,-28.16],[-67.93,-28.16],[-67.92,-28.13],[-67.92,-28.12],[-67.97,-28.12],[-68.0,-28.13],[-68.01,-28.13],[-68.02,-28.13],[-68.03,-28.14],[-68.05,-28.14],[-68.06,-28.14],[-68.08,-28.16],[-68.1,-28.16],[-68.11,-28.15],[-68.12,-28.15],[-68.12,-28.14],[-68.13,-28.13],[-68.13,-28.12],[-68.15,-28.11],[-68.15,-28.1],[-68.16,-28.11],[-68.17,-28.11],[-68.18,-28.09],[-68.19,-28.09],[-68.2,-28.09],[-68.21,-28.09],[-68.22,-28.08],[-68.26,-28.07],[-68.26,-28.08],[-68.27,-28.09],[-68.28,-28.09],[-68.3,-28.07],[-68.3,-28.05],[-68.3,-28.03],[-68.3,-28.02],[-68.34,-28.03],[-68.35,-28.02],[-68.36,-28.02],[-68.41,-28.01],[-68.42,-28.02],[-68.43,-28.03],[-68.45,-28.02],[-68.46,-28.01],[-68.46,-28.0],[-68.44,-27.96],[-68.44,-27.92],[-68.43,-27.9],[-68.43,-27.88],[-68.43,-27.87],[-68.44,-27.87],[-68.44,-27.86],[-68.45,-27.84],[-68.46,-27.83],[-68.49,-27.82],[-68.5,-27.82],[-68.51,-27.8],[-68.51,-27.79],[-68.49,-27.73],[-68.55,-27.71],[-68.64,-27.75],[-68.74,-27.76],[-68.8,-27.76],[-68.85,-27.78],[-69.09,-27.77],[-69.09,-27.76],[-69.09,-27.75],[-69.08,-27.75],[-69.09,-27.74],[-69.08,-27.74],[-69.08,-27.73],[-69.09,-27.72],[-69.08,-27.72],[-69.08,-27.71],[-69.07,-27.71],[-69.06,-27.71],[-69.05,-27.7],[-69.04,-27.7],[-69.04,-27.69],[-69.04,-27.68],[-69.05,-27.67],[-69.06,-27.67],[-69.06,-27.66],[-69.06,-27.65],[-69.05,-27.62],[-69.05,-27.61],[-69.04,-27.59],[-69.03,-27.59],[-69.02,-27.59],[-69.01,-27.58],[-69.01,-27.59],[-69.0,-27.58],[-68.99,-27.58],[-68.99,-27.57],[-68.98,-27.57],[-68.98,-27.56],[-68.97,-27.55],[-68.97,-27.54],[-68.98,-27.54],[-68.98,-27.53],[-68.99,-27.52],[-68.96,-27.52],[-68.95,-27.53],[-68.94,-27.52],[-68.94,-27.51],[-68.95,-27.5],[-68.95,-27.49],[-68.96,-27.48],[-68.96,-27.47],[-68.97,-27.47],[-68.98,-27.46],[-68.98,-27.45],[-68.99,-27.45],[-68.98,-27.44],[-68.98,-27.43],[-68.97,-27.43],[-68.96,-27.43],[-68.96,-27.44],[-68.94,-27.44],[-68.94,-27.45],[-68.93,-27.44],[-68.93,-27.43],[-68.93,-27.42],[-68.93,-27.41],[-68.92,-27.41],[-68.91,-27.4],[-68.9,-27.4],[-68.89,-27.4],[-68.89,-27.39],[-68.9,-27.38],[-68.89,-27.38],[-68.89,-27.37],[-68.89,-27.36],[-68.89,-27.35],[-68.88,-27.34],[-68.88,-27.33],[-68.87,-27.33],[-68.87,-27.32],[-68.86,-27.32],[-68.85,-27.32],[-68.83,-27.3],[-68.81,-27.3],[-68.83,-27.29],[-68.84,-27.28],[-68.85,-27.27],[-68.86,-27.27],[-68.87,-27.26],[-68.87,-27.25],[-68.87,-27.24],[-68.86,-27.23],[-68.86,-27.22],[-68.85,-27.22],[-68.85,-27.21],[-68.86,-27.2],[-68.86,-27.19],[-68.85,-27.18],[-68.84,-27.17],[-68.84,-27.16],[-68.83,-27.16],[-68.83,-27.15],[-68.82,-27.15],[-68.81,-27.15],[-68.8,-27.13],[-68.8,-27.12],[-68.79,-27.12],[-68.79,-27.1],[-68.78,-27.1],[-68.77,-27.1],[-68.76,-27.1],[-68.75,-27.11],[-68.74,-27.1],[-68.72,-27.11],[-68.71,-27.1],[-68.7,-27.1],[-68.69,-27.1],[-68.68,-27.11],[-68.67,-27.1],[-68.67,-27.11],[-68.66,-27.12],[-68.65,-27.14],[-68.64,-27.14],[-68.64,-27.15],[-68.63,-27.16],[-68.62,-27.16],[-68.62,-27.17],[-68.61,-27.16],[-68.6,-27.16],[-68.58,-27.18],[-68.57,-27.18],[-68.57,-27.17],[-68.57,-27.16],[-68.57,-27.15],[-68.56,-27.14],[-68.55,-27.13],[-68.56,-27.13],[-68.56,-27.12],[-68.55,-27.11],[-68.54,-27.11],[-68.52,-27.12],[-68.52,-27.13],[-68.51,-27.13],[-68.49,-27.14],[-68.49,-27.13],[-68.48,-27.13],[-68.48,-27.12],[-68.47,-27.11],[-68.48,-27.06],[-68.48,-27.07],[-68.48,-27.08],[-68.47,-27.09],[-68.46,-27.09],[-68.45,-27.09],[-68.44,-27.09],[-68.44,-27.08],[-68.43,-27.07],[-68.43,-27.06],[-68.43,-27.07],[-68.42,-27.07],[-68.41,-27.06],[-68.4,-27.07],[-68.4,-27.06],[-68.39,-27.06],[-68.38,-27.06],[-68.38,-27.05],[-68.37,-27.05],[-68.36,-27.04],[-68.35,-27.04],[-68.35,-27.03],[-68.33,-27.03],[-68.31,-27.04],[-68.29,-27.04],[-68.3,-27.03],[-68.29,-27.03],[-68.3,-27.03],[-68.3,-27.02],[-68.31,-27.01],[-68.31,-27.0],[-68.32,-27.0],[-68.31,-26.99],[-68.32,-26.98],[-68.32,-26.97],[-68.31,-26.97],[-68.3,-26.97],[-68.29,-26.96],[-68.29,-26.95],[-68.29,-26.93],[-68.29,-26.92],[-68.28,-26.92],[-68.28,-26.93],[-68.27,-26.93],[-68.27,-26.92],[-68.26,-26.92],[-68.27,-26.91],[-68.28,-26.9],[-68.29,-26.89],[-68.3,-26.88],[-68.3,-26.87],[-68.35,-26.81],[-68.36,-26.8],[-68.44,-26.7],[-68.59,-26.49],[-68.57,-26.32],[-68.56,-26.29],[-68.38,-26.18],[-68.4,-26.07],[-68.42,-25.98],[-68.44,-25.89],[-68.48,-25.71],[-68.48,-25.7],[-68.49,-25.69],[-68.49,-25.68],[-68.5,-25.68],[-68.5,-25.67],[-68.51,-25.67],[-68.52,-25.64],[-68.54,-25.64],[-68.54,-25.63],[-68.55,-25.63],[-68.55,-25.62],[-68.54,-25.61],[-68.54,-25.6],[-68.53,-25.59],[-68.53,-25.58],[-68.52,-25.57],[-68.53,-25.57],[-68.53,-25.56],[-68.54,-25.55],[-68.54,-25.54],[-68.54,-25.53],[-68.55,-25.53],[-68.54,-25.52],[-68.54,-25.51],[-68.55,-25.51],[-68.55,-25.5],[-68.56,-25.51],[-68.57,-25.5],[-68.56,-25.5],[-68.57,-25.5],[-68.57,-25.49],[-68.57,-25.48],[-68.58,-25.46],[-68.59,-25.45],[-68.59,-25.44],[-68.59,-25.42],[-68.58,-25.41],[-68.58,-25.42],[-68.57,-25.42],[-68.57,-25.41],[-68.56,-25.41],[-68.55,-25.4],[-68.55,-25.39],[-68.54,-25.38],[-68.53,-25.38],[-68.52,-25.38],[-68.53,-25.37],[-68.52,-25.36],[-68.53,-25.36],[-68.52,-25.36],[-68.53,-25.35],[-68.52,-25.35],[-68.52,-25.34],[-68.52,-25.33],[-68.53,-25.32],[-68.54,-25.32],[-68.54,-25.31],[-68.55,-25.3],[-68.54,-25.3],[-68.54,-25.29],[-68.53,-25.29],[-68.53,-25.28],[-68.54,-25.28],[-68.54,-25.27],[-68.55,-25.26],[-68.54,-25.26],[-68.54,-25.25],[-68.54,-25.24],[-68.53,-25.23],[-68.52,-25.23],[-68.51,-25.23],[-68.5,-25.22],[-68.51,-25.22],[-68.5,-25.21],[-68.51,-25.2],[-68.51,-25.17],[-68.5,-25.16],[-68.49,-25.16],[-68.48,-25.16],[-68.16,-25.21],[-67.99,-25.24],[-67.57,-25.26],[-67.5,-25.26],[-67.37,-25.27],[-66.94,-25.28],[-66.63,-25.28],[-66.56,-25.27],[-66.55,-25.33],[-66.55,-25.37],[-66.53,-25.43],[-66.53,-25.46],[-66.53,-25.49],[-66.53,-25.51],[-66.54,-25.56],[-66.56,-25.61],[-66.58,-25.65],[-66.59,-25.68],[-66.6,-25.68],[-66.62,-25.68],[-66.63,-25.68],[-66.67,-25.69],[-66.72,-25.69],[-66.74,-25.7],[-66.77,-25.7],[-66.79,-25.71],[-66.79,-25.72],[-66.82,-25.74],[-66.82,-25.78],[-66.81,-25.81],[-66.81,-25.83],[-66.8,-25.88],[-66.8,-25.89],[-66.79,-25.91],[-66.77,-25.93],[-66.76,-25.94],[-66.74,-25.97],[-66.72,-25.99],[-66.72,-26.0],[-66.69,-26.02],[-66.68,-26.05],[-66.66,-26.07],[-66.65,-26.09],[-66.64,-26.09],[-66.63,-26.09],[-66.62,-26.1],[-66.62,-26.11],[-66.62,-26.13],[-66.61,-26.16],[-66.59,-26.17],[-66.59,-26.18],[-66.58,-26.2],[-66.56,-26.23],[-66.54,-26.27],[-66.51,-26.3],[-66.5,-26.31],[-66.49,-26.31],[-66.49,-26.32],[-66.48,-26.34],[-66.46,-26.36],[-66.43,-26.38],[-66.41,-26.38],[-66.39,-26.39],[-66.38,-26.4],[-66.37,-26.4],[-66.36,-26.38],[-66.34,-26.33],[-66.33,-26.31],[-66.33,-26.29],[-66.32,-26.28],[-66.3,-26.25],[-66.28,-26.24],[-66.27,-26.22],[-66.26,-26.2],[-66.25,-26.18],[-66.23,-26.16],[-66.22,-26.16],[-66.21,-26.15],[-66.2,-26.15],[-66.19,-26.15],[-66.18,-26.14],[-66.15,-26.14],[-66.13,-26.15],[-66.13,-26.16],[-66.13,-26.17],[-66.12,-26.19],[-66.1,-26.21],[-66.09,-26.21],[-66.08,-26.22],[-66.09,-26.24],[-66.08,-26.24],[-66.08,-26.25],[-66.08,-26.26],[-66.09,-26.27],[-66.1,-26.28],[-66.1,-26.32],[-66.1,-26.34],[-66.1,-26.35],[-66.11,-26.38],[-66.11,-26.39],[-66.1,-26.4],[-66.14,-26.4],[-66.15,-26.4],[-66.14,-26.44],[-66.15,-26.44],[-66.15,-26.45],[-66.16,-26.46],[-66.16,-26.47],[-66.16,-26.48],[-66.15,-26.48],[-66.15,-26.49],[-66.15,-26.5],[-66.16,-26.52],[-66.16,-26.53],[-66.16,-26.57],[-66.16,-26.59],[-66.16,-26.6],[-66.15,-26.6],[-66.15,-26.61],[-66.12,-26.61],[-66.06,-26.61],[-66.05,-26.62],[-66.0,-26.65],[-65.99,-26.66],[-65.96,-26.69],[-65.92,-26.71],[-65.89,-26.73],[-65.87,-26.74],[-65.86,-26.75],[-65.85,-26.76],[-65.85,-26.77],[-65.86,-26.78],[-65.86,-26.79],[-65.87,-26.82],[-65.89,-26.83],[-65.9,-26.84],[-65.89,-26.85],[-65.9,-26.87],[-65.88,-26.87],[-65.88,-26.88],[-65.87,-26.89],[-65.86,-26.91],[-65.86,-26.93],[-65.87,-26.93],[-65.87,-26.94],[-65.88,-26.95],[-65.89,-26.96],[-65.89,-26.97],[-65.91,-26.99],[-65.91,-27.0],[-65.92,-27.01],[-65.97,-27.04],[-65.98,-27.07],[-66.0,-27.1],[-66.01,-27.1],[-66.01,-27.11],[-66.04,-27.11],[-66.04,-27.12],[-66.06,-27.15],[-66.07,-27.16],[-66.08,-27.16],[-66.08,-27.19],[-66.1,-27.2],[-66.1,-27.21],[-66.12,-27.22],[-66.14,-27.23],[-66.15,-27.24],[-66.13,-27.25],[-66.12,-27.26],[-66.1,-27.27],[-66.09,-27.28],[-66.07,-27.28],[-66.05,-27.29],[-66.03,-27.29],[-66.01,-27.3],[-66.0,-27.3],[-65.99,-27.31],[-65.98,-27.33],[-65.97,-27.36],[-65.97,-27.4],[-65.97,-27.42],[-65.98,-27.43],[-65.98,-27.44],[-65.97,-27.46],[-65.98,-27.49],[-65.97,-27.51],[-65.97,-27.55],[-65.96,-27.56],[-65.95,-27.58],[-65.94,-27.59],[-65.93,-27.61],[-65.92,-27.63],[-65.92,-27.66],[-65.92,-27.67],[-65.91,-27.69],[-65.87,-27.68],[-65.86,-27.71],[-65.84,-27.74],[-65.84,-27.76],[-65.84,-27.79],[-65.83,-27.83],[-65.83,-27.84],[-65.82,-27.85],[-65.82,-27.86],[-65.81,-27.86],[-65.8,-27.85],[-65.8,-27.82],[-65.79,-27.82],[-65.78,-27.81],[-65.78,-27.8],[-65.78,-27.79],[-65.75,-27.78],[-65.73,-27.79],[-65.71,-27.81],[-65.7,-27.83],[-65.7,-27.85],[-65.69,-27.89],[-65.66,-27.96],[-65.65,-27.97],[-65.62,-27.97],[-65.6,-27.99],[-65.59,-28.0],[-65.57,-28.0],[-65.55,-28.0],[-65.54,-28.0],[-65.52,-27.99],[-65.51,-27.95],[-65.5,-27.92],[-65.47,-27.9],[-65.41,-27.86],[-65.39,-27.85],[-65.37,-27.84],[-65.18,-27.94],[-65.17,-27.97],[-65.15,-28.06],[-65.12,-28.19],[-65.11,-28.31],[-65.1,-28.47],[-65.13,-28.61],[-65.17,-28.61],[-65.18,-28.6],[-65.18,-28.65],[-65.15,-28.67]]]]}},{"type":"Feature","properties":{"GID_1":"ARG.3_1","GID_0":"ARG","COUNTRY":"Argentina","NAME_1":"Chaco","VARNAME_1":"ElChaco|PresidenteJuanPeron","NL_NAME_1":"NA","TYPE_1":"Provincia","ENGTYPE_1":"Province","CC_1":"NA","HASC_1":"AR.CC","ISO_1":"AR-H"},"geometry":{"type":"MultiPolygon","coordinates":[[[[-60.12,-25.66],[-60.11,-25.66],[-60.1,-25.66],[-60.09,-25.67],[-60.1,-25.67],[-60.1,-25.68],[-60.09,-25.68],[-60.08,-25.68],[-60.07,-25.68],[-60.06,-25.68],[-60.05,-25.68],[-60.05,-25.69],[-60.04,-25.69],[-60.04,-25.7],[-60.03,-25.7],[-60.04,-25.7],[-60.04,-25.71],[-60.03,-25.72],[-60.02,-25.72],[-60.02,-25.73],[-59.99,-25.73],[-59.98,-25.74],[-59.97,-25.74],[-59.96,-25.75],[-59.96,-25.76],[-59.95,-25.76],[-59.93,-25.77],[-59.91,-25.79],[-59.88,-25.8],[-59.87,-25.81],[-59.88,-25.81],[-59.88,-25.82],[-59.87,-25.82],[-59.87,-25.83],[-59.88,-25.84],[-59.87,-25.84],[-59.86,-25.84],[-59.86,-25.85],[-59.85,-25.85],[-59.84,-25.87],[-59.83,-25.88],[-59.81,-25.87],[-59.81,-25.88],[-59.82,-25.89],[-59.81,-25.89],[-59.8,-25.89],[-59.8,-25.9],[-59.79,-25.9],[-59.78,-25.91],[-59.77,-25.92],[-59.76,-25.93],[-59.75,-25.94],[-59.75,-25.95],[-59.75,-25.96],[-59.74,-25.97],[-59.73,-25.97],[-59.73,-25.98],[-59.73,-25.99],[-59.72,-25.99],[-59.71,-26.0],[-59.71,-26.01],[-59.7,-26.01],[-59.69,-26.01],[-59.68,-26.01],[-59.67,-26.01],[-59.67,-26.02],[-59.68,-26.02],[-59.67,-26.03],[-59.68,-26.04],[-59.67,-26.04],[-59.67,-26.05],[-59.67,-26.06],[-59.66,-26.07],[-59.67,-26.07],[-59.66,-26.08],[-59.67,-26.08],[-59.67,-26.09],[-59.67,-26.1],[-59.67,-26.11],[-59.67,-26.12],[-59.66,-26.12],[-59.65,-26.13],[-59.66,-26.14],[-59.65,-26.15],[-59.65,-26.14],[-59.64,-26.14],[-59.64,-26.13],[-59.64,-26.12],[-59.64,-26.11],[-59.63,-26.11],[-59.63,-26.12],[-59.62,-26.12],[-59.62,-26.13],[-59.61,-26.12],[-59.6,-26.12],[-59.6,-26.13],[-59.59,-26.13],[-59.58,-26.13],[-59.58,-26.14],[-59.58,-26.15],[-59.57,-26.15],[-59.56,-26.15],[-59.55,-26.15],[-59.54,-26.15],[-59.53,-26.15],[-59.52,-26.15],[-59.51,-26.15],[-59.5,-26.16],[-59.49,-26.15],[-59.49,-26.16],[-59.48,-26.16],[-59.47,-26.16],[-59.45,-26.15],[-59.43,-26.15],[-59.42,-26.16],[-59.41,-26.17],[-59.4,-26.18],[-59.41,-26.19],[-59.42,-26.2],[-59.41,-26.21],[-59.4,-26.22],[-59.39,-26.24],[-59.39,-26.26],[-59.38,-26.26],[-59.38,-26.28],[-59.39,-26.29],[-59.39,-26.3],[-59.38,-26.31],[-59.37,-26.32],[-59.36,-26.33],[-59.35,-26.33],[-59.34,-26.33],[-59.33,-26.33],[-59.33,-26.32],[-59.32,-26.32],[-59.32,-26.33],[-59.31,-26.32],[-59.31,-26.33],[-59.3,-26.33],[-59.28,-26.34],[-59.27,-26.34],[-59.22,-26.33],[-59.21,-26.33],[-59.19,-26.32],[-59.19,-26.31],[-59.18,-26.3],[-59.17,-26.3],[-59.16,-26.3],[-59.15,-26.29],[-59.14,-26.3],[-59.14,-26.31],[-59.15,-26.31],[-59.15,-26.32],[-59.11,-26.32],[-59.12,-26.33],[-59.12,-26.34],[-59.1,-26.34],[-59.07,-26.37],[-59.06,-26.37],[-59.05,-26.37],[-59.04,-26.36],[-59.02,-26.37],[-59.01,-26.37],[-58.99,-26.38],[-58.96,-26.39],[-58.96,-26.4],[-58.95,-26.42],[-58.94,-26.43],[-58.92,-26.45],[-58.91,-26.45],[-58.9,-26.46],[-58.88,-26.47],[-58.87,-26.47],[-58.86,-26.49],[-58.86,-26.5],[-58.86,-26.51],[-58.85,-26.51],[-58.83,-26.52],[-58.82,-26.52],[-58.81,-26.52],[-58.8,-26.52],[-58.8,-26.53],[-58.79,-26.53],[-58.79,-26.54],[-58.78,-26.54],[-58.77,-26.56],[-58.76,-26.56],[-58.76,-26.57],[-58.76,-26.58],[-58.75,-26.59],[-58.75,-26.6],[-58.73,-26.59],[-58.72,-26.59],[-58.71,-26.59],[-58.7,-26.58],[-58.7,-26.59],[-58.69,-26.59],[-58.69,-26.61],[-58.68,-26.62],[-58.68,-26.63],[-58.67,-26.64],[-58.66,-26.65],[-58.65,-26.65],[-58.64,-26.65],[-58.63,-26.65],[-58.62,-26.67],[-58.61,-26.67],[-58.6,-26.68],[-58.58,-26.68],[-58.58,-26.69],[-58.57,-26.71],[-58.56,-26.72],[-58.55,-26.74],[-58.54,-26.73],[-58.54,-26.74],[-58.54,-26.75],[-58.53,-26.75],[-58.53,-26.76],[-58.52,-26.76],[-58.52,-26.75],[-58.51,-26.77],[-58.5,-26.78],[-58.48,-26.78],[-58.48,-26.79],[-58.49,-26.79],[-58.49,-26.8],[-58.47,-26.8],[-58.46,-26.8],[-58.47,-26.79],[-58.47,-26.78],[-58.46,-26.78],[-58.45,-26.79],[-58.45,-26.8],[-58.45,-26.81],[-58.44,-26.81],[-58.43,-26.8],[-58.42,-26.8],[-58.42,-26.81],[-58.42,-26.82],[-58.41,-26.83],[-58.41,-26.82],[-58.41,-26.81],[-58.4,-26.81],[-58.41,-26.82],[-58.41,-26.83],[-58.4,-26.83],[-58.4,-26.82],[-58.39,-26.82],[-58.39,-26.83],[-58.39,-26.84],[-58.4,-26.84],[-58.4,-26.85],[-58.39,-26.85],[-58.38,-26.86],[-58.38,-26.85],[-58.37,-26.85],[-58.36,-26.85],[-58.36,-26.86],[-58.37,-26.87],[-58.39,-26.89],[-58.4,-26.9],[-58.41,-26.9],[-58.43,-26.91],[-58.44,-26.92],[-58.45,-26.92],[-58.48,-26.92],[-58.49,-26.92],[-58.49,-26.93],[-58.49,-26.95],[-58.48,-26.96],[-58.48,-26.99],[-58.49,-27.0],[-58.5,-27.0],[-58.51,-27.0],[-58.51,-27.01],[-58.51,-27.02],[-58.5,-27.04],[-58.5,-27.05],[-58.51,-27.06],[-58.52,-27.04],[-58.53,-27.04],[-58.55,-27.04],[-58.55,-27.05],[-58.55,-27.07],[-58.55,-27.1],[-58.56,-27.11],[-58.58,-27.11],[-58.62,-27.11],[-58.63,-27.12],[-58.64,-27.12],[-58.65,-27.13],[-58.66,-27.16],[-58.66,-27.17],[-58.66,-27.19],[-58.64,-27.19],[-58.63,-27.2],[-58.6,-27.21],[-58.59,-27.23],[-58.59,-27.24],[-58.59,-27.26],[-58.6,-27.28],[-58.61,-27.29],[-58.61,-27.3],[-58.62,-27.32],[-58.62,-27.33],[-58.63,-27.34],[-58.64,-27.35],[-58.67,-27.36],[-58.69,-27.36],[-58.72,-27.37],[-58.74,-27.38],[-58.75,-27.38],[-58.76,-27.38],[-58.77,-27.38],[-58.78,-27.39],[-58.8,-27.41],[-58.82,-27.43],[-58.84,-27.45],[-58.86,-27.47],[-58.87,-27.47],[-58.89,-27.48],[-58.89,-27.49],[-58.89,-27.5],[-58.88,-27.52],[-58.87,-27.53],[-58.87,-27.55],[-58.88,-27.57],[-58.88,-27.6],[-58.88,-27.61],[-58.86,-27.62],[-58.85,-27.63],[-58.84,-27.65],[-58.83,-27.67],[-58.82,-27.74],[-58.81,-27.77],[-58.81,-27.78],[-58.81,-27.8],[-58.82,-27.82],[-58.83,-27.85],[-58.83,-27.86],[-58.84,-27.87],[-58.85,-27.88],[-58.85,-27.9],[-58.85,-27.92],[-58.86,-27.93],[-58.87,-27.97],[-58.88,-27.98],[-58.89,-28.0],[-60.1,-28.0],[-60.39,-28.0],[-61.42,-28.0],[-61.58,-28.0],[-61.66,-28.0],[-61.72,-27.99],[-61.71,-26.84],[-61.71,-26.33],[-61.71,-26.07],[-61.71,-25.96],[-61.71,-25.66],[-63.05,-25.65],[-63.43,-25.65],[-63.03,-25.19],[-62.35,-24.39],[-62.35,-24.32],[-62.35,-24.11],[-62.31,-24.09],[-62.31,-24.1],[-62.32,-24.11],[-62.31,-24.11],[-62.3,-24.11],[-62.3,-24.12],[-62.29,-24.12],[-62.29,-24.13],[-62.28,-24.13],[-62.27,-24.13],[-62.27,-24.14],[-62.26,-24.14],[-62.24,-24.14],[-62.23,-24.15],[-62.21,-24.15],[-62.2,-24.15],[-62.19,-24.15],[-62.19,-24.16],[-62.2,-24.17],[-62.19,-24.17],[-62.18,-24.17],[-62.17,-24.17],[-62.17,-24.18],[-62.17,-24.19],[-62.18,-24.19],[-62.18,-24.21],[-62.17,-24.21],[-62.16,-24.19],[-62.15,-24.19],[-62.15,-24.2],[-62.14,-24.2],[-62.14,-24.21],[-62.13,-24.21],[-62.1,-24.2],[-62.1,-24.19],[-62.09,-24.2],[-62.1,-24.21],[-62.11,-24.21],[-62.1,-24.22],[-62.08,-24.23],[-62.05,-24.22],[-62.04,-24.23],[-62.04,-24.24],[-62.03,-24.24],[-62.02,-24.23],[-62.01,-24.24],[-61.99,-24.24],[-61.98,-24.23],[-61.97,-24.23],[-61.97,-24.24],[-61.96,-24.25],[-61.91,-24.27],[-61.91,-24.28],[-61.9,-24.28],[-61.9,-24.29],[-61.89,-24.29],[-61.88,-24.29],[-61.88,-24.3],[-61.88,-24.31],[-61.87,-24.31],[-61.87,-24.3],[-61.86,-24.3],[-61.85,-24.31],[-61.84,-24.31],[-61.83,-24.32],[-61.83,-24.33],[-61.82,-24.32],[-61.82,-24.31],[-61.81,-24.32],[-61.8,-24.33],[-61.79,-24.34],[-61.78,-24.34],[-61.78,-24.33],[-61.79,-24.31],[-61.77,-24.33],[-61.77,-24.35],[-61.76,-24.36],[-61.73,-24.37],[-61.72,-24.38],[-61.71,-24.38],[-61.71,-24.39],[-61.72,-24.4],[-61.71,-24.41],[-61.71,-24.42],[-61.7,-24.43],[-61.7,-24.44],[-61.68,-24.45],[-61.67,-24.46],[-61.66,-24.46],[-61.65,-24.45],[-61.64,-24.46],[-61.63,-24.46],[-61.62,-24.47],[-61.61,-24.46],[-61.6,-24.46],[-61.59,-24.47],[-61.58,-24.48],[-61.57,-24.48],[-61.57,-24.49],[-61.57,-24.51],[-61.56,-24.52],[-61.54,-24.53],[-61.53,-24.54],[-61.53,-24.55],[-61.52,-24.55],[-61.51,-24.56],[-61.51,-24.57],[-61.5,-24.57],[-61.5,-24.58],[-61.49,-24.58],[-61.48,-24.58],[-61.47,-24.61],[-61.47,-24.62],[-61.46,-24.63],[-61.45,-24.62],[-61.44,-24.62],[-61.42,-24.62],[-61.41,-24.63],[-61.39,-24.63],[-61.38,-24.63],[-61.37,-24.64],[-61.36,-24.64],[-61.35,-24.64],[-61.34,-24.64],[-61.32,-24.64],[-61.32,-24.65],[-61.33,-24.66],[-61.32,-24.66],[-61.32,-24.65],[-61.31,-24.64],[-61.28,-24.64],[-61.27,-24.64],[-61.26,-24.64],[-61.26,-24.65],[-61.24,-24.65],[-61.23,-24.65],[-61.22,-24.65],[-61.22,-24.66],[-61.22,-24.67],[-61.21,-24.67],[-61.2,-24.68],[-61.2,-24.69],[-61.2,-24.7],[-61.2,-24.71],[-61.19,-24.71],[-61.18,-24.72],[-61.17,-24.72],[-61.18,-24.71],[-61.17,-24.71],[-61.16,-24.71],[-61.16,-24.72],[-61.16,-24.74],[-61.14,-24.74],[-61.15,-24.75],[-61.15,-24.76],[-61.14,-24.77],[-61.14,-24.8],[-61.13,-24.8],[-61.13,-24.81],[-61.12,-24.81],[-61.12,-24.82],[-61.11,-24.83],[-61.1,-24.82],[-61.09,-24.82],[-61.09,-24.83],[-61.09,-24.84],[-61.08,-24.84],[-61.08,-24.85],[-61.07,-24.85],[-61.07,-24.86],[-61.05,-24.87],[-61.04,-24.89],[-61.03,-24.89],[-61.02,-24.89],[-61.01,-24.89],[-61.0,-24.9],[-61.01,-24.91],[-61.0,-24.92],[-60.99,-24.92],[-60.99,-24.93],[-60.98,-24.93],[-60.98,-24.94],[-60.97,-24.94],[-60.95,-24.95],[-60.94,-24.96],[-60.92,-24.97],[-60.92,-24.98],[-60.93,-24.99],[-60.91,-24.99],[-60.9,-25.0],[-60.9,-25.01],[-60.89,-25.02],[-60.88,-25.02],[-60.87,-25.02],[-60.86,-25.02],[-60.86,-25.03],[-60.84,-25.04],[-60.83,-25.04],[-60.83,-25.05],[-60.82,-25.05],[-60.82,-25.06],[-60.79,-25.07],[-60.78,-25.07],[-60.77,-25.08],[-60.76,-25.08],[-60.75,-25.08],[-60.75,-25.09],[-60.74,-25.09],[-60.74,-25.1],[-60.73,-25.11],[-60.72,-25.11],[-60.72,-25.12],[-60.71,-25.12],[-60.71,-25.13],[-60.7,-25.13],[-60.69,-25.13],[-60.68,-25.13],[-60.66,-25.13],[-60.65,-25.13],[-60.65,-25.14],[-60.66,-25.15],[-60.66,-25.16],[-60.65,-25.15],[-60.64,-25.16],[-60.65,-25.16],[-60.64,-25.16],[-60.63,-25.16],[-60.63,-25.17],[-60.6,-25.18],[-60.59,-25.18],[-60.57,-25.17],[-60.57,-25.18],[-60.57,-25.19],[-60.56,-25.19],[-60.56,-25.2],[-60.55,-25.2],[-60.54,-25.2],[-60.53,-25.18],[-60.52,-25.19],[-60.5,-25.2],[-60.49,-25.2],[-60.49,-25.21],[-60.5,-25.21],[-60.49,-25.22],[-60.49,-25.23],[-60.49,-25.24],[-60.48,-25.25],[-60.47,-25.25],[-60.47,-25.26],[-60.48,-25.26],[-60.46,-25.28],[-60.45,-25.28],[-60.44,-25.28],[-60.44,-25.29],[-60.43,-25.31],[-60.42,-25.32],[-60.41,-25.31],[-60.41,-25.3],[-60.41,-25.31],[-60.41,-25.32],[-60.42,-25.33],[-60.4,-25.33],[-60.4,-25.34],[-60.38,-25.35],[-60.37,-25.35],[-60.36,-25.35],[-60.37,-25.36],[-60.36,-25.36],[-60.35,-25.37],[-60.35,-25.38],[-60.34,-25.4],[-60.34,-25.39],[-60.33,-25.39],[-60.32,-25.39],[-60.33,-25.4],[-60.33,-25.41],[-60.35,-25.42],[-60.34,-25.43],[-60.33,-25.44],[-60.32,-25.44],[-60.31,-25.43],[-60.3,-25.43],[-60.3,-25.44],[-60.3,-25.45],[-60.29,-25.45],[-60.29,-25.46],[-60.3,-25.46],[-60.3,-25.47],[-60.3,-25.48],[-60.29,-25.48],[-60.28,-25.47],[-60.29,-25.48],[-60.28,-25.49],[-60.27,-25.48],[-60.26,-25.48],[-60.24,-25.49],[-60.24,-25.5],[-60.25,-25.5],[-60.24,-25.5],[-60.23,-25.51],[-60.23,-25.52],[-60.23,-25.53],[-60.24,-25.53],[-60.23,-25.53],[-60.23,-25.54],[-60.24,-25.55],[-60.23,-25.56],[-60.22,-25.57],[-60.22,-25.59],[-60.22,-25.6],[-60.21,-25.6],[-60.2,-25.6],[-60.2,-25.61],[-60.19,-25.61],[-60.19,-25.62],[-60.19,-25.63],[-60.19,-25.64],[-60.19,-25.65],[-60.18,-25.66],[-60.17,-25.65],[-60.16,-25.65],[-60.16,-25.64],[-60.15,-25.65],[-60.14,-25.66],[-60.13,-25.66],[-60.12,-25.66]]]]}},{"type":"Feature","properties":{"GID_1":"ARG.4_1","GID_0":"ARG","COUNTRY":"Argentina","NAME_1":"Chubut","VARNAME_1":"NA","NL_NAME_1":"NA","TYPE_1":"Provincia","ENGTYPE_1":"Province","CC_1":"NA","HASC_1":"AR.CH","ISO_1":"AR-U"},"geometry":{"type":"MultiPolygon","coordinates":[[[[-67.0,-46.0]]],[[[-68.61,-46.01],[-69.57,-46.01],[-70.19,-46.0],[-70.51,-46.0],[-70.7,-46.0],[-71.55,-46.0],[-71.65,-46.01],[-71.65,-46.0],[-71.64,-45.99],[-71.65,-45.99],[-71.65,-45.98],[-71.64,-45.98],[-71.63,-45.98],[-71.62,-45.98],[-71.62,-45.97],[-71.61,-45.96],[-71.62,-45.96],[-71.62,-45.95],[-71.62,-45.94],[-71.63,-45.94],[-71.62,-45.94],[-71.63,-45.93],[-71.64,-45.93],[-71.64,-45.92],[-71.65,-45.92],[-71.64,-45.91],[-71.65,-45.91],[-71.65,-45.9],[-71.66,-45.9],[-71.65,-45.9],[-71.66,-45.89],[-71.65,-45.89],[-71.66,-45.89],[-71.66,-45.88],[-71.67,-45.88],[-71.68,-45.87],[-71.69,-45.87],[-71.7,-45.87],[-71.7,-45.86],[-71.71,-45.86],[-71.72,-45.86],[-71.72,-45.85],[-71.73,-45.86],[-71.73,-45.85],[-71.73,-45.86],[-71.74,-45.85],[-71.74,-45.86],[-71.74,-45.85],[-71.75,-45.85],[-71.76,-45.85],[-71.77,-45.85],[-71.77,-45.84],[-71.76,-45.83],[-71.75,-45.82],[-71.74,-45.81],[-71.74,-45.8],[-71.75,-45.79],[-71.76,-45.79],[-71.76,-45.78],[-71.75,-45.77],[-71.76,-45.76],[-71.77,-45.75],[-71.77,-45.74],[-71.78,-45.73],[-71.79,-45.73],[-71.8,-45.72],[-71.8,-45.71],[-71.79,-45.71],[-71.78,-45.7],[-71.77,-45.7],[-71.77,-45.69],[-71.77,-45.68],[-71.79,-45.67],[-71.8,-45.67],[-71.79,-45.66],[-71.78,-45.66],[-71.78,-45.65],[-71.78,-45.64],[-71.77,-45.64],[-71.78,-45.63],[-71.78,-45.62],[-71.77,-45.62],[-71.76,-45.62],[-71.75,-45.61],[-71.74,-45.6],[-71.73,-45.59],[-71.73,-45.58],[-71.73,-45.57],[-71.74,-45.58],[-71.75,-45.58],[-71.76,-45.58],[-71.76,-45.57],[-71.76,-45.56],[-71.75,-45.55],[-71.74,-45.54],[-71.75,-45.54],[-71.74,-45.54],[-71.72,-45.54],[-71.71,-45.54],[-71.7,-45.53],[-71.69,-45.53],[-71.68,-45.53],[-71.69,-45.52],[-71.68,-45.51],[-71.68,-45.52],[-71.67,-45.51],[-71.67,-45.52],[-71.64,-45.52],[-71.64,-45.51],[-71.62,-45.51],[-71.61,-45.51],[-71.61,-45.52],[-71.6,-45.52],[-71.59,-45.52],[-71.58,-45.52],[-71.56,-45.52],[-71.55,-45.52],[-71.54,-45.52],[-71.53,-45.51],[-71.52,-45.51],[-71.51,-45.51],[-71.5,-45.5],[-71.47,-45.5],[-71.47,-45.49],[-71.48,-45.49],[-71.47,-45.48],[-71.48,-45.47],[-71.49,-45.47],[-71.5,-45.47],[-71.51,-45.46],[-71.5,-45.46],[-71.51,-45.45],[-71.51,-45.44],[-71.52,-45.44],[-71.53,-45.44],[-71.53,-45.43],[-71.52,-45.43],[-71.52,-45.42],[-71.53,-45.41],[-71.53,-45.4],[-71.53,-45.39],[-71.52,-45.39],[-71.51,-45.39],[-71.5,-45.39],[-71.48,-45.39],[-71.47,-45.39],[-71.46,-45.38],[-71.44,-45.39],[-71.44,-45.4],[-71.44,-45.39],[-71.44,-45.38],[-71.44,-45.37],[-71.45,-45.37],[-71.44,-45.37],[-71.44,-45.36],[-71.41,-45.35],[-71.4,-45.35],[-71.38,-45.35],[-71.37,-45.34],[-71.35,-45.33],[-71.34,-45.32],[-71.33,-45.32],[-71.33,-45.31],[-71.32,-45.31],[-71.32,-45.29],[-71.33,-45.29],[-71.33,-45.28],[-71.34,-45.28],[-71.34,-45.27],[-71.35,-45.27],[-71.34,-45.26],[-71.34,-45.25],[-71.33,-45.25],[-71.34,-45.25],[-71.33,-45.24],[-71.34,-45.24],[-71.35,-45.23],[-71.36,-45.23],[-71.37,-45.22],[-71.38,-45.21],[-71.38,-45.2],[-71.39,-45.2],[-71.4,-45.2],[-71.4,-45.19],[-71.41,-45.19],[-71.41,-45.18],[-71.42,-45.18],[-71.42,-45.17],[-71.43,-45.17],[-71.42,-45.17],[-71.43,-45.16],[-71.42,-45.16],[-71.43,-45.16],[-71.44,-45.16],[-71.44,-45.15],[-71.45,-45.15],[-71.47,-45.15],[-71.47,-45.14],[-71.48,-45.14],[-71.49,-45.14],[-71.48,-45.14],[-71.48,-45.13],[-71.49,-45.12],[-71.49,-45.11],[-71.5,-45.11],[-71.5,-45.1],[-71.53,-45.1],[-71.52,-45.1],[-71.51,-45.09],[-71.51,-45.07],[-71.51,-45.06],[-71.52,-45.06],[-71.52,-45.05],[-71.53,-45.05],[-71.54,-45.04],[-71.55,-45.03],[-71.56,-45.03],[-71.55,-45.02],[-71.55,-45.01],[-71.54,-45.0],[-71.55,-45.0],[-71.56,-44.99],[-71.56,-44.98],[-71.58,-44.98],[-71.59,-44.98],[-71.6,-44.97],[-71.61,-44.97],[-71.62,-44.98],[-71.63,-44.97],[-71.64,-44.97],[-71.66,-44.98],[-71.67,-44.97],[-71.68,-44.97],[-71.7,-44.96],[-71.71,-44.96],[-71.73,-44.96],[-71.74,-44.96],[-71.74,-44.95],[-71.75,-44.94],[-71.75,-44.93],[-71.76,-44.93],[-71.77,-44.94],[-71.78,-44.94],[-71.79,-44.93],[-71.8,-44.93],[-71.81,-44.93],[-71.81,-44.92],[-71.82,-44.92],[-71.83,-44.93],[-71.85,-44.93],[-71.86,-44.95],[-71.87,-44.95],[-71.88,-44.96],[-71.88,-44.95],[-71.89,-44.95],[-71.9,-44.95],[-71.91,-44.95],[-71.92,-44.94],[-71.93,-44.95],[-71.93,-44.94],[-71.94,-44.94],[-71.93,-44.93],[-71.94,-44.93],[-71.95,-44.92],[-71.97,-44.92],[-71.98,-44.92],[-71.98,-44.91],[-71.98,-44.9],[-71.99,-44.9],[-72.0,-44.9],[-72.02,-44.9],[-72.03,-44.9],[-72.04,-44.9],[-72.04,-44.89],[-72.05,-44.88],[-72.06,-44.88],[-72.07,-44.88],[-72.05,-44.87],[-72.04,-44.86],[-72.05,-44.86],[-72.06,-44.85],[-72.07,-44.85],[-72.06,-44.84],[-72.05,-44.84],[-72.05,-44.83],[-72.05,-44.82],[-72.04,-44.82],[-72.04,-44.81],[-72.03,-44.81],[-72.03,-44.8],[-72.04,-44.8],[-72.05,-44.8],[-72.05,-44.79],[-72.06,-44.79],[-72.07,-44.79],[-72.07,-44.78],[-72.06,-44.77],[-72.07,-44.76],[-72.06,-44.76],[-72.05,-44.76],[-72.04,-44.76],[-72.03,-44.77],[-72.03,-44.76],[-72.02,-44.76],[-72.01,-44.76],[-72.02,-44.77],[-72.01,-44.77],[-72.01,-44.78],[-72.0,-44.79],[-71.99,-44.78],[-71.98,-44.78],[-71.97,-44.79],[-71.96,-44.79],[-71.95,-44.79],[-71.94,-44.8],[-71.93,-44.8],[-71.92,-44.8],[-71.93,-44.79],[-71.92,-44.79],[-71.93,-44.78],[-71.92,-44.78],[-71.91,-44.78],[-71.9,-44.78],[-71.89,-44.79],[-71.88,-44.8],[-71.88,-44.79],[-71.87,-44.8],[-71.86,-44.8],[-71.85,-44.8],[-71.84,-44.8],[-71.83,-44.79],[-71.82,-44.79],[-71.81,-44.79],[-71.82,-44.78],[-71.83,-44.78],[-71.82,-44.77],[-71.81,-44.76],[-71.8,-44.76],[-71.79,-44.75],[-71.78,-44.75],[-71.77,-44.76],[-71.76,-44.76],[-71.75,-44.76],[-71.74,-44.77],[-71.72,-44.77],[-71.7,-44.77],[-71.69,-44.76],[-71.68,-44.77],[-71.67,-44.77],[-71.67,-44.78],[-71.67,-44.79],[-71.66,-44.79],[-71.65,-44.78],[-71.64,-44.78],[-71.63,-44.78],[-71.62,-44.78],[-71.59,-44.78],[-71.59,-44.77],[-71.6,-44.77],[-71.6,-44.76],[-71.59,-44.76],[-71.58,-44.75],[-71.57,-44.76],[-71.56,-44.76],[-71.55,-44.75],[-71.54,-44.75],[-71.53,-44.74],[-71.52,-44.75],[-71.51,-44.74],[-71.5,-44.74],[-71.47,-44.74],[-71.46,-44.74],[-71.47,-44.75],[-71.46,-44.75],[-71.45,-44.75],[-71.44,-44.75],[-71.43,-44.76],[-71.43,-44.77],[-71.42,-44.77],[-71.42,-44.78],[-71.41,-44.78],[-71.39,-44.79],[-71.38,-44.79],[-71.37,-44.8],[-71.37,-44.79],[-71.36,-44.79],[-71.35,-44.79],[-71.33,-44.8],[-71.33,-44.81],[-71.32,-44.81],[-71.3,-44.81],[-71.29,-44.81],[-71.28,-44.81],[-71.27,-44.81],[-71.26,-44.81],[-71.26,-44.8],[-71.25,-44.8],[-71.25,-44.79],[-71.24,-44.78],[-71.24,-44.77],[-71.22,-44.76],[-71.21,-44.75],[-71.21,-44.74],[-71.2,-44.74],[-71.2,-44.73],[-71.2,-44.72],[-71.21,-44.71],[-71.21,-44.7],[-71.19,-44.69],[-71.2,-44.68],[-71.22,-44.68],[-71.22,-44.67],[-71.23,-44.66],[-71.23,-44.65],[-71.23,-44.64],[-71.24,-44.64],[-71.23,-44.64],[-71.22,-44.64],[-71.21,-44.63],[-71.21,-44.62],[-71.22,-44.62],[-71.21,-44.62],[-71.2,-44.61],[-71.2,-44.6],[-71.19,-44.6],[-71.2,-44.6],[-71.2,-44.59],[-71.19,-44.59],[-71.18,-44.6],[-71.17,-44.6],[-71.16,-44.59],[-71.15,-44.59],[-71.13,-44.6],[-71.13,-44.59],[-71.12,-44.6],[-71.11,-44.6],[-71.11,-44.59],[-71.1,-44.59],[-71.1,-44.58],[-71.11,-44.58],[-71.1,-44.57],[-71.1,-44.56],[-71.1,-44.55],[-71.09,-44.54],[-71.09,-44.53],[-71.1,-44.53],[-71.11,-44.52],[-71.12,-44.51],[-71.13,-44.51],[-71.14,-44.51],[-71.16,-44.5],[-71.16,-44.49],[-71.15,-44.49],[-71.15,-44.48],[-71.14,-44.48],[-71.13,-44.47],[-71.14,-44.47],[-71.15,-44.46],[-71.16,-44.46],[-71.17,-44.44],[-71.18,-44.44],[-71.19,-44.44],[-71.2,-44.44],[-71.21,-44.43],[-71.22,-44.44],[-71.23,-44.43],[-71.24,-44.42],[-71.25,-44.42],[-71.27,-44.42],[-71.29,-44.42],[-71.31,-44.42],[-71.31,-44.43],[-71.33,-44.43],[-71.33,-44.42],[-71.34,-44.42],[-71.35,-44.42],[-71.36,-44.41],[-71.35,-44.4],[-71.37,-44.4],[-71.37,-44.39],[-71.38,-44.39],[-71.39,-44.39],[-71.41,-44.39],[-71.42,-44.39],[-71.43,-44.39],[-71.45,-44.4],[-71.47,-44.39],[-71.48,-44.4],[-71.49,-44.4],[-71.5,-44.4],[-71.51,-44.39],[-71.52,-44.4],[-71.53,-44.4],[-71.54,-44.41],[-71.55,-44.41],[-71.57,-44.41],[-71.58,-44.41],[-71.58,-44.4],[-71.59,-44.4],[-71.61,-44.4],[-71.62,-44.4],[-71.63,-44.4],[-71.64,-44.4],[-71.65,-44.4],[-71.65,-44.41],[-71.66,-44.41],[-71.67,-44.41],[-71.68,-44.4],[-71.69,-44.4],[-71.7,-44.39],[-71.7,-44.38],[-71.71,-44.38],[-71.72,-44.38],[-71.72,-44.39],[-71.74,-44.4],[-71.75,-44.4],[-71.77,-44.41],[-71.78,-44.41],[-71.79,-44.42],[-71.79,-44.41],[-71.8,-44.42],[-71.81,-44.42],[-71.82,-44.42],[-71.81,-44.41],[-71.81,-44.4],[-71.81,-44.39],[-71.82,-44.39],[-71.82,-44.38],[-71.82,-44.37],[-71.83,-44.37],[-71.83,-44.36],[-71.84,-44.36],[-71.84,-44.35],[-71.83,-44.35],[-71.82,-44.35],[-71.81,-44.34],[-71.8,-44.34],[-71.79,-44.34],[-71.79,-44.33],[-71.79,-44.32],[-71.79,-44.31],[-71.8,-44.3],[-71.8,-44.29],[-71.81,-44.29],[-71.81,-44.28],[-71.8,-44.28],[-71.81,-44.28],[-71.81,-44.27],[-71.8,-44.27],[-71.81,-44.27],[-71.82,-44.27],[-71.83,-44.27],[-71.83,-44.26],[-71.82,-44.26],[-71.81,-44.26],[-71.81,-44.25],[-71.81,-44.24],[-71.8,-44.23],[-71.81,-44.23],[-71.8,-44.23],[-71.79,-44.22],[-71.78,-44.22],[-71.78,-44.21],[-71.79,-44.22],[-71.79,-44.21],[-71.8,-44.22],[-71.8,-44.21],[-71.8,-44.2],[-71.8,-44.19],[-71.81,-44.19],[-71.82,-44.18],[-71.83,-44.17],[-71.83,-44.16],[-71.84,-44.16],[-71.85,-44.16],[-71.84,-44.15],[-71.84,-44.14],[-71.85,-44.13],[-71.85,-44.12],[-71.85,-44.11],[-71.83,-44.11],[-71.82,-44.12],[-71.8,-44.11],[-71.78,-44.11],[-71.77,-44.11],[-71.76,-44.1],[-71.75,-44.09],[-71.75,-44.08],[-71.74,-44.07],[-71.74,-44.06],[-71.73,-44.06],[-71.73,-44.05],[-71.72,-44.05],[-71.72,-44.04],[-71.71,-44.04],[-71.71,-44.03],[-71.72,-44.03],[-71.7,-44.01],[-71.7,-44.0],[-71.69,-43.99],[-71.68,-43.98],[-71.68,-43.97],[-71.67,-43.97],[-71.66,-43.96],[-71.66,-43.95],[-71.65,-43.95],[-71.65,-43.92],[-71.66,-43.91],[-71.67,-43.9],[-71.68,-43.91],[-71.69,-43.9],[-71.7,-43.9],[-71.71,-43.89],[-71.71,-43.88],[-71.7,-43.88],[-71.71,-43.87],[-71.7,-43.87],[-71.71,-43.86],[-71.71,-43.85],[-71.72,-43.85],[-71.73,-43.86],[-71.74,-43.85],[-71.76,-43.85],[-71.76,-43.84],[-71.76,-43.83],[-71.76,-43.82],[-71.75,-43.82],[-71.76,-43.81],[-71.75,-43.81],[-71.75,-43.79],[-71.74,-43.78],[-71.73,-43.77],[-71.73,-43.76],[-71.7,-43.74],[-71.7,-43.73],[-71.68,-43.72],[-71.67,-43.72],[-71.66,-43.72],[-71.66,-43.71],[-71.66,-43.7],[-71.65,-43.7],[-71.64,-43.7],[-71.63,-43.71],[-71.63,-43.7],[-71.61,-43.7],[-71.6,-43.7],[-71.6,-43.69],[-71.61,-43.68],[-71.6,-43.68],[-71.59,-43.68],[-71.59,-43.67],[-71.59,-43.66],[-71.58,-43.66],[-71.58,-43.65],[-71.59,-43.64],[-71.6,-43.63],[-71.61,-43.63],[-71.62,-43.63],[-71.63,-43.62],[-71.64,-43.62],[-71.66,-43.62],[-71.67,-43.63],[-71.68,-43.62],[-71.69,-43.63],[-71.7,-43.62],[-71.7,-43.63],[-71.7,-43.62],[-71.7,-43.61],[-71.71,-43.61],[-71.71,-43.6],[-71.71,-43.59],[-71.71,-43.58],[-71.72,-43.58],[-71.73,-43.58],[-71.74,-43.59],[-71.75,-43.59],[-71.76,-43.58],[-71.76,-43.57],[-71.77,-43.56],[-71.76,-43.56],[-71.77,-43.55],[-71.78,-43.54],[-71.79,-43.54],[-71.81,-43.54],[-71.81,-43.55],[-71.82,-43.55],[-71.83,-43.55],[-71.85,-43.55],[-71.87,-43.55],[-71.88,-43.55],[-71.87,-43.54],[-71.88,-43.53],[-71.88,-43.52],[-71.87,-43.52],[-71.88,-43.52],[-71.88,-43.51],[-71.89,-43.51],[-71.88,-43.51],[-71.87,-43.5],[-71.85,-43.5],[-71.85,-43.49],[-71.85,-43.48],[-71.86,-43.47],[-71.87,-43.46],[-71.88,-43.46],[-71.88,-43.45],[-71.89,-43.45],[-71.9,-43.45],[-71.9,-43.46],[-71.92,-43.46],[-71.93,-43.46],[-71.93,-43.45],[-71.93,-43.44],[-71.92,-43.43],[-71.92,-43.42],[-71.91,-43.42],[-71.91,-43.41],[-71.92,-43.41],[-71.93,-43.4],[-71.93,-43.39],[-71.92,-43.38],[-71.91,-43.39],[-71.9,-43.38],[-71.89,-43.38],[-71.9,-43.37],[-71.9,-43.36],[-71.89,-43.36],[-71.89,-43.35],[-71.9,-43.34],[-71.91,-43.33],[-71.91,-43.32],[-71.9,-43.32],[-71.89,-43.32],[-71.88,-43.33],[-71.87,-43.33],[-71.85,-43.33],[-71.85,-43.34],[-71.84,-43.33],[-71.82,-43.32],[-71.81,-43.32],[-71.81,-43.31],[-71.8,-43.31],[-71.8,-43.3],[-71.79,-43.3],[-71.78,-43.3],[-71.77,-43.3],[-71.76,-43.31],[-71.75,-43.32],[-71.73,-43.31],[-71.73,-43.3],[-71.74,-43.29],[-71.73,-43.28],[-71.74,-43.27],[-71.75,-43.27],[-71.75,-43.26],[-71.75,-43.25],[-71.75,-43.24],[-71.76,-43.24],[-71.75,-43.24],[-71.76,-43.23],[-71.75,-43.22],[-71.74,-43.22],[-71.73,-43.21],[-71.73,-43.2],[-71.74,-43.18],[-71.75,-43.18],[-71.76,-43.16],[-71.77,-43.17],[-71.78,-43.16],[-71.78,-43.17],[-71.79,-43.16],[-71.81,-43.15],[-71.82,-43.15],[-71.83,-43.15],[-71.84,-43.14],[-71.85,-43.14],[-71.86,-43.14],[-71.85,-43.13],[-71.86,-43.13],[-71.87,-43.13],[-71.89,-43.13],[-71.89,-43.12],[-71.89,-43.11],[-71.92,-43.1],[-71.93,-43.1],[-71.94,-43.09],[-71.93,-43.08],[-71.94,-43.08],[-71.93,-43.07],[-71.94,-43.07],[-71.93,-43.06],[-71.94,-43.05],[-71.96,-43.04],[-71.97,-43.04],[-71.97,-43.05],[-71.98,-43.05],[-71.98,-43.04],[-71.99,-43.04],[-72.0,-43.04],[-72.01,-43.03],[-72.02,-43.02],[-72.03,-43.01],[-72.04,-43.01],[-72.04,-43.0],[-72.04,-42.99],[-72.05,-42.99],[-72.05,-42.98],[-72.06,-42.98],[-72.06,-42.97],[-72.07,-42.96],[-72.07,-42.95],[-72.08,-42.95],[-72.09,-42.95],[-72.1,-42.94],[-72.11,-42.94],[-72.12,-42.94],[-72.12,-42.93],[-72.11,-42.92],[-72.13,-42.91],[-72.14,-42.9],[-72.14,-42.89],[-72.13,-42.88],[-72.12,-42.88],[-72.13,-42.87],[-72.13,-42.85],[-72.14,-42.85],[-72.15,-42.85],[-72.15,-42.83],[-72.16,-42.83],[-72.16,-42.82],[-72.16,-42.81],[-72.16,-42.8],[-72.17,-42.8],[-72.16,-42.8],[-72.15,-42.8],[-72.14,-42.79],[-72.14,-42.78],[-72.13,-42.78],[-72.13,-42.77],[-72.14,-42.75],[-72.15,-42.75],[-72.15,-42.74],[-72.13,-42.73],[-72.14,-42.73],[-72.14,-42.72],[-72.14,-42.71],[-72.15,-42.71],[-72.17,-42.7],[-72.18,-42.7],[-72.18,-42.69],[-72.17,-42.68],[-72.17,-42.67],[-72.16,-42.68],[-72.15,-42.68],[-72.14,-42.68],[-72.13,-42.68],[-72.13,-42.67],[-72.12,-42.67],[-72.12,-42.66],[-72.11,-42.66],[-72.11,-42.65],[-72.1,-42.65],[-72.1,-42.64],[-72.1,-42.63],[-72.11,-42.63],[-72.12,-42.63],[-72.11,-42.62],[-72.12,-42.6],[-72.1,-42.6],[-72.1,-42.59],[-72.09,-42.58],[-72.08,-42.58],[-72.08,-42.57],[-72.07,-42.57],[-72.06,-42.57],[-72.05,-42.57],[-72.06,-42.56],[-72.05,-42.56],[-72.05,-42.55],[-72.04,-42.54],[-72.03,-42.52],[-72.03,-42.5],[-72.02,-42.5],[-72.01,-42.5],[-72.01,-42.49],[-72.02,-42.48],[-72.03,-42.47],[-72.03,-42.46],[-72.05,-42.45],[-72.04,-42.45],[-72.03,-42.43],[-72.03,-42.42],[-72.03,-42.41],[-72.04,-42.4],[-72.05,-42.4],[-72.06,-42.39],[-72.08,-42.38],[-72.08,-42.39],[-72.09,-42.4],[-72.1,-42.4],[-72.11,-42.4],[-72.12,-42.39],[-72.13,-42.38],[-72.13,-42.37],[-72.13,-42.36],[-72.14,-42.35],[-72.14,-42.34],[-72.14,-42.33],[-72.12,-42.33],[-72.12,-42.32],[-72.13,-42.31],[-72.14,-42.3],[-72.13,-42.3],[-72.14,-42.3],[-72.14,-42.29],[-72.15,-42.28],[-72.15,-42.27],[-72.16,-42.27],[-72.17,-42.26],[-72.17,-42.25],[-72.15,-42.24],[-72.16,-42.23],[-72.17,-42.22],[-72.17,-42.21],[-72.16,-42.21],[-72.16,-42.19],[-72.18,-42.18],[-72.19,-42.17],[-72.19,-42.16],[-72.18,-42.16],[-72.18,-42.15],[-72.18,-42.14],[-72.17,-42.14],[-72.16,-42.14],[-72.14,-42.15],[-72.13,-42.15],[-72.12,-42.15],[-72.11,-42.15],[-72.1,-42.15],[-72.09,-42.15],[-72.08,-42.14],[-72.08,-42.15],[-72.07,-42.15],[-72.07,-42.14],[-72.06,-42.14],[-72.07,-42.14],[-72.08,-42.13],[-72.07,-42.12],[-72.06,-42.12],[-72.07,-42.12],[-72.05,-42.11],[-72.04,-42.13],[-72.03,-42.12],[-72.02,-42.13],[-72.01,-42.13],[-72.01,-42.14],[-71.99,-42.14],[-71.97,-42.15],[-71.97,-42.14],[-71.96,-42.14],[-71.96,-42.15],[-71.95,-42.16],[-71.95,-42.17],[-71.94,-42.17],[-71.94,-42.18],[-71.92,-42.19],[-71.91,-42.19],[-71.9,-42.18],[-71.89,-42.18],[-71.88,-42.17],[-71.88,-42.16],[-71.87,-42.15],[-71.87,-42.16],[-71.86,-42.16],[-71.85,-42.15],[-71.84,-42.16],[-71.83,-42.16],[-71.82,-42.16],[-71.81,-42.15],[-71.8,-42.15],[-71.79,-42.15],[-71.78,-42.15],[-71.78,-42.14],[-71.77,-42.14],[-71.77,-42.13],[-71.78,-42.13],[-71.77,-42.13],[-71.75,-42.13],[-71.73,-42.12],[-71.73,-42.11],[-71.73,-42.1],[-71.73,-42.09],[-71.74,-42.08],[-71.74,-42.07],[-71.73,-42.07],[-71.73,-42.06],[-71.72,-42.06],[-71.73,-42.05],[-71.73,-42.04],[-71.74,-42.04],[-71.76,-42.04],[-71.75,-42.03],[-71.75,-42.02],[-71.76,-42.02],[-71.76,-42.01],[-71.76,-42.0],[-71.1,-42.0],[-70.5,-42.0],[-70.4,-42.0],[-69.83,-42.0],[-68.96,-42.01],[-68.18,-42.0],[-67.5,-42.0],[-66.92,-42.0],[-66.25,-42.0],[-65.65,-42.0],[-65.07,-42.0],[-65.07,-42.02],[-65.05,-42.05],[-65.03,-42.08],[-65.0,-42.1],[-64.98,-42.12],[-64.95,-42.14],[-64.9,-42.17],[-64.88,-42.18],[-64.86,-42.19],[-64.84,-42.19],[-64.83,-42.2],[-64.8,-42.2],[-64.77,-42.21],[-64.73,-42.21],[-64.7,-42.22],[-64.67,-42.22],[-64.6,-42.23],[-64.52,-42.24],[-64.48,-42.24],[-64.46,-42.24],[-64.48,-42.25],[-64.48,-42.26],[-64.49,-42.26],[-64.51,-42.27],[-64.51,-42.28],[-64.52,-42.28],[-64.53,-42.29],[-64.52,-42.29],[-64.53,-42.29],[-64.54,-42.29],[-64.55,-42.3],[-64.57,-42.32],[-64.57,-42.33],[-64.56,-42.34],[-64.57,-42.34],[-64.57,-42.35],[-64.58,-42.35],[-64.58,-42.36],[-64.59,-42.37],[-64.59,-42.38],[-64.59,-42.39],[-64.6,-42.39],[-64.61,-42.39],[-64.61,-42.4],[-64.61,-42.41],[-64.62,-42.41],[-64.61,-42.42],[-64.6,-42.42],[-64.59,-42.43],[-64.59,-42.42],[-64.59,-42.43],[-64.58,-42.42],[-64.57,-42.42],[-64.57,-42.43],[-64.56,-42.43],[-64.55,-42.42],[-64.54,-42.43],[-64.54,-42.42],[-64.53,-42.43],[-64.52,-42.43],[-64.51,-42.43],[-64.5,-42.43],[-64.49,-42.43],[-64.49,-42.42],[-64.49,-42.41],[-64.48,-42.41],[-64.48,-42.42],[-64.48,-42.43],[-64.47,-42.44],[-64.45,-42.44],[-64.44,-42.44],[-64.42,-42.44],[-64.42,-42.43],[-64.41,-42.43],[-64.4,-42.43],[-64.38,-42.43],[-64.38,-42.42],[-64.37,-42.42],[-64.36,-42.43],[-64.34,-42.42],[-64.33,-42.42],[-64.33,-42.41],[-64.32,-42.41],[-64.31,-42.41],[-64.31,-42.4],[-64.3,-42.4],[-64.3,-42.41],[-64.29,-42.41],[-64.29,-42.42],[-64.26,-42.41],[-64.26,-42.42],[-64.25,-42.41],[-64.24,-42.42],[-64.22,-42.42],[-64.21,-42.42],[-64.19,-42.42],[-64.18,-42.42],[-64.17,-42.42],[-64.18,-42.42],[-64.17,-42.42],[-64.16,-42.42],[-64.15,-42.42],[-64.14,-42.42],[-64.14,-42.43],[-64.13,-42.43],[-64.11,-42.42],[-64.1,-42.41],[-64.1,-42.4],[-64.09,-42.4],[-64.08,-42.39],[-64.07,-42.39],[-64.07,-42.38],[-64.06,-42.38],[-64.05,-42.38],[-64.05,-42.36],[-64.04,-42.36],[-64.04,-42.34],[-64.05,-42.34],[-64.06,-42.34],[-64.07,-42.33],[-64.06,-42.33],[-64.05,-42.33],[-64.05,-42.32],[-64.04,-42.32],[-64.04,-42.31],[-64.05,-42.29],[-64.06,-42.28],[-64.06,-42.27],[-64.07,-42.27],[-64.08,-42.26],[-64.09,-42.25],[-64.1,-42.25],[-64.11,-42.25],[-64.12,-42.25],[-64.12,-42.24],[-64.13,-42.24],[-64.14,-42.24],[-64.16,-42.24],[-64.17,-42.25],[-64.18,-42.25],[-64.19,-42.25],[-64.2,-42.25],[-64.2,-42.24],[-64.21,-42.24],[-64.22,-42.24],[-64.23,-42.24],[-64.23,-42.25],[-64.23,-42.24],[-64.24,-42.23],[-64.25,-42.24],[-64.26,-42.24],[-64.27,-42.24],[-64.27,-42.25],[-64.28,-42.25],[-64.29,-42.25],[-64.3,-42.25],[-64.31,-42.25],[-64.33,-42.25],[-64.34,-42.25],[-64.35,-42.24],[-64.36,-42.25],[-64.36,-42.24],[-64.37,-42.24],[-64.38,-42.24],[-64.37,-42.24],[-64.37,-42.23],[-64.35,-42.23],[-64.32,-42.22],[-64.24,-42.21],[-64.16,-42.2],[-64.15,-42.2],[-64.14,-42.2],[-64.13,-42.19],[-64.11,-42.19],[-64.11,-42.18],[-64.1,-42.18],[-64.09,-42.18],[-64.08,-42.18],[-64.07,-42.17],[-64.06,-42.17],[-64.06,-42.16],[-64.05,-42.16],[-64.05,-42.17],[-64.04,-42.16],[-64.04,-42.15],[-64.03,-42.15],[-64.02,-42.15],[-64.01,-42.15],[-64.01,-42.14],[-64.0,-42.14],[-63.99,-42.14],[-63.98,-42.13],[-63.98,-42.12],[-63.97,-42.12],[-63.97,-42.11],[-63.96,-42.11],[-63.95,-42.11],[-63.94,-42.11],[-63.94,-42.1],[-63.93,-42.1],[-63.92,-42.1],[-63.91,-42.09],[-63.9,-42.09],[-63.89,-42.09],[-63.86,-42.08],[-63.85,-42.08],[-63.8,-42.07],[-63.76,-42.07],[-63.76,-42.08],[-63.74,-42.1],[-63.72,-42.12],[-63.71,-42.15],[-63.7,-42.17],[-63.7,-42.19],[-63.68,-42.21],[-63.67,-42.22],[-63.65,-42.25],[-63.63,-42.26],[-63.61,-42.29],[-63.61,-42.31],[-63.6,-42.33],[-63.6,-42.34],[-63.6,-42.36],[-63.6,-42.38],[-63.61,-42.42],[-63.6,-42.48],[-63.6,-42.5],[-63.6,-42.51],[-63.6,-42.5],[-63.61,-42.49],[-63.61,-42.46],[-63.61,-42.43],[-63.61,-42.41],[-63.61,-42.36],[-63.61,-42.35],[-63.61,-42.34],[-63.62,-42.34],[-63.62,-42.33],[-63.63,-42.32],[-63.64,-42.32],[-63.64,-42.31],[-63.64,-42.32],[-63.64,-42.31],[-63.65,-42.31],[-63.65,-42.3],[-63.66,-42.3],[-63.66,-42.29],[-63.66,-42.3],[-63.65,-42.31],[-63.65,-42.32],[-63.66,-42.32],[-63.65,-42.32],[-63.66,-42.32],[-63.64,-42.33],[-63.64,-42.34],[-63.63,-42.34],[-63.62,-42.35],[-63.62,-42.36],[-63.62,-42.37],[-63.62,-42.36],[-63.61,-42.36],[-63.61,-42.37],[-63.61,-42.38],[-63.61,-42.4],[-63.62,-42.41],[-63.61,-42.43],[-63.61,-42.45],[-63.61,-42.47],[-63.61,-42.49],[-63.61,-42.5],[-63.6,-42.51],[-63.6,-42.52],[-63.6,-42.53],[-63.6,-42.55],[-63.6,-42.56],[-63.6,-42.57],[-63.59,-42.57],[-63.59,-42.59],[-63.58,-42.59],[-63.59,-42.6],[-63.58,-42.61],[-63.59,-42.62],[-63.6,-42.62],[-63.61,-42.63],[-63.61,-42.65],[-63.62,-42.66],[-63.62,-42.67],[-63.62,-42.68],[-63.63,-42.68],[-63.63,-42.69],[-63.64,-42.7],[-63.64,-42.71],[-63.64,-42.72],[-63.63,-42.72],[-63.64,-42.72],[-63.64,-42.73],[-63.64,-42.74],[-63.63,-42.74],[-63.63,-42.75],[-63.63,-42.76],[-63.63,-42.77],[-63.64,-42.77],[-63.65,-42.77],[-63.65,-42.78],[-63.66,-42.78],[-63.67,-42.78],[-63.68,-42.79],[-63.7,-42.8],[-63.71,-42.8],[-63.72,-42.8],[-63.73,-42.81],[-63.74,-42.81],[-63.75,-42.81],[-63.76,-42.81],[-63.79,-42.81],[-63.81,-42.82],[-63.82,-42.82],[-63.83,-42.82],[-63.84,-42.83],[-63.85,-42.83],[-63.87,-42.83],[-63.87,-42.84],[-63.9,-42.84],[-63.91,-42.84],[-63.94,-42.84],[-63.95,-42.84],[-63.96,-42.85],[-63.97,-42.85],[-63.98,-42.85],[-63.99,-42.86],[-64.0,-42.86],[-64.01,-42.86],[-64.07,-42.87],[-64.08,-42.87],[-64.09,-42.87],[-64.09,-42.88],[-64.1,-42.88],[-64.11,-42.88],[-64.15,-42.87],[-64.16,-42.87],[-64.16,-42.86],[-64.17,-42.85],[-64.19,-42.83],[-64.2,-42.83],[-64.2,-42.82],[-64.21,-42.81],[-64.24,-42.79],[-64.25,-42.77],[-64.26,-42.75],[-64.26,-42.74],[-64.25,-42.72],[-64.25,-42.71],[-64.25,-42.69],[-64.25,-42.68],[-64.24,-42.67],[-64.24,-42.66],[-64.23,-42.66],[-64.23,-42.65],[-64.22,-42.65],[-64.22,-42.64],[-64.21,-42.63],[-64.21,-42.62],[-64.22,-42.62],[-64.24,-42.61],[-64.25,-42.62],[-64.27,-42.62],[-64.27,-42.61],[-64.27,-42.6],[-64.26,-42.6],[-64.26,-42.59],[-64.27,-42.58],[-64.28,-42.58],[-64.28,-42.57],[-64.28,-42.58],[-64.29,-42.58],[-64.3,-42.58],[-64.3,-42.59],[-64.31,-42.59],[-64.31,-42.58],[-64.31,-42.57],[-64.32,-42.57],[-64.31,-42.56],[-64.33,-42.54],[-64.34,-42.53],[-64.35,-42.53],[-64.36,-42.53],[-64.36,-42.54],[-64.38,-42.52],[-64.41,-42.52],[-64.43,-42.51],[-64.44,-42.51],[-64.46,-42.5],[-64.49,-42.5],[-64.5,-42.5],[-64.51,-42.5],[-64.52,-42.5],[-64.55,-42.49],[-64.57,-42.49],[-64.59,-42.49],[-64.6,-42.5],[-64.63,-42.5],[-64.64,-42.5],[-64.65,-42.5],[-64.65,-42.51],[-64.67,-42.51],[-64.69,-42.52],[-64.7,-42.52],[-64.71,-42.53],[-64.72,-42.54],[-64.73,-42.54],[-64.76,-42.55],[-64.78,-42.57],[-64.79,-42.58],[-64.81,-42.59],[-64.81,-42.6],[-64.82,-42.6],[-64.83,-42.61],[-64.84,-42.61],[-64.85,-42.62],[-64.86,-42.62],[-64.87,-42.62],[-64.88,-42.61],[-64.91,-42.62],[-64.93,-42.62],[-64.94,-42.62],[-64.96,-42.63],[-64.97,-42.65],[-64.98,-42.65],[-64.99,-42.65],[-64.99,-42.66],[-64.99,-42.67],[-64.99,-42.68],[-65.0,-42.69],[-65.0,-42.7],[-65.02,-42.71],[-65.03,-42.73],[-65.04,-42.73],[-65.04,-42.74],[-65.03,-42.74],[-65.04,-42.74],[-65.04,-42.76],[-65.03,-42.77],[-65.02,-42.78],[-65.01,-42.78],[-65.0,-42.78],[-64.98,-42.79],[-64.97,-42.79],[-64.96,-42.79],[-64.95,-42.78],[-64.95,-42.79],[-64.95,-42.8],[-64.92,-42.81],[-64.91,-42.81],[-64.9,-42.81],[-64.89,-42.81],[-64.89,-42.82],[-64.88,-42.83],[-64.89,-42.83],[-64.88,-42.83],[-64.86,-42.83],[-64.85,-42.84],[-64.84,-42.84],[-64.83,-42.84],[-64.82,-42.84],[-64.81,-42.84],[-64.79,-42.85],[-64.78,-42.85],[-64.78,-42.86],[-64.75,-42.87],[-64.74,-42.87],[-64.73,-42.87],[-64.73,-42.88],[-64.7,-42.88],[-64.7,-42.89],[-64.7,-42.9],[-64.69,-42.9],[-64.67,-42.9],[-64.67,-42.91],[-64.66,-42.91],[-64.65,-42.91],[-64.61,-42.92],[-64.58,-42.92],[-64.56,-42.92],[-64.55,-42.92],[-64.54,-42.92],[-64.53,-42.92],[-64.51,-42.93],[-64.5,-42.94],[-64.5,-42.95],[-64.48,-42.95],[-64.44,-42.95],[-64.43,-42.95],[-64.42,-42.95],[-64.41,-42.95],[-64.37,-42.95],[-64.35,-42.94],[-64.34,-42.93],[-64.33,-42.93],[-64.32,-42.95],[-64.32,-42.96],[-64.31,-42.97],[-64.31,-42.98],[-64.31,-42.99],[-64.32,-42.99],[-64.33,-42.99],[-64.32,-43.0],[-64.33,-43.0],[-64.34,-43.01],[-64.38,-43.02],[-64.39,-43.03],[-64.41,-43.03],[-64.43,-43.04],[-64.46,-43.06],[-64.47,-43.07],[-64.48,-43.07],[-64.5,-43.08],[-64.55,-43.09],[-64.57,-43.1],[-64.59,-43.1],[-64.68,-43.12],[-64.79,-43.16],[-64.88,-43.2],[-64.98,-43.26],[-65.0,-43.27],[-65.04,-43.31],[-65.05,-43.33],[-65.05,-43.34],[-65.05,-43.35],[-65.05,-43.36],[-65.05,-43.37],[-65.04,-43.37],[-65.05,-43.38],[-65.04,-43.38],[-65.05,-43.39],[-65.05,-43.4],[-65.08,-43.42],[-65.09,-43.43],[-65.1,-43.44],[-65.12,-43.45],[-65.13,-43.46],[-65.14,-43.46],[-65.14,-43.47],[-65.15,-43.48],[-65.15,-43.49],[-65.16,-43.49],[-65.17,-43.5],[-65.18,-43.51],[-65.18,-43.52],[-65.18,-43.53],[-65.19,-43.53],[-65.19,-43.54],[-65.2,-43.54],[-65.21,-43.54],[-65.21,-43.55],[-65.22,-43.56],[-65.23,-43.56],[-65.24,-43.57],[-65.25,-43.57],[-65.26,-43.58],[-65.27,-43.59],[-65.26,-43.59],[-65.27,-43.59],[-65.28,-43.59],[-65.29,-43.6],[-65.29,-43.61],[-65.3,-43.62],[-65.3,-43.63],[-65.31,-43.63],[-65.32,-43.64],[-65.31,-43.64],[-65.32,-43.64],[-65.32,-43.65],[-65.33,-43.66],[-65.34,-43.66],[-65.33,-43.67],[-65.34,-43.67],[-65.34,-43.68],[-65.34,-43.69],[-65.34,-43.7],[-65.34,-43.71],[-65.35,-43.71],[-65.35,-43.72],[-65.35,-43.73],[-65.35,-43.75],[-65.35,-43.76],[-65.35,-43.77],[-65.35,-43.78],[-65.34,-43.78],[-65.33,-43.78],[-65.32,-43.78],[-65.32,-43.79],[-65.31,-43.79],[-65.31,-43.8],[-65.32,-43.8],[-65.32,-43.81],[-65.32,-43.82],[-65.32,-43.83],[-65.33,-43.83],[-65.33,-43.84],[-65.32,-43.84],[-65.33,-43.84],[-65.33,-43.85],[-65.32,-43.85],[-65.32,-43.86],[-65.32,-43.87],[-65.31,-43.88],[-65.31,-43.89],[-65.31,-43.9],[-65.3,-43.9],[-65.31,-43.9],[-65.3,-43.91],[-65.31,-43.91],[-65.3,-43.91],[-65.3,-43.92],[-65.3,-43.93],[-65.29,-43.94],[-65.29,-43.95],[-65.28,-43.96],[-65.28,-43.97],[-65.27,-43.97],[-65.26,-43.97],[-65.25,-43.97],[-65.24,-43.97],[-65.23,-43.97],[-65.23,-43.98],[-65.24,-43.98],[-65.25,-43.98],[-65.25,-43.99],[-65.26,-43.99],[-65.25,-44.0],[-65.25,-44.01],[-65.25,-44.0],[-65.25,-44.01],[-65.25,-44.02],[-65.25,-44.03],[-65.24,-44.04],[-65.22,-44.04],[-65.21,-44.04],[-65.2,-44.04],[-65.19,-44.04],[-65.19,-44.03],[-65.19,-44.04],[-65.21,-44.04],[-65.21,-44.05],[-65.22,-44.05],[-65.22,-44.06],[-65.23,-44.07],[-65.24,-44.07],[-65.24,-44.08],[-65.24,-44.09],[-65.23,-44.09],[-65.23,-44.1],[-65.24,-44.11],[-65.23,-44.11],[-65.23,-44.12],[-65.22,-44.12],[-65.22,-44.13],[-65.22,-44.14],[-65.23,-44.14],[-65.23,-44.15],[-65.24,-44.15],[-65.25,-44.15],[-65.26,-44.15],[-65.26,-44.14],[-65.28,-44.15],[-65.29,-44.16],[-65.3,-44.17],[-65.31,-44.18],[-65.31,-44.2],[-65.31,-44.21],[-65.31,-44.22],[-65.3,-44.24],[-65.3,-44.25],[-65.28,-44.26],[-65.28,-44.27],[-65.27,-44.27],[-65.27,-44.28],[-65.27,-44.3],[-65.26,-44.31],[-65.25,-44.31],[-65.26,-44.32],[-65.26,-44.33],[-65.25,-44.33],[-65.25,-44.34],[-65.24,-44.34],[-65.23,-44.33],[-65.22,-44.34],[-65.23,-44.35],[-65.22,-44.35],[-65.22,-44.36],[-65.21,-44.37],[-65.22,-44.37],[-65.23,-44.37],[-65.23,-44.38],[-65.24,-44.39],[-65.25,-44.39],[-65.26,-44.39],[-65.27,-44.39],[-65.27,-44.4],[-65.26,-44.4],[-65.27,-44.4],[-65.27,-44.41],[-65.28,-44.41],[-65.28,-44.42],[-65.28,-44.41],[-65.28,-44.42],[-65.29,-44.42],[-65.29,-44.43],[-65.28,-44.43],[-65.29,-44.43],[-65.3,-44.43],[-65.31,-44.42],[-65.31,-44.43],[-65.31,-44.44],[-65.3,-44.44],[-65.31,-44.44],[-65.32,-44.44],[-65.31,-44.45],[-65.32,-44.45],[-65.33,-44.45],[-65.33,-44.46],[-65.33,-44.45],[-65.33,-44.46],[-65.33,-44.47],[-65.32,-44.47],[-65.32,-44.46],[-65.32,-44.47],[-65.31,-44.46],[-65.31,-44.47],[-65.32,-44.48],[-65.31,-44.48],[-65.32,-44.48],[-65.32,-44.49],[-65.31,-44.49],[-65.3,-44.49],[-65.28,-44.49],[-65.28,-44.5],[-65.29,-44.5],[-65.29,-44.51],[-65.28,-44.51],[-65.28,-44.52],[-65.29,-44.52],[-65.3,-44.51],[-65.3,-44.52],[-65.31,-44.51],[-65.31,-44.52],[-65.31,-44.53],[-65.32,-44.53],[-65.32,-44.52],[-65.32,-44.51],[-65.33,-44.51],[-65.34,-44.51],[-65.35,-44.51],[-65.36,-44.51],[-65.35,-44.51],[-65.36,-44.52],[-65.36,-44.51],[-65.37,-44.51],[-65.37,-44.52],[-65.38,-44.52],[-65.37,-44.52],[-65.38,-44.52],[-65.37,-44.53],[-65.36,-44.53],[-65.36,-44.54],[-65.37,-44.54],[-65.38,-44.54],[-65.39,-44.54],[-65.39,-44.55],[-65.39,-44.56],[-65.38,-44.56],[-65.38,-44.57],[-65.37,-44.57],[-65.36,-44.57],[-65.36,-44.58],[-65.37,-44.58],[-65.37,-44.59],[-65.36,-44.59],[-65.38,-44.59],[-65.37,-44.58],[-65.38,-44.58],[-65.39,-44.58],[-65.39,-44.59],[-65.39,-44.6],[-65.4,-44.6],[-65.4,-44.59],[-65.41,-44.59],[-65.41,-44.58],[-65.41,-44.57],[-65.42,-44.57],[-65.42,-44.58],[-65.42,-44.57],[-65.43,-44.57],[-65.44,-44.57],[-65.45,-44.57],[-65.45,-44.58],[-65.45,-44.57],[-65.46,-44.58],[-65.47,-44.58],[-65.47,-44.59],[-65.46,-44.59],[-65.46,-44.6],[-65.46,-44.59],[-65.46,-44.6],[-65.47,-44.6],[-65.48,-44.6],[-65.48,-44.61],[-65.49,-44.61],[-65.49,-44.6],[-65.5,-44.6],[-65.51,-44.61],[-65.52,-44.61],[-65.55,-44.63],[-65.57,-44.64],[-65.57,-44.65],[-65.58,-44.65],[-65.58,-44.64],[-65.59,-44.64],[-65.6,-44.64],[-65.6,-44.65],[-65.6,-44.64],[-65.61,-44.65],[-65.62,-44.66],[-65.63,-44.66],[-65.66,-44.68],[-65.67,-44.69],[-65.67,-44.7],[-65.68,-44.7],[-65.69,-44.72],[-65.7,-44.74],[-65.69,-44.77],[-65.7,-44.78],[-65.7,-44.79],[-65.7,-44.8],[-65.71,-44.8],[-65.72,-44.81],[-65.73,-44.81],[-65.73,-44.82],[-65.72,-44.83],[-65.72,-44.84],[-65.73,-44.84],[-65.73,-44.85],[-65.72,-44.85],[-65.72,-44.86],[-65.71,-44.87],[-65.7,-44.88],[-65.7,-44.87],[-65.69,-44.87],[-65.69,-44.88],[-65.68,-44.88],[-65.67,-44.88],[-65.67,-44.89],[-65.66,-44.89],[-65.65,-44.89],[-65.64,-44.88],[-65.63,-44.88],[-65.63,-44.89],[-65.63,-44.88],[-65.63,-44.89],[-65.62,-44.89],[-65.61,-44.89],[-65.61,-44.9],[-65.6,-44.9],[-65.61,-44.9],[-65.61,-44.91],[-65.6,-44.91],[-65.6,-44.9],[-65.59,-44.9],[-65.59,-44.89],[-65.58,-44.9],[-65.57,-44.9],[-65.57,-44.91],[-65.57,-44.9],[-65.56,-44.9],[-65.56,-44.91],[-65.55,-44.91],[-65.54,-44.91],[-65.54,-44.92],[-65.53,-44.92],[-65.52,-44.92],[-65.52,-44.93],[-65.53,-44.93],[-65.54,-44.93],[-65.53,-44.94],[-65.54,-44.94],[-65.55,-44.94],[-65.55,-44.95],[-65.56,-44.95],[-65.55,-44.95],[-65.56,-44.95],[-65.55,-44.95],[-65.56,-44.95],[-65.56,-44.96],[-65.56,-44.95],[-65.57,-44.95],[-65.57,-44.96],[-65.58,-44.96],[-65.59,-44.96],[-65.59,-44.97],[-65.6,-44.97],[-65.59,-44.97],[-65.6,-44.97],[-65.61,-44.98],[-65.6,-44.98],[-65.61,-44.98],[-65.6,-44.98],[-65.6,-44.99],[-65.59,-44.99],[-65.58,-44.99],[-65.59,-44.99],[-65.59,-45.0],[-65.58,-45.0],[-65.58,-45.01],[-65.59,-45.01],[-65.6,-45.0],[-65.61,-45.01],[-65.61,-45.0],[-65.62,-45.0],[-65.62,-45.01],[-65.62,-45.02],[-65.61,-45.02],[-65.6,-45.03],[-65.61,-45.03],[-65.61,-45.04],[-65.62,-45.03],[-65.62,-45.04],[-65.63,-45.04],[-65.64,-45.04],[-65.64,-45.05],[-65.65,-45.05],[-65.65,-45.04],[-65.66,-45.04],[-65.66,-45.05],[-65.67,-45.04],[-65.67,-45.05],[-65.67,-45.04],[-65.68,-45.04],[-65.69,-45.04],[-65.7,-45.05],[-65.69,-45.05],[-65.68,-45.06],[-65.69,-45.06],[-65.7,-45.06],[-65.7,-45.05],[-65.71,-45.04],[-65.71,-45.05],[-65.72,-45.04],[-65.74,-45.04],[-65.74,-45.03],[-65.73,-45.03],[-65.74,-45.03],[-65.76,-45.02],[-65.77,-45.02],[-65.78,-45.02],[-65.78,-45.03],[-65.79,-45.03],[-65.79,-45.02],[-65.8,-45.03],[-65.8,-45.02],[-65.81,-45.02],[-65.82,-45.02],[-65.82,-45.03],[-65.81,-45.03],[-65.8,-45.03],[-65.81,-45.04],[-65.82,-45.04],[-65.83,-45.04],[-65.83,-45.03],[-65.82,-45.03],[-65.83,-45.02],[-65.82,-45.02],[-65.83,-45.01],[-65.84,-45.01],[-65.84,-45.0],[-65.86,-45.0],[-65.87,-45.0],[-65.89,-45.01],[-65.9,-45.01],[-65.89,-45.01],[-65.89,-45.02],[-65.88,-45.03],[-65.89,-45.03],[-65.88,-45.04],[-65.89,-45.04],[-65.9,-45.04],[-65.9,-45.03],[-65.91,-45.04],[-65.91,-45.03],[-65.92,-45.04],[-65.91,-45.04],[-65.91,-45.05],[-65.92,-45.04],[-65.93,-45.05],[-65.94,-45.05],[-65.95,-45.04],[-65.95,-45.05],[-65.95,-45.04],[-65.96,-45.05],[-65.96,-45.04],[-65.97,-45.04],[-65.97,-45.03],[-65.98,-45.02],[-65.99,-45.02],[-66.0,-45.01],[-66.01,-45.01],[-66.02,-45.0],[-66.03,-45.0],[-66.04,-45.0],[-66.04,-45.01],[-66.04,-45.0],[-66.05,-45.0],[-66.06,-45.0],[-66.06,-45.01],[-66.06,-45.0],[-66.06,-44.99],[-66.07,-45.0],[-66.07,-44.99],[-66.08,-44.99],[-66.07,-44.99],[-66.07,-45.0],[-66.08,-44.99],[-66.08,-45.0],[-66.09,-45.0],[-66.09,-44.99],[-66.11,-44.99],[-66.12,-44.99],[-66.13,-44.99],[-66.14,-44.99],[-66.15,-44.99],[-66.15,-45.0],[-66.16,-44.99],[-66.16,-44.98],[-66.17,-44.99],[-66.16,-44.99],[-66.17,-44.99],[-66.17,-45.0],[-66.18,-45.0],[-66.18,-44.99],[-66.19,-44.98],[-66.2,-44.99],[-66.21,-45.0],[-66.22,-45.0],[-66.22,-45.01],[-66.22,-45.0],[-66.23,-45.01],[-66.23,-45.02],[-66.22,-45.03],[-66.23,-45.03],[-66.24,-45.03],[-66.23,-45.02],[-66.24,-45.02],[-66.25,-45.02],[-66.25,-45.03],[-66.26,-45.03],[-66.26,-45.04],[-66.27,-45.04],[-66.27,-45.05],[-66.28,-45.05],[-66.28,-45.06],[-66.28,-45.05],[-66.29,-45.05],[-66.3,-45.05],[-66.31,-45.05],[-66.32,-45.05],[-66.33,-45.05],[-66.33,-45.04],[-66.34,-45.04],[-66.35,-45.04],[-66.36,-45.04],[-66.37,-45.04],[-66.37,-45.05],[-66.38,-45.05],[-66.37,-45.06],[-66.36,-45.06],[-66.37,-45.06],[-66.38,-45.06],[-66.39,-45.06],[-66.39,-45.05],[-66.4,-45.05],[-66.41,-45.06],[-66.42,-45.07],[-66.43,-45.07],[-66.44,-45.07],[-66.44,-45.08],[-66.45,-45.07],[-66.46,-45.08],[-66.47,-45.08],[-66.48,-45.09],[-66.49,-45.09],[-66.49,-45.1],[-66.5,-45.1],[-66.51,-45.1],[-66.51,-45.09],[-66.52,-45.1],[-66.52,-45.11],[-66.53,-45.11],[-66.53,-45.12],[-66.54,-45.13],[-66.53,-45.14],[-66.53,-45.15],[-66.52,-45.15],[-66.51,-45.15],[-66.5,-45.14],[-66.49,-45.14],[-66.5,-45.15],[-66.49,-45.15],[-66.48,-45.15],[-66.48,-45.14],[-66.46,-45.14],[-66.46,-45.15],[-66.47,-45.15],[-66.46,-45.16],[-66.47,-45.16],[-66.47,-45.17],[-66.48,-45.17],[-66.48,-45.16],[-66.48,-45.17],[-66.49,-45.17],[-66.49,-45.16],[-66.49,-45.17],[-66.5,-45.16],[-66.51,-45.17],[-66.51,-45.16],[-66.52,-45.16],[-66.52,-45.15],[-66.54,-45.15],[-66.54,-45.14],[-66.55,-45.14],[-66.56,-45.14],[-66.56,-45.15],[-66.57,-45.14],[-66.58,-45.14],[-66.59,-45.14],[-66.6,-45.14],[-66.6,-45.15],[-66.59,-45.16],[-66.58,-45.16],[-66.6,-45.16],[-66.6,-45.17],[-66.59,-45.17],[-66.58,-45.17],[-66.57,-45.17],[-66.56,-45.18],[-66.55,-45.18],[-66.54,-45.18],[-66.54,-45.17],[-66.53,-45.18],[-66.53,-45.19],[-66.52,-45.19],[-66.52,-45.2],[-66.51,-45.2],[-66.52,-45.2],[-66.52,-45.21],[-66.52,-45.22],[-66.53,-45.22],[-66.54,-45.22],[-66.54,-45.23],[-66.54,-45.22],[-66.55,-45.22],[-66.55,-45.21],[-66.56,-45.22],[-66.56,-45.21],[-66.57,-45.21],[-66.59,-45.21],[-66.59,-45.22],[-66.6,-45.22],[-66.6,-45.21],[-66.6,-45.22],[-66.61,-45.21],[-66.62,-45.22],[-66.63,-45.22],[-66.64,-45.21],[-66.65,-45.22],[-66.66,-45.21],[-66.68,-45.22],[-66.69,-45.22],[-66.7,-45.23],[-66.72,-45.22],[-66.75,-45.22],[-66.76,-45.22],[-66.76,-45.23],[-66.77,-45.23],[-66.78,-45.23],[-66.79,-45.23],[-66.8,-45.23],[-66.82,-45.23],[-66.82,-45.24],[-66.82,-45.23],[-66.83,-45.24],[-66.83,-45.23],[-66.84,-45.23],[-66.85,-45.23],[-66.87,-45.24],[-66.89,-45.24],[-66.92,-45.25],[-66.92,-45.26],[-66.94,-45.26],[-66.96,-45.27],[-66.97,-45.27],[-66.98,-45.28],[-66.99,-45.29],[-67.0,-45.3],[-67.01,-45.3],[-67.02,-45.31],[-67.03,-45.32],[-67.04,-45.32],[-67.04,-45.33],[-67.05,-45.34],[-67.06,-45.35],[-67.07,-45.35],[-67.07,-45.37],[-67.09,-45.38],[-67.11,-45.4],[-67.12,-45.41],[-67.14,-45.42],[-67.16,-45.44],[-67.17,-45.46],[-67.18,-45.48],[-67.19,-45.49],[-67.2,-45.5],[-67.22,-45.53],[-67.23,-45.53],[-67.26,-45.55],[-67.27,-45.56],[-67.29,-45.57],[-67.3,-45.59],[-67.31,-45.59],[-67.32,-45.6],[-67.35,-45.63],[-67.36,-45.64],[-67.36,-45.66],[-67.36,-45.67],[-67.36,-45.68],[-67.36,-45.69],[-67.36,-45.71],[-67.35,-45.71],[-67.34,-45.71],[-67.34,-45.72],[-67.35,-45.73],[-67.36,-45.72],[-67.37,-45.73],[-67.38,-45.74],[-67.38,-45.75],[-67.37,-45.75],[-67.37,-45.76],[-67.37,-45.77],[-67.36,-45.78],[-67.37,-45.78],[-67.37,-45.79],[-67.38,-45.79],[-67.39,-45.79],[-67.4,-45.79],[-67.41,-45.8],[-67.42,-45.8],[-67.43,-45.81],[-67.44,-45.82],[-67.45,-45.82],[-67.46,-45.82],[-67.46,-45.83],[-67.46,-45.84],[-67.47,-45.84],[-67.47,-45.85],[-67.47,-45.86],[-67.46,-45.86],[-67.47,-45.86],[-67.48,-45.86],[-67.48,-45.87],[-67.49,-45.87],[-67.5,-45.87],[-67.51,-45.88],[-67.51,-45.89],[-67.52,-45.9],[-67.53,-45.9],[-67.54,-45.91],[-67.55,-45.92],[-67.55,-45.93],[-67.56,-45.94],[-67.55,-45.95],[-67.53,-45.96],[-67.56,-45.96],[-67.57,-45.97],[-67.57,-45.98],[-67.58,-45.98],[-67.59,-45.98],[-67.59,-45.99],[-67.58,-45.99],[-67.59,-45.99],[-67.59,-46.0],[-68.02,-46.0],[-68.61,-46.01]]],[[[-66.7,-45.25],[-66.7,-45.24],[-66.7,-45.25]]],[[[-66.52,-45.18],[-66.53,-45.18],[-66.52,-45.17],[-66.52,-45.18]]],[[[-66.52,-45.17]]],[[[-66.57,-45.16],[-66.58,-45.16],[-66.57,-45.16]]],[[[-66.4,-45.2],[-66.41,-45.2],[-66.4,-45.19],[-66.4,-45.2]]],[[[-66.41,-45.19],[-66.4,-45.19],[-66.39,-45.19],[-66.41,-45.19],[-66.4,-45.19],[-66.41,-45.19],[-66.41,-45.18],[-66.41,-45.19]]],[[[-66.51,-45.18],[-66.5,-45.18],[-66.5,-45.19],[-66.51,-45.19],[-66.51,-45.18]]],[[[-66.49,-45.18]]],[[[-66.52,-45.18]]],[[[-66.5,-45.18],[-66.49,-45.18],[-66.5,-45.18],[-66.51,-45.18],[-66.5,-45.18]]],[[[-66.51,-45.17]]],[[[-66.5,-45.17]]],[[[-66.36,-45.15],[-66.36,-45.16],[-66.37,-45.15],[-66.36,-45.15]]],[[[-66.51,-45.11]]],[[[-66.5,-45.11],[-66.51,-45.11],[-66.5,-45.11]]],[[[-66.42,-45.09],[-66.42,-45.1],[-66.42,-45.09]]],[[[-66.41,-45.09],[-66.4,-45.09],[-66.41,-45.09]]],[[[-66.41,-45.09],[-66.41,-45.08],[-66.41,-45.09]]],[[[-66.34,-45.07],[-66.35,-45.06],[-66.34,-45.06],[-66.34,-45.07]]],[[[-66.35,-45.06],[-66.36,-45.06],[-66.35,-45.06]]],[[[-66.58,-45.16],[-66.58,-45.15],[-66.58,-45.16]]],[[[-66.05,-45.13],[-66.06,-45.13],[-66.05,-45.13]]],[[[-66.09,-45.12],[-66.1,-45.12],[-66.09,-45.12]]],[[[-66.01,-45.11],[-66.01,-45.12],[-66.01,-45.11]]],[[[-66.02,-45.11]]],[[[-66.03,-45.1]]],[[[-66.01,-45.08],[-66.0,-45.08],[-66.0,-45.09],[-65.99,-45.09],[-65.98,-45.1],[-65.99,-45.1],[-65.98,-45.11],[-65.97,-45.11],[-65.96,-45.11],[-65.97,-45.11],[-65.98,-45.11],[-65.99,-45.11],[-65.99,-45.12],[-66.0,-45.11],[-65.99,-45.11],[-66.0,-45.11],[-66.01,-45.11],[-66.02,-45.1],[-66.02,-45.09],[-66.01,-45.08],[-66.02,-45.08],[-66.01,-45.08]]],[[[-66.04,-45.09],[-66.03,-45.09],[-66.04,-45.09],[-66.05,-45.09],[-66.04,-45.09]]],[[[-66.03,-45.09],[-66.03,-45.08],[-66.03,-45.09]]],[[[-66.34,-45.05],[-66.33,-45.05],[-66.34,-45.06],[-66.33,-45.06],[-66.34,-45.06],[-66.35,-45.05],[-66.34,-45.05]]],[[[-65.96,-45.05],[-65.97,-45.05],[-65.96,-45.05]]],[[[-65.97,-45.05],[-65.98,-45.05],[-65.97,-45.05]]],[[[-65.86,-45.05],[-65.87,-45.05],[-65.86,-45.05]]],[[[-65.84,-45.05],[-65.85,-45.05],[-65.84,-45.05]]],[[[-65.94,-45.12]]],[[[-65.97,-45.1],[-65.96,-45.1],[-65.95,-45.11],[-65.94,-45.11],[-65.95,-45.11],[-65.94,-45.12],[-65.96,-45.12],[-65.96,-45.11],[-65.97,-45.11],[-65.97,-45.1]]],[[[-65.81,-45.06],[-65.8,-45.06],[-65.81,-45.07],[-65.81,-45.06]]],[[[-65.72,-45.05],[-65.71,-45.05],[-65.71,-45.06],[-65.7,-45.06],[-65.71,-45.06],[-65.72,-45.06],[-65.72,-45.05]]],[[[-65.4,-45.1],[-65.39,-45.1],[-65.39,-45.11],[-65.4,-45.1]]],[[[-65.62,-45.05],[-65.62,-45.06],[-65.63,-45.06],[-65.63,-45.05],[-65.62,-45.05]]],[[[-65.6,-45.04],[-65.6,-45.05],[-65.59,-45.04],[-65.59,-45.05],[-65.58,-45.05],[-65.59,-45.05],[-65.59,-45.06],[-65.58,-45.06],[-65.57,-45.06],[-65.57,-45.07],[-65.58,-45.07],[-65.58,-45.06],[-65.59,-45.06],[-65.6,-45.06],[-65.61,-45.06],[-65.62,-45.06],[-65.63,-45.06],[-65.62,-45.06],[-65.61,-45.06],[-65.62,-45.05],[-65.62,-45.04],[-65.61,-45.04],[-65.6,-45.04]]],[[[-65.48,-45.0],[-65.47,-45.01],[-65.48,-45.01],[-65.48,-45.0],[-65.48,-45.01],[-65.5,-45.0],[-65.49,-45.0],[-65.48,-45.0]]],[[[-65.56,-45.0],[-65.57,-45.0],[-65.56,-45.0]]],[[[-65.57,-44.99],[-65.58,-44.99],[-65.57,-44.99]]],[[[-65.56,-44.96],[-65.57,-44.97],[-65.57,-44.96],[-65.56,-44.96]]],[[[-65.64,-44.77]]],[[[-65.67,-44.77],[-65.66,-44.77],[-65.65,-44.78],[-65.66,-44.78],[-65.67,-44.77]]],[[[-65.92,-45.05],[-65.92,-45.04],[-65.92,-45.05]]],[[[-65.89,-45.05]]],[[[-65.96,-45.04],[-65.96,-45.05],[-65.97,-45.04],[-65.96,-45.04]]],[[[-65.88,-45.04],[-65.87,-45.04],[-65.88,-45.04]]],[[[-65.76,-45.04],[-65.75,-45.04],[-65.76,-45.04],[-65.77,-45.04],[-65.76,-45.03],[-65.76,-45.04]]],[[[-65.87,-45.03],[-65.87,-45.04],[-65.86,-45.04],[-65.87,-45.04],[-65.88,-45.04],[-65.87,-45.03]]],[[[-65.86,-45.03],[-65.86,-45.04],[-65.86,-45.03]]],[[[-65.98,-45.03],[-65.99,-45.04],[-65.99,-45.03],[-65.98,-45.03]]],[[[-66.32,-45.07]]],[[[-66.29,-45.05],[-66.29,-45.06],[-66.28,-45.06],[-66.28,-45.07],[-66.28,-45.06],[-66.28,-45.07],[-66.29,-45.07],[-66.29,-45.06],[-66.3,-45.06],[-66.29,-45.06],[-66.29,-45.05]]],[[[-66.11,-45.0]]],[[[-66.21,-45.0],[-66.2,-45.0],[-66.21,-45.0]]],[[[-66.16,-44.99],[-66.16,-45.0],[-66.17,-44.99],[-66.16,-44.99]]],[[[-66.1,-44.99],[-66.11,-44.99],[-66.1,-44.99]]],[[[-66.18,-44.99],[-66.19,-44.99],[-66.18,-44.99]]],[[[-65.65,-44.77]]],[[[-65.26,-44.26],[-65.27,-44.26],[-65.26,-44.26]]],[[[-65.28,-43.72],[-65.29,-43.72],[-65.28,-43.72]]],[[[-64.51,-42.42],[-64.52,-42.42],[-64.51,-42.42]]],[[[-64.6,-42.42],[-64.61,-42.42],[-64.6,-42.42]]],[[[-63.65,-42.32],[-63.63,-42.33],[-63.62,-42.33],[-63.62,-42.34],[-63.61,-42.35],[-63.61,-42.36],[-63.62,-42.36],[-63.62,-42.35],[-63.62,-42.34],[-63.63,-42.34],[-63.63,-42.33],[-63.64,-42.33],[-63.65,-42.32],[-63.65,-42.31],[-63.65,-42.32]]],[[[-64.0,-42.0]]]]}},{"type":"Feature","properties":{"GID_1":"ARG.5_1","GID_0":"ARG","COUNTRY":"Argentina","NAME_1":"CiudaddeBuenosAires","VARNAME_1":"BUENOSAIRESD.F.|CapitalFedera","NL_NAME_1":"NA","TYPE_1":"DistritoFederal","ENGTYPE_1":"FederalDistrict","CC_1":"NA","HASC_1":"AR.DF","ISO_1":"NA"},"geometry":{"type":"MultiPolygon","coordinates":[[[[-58.34,-34.63],[-58.34,-34.64],[-58.35,-34.64],[-58.34,-34.64],[-58.35,-34.64],[-58.36,-34.64],[-58.36,-34.65],[-58.37,-34.66],[-58.38,-34.66],[-58.39,-34.67],[-58.4,-34.66],[-58.41,-34.67],[-58.41,-34.66],[-58.42,-34.67],[-58.46,-34.71],[-58.53,-34.66],[-58.53,-34.62],[-58.5,-34.55],[-58.45,-34.53],[-58.45,-34.54],[-58.44,-34.54],[-58.43,-34.55],[-58.42,-34.55],[-58.41,-34.55],[-58.41,-34.56],[-58.4,-34.56],[-58.4,-34.57],[-58.39,-34.57],[-58.38,-34.57],[-58.37,-34.57],[-58.37,-34.58],[-58.36,-34.58],[-58.36,-34.59],[-58.37,-34.59],[-58.37,-34.6],[-58.36,-34.59],[-58.35,-34.6],[-58.35,-34.61],[-58.34,-34.61],[-58.34,-34.62],[-58.35,-34.62],[-58.34,-34.62],[-58.34,-34.63],[-58.35,-34.63],[-58.35,-34.64],[-58.34,-34.63]]]]}},{"type":"Feature","properties":{"GID_1":"ARG.6_1","GID_0":"ARG","COUNTRY":"Argentina","NAME_1":"Córdoba","VARNAME_1":"Cordova","NL_NAME_1":"NA","TYPE_1":"Provincia","ENGTYPE_1":"Province","CC_1":"NA","HASC_1":"AR.CB","ISO_1":"NA"},"geometry":{"type":"MultiPolygon","coordinates":[[[[-63.05,-34.38],[-63.39,-34.38],[-63.39,-34.49],[-63.39,-35.0],[-65.11,-35.0],[-65.11,-34.06],[-65.11,-33.91],[-65.12,-33.63],[-65.15,-33.2],[-65.15,-33.19],[-65.14,-33.19],[-65.11,-33.17],[-65.11,-33.16],[-65.1,-33.15],[-65.09,-33.14],[-65.08,-33.15],[-65.07,-33.15],[-65.06,-33.15],[-65.05,-33.14],[-65.05,-33.13],[-65.06,-33.12],[-65.06,-33.11],[-65.06,-33.09],[-65.05,-33.08],[-65.05,-33.06],[-65.04,-33.05],[-65.03,-33.04],[-65.02,-33.02],[-65.01,-32.98],[-65.02,-32.98],[-65.03,-32.98],[-65.03,-32.97],[-65.01,-32.96],[-65.0,-32.92],[-65.0,-32.91],[-64.98,-32.9],[-64.99,-32.89],[-64.98,-32.88],[-64.97,-32.85],[-64.97,-32.82],[-64.97,-32.81],[-64.96,-32.8],[-64.96,-32.79],[-64.96,-32.76],[-64.96,-32.74],[-64.94,-32.71],[-64.93,-32.7],[-64.93,-32.69],[-64.93,-32.67],[-64.94,-32.66],[-64.94,-32.65],[-64.93,-32.65],[-64.93,-32.64],[-64.93,-32.63],[-64.93,-32.62],[-64.91,-32.61],[-64.9,-32.61],[-64.89,-32.59],[-64.88,-32.58],[-64.88,-32.57],[-64.9,-32.55],[-64.89,-32.54],[-64.89,-32.53],[-64.91,-32.53],[-64.91,-32.52],[-64.92,-32.52],[-64.92,-32.51],[-64.91,-32.51],[-64.91,-32.5],[-64.9,-32.5],[-64.89,-32.49],[-64.9,-32.48],[-64.92,-32.48],[-64.93,-32.47],[-64.93,-32.45],[-64.94,-32.44],[-64.94,-32.43],[-64.94,-32.42],[-64.93,-32.41],[-64.93,-32.4],[-64.93,-32.39],[-64.92,-32.38],[-64.92,-32.37],[-64.92,-32.36],[-64.92,-32.35],[-64.92,-32.32],[-64.93,-32.32],[-64.95,-32.31],[-64.96,-32.32],[-64.98,-32.32],[-65.01,-32.32],[-65.02,-32.32],[-65.06,-32.32],[-65.07,-32.32],[-65.21,-32.32],[-65.21,-32.3],[-65.22,-32.28],[-65.21,-32.26],[-65.22,-32.24],[-65.22,-32.23],[-65.23,-32.22],[-65.24,-32.21],[-65.24,-32.19],[-65.24,-32.16],[-65.24,-32.15],[-65.24,-32.14],[-65.25,-32.13],[-65.25,-32.12],[-65.25,-32.11],[-65.26,-32.1],[-65.26,-32.09],[-65.28,-32.07],[-65.29,-32.06],[-65.29,-32.05],[-65.32,-32.04],[-65.4,-32.01],[-65.65,-31.9],[-65.66,-31.89],[-65.66,-31.88],[-65.68,-31.89],[-65.74,-31.89],[-65.78,-31.89],[-65.77,-31.03],[-65.53,-30.48],[-65.41,-30.12],[-65.13,-30.07],[-65.09,-30.04],[-65.03,-30.0],[-64.91,-29.91],[-64.92,-29.83],[-64.97,-29.59],[-64.85,-29.57],[-64.74,-29.55],[-64.66,-29.54],[-64.5,-29.53],[-64.42,-29.51],[-64.33,-29.5],[-63.98,-29.55],[-63.96,-29.58],[-63.96,-29.62],[-63.89,-29.62],[-63.87,-29.57],[-63.85,-29.57],[-63.81,-29.57],[-63.78,-29.58],[-63.78,-29.6],[-63.8,-29.6],[-63.77,-29.64],[-63.72,-29.66],[-63.63,-29.65],[-63.56,-29.66],[-63.52,-29.66],[-63.51,-29.67],[-63.47,-29.66],[-63.48,-29.72],[-63.45,-29.72],[-63.45,-29.75],[-63.45,-29.78],[-63.34,-29.78],[-62.78,-29.81],[-62.79,-29.82],[-62.8,-29.82],[-62.81,-29.83],[-62.81,-29.84],[-62.81,-29.85],[-62.8,-29.86],[-62.8,-29.87],[-62.8,-29.88],[-62.79,-29.88],[-62.78,-29.89],[-62.77,-29.91],[-62.77,-29.92],[-62.77,-29.93],[-62.76,-29.94],[-62.73,-29.95],[-62.72,-29.97],[-62.7,-29.98],[-62.7,-29.99],[-62.68,-30.01],[-62.67,-30.03],[-62.66,-30.03],[-62.66,-30.04],[-62.65,-30.04],[-62.64,-30.05],[-62.63,-30.05],[-62.62,-30.06],[-62.61,-30.06],[-62.6,-30.06],[-62.59,-30.06],[-62.58,-30.06],[-62.57,-30.06],[-62.57,-30.07],[-62.57,-30.08],[-62.56,-30.08],[-62.56,-30.09],[-62.56,-30.1],[-62.56,-30.11],[-62.57,-30.13],[-62.58,-30.14],[-62.59,-30.15],[-62.58,-30.15],[-62.58,-30.16],[-62.59,-30.16],[-62.59,-30.17],[-62.59,-30.18],[-62.58,-30.18],[-62.57,-30.19],[-62.58,-30.19],[-62.58,-30.2],[-62.59,-30.21],[-62.58,-30.21],[-62.59,-30.22],[-62.58,-30.22],[-62.59,-30.23],[-62.58,-30.23],[-62.58,-30.24],[-62.59,-30.24],[-62.58,-30.25],[-62.58,-30.26],[-62.58,-30.27],[-62.57,-30.28],[-62.57,-30.29],[-62.56,-30.29],[-62.54,-30.3],[-62.54,-30.31],[-62.53,-30.32],[-62.52,-30.33],[-62.19,-30.33],[-62.18,-30.33],[-62.16,-30.38],[-62.13,-30.48],[-62.13,-30.49],[-62.09,-30.52],[-62.02,-30.59],[-61.98,-30.6],[-61.98,-30.65],[-61.88,-30.66],[-61.83,-30.67],[-61.86,-30.79],[-62.06,-31.4],[-62.1,-31.53],[-62.13,-31.61],[-62.25,-31.7],[-62.24,-31.72],[-62.22,-31.74],[-62.22,-31.76],[-62.22,-31.78],[-62.21,-31.8],[-62.23,-31.83],[-62.23,-31.85],[-62.23,-31.87],[-62.23,-31.89],[-62.22,-31.9],[-62.2,-31.92],[-62.19,-31.93],[-62.18,-31.96],[-62.18,-31.97],[-62.17,-32.0],[-62.18,-32.05],[-62.18,-32.06],[-62.19,-32.12],[-62.18,-32.16],[-62.13,-32.21],[-62.04,-32.26],[-62.01,-32.36],[-61.98,-32.38],[-61.98,-32.39],[-61.96,-32.42],[-61.94,-32.44],[-61.93,-32.46],[-61.92,-32.49],[-61.91,-32.52],[-61.91,-32.53],[-61.93,-32.54],[-61.92,-32.54],[-61.91,-32.55],[-61.9,-32.55],[-61.9,-32.56],[-61.9,-32.57],[-61.92,-32.58],[-61.92,-32.59],[-61.91,-32.59],[-61.89,-32.59],[-61.89,-32.61],[-61.89,-32.62],[-61.9,-32.62],[-61.91,-32.62],[-61.95,-32.64],[-61.95,-32.67],[-61.93,-32.69],[-61.92,-32.69],[-61.9,-32.7],[-61.89,-32.69],[-61.86,-32.7],[-61.84,-32.72],[-61.83,-32.75],[-61.8,-32.76],[-61.8,-32.77],[-61.8,-32.78],[-61.79,-32.79],[-61.79,-32.81],[-61.78,-32.83],[-61.79,-32.85],[-61.79,-32.86],[-61.8,-32.87],[-61.78,-32.9],[-61.78,-32.91],[-61.78,-32.93],[-61.79,-32.94],[-61.79,-32.95],[-61.79,-32.97],[-61.79,-32.98],[-61.79,-32.99],[-61.79,-33.0],[-61.8,-33.02],[-61.81,-33.03],[-61.81,-33.04],[-61.85,-33.06],[-61.85,-33.07],[-61.87,-33.08],[-61.88,-33.1],[-61.89,-33.1],[-61.91,-33.12],[-61.92,-33.12],[-61.97,-33.18],[-62.01,-33.26],[-62.21,-33.51],[-62.5,-33.89],[-62.58,-33.99],[-62.62,-34.04],[-62.86,-34.36],[-62.87,-34.37],[-62.89,-34.38],[-63.05,-34.38]]]]}},{"type":"Feature","properties":{"GID_1":"ARG.7_1","GID_0":"ARG","COUNTRY":"Argentina","NAME_1":"Corrientes","VARNAME_1":"NA","NL_NAME_1":"NA","TYPE_1":"Provincia","ENGTYPE_1":"Province","CC_1":"NA","HASC_1":"AR.CN","ISO_1":"AR-W"},"geometry":{"type":"MultiPolygon","coordinates":[[[[-57.65,-30.19],[-57.65,-30.2],[-57.65,-30.21],[-57.64,-30.22],[-57.62,-30.24],[-57.62,-30.25],[-57.62,-30.26],[-57.63,-30.29],[-57.64,-30.33],[-57.65,-30.35],[-57.67,-30.37],[-57.71,-30.39],[-57.77,-30.42],[-57.79,-30.45],[-57.8,-30.45],[-57.86,-30.48],[-57.89,-30.5],[-57.89,-30.51],[-57.89,-30.52],[-57.89,-30.55],[-57.89,-30.56],[-57.89,-30.57],[-57.89,-30.58],[-57.89,-30.59],[-57.88,-30.59],[-57.86,-30.6],[-57.85,-30.61],[-57.84,-30.63],[-57.83,-30.67],[-57.82,-30.68],[-57.81,-30.69],[-57.8,-30.71],[-57.81,-30.74],[-57.81,-30.76],[-57.82,-30.75],[-57.82,-30.72],[-57.83,-30.71],[-57.83,-30.7],[-57.86,-30.69],[-57.88,-30.68],[-57.91,-30.66],[-57.94,-30.64],[-57.96,-30.64],[-57.98,-30.62],[-58.0,-30.61],[-58.02,-30.6],[-58.02,-30.59],[-58.03,-30.57],[-58.05,-30.56],[-58.06,-30.54],[-58.06,-30.53],[-58.05,-30.51],[-58.07,-30.47],[-58.07,-30.42],[-58.08,-30.42],[-58.1,-30.41],[-58.14,-30.39],[-58.17,-30.36],[-58.17,-30.34],[-58.18,-30.34],[-58.19,-30.33],[-58.19,-30.32],[-58.2,-30.32],[-58.2,-30.3],[-58.2,-30.29],[-58.22,-30.29],[-58.23,-30.28],[-58.24,-30.27],[-58.25,-30.27],[-58.26,-30.26],[-58.26,-30.25],[-58.27,-30.25],[-58.28,-30.25],[-58.29,-30.25],[-58.3,-30.25],[-58.32,-30.27],[-58.36,-30.26],[-58.38,-30.25],[-58.41,-30.24],[-58.44,-30.23],[-58.46,-30.21],[-58.47,-30.21],[-58.48,-30.22],[-58.49,-30.22],[-58.5,-30.21],[-58.51,-30.2],[-58.53,-30.19],[-58.54,-30.2],[-58.55,-30.19],[-58.56,-30.19],[-58.57,-30.18],[-58.58,-30.17],[-58.59,-30.16],[-58.61,-30.18],[-58.63,-30.18],[-58.65,-30.16],[-58.67,-30.17],[-58.67,-30.16],[-58.68,-30.16],[-58.69,-30.17],[-58.7,-30.18],[-58.71,-30.18],[-58.72,-30.19],[-58.74,-30.2],[-58.76,-30.21],[-58.77,-30.21],[-58.78,-30.21],[-58.79,-30.21],[-58.8,-30.21],[-58.81,-30.21],[-58.82,-30.22],[-58.83,-30.23],[-58.84,-30.23],[-58.85,-30.23],[-58.86,-30.23],[-58.87,-30.23],[-58.88,-30.24],[-58.91,-30.24],[-58.92,-30.24],[-58.93,-30.23],[-58.96,-30.22],[-58.97,-30.22],[-58.98,-30.21],[-58.99,-30.22],[-59.02,-30.22],[-59.03,-30.23],[-59.04,-30.24],[-59.05,-30.24],[-59.06,-30.23],[-59.07,-30.23],[-59.08,-30.24],[-59.08,-30.25],[-59.09,-30.26],[-59.11,-30.26],[-59.11,-30.27],[-59.12,-30.28],[-59.12,-30.29],[-59.12,-30.3],[-59.15,-30.31],[-59.17,-30.32],[-59.18,-30.33],[-59.2,-30.33],[-59.21,-30.34],[-59.23,-30.35],[-59.23,-30.36],[-59.24,-30.36],[-59.25,-30.36],[-59.27,-30.35],[-59.28,-30.36],[-59.29,-30.36],[-59.3,-30.36],[-59.31,-30.35],[-59.33,-30.35],[-59.35,-30.33],[-59.38,-30.33],[-59.4,-30.32],[-59.41,-30.32],[-59.42,-30.32],[-59.43,-30.32],[-59.44,-30.33],[-59.45,-30.33],[-59.46,-30.33],[-59.47,-30.33],[-59.48,-30.34],[-59.51,-30.34],[-59.53,-30.34],[-59.54,-30.34],[-59.55,-30.34],[-59.55,-30.33],[-59.56,-30.34],[-59.56,-30.35],[-59.57,-30.35],[-59.57,-30.36],[-59.57,-30.37],[-59.58,-30.41],[-59.59,-30.42],[-59.6,-30.43],[-59.61,-30.42],[-59.62,-30.4],[-59.63,-30.39],[-59.63,-30.37],[-59.63,-30.36],[-59.64,-30.36],[-59.66,-30.35],[-59.66,-30.33],[-59.66,-30.32],[-59.67,-30.31],[-59.69,-30.29],[-59.69,-30.28],[-59.69,-30.27],[-59.68,-30.27],[-59.65,-30.25],[-59.63,-30.24],[-59.62,-30.23],[-59.62,-30.21],[-59.62,-30.19],[-59.62,-30.17],[-59.62,-30.16],[-59.62,-30.14],[-59.6,-30.12],[-59.59,-30.1],[-59.59,-30.08],[-59.6,-30.07],[-59.6,-30.06],[-59.59,-30.05],[-59.57,-30.04],[-59.56,-30.03],[-59.56,-30.02],[-59.57,-30.01],[-59.59,-30.0],[-59.59,-29.99],[-59.59,-29.97],[-59.6,-29.96],[-59.61,-29.92],[-59.62,-29.9],[-59.62,-29.88],[-59.63,-29.88],[-59.67,-29.85],[-59.68,-29.83],[-59.68,-29.82],[-59.67,-29.81],[-59.63,-29.78],[-59.62,-29.77],[-59.62,-29.75],[-59.63,-29.73],[-59.63,-29.72],[-59.64,-29.71],[-59.64,-29.7],[-59.63,-29.69],[-59.63,-29.68],[-59.61,-29.66],[-59.61,-29.65],[-59.6,-29.65],[-59.61,-29.61],[-59.62,-29.6],[-59.62,-29.59],[-59.61,-29.59],[-59.61,-29.58],[-59.61,-29.57],[-59.61,-29.55],[-59.61,-29.51],[-59.61,-29.49],[-59.6,-29.44],[-59.61,-29.42],[-59.61,-29.41],[-59.61,-29.4],[-59.6,-29.38],[-59.59,-29.36],[-59.57,-29.35],[-59.55,-29.34],[-59.54,-29.33],[-59.53,-29.32],[-59.51,-29.28],[-59.5,-29.24],[-59.49,-29.23],[-59.49,-29.22],[-59.48,-29.22],[-59.44,-29.22],[-59.4,-29.21],[-59.38,-29.19],[-59.37,-29.18],[-59.37,-29.17],[-59.35,-29.15],[-59.34,-29.13],[-59.34,-29.12],[-59.33,-29.1],[-59.32,-29.09],[-59.31,-29.09],[-59.28,-29.09],[-59.25,-29.09],[-59.23,-29.08],[-59.22,-29.07],[-59.21,-29.06],[-59.21,-29.05],[-59.2,-29.02],[-59.19,-28.99],[-59.19,-28.96],[-59.19,-28.94],[-59.16,-28.87],[-59.16,-28.85],[-59.17,-28.83],[-59.16,-28.81],[-59.16,-28.8],[-59.16,-28.78],[-59.15,-28.77],[-59.14,-28.76],[-59.13,-28.74],[-59.12,-28.73],[-59.12,-28.72],[-59.11,-28.71],[-59.1,-28.7],[-59.1,-28.67],[-59.09,-28.66],[-59.08,-28.66],[-59.08,-28.64],[-59.1,-28.62],[-59.11,-28.61],[-59.11,-28.6],[-59.1,-28.58],[-59.09,-28.55],[-59.08,-28.54],[-59.06,-28.5],[-59.06,-28.48],[-59.07,-28.46],[-59.08,-28.44],[-59.08,-28.43],[-59.07,-28.42],[-59.07,-28.41],[-59.08,-28.4],[-59.08,-28.37],[-59.09,-28.36],[-59.1,-28.34],[-59.1,-28.31],[-59.09,-28.3],[-59.09,-28.28],[-59.1,-28.24],[-59.1,-28.21],[-59.09,-28.2],[-59.08,-28.19],[-59.07,-28.18],[-59.07,-28.17],[-59.07,-28.14],[-59.06,-28.13],[-59.05,-28.12],[-59.04,-28.12],[-59.03,-28.12],[-59.01,-28.13],[-58.98,-28.12],[-58.97,-28.12],[-58.96,-28.12],[-58.95,-28.12],[-58.93,-28.11],[-58.91,-28.1],[-58.9,-28.09],[-58.89,-28.07],[-58.88,-28.04],[-58.87,-28.03],[-58.88,-28.02],[-58.88,-28.01],[-58.89,-28.0],[-58.88,-27.98],[-58.87,-27.97],[-58.86,-27.93],[-58.85,-27.92],[-58.85,-27.9],[-58.85,-27.88],[-58.84,-27.87],[-58.83,-27.86],[-58.83,-27.85],[-58.82,-27.82],[-58.82,-27.81],[-58.81,-27.8],[-58.81,-27.77],[-58.82,-27.74],[-58.83,-27.67],[-58.84,-27.65],[-58.85,-27.63],[-58.86,-27.62],[-58.88,-27.61],[-58.88,-27.6],[-58.88,-27.57],[-58.87,-27.55],[-58.87,-27.53],[-58.88,-27.52],[-58.89,-27.5],[-58.89,-27.49],[-58.89,-27.48],[-58.87,-27.47],[-58.86,-27.47],[-58.84,-27.45],[-58.82,-27.43],[-58.8,-27.41],[-58.78,-27.39],[-58.77,-27.38],[-58.76,-27.38],[-58.75,-27.38],[-58.74,-27.38],[-58.72,-27.37],[-58.69,-27.36],[-58.67,-27.36],[-58.65,-27.35],[-58.64,-27.34],[-58.63,-27.34],[-58.62,-27.33],[-58.62,-27.32],[-58.61,-27.3],[-58.6,-27.3],[-58.58,-27.3],[-58.54,-27.3],[-58.53,-27.29],[-58.51,-27.28],[-58.49,-27.27],[-58.48,-27.28],[-58.46,-27.28],[-58.45,-27.28],[-58.43,-27.27],[-58.42,-27.27],[-58.39,-27.28],[-58.38,-27.28],[-58.34,-27.27],[-58.31,-27.26],[-58.28,-27.25],[-58.24,-27.25],[-58.2,-27.25],[-58.19,-27.25],[-58.16,-27.27],[-58.15,-27.27],[-58.12,-27.27],[-58.1,-27.27],[-58.07,-27.27],[-58.01,-27.26],[-57.99,-27.27],[-57.94,-27.28],[-57.91,-27.29],[-57.87,-27.29],[-57.85,-27.3],[-57.81,-27.33],[-57.8,-27.33],[-57.78,-27.33],[-57.77,-27.33],[-57.73,-27.32],[-57.72,-27.33],[-57.7,-27.33],[-57.65,-27.37],[-57.64,-27.37],[-57.6,-27.4],[-57.58,-27.4],[-57.57,-27.41],[-57.56,-27.43],[-57.55,-27.43],[-57.51,-27.44],[-57.49,-27.44],[-57.45,-27.43],[-57.39,-27.42],[-57.33,-27.41],[-57.31,-27.42],[-57.29,-27.42],[-57.25,-27.44],[-57.2,-27.45],[-57.18,-27.46],[-57.16,-27.47],[-57.12,-27.48],[-57.08,-27.49],[-57.03,-27.48],[-57.02,-27.47],[-57.0,-27.46],[-57.0,-27.51],[-56.98,-27.52],[-56.96,-27.53],[-56.94,-27.55],[-56.91,-27.57],[-56.89,-27.59],[-56.87,-27.6],[-56.85,-27.6],[-56.83,-27.6],[-56.81,-27.59],[-56.79,-27.58],[-56.75,-27.57],[-56.74,-27.56],[-56.72,-27.52],[-56.72,-27.49],[-56.72,-27.48],[-56.72,-27.47],[-56.71,-27.46],[-56.7,-27.46],[-56.69,-27.46],[-56.67,-27.46],[-56.65,-27.46],[-56.61,-27.45],[-56.6,-27.45],[-56.59,-27.45],[-56.57,-27.45],[-56.56,-27.46],[-56.55,-27.47],[-56.52,-27.5],[-56.51,-27.52],[-56.5,-27.54],[-56.49,-27.56],[-56.49,-27.57],[-56.48,-27.58],[-56.47,-27.58],[-56.46,-27.58],[-56.45,-27.58],[-56.45,-27.59],[-56.43,-27.6],[-56.42,-27.6],[-56.39,-27.61],[-56.38,-27.6],[-56.36,-27.6],[-56.36,-27.58],[-56.36,-27.57],[-56.36,-27.56],[-56.35,-27.54],[-56.34,-27.53],[-56.32,-27.51],[-56.29,-27.49],[-56.28,-27.47],[-56.28,-27.45],[-56.29,-27.43],[-56.29,-27.42],[-56.28,-27.41],[-56.27,-27.4],[-56.24,-27.39],[-56.23,-27.38],[-56.22,-27.38],[-56.17,-27.33],[-56.14,-27.31],[-56.1,-27.3],[-56.06,-27.3],[-56.04,-27.31],[-56.03,-27.32],[-56.03,-27.34],[-56.04,-27.35],[-56.04,-27.37],[-56.03,-27.37],[-56.03,-27.39],[-56.04,-27.4],[-56.05,-27.41],[-56.05,-27.42],[-56.06,-27.43],[-56.06,-27.46],[-56.04,-27.47],[-56.03,-27.5],[-56.02,-27.51],[-56.02,-27.52],[-56.0,-27.53],[-55.99,-27.54],[-55.97,-27.56],[-55.96,-27.58],[-55.93,-27.62],[-55.89,-27.7],[-55.87,-27.74],[-55.85,-27.76],[-55.83,-27.8],[-55.83,-27.81],[-55.84,-27.82],[-55.84,-27.83],[-55.85,-27.83],[-55.84,-27.84],[-55.83,-27.86],[-55.84,-27.87],[-55.84,-27.89],[-55.83,-27.9],[-55.82,-27.91],[-55.82,-27.92],[-55.82,-27.93],[-55.82,-27.94],[-55.81,-27.96],[-55.81,-27.97],[-55.79,-27.98],[-55.78,-27.99],[-55.77,-27.99],[-55.75,-28.0],[-55.74,-28.02],[-55.74,-28.03],[-55.74,-28.04],[-55.74,-28.05],[-55.73,-28.05],[-55.72,-28.05],[-55.71,-28.06],[-55.71,-28.07],[-55.71,-28.08],[-55.7,-28.08],[-55.69,-28.08],[-55.68,-28.09],[-55.67,-28.1],[-55.66,-28.1],[-55.64,-28.12],[-55.63,-28.13],[-55.62,-28.13],[-55.62,-28.14],[-55.62,-28.15],[-55.62,-28.16],[-55.63,-28.18],[-55.66,-28.19],[-55.69,-28.22],[-55.71,-28.22],[-55.76,-28.23],[-55.77,-28.24],[-55.77,-28.25],[-55.77,-28.26],[-55.77,-28.27],[-55.76,-28.27],[-55.75,-28.28],[-55.69,-28.31],[-55.68,-28.32],[-55.67,-28.33],[-55.67,-28.34],[-55.67,-28.36],[-55.68,-28.39],[-55.69,-28.42],[-55.7,-28.42],[-55.71,-28.42],[-55.72,-28.4],[-55.73,-28.39],[-55.73,-28.38],[-55.75,-28.37],[-55.77,-28.37],[-55.81,-28.36],[-55.85,-28.35],[-55.86,-28.35],[-55.87,-28.35],[-55.87,-28.36],[-55.88,-28.37],[-55.9,-28.4],[-55.9,-28.41],[-55.89,-28.44],[-55.88,-28.46],[-55.88,-28.47],[-55.89,-28.48],[-55.91,-28.48],[-55.93,-28.49],[-55.95,-28.49],[-55.96,-28.5],[-56.0,-28.5],[-56.01,-28.51],[-56.02,-28.52],[-56.02,-28.53],[-56.02,-28.54],[-56.01,-28.58],[-56.01,-28.59],[-56.01,-28.6],[-56.02,-28.61],[-56.03,-28.62],[-56.05,-28.62],[-56.06,-28.63],[-56.14,-28.7],[-56.16,-28.73],[-56.17,-28.76],[-56.18,-28.77],[-56.19,-28.77],[-56.23,-28.77],[-56.25,-28.78],[-56.27,-28.78],[-56.28,-28.79],[-56.3,-28.81],[-56.3,-28.82],[-56.3,-28.83],[-56.3,-28.86],[-56.3,-28.88],[-56.31,-28.9],[-56.31,-28.92],[-56.32,-28.93],[-56.32,-28.92],[-56.34,-28.93],[-56.38,-28.95],[-56.39,-28.96],[-56.41,-28.98],[-56.41,-29.0],[-56.4,-29.01],[-56.4,-29.02],[-56.41,-29.04],[-56.41,-29.05],[-56.42,-29.06],[-56.42,-29.07],[-56.43,-29.08],[-56.45,-29.09],[-56.5,-29.09],[-56.51,-29.1],[-56.54,-29.11],[-56.58,-29.12],[-56.59,-29.12],[-56.6,-29.13],[-56.61,-29.16],[-56.63,-29.18],[-56.65,-29.21],[-56.65,-29.22],[-56.65,-29.25],[-56.66,-29.27],[-56.66,-29.28],[-56.68,-29.32],[-56.71,-29.36],[-56.72,-29.37],[-56.73,-29.37],[-56.75,-29.37],[-56.77,-29.38],[-56.78,-29.39],[-56.78,-29.4],[-56.78,-29.42],[-56.78,-29.44],[-56.8,-29.45],[-56.81,-29.46],[-56.82,-29.48],[-56.83,-29.49],[-56.86,-29.5],[-56.87,-29.51],[-56.88,-29.51],[-56.89,-29.52],[-56.9,-29.54],[-56.96,-29.59],[-56.97,-29.61],[-56.97,-29.62],[-56.97,-29.64],[-56.98,-29.64],[-56.99,-29.64],[-57.02,-29.66],[-57.04,-29.69],[-57.06,-29.7],[-57.1,-29.75],[-57.14,-29.77],[-57.16,-29.78],[-57.22,-29.77],[-57.24,-29.78],[-57.25,-29.79],[-57.28,-29.82],[-57.31,-29.85],[-57.32,-29.87],[-57.32,-29.89],[-57.32,-29.92],[-57.32,-29.96],[-57.33,-29.98],[-57.34,-30.0],[-57.35,-30.01],[-57.36,-30.01],[-57.38,-30.02],[-57.4,-30.03],[-57.41,-30.04],[-57.44,-30.07],[-57.46,-30.11],[-57.47,-30.12],[-57.5,-30.14],[-57.56,-30.17],[-57.58,-30.17],[-57.61,-30.18],[-57.62,-30.18],[-57.63,-30.18],[-57.64,-30.18],[-57.64,-30.19],[-57.65,-30.19]]]]}},{"type":"Feature","properties":{"GID_1":"ARG.8_1","GID_0":"ARG","COUNTRY":"Argentina","NAME_1":"EntreRíos","VARNAME_1":"Entre-Rios","NL_NAME_1":"NA","TYPE_1":"Provincia","ENGTYPE_1":"Province","CC_1":"NA","HASC_1":"AR.ER","ISO_1":"NA"},"geometry":{"type":"MultiPolygon","coordinates":[[[[-59.2,-33.8],[-59.22,-33.81],[-59.23,-33.81],[-59.24,-33.8],[-59.25,-33.78],[-59.26,-33.78],[-59.25,-33.76],[-59.25,-33.73],[-59.25,-33.72],[-59.26,-33.72],[-59.27,-33.72],[-59.3,-33.73],[-59.34,-33.73],[-59.38,-33.74],[-59.41,-33.74],[-59.45,-33.73],[-59.45,-33.72],[-59.46,-33.72],[-59.47,-33.7],[-59.48,-33.67],[-59.49,-33.65],[-59.5,-33.64],[-59.51,-33.63],[-59.53,-33.63],[-59.54,-33.63],[-59.54,-33.64],[-59.56,-33.65],[-59.6,-33.68],[-59.61,-33.69],[-59.62,-33.69],[-59.63,-33.68],[-59.64,-33.67],[-59.64,-33.66],[-59.65,-33.64],[-59.65,-33.63],[-59.68,-33.62],[-59.68,-33.61],[-59.71,-33.61],[-59.73,-33.61],[-59.74,-33.61],[-59.75,-33.61],[-59.76,-33.61],[-59.8,-33.6],[-59.82,-33.59],[-59.82,-33.58],[-59.82,-33.57],[-59.82,-33.55],[-59.82,-33.53],[-59.83,-33.53],[-59.83,-33.52],[-59.86,-33.51],[-59.91,-33.5],[-59.92,-33.49],[-59.94,-33.47],[-59.95,-33.46],[-59.97,-33.46],[-60.01,-33.46],[-60.02,-33.45],[-60.04,-33.44],[-60.06,-33.43],[-60.07,-33.42],[-60.08,-33.41],[-60.1,-33.38],[-60.12,-33.37],[-60.13,-33.36],[-60.15,-33.36],[-60.16,-33.35],[-60.18,-33.34],[-60.19,-33.33],[-60.19,-33.31],[-60.2,-33.29],[-60.21,-33.28],[-60.23,-33.27],[-60.26,-33.25],[-60.29,-33.25],[-60.3,-33.24],[-60.3,-33.23],[-60.31,-33.21],[-60.31,-33.19],[-60.31,-33.18],[-60.32,-33.17],[-60.34,-33.17],[-60.35,-33.17],[-60.36,-33.17],[-60.38,-33.18],[-60.39,-33.18],[-60.43,-33.16],[-60.45,-33.15],[-60.47,-33.14],[-60.51,-33.11],[-60.53,-33.1],[-60.54,-33.08],[-60.55,-33.06],[-60.57,-33.04],[-60.59,-33.02],[-60.6,-33.01],[-60.6,-33.0],[-60.61,-32.99],[-60.6,-32.97],[-60.61,-32.95],[-60.62,-32.94],[-60.66,-32.92],[-60.67,-32.91],[-60.68,-32.9],[-60.68,-32.89],[-60.68,-32.87],[-60.67,-32.84],[-60.67,-32.83],[-60.68,-32.82],[-60.68,-32.81],[-60.71,-32.79],[-60.71,-32.78],[-60.72,-32.76],[-60.72,-32.74],[-60.72,-32.73],[-60.71,-32.73],[-60.7,-32.72],[-60.7,-32.71],[-60.7,-32.7],[-60.71,-32.68],[-60.72,-32.66],[-60.74,-32.63],[-60.75,-32.62],[-60.75,-32.61],[-60.74,-32.6],[-60.74,-32.58],[-60.74,-32.56],[-60.75,-32.53],[-60.76,-32.5],[-60.76,-32.49],[-60.75,-32.48],[-60.73,-32.46],[-60.72,-32.45],[-60.71,-32.4],[-60.71,-32.39],[-60.72,-32.38],[-60.72,-32.35],[-60.72,-32.34],[-60.73,-32.33],[-60.74,-32.31],[-60.73,-32.31],[-60.72,-32.3],[-60.71,-32.31],[-60.69,-32.32],[-60.68,-32.32],[-60.68,-32.31],[-60.67,-32.3],[-60.68,-32.27],[-60.68,-32.25],[-60.67,-32.24],[-60.67,-32.22],[-60.68,-32.21],[-60.69,-32.21],[-60.71,-32.19],[-60.73,-32.19],[-60.73,-32.18],[-60.73,-32.17],[-60.73,-32.16],[-60.7,-32.14],[-60.68,-32.11],[-60.66,-32.09],[-60.66,-32.08],[-60.66,-32.06],[-60.66,-32.05],[-60.68,-32.02],[-60.69,-32.01],[-60.7,-32.01],[-60.72,-32.01],[-60.72,-32.0],[-60.71,-31.97],[-60.71,-31.95],[-60.69,-31.93],[-60.67,-31.92],[-60.66,-31.91],[-60.66,-31.9],[-60.67,-31.89],[-60.67,-31.88],[-60.67,-31.87],[-60.66,-31.84],[-60.66,-31.83],[-60.67,-31.82],[-60.67,-31.81],[-60.66,-31.79],[-60.66,-31.78],[-60.66,-31.77],[-60.67,-31.75],[-60.67,-31.74],[-60.66,-31.73],[-60.65,-31.72],[-60.62,-31.73],[-60.61,-31.72],[-60.6,-31.72],[-60.58,-31.7],[-60.57,-31.69],[-60.55,-31.69],[-60.53,-31.7],[-60.52,-31.7],[-60.51,-31.7],[-60.47,-31.69],[-60.43,-31.68],[-60.41,-31.67],[-60.4,-31.66],[-60.38,-31.64],[-60.34,-31.62],[-60.33,-31.61],[-60.32,-31.6],[-60.32,-31.59],[-60.33,-31.57],[-60.33,-31.56],[-60.33,-31.55],[-60.31,-31.54],[-60.3,-31.53],[-60.26,-31.53],[-60.24,-31.52],[-60.23,-31.51],[-60.23,-31.49],[-60.22,-31.48],[-60.21,-31.47],[-60.2,-31.46],[-60.19,-31.45],[-60.17,-31.45],[-60.15,-31.44],[-60.14,-31.44],[-60.13,-31.43],[-60.13,-31.42],[-60.12,-31.41],[-60.11,-31.38],[-60.1,-31.36],[-60.09,-31.34],[-60.09,-31.32],[-60.1,-31.3],[-60.1,-31.29],[-60.09,-31.28],[-60.07,-31.27],[-60.05,-31.27],[-60.04,-31.26],[-60.03,-31.25],[-60.02,-31.24],[-60.01,-31.23],[-60.0,-31.22],[-60.0,-31.21],[-60.0,-31.19],[-59.99,-31.17],[-59.97,-31.14],[-59.96,-31.11],[-59.95,-31.1],[-59.92,-31.1],[-59.89,-31.06],[-59.88,-31.05],[-59.87,-31.04],[-59.87,-31.03],[-59.86,-31.01],[-59.84,-30.99],[-59.83,-30.98],[-59.82,-30.97],[-59.8,-30.94],[-59.79,-30.93],[-59.78,-30.91],[-59.76,-30.89],[-59.75,-30.87],[-59.75,-30.84],[-59.74,-30.83],[-59.72,-30.83],[-59.71,-30.83],[-59.69,-30.82],[-59.69,-30.81],[-59.68,-30.8],[-59.69,-30.79],[-59.69,-30.78],[-59.67,-30.76],[-59.66,-30.74],[-59.65,-30.73],[-59.64,-30.72],[-59.63,-30.7],[-59.62,-30.69],[-59.63,-30.68],[-59.63,-30.67],[-59.66,-30.65],[-59.67,-30.63],[-59.67,-30.62],[-59.67,-30.61],[-59.66,-30.6],[-59.65,-30.57],[-59.65,-30.56],[-59.65,-30.52],[-59.66,-30.5],[-59.66,-30.48],[-59.67,-30.46],[-59.67,-30.44],[-59.69,-30.42],[-59.71,-30.41],[-59.71,-30.4],[-59.7,-30.39],[-59.7,-30.38],[-59.68,-30.37],[-59.67,-30.36],[-59.66,-30.35],[-59.64,-30.36],[-59.63,-30.36],[-59.63,-30.37],[-59.63,-30.39],[-59.62,-30.4],[-59.61,-30.42],[-59.6,-30.43],[-59.59,-30.42],[-59.58,-30.41],[-59.57,-30.37],[-59.57,-30.36],[-59.57,-30.35],[-59.56,-30.35],[-59.56,-30.34],[-59.55,-30.33],[-59.55,-30.34],[-59.54,-30.34],[-59.53,-30.34],[-59.51,-30.34],[-59.48,-30.34],[-59.47,-30.33],[-59.46,-30.33],[-59.45,-30.33],[-59.44,-30.33],[-59.43,-30.32],[-59.42,-30.32],[-59.41,-30.32],[-59.4,-30.32],[-59.38,-30.33],[-59.35,-30.33],[-59.33,-30.35],[-59.31,-30.35],[-59.3,-30.36],[-59.29,-30.36],[-59.28,-30.36],[-59.27,-30.35],[-59.25,-30.36],[-59.24,-30.36],[-59.23,-30.36],[-59.23,-30.35],[-59.21,-30.34],[-59.2,-30.33],[-59.18,-30.33],[-59.17,-30.32],[-59.15,-30.31],[-59.12,-30.3],[-59.12,-30.29],[-59.12,-30.28],[-59.11,-30.27],[-59.11,-30.26],[-59.09,-30.26],[-59.08,-30.25],[-59.08,-30.24],[-59.07,-30.23],[-59.06,-30.23],[-59.05,-30.24],[-59.04,-30.24],[-59.03,-30.23],[-59.02,-30.22],[-58.99,-30.22],[-58.98,-30.21],[-58.97,-30.22],[-58.96,-30.22],[-58.93,-30.23],[-58.92,-30.24],[-58.91,-30.24],[-58.88,-30.24],[-58.87,-30.23],[-58.86,-30.23],[-58.85,-30.23],[-58.84,-30.23],[-58.83,-30.23],[-58.82,-30.22],[-58.81,-30.21],[-58.8,-30.21],[-58.79,-30.21],[-58.78,-30.21],[-58.77,-30.21],[-58.76,-30.21],[-58.74,-30.2],[-58.72,-30.19],[-58.71,-30.18],[-58.7,-30.18],[-58.69,-30.17],[-58.68,-30.16],[-58.67,-30.16],[-58.67,-30.17],[-58.65,-30.16],[-58.63,-30.18],[-58.61,-30.18],[-58.59,-30.16],[-58.58,-30.17],[-58.57,-30.18],[-58.56,-30.19],[-58.55,-30.19],[-58.54,-30.2],[-58.53,-30.19],[-58.51,-30.2],[-58.5,-30.21],[-58.49,-30.22],[-58.48,-30.22],[-58.47,-30.21],[-58.46,-30.21],[-58.44,-30.23],[-58.41,-30.24],[-58.38,-30.25],[-58.37,-30.26],[-58.36,-30.26],[-58.32,-30.27],[-58.3,-30.25],[-58.29,-30.25],[-58.28,-30.25],[-58.27,-30.25],[-58.26,-30.25],[-58.26,-30.26],[-58.25,-30.27],[-58.24,-30.27],[-58.23,-30.28],[-58.22,-30.29],[-58.2,-30.29],[-58.2,-30.3],[-58.2,-30.32],[-58.19,-30.32],[-58.19,-30.33],[-58.18,-30.34],[-58.17,-30.34],[-58.17,-30.36],[-58.14,-30.39],[-58.1,-30.41],[-58.08,-30.42],[-58.07,-30.42],[-58.07,-30.47],[-58.05,-30.51],[-58.06,-30.53],[-58.06,-30.54],[-58.05,-30.56],[-58.03,-30.57],[-58.02,-30.59],[-58.02,-30.6],[-58.01,-30.61],[-57.98,-30.62],[-57.96,-30.64],[-57.94,-30.64],[-57.91,-30.66],[-57.88,-30.68],[-57.86,-30.69],[-57.83,-30.71],[-57.82,-30.72],[-57.82,-30.74],[-57.81,-30.75],[-57.81,-30.76],[-57.8,-30.78],[-57.8,-30.82],[-57.8,-30.84],[-57.81,-30.88],[-57.81,-30.9],[-57.81,-30.91],[-57.82,-30.92],[-57.82,-30.93],[-57.87,-30.92],[-57.89,-30.92],[-57.9,-30.93],[-57.91,-30.95],[-57.9,-30.96],[-57.9,-30.97],[-57.89,-30.98],[-57.88,-30.98],[-57.87,-31.0],[-57.87,-31.03],[-57.87,-31.05],[-57.87,-31.07],[-57.88,-31.09],[-57.89,-31.1],[-57.9,-31.11],[-57.91,-31.12],[-57.91,-31.15],[-57.91,-31.18],[-57.91,-31.2],[-57.91,-31.21],[-57.91,-31.22],[-57.93,-31.25],[-57.94,-31.28],[-57.96,-31.3],[-57.98,-31.32],[-57.98,-31.34],[-58.0,-31.36],[-57.99,-31.36],[-57.99,-31.37],[-57.98,-31.38],[-57.98,-31.39],[-57.99,-31.39],[-58.01,-31.41],[-58.06,-31.43],[-58.08,-31.45],[-58.08,-31.46],[-58.08,-31.47],[-58.08,-31.48],[-58.08,-31.49],[-58.06,-31.5],[-58.03,-31.51],[-58.0,-31.53],[-58.0,-31.54],[-57.99,-31.56],[-57.98,-31.58],[-57.98,-31.59],[-57.99,-31.62],[-58.0,-31.65],[-58.01,-31.66],[-58.01,-31.67],[-58.01,-31.68],[-58.03,-31.71],[-58.04,-31.72],[-58.04,-31.74],[-58.04,-31.75],[-58.04,-31.76],[-58.05,-31.77],[-58.07,-31.8],[-58.09,-31.82],[-58.14,-31.83],[-58.19,-31.85],[-58.2,-31.86],[-58.21,-31.87],[-58.19,-31.91],[-58.17,-31.93],[-58.16,-31.95],[-58.15,-31.98],[-58.14,-32.0],[-58.14,-32.01],[-58.14,-32.02],[-58.14,-32.06],[-58.15,-32.07],[-58.15,-32.08],[-58.16,-32.08],[-58.17,-32.09],[-58.18,-32.14],[-58.18,-32.16],[-58.17,-32.17],[-58.15,-32.2],[-58.12,-32.22],[-58.11,-32.24],[-58.1,-32.25],[-58.1,-32.26],[-58.1,-32.29],[-58.1,-32.3],[-58.1,-32.31],[-58.12,-32.34],[-58.14,-32.35],[-58.17,-32.36],[-58.18,-32.37],[-58.18,-32.38],[-58.19,-32.39],[-58.19,-32.41],[-58.2,-32.43],[-58.2,-32.45],[-58.2,-32.46],[-58.2,-32.48],[-58.2,-32.49],[-58.19,-32.51],[-58.19,-32.53],[-58.18,-32.54],[-58.17,-32.55],[-58.16,-32.57],[-58.16,-32.59],[-58.15,-32.62],[-58.15,-32.63],[-58.15,-32.64],[-58.15,-32.67],[-58.14,-32.68],[-58.15,-32.7],[-58.15,-32.73],[-58.15,-32.75],[-58.14,-32.75],[-58.13,-32.78],[-58.12,-32.8],[-58.12,-32.82],[-58.12,-32.83],[-58.12,-32.86],[-58.12,-32.88],[-58.12,-32.9],[-58.12,-32.91],[-58.11,-32.93],[-58.11,-32.94],[-58.1,-32.95],[-58.09,-32.95],[-58.09,-32.96],[-58.09,-32.97],[-58.08,-33.0],[-58.09,-33.01],[-58.1,-33.02],[-58.11,-33.02],[-58.14,-33.04],[-58.17,-33.07],[-58.25,-33.1],[-58.28,-33.1],[-58.31,-33.1],[-58.35,-33.11],[-58.35,-33.1],[-58.33,-33.09],[-58.34,-33.07],[-58.37,-33.07],[-58.4,-33.07],[-58.41,-33.08],[-58.42,-33.09],[-58.43,-33.08],[-58.43,-33.09],[-58.43,-33.1],[-58.42,-33.11],[-58.41,-33.12],[-58.41,-33.13],[-58.42,-33.14],[-58.42,-33.15],[-58.43,-33.16],[-58.42,-33.22],[-58.43,-33.25],[-58.43,-33.26],[-58.42,-33.28],[-58.42,-33.29],[-58.42,-33.31],[-58.45,-33.33],[-58.46,-33.34],[-58.46,-33.35],[-58.48,-33.37],[-58.49,-33.39],[-58.5,-33.39],[-58.49,-33.41],[-58.5,-33.41],[-58.51,-33.44],[-58.52,-33.45],[-58.53,-33.49],[-58.53,-33.51],[-58.53,-33.53],[-58.53,-33.56],[-58.53,-33.58],[-58.54,-33.6],[-58.55,-33.6],[-58.54,-33.62],[-58.55,-33.64],[-58.55,-33.68],[-58.55,-33.7],[-58.54,-33.71],[-58.53,-33.72],[-58.53,-33.73],[-58.52,-33.75],[-58.52,-33.76],[-58.51,-33.76],[-58.51,-33.77],[-58.5,-33.78],[-58.49,-33.78],[-58.48,-33.8],[-58.48,-33.81],[-58.46,-33.82],[-58.45,-33.82],[-58.46,-33.83],[-58.45,-33.84],[-58.45,-33.85],[-58.45,-33.86],[-58.45,-33.87],[-58.46,-33.88],[-58.47,-33.89],[-58.46,-33.91],[-58.45,-33.9],[-58.43,-33.9],[-58.43,-33.92],[-58.42,-33.94],[-58.42,-33.95],[-58.41,-33.96],[-58.4,-33.98],[-58.41,-33.98],[-58.41,-33.97],[-58.41,-33.98],[-58.42,-33.98],[-58.41,-33.99],[-58.42,-33.99],[-58.41,-34.0],[-58.42,-34.0],[-58.44,-34.01],[-58.46,-34.01],[-58.47,-34.01],[-58.5,-34.01],[-58.52,-34.02],[-58.55,-34.03],[-58.57,-34.03],[-58.59,-34.03],[-58.61,-34.04],[-58.63,-34.04],[-58.65,-34.04],[-58.66,-34.04],[-58.69,-34.03],[-58.71,-34.01],[-58.72,-34.0],[-58.72,-33.98],[-58.75,-33.95],[-58.76,-33.94],[-58.77,-33.94],[-58.78,-33.94],[-58.81,-33.94],[-58.83,-33.95],[-58.85,-33.94],[-58.87,-33.93],[-58.88,-33.92],[-58.89,-33.91],[-58.9,-33.89],[-58.93,-33.87],[-58.95,-33.86],[-58.98,-33.86],[-58.99,-33.85],[-59.0,-33.84],[-59.01,-33.83],[-59.02,-33.83],[-59.03,-33.84],[-59.06,-33.83],[-59.08,-33.83],[-59.09,-33.83],[-59.11,-33.84],[-59.13,-33.84],[-59.14,-33.84],[-59.15,-33.83],[-59.16,-33.82],[-59.17,-33.81],[-59.19,-33.8],[-59.2,-33.8]]],[[[-58.4,-33.98]]],[[[-58.39,-33.95],[-58.38,-33.95],[-58.38,-33.96],[-58.37,-33.97],[-58.36,-33.98],[-58.36,-33.99],[-58.37,-33.99],[-58.38,-33.98],[-58.39,-33.96],[-58.4,-33.95],[-58.39,-33.95]]]]}},{"type":"Feature","properties":{"GID_1":"ARG.9_1","GID_0":"ARG","COUNTRY":"Argentina","NAME_1":"Formosa","VARNAME_1":"NA","NL_NAME_1":"NA","TYPE_1":"Provincia","ENGTYPE_1":"Province","CC_1":"NA","HASC_1":"AR.FM","ISO_1":"AR-P"},"geometry":{"type":"MultiPolygon","coordinates":[[[[-58.36,-26.85],[-58.37,-26.85],[-58.38,-26.85],[-58.38,-26.86],[-58.39,-26.85],[-58.4,-26.85],[-58.4,-26.84],[-58.39,-26.84],[-58.39,-26.83],[-58.39,-26.82],[-58.4,-26.82],[-58.4,-26.83],[-58.41,-26.83],[-58.41,-26.82],[-58.4,-26.81],[-58.41,-26.81],[-58.41,-26.82],[-58.41,-26.83],[-58.42,-26.82],[-58.42,-26.81],[-58.42,-26.8],[-58.43,-26.8],[-58.44,-26.81],[-58.45,-26.81],[-58.45,-26.8],[-58.45,-26.79],[-58.46,-26.78],[-58.47,-26.78],[-58.47,-26.79],[-58.46,-26.8],[-58.47,-26.8],[-58.49,-26.8],[-58.49,-26.79],[-58.48,-26.79],[-58.48,-26.78],[-58.5,-26.78],[-58.51,-26.77],[-58.52,-26.75],[-58.52,-26.76],[-58.53,-26.76],[-58.53,-26.75],[-58.54,-26.75],[-58.54,-26.74],[-58.54,-26.73],[-58.55,-26.74],[-58.56,-26.72],[-58.57,-26.71],[-58.58,-26.69],[-58.58,-26.68],[-58.6,-26.68],[-58.61,-26.67],[-58.62,-26.67],[-58.63,-26.65],[-58.64,-26.65],[-58.65,-26.65],[-58.66,-26.65],[-58.67,-26.64],[-58.68,-26.63],[-58.68,-26.62],[-58.69,-26.61],[-58.69,-26.59],[-58.7,-26.59],[-58.7,-26.58],[-58.71,-26.59],[-58.72,-26.59],[-58.73,-26.59],[-58.75,-26.6],[-58.75,-26.59],[-58.76,-26.58],[-58.76,-26.57],[-58.76,-26.56],[-58.77,-26.56],[-58.78,-26.54],[-58.79,-26.54],[-58.79,-26.53],[-58.8,-26.53],[-58.8,-26.52],[-58.81,-26.52],[-58.82,-26.52],[-58.83,-26.52],[-58.85,-26.51],[-58.86,-26.51],[-58.86,-26.5],[-58.86,-26.49],[-58.87,-26.47],[-58.88,-26.47],[-58.9,-26.46],[-58.91,-26.45],[-58.92,-26.45],[-58.94,-26.43],[-58.95,-26.42],[-58.96,-26.4],[-58.96,-26.39],[-58.99,-26.38],[-59.01,-26.37],[-59.02,-26.37],[-59.04,-26.36],[-59.05,-26.37],[-59.06,-26.37],[-59.07,-26.37],[-59.1,-26.34],[-59.12,-26.34],[-59.12,-26.33],[-59.11,-26.32],[-59.15,-26.32],[-59.15,-26.31],[-59.14,-26.31],[-59.14,-26.3],[-59.15,-26.29],[-59.16,-26.3],[-59.17,-26.3],[-59.18,-26.3],[-59.19,-26.31],[-59.19,-26.32],[-59.21,-26.33],[-59.22,-26.33],[-59.27,-26.34],[-59.28,-26.34],[-59.3,-26.33],[-59.31,-26.33],[-59.31,-26.32],[-59.32,-26.33],[-59.32,-26.32],[-59.33,-26.32],[-59.33,-26.33],[-59.34,-26.33],[-59.35,-26.33],[-59.36,-26.33],[-59.37,-26.32],[-59.38,-26.31],[-59.39,-26.3],[-59.39,-26.29],[-59.38,-26.28],[-59.38,-26.26],[-59.39,-26.26],[-59.39,-26.24],[-59.4,-26.22],[-59.41,-26.21],[-59.42,-26.2],[-59.41,-26.19],[-59.4,-26.18],[-59.41,-26.17],[-59.42,-26.16],[-59.43,-26.15],[-59.45,-26.15],[-59.47,-26.16],[-59.48,-26.16],[-59.49,-26.16],[-59.49,-26.15],[-59.5,-26.16],[-59.51,-26.15],[-59.52,-26.15],[-59.53,-26.15],[-59.54,-26.15],[-59.55,-26.15],[-59.56,-26.15],[-59.57,-26.15],[-59.58,-26.15],[-59.58,-26.14],[-59.58,-26.13],[-59.59,-26.13],[-59.6,-26.13],[-59.6,-26.12],[-59.61,-26.12],[-59.62,-26.13],[-59.62,-26.12],[-59.63,-26.12],[-59.63,-26.11],[-59.64,-26.11],[-59.64,-26.12],[-59.64,-26.13],[-59.64,-26.14],[-59.65,-26.14],[-59.65,-26.15],[-59.66,-26.14],[-59.65,-26.13],[-59.66,-26.12],[-59.67,-26.12],[-59.67,-26.11],[-59.67,-26.1],[-59.67,-26.09],[-59.67,-26.08],[-59.66,-26.08],[-59.67,-26.07],[-59.66,-26.07],[-59.67,-26.06],[-59.67,-26.05],[-59.67,-26.04],[-59.68,-26.04],[-59.67,-26.03],[-59.68,-26.02],[-59.67,-26.02],[-59.67,-26.01],[-59.68,-26.01],[-59.69,-26.01],[-59.7,-26.01],[-59.71,-26.01],[-59.71,-26.0],[-59.72,-25.99],[-59.73,-25.99],[-59.73,-25.98],[-59.73,-25.97],[-59.74,-25.97],[-59.75,-25.96],[-59.75,-25.95],[-59.75,-25.94],[-59.76,-25.93],[-59.77,-25.92],[-59.78,-25.91],[-59.79,-25.9],[-59.8,-25.9],[-59.8,-25.89],[-59.81,-25.89],[-59.82,-25.89],[-59.81,-25.88],[-59.81,-25.87],[-59.83,-25.88],[-59.84,-25.87],[-59.85,-25.85],[-59.86,-25.85],[-59.86,-25.84],[-59.87,-25.84],[-59.88,-25.84],[-59.87,-25.83],[-59.87,-25.82],[-59.88,-25.82],[-59.88,-25.81],[-59.87,-25.81],[-59.88,-25.8],[-59.91,-25.79],[-59.93,-25.77],[-59.95,-25.76],[-59.96,-25.76],[-59.96,-25.75],[-59.97,-25.74],[-59.98,-25.74],[-59.99,-25.73],[-60.02,-25.73],[-60.02,-25.72],[-60.03,-25.72],[-60.04,-25.71],[-60.04,-25.7],[-60.03,-25.7],[-60.04,-25.7],[-60.04,-25.69],[-60.05,-25.69],[-60.05,-25.68],[-60.06,-25.68],[-60.07,-25.68],[-60.08,-25.68],[-60.09,-25.68],[-60.1,-25.68],[-60.1,-25.67],[-60.09,-25.67],[-60.1,-25.66],[-60.11,-25.66],[-60.12,-25.66],[-60.13,-25.66],[-60.14,-25.66],[-60.15,-25.65],[-60.16,-25.64],[-60.16,-25.65],[-60.17,-25.65],[-60.18,-25.66],[-60.19,-25.65],[-60.19,-25.64],[-60.19,-25.63],[-60.19,-25.62],[-60.19,-25.61],[-60.2,-25.61],[-60.2,-25.6],[-60.21,-25.6],[-60.22,-25.6],[-60.22,-25.59],[-60.22,-25.57],[-60.23,-25.56],[-60.24,-25.55],[-60.23,-25.54],[-60.23,-25.53],[-60.24,-25.53],[-60.23,-25.53],[-60.23,-25.52],[-60.23,-25.51],[-60.24,-25.5],[-60.25,-25.5],[-60.24,-25.5],[-60.24,-25.49],[-60.26,-25.48],[-60.27,-25.48],[-60.28,-25.49],[-60.29,-25.48],[-60.28,-25.47],[-60.29,-25.48],[-60.3,-25.48],[-60.3,-25.47],[-60.3,-25.46],[-60.29,-25.46],[-60.29,-25.45],[-60.3,-25.45],[-60.3,-25.44],[-60.3,-25.43],[-60.31,-25.43],[-60.32,-25.44],[-60.33,-25.44],[-60.34,-25.43],[-60.35,-25.42],[-60.33,-25.41],[-60.33,-25.4],[-60.32,-25.39],[-60.33,-25.39],[-60.34,-25.39],[-60.34,-25.4],[-60.35,-25.38],[-60.35,-25.37],[-60.36,-25.36],[-60.37,-25.36],[-60.36,-25.35],[-60.37,-25.35],[-60.38,-25.35],[-60.4,-25.34],[-60.4,-25.33],[-60.42,-25.33],[-60.41,-25.32],[-60.41,-25.31],[-60.41,-25.3],[-60.41,-25.31],[-60.42,-25.32],[-60.43,-25.31],[-60.44,-25.29],[-60.44,-25.28],[-60.45,-25.28],[-60.46,-25.28],[-60.48,-25.26],[-60.47,-25.26],[-60.47,-25.25],[-60.48,-25.25],[-60.49,-25.24],[-60.49,-25.23],[-60.49,-25.22],[-60.5,-25.21],[-60.49,-25.21],[-60.49,-25.2],[-60.5,-25.2],[-60.52,-25.19],[-60.53,-25.18],[-60.54,-25.2],[-60.55,-25.2],[-60.56,-25.2],[-60.56,-25.19],[-60.57,-25.19],[-60.57,-25.18],[-60.57,-25.17],[-60.59,-25.18],[-60.6,-25.18],[-60.63,-25.17],[-60.63,-25.16],[-60.64,-25.16],[-60.65,-25.16],[-60.64,-25.16],[-60.65,-25.15],[-60.66,-25.16],[-60.66,-25.15],[-60.65,-25.14],[-60.65,-25.13],[-60.66,-25.13],[-60.68,-25.13],[-60.69,-25.13],[-60.7,-25.13],[-60.71,-25.13],[-60.71,-25.12],[-60.72,-25.12],[-60.72,-25.11],[-60.73,-25.11],[-60.74,-25.1],[-60.74,-25.09],[-60.75,-25.09],[-60.75,-25.08],[-60.76,-25.08],[-60.77,-25.08],[-60.78,-25.07],[-60.79,-25.07],[-60.82,-25.06],[-60.82,-25.05],[-60.83,-25.05],[-60.83,-25.04],[-60.84,-25.04],[-60.86,-25.03],[-60.86,-25.02],[-60.87,-25.02],[-60.88,-25.02],[-60.89,-25.02],[-60.9,-25.01],[-60.9,-25.0],[-60.91,-24.99],[-60.93,-24.99],[-60.92,-24.98],[-60.92,-24.97],[-60.94,-24.96],[-60.95,-24.95],[-60.97,-24.94],[-60.98,-24.94],[-60.98,-24.93],[-60.99,-24.93],[-60.99,-24.92],[-61.0,-24.92],[-61.01,-24.91],[-61.0,-24.9],[-61.01,-24.89],[-61.02,-24.89],[-61.03,-24.89],[-61.04,-24.89],[-61.05,-24.87],[-61.07,-24.86],[-61.07,-24.85],[-61.08,-24.85],[-61.08,-24.84],[-61.09,-24.84],[-61.09,-24.83],[-61.09,-24.82],[-61.1,-24.82],[-61.11,-24.83],[-61.12,-24.82],[-61.12,-24.81],[-61.13,-24.81],[-61.13,-24.8],[-61.14,-24.8],[-61.14,-24.77],[-61.15,-24.76],[-61.15,-24.75],[-61.14,-24.74],[-61.16,-24.74],[-61.16,-24.72],[-61.16,-24.71],[-61.17,-24.71],[-61.18,-24.71],[-61.17,-24.72],[-61.18,-24.72],[-61.19,-24.71],[-61.2,-24.71],[-61.2,-24.7],[-61.2,-24.69],[-61.2,-24.68],[-61.21,-24.67],[-61.22,-24.67],[-61.22,-24.66],[-61.22,-24.65],[-61.23,-24.65],[-61.24,-24.65],[-61.26,-24.65],[-61.26,-24.64],[-61.27,-24.64],[-61.28,-24.64],[-61.31,-24.64],[-61.32,-24.65],[-61.32,-24.66],[-61.33,-24.66],[-61.32,-24.65],[-61.32,-24.64],[-61.34,-24.64],[-61.35,-24.64],[-61.36,-24.64],[-61.37,-24.64],[-61.38,-24.63],[-61.39,-24.63],[-61.41,-24.63],[-61.42,-24.62],[-61.44,-24.62],[-61.45,-24.62],[-61.46,-24.63],[-61.47,-24.62],[-61.47,-24.61],[-61.48,-24.58],[-61.49,-24.58],[-61.5,-24.58],[-61.5,-24.57],[-61.51,-24.57],[-61.51,-24.56],[-61.52,-24.55],[-61.53,-24.55],[-61.53,-24.54],[-61.54,-24.53],[-61.56,-24.52],[-61.57,-24.51],[-61.57,-24.49],[-61.57,-24.48],[-61.58,-24.48],[-61.59,-24.47],[-61.6,-24.46],[-61.61,-24.46],[-61.62,-24.47],[-61.63,-24.46],[-61.64,-24.46],[-61.65,-24.45],[-61.66,-24.46],[-61.67,-24.46],[-61.68,-24.45],[-61.7,-24.44],[-61.7,-24.43],[-61.71,-24.42],[-61.71,-24.41],[-61.72,-24.4],[-61.71,-24.39],[-61.71,-24.38],[-61.72,-24.38],[-61.73,-24.37],[-61.76,-24.36],[-61.77,-24.35],[-61.77,-24.33],[-61.79,-24.31],[-61.78,-24.33],[-61.78,-24.34],[-61.79,-24.34],[-61.8,-24.33],[-61.81,-24.32],[-61.82,-24.31],[-61.82,-24.32],[-61.83,-24.33],[-61.83,-24.32],[-61.84,-24.31],[-61.85,-24.31],[-61.86,-24.3],[-61.87,-24.3],[-61.87,-24.31],[-61.88,-24.31],[-61.88,-24.3],[-61.88,-24.29],[-61.89,-24.29],[-61.9,-24.29],[-61.9,-24.28],[-61.91,-24.28],[-61.91,-24.27],[-61.96,-24.25],[-61.97,-24.24],[-61.97,-24.23],[-61.98,-24.23],[-61.99,-24.24],[-62.01,-24.24],[-62.02,-24.23],[-62.03,-24.24],[-62.04,-24.24],[-62.04,-24.23],[-62.05,-24.22],[-62.08,-24.23],[-62.1,-24.22],[-62.11,-24.21],[-62.1,-24.21],[-62.09,-24.2],[-62.1,-24.19],[-62.1,-24.2],[-62.13,-24.21],[-62.14,-24.21],[-62.14,-24.2],[-62.15,-24.2],[-62.15,-24.19],[-62.16,-24.19],[-62.17,-24.21],[-62.18,-24.21],[-62.18,-24.19],[-62.17,-24.19],[-62.17,-24.18],[-62.17,-24.17],[-62.18,-24.17],[-62.19,-24.17],[-62.2,-24.17],[-62.19,-24.16],[-62.19,-24.15],[-62.2,-24.15],[-62.21,-24.15],[-62.23,-24.15],[-62.24,-24.14],[-62.26,-24.14],[-62.27,-24.14],[-62.27,-24.13],[-62.28,-24.13],[-62.29,-24.13],[-62.29,-24.12],[-62.3,-24.12],[-62.3,-24.11],[-62.31,-24.11],[-62.32,-24.11],[-62.31,-24.1],[-62.31,-24.09],[-62.35,-24.11],[-62.35,-24.0],[-62.34,-22.46],[-62.33,-22.47],[-62.33,-22.48],[-62.3,-22.48],[-62.29,-22.49],[-62.28,-22.49],[-62.29,-22.52],[-62.28,-22.52],[-62.27,-22.51],[-62.26,-22.52],[-62.25,-22.53],[-62.24,-22.54],[-62.24,-22.55],[-62.23,-22.55],[-62.24,-22.58],[-62.25,-22.58],[-62.26,-22.59],[-62.27,-22.6],[-62.25,-22.6],[-62.25,-22.61],[-62.24,-22.61],[-62.24,-22.62],[-62.23,-22.62],[-62.22,-22.62],[-62.2,-22.64],[-62.19,-22.65],[-62.2,-22.65],[-62.2,-22.67],[-62.2,-22.68],[-62.2,-22.69],[-62.2,-22.71],[-62.19,-22.71],[-62.18,-22.71],[-62.16,-22.73],[-62.16,-22.75],[-62.16,-22.76],[-62.14,-22.76],[-62.14,-22.77],[-62.14,-22.79],[-62.12,-22.79],[-62.11,-22.8],[-62.11,-22.81],[-62.11,-22.82],[-62.09,-22.82],[-62.08,-22.83],[-62.08,-22.85],[-62.07,-22.85],[-62.06,-22.85],[-62.06,-22.86],[-62.04,-22.87],[-62.04,-22.88],[-62.04,-22.89],[-62.03,-22.91],[-62.03,-22.92],[-62.04,-22.92],[-62.04,-22.93],[-62.02,-22.92],[-62.02,-22.93],[-62.01,-22.93],[-62.01,-22.94],[-62.0,-22.96],[-62.01,-22.97],[-62.0,-22.97],[-62.01,-22.98],[-62.01,-22.99],[-62.0,-23.0],[-61.99,-23.02],[-61.98,-23.02],[-61.97,-23.03],[-61.95,-23.05],[-61.94,-23.05],[-61.94,-23.07],[-61.93,-23.07],[-61.91,-23.07],[-61.89,-23.08],[-61.88,-23.08],[-61.87,-23.08],[-61.86,-23.09],[-61.87,-23.1],[-61.85,-23.1],[-61.85,-23.12],[-61.84,-23.13],[-61.82,-23.13],[-61.82,-23.15],[-61.81,-23.16],[-61.79,-23.16],[-61.79,-23.17],[-61.78,-23.17],[-61.77,-23.17],[-61.76,-23.18],[-61.75,-23.19],[-61.75,-23.2],[-61.74,-23.24],[-61.73,-23.25],[-61.72,-23.25],[-61.7,-23.26],[-61.69,-23.26],[-61.69,-23.28],[-61.67,-23.29],[-61.64,-23.28],[-61.62,-23.28],[-61.61,-23.29],[-61.6,-23.29],[-61.59,-23.3],[-61.58,-23.3],[-61.58,-23.31],[-61.58,-23.32],[-61.55,-23.34],[-61.54,-23.34],[-61.53,-23.35],[-61.51,-23.35],[-61.52,-23.36],[-61.53,-23.36],[-61.53,-23.37],[-61.51,-23.38],[-61.51,-23.39],[-61.51,-23.4],[-61.5,-23.4],[-61.5,-23.41],[-61.49,-23.42],[-61.48,-23.42],[-61.46,-23.42],[-61.45,-23.42],[-61.44,-23.43],[-61.43,-23.44],[-61.42,-23.45],[-61.41,-23.45],[-61.4,-23.46],[-61.39,-23.46],[-61.39,-23.45],[-61.37,-23.45],[-61.36,-23.45],[-61.35,-23.45],[-61.35,-23.46],[-61.35,-23.47],[-61.32,-23.47],[-61.31,-23.48],[-61.3,-23.49],[-61.29,-23.5],[-61.27,-23.5],[-61.28,-23.52],[-61.27,-23.52],[-61.25,-23.54],[-61.23,-23.55],[-61.21,-23.55],[-61.2,-23.54],[-61.19,-23.54],[-61.19,-23.55],[-61.18,-23.55],[-61.17,-23.55],[-61.16,-23.57],[-61.15,-23.57],[-61.15,-23.58],[-61.14,-23.58],[-61.13,-23.59],[-61.11,-23.6],[-61.1,-23.61],[-61.09,-23.62],[-61.1,-23.63],[-61.1,-23.64],[-61.09,-23.64],[-61.1,-23.66],[-61.08,-23.67],[-61.09,-23.68],[-61.09,-23.69],[-61.08,-23.7],[-61.07,-23.71],[-61.06,-23.71],[-61.05,-23.72],[-61.04,-23.73],[-61.04,-23.74],[-61.03,-23.75],[-61.02,-23.76],[-61.02,-23.77],[-61.0,-23.79],[-60.99,-23.8],[-60.98,-23.81],[-60.95,-23.81],[-60.94,-23.81],[-60.94,-23.8],[-60.93,-23.8],[-60.91,-23.82],[-60.9,-23.83],[-60.86,-23.86],[-60.85,-23.87],[-60.84,-23.87],[-60.83,-23.87],[-60.82,-23.87],[-60.8,-23.87],[-60.8,-23.88],[-60.79,-23.87],[-60.78,-23.88],[-60.77,-23.87],[-60.76,-23.87],[-60.75,-23.88],[-60.75,-23.87],[-60.73,-23.88],[-60.72,-23.88],[-60.7,-23.89],[-60.69,-23.9],[-60.66,-23.91],[-60.6,-23.9],[-60.59,-23.91],[-60.59,-23.92],[-60.59,-23.94],[-60.58,-23.95],[-60.57,-23.96],[-60.55,-23.96],[-60.52,-23.97],[-60.51,-23.96],[-60.47,-23.96],[-60.45,-23.96],[-60.44,-23.98],[-60.42,-23.98],[-60.4,-23.99],[-60.39,-24.0],[-60.38,-24.02],[-60.37,-24.03],[-60.36,-24.03],[-60.33,-24.05],[-60.32,-24.05],[-60.3,-24.05],[-60.2,-24.04],[-60.18,-24.04],[-60.15,-24.04],[-60.12,-24.04],[-60.08,-24.02],[-60.06,-24.02],[-60.05,-24.01],[-59.66,-24.24],[-59.59,-24.27],[-59.56,-24.29],[-59.49,-24.33],[-59.48,-24.34],[-59.47,-24.34],[-59.47,-24.35],[-59.46,-24.36],[-59.46,-24.37],[-59.45,-24.38],[-59.43,-24.4],[-59.42,-24.41],[-59.4,-24.41],[-59.39,-24.42],[-59.38,-24.43],[-59.37,-24.44],[-59.36,-24.46],[-59.35,-24.48],[-59.34,-24.49],[-59.33,-24.5],[-59.3,-24.52],[-59.29,-24.52],[-59.26,-24.52],[-59.25,-24.53],[-59.25,-24.54],[-59.24,-24.55],[-59.22,-24.56],[-59.21,-24.56],[-59.18,-24.57],[-59.17,-24.58],[-59.16,-24.59],[-59.15,-24.59],[-59.15,-24.6],[-59.14,-24.6],[-59.13,-24.61],[-59.12,-24.62],[-59.11,-24.62],[-59.1,-24.62],[-59.09,-24.62],[-59.06,-24.63],[-59.05,-24.63],[-59.04,-24.64],[-59.02,-24.65],[-59.01,-24.66],[-59.0,-24.66],[-58.99,-24.66],[-58.98,-24.66],[-58.97,-24.67],[-58.96,-24.67],[-58.94,-24.68],[-58.93,-24.69],[-58.91,-24.7],[-58.9,-24.71],[-58.88,-24.72],[-58.88,-24.73],[-58.87,-24.73],[-58.86,-24.73],[-58.85,-24.74],[-58.84,-24.74],[-58.83,-24.75],[-58.81,-24.77],[-58.8,-24.77],[-58.76,-24.78],[-58.73,-24.78],[-58.72,-24.78],[-58.71,-24.78],[-58.7,-24.81],[-58.69,-24.81],[-58.68,-24.81],[-58.68,-24.82],[-58.67,-24.83],[-58.65,-24.83],[-58.61,-24.83],[-58.57,-24.83],[-58.55,-24.83],[-58.51,-24.85],[-58.5,-24.85],[-58.49,-24.85],[-58.48,-24.86],[-58.46,-24.87],[-58.44,-24.88],[-58.42,-24.89],[-58.42,-24.9],[-58.42,-24.92],[-58.41,-24.92],[-58.4,-24.93],[-58.39,-24.95],[-58.38,-24.96],[-58.37,-24.96],[-58.35,-24.97],[-58.34,-24.98],[-58.33,-24.99],[-58.33,-25.0],[-58.32,-25.0],[-58.31,-25.0],[-58.3,-24.98],[-58.29,-24.97],[-58.28,-24.96],[-58.27,-24.95],[-58.26,-24.94],[-58.25,-24.93],[-58.24,-24.93],[-58.23,-24.93],[-58.22,-24.93],[-58.22,-24.94],[-58.21,-24.95],[-58.2,-24.96],[-58.19,-24.97],[-58.18,-24.97],[-58.17,-24.97],[-58.16,-24.97],[-58.16,-24.98],[-58.15,-24.98],[-58.15,-24.99],[-58.14,-24.99],[-58.14,-25.0],[-58.13,-25.01],[-58.12,-25.01],[-58.11,-25.02],[-58.1,-25.01],[-58.09,-25.02],[-58.07,-25.04],[-58.06,-25.05],[-58.06,-25.04],[-58.05,-25.05],[-58.05,-25.04],[-58.03,-25.04],[-58.01,-25.04],[-58.0,-25.04],[-58.0,-25.05],[-57.99,-25.06],[-58.0,-25.07],[-57.99,-25.08],[-57.98,-25.08],[-57.97,-25.08],[-57.96,-25.07],[-57.95,-25.08],[-57.94,-25.07],[-57.93,-25.07],[-57.9,-25.08],[-57.87,-25.08],[-57.86,-25.09],[-57.85,-25.12],[-57.82,-25.14],[-57.79,-25.15],[-57.78,-25.16],[-57.78,-25.17],[-57.77,-25.18],[-57.76,-25.18],[-57.76,-25.2],[-57.76,-25.21],[-57.76,-25.22],[-57.74,-25.24],[-57.72,-25.26],[-57.7,-25.28],[-57.69,-25.28],[-57.67,-25.27],[-57.67,-25.3],[-57.67,-25.32],[-57.67,-25.33],[-57.66,-25.34],[-57.65,-25.34],[-57.64,-25.35],[-57.64,-25.36],[-57.64,-25.37],[-57.64,-25.38],[-57.62,-25.38],[-57.6,-25.4],[-57.58,-25.41],[-57.57,-25.42],[-57.56,-25.44],[-57.55,-25.46],[-57.55,-25.47],[-57.57,-25.52],[-57.56,-25.54],[-57.56,-25.55],[-57.57,-25.56],[-57.58,-25.57],[-57.59,-25.57],[-57.6,-25.57],[-57.6,-25.61],[-57.61,-25.62],[-57.63,-25.62],[-57.64,-25.61],[-57.65,-25.6],[-57.66,-25.6],[-57.67,-25.6],[-57.67,-25.61],[-57.67,-25.62],[-57.67,-25.64],[-57.67,-25.65],[-57.68,-25.66],[-57.69,-25.66],[-57.7,-25.65],[-57.71,-25.65],[-57.73,-25.66],[-57.75,-25.66],[-57.76,-25.67],[-57.76,-25.68],[-57.77,-25.69],[-57.77,-25.7],[-57.76,-25.7],[-57.75,-25.71],[-57.73,-25.7],[-57.73,-25.71],[-57.73,-25.72],[-57.76,-25.75],[-57.78,-25.76],[-57.79,-25.76],[-57.8,-25.76],[-57.81,-25.76],[-57.82,-25.77],[-57.81,-25.79],[-57.8,-25.81],[-57.8,-25.83],[-57.8,-25.84],[-57.81,-25.85],[-57.84,-25.86],[-57.86,-25.86],[-57.86,-25.87],[-57.86,-25.88],[-57.84,-25.9],[-57.84,-25.91],[-57.84,-25.92],[-57.85,-25.92],[-57.87,-25.93],[-57.88,-25.94],[-57.89,-25.95],[-57.88,-25.96],[-57.88,-25.97],[-57.85,-25.98],[-57.85,-25.99],[-57.85,-26.01],[-57.88,-26.02],[-57.9,-26.02],[-57.94,-26.06],[-57.98,-26.09],[-57.99,-26.09],[-58.01,-26.1],[-58.04,-26.11],[-58.06,-26.11],[-58.07,-26.11],[-58.08,-26.12],[-58.1,-26.13],[-58.12,-26.15],[-58.12,-26.16],[-58.11,-26.17],[-58.11,-26.18],[-58.12,-26.18],[-58.14,-26.18],[-58.16,-26.18],[-58.15,-26.19],[-58.13,-26.2],[-58.11,-26.21],[-58.11,-26.22],[-58.11,-26.24],[-58.12,-26.24],[-58.13,-26.25],[-58.16,-26.26],[-58.17,-26.27],[-58.17,-26.28],[-58.16,-26.3],[-58.15,-26.32],[-58.16,-26.35],[-58.17,-26.36],[-58.19,-26.37],[-58.2,-26.37],[-58.2,-26.38],[-58.21,-26.39],[-58.21,-26.42],[-58.2,-26.42],[-58.2,-26.43],[-58.18,-26.44],[-58.18,-26.45],[-58.18,-26.46],[-58.19,-26.46],[-58.2,-26.46],[-58.21,-26.46],[-58.22,-26.46],[-58.23,-26.47],[-58.22,-26.48],[-58.21,-26.49],[-58.2,-26.49],[-58.21,-26.51],[-58.22,-26.52],[-58.22,-26.53],[-58.22,-26.54],[-58.21,-26.54],[-58.21,-26.55],[-58.2,-26.56],[-58.19,-26.57],[-58.19,-26.59],[-58.19,-26.6],[-58.2,-26.62],[-58.19,-26.63],[-58.19,-26.64],[-58.2,-26.65],[-58.21,-26.65],[-58.24,-26.64],[-58.25,-26.64],[-58.25,-26.65],[-58.25,-26.68],[-58.25,-26.71],[-58.25,-26.72],[-58.25,-26.74],[-58.25,-26.75],[-58.26,-26.76],[-58.29,-26.76],[-58.3,-26.76],[-58.28,-26.79],[-58.29,-26.8],[-58.31,-26.81],[-58.35,-26.81],[-58.36,-26.81],[-58.36,-26.82],[-58.35,-26.82],[-58.33,-26.84],[-58.32,-26.85],[-58.32,-26.86],[-58.32,-26.87],[-58.33,-26.87],[-58.35,-26.87],[-58.36,-26.87],[-58.36,-26.85]]]]}},{"type":"Feature","properties":{"GID_1":"ARG.10_1","GID_0":"ARG","COUNTRY":"Argentina","NAME_1":"Jujuy","VARNAME_1":"NA","NL_NAME_1":"NA","TYPE_1":"Provincia","ENGTYPE_1":"Province","CC_1":"NA","HASC_1":"AR.JY","ISO_1":"AR-Y"},"geometry":{"type":"MultiPolygon","coordinates":[[[[-64.44,-23.63],[-64.42,-23.62],[-64.42,-23.61],[-64.41,-23.59],[-64.4,-23.56],[-64.4,-23.55],[-64.39,-23.55],[-64.38,-23.54],[-64.37,-23.52],[-64.36,-23.51],[-64.24,-23.51],[-64.17,-23.51],[-64.17,-24.0],[-64.18,-24.06],[-64.17,-24.09],[-64.18,-24.12],[-64.17,-24.13],[-64.17,-24.14],[-64.17,-24.18],[-64.16,-24.2],[-64.16,-24.21],[-64.16,-24.22],[-64.17,-24.24],[-64.18,-24.25],[-64.18,-24.26],[-64.19,-24.29],[-64.2,-24.3],[-64.23,-24.32],[-64.24,-24.34],[-64.25,-24.35],[-64.25,-24.36],[-64.26,-24.38],[-64.28,-24.39],[-64.28,-24.41],[-64.3,-24.42],[-64.32,-24.42],[-64.33,-24.43],[-64.37,-24.43],[-64.4,-24.43],[-64.42,-24.44],[-64.43,-24.45],[-64.44,-24.46],[-64.45,-24.48],[-64.47,-24.49],[-64.48,-24.49],[-64.49,-24.49],[-64.51,-24.49],[-64.53,-24.49],[-64.54,-24.51],[-64.55,-24.53],[-64.56,-24.54],[-64.57,-24.55],[-64.58,-24.55],[-64.59,-24.57],[-64.61,-24.59],[-64.62,-24.6],[-64.63,-24.61],[-64.64,-24.61],[-64.66,-24.61],[-64.67,-24.61],[-64.68,-24.59],[-64.69,-24.58],[-64.7,-24.58],[-64.71,-24.57],[-64.72,-24.55],[-64.74,-24.53],[-64.75,-24.53],[-64.83,-24.48],[-64.84,-24.48],[-64.84,-24.49],[-64.85,-24.5],[-64.86,-24.5],[-64.87,-24.52],[-64.87,-24.54],[-64.88,-24.56],[-64.88,-24.57],[-64.88,-24.58],[-64.89,-24.6],[-64.9,-24.6],[-64.91,-24.6],[-64.93,-24.6],[-64.99,-24.58],[-65.01,-24.58],[-65.04,-24.58],[-65.08,-24.56],[-65.09,-24.56],[-65.09,-24.55],[-65.09,-24.53],[-65.1,-24.52],[-65.12,-24.51],[-65.13,-24.5],[-65.15,-24.48],[-65.19,-24.46],[-65.22,-24.48],[-65.23,-24.49],[-65.24,-24.49],[-65.25,-24.49],[-65.26,-24.5],[-65.28,-24.5],[-65.29,-24.5],[-65.31,-24.5],[-65.33,-24.5],[-65.34,-24.5],[-65.36,-24.49],[-65.35,-24.47],[-65.36,-24.46],[-65.38,-24.47],[-65.39,-24.47],[-65.4,-24.47],[-65.41,-24.47],[-65.43,-24.47],[-65.45,-24.45],[-65.45,-24.44],[-65.45,-24.43],[-65.47,-24.43],[-65.48,-24.43],[-65.5,-24.44],[-65.5,-24.45],[-65.51,-24.46],[-65.52,-24.45],[-65.53,-24.43],[-65.54,-24.43],[-65.55,-24.43],[-65.57,-24.43],[-65.57,-24.42],[-65.58,-24.41],[-65.59,-24.4],[-65.6,-24.39],[-65.61,-24.39],[-65.62,-24.38],[-65.63,-24.37],[-65.62,-24.35],[-65.62,-24.34],[-65.63,-24.33],[-65.66,-24.31],[-65.67,-24.29],[-65.67,-24.28],[-65.67,-24.27],[-65.68,-24.26],[-65.69,-24.25],[-65.69,-24.24],[-65.7,-24.24],[-65.71,-24.23],[-65.7,-24.22],[-65.7,-24.21],[-65.72,-24.2],[-65.73,-24.19],[-65.73,-24.17],[-65.74,-24.16],[-65.74,-24.15],[-65.74,-24.14],[-65.74,-24.13],[-65.74,-24.12],[-65.75,-24.11],[-65.76,-24.1],[-65.77,-24.1],[-65.77,-24.09],[-65.77,-24.07],[-65.83,-24.0],[-65.85,-23.99],[-65.88,-23.98],[-65.9,-23.99],[-65.92,-23.98],[-65.93,-23.98],[-65.94,-23.97],[-65.95,-23.97],[-65.96,-23.98],[-65.97,-23.98],[-65.98,-23.98],[-65.98,-23.97],[-66.0,-23.95],[-66.0,-23.92],[-66.0,-23.91],[-66.0,-23.89],[-66.02,-23.83],[-66.03,-23.82],[-66.02,-23.81],[-66.01,-23.79],[-66.01,-23.78],[-66.0,-23.71],[-66.0,-23.67],[-66.0,-23.65],[-65.99,-23.52],[-66.04,-23.5],[-66.06,-23.48],[-66.08,-23.48],[-66.13,-23.44],[-66.15,-23.43],[-66.16,-23.43],[-66.19,-23.42],[-66.2,-23.43],[-66.22,-23.43],[-66.23,-23.42],[-66.24,-23.41],[-66.25,-23.39],[-66.26,-23.39],[-66.28,-23.39],[-66.29,-23.39],[-66.3,-23.39],[-66.31,-23.39],[-66.32,-23.37],[-66.34,-23.37],[-66.35,-23.38],[-66.36,-23.39],[-66.39,-23.54],[-66.37,-23.62],[-66.35,-23.68],[-66.34,-23.71],[-66.33,-23.72],[-66.33,-23.74],[-66.34,-23.75],[-66.33,-23.76],[-66.33,-23.78],[-66.34,-23.82],[-66.34,-23.83],[-66.34,-23.85],[-66.34,-23.88],[-66.35,-23.89],[-66.34,-23.91],[-66.34,-23.95],[-66.34,-23.96],[-66.34,-23.97],[-66.34,-23.99],[-66.35,-24.02],[-66.37,-24.03],[-66.38,-24.05],[-66.38,-24.06],[-66.38,-24.07],[-66.37,-24.08],[-66.37,-24.09],[-66.39,-24.12],[-66.41,-24.12],[-66.41,-24.13],[-66.41,-24.14],[-66.41,-24.15],[-66.43,-24.16],[-66.43,-24.17],[-66.44,-24.17],[-66.46,-24.18],[-66.47,-24.18],[-66.47,-24.19],[-66.48,-24.21],[-66.49,-24.2],[-66.51,-24.19],[-66.52,-24.2],[-66.53,-24.2],[-66.54,-24.21],[-66.55,-24.2],[-66.56,-24.2],[-66.58,-24.2],[-66.6,-24.2],[-66.64,-24.18],[-66.66,-24.17],[-66.67,-24.17],[-66.68,-24.15],[-66.72,-24.14],[-66.73,-24.13],[-66.73,-24.12],[-66.73,-24.11],[-66.74,-24.09],[-66.75,-24.09],[-66.76,-24.09],[-66.77,-24.09],[-66.81,-24.09],[-66.82,-24.08],[-66.84,-24.06],[-66.85,-24.05],[-66.87,-24.02],[-66.88,-24.01],[-66.89,-24.0],[-66.89,-23.99],[-66.93,-23.99],[-66.94,-23.98],[-66.93,-23.96],[-66.98,-23.95],[-66.99,-23.96],[-67.0,-23.96],[-67.01,-23.95],[-67.01,-23.94],[-67.0,-23.92],[-67.0,-23.88],[-67.0,-23.87],[-67.01,-23.86],[-67.11,-23.78],[-67.22,-23.7],[-66.99,-23.0],[-67.18,-22.81],[-67.13,-22.72],[-67.01,-22.65],[-67.03,-22.54],[-66.97,-22.54],[-66.93,-22.49],[-66.8,-22.45],[-66.78,-22.44],[-66.79,-22.42],[-66.78,-22.4],[-66.76,-22.35],[-66.76,-22.33],[-66.74,-22.24],[-66.69,-22.21],[-66.65,-22.22],[-66.64,-22.23],[-66.62,-22.2],[-66.42,-22.15],[-66.36,-22.13],[-66.35,-22.13],[-66.35,-22.12],[-66.34,-22.12],[-66.33,-22.12],[-66.33,-22.11],[-66.33,-22.1],[-66.32,-22.1],[-66.32,-22.09],[-66.33,-22.09],[-66.32,-22.08],[-66.32,-22.09],[-66.31,-22.09],[-66.3,-22.09],[-66.29,-22.09],[-66.29,-22.08],[-66.29,-22.07],[-66.28,-22.07],[-66.29,-22.07],[-66.29,-22.06],[-66.28,-22.05],[-66.29,-22.05],[-66.29,-22.04],[-66.29,-22.03],[-66.28,-22.03],[-66.28,-22.02],[-66.28,-22.01],[-66.28,-21.99],[-66.28,-21.98],[-66.28,-21.97],[-66.27,-21.97],[-66.27,-21.96],[-66.28,-21.96],[-66.27,-21.95],[-66.27,-21.94],[-66.26,-21.94],[-66.26,-21.93],[-66.26,-21.92],[-66.26,-21.91],[-66.25,-21.9],[-66.25,-21.89],[-66.25,-21.88],[-66.24,-21.87],[-66.24,-21.86],[-66.24,-21.85],[-66.24,-21.84],[-66.24,-21.83],[-66.24,-21.82],[-66.24,-21.79],[-66.22,-21.79],[-66.22,-21.78],[-66.19,-21.8],[-66.08,-21.84],[-66.04,-21.87],[-66.05,-21.92],[-65.92,-21.93],[-65.8,-22.08],[-65.79,-22.07],[-65.79,-22.08],[-65.78,-22.09],[-65.76,-22.1],[-65.75,-22.11],[-65.73,-22.11],[-65.72,-22.1],[-65.71,-22.1],[-65.7,-22.1],[-65.69,-22.1],[-65.69,-22.11],[-65.68,-22.11],[-65.66,-22.11],[-65.65,-22.11],[-65.64,-22.11],[-65.63,-22.1],[-65.62,-22.1],[-65.61,-22.1],[-65.61,-22.09],[-65.6,-22.1],[-65.59,-22.1],[-65.58,-22.09],[-65.58,-22.08],[-65.57,-22.08],[-65.48,-22.1],[-65.48,-22.09],[-65.47,-22.09],[-65.09,-22.08],[-65.19,-22.09],[-65.2,-22.1],[-65.2,-22.11],[-65.2,-22.12],[-65.2,-22.14],[-65.2,-22.15],[-65.21,-22.15],[-65.22,-22.16],[-65.23,-22.17],[-65.23,-22.19],[-65.24,-22.28],[-65.24,-22.29],[-65.24,-22.31],[-65.24,-22.32],[-65.25,-22.33],[-65.27,-22.35],[-65.27,-22.36],[-65.28,-22.37],[-65.29,-22.37],[-65.29,-22.38],[-65.29,-22.39],[-65.29,-22.41],[-65.31,-22.42],[-65.31,-22.44],[-65.32,-22.46],[-65.33,-22.48],[-65.34,-22.49],[-65.34,-22.5],[-65.34,-22.51],[-65.33,-22.54],[-65.33,-22.56],[-65.34,-22.59],[-65.34,-22.6],[-65.33,-22.6],[-65.31,-22.6],[-65.3,-22.61],[-65.3,-22.62],[-65.3,-22.63],[-65.27,-22.63],[-65.27,-22.65],[-65.28,-22.67],[-65.29,-22.69],[-65.29,-22.73],[-65.29,-22.75],[-65.27,-22.79],[-65.27,-22.81],[-65.27,-22.83],[-65.27,-22.84],[-65.26,-22.85],[-65.25,-22.85],[-65.25,-22.86],[-65.25,-22.87],[-65.24,-22.88],[-65.24,-22.89],[-65.24,-22.9],[-65.24,-22.93],[-65.22,-22.96],[-65.18,-22.98],[-65.16,-22.98],[-65.14,-22.99],[-65.1,-22.99],[-65.07,-23.0],[-65.04,-22.99],[-65.03,-22.99],[-65.01,-23.02],[-65.01,-23.03],[-65.01,-23.04],[-65.01,-23.06],[-65.01,-23.07],[-65.01,-23.1],[-65.01,-23.13],[-65.01,-23.15],[-65.02,-23.17],[-65.02,-23.19],[-65.02,-23.2],[-65.03,-23.22],[-65.04,-23.24],[-65.03,-23.28],[-65.01,-23.29],[-64.98,-23.3],[-64.96,-23.32],[-64.95,-23.33],[-64.94,-23.36],[-64.92,-23.38],[-64.92,-23.39],[-64.91,-23.4],[-64.91,-23.42],[-64.9,-23.43],[-64.89,-23.44],[-64.88,-23.44],[-64.88,-23.45],[-64.89,-23.47],[-64.89,-23.48],[-64.87,-23.5],[-64.85,-23.5],[-64.83,-23.51],[-64.82,-23.51],[-64.81,-23.51],[-64.8,-23.51],[-64.78,-23.49],[-64.77,-23.49],[-64.76,-23.48],[-64.75,-23.48],[-64.75,-23.47],[-64.73,-23.47],[-64.71,-23.47],[-64.7,-23.46],[-64.68,-23.46],[-64.67,-23.46],[-64.66,-23.46],[-64.65,-23.48],[-64.64,-23.49],[-64.6,-23.5],[-64.58,-23.51],[-64.55,-23.52],[-64.52,-23.55],[-64.5,-23.57],[-64.49,-23.58],[-64.48,-23.59],[-64.48,-23.58],[-64.47,-23.59],[-64.46,-23.59],[-64.46,-23.6],[-64.46,-23.62],[-64.45,-23.63],[-64.44,-23.63]]]]}},{"type":"Feature","properties":{"GID_1":"ARG.11_1","GID_0":"ARG","COUNTRY":"Argentina","NAME_1":"LaPampa","VARNAME_1":"ElPampa|EvaPerón","NL_NAME_1":"NA","TYPE_1":"Provincia","ENGTYPE_1":"Province","CC_1":"NA","HASC_1":"AR.LP","ISO_1":"AR-L"},"geometry":{"type":"MultiPolygon","coordinates":[[[[-63.39,-38.43],[-63.39,-39.3],[-63.39,-39.32],[-63.4,-39.32],[-63.41,-39.32],[-63.46,-39.32],[-63.51,-39.3],[-63.53,-39.29],[-63.53,-39.28],[-63.54,-39.27],[-63.55,-39.26],[-63.59,-39.25],[-63.62,-39.24],[-63.63,-39.24],[-63.64,-39.23],[-63.65,-39.22],[-63.66,-39.22],[-63.67,-39.21],[-63.69,-39.2],[-63.71,-39.19],[-63.73,-39.18],[-63.73,-39.17],[-63.73,-39.16],[-63.74,-39.16],[-63.75,-39.15],[-63.76,-39.13],[-63.77,-39.13],[-63.8,-39.12],[-63.81,-39.11],[-63.83,-39.12],[-63.84,-39.11],[-63.87,-39.11],[-63.89,-39.1],[-63.9,-39.1],[-63.91,-39.08],[-63.93,-39.07],[-63.95,-39.06],[-63.95,-39.05],[-63.99,-39.04],[-64.0,-39.03],[-63.99,-39.02],[-64.0,-39.01],[-64.02,-39.0],[-64.05,-39.0],[-64.06,-39.0],[-64.07,-39.0],[-64.07,-38.99],[-64.11,-38.97],[-64.14,-38.96],[-64.17,-38.95],[-64.19,-38.94],[-64.23,-38.93],[-64.25,-38.92],[-64.27,-38.91],[-64.3,-38.9],[-64.31,-38.9],[-64.33,-38.89],[-64.35,-38.89],[-64.37,-38.88],[-64.38,-38.87],[-64.41,-38.87],[-64.43,-38.87],[-64.45,-38.86],[-64.46,-38.86],[-64.48,-38.86],[-64.49,-38.86],[-64.52,-38.85],[-64.57,-38.85],[-64.58,-38.85],[-64.59,-38.84],[-64.62,-38.84],[-64.64,-38.83],[-64.65,-38.83],[-64.68,-38.83],[-64.7,-38.83],[-64.72,-38.83],[-64.74,-38.82],[-64.76,-38.82],[-64.8,-38.81],[-64.81,-38.81],[-64.84,-38.82],[-64.87,-38.81],[-64.88,-38.81],[-64.91,-38.82],[-64.92,-38.82],[-64.96,-38.81],[-65.01,-38.81],[-65.03,-38.81],[-65.05,-38.81],[-65.07,-38.8],[-65.09,-38.8],[-65.1,-38.8],[-65.11,-38.8],[-65.13,-38.81],[-65.14,-38.81],[-65.15,-38.8],[-65.16,-38.81],[-65.17,-38.82],[-65.18,-38.81],[-65.18,-38.83],[-65.19,-38.83],[-65.2,-38.83],[-65.22,-38.83],[-65.23,-38.83],[-65.25,-38.83],[-65.26,-38.82],[-65.27,-38.82],[-65.28,-38.82],[-65.29,-38.83],[-65.31,-38.83],[-65.32,-38.84],[-65.33,-38.85],[-65.36,-38.85],[-65.37,-38.85],[-65.38,-38.84],[-65.39,-38.83],[-65.43,-38.83],[-65.44,-38.82],[-65.45,-38.82],[-65.46,-38.8],[-65.47,-38.8],[-65.5,-38.8],[-65.51,-38.79],[-65.53,-38.78],[-65.54,-38.78],[-65.55,-38.78],[-65.57,-38.78],[-65.57,-38.77],[-65.58,-38.77],[-65.58,-38.78],[-65.6,-38.79],[-65.6,-38.8],[-65.61,-38.81],[-65.61,-38.82],[-65.62,-38.81],[-65.63,-38.82],[-65.63,-38.83],[-65.66,-38.83],[-65.69,-38.83],[-65.7,-38.82],[-65.71,-38.82],[-65.73,-38.81],[-65.76,-38.81],[-65.77,-38.81],[-65.79,-38.81],[-65.8,-38.81],[-65.8,-38.8],[-65.81,-38.8],[-65.82,-38.8],[-65.83,-38.79],[-65.84,-38.79],[-65.84,-38.8],[-65.85,-38.8],[-65.85,-38.79],[-65.86,-38.79],[-65.87,-38.79],[-65.86,-38.78],[-65.87,-38.78],[-65.88,-38.78],[-65.9,-38.78],[-65.9,-38.77],[-65.91,-38.77],[-65.92,-38.77],[-65.93,-38.77],[-65.94,-38.77],[-65.93,-38.76],[-65.94,-38.76],[-65.94,-38.75],[-65.95,-38.75],[-65.95,-38.74],[-65.98,-38.74],[-66.0,-38.75],[-66.01,-38.74],[-66.02,-38.74],[-66.02,-38.75],[-66.03,-38.74],[-66.04,-38.75],[-66.05,-38.75],[-66.06,-38.75],[-66.07,-38.74],[-66.07,-38.73],[-66.09,-38.73],[-66.1,-38.73],[-66.1,-38.74],[-66.11,-38.74],[-66.13,-38.73],[-66.16,-38.73],[-66.17,-38.74],[-66.18,-38.73],[-66.2,-38.73],[-66.21,-38.73],[-66.25,-38.75],[-66.29,-38.75],[-66.31,-38.75],[-66.32,-38.76],[-66.33,-38.75],[-66.34,-38.75],[-66.35,-38.75],[-66.36,-38.74],[-66.38,-38.74],[-66.39,-38.74],[-66.4,-38.74],[-66.41,-38.73],[-66.41,-38.74],[-66.42,-38.74],[-66.43,-38.74],[-66.43,-38.75],[-66.44,-38.75],[-66.44,-38.74],[-66.45,-38.74],[-66.46,-38.73],[-66.47,-38.74],[-66.48,-38.73],[-66.5,-38.71],[-66.51,-38.71],[-66.52,-38.71],[-66.53,-38.71],[-66.54,-38.71],[-66.55,-38.7],[-66.57,-38.69],[-66.58,-38.69],[-66.6,-38.67],[-66.59,-38.67],[-66.58,-38.66],[-66.59,-38.65],[-66.58,-38.63],[-66.58,-38.62],[-66.59,-38.59],[-66.6,-38.56],[-66.6,-38.55],[-66.61,-38.55],[-66.62,-38.55],[-66.64,-38.53],[-66.65,-38.53],[-66.67,-38.53],[-66.68,-38.52],[-66.7,-38.52],[-66.72,-38.52],[-66.74,-38.51],[-66.76,-38.5],[-66.79,-38.48],[-66.81,-38.48],[-66.83,-38.48],[-66.85,-38.48],[-66.87,-38.47],[-66.89,-38.46],[-66.89,-38.45],[-66.9,-38.45],[-66.91,-38.45],[-66.92,-38.45],[-66.93,-38.45],[-66.94,-38.45],[-66.96,-38.45],[-66.97,-38.44],[-66.99,-38.44],[-67.01,-38.43],[-67.05,-38.41],[-67.06,-38.4],[-67.08,-38.4],[-67.08,-38.39],[-67.12,-38.37],[-67.13,-38.36],[-67.15,-38.36],[-67.15,-38.35],[-67.15,-38.33],[-67.16,-38.31],[-67.16,-38.3],[-67.16,-38.28],[-67.16,-38.27],[-67.18,-38.26],[-67.19,-38.26],[-67.18,-38.22],[-67.19,-38.21],[-67.22,-38.22],[-67.26,-38.22],[-67.27,-38.22],[-67.28,-38.22],[-67.29,-38.23],[-67.3,-38.23],[-67.31,-38.25],[-67.37,-38.25],[-67.39,-38.25],[-67.4,-38.25],[-67.43,-38.24],[-67.47,-38.25],[-67.48,-38.25],[-67.49,-38.24],[-67.5,-38.24],[-67.51,-38.24],[-67.52,-38.25],[-67.53,-38.25],[-67.54,-38.25],[-67.55,-38.25],[-67.56,-38.24],[-67.57,-38.25],[-67.59,-38.24],[-67.59,-38.23],[-67.62,-38.22],[-67.63,-38.22],[-67.64,-38.21],[-67.65,-38.2],[-67.66,-38.19],[-67.67,-38.18],[-67.68,-38.15],[-67.69,-38.14],[-67.7,-38.14],[-67.71,-38.14],[-67.72,-38.13],[-67.73,-38.12],[-67.73,-38.1],[-67.74,-38.09],[-67.75,-38.07],[-67.77,-38.07],[-67.78,-38.06],[-67.8,-38.07],[-67.81,-38.07],[-67.83,-38.07],[-67.84,-38.07],[-67.86,-38.05],[-67.86,-38.04],[-67.87,-38.03],[-67.89,-38.02],[-67.9,-38.0],[-67.9,-37.99],[-67.9,-37.98],[-67.89,-37.97],[-67.88,-37.96],[-67.86,-37.94],[-67.85,-37.93],[-67.82,-37.91],[-67.8,-37.91],[-67.79,-37.91],[-67.78,-37.91],[-67.78,-37.9],[-67.76,-37.87],[-67.75,-37.87],[-67.74,-37.86],[-67.72,-37.82],[-67.71,-37.81],[-67.72,-37.81],[-67.74,-37.78],[-67.75,-37.76],[-67.77,-37.71],[-67.77,-37.68],[-67.79,-37.66],[-67.82,-37.64],[-67.84,-37.62],[-67.88,-37.61],[-67.99,-37.61],[-68.05,-37.6],[-68.09,-37.6],[-68.12,-37.59],[-68.14,-37.59],[-68.17,-37.59],[-68.21,-37.59],[-68.22,-37.58],[-68.24,-37.58],[-68.24,-36.24],[-68.24,-36.17],[-68.3,-36.17],[-68.3,-36.0],[-67.58,-36.0],[-67.5,-36.0],[-66.63,-36.0],[-65.65,-36.0],[-65.1,-36.0],[-65.11,-35.0],[-63.39,-35.0],[-63.39,-35.07],[-63.39,-35.58],[-63.39,-35.82],[-63.39,-36.0],[-63.39,-36.06],[-63.39,-38.01],[-63.39,-38.07],[-63.39,-38.43]]]]}},{"type":"Feature","properties":{"GID_1":"ARG.12_1","GID_0":"ARG","COUNTRY":"Argentina","NAME_1":"LaRioja","VARNAME_1":"NA","NL_NAME_1":"NA","TYPE_1":"Provincia","ENGTYPE_1":"Province","CC_1":"NA","HASC_1":"AR.LR","ISO_1":"AR-F"},"geometry":{"type":"MultiPolygon","coordinates":[[[[-65.78,-31.65],[-65.78,-31.89],[-65.81,-31.89],[-65.87,-31.9],[-65.9,-31.9],[-65.92,-31.9],[-65.95,-31.89],[-65.96,-31.89],[-66.02,-31.92],[-66.06,-31.94],[-66.07,-31.95],[-66.07,-31.96],[-66.07,-31.97],[-66.08,-31.97],[-66.09,-31.97],[-66.11,-31.95],[-66.12,-31.95],[-66.13,-31.95],[-66.14,-31.95],[-66.15,-31.97],[-66.25,-31.95],[-66.28,-31.94],[-66.31,-31.94],[-66.32,-31.95],[-66.33,-31.95],[-66.33,-31.96],[-66.34,-31.97],[-66.34,-32.0],[-66.39,-32.0],[-66.56,-31.98],[-66.56,-31.96],[-66.61,-31.95],[-66.63,-31.95],[-66.65,-31.94],[-66.68,-31.92],[-66.7,-31.9],[-66.71,-31.89],[-66.72,-31.89],[-66.74,-31.87],[-66.74,-31.86],[-66.75,-31.84],[-66.75,-31.83],[-66.76,-31.82],[-66.78,-31.81],[-66.8,-31.81],[-66.82,-31.8],[-66.84,-31.79],[-66.85,-31.78],[-66.86,-31.77],[-66.86,-31.76],[-66.86,-31.69],[-66.86,-31.67],[-66.86,-31.66],[-66.87,-31.64],[-66.95,-31.64],[-66.98,-31.61],[-67.03,-31.58],[-67.04,-31.57],[-67.05,-31.55],[-67.06,-31.53],[-67.07,-31.45],[-67.07,-31.44],[-67.09,-31.43],[-67.09,-31.4],[-67.1,-31.39],[-67.06,-31.09],[-67.12,-31.02],[-67.08,-30.93],[-67.08,-30.89],[-67.09,-30.86],[-67.14,-30.79],[-67.16,-30.76],[-67.18,-30.72],[-67.19,-30.72],[-67.21,-30.7],[-67.24,-30.68],[-67.28,-30.63],[-67.31,-30.61],[-67.33,-30.58],[-67.34,-30.56],[-67.36,-30.55],[-67.39,-30.54],[-67.41,-30.52],[-67.43,-30.51],[-67.46,-30.47],[-67.47,-30.46],[-67.48,-30.45],[-67.5,-30.44],[-67.51,-30.44],[-67.55,-30.41],[-67.56,-30.39],[-67.58,-30.37],[-67.58,-30.36],[-67.57,-30.35],[-67.57,-30.34],[-67.58,-30.31],[-67.58,-30.3],[-67.6,-30.3],[-67.62,-30.26],[-67.64,-30.25],[-67.66,-30.24],[-67.66,-30.23],[-67.67,-30.21],[-67.69,-30.19],[-67.71,-30.17],[-67.75,-30.15],[-67.79,-30.13],[-67.8,-30.12],[-67.8,-30.11],[-67.8,-30.1],[-67.81,-30.09],[-67.83,-30.08],[-67.86,-30.07],[-67.87,-30.07],[-67.89,-30.05],[-67.95,-30.01],[-67.97,-29.98],[-67.98,-29.98],[-68.0,-29.97],[-68.01,-29.97],[-68.02,-29.94],[-68.03,-29.93],[-68.07,-29.91],[-68.08,-29.9],[-68.1,-29.87],[-68.1,-29.85],[-68.11,-29.84],[-68.14,-29.84],[-68.17,-29.85],[-68.19,-29.83],[-68.19,-29.81],[-68.19,-29.8],[-68.19,-29.79],[-68.2,-29.79],[-68.23,-29.78],[-68.24,-29.78],[-68.26,-29.76],[-68.27,-29.74],[-68.28,-29.72],[-68.29,-29.72],[-68.3,-29.72],[-68.31,-29.72],[-68.32,-29.72],[-68.32,-29.71],[-68.33,-29.69],[-68.33,-29.68],[-68.37,-29.67],[-68.4,-29.66],[-68.44,-29.65],[-68.47,-29.64],[-68.49,-29.64],[-68.51,-29.64],[-68.53,-29.64],[-68.57,-29.63],[-68.59,-29.64],[-68.6,-29.64],[-68.61,-29.64],[-68.63,-29.63],[-68.67,-29.61],[-68.68,-29.6],[-68.69,-29.6],[-68.7,-29.6],[-68.74,-29.62],[-68.75,-29.62],[-68.77,-29.61],[-68.79,-29.62],[-68.82,-29.61],[-68.83,-29.62],[-68.84,-29.61],[-68.86,-29.6],[-68.88,-29.59],[-68.89,-29.61],[-68.9,-29.61],[-68.91,-29.62],[-68.93,-29.61],[-68.93,-29.62],[-68.94,-29.63],[-68.95,-29.64],[-68.96,-29.63],[-68.97,-29.63],[-68.99,-29.63],[-69.0,-29.62],[-69.02,-29.59],[-69.02,-29.56],[-69.03,-29.53],[-69.03,-29.52],[-69.02,-29.51],[-69.01,-29.48],[-69.0,-29.48],[-68.99,-29.47],[-68.97,-29.45],[-68.96,-29.44],[-68.98,-29.42],[-68.99,-29.41],[-68.99,-29.4],[-68.99,-29.38],[-68.98,-29.36],[-68.97,-29.36],[-68.98,-29.34],[-68.98,-29.33],[-68.97,-29.33],[-68.95,-29.31],[-68.95,-29.29],[-68.96,-29.28],[-68.97,-29.27],[-68.97,-29.25],[-68.98,-29.23],[-68.98,-29.22],[-68.98,-29.21],[-68.99,-29.21],[-68.97,-29.2],[-68.97,-29.19],[-68.99,-29.17],[-69.01,-29.16],[-69.01,-29.15],[-69.0,-29.14],[-68.99,-29.14],[-68.98,-29.12],[-68.97,-29.11],[-68.96,-29.12],[-68.95,-29.13],[-68.94,-29.13],[-68.93,-29.13],[-68.93,-29.12],[-68.93,-29.11],[-68.91,-29.09],[-68.9,-29.06],[-68.91,-29.05],[-68.92,-29.03],[-68.92,-29.01],[-68.93,-29.01],[-68.95,-29.0],[-68.94,-28.99],[-68.95,-28.98],[-68.96,-28.97],[-68.97,-28.97],[-68.97,-28.96],[-68.96,-28.96],[-68.95,-28.96],[-68.95,-28.95],[-68.96,-28.93],[-68.95,-28.92],[-68.95,-28.91],[-69.09,-28.79],[-69.14,-28.74],[-69.16,-28.7],[-69.18,-28.66],[-69.18,-28.64],[-69.2,-28.62],[-69.2,-28.61],[-69.2,-28.59],[-69.35,-28.44],[-69.38,-28.45],[-69.39,-28.45],[-69.4,-28.45],[-69.41,-28.45],[-69.44,-28.44],[-69.45,-28.44],[-69.45,-28.43],[-69.46,-28.43],[-69.47,-28.42],[-69.47,-28.41],[-69.48,-28.4],[-69.49,-28.4],[-69.51,-28.4],[-69.52,-28.41],[-69.53,-28.41],[-69.57,-28.4],[-69.59,-28.38],[-69.59,-28.37],[-69.59,-28.36],[-69.58,-28.35],[-69.57,-28.35],[-69.56,-28.34],[-69.54,-28.34],[-69.53,-28.34],[-69.52,-28.33],[-69.52,-28.32],[-69.52,-28.31],[-69.51,-28.31],[-69.51,-28.3],[-69.51,-28.29],[-69.5,-28.28],[-69.5,-28.27],[-69.5,-28.26],[-69.49,-28.26],[-69.48,-28.25],[-69.47,-28.24],[-69.48,-28.23],[-69.48,-28.22],[-69.48,-28.21],[-69.47,-28.2],[-69.46,-28.2],[-69.46,-28.18],[-69.45,-28.19],[-69.43,-28.2],[-69.42,-28.21],[-69.41,-28.21],[-69.4,-28.22],[-69.39,-28.23],[-69.39,-28.22],[-69.38,-28.21],[-69.38,-28.19],[-69.38,-28.18],[-69.36,-28.18],[-69.35,-28.17],[-69.34,-28.17],[-69.34,-28.16],[-69.33,-28.16],[-69.33,-28.15],[-69.32,-28.14],[-69.31,-28.13],[-69.31,-28.12],[-69.3,-28.12],[-69.31,-28.11],[-69.3,-28.11],[-69.31,-28.1],[-69.3,-28.1],[-69.3,-28.08],[-69.3,-28.07],[-69.29,-28.06],[-69.28,-28.06],[-69.28,-28.05],[-69.26,-28.05],[-69.26,-28.04],[-69.27,-28.04],[-69.26,-28.03],[-69.27,-28.03],[-69.27,-28.02],[-69.27,-28.01],[-69.26,-28.01],[-69.25,-28.0],[-69.25,-27.99],[-69.25,-27.98],[-69.24,-27.98],[-69.24,-27.97],[-69.23,-27.97],[-69.22,-27.97],[-69.21,-27.96],[-69.2,-27.97],[-69.19,-27.97],[-69.18,-27.97],[-69.17,-27.97],[-69.17,-27.96],[-69.17,-27.95],[-69.16,-27.95],[-69.16,-27.93],[-69.15,-27.93],[-69.14,-27.92],[-69.13,-27.9],[-69.12,-27.9],[-69.13,-27.89],[-69.13,-27.88],[-69.13,-27.87],[-69.11,-27.86],[-69.11,-27.85],[-69.11,-27.84],[-69.11,-27.83],[-69.1,-27.83],[-69.11,-27.82],[-69.1,-27.82],[-69.1,-27.81],[-69.1,-27.8],[-69.1,-27.79],[-69.09,-27.79],[-69.09,-27.77],[-68.85,-27.78],[-68.8,-27.76],[-68.74,-27.76],[-68.64,-27.75],[-68.55,-27.71],[-68.49,-27.73],[-68.51,-27.79],[-68.51,-27.8],[-68.5,-27.82],[-68.49,-27.82],[-68.46,-27.83],[-68.45,-27.84],[-68.44,-27.86],[-68.44,-27.87],[-68.43,-27.87],[-68.43,-27.88],[-68.43,-27.9],[-68.44,-27.92],[-68.44,-27.96],[-68.46,-28.0],[-68.46,-28.01],[-68.45,-28.02],[-68.43,-28.03],[-68.42,-28.02],[-68.41,-28.01],[-68.36,-28.02],[-68.35,-28.02],[-68.34,-28.03],[-68.3,-28.02],[-68.3,-28.03],[-68.3,-28.05],[-68.3,-28.07],[-68.28,-28.09],[-68.27,-28.09],[-68.26,-28.08],[-68.26,-28.07],[-68.22,-28.08],[-68.21,-28.09],[-68.2,-28.09],[-68.19,-28.09],[-68.18,-28.09],[-68.17,-28.11],[-68.16,-28.11],[-68.15,-28.1],[-68.15,-28.11],[-68.13,-28.12],[-68.13,-28.13],[-68.12,-28.14],[-68.12,-28.15],[-68.11,-28.15],[-68.1,-28.16],[-68.08,-28.16],[-68.06,-28.14],[-68.05,-28.14],[-68.03,-28.14],[-68.02,-28.13],[-68.01,-28.13],[-68.0,-28.13],[-67.97,-28.12],[-67.92,-28.12],[-67.92,-28.13],[-67.93,-28.16],[-67.92,-28.16],[-67.92,-28.2],[-67.92,-28.21],[-67.91,-28.21],[-67.9,-28.21],[-67.9,-28.22],[-67.91,-28.23],[-67.9,-28.26],[-67.89,-28.28],[-67.89,-28.29],[-67.88,-28.3],[-67.87,-28.3],[-67.84,-28.31],[-67.84,-28.32],[-67.85,-28.33],[-67.85,-28.34],[-67.84,-28.36],[-67.83,-28.38],[-67.82,-28.39],[-67.81,-28.35],[-67.77,-28.35],[-67.74,-28.34],[-67.68,-28.32],[-67.65,-28.31],[-67.64,-28.31],[-67.62,-28.32],[-67.57,-28.32],[-67.5,-28.33],[-67.42,-28.37],[-67.38,-28.38],[-67.28,-28.38],[-67.16,-28.38],[-67.09,-28.28],[-67.0,-28.24],[-66.58,-28.32],[-66.52,-28.45],[-66.52,-28.46],[-66.52,-28.48],[-66.52,-28.49],[-66.52,-28.5],[-66.53,-28.51],[-66.52,-28.52],[-66.53,-28.53],[-66.52,-28.54],[-66.49,-28.54],[-66.49,-28.58],[-66.49,-28.64],[-66.38,-28.71],[-66.34,-28.73],[-66.33,-28.73],[-66.33,-28.74],[-66.34,-28.75],[-66.36,-28.76],[-66.37,-28.79],[-66.37,-28.81],[-66.4,-28.84],[-66.4,-28.85],[-66.4,-28.86],[-66.39,-28.87],[-66.38,-28.87],[-66.34,-28.88],[-66.31,-28.88],[-66.29,-28.89],[-66.28,-28.9],[-66.26,-28.9],[-66.25,-28.9],[-66.24,-28.9],[-66.22,-28.89],[-66.17,-28.91],[-66.11,-28.94],[-65.83,-29.18],[-65.83,-29.25],[-65.75,-29.28],[-65.72,-29.36],[-65.63,-29.58],[-65.59,-29.69],[-65.55,-29.8],[-65.49,-29.92],[-65.46,-30.0],[-65.44,-30.06],[-65.41,-30.12],[-65.53,-30.48],[-65.77,-31.03],[-65.78,-31.65]]]]}},{"type":"Feature","properties":{"GID_1":"ARG.13_1","GID_0":"ARG","COUNTRY":"Argentina","NAME_1":"Mendoza","VARNAME_1":"NA","NL_NAME_1":"NA","TYPE_1":"Provincia","ENGTYPE_1":"Province","CC_1":"NA","HASC_1":"AR.MZ","ISO_1":"AR-M"},"geometry":{"type":"MultiPolygon","coordinates":[[[[-68.3,-36.14],[-68.3,-36.17],[-68.24,-36.17],[-68.24,-36.24],[-68.24,-37.58],[-68.28,-37.56],[-68.3,-37.56],[-68.32,-37.56],[-68.36,-37.55],[-68.37,-37.55],[-68.38,-37.55],[-68.39,-37.55],[-68.42,-37.55],[-68.43,-37.55],[-68.45,-37.53],[-68.45,-37.51],[-68.46,-37.5],[-68.47,-37.49],[-68.48,-37.49],[-68.48,-37.48],[-68.49,-37.48],[-68.49,-37.46],[-68.5,-37.45],[-68.54,-37.45],[-68.56,-37.45],[-68.57,-37.45],[-68.59,-37.45],[-68.61,-37.44],[-68.63,-37.45],[-68.65,-37.45],[-68.69,-37.44],[-68.7,-37.44],[-68.7,-37.41],[-68.71,-37.4],[-68.72,-37.39],[-68.73,-37.38],[-68.74,-37.38],[-68.75,-37.37],[-68.76,-37.37],[-68.78,-37.36],[-68.79,-37.37],[-68.8,-37.38],[-68.83,-37.39],[-68.84,-37.39],[-68.87,-37.4],[-68.87,-37.39],[-68.88,-37.38],[-68.89,-37.38],[-68.9,-37.37],[-68.91,-37.37],[-68.92,-37.37],[-68.96,-37.37],[-68.97,-37.37],[-69.02,-37.36],[-69.04,-37.34],[-69.04,-37.33],[-69.04,-37.3],[-69.04,-37.29],[-69.04,-37.28],[-69.04,-37.26],[-69.04,-37.25],[-69.07,-37.22],[-69.09,-37.22],[-69.1,-37.2],[-69.12,-37.2],[-69.15,-37.18],[-69.17,-37.18],[-69.21,-37.17],[-69.23,-37.16],[-69.25,-37.15],[-69.26,-37.15],[-69.28,-37.14],[-69.3,-37.15],[-69.31,-37.15],[-69.33,-37.15],[-69.39,-37.16],[-69.46,-37.16],[-69.46,-37.17],[-69.48,-37.17],[-69.49,-37.17],[-69.51,-37.17],[-69.52,-37.16],[-69.54,-37.16],[-69.56,-37.15],[-69.6,-37.13],[-69.63,-37.13],[-69.64,-37.12],[-69.65,-37.11],[-69.66,-37.1],[-69.67,-37.1],[-69.69,-37.1],[-69.7,-37.09],[-69.73,-37.07],[-69.73,-37.05],[-69.74,-37.04],[-69.74,-37.03],[-69.76,-37.02],[-69.76,-37.0],[-69.77,-36.98],[-69.78,-36.94],[-69.78,-36.93],[-69.77,-36.92],[-69.78,-36.91],[-69.78,-36.9],[-69.77,-36.89],[-69.77,-36.88],[-69.76,-36.88],[-69.76,-36.87],[-69.77,-36.86],[-69.8,-36.85],[-69.82,-36.84],[-69.85,-36.83],[-69.86,-36.83],[-69.87,-36.82],[-69.87,-36.8],[-69.88,-36.8],[-69.89,-36.8],[-69.9,-36.79],[-69.91,-36.79],[-69.91,-36.78],[-69.91,-36.75],[-69.93,-36.73],[-69.94,-36.71],[-69.95,-36.7],[-69.97,-36.68],[-70.01,-36.67],[-70.03,-36.65],[-70.06,-36.64],[-70.06,-36.63],[-70.08,-36.61],[-70.08,-36.6],[-70.12,-36.58],[-70.12,-36.57],[-70.13,-36.56],[-70.14,-36.54],[-70.16,-36.51],[-70.18,-36.49],[-70.19,-36.48],[-70.19,-36.47],[-70.2,-36.45],[-70.2,-36.44],[-70.19,-36.43],[-70.19,-36.42],[-70.2,-36.41],[-70.21,-36.4],[-70.21,-36.39],[-70.21,-36.37],[-70.22,-36.36],[-70.21,-36.35],[-70.22,-36.34],[-70.23,-36.33],[-70.24,-36.33],[-70.27,-36.33],[-70.28,-36.33],[-70.29,-36.34],[-70.3,-36.34],[-70.31,-36.34],[-70.34,-36.34],[-70.35,-36.33],[-70.36,-36.32],[-70.37,-36.31],[-70.38,-36.28],[-70.39,-36.26],[-70.39,-36.24],[-70.4,-36.21],[-70.4,-36.2],[-70.39,-36.19],[-70.39,-36.18],[-70.39,-36.15],[-70.4,-36.13],[-70.4,-36.11],[-70.41,-36.11],[-70.41,-36.1],[-70.41,-36.11],[-70.42,-36.11],[-70.42,-36.1],[-70.43,-36.1],[-70.42,-36.09],[-70.42,-36.08],[-70.41,-36.06],[-70.41,-36.05],[-70.4,-36.05],[-70.39,-36.05],[-70.38,-36.05],[-70.37,-36.04],[-70.37,-36.03],[-70.38,-36.03],[-70.38,-36.02],[-70.38,-36.0],[-70.37,-35.99],[-70.38,-35.99],[-70.39,-35.98],[-70.4,-35.98],[-70.41,-35.98],[-70.42,-35.98],[-70.42,-35.97],[-70.42,-35.96],[-70.41,-35.96],[-70.41,-35.95],[-70.39,-35.95],[-70.39,-35.94],[-70.38,-35.94],[-70.38,-35.93],[-70.36,-35.92],[-70.37,-35.92],[-70.39,-35.92],[-70.41,-35.92],[-70.42,-35.92],[-70.43,-35.91],[-70.42,-35.9],[-70.42,-35.89],[-70.42,-35.88],[-70.41,-35.87],[-70.4,-35.87],[-70.39,-35.87],[-70.38,-35.87],[-70.38,-35.86],[-70.38,-35.85],[-70.37,-35.84],[-70.36,-35.84],[-70.35,-35.84],[-70.33,-35.83],[-70.33,-35.82],[-70.32,-35.82],[-70.31,-35.81],[-70.32,-35.81],[-70.34,-35.8],[-70.35,-35.8],[-70.36,-35.8],[-70.36,-35.79],[-70.37,-35.79],[-70.38,-35.79],[-70.38,-35.78],[-70.38,-35.77],[-70.37,-35.76],[-70.36,-35.75],[-70.36,-35.74],[-70.37,-35.74],[-70.37,-35.73],[-70.37,-35.72],[-70.37,-35.71],[-70.38,-35.7],[-70.37,-35.7],[-70.38,-35.7],[-70.39,-35.69],[-70.4,-35.69],[-70.41,-35.67],[-70.4,-35.67],[-70.4,-35.66],[-70.41,-35.66],[-70.41,-35.65],[-70.42,-35.64],[-70.42,-35.63],[-70.41,-35.63],[-70.4,-35.63],[-70.4,-35.62],[-70.39,-35.61],[-70.38,-35.61],[-70.39,-35.59],[-70.4,-35.59],[-70.4,-35.58],[-70.4,-35.57],[-70.4,-35.56],[-70.41,-35.56],[-70.41,-35.55],[-70.4,-35.55],[-70.41,-35.54],[-70.41,-35.53],[-70.4,-35.53],[-70.39,-35.52],[-70.37,-35.52],[-70.38,-35.51],[-70.39,-35.51],[-70.4,-35.49],[-70.41,-35.49],[-70.42,-35.49],[-70.43,-35.48],[-70.44,-35.47],[-70.45,-35.46],[-70.44,-35.46],[-70.45,-35.46],[-70.45,-35.45],[-70.44,-35.45],[-70.43,-35.45],[-70.44,-35.44],[-70.43,-35.44],[-70.44,-35.43],[-70.45,-35.43],[-70.45,-35.42],[-70.44,-35.42],[-70.44,-35.41],[-70.45,-35.41],[-70.45,-35.4],[-70.45,-35.39],[-70.44,-35.38],[-70.43,-35.37],[-70.42,-35.37],[-70.42,-35.36],[-70.42,-35.35],[-70.43,-35.34],[-70.44,-35.33],[-70.44,-35.32],[-70.43,-35.32],[-70.45,-35.32],[-70.46,-35.32],[-70.47,-35.31],[-70.48,-35.32],[-70.49,-35.32],[-70.5,-35.32],[-70.51,-35.31],[-70.54,-35.31],[-70.55,-35.3],[-70.56,-35.3],[-70.57,-35.3],[-70.57,-35.29],[-70.58,-35.28],[-70.58,-35.27],[-70.58,-35.26],[-70.57,-35.26],[-70.57,-35.25],[-70.57,-35.24],[-70.56,-35.23],[-70.57,-35.22],[-70.56,-35.22],[-70.55,-35.21],[-70.54,-35.2],[-70.53,-35.2],[-70.53,-35.19],[-70.52,-35.2],[-70.53,-35.2],[-70.52,-35.21],[-70.51,-35.2],[-70.5,-35.2],[-70.49,-35.2],[-70.48,-35.2],[-70.47,-35.2],[-70.46,-35.2],[-70.46,-35.19],[-70.45,-35.19],[-70.45,-35.2],[-70.44,-35.19],[-70.43,-35.19],[-70.42,-35.18],[-70.41,-35.18],[-70.4,-35.18],[-70.39,-35.17],[-70.38,-35.17],[-70.37,-35.17],[-70.38,-35.17],[-70.37,-35.15],[-70.36,-35.13],[-70.37,-35.12],[-70.37,-35.11],[-70.36,-35.1],[-70.37,-35.09],[-70.37,-35.08],[-70.37,-35.07],[-70.37,-35.06],[-70.38,-35.06],[-70.38,-35.05],[-70.37,-35.04],[-70.36,-35.03],[-70.36,-35.02],[-70.37,-35.02],[-70.36,-35.01],[-70.36,-35.0],[-70.35,-35.0],[-70.34,-34.99],[-70.33,-34.99],[-70.33,-34.98],[-70.33,-34.97],[-70.33,-34.96],[-70.33,-34.95],[-70.33,-34.94],[-70.33,-34.93],[-70.32,-34.93],[-70.32,-34.92],[-70.31,-34.92],[-70.31,-34.91],[-70.3,-34.9],[-70.29,-34.89],[-70.29,-34.88],[-70.28,-34.88],[-70.28,-34.87],[-70.28,-34.86],[-70.28,-34.85],[-70.26,-34.83],[-70.26,-34.82],[-70.26,-34.81],[-70.25,-34.81],[-70.25,-34.8],[-70.25,-34.79],[-70.27,-34.79],[-70.28,-34.79],[-70.28,-34.78],[-70.29,-34.78],[-70.3,-34.77],[-70.31,-34.77],[-70.31,-34.76],[-70.31,-34.75],[-70.29,-34.74],[-70.28,-34.74],[-70.27,-34.74],[-70.26,-34.73],[-70.26,-34.72],[-70.25,-34.71],[-70.25,-34.7],[-70.25,-34.69],[-70.24,-34.69],[-70.23,-34.69],[-70.22,-34.68],[-70.21,-34.68],[-70.22,-34.67],[-70.21,-34.67],[-70.22,-34.67],[-70.22,-34.66],[-70.22,-34.65],[-70.22,-34.64],[-70.22,-34.63],[-70.22,-34.62],[-70.22,-34.61],[-70.21,-34.61],[-70.2,-34.6],[-70.21,-34.6],[-70.2,-34.59],[-70.19,-34.59],[-70.19,-34.58],[-70.2,-34.58],[-70.19,-34.58],[-70.19,-34.57],[-70.18,-34.58],[-70.17,-34.57],[-70.17,-34.56],[-70.16,-34.55],[-70.15,-34.53],[-70.14,-34.53],[-70.15,-34.53],[-70.14,-34.52],[-70.13,-34.51],[-70.13,-34.5],[-70.13,-34.49],[-70.12,-34.48],[-70.1,-34.48],[-70.09,-34.48],[-70.08,-34.47],[-70.07,-34.46],[-70.07,-34.45],[-70.05,-34.45],[-70.05,-34.44],[-70.05,-34.43],[-70.04,-34.42],[-70.03,-34.42],[-70.02,-34.42],[-70.01,-34.41],[-70.01,-34.39],[-70.02,-34.38],[-70.02,-34.37],[-70.03,-34.37],[-70.02,-34.37],[-70.02,-34.36],[-70.02,-34.35],[-70.01,-34.34],[-70.02,-34.31],[-70.03,-34.29],[-70.02,-34.28],[-70.01,-34.27],[-70.0,-34.26],[-69.99,-34.26],[-69.98,-34.25],[-69.97,-34.25],[-69.96,-34.25],[-69.95,-34.26],[-69.95,-34.27],[-69.94,-34.27],[-69.94,-34.28],[-69.93,-34.28],[-69.92,-34.28],[-69.92,-34.29],[-69.91,-34.29],[-69.9,-34.28],[-69.9,-34.27],[-69.89,-34.27],[-69.88,-34.26],[-69.88,-34.27],[-69.87,-34.27],[-69.86,-34.26],[-69.85,-34.26],[-69.83,-34.26],[-69.83,-34.25],[-69.82,-34.25],[-69.81,-34.25],[-69.8,-34.23],[-69.81,-34.23],[-69.8,-34.23],[-69.8,-34.22],[-69.8,-34.21],[-69.8,-34.19],[-69.81,-34.19],[-69.82,-34.18],[-69.83,-34.17],[-69.83,-34.16],[-69.84,-34.16],[-69.86,-34.15],[-69.86,-34.14],[-69.87,-34.14],[-69.87,-34.13],[-69.87,-34.12],[-69.86,-34.12],[-69.86,-34.11],[-69.86,-34.1],[-69.85,-34.1],[-69.84,-34.1],[-69.84,-34.09],[-69.83,-34.09],[-69.83,-34.08],[-69.83,-34.07],[-69.85,-34.07],[-69.85,-34.06],[-69.85,-34.05],[-69.85,-34.04],[-69.84,-34.03],[-69.83,-34.02],[-69.82,-34.02],[-69.82,-34.01],[-69.84,-34.01],[-69.84,-34.0],[-69.84,-33.99],[-69.85,-33.98],[-69.85,-33.97],[-69.85,-33.96],[-69.87,-33.96],[-69.88,-33.97],[-69.88,-33.98],[-69.89,-33.98],[-69.9,-33.97],[-69.91,-33.96],[-69.9,-33.96],[-69.9,-33.95],[-69.89,-33.94],[-69.89,-33.93],[-69.89,-33.92],[-69.88,-33.92],[-69.88,-33.91],[-69.87,-33.91],[-69.86,-33.89],[-69.87,-33.88],[-69.87,-33.87],[-69.87,-33.86],[-69.88,-33.86],[-69.89,-33.85],[-69.9,-33.85],[-69.9,-33.84],[-69.9,-33.83],[-69.89,-33.83],[-69.89,-33.82],[-69.9,-33.82],[-69.9,-33.81],[-69.89,-33.81],[-69.9,-33.8],[-69.89,-33.79],[-69.9,-33.78],[-69.9,-33.77],[-69.9,-33.76],[-69.88,-33.74],[-69.88,-33.73],[-69.86,-33.72],[-69.87,-33.71],[-69.87,-33.69],[-69.88,-33.69],[-69.88,-33.68],[-69.88,-33.66],[-69.87,-33.65],[-69.88,-33.65],[-69.87,-33.64],[-69.88,-33.63],[-69.88,-33.62],[-69.88,-33.61],[-69.87,-33.6],[-69.87,-33.59],[-69.87,-33.57],[-69.87,-33.56],[-69.87,-33.55],[-69.87,-33.54],[-69.86,-33.53],[-69.85,-33.52],[-69.84,-33.52],[-69.83,-33.51],[-69.83,-33.5],[-69.83,-33.48],[-69.83,-33.47],[-69.82,-33.47],[-69.82,-33.46],[-69.82,-33.45],[-69.81,-33.44],[-69.82,-33.44],[-69.82,-33.43],[-69.81,-33.42],[-69.8,-33.42],[-69.8,-33.41],[-69.81,-33.4],[-69.82,-33.39],[-69.8,-33.4],[-69.78,-33.39],[-69.78,-33.38],[-69.77,-33.36],[-69.77,-33.34],[-69.78,-33.33],[-69.78,-33.32],[-69.78,-33.31],[-69.79,-33.31],[-69.8,-33.29],[-69.81,-33.29],[-69.82,-33.29],[-69.82,-33.28],[-69.83,-33.28],[-69.83,-33.27],[-69.84,-33.27],[-69.85,-33.28],[-69.86,-33.28],[-69.87,-33.28],[-69.88,-33.28],[-69.89,-33.28],[-69.9,-33.27],[-69.91,-33.27],[-69.92,-33.24],[-69.92,-33.25],[-69.92,-33.26],[-69.92,-33.27],[-69.93,-33.27],[-69.94,-33.28],[-69.95,-33.28],[-69.95,-33.29],[-69.96,-33.29],[-69.97,-33.3],[-69.97,-33.31],[-69.98,-33.31],[-69.99,-33.32],[-70.0,-33.32],[-70.01,-33.32],[-70.01,-33.31],[-70.01,-33.3],[-70.01,-33.29],[-70.01,-33.28],[-70.02,-33.28],[-70.03,-33.28],[-70.03,-33.27],[-70.04,-33.27],[-70.03,-33.25],[-70.03,-33.24],[-70.03,-33.23],[-70.04,-33.23],[-70.06,-33.23],[-70.06,-33.21],[-70.06,-33.2],[-70.06,-33.19],[-70.07,-33.18],[-70.06,-33.18],[-70.06,-33.17],[-70.07,-33.15],[-70.06,-33.15],[-70.06,-33.14],[-70.05,-33.14],[-70.06,-33.13],[-70.07,-33.12],[-70.08,-33.12],[-70.07,-33.11],[-70.07,-33.1],[-70.07,-33.09],[-70.07,-33.08],[-70.07,-33.06],[-70.09,-33.05],[-70.09,-33.04],[-70.08,-33.03],[-70.07,-33.03],[-70.05,-33.03],[-70.04,-33.02],[-70.03,-33.02],[-70.03,-33.01],[-70.02,-33.01],[-70.02,-33.0],[-70.02,-32.98],[-70.03,-32.98],[-70.02,-32.97],[-70.03,-32.97],[-70.02,-32.97],[-70.02,-32.96],[-70.01,-32.95],[-70.0,-32.95],[-70.0,-32.94],[-70.01,-32.93],[-70.0,-32.93],[-70.0,-32.92],[-69.99,-32.91],[-69.99,-32.9],[-69.99,-32.89],[-70.0,-32.88],[-70.02,-32.88],[-70.04,-32.87],[-70.06,-32.86],[-70.05,-32.85],[-70.06,-32.85],[-70.05,-32.85],[-70.05,-32.84],[-70.06,-32.83],[-70.08,-32.82],[-70.09,-32.81],[-70.09,-32.8],[-70.1,-32.8],[-70.11,-32.8],[-70.11,-32.79],[-70.11,-32.78],[-70.11,-32.77],[-70.12,-32.77],[-70.13,-32.76],[-70.13,-32.75],[-70.14,-32.74],[-70.14,-32.73],[-70.15,-32.73],[-70.14,-32.72],[-70.14,-32.71],[-70.15,-32.71],[-70.14,-32.69],[-70.14,-32.68],[-70.15,-32.67],[-70.15,-32.66],[-70.15,-32.65],[-70.15,-32.64],[-70.16,-32.63],[-70.17,-32.63],[-70.17,-32.62],[-70.17,-32.61],[-70.16,-32.6],[-70.15,-32.58],[-70.14,-32.58],[-70.13,-32.58],[-70.13,-32.57],[-70.11,-32.58],[-70.1,-32.59],[-70.09,-32.61],[-70.09,-32.62],[-70.08,-32.63],[-70.07,-32.63],[-70.06,-32.63],[-70.04,-32.62],[-70.04,-32.6],[-70.04,-32.57],[-70.03,-32.57],[-70.0,-32.55],[-69.98,-32.54],[-69.96,-32.55],[-69.94,-32.54],[-69.93,-32.54],[-69.92,-32.54],[-69.9,-32.56],[-69.89,-32.56],[-69.86,-32.56],[-69.85,-32.57],[-69.83,-32.57],[-69.82,-32.57],[-69.82,-32.55],[-69.8,-32.54],[-69.79,-32.54],[-69.78,-32.53],[-69.76,-32.53],[-69.73,-32.54],[-69.72,-32.53],[-69.71,-32.52],[-69.7,-32.52],[-69.69,-32.51],[-69.69,-32.49],[-69.68,-32.48],[-69.69,-32.47],[-69.7,-32.45],[-69.69,-32.44],[-69.69,-32.43],[-69.69,-32.41],[-69.69,-32.39],[-69.7,-32.38],[-69.71,-32.37],[-69.71,-32.35],[-69.71,-32.33],[-69.69,-32.31],[-69.68,-32.3],[-69.67,-32.29],[-69.66,-32.28],[-69.65,-32.27],[-69.64,-32.26],[-69.63,-32.25],[-69.62,-32.24],[-69.62,-32.23],[-69.62,-32.22],[-69.62,-32.21],[-69.61,-32.2],[-69.61,-32.19],[-69.6,-32.18],[-69.61,-32.16],[-69.59,-32.14],[-69.58,-32.14],[-69.57,-32.13],[-69.56,-32.13],[-69.55,-32.14],[-69.54,-32.14],[-69.52,-32.13],[-69.51,-32.12],[-69.5,-32.11],[-69.49,-32.11],[-69.48,-32.1],[-69.46,-32.08],[-69.44,-32.08],[-69.42,-32.07],[-69.41,-32.07],[-69.41,-32.08],[-69.4,-32.08],[-69.39,-32.07],[-69.38,-32.07],[-69.37,-32.07],[-69.36,-32.08],[-69.34,-32.09],[-69.33,-32.09],[-69.32,-32.09],[-69.31,-32.09],[-69.31,-32.08],[-69.3,-32.08],[-69.28,-32.07],[-69.27,-32.05],[-69.27,-32.03],[-69.26,-32.03],[-69.25,-32.02],[-69.23,-32.01],[-69.22,-32.01],[-69.21,-32.01],[-69.18,-32.0],[-69.18,-31.98],[-69.16,-31.97],[-69.14,-31.97],[-69.13,-31.97],[-69.13,-31.98],[-69.13,-31.99],[-69.12,-32.0],[-69.12,-32.02],[-69.11,-32.03],[-69.1,-32.03],[-69.09,-32.03],[-69.09,-32.05],[-69.07,-32.07],[-69.03,-32.1],[-69.02,-32.11],[-69.01,-32.11],[-68.99,-32.11],[-68.97,-32.11],[-68.96,-32.1],[-68.95,-32.1],[-68.93,-32.1],[-68.93,-32.32],[-68.83,-32.33],[-68.66,-32.33],[-68.58,-32.26],[-68.51,-32.19],[-68.49,-32.18],[-68.48,-32.16],[-68.47,-32.15],[-68.47,-32.1],[-68.46,-32.1],[-68.42,-32.11],[-68.4,-32.11],[-68.39,-32.11],[-68.38,-32.11],[-68.39,-32.12],[-68.38,-32.13],[-68.37,-32.13],[-68.34,-32.13],[-68.33,-32.13],[-68.32,-32.13],[-68.31,-32.13],[-68.3,-32.13],[-68.29,-32.14],[-68.28,-32.13],[-68.25,-32.12],[-68.24,-32.11],[-68.23,-32.11],[-68.21,-32.12],[-68.2,-32.11],[-68.18,-32.11],[-68.15,-32.11],[-68.1,-32.09],[-68.09,-32.08],[-68.08,-32.08],[-68.07,-32.08],[-68.07,-32.07],[-68.06,-32.07],[-68.05,-32.07],[-68.04,-32.07],[-68.03,-32.08],[-68.01,-32.07],[-68.0,-32.08],[-67.97,-32.07],[-67.96,-32.08],[-67.96,-32.1],[-67.93,-32.11],[-67.93,-32.13],[-67.92,-32.14],[-67.92,-32.15],[-67.91,-32.16],[-67.9,-32.16],[-67.89,-32.17],[-67.88,-32.17],[-67.87,-32.17],[-67.86,-32.18],[-67.86,-32.19],[-67.83,-32.2],[-67.83,-32.21],[-67.82,-32.21],[-67.79,-32.21],[-67.78,-32.21],[-67.76,-32.21],[-67.75,-32.21],[-67.74,-32.21],[-67.73,-32.21],[-67.72,-32.21],[-67.71,-32.22],[-67.7,-32.22],[-67.69,-32.22],[-67.68,-32.22],[-67.67,-32.22],[-67.66,-32.21],[-67.64,-32.22],[-67.63,-32.22],[-67.61,-32.21],[-67.59,-32.22],[-67.57,-32.22],[-67.55,-32.22],[-67.54,-32.22],[-67.52,-32.21],[-67.52,-32.2],[-67.51,-32.2],[-67.51,-32.21],[-67.5,-32.21],[-67.5,-32.22],[-67.48,-32.25],[-67.47,-32.26],[-67.47,-32.28],[-67.46,-32.3],[-67.43,-32.32],[-67.42,-32.33],[-67.41,-32.33],[-67.41,-32.34],[-67.39,-32.34],[-67.38,-32.34],[-67.37,-32.35],[-67.37,-32.38],[-67.36,-32.39],[-67.35,-32.4],[-67.34,-32.4],[-67.33,-32.41],[-67.32,-32.44],[-67.32,-32.45],[-67.32,-32.46],[-67.31,-32.48],[-67.3,-32.5],[-67.3,-32.51],[-67.3,-32.53],[-67.29,-32.55],[-67.29,-32.56],[-67.29,-32.57],[-67.29,-32.58],[-67.27,-32.6],[-67.26,-32.61],[-67.26,-32.62],[-67.26,-32.63],[-67.26,-32.64],[-67.26,-32.65],[-67.25,-32.67],[-67.25,-32.68],[-67.24,-32.69],[-67.22,-32.7],[-67.21,-32.71],[-67.2,-32.72],[-67.2,-32.74],[-67.19,-32.76],[-67.19,-32.77],[-67.19,-32.78],[-67.19,-32.79],[-67.2,-32.79],[-67.2,-32.8],[-67.21,-32.82],[-67.21,-32.83],[-67.2,-32.86],[-67.2,-32.88],[-67.21,-32.89],[-67.21,-32.9],[-67.21,-32.92],[-67.22,-32.93],[-67.22,-32.94],[-67.21,-32.95],[-67.2,-32.96],[-67.2,-32.97],[-67.2,-32.99],[-67.21,-33.0],[-67.2,-33.01],[-67.2,-33.02],[-67.21,-33.03],[-67.21,-33.05],[-67.2,-33.06],[-67.2,-33.07],[-67.19,-33.07],[-67.2,-33.09],[-67.2,-33.12],[-67.19,-33.13],[-67.19,-33.14],[-67.18,-33.15],[-67.18,-33.16],[-67.19,-33.2],[-67.19,-33.24],[-67.18,-33.25],[-67.18,-33.26],[-67.18,-33.29],[-67.18,-33.3],[-67.17,-33.31],[-67.16,-33.32],[-67.16,-33.33],[-67.16,-33.34],[-67.16,-33.36],[-67.15,-33.38],[-67.16,-33.39],[-67.16,-33.4],[-67.16,-33.43],[-67.14,-33.45],[-67.14,-33.47],[-67.12,-33.48],[-67.11,-33.52],[-67.1,-33.53],[-67.09,-33.54],[-67.08,-33.54],[-67.07,-33.56],[-67.06,-33.58],[-67.05,-33.59],[-67.02,-33.6],[-67.01,-33.6],[-67.01,-33.62],[-67.01,-33.63],[-67.01,-33.64],[-67.0,-33.67],[-67.0,-33.69],[-66.98,-33.71],[-66.93,-33.74],[-66.9,-33.76],[-66.89,-33.77],[-66.89,-33.78],[-66.89,-33.8],[-66.86,-33.83],[-66.85,-33.85],[-66.84,-33.86],[-66.84,-33.87],[-66.82,-33.9],[-66.81,-33.91],[-66.79,-33.91],[-66.79,-33.92],[-66.78,-33.93],[-66.77,-33.93],[-66.76,-33.93],[-66.74,-33.95],[-66.74,-33.96],[-66.74,-33.97],[-66.73,-34.0],[-66.73,-34.02],[-66.74,-34.06],[-66.74,-34.09],[-66.74,-34.1],[-66.75,-34.11],[-66.74,-34.12],[-66.74,-34.13],[-66.74,-34.14],[-66.75,-34.15],[-66.76,-34.16],[-66.75,-34.17],[-66.75,-34.19],[-66.74,-34.19],[-66.75,-34.21],[-66.76,-34.2],[-66.77,-34.2],[-66.78,-34.2],[-66.78,-34.21],[-66.78,-34.22],[-66.8,-34.21],[-66.8,-34.22],[-66.81,-34.24],[-66.8,-34.25],[-66.81,-34.26],[-66.8,-34.28],[-66.81,-34.29],[-66.81,-34.3],[-66.8,-34.31],[-66.81,-34.32],[-66.82,-34.33],[-66.8,-34.34],[-66.8,-34.36],[-66.79,-34.35],[-66.79,-34.36],[-66.78,-34.36],[-66.79,-34.37],[-66.79,-34.38],[-66.8,-34.39],[-66.81,-34.38],[-66.81,-34.39],[-66.8,-34.4],[-66.78,-34.41],[-66.77,-34.43],[-66.78,-34.46],[-66.77,-34.48],[-66.78,-34.5],[-66.78,-34.51],[-66.77,-34.52],[-66.76,-34.54],[-66.76,-34.55],[-66.75,-34.57],[-66.75,-34.59],[-66.73,-34.61],[-66.73,-34.63],[-66.72,-34.64],[-66.7,-34.65],[-66.7,-34.67],[-66.68,-34.69],[-66.65,-34.7],[-66.64,-34.71],[-66.64,-34.72],[-66.64,-34.73],[-66.65,-34.74],[-66.66,-34.75],[-66.63,-34.78],[-66.62,-34.8],[-66.6,-34.81],[-66.58,-34.84],[-66.57,-34.86],[-66.56,-34.88],[-66.55,-34.9],[-66.55,-34.93],[-66.54,-34.94],[-66.54,-34.95],[-66.54,-34.96],[-66.55,-34.97],[-66.55,-34.98],[-66.56,-34.99],[-66.55,-35.0],[-66.55,-35.01],[-66.55,-35.02],[-66.54,-35.04],[-66.54,-35.05],[-66.54,-35.06],[-66.53,-35.07],[-66.53,-35.09],[-66.52,-35.1],[-66.51,-35.11],[-66.51,-35.12],[-66.5,-35.15],[-66.51,-35.19],[-66.5,-35.24],[-66.51,-35.25],[-66.51,-35.26],[-66.52,-35.26],[-66.52,-35.27],[-66.52,-35.28],[-66.52,-35.3],[-66.51,-35.32],[-66.51,-35.34],[-66.51,-35.36],[-66.52,-35.38],[-66.52,-35.4],[-66.53,-35.41],[-66.53,-35.43],[-66.53,-35.47],[-66.53,-35.49],[-66.53,-35.53],[-66.54,-35.54],[-66.54,-35.55],[-66.55,-35.57],[-66.56,-35.57],[-66.58,-35.59],[-66.58,-35.6],[-66.57,-35.61],[-66.57,-35.62],[-66.57,-35.63],[-66.56,-35.63],[-66.56,-35.64],[-66.56,-35.65],[-66.57,-35.66],[-66.57,-35.67],[-66.59,-35.71],[-66.59,-35.72],[-66.58,-35.74],[-66.59,-35.75],[-66.58,-35.77],[-66.6,-35.8],[-66.6,-35.81],[-66.6,-35.82],[-66.62,-35.85],[-66.62,-35.87],[-66.62,-35.89],[-66.62,-35.9],[-66.62,-35.91],[-66.63,-35.91],[-66.63,-35.93],[-66.63,-35.94],[-66.63,-35.95],[-66.64,-35.97],[-66.63,-36.0],[-67.5,-36.0],[-67.58,-36.0],[-68.3,-36.0],[-68.3,-36.14]]]]}},{"type":"Feature","properties":{"GID_1":"ARG.14_1","GID_0":"ARG","COUNTRY":"Argentina","NAME_1":"Misiones","VARNAME_1":"Missões","NL_NAME_1":"NA","TYPE_1":"Provincia","ENGTYPE_1":"Province","CC_1":"NA","HASC_1":"AR.MN","ISO_1":"AR-N"},"geometry":{"type":"MultiPolygon","coordinates":[[[[-55.32,-27.93],[-55.33,-27.93],[-55.34,-27.94],[-55.34,-27.96],[-55.34,-27.97],[-55.36,-27.97],[-55.38,-27.98],[-55.38,-27.99],[-55.39,-27.99],[-55.37,-28.01],[-55.37,-28.02],[-55.38,-28.03],[-55.37,-28.03],[-55.38,-28.04],[-55.42,-28.07],[-55.43,-28.07],[-55.44,-28.09],[-55.45,-28.1],[-55.46,-28.09],[-55.49,-28.08],[-55.5,-28.08],[-55.5,-28.09],[-55.51,-28.11],[-55.51,-28.12],[-55.52,-28.12],[-55.53,-28.12],[-55.54,-28.13],[-55.54,-28.15],[-55.54,-28.16],[-55.55,-28.16],[-55.56,-28.16],[-55.57,-28.16],[-55.57,-28.13],[-55.58,-28.12],[-55.59,-28.12],[-55.6,-28.12],[-55.61,-28.13],[-55.62,-28.13],[-55.63,-28.13],[-55.64,-28.12],[-55.66,-28.1],[-55.67,-28.1],[-55.68,-28.09],[-55.69,-28.08],[-55.7,-28.08],[-55.71,-28.08],[-55.71,-28.07],[-55.71,-28.06],[-55.72,-28.05],[-55.73,-28.05],[-55.74,-28.05],[-55.74,-28.04],[-55.74,-28.03],[-55.74,-28.02],[-55.75,-28.0],[-55.77,-27.99],[-55.78,-27.99],[-55.79,-27.98],[-55.81,-27.97],[-55.81,-27.96],[-55.82,-27.94],[-55.82,-27.93],[-55.82,-27.92],[-55.82,-27.91],[-55.83,-27.9],[-55.84,-27.89],[-55.84,-27.87],[-55.83,-27.86],[-55.84,-27.84],[-55.85,-27.83],[-55.84,-27.83],[-55.84,-27.82],[-55.83,-27.81],[-55.83,-27.8],[-55.85,-27.76],[-55.87,-27.74],[-55.89,-27.7],[-55.93,-27.62],[-55.96,-27.58],[-55.97,-27.56],[-55.99,-27.54],[-56.0,-27.53],[-56.02,-27.52],[-56.02,-27.51],[-56.03,-27.5],[-56.04,-27.47],[-56.06,-27.46],[-56.06,-27.43],[-56.05,-27.42],[-56.05,-27.41],[-56.04,-27.4],[-56.03,-27.39],[-56.03,-27.37],[-56.04,-27.37],[-56.04,-27.36],[-56.04,-27.35],[-56.03,-27.34],[-56.03,-27.32],[-56.0,-27.34],[-55.97,-27.35],[-55.94,-27.35],[-55.91,-27.34],[-55.9,-27.35],[-55.89,-27.35],[-55.88,-27.36],[-55.87,-27.38],[-55.85,-27.41],[-55.83,-27.43],[-55.81,-27.44],[-55.78,-27.45],[-55.75,-27.45],[-55.74,-27.45],[-55.73,-27.44],[-55.7,-27.41],[-55.68,-27.39],[-55.64,-27.36],[-55.63,-27.36],[-55.6,-27.34],[-55.59,-27.33],[-55.59,-27.31],[-55.6,-27.3],[-55.6,-27.29],[-55.58,-27.26],[-55.58,-27.25],[-55.59,-27.23],[-55.61,-27.21],[-55.62,-27.2],[-55.62,-27.19],[-55.62,-27.18],[-55.61,-27.17],[-55.6,-27.17],[-55.58,-27.17],[-55.57,-27.17],[-55.57,-27.16],[-55.56,-27.15],[-55.57,-27.14],[-55.56,-27.13],[-55.56,-27.12],[-55.55,-27.11],[-55.54,-27.11],[-55.52,-27.11],[-55.51,-27.11],[-55.49,-27.11],[-55.48,-27.11],[-55.47,-27.11],[-55.46,-27.1],[-55.45,-27.09],[-55.46,-27.07],[-55.45,-27.05],[-55.44,-27.02],[-55.43,-27.01],[-55.42,-27.0],[-55.38,-26.97],[-55.37,-26.97],[-55.31,-26.96],[-55.3,-26.96],[-55.29,-26.96],[-55.27,-26.94],[-55.26,-26.94],[-55.25,-26.94],[-55.24,-26.95],[-55.22,-26.97],[-55.21,-26.97],[-55.2,-26.97],[-55.16,-26.96],[-55.15,-26.96],[-55.14,-26.95],[-55.13,-26.95],[-55.13,-26.94],[-55.15,-26.92],[-55.15,-26.91],[-55.15,-26.89],[-55.14,-26.88],[-55.14,-26.87],[-55.13,-26.86],[-55.11,-26.85],[-55.09,-26.84],[-55.08,-26.83],[-55.07,-26.81],[-55.06,-26.8],[-55.05,-26.8],[-55.04,-26.8],[-55.02,-26.79],[-54.98,-26.8],[-54.97,-26.79],[-54.96,-26.79],[-54.95,-26.77],[-54.94,-26.75],[-54.94,-26.71],[-54.94,-26.7],[-54.94,-26.69],[-54.92,-26.68],[-54.89,-26.67],[-54.87,-26.66],[-54.86,-26.67],[-54.84,-26.68],[-54.83,-26.68],[-54.82,-26.68],[-54.81,-26.67],[-54.81,-26.66],[-54.8,-26.66],[-54.79,-26.64],[-54.78,-26.62],[-54.79,-26.59],[-54.81,-26.56],[-54.8,-26.55],[-54.8,-26.53],[-54.78,-26.52],[-54.77,-26.5],[-54.76,-26.5],[-54.74,-26.48],[-54.72,-26.47],[-54.71,-26.46],[-54.71,-26.45],[-54.7,-26.44],[-54.7,-26.43],[-54.7,-26.39],[-54.7,-26.38],[-54.68,-26.36],[-54.65,-26.32],[-54.65,-26.31],[-54.65,-26.3],[-54.68,-26.28],[-54.68,-26.27],[-54.68,-26.26],[-54.67,-26.25],[-54.65,-26.24],[-54.63,-26.23],[-54.62,-26.22],[-54.62,-26.21],[-54.63,-26.2],[-54.66,-26.18],[-54.67,-26.18],[-54.67,-26.16],[-54.68,-26.15],[-54.67,-26.14],[-54.65,-26.12],[-54.65,-26.11],[-54.64,-26.09],[-54.65,-26.07],[-54.66,-26.06],[-54.68,-26.02],[-54.68,-26.01],[-54.68,-26.0],[-54.68,-25.99],[-54.67,-25.98],[-54.63,-25.98],[-54.62,-25.98],[-54.61,-25.97],[-54.61,-25.96],[-54.62,-25.94],[-54.62,-25.92],[-54.62,-25.9],[-54.6,-25.86],[-54.59,-25.85],[-54.59,-25.84],[-54.59,-25.83],[-54.59,-25.82],[-54.6,-25.82],[-54.61,-25.8],[-54.62,-25.8],[-54.63,-25.77],[-54.63,-25.76],[-54.63,-25.74],[-54.64,-25.72],[-54.65,-25.71],[-54.66,-25.68],[-54.66,-25.67],[-54.65,-25.67],[-54.63,-25.67],[-54.61,-25.67],[-54.59,-25.67],[-54.59,-25.66],[-54.6,-25.63],[-54.6,-25.62],[-54.6,-25.59],[-54.56,-25.59],[-54.55,-25.59],[-54.55,-25.6],[-54.54,-25.6],[-54.54,-25.62],[-54.53,-25.63],[-54.52,-25.63],[-54.51,-25.62],[-54.5,-25.62],[-54.49,-25.63],[-54.45,-25.66],[-54.45,-25.67],[-54.45,-25.69],[-54.44,-25.7],[-54.43,-25.7],[-54.43,-25.68],[-54.43,-25.67],[-54.42,-25.66],[-54.4,-25.66],[-54.4,-25.64],[-54.39,-25.64],[-54.39,-25.61],[-54.39,-25.6],[-54.38,-25.6],[-54.37,-25.6],[-54.36,-25.61],[-54.35,-25.61],[-54.34,-25.6],[-54.33,-25.57],[-54.3,-25.56],[-54.29,-25.56],[-54.28,-25.56],[-54.27,-25.57],[-54.27,-25.58],[-54.26,-25.59],[-54.25,-25.6],[-54.24,-25.6],[-54.24,-25.57],[-54.23,-25.57],[-54.22,-25.57],[-54.21,-25.58],[-54.19,-25.59],[-54.18,-25.59],[-54.18,-25.58],[-54.21,-25.57],[-54.21,-25.56],[-54.21,-25.55],[-54.2,-25.55],[-54.18,-25.55],[-54.17,-25.55],[-54.16,-25.54],[-54.14,-25.52],[-54.13,-25.51],[-54.11,-25.5],[-54.1,-25.5],[-54.1,-25.51],[-54.1,-25.52],[-54.13,-25.56],[-54.13,-25.57],[-54.11,-25.62],[-54.1,-25.62],[-54.09,-25.62],[-54.08,-25.62],[-54.08,-25.6],[-54.08,-25.59],[-54.08,-25.58],[-54.07,-25.57],[-54.07,-25.58],[-54.05,-25.59],[-54.04,-25.59],[-54.02,-25.57],[-54.01,-25.57],[-54.0,-25.57],[-53.99,-25.58],[-53.97,-25.6],[-53.97,-25.61],[-53.96,-25.61],[-53.96,-25.63],[-53.95,-25.64],[-53.94,-25.64],[-53.94,-25.63],[-53.95,-25.62],[-53.94,-25.61],[-53.93,-25.61],[-53.93,-25.62],[-53.92,-25.62],[-53.91,-25.62],[-53.92,-25.63],[-53.91,-25.63],[-53.9,-25.63],[-53.89,-25.62],[-53.89,-25.63],[-53.89,-25.64],[-53.88,-25.64],[-53.88,-25.65],[-53.88,-25.66],[-53.87,-25.66],[-53.86,-25.66],[-53.86,-25.67],[-53.85,-25.68],[-53.84,-25.69],[-53.85,-25.69],[-53.85,-25.7],[-53.86,-25.7],[-53.87,-25.69],[-53.87,-25.7],[-53.88,-25.7],[-53.88,-25.71],[-53.87,-25.71],[-53.87,-25.72],[-53.86,-25.72],[-53.86,-25.73],[-53.86,-25.74],[-53.85,-25.74],[-53.84,-25.75],[-53.84,-25.76],[-53.85,-25.76],[-53.85,-25.77],[-53.84,-25.77],[-53.83,-25.78],[-53.84,-25.79],[-53.83,-25.79],[-53.82,-25.79],[-53.82,-25.8],[-53.83,-25.81],[-53.82,-25.81],[-53.82,-25.82],[-53.84,-25.82],[-53.84,-25.83],[-53.85,-25.84],[-53.84,-25.84],[-53.84,-25.85],[-53.85,-25.86],[-53.84,-25.86],[-53.83,-25.86],[-53.84,-25.87],[-53.82,-25.87],[-53.83,-25.88],[-53.84,-25.88],[-53.85,-25.88],[-53.84,-25.89],[-53.83,-25.89],[-53.83,-25.9],[-53.82,-25.9],[-53.83,-25.91],[-53.82,-25.91],[-53.83,-25.93],[-53.83,-25.92],[-53.84,-25.92],[-53.84,-25.93],[-53.84,-25.94],[-53.84,-25.95],[-53.83,-25.96],[-53.84,-25.96],[-53.84,-25.97],[-53.83,-25.97],[-53.82,-25.98],[-53.82,-25.99],[-53.81,-25.99],[-53.81,-25.98],[-53.8,-25.98],[-53.8,-25.99],[-53.81,-26.0],[-53.8,-26.0],[-53.79,-26.0],[-53.79,-26.01],[-53.78,-26.01],[-53.78,-26.02],[-53.77,-26.02],[-53.77,-26.03],[-53.76,-26.03],[-53.75,-26.03],[-53.75,-26.04],[-53.74,-26.04],[-53.73,-26.04],[-53.73,-26.06],[-53.72,-26.07],[-53.72,-26.08],[-53.72,-26.09],[-53.72,-26.12],[-53.72,-26.13],[-53.7,-26.15],[-53.67,-26.18],[-53.65,-26.19],[-53.65,-26.21],[-53.64,-26.21],[-53.63,-26.22],[-53.62,-26.24],[-53.61,-26.24],[-53.59,-26.26],[-53.6,-26.28],[-53.61,-26.28],[-53.61,-26.29],[-53.62,-26.31],[-53.62,-26.32],[-53.62,-26.33],[-53.62,-26.34],[-53.63,-26.34],[-53.68,-26.34],[-53.69,-26.35],[-53.7,-26.36],[-53.69,-26.36],[-53.7,-26.36],[-53.7,-26.37],[-53.7,-26.38],[-53.7,-26.39],[-53.71,-26.39],[-53.71,-26.4],[-53.7,-26.4],[-53.7,-26.41],[-53.71,-26.41],[-53.7,-26.41],[-53.7,-26.42],[-53.69,-26.43],[-53.68,-26.43],[-53.69,-26.43],[-53.69,-26.44],[-53.69,-26.45],[-53.7,-26.44],[-53.7,-26.46],[-53.7,-26.47],[-53.71,-26.46],[-53.71,-26.47],[-53.71,-26.48],[-53.7,-26.48],[-53.7,-26.47],[-53.69,-26.49],[-53.7,-26.49],[-53.69,-26.49],[-53.7,-26.5],[-53.7,-26.51],[-53.71,-26.51],[-53.71,-26.5],[-53.72,-26.51],[-53.72,-26.5],[-53.72,-26.51],[-53.72,-26.52],[-53.72,-26.54],[-53.74,-26.55],[-53.73,-26.55],[-53.72,-26.55],[-53.73,-26.56],[-53.73,-26.57],[-53.71,-26.56],[-53.71,-26.57],[-53.72,-26.57],[-53.72,-26.59],[-53.73,-26.59],[-53.73,-26.6],[-53.73,-26.61],[-53.73,-26.62],[-53.73,-26.63],[-53.74,-26.63],[-53.74,-26.64],[-53.75,-26.64],[-53.75,-26.65],[-53.74,-26.65],[-53.73,-26.65],[-53.73,-26.66],[-53.72,-26.66],[-53.72,-26.65],[-53.71,-26.66],[-53.72,-26.68],[-53.73,-26.68],[-53.72,-26.69],[-53.72,-26.7],[-53.73,-26.69],[-53.74,-26.69],[-53.73,-26.7],[-53.73,-26.71],[-53.74,-26.72],[-53.74,-26.73],[-53.75,-26.72],[-53.74,-26.74],[-53.75,-26.74],[-53.74,-26.75],[-53.73,-26.75],[-53.73,-26.74],[-53.72,-26.74],[-53.72,-26.75],[-53.71,-26.75],[-53.72,-26.76],[-53.72,-26.77],[-53.73,-26.77],[-53.74,-26.77],[-53.73,-26.78],[-53.72,-26.78],[-53.71,-26.77],[-53.7,-26.77],[-53.7,-26.78],[-53.71,-26.78],[-53.71,-26.79],[-53.71,-26.8],[-53.7,-26.8],[-53.7,-26.81],[-53.7,-26.82],[-53.69,-26.84],[-53.69,-26.85],[-53.66,-26.84],[-53.68,-26.85],[-53.66,-26.87],[-53.69,-26.86],[-53.69,-26.87],[-53.68,-26.87],[-53.69,-26.89],[-53.68,-26.9],[-53.67,-26.89],[-53.68,-26.91],[-53.67,-26.92],[-53.68,-26.92],[-53.69,-26.93],[-53.69,-26.94],[-53.67,-26.94],[-53.68,-26.95],[-53.69,-26.95],[-53.7,-26.94],[-53.7,-26.96],[-53.71,-26.96],[-53.71,-26.97],[-53.72,-26.96],[-53.73,-26.97],[-53.73,-26.98],[-53.72,-26.99],[-53.72,-27.0],[-53.73,-27.0],[-53.74,-27.0],[-53.73,-27.0],[-53.73,-27.01],[-53.73,-27.02],[-53.74,-27.02],[-53.75,-27.01],[-53.76,-27.01],[-53.76,-27.02],[-53.75,-27.02],[-53.75,-27.03],[-53.75,-27.04],[-53.76,-27.04],[-53.76,-27.05],[-53.78,-27.04],[-53.77,-27.06],[-53.76,-27.06],[-53.76,-27.07],[-53.77,-27.07],[-53.79,-27.05],[-53.79,-27.04],[-53.8,-27.05],[-53.79,-27.06],[-53.78,-27.07],[-53.77,-27.07],[-53.77,-27.08],[-53.78,-27.08],[-53.79,-27.07],[-53.8,-27.07],[-53.8,-27.08],[-53.8,-27.09],[-53.79,-27.09],[-53.77,-27.1],[-53.78,-27.1],[-53.78,-27.11],[-53.79,-27.11],[-53.8,-27.11],[-53.81,-27.1],[-53.81,-27.11],[-53.8,-27.11],[-53.8,-27.12],[-53.81,-27.13],[-53.82,-27.13],[-53.82,-27.14],[-53.81,-27.14],[-53.8,-27.14],[-53.82,-27.15],[-53.83,-27.15],[-53.83,-27.16],[-53.83,-27.17],[-53.84,-27.16],[-53.85,-27.15],[-53.85,-27.14],[-53.86,-27.13],[-53.87,-27.13],[-53.88,-27.14],[-53.89,-27.15],[-53.89,-27.17],[-53.9,-27.17],[-53.91,-27.17],[-53.92,-27.17],[-53.93,-27.16],[-53.94,-27.15],[-53.95,-27.16],[-53.96,-27.17],[-53.95,-27.19],[-53.96,-27.2],[-53.97,-27.2],[-53.98,-27.2],[-53.99,-27.2],[-54.0,-27.2],[-54.01,-27.2],[-54.01,-27.21],[-54.02,-27.23],[-54.02,-27.24],[-54.02,-27.25],[-54.03,-27.26],[-54.05,-27.26],[-54.06,-27.27],[-54.07,-27.29],[-54.08,-27.3],[-54.09,-27.3],[-54.11,-27.3],[-54.15,-27.3],[-54.16,-27.29],[-54.15,-27.3],[-54.16,-27.29],[-54.16,-27.27],[-54.16,-27.26],[-54.18,-27.26],[-54.19,-27.27],[-54.19,-27.3],[-54.21,-27.34],[-54.21,-27.35],[-54.21,-27.37],[-54.22,-27.38],[-54.22,-27.39],[-54.23,-27.39],[-54.25,-27.39],[-54.27,-27.4],[-54.27,-27.41],[-54.27,-27.42],[-54.27,-27.43],[-54.28,-27.45],[-54.29,-27.45],[-54.3,-27.44],[-54.3,-27.43],[-54.32,-27.41],[-54.33,-27.41],[-54.34,-27.41],[-54.34,-27.43],[-54.34,-27.44],[-54.34,-27.46],[-54.34,-27.47],[-54.35,-27.47],[-54.36,-27.46],[-54.37,-27.46],[-54.39,-27.42],[-54.4,-27.42],[-54.4,-27.41],[-54.41,-27.41],[-54.44,-27.42],[-54.46,-27.43],[-54.47,-27.43],[-54.47,-27.44],[-54.46,-27.45],[-54.45,-27.45],[-54.44,-27.46],[-54.45,-27.47],[-54.45,-27.48],[-54.46,-27.48],[-54.48,-27.48],[-54.5,-27.48],[-54.52,-27.5],[-54.52,-27.51],[-54.53,-27.5],[-54.54,-27.49],[-54.56,-27.46],[-54.57,-27.46],[-54.58,-27.46],[-54.59,-27.49],[-54.61,-27.51],[-54.61,-27.54],[-54.62,-27.55],[-54.63,-27.55],[-54.64,-27.55],[-54.65,-27.54],[-54.66,-27.52],[-54.67,-27.51],[-54.68,-27.51],[-54.68,-27.52],[-54.67,-27.56],[-54.67,-27.57],[-54.68,-27.57],[-54.69,-27.57],[-54.72,-27.56],[-54.72,-27.57],[-54.74,-27.56],[-54.75,-27.57],[-54.76,-27.58],[-54.78,-27.59],[-54.78,-27.58],[-54.79,-27.58],[-54.79,-27.57],[-54.79,-27.55],[-54.79,-27.54],[-54.8,-27.53],[-54.81,-27.53],[-54.82,-27.54],[-54.84,-27.61],[-54.85,-27.62],[-54.86,-27.63],[-54.88,-27.63],[-54.9,-27.64],[-54.9,-27.65],[-54.9,-27.7],[-54.9,-27.72],[-54.91,-27.74],[-54.92,-27.75],[-54.93,-27.76],[-54.94,-27.76],[-54.94,-27.78],[-54.95,-27.78],[-54.97,-27.78],[-54.98,-27.78],[-54.98,-27.77],[-54.99,-27.78],[-55.0,-27.79],[-55.01,-27.8],[-55.02,-27.8],[-55.03,-27.79],[-55.05,-27.77],[-55.06,-27.77],[-55.08,-27.79],[-55.07,-27.8],[-55.05,-27.81],[-55.04,-27.82],[-55.03,-27.83],[-55.03,-27.84],[-55.03,-27.85],[-55.04,-27.86],[-55.06,-27.85],[-55.08,-27.85],[-55.09,-27.85],[-55.1,-27.85],[-55.12,-27.85],[-55.12,-27.86],[-55.12,-27.87],[-55.13,-27.89],[-55.13,-27.9],[-55.15,-27.89],[-55.16,-27.87],[-55.17,-27.86],[-55.18,-27.86],[-55.2,-27.86],[-55.2,-27.87],[-55.22,-27.88],[-55.24,-27.9],[-55.24,-27.89],[-55.25,-27.91],[-55.26,-27.91],[-55.28,-27.92],[-55.31,-27.92],[-55.32,-27.93]]]]}},{"type":"Feature","properties":{"GID_1":"ARG.15_1","GID_0":"ARG","COUNTRY":"Argentina","NAME_1":"Neuquén","VARNAME_1":"Neuquén","NL_NAME_1":"NA","TYPE_1":"Provincia","ENGTYPE_1":"Province","CC_1":"NA","HASC_1":"AR.NQ","ISO_1":"NA"},"geometry":{"type":"MultiPolygon","coordinates":[[[[-70.91,-40.62],[-70.91,-40.63],[-70.93,-40.64],[-70.95,-40.64],[-70.97,-40.65],[-70.98,-40.65],[-71.0,-40.67],[-71.01,-40.67],[-71.02,-40.68],[-71.01,-40.69],[-71.02,-40.69],[-71.02,-40.7],[-71.03,-40.71],[-71.03,-40.72],[-71.04,-40.73],[-71.05,-40.73],[-71.06,-40.73],[-71.07,-40.73],[-71.08,-40.72],[-71.09,-40.72],[-71.09,-40.73],[-71.1,-40.75],[-71.12,-40.76],[-71.12,-40.78],[-71.11,-40.79],[-71.11,-40.8],[-71.1,-40.81],[-71.09,-40.82],[-71.09,-40.83],[-71.1,-40.83],[-71.08,-40.85],[-71.07,-40.84],[-71.06,-40.85],[-71.05,-40.86],[-71.04,-40.87],[-71.03,-40.88],[-71.03,-40.9],[-71.04,-40.93],[-71.04,-40.94],[-71.04,-40.95],[-71.05,-40.96],[-71.06,-40.98],[-71.08,-40.98],[-71.1,-40.99],[-71.09,-40.99],[-71.09,-41.0],[-71.11,-41.01],[-71.12,-41.01],[-71.12,-41.02],[-71.13,-41.03],[-71.13,-41.04],[-71.13,-41.05],[-71.14,-41.05],[-71.16,-41.05],[-71.18,-41.06],[-71.22,-41.09],[-71.24,-41.09],[-71.29,-41.1],[-71.31,-41.1],[-71.36,-41.09],[-71.43,-41.06],[-71.46,-41.04],[-71.5,-41.04],[-71.54,-41.02],[-71.56,-41.03],[-71.6,-41.04],[-71.64,-41.04],[-71.67,-41.03],[-71.72,-41.03],[-71.74,-41.03],[-71.76,-41.02],[-71.78,-41.03],[-71.8,-41.02],[-71.81,-41.02],[-71.82,-41.03],[-71.84,-41.02],[-71.85,-41.03],[-71.86,-41.03],[-71.86,-41.02],[-71.87,-41.02],[-71.86,-41.02],[-71.87,-41.01],[-71.87,-41.0],[-71.88,-40.99],[-71.89,-40.99],[-71.9,-40.98],[-71.91,-40.99],[-71.91,-40.98],[-71.91,-40.97],[-71.91,-40.96],[-71.9,-40.96],[-71.89,-40.96],[-71.89,-40.97],[-71.87,-40.96],[-71.86,-40.96],[-71.86,-40.95],[-71.85,-40.95],[-71.86,-40.94],[-71.86,-40.93],[-71.86,-40.92],[-71.87,-40.91],[-71.86,-40.9],[-71.87,-40.89],[-71.86,-40.89],[-71.86,-40.88],[-71.87,-40.88],[-71.88,-40.88],[-71.89,-40.87],[-71.9,-40.86],[-71.91,-40.86],[-71.91,-40.85],[-71.91,-40.84],[-71.92,-40.84],[-71.93,-40.83],[-71.92,-40.83],[-71.93,-40.83],[-71.93,-40.82],[-71.93,-40.81],[-71.92,-40.81],[-71.93,-40.81],[-71.93,-40.79],[-71.92,-40.79],[-71.93,-40.78],[-71.94,-40.77],[-71.95,-40.77],[-71.96,-40.76],[-71.96,-40.75],[-71.97,-40.75],[-71.96,-40.74],[-71.96,-40.73],[-71.97,-40.73],[-71.96,-40.72],[-71.95,-40.72],[-71.94,-40.71],[-71.93,-40.7],[-71.92,-40.69],[-71.9,-40.68],[-71.88,-40.67],[-71.88,-40.66],[-71.87,-40.67],[-71.87,-40.66],[-71.87,-40.65],[-71.86,-40.64],[-71.85,-40.64],[-71.86,-40.64],[-71.85,-40.64],[-71.85,-40.63],[-71.84,-40.63],[-71.84,-40.61],[-71.84,-40.6],[-71.84,-40.59],[-71.83,-40.58],[-71.84,-40.59],[-71.85,-40.58],[-71.85,-40.59],[-71.86,-40.59],[-71.87,-40.58],[-71.87,-40.57],[-71.88,-40.57],[-71.88,-40.56],[-71.89,-40.56],[-71.89,-40.55],[-71.87,-40.55],[-71.87,-40.56],[-71.86,-40.55],[-71.86,-40.54],[-71.85,-40.53],[-71.84,-40.52],[-71.85,-40.52],[-71.86,-40.51],[-71.84,-40.5],[-71.85,-40.49],[-71.84,-40.49],[-71.84,-40.48],[-71.85,-40.48],[-71.85,-40.47],[-71.84,-40.46],[-71.84,-40.45],[-71.83,-40.44],[-71.82,-40.44],[-71.82,-40.43],[-71.83,-40.42],[-71.81,-40.41],[-71.79,-40.41],[-71.78,-40.41],[-71.78,-40.42],[-71.77,-40.42],[-71.76,-40.42],[-71.75,-40.43],[-71.75,-40.44],[-71.74,-40.44],[-71.74,-40.43],[-71.73,-40.43],[-71.72,-40.43],[-71.71,-40.42],[-71.71,-40.41],[-71.7,-40.41],[-71.69,-40.4],[-71.69,-40.39],[-71.69,-40.38],[-71.69,-40.37],[-71.67,-40.37],[-71.66,-40.37],[-71.66,-40.36],[-71.66,-40.35],[-71.67,-40.35],[-71.67,-40.34],[-71.67,-40.33],[-71.68,-40.33],[-71.67,-40.32],[-71.67,-40.31],[-71.68,-40.3],[-71.68,-40.29],[-71.69,-40.29],[-71.7,-40.29],[-71.7,-40.28],[-71.71,-40.28],[-71.72,-40.28],[-71.72,-40.29],[-71.73,-40.29],[-71.74,-40.31],[-71.75,-40.31],[-71.75,-40.3],[-71.76,-40.3],[-71.76,-40.29],[-71.76,-40.28],[-71.77,-40.28],[-71.77,-40.27],[-71.78,-40.27],[-71.79,-40.26],[-71.8,-40.25],[-71.8,-40.24],[-71.81,-40.23],[-71.82,-40.23],[-71.83,-40.23],[-71.83,-40.22],[-71.83,-40.21],[-71.82,-40.21],[-71.82,-40.2],[-71.81,-40.2],[-71.81,-40.19],[-71.8,-40.19],[-71.8,-40.18],[-71.82,-40.18],[-71.82,-40.17],[-71.83,-40.17],[-71.82,-40.17],[-71.82,-40.16],[-71.81,-40.16],[-71.81,-40.15],[-71.81,-40.14],[-71.8,-40.14],[-71.8,-40.13],[-71.81,-40.12],[-71.8,-40.11],[-71.81,-40.11],[-71.81,-40.1],[-71.82,-40.11],[-71.83,-40.11],[-71.83,-40.1],[-71.83,-40.09],[-71.82,-40.09],[-71.82,-40.08],[-71.81,-40.08],[-71.79,-40.09],[-71.78,-40.09],[-71.76,-40.09],[-71.75,-40.09],[-71.75,-40.1],[-71.74,-40.1],[-71.73,-40.1],[-71.72,-40.11],[-71.71,-40.11],[-71.7,-40.12],[-71.69,-40.11],[-71.67,-40.1],[-71.67,-40.09],[-71.67,-40.08],[-71.67,-40.07],[-71.67,-40.06],[-71.69,-40.04],[-71.69,-40.03],[-71.67,-40.03],[-71.67,-40.02],[-71.67,-40.0],[-71.67,-39.99],[-71.66,-39.99],[-71.66,-39.98],[-71.65,-39.98],[-71.65,-39.97],[-71.64,-39.97],[-71.63,-39.97],[-71.63,-39.98],[-71.62,-39.98],[-71.62,-39.97],[-71.62,-39.96],[-71.62,-39.95],[-71.62,-39.94],[-71.61,-39.94],[-71.6,-39.93],[-71.6,-39.92],[-71.59,-39.91],[-71.6,-39.91],[-71.59,-39.9],[-71.6,-39.89],[-71.61,-39.88],[-71.63,-39.88],[-71.64,-39.87],[-71.64,-39.86],[-71.65,-39.85],[-71.66,-39.86],[-71.67,-39.86],[-71.68,-39.86],[-71.69,-39.85],[-71.69,-39.84],[-71.69,-39.83],[-71.69,-39.82],[-71.68,-39.82],[-71.68,-39.81],[-71.67,-39.81],[-71.67,-39.8],[-71.68,-39.8],[-71.68,-39.79],[-71.68,-39.78],[-71.68,-39.77],[-71.69,-39.76],[-71.7,-39.75],[-71.71,-39.74],[-71.71,-39.73],[-71.71,-39.72],[-71.7,-39.72],[-71.7,-39.71],[-71.69,-39.71],[-71.7,-39.7],[-71.7,-39.69],[-71.69,-39.7],[-71.69,-39.69],[-71.67,-39.69],[-71.67,-39.68],[-71.69,-39.68],[-71.69,-39.67],[-71.69,-39.66],[-71.7,-39.66],[-71.71,-39.65],[-71.72,-39.65],[-71.71,-39.64],[-71.72,-39.64],[-71.72,-39.63],[-71.7,-39.63],[-71.69,-39.62],[-71.7,-39.62],[-71.7,-39.61],[-71.7,-39.6],[-71.69,-39.59],[-71.7,-39.59],[-71.69,-39.58],[-71.68,-39.57],[-71.67,-39.56],[-71.67,-39.57],[-71.66,-39.58],[-71.66,-39.59],[-71.64,-39.59],[-71.62,-39.59],[-71.62,-39.6],[-71.62,-39.61],[-71.61,-39.61],[-71.61,-39.62],[-71.61,-39.63],[-71.6,-39.63],[-71.59,-39.63],[-71.58,-39.63],[-71.58,-39.64],[-71.56,-39.63],[-71.55,-39.62],[-71.54,-39.62],[-71.52,-39.63],[-71.51,-39.63],[-71.5,-39.64],[-71.5,-39.63],[-71.5,-39.62],[-71.49,-39.61],[-71.48,-39.61],[-71.48,-39.6],[-71.47,-39.59],[-71.46,-39.58],[-71.47,-39.58],[-71.47,-39.57],[-71.47,-39.56],[-71.47,-39.55],[-71.48,-39.55],[-71.49,-39.55],[-71.5,-39.56],[-71.51,-39.55],[-71.53,-39.54],[-71.53,-39.53],[-71.53,-39.52],[-71.52,-39.51],[-71.52,-39.5],[-71.5,-39.5],[-71.49,-39.5],[-71.48,-39.49],[-71.47,-39.49],[-71.47,-39.48],[-71.46,-39.47],[-71.46,-39.46],[-71.46,-39.45],[-71.45,-39.45],[-71.45,-39.44],[-71.45,-39.43],[-71.45,-39.42],[-71.46,-39.42],[-71.46,-39.41],[-71.45,-39.41],[-71.44,-39.4],[-71.45,-39.4],[-71.45,-39.39],[-71.46,-39.37],[-71.45,-39.37],[-71.44,-39.37],[-71.43,-39.37],[-71.43,-39.36],[-71.42,-39.37],[-71.41,-39.36],[-71.41,-39.35],[-71.4,-39.35],[-71.39,-39.34],[-71.4,-39.33],[-71.39,-39.32],[-71.4,-39.3],[-71.39,-39.29],[-71.38,-39.28],[-71.38,-39.29],[-71.37,-39.28],[-71.38,-39.27],[-71.39,-39.27],[-71.39,-39.26],[-71.39,-39.25],[-71.38,-39.24],[-71.39,-39.23],[-71.39,-39.22],[-71.38,-39.22],[-71.38,-39.21],[-71.39,-39.2],[-71.39,-39.19],[-71.4,-39.19],[-71.4,-39.18],[-71.4,-39.17],[-71.41,-39.16],[-71.42,-39.15],[-71.41,-39.14],[-71.42,-39.13],[-71.41,-39.12],[-71.42,-39.12],[-71.41,-39.1],[-71.41,-39.09],[-71.41,-39.08],[-71.42,-39.07],[-71.41,-39.06],[-71.41,-39.05],[-71.4,-39.05],[-71.4,-39.04],[-71.42,-39.03],[-71.42,-39.02],[-71.42,-39.01],[-71.41,-39.01],[-71.43,-39.0],[-71.43,-38.99],[-71.44,-38.99],[-71.44,-38.98],[-71.43,-38.98],[-71.43,-38.97],[-71.43,-38.96],[-71.44,-38.96],[-71.44,-38.95],[-71.44,-38.94],[-71.43,-38.93],[-71.42,-38.92],[-71.41,-38.92],[-71.4,-38.92],[-71.39,-38.91],[-71.38,-38.91],[-71.37,-38.91],[-71.36,-38.89],[-71.35,-38.88],[-71.34,-38.88],[-71.33,-38.87],[-71.32,-38.88],[-71.31,-38.88],[-71.31,-38.87],[-71.3,-38.87],[-71.29,-38.86],[-71.28,-38.86],[-71.27,-38.85],[-71.26,-38.85],[-71.27,-38.84],[-71.27,-38.83],[-71.26,-38.82],[-71.26,-38.81],[-71.25,-38.82],[-71.24,-38.81],[-71.24,-38.8],[-71.23,-38.81],[-71.21,-38.82],[-71.19,-38.81],[-71.18,-38.81],[-71.18,-38.8],[-71.17,-38.8],[-71.15,-38.8],[-71.14,-38.79],[-71.13,-38.78],[-71.12,-38.78],[-71.12,-38.77],[-71.11,-38.77],[-71.1,-38.76],[-71.1,-38.75],[-71.09,-38.76],[-71.08,-38.76],[-71.08,-38.77],[-71.07,-38.77],[-71.06,-38.76],[-71.05,-38.76],[-71.02,-38.76],[-71.0,-38.77],[-70.99,-38.76],[-70.97,-38.76],[-70.96,-38.76],[-70.95,-38.76],[-70.93,-38.76],[-70.91,-38.75],[-70.91,-38.73],[-70.9,-38.72],[-70.89,-38.72],[-70.89,-38.71],[-70.88,-38.7],[-70.89,-38.7],[-70.9,-38.69],[-70.9,-38.68],[-70.91,-38.68],[-70.9,-38.67],[-70.9,-38.66],[-70.89,-38.65],[-70.89,-38.64],[-70.88,-38.64],[-70.87,-38.64],[-70.87,-38.63],[-70.86,-38.62],[-70.85,-38.62],[-70.84,-38.61],[-70.83,-38.61],[-70.84,-38.6],[-70.83,-38.6],[-70.83,-38.59],[-70.84,-38.59],[-70.84,-38.58],[-70.83,-38.57],[-70.84,-38.56],[-70.84,-38.55],[-70.84,-38.54],[-70.85,-38.53],[-70.86,-38.53],[-70.86,-38.52],[-70.87,-38.51],[-70.88,-38.51],[-70.9,-38.51],[-70.91,-38.5],[-70.92,-38.49],[-70.93,-38.48],[-70.93,-38.47],[-70.94,-38.46],[-70.95,-38.46],[-70.96,-38.44],[-70.97,-38.44],[-70.98,-38.44],[-70.98,-38.43],[-70.98,-38.41],[-70.99,-38.4],[-70.98,-38.39],[-70.99,-38.38],[-70.98,-38.36],[-70.99,-38.36],[-71.0,-38.36],[-71.0,-38.34],[-71.0,-38.33],[-71.0,-38.32],[-71.0,-38.31],[-71.0,-38.3],[-71.0,-38.29],[-71.01,-38.28],[-71.01,-38.27],[-71.01,-38.26],[-71.03,-38.25],[-71.02,-38.24],[-71.02,-38.23],[-71.02,-38.21],[-71.0,-38.21],[-71.0,-38.2],[-71.0,-38.17],[-71.01,-38.16],[-71.01,-38.15],[-71.02,-38.15],[-71.02,-38.14],[-71.03,-38.13],[-71.04,-38.12],[-71.02,-38.11],[-71.01,-38.11],[-71.0,-38.11],[-70.99,-38.11],[-70.98,-38.11],[-70.99,-38.09],[-70.99,-38.08],[-71.0,-38.08],[-71.01,-38.08],[-71.02,-38.08],[-71.02,-38.07],[-71.03,-38.06],[-71.04,-38.06],[-71.05,-38.05],[-71.06,-38.04],[-71.05,-38.04],[-71.05,-38.03],[-71.05,-38.02],[-71.06,-38.02],[-71.06,-38.01],[-71.06,-38.0],[-71.05,-38.0],[-71.05,-37.99],[-71.06,-37.99],[-71.07,-37.99],[-71.07,-37.98],[-71.06,-37.97],[-71.08,-37.96],[-71.09,-37.96],[-71.1,-37.95],[-71.11,-37.95],[-71.11,-37.94],[-71.11,-37.93],[-71.11,-37.92],[-71.11,-37.91],[-71.1,-37.9],[-71.11,-37.9],[-71.11,-37.89],[-71.12,-37.89],[-71.13,-37.88],[-71.13,-37.87],[-71.13,-37.86],[-71.14,-37.86],[-71.16,-37.86],[-71.17,-37.86],[-71.18,-37.86],[-71.17,-37.86],[-71.17,-37.85],[-71.16,-37.85],[-71.16,-37.84],[-71.15,-37.84],[-71.14,-37.84],[-71.13,-37.83],[-71.13,-37.82],[-71.14,-37.82],[-71.15,-37.81],[-71.15,-37.8],[-71.16,-37.8],[-71.16,-37.79],[-71.17,-37.78],[-71.16,-37.77],[-71.16,-37.76],[-71.17,-37.75],[-71.18,-37.74],[-71.19,-37.73],[-71.18,-37.73],[-71.19,-37.72],[-71.19,-37.71],[-71.21,-37.7],[-71.21,-37.69],[-71.2,-37.68],[-71.2,-37.66],[-71.2,-37.65],[-71.21,-37.65],[-71.2,-37.64],[-71.19,-37.64],[-71.19,-37.63],[-71.18,-37.61],[-71.17,-37.61],[-71.16,-37.61],[-71.15,-37.61],[-71.14,-37.6],[-71.13,-37.59],[-71.13,-37.58],[-71.13,-37.57],[-71.13,-37.56],[-71.13,-37.55],[-71.14,-37.55],[-71.15,-37.54],[-71.14,-37.54],[-71.13,-37.53],[-71.13,-37.51],[-71.12,-37.5],[-71.12,-37.49],[-71.12,-37.47],[-71.12,-37.46],[-71.13,-37.45],[-71.14,-37.44],[-71.14,-37.43],[-71.15,-37.43],[-71.15,-37.42],[-71.15,-37.41],[-71.15,-37.4],[-71.16,-37.4],[-71.18,-37.4],[-71.19,-37.39],[-71.2,-37.38],[-71.2,-37.37],[-71.19,-37.36],[-71.19,-37.35],[-71.2,-37.34],[-71.21,-37.34],[-71.21,-37.33],[-71.21,-37.32],[-71.21,-37.31],[-71.22,-37.3],[-71.22,-37.29],[-71.21,-37.28],[-71.22,-37.28],[-71.22,-37.27],[-71.21,-37.27],[-71.19,-37.28],[-71.19,-37.27],[-71.18,-37.27],[-71.18,-37.26],[-71.17,-37.26],[-71.17,-37.25],[-71.16,-37.25],[-71.16,-37.23],[-71.17,-37.23],[-71.16,-37.23],[-71.15,-37.22],[-71.14,-37.22],[-71.12,-37.21],[-71.11,-37.21],[-71.11,-37.2],[-71.12,-37.2],[-71.13,-37.19],[-71.13,-37.18],[-71.14,-37.16],[-71.14,-37.15],[-71.13,-37.14],[-71.12,-37.14],[-71.11,-37.13],[-71.1,-37.13],[-71.09,-37.12],[-71.09,-37.11],[-71.1,-37.11],[-71.11,-37.11],[-71.11,-37.09],[-71.12,-37.09],[-71.12,-37.08],[-71.12,-37.07],[-71.13,-37.07],[-71.14,-37.07],[-71.14,-37.06],[-71.14,-37.05],[-71.14,-37.04],[-71.14,-37.03],[-71.15,-37.03],[-71.15,-37.02],[-71.16,-37.02],[-71.16,-37.01],[-71.17,-37.01],[-71.17,-37.0],[-71.18,-37.0],[-71.19,-37.0],[-71.2,-36.99],[-71.21,-36.99],[-71.22,-36.98],[-71.22,-36.97],[-71.2,-36.97],[-71.19,-36.97],[-71.17,-36.97],[-71.17,-36.98],[-71.15,-36.98],[-71.13,-36.98],[-71.13,-36.97],[-71.12,-36.97],[-71.11,-36.97],[-71.1,-36.96],[-71.1,-36.95],[-71.09,-36.94],[-71.09,-36.93],[-71.1,-36.93],[-71.11,-36.93],[-71.11,-36.92],[-71.12,-36.93],[-71.13,-36.93],[-71.14,-36.93],[-71.14,-36.92],[-71.15,-36.92],[-71.15,-36.9],[-71.14,-36.9],[-71.14,-36.89],[-71.13,-36.87],[-71.12,-36.87],[-71.12,-36.86],[-71.13,-36.86],[-71.14,-36.85],[-71.15,-36.85],[-71.15,-36.86],[-71.16,-36.86],[-71.17,-36.86],[-71.17,-36.85],[-71.18,-36.84],[-71.17,-36.84],[-71.17,-36.83],[-71.17,-36.82],[-71.16,-36.82],[-71.16,-36.83],[-71.15,-36.83],[-71.14,-36.82],[-71.13,-36.81],[-71.13,-36.79],[-71.13,-36.78],[-71.13,-36.77],[-71.13,-36.76],[-71.12,-36.76],[-71.12,-36.75],[-71.12,-36.74],[-71.11,-36.73],[-71.11,-36.72],[-71.11,-36.71],[-71.12,-36.71],[-71.12,-36.7],[-71.11,-36.69],[-71.12,-36.69],[-71.11,-36.68],[-71.09,-36.68],[-71.08,-36.68],[-71.08,-36.69],[-71.08,-36.7],[-71.08,-36.71],[-71.07,-36.71],[-71.06,-36.71],[-71.05,-36.71],[-71.04,-36.7],[-71.03,-36.7],[-71.02,-36.7],[-71.01,-36.7],[-71.01,-36.69],[-71.01,-36.68],[-71.01,-36.67],[-71.01,-36.66],[-71.03,-36.66],[-71.03,-36.65],[-71.04,-36.65],[-71.04,-36.64],[-71.05,-36.63],[-71.05,-36.62],[-71.06,-36.62],[-71.05,-36.61],[-71.05,-36.6],[-71.05,-36.59],[-71.05,-36.58],[-71.05,-36.57],[-71.06,-36.57],[-71.05,-36.56],[-71.04,-36.56],[-71.04,-36.55],[-71.04,-36.54],[-71.05,-36.54],[-71.05,-36.53],[-71.05,-36.52],[-71.04,-36.51],[-71.04,-36.5],[-71.04,-36.49],[-71.04,-36.48],[-71.04,-36.47],[-71.03,-36.47],[-71.02,-36.47],[-71.01,-36.49],[-71.0,-36.49],[-70.99,-36.5],[-70.98,-36.49],[-70.98,-36.5],[-70.97,-36.5],[-70.96,-36.5],[-70.95,-36.5],[-70.95,-36.49],[-70.94,-36.49],[-70.93,-36.49],[-70.93,-36.48],[-70.93,-36.47],[-70.92,-36.47],[-70.9,-36.47],[-70.89,-36.47],[-70.89,-36.46],[-70.89,-36.45],[-70.89,-36.44],[-70.89,-36.42],[-70.89,-36.41],[-70.89,-36.4],[-70.88,-36.4],[-70.86,-36.4],[-70.87,-36.4],[-70.87,-36.41],[-70.86,-36.41],[-70.85,-36.42],[-70.84,-36.41],[-70.83,-36.41],[-70.82,-36.4],[-70.81,-36.4],[-70.79,-36.42],[-70.79,-36.43],[-70.77,-36.43],[-70.76,-36.42],[-70.76,-36.41],[-70.75,-36.41],[-70.74,-36.41],[-70.74,-36.42],[-70.74,-36.43],[-70.71,-36.43],[-70.71,-36.42],[-70.7,-36.41],[-70.69,-36.41],[-70.69,-36.4],[-70.68,-36.39],[-70.68,-36.38],[-70.68,-36.37],[-70.69,-36.37],[-70.69,-36.36],[-70.7,-36.36],[-70.7,-36.35],[-70.71,-36.35],[-70.71,-36.34],[-70.7,-36.34],[-70.7,-36.32],[-70.69,-36.31],[-70.68,-36.3],[-70.69,-36.3],[-70.68,-36.29],[-70.69,-36.28],[-70.7,-36.28],[-70.71,-36.27],[-70.69,-36.26],[-70.68,-36.26],[-70.68,-36.25],[-70.67,-36.25],[-70.67,-36.24],[-70.66,-36.24],[-70.64,-36.24],[-70.63,-36.24],[-70.62,-36.23],[-70.63,-36.22],[-70.63,-36.21],[-70.61,-36.21],[-70.61,-36.2],[-70.59,-36.19],[-70.58,-36.18],[-70.57,-36.17],[-70.58,-36.16],[-70.57,-36.16],[-70.58,-36.16],[-70.58,-36.15],[-70.58,-36.14],[-70.57,-36.14],[-70.57,-36.13],[-70.56,-36.13],[-70.56,-36.14],[-70.55,-36.14],[-70.54,-36.14],[-70.53,-36.14],[-70.52,-36.15],[-70.51,-36.16],[-70.51,-36.17],[-70.5,-36.17],[-70.49,-36.18],[-70.48,-36.17],[-70.47,-36.17],[-70.45,-36.17],[-70.44,-36.17],[-70.44,-36.16],[-70.42,-36.16],[-70.42,-36.14],[-70.42,-36.13],[-70.42,-36.12],[-70.42,-36.11],[-70.41,-36.11],[-70.41,-36.1],[-70.41,-36.11],[-70.4,-36.11],[-70.4,-36.14],[-70.39,-36.18],[-70.39,-36.19],[-70.4,-36.2],[-70.39,-36.22],[-70.39,-36.24],[-70.39,-36.26],[-70.38,-36.28],[-70.38,-36.29],[-70.36,-36.32],[-70.35,-36.33],[-70.34,-36.34],[-70.31,-36.34],[-70.3,-36.34],[-70.29,-36.34],[-70.28,-36.33],[-70.27,-36.33],[-70.24,-36.33],[-70.23,-36.33],[-70.22,-36.34],[-70.21,-36.35],[-70.22,-36.36],[-70.21,-36.37],[-70.21,-36.39],[-70.21,-36.4],[-70.2,-36.41],[-70.19,-36.42],[-70.19,-36.43],[-70.2,-36.44],[-70.2,-36.45],[-70.19,-36.47],[-70.19,-36.48],[-70.18,-36.49],[-70.16,-36.51],[-70.14,-36.54],[-70.13,-36.56],[-70.12,-36.57],[-70.12,-36.58],[-70.08,-36.6],[-70.08,-36.61],[-70.06,-36.63],[-70.06,-36.64],[-70.03,-36.65],[-70.01,-36.67],[-69.97,-36.68],[-69.95,-36.7],[-69.94,-36.71],[-69.93,-36.73],[-69.91,-36.75],[-69.91,-36.78],[-69.91,-36.79],[-69.9,-36.79],[-69.89,-36.8],[-69.88,-36.8],[-69.87,-36.8],[-69.87,-36.82],[-69.86,-36.83],[-69.85,-36.83],[-69.82,-36.84],[-69.8,-36.85],[-69.77,-36.86],[-69.76,-36.87],[-69.76,-36.88],[-69.77,-36.88],[-69.77,-36.89],[-69.78,-36.9],[-69.78,-36.91],[-69.77,-36.92],[-69.78,-36.93],[-69.78,-36.94],[-69.77,-36.98],[-69.76,-37.0],[-69.76,-37.02],[-69.74,-37.03],[-69.74,-37.04],[-69.73,-37.05],[-69.73,-37.07],[-69.7,-37.09],[-69.69,-37.1],[-69.67,-37.1],[-69.66,-37.1],[-69.65,-37.11],[-69.64,-37.12],[-69.63,-37.13],[-69.6,-37.13],[-69.56,-37.15],[-69.54,-37.16],[-69.52,-37.16],[-69.51,-37.17],[-69.49,-37.17],[-69.48,-37.17],[-69.46,-37.17],[-69.46,-37.16],[-69.39,-37.16],[-69.33,-37.15],[-69.31,-37.15],[-69.3,-37.15],[-69.28,-37.14],[-69.26,-37.15],[-69.25,-37.15],[-69.23,-37.16],[-69.21,-37.17],[-69.17,-37.18],[-69.15,-37.18],[-69.12,-37.2],[-69.1,-37.2],[-69.09,-37.22],[-69.07,-37.22],[-69.04,-37.25],[-69.04,-37.26],[-69.04,-37.28],[-69.04,-37.29],[-69.04,-37.3],[-69.04,-37.33],[-69.04,-37.34],[-69.02,-37.36],[-68.97,-37.37],[-68.96,-37.37],[-68.92,-37.37],[-68.91,-37.37],[-68.9,-37.37],[-68.89,-37.38],[-68.88,-37.38],[-68.87,-37.39],[-68.87,-37.4],[-68.84,-37.39],[-68.83,-37.39],[-68.8,-37.38],[-68.79,-37.37],[-68.78,-37.36],[-68.76,-37.37],[-68.75,-37.37],[-68.74,-37.38],[-68.73,-37.38],[-68.72,-37.39],[-68.71,-37.4],[-68.7,-37.41],[-68.7,-37.44],[-68.69,-37.44],[-68.65,-37.45],[-68.63,-37.45],[-68.61,-37.44],[-68.59,-37.45],[-68.57,-37.45],[-68.56,-37.45],[-68.54,-37.45],[-68.5,-37.45],[-68.49,-37.46],[-68.49,-37.48],[-68.48,-37.48],[-68.48,-37.49],[-68.47,-37.49],[-68.46,-37.5],[-68.45,-37.51],[-68.45,-37.53],[-68.43,-37.55],[-68.42,-37.55],[-68.39,-37.55],[-68.38,-37.55],[-68.37,-37.55],[-68.36,-37.55],[-68.32,-37.56],[-68.3,-37.56],[-68.28,-37.56],[-68.24,-37.58],[-68.25,-38.69],[-68.23,-38.7],[-68.19,-38.71],[-68.16,-38.73],[-68.15,-38.74],[-68.13,-38.74],[-68.13,-38.75],[-68.12,-38.79],[-68.1,-38.82],[-68.09,-38.83],[-68.09,-38.85],[-68.08,-38.86],[-68.08,-38.88],[-68.07,-38.89],[-68.07,-38.9],[-68.05,-38.91],[-68.05,-38.92],[-68.05,-38.93],[-68.04,-38.94],[-68.02,-38.96],[-68.01,-38.96],[-68.01,-38.97],[-68.01,-38.98],[-68.02,-38.98],[-68.06,-38.98],[-68.07,-38.99],[-68.09,-38.99],[-68.13,-38.98],[-68.14,-38.98],[-68.16,-38.98],[-68.18,-38.98],[-68.18,-38.97],[-68.19,-38.97],[-68.21,-38.97],[-68.22,-38.97],[-68.23,-38.98],[-68.24,-38.99],[-68.26,-38.99],[-68.27,-38.99],[-68.27,-38.98],[-68.29,-38.98],[-68.33,-38.99],[-68.33,-39.0],[-68.35,-39.0],[-68.36,-39.0],[-68.37,-39.01],[-68.39,-39.02],[-68.4,-39.02],[-68.41,-39.03],[-68.42,-39.03],[-68.44,-39.03],[-68.46,-39.04],[-68.49,-39.06],[-68.51,-39.07],[-68.53,-39.07],[-68.54,-39.07],[-68.57,-39.09],[-68.58,-39.1],[-68.6,-39.12],[-68.64,-39.14],[-68.65,-39.16],[-68.66,-39.16],[-68.67,-39.17],[-68.67,-39.18],[-68.66,-39.19],[-68.66,-39.2],[-68.67,-39.21],[-68.67,-39.22],[-68.69,-39.23],[-68.71,-39.23],[-68.72,-39.24],[-68.72,-39.25],[-68.73,-39.26],[-68.75,-39.26],[-68.77,-39.27],[-68.79,-39.28],[-68.8,-39.28],[-68.81,-39.28],[-68.81,-39.29],[-68.81,-39.3],[-68.81,-39.31],[-68.82,-39.32],[-68.82,-39.33],[-68.82,-39.35],[-68.83,-39.36],[-68.83,-39.38],[-68.84,-39.38],[-68.84,-39.39],[-68.85,-39.39],[-68.88,-39.4],[-68.9,-39.41],[-68.91,-39.43],[-68.92,-39.43],[-68.93,-39.44],[-68.93,-39.45],[-68.94,-39.46],[-68.95,-39.46],[-68.96,-39.47],[-68.97,-39.47],[-68.98,-39.48],[-68.98,-39.49],[-68.99,-39.5],[-69.0,-39.51],[-69.01,-39.5],[-69.02,-39.5],[-69.03,-39.51],[-69.04,-39.51],[-69.07,-39.52],[-69.11,-39.52],[-69.12,-39.52],[-69.13,-39.52],[-69.14,-39.53],[-69.16,-39.54],[-69.17,-39.55],[-69.18,-39.55],[-69.19,-39.55],[-69.2,-39.56],[-69.22,-39.56],[-69.23,-39.56],[-69.25,-39.58],[-69.26,-39.59],[-69.28,-39.6],[-69.29,-39.61],[-69.32,-39.66],[-69.34,-39.67],[-69.35,-39.69],[-69.35,-39.71],[-69.36,-39.71],[-69.38,-39.72],[-69.38,-39.73],[-69.4,-39.74],[-69.41,-39.75],[-69.42,-39.76],[-69.44,-39.77],[-69.46,-39.77],[-69.51,-39.81],[-69.52,-39.81],[-69.53,-39.81],[-69.54,-39.81],[-69.56,-39.81],[-69.62,-39.83],[-69.64,-39.83],[-69.67,-39.84],[-69.69,-39.85],[-69.72,-39.86],[-69.74,-39.87],[-69.77,-39.88],[-69.79,-39.89],[-69.8,-39.89],[-69.82,-39.9],[-69.86,-39.91],[-69.87,-39.91],[-69.89,-39.93],[-69.9,-39.94],[-69.91,-39.94],[-69.93,-39.94],[-69.93,-39.95],[-69.95,-39.96],[-69.97,-39.98],[-69.98,-39.99],[-69.97,-40.0],[-69.98,-40.0],[-70.0,-40.02],[-70.0,-40.05],[-70.0,-40.07],[-70.0,-40.09],[-69.99,-40.11],[-69.97,-40.12],[-69.96,-40.12],[-69.96,-40.13],[-69.97,-40.14],[-69.96,-40.16],[-69.95,-40.17],[-69.95,-40.18],[-69.96,-40.18],[-69.97,-40.18],[-69.99,-40.18],[-69.99,-40.19],[-70.0,-40.2],[-70.01,-40.21],[-70.02,-40.21],[-70.03,-40.22],[-70.06,-40.25],[-70.05,-40.26],[-70.04,-40.27],[-70.05,-40.3],[-70.05,-40.31],[-70.06,-40.32],[-70.06,-40.34],[-70.06,-40.37],[-70.07,-40.38],[-70.1,-40.4],[-70.14,-40.41],[-70.16,-40.41],[-70.18,-40.42],[-70.18,-40.43],[-70.19,-40.43],[-70.19,-40.44],[-70.18,-40.45],[-70.17,-40.48],[-70.19,-40.49],[-70.22,-40.49],[-70.24,-40.5],[-70.25,-40.5],[-70.27,-40.5],[-70.28,-40.5],[-70.31,-40.51],[-70.32,-40.51],[-70.34,-40.51],[-70.36,-40.52],[-70.37,-40.52],[-70.38,-40.52],[-70.41,-40.53],[-70.42,-40.54],[-70.43,-40.54],[-70.43,-40.53],[-70.44,-40.52],[-70.46,-40.51],[-70.48,-40.51],[-70.49,-40.51],[-70.5,-40.51],[-70.52,-40.5],[-70.54,-40.51],[-70.55,-40.51],[-70.55,-40.52],[-70.56,-40.53],[-70.6,-40.54],[-70.61,-40.55],[-70.62,-40.55],[-70.64,-40.57],[-70.65,-40.58],[-70.66,-40.59],[-70.69,-40.59],[-70.7,-40.59],[-70.71,-40.6],[-70.72,-40.59],[-70.73,-40.58],[-70.74,-40.58],[-70.76,-40.59],[-70.77,-40.59],[-70.78,-40.59],[-70.82,-40.6],[-70.85,-40.6],[-70.87,-40.6],[-70.88,-40.61],[-70.87,-40.62],[-70.88,-40.62],[-70.91,-40.62]]]]}},{"type":"Feature","properties":{"GID_1":"ARG.16_1","GID_0":"ARG","COUNTRY":"Argentina","NAME_1":"RíoNegro","VARNAME_1":"NA","NL_NAME_1":"NA","TYPE_1":"Provincia","ENGTYPE_1":"Province","CC_1":"NA","HASC_1":"AR.RN","ISO_1":"NA"},"geometry":{"type":"MultiPolygon","coordinates":[[[[-65.0,-42.0]]],[[[-65.02,-41.45],[-65.03,-41.45],[-65.02,-41.45]]],[[[-65.05,-41.41]]],[[[-65.0,-41.0]]],[[[-64.84,-40.78],[-64.83,-40.78],[-64.84,-40.78]]],[[[-62.8,-41.03],[-62.81,-41.03],[-62.81,-41.04],[-62.82,-41.04],[-62.83,-41.05],[-62.83,-41.06],[-62.85,-41.06],[-62.86,-41.07],[-62.88,-41.08],[-62.9,-41.08],[-62.92,-41.09],[-62.94,-41.09],[-62.96,-41.1],[-62.97,-41.1],[-63.0,-41.11],[-63.01,-41.12],[-63.03,-41.13],[-63.04,-41.13],[-63.04,-41.14],[-63.05,-41.14],[-63.08,-41.15],[-63.09,-41.15],[-63.12,-41.16],[-63.14,-41.16],[-63.21,-41.16],[-63.23,-41.16],[-63.28,-41.16],[-63.31,-41.15],[-63.33,-41.15],[-63.36,-41.15],[-63.44,-41.16],[-63.49,-41.16],[-63.51,-41.16],[-63.55,-41.16],[-63.59,-41.16],[-63.6,-41.16],[-63.61,-41.16],[-63.66,-41.16],[-63.74,-41.16],[-63.77,-41.16],[-63.79,-41.16],[-63.81,-41.15],[-63.84,-41.14],[-63.87,-41.14],[-63.89,-41.13],[-63.9,-41.12],[-63.91,-41.11],[-63.92,-41.09],[-63.94,-41.08],[-63.97,-41.07],[-64.03,-41.05],[-64.04,-41.05],[-64.06,-41.04],[-64.08,-41.04],[-64.11,-41.03],[-64.13,-41.03],[-64.14,-41.03],[-64.15,-41.02],[-64.18,-41.02],[-64.19,-41.01],[-64.21,-41.01],[-64.21,-41.0],[-64.22,-41.0],[-64.23,-41.0],[-64.25,-40.99],[-64.26,-40.98],[-64.28,-40.97],[-64.3,-40.96],[-64.31,-40.96],[-64.39,-40.93],[-64.4,-40.93],[-64.4,-40.92],[-64.42,-40.91],[-64.46,-40.9],[-64.47,-40.9],[-64.48,-40.9],[-64.48,-40.89],[-64.48,-40.9],[-64.49,-40.89],[-64.5,-40.89],[-64.5,-40.88],[-64.51,-40.88],[-64.52,-40.88],[-64.54,-40.87],[-64.54,-40.86],[-64.56,-40.86],[-64.59,-40.86],[-64.59,-40.85],[-64.59,-40.86],[-64.59,-40.85],[-64.6,-40.85],[-64.61,-40.85],[-64.62,-40.85],[-64.63,-40.85],[-64.64,-40.85],[-64.65,-40.84],[-64.66,-40.84],[-64.67,-40.84],[-64.68,-40.84],[-64.69,-40.84],[-64.7,-40.84],[-64.71,-40.83],[-64.72,-40.84],[-64.72,-40.83],[-64.73,-40.83],[-64.74,-40.83],[-64.74,-40.82],[-64.75,-40.82],[-64.79,-40.82],[-64.83,-40.82],[-64.83,-40.83],[-64.84,-40.83],[-64.88,-40.83],[-64.9,-40.82],[-64.91,-40.81],[-64.9,-40.8],[-64.89,-40.8],[-64.88,-40.8],[-64.88,-40.79],[-64.87,-40.79],[-64.86,-40.79],[-64.85,-40.78],[-64.84,-40.78],[-64.83,-40.79],[-64.82,-40.79],[-64.82,-40.78],[-64.81,-40.78],[-64.8,-40.79],[-64.78,-40.79],[-64.79,-40.78],[-64.8,-40.78],[-64.81,-40.78],[-64.82,-40.78],[-64.83,-40.78],[-64.82,-40.78],[-64.82,-40.77],[-64.84,-40.77],[-64.83,-40.77],[-64.84,-40.75],[-64.84,-40.76],[-64.84,-40.75],[-64.83,-40.75],[-64.84,-40.75],[-64.85,-40.75],[-64.85,-40.74],[-64.86,-40.74],[-64.86,-40.73],[-64.87,-40.73],[-64.86,-40.73],[-64.87,-40.73],[-64.88,-40.73],[-64.89,-40.73],[-64.89,-40.74],[-64.88,-40.74],[-64.87,-40.75],[-64.88,-40.75],[-64.89,-40.75],[-64.89,-40.76],[-64.9,-40.75],[-64.9,-40.74],[-64.91,-40.73],[-64.92,-40.72],[-64.92,-40.73],[-64.91,-40.73],[-64.9,-40.74],[-64.9,-40.76],[-64.9,-40.77],[-64.91,-40.77],[-64.91,-40.76],[-64.93,-40.76],[-64.95,-40.76],[-64.99,-40.76],[-65.01,-40.76],[-65.02,-40.77],[-65.02,-40.76],[-65.02,-40.77],[-65.04,-40.78],[-65.04,-40.79],[-65.05,-40.79],[-65.05,-40.8],[-65.06,-40.8],[-65.07,-40.81],[-65.08,-40.81],[-65.09,-40.81],[-65.09,-40.82],[-65.09,-40.81],[-65.09,-40.82],[-65.1,-40.82],[-65.1,-40.83],[-65.11,-40.83],[-65.11,-40.84],[-65.12,-40.85],[-65.12,-40.86],[-65.12,-40.87],[-65.12,-40.88],[-65.12,-40.89],[-65.13,-40.89],[-65.14,-40.9],[-65.15,-40.91],[-65.15,-40.92],[-65.15,-40.93],[-65.15,-40.94],[-65.16,-40.95],[-65.16,-40.96],[-65.16,-40.97],[-65.15,-40.98],[-65.16,-40.98],[-65.15,-40.99],[-65.15,-41.0],[-65.15,-41.01],[-65.15,-41.02],[-65.15,-41.03],[-65.15,-41.04],[-65.15,-41.05],[-65.15,-41.06],[-65.16,-41.06],[-65.16,-41.07],[-65.16,-41.08],[-65.15,-41.08],[-65.15,-41.09],[-65.15,-41.1],[-65.15,-41.11],[-65.15,-41.12],[-65.15,-41.13],[-65.15,-41.14],[-65.14,-41.14],[-65.15,-41.15],[-65.14,-41.15],[-65.14,-41.16],[-65.14,-41.17],[-65.14,-41.18],[-65.14,-41.19],[-65.13,-41.19],[-65.13,-41.2],[-65.13,-41.22],[-65.12,-41.24],[-65.12,-41.25],[-65.12,-41.26],[-65.12,-41.27],[-65.12,-41.28],[-65.11,-41.29],[-65.11,-41.3],[-65.1,-41.32],[-65.1,-41.33],[-65.1,-41.34],[-65.09,-41.34],[-65.09,-41.35],[-65.09,-41.36],[-65.08,-41.37],[-65.08,-41.38],[-65.07,-41.39],[-65.07,-41.4],[-65.08,-41.4],[-65.07,-41.41],[-65.06,-41.42],[-65.05,-41.43],[-65.04,-41.42],[-65.04,-41.43],[-65.03,-41.43],[-65.04,-41.43],[-65.03,-41.43],[-65.04,-41.43],[-65.03,-41.43],[-65.03,-41.44],[-65.04,-41.44],[-65.03,-41.44],[-65.03,-41.45],[-65.04,-41.44],[-65.03,-41.45],[-65.04,-41.45],[-65.04,-41.46],[-65.03,-41.47],[-65.03,-41.46],[-65.04,-41.46],[-65.03,-41.46],[-65.02,-41.46],[-65.03,-41.46],[-65.03,-41.47],[-65.02,-41.47],[-65.02,-41.48],[-65.01,-41.47],[-65.01,-41.48],[-65.0,-41.48],[-65.0,-41.49],[-65.0,-41.5],[-64.99,-41.5],[-64.99,-41.51],[-64.99,-41.52],[-64.99,-41.54],[-64.99,-41.55],[-65.0,-41.55],[-65.01,-41.55],[-65.01,-41.56],[-65.0,-41.56],[-65.01,-41.56],[-65.0,-41.57],[-64.99,-41.57],[-64.99,-41.58],[-65.0,-41.58],[-65.01,-41.6],[-65.01,-41.61],[-65.02,-41.61],[-65.03,-41.61],[-65.03,-41.62],[-65.02,-41.62],[-65.03,-41.63],[-65.02,-41.63],[-65.02,-41.64],[-65.02,-41.65],[-65.02,-41.66],[-65.02,-41.67],[-65.03,-41.67],[-65.02,-41.68],[-65.02,-41.69],[-65.03,-41.69],[-65.02,-41.7],[-65.01,-41.69],[-65.01,-41.7],[-65.02,-41.7],[-65.02,-41.71],[-65.02,-41.72],[-65.03,-41.72],[-65.02,-41.73],[-65.02,-41.72],[-65.02,-41.73],[-65.02,-41.74],[-65.01,-41.74],[-65.01,-41.75],[-65.0,-41.76],[-64.99,-41.76],[-65.0,-41.77],[-65.01,-41.78],[-65.01,-41.79],[-65.02,-41.79],[-65.02,-41.8],[-65.01,-41.82],[-65.02,-41.83],[-65.02,-41.84],[-65.02,-41.83],[-65.03,-41.84],[-65.04,-41.83],[-65.05,-41.84],[-65.05,-41.85],[-65.04,-41.85],[-65.05,-41.85],[-65.05,-41.86],[-65.04,-41.87],[-65.05,-41.88],[-65.06,-41.88],[-65.06,-41.89],[-65.06,-41.9],[-65.07,-41.91],[-65.06,-41.91],[-65.06,-41.92],[-65.06,-41.93],[-65.06,-41.94],[-65.07,-41.95],[-65.07,-41.96],[-65.07,-41.97],[-65.07,-41.99],[-65.07,-42.0],[-65.65,-42.0],[-66.25,-42.0],[-66.92,-42.0],[-67.5,-42.0],[-68.28,-42.0],[-69.05,-42.01],[-69.92,-42.0],[-70.4,-42.0],[-70.5,-42.0],[-71.1,-42.0],[-71.76,-42.0],[-71.76,-42.01],[-71.77,-42.01],[-71.77,-42.0],[-71.78,-41.99],[-71.78,-41.98],[-71.79,-41.97],[-71.79,-41.96],[-71.79,-41.95],[-71.78,-41.94],[-71.77,-41.94],[-71.77,-41.93],[-71.78,-41.92],[-71.77,-41.91],[-71.78,-41.9],[-71.79,-41.89],[-71.79,-41.87],[-71.79,-41.86],[-71.79,-41.85],[-71.8,-41.84],[-71.79,-41.83],[-71.77,-41.83],[-71.76,-41.82],[-71.75,-41.83],[-71.75,-41.82],[-71.76,-41.82],[-71.76,-41.81],[-71.77,-41.81],[-71.77,-41.8],[-71.77,-41.79],[-71.76,-41.79],[-71.75,-41.79],[-71.76,-41.78],[-71.77,-41.77],[-71.78,-41.77],[-71.78,-41.76],[-71.78,-41.75],[-71.79,-41.74],[-71.78,-41.73],[-71.79,-41.73],[-71.8,-41.73],[-71.81,-41.72],[-71.8,-41.71],[-71.8,-41.7],[-71.79,-41.7],[-71.79,-41.69],[-71.8,-41.69],[-71.81,-41.69],[-71.82,-41.69],[-71.82,-41.67],[-71.83,-41.68],[-71.84,-41.67],[-71.83,-41.65],[-71.84,-41.65],[-71.84,-41.64],[-71.85,-41.65],[-71.86,-41.64],[-71.87,-41.63],[-71.87,-41.62],[-71.88,-41.61],[-71.89,-41.61],[-71.88,-41.6],[-71.87,-41.59],[-71.86,-41.58],[-71.85,-41.57],[-71.84,-41.57],[-71.83,-41.57],[-71.82,-41.58],[-71.83,-41.56],[-71.83,-41.55],[-71.84,-41.55],[-71.84,-41.54],[-71.85,-41.54],[-71.85,-41.53],[-71.85,-41.52],[-71.85,-41.51],[-71.84,-41.5],[-71.84,-41.49],[-71.83,-41.48],[-71.84,-41.48],[-71.84,-41.47],[-71.84,-41.46],[-71.84,-41.45],[-71.83,-41.44],[-71.84,-41.44],[-71.84,-41.43],[-71.85,-41.43],[-71.86,-41.42],[-71.87,-41.41],[-71.87,-41.4],[-71.88,-41.39],[-71.88,-41.38],[-71.89,-41.38],[-71.89,-41.37],[-71.9,-41.37],[-71.9,-41.36],[-71.91,-41.36],[-71.91,-41.35],[-71.91,-41.34],[-71.9,-41.34],[-71.9,-41.33],[-71.89,-41.33],[-71.88,-41.32],[-71.89,-41.31],[-71.88,-41.31],[-71.88,-41.3],[-71.88,-41.29],[-71.89,-41.29],[-71.89,-41.28],[-71.9,-41.28],[-71.9,-41.27],[-71.89,-41.27],[-71.9,-41.26],[-71.88,-41.26],[-71.87,-41.26],[-71.86,-41.26],[-71.85,-41.26],[-71.85,-41.27],[-71.84,-41.27],[-71.83,-41.27],[-71.85,-41.25],[-71.86,-41.25],[-71.85,-41.24],[-71.84,-41.24],[-71.85,-41.24],[-71.86,-41.23],[-71.85,-41.23],[-71.86,-41.22],[-71.85,-41.21],[-71.87,-41.21],[-71.87,-41.2],[-71.88,-41.19],[-71.88,-41.18],[-71.88,-41.17],[-71.89,-41.17],[-71.89,-41.16],[-71.87,-41.16],[-71.87,-41.15],[-71.84,-41.15],[-71.84,-41.14],[-71.84,-41.13],[-71.84,-41.12],[-71.85,-41.11],[-71.84,-41.1],[-71.85,-41.1],[-71.85,-41.09],[-71.85,-41.08],[-71.84,-41.08],[-71.83,-41.07],[-71.82,-41.07],[-71.82,-41.06],[-71.83,-41.06],[-71.84,-41.05],[-71.83,-41.04],[-71.84,-41.04],[-71.85,-41.03],[-71.84,-41.02],[-71.82,-41.03],[-71.81,-41.02],[-71.8,-41.02],[-71.78,-41.03],[-71.76,-41.02],[-71.74,-41.03],[-71.72,-41.03],[-71.67,-41.03],[-71.64,-41.04],[-71.6,-41.04],[-71.56,-41.03],[-71.54,-41.02],[-71.5,-41.04],[-71.46,-41.04],[-71.43,-41.06],[-71.36,-41.09],[-71.32,-41.1],[-71.29,-41.1],[-71.23,-41.09],[-71.22,-41.09],[-71.18,-41.06],[-71.16,-41.05],[-71.14,-41.05],[-71.13,-41.05],[-71.13,-41.04],[-71.13,-41.03],[-71.12,-41.02],[-71.12,-41.01],[-71.11,-41.01],[-71.09,-41.0],[-71.09,-40.99],[-71.1,-40.99],[-71.08,-40.98],[-71.06,-40.98],[-71.05,-40.96],[-71.04,-40.95],[-71.04,-40.94],[-71.04,-40.93],[-71.03,-40.9],[-71.03,-40.88],[-71.04,-40.87],[-71.05,-40.86],[-71.06,-40.85],[-71.07,-40.84],[-71.08,-40.85],[-71.1,-40.83],[-71.09,-40.83],[-71.09,-40.82],[-71.1,-40.81],[-71.11,-40.8],[-71.11,-40.79],[-71.12,-40.78],[-71.12,-40.77],[-71.12,-40.76],[-71.1,-40.75],[-71.09,-40.73],[-71.09,-40.72],[-71.08,-40.72],[-71.07,-40.73],[-71.06,-40.73],[-71.05,-40.73],[-71.04,-40.73],[-71.03,-40.72],[-71.03,-40.71],[-71.02,-40.7],[-71.02,-40.69],[-71.01,-40.69],[-71.02,-40.68],[-71.01,-40.67],[-71.0,-40.67],[-70.98,-40.65],[-70.97,-40.65],[-70.95,-40.64],[-70.93,-40.64],[-70.91,-40.63],[-70.91,-40.62],[-70.88,-40.62],[-70.87,-40.62],[-70.88,-40.61],[-70.87,-40.6],[-70.86,-40.6],[-70.82,-40.6],[-70.78,-40.59],[-70.77,-40.59],[-70.76,-40.59],[-70.74,-40.58],[-70.73,-40.58],[-70.72,-40.59],[-70.71,-40.6],[-70.7,-40.59],[-70.69,-40.59],[-70.66,-40.59],[-70.65,-40.58],[-70.64,-40.57],[-70.62,-40.55],[-70.61,-40.55],[-70.6,-40.54],[-70.56,-40.53],[-70.55,-40.52],[-70.55,-40.51],[-70.54,-40.51],[-70.53,-40.5],[-70.52,-40.5],[-70.5,-40.51],[-70.49,-40.51],[-70.48,-40.51],[-70.46,-40.51],[-70.44,-40.52],[-70.43,-40.53],[-70.43,-40.54],[-70.42,-40.54],[-70.41,-40.53],[-70.38,-40.52],[-70.37,-40.52],[-70.34,-40.51],[-70.31,-40.51],[-70.28,-40.5],[-70.27,-40.5],[-70.25,-40.5],[-70.24,-40.5],[-70.22,-40.49],[-70.19,-40.49],[-70.17,-40.48],[-70.17,-40.47],[-70.18,-40.46],[-70.19,-40.44],[-70.19,-40.43],[-70.18,-40.43],[-70.18,-40.42],[-70.16,-40.41],[-70.14,-40.41],[-70.1,-40.4],[-70.07,-40.38],[-70.06,-40.37],[-70.06,-40.34],[-70.06,-40.32],[-70.05,-40.31],[-70.05,-40.3],[-70.04,-40.27],[-70.05,-40.26],[-70.06,-40.25],[-70.03,-40.22],[-70.02,-40.21],[-70.01,-40.21],[-70.0,-40.2],[-69.99,-40.19],[-69.99,-40.18],[-69.97,-40.18],[-69.96,-40.18],[-69.95,-40.18],[-69.95,-40.17],[-69.96,-40.16],[-69.97,-40.14],[-69.96,-40.13],[-69.96,-40.12],[-69.97,-40.12],[-69.99,-40.11],[-70.0,-40.09],[-70.0,-40.07],[-70.0,-40.05],[-70.0,-40.02],[-69.98,-40.0],[-69.97,-40.0],[-69.98,-39.99],[-69.97,-39.98],[-69.95,-39.96],[-69.93,-39.95],[-69.93,-39.94],[-69.91,-39.94],[-69.9,-39.94],[-69.89,-39.93],[-69.87,-39.91],[-69.86,-39.91],[-69.82,-39.9],[-69.8,-39.89],[-69.79,-39.89],[-69.77,-39.88],[-69.74,-39.87],[-69.72,-39.86],[-69.69,-39.85],[-69.67,-39.84],[-69.64,-39.83],[-69.62,-39.83],[-69.56,-39.81],[-69.54,-39.81],[-69.53,-39.81],[-69.52,-39.81],[-69.51,-39.81],[-69.46,-39.77],[-69.44,-39.77],[-69.42,-39.76],[-69.41,-39.75],[-69.4,-39.74],[-69.38,-39.73],[-69.38,-39.72],[-69.36,-39.71],[-69.35,-39.71],[-69.35,-39.69],[-69.34,-39.67],[-69.32,-39.66],[-69.29,-39.61],[-69.28,-39.6],[-69.26,-39.59],[-69.25,-39.58],[-69.23,-39.56],[-69.22,-39.56],[-69.2,-39.56],[-69.19,-39.55],[-69.18,-39.55],[-69.17,-39.55],[-69.16,-39.54],[-69.14,-39.53],[-69.13,-39.52],[-69.12,-39.52],[-69.11,-39.52],[-69.07,-39.52],[-69.04,-39.51],[-69.03,-39.51],[-69.02,-39.5],[-69.01,-39.5],[-69.0,-39.51],[-68.99,-39.5],[-68.98,-39.49],[-68.98,-39.48],[-68.97,-39.47],[-68.96,-39.47],[-68.95,-39.46],[-68.94,-39.46],[-68.93,-39.45],[-68.93,-39.44],[-68.92,-39.43],[-68.91,-39.43],[-68.9,-39.41],[-68.88,-39.4],[-68.85,-39.39],[-68.84,-39.39],[-68.84,-39.38],[-68.83,-39.38],[-68.83,-39.36],[-68.82,-39.35],[-68.82,-39.33],[-68.82,-39.32],[-68.81,-39.31],[-68.81,-39.3],[-68.81,-39.29],[-68.81,-39.28],[-68.8,-39.28],[-68.79,-39.28],[-68.77,-39.27],[-68.75,-39.26],[-68.73,-39.26],[-68.72,-39.25],[-68.72,-39.24],[-68.71,-39.23],[-68.69,-39.23],[-68.67,-39.22],[-68.67,-39.21],[-68.66,-39.2],[-68.66,-39.19],[-68.67,-39.18],[-68.67,-39.17],[-68.66,-39.16],[-68.65,-39.16],[-68.64,-39.14],[-68.6,-39.12],[-68.58,-39.1],[-68.57,-39.09],[-68.54,-39.07],[-68.53,-39.07],[-68.51,-39.07],[-68.49,-39.06],[-68.46,-39.04],[-68.44,-39.03],[-68.42,-39.03],[-68.41,-39.03],[-68.4,-39.02],[-68.39,-39.02],[-68.37,-39.01],[-68.36,-39.0],[-68.35,-39.0],[-68.33,-39.0],[-68.33,-38.99],[-68.29,-38.98],[-68.27,-38.98],[-68.27,-38.99],[-68.26,-38.99],[-68.24,-38.99],[-68.23,-38.98],[-68.22,-38.97],[-68.21,-38.97],[-68.19,-38.97],[-68.18,-38.97],[-68.18,-38.98],[-68.16,-38.98],[-68.14,-38.98],[-68.13,-38.98],[-68.09,-38.99],[-68.07,-38.99],[-68.06,-38.98],[-68.03,-38.98],[-68.02,-38.98],[-68.01,-38.98],[-68.01,-38.97],[-68.02,-38.96],[-68.04,-38.94],[-68.05,-38.93],[-68.05,-38.92],[-68.05,-38.91],[-68.07,-38.9],[-68.07,-38.89],[-68.08,-38.88],[-68.08,-38.86],[-68.09,-38.85],[-68.09,-38.83],[-68.1,-38.82],[-68.12,-38.79],[-68.13,-38.75],[-68.13,-38.74],[-68.15,-38.74],[-68.16,-38.73],[-68.19,-38.71],[-68.23,-38.7],[-68.25,-38.69],[-68.24,-37.58],[-68.22,-37.58],[-68.21,-37.59],[-68.17,-37.59],[-68.14,-37.59],[-68.12,-37.59],[-68.09,-37.6],[-68.05,-37.6],[-67.99,-37.61],[-67.88,-37.61],[-67.84,-37.62],[-67.82,-37.64],[-67.79,-37.65],[-67.79,-37.66],[-67.77,-37.68],[-67.77,-37.71],[-67.75,-37.76],[-67.74,-37.78],[-67.72,-37.81],[-67.71,-37.81],[-67.72,-37.82],[-67.74,-37.86],[-67.75,-37.87],[-67.76,-37.87],[-67.78,-37.9],[-67.78,-37.91],[-67.79,-37.91],[-67.8,-37.91],[-67.82,-37.91],[-67.85,-37.93],[-67.86,-37.94],[-67.88,-37.96],[-67.89,-37.97],[-67.9,-37.98],[-67.9,-37.99],[-67.9,-38.0],[-67.89,-38.02],[-67.87,-38.03],[-67.86,-38.04],[-67.86,-38.05],[-67.84,-38.07],[-67.83,-38.07],[-67.81,-38.07],[-67.8,-38.07],[-67.78,-38.06],[-67.77,-38.07],[-67.75,-38.07],[-67.74,-38.09],[-67.73,-38.1],[-67.73,-38.12],[-67.72,-38.13],[-67.71,-38.14],[-67.69,-38.14],[-67.68,-38.15],[-67.67,-38.16],[-67.67,-38.18],[-67.66,-38.19],[-67.65,-38.2],[-67.64,-38.21],[-67.63,-38.22],[-67.62,-38.22],[-67.59,-38.23],[-67.59,-38.24],[-67.57,-38.25],[-67.56,-38.24],[-67.55,-38.25],[-67.54,-38.25],[-67.53,-38.25],[-67.51,-38.24],[-67.5,-38.24],[-67.49,-38.24],[-67.48,-38.25],[-67.47,-38.25],[-67.43,-38.24],[-67.4,-38.25],[-67.39,-38.25],[-67.37,-38.25],[-67.31,-38.25],[-67.3,-38.23],[-67.29,-38.23],[-67.28,-38.22],[-67.27,-38.22],[-67.26,-38.22],[-67.22,-38.22],[-67.19,-38.21],[-67.18,-38.22],[-67.19,-38.26],[-67.18,-38.26],[-67.16,-38.27],[-67.16,-38.28],[-67.16,-38.3],[-67.16,-38.31],[-67.15,-38.33],[-67.15,-38.35],[-67.15,-38.36],[-67.13,-38.36],[-67.12,-38.37],[-67.08,-38.39],[-67.08,-38.4],[-67.06,-38.4],[-67.05,-38.41],[-67.01,-38.43],[-66.99,-38.44],[-66.97,-38.44],[-66.96,-38.45],[-66.94,-38.45],[-66.93,-38.45],[-66.92,-38.45],[-66.91,-38.45],[-66.9,-38.45],[-66.89,-38.45],[-66.89,-38.46],[-66.87,-38.47],[-66.85,-38.48],[-66.83,-38.48],[-66.81,-38.48],[-66.79,-38.48],[-66.76,-38.5],[-66.74,-38.51],[-66.72,-38.52],[-66.7,-38.52],[-66.68,-38.52],[-66.67,-38.53],[-66.65,-38.53],[-66.64,-38.53],[-66.62,-38.55],[-66.61,-38.55],[-66.6,-38.55],[-66.6,-38.56],[-66.59,-38.59],[-66.58,-38.62],[-66.58,-38.63],[-66.59,-38.65],[-66.58,-38.66],[-66.59,-38.67],[-66.6,-38.67],[-66.58,-38.69],[-66.57,-38.69],[-66.55,-38.7],[-66.54,-38.71],[-66.53,-38.71],[-66.52,-38.71],[-66.51,-38.71],[-66.5,-38.71],[-66.48,-38.73],[-66.47,-38.74],[-66.46,-38.73],[-66.45,-38.74],[-66.44,-38.74],[-66.44,-38.75],[-66.43,-38.75],[-66.43,-38.74],[-66.42,-38.74],[-66.41,-38.74],[-66.41,-38.73],[-66.4,-38.74],[-66.39,-38.74],[-66.38,-38.74],[-66.36,-38.74],[-66.34,-38.75],[-66.33,-38.75],[-66.32,-38.76],[-66.31,-38.75],[-66.29,-38.75],[-66.27,-38.75],[-66.26,-38.75],[-66.21,-38.73],[-66.2,-38.73],[-66.18,-38.73],[-66.17,-38.74],[-66.16,-38.73],[-66.13,-38.73],[-66.11,-38.74],[-66.1,-38.74],[-66.1,-38.73],[-66.09,-38.73],[-66.07,-38.73],[-66.07,-38.74],[-66.06,-38.75],[-66.05,-38.75],[-66.04,-38.75],[-66.03,-38.74],[-66.02,-38.75],[-66.02,-38.74],[-66.01,-38.74],[-66.0,-38.75],[-65.98,-38.74],[-65.95,-38.74],[-65.95,-38.75],[-65.94,-38.75],[-65.94,-38.76],[-65.93,-38.76],[-65.94,-38.77],[-65.93,-38.77],[-65.92,-38.77],[-65.91,-38.77],[-65.9,-38.77],[-65.9,-38.78],[-65.88,-38.78],[-65.87,-38.78],[-65.86,-38.78],[-65.87,-38.79],[-65.86,-38.79],[-65.85,-38.79],[-65.85,-38.8],[-65.84,-38.8],[-65.84,-38.79],[-65.83,-38.79],[-65.82,-38.8],[-65.81,-38.8],[-65.8,-38.8],[-65.8,-38.81],[-65.79,-38.81],[-65.77,-38.81],[-65.76,-38.81],[-65.73,-38.81],[-65.71,-38.82],[-65.7,-38.82],[-65.69,-38.83],[-65.66,-38.83],[-65.63,-38.83],[-65.63,-38.82],[-65.62,-38.81],[-65.61,-38.82],[-65.61,-38.81],[-65.6,-38.8],[-65.6,-38.79],[-65.58,-38.78],[-65.58,-38.77],[-65.57,-38.77],[-65.57,-38.78],[-65.55,-38.78],[-65.54,-38.78],[-65.53,-38.78],[-65.51,-38.79],[-65.5,-38.8],[-65.47,-38.8],[-65.46,-38.8],[-65.45,-38.82],[-65.44,-38.82],[-65.43,-38.83],[-65.39,-38.83],[-65.38,-38.84],[-65.37,-38.85],[-65.34,-38.85],[-65.33,-38.85],[-65.32,-38.84],[-65.31,-38.83],[-65.29,-38.83],[-65.28,-38.82],[-65.27,-38.82],[-65.26,-38.82],[-65.25,-38.83],[-65.23,-38.83],[-65.22,-38.83],[-65.2,-38.83],[-65.19,-38.83],[-65.18,-38.83],[-65.18,-38.81],[-65.17,-38.82],[-65.16,-38.81],[-65.15,-38.8],[-65.14,-38.81],[-65.13,-38.81],[-65.11,-38.8],[-65.1,-38.8],[-65.09,-38.8],[-65.07,-38.8],[-65.05,-38.81],[-65.03,-38.81],[-65.01,-38.81],[-64.96,-38.81],[-64.92,-38.82],[-64.91,-38.82],[-64.88,-38.81],[-64.87,-38.81],[-64.84,-38.82],[-64.81,-38.81],[-64.8,-38.81],[-64.76,-38.82],[-64.74,-38.82],[-64.72,-38.83],[-64.7,-38.83],[-64.68,-38.83],[-64.65,-38.83],[-64.64,-38.83],[-64.62,-38.84],[-64.59,-38.84],[-64.58,-38.85],[-64.57,-38.85],[-64.52,-38.85],[-64.49,-38.86],[-64.48,-38.86],[-64.46,-38.86],[-64.45,-38.86],[-64.43,-38.87],[-64.41,-38.87],[-64.38,-38.87],[-64.37,-38.88],[-64.35,-38.89],[-64.33,-38.89],[-64.31,-38.9],[-64.3,-38.9],[-64.27,-38.91],[-64.25,-38.92],[-64.23,-38.93],[-64.19,-38.94],[-64.17,-38.95],[-64.14,-38.96],[-64.11,-38.97],[-64.07,-38.99],[-64.07,-39.0],[-64.06,-39.0],[-64.05,-39.0],[-64.02,-39.0],[-64.0,-39.01],[-63.99,-39.02],[-64.0,-39.03],[-63.99,-39.04],[-63.95,-39.05],[-63.95,-39.06],[-63.93,-39.07],[-63.91,-39.08],[-63.9,-39.1],[-63.89,-39.1],[-63.87,-39.11],[-63.84,-39.11],[-63.83,-39.12],[-63.81,-39.11],[-63.8,-39.12],[-63.77,-39.13],[-63.76,-39.13],[-63.75,-39.15],[-63.74,-39.16],[-63.73,-39.16],[-63.73,-39.17],[-63.73,-39.18],[-63.71,-39.19],[-63.69,-39.2],[-63.67,-39.21],[-63.66,-39.22],[-63.65,-39.22],[-63.64,-39.23],[-63.63,-39.24],[-63.62,-39.24],[-63.59,-39.25],[-63.55,-39.26],[-63.54,-39.27],[-63.53,-39.28],[-63.53,-39.29],[-63.51,-39.3],[-63.46,-39.32],[-63.41,-39.32],[-63.4,-39.32],[-63.39,-39.32],[-63.39,-39.37],[-63.39,-40.0],[-63.39,-40.21],[-63.39,-40.71],[-63.37,-40.7],[-63.36,-40.71],[-63.36,-40.72],[-63.33,-40.71],[-63.31,-40.71],[-63.3,-40.71],[-63.3,-40.72],[-63.29,-40.72],[-63.28,-40.72],[-63.19,-40.72],[-63.16,-40.73],[-63.14,-40.74],[-63.12,-40.74],[-63.1,-40.76],[-63.07,-40.76],[-63.05,-40.77],[-63.04,-40.78],[-63.03,-40.79],[-63.02,-40.79],[-63.0,-40.8],[-62.97,-40.81],[-62.95,-40.82],[-62.94,-40.84],[-62.93,-40.84],[-62.93,-40.85],[-62.92,-40.86],[-62.91,-40.87],[-62.89,-40.88],[-62.87,-40.9],[-62.85,-40.93],[-62.84,-40.94],[-62.81,-40.97],[-62.8,-40.98],[-62.8,-41.01],[-62.79,-41.02],[-62.8,-41.02],[-62.8,-41.03]]],[[[-64.85,-40.77],[-64.84,-40.78],[-64.85,-40.78],[-64.86,-40.78],[-64.86,-40.77],[-64.85,-40.77]]],[[[-64.84,-40.76]]]]}},{"type":"Feature","properties":{"GID_1":"ARG.17_1","GID_0":"ARG","COUNTRY":"Argentina","NAME_1":"Salta","VARNAME_1":"NA","NL_NAME_1":"NA","TYPE_1":"Provincia","ENGTYPE_1":"Province","CC_1":"NA","HASC_1":"AR.SA","ISO_1":"AR-A"},"geometry":{"type":"MultiPolygon","coordinates":[[[[-66.09,-26.21],[-66.1,-26.21],[-66.12,-26.19],[-66.13,-26.17],[-66.13,-26.16],[-66.13,-26.15],[-66.15,-26.14],[-66.18,-26.14],[-66.19,-26.15],[-66.2,-26.15],[-66.21,-26.15],[-66.22,-26.16],[-66.23,-26.16],[-66.25,-26.18],[-66.26,-26.2],[-66.27,-26.22],[-66.28,-26.24],[-66.3,-26.25],[-66.32,-26.28],[-66.33,-26.29],[-66.33,-26.31],[-66.34,-26.33],[-66.36,-26.38],[-66.37,-26.4],[-66.38,-26.4],[-66.39,-26.39],[-66.41,-26.38],[-66.43,-26.38],[-66.46,-26.36],[-66.48,-26.34],[-66.49,-26.32],[-66.49,-26.31],[-66.5,-26.31],[-66.51,-26.3],[-66.54,-26.27],[-66.56,-26.23],[-66.58,-26.2],[-66.59,-26.18],[-66.59,-26.17],[-66.61,-26.16],[-66.62,-26.13],[-66.62,-26.11],[-66.62,-26.1],[-66.63,-26.09],[-66.64,-26.09],[-66.65,-26.09],[-66.66,-26.07],[-66.68,-26.05],[-66.69,-26.02],[-66.72,-26.0],[-66.72,-25.99],[-66.74,-25.97],[-66.76,-25.94],[-66.77,-25.93],[-66.8,-25.9],[-66.8,-25.89],[-66.81,-25.85],[-66.81,-25.81],[-66.82,-25.78],[-66.82,-25.74],[-66.79,-25.72],[-66.79,-25.71],[-66.77,-25.7],[-66.74,-25.7],[-66.72,-25.69],[-66.67,-25.69],[-66.63,-25.68],[-66.62,-25.68],[-66.6,-25.68],[-66.59,-25.68],[-66.58,-25.65],[-66.56,-25.61],[-66.54,-25.56],[-66.53,-25.51],[-66.53,-25.49],[-66.53,-25.46],[-66.53,-25.43],[-66.55,-25.37],[-66.55,-25.33],[-66.56,-25.27],[-66.63,-25.28],[-66.94,-25.28],[-67.37,-25.27],[-67.5,-25.26],[-67.57,-25.26],[-67.99,-25.24],[-68.16,-25.21],[-68.48,-25.16],[-68.48,-25.15],[-68.47,-25.15],[-68.47,-25.13],[-68.46,-25.13],[-68.45,-25.13],[-68.44,-25.13],[-68.44,-25.12],[-68.44,-25.13],[-68.43,-25.13],[-68.42,-25.13],[-68.42,-25.14],[-68.41,-25.14],[-68.34,-25.11],[-68.35,-25.11],[-68.35,-25.1],[-68.36,-25.1],[-68.36,-25.09],[-68.36,-25.08],[-68.37,-25.08],[-68.37,-25.06],[-68.36,-25.05],[-68.37,-25.05],[-68.37,-25.04],[-68.38,-25.03],[-68.38,-25.04],[-68.39,-25.04],[-68.4,-25.03],[-68.41,-25.02],[-68.41,-25.01],[-68.42,-25.0],[-68.41,-25.0],[-68.42,-24.99],[-68.41,-24.99],[-68.41,-24.98],[-68.41,-24.97],[-68.42,-24.96],[-68.43,-24.96],[-68.43,-24.94],[-68.43,-24.93],[-68.44,-24.92],[-68.43,-24.91],[-68.44,-24.91],[-68.44,-24.9],[-68.45,-24.9],[-68.46,-24.9],[-68.47,-24.9],[-68.48,-24.9],[-68.49,-24.9],[-68.49,-24.89],[-68.49,-24.88],[-68.5,-24.88],[-68.5,-24.87],[-68.51,-24.88],[-68.52,-24.87],[-68.52,-24.86],[-68.53,-24.86],[-68.53,-24.85],[-68.54,-24.85],[-68.53,-24.84],[-68.53,-24.83],[-68.54,-24.83],[-68.53,-24.83],[-68.54,-24.82],[-68.55,-24.81],[-68.55,-24.8],[-68.56,-24.8],[-68.57,-24.8],[-68.56,-24.78],[-68.56,-24.76],[-68.55,-24.75],[-68.54,-24.73],[-68.54,-24.72],[-68.53,-24.71],[-68.52,-24.71],[-68.52,-24.7],[-68.51,-24.7],[-68.5,-24.68],[-68.5,-24.67],[-68.49,-24.66],[-68.49,-24.65],[-68.49,-24.64],[-68.49,-24.63],[-68.5,-24.63],[-68.5,-24.62],[-68.49,-24.61],[-68.5,-24.6],[-68.49,-24.6],[-68.47,-24.62],[-68.46,-24.62],[-68.45,-24.61],[-68.45,-24.6],[-68.43,-24.61],[-68.44,-24.6],[-68.43,-24.6],[-68.43,-24.59],[-68.43,-24.58],[-68.42,-24.56],[-68.41,-24.54],[-68.4,-24.53],[-68.4,-24.52],[-68.41,-24.52],[-68.4,-24.51],[-68.39,-24.5],[-68.39,-24.49],[-68.38,-24.49],[-68.37,-24.49],[-68.36,-24.49],[-68.34,-24.49],[-68.32,-24.49],[-68.31,-24.49],[-68.31,-24.48],[-68.3,-24.48],[-68.3,-24.47],[-68.3,-24.46],[-68.3,-24.45],[-68.29,-24.45],[-68.27,-24.44],[-68.27,-24.43],[-68.26,-24.42],[-68.26,-24.41],[-68.26,-24.4],[-68.25,-24.4],[-68.06,-24.33],[-67.32,-24.03],[-67.22,-23.7],[-67.11,-23.78],[-67.01,-23.86],[-67.0,-23.87],[-67.0,-23.88],[-67.0,-23.92],[-67.01,-23.94],[-67.01,-23.95],[-67.0,-23.96],[-66.99,-23.96],[-66.98,-23.95],[-66.93,-23.96],[-66.94,-23.98],[-66.93,-23.99],[-66.89,-23.99],[-66.89,-24.0],[-66.88,-24.01],[-66.87,-24.02],[-66.85,-24.05],[-66.84,-24.06],[-66.82,-24.08],[-66.81,-24.09],[-66.77,-24.09],[-66.76,-24.09],[-66.75,-24.09],[-66.74,-24.09],[-66.73,-24.11],[-66.73,-24.12],[-66.73,-24.13],[-66.72,-24.14],[-66.68,-24.15],[-66.67,-24.17],[-66.65,-24.18],[-66.62,-24.19],[-66.59,-24.2],[-66.56,-24.2],[-66.55,-24.2],[-66.53,-24.21],[-66.53,-24.2],[-66.52,-24.2],[-66.51,-24.19],[-66.49,-24.2],[-66.48,-24.21],[-66.47,-24.19],[-66.47,-24.18],[-66.46,-24.18],[-66.44,-24.17],[-66.43,-24.17],[-66.43,-24.16],[-66.41,-24.15],[-66.41,-24.14],[-66.41,-24.13],[-66.41,-24.12],[-66.39,-24.12],[-66.38,-24.12],[-66.38,-24.1],[-66.37,-24.09],[-66.37,-24.08],[-66.38,-24.07],[-66.38,-24.06],[-66.38,-24.05],[-66.37,-24.03],[-66.35,-24.02],[-66.34,-23.99],[-66.34,-23.97],[-66.34,-23.96],[-66.34,-23.95],[-66.34,-23.91],[-66.35,-23.89],[-66.34,-23.88],[-66.34,-23.85],[-66.34,-23.83],[-66.34,-23.82],[-66.33,-23.78],[-66.33,-23.76],[-66.34,-23.75],[-66.33,-23.74],[-66.33,-23.72],[-66.34,-23.71],[-66.35,-23.68],[-66.37,-23.62],[-66.39,-23.54],[-66.36,-23.39],[-66.35,-23.38],[-66.34,-23.37],[-66.32,-23.37],[-66.31,-23.39],[-66.3,-23.39],[-66.29,-23.39],[-66.28,-23.39],[-66.26,-23.39],[-66.25,-23.39],[-66.24,-23.41],[-66.23,-23.42],[-66.22,-23.43],[-66.2,-23.43],[-66.19,-23.42],[-66.16,-23.43],[-66.15,-23.43],[-66.13,-23.44],[-66.08,-23.48],[-66.06,-23.48],[-66.04,-23.5],[-65.99,-23.52],[-66.0,-23.65],[-66.0,-23.67],[-66.0,-23.71],[-66.01,-23.78],[-66.01,-23.79],[-66.02,-23.81],[-66.03,-23.82],[-66.02,-23.83],[-66.0,-23.89],[-66.0,-23.91],[-66.0,-23.92],[-66.0,-23.95],[-65.98,-23.97],[-65.98,-23.98],[-65.97,-23.98],[-65.96,-23.98],[-65.95,-23.97],[-65.94,-23.97],[-65.93,-23.98],[-65.92,-23.98],[-65.9,-23.99],[-65.88,-23.98],[-65.85,-23.99],[-65.83,-24.0],[-65.77,-24.07],[-65.77,-24.09],[-65.77,-24.1],[-65.76,-24.1],[-65.75,-24.11],[-65.74,-24.12],[-65.74,-24.13],[-65.74,-24.14],[-65.74,-24.15],[-65.74,-24.16],[-65.73,-24.17],[-65.73,-24.19],[-65.72,-24.2],[-65.7,-24.21],[-65.7,-24.22],[-65.71,-24.23],[-65.7,-24.24],[-65.69,-24.24],[-65.69,-24.25],[-65.68,-24.26],[-65.67,-24.27],[-65.67,-24.28],[-65.67,-24.29],[-65.66,-24.31],[-65.63,-24.33],[-65.62,-24.34],[-65.62,-24.35],[-65.63,-24.37],[-65.62,-24.38],[-65.61,-24.39],[-65.6,-24.39],[-65.59,-24.4],[-65.58,-24.41],[-65.57,-24.42],[-65.57,-24.43],[-65.55,-24.43],[-65.54,-24.43],[-65.53,-24.43],[-65.52,-24.45],[-65.51,-24.46],[-65.5,-24.45],[-65.5,-24.44],[-65.48,-24.43],[-65.47,-24.43],[-65.45,-24.43],[-65.45,-24.44],[-65.45,-24.45],[-65.43,-24.47],[-65.41,-24.47],[-65.4,-24.47],[-65.39,-24.47],[-65.38,-24.47],[-65.36,-24.46],[-65.35,-24.47],[-65.36,-24.49],[-65.34,-24.5],[-65.33,-24.5],[-65.31,-24.5],[-65.29,-24.5],[-65.28,-24.5],[-65.26,-24.5],[-65.25,-24.49],[-65.24,-24.49],[-65.23,-24.49],[-65.22,-24.48],[-65.19,-24.46],[-65.15,-24.48],[-65.13,-24.5],[-65.12,-24.51],[-65.1,-24.52],[-65.09,-24.53],[-65.09,-24.55],[-65.09,-24.56],[-65.08,-24.56],[-65.04,-24.58],[-65.01,-24.58],[-64.99,-24.58],[-64.93,-24.6],[-64.91,-24.6],[-64.9,-24.6],[-64.89,-24.6],[-64.88,-24.58],[-64.88,-24.57],[-64.88,-24.56],[-64.87,-24.54],[-64.87,-24.52],[-64.86,-24.5],[-64.85,-24.5],[-64.84,-24.49],[-64.84,-24.48],[-64.83,-24.48],[-64.75,-24.53],[-64.74,-24.53],[-64.72,-24.55],[-64.71,-24.57],[-64.7,-24.58],[-64.69,-24.58],[-64.68,-24.59],[-64.67,-24.61],[-64.66,-24.61],[-64.64,-24.61],[-64.62,-24.61],[-64.62,-24.6],[-64.61,-24.59],[-64.59,-24.57],[-64.58,-24.55],[-64.57,-24.55],[-64.56,-24.54],[-64.55,-24.53],[-64.54,-24.51],[-64.53,-24.49],[-64.51,-24.49],[-64.49,-24.49],[-64.48,-24.49],[-64.47,-24.49],[-64.45,-24.48],[-64.44,-24.46],[-64.43,-24.45],[-64.42,-24.44],[-64.4,-24.43],[-64.37,-24.43],[-64.33,-24.43],[-64.32,-24.42],[-64.3,-24.42],[-64.28,-24.41],[-64.28,-24.39],[-64.26,-24.38],[-64.25,-24.36],[-64.25,-24.35],[-64.24,-24.34],[-64.23,-24.32],[-64.2,-24.3],[-64.19,-24.29],[-64.18,-24.26],[-64.18,-24.25],[-64.17,-24.24],[-64.16,-24.22],[-64.16,-24.21],[-64.16,-24.2],[-64.17,-24.18],[-64.17,-24.14],[-64.17,-24.13],[-64.18,-24.12],[-64.17,-24.09],[-64.18,-24.06],[-64.17,-24.0],[-64.17,-23.51],[-64.24,-23.51],[-64.36,-23.51],[-64.37,-23.52],[-64.38,-23.54],[-64.39,-23.55],[-64.4,-23.55],[-64.4,-23.56],[-64.41,-23.59],[-64.42,-23.61],[-64.42,-23.62],[-64.44,-23.63],[-64.45,-23.63],[-64.46,-23.62],[-64.46,-23.6],[-64.46,-23.59],[-64.47,-23.59],[-64.48,-23.58],[-64.48,-23.59],[-64.49,-23.58],[-64.5,-23.57],[-64.52,-23.55],[-64.55,-23.52],[-64.58,-23.51],[-64.6,-23.5],[-64.64,-23.49],[-64.65,-23.48],[-64.66,-23.46],[-64.67,-23.46],[-64.68,-23.46],[-64.7,-23.46],[-64.71,-23.47],[-64.73,-23.47],[-64.75,-23.47],[-64.75,-23.48],[-64.76,-23.48],[-64.77,-23.49],[-64.78,-23.49],[-64.8,-23.51],[-64.81,-23.51],[-64.82,-23.51],[-64.83,-23.51],[-64.85,-23.5],[-64.87,-23.5],[-64.89,-23.47],[-64.88,-23.45],[-64.88,-23.44],[-64.89,-23.44],[-64.9,-23.43],[-64.91,-23.42],[-64.91,-23.4],[-64.92,-23.39],[-64.92,-23.38],[-64.94,-23.36],[-64.95,-23.33],[-64.96,-23.32],[-64.98,-23.3],[-65.01,-23.29],[-65.03,-23.28],[-65.04,-23.24],[-65.03,-23.22],[-65.02,-23.2],[-65.02,-23.19],[-65.02,-23.17],[-65.01,-23.15],[-65.01,-23.13],[-65.01,-23.1],[-65.01,-23.08],[-65.01,-23.06],[-65.01,-23.04],[-65.01,-23.03],[-65.02,-23.01],[-65.03,-22.99],[-65.04,-22.99],[-65.07,-23.0],[-65.1,-22.99],[-65.14,-22.99],[-65.16,-22.98],[-65.18,-22.98],[-65.22,-22.96],[-65.24,-22.93],[-65.24,-22.9],[-65.24,-22.89],[-65.24,-22.88],[-65.25,-22.87],[-65.25,-22.86],[-65.25,-22.85],[-65.26,-22.85],[-65.27,-22.84],[-65.27,-22.83],[-65.27,-22.81],[-65.27,-22.79],[-65.29,-22.75],[-65.29,-22.73],[-65.29,-22.69],[-65.28,-22.67],[-65.27,-22.65],[-65.27,-22.63],[-65.3,-22.63],[-65.3,-22.62],[-65.3,-22.61],[-65.31,-22.6],[-65.33,-22.6],[-65.34,-22.6],[-65.34,-22.59],[-65.33,-22.56],[-65.33,-22.54],[-65.34,-22.51],[-65.34,-22.49],[-65.33,-22.48],[-65.32,-22.46],[-65.31,-22.44],[-65.31,-22.42],[-65.29,-22.41],[-65.29,-22.39],[-65.29,-22.38],[-65.29,-22.37],[-65.28,-22.37],[-65.27,-22.36],[-65.27,-22.35],[-65.25,-22.33],[-65.24,-22.32],[-65.24,-22.31],[-65.24,-22.29],[-65.24,-22.28],[-65.23,-22.19],[-65.23,-22.17],[-65.22,-22.16],[-65.21,-22.15],[-65.2,-22.15],[-65.2,-22.14],[-65.2,-22.12],[-65.2,-22.11],[-65.19,-22.09],[-65.05,-22.08],[-64.99,-22.08],[-64.99,-22.09],[-64.98,-22.09],[-64.98,-22.1],[-64.97,-22.1],[-64.96,-22.1],[-64.95,-22.11],[-64.94,-22.11],[-64.94,-22.12],[-64.93,-22.12],[-64.92,-22.12],[-64.9,-22.12],[-64.89,-22.12],[-64.89,-22.13],[-64.88,-22.12],[-64.87,-22.12],[-64.86,-22.12],[-64.85,-22.13],[-64.84,-22.13],[-64.84,-22.14],[-64.83,-22.14],[-64.82,-22.15],[-64.82,-22.14],[-64.82,-22.15],[-64.81,-22.15],[-64.81,-22.16],[-64.8,-22.16],[-64.79,-22.16],[-64.79,-22.17],[-64.78,-22.18],[-64.77,-22.18],[-64.76,-22.18],[-64.75,-22.18],[-64.75,-22.19],[-64.74,-22.19],[-64.72,-22.2],[-64.71,-22.19],[-64.7,-22.19],[-64.69,-22.19],[-64.68,-22.19],[-64.66,-22.2],[-64.65,-22.19],[-64.64,-22.19],[-64.64,-22.2],[-64.63,-22.2],[-64.62,-22.21],[-64.62,-22.2],[-64.62,-22.21],[-64.61,-22.22],[-64.6,-22.23],[-64.6,-22.24],[-64.59,-22.24],[-64.59,-22.25],[-64.58,-22.25],[-64.54,-22.28],[-64.54,-22.29],[-64.54,-22.3],[-64.55,-22.32],[-64.56,-22.32],[-64.56,-22.33],[-64.57,-22.34],[-64.56,-22.34],[-64.56,-22.35],[-64.56,-22.36],[-64.57,-22.37],[-64.56,-22.38],[-64.55,-22.39],[-64.53,-22.4],[-64.51,-22.42],[-64.52,-22.43],[-64.53,-22.44],[-64.52,-22.44],[-64.51,-22.45],[-64.5,-22.44],[-64.49,-22.44],[-64.49,-22.46],[-64.48,-22.46],[-64.47,-22.47],[-64.48,-22.47],[-64.48,-22.48],[-64.48,-22.49],[-64.47,-22.49],[-64.46,-22.49],[-64.46,-22.5],[-64.45,-22.5],[-64.45,-22.51],[-64.45,-22.52],[-64.44,-22.52],[-64.43,-22.52],[-64.42,-22.53],[-64.41,-22.54],[-64.42,-22.55],[-64.42,-22.56],[-64.41,-22.56],[-64.42,-22.57],[-64.42,-22.58],[-64.43,-22.58],[-64.43,-22.59],[-64.42,-22.59],[-64.43,-22.6],[-64.43,-22.61],[-64.43,-22.62],[-64.43,-22.63],[-64.42,-22.64],[-64.43,-22.64],[-64.44,-22.63],[-64.44,-22.64],[-64.43,-22.65],[-64.41,-22.66],[-64.42,-22.67],[-64.42,-22.68],[-64.4,-22.68],[-64.39,-22.69],[-64.4,-22.7],[-64.4,-22.71],[-64.39,-22.71],[-64.4,-22.72],[-64.39,-22.72],[-64.38,-22.72],[-64.37,-22.72],[-64.37,-22.73],[-64.37,-22.72],[-64.36,-22.72],[-64.35,-22.73],[-64.35,-22.74],[-64.34,-22.75],[-64.34,-22.76],[-64.34,-22.77],[-64.34,-22.78],[-64.34,-22.79],[-64.34,-22.81],[-64.33,-22.81],[-64.33,-22.83],[-64.33,-22.84],[-64.33,-22.86],[-64.34,-22.86],[-64.34,-22.87],[-64.33,-22.87],[-64.32,-22.87],[-64.31,-22.87],[-64.32,-22.88],[-64.31,-22.88],[-64.31,-22.86],[-64.3,-22.86],[-64.3,-22.85],[-64.31,-22.84],[-64.29,-22.84],[-64.28,-22.83],[-64.29,-22.81],[-64.29,-22.8],[-64.28,-22.79],[-64.28,-22.78],[-64.27,-22.77],[-64.27,-22.76],[-64.28,-22.76],[-64.28,-22.75],[-64.28,-22.74],[-64.27,-22.74],[-64.26,-22.74],[-64.27,-22.74],[-64.27,-22.73],[-64.27,-22.72],[-64.27,-22.71],[-64.26,-22.7],[-64.26,-22.69],[-64.26,-22.68],[-64.26,-22.67],[-64.24,-22.67],[-64.26,-22.65],[-64.26,-22.63],[-64.25,-22.63],[-64.24,-22.63],[-64.24,-22.62],[-64.24,-22.61],[-64.24,-22.6],[-64.24,-22.58],[-64.24,-22.56],[-64.23,-22.56],[-64.23,-22.54],[-64.22,-22.54],[-64.21,-22.53],[-64.21,-22.51],[-64.2,-22.49],[-64.19,-22.49],[-64.19,-22.48],[-64.18,-22.47],[-64.17,-22.47],[-64.16,-22.47],[-64.16,-22.45],[-64.15,-22.45],[-64.15,-22.44],[-64.14,-22.43],[-64.14,-22.42],[-64.14,-22.41],[-64.13,-22.41],[-64.12,-22.41],[-64.12,-22.4],[-64.12,-22.39],[-64.12,-22.38],[-64.11,-22.38],[-64.12,-22.37],[-64.12,-22.36],[-64.1,-22.36],[-64.1,-22.34],[-64.1,-22.33],[-64.09,-22.32],[-64.1,-22.32],[-64.09,-22.31],[-64.09,-22.3],[-64.08,-22.29],[-64.08,-22.28],[-64.07,-22.28],[-64.08,-22.27],[-64.07,-22.27],[-64.07,-22.26],[-64.06,-22.24],[-64.06,-22.25],[-64.05,-22.24],[-64.04,-22.25],[-64.04,-22.24],[-64.03,-22.24],[-64.04,-22.24],[-64.04,-22.23],[-64.03,-22.23],[-64.04,-22.23],[-64.04,-22.22],[-64.03,-22.22],[-64.03,-22.21],[-64.03,-22.2],[-64.03,-22.19],[-64.02,-22.19],[-64.02,-22.18],[-64.02,-22.17],[-64.01,-22.17],[-64.01,-22.16],[-64.0,-22.16],[-64.0,-22.15],[-64.0,-22.14],[-64.0,-22.13],[-63.99,-22.13],[-64.0,-22.13],[-64.0,-22.12],[-63.99,-22.12],[-63.99,-22.11],[-64.0,-22.11],[-63.99,-22.11],[-63.99,-22.1],[-63.99,-22.11],[-63.99,-22.1],[-63.99,-22.09],[-63.98,-22.09],[-63.98,-22.08],[-63.97,-22.09],[-63.96,-22.09],[-63.96,-22.08],[-63.96,-22.07],[-63.96,-22.06],[-63.95,-22.06],[-63.96,-22.06],[-63.96,-22.05],[-63.95,-22.05],[-63.96,-22.05],[-63.95,-22.04],[-63.94,-22.03],[-63.95,-22.02],[-63.94,-22.02],[-63.94,-22.01],[-63.93,-22.0],[-63.72,-22.0],[-63.71,-22.0],[-63.71,-22.01],[-63.7,-22.02],[-63.7,-22.01],[-63.7,-22.02],[-63.69,-22.01],[-63.69,-22.03],[-63.68,-22.03],[-63.69,-22.04],[-63.68,-22.04],[-63.69,-22.04],[-63.68,-22.05],[-63.68,-22.04],[-63.67,-22.04],[-63.68,-22.04],[-63.67,-22.04],[-63.67,-22.03],[-63.67,-22.02],[-63.67,-22.01],[-63.67,-22.0],[-62.81,-22.0],[-62.8,-22.0],[-62.8,-22.01],[-62.8,-22.02],[-62.81,-22.03],[-62.82,-22.03],[-62.81,-22.04],[-62.81,-22.05],[-62.8,-22.06],[-62.79,-22.06],[-62.8,-22.07],[-62.81,-22.09],[-62.81,-22.1],[-62.81,-22.11],[-62.81,-22.12],[-62.81,-22.13],[-62.81,-22.14],[-62.8,-22.15],[-62.79,-22.16],[-62.78,-22.17],[-62.77,-22.16],[-62.76,-22.15],[-62.74,-22.17],[-62.73,-22.19],[-62.72,-22.21],[-62.71,-22.21],[-62.7,-22.2],[-62.69,-22.19],[-62.69,-22.2],[-62.68,-22.22],[-62.68,-22.23],[-62.67,-22.24],[-62.66,-22.25],[-62.65,-22.25],[-62.64,-22.25],[-62.64,-22.24],[-62.63,-22.25],[-62.63,-22.26],[-62.64,-22.26],[-62.64,-22.27],[-62.62,-22.28],[-62.64,-22.3],[-62.63,-22.3],[-62.62,-22.3],[-62.61,-22.3],[-62.6,-22.32],[-62.59,-22.32],[-62.58,-22.31],[-62.57,-22.31],[-62.57,-22.32],[-62.57,-22.33],[-62.56,-22.33],[-62.54,-22.32],[-62.55,-22.34],[-62.53,-22.35],[-62.53,-22.37],[-62.52,-22.37],[-62.49,-22.38],[-62.47,-22.37],[-62.46,-22.36],[-62.46,-22.37],[-62.46,-22.38],[-62.46,-22.39],[-62.46,-22.4],[-62.44,-22.4],[-62.44,-22.41],[-62.45,-22.42],[-62.44,-22.41],[-62.43,-22.41],[-62.42,-22.42],[-62.42,-22.43],[-62.41,-22.44],[-62.39,-22.45],[-62.38,-22.46],[-62.38,-22.47],[-62.37,-22.45],[-62.33,-22.46],[-62.33,-22.47],[-62.34,-22.46],[-62.35,-24.0],[-62.35,-24.14],[-62.35,-24.32],[-62.35,-24.39],[-63.03,-25.19],[-63.42,-25.64],[-63.48,-25.71],[-63.5,-25.71],[-63.53,-25.71],[-63.59,-25.71],[-63.6,-25.71],[-63.65,-25.69],[-63.67,-25.69],[-63.74,-25.7],[-63.77,-25.7],[-63.81,-25.7],[-63.87,-25.7],[-63.93,-25.71],[-63.97,-25.71],[-64.01,-25.7],[-64.03,-25.7],[-64.03,-25.71],[-64.04,-25.74],[-64.04,-25.76],[-64.21,-25.75],[-64.21,-25.73],[-64.29,-25.72],[-64.41,-26.0],[-64.45,-26.07],[-64.43,-26.1],[-64.47,-26.18],[-64.49,-26.23],[-64.5,-26.22],[-64.53,-26.22],[-64.55,-26.22],[-64.56,-26.22],[-64.57,-26.22],[-64.59,-26.21],[-64.66,-26.23],[-64.72,-26.22],[-64.75,-26.21],[-64.77,-26.21],[-64.79,-26.2],[-64.82,-26.22],[-64.83,-26.22],[-64.83,-26.21],[-64.84,-26.21],[-64.85,-26.22],[-64.85,-26.23],[-64.86,-26.23],[-64.86,-26.24],[-64.87,-26.25],[-64.88,-26.26],[-64.9,-26.27],[-64.91,-26.27],[-64.94,-26.28],[-64.95,-26.28],[-64.96,-26.27],[-64.96,-26.26],[-64.96,-26.25],[-64.96,-26.24],[-64.98,-26.24],[-65.01,-26.24],[-65.03,-26.24],[-65.04,-26.24],[-65.26,-26.19],[-65.27,-26.18],[-65.27,-26.17],[-65.28,-26.15],[-65.29,-26.13],[-65.29,-26.09],[-65.3,-26.08],[-65.32,-26.07],[-65.34,-26.07],[-65.36,-26.08],[-65.37,-26.09],[-65.38,-26.09],[-65.39,-26.1],[-65.41,-26.1],[-65.42,-26.11],[-65.43,-26.11],[-65.46,-26.11],[-65.47,-26.11],[-65.49,-26.09],[-65.5,-26.09],[-65.52,-26.09],[-65.54,-26.09],[-65.56,-26.1],[-65.57,-26.11],[-65.59,-26.12],[-65.6,-26.12],[-65.6,-26.13],[-65.62,-26.12],[-65.63,-26.12],[-65.67,-26.12],[-65.68,-26.13],[-65.68,-26.14],[-65.69,-26.15],[-65.68,-26.17],[-65.68,-26.18],[-65.69,-26.2],[-65.7,-26.21],[-65.7,-26.23],[-65.69,-26.24],[-65.69,-26.25],[-65.7,-26.25],[-65.7,-26.26],[-65.7,-26.27],[-65.7,-26.28],[-65.71,-26.29],[-65.7,-26.3],[-65.71,-26.31],[-65.71,-26.32],[-65.71,-26.33],[-65.7,-26.34],[-65.71,-26.36],[-65.83,-26.31],[-65.92,-26.28],[-66.03,-26.23],[-66.04,-26.23],[-66.06,-26.23],[-66.07,-26.22],[-66.08,-26.22],[-66.09,-26.21]]]]}},{"type":"Feature","properties":{"GID_1":"ARG.18_1","GID_0":"ARG","COUNTRY":"Argentina","NAME_1":"SanJuan","VARNAME_1":"NA","NL_NAME_1":"NA","TYPE_1":"Provincia","ENGTYPE_1":"Province","CC_1":"NA","HASC_1":"AR.SJ","ISO_1":"AR-J"},"geometry":{"type":"MultiPolygon","coordinates":[[[[-67.37,-32.35],[-67.38,-32.34],[-67.39,-32.34],[-67.41,-32.34],[-67.41,-32.33],[-67.42,-32.33],[-67.43,-32.32],[-67.46,-32.3],[-67.47,-32.28],[-67.47,-32.26],[-67.48,-32.25],[-67.5,-32.22],[-67.5,-32.21],[-67.51,-32.21],[-67.51,-32.2],[-67.52,-32.2],[-67.52,-32.21],[-67.54,-32.22],[-67.55,-32.22],[-67.57,-32.22],[-67.59,-32.22],[-67.61,-32.21],[-67.63,-32.22],[-67.64,-32.22],[-67.66,-32.21],[-67.67,-32.22],[-67.68,-32.22],[-67.69,-32.22],[-67.7,-32.22],[-67.71,-32.22],[-67.72,-32.21],[-67.73,-32.21],[-67.74,-32.21],[-67.75,-32.21],[-67.76,-32.21],[-67.78,-32.21],[-67.79,-32.21],[-67.82,-32.21],[-67.83,-32.21],[-67.83,-32.2],[-67.86,-32.19],[-67.86,-32.18],[-67.87,-32.17],[-67.88,-32.17],[-67.89,-32.17],[-67.9,-32.16],[-67.91,-32.16],[-67.92,-32.15],[-67.92,-32.14],[-67.93,-32.13],[-67.93,-32.11],[-67.96,-32.1],[-67.96,-32.08],[-67.96,-32.07],[-67.97,-32.07],[-68.0,-32.08],[-68.01,-32.07],[-68.03,-32.08],[-68.04,-32.07],[-68.05,-32.07],[-68.06,-32.07],[-68.07,-32.07],[-68.07,-32.08],[-68.08,-32.08],[-68.09,-32.08],[-68.1,-32.09],[-68.15,-32.11],[-68.18,-32.11],[-68.2,-32.11],[-68.21,-32.12],[-68.23,-32.11],[-68.24,-32.11],[-68.25,-32.12],[-68.28,-32.13],[-68.29,-32.14],[-68.3,-32.13],[-68.31,-32.13],[-68.32,-32.13],[-68.33,-32.13],[-68.34,-32.13],[-68.37,-32.13],[-68.38,-32.13],[-68.39,-32.12],[-68.38,-32.11],[-68.39,-32.11],[-68.4,-32.11],[-68.42,-32.11],[-68.46,-32.1],[-68.47,-32.1],[-68.47,-32.15],[-68.48,-32.16],[-68.49,-32.18],[-68.51,-32.19],[-68.58,-32.26],[-68.66,-32.33],[-68.83,-32.33],[-68.93,-32.32],[-68.93,-32.1],[-68.95,-32.1],[-68.96,-32.1],[-68.97,-32.11],[-68.99,-32.11],[-69.01,-32.11],[-69.02,-32.11],[-69.03,-32.1],[-69.07,-32.07],[-69.09,-32.05],[-69.09,-32.03],[-69.1,-32.03],[-69.11,-32.03],[-69.12,-32.02],[-69.12,-32.0],[-69.13,-31.99],[-69.13,-31.98],[-69.13,-31.97],[-69.15,-31.97],[-69.16,-31.97],[-69.18,-31.98],[-69.18,-32.0],[-69.21,-32.01],[-69.22,-32.01],[-69.23,-32.01],[-69.25,-32.02],[-69.26,-32.03],[-69.27,-32.03],[-69.27,-32.05],[-69.28,-32.07],[-69.3,-32.08],[-69.31,-32.08],[-69.31,-32.09],[-69.32,-32.09],[-69.33,-32.09],[-69.34,-32.09],[-69.36,-32.08],[-69.37,-32.07],[-69.38,-32.07],[-69.39,-32.07],[-69.4,-32.08],[-69.41,-32.08],[-69.41,-32.07],[-69.42,-32.07],[-69.44,-32.08],[-69.46,-32.08],[-69.48,-32.1],[-69.49,-32.11],[-69.5,-32.11],[-69.51,-32.12],[-69.52,-32.13],[-69.54,-32.14],[-69.55,-32.14],[-69.56,-32.13],[-69.57,-32.13],[-69.58,-32.14],[-69.59,-32.14],[-69.61,-32.16],[-69.6,-32.18],[-69.61,-32.19],[-69.61,-32.2],[-69.62,-32.21],[-69.62,-32.22],[-69.62,-32.23],[-69.62,-32.24],[-69.63,-32.25],[-69.64,-32.26],[-69.65,-32.27],[-69.66,-32.28],[-69.67,-32.29],[-69.68,-32.3],[-69.69,-32.31],[-69.71,-32.33],[-69.71,-32.35],[-69.71,-32.37],[-69.7,-32.38],[-69.69,-32.39],[-69.69,-32.41],[-69.69,-32.43],[-69.69,-32.44],[-69.7,-32.45],[-69.69,-32.47],[-69.68,-32.48],[-69.69,-32.49],[-69.69,-32.51],[-69.7,-32.52],[-69.71,-32.52],[-69.72,-32.53],[-69.73,-32.54],[-69.76,-32.53],[-69.78,-32.53],[-69.79,-32.54],[-69.8,-32.54],[-69.82,-32.55],[-69.82,-32.57],[-69.83,-32.57],[-69.85,-32.57],[-69.86,-32.56],[-69.89,-32.56],[-69.9,-32.56],[-69.92,-32.54],[-69.93,-32.54],[-69.94,-32.54],[-69.96,-32.55],[-69.98,-32.54],[-70.0,-32.55],[-70.03,-32.57],[-70.04,-32.57],[-70.04,-32.6],[-70.04,-32.62],[-70.05,-32.63],[-70.06,-32.63],[-70.07,-32.63],[-70.08,-32.63],[-70.09,-32.62],[-70.1,-32.59],[-70.11,-32.58],[-70.13,-32.57],[-70.13,-32.56],[-70.13,-32.55],[-70.12,-32.55],[-70.12,-32.54],[-70.13,-32.53],[-70.13,-32.51],[-70.14,-32.5],[-70.14,-32.49],[-70.14,-32.48],[-70.15,-32.47],[-70.15,-32.46],[-70.16,-32.46],[-70.17,-32.46],[-70.18,-32.45],[-70.19,-32.45],[-70.2,-32.44],[-70.21,-32.44],[-70.22,-32.43],[-70.23,-32.43],[-70.24,-32.43],[-70.24,-32.42],[-70.24,-32.41],[-70.24,-32.4],[-70.23,-32.4],[-70.23,-32.39],[-70.22,-32.39],[-70.22,-32.38],[-70.23,-32.37],[-70.23,-32.36],[-70.23,-32.35],[-70.22,-32.35],[-70.22,-32.34],[-70.22,-32.33],[-70.23,-32.32],[-70.24,-32.32],[-70.25,-32.31],[-70.26,-32.3],[-70.26,-32.29],[-70.27,-32.29],[-70.28,-32.29],[-70.29,-32.29],[-70.29,-32.28],[-70.3,-32.28],[-70.32,-32.27],[-70.32,-32.26],[-70.31,-32.24],[-70.3,-32.23],[-70.31,-32.23],[-70.31,-32.22],[-70.3,-32.21],[-70.3,-32.2],[-70.31,-32.2],[-70.31,-32.19],[-70.31,-32.18],[-70.32,-32.18],[-70.31,-32.17],[-70.32,-32.16],[-70.31,-32.15],[-70.31,-32.14],[-70.3,-32.14],[-70.31,-32.13],[-70.32,-32.13],[-70.33,-32.13],[-70.33,-32.12],[-70.34,-32.11],[-70.34,-32.1],[-70.35,-32.09],[-70.34,-32.08],[-70.34,-32.07],[-70.35,-32.06],[-70.36,-32.06],[-70.37,-32.05],[-70.39,-32.05],[-70.39,-32.04],[-70.38,-32.04],[-70.38,-32.03],[-70.36,-32.03],[-70.35,-32.03],[-70.35,-32.04],[-70.34,-32.04],[-70.34,-32.05],[-70.33,-32.05],[-70.32,-32.05],[-70.31,-32.05],[-70.3,-32.05],[-70.29,-32.05],[-70.28,-32.04],[-70.27,-32.03],[-70.26,-32.04],[-70.26,-32.03],[-70.25,-32.02],[-70.25,-32.01],[-70.25,-32.0],[-70.25,-31.99],[-70.24,-31.99],[-70.23,-31.98],[-70.22,-31.98],[-70.21,-31.98],[-70.21,-31.97],[-70.21,-31.96],[-70.21,-31.95],[-70.22,-31.95],[-70.23,-31.94],[-70.23,-31.93],[-70.24,-31.92],[-70.25,-31.92],[-70.26,-31.91],[-70.27,-31.91],[-70.27,-31.9],[-70.27,-31.89],[-70.28,-31.88],[-70.29,-31.88],[-70.31,-31.88],[-70.34,-31.89],[-70.35,-31.89],[-70.36,-31.88],[-70.37,-31.88],[-70.37,-31.89],[-70.38,-31.88],[-70.39,-31.88],[-70.4,-31.87],[-70.41,-31.87],[-70.42,-31.86],[-70.43,-31.85],[-70.44,-31.85],[-70.45,-31.85],[-70.46,-31.85],[-70.46,-31.84],[-70.46,-31.83],[-70.45,-31.82],[-70.45,-31.81],[-70.46,-31.81],[-70.46,-31.8],[-70.46,-31.79],[-70.46,-31.78],[-70.47,-31.77],[-70.47,-31.76],[-70.47,-31.75],[-70.46,-31.74],[-70.46,-31.73],[-70.47,-31.72],[-70.46,-31.71],[-70.47,-31.71],[-70.47,-31.7],[-70.47,-31.69],[-70.48,-31.69],[-70.49,-31.69],[-70.5,-31.69],[-70.51,-31.69],[-70.51,-31.68],[-70.51,-31.67],[-70.51,-31.66],[-70.5,-31.66],[-70.51,-31.65],[-70.52,-31.64],[-70.53,-31.64],[-70.53,-31.63],[-70.54,-31.63],[-70.54,-31.62],[-70.54,-31.61],[-70.55,-31.61],[-70.56,-31.61],[-70.57,-31.6],[-70.56,-31.6],[-70.57,-31.59],[-70.57,-31.58],[-70.56,-31.57],[-70.56,-31.56],[-70.56,-31.55],[-70.56,-31.54],[-70.56,-31.53],[-70.56,-31.52],[-70.55,-31.51],[-70.56,-31.51],[-70.57,-31.5],[-70.56,-31.49],[-70.56,-31.48],[-70.57,-31.48],[-70.57,-31.47],[-70.56,-31.46],[-70.55,-31.45],[-70.55,-31.44],[-70.55,-31.43],[-70.56,-31.43],[-70.56,-31.42],[-70.55,-31.41],[-70.53,-31.41],[-70.53,-31.4],[-70.54,-31.4],[-70.54,-31.39],[-70.54,-31.38],[-70.53,-31.38],[-70.53,-31.36],[-70.53,-31.35],[-70.54,-31.34],[-70.54,-31.33],[-70.54,-31.32],[-70.55,-31.31],[-70.54,-31.3],[-70.54,-31.29],[-70.53,-31.29],[-70.53,-31.28],[-70.53,-31.27],[-70.53,-31.26],[-70.52,-31.26],[-70.53,-31.25],[-70.53,-31.24],[-70.52,-31.24],[-70.52,-31.23],[-70.52,-31.22],[-70.52,-31.21],[-70.52,-31.2],[-70.51,-31.2],[-70.52,-31.19],[-70.52,-31.18],[-70.52,-31.17],[-70.52,-31.16],[-70.51,-31.16],[-70.51,-31.15],[-70.51,-31.14],[-70.5,-31.14],[-70.49,-31.13],[-70.5,-31.13],[-70.5,-31.12],[-70.49,-31.12],[-70.47,-31.11],[-70.46,-31.1],[-70.46,-31.09],[-70.46,-31.08],[-70.45,-31.09],[-70.44,-31.09],[-70.43,-31.1],[-70.43,-31.12],[-70.42,-31.13],[-70.41,-31.14],[-70.41,-31.15],[-70.41,-31.16],[-70.41,-31.17],[-70.4,-31.17],[-70.39,-31.16],[-70.38,-31.15],[-70.37,-31.15],[-70.36,-31.14],[-70.36,-31.13],[-70.37,-31.13],[-70.36,-31.12],[-70.37,-31.12],[-70.37,-31.11],[-70.36,-31.1],[-70.36,-31.09],[-70.35,-31.09],[-70.35,-31.08],[-70.34,-31.08],[-70.34,-31.07],[-70.33,-31.06],[-70.33,-31.05],[-70.32,-31.04],[-70.31,-31.04],[-70.3,-31.05],[-70.29,-31.05],[-70.28,-31.04],[-70.28,-31.05],[-70.27,-31.05],[-70.27,-31.04],[-70.27,-31.03],[-70.28,-31.02],[-70.29,-31.02],[-70.3,-31.02],[-70.29,-31.01],[-70.3,-31.0],[-70.29,-30.98],[-70.29,-30.97],[-70.3,-30.96],[-70.31,-30.96],[-70.31,-30.95],[-70.32,-30.94],[-70.32,-30.93],[-70.32,-30.92],[-70.32,-30.91],[-70.31,-30.91],[-70.31,-30.9],[-70.31,-30.89],[-70.3,-30.88],[-70.3,-30.87],[-70.3,-30.86],[-70.3,-30.85],[-70.29,-30.84],[-70.28,-30.84],[-70.28,-30.83],[-70.28,-30.82],[-70.28,-30.81],[-70.28,-30.8],[-70.29,-30.8],[-70.29,-30.79],[-70.28,-30.78],[-70.27,-30.78],[-70.27,-30.77],[-70.27,-30.76],[-70.27,-30.75],[-70.26,-30.74],[-70.25,-30.73],[-70.26,-30.71],[-70.26,-30.7],[-70.26,-30.69],[-70.25,-30.68],[-70.24,-30.67],[-70.24,-30.66],[-70.25,-30.66],[-70.25,-30.65],[-70.25,-30.64],[-70.25,-30.63],[-70.24,-30.62],[-70.24,-30.61],[-70.23,-30.61],[-70.23,-30.6],[-70.22,-30.6],[-70.22,-30.59],[-70.22,-30.58],[-70.21,-30.57],[-70.21,-30.56],[-70.19,-30.55],[-70.2,-30.54],[-70.19,-30.53],[-70.18,-30.52],[-70.18,-30.51],[-70.2,-30.49],[-70.15,-30.46],[-70.14,-30.46],[-70.13,-30.46],[-70.13,-30.45],[-70.13,-30.44],[-70.12,-30.44],[-70.12,-30.43],[-70.12,-30.42],[-70.12,-30.41],[-70.13,-30.4],[-70.14,-30.39],[-70.14,-30.37],[-70.15,-30.37],[-70.16,-30.36],[-70.15,-30.35],[-70.15,-30.34],[-70.14,-30.34],[-70.13,-30.34],[-70.11,-30.35],[-70.1,-30.35],[-70.1,-30.37],[-70.09,-30.37],[-70.08,-30.37],[-70.08,-30.38],[-70.07,-30.39],[-70.06,-30.39],[-70.05,-30.39],[-70.03,-30.39],[-70.02,-30.4],[-70.01,-30.39],[-70.0,-30.39],[-69.99,-30.38],[-69.98,-30.38],[-69.97,-30.38],[-69.96,-30.38],[-69.96,-30.39],[-69.95,-30.38],[-69.94,-30.36],[-69.92,-30.35],[-69.9,-30.36],[-69.89,-30.35],[-69.9,-30.34],[-69.91,-30.34],[-69.91,-30.33],[-69.9,-30.33],[-69.91,-30.32],[-69.91,-30.31],[-69.9,-30.31],[-69.9,-30.3],[-69.9,-30.29],[-69.89,-30.29],[-69.9,-30.28],[-69.9,-30.27],[-69.89,-30.27],[-69.88,-30.27],[-69.88,-30.26],[-69.89,-30.25],[-69.89,-30.24],[-69.88,-30.24],[-69.89,-30.23],[-69.89,-30.22],[-69.88,-30.21],[-69.87,-30.21],[-69.85,-30.22],[-69.84,-30.22],[-69.83,-30.21],[-69.83,-30.19],[-69.82,-30.19],[-69.82,-30.18],[-69.82,-30.17],[-69.83,-30.16],[-69.82,-30.16],[-69.81,-30.15],[-69.81,-30.14],[-69.82,-30.13],[-69.83,-30.13],[-69.84,-30.13],[-69.85,-30.13],[-69.85,-30.12],[-69.86,-30.12],[-69.87,-30.11],[-69.88,-30.11],[-69.89,-30.11],[-69.91,-30.11],[-69.92,-30.11],[-69.92,-30.12],[-69.93,-30.12],[-69.94,-30.12],[-69.95,-30.11],[-69.94,-30.11],[-69.94,-30.09],[-69.96,-30.09],[-69.97,-30.09],[-69.96,-30.08],[-69.96,-30.07],[-69.95,-30.07],[-69.94,-30.06],[-69.94,-30.05],[-69.93,-30.05],[-69.92,-30.04],[-69.92,-30.03],[-69.91,-30.03],[-69.92,-30.02],[-69.92,-30.01],[-69.93,-30.0],[-69.92,-30.0],[-69.92,-29.99],[-69.91,-29.98],[-69.91,-29.97],[-69.9,-29.96],[-69.9,-29.95],[-69.9,-29.94],[-69.91,-29.94],[-69.91,-29.93],[-69.9,-29.92],[-69.89,-29.9],[-69.9,-29.9],[-69.89,-29.89],[-69.89,-29.88],[-69.9,-29.88],[-69.88,-29.87],[-69.88,-29.86],[-69.89,-29.85],[-69.9,-29.84],[-69.9,-29.83],[-69.9,-29.82],[-69.89,-29.82],[-69.9,-29.81],[-69.91,-29.81],[-69.91,-29.8],[-69.91,-29.79],[-69.9,-29.77],[-69.89,-29.77],[-69.89,-29.76],[-69.9,-29.76],[-69.9,-29.75],[-69.89,-29.75],[-69.89,-29.74],[-69.88,-29.73],[-69.89,-29.72],[-69.89,-29.71],[-69.88,-29.71],[-69.89,-29.7],[-69.89,-29.69],[-69.9,-29.69],[-69.9,-29.7],[-69.91,-29.7],[-69.91,-29.69],[-69.92,-29.68],[-69.92,-29.67],[-69.93,-29.67],[-69.94,-29.66],[-69.94,-29.65],[-69.94,-29.62],[-69.94,-29.61],[-69.93,-29.6],[-69.94,-29.6],[-69.93,-29.59],[-69.93,-29.58],[-69.93,-29.57],[-69.94,-29.56],[-69.95,-29.55],[-69.95,-29.54],[-69.96,-29.53],[-69.95,-29.53],[-69.95,-29.52],[-69.95,-29.51],[-69.95,-29.5],[-69.95,-29.49],[-69.95,-29.48],[-69.96,-29.48],[-69.96,-29.47],[-69.95,-29.47],[-69.95,-29.46],[-69.97,-29.46],[-69.97,-29.45],[-69.98,-29.45],[-69.97,-29.44],[-69.97,-29.43],[-69.97,-29.42],[-69.97,-29.41],[-69.98,-29.4],[-69.99,-29.4],[-70.0,-29.4],[-70.01,-29.39],[-70.02,-29.39],[-70.01,-29.39],[-70.02,-29.38],[-70.01,-29.37],[-70.02,-29.37],[-70.02,-29.36],[-70.02,-29.35],[-70.01,-29.35],[-70.02,-29.34],[-70.01,-29.34],[-70.02,-29.33],[-70.02,-29.32],[-70.01,-29.32],[-70.01,-29.31],[-70.0,-29.31],[-70.0,-29.3],[-70.0,-29.29],[-70.0,-29.28],[-69.98,-29.28],[-69.97,-29.27],[-69.95,-29.27],[-69.94,-29.25],[-69.94,-29.24],[-69.94,-29.23],[-69.95,-29.23],[-69.95,-29.22],[-69.95,-29.21],[-69.94,-29.2],[-69.95,-29.19],[-69.94,-29.19],[-69.93,-29.19],[-69.92,-29.19],[-69.92,-29.18],[-69.91,-29.17],[-69.9,-29.16],[-69.89,-29.16],[-69.89,-29.15],[-69.88,-29.14],[-69.87,-29.14],[-69.86,-29.14],[-69.86,-29.13],[-69.85,-29.13],[-69.84,-29.13],[-69.79,-29.13],[-69.79,-29.12],[-69.79,-29.11],[-69.79,-29.1],[-69.79,-29.09],[-69.8,-29.08],[-69.79,-29.08],[-69.79,-29.07],[-69.79,-29.06],[-69.79,-29.05],[-69.79,-29.04],[-69.79,-29.03],[-69.78,-29.02],[-69.79,-29.02],[-69.78,-29.01],[-69.77,-29.0],[-69.77,-28.99],[-69.75,-28.98],[-69.76,-28.97],[-69.75,-28.96],[-69.76,-28.95],[-69.75,-28.94],[-69.76,-28.93],[-69.77,-28.93],[-69.77,-28.91],[-69.76,-28.9],[-69.77,-28.9],[-69.76,-28.89],[-69.75,-28.89],[-69.75,-28.88],[-69.75,-28.87],[-69.74,-28.87],[-69.74,-28.86],[-69.75,-28.85],[-69.74,-28.85],[-69.73,-28.85],[-69.73,-28.84],[-69.72,-28.84],[-69.72,-28.83],[-69.71,-28.82],[-69.71,-28.81],[-69.71,-28.8],[-69.71,-28.79],[-69.71,-28.78],[-69.7,-28.78],[-69.69,-28.77],[-69.7,-28.76],[-69.7,-28.75],[-69.72,-28.74],[-69.73,-28.74],[-69.72,-28.73],[-69.73,-28.72],[-69.72,-28.71],[-69.73,-28.71],[-69.73,-28.7],[-69.73,-28.69],[-69.73,-28.68],[-69.73,-28.67],[-69.72,-28.66],[-69.71,-28.65],[-69.71,-28.64],[-69.7,-28.64],[-69.7,-28.63],[-69.7,-28.62],[-69.69,-28.61],[-69.69,-28.6],[-69.7,-28.6],[-69.69,-28.59],[-69.68,-28.59],[-69.67,-28.59],[-69.67,-28.58],[-69.66,-28.58],[-69.67,-28.58],[-69.67,-28.57],[-69.67,-28.56],[-69.67,-28.55],[-69.66,-28.55],[-69.67,-28.55],[-69.66,-28.54],[-69.65,-28.54],[-69.65,-28.53],[-69.66,-28.52],[-69.67,-28.51],[-69.66,-28.5],[-69.67,-28.5],[-69.67,-28.48],[-69.68,-28.47],[-69.67,-28.47],[-69.67,-28.46],[-69.67,-28.45],[-69.66,-28.45],[-69.66,-28.44],[-69.65,-28.45],[-69.65,-28.44],[-69.64,-28.44],[-69.64,-28.43],[-69.63,-28.43],[-69.64,-28.42],[-69.65,-28.42],[-69.66,-28.41],[-69.65,-28.41],[-69.65,-28.4],[-69.64,-28.39],[-69.63,-28.39],[-69.63,-28.38],[-69.62,-28.38],[-69.62,-28.39],[-69.61,-28.39],[-69.6,-28.39],[-69.59,-28.38],[-69.57,-28.4],[-69.53,-28.41],[-69.52,-28.41],[-69.51,-28.4],[-69.49,-28.4],[-69.48,-28.4],[-69.47,-28.41],[-69.47,-28.42],[-69.46,-28.43],[-69.45,-28.43],[-69.45,-28.44],[-69.44,-28.44],[-69.41,-28.45],[-69.4,-28.45],[-69.39,-28.45],[-69.38,-28.45],[-69.35,-28.44],[-69.2,-28.59],[-69.2,-28.61],[-69.2,-28.62],[-69.18,-28.64],[-69.18,-28.66],[-69.16,-28.7],[-69.14,-28.74],[-69.09,-28.79],[-68.95,-28.91],[-68.95,-28.92],[-68.96,-28.93],[-68.95,-28.95],[-68.95,-28.96],[-68.96,-28.96],[-68.97,-28.96],[-68.97,-28.97],[-68.96,-28.97],[-68.95,-28.98],[-68.94,-28.99],[-68.95,-29.0],[-68.93,-29.01],[-68.92,-29.01],[-68.92,-29.03],[-68.91,-29.05],[-68.9,-29.06],[-68.91,-29.09],[-68.93,-29.11],[-68.93,-29.12],[-68.93,-29.13],[-68.94,-29.13],[-68.95,-29.13],[-68.96,-29.12],[-68.97,-29.11],[-68.98,-29.12],[-68.99,-29.14],[-69.0,-29.14],[-69.01,-29.15],[-69.01,-29.16],[-68.99,-29.17],[-68.97,-29.19],[-68.97,-29.2],[-68.99,-29.21],[-68.98,-29.21],[-68.98,-29.22],[-68.98,-29.23],[-68.97,-29.25],[-68.97,-29.27],[-68.96,-29.28],[-68.95,-29.29],[-68.95,-29.31],[-68.97,-29.33],[-68.98,-29.33],[-68.98,-29.34],[-68.97,-29.36],[-68.98,-29.36],[-68.99,-29.38],[-68.99,-29.4],[-68.99,-29.41],[-68.98,-29.42],[-68.96,-29.44],[-68.97,-29.45],[-68.99,-29.47],[-69.0,-29.48],[-69.01,-29.48],[-69.02,-29.51],[-69.03,-29.52],[-69.03,-29.53],[-69.02,-29.56],[-69.02,-29.59],[-69.01,-29.61],[-69.0,-29.62],[-68.99,-29.63],[-68.97,-29.63],[-68.96,-29.63],[-68.95,-29.64],[-68.94,-29.63],[-68.93,-29.62],[-68.93,-29.61],[-68.91,-29.62],[-68.9,-29.61],[-68.89,-29.61],[-68.88,-29.59],[-68.86,-29.6],[-68.84,-29.61],[-68.83,-29.62],[-68.82,-29.61],[-68.79,-29.62],[-68.77,-29.61],[-68.75,-29.62],[-68.74,-29.62],[-68.7,-29.6],[-68.69,-29.6],[-68.68,-29.6],[-68.67,-29.61],[-68.63,-29.63],[-68.61,-29.64],[-68.6,-29.64],[-68.59,-29.64],[-68.57,-29.63],[-68.53,-29.64],[-68.51,-29.64],[-68.49,-29.64],[-68.47,-29.64],[-68.44,-29.65],[-68.4,-29.66],[-68.37,-29.67],[-68.33,-29.68],[-68.33,-29.69],[-68.32,-29.71],[-68.32,-29.72],[-68.31,-29.72],[-68.3,-29.72],[-68.29,-29.72],[-68.28,-29.72],[-68.27,-29.74],[-68.26,-29.76],[-68.24,-29.78],[-68.23,-29.78],[-68.2,-29.79],[-68.19,-29.79],[-68.19,-29.8],[-68.19,-29.81],[-68.19,-29.83],[-68.17,-29.85],[-68.14,-29.84],[-68.11,-29.84],[-68.1,-29.85],[-68.1,-29.87],[-68.08,-29.9],[-68.07,-29.91],[-68.03,-29.93],[-68.02,-29.94],[-68.01,-29.97],[-68.0,-29.97],[-67.98,-29.98],[-67.97,-29.98],[-67.95,-30.01],[-67.89,-30.05],[-67.87,-30.07],[-67.86,-30.07],[-67.83,-30.08],[-67.81,-30.09],[-67.8,-30.1],[-67.8,-30.11],[-67.8,-30.12],[-67.79,-30.13],[-67.75,-30.15],[-67.71,-30.17],[-67.69,-30.19],[-67.67,-30.21],[-67.66,-30.23],[-67.66,-30.24],[-67.64,-30.25],[-67.62,-30.26],[-67.6,-30.3],[-67.58,-30.3],[-67.58,-30.31],[-67.57,-30.34],[-67.57,-30.35],[-67.58,-30.36],[-67.58,-30.37],[-67.56,-30.39],[-67.55,-30.41],[-67.51,-30.44],[-67.5,-30.44],[-67.48,-30.45],[-67.47,-30.46],[-67.46,-30.47],[-67.43,-30.51],[-67.41,-30.52],[-67.39,-30.54],[-67.36,-30.55],[-67.34,-30.56],[-67.33,-30.58],[-67.31,-30.61],[-67.28,-30.63],[-67.24,-30.68],[-67.21,-30.7],[-67.19,-30.72],[-67.18,-30.72],[-67.16,-30.76],[-67.14,-30.79],[-67.09,-30.86],[-67.08,-30.89],[-67.08,-30.93],[-67.12,-31.02],[-67.06,-31.09],[-67.1,-31.39],[-67.09,-31.4],[-67.09,-31.43],[-67.07,-31.44],[-67.07,-31.45],[-67.06,-31.53],[-67.06,-31.55],[-67.05,-31.56],[-67.04,-31.57],[-67.03,-31.58],[-66.98,-31.61],[-66.95,-31.64],[-66.87,-31.64],[-66.86,-31.66],[-66.86,-31.67],[-66.86,-31.75],[-66.86,-31.77],[-66.85,-31.78],[-66.84,-31.79],[-66.83,-31.8],[-66.8,-31.81],[-66.78,-31.81],[-66.76,-31.82],[-66.75,-31.83],[-66.74,-31.86],[-66.73,-31.87],[-66.72,-31.89],[-66.74,-31.89],[-66.75,-31.89],[-66.77,-31.9],[-66.82,-31.9],[-66.87,-31.9],[-66.88,-31.9],[-66.89,-31.9],[-66.93,-31.9],[-66.98,-31.9],[-67.06,-31.9],[-67.09,-31.9],[-67.1,-31.89],[-67.11,-31.88],[-67.14,-31.88],[-67.18,-31.88],[-67.24,-31.89],[-67.26,-31.88],[-67.29,-31.87],[-67.33,-31.87],[-67.35,-31.87],[-67.39,-31.87],[-67.39,-31.88],[-67.37,-31.93],[-67.37,-31.95],[-67.36,-31.97],[-67.36,-31.99],[-67.36,-32.0],[-67.37,-32.06],[-67.38,-32.08],[-67.38,-32.1],[-67.38,-32.12],[-67.37,-32.15],[-67.37,-32.16],[-67.37,-32.19],[-67.36,-32.21],[-67.36,-32.26],[-67.32,-32.3],[-67.29,-32.36],[-67.37,-32.36],[-67.37,-32.35]]]]}},{"type":"Feature","properties":{"GID_1":"ARG.19_1","GID_0":"ARG","COUNTRY":"Argentina","NAME_1":"SanLuis","VARNAME_1":"NA","NL_NAME_1":"NA","TYPE_1":"Provincia","ENGTYPE_1":"Province","CC_1":"NA","HASC_1":"AR.SL","ISO_1":"AR-D"},"geometry":{"type":"MultiPolygon","coordinates":[[[[-65.11,-34.85],[-65.1,-36.0],[-65.65,-36.0],[-66.63,-36.0],[-66.64,-35.97],[-66.63,-35.95],[-66.63,-35.94],[-66.63,-35.93],[-66.63,-35.91],[-66.62,-35.91],[-66.62,-35.9],[-66.62,-35.89],[-66.62,-35.87],[-66.62,-35.85],[-66.6,-35.82],[-66.6,-35.81],[-66.6,-35.8],[-66.58,-35.77],[-66.59,-35.75],[-66.58,-35.74],[-66.59,-35.72],[-66.59,-35.71],[-66.57,-35.67],[-66.57,-35.66],[-66.56,-35.65],[-66.56,-35.64],[-66.56,-35.63],[-66.57,-35.63],[-66.57,-35.62],[-66.57,-35.61],[-66.58,-35.6],[-66.58,-35.59],[-66.56,-35.57],[-66.55,-35.57],[-66.54,-35.55],[-66.54,-35.54],[-66.53,-35.53],[-66.53,-35.49],[-66.53,-35.47],[-66.53,-35.43],[-66.53,-35.41],[-66.52,-35.4],[-66.52,-35.38],[-66.51,-35.36],[-66.51,-35.34],[-66.51,-35.32],[-66.52,-35.3],[-66.52,-35.28],[-66.52,-35.27],[-66.52,-35.26],[-66.51,-35.26],[-66.51,-35.25],[-66.5,-35.24],[-66.51,-35.19],[-66.5,-35.15],[-66.51,-35.12],[-66.51,-35.11],[-66.52,-35.1],[-66.53,-35.09],[-66.53,-35.07],[-66.54,-35.06],[-66.54,-35.05],[-66.54,-35.04],[-66.55,-35.02],[-66.55,-35.01],[-66.55,-35.0],[-66.56,-34.99],[-66.55,-34.97],[-66.54,-34.96],[-66.54,-34.95],[-66.55,-34.93],[-66.55,-34.9],[-66.56,-34.88],[-66.57,-34.86],[-66.58,-34.84],[-66.58,-34.83],[-66.6,-34.82],[-66.6,-34.81],[-66.62,-34.8],[-66.63,-34.78],[-66.66,-34.75],[-66.65,-34.74],[-66.64,-34.73],[-66.64,-34.72],[-66.65,-34.7],[-66.68,-34.69],[-66.7,-34.67],[-66.7,-34.65],[-66.72,-34.64],[-66.73,-34.63],[-66.73,-34.61],[-66.75,-34.59],[-66.75,-34.57],[-66.76,-34.55],[-66.76,-34.54],[-66.77,-34.52],[-66.78,-34.51],[-66.78,-34.5],[-66.77,-34.48],[-66.78,-34.46],[-66.77,-34.43],[-66.78,-34.41],[-66.8,-34.4],[-66.81,-34.39],[-66.81,-34.38],[-66.8,-34.39],[-66.79,-34.38],[-66.79,-34.37],[-66.78,-34.36],[-66.79,-34.36],[-66.79,-34.35],[-66.8,-34.36],[-66.8,-34.34],[-66.82,-34.33],[-66.81,-34.32],[-66.8,-34.31],[-66.81,-34.3],[-66.81,-34.29],[-66.8,-34.28],[-66.81,-34.26],[-66.8,-34.25],[-66.81,-34.24],[-66.8,-34.22],[-66.8,-34.21],[-66.78,-34.22],[-66.78,-34.21],[-66.78,-34.2],[-66.77,-34.2],[-66.75,-34.21],[-66.75,-34.2],[-66.74,-34.19],[-66.75,-34.19],[-66.75,-34.17],[-66.76,-34.16],[-66.75,-34.15],[-66.74,-34.14],[-66.74,-34.13],[-66.74,-34.12],[-66.75,-34.11],[-66.74,-34.1],[-66.74,-34.09],[-66.74,-34.06],[-66.73,-34.02],[-66.73,-34.0],[-66.74,-33.97],[-66.74,-33.96],[-66.74,-33.95],[-66.76,-33.93],[-66.77,-33.93],[-66.78,-33.93],[-66.79,-33.92],[-66.79,-33.91],[-66.81,-33.91],[-66.82,-33.9],[-66.84,-33.87],[-66.84,-33.86],[-66.85,-33.85],[-66.86,-33.83],[-66.89,-33.8],[-66.89,-33.78],[-66.89,-33.77],[-66.9,-33.76],[-66.93,-33.73],[-66.98,-33.71],[-67.0,-33.69],[-67.0,-33.67],[-67.01,-33.64],[-67.01,-33.63],[-67.01,-33.62],[-67.01,-33.6],[-67.02,-33.6],[-67.05,-33.59],[-67.06,-33.58],[-67.07,-33.56],[-67.08,-33.54],[-67.09,-33.54],[-67.1,-33.53],[-67.11,-33.52],[-67.12,-33.48],[-67.14,-33.47],[-67.14,-33.45],[-67.16,-33.43],[-67.16,-33.4],[-67.16,-33.39],[-67.15,-33.38],[-67.16,-33.36],[-67.16,-33.34],[-67.16,-33.33],[-67.16,-33.32],[-67.17,-33.31],[-67.18,-33.3],[-67.18,-33.29],[-67.18,-33.26],[-67.18,-33.25],[-67.19,-33.24],[-67.19,-33.2],[-67.18,-33.16],[-67.18,-33.15],[-67.19,-33.14],[-67.19,-33.13],[-67.2,-33.12],[-67.2,-33.09],[-67.19,-33.07],[-67.2,-33.07],[-67.2,-33.06],[-67.21,-33.05],[-67.21,-33.03],[-67.2,-33.02],[-67.2,-33.01],[-67.21,-33.0],[-67.2,-32.99],[-67.2,-32.97],[-67.2,-32.96],[-67.21,-32.95],[-67.22,-32.94],[-67.22,-32.93],[-67.21,-32.92],[-67.21,-32.9],[-67.21,-32.89],[-67.2,-32.88],[-67.2,-32.86],[-67.21,-32.83],[-67.21,-32.82],[-67.2,-32.8],[-67.2,-32.79],[-67.19,-32.79],[-67.19,-32.78],[-67.19,-32.77],[-67.2,-32.74],[-67.2,-32.72],[-67.21,-32.71],[-67.22,-32.7],[-67.24,-32.69],[-67.25,-32.68],[-67.25,-32.67],[-67.26,-32.65],[-67.26,-32.64],[-67.26,-32.63],[-67.26,-32.62],[-67.26,-32.61],[-67.27,-32.6],[-67.29,-32.58],[-67.29,-32.57],[-67.29,-32.56],[-67.29,-32.55],[-67.3,-32.53],[-67.3,-32.51],[-67.3,-32.5],[-67.31,-32.48],[-67.32,-32.46],[-67.32,-32.45],[-67.32,-32.44],[-67.33,-32.41],[-67.34,-32.4],[-67.36,-32.39],[-67.37,-32.38],[-67.37,-32.36],[-67.29,-32.36],[-67.32,-32.3],[-67.36,-32.26],[-67.36,-32.21],[-67.37,-32.19],[-67.37,-32.16],[-67.37,-32.15],[-67.38,-32.12],[-67.38,-32.1],[-67.38,-32.08],[-67.37,-32.06],[-67.36,-32.0],[-67.36,-31.99],[-67.36,-31.97],[-67.37,-31.95],[-67.37,-31.93],[-67.39,-31.88],[-67.39,-31.87],[-67.35,-31.87],[-67.33,-31.87],[-67.29,-31.87],[-67.26,-31.88],[-67.24,-31.89],[-67.18,-31.88],[-67.14,-31.88],[-67.11,-31.88],[-67.1,-31.89],[-67.09,-31.9],[-67.06,-31.9],[-66.98,-31.9],[-66.93,-31.9],[-66.89,-31.9],[-66.88,-31.9],[-66.87,-31.9],[-66.82,-31.9],[-66.77,-31.9],[-66.75,-31.89],[-66.74,-31.89],[-66.71,-31.89],[-66.7,-31.9],[-66.68,-31.92],[-66.64,-31.94],[-66.63,-31.95],[-66.61,-31.95],[-66.56,-31.96],[-66.56,-31.98],[-66.39,-32.0],[-66.34,-32.0],[-66.34,-31.97],[-66.33,-31.96],[-66.33,-31.95],[-66.32,-31.95],[-66.31,-31.94],[-66.28,-31.94],[-66.25,-31.95],[-66.15,-31.97],[-66.14,-31.95],[-66.13,-31.95],[-66.12,-31.95],[-66.11,-31.95],[-66.09,-31.97],[-66.08,-31.97],[-66.07,-31.97],[-66.07,-31.96],[-66.07,-31.95],[-66.06,-31.94],[-66.02,-31.92],[-65.96,-31.89],[-65.95,-31.89],[-65.92,-31.9],[-65.9,-31.9],[-65.86,-31.89],[-65.79,-31.89],[-65.74,-31.89],[-65.68,-31.89],[-65.66,-31.88],[-65.65,-31.89],[-65.65,-31.9],[-65.4,-32.01],[-65.32,-32.04],[-65.29,-32.06],[-65.28,-32.07],[-65.26,-32.09],[-65.26,-32.1],[-65.25,-32.11],[-65.25,-32.12],[-65.25,-32.13],[-65.24,-32.14],[-65.24,-32.15],[-65.24,-32.16],[-65.24,-32.19],[-65.24,-32.21],[-65.23,-32.22],[-65.22,-32.23],[-65.22,-32.24],[-65.21,-32.26],[-65.22,-32.28],[-65.21,-32.3],[-65.21,-32.32],[-65.07,-32.32],[-65.06,-32.32],[-65.02,-32.32],[-65.01,-32.32],[-64.98,-32.32],[-64.96,-32.32],[-64.95,-32.31],[-64.92,-32.32],[-64.92,-32.35],[-64.92,-32.36],[-64.92,-32.37],[-64.92,-32.38],[-64.93,-32.39],[-64.93,-32.4],[-64.93,-32.41],[-64.94,-32.42],[-64.94,-32.43],[-64.94,-32.44],[-64.93,-32.45],[-64.93,-32.47],[-64.92,-32.48],[-64.9,-32.48],[-64.89,-32.49],[-64.9,-32.5],[-64.91,-32.5],[-64.92,-32.51],[-64.91,-32.52],[-64.91,-32.53],[-64.89,-32.53],[-64.89,-32.54],[-64.9,-32.55],[-64.88,-32.57],[-64.88,-32.58],[-64.89,-32.59],[-64.9,-32.61],[-64.91,-32.61],[-64.93,-32.62],[-64.93,-32.63],[-64.93,-32.64],[-64.93,-32.65],[-64.94,-32.65],[-64.94,-32.66],[-64.93,-32.67],[-64.93,-32.69],[-64.93,-32.7],[-64.94,-32.71],[-64.96,-32.74],[-64.96,-32.76],[-64.96,-32.79],[-64.96,-32.8],[-64.97,-32.81],[-64.97,-32.82],[-64.97,-32.85],[-64.98,-32.88],[-64.99,-32.89],[-64.98,-32.9],[-65.0,-32.91],[-65.0,-32.92],[-65.01,-32.96],[-65.03,-32.97],[-65.03,-32.98],[-65.02,-32.98],[-65.01,-32.98],[-65.02,-33.02],[-65.03,-33.04],[-65.04,-33.05],[-65.05,-33.06],[-65.05,-33.08],[-65.06,-33.09],[-65.06,-33.11],[-65.06,-33.12],[-65.05,-33.13],[-65.05,-33.14],[-65.06,-33.15],[-65.07,-33.15],[-65.08,-33.15],[-65.09,-33.14],[-65.1,-33.15],[-65.11,-33.16],[-65.11,-33.17],[-65.14,-33.19],[-65.15,-33.19],[-65.15,-33.2],[-65.12,-33.63],[-65.11,-33.91],[-65.11,-34.06],[-65.11,-34.85]]]]}},{"type":"Feature","properties":{"GID_1":"ARG.20_1","GID_0":"ARG","COUNTRY":"Argentina","NAME_1":"SantaCruz","VARNAME_1":"NA","NL_NAME_1":"NA","TYPE_1":"Provincia","ENGTYPE_1":"Province","CC_1":"NA","HASC_1":"AR.SC","ISO_1":"AR-Z"},"geometry":{"type":"MultiPolygon","coordinates":[[[[-68.44,-52.4],[-68.43,-52.4],[-68.44,-52.4]]],[[[-68.44,-52.39]]],[[[-69.11,-51.66],[-69.12,-51.66],[-69.11,-51.66]]],[[[-69.11,-51.64],[-69.12,-51.64],[-69.11,-51.64],[-69.12,-51.63],[-69.11,-51.64]]],[[[-71.69,-52.0]]],[[[-69.13,-51.65],[-69.14,-51.65],[-69.13,-51.65]]],[[[-69.12,-51.65],[-69.13,-51.65],[-69.12,-51.64],[-69.12,-51.65]]],[[[-69.16,-51.63],[-69.15,-51.63],[-69.16,-51.63]]],[[[-69.1,-51.6],[-69.11,-51.6],[-69.1,-51.6]]],[[[-69.07,-51.59],[-69.08,-51.59],[-69.09,-51.59],[-69.08,-51.59],[-69.07,-51.59]]],[[[-69.08,-51.59],[-69.07,-51.59],[-69.08,-51.59]]],[[[-69.01,-51.58],[-69.0,-51.58],[-69.01,-51.59],[-69.02,-51.58],[-69.01,-51.58]]],[[[-69.14,-50.77],[-69.14,-50.78],[-69.13,-50.8],[-69.13,-50.83],[-69.13,-50.85],[-69.13,-50.86],[-69.13,-50.88],[-69.13,-50.9],[-69.14,-50.9],[-69.16,-50.92],[-69.17,-50.92],[-69.18,-50.92],[-69.2,-50.93],[-69.2,-50.94],[-69.21,-50.94],[-69.22,-50.95],[-69.22,-50.96],[-69.22,-50.97],[-69.23,-50.98],[-69.24,-50.98],[-69.25,-50.98],[-69.25,-50.97],[-69.24,-50.97],[-69.24,-50.98],[-69.23,-50.98],[-69.23,-50.97],[-69.24,-50.97],[-69.26,-50.97],[-69.26,-50.98],[-69.27,-50.98],[-69.29,-50.99],[-69.3,-50.99],[-69.3,-51.0],[-69.31,-51.0],[-69.32,-51.0],[-69.32,-51.01],[-69.33,-51.01],[-69.33,-51.02],[-69.33,-51.03],[-69.35,-51.04],[-69.36,-51.05],[-69.37,-51.05],[-69.38,-51.06],[-69.39,-51.07],[-69.39,-51.08],[-69.4,-51.08],[-69.41,-51.09],[-69.42,-51.08],[-69.43,-51.09],[-69.42,-51.09],[-69.41,-51.09],[-69.4,-51.09],[-69.39,-51.09],[-69.39,-51.08],[-69.38,-51.08],[-69.37,-51.07],[-69.37,-51.06],[-69.36,-51.06],[-69.34,-51.05],[-69.31,-51.03],[-69.3,-51.02],[-69.29,-51.02],[-69.28,-51.01],[-69.26,-51.01],[-69.25,-51.0],[-69.21,-50.99],[-69.2,-50.98],[-69.21,-50.98],[-69.19,-50.97],[-69.19,-50.98],[-69.17,-50.98],[-69.16,-50.99],[-69.15,-51.0],[-69.15,-51.01],[-69.15,-51.03],[-69.15,-51.04],[-69.14,-51.04],[-69.14,-51.05],[-69.14,-51.06],[-69.14,-51.08],[-69.13,-51.09],[-69.13,-51.1],[-69.13,-51.11],[-69.12,-51.12],[-69.12,-51.13],[-69.12,-51.14],[-69.11,-51.15],[-69.11,-51.16],[-69.1,-51.18],[-69.1,-51.19],[-69.09,-51.2],[-69.08,-51.21],[-69.08,-51.22],[-69.08,-51.23],[-69.07,-51.24],[-69.07,-51.25],[-69.07,-51.26],[-69.06,-51.26],[-69.06,-51.27],[-69.06,-51.28],[-69.06,-51.29],[-69.05,-51.3],[-69.05,-51.31],[-69.04,-51.33],[-69.04,-51.34],[-69.03,-51.34],[-69.03,-51.35],[-69.03,-51.36],[-69.03,-51.37],[-69.02,-51.38],[-69.02,-51.4],[-69.01,-51.4],[-69.01,-51.41],[-69.01,-51.42],[-69.0,-51.43],[-69.0,-51.44],[-68.99,-51.46],[-68.96,-51.51],[-68.95,-51.53],[-68.95,-51.55],[-68.95,-51.56],[-68.96,-51.57],[-68.98,-51.58],[-68.98,-51.57],[-68.99,-51.57],[-69.0,-51.56],[-69.02,-51.56],[-69.05,-51.56],[-69.06,-51.57],[-69.07,-51.57],[-69.08,-51.59],[-69.09,-51.59],[-69.11,-51.6],[-69.13,-51.6],[-69.13,-51.61],[-69.15,-51.61],[-69.17,-51.6],[-69.18,-51.6],[-69.23,-51.58],[-69.24,-51.58],[-69.25,-51.57],[-69.26,-51.57],[-69.27,-51.56],[-69.28,-51.56],[-69.29,-51.56],[-69.31,-51.56],[-69.32,-51.55],[-69.33,-51.55],[-69.35,-51.55],[-69.36,-51.56],[-69.39,-51.56],[-69.42,-51.57],[-69.43,-51.57],[-69.44,-51.57],[-69.45,-51.58],[-69.46,-51.58],[-69.47,-51.58],[-69.48,-51.58],[-69.5,-51.59],[-69.51,-51.59],[-69.52,-51.59],[-69.53,-51.6],[-69.54,-51.6],[-69.55,-51.6],[-69.56,-51.61],[-69.57,-51.61],[-69.58,-51.62],[-69.6,-51.62],[-69.59,-51.62],[-69.58,-51.62],[-69.57,-51.62],[-69.57,-51.61],[-69.55,-51.61],[-69.53,-51.61],[-69.52,-51.61],[-69.52,-51.6],[-69.5,-51.6],[-69.48,-51.6],[-69.45,-51.61],[-69.39,-51.59],[-69.37,-51.59],[-69.36,-51.59],[-69.33,-51.59],[-69.31,-51.59],[-69.27,-51.6],[-69.26,-51.6],[-69.25,-51.6],[-69.23,-51.61],[-69.22,-51.61],[-69.21,-51.61],[-69.2,-51.62],[-69.19,-51.62],[-69.18,-51.62],[-69.17,-51.63],[-69.16,-51.63],[-69.17,-51.63],[-69.12,-51.64],[-69.13,-51.64],[-69.15,-51.65],[-69.15,-51.64],[-69.15,-51.65],[-69.16,-51.65],[-69.15,-51.66],[-69.17,-51.67],[-69.18,-51.67],[-69.21,-51.68],[-69.22,-51.68],[-69.22,-51.69],[-69.23,-51.69],[-69.24,-51.69],[-69.24,-51.7],[-69.24,-51.69],[-69.23,-51.69],[-69.22,-51.69],[-69.21,-51.68],[-69.17,-51.69],[-69.15,-51.68],[-69.14,-51.68],[-69.14,-51.67],[-69.13,-51.67],[-69.11,-51.66],[-69.1,-51.65],[-69.09,-51.64],[-69.08,-51.64],[-69.06,-51.63],[-69.05,-51.62],[-69.03,-51.61],[-69.03,-51.62],[-69.02,-51.61],[-69.01,-51.61],[-69.0,-51.61],[-68.98,-51.61],[-68.96,-51.62],[-68.95,-51.63],[-68.95,-51.64],[-68.94,-51.65],[-68.94,-51.67],[-68.92,-51.69],[-68.85,-51.78],[-68.84,-51.79],[-68.82,-51.81],[-68.82,-51.83],[-68.81,-51.83],[-68.81,-51.84],[-68.81,-51.85],[-68.8,-51.85],[-68.78,-51.88],[-68.75,-51.93],[-68.74,-51.94],[-68.73,-51.95],[-68.71,-51.97],[-68.67,-52.02],[-68.64,-52.05],[-68.63,-52.06],[-68.61,-52.08],[-68.59,-52.1],[-68.58,-52.11],[-68.57,-52.12],[-68.56,-52.13],[-68.53,-52.15],[-68.53,-52.16],[-68.52,-52.17],[-68.51,-52.17],[-68.5,-52.18],[-68.49,-52.19],[-68.48,-52.2],[-68.45,-52.23],[-68.44,-52.24],[-68.43,-52.24],[-68.43,-52.25],[-68.42,-52.26],[-68.4,-52.28],[-68.38,-52.29],[-68.37,-52.31],[-68.35,-52.32],[-68.35,-52.34],[-68.38,-52.35],[-68.39,-52.36],[-68.41,-52.38],[-68.42,-52.39],[-68.43,-52.4],[-68.43,-52.39],[-68.42,-52.39],[-68.42,-52.33],[-68.51,-52.33],[-68.57,-52.33],[-68.59,-52.31],[-68.71,-52.29],[-68.84,-52.28],[-68.99,-52.2],[-69.08,-52.18],[-69.19,-52.15],[-69.49,-52.15],[-70.0,-52.0],[-71.89,-52.0],[-71.92,-52.0],[-71.93,-51.99],[-71.95,-51.99],[-71.96,-51.99],[-71.96,-51.98],[-71.97,-51.97],[-71.98,-51.98],[-71.99,-51.98],[-72.01,-51.98],[-72.02,-51.97],[-72.03,-51.97],[-72.03,-51.96],[-71.99,-51.94],[-71.98,-51.93],[-71.97,-51.93],[-71.96,-51.93],[-71.95,-51.92],[-71.95,-51.91],[-71.93,-51.92],[-71.93,-51.91],[-71.94,-51.91],[-71.94,-51.9],[-71.94,-51.89],[-71.95,-51.88],[-71.95,-51.87],[-71.96,-51.87],[-71.97,-51.87],[-71.98,-51.85],[-71.99,-51.84],[-72.01,-51.82],[-72.03,-51.81],[-72.04,-51.8],[-72.05,-51.8],[-72.06,-51.78],[-72.08,-51.78],[-72.07,-51.78],[-72.08,-51.77],[-72.1,-51.77],[-72.11,-51.77],[-72.12,-51.76],[-72.12,-51.75],[-72.12,-51.74],[-72.13,-51.74],[-72.14,-51.74],[-72.14,-51.75],[-72.15,-51.74],[-72.15,-51.75],[-72.16,-51.74],[-72.17,-51.74],[-72.18,-51.74],[-72.18,-51.73],[-72.17,-51.73],[-72.16,-51.73],[-72.17,-51.72],[-72.19,-51.72],[-72.2,-51.72],[-72.2,-51.71],[-72.22,-51.71],[-72.23,-51.7],[-72.24,-51.7],[-72.24,-51.71],[-72.25,-51.7],[-72.26,-51.7],[-72.27,-51.71],[-72.3,-51.7],[-72.3,-51.69],[-72.29,-51.68],[-72.29,-51.67],[-72.29,-51.66],[-72.29,-51.65],[-72.3,-51.65],[-72.29,-51.65],[-72.29,-51.64],[-72.28,-51.64],[-72.29,-51.64],[-72.29,-51.63],[-72.3,-51.63],[-72.32,-51.63],[-72.32,-51.62],[-72.32,-51.6],[-72.32,-51.59],[-72.33,-51.59],[-72.34,-51.58],[-72.35,-51.59],[-72.36,-51.59],[-72.37,-51.59],[-72.38,-51.58],[-72.38,-51.59],[-72.39,-51.6],[-72.39,-51.59],[-72.4,-51.59],[-72.42,-51.59],[-72.43,-51.59],[-72.44,-51.58],[-72.44,-51.57],[-72.43,-51.55],[-72.42,-51.54],[-72.41,-51.53],[-72.4,-51.53],[-72.39,-51.53],[-72.39,-51.52],[-72.41,-51.52],[-72.4,-51.51],[-72.39,-51.51],[-72.38,-51.52],[-72.37,-51.52],[-72.36,-51.53],[-72.35,-51.52],[-72.34,-51.52],[-72.35,-51.51],[-72.35,-51.49],[-72.35,-51.48],[-72.33,-51.48],[-72.32,-51.48],[-72.33,-51.47],[-72.33,-51.46],[-72.34,-51.46],[-72.34,-51.45],[-72.34,-51.44],[-72.34,-51.43],[-72.34,-51.42],[-72.32,-51.41],[-72.31,-51.4],[-72.31,-51.39],[-72.31,-51.38],[-72.31,-51.37],[-72.31,-51.36],[-72.32,-51.35],[-72.33,-51.35],[-72.33,-51.34],[-72.34,-51.35],[-72.35,-51.35],[-72.35,-51.34],[-72.36,-51.34],[-72.37,-51.34],[-72.36,-51.33],[-72.36,-51.32],[-72.33,-51.31],[-72.32,-51.31],[-72.31,-51.31],[-72.31,-51.3],[-72.31,-51.29],[-72.3,-51.29],[-72.27,-51.29],[-72.27,-51.28],[-72.26,-51.27],[-72.27,-51.27],[-72.27,-51.26],[-72.26,-51.26],[-72.26,-51.25],[-72.26,-51.24],[-72.29,-51.23],[-72.29,-51.22],[-72.3,-51.21],[-72.3,-51.2],[-72.31,-51.21],[-72.32,-51.21],[-72.33,-51.21],[-72.35,-51.2],[-72.35,-51.19],[-72.35,-51.18],[-72.36,-51.18],[-72.36,-51.17],[-72.38,-51.16],[-72.38,-51.15],[-72.39,-51.15],[-72.4,-51.14],[-72.4,-51.13],[-72.4,-51.12],[-72.41,-51.12],[-72.4,-51.12],[-72.41,-51.11],[-72.41,-51.1],[-72.4,-51.09],[-72.39,-51.08],[-72.38,-51.08],[-72.37,-51.02],[-72.36,-51.02],[-72.35,-51.03],[-72.34,-51.03],[-72.32,-51.03],[-72.31,-51.03],[-72.3,-51.03],[-72.28,-51.03],[-72.27,-51.04],[-72.27,-51.03],[-72.26,-51.0],[-72.27,-50.98],[-72.26,-50.95],[-72.26,-50.94],[-72.26,-50.93],[-72.26,-50.92],[-72.25,-50.91],[-72.25,-50.9],[-72.25,-50.89],[-72.26,-50.89],[-72.25,-50.88],[-72.26,-50.87],[-72.27,-50.86],[-72.27,-50.85],[-72.26,-50.84],[-72.27,-50.83],[-72.28,-50.82],[-72.28,-50.81],[-72.29,-50.8],[-72.3,-50.79],[-72.31,-50.78],[-72.32,-50.77],[-72.33,-50.77],[-72.33,-50.76],[-72.34,-50.76],[-72.35,-50.75],[-72.35,-50.74],[-72.35,-50.73],[-72.34,-50.72],[-72.33,-50.72],[-72.32,-50.72],[-72.31,-50.71],[-72.3,-50.71],[-72.3,-50.7],[-72.3,-50.69],[-72.3,-50.68],[-72.29,-50.67],[-72.29,-50.66],[-72.3,-50.65],[-72.32,-50.65],[-72.33,-50.65],[-72.34,-50.65],[-72.34,-50.64],[-72.34,-50.63],[-72.35,-50.62],[-72.36,-50.62],[-72.37,-50.62],[-72.39,-50.63],[-72.4,-50.63],[-72.4,-50.64],[-72.41,-50.63],[-72.42,-50.62],[-72.41,-50.62],[-72.42,-50.62],[-72.43,-50.62],[-72.44,-50.62],[-72.45,-50.62],[-72.48,-50.6],[-72.49,-50.6],[-72.5,-50.6],[-72.5,-50.61],[-72.52,-50.62],[-72.54,-50.62],[-72.55,-50.62],[-72.55,-50.63],[-72.55,-50.64],[-72.56,-50.64],[-72.56,-50.65],[-72.57,-50.65],[-72.58,-50.65],[-72.58,-50.67],[-72.58,-50.68],[-72.6,-50.68],[-72.61,-50.68],[-72.61,-50.67],[-72.61,-50.66],[-72.63,-50.66],[-72.64,-50.65],[-72.65,-50.66],[-72.66,-50.66],[-72.67,-50.66],[-72.68,-50.64],[-72.69,-50.65],[-72.71,-50.63],[-72.73,-50.62],[-72.73,-50.61],[-72.73,-50.62],[-72.74,-50.62],[-72.74,-50.63],[-72.75,-50.63],[-72.77,-50.63],[-72.78,-50.63],[-72.79,-50.64],[-72.8,-50.64],[-72.81,-50.65],[-72.83,-50.65],[-72.85,-50.65],[-72.86,-50.66],[-72.88,-50.67],[-72.89,-50.67],[-72.9,-50.68],[-72.91,-50.69],[-72.9,-50.7],[-72.91,-50.7],[-72.92,-50.7],[-72.93,-50.7],[-72.94,-50.71],[-72.94,-50.72],[-72.95,-50.73],[-72.96,-50.74],[-72.98,-50.74],[-72.98,-50.75],[-73.0,-50.76],[-73.03,-50.76],[-73.04,-50.76],[-73.05,-50.77],[-73.06,-50.77],[-73.06,-50.79],[-73.07,-50.79],[-73.08,-50.78],[-73.09,-50.78],[-73.09,-50.77],[-73.1,-50.77],[-73.1,-50.78],[-73.15,-50.78],[-73.17,-50.8],[-73.19,-50.81],[-73.2,-50.82],[-73.2,-50.81],[-73.15,-50.77],[-73.15,-50.76],[-73.17,-50.76],[-73.18,-50.76],[-73.18,-50.75],[-73.19,-50.75],[-73.2,-50.74],[-73.19,-50.73],[-73.19,-50.72],[-73.18,-50.72],[-73.18,-50.71],[-73.17,-50.7],[-73.17,-50.69],[-73.17,-50.68],[-73.16,-50.67],[-73.15,-50.67],[-73.15,-50.66],[-73.15,-50.65],[-73.14,-50.65],[-73.17,-50.64],[-73.19,-50.62],[-73.22,-50.61],[-73.23,-50.61],[-73.24,-50.61],[-73.23,-50.6],[-73.24,-50.59],[-73.29,-50.59],[-73.3,-50.57],[-73.33,-50.57],[-73.33,-50.56],[-73.34,-50.56],[-73.34,-50.55],[-73.35,-50.55],[-73.35,-50.54],[-73.36,-50.53],[-73.36,-50.52],[-73.36,-50.51],[-73.34,-50.5],[-73.35,-50.49],[-73.36,-50.49],[-73.37,-50.49],[-73.36,-50.48],[-73.35,-50.47],[-73.36,-50.46],[-73.37,-50.45],[-73.36,-50.45],[-73.36,-50.44],[-73.36,-50.43],[-73.38,-50.42],[-73.39,-50.39],[-73.38,-50.39],[-73.38,-50.38],[-73.37,-50.37],[-73.4,-50.37],[-73.41,-50.38],[-73.42,-50.38],[-73.44,-50.36],[-73.43,-50.35],[-73.44,-50.34],[-73.43,-50.34],[-73.4,-50.34],[-73.36,-50.3],[-73.43,-50.25],[-73.44,-50.25],[-73.45,-50.24],[-73.45,-50.23],[-73.45,-50.22],[-73.44,-50.21],[-73.43,-50.21],[-73.42,-50.21],[-73.42,-50.2],[-73.43,-50.19],[-73.43,-50.18],[-73.44,-50.18],[-73.46,-50.18],[-73.47,-50.18],[-73.48,-50.17],[-73.49,-50.16],[-73.5,-50.16],[-73.5,-50.15],[-73.51,-50.16],[-73.52,-50.15],[-73.52,-50.14],[-73.51,-50.13],[-73.52,-50.12],[-73.51,-50.12],[-73.51,-50.11],[-73.51,-50.1],[-73.5,-50.1],[-73.5,-50.09],[-73.48,-50.09],[-73.48,-50.08],[-73.48,-50.07],[-73.5,-50.06],[-73.49,-50.06],[-73.49,-50.05],[-73.5,-50.05],[-73.48,-50.05],[-73.46,-50.05],[-73.46,-50.04],[-73.45,-50.03],[-73.45,-50.02],[-73.44,-50.01],[-73.44,-50.0],[-73.44,-49.99],[-73.45,-49.99],[-73.44,-49.98],[-73.45,-49.98],[-73.45,-49.97],[-73.45,-49.96],[-73.47,-49.97],[-73.48,-49.97],[-73.5,-49.97],[-73.51,-49.96],[-73.52,-49.96],[-73.53,-49.95],[-73.55,-49.95],[-73.56,-49.95],[-73.56,-49.94],[-73.56,-49.93],[-73.56,-49.92],[-73.55,-49.91],[-73.54,-49.9],[-73.53,-49.9],[-73.51,-49.9],[-73.51,-49.89],[-73.51,-49.88],[-73.5,-49.87],[-73.5,-49.86],[-73.49,-49.85],[-73.48,-49.84],[-73.49,-49.83],[-73.49,-49.82],[-73.49,-49.81],[-73.48,-49.81],[-73.46,-49.8],[-73.45,-49.8],[-73.45,-49.79],[-73.31,-49.74],[-73.24,-49.69],[-73.22,-49.67],[-73.21,-49.66],[-73.2,-49.64],[-73.19,-49.63],[-73.17,-49.59],[-73.15,-49.57],[-73.13,-49.52],[-73.11,-49.51],[-73.1,-49.5],[-73.05,-49.47],[-73.05,-49.45],[-73.04,-49.43],[-73.04,-49.42],[-73.05,-49.41],[-73.06,-49.4],[-73.07,-49.39],[-73.08,-49.38],[-73.07,-49.37],[-73.08,-49.28],[-73.04,-49.28],[-73.04,-49.27],[-73.05,-49.27],[-73.07,-49.27],[-73.08,-49.26],[-73.08,-49.25],[-73.09,-49.25],[-73.1,-49.26],[-73.1,-49.27],[-73.12,-49.27],[-73.13,-49.27],[-73.14,-49.26],[-73.15,-49.25],[-73.15,-49.23],[-73.14,-49.23],[-73.15,-49.22],[-73.14,-49.21],[-73.14,-49.2],[-73.15,-49.19],[-73.14,-49.18],[-73.12,-49.17],[-73.11,-49.15],[-73.1,-49.15],[-73.08,-49.15],[-73.08,-49.14],[-73.08,-49.13],[-73.07,-49.13],[-73.06,-49.13],[-73.06,-49.12],[-73.06,-49.11],[-73.05,-49.11],[-73.06,-49.1],[-73.05,-49.1],[-73.05,-49.09],[-73.05,-49.08],[-73.03,-49.08],[-73.03,-49.07],[-73.03,-49.06],[-73.02,-49.07],[-73.02,-49.06],[-73.0,-49.06],[-73.01,-49.06],[-73.0,-49.05],[-73.01,-49.04],[-73.01,-49.03],[-72.98,-49.03],[-72.99,-49.02],[-72.99,-49.01],[-72.99,-49.0],[-72.99,-48.99],[-72.98,-48.99],[-72.97,-48.99],[-72.96,-48.98],[-72.96,-48.97],[-72.95,-48.97],[-72.95,-48.96],[-72.95,-48.95],[-72.93,-48.94],[-72.92,-48.94],[-72.91,-48.94],[-72.9,-48.94],[-72.9,-48.95],[-72.87,-48.95],[-72.86,-48.95],[-72.86,-48.96],[-72.85,-48.97],[-72.83,-48.97],[-72.82,-48.96],[-72.81,-48.96],[-72.8,-48.97],[-72.79,-48.96],[-72.78,-48.96],[-72.78,-48.95],[-72.77,-48.95],[-72.76,-48.93],[-72.76,-48.92],[-72.74,-48.91],[-72.74,-48.9],[-72.73,-48.9],[-72.71,-48.9],[-72.7,-48.9],[-72.69,-48.86],[-72.64,-48.87],[-72.62,-48.85],[-72.6,-48.84],[-72.58,-48.83],[-72.57,-48.82],[-72.54,-48.81],[-72.53,-48.8],[-72.53,-48.77],[-72.54,-48.76],[-72.53,-48.75],[-72.54,-48.74],[-72.54,-48.72],[-72.54,-48.71],[-72.54,-48.7],[-72.54,-48.68],[-72.53,-48.67],[-72.54,-48.66],[-72.54,-48.63],[-72.54,-48.62],[-72.55,-48.61],[-72.55,-48.6],[-72.56,-48.58],[-72.56,-48.57],[-72.56,-48.56],[-72.56,-48.55],[-72.56,-48.54],[-72.57,-48.54],[-72.57,-48.52],[-72.58,-48.51],[-72.58,-48.5],[-72.59,-48.49],[-72.58,-48.49],[-72.56,-48.48],[-72.55,-48.48],[-72.54,-48.48],[-72.53,-48.49],[-72.53,-48.5],[-72.52,-48.51],[-72.5,-48.51],[-72.5,-48.52],[-72.49,-48.51],[-72.48,-48.51],[-72.47,-48.52],[-72.45,-48.51],[-72.44,-48.51],[-72.43,-48.5],[-72.43,-48.49],[-72.41,-48.5],[-72.4,-48.49],[-72.39,-48.48],[-72.39,-48.47],[-72.38,-48.46],[-72.37,-48.45],[-72.39,-48.44],[-72.41,-48.43],[-72.4,-48.42],[-72.41,-48.42],[-72.41,-48.41],[-72.39,-48.41],[-72.39,-48.4],[-72.38,-48.4],[-72.37,-48.4],[-72.36,-48.4],[-72.36,-48.39],[-72.35,-48.39],[-72.35,-48.38],[-72.36,-48.38],[-72.38,-48.37],[-72.38,-48.35],[-72.37,-48.35],[-72.35,-48.35],[-72.34,-48.34],[-72.34,-48.35],[-72.33,-48.35],[-72.32,-48.36],[-72.31,-48.35],[-72.3,-48.36],[-72.29,-48.36],[-72.28,-48.36],[-72.26,-48.35],[-72.25,-48.35],[-72.24,-48.34],[-72.24,-48.33],[-72.23,-48.32],[-72.24,-48.32],[-72.24,-48.31],[-72.24,-48.3],[-72.25,-48.3],[-72.26,-48.29],[-72.26,-48.28],[-72.27,-48.27],[-72.28,-48.27],[-72.29,-48.26],[-72.3,-48.25],[-72.31,-48.25],[-72.31,-48.24],[-72.32,-48.24],[-72.33,-48.21],[-72.31,-48.2],[-72.31,-48.19],[-72.31,-48.18],[-72.31,-48.17],[-72.3,-48.16],[-72.3,-48.15],[-72.31,-48.14],[-72.32,-48.13],[-72.32,-48.12],[-72.33,-48.11],[-72.35,-48.1],[-72.36,-48.1],[-72.36,-48.09],[-72.36,-48.07],[-72.37,-48.08],[-72.38,-48.07],[-72.4,-48.08],[-72.4,-48.07],[-72.41,-48.08],[-72.42,-48.08],[-72.42,-48.07],[-72.43,-48.07],[-72.44,-48.06],[-72.44,-48.05],[-72.43,-48.04],[-72.43,-48.03],[-72.43,-48.02],[-72.43,-48.01],[-72.42,-48.0],[-72.43,-47.99],[-72.42,-47.99],[-72.42,-47.98],[-72.43,-47.98],[-72.43,-47.97],[-72.42,-47.97],[-72.43,-47.96],[-72.44,-47.97],[-72.45,-47.97],[-72.46,-47.96],[-72.47,-47.96],[-72.48,-47.96],[-72.49,-47.96],[-72.5,-47.96],[-72.51,-47.95],[-72.52,-47.94],[-72.52,-47.95],[-72.52,-47.94],[-72.53,-47.94],[-72.53,-47.93],[-72.53,-47.92],[-72.52,-47.92],[-72.52,-47.91],[-72.52,-47.9],[-72.51,-47.89],[-72.5,-47.89],[-72.5,-47.88],[-72.49,-47.87],[-72.48,-47.87],[-72.47,-47.86],[-72.48,-47.85],[-72.47,-47.84],[-72.48,-47.83],[-72.47,-47.83],[-72.47,-47.82],[-72.47,-47.81],[-72.48,-47.81],[-72.49,-47.8],[-72.5,-47.8],[-72.5,-47.79],[-72.5,-47.78],[-72.5,-47.77],[-72.51,-47.76],[-72.52,-47.75],[-72.52,-47.74],[-72.51,-47.74],[-72.51,-47.75],[-72.5,-47.76],[-72.49,-47.75],[-72.48,-47.76],[-72.47,-47.76],[-72.47,-47.75],[-72.47,-47.74],[-72.45,-47.74],[-72.44,-47.75],[-72.44,-47.74],[-72.44,-47.73],[-72.45,-47.72],[-72.45,-47.71],[-72.45,-47.7],[-72.43,-47.7],[-72.42,-47.69],[-72.41,-47.68],[-72.42,-47.67],[-72.42,-47.66],[-72.41,-47.66],[-72.4,-47.66],[-72.4,-47.65],[-72.38,-47.64],[-72.37,-47.64],[-72.36,-47.64],[-72.35,-47.64],[-72.35,-47.63],[-72.34,-47.62],[-72.33,-47.61],[-72.32,-47.6],[-72.31,-47.6],[-72.31,-47.59],[-72.32,-47.59],[-72.33,-47.58],[-72.33,-47.57],[-72.32,-47.56],[-72.31,-47.56],[-72.29,-47.51],[-72.3,-47.51],[-72.3,-47.5],[-72.3,-47.49],[-72.31,-47.49],[-72.31,-47.48],[-72.32,-47.48],[-72.33,-47.48],[-72.34,-47.47],[-72.34,-47.46],[-72.33,-47.45],[-72.32,-47.45],[-72.31,-47.45],[-72.3,-47.45],[-72.29,-47.45],[-72.29,-47.44],[-72.29,-47.43],[-72.28,-47.43],[-72.28,-47.42],[-72.27,-47.42],[-72.25,-47.41],[-72.24,-47.4],[-72.24,-47.41],[-72.23,-47.4],[-72.22,-47.4],[-72.22,-47.41],[-72.2,-47.42],[-72.19,-47.4],[-72.18,-47.4],[-72.17,-47.39],[-72.16,-47.4],[-72.16,-47.39],[-72.16,-47.38],[-72.15,-47.38],[-72.15,-47.37],[-72.14,-47.36],[-72.15,-47.35],[-72.14,-47.35],[-72.14,-47.34],[-72.14,-47.33],[-72.13,-47.33],[-72.12,-47.33],[-72.11,-47.33],[-72.1,-47.33],[-72.08,-47.33],[-72.08,-47.34],[-72.07,-47.34],[-72.05,-47.34],[-72.05,-47.33],[-72.04,-47.33],[-72.04,-47.32],[-72.0,-47.3],[-72.0,-47.28],[-72.01,-47.25],[-72.01,-47.24],[-72.0,-47.23],[-72.0,-47.22],[-72.02,-47.2],[-72.0,-47.21],[-71.99,-47.21],[-71.97,-47.21],[-71.95,-47.22],[-71.93,-47.22],[-71.92,-47.22],[-71.9,-47.23],[-71.88,-47.23],[-71.87,-47.23],[-71.86,-47.23],[-71.86,-47.22],[-71.88,-47.22],[-71.89,-47.22],[-71.89,-47.21],[-71.88,-47.21],[-71.88,-47.2],[-71.89,-47.2],[-71.89,-47.19],[-71.89,-47.18],[-71.88,-47.18],[-71.87,-47.17],[-71.85,-47.17],[-71.85,-47.16],[-71.86,-47.15],[-71.86,-47.14],[-71.86,-47.13],[-71.88,-47.12],[-71.88,-47.11],[-71.91,-47.1],[-71.92,-47.1],[-71.92,-47.09],[-71.93,-47.09],[-71.94,-47.09],[-71.95,-47.09],[-71.95,-47.08],[-71.96,-47.08],[-71.95,-47.07],[-71.94,-47.06],[-71.93,-47.06],[-71.91,-47.06],[-71.91,-47.05],[-71.9,-47.05],[-71.9,-47.04],[-71.89,-47.03],[-71.89,-47.02],[-71.88,-47.01],[-71.89,-47.01],[-71.89,-47.0],[-71.9,-47.0],[-71.92,-47.0],[-71.93,-46.99],[-71.92,-46.99],[-71.92,-46.98],[-71.93,-46.98],[-71.95,-46.98],[-71.96,-46.97],[-71.96,-46.96],[-71.95,-46.96],[-71.96,-46.95],[-71.96,-46.94],[-71.96,-46.93],[-71.97,-46.92],[-71.97,-46.91],[-71.97,-46.9],[-71.96,-46.9],[-71.96,-46.89],[-71.95,-46.89],[-71.95,-46.88],[-71.94,-46.88],[-71.93,-46.87],[-71.93,-46.86],[-71.94,-46.85],[-71.93,-46.85],[-71.93,-46.84],[-71.94,-46.83],[-71.95,-46.82],[-71.96,-46.82],[-71.95,-46.81],[-71.94,-46.81],[-71.93,-46.81],[-71.92,-46.8],[-71.91,-46.8],[-71.9,-46.8],[-71.89,-46.8],[-71.87,-46.8],[-71.86,-46.8],[-71.85,-46.8],[-71.83,-46.8],[-71.81,-46.78],[-71.8,-46.78],[-71.8,-46.77],[-71.79,-46.77],[-71.78,-46.77],[-71.77,-46.76],[-71.76,-46.76],[-71.75,-46.75],[-71.75,-46.74],[-71.74,-46.74],[-71.74,-46.73],[-71.73,-46.73],[-71.72,-46.72],[-71.71,-46.72],[-71.71,-46.71],[-71.7,-46.71],[-71.69,-46.71],[-71.69,-46.7],[-71.68,-46.7],[-71.67,-46.7],[-71.66,-46.69],[-71.65,-46.69],[-71.64,-46.68],[-71.65,-46.68],[-71.65,-46.67],[-71.65,-46.66],[-71.65,-46.65],[-71.65,-46.64],[-71.65,-46.63],[-71.66,-46.63],[-71.67,-46.62],[-71.67,-46.61],[-71.67,-46.59],[-71.66,-46.59],[-71.66,-46.58],[-71.66,-46.57],[-71.67,-46.56],[-71.66,-46.55],[-71.67,-46.55],[-71.67,-46.54],[-71.67,-46.53],[-71.76,-46.35],[-71.76,-46.34],[-71.75,-46.34],[-71.74,-46.33],[-71.75,-46.33],[-71.74,-46.33],[-71.74,-46.32],[-71.74,-46.31],[-71.73,-46.3],[-71.72,-46.28],[-71.73,-46.28],[-71.73,-46.27],[-71.74,-46.26],[-71.74,-46.25],[-71.75,-46.25],[-71.75,-46.23],[-71.76,-46.23],[-71.76,-46.22],[-71.77,-46.22],[-71.77,-46.21],[-71.78,-46.21],[-71.78,-46.2],[-71.79,-46.19],[-71.8,-46.19],[-71.81,-46.2],[-71.82,-46.2],[-71.83,-46.2],[-71.83,-46.19],[-71.84,-46.19],[-71.86,-46.19],[-71.88,-46.17],[-71.87,-46.17],[-71.87,-46.16],[-71.88,-46.16],[-71.9,-46.16],[-71.91,-46.16],[-71.91,-46.15],[-71.92,-46.14],[-71.9,-46.14],[-71.89,-46.13],[-71.87,-46.12],[-71.86,-46.12],[-71.85,-46.12],[-71.83,-46.11],[-71.82,-46.11],[-71.81,-46.12],[-71.79,-46.12],[-71.78,-46.12],[-71.77,-46.12],[-71.76,-46.11],[-71.76,-46.1],[-71.75,-46.09],[-71.74,-46.09],[-71.73,-46.1],[-71.71,-46.09],[-71.71,-46.07],[-71.7,-46.07],[-71.7,-46.06],[-71.68,-46.05],[-71.67,-46.04],[-71.67,-46.03],[-71.66,-46.03],[-71.66,-46.02],[-71.65,-46.02],[-71.65,-46.01],[-71.55,-46.0],[-70.51,-46.0],[-70.29,-46.0],[-69.78,-46.0],[-68.95,-46.01],[-68.29,-46.0],[-67.59,-46.0],[-67.59,-46.01],[-67.58,-46.01],[-67.59,-46.02],[-67.58,-46.02],[-67.59,-46.03],[-67.6,-46.03],[-67.59,-46.04],[-67.6,-46.04],[-67.6,-46.05],[-67.61,-46.05],[-67.62,-46.05],[-67.63,-46.05],[-67.62,-46.06],[-67.61,-46.06],[-67.61,-46.07],[-67.62,-46.07],[-67.62,-46.08],[-67.63,-46.08],[-67.63,-46.09],[-67.63,-46.1],[-67.63,-46.11],[-67.63,-46.12],[-67.63,-46.16],[-67.62,-46.19],[-67.62,-46.22],[-67.6,-46.27],[-67.59,-46.29],[-67.59,-46.3],[-67.59,-46.31],[-67.57,-46.34],[-67.55,-46.37],[-67.55,-46.38],[-67.54,-46.39],[-67.53,-46.4],[-67.53,-46.41],[-67.51,-46.43],[-67.51,-46.44],[-67.5,-46.45],[-67.5,-46.46],[-67.49,-46.46],[-67.49,-46.47],[-67.49,-46.48],[-67.48,-46.49],[-67.47,-46.5],[-67.46,-46.51],[-67.46,-46.52],[-67.45,-46.52],[-67.44,-46.55],[-67.43,-46.56],[-67.42,-46.57],[-67.41,-46.58],[-67.4,-46.58],[-67.4,-46.59],[-67.39,-46.6],[-67.38,-46.61],[-67.36,-46.61],[-67.35,-46.62],[-67.34,-46.62],[-67.33,-46.63],[-67.32,-46.63],[-67.31,-46.63],[-67.3,-46.63],[-67.29,-46.64],[-67.28,-46.64],[-67.26,-46.64],[-67.25,-46.65],[-67.24,-46.66],[-67.23,-46.67],[-67.21,-46.68],[-67.2,-46.69],[-67.18,-46.69],[-67.17,-46.69],[-67.16,-46.69],[-67.15,-46.69],[-67.15,-46.7],[-67.16,-46.7],[-67.15,-46.7],[-67.14,-46.7],[-67.13,-46.7],[-67.13,-46.71],[-67.13,-46.72],[-67.12,-46.72],[-67.12,-46.73],[-67.11,-46.74],[-67.1,-46.75],[-67.09,-46.75],[-67.08,-46.77],[-67.07,-46.78],[-67.05,-46.79],[-67.04,-46.8],[-67.03,-46.81],[-66.99,-46.83],[-66.99,-46.84],[-66.98,-46.84],[-66.97,-46.85],[-66.96,-46.85],[-66.95,-46.85],[-66.95,-46.86],[-66.94,-46.87],[-66.93,-46.88],[-66.92,-46.89],[-66.91,-46.9],[-66.9,-46.91],[-66.89,-46.92],[-66.88,-46.93],[-66.87,-46.93],[-66.86,-46.93],[-66.86,-46.94],[-66.86,-46.95],[-66.85,-46.95],[-66.82,-46.97],[-66.8,-46.98],[-66.8,-46.99],[-66.79,-47.0],[-66.76,-47.02],[-66.71,-47.03],[-66.71,-47.04],[-66.69,-47.04],[-66.67,-47.03],[-66.66,-47.03],[-66.65,-47.03],[-66.65,-47.04],[-66.64,-47.04],[-66.63,-47.05],[-66.61,-47.05],[-66.6,-47.04],[-66.59,-47.04],[-66.58,-47.05],[-66.57,-47.05],[-66.56,-47.05],[-66.55,-47.05],[-66.54,-47.05],[-66.51,-47.04],[-66.46,-47.05],[-66.44,-47.05],[-66.42,-47.05],[-66.42,-47.06],[-66.4,-47.06],[-66.39,-47.06],[-66.35,-47.07],[-66.33,-47.07],[-66.32,-47.07],[-66.31,-47.07],[-66.29,-47.07],[-66.28,-47.08],[-66.24,-47.08],[-66.21,-47.09],[-66.18,-47.09],[-66.16,-47.08],[-66.14,-47.08],[-66.12,-47.08],[-66.1,-47.09],[-66.07,-47.07],[-66.04,-47.07],[-66.02,-47.07],[-66.0,-47.07],[-65.99,-47.08],[-65.98,-47.08],[-65.98,-47.07],[-65.97,-47.07],[-65.96,-47.07],[-65.95,-47.08],[-65.94,-47.08],[-65.93,-47.09],[-65.92,-47.09],[-65.9,-47.1],[-65.89,-47.1],[-65.87,-47.1],[-65.86,-47.11],[-65.85,-47.11],[-65.85,-47.13],[-65.84,-47.14],[-65.83,-47.15],[-65.82,-47.15],[-65.81,-47.15],[-65.81,-47.16],[-65.8,-47.17],[-65.78,-47.19],[-65.75,-47.2],[-65.74,-47.2],[-65.74,-47.21],[-65.75,-47.21],[-65.76,-47.21],[-65.76,-47.23],[-65.76,-47.24],[-65.75,-47.25],[-65.75,-47.26],[-65.74,-47.26],[-65.74,-47.27],[-65.73,-47.28],[-65.73,-47.29],[-65.73,-47.31],[-65.72,-47.32],[-65.72,-47.33],[-65.72,-47.36],[-65.73,-47.38],[-65.73,-47.39],[-65.73,-47.42],[-65.73,-47.43],[-65.73,-47.46],[-65.74,-47.48],[-65.74,-47.5],[-65.74,-47.51],[-65.75,-47.52],[-65.76,-47.55],[-65.76,-47.56],[-65.77,-47.58],[-65.77,-47.59],[-65.78,-47.6],[-65.78,-47.61],[-65.79,-47.64],[-65.82,-47.68],[-65.82,-47.69],[-65.83,-47.71],[-65.84,-47.72],[-65.85,-47.73],[-65.85,-47.74],[-65.84,-47.74],[-65.85,-47.75],[-65.86,-47.75],[-65.87,-47.75],[-65.88,-47.75],[-65.88,-47.76],[-65.9,-47.76],[-65.89,-47.76],[-65.9,-47.76],[-65.9,-47.77],[-65.89,-47.77],[-65.88,-47.77],[-65.88,-47.78],[-65.89,-47.78],[-65.89,-47.79],[-65.88,-47.79],[-65.88,-47.8],[-65.87,-47.8],[-65.88,-47.81],[-65.87,-47.83],[-65.86,-47.84],[-65.86,-47.85],[-65.86,-47.86],[-65.86,-47.87],[-65.85,-47.88],[-65.85,-47.89],[-65.84,-47.9],[-65.84,-47.89],[-65.83,-47.89],[-65.83,-47.9],[-65.82,-47.9],[-65.81,-47.9],[-65.8,-47.9],[-65.79,-47.9],[-65.79,-47.91],[-65.78,-47.91],[-65.77,-47.91],[-65.78,-47.91],[-65.77,-47.91],[-65.76,-47.91],[-65.76,-47.92],[-65.77,-47.92],[-65.76,-47.92],[-65.78,-47.92],[-65.79,-47.92],[-65.79,-47.93],[-65.79,-47.94],[-65.79,-47.95],[-65.77,-47.94],[-65.76,-47.95],[-65.77,-47.95],[-65.78,-47.95],[-65.79,-47.95],[-65.8,-47.95],[-65.8,-47.96],[-65.81,-47.96],[-65.82,-47.96],[-65.83,-47.96],[-65.83,-47.97],[-65.83,-47.96],[-65.84,-47.96],[-65.84,-47.95],[-65.84,-47.94],[-65.86,-47.94],[-65.87,-47.94],[-65.87,-47.95],[-65.87,-47.94],[-65.88,-47.93],[-65.89,-47.93],[-65.9,-47.93],[-65.91,-47.93],[-65.92,-47.94],[-65.93,-47.95],[-65.94,-47.95],[-65.95,-47.97],[-65.95,-47.98],[-65.94,-47.98],[-65.94,-47.99],[-65.93,-47.99],[-65.92,-47.99],[-65.93,-47.99],[-65.93,-48.0],[-65.94,-48.0],[-65.95,-48.01],[-65.94,-48.01],[-65.93,-48.01],[-65.93,-48.02],[-65.94,-48.02],[-65.95,-48.02],[-65.95,-48.01],[-65.96,-48.02],[-65.95,-48.02],[-65.95,-48.03],[-65.94,-48.03],[-65.95,-48.03],[-65.96,-48.04],[-65.97,-48.04],[-65.97,-48.05],[-65.96,-48.06],[-65.96,-48.07],[-65.95,-48.07],[-65.94,-48.08],[-65.93,-48.08],[-65.92,-48.08],[-65.91,-48.08],[-65.91,-48.09],[-65.9,-48.09],[-65.9,-48.1],[-65.89,-48.1],[-65.9,-48.1],[-65.91,-48.09],[-65.91,-48.1],[-65.9,-48.1],[-65.92,-48.1],[-65.91,-48.1],[-65.92,-48.1],[-65.91,-48.11],[-65.92,-48.11],[-65.92,-48.12],[-65.93,-48.12],[-65.93,-48.11],[-65.93,-48.12],[-65.94,-48.11],[-65.94,-48.12],[-65.95,-48.12],[-65.94,-48.11],[-65.95,-48.11],[-65.95,-48.1],[-65.96,-48.1],[-65.97,-48.1],[-65.98,-48.1],[-65.99,-48.1],[-65.99,-48.11],[-66.0,-48.11],[-66.01,-48.1],[-66.01,-48.11],[-66.02,-48.11],[-66.03,-48.11],[-66.04,-48.1],[-66.06,-48.11],[-66.06,-48.12],[-66.06,-48.11],[-66.06,-48.12],[-66.06,-48.11],[-66.07,-48.11],[-66.08,-48.11],[-66.09,-48.11],[-66.1,-48.11],[-66.1,-48.12],[-66.12,-48.12],[-66.12,-48.13],[-66.13,-48.13],[-66.13,-48.14],[-66.12,-48.14],[-66.13,-48.14],[-66.14,-48.14],[-66.13,-48.14],[-66.14,-48.14],[-66.13,-48.15],[-66.14,-48.15],[-66.14,-48.16],[-66.14,-48.17],[-66.15,-48.17],[-66.15,-48.16],[-66.15,-48.17],[-66.16,-48.17],[-66.16,-48.18],[-66.17,-48.18],[-66.16,-48.18],[-66.15,-48.19],[-66.16,-48.19],[-66.17,-48.19],[-66.17,-48.2],[-66.18,-48.19],[-66.18,-48.2],[-66.2,-48.2],[-66.22,-48.2],[-66.23,-48.2],[-66.24,-48.21],[-66.25,-48.22],[-66.26,-48.22],[-66.26,-48.23],[-66.25,-48.23],[-66.26,-48.23],[-66.25,-48.23],[-66.26,-48.23],[-66.26,-48.24],[-66.27,-48.24],[-66.28,-48.24],[-66.28,-48.25],[-66.3,-48.25],[-66.3,-48.26],[-66.31,-48.26],[-66.31,-48.27],[-66.32,-48.27],[-66.33,-48.27],[-66.34,-48.28],[-66.34,-48.29],[-66.35,-48.3],[-66.36,-48.3],[-66.35,-48.31],[-66.36,-48.31],[-66.36,-48.32],[-66.36,-48.33],[-66.35,-48.34],[-66.34,-48.35],[-66.33,-48.35],[-66.34,-48.35],[-66.33,-48.35],[-66.33,-48.36],[-66.34,-48.36],[-66.35,-48.36],[-66.35,-48.35],[-66.34,-48.35],[-66.35,-48.35],[-66.36,-48.36],[-66.37,-48.35],[-66.39,-48.35],[-66.43,-48.35],[-66.45,-48.35],[-66.47,-48.36],[-66.48,-48.37],[-66.48,-48.38],[-66.47,-48.38],[-66.47,-48.39],[-66.47,-48.4],[-66.49,-48.41],[-66.49,-48.42],[-66.51,-48.42],[-66.53,-48.42],[-66.54,-48.42],[-66.55,-48.42],[-66.57,-48.42],[-66.6,-48.43],[-66.62,-48.43],[-66.66,-48.43],[-66.68,-48.45],[-66.69,-48.45],[-66.72,-48.46],[-66.74,-48.47],[-66.75,-48.47],[-66.76,-48.48],[-66.75,-48.48],[-66.76,-48.49],[-66.77,-48.49],[-66.77,-48.5],[-66.78,-48.5],[-66.8,-48.51],[-66.81,-48.51],[-66.82,-48.52],[-66.84,-48.53],[-66.84,-48.54],[-66.84,-48.55],[-66.86,-48.55],[-66.86,-48.56],[-66.86,-48.57],[-66.87,-48.57],[-66.87,-48.58],[-66.87,-48.59],[-66.9,-48.6],[-66.91,-48.6],[-66.92,-48.61],[-66.96,-48.61],[-66.99,-48.61],[-67.01,-48.62],[-67.02,-48.63],[-67.02,-48.64],[-67.04,-48.65],[-67.06,-48.65],[-67.08,-48.66],[-67.08,-48.67],[-67.11,-48.67],[-67.13,-48.68],[-67.14,-48.7],[-67.14,-48.71],[-67.15,-48.73],[-67.15,-48.75],[-67.17,-48.76],[-67.19,-48.77],[-67.19,-48.79],[-67.2,-48.8],[-67.2,-48.81],[-67.19,-48.81],[-67.2,-48.81],[-67.21,-48.83],[-67.22,-48.83],[-67.22,-48.84],[-67.24,-48.85],[-67.25,-48.85],[-67.27,-48.86],[-67.3,-48.86],[-67.32,-48.87],[-67.36,-48.89],[-67.41,-48.91],[-67.46,-48.94],[-67.48,-48.96],[-67.49,-48.96],[-67.49,-48.97],[-67.5,-48.97],[-67.53,-49.0],[-67.54,-49.01],[-67.55,-49.01],[-67.56,-49.02],[-67.56,-49.03],[-67.57,-49.03],[-67.58,-49.04],[-67.58,-49.05],[-67.58,-49.06],[-67.58,-49.07],[-67.59,-49.09],[-67.6,-49.1],[-67.6,-49.11],[-67.61,-49.11],[-67.62,-49.12],[-67.63,-49.13],[-67.64,-49.14],[-67.64,-49.15],[-67.63,-49.16],[-67.61,-49.16],[-67.62,-49.16],[-67.62,-49.17],[-67.61,-49.17],[-67.61,-49.18],[-67.62,-49.19],[-67.63,-49.2],[-67.64,-49.2],[-67.65,-49.2],[-67.66,-49.2],[-67.67,-49.21],[-67.67,-49.22],[-67.67,-49.24],[-67.67,-49.25],[-67.64,-49.26],[-67.64,-49.25],[-67.61,-49.25],[-67.61,-49.26],[-67.61,-49.27],[-67.6,-49.28],[-67.6,-49.3],[-67.61,-49.31],[-67.62,-49.33],[-67.63,-49.35],[-67.63,-49.36],[-67.64,-49.37],[-67.65,-49.38],[-67.66,-49.39],[-67.67,-49.4],[-67.67,-49.41],[-67.67,-49.42],[-67.67,-49.43],[-67.67,-49.44],[-67.68,-49.46],[-67.69,-49.48],[-67.69,-49.5],[-67.69,-49.51],[-67.7,-49.53],[-67.7,-49.56],[-67.71,-49.59],[-67.71,-49.6],[-67.71,-49.62],[-67.72,-49.64],[-67.72,-49.65],[-67.72,-49.67],[-67.72,-49.68],[-67.72,-49.7],[-67.72,-49.72],[-67.72,-49.74],[-67.73,-49.77],[-67.73,-49.78],[-67.76,-49.83],[-67.77,-49.84],[-67.77,-49.85],[-67.78,-49.87],[-67.79,-49.89],[-67.8,-49.9],[-67.82,-49.93],[-67.83,-49.93],[-67.84,-49.95],[-67.86,-49.97],[-67.92,-50.01],[-67.96,-50.02],[-67.97,-50.03],[-68.0,-50.05],[-68.01,-50.05],[-68.03,-50.07],[-68.06,-50.08],[-68.1,-50.09],[-68.15,-50.11],[-68.2,-50.12],[-68.24,-50.12],[-68.27,-50.12],[-68.32,-50.12],[-68.34,-50.12],[-68.35,-50.12],[-68.36,-50.13],[-68.36,-50.14],[-68.36,-50.15],[-68.35,-50.15],[-68.36,-50.15],[-68.36,-50.16],[-68.4,-50.19],[-68.46,-50.2],[-68.52,-50.22],[-68.53,-50.22],[-68.54,-50.22],[-68.58,-50.23],[-68.61,-50.24],[-68.63,-50.25],[-68.65,-50.25],[-68.66,-50.26],[-68.67,-50.26],[-68.68,-50.27],[-68.71,-50.27],[-68.73,-50.28],[-68.77,-50.29],[-68.8,-50.3],[-68.8,-50.31],[-68.81,-50.31],[-68.85,-50.32],[-68.88,-50.33],[-68.88,-50.34],[-68.87,-50.35],[-68.88,-50.34],[-68.88,-50.35],[-68.88,-50.36],[-68.89,-50.36],[-68.9,-50.36],[-68.91,-50.36],[-68.92,-50.37],[-68.93,-50.38],[-68.92,-50.38],[-68.94,-50.4],[-68.96,-50.41],[-68.97,-50.42],[-68.98,-50.43],[-68.98,-50.44],[-68.99,-50.44],[-68.99,-50.45],[-69.0,-50.46],[-69.01,-50.47],[-69.03,-50.49],[-69.03,-50.5],[-69.04,-50.5],[-69.04,-50.51],[-69.05,-50.52],[-69.04,-50.52],[-69.05,-50.53],[-69.06,-50.54],[-69.06,-50.55],[-69.07,-50.55],[-69.07,-50.56],[-69.08,-50.56],[-69.08,-50.57],[-69.08,-50.59],[-69.09,-50.61],[-69.09,-50.62],[-69.11,-50.65],[-69.11,-50.66],[-69.12,-50.66],[-69.12,-50.67],[-69.13,-50.68],[-69.13,-50.69],[-69.13,-50.7],[-69.14,-50.72],[-69.14,-50.74],[-69.14,-50.75],[-69.14,-50.77]]],[[[-69.22,-50.99],[-69.23,-50.99],[-69.22,-50.98],[-69.22,-50.99]]],[[[-69.21,-50.97],[-69.21,-50.96],[-69.21,-50.97]]],[[[-69.19,-50.95],[-69.2,-50.95],[-69.19,-50.95],[-69.2,-50.95],[-69.19,-50.95]]],[[[-69.03,-51.58],[-69.02,-51.58],[-69.02,-51.59],[-69.03,-51.59],[-69.05,-51.58],[-69.04,-51.58],[-69.04,-51.57],[-69.03,-51.57],[-69.03,-51.58]]],[[[-69.03,-51.57],[-69.04,-51.57],[-69.05,-51.57],[-69.04,-51.57],[-69.04,-51.56],[-69.03,-51.57]]],[[[-69.03,-51.56]]],[[[-69.0,-51.0]]],[[[-66.32,-48.36],[-66.33,-48.36],[-66.32,-48.36]]],[[[-71.7,-46.46],[-71.71,-46.46],[-71.7,-46.46]]],[[[-66.26,-48.24],[-66.27,-48.24],[-66.26,-48.24]]],[[[-66.25,-48.24],[-66.26,-48.24],[-66.25,-48.24]]],[[[-66.09,-48.13],[-66.08,-48.13],[-66.09,-48.13]]],[[[-66.1,-48.13],[-66.11,-48.13],[-66.11,-48.12],[-66.1,-48.13]]],[[[-65.94,-48.12],[-65.94,-48.13],[-65.95,-48.12],[-65.94,-48.12]]],[[[-65.95,-48.12],[-65.95,-48.11],[-65.95,-48.12]]],[[[-65.89,-48.11],[-65.89,-48.12],[-65.9,-48.12],[-65.9,-48.11],[-65.89,-48.11]]],[[[-66.01,-48.11],[-66.01,-48.12],[-66.02,-48.11],[-66.01,-48.11]]],[[[-65.99,-48.11],[-65.99,-48.12],[-66.0,-48.11],[-65.99,-48.11]]],[[[-65.98,-48.11],[-65.99,-48.11],[-65.98,-48.11]]],[[[-65.9,-48.07],[-65.89,-48.08],[-65.9,-48.08],[-65.9,-48.07]]],[[[-65.93,-48.02],[-65.92,-48.03],[-65.93,-48.03],[-65.93,-48.02]]],[[[-65.89,-48.08],[-65.89,-48.09],[-65.89,-48.08]]],[[[-65.86,-47.96],[-65.87,-47.96],[-65.86,-47.96]]],[[[-65.87,-47.96]]],[[[-65.87,-47.95],[-65.87,-47.96],[-65.87,-47.95]]],[[[-65.93,-48.02],[-65.94,-48.02],[-65.93,-48.02]]],[[[-65.9,-48.0],[-65.9,-48.01],[-65.9,-48.0]]],[[[-65.89,-47.94]]],[[[-65.86,-47.95],[-65.87,-47.95],[-65.86,-47.95]]],[[[-65.73,-47.92],[-65.74,-47.92],[-65.73,-47.92]]],[[[-65.74,-47.92],[-65.74,-47.91],[-65.74,-47.92]]],[[[-65.76,-47.91],[-65.75,-47.91],[-65.76,-47.92],[-65.76,-47.91]]],[[[-65.71,-47.91],[-65.71,-47.92],[-65.72,-47.91],[-65.72,-47.92],[-65.73,-47.91],[-65.72,-47.91],[-65.71,-47.91]]],[[[-65.87,-47.8]]],[[[-65.88,-47.76],[-65.87,-47.77],[-65.89,-47.77],[-65.89,-47.76],[-65.88,-47.76]]],[[[-65.84,-47.74],[-65.84,-47.75],[-65.84,-47.74]]]]}},{"type":"Feature","properties":{"GID_1":"ARG.21_1","GID_0":"ARG","COUNTRY":"Argentina","NAME_1":"SantaFe","VARNAME_1":"SantaFé","NL_NAME_1":"NA","TYPE_1":"Provincia","ENGTYPE_1":"Province","CC_1":"NA","HASC_1":"AR.SF","ISO_1":"AR-S"},"geometry":{"type":"MultiPolygon","coordinates":[[[[-60.92,-33.6],[-60.92,-33.62],[-60.92,-33.64],[-61.07,-33.78],[-61.31,-34.0],[-61.5,-34.18],[-61.53,-34.21],[-61.57,-34.25],[-61.62,-34.29],[-61.72,-34.38],[-62.0,-34.38],[-62.48,-34.38],[-62.89,-34.38],[-62.87,-34.37],[-62.85,-34.35],[-62.74,-34.2],[-62.62,-34.04],[-62.58,-33.99],[-62.5,-33.89],[-62.21,-33.51],[-62.01,-33.26],[-61.97,-33.18],[-61.92,-33.12],[-61.91,-33.12],[-61.89,-33.1],[-61.88,-33.1],[-61.87,-33.08],[-61.85,-33.07],[-61.85,-33.06],[-61.82,-33.04],[-61.81,-33.03],[-61.8,-33.02],[-61.79,-33.0],[-61.8,-32.98],[-61.79,-32.98],[-61.79,-32.97],[-61.79,-32.95],[-61.79,-32.94],[-61.78,-32.93],[-61.78,-32.91],[-61.78,-32.9],[-61.8,-32.87],[-61.79,-32.86],[-61.79,-32.85],[-61.78,-32.83],[-61.79,-32.81],[-61.79,-32.79],[-61.8,-32.78],[-61.8,-32.77],[-61.8,-32.76],[-61.83,-32.75],[-61.84,-32.72],[-61.86,-32.7],[-61.89,-32.69],[-61.9,-32.7],[-61.92,-32.69],[-61.93,-32.69],[-61.95,-32.67],[-61.95,-32.64],[-61.91,-32.62],[-61.9,-32.62],[-61.89,-32.62],[-61.89,-32.61],[-61.89,-32.59],[-61.91,-32.59],[-61.92,-32.59],[-61.92,-32.58],[-61.9,-32.57],[-61.9,-32.56],[-61.9,-32.55],[-61.91,-32.55],[-61.92,-32.54],[-61.93,-32.54],[-61.91,-32.53],[-61.91,-32.52],[-61.92,-32.49],[-61.93,-32.46],[-61.94,-32.44],[-61.96,-32.42],[-61.98,-32.39],[-61.98,-32.38],[-62.01,-32.36],[-62.04,-32.26],[-62.13,-32.21],[-62.18,-32.16],[-62.19,-32.12],[-62.18,-32.06],[-62.18,-32.05],[-62.17,-32.0],[-62.18,-31.97],[-62.18,-31.96],[-62.19,-31.93],[-62.2,-31.92],[-62.22,-31.9],[-62.23,-31.89],[-62.23,-31.87],[-62.23,-31.85],[-62.23,-31.83],[-62.21,-31.8],[-62.22,-31.78],[-62.22,-31.76],[-62.22,-31.74],[-62.24,-31.72],[-62.25,-31.7],[-62.13,-31.61],[-62.1,-31.53],[-62.06,-31.4],[-61.86,-30.79],[-61.83,-30.67],[-61.88,-30.66],[-61.98,-30.65],[-61.98,-30.6],[-62.02,-30.59],[-62.09,-30.52],[-62.13,-30.49],[-62.11,-30.37],[-62.0,-29.72],[-61.92,-29.23],[-61.86,-28.84],[-61.72,-27.99],[-61.66,-28.0],[-61.58,-28.0],[-61.42,-28.0],[-60.39,-28.0],[-60.1,-28.0],[-58.89,-28.0],[-58.88,-28.01],[-58.88,-28.02],[-58.87,-28.03],[-58.88,-28.04],[-58.89,-28.07],[-58.9,-28.09],[-58.91,-28.1],[-58.93,-28.11],[-58.95,-28.12],[-58.97,-28.12],[-58.98,-28.12],[-59.01,-28.13],[-59.03,-28.12],[-59.04,-28.12],[-59.05,-28.12],[-59.06,-28.13],[-59.07,-28.14],[-59.07,-28.17],[-59.07,-28.18],[-59.08,-28.19],[-59.09,-28.2],[-59.1,-28.21],[-59.1,-28.24],[-59.09,-28.28],[-59.09,-28.3],[-59.1,-28.31],[-59.1,-28.34],[-59.09,-28.36],[-59.08,-28.37],[-59.08,-28.4],[-59.07,-28.41],[-59.07,-28.42],[-59.08,-28.43],[-59.08,-28.44],[-59.07,-28.46],[-59.06,-28.48],[-59.06,-28.5],[-59.08,-28.54],[-59.09,-28.55],[-59.1,-28.58],[-59.11,-28.6],[-59.11,-28.61],[-59.1,-28.62],[-59.08,-28.64],[-59.08,-28.66],[-59.09,-28.66],[-59.1,-28.67],[-59.1,-28.7],[-59.11,-28.71],[-59.12,-28.72],[-59.12,-28.73],[-59.13,-28.74],[-59.14,-28.76],[-59.15,-28.77],[-59.16,-28.78],[-59.16,-28.8],[-59.16,-28.81],[-59.17,-28.83],[-59.16,-28.85],[-59.16,-28.87],[-59.19,-28.94],[-59.19,-28.96],[-59.19,-28.99],[-59.2,-29.02],[-59.21,-29.05],[-59.21,-29.06],[-59.22,-29.07],[-59.23,-29.08],[-59.25,-29.09],[-59.28,-29.09],[-59.31,-29.09],[-59.32,-29.09],[-59.33,-29.1],[-59.34,-29.12],[-59.34,-29.13],[-59.35,-29.15],[-59.37,-29.17],[-59.37,-29.18],[-59.38,-29.19],[-59.4,-29.21],[-59.44,-29.22],[-59.48,-29.22],[-59.49,-29.22],[-59.49,-29.23],[-59.5,-29.24],[-59.51,-29.28],[-59.53,-29.32],[-59.54,-29.33],[-59.55,-29.34],[-59.57,-29.35],[-59.59,-29.36],[-59.6,-29.38],[-59.61,-29.4],[-59.61,-29.41],[-59.61,-29.42],[-59.6,-29.44],[-59.61,-29.49],[-59.61,-29.51],[-59.61,-29.55],[-59.61,-29.57],[-59.61,-29.58],[-59.61,-29.59],[-59.62,-29.59],[-59.62,-29.6],[-59.61,-29.61],[-59.6,-29.65],[-59.61,-29.65],[-59.61,-29.66],[-59.63,-29.68],[-59.63,-29.69],[-59.64,-29.7],[-59.64,-29.71],[-59.63,-29.72],[-59.63,-29.73],[-59.62,-29.75],[-59.62,-29.77],[-59.63,-29.78],[-59.67,-29.81],[-59.68,-29.82],[-59.68,-29.83],[-59.67,-29.85],[-59.63,-29.88],[-59.62,-29.88],[-59.62,-29.9],[-59.61,-29.92],[-59.6,-29.96],[-59.59,-29.97],[-59.59,-29.99],[-59.59,-30.0],[-59.57,-30.01],[-59.56,-30.02],[-59.56,-30.03],[-59.57,-30.04],[-59.59,-30.05],[-59.6,-30.06],[-59.6,-30.07],[-59.59,-30.08],[-59.59,-30.1],[-59.6,-30.12],[-59.62,-30.14],[-59.62,-30.16],[-59.62,-30.17],[-59.62,-30.19],[-59.62,-30.21],[-59.62,-30.23],[-59.63,-30.24],[-59.65,-30.25],[-59.68,-30.27],[-59.69,-30.28],[-59.69,-30.29],[-59.67,-30.31],[-59.66,-30.32],[-59.66,-30.33],[-59.66,-30.35],[-59.68,-30.37],[-59.7,-30.39],[-59.71,-30.39],[-59.71,-30.41],[-59.7,-30.42],[-59.67,-30.44],[-59.67,-30.46],[-59.66,-30.48],[-59.66,-30.5],[-59.65,-30.52],[-59.65,-30.56],[-59.65,-30.57],[-59.66,-30.6],[-59.67,-30.61],[-59.67,-30.62],[-59.67,-30.63],[-59.66,-30.65],[-59.63,-30.67],[-59.63,-30.68],[-59.62,-30.69],[-59.63,-30.7],[-59.64,-30.72],[-59.65,-30.73],[-59.66,-30.74],[-59.67,-30.76],[-59.69,-30.78],[-59.69,-30.79],[-59.68,-30.8],[-59.69,-30.81],[-59.7,-30.82],[-59.71,-30.83],[-59.72,-30.83],[-59.74,-30.83],[-59.75,-30.84],[-59.75,-30.87],[-59.76,-30.89],[-59.78,-30.91],[-59.79,-30.93],[-59.8,-30.94],[-59.82,-30.97],[-59.83,-30.98],[-59.84,-30.99],[-59.86,-31.01],[-59.87,-31.03],[-59.87,-31.04],[-59.89,-31.06],[-59.92,-31.1],[-59.95,-31.1],[-59.96,-31.11],[-59.97,-31.14],[-59.99,-31.17],[-60.0,-31.19],[-60.0,-31.21],[-60.0,-31.22],[-60.01,-31.23],[-60.02,-31.24],[-60.03,-31.25],[-60.04,-31.26],[-60.05,-31.27],[-60.07,-31.27],[-60.09,-31.28],[-60.1,-31.29],[-60.1,-31.3],[-60.09,-31.32],[-60.09,-31.34],[-60.1,-31.36],[-60.11,-31.38],[-60.12,-31.41],[-60.13,-31.42],[-60.13,-31.43],[-60.14,-31.44],[-60.15,-31.44],[-60.17,-31.45],[-60.19,-31.45],[-60.2,-31.46],[-60.21,-31.47],[-60.22,-31.48],[-60.23,-31.49],[-60.23,-31.51],[-60.24,-31.52],[-60.26,-31.53],[-60.3,-31.53],[-60.31,-31.54],[-60.33,-31.55],[-60.33,-31.56],[-60.33,-31.57],[-60.32,-31.59],[-60.32,-31.6],[-60.33,-31.61],[-60.34,-31.62],[-60.38,-31.64],[-60.4,-31.66],[-60.41,-31.67],[-60.43,-31.68],[-60.44,-31.68],[-60.47,-31.69],[-60.51,-31.7],[-60.52,-31.7],[-60.53,-31.7],[-60.55,-31.69],[-60.57,-31.69],[-60.58,-31.7],[-60.6,-31.72],[-60.61,-31.72],[-60.62,-31.73],[-60.65,-31.72],[-60.66,-31.72],[-60.66,-31.73],[-60.67,-31.74],[-60.67,-31.75],[-60.66,-31.77],[-60.66,-31.78],[-60.66,-31.79],[-60.67,-31.81],[-60.67,-31.82],[-60.66,-31.83],[-60.66,-31.84],[-60.66,-31.85],[-60.67,-31.87],[-60.67,-31.88],[-60.67,-31.89],[-60.66,-31.9],[-60.66,-31.91],[-60.67,-31.92],[-60.69,-31.93],[-60.71,-31.95],[-60.71,-31.97],[-60.72,-32.0],[-60.72,-32.01],[-60.7,-32.01],[-60.69,-32.01],[-60.68,-32.02],[-60.66,-32.05],[-60.66,-32.07],[-60.66,-32.08],[-60.66,-32.09],[-60.68,-32.11],[-60.7,-32.14],[-60.73,-32.16],[-60.73,-32.17],[-60.73,-32.18],[-60.73,-32.19],[-60.71,-32.19],[-60.69,-32.21],[-60.68,-32.21],[-60.67,-32.22],[-60.67,-32.24],[-60.68,-32.25],[-60.68,-32.27],[-60.67,-32.3],[-60.67,-32.31],[-60.68,-32.31],[-60.68,-32.32],[-60.69,-32.32],[-60.72,-32.3],[-60.73,-32.31],[-60.74,-32.31],[-60.74,-32.32],[-60.73,-32.33],[-60.72,-32.34],[-60.72,-32.35],[-60.72,-32.38],[-60.71,-32.39],[-60.71,-32.4],[-60.72,-32.45],[-60.73,-32.46],[-60.75,-32.48],[-60.76,-32.5],[-60.75,-32.53],[-60.74,-32.56],[-60.74,-32.58],[-60.74,-32.6],[-60.75,-32.61],[-60.75,-32.62],[-60.74,-32.63],[-60.72,-32.66],[-60.71,-32.68],[-60.7,-32.7],[-60.7,-32.71],[-60.7,-32.72],[-60.71,-32.73],[-60.72,-32.73],[-60.72,-32.75],[-60.72,-32.76],[-60.71,-32.78],[-60.71,-32.79],[-60.68,-32.81],[-60.68,-32.82],[-60.67,-32.83],[-60.67,-32.84],[-60.68,-32.87],[-60.68,-32.89],[-60.68,-32.9],[-60.66,-32.92],[-60.63,-32.94],[-60.61,-32.95],[-60.6,-32.96],[-60.6,-32.97],[-60.61,-32.99],[-60.6,-33.0],[-60.57,-33.04],[-60.55,-33.06],[-60.54,-33.08],[-60.52,-33.1],[-60.49,-33.13],[-60.47,-33.14],[-60.45,-33.15],[-60.43,-33.16],[-60.39,-33.18],[-60.38,-33.18],[-60.36,-33.17],[-60.35,-33.17],[-60.34,-33.17],[-60.32,-33.17],[-60.31,-33.18],[-60.31,-33.19],[-60.31,-33.21],[-60.3,-33.23],[-60.3,-33.24],[-60.29,-33.25],[-60.25,-33.26],[-60.26,-33.27],[-60.27,-33.27],[-60.27,-33.28],[-60.28,-33.31],[-60.28,-33.32],[-60.29,-33.32],[-60.3,-33.33],[-60.31,-33.34],[-60.32,-33.35],[-60.32,-33.36],[-60.32,-33.37],[-60.32,-33.38],[-60.33,-33.4],[-60.34,-33.41],[-60.35,-33.42],[-60.36,-33.43],[-60.37,-33.43],[-60.38,-33.44],[-60.39,-33.44],[-60.39,-33.45],[-60.4,-33.45],[-60.41,-33.46],[-60.42,-33.49],[-60.42,-33.51],[-60.42,-33.53],[-60.41,-33.54],[-60.42,-33.55],[-60.42,-33.56],[-60.44,-33.56],[-60.44,-33.57],[-60.45,-33.58],[-60.46,-33.58],[-60.46,-33.6],[-60.46,-33.62],[-60.46,-33.63],[-60.47,-33.63],[-60.48,-33.63],[-60.5,-33.64],[-60.51,-33.64],[-60.53,-33.65],[-60.55,-33.64],[-60.57,-33.63],[-60.58,-33.63],[-60.59,-33.63],[-60.61,-33.63],[-60.61,-33.62],[-60.62,-33.62],[-60.65,-33.6],[-60.66,-33.59],[-60.68,-33.58],[-60.7,-33.57],[-60.73,-33.58],[-60.75,-33.58],[-60.79,-33.57],[-60.8,-33.56],[-60.81,-33.55],[-60.82,-33.54],[-60.83,-33.54],[-60.85,-33.54],[-60.87,-33.55],[-60.91,-33.58],[-60.91,-33.59],[-60.92,-33.6]]]]}},{"type":"Feature","properties":{"GID_1":"ARG.22_1","GID_0":"ARG","COUNTRY":"Argentina","NAME_1":"SantiagodelEstero","VARNAME_1":"NA","NL_NAME_1":"NA","TYPE_1":"Provincia","ENGTYPE_1":"Province","CC_1":"NA","HASC_1":"AR.SE","ISO_1":"AR-G"},"geometry":{"type":"MultiPolygon","coordinates":[[[[-63.12,-29.79],[-63.34,-29.78],[-63.45,-29.78],[-63.45,-29.75],[-63.45,-29.72],[-63.48,-29.72],[-63.47,-29.66],[-63.51,-29.67],[-63.52,-29.66],[-63.56,-29.66],[-63.63,-29.65],[-63.72,-29.66],[-63.77,-29.64],[-63.8,-29.6],[-63.78,-29.6],[-63.78,-29.58],[-63.81,-29.57],[-63.85,-29.57],[-63.87,-29.57],[-63.89,-29.62],[-63.96,-29.62],[-63.96,-29.58],[-63.98,-29.55],[-64.33,-29.5],[-64.42,-29.51],[-64.5,-29.53],[-64.66,-29.54],[-64.74,-29.55],[-64.83,-29.56],[-64.83,-29.54],[-64.84,-29.52],[-64.83,-29.51],[-64.83,-29.5],[-64.83,-29.46],[-64.84,-29.43],[-64.85,-29.41],[-64.86,-29.38],[-64.89,-29.36],[-64.89,-29.35],[-64.89,-29.34],[-64.89,-29.33],[-64.87,-29.32],[-64.85,-29.32],[-64.85,-29.31],[-64.85,-29.3],[-64.87,-29.3],[-64.88,-29.3],[-64.88,-29.29],[-64.89,-29.29],[-64.89,-29.28],[-64.89,-29.27],[-64.86,-29.22],[-64.85,-29.2],[-64.85,-29.18],[-64.85,-29.17],[-64.83,-29.15],[-64.83,-29.13],[-64.82,-29.11],[-64.83,-29.09],[-64.83,-29.07],[-64.83,-29.06],[-64.83,-29.05],[-64.87,-28.99],[-64.89,-28.96],[-64.9,-28.94],[-64.91,-28.9],[-64.92,-28.87],[-64.93,-28.86],[-64.95,-28.84],[-64.96,-28.84],[-64.99,-28.8],[-65.0,-28.77],[-65.03,-28.75],[-65.13,-28.72],[-65.14,-28.67],[-65.18,-28.65],[-65.18,-28.6],[-65.17,-28.61],[-65.13,-28.61],[-65.1,-28.47],[-65.11,-28.31],[-65.12,-28.19],[-65.15,-28.06],[-65.17,-27.97],[-65.18,-27.94],[-65.19,-27.92],[-65.18,-27.91],[-65.17,-27.9],[-65.16,-27.88],[-65.15,-27.87],[-65.13,-27.87],[-65.13,-27.88],[-65.09,-27.89],[-65.05,-27.87],[-65.01,-27.77],[-64.96,-27.76],[-65.04,-27.59],[-65.03,-27.57],[-65.02,-27.58],[-65.01,-27.57],[-65.02,-27.56],[-65.01,-27.56],[-65.0,-27.56],[-64.99,-27.57],[-64.98,-27.57],[-64.97,-27.55],[-64.97,-27.52],[-65.0,-27.5],[-65.01,-27.51],[-65.02,-27.5],[-65.03,-27.5],[-65.04,-27.49],[-65.02,-27.42],[-65.01,-27.37],[-64.99,-27.34],[-64.95,-27.35],[-64.94,-27.33],[-64.88,-27.31],[-64.85,-27.23],[-64.84,-27.23],[-64.81,-27.15],[-64.8,-27.15],[-64.78,-27.08],[-64.76,-27.01],[-64.76,-26.97],[-64.74,-26.93],[-64.73,-26.83],[-64.71,-26.83],[-64.69,-26.84],[-64.68,-26.79],[-64.62,-26.8],[-64.59,-26.66],[-64.5,-26.68],[-64.51,-26.62],[-64.51,-26.6],[-64.51,-26.59],[-64.52,-26.56],[-64.51,-26.56],[-64.52,-26.49],[-64.53,-26.46],[-64.53,-26.42],[-64.52,-26.39],[-64.52,-26.37],[-64.52,-26.36],[-64.5,-26.34],[-64.48,-26.32],[-64.48,-26.31],[-64.48,-26.3],[-64.48,-26.27],[-64.49,-26.23],[-64.47,-26.18],[-64.43,-26.1],[-64.45,-26.07],[-64.41,-26.0],[-64.29,-25.72],[-64.21,-25.73],[-64.21,-25.75],[-64.04,-25.76],[-64.04,-25.74],[-64.03,-25.71],[-64.03,-25.7],[-64.01,-25.7],[-63.97,-25.71],[-63.93,-25.71],[-63.87,-25.7],[-63.81,-25.7],[-63.77,-25.7],[-63.74,-25.7],[-63.67,-25.69],[-63.65,-25.69],[-63.6,-25.71],[-63.59,-25.71],[-63.53,-25.71],[-63.5,-25.71],[-63.48,-25.71],[-63.43,-25.65],[-63.05,-25.65],[-61.71,-25.66],[-61.71,-25.96],[-61.71,-26.07],[-61.71,-26.33],[-61.71,-26.84],[-61.72,-27.99],[-61.86,-28.84],[-61.92,-29.23],[-62.0,-29.72],[-62.11,-30.37],[-62.13,-30.48],[-62.16,-30.38],[-62.18,-30.33],[-62.19,-30.33],[-62.52,-30.33],[-62.53,-30.32],[-62.54,-30.31],[-62.54,-30.3],[-62.56,-30.29],[-62.57,-30.29],[-62.57,-30.28],[-62.58,-30.27],[-62.58,-30.26],[-62.58,-30.25],[-62.59,-30.24],[-62.58,-30.24],[-62.58,-30.23],[-62.59,-30.23],[-62.58,-30.22],[-62.59,-30.22],[-62.58,-30.21],[-62.59,-30.21],[-62.58,-30.2],[-62.58,-30.19],[-62.57,-30.19],[-62.58,-30.18],[-62.59,-30.18],[-62.59,-30.17],[-62.59,-30.16],[-62.58,-30.16],[-62.58,-30.15],[-62.59,-30.15],[-62.58,-30.14],[-62.57,-30.13],[-62.56,-30.11],[-62.56,-30.1],[-62.56,-30.09],[-62.56,-30.08],[-62.57,-30.08],[-62.57,-30.07],[-62.57,-30.06],[-62.58,-30.06],[-62.59,-30.06],[-62.6,-30.06],[-62.61,-30.06],[-62.62,-30.06],[-62.63,-30.05],[-62.64,-30.05],[-62.65,-30.04],[-62.66,-30.04],[-62.66,-30.03],[-62.67,-30.03],[-62.68,-30.01],[-62.7,-29.99],[-62.7,-29.98],[-62.72,-29.97],[-62.73,-29.95],[-62.76,-29.94],[-62.77,-29.93],[-62.77,-29.92],[-62.77,-29.91],[-62.78,-29.89],[-62.79,-29.88],[-62.8,-29.88],[-62.8,-29.87],[-62.8,-29.86],[-62.81,-29.85],[-62.81,-29.84],[-62.81,-29.83],[-62.8,-29.82],[-62.79,-29.82],[-62.78,-29.81],[-63.12,-29.79]]]]}},{"type":"Feature","properties":{"GID_1":"ARG.23_1","GID_0":"ARG","COUNTRY":"Argentina","NAME_1":"TierradelFuego","VARNAME_1":"Feuerland|TerradelFuoco|Terre","NL_NAME_1":"NA","TYPE_1":"Provincia","ENGTYPE_1":"Province","CC_1":"NA","HASC_1":"AR.TF","ISO_1":"AR-V"},"geometry":{"type":"MultiPolygon","coordinates":[[[[-66.55,-55.06]]],[[[-64.09,-54.75],[-64.1,-54.75],[-64.1,-54.74],[-64.09,-54.75]]],[[[-64.1,-54.74],[-64.09,-54.74],[-64.1,-54.74]]],[[[-64.09,-54.74],[-64.1,-54.74],[-64.09,-54.74]]],[[[-64.13,-54.65],[-64.12,-54.65],[-64.11,-54.65],[-64.13,-54.66],[-64.12,-54.66],[-64.14,-54.67],[-64.15,-54.67],[-64.15,-54.66],[-64.16,-54.66],[-64.16,-54.65],[-64.15,-54.65],[-64.14,-54.64],[-64.13,-54.64],[-64.13,-54.65]]],[[[-68.61,-52.65]]],[[[-68.61,-52.65]]],[[[-68.61,-52.65]]],[[[-68.61,-52.65]]],[[[-68.65,-52.63]]],[[[-68.65,-52.63]]],[[[-68.65,-52.63]]],[[[-68.65,-52.63]]],[[[-68.65,-52.63]]],[[[-68.65,-52.63]]],[[[-68.65,-52.63]]],[[[-68.66,-52.63]]],[[[-68.67,-52.62]]],[[[-68.67,-52.62]]],[[[-64.25,-54.69],[-64.25,-54.7],[-64.26,-54.7],[-64.26,-54.69],[-64.25,-54.69]]],[[[-64.26,-54.67],[-64.25,-54.67],[-64.25,-54.68],[-64.25,-54.69],[-64.26,-54.69],[-64.27,-54.68],[-64.26,-54.67]]],[[[-64.26,-54.67]]],[[[-66.3,-55.01],[-66.3,-55.02],[-66.31,-55.02],[-66.31,-55.01],[-66.3,-55.01]]],[[[-65.59,-54.95]]],[[[-68.48,-54.86],[-68.47,-54.86],[-68.47,-54.87],[-68.48,-54.87],[-68.49,-54.87],[-68.49,-54.86],[-68.48,-54.86]]],[[[-68.45,-54.86],[-68.45,-54.87],[-68.46,-54.87],[-68.46,-54.86],[-68.45,-54.86]]],[[[-68.25,-54.84],[-68.26,-54.84],[-68.25,-54.84]]],[[[-64.55,-54.79],[-64.54,-54.79],[-64.55,-54.79]]],[[[-64.58,-54.81]]],[[[-64.26,-54.73]]],[[[-64.5,-54.86],[-64.51,-54.86],[-64.5,-54.86]]],[[[-64.15,-54.85],[-64.16,-54.86],[-64.16,-54.85],[-64.15,-54.85]]],[[[-64.39,-54.85],[-64.38,-54.85],[-64.39,-54.85]]],[[[-64.32,-54.84],[-64.33,-54.84],[-64.32,-54.85],[-64.33,-54.85],[-64.33,-54.84],[-64.32,-54.84]]],[[[-64.61,-54.92]]],[[[-65.79,-54.91],[-65.8,-54.91],[-65.79,-54.91]]],[[[-67.38,-54.91],[-67.39,-54.91],[-67.4,-54.9],[-67.39,-54.9],[-67.39,-54.91],[-67.38,-54.91],[-67.37,-54.9],[-67.38,-54.91]]],[[[-64.17,-54.88],[-64.16,-54.88],[-64.17,-54.88],[-64.18,-54.88],[-64.17,-54.87],[-64.17,-54.88]]],[[[-64.52,-54.88]]],[[[-64.48,-54.88],[-64.49,-54.88],[-64.48,-54.88]]],[[[-67.4,-54.89],[-67.4,-54.9],[-67.4,-54.89]]],[[[-67.43,-54.89],[-67.42,-54.89],[-67.41,-54.9],[-67.42,-54.9],[-67.42,-54.91],[-67.41,-54.91],[-67.42,-54.91],[-67.44,-54.9],[-67.46,-54.9],[-67.46,-54.91],[-67.47,-54.91],[-67.48,-54.91],[-67.48,-54.92],[-67.49,-54.92],[-67.49,-54.91],[-67.51,-54.91],[-67.52,-54.91],[-67.53,-54.9],[-67.54,-54.9],[-67.54,-54.89],[-67.54,-54.88],[-67.54,-54.89],[-67.53,-54.89],[-67.51,-54.88],[-67.51,-54.89],[-67.5,-54.89],[-67.51,-54.88],[-67.5,-54.88],[-67.48,-54.88],[-67.47,-54.88],[-67.48,-54.88],[-67.48,-54.87],[-67.47,-54.87],[-67.46,-54.87],[-67.45,-54.88],[-67.43,-54.89]]],[[[-67.35,-54.89],[-67.34,-54.89],[-67.35,-54.89]]],[[[-67.38,-54.89],[-67.39,-54.89],[-67.38,-54.89]]],[[[-64.67,-54.89],[-64.66,-54.89],[-64.67,-54.89]]],[[[-67.28,-54.88],[-67.27,-54.89],[-67.29,-54.88],[-67.28,-54.88]]],[[[-67.5,-54.87],[-67.51,-54.87],[-67.5,-54.87],[-67.49,-54.87],[-67.5,-54.87]]],[[[-64.34,-54.71],[-64.34,-54.72],[-64.34,-54.73],[-64.33,-54.73],[-64.32,-54.74],[-64.3,-54.74],[-64.28,-54.73],[-64.26,-54.74],[-64.25,-54.75],[-64.23,-54.75],[-64.22,-54.74],[-64.23,-54.74],[-64.22,-54.73],[-64.21,-54.74],[-64.2,-54.74],[-64.19,-54.74],[-64.18,-54.74],[-64.18,-54.75],[-64.17,-54.75],[-64.16,-54.76],[-64.17,-54.76],[-64.16,-54.76],[-64.15,-54.77],[-64.13,-54.77],[-64.14,-54.76],[-64.14,-54.75],[-64.15,-54.74],[-64.16,-54.74],[-64.17,-54.74],[-64.15,-54.74],[-64.15,-54.73],[-64.14,-54.73],[-64.13,-54.73],[-64.12,-54.73],[-64.13,-54.73],[-64.12,-54.74],[-64.11,-54.74],[-64.11,-54.75],[-64.12,-54.75],[-64.12,-54.76],[-64.11,-54.76],[-64.09,-54.75],[-64.08,-54.75],[-64.08,-54.74],[-64.08,-54.73],[-64.07,-54.73],[-64.06,-54.73],[-64.05,-54.73],[-64.05,-54.74],[-64.04,-54.74],[-64.03,-54.74],[-64.04,-54.75],[-64.03,-54.75],[-64.03,-54.76],[-64.04,-54.77],[-64.05,-54.77],[-64.05,-54.78],[-64.03,-54.77],[-64.03,-54.76],[-64.03,-54.75],[-64.02,-54.75],[-64.01,-54.75],[-64.01,-54.74],[-63.99,-54.74],[-63.98,-54.74],[-63.97,-54.73],[-63.96,-54.73],[-63.96,-54.74],[-63.96,-54.73],[-63.95,-54.73],[-63.94,-54.73],[-63.94,-54.72],[-63.93,-54.72],[-63.92,-54.72],[-63.92,-54.73],[-63.91,-54.72],[-63.9,-54.72],[-63.89,-54.72],[-63.88,-54.72],[-63.87,-54.73],[-63.88,-54.73],[-63.87,-54.73],[-63.86,-54.73],[-63.86,-54.74],[-63.87,-54.75],[-63.89,-54.75],[-63.88,-54.75],[-63.87,-54.75],[-63.86,-54.75],[-63.85,-54.75],[-63.85,-54.74],[-63.84,-54.73],[-63.83,-54.73],[-63.83,-54.72],[-63.82,-54.72],[-63.81,-54.72],[-63.8,-54.72],[-63.81,-54.72],[-63.81,-54.73],[-63.8,-54.73],[-63.8,-54.72],[-63.79,-54.73],[-63.8,-54.73],[-63.81,-54.73],[-63.81,-54.74],[-63.8,-54.74],[-63.8,-54.75],[-63.81,-54.76],[-63.83,-54.76],[-63.83,-54.77],[-63.84,-54.77],[-63.84,-54.78],[-63.85,-54.78],[-63.84,-54.78],[-63.84,-54.79],[-63.85,-54.79],[-63.84,-54.79],[-63.85,-54.79],[-63.87,-54.79],[-63.88,-54.79],[-63.89,-54.79],[-63.88,-54.79],[-63.88,-54.78],[-63.89,-54.78],[-63.88,-54.79],[-63.89,-54.79],[-63.91,-54.79],[-63.91,-54.8],[-63.92,-54.8],[-63.93,-54.8],[-63.93,-54.81],[-63.94,-54.81],[-63.95,-54.81],[-63.96,-54.81],[-63.96,-54.8],[-63.95,-54.8],[-63.95,-54.79],[-63.97,-54.8],[-63.97,-54.79],[-63.96,-54.79],[-63.96,-54.78],[-63.96,-54.77],[-63.95,-54.77],[-63.96,-54.77],[-63.97,-54.77],[-63.98,-54.77],[-63.98,-54.78],[-63.99,-54.78],[-64.0,-54.79],[-64.01,-54.79],[-64.02,-54.79],[-64.03,-54.8],[-64.03,-54.81],[-64.04,-54.81],[-64.04,-54.8],[-64.05,-54.8],[-64.06,-54.8],[-64.06,-54.79],[-64.06,-54.78],[-64.05,-54.78],[-64.06,-54.78],[-64.07,-54.79],[-64.08,-54.79],[-64.07,-54.79],[-64.07,-54.8],[-64.07,-54.81],[-64.08,-54.81],[-64.09,-54.81],[-64.1,-54.82],[-64.1,-54.83],[-64.11,-54.83],[-64.11,-54.84],[-64.12,-54.83],[-64.11,-54.83],[-64.12,-54.83],[-64.11,-54.83],[-64.12,-54.82],[-64.12,-54.81],[-64.12,-54.82],[-64.13,-54.82],[-64.14,-54.82],[-64.14,-54.83],[-64.15,-54.83],[-64.16,-54.83],[-64.17,-54.82],[-64.17,-54.83],[-64.18,-54.83],[-64.17,-54.83],[-64.18,-54.83],[-64.17,-54.84],[-64.18,-54.84],[-64.19,-54.84],[-64.19,-54.83],[-64.2,-54.83],[-64.21,-54.83],[-64.21,-54.84],[-64.2,-54.84],[-64.21,-54.84],[-64.21,-54.85],[-64.22,-54.85],[-64.22,-54.86],[-64.22,-54.85],[-64.23,-54.85],[-64.22,-54.84],[-64.23,-54.84],[-64.24,-54.84],[-64.23,-54.84],[-64.23,-54.83],[-64.24,-54.83],[-64.23,-54.82],[-64.23,-54.81],[-64.23,-54.8],[-64.24,-54.8],[-64.23,-54.8],[-64.23,-54.79],[-64.24,-54.79],[-64.23,-54.79],[-64.23,-54.78],[-64.24,-54.78],[-64.25,-54.79],[-64.26,-54.8],[-64.27,-54.8],[-64.27,-54.79],[-64.28,-54.8],[-64.29,-54.79],[-64.3,-54.79],[-64.31,-54.79],[-64.3,-54.79],[-64.3,-54.8],[-64.3,-54.81],[-64.31,-54.81],[-64.31,-54.82],[-64.32,-54.82],[-64.33,-54.82],[-64.32,-54.82],[-64.33,-54.82],[-64.32,-54.83],[-64.33,-54.82],[-64.33,-54.83],[-64.33,-54.82],[-64.33,-54.83],[-64.34,-54.83],[-64.35,-54.83],[-64.36,-54.84],[-64.36,-54.83],[-64.37,-54.83],[-64.36,-54.83],[-64.37,-54.83],[-64.36,-54.83],[-64.38,-54.83],[-64.39,-54.83],[-64.4,-54.83],[-64.4,-54.84],[-64.39,-54.84],[-64.4,-54.84],[-64.41,-54.84],[-64.4,-54.85],[-64.41,-54.85],[-64.41,-54.86],[-64.42,-54.86],[-64.43,-54.87],[-64.43,-54.86],[-64.44,-54.87],[-64.45,-54.87],[-64.45,-54.88],[-64.45,-54.87],[-64.46,-54.87],[-64.46,-54.86],[-64.46,-54.87],[-64.47,-54.87],[-64.48,-54.87],[-64.47,-54.87],[-64.48,-54.87],[-64.49,-54.88],[-64.48,-54.87],[-64.49,-54.87],[-64.48,-54.87],[-64.49,-54.87],[-64.49,-54.86],[-64.48,-54.85],[-64.49,-54.85],[-64.47,-54.85],[-64.48,-54.84],[-64.45,-54.84],[-64.44,-54.84],[-64.45,-54.84],[-64.46,-54.83],[-64.47,-54.84],[-64.47,-54.83],[-64.46,-54.83],[-64.46,-54.82],[-64.47,-54.82],[-64.47,-54.83],[-64.47,-54.84],[-64.48,-54.84],[-64.49,-54.84],[-64.5,-54.85],[-64.52,-54.85],[-64.52,-54.86],[-64.53,-54.87],[-64.52,-54.87],[-64.51,-54.87],[-64.53,-54.87],[-64.53,-54.88],[-64.54,-54.88],[-64.54,-54.89],[-64.54,-54.88],[-64.55,-54.89],[-64.55,-54.88],[-64.55,-54.89],[-64.56,-54.88],[-64.56,-54.89],[-64.55,-54.89],[-64.56,-54.89],[-64.57,-54.89],[-64.57,-54.9],[-64.58,-54.9],[-64.58,-54.89],[-64.58,-54.9],[-64.59,-54.9],[-64.58,-54.9],[-64.59,-54.9],[-64.59,-54.91],[-64.6,-54.9],[-64.6,-54.91],[-64.61,-54.91],[-64.62,-54.91],[-64.62,-54.9],[-64.63,-54.91],[-64.63,-54.9],[-64.64,-54.91],[-64.65,-54.91],[-64.64,-54.91],[-64.65,-54.91],[-64.66,-54.91],[-64.67,-54.91],[-64.68,-54.91],[-64.69,-54.91],[-64.7,-54.91],[-64.7,-54.92],[-64.7,-54.91],[-64.7,-54.9],[-64.69,-54.91],[-64.68,-54.9],[-64.67,-54.9],[-64.65,-54.9],[-64.65,-54.89],[-64.65,-54.88],[-64.66,-54.88],[-64.67,-54.88],[-64.68,-54.87],[-64.67,-54.87],[-64.68,-54.87],[-64.68,-54.86],[-64.67,-54.85],[-64.66,-54.85],[-64.67,-54.85],[-64.67,-54.84],[-64.69,-54.84],[-64.69,-54.85],[-64.72,-54.85],[-64.73,-54.85],[-64.74,-54.86],[-64.75,-54.86],[-64.74,-54.85],[-64.74,-54.84],[-64.75,-54.84],[-64.76,-54.84],[-64.75,-54.83],[-64.74,-54.83],[-64.75,-54.83],[-64.74,-54.82],[-64.73,-54.82],[-64.74,-54.81],[-64.73,-54.81],[-64.73,-54.8],[-64.71,-54.8],[-64.71,-54.79],[-64.71,-54.8],[-64.7,-54.8],[-64.7,-54.81],[-64.69,-54.81],[-64.69,-54.8],[-64.68,-54.8],[-64.67,-54.8],[-64.68,-54.8],[-64.68,-54.79],[-64.7,-54.78],[-64.69,-54.78],[-64.68,-54.78],[-64.66,-54.78],[-64.65,-54.78],[-64.64,-54.79],[-64.64,-54.8],[-64.63,-54.8],[-64.61,-54.8],[-64.61,-54.81],[-64.6,-54.81],[-64.59,-54.82],[-64.58,-54.82],[-64.57,-54.81],[-64.57,-54.8],[-64.55,-54.79],[-64.54,-54.8],[-64.53,-54.8],[-64.52,-54.8],[-64.51,-54.8],[-64.52,-54.8],[-64.52,-54.79],[-64.51,-54.79],[-64.52,-54.79],[-64.51,-54.79],[-64.52,-54.79],[-64.53,-54.79],[-64.52,-54.79],[-64.52,-54.78],[-64.52,-54.77],[-64.54,-54.77],[-64.54,-54.76],[-64.54,-54.75],[-64.54,-54.74],[-64.55,-54.74],[-64.55,-54.73],[-64.55,-54.72],[-64.53,-54.73],[-64.52,-54.74],[-64.51,-54.75],[-64.5,-54.75],[-64.49,-54.76],[-64.49,-54.77],[-64.46,-54.77],[-64.45,-54.76],[-64.43,-54.76],[-64.44,-54.76],[-64.43,-54.77],[-64.43,-54.76],[-64.43,-54.77],[-64.42,-54.77],[-64.41,-54.77],[-64.4,-54.77],[-64.4,-54.76],[-64.41,-54.76],[-64.42,-54.76],[-64.41,-54.75],[-64.39,-54.75],[-64.39,-54.76],[-64.39,-54.77],[-64.39,-54.78],[-64.4,-54.78],[-64.39,-54.78],[-64.38,-54.78],[-64.37,-54.78],[-64.37,-54.79],[-64.37,-54.8],[-64.37,-54.81],[-64.36,-54.81],[-64.36,-54.8],[-64.36,-54.79],[-64.36,-54.78],[-64.37,-54.77],[-64.37,-54.76],[-64.38,-54.76],[-64.38,-54.75],[-64.37,-54.75],[-64.35,-54.74],[-64.35,-54.73],[-64.35,-54.72],[-64.34,-54.71],[-64.34,-54.7],[-64.34,-54.71]]],[[[-66.29,-54.51],[-66.27,-54.52],[-66.23,-54.53],[-66.21,-54.54],[-66.2,-54.54],[-66.18,-54.55],[-66.17,-54.55],[-66.15,-54.56],[-66.13,-54.56],[-66.07,-54.57],[-66.06,-54.58],[-66.05,-54.58],[-66.04,-54.58],[-66.03,-54.59],[-65.98,-54.6],[-65.94,-54.61],[-65.92,-54.61],[-65.91,-54.61],[-65.9,-54.62],[-65.91,-54.62],[-65.9,-54.62],[-65.86,-54.64],[-65.85,-54.64],[-65.84,-54.64],[-65.83,-54.64],[-65.82,-54.65],[-65.8,-54.65],[-65.78,-54.65],[-65.77,-54.65],[-65.75,-54.65],[-65.75,-54.66],[-65.73,-54.66],[-65.71,-54.66],[-65.7,-54.66],[-65.69,-54.66],[-65.68,-54.66],[-65.65,-54.66],[-65.64,-54.66],[-65.63,-54.66],[-65.59,-54.66],[-65.57,-54.65],[-65.56,-54.65],[-65.55,-54.65],[-65.56,-54.65],[-65.55,-54.66],[-65.54,-54.66],[-65.53,-54.66],[-65.53,-54.67],[-65.52,-54.66],[-65.51,-54.66],[-65.49,-54.66],[-65.48,-54.66],[-65.47,-54.65],[-65.45,-54.65],[-65.44,-54.64],[-65.43,-54.64],[-65.43,-54.65],[-65.44,-54.65],[-65.44,-54.66],[-65.43,-54.66],[-65.42,-54.66],[-65.43,-54.65],[-65.42,-54.65],[-65.42,-54.64],[-65.41,-54.64],[-65.4,-54.64],[-65.39,-54.64],[-65.38,-54.64],[-65.37,-54.64],[-65.35,-54.64],[-65.33,-54.64],[-65.32,-54.64],[-65.29,-54.63],[-65.28,-54.63],[-65.26,-54.62],[-65.23,-54.62],[-65.24,-54.62],[-65.24,-54.63],[-65.23,-54.64],[-65.24,-54.64],[-65.25,-54.64],[-65.25,-54.65],[-65.24,-54.65],[-65.24,-54.64],[-65.23,-54.64],[-65.21,-54.64],[-65.21,-54.65],[-65.18,-54.65],[-65.13,-54.65],[-65.12,-54.65],[-65.12,-54.66],[-65.13,-54.67],[-65.14,-54.67],[-65.15,-54.67],[-65.16,-54.68],[-65.18,-54.68],[-65.18,-54.69],[-65.19,-54.7],[-65.2,-54.71],[-65.19,-54.71],[-65.19,-54.72],[-65.19,-54.73],[-65.2,-54.73],[-65.2,-54.74],[-65.22,-54.74],[-65.22,-54.75],[-65.21,-54.75],[-65.2,-54.76],[-65.21,-54.76],[-65.2,-54.76],[-65.21,-54.77],[-65.21,-54.78],[-65.2,-54.78],[-65.22,-54.78],[-65.22,-54.79],[-65.23,-54.79],[-65.24,-54.79],[-65.25,-54.79],[-65.26,-54.79],[-65.27,-54.8],[-65.26,-54.81],[-65.25,-54.81],[-65.24,-54.81],[-65.23,-54.82],[-65.22,-54.82],[-65.23,-54.82],[-65.23,-54.83],[-65.24,-54.83],[-65.25,-54.83],[-65.25,-54.84],[-65.27,-54.84],[-65.27,-54.85],[-65.28,-54.85],[-65.28,-54.86],[-65.29,-54.87],[-65.31,-54.87],[-65.31,-54.88],[-65.32,-54.89],[-65.31,-54.89],[-65.32,-54.9],[-65.31,-54.9],[-65.32,-54.91],[-65.32,-54.92],[-65.33,-54.92],[-65.34,-54.92],[-65.34,-54.93],[-65.35,-54.93],[-65.34,-54.93],[-65.35,-54.93],[-65.36,-54.93],[-65.38,-54.94],[-65.39,-54.94],[-65.4,-54.94],[-65.41,-54.94],[-65.42,-54.94],[-65.41,-54.93],[-65.42,-54.93],[-65.42,-54.92],[-65.43,-54.92],[-65.42,-54.92],[-65.42,-54.91],[-65.43,-54.91],[-65.42,-54.91],[-65.42,-54.9],[-65.43,-54.9],[-65.43,-54.89],[-65.44,-54.89],[-65.47,-54.89],[-65.48,-54.89],[-65.49,-54.9],[-65.5,-54.9],[-65.5,-54.91],[-65.49,-54.91],[-65.49,-54.92],[-65.49,-54.93],[-65.5,-54.93],[-65.51,-54.94],[-65.53,-54.94],[-65.52,-54.94],[-65.53,-54.94],[-65.54,-54.94],[-65.56,-54.95],[-65.55,-54.94],[-65.56,-54.94],[-65.57,-54.94],[-65.59,-54.94],[-65.59,-54.95],[-65.6,-54.95],[-65.6,-54.94],[-65.62,-54.95],[-65.63,-54.95],[-65.62,-54.96],[-65.63,-54.96],[-65.62,-54.96],[-65.63,-54.97],[-65.64,-54.97],[-65.64,-54.96],[-65.64,-54.97],[-65.65,-54.97],[-65.66,-54.97],[-65.65,-54.97],[-65.66,-54.97],[-65.67,-54.97],[-65.68,-54.97],[-65.7,-54.97],[-65.71,-54.97],[-65.72,-54.97],[-65.71,-54.96],[-65.71,-54.95],[-65.71,-54.94],[-65.71,-54.93],[-65.72,-54.93],[-65.73,-54.93],[-65.73,-54.92],[-65.74,-54.91],[-65.74,-54.9],[-65.75,-54.9],[-65.77,-54.91],[-65.77,-54.9],[-65.78,-54.9],[-65.78,-54.91],[-65.79,-54.9],[-65.79,-54.91],[-65.8,-54.91],[-65.81,-54.91],[-65.82,-54.91],[-65.82,-54.92],[-65.83,-54.92],[-65.83,-54.91],[-65.84,-54.91],[-65.85,-54.9],[-65.85,-54.91],[-65.85,-54.9],[-65.86,-54.9],[-65.87,-54.9],[-65.88,-54.9],[-65.89,-54.9],[-65.9,-54.9],[-65.9,-54.91],[-65.91,-54.91],[-65.92,-54.91],[-65.93,-54.91],[-65.94,-54.91],[-65.95,-54.91],[-65.96,-54.91],[-65.97,-54.9],[-65.98,-54.9],[-65.99,-54.9],[-66.0,-54.91],[-66.0,-54.92],[-65.98,-54.92],[-65.97,-54.93],[-65.96,-54.93],[-65.97,-54.93],[-65.97,-54.94],[-65.96,-54.94],[-65.96,-54.95],[-65.97,-54.95],[-65.97,-54.96],[-65.96,-54.97],[-65.97,-54.97],[-65.98,-54.97],[-65.99,-54.97],[-66.0,-54.97],[-66.0,-55.0],[-66.0,-54.97],[-66.01,-54.97],[-66.02,-54.98],[-66.03,-54.98],[-66.04,-54.98],[-66.05,-54.98],[-66.05,-54.99],[-66.06,-54.99],[-66.07,-54.99],[-66.06,-54.99],[-66.07,-54.99],[-66.08,-54.99],[-66.09,-54.99],[-66.1,-54.99],[-66.11,-54.99],[-66.13,-54.99],[-66.14,-54.99],[-66.15,-54.99],[-66.16,-54.99],[-66.17,-54.99],[-66.18,-54.99],[-66.19,-54.99],[-66.19,-55.0],[-66.21,-55.0],[-66.23,-54.99],[-66.23,-55.0],[-66.26,-54.99],[-66.27,-54.99],[-66.28,-54.99],[-66.31,-54.99],[-66.34,-55.0],[-66.37,-55.01],[-66.36,-55.01],[-66.36,-55.02],[-66.37,-55.02],[-66.36,-55.02],[-66.36,-55.03],[-66.37,-55.04],[-66.38,-55.04],[-66.39,-55.04],[-66.41,-55.04],[-66.42,-55.05],[-66.43,-55.05],[-66.44,-55.05],[-66.44,-55.06],[-66.45,-55.06],[-66.47,-55.06],[-66.47,-55.05],[-66.49,-55.05],[-66.5,-55.05],[-66.51,-55.05],[-66.51,-55.06],[-66.52,-55.06],[-66.53,-55.06],[-66.54,-55.05],[-66.55,-55.05],[-66.56,-55.05],[-66.57,-55.05],[-66.59,-55.04],[-66.62,-55.03],[-66.63,-55.03],[-66.65,-55.03],[-66.66,-55.02],[-66.68,-55.01],[-66.7,-55.01],[-66.72,-55.0],[-66.73,-54.99],[-66.74,-54.99],[-66.74,-54.98],[-66.75,-54.98],[-66.75,-54.97],[-66.76,-54.96],[-66.77,-54.96],[-66.79,-54.96],[-66.8,-54.96],[-66.81,-54.96],[-66.82,-54.96],[-66.82,-54.95],[-66.83,-54.95],[-66.84,-54.95],[-66.85,-54.95],[-66.87,-54.94],[-66.89,-54.94],[-66.9,-54.94],[-66.91,-54.94],[-66.92,-54.94],[-66.93,-54.94],[-66.94,-54.94],[-66.95,-54.94],[-66.95,-54.93],[-66.96,-54.93],[-66.97,-54.93],[-66.98,-54.93],[-66.99,-54.93],[-67.0,-54.93],[-67.0,-54.92],[-67.03,-54.92],[-67.04,-54.92],[-67.06,-54.92],[-67.08,-54.92],[-67.08,-54.91],[-67.1,-54.91],[-67.11,-54.9],[-67.11,-54.91],[-67.12,-54.9],[-67.13,-54.9],[-67.14,-54.9],[-67.15,-54.9],[-67.15,-54.89],[-67.16,-54.89],[-67.19,-54.9],[-67.19,-54.89],[-67.22,-54.89],[-67.23,-54.89],[-67.24,-54.89],[-67.25,-54.89],[-67.25,-54.88],[-67.26,-54.89],[-67.27,-54.88],[-67.28,-54.88],[-67.29,-54.88],[-67.28,-54.88],[-67.27,-54.88],[-67.28,-54.87],[-67.27,-54.87],[-67.28,-54.87],[-67.3,-54.87],[-67.29,-54.87],[-67.3,-54.88],[-67.29,-54.88],[-67.3,-54.88],[-67.29,-54.89],[-67.3,-54.89],[-67.31,-54.88],[-67.32,-54.88],[-67.32,-54.87],[-67.33,-54.87],[-67.33,-54.88],[-67.32,-54.88],[-67.32,-54.89],[-67.33,-54.88],[-67.34,-54.87],[-67.35,-54.87],[-67.34,-54.88],[-67.35,-54.88],[-67.36,-54.87],[-67.37,-54.87],[-67.38,-54.87],[-67.36,-54.87],[-67.36,-54.88],[-67.35,-54.88],[-67.34,-54.88],[-67.37,-54.88],[-67.38,-54.88],[-67.37,-54.88],[-67.37,-54.89],[-67.38,-54.89],[-67.39,-54.89],[-67.41,-54.89],[-67.42,-54.88],[-67.42,-54.89],[-67.43,-54.88],[-67.42,-54.88],[-67.43,-54.88],[-67.44,-54.88],[-67.44,-54.87],[-67.45,-54.87],[-67.46,-54.87],[-67.47,-54.87],[-67.49,-54.87],[-67.49,-54.86],[-67.5,-54.86],[-67.5,-54.85],[-67.51,-54.86],[-67.52,-54.86],[-67.53,-54.87],[-67.56,-54.87],[-67.57,-54.87],[-67.58,-54.87],[-67.59,-54.88],[-67.61,-54.88],[-67.62,-54.88],[-67.66,-54.88],[-67.67,-54.89],[-67.69,-54.89],[-67.71,-54.89],[-67.71,-54.88],[-67.72,-54.88],[-67.74,-54.88],[-67.75,-54.88],[-67.76,-54.88],[-67.78,-54.87],[-67.81,-54.87],[-67.83,-54.86],[-67.84,-54.86],[-67.85,-54.86],[-67.87,-54.86],[-67.91,-54.86],[-67.92,-54.86],[-67.94,-54.86],[-67.94,-54.85],[-67.95,-54.86],[-67.96,-54.85],[-67.97,-54.85],[-67.98,-54.86],[-67.99,-54.86],[-68.0,-54.85],[-68.02,-54.85],[-68.03,-54.85],[-68.04,-54.85],[-68.06,-54.84],[-68.07,-54.83],[-68.09,-54.83],[-68.11,-54.83],[-68.14,-54.82],[-68.16,-54.82],[-68.17,-54.82],[-68.19,-54.82],[-68.2,-54.82],[-68.21,-54.81],[-68.22,-54.81],[-68.23,-54.8],[-68.25,-54.8],[-68.26,-54.8],[-68.27,-54.8],[-68.29,-54.81],[-68.3,-54.81],[-68.29,-54.81],[-68.31,-54.81],[-68.32,-54.81],[-68.32,-54.82],[-68.31,-54.81],[-68.3,-54.82],[-68.3,-54.83],[-68.29,-54.83],[-68.28,-54.83],[-68.27,-54.84],[-68.26,-54.84],[-68.27,-54.84],[-68.28,-54.85],[-68.3,-54.85],[-68.31,-54.85],[-68.32,-54.85],[-68.32,-54.84],[-68.31,-54.84],[-68.31,-54.83],[-68.32,-54.83],[-68.33,-54.83],[-68.35,-54.83],[-68.35,-54.84],[-68.36,-54.84],[-68.37,-54.84],[-68.38,-54.84],[-68.37,-54.85],[-68.38,-54.85],[-68.4,-54.85],[-68.42,-54.86],[-68.43,-54.86],[-68.44,-54.86],[-68.45,-54.86],[-68.46,-54.86],[-68.47,-54.85],[-68.47,-54.86],[-68.48,-54.85],[-68.49,-54.85],[-68.5,-54.85],[-68.5,-54.86],[-68.51,-54.86],[-68.52,-54.86],[-68.53,-54.86],[-68.53,-54.85],[-68.54,-54.85],[-68.55,-54.85],[-68.56,-54.85],[-68.57,-54.85],[-68.58,-54.85],[-68.56,-54.86],[-68.54,-54.87],[-68.53,-54.87],[-68.52,-54.87],[-68.51,-54.87],[-68.5,-54.87],[-68.51,-54.87],[-68.52,-54.87],[-68.53,-54.88],[-68.54,-54.88],[-68.56,-54.88],[-68.55,-54.89],[-68.56,-54.89],[-68.57,-54.89],[-68.58,-54.89],[-68.6,-54.89],[-68.61,-54.89],[-68.6,-54.87],[-68.6,-54.81],[-68.61,-54.51],[-68.61,-54.39],[-68.61,-53.4],[-68.61,-52.66],[-68.61,-52.65],[-68.54,-52.73],[-68.5,-52.76],[-68.49,-52.77],[-68.47,-52.79],[-68.44,-52.82],[-68.42,-52.84],[-68.39,-52.86],[-68.37,-52.88],[-68.34,-52.91],[-68.32,-52.92],[-68.3,-52.94],[-68.29,-52.95],[-68.28,-52.97],[-68.27,-52.99],[-68.26,-53.0],[-68.26,-53.01],[-68.25,-53.04],[-68.25,-53.05],[-68.24,-53.06],[-68.23,-53.09],[-68.22,-53.11],[-68.2,-53.14],[-68.2,-53.15],[-68.21,-53.15],[-68.22,-53.15],[-68.21,-53.14],[-68.21,-53.13],[-68.21,-53.12],[-68.24,-53.08],[-68.25,-53.07],[-68.25,-53.06],[-68.26,-53.06],[-68.27,-53.06],[-68.26,-53.06],[-68.28,-53.05],[-68.28,-53.06],[-68.29,-53.05],[-68.29,-53.06],[-68.3,-53.06],[-68.31,-53.06],[-68.3,-53.06],[-68.31,-53.06],[-68.3,-53.07],[-68.31,-53.07],[-68.32,-53.07],[-68.32,-53.08],[-68.31,-53.08],[-68.32,-53.08],[-68.33,-53.08],[-68.33,-53.09],[-68.34,-53.08],[-68.33,-53.09],[-68.35,-53.09],[-68.34,-53.09],[-68.35,-53.09],[-68.35,-53.1],[-68.36,-53.1],[-68.37,-53.1],[-68.37,-53.11],[-68.38,-53.11],[-68.38,-53.12],[-68.39,-53.12],[-68.4,-53.12],[-68.39,-53.12],[-68.4,-53.12],[-68.4,-53.13],[-68.41,-53.13],[-68.41,-53.14],[-68.43,-53.14],[-68.44,-53.15],[-68.48,-53.16],[-68.5,-53.16],[-68.51,-53.18],[-68.51,-53.19],[-68.52,-53.2],[-68.52,-53.21],[-68.52,-53.23],[-68.52,-53.24],[-68.51,-53.24],[-68.51,-53.25],[-68.5,-53.27],[-68.48,-53.28],[-68.47,-53.29],[-68.45,-53.3],[-68.44,-53.3],[-68.43,-53.3],[-68.41,-53.3],[-68.4,-53.31],[-68.38,-53.31],[-68.37,-53.31],[-68.35,-53.31],[-68.34,-53.32],[-68.32,-53.32],[-68.31,-53.32],[-68.28,-53.32],[-68.22,-53.31],[-68.21,-53.31],[-68.17,-53.32],[-68.14,-53.33],[-68.13,-53.34],[-68.1,-53.36],[-68.09,-53.38],[-68.08,-53.39],[-68.08,-53.4],[-68.07,-53.42],[-68.06,-53.46],[-68.05,-53.49],[-68.04,-53.52],[-68.02,-53.54],[-68.0,-53.57],[-67.99,-53.58],[-67.98,-53.59],[-67.97,-53.6],[-67.95,-53.62],[-67.92,-53.65],[-67.89,-53.66],[-67.86,-53.68],[-67.84,-53.69],[-67.83,-53.7],[-67.8,-53.72],[-67.79,-53.73],[-67.78,-53.73],[-67.73,-53.75],[-67.72,-53.76],[-67.7,-53.77],[-67.7,-53.78],[-67.69,-53.78],[-67.69,-53.79],[-67.68,-53.8],[-67.69,-53.8],[-67.7,-53.8],[-67.71,-53.8],[-67.72,-53.8],[-67.73,-53.8],[-67.74,-53.81],[-67.75,-53.82],[-67.76,-53.82],[-67.77,-53.83],[-67.78,-53.83],[-67.77,-53.83],[-67.78,-53.83],[-67.77,-53.84],[-67.77,-53.83],[-67.76,-53.82],[-67.74,-53.82],[-67.73,-53.81],[-67.72,-53.81],[-67.7,-53.81],[-67.69,-53.81],[-67.68,-53.8],[-67.67,-53.8],[-67.67,-53.79],[-67.68,-53.79],[-67.66,-53.8],[-67.59,-53.83],[-67.55,-53.84],[-67.54,-53.84],[-67.54,-53.85],[-67.56,-53.85],[-67.57,-53.85],[-67.58,-53.86],[-67.58,-53.88],[-67.57,-53.89],[-67.56,-53.91],[-67.54,-53.93],[-67.52,-53.94],[-67.51,-53.94],[-67.49,-53.94],[-67.47,-53.95],[-67.47,-53.96],[-67.45,-53.98],[-67.44,-53.98],[-67.43,-53.99],[-67.38,-54.0],[-67.36,-54.01],[-67.35,-54.01],[-67.34,-54.02],[-67.34,-54.01],[-67.33,-54.02],[-67.34,-54.02],[-67.34,-54.03],[-67.34,-54.04],[-67.32,-54.05],[-67.31,-54.05],[-67.29,-54.06],[-67.28,-54.06],[-67.25,-54.08],[-67.23,-54.09],[-67.21,-54.1],[-67.18,-54.1],[-67.17,-54.11],[-67.16,-54.11],[-67.16,-54.12],[-67.13,-54.13],[-67.1,-54.13],[-67.09,-54.13],[-67.08,-54.13],[-67.07,-54.14],[-67.05,-54.14],[-67.04,-54.15],[-67.03,-54.15],[-67.02,-54.16],[-67.01,-54.16],[-67.0,-54.16],[-67.0,-54.17],[-66.96,-54.18],[-66.95,-54.18],[-66.95,-54.19],[-66.95,-54.2],[-66.93,-54.2],[-66.9,-54.22],[-66.86,-54.22],[-66.83,-54.23],[-66.79,-54.25],[-66.78,-54.24],[-66.77,-54.25],[-66.76,-54.25],[-66.75,-54.25],[-66.74,-54.26],[-66.75,-54.26],[-66.74,-54.26],[-66.73,-54.26],[-66.74,-54.26],[-66.74,-54.27],[-66.74,-54.28],[-66.73,-54.28],[-66.71,-54.28],[-66.7,-54.28],[-66.69,-54.28],[-66.69,-54.29],[-66.7,-54.29],[-66.71,-54.3],[-66.7,-54.3],[-66.7,-54.31],[-66.69,-54.32],[-66.66,-54.34],[-66.63,-54.36],[-66.64,-54.36],[-66.63,-54.36],[-66.6,-54.38],[-66.55,-54.4],[-66.56,-54.4],[-66.56,-54.41],[-66.55,-54.42],[-66.54,-54.43],[-66.5,-54.45],[-66.48,-54.45],[-66.49,-54.45],[-66.49,-54.46],[-66.48,-54.47],[-66.47,-54.47],[-66.47,-54.48],[-66.46,-54.48],[-66.42,-54.48],[-66.41,-54.49],[-66.4,-54.49],[-66.4,-54.48],[-66.38,-54.49],[-66.36,-54.5],[-66.31,-54.51],[-66.29,-54.51]]],[[[-64.25,-54.73],[-64.24,-54.72],[-64.24,-54.73],[-64.25,-54.73],[-64.25,-54.72],[-64.25,-54.73]]],[[[-64.25,-54.71],[-64.24,-54.71],[-64.25,-54.71]]],[[[-64.24,-54.7],[-64.23,-54.7],[-64.24,-54.7],[-64.23,-54.71],[-64.24,-54.71],[-64.24,-54.7],[-64.25,-54.7],[-64.24,-54.69],[-64.24,-54.7]]],[[[-68.67,-52.62]]],[[[-68.67,-52.62]]],[[[-68.67,-52.62]]],[[[-68.67,-52.62]]],[[[-68.67,-52.62]]],[[[-68.67,-52.62]]],[[[-68.67,-52.62]]],[[[-68.68,-52.61],[-68.68,-52.62],[-68.68,-52.61]]],[[[-68.68,-52.61]]],[[[-68.69,-52.61]]],[[[-68.69,-52.61]]],[[[-68.69,-52.61]]],[[[-68.69,-52.61]]],[[[-68.7,-52.6]]],[[[-68.7,-52.6]]],[[[-68.7,-52.6]]],[[[-68.7,-52.6]]],[[[-68.7,-52.6]]],[[[-68.7,-52.6]]],[[[-68.7,-52.6]]],[[[-68.71,-52.6],[-68.7,-52.6],[-68.71,-52.6]]],[[[-68.71,-52.6]]],[[[-68.71,-52.6]]],[[[-68.71,-52.59],[-68.71,-52.6],[-68.71,-52.59]]],[[[-68.71,-52.59]]],[[[-68.71,-52.59]]],[[[-68.71,-52.59]]],[[[-68.71,-52.59]]],[[[-68.71,-52.59]]],[[[-68.71,-52.59]]],[[[-68.71,-52.59]]],[[[-68.71,-52.59]]],[[[-68.71,-52.59],[-68.72,-52.59],[-68.72,-52.58],[-68.71,-52.59]]],[[[-68.72,-52.58]]],[[[-68.72,-52.58]]],[[[-68.72,-52.58]]],[[[-68.72,-52.58]]],[[[-68.72,-52.58]]],[[[-68.72,-52.58]]],[[[-68.72,-52.58]]],[[[-68.72,-52.58]]],[[[-68.72,-52.58]]],[[[-68.74,-52.56],[-68.72,-52.57],[-68.72,-52.58],[-68.74,-52.56]]],[[[-68.74,-52.56],[-68.74,-52.55],[-68.74,-52.56]]],[[[-68.74,-52.55]]],[[[-68.74,-52.55]]],[[[-68.75,-52.55]]],[[[-68.75,-52.55]]],[[[-68.75,-52.55]]],[[[-68.75,-52.55]]],[[[-68.75,-52.55]]],[[[-68.75,-52.55]]],[[[-68.75,-52.55]]],[[[-68.77,-52.54],[-68.76,-52.54],[-68.77,-52.54]]],[[[-68.77,-52.54],[-68.77,-52.55],[-68.77,-52.54]]],[[[-68.76,-52.54],[-68.75,-52.55],[-68.76,-52.54]]]]}},{"type":"Feature","properties":{"GID_1":"ARG.24_1","GID_0":"ARG","COUNTRY":"Argentina","NAME_1":"Tucumán","VARNAME_1":"Tucumão","NL_NAME_1":"NA","TYPE_1":"Provincia","ENGTYPE_1":"Province","CC_1":"NA","HASC_1":"AR.TM","ISO_1":"NA"},"geometry":{"type":"MultiPolygon","coordinates":[[[[-65.25,-27.9],[-65.37,-27.84],[-65.39,-27.85],[-65.41,-27.86],[-65.47,-27.9],[-65.5,-27.92],[-65.51,-27.95],[-65.52,-27.99],[-65.54,-28.0],[-65.55,-28.0],[-65.57,-28.0],[-65.59,-28.0],[-65.6,-27.99],[-65.62,-27.97],[-65.65,-27.97],[-65.66,-27.96],[-65.69,-27.89],[-65.7,-27.85],[-65.7,-27.83],[-65.71,-27.81],[-65.73,-27.79],[-65.75,-27.78],[-65.78,-27.79],[-65.78,-27.8],[-65.78,-27.81],[-65.79,-27.82],[-65.8,-27.82],[-65.8,-27.85],[-65.81,-27.86],[-65.82,-27.86],[-65.82,-27.85],[-65.83,-27.84],[-65.83,-27.83],[-65.84,-27.79],[-65.84,-27.76],[-65.84,-27.74],[-65.86,-27.71],[-65.87,-27.68],[-65.91,-27.69],[-65.92,-27.67],[-65.92,-27.66],[-65.92,-27.63],[-65.93,-27.61],[-65.94,-27.59],[-65.95,-27.58],[-65.96,-27.56],[-65.97,-27.55],[-65.97,-27.51],[-65.98,-27.49],[-65.97,-27.46],[-65.98,-27.44],[-65.98,-27.43],[-65.97,-27.42],[-65.97,-27.4],[-65.97,-27.36],[-65.98,-27.33],[-65.99,-27.31],[-66.0,-27.3],[-66.01,-27.3],[-66.03,-27.29],[-66.05,-27.29],[-66.07,-27.28],[-66.09,-27.28],[-66.1,-27.27],[-66.12,-27.26],[-66.13,-27.25],[-66.15,-27.24],[-66.14,-27.23],[-66.12,-27.22],[-66.1,-27.21],[-66.1,-27.2],[-66.08,-27.19],[-66.08,-27.16],[-66.07,-27.16],[-66.06,-27.15],[-66.04,-27.12],[-66.04,-27.11],[-66.01,-27.11],[-66.01,-27.1],[-66.0,-27.1],[-65.98,-27.07],[-65.97,-27.04],[-65.92,-27.01],[-65.91,-27.0],[-65.91,-26.99],[-65.89,-26.97],[-65.89,-26.96],[-65.88,-26.95],[-65.87,-26.94],[-65.87,-26.93],[-65.86,-26.93],[-65.86,-26.91],[-65.87,-26.89],[-65.88,-26.88],[-65.88,-26.87],[-65.9,-26.87],[-65.89,-26.85],[-65.9,-26.84],[-65.89,-26.83],[-65.87,-26.82],[-65.86,-26.79],[-65.86,-26.78],[-65.85,-26.77],[-65.85,-26.76],[-65.86,-26.75],[-65.87,-26.74],[-65.89,-26.73],[-65.92,-26.71],[-65.96,-26.69],[-65.99,-26.66],[-66.0,-26.65],[-66.05,-26.62],[-66.06,-26.61],[-66.12,-26.61],[-66.15,-26.61],[-66.15,-26.6],[-66.16,-26.6],[-66.16,-26.59],[-66.16,-26.57],[-66.16,-26.53],[-66.16,-26.52],[-66.15,-26.5],[-66.15,-26.49],[-66.15,-26.48],[-66.16,-26.48],[-66.16,-26.47],[-66.16,-26.46],[-66.15,-26.45],[-66.15,-26.44],[-66.14,-26.44],[-66.15,-26.4],[-66.14,-26.4],[-66.1,-26.4],[-66.11,-26.39],[-66.11,-26.38],[-66.1,-26.35],[-66.1,-26.34],[-66.1,-26.32],[-66.1,-26.28],[-66.09,-26.27],[-66.08,-26.26],[-66.08,-26.25],[-66.08,-26.24],[-66.09,-26.24],[-66.08,-26.22],[-66.06,-26.23],[-66.04,-26.23],[-66.03,-26.23],[-65.92,-26.28],[-65.83,-26.31],[-65.71,-26.36],[-65.7,-26.34],[-65.71,-26.33],[-65.71,-26.32],[-65.71,-26.31],[-65.7,-26.3],[-65.71,-26.29],[-65.7,-26.28],[-65.7,-26.27],[-65.7,-26.26],[-65.7,-26.25],[-65.69,-26.25],[-65.69,-26.24],[-65.7,-26.23],[-65.7,-26.21],[-65.69,-26.2],[-65.68,-26.18],[-65.68,-26.17],[-65.69,-26.15],[-65.68,-26.14],[-65.68,-26.13],[-65.67,-26.12],[-65.63,-26.12],[-65.62,-26.12],[-65.6,-26.13],[-65.6,-26.12],[-65.59,-26.12],[-65.57,-26.11],[-65.56,-26.1],[-65.54,-26.09],[-65.52,-26.09],[-65.5,-26.09],[-65.49,-26.09],[-65.47,-26.11],[-65.46,-26.11],[-65.43,-26.11],[-65.42,-26.11],[-65.41,-26.1],[-65.39,-26.1],[-65.38,-26.09],[-65.37,-26.09],[-65.36,-26.08],[-65.34,-26.07],[-65.32,-26.07],[-65.3,-26.08],[-65.29,-26.09],[-65.29,-26.13],[-65.28,-26.15],[-65.27,-26.17],[-65.27,-26.18],[-65.26,-26.19],[-65.04,-26.24],[-65.03,-26.24],[-65.01,-26.24],[-64.98,-26.24],[-64.96,-26.24],[-64.96,-26.25],[-64.96,-26.26],[-64.96,-26.27],[-64.95,-26.28],[-64.94,-26.28],[-64.91,-26.27],[-64.9,-26.27],[-64.88,-26.26],[-64.87,-26.25],[-64.86,-26.24],[-64.86,-26.23],[-64.85,-26.23],[-64.85,-26.22],[-64.84,-26.21],[-64.83,-26.21],[-64.83,-26.22],[-64.82,-26.22],[-64.79,-26.2],[-64.77,-26.21],[-64.75,-26.21],[-64.72,-26.22],[-64.66,-26.23],[-64.59,-26.21],[-64.57,-26.22],[-64.56,-26.22],[-64.55,-26.22],[-64.53,-26.22],[-64.5,-26.22],[-64.49,-26.23],[-64.48,-26.27],[-64.48,-26.3],[-64.48,-26.31],[-64.48,-26.32],[-64.5,-26.34],[-64.52,-26.36],[-64.52,-26.37],[-64.52,-26.39],[-64.53,-26.42],[-64.53,-26.46],[-64.52,-26.49],[-64.51,-26.56],[-64.52,-26.56],[-64.51,-26.59],[-64.51,-26.6],[-64.51,-26.62],[-64.5,-26.68],[-64.59,-26.66],[-64.62,-26.8],[-64.68,-26.79],[-64.69,-26.84],[-64.71,-26.83],[-64.73,-26.83],[-64.74,-26.93],[-64.76,-26.97],[-64.76,-27.01],[-64.78,-27.08],[-64.8,-27.15],[-64.81,-27.15],[-64.84,-27.23],[-64.85,-27.23],[-64.88,-27.31],[-64.94,-27.33],[-64.95,-27.35],[-64.99,-27.34],[-65.01,-27.37],[-65.02,-27.42],[-65.04,-27.49],[-65.03,-27.5],[-65.02,-27.5],[-65.01,-27.51],[-65.0,-27.5],[-64.97,-27.52],[-64.97,-27.55],[-64.98,-27.57],[-64.99,-27.57],[-65.0,-27.56],[-65.01,-27.56],[-65.02,-27.56],[-65.01,-27.57],[-65.02,-27.58],[-65.03,-27.57],[-65.04,-27.59],[-64.96,-27.76],[-65.01,-27.77],[-65.05,-27.87],[-65.09,-27.89],[-65.13,-27.88],[-65.13,-27.87],[-65.15,-27.87],[-65.16,-27.88],[-65.17,-27.9],[-65.18,-27.91],[-65.19,-27.92],[-65.18,-27.94],[-65.25,-27.9]]]]}}]}